candidate_id,stable_rank,stable_hash,status,reason,eligible,from_room,to_room,host,sector_id,baseline_cost,new_cost,ordered_path,plan_digest
"SV5_LOOP_CAND_008d739fd13c25dc4f45","39815101963576796","008d739fd13c25dc4f4552a1eec3d06abe33a8adcfa7248436816b2639a0602d","REJECTED","INELIGIBLE_HASH","False","SV5_INFILL_ROOM_002b1fdb38d3b5d62912_LINK","SV5_INFILL_ROOM_04b3ee2d2f798b163c8e_LINK","SV5_OPTIONAL_04","S00_11","7","7","558,23|557,23|556,23|555,23|554,23|553,23|552,23","208044b6478412daf2bad89002ce662f66af6b2f7a9c907a0071786d735e4e4d"
"SV5_LOOP_CAND_00b258af492738402346","50200055724324928","00b258af492738402346bc8494de00e38860f4c5853ac42707d37556b9011f45","ACCEPTED","PASS","True","SV5_INFILL_ROOM_0274815fcd6818f05a6a_LINK","SV5_INFILL_ROOM_136a2d749c8d7eddcf7e_LINK","SV5_OPTIONAL_09","S04_02","17","17","118,151|119,151|119,150|120,150|121,150|122,150|122,149|123,149|124,149|125,149|125,148|126,148|127,148|128,148|128,147|129,147|130,147","208044b6478412daf2bad89002ce662f66af6b2f7a9c907a0071786d735e4e4d"
"SV5_LOOP_CAND_0124835be90349812042","82335123974080897","0124835be90349812042b5ee3a2f70ad381c1e6b7bc6f5f339706320bbdca938","REJECTED","INELIGIBLE_HASH","False","SV5_INFILL_ROOM_0274815fcd6818f05a6a_LINK","SV5_INFILL_ROOM_136a2d749c8d7eddcf7e_LINK","SV5_OPTIONAL_09","S04_02","17","17","119,151|120,151|120,150|121,150|122,150|123,150|123,149|124,149|125,149|126,149|126,148|127,148|128,148|129,148|129,147|130,147|131,147","208044b6478412daf2bad89002ce662f66af6b2f7a9c907a0071786d735e4e4d"
"SV5_LOOP_CAND_013d46150350f6403141","89304623681173056","013d46150350f6403141c35b8f547d07d4eb7255814ec3517088eece660628fa","REJECTED","INELIGIBLE_HASH","False","SV5_INFILL_ROOM_0274815fcd6818f05a6a_LINK","SV5_INFILL_ROOM_136a2d749c8d7eddcf7e_LINK","SV5_OPTIONAL_09","S04_02","11","11","124,151|125,151|125,150|126,150|126,149|127,149|128,149|128,148|129,148|129,147|130,147","208044b6478412daf2bad89002ce662f66af6b2f7a9c907a0071786d735e4e4d"
"SV5_LOOP_CAND_03fe7a598edff0914206","287801951266009233","03fe7a598edff0914206260be42e248ccc1fd5763222ab89564feb41e2aec864","REJECTED","INELIGIBLE_HASH","False","SV5_INFILL_ROOM_04458846b0c9a081817d_LINK","SV5_INFILL_ROOM_41bfb11db98643b33449_LINK","SV5_OPTIONAL_07","S02_03","13","13","185,87|184,87|183,87|182,87|181,87|180,87|179,87|178,87|177,87|176,87|175,87|174,87|173,87","208044b6478412daf2bad89002ce662f66af6b2f7a9c907a0071786d735e4e4d"
"SV5_LOOP_CAND_04909d2d0771f8c70c71","328935589522045127","04909d2d0771f8c70c71ead2b2c2af0f11bf33dcd423dcb0e699e105d9966f17","ACCEPTED","PASS","True","SV5_INFILL_ROOM_002b1fdb38d3b5d62912_LINK","SV5_INFILL_ROOM_04b3ee2d2f798b163c8e_LINK","SV5_OPTIONAL_04","S00_11","7","7","559,23|558,23|557,23|556,23|555,23|554,23|553,23","208044b6478412daf2bad89002ce662f66af6b2f7a9c907a0071786d735e4e4d"
"SV5_LOOP_CAND_049296994097ede4d6c9","329491307709328868","049296994097ede4d6c9458a3cb68f6b7d744e9b9ef721441dc947a652581dac","REJECTED","INELIGIBLE_HASH","False","SV5_INFILL_ROOM_02284733d117494c6d27_LINK","SV5_INFILL_ROOM_030a02d7aa5a692e4bf7_LINK","SV5_OPTIONAL_12","S11_00","18","18","42,351|41,351|41,352|40,352|40,353|39,353|38,353|38,354|37,354|37,355|36,355|35,355|35,356|34,356|34,357|33,357|33,358|32,358","208044b6478412daf2bad89002ce662f66af6b2f7a9c907a0071786d735e4e4d"
"SV5_LOOP_CAND_062c7d9480067977d4e9","444868539959376247","062c7d9480067977d4e96d2689994ee648a897a1550c15bf97b359ba843003c5","REJECTED","INELIGIBLE_HASH","False","SV5_INFILL_ROOM_0033f24aa202678fd527_LINK","SV5_INFILL_ROOM_0555f7159cc5807eccd0_LINK","SV5_OPTIONAL_10","S06_03","16","16","174,210|173,210|173,209|172,209|172,208|171,208|171,207|170,207|170,206|169,206|169,205|168,205|168,204|167,204|167,203|166,203","208044b6478412daf2bad89002ce662f66af6b2f7a9c907a0071786d735e4e4d"
"SV5_LOOP_CAND_0774810409c3e334dbf1","537196109907616564","0774810409c3e334dbf143bad2cc3d10066075b652ccfb377b2b7cf662e10e3a","REJECTED","INELIGIBLE_HASH","False","SV5_INFILL_ROOM_005a04bda9ede05b1190_LINK","SV5_INFILL_ROOM_1c4c6b34887f12eefac3_LINK","SV5_OPTIONAL_09","S04_02","21","21","125,131|126,131|127,131|128,131|128,132|129,132|130,132|131,132|132,132|132,133|133,133|134,133|135,133|136,133|136,134|137,134|138,134|139,134|140,134|140,135|141,135","208044b6478412daf2bad89002ce662f66af6b2f7a9c907a0071786d735e4e4d"
"SV5_LOOP_CAND_088b2a228b27cd7341bd","615632101918100851","088b2a228b27cd7341bd7b56590d9bd06b7dae50dd0dcfbb34a46802ddd84b8a","REJECTED","INELIGIBLE_HASH","False","SV5_INFILL_ROOM_005a04bda9ede05b1190_LINK","SV5_INFILL_ROOM_1c4c6b34887f12eefac3_LINK","SV5_OPTIONAL_09","S04_02","13","13","126,131|127,131|127,132|128,132|129,132|129,133|130,133|131,133|131,134|132,134|133,134|133,135|134,135","208044b6478412daf2bad89002ce662f66af6b2f7a9c907a0071786d735e4e4d"
"SV5_LOOP_CAND_08e54aea49e6d0f19a7f","641000892092829937","08e54aea49e6d0f19a7fc1c64bbc8ba8ee95f9893d357d1c7b2a0f6673657360","REJECTED","INELIGIBLE_HASH","False","SV5_INFILL_ROOM_02284733d117494c6d27_LINK","SV5_INFILL_ROOM_030a02d7aa5a692e4bf7_LINK","SV5_OPTIONAL_12","S11_00","24","24","43,351|42,351|41,351|41,352|40,352|39,352|39,353|38,353|37,353|37,354|36,354|35,354|34,354|34,355|33,355|32,355|32,356|31,356|30,356|30,357|29,357|28,357|28,358|27,358","208044b6478412daf2bad89002ce662f66af6b2f7a9c907a0071786d735e4e4d"
"SV5_LOOP_CAND_09639e7ac88f0bb14df6","676558619223722929","09639e7ac88f0bb14df64651443f19ce268f4862cc6a0e868f799f27f0977f49","ACCEPTED","PASS","True","SV5_INFILL_ROOM_046863d4c69cd86e081e_LINK","SV5_INFILL_ROOM_050904725fdcd82ff28e_LINK","SV5_OPTIONAL_04","S02_11","14","14","549,75|550,75|550,74|551,74|552,74|552,73|553,73|554,73|554,72|555,72|556,72|556,71|557,71|558,71","208044b6478412daf2bad89002ce662f66af6b2f7a9c907a0071786d735e4e4d"
"SV5_LOOP_CAND_0a4cc7d94fd6a42abf55","742187774770586666","0a4cc7d94fd6a42abf55e079827c3c2f7d73e052a0a409a5c6caab4229be4279","REJECTED","INELIGIBLE_HASH","False","SV5_INFILL_ROOM_07fb3ac254e765673737_LINK","SV5_INFILL_ROOM_0f5736599d7acc3ea0a8_LINK","SV5_OPTIONAL_04","S03_11","11","11","560,127|559,127|559,126|558,126|558,125|557,125|556,125|556,124|555,124|555,123|554,123","208044b6478412daf2bad89002ce662f66af6b2f7a9c907a0071786d735e4e4d"
"SV5_LOOP_CAND_0bf70e51404f7024e00a","862173595798827044","0bf70e51404f7024e00a06b3bf915a4654d73da255d46095df1809220cfba493","REJECTED","INELIGIBLE_HASH","False","SV5_INFILL_ROOM_00b4a4fe56b192880b8c_LINK","SV5_INFILL_ROOM_06221a856d3548df6440_LINK","SV5_OPTIONAL_04","S01_11","11","11","558,43|557,43|557,44|556,44|556,45|555,45|554,45|554,46|553,46|553,47|552,47","208044b6478412daf2bad89002ce662f66af6b2f7a9c907a0071786d735e4e4d"
"SV5_LOOP_CAND_0cf2b98693f2ec4c24e9","933012060478041164","0cf2b98693f2ec4c24e9a65257afb079d803b455d411c68db0d04cd9d09d8cb2","REJECTED","INELIGIBLE_HASH","False","SV5_INFILL_ROOM_07fb3ac254e765673737_LINK","SV5_INFILL_ROOM_0f5736599d7acc3ea0a8_LINK","SV5_OPTIONAL_04","S03_11","20","20","567,127|566,127|566,126|565,126|564,126|563,126|563,125|562,125|561,125|560,125|559,125|559,124|558,124|557,124|556,124|555,124|555,123|554,123|553,123|552,123","208044b6478412daf2bad89002ce662f66af6b2f7a9c907a0071786d735e4e4d"
"SV5_LOOP_CAND_0e185a4064ba21c71847","1015660948586373575","0e185a4064ba21c7184719c8dafb919287e339296bc1c6bf1ba2d557f409f49a","REJECTED","INELIGIBLE_HASH","False","SV5_INFILL_ROOM_046863d4c69cd86e081e_LINK","SV5_INFILL_ROOM_050904725fdcd82ff28e_LINK","SV5_OPTIONAL_04","S02_11","21","21","542,75|543,75|543,74|544,74|545,74|546,74|547,74|547,73|548,73|549,73|550,73|551,73|551,72|552,72|553,72|554,72|555,72|555,71|556,71|557,71|558,71","208044b6478412daf2bad89002ce662f66af6b2f7a9c907a0071786d735e4e4d"
"SV5_LOOP_CAND_0e2e3d15796340638ca3","1021821327899836515","0e2e3d15796340638ca3865bc03f828c45e1f29aa1f9a78ff038030aa50b5f40","ACCEPTED","PASS","True","SV5_INFILL_ROOM_0172fae7eed3ae487f8f_LINK","SV5_INFILL_ROOM_0274815fcd6818f05a6a_LINK","SV5_OPTIONAL_09","S04_02","24","24","138,162|137,162|137,161|136,161|136,160|135,160|135,159|134,159|134,158|133,158|133,157|132,157|132,156|131,156|131,155|130,155|130,154|129,154|129,153|128,153|128,152|127,152|127,151|126,151","208044b6478412daf2bad89002ce662f66af6b2f7a9c907a0071786d735e4e4d"
"SV5_LOOP_CAND_0e3b06df3260f35d7e43","1025420895849608029","0e3b06df3260f35d7e4373af634c6bb03714ef313dc9d89ca5bc8e94e7f589d2","ACCEPTED","PASS","True","SV5_INFILL_ROOM_16de283f3026f06e031f_LINK","SV5_INFILL_ROOM_1ea3a9898e39ffe90dff_LINK","SV5_OPTIONAL_04","S03_11","21","21","570,110|569,110|569,109|568,109|567,109|566,109|565,109|564,109|564,108|563,108|562,108|561,108|560,108|559,108|558,108|558,107|557,107|556,107|555,107|554,107|553,107","208044b6478412daf2bad89002ce662f66af6b2f7a9c907a0071786d735e4e4d"
"SV5_LOOP_CAND_0e8d11205cd9ff8727fb","1048513118941609863","0e8d11205cd9ff8727fb50ec32fcbabecb6d62831f4273eea6945b44dab9b4c6","REJECTED","INELIGIBLE_HASH","False","SV5_INFILL_ROOM_002b1fdb38d3b5d62912_LINK","SV5_INFILL_ROOM_04b3ee2d2f798b163c8e_LINK","SV5_OPTIONAL_04","S00_11","9","9","558,23|557,23|556,23|555,23|554,23|553,23|552,23|551,23|550,23","208044b6478412daf2bad89002ce662f66af6b2f7a9c907a0071786d735e4e4d"
"SV5_LOOP_CAND_0f39c996c2bc414fa928","1097129633590821199","0f39c996c2bc414fa928cc8782bdf1557ba3b0989e63cce4ee8136c47d694b77","REJECTED","INELIGIBLE_HASH","False","SV5_INFILL_ROOM_04458846b0c9a081817d_LINK","SV5_INFILL_ROOM_41bfb11db98643b33449_LINK","SV5_OPTIONAL_07","S02_03","11","11","182,87|181,87|180,87|179,87|178,87|177,87|176,87|175,87|174,87|173,87|172,87","208044b6478412daf2bad89002ce662f66af6b2f7a9c907a0071786d735e4e4d"
"SV5_LOOP_CAND_10679894a03f8e8ab078","1182081191319146122","10679894a03f8e8ab0787d43ee2a57ede94c2928cbfc7efbc4737453b8de9d14","ACCEPTED","PASS","True","SV5_INFILL_ROOM_07fb3ac254e765673737_LINK","SV5_INFILL_ROOM_0f5736599d7acc3ea0a8_LINK","SV5_OPTIONAL_04","S03_11","19","19","567,127|566,127|566,126|565,126|564,126|563,126|563,125|562,125|561,125|560,125|559,125|559,124|558,124|557,124|556,124|556,123|555,123|554,123|553,123","208044b6478412daf2bad89002ce662f66af6b2f7a9c907a0071786d735e4e4d"
"SV5_LOOP_CAND_10e89a9af4b1759d0543","1218393689524630941","10e89a9af4b1759d0543bd68afdeadc39a7636668736e3b1075fd4cd94ecee26","REJECTED","INELIGIBLE_HASH","False","SV5_INFILL_ROOM_046863d4c69cd86e081e_LINK","SV5_INFILL_ROOM_050904725fdcd82ff28e_LINK","SV5_OPTIONAL_04","S02_11","19","19","544,75|545,75|545,74|546,74|547,74|548,74|548,73|549,73|550,73|551,73|552,73|552,72|553,72|554,72|555,72|555,71|556,71|557,71|558,71","208044b6478412daf2bad89002ce662f66af6b2f7a9c907a0071786d735e4e4d"
"SV5_LOOP_CAND_1315655130368dc71088","1375116660607192519","1315655130368dc71088949b1581b1975f874de5375bf9ed2bf159788fbcc7d0","REJECTED","DUPLICATE_ENDPOINT_PAIR","True","SV5_INFILL_ROOM_046863d4c69cd86e081e_LINK","SV5_INFILL_ROOM_050904725fdcd82ff28e_LINK","SV5_OPTIONAL_04","S02_11","22","22","541,75|542,75|542,74|543,74|544,74|545,74|546,74|546,73|547,73|548,73|549,73|550,73|550,72|551,72|552,72|553,72|554,72|554,71|555,71|556,71|557,71|558,71","208044b6478412daf2bad89002ce662f66af6b2f7a9c907a0071786d735e4e4d"
"SV5_LOOP_CAND_13e3cbfd7eedeaefb87e","1433213396050635503","13e3cbfd7eedeaefb87eb59423b98c2f7c813707216d3ec1de0d40867dd7be3d","REJECTED","DUPLICATE_ENDPOINT_PAIR","True","SV5_INFILL_ROOM_07fb3ac254e765673737_LINK","SV5_INFILL_ROOM_0f5736599d7acc3ea0a8_LINK","SV5_OPTIONAL_04","S03_11","19","19","566,127|565,127|565,126|564,126|563,126|562,126|562,125|561,125|560,125|559,125|558,125|558,124|557,124|556,124|555,124|555,123|554,123|553,123|552,123","208044b6478412daf2bad89002ce662f66af6b2f7a9c907a0071786d735e4e4d"
"SV5_LOOP_CAND_148d49f2ee282b24b716","1480921160201284388","148d49f2ee282b24b716597a83f1bf38dbccbe45c89480b7ab14587936c577e7","REJECTED","INELIGIBLE_HASH","False","SV5_INFILL_ROOM_005a04bda9ede05b1190_LINK","SV5_INFILL_ROOM_1c4c6b34887f12eefac3_LINK","SV5_OPTIONAL_09","S04_02","11","11","126,131|127,131|127,132|128,132|128,133|129,133|130,133|130,134|131,134|131,135|132,135","208044b6478412daf2bad89002ce662f66af6b2f7a9c907a0071786d735e4e4d"
"SV5_LOOP_CAND_14a3144a80b931d7d18b","1487054612182151639","14a3144a80b931d7d18bbadaed03eeab8dbd94b48a0d690019408e0262121357","REJECTED","INELIGIBLE_HASH","False","SV5_INFILL_ROOM_00214737a7823549ff84_LINK","SV5_INFILL_ROOM_0d8cf875280fe40a6142","SV5_OPTIONAL_12","S09_01","25","23","41,298|42,298|42,299|43,299|43,300|44,300|45,300|45,301|46,301|46,302|47,302|48,302|48,303|49,303|49,304|50,304|51,304|51,305|52,305|52,306|53,306|53,307|54,307","208044b6478412daf2bad89002ce662f66af6b2f7a9c907a0071786d735e4e4d"
"SV5_LOOP_CAND_16480cbb1f9b11ee56b6","1605547264986255854","16480cbb1f9b11ee56b6b86fe5cfcb2c57832bc090260765a4c16451ac3435a0","REJECTED","INELIGIBLE_HASH","False","SV5_INFILL_ROOM_002b1fdb38d3b5d62912_LINK","SV5_INFILL_ROOM_04b3ee2d2f798b163c8e_LINK","SV5_OPTIONAL_04","S00_11","8","8","559,23|558,23|557,23|556,23|555,23|554,23|553,23|552,23","208044b6478412daf2bad89002ce662f66af6b2f7a9c907a0071786d735e4e4d"
"SV5_LOOP_CAND_1aae12eb0178508dda40","1922494891485057165","1aae12eb0178508dda4075826862cb05c2f31809fcbe59009cb698cc3b0c660a","REJECTED","INELIGIBLE_HASH","False","SV5_INFILL_ROOM_0274815fcd6818f05a6a_LINK","SV5_INFILL_ROOM_136a2d749c8d7eddcf7e_LINK","SV5_OPTIONAL_09","S04_02","16","16","119,151|120,151|120,150|121,150|122,150|122,149|123,149|124,149|125,149|125,148|126,148|127,148|128,148|128,147|129,147|130,147","208044b6478412daf2bad89002ce662f66af6b2f7a9c907a0071786d735e4e4d"
"SV5_LOOP_CAND_1b641e795b2d5dd06560","1973736043264695760","1b641e795b2d5dd06560f31e06ccf9018c18219d2ad79afba9587baa27fc22fc","REJECTED","INELIGIBLE_HASH","False","SV5_INFILL_ROOM_002b1fdb38d3b5d62912_LINK","SV5_INFILL_ROOM_04b3ee2d2f798b163c8e_LINK","SV5_OPTIONAL_04","S00_11","14","14","559,23|558,23|557,23|556,23|555,23|554,23|553,23|552,23|551,23|550,23|549,23|548,23|547,23|546,23","208044b6478412daf2bad89002ce662f66af6b2f7a9c907a0071786d735e4e4d"
"SV5_LOOP_CAND_1d85ee182d8249af555f","2127368186612566447","1d85ee182d8249af555f7a0bcad0b10209beef23a825a2059adb5225aa6156c2","REJECTED","INELIGIBLE_HASH","False","SV5_INFILL_ROOM_0274815fcd6818f05a6a_LINK","SV5_INFILL_ROOM_136a2d749c8d7eddcf7e_LINK","SV5_OPTIONAL_09","S04_02","23","23","113,151|114,151|114,150|115,150|116,150|117,150|118,150|118,149|119,149|120,149|121,149|122,149|123,149|123,148|124,148|125,148|126,148|127,148|127,147|128,147|129,147|130,147|131,147","208044b6478412daf2bad89002ce662f66af6b2f7a9c907a0071786d735e4e4d"
"SV5_LOOP_CAND_1f1ca272324cf9b734a9","2241845325877541303","1f1ca272324cf9b734a9e39e9fac282925abecdf904c6c1561e364340223dccc","ACCEPTED","PASS","True","SV5_INFILL_ROOM_0211dda6690845617294_LINK","SV5_INFILL_ROOM_03bff8d63e21cbc62be9_LINK","SV5_OPTIONAL_06","S01_04","8","8","217,52|218,52|218,51|219,51|220,51|221,51|222,51|223,51","208044b6478412daf2bad89002ce662f66af6b2f7a9c907a0071786d735e4e4d"
"SV5_LOOP_CAND_1fe65bd7b8e715d8b317","2298625641897465304","1fe65bd7b8e715d8b3172c501ba7143cf2346a518a9f13829e391de14104d605","REJECTED","DUPLICATE_ENDPOINT_PAIR","True","SV5_INFILL_ROOM_0211dda6690845617294_LINK","SV5_INFILL_ROOM_03bff8d63e21cbc62be9_LINK","SV5_OPTIONAL_06","S01_04","22","22","205,54|206,54|206,53|207,53|208,53|209,53|210,53|211,53|212,53|212,52|213,52|214,52|215,52|216,52|217,52|218,52|218,51|219,51|220,51|221,51|222,51|223,51","208044b6478412daf2bad89002ce662f66af6b2f7a9c907a0071786d735e4e4d"
"SV5_LOOP_CAND_2079a7ec62036f0c756b","2340086115094195980","2079a7ec62036f0c756beebf5f3110490a3e9d3924d3e28f337b6c10204668f6","REJECTED","INELIGIBLE_HASH","False","SV5_INFILL_ROOM_04458846b0c9a081817d_LINK","SV5_INFILL_ROOM_41bfb11db98643b33449_LINK","SV5_OPTIONAL_07","S02_03","11","11","184,87|183,87|182,87|181,87|180,87|179,87|178,87|177,87|176,87|175,87|174,87","208044b6478412daf2bad89002ce662f66af6b2f7a9c907a0071786d735e4e4d"
"SV5_LOOP_CAND_20d454b11b200c6d8b18","2365608823917382765","20d454b11b200c6d8b189e39e04ddf076620b56640dee45eb61df35e092a4cb4","REJECTED","INELIGIBLE_HASH","False","SV5_INFILL_ROOM_07fb3ac254e765673737_LINK","SV5_INFILL_ROOM_0f5736599d7acc3ea0a8_LINK","SV5_OPTIONAL_04","S03_11","23","23","571,127|570,127|570,126|569,126|568,126|567,126|566,126|566,125|565,125|564,125|563,125|562,125|561,125|561,124|560,124|559,124|558,124|557,124|557,123|556,123|555,123|554,123|553,123","208044b6478412daf2bad89002ce662f66af6b2f7a9c907a0071786d735e4e4d"
"SV5_LOOP_CAND_227af2366de6e32a442d","2484564460034253610","227af2366de6e32a442da6432ca155ef4bc18d4d31e5d0c4fb2706af6337854b","ACCEPTED","PASS","True","SV5_INFILL_ROOM_02284733d117494c6d27_LINK","SV5_INFILL_ROOM_030a02d7aa5a692e4bf7_LINK","SV5_OPTIONAL_12","S11_00","20","20","42,351|41,351|41,352|40,352|39,352|39,353|38,353|37,353|37,354|36,354|36,355|35,355|34,355|34,356|33,356|32,356|32,357|31,357|31,358|30,358","208044b6478412daf2bad89002ce662f66af6b2f7a9c907a0071786d735e4e4d"
"SV5_LOOP_CAND_2613c6561b53d6129795","2743754671126730258","2613c6561b53d61297951a75361338fc2e9117defdb06fb1d8d5d19f89bd70c1","REJECTED","INELIGIBLE_HASH","False","SV5_INFILL_ROOM_0274815fcd6818f05a6a_LINK","SV5_INFILL_ROOM_136a2d749c8d7eddcf7e_LINK","SV5_OPTIONAL_09","S04_02","15","15","120,151|121,151|121,150|122,150|123,150|123,149|124,149|125,149|126,149|126,148|127,148|128,148|128,147|129,147|130,147","208044b6478412daf2bad89002ce662f66af6b2f7a9c907a0071786d735e4e4d"
"SV5_LOOP_CAND_26cbd20c6dfaa4c9c545","2795558944540107977","26cbd20c6dfaa4c9c5455e3bfff0a5569003dc66117d0a1d5c11e7eac685a16f","REJECTED","INELIGIBLE_HASH","False","SV5_INFILL_ROOM_04458846b0c9a081817d_LINK","SV5_INFILL_ROOM_41bfb11db98643b33449_LINK","SV5_OPTIONAL_07","S02_03","13","13","184,87|183,87|182,87|181,87|180,87|179,87|178,87|177,87|176,87|175,87|174,87|173,87|172,87","208044b6478412daf2bad89002ce662f66af6b2f7a9c907a0071786d735e4e4d"
"SV5_LOOP_CAND_28c58ba483a5ab07e374","2937907870628686599","28c58ba483a5ab07e374307563c7b50606adcbb824bd42bfc0bb82134796dd3c","REJECTED","INELIGIBLE_HASH","False","SV5_INFILL_ROOM_005a04bda9ede05b1190_LINK","SV5_INFILL_ROOM_1c4c6b34887f12eefac3_LINK","SV5_OPTIONAL_09","S04_02","14","14","125,131|126,131|127,131|127,132|128,132|129,132|129,133|130,133|131,133|131,134|132,134|133,134|133,135|134,135","208044b6478412daf2bad89002ce662f66af6b2f7a9c907a0071786d735e4e4d"
"SV5_LOOP_CAND_28f2912946ca3bc33ba2","2950580312348441539","28f2912946ca3bc33ba21d5c4ac7d6100fe8b7598bee6f9eb601179ab4b3bab3","REJECTED","INELIGIBLE_HASH","False","SV5_INFILL_ROOM_002847beba22c27fafc7_LINK","SV5_INFILL_ROOM_9643b540e628fa680b9f_LINK","SV5_OPTIONAL_00","S10_08","19","19","392,355|391,355|391,354|390,354|390,353|389,353|389,352|388,352|388,351|387,351|386,351|386,350|385,350|385,349|384,349|384,348|383,348|383,347|382,347","208044b6478412daf2bad89002ce662f66af6b2f7a9c907a0071786d735e4e4d"
"SV5_LOOP_CAND_2bea55521cb0a52e2a61","3164435499338212654","2bea55521cb0a52e2a610f72ead413f90b0f3fe3e35e066a9703d993f6e71946","REJECTED","INELIGIBLE_HASH","False","SV5_INFILL_ROOM_04458846b0c9a081817d_LINK","SV5_INFILL_ROOM_41bfb11db98643b33449_LINK","SV5_OPTIONAL_07","S02_03","14","14","187,87|186,87|185,87|184,87|183,87|182,87|181,87|180,87|179,87|178,87|177,87|176,87|175,87|174,87","208044b6478412daf2bad89002ce662f66af6b2f7a9c907a0071786d735e4e4d"
"SV5_LOOP_CAND_2c410ec0b856d11157ea","3188846232044228881","2c410ec0b856d11157ea703cb4f248f059268b8270f1e59d7914f2fbe6f17d14","REJECTED","INELIGIBLE_HASH","False","SV5_INFILL_ROOM_07fb3ac254e765673737_LINK","SV5_INFILL_ROOM_0f5736599d7acc3ea0a8_LINK","SV5_OPTIONAL_04","S03_11","14","14","563,127|562,127|562,126|561,126|560,126|560,125|559,125|558,125|558,124|557,124|556,124|556,123|555,123|554,123","208044b6478412daf2bad89002ce662f66af6b2f7a9c907a0071786d735e4e4d"
"SV5_LOOP_CAND_2d0dbcddbdcd105a2931","3246458566962122842","2d0dbcddbdcd105a2931bead7b9da6e85b19974b236b6b659e7d826edceabf69","REJECTED","INELIGIBLE_HASH","False","SV5_INFILL_ROOM_0274815fcd6818f05a6a_LINK","SV5_INFILL_ROOM_136a2d749c8d7eddcf7e_LINK","SV5_OPTIONAL_09","S04_02","14","14","122,151|123,151|123,150|124,150|125,150|125,149|126,149|127,149|127,148|128,148|129,148|129,147|130,147|131,147","208044b6478412daf2bad89002ce662f66af6b2f7a9c907a0071786d735e4e4d"
"SV5_LOOP_CAND_2d6efec19caec396d9b2","3273834086655771542","2d6efec19caec396d9b25cd57b81caa655c9b14ffea3e87a33ee62f15d0d8a60","REJECTED","INELIGIBLE_HASH","False","SV5_INFILL_ROOM_07fb3ac254e765673737_LINK","SV5_INFILL_ROOM_0f5736599d7acc3ea0a8_LINK","SV5_OPTIONAL_04","S03_11","24","24","571,127|570,127|570,126|569,126|568,126|567,126|566,126|566,125|565,125|564,125|563,125|562,125|561,125|561,124|560,124|559,124|558,124|557,124|556,124|556,123|555,123|554,123|553,123|552,123","208044b6478412daf2bad89002ce662f66af6b2f7a9c907a0071786d735e4e4d"
"SV5_LOOP_CAND_2def7217b5036b5947fa","3309989697287318361","2def7217b5036b5947fa98c1d4721c5902f7796a06104522daefcab39e4957cf","REJECTED","INELIGIBLE_HASH","False","SV5_INFILL_ROOM_033878718f1e33807663_LINK","SV5_INFILL_ROOM_03b08efc4624bc79bd40_LINK","SV5_OPTIONAL_12","S11_00","8","8","43,371|42,371|41,371|40,371|39,371|38,371|38,372|37,372","208044b6478412daf2bad89002ce662f66af6b2f7a9c907a0071786d735e4e4d"
"SV5_LOOP_CAND_2f194f66607a59a15c4e","3393831095324268961","2f194f66607a59a15c4e5543907857d277e24acae4ade92f614e2b7f734741e3","REJECTED","INELIGIBLE_HASH","False","SV5_INFILL_ROOM_002b1fdb38d3b5d62912_LINK","SV5_INFILL_ROOM_04b3ee2d2f798b163c8e_LINK","SV5_OPTIONAL_04","S00_11","13","13","558,23|557,23|556,23|555,23|554,23|553,23|552,23|551,23|550,23|549,23|548,23|547,23|546,23","208044b6478412daf2bad89002ce662f66af6b2f7a9c907a0071786d735e4e4d"
"SV5_LOOP_CAND_303a429d2c697c64a98e","3475163305292168292","303a429d2c697c64a98ebb62f877f45a12da6d425941bb9e9f370fb674a54641","REJECTED","INELIGIBLE_HASH","False","SV5_INFILL_ROOM_002b1fdb38d3b5d62912_LINK","SV5_INFILL_ROOM_04b3ee2d2f798b163c8e_LINK","SV5_OPTIONAL_04","S00_11","18","18","559,23|558,23|557,23|556,23|555,23|554,23|553,23|552,23|551,23|550,23|549,23|548,23|547,23|546,23|545,23|544,23|543,23|542,23","208044b6478412daf2bad89002ce662f66af6b2f7a9c907a0071786d735e4e4d"
"SV5_LOOP_CAND_3403ea76710bf4a53a89","3748097109326034085","3403ea76710bf4a53a894ac50d34f722ee2f9d40d44d54aa3e5f9a7b05b297b7","REJECTED","INELIGIBLE_HASH","False","SV5_INFILL_ROOM_002b1fdb38d3b5d62912_LINK","SV5_INFILL_ROOM_04b3ee2d2f798b163c8e_LINK","SV5_OPTIONAL_04","S00_11","12","12","559,23|558,23|557,23|556,23|555,23|554,23|553,23|552,23|551,23|550,23|549,23|548,23","208044b6478412daf2bad89002ce662f66af6b2f7a9c907a0071786d735e4e4d"
"SV5_LOOP_CAND_347ee811d84d75cd8480","3782715900378838477","347ee811d84d75cd8480b06e1a8a7c52ddf7169431ee9b0e68d44b0765ad6a0f","REJECTED","INELIGIBLE_HASH","False","SV5_INFILL_ROOM_046863d4c69cd86e081e_LINK","SV5_INFILL_ROOM_050904725fdcd82ff28e_LINK","SV5_OPTIONAL_04","S02_11","12","12","551,75|552,75|552,74|553,74|553,73|554,73|555,73|555,72|556,72|557,72|557,71|558,71","208044b6478412daf2bad89002ce662f66af6b2f7a9c907a0071786d735e4e4d"
"SV5_LOOP_CAND_352da1e09d16d74a26b9","3831896844042426186","352da1e09d16d74a26b96d6ff4440d4a1b060b83a6e02952ef95cf7b019bca5a","REJECTED","INELIGIBLE_HASH","False","SV5_INFILL_ROOM_0211dda6690845617294_LINK","SV5_INFILL_ROOM_03bff8d63e21cbc62be9_LINK","SV5_OPTIONAL_06","S01_04","6","6","218,51|219,51|220,51|221,51|222,51|223,51","208044b6478412daf2bad89002ce662f66af6b2f7a9c907a0071786d735e4e4d"
"SV5_LOOP_CAND_355a9040f8e27f0b50aa","3844543840642039563","355a9040f8e27f0b50aa62f30ba1f98022807024c65cfd5c3d7083f3ca5b886a","REJECTED","INELIGIBLE_HASH","False","SV5_INFILL_ROOM_07fb3ac254e765673737_LINK","SV5_INFILL_ROOM_0f5736599d7acc3ea0a8_LINK","SV5_OPTIONAL_04","S03_11","13","13","562,127|561,127|561,126|560,126|559,126|559,125|558,125|557,125|557,124|556,124|555,124|555,123|554,123","208044b6478412daf2bad89002ce662f66af6b2f7a9c907a0071786d735e4e4d"
"SV5_LOOP_CAND_3604a5266d1b9a27e9ab","3892417562412816935","3604a5266d1b9a27e9abd026bb0d79099c5feaaceb0a19632bbd11cfac07e6f6","REJECTED","INELIGIBLE_HASH","False","SV5_INFILL_ROOM_0211dda6690845617294_LINK","SV5_INFILL_ROOM_03bff8d63e21cbc62be9_LINK","SV5_OPTIONAL_06","S01_04","20","20","207,54|208,54|208,53|209,53|210,53|211,53|212,53|213,53|213,52|214,52|215,52|216,52|217,52|218,52|218,51|219,51|220,51|221,51|222,51|223,51","208044b6478412daf2bad89002ce662f66af6b2f7a9c907a0071786d735e4e4d"
"SV5_LOOP_CAND_36ac103bba22603978c4","3939541622754271289","36ac103bba22603978c45c0e1943dd2f4f8aa13cc97d30e7115ac341987e5984","REJECTED","INELIGIBLE_HASH","False","SV5_INFILL_ROOM_002b1fdb38d3b5d62912_LINK","SV5_INFILL_ROOM_04b3ee2d2f798b163c8e_LINK","SV5_OPTIONAL_04","S00_11","6","6","558,23|557,23|556,23|555,23|554,23|553,23","208044b6478412daf2bad89002ce662f66af6b2f7a9c907a0071786d735e4e4d"
"SV5_LOOP_CAND_3739020cc8129938aecf","3979213999678069048","3739020cc8129938aecf9e24ed198b74c3792a8ca3ccec009fd30908382ebd46","REJECTED","INELIGIBLE_HASH","False","SV5_INFILL_ROOM_16de283f3026f06e031f_LINK","SV5_INFILL_ROOM_1ea3a9898e39ffe90dff_LINK","SV5_OPTIONAL_04","S03_11","20","20","569,110|568,110|568,109|567,109|566,109|565,109|564,109|563,109|563,108|562,108|561,108|560,108|559,108|558,108|558,107|557,107|556,107|555,107|554,107|553,107","208044b6478412daf2bad89002ce662f66af6b2f7a9c907a0071786d735e4e4d"
"SV5_LOOP_CAND_39fe96f50c9d212a4832","4178943483469177130","39fe96f50c9d212a48325cfd43e3dc56ac4b7f68aa992020bdc69c250a949244","REJECTED","INELIGIBLE_HASH","False","SV5_INFILL_ROOM_005a04bda9ede05b1190_LINK","SV5_INFILL_ROOM_1c4c6b34887f12eefac3_LINK","SV5_OPTIONAL_09","S04_02","24","24","123,131|124,131|125,131|126,131|127,131|127,132|128,132|129,132|130,132|131,132|132,132|132,133|133,133|134,133|135,133|136,133|137,133|137,134|138,134|139,134|140,134|141,134|141,135|142,135","208044b6478412daf2bad89002ce662f66af6b2f7a9c907a0071786d735e4e4d"
"SV5_LOOP_CAND_3b220c34633ec13aee21","4260981616588800314","3b220c34633ec13aee21cd4927b120716d684a275a6f2ee80f00145128adfdc6","ACCEPTED","PASS","True","SV5_INFILL_ROOM_005a04bda9ede05b1190_LINK","SV5_INFILL_ROOM_1c4c6b34887f12eefac3_LINK","SV5_OPTIONAL_09","S04_02","20","20","126,131|127,131|128,131|129,131|129,132|130,132|131,132|132,132|133,132|133,133|134,133|135,133|136,133|137,133|137,134|138,134|139,134|140,134|140,135|141,135","208044b6478412daf2bad89002ce662f66af6b2f7a9c907a0071786d735e4e4d"
"SV5_LOOP_CAND_3c6c682731ae9e24faa3","4353969457306967588","3c6c682731ae9e24faa37fce4d27090a669e3733117e71c9fc2c9bb63aa5d4f2","REJECTED","INELIGIBLE_HASH","False","SV5_INFILL_ROOM_00e5c1799c48f53348c3_LINK","SV5_INFILL_ROOM_00fe6dfb4eef486a889c_LINK","SV5_OPTIONAL_04","S02_11","10","10","553,91|554,91|554,90|555,90|555,89|556,89|556,88|557,88|557,87|558,87","208044b6478412daf2bad89002ce662f66af6b2f7a9c907a0071786d735e4e4d"
"SV5_LOOP_CAND_3c845e330189d3b60161","4360713912363635638","3c845e330189d3b601616f0b59e5180ffb4513681d971ad3d7cd54fcd7732884","REJECTED","INELIGIBLE_HASH","False","SV5_INFILL_ROOM_0b825bde62b1eee79257_LINK","SV5_INFILL_ROOM_0d8cf875280fe40a6142_LINK","SV5_OPTIONAL_12","S09_00","11","11","37,308|38,308|38,307|39,307|40,307|41,307|42,307|43,307|44,307|45,307|46,307","208044b6478412daf2bad89002ce662f66af6b2f7a9c907a0071786d735e4e4d"
"SV5_LOOP_CAND_3f27de4dbf2632b7d647","4550850373981975223","3f27de4dbf2632b7d647fa8120d184a2101de8daf2f87bcd988d30cc3a440a6f","REJECTED","DUPLICATE_ENDPOINT_PAIR","True","SV5_INFILL_ROOM_005a04bda9ede05b1190_LINK","SV5_INFILL_ROOM_1c4c6b34887f12eefac3_LINK","SV5_OPTIONAL_09","S04_02","17","17","125,131|126,131|127,131|127,132|128,132|129,132|130,132|130,133|131,133|132,133|133,133|133,134|134,134|135,134|136,134|136,135|137,135","208044b6478412daf2bad89002ce662f66af6b2f7a9c907a0071786d735e4e4d"
"SV5_LOOP_CAND_3f4336a3091d3577f136","4558547321689552247","3f4336a3091d3577f136f6d91924f54d9d8b6019030e465e67602808b1e03b47","REJECTED","INELIGIBLE_HASH","False","SV5_INFILL_ROOM_0274815fcd6818f05a6a_LINK","SV5_INFILL_ROOM_136a2d749c8d7eddcf7e_LINK","SV5_OPTIONAL_09","S04_02","21","21","114,151|115,151|115,150|116,150|117,150|118,150|119,150|119,149|120,149|121,149|122,149|123,149|123,148|124,148|125,148|126,148|127,148|127,147|128,147|129,147|130,147","208044b6478412daf2bad89002ce662f66af6b2f7a9c907a0071786d735e4e4d"
"SV5_LOOP_CAND_406f311a6d582147a980","4642983730415673671","406f311a6d582147a980dd8406d1df42ae39545d04635f22af96c5558df26766","REJECTED","INELIGIBLE_HASH","False","SV5_INFILL_ROOM_00d2b967a3d3b2f6b4b1_LINK","SV5_INFILL_ROOM_01ab4f357f1a1a51e05d_LINK","SV5_OPTIONAL_06","S00_04","7","7","217,24|218,24|218,23|219,23|220,23|221,23|222,23","208044b6478412daf2bad89002ce662f66af6b2f7a9c907a0071786d735e4e4d"
"SV5_LOOP_CAND_41c35c133468e37b461e","4738732470477316987","41c35c133468e37b461e821a501d61fb1246ab38ad6feb6080693cc194c8bc21","REJECTED","INELIGIBLE_HASH","False","SV5_INFILL_ROOM_0274815fcd6818f05a6a_LINK","SV5_INFILL_ROOM_136a2d749c8d7eddcf7e_LINK","SV5_OPTIONAL_09","S04_02","19","19","116,151|117,151|117,150|118,150|119,150|120,150|120,149|121,149|122,149|123,149|124,149|124,148|125,148|126,148|127,148|127,147|128,147|129,147|130,147","208044b6478412daf2bad89002ce662f66af6b2f7a9c907a0071786d735e4e4d"
"SV5_LOOP_CAND_435c42b5789eebc58239","4853827845578746821","435c42b5789eebc5823921dc4ffe34c958cf4edc9438f44f81cea2d1d9de67fe","REJECTED","DUPLICATE_ENDPOINT_PAIR","True","SV5_INFILL_ROOM_005a04bda9ede05b1190_LINK","SV5_INFILL_ROOM_1c4c6b34887f12eefac3_LINK","SV5_OPTIONAL_09","S04_02","17","17","126,131|127,131|128,131|128,132|129,132|130,132|131,132|131,133|132,133|133,133|134,133|134,134|135,134|136,134|137,134|137,135|138,135","208044b6478412daf2bad89002ce662f66af6b2f7a9c907a0071786d735e4e4d"
"SV5_LOOP_CAND_4428c2e7ea52ccc672bf","4911389694972054726","4428c2e7ea52ccc672bfb1a67e4873f5cdc5812812e857473e1651b2afc63ec1","REJECTED","DUPLICATE_ENDPOINT_PAIR","True","SV5_INFILL_ROOM_07fb3ac254e765673737_LINK","SV5_INFILL_ROOM_0f5736599d7acc3ea0a8_LINK","SV5_OPTIONAL_04","S03_11","15","15","563,127|562,127|562,126|561,126|560,126|560,125|559,125|558,125|557,125|557,124|556,124|555,124|555,123|554,123|553,123","208044b6478412daf2bad89002ce662f66af6b2f7a9c907a0071786d735e4e4d"
"SV5_LOOP_CAND_445496793c0815f00d54","4923725740065166832","445496793c0815f00d5496f98103874c9f674c7c47037e2642f64c3a8438502a","REJECTED","INELIGIBLE_HASH","False","SV5_INFILL_ROOM_07fb3ac254e765673737_LINK","SV5_INFILL_ROOM_0f5736599d7acc3ea0a8_LINK","SV5_OPTIONAL_04","S03_11","20","20","569,127|568,127|568,126|567,126|566,126|565,126|565,125|564,125|563,125|562,125|561,125|561,124|560,124|559,124|558,124|557,124|557,123|556,123|555,123|554,123","208044b6478412daf2bad89002ce662f66af6b2f7a9c907a0071786d735e4e4d"
"SV5_LOOP_CAND_4526541734adb98e9c2d","4982762496376813966","4526541734adb98e9c2ddc28220d22debc4145f823c9f731bb69c668bf8c1b90","REJECTED","INELIGIBLE_HASH","False","SV5_INFILL_ROOM_0211dda6690845617294_LINK","SV5_INFILL_ROOM_03bff8d63e21cbc62be9_LINK","SV5_OPTIONAL_06","S01_04","5","5","218,51|219,51|220,51|221,51|222,51","208044b6478412daf2bad89002ce662f66af6b2f7a9c907a0071786d735e4e4d"
"SV5_LOOP_CAND_454869ef4f3269e89eaa","4992356663486999016","454869ef4f3269e89eaa7bc0d935048b1c168fcaf5f6b951b64c974876c23ccb","REJECTED","DUPLICATE_ENDPOINT_PAIR","True","SV5_INFILL_ROOM_005a04bda9ede05b1190_LINK","SV5_INFILL_ROOM_1c4c6b34887f12eefac3_LINK","SV5_OPTIONAL_09","S04_02","20","20","124,131|125,131|126,131|127,131|127,132|128,132|129,132|130,132|131,132|131,133|132,133|133,133|134,133|135,133|135,134|136,134|137,134|138,134|138,135|139,135","208044b6478412daf2bad89002ce662f66af6b2f7a9c907a0071786d735e4e4d"
"SV5_LOOP_CAND_46c38e83622feeb04e02","5099075898052701872","46c38e83622feeb04e027d81303575400e6f4e886397afcfd52db0014d6adbce","REJECTED","INELIGIBLE_HASH","False","SV5_INFILL_ROOM_046863d4c69cd86e081e_LINK","SV5_INFILL_ROOM_050904725fdcd82ff28e_LINK","SV5_OPTIONAL_04","S02_11","23","23","540,75|541,75|541,74|542,74|543,74|544,74|545,74|545,73|546,73|547,73|548,73|549,73|550,73|550,72|551,72|552,72|553,72|554,72|554,71|555,71|556,71|557,71|558,71","208044b6478412daf2bad89002ce662f66af6b2f7a9c907a0071786d735e4e4d"
"SV5_LOOP_CAND_46c5922fa17da0496051","5099642886337437769","46c5922fa17da0496051291e426f6b6e09c057b33822ea72ba546c1b91351975","REJECTED","INELIGIBLE_HASH","False","SV5_INFILL_ROOM_0b825bde62b1eee79257_LINK","SV5_INFILL_ROOM_0d8cf875280fe40a6142_LINK","SV5_OPTIONAL_12","S09_00","9","9","37,308|38,308|38,307|39,307|40,307|41,307|42,307|43,307|44,307","208044b6478412daf2bad89002ce662f66af6b2f7a9c907a0071786d735e4e4d"
"SV5_LOOP_CAND_473099268fb917d36e64","5129768366474074067","473099268fb917d36e64f3a1153b7df1cfd571831765b39f5e37e82340b0d78b","REJECTED","INELIGIBLE_HASH","False","SV5_INFILL_ROOM_033878718f1e33807663_LINK","SV5_INFILL_ROOM_03b08efc4624bc79bd40_LINK","SV5_OPTIONAL_12","S11_00","6","6","43,371|42,371|41,371|40,371|39,371|38,371","208044b6478412daf2bad89002ce662f66af6b2f7a9c907a0071786d735e4e4d"
"SV5_LOOP_CAND_4765d43ee402173fd3a6","5144751515919062847","4765d43ee402173fd3a6d1dc998f69a585bb74d4045dab87322801c082f2a38a","REJECTED","INELIGIBLE_HASH","False","SV5_INFILL_ROOM_0274815fcd6818f05a6a_LINK","SV5_INFILL_ROOM_136a2d749c8d7eddcf7e_LINK","SV5_OPTIONAL_09","S04_02","18","18","117,151|118,151|118,150|119,150|120,150|121,150|121,149|122,149|123,149|124,149|124,148|125,148|126,148|127,148|127,147|128,147|129,147|130,147","208044b6478412daf2bad89002ce662f66af6b2f7a9c907a0071786d735e4e4d"
"SV5_LOOP_CAND_4816616d64ad116dcdf8","5194446342686839149","4816616d64ad116dcdf80aa77f61278d7cde7a846a23cad76ad2c237729102ae","REJECTED","INELIGIBLE_HASH","False","SV5_INFILL_ROOM_02284733d117494c6d27","SV5_INFILL_ROOM_7e2a072aec3341bfd326_LINK","SV5_OPTIONAL_12","S10_00","22","22","51,351|50,351|50,350|49,350|49,349|48,349|47,349|47,348|46,348|46,347|45,347|44,347|44,346|43,346|42,346|42,345|41,345|41,344|40,344|39,344|39,343|38,343","208044b6478412daf2bad89002ce662f66af6b2f7a9c907a0071786d735e4e4d"
"SV5_LOOP_CAND_4872a89e604e024eb73a","5220420316249850446","4872a89e604e024eb73abbfb2965e1809b0581f7b2f66adf8648347d0a0abc09","REJECTED","INELIGIBLE_HASH","False","SV5_INFILL_ROOM_005a04bda9ede05b1190_LINK","SV5_INFILL_ROOM_1c4c6b34887f12eefac3_LINK","SV5_OPTIONAL_09","S04_02","18","18","124,131|125,131|126,131|127,131|127,132|128,132|129,132|130,132|130,133|131,133|132,133|133,133|133,134|134,134|135,134|136,134|136,135|137,135","208044b6478412daf2bad89002ce662f66af6b2f7a9c907a0071786d735e4e4d"
"SV5_LOOP_CAND_49ade8e7af434dde2711","5309155617515195870","49ade8e7af434dde27119c06682de18a01bcc119cce3edf878783a27fb35d42c","REJECTED","INELIGIBLE_HASH","False","SV5_INFILL_ROOM_033878718f1e33807663_LINK","SV5_INFILL_ROOM_03b08efc4624bc79bd40_LINK","SV5_OPTIONAL_12","S11_00","7","7","42,371|41,371|40,371|39,371|38,371|38,372|37,372","208044b6478412daf2bad89002ce662f66af6b2f7a9c907a0071786d735e4e4d"
"SV5_LOOP_CAND_49b1aa08ee989ee39bd0","5310212390985965283","49b1aa08ee989ee39bd03bedc4ce0fc38172f096d5cf0f8d3f5841bd481916f2","REJECTED","INELIGIBLE_HASH","False","SV5_INFILL_ROOM_02284733d117494c6d27","SV5_INFILL_ROOM_7e2a072aec3341bfd326_LINK","SV5_OPTIONAL_12","S10_00","24","24","53,351|52,351|52,350|51,350|51,349|50,349|49,349|49,348|48,348|47,348|47,347|46,347|45,347|45,346|44,346|43,346|43,345|42,345|41,345|41,344|40,344|39,344|39,343|38,343","208044b6478412daf2bad89002ce662f66af6b2f7a9c907a0071786d735e4e4d"
"SV5_LOOP_CAND_4aa89017e20d0cd1e1d5","5379708187145211089","4aa89017e20d0cd1e1d56ed0316551d55bc9e227a2036dd0beb5f9b368c0b35e","REJECTED","INELIGIBLE_HASH","False","SV5_INFILL_ROOM_0b825bde62b1eee79257_LINK","SV5_INFILL_ROOM_0d8cf875280fe40a6142_LINK","SV5_OPTIONAL_12","S09_00","7","7","38,307|39,307|40,307|41,307|42,307|43,307|44,307","208044b6478412daf2bad89002ce662f66af6b2f7a9c907a0071786d735e4e4d"
"SV5_LOOP_CAND_4b6630a1c98ac7255f0f","5433083471898265381","4b6630a1c98ac7255f0f76db89fe1abca21d9fed48cb081c3e4b8145549d2dd3","REJECTED","INELIGIBLE_HASH","False","SV5_INFILL_ROOM_002b1fdb38d3b5d62912_LINK","SV5_INFILL_ROOM_04b3ee2d2f798b163c8e_LINK","SV5_OPTIONAL_04","S00_11","11","11","559,23|558,23|557,23|556,23|555,23|554,23|553,23|552,23|551,23|550,23|549,23","208044b6478412daf2bad89002ce662f66af6b2f7a9c907a0071786d735e4e4d"
"SV5_LOOP_CAND_4c14b0a7ebe049c067ee","5482200881680107968","4c14b0a7ebe049c067ee0be25c14c30dd3d5d5c91b433e179aa42b1a9e70ce4c","REJECTED","INELIGIBLE_HASH","False","SV5_INFILL_ROOM_002b1fdb38d3b5d62912_LINK","SV5_INFILL_ROOM_04b3ee2d2f798b163c8e_LINK","SV5_OPTIONAL_04","S00_11","8","8","558,23|557,23|556,23|555,23|554,23|553,23|552,23|551,23","208044b6478412daf2bad89002ce662f66af6b2f7a9c907a0071786d735e4e4d"
"SV5_LOOP_CAND_4cba581ccf845a4c2478","5528828373314591308","4cba581ccf845a4c24789274451952593ad008f3a4602dc502aedf454eca7cf7","REJECTED","DUPLICATE_ENDPOINT_PAIR","True","SV5_INFILL_ROOM_005a04bda9ede05b1190_LINK","SV5_INFILL_ROOM_1c4c6b34887f12eefac3_LINK","SV5_OPTIONAL_09","S04_02","23","23","125,131|126,131|127,131|128,131|129,131|129,132|130,132|131,132|132,132|133,132|133,133|134,133|135,133|136,133|137,133|138,133|138,134|139,134|140,134|141,134|142,134|142,135|143,135","208044b6478412daf2bad89002ce662f66af6b2f7a9c907a0071786d735e4e4d"
"SV5_LOOP_CAND_4cc93750f9556d0ec60f","5533014438121401614","4cc93750f9556d0ec60fd25b68c82f3340eec92e9998675ea7ddd7236fb2cece","REJECTED","DUPLICATE_ENDPOINT_PAIR","True","SV5_INFILL_ROOM_07fb3ac254e765673737_LINK","SV5_INFILL_ROOM_0f5736599d7acc3ea0a8_LINK","SV5_OPTIONAL_04","S03_11","18","18","565,127|564,127|564,126|563,126|562,126|561,126|561,125|560,125|559,125|558,125|558,124|557,124|556,124|555,124|555,123|554,123|553,123|552,123","208044b6478412daf2bad89002ce662f66af6b2f7a9c907a0071786d735e4e4d"
"SV5_LOOP_CAND_4d5d6c75a5c069443883","5574731166302366020","4d5d6c75a5c069443883d2e28c9bc89b5bc6b781ea6c4fc6e4f1add79fa93bd6","ACCEPTED","PASS","True","SV5_INFILL_ROOM_0b825bde62b1eee79257_LINK","SV5_INFILL_ROOM_0d8cf875280fe40a6142_LINK","SV5_OPTIONAL_12","S09_00","9","9","38,307|39,307|40,307|41,307|42,307|43,307|44,307|45,307|46,307","208044b6478412daf2bad89002ce662f66af6b2f7a9c907a0071786d735e4e4d"
"SV5_LOOP_CAND_4d7ed0029f0871333548","5584129297662636339","4d7ed0029f0871333548cc2336f388bbc225239ed24951943d60a17cf0362b43","REJECTED","INELIGIBLE_HASH","False","SV5_INFILL_ROOM_00d2b967a3d3b2f6b4b1_LINK","SV5_INFILL_ROOM_01ab4f357f1a1a51e05d_LINK","SV5_OPTIONAL_06","S00_04","5","5","218,23|219,23|220,23|221,23|222,23","208044b6478412daf2bad89002ce662f66af6b2f7a9c907a0071786d735e4e4d"
"SV5_LOOP_CAND_4ebe3281be51a58015b5","5674028113358595456","4ebe3281be51a58015b5e299b536384bc2d719f123e3c224ce7b364ccdc181e5","REJECTED","INELIGIBLE_HASH","False","SV5_INFILL_ROOM_005a04bda9ede05b1190_LINK","SV5_INFILL_ROOM_1c4c6b34887f12eefac3_LINK","SV5_OPTIONAL_09","S04_02","24","24","125,131|126,131|127,131|128,131|129,131|129,132|130,132|131,132|132,132|133,132|134,132|134,133|135,133|136,133|137,133|138,133|139,133|139,134|140,134|141,134|142,134|143,134|143,135|144,135","208044b6478412daf2bad89002ce662f66af6b2f7a9c907a0071786d735e4e4d"
"SV5_LOOP_CAND_4f4d074ddf53b2ca0904","5714231533243708106","4f4d074ddf53b2ca090496c7f49c8cb0630b3d0274e385cdbbc49b0aa13ceab1","REJECTED","DUPLICATE_ENDPOINT_PAIR","True","SV5_INFILL_ROOM_046863d4c69cd86e081e_LINK","SV5_INFILL_ROOM_050904725fdcd82ff28e_LINK","SV5_OPTIONAL_04","S02_11","10","10","553,75|554,75|554,74|555,74|555,73|556,73|556,72|557,72|557,71|558,71","208044b6478412daf2bad89002ce662f66af6b2f7a9c907a0071786d735e4e4d"
"SV5_LOOP_CAND_507409a11e361b0e7a19","5797269207933917966","507409a11e361b0e7a19e4eb93bfdef8d7fd619b34b262606438e9e679df6b87","REJECTED","INELIGIBLE_HASH","False","SV5_INFILL_ROOM_0211dda6690845617294_LINK","SV5_INFILL_ROOM_03bff8d63e21cbc62be9_LINK","SV5_OPTIONAL_06","S01_04","19","19","207,54|208,54|208,53|209,53|210,53|211,53|212,53|213,53|213,52|214,52|215,52|216,52|217,52|218,52|218,51|219,51|220,51|221,51|222,51","208044b6478412daf2bad89002ce662f66af6b2f7a9c907a0071786d735e4e4d"
"SV5_LOOP_CAND_5085dc6f47a2814c9858","5802286065438064972","5085dc6f47a2814c98584cb75537db3160a657d6ecdd0fec8e4f7280a86d82cf","REJECTED","INELIGIBLE_HASH","False","SV5_INFILL_ROOM_16de283f3026f06e031f_LINK","SV5_INFILL_ROOM_1ea3a9898e39ffe90dff_LINK","SV5_OPTIONAL_04","S03_11","22","22","571,110|570,110|570,109|569,109|568,109|567,109|566,109|565,109|564,109|564,108|563,108|562,108|561,108|560,108|559,108|558,108|558,107|557,107|556,107|555,107|554,107|553,107","208044b6478412daf2bad89002ce662f66af6b2f7a9c907a0071786d735e4e4d"
"SV5_LOOP_CAND_5087dc04c4155454233c","5802848557917885524","5087dc04c4155454233ce1f317bcd5acdd54930c9ad9098fb9050ec27fc60393","ACCEPTED","PASS","True","SV5_INFILL_ROOM_04458846b0c9a081817d_LINK","SV5_INFILL_ROOM_41bfb11db98643b33449_LINK","SV5_OPTIONAL_07","S02_03","8","8","181,87|180,87|179,87|178,87|177,87|176,87|175,87|174,87","208044b6478412daf2bad89002ce662f66af6b2f7a9c907a0071786d735e4e4d"
"SV5_LOOP_CAND_52a44dd82f901b699c87","5954970198196886377","52a44dd82f901b699c875622e87a68258b64f113bad8fd1b9e9d92c5c1194b26","REJECTED","INELIGIBLE_HASH","False","SV5_INFILL_ROOM_088f25cbc663d6d3b7a4_LINK","SV5_INFILL_ROOM_1a82971bf4756de9b6e1_LINK","SV5_OPTIONAL_00","S11_07","7","7","380,367|381,367|382,367|383,367|384,367|385,367|386,367","208044b6478412daf2bad89002ce662f66af6b2f7a9c907a0071786d735e4e4d"
"SV5_LOOP_CAND_547f3847f73f8c875dc4","6088647102970170503","547f3847f73f8c875dc47d56e460f777ad101bba29c9bf3bd535301d1a4643c1","REJECTED","DUPLICATE_ENDPOINT_PAIR","True","SV5_INFILL_ROOM_002b1fdb38d3b5d62912_LINK","SV5_INFILL_ROOM_04b3ee2d2f798b163c8e_LINK","SV5_OPTIONAL_04","S00_11","17","17","558,23|557,23|556,23|555,23|554,23|553,23|552,23|551,23|550,23|549,23|548,23|547,23|546,23|545,23|544,23|543,23|542,23","208044b6478412daf2bad89002ce662f66af6b2f7a9c907a0071786d735e4e4d"
"SV5_LOOP_CAND_54b5582bfd0b5ae7df48","6103881815922793191","54b5582bfd0b5ae7df488106e209afa2d5a93c0bd55aaa599f55049a0b9abade","REJECTED","INELIGIBLE_HASH","False","SV5_INFILL_ROOM_005a04bda9ede05b1190_LINK","SV5_INFILL_ROOM_1c4c6b34887f12eefac3_LINK","SV5_OPTIONAL_09","S04_02","19","19","126,131|127,131|128,131|129,131|129,132|130,132|131,132|132,132|132,133|133,133|134,133|135,133|136,133|136,134|137,134|138,134|139,134|139,135|140,135","208044b6478412daf2bad89002ce662f66af6b2f7a9c907a0071786d735e4e4d"
"SV5_LOOP_CAND_561e3c0d229aac604d87","6205463363675925600","561e3c0d229aac604d87613f8552827d20e9af78877932747fc40eaa08574432","REJECTED","DUPLICATE_ENDPOINT_PAIR","True","SV5_INFILL_ROOM_0b825bde62b1eee79257_LINK","SV5_INFILL_ROOM_0d8cf875280fe40a6142_LINK","SV5_OPTIONAL_12","S09_00","8","8","38,307|39,307|40,307|41,307|42,307|43,307|44,307|45,307","208044b6478412daf2bad89002ce662f66af6b2f7a9c907a0071786d735e4e4d"
"SV5_LOOP_CAND_593d9c976e1301df9383","6430468017155670495","593d9c976e1301df93834c906692a3dbc30a5a6e46ab4a6868df78de63f38349","REJECTED","INELIGIBLE_HASH","False","SV5_INFILL_ROOM_02284733d117494c6d27_LINK","SV5_INFILL_ROOM_030a02d7aa5a692e4bf7_LINK","SV5_OPTIONAL_12","S11_00","19","19","42,351|41,351|41,352|40,352|39,352|39,353|38,353|38,354|37,354|36,354|36,355|35,355|35,356|34,356|33,356|33,357|32,357|32,358|31,358","208044b6478412daf2bad89002ce662f66af6b2f7a9c907a0071786d735e4e4d"
"SV5_LOOP_CAND_5988cc629784969a69db","6451631190029145754","5988cc629784969a69dbbfb1b17afe7087551bfba2e023b9d137b814351c2f52","REJECTED","INELIGIBLE_HASH","False","SV5_INFILL_ROOM_002b1fdb38d3b5d62912_LINK","SV5_INFILL_ROOM_04b3ee2d2f798b163c8e_LINK","SV5_OPTIONAL_04","S00_11","19","19","558,23|557,23|556,23|555,23|554,23|553,23|552,23|551,23|550,23|549,23|548,23|547,23|546,23|545,23|544,23|543,23|542,23|541,23|540,23","208044b6478412daf2bad89002ce662f66af6b2f7a9c907a0071786d735e4e4d"
"SV5_LOOP_CAND_5a84b6c25c577d782fea","6522539106228469112","5a84b6c25c577d782fea04a309fa9ce6f26356697b2a5b39e94378f86a113e5e","REJECTED","DUPLICATE_ENDPOINT_PAIR","True","SV5_INFILL_ROOM_07fb3ac254e765673737_LINK","SV5_INFILL_ROOM_0f5736599d7acc3ea0a8_LINK","SV5_OPTIONAL_04","S03_11","23","23","572,127|571,127|571,126|570,126|569,126|568,126|567,126|567,125|566,125|565,125|564,125|563,125|562,125|562,124|561,124|560,124|559,124|558,124|558,123|557,123|556,123|555,123|554,123","208044b6478412daf2bad89002ce662f66af6b2f7a9c907a0071786d735e4e4d"
"SV5_LOOP_CAND_5b7b697d6f543bb518b4","6591978467046472629","5b7b697d6f543bb518b4691bfb2e0530ec36c71438d33e5f12d6a03e7e02ed20","REJECTED","DUPLICATE_ENDPOINT_PAIR","True","SV5_INFILL_ROOM_046863d4c69cd86e081e_LINK","SV5_INFILL_ROOM_050904725fdcd82ff28e_LINK","SV5_OPTIONAL_04","S02_11","20","20","543,75|544,75|544,74|545,74|546,74|547,74|547,73|548,73|549,73|550,73|551,73|551,72|552,72|553,72|554,72|555,72|555,71|556,71|557,71|558,71","208044b6478412daf2bad89002ce662f66af6b2f7a9c907a0071786d735e4e4d"
"SV5_LOOP_CAND_5cd512ebd98d3601b476","6689273625705264641","5cd512ebd98d3601b476488ebc674db89751bde1285aea378f58f6f887be4b16","REJECTED","INELIGIBLE_HASH","False","SV5_INFILL_ROOM_046863d4c69cd86e081e_LINK","SV5_INFILL_ROOM_050904725fdcd82ff28e_LINK","SV5_OPTIONAL_04","S02_11","17","17","546,75|547,75|547,74|548,74|549,74|550,74|550,73|551,73|552,73|553,73|553,72|554,72|555,72|556,72|556,71|557,71|558,71","208044b6478412daf2bad89002ce662f66af6b2f7a9c907a0071786d735e4e4d"
"SV5_LOOP_CAND_5ec22cd087a877744d71","6828069259187877748","5ec22cd087a877744d71cb8dc889b3c9d60b6eae7d1b7f601652a098ca472271","REJECTED","INELIGIBLE_HASH","False","SV5_INFILL_ROOM_002b1fdb38d3b5d62912_LINK","SV5_INFILL_ROOM_04b3ee2d2f798b163c8e_LINK","SV5_OPTIONAL_04","S00_11","15","15","559,23|558,23|557,23|556,23|555,23|554,23|553,23|552,23|551,23|550,23|549,23|548,23|547,23|546,23|545,23","208044b6478412daf2bad89002ce662f66af6b2f7a9c907a0071786d735e4e4d"
"SV5_LOOP_CAND_5f9a8a3f39dd383044bf","6888970584174966832","5f9a8a3f39dd383044bf73e4f3efd533539a457eeed0b8ed52bd3773f97527fc","REJECTED","INELIGIBLE_HASH","False","SV5_INFILL_ROOM_07fb3ac254e765673737_LINK","SV5_INFILL_ROOM_0f5736599d7acc3ea0a8_LINK","SV5_OPTIONAL_04","S03_11","16","16","564,127|563,127|563,126|562,126|561,126|561,125|560,125|559,125|558,125|558,124|557,124|556,124|555,124|555,123|554,123|553,123","208044b6478412daf2bad89002ce662f66af6b2f7a9c907a0071786d735e4e4d"
"SV5_LOOP_CAND_5fa995e9f0e498df040c","6893205536668686559","5fa995e9f0e498df040c932dd38908a9d965524dddc0abecdbffabdf8feaf9f6","REJECTED","INELIGIBLE_HASH","False","SV5_INFILL_ROOM_02284733d117494c6d27_LINK","SV5_INFILL_ROOM_030a02d7aa5a692e4bf7_LINK","SV5_OPTIONAL_12","S11_00","23","23","42,351|41,351|40,351|40,352|39,352|38,352|38,353|37,353|36,353|36,354|35,354|34,354|34,355|33,355|32,355|32,356|31,356|30,356|30,357|29,357|28,357|28,358|27,358","208044b6478412daf2bad89002ce662f66af6b2f7a9c907a0071786d735e4e4d"
"SV5_LOOP_CAND_61712cc0a9ba75485d84","7021442500040226120","61712cc0a9ba75485d842461cecd8f3639e89a3dd4760b76e45a7662c61ed822","REJECTED","DUPLICATE_ENDPOINT_PAIR","True","SV5_INFILL_ROOM_02284733d117494c6d27_LINK","SV5_INFILL_ROOM_030a02d7aa5a692e4bf7_LINK","SV5_OPTIONAL_12","S11_00","16","16","42,351|41,351|41,352|40,352|40,353|39,353|39,354|38,354|38,355|37,355|37,356|36,356|36,357|35,357|35,358|34,358","208044b6478412daf2bad89002ce662f66af6b2f7a9c907a0071786d735e4e4d"
"SV5_LOOP_CAND_63b65dbe7f69bf721d10","7185033328279011186","63b65dbe7f69bf721d10316fde1708f86b087f3635343206bfa52ec204d5b83e","REJECTED","INELIGIBLE_HASH","False","SV5_INFILL_ROOM_0274815fcd6818f05a6a_LINK","SV5_INFILL_ROOM_136a2d749c8d7eddcf7e_LINK","SV5_OPTIONAL_09","S04_02","15","15","121,151|122,151|122,150|123,150|124,150|124,149|125,149|126,149|127,149|127,148|128,148|129,148|129,147|130,147|131,147","208044b6478412daf2bad89002ce662f66af6b2f7a9c907a0071786d735e4e4d"
"SV5_LOOP_CAND_63c771c0d83261890194","7189840403195126153","63c771c0d8326189019408616154ba80c24325ae73425b8a7a2d3400400bd02f","REJECTED","INELIGIBLE_HASH","False","SV5_INFILL_ROOM_046863d4c69cd86e081e_LINK","SV5_INFILL_ROOM_050904725fdcd82ff28e_LINK","SV5_OPTIONAL_04","S02_11","16","16","547,75|548,75|548,74|549,74|550,74|550,73|551,73|552,73|553,73|553,72|554,72|555,72|556,72|556,71|557,71|558,71","208044b6478412daf2bad89002ce662f66af6b2f7a9c907a0071786d735e4e4d"
"SV5_LOOP_CAND_67c5e51db484b3ea30bb","7477634672063984618","67c5e51db484b3ea30bb135f03744f9e7b30be39617dc03f509d0ad26edb63aa","REJECTED","DUPLICATE_ENDPOINT_PAIR","True","SV5_INFILL_ROOM_0b825bde62b1eee79257_LINK","SV5_INFILL_ROOM_0d8cf875280fe40a6142_LINK","SV5_OPTIONAL_12","S09_00","8","8","37,308|38,308|38,307|39,307|40,307|41,307|42,307|43,307","208044b6478412daf2bad89002ce662f66af6b2f7a9c907a0071786d735e4e4d"
"SV5_LOOP_CAND_688eb14711cd245fc9d9","7534154145436869727","688eb14711cd245fc9d9666ad9e2453c88509c24212eafcc3c16694fe0dbfe04","ACCEPTED","PASS","True","SV5_INFILL_ROOM_0172fae7eed3ae487f8f_LINK","SV5_INFILL_ROOM_01ba3c3a3c17419084a1_LINK","SV5_OPTIONAL_09","S05_02","11","11","130,159|129,159|129,160|128,160|128,161|127,161|126,161|126,162|125,162|125,163|124,163","208044b6478412daf2bad89002ce662f66af6b2f7a9c907a0071786d735e4e4d"
"SV5_LOOP_CAND_6a767849bacf246424bc","7671451273334301796","6a767849bacf246424bc39e7962bb240d30b23d1b6b8ed2ffae8ebd2021bb6db","REJECTED","INELIGIBLE_HASH","False","SV5_INFILL_ROOM_07fb3ac254e765673737_LINK","SV5_INFILL_ROOM_0f5736599d7acc3ea0a8_LINK","SV5_OPTIONAL_04","S03_11","15","15","564,127|563,127|563,126|562,126|561,126|561,125|560,125|559,125|558,125|558,124|557,124|556,124|556,123|555,123|554,123","208044b6478412daf2bad89002ce662f66af6b2f7a9c907a0071786d735e4e4d"
"SV5_LOOP_CAND_6b42ccb35ba5dd49ec05","7728964981230001481","6b42ccb35ba5dd49ec05586154a706834b23e41cbd1c5718375be915fe068865","REJECTED","INELIGIBLE_HASH","False","SV5_INFILL_ROOM_005a04bda9ede05b1190_LINK","SV5_INFILL_ROOM_1c4c6b34887f12eefac3_LINK","SV5_OPTIONAL_09","S04_02","19","19","125,131|126,131|127,131|128,131|128,132|129,132|130,132|131,132|131,133|132,133|133,133|134,133|135,133|135,134|136,134|137,134|138,134|138,135|139,135","208044b6478412daf2bad89002ce662f66af6b2f7a9c907a0071786d735e4e4d"
"SV5_LOOP_CAND_6c49c093fc2088d3fc58","7802979571218811091","6c49c093fc2088d3fc58c2b18afb85a8db3efb9d1739b344ff8407d1bb4e7d40","REJECTED","INELIGIBLE_HASH","False","SV5_INFILL_ROOM_04458846b0c9a081817d_LINK","SV5_INFILL_ROOM_41bfb11db98643b33449_LINK","SV5_OPTIONAL_07","S02_03","12","12","184,87|183,87|182,87|181,87|180,87|179,87|178,87|177,87|176,87|175,87|174,87|173,87","208044b6478412daf2bad89002ce662f66af6b2f7a9c907a0071786d735e4e4d"
"SV5_LOOP_CAND_6d45e3e449d542f6b593","7873950093157942006","6d45e3e449d542f6b593c5ac535a1c2292302742b55ea93529dc0627a1a2fdd7","ACCEPTED","PASS","True","SV5_INFILL_ROOM_002847beba22c27fafc7_LINK","SV5_INFILL_ROOM_9643b540e628fa680b9f_LINK","SV5_OPTIONAL_00","S10_08","21","21","394,355|393,355|393,354|392,354|392,353|391,353|390,353|390,352|389,352|389,351|388,351|387,351|387,350|386,350|386,349|385,349|384,349|384,348|383,348|383,347|382,347","208044b6478412daf2bad89002ce662f66af6b2f7a9c907a0071786d735e4e4d"
"SV5_LOOP_CAND_6f0c1f36489a3a59e29f","8001804955937290841","6f0c1f36489a3a59e29f21ace22cd677080c5f00bab57b5e946f64782f78b386","REJECTED","INELIGIBLE_HASH","False","SV5_INFILL_ROOM_04458846b0c9a081817d_LINK","SV5_INFILL_ROOM_41bfb11db98643b33449_LINK","SV5_OPTIONAL_07","S02_03","6","6","178,87|177,87|176,87|175,87|174,87|173,87","208044b6478412daf2bad89002ce662f66af6b2f7a9c907a0071786d735e4e4d"
"SV5_LOOP_CAND_6f551e8a55d5fb663eb5","8022351890724813670","6f551e8a55d5fb663eb5092875848d3d8c83895fdb4ece3b76383cf9614d22f2","REJECTED","INELIGIBLE_HASH","False","SV5_INFILL_ROOM_16de283f3026f06e031f_LINK","SV5_INFILL_ROOM_1ea3a9898e39ffe90dff_LINK","SV5_OPTIONAL_04","S03_11","8","8","559,108|558,108|558,107|557,107|556,107|555,107|554,107|553,107","208044b6478412daf2bad89002ce662f66af6b2f7a9c907a0071786d735e4e4d"
"SV5_LOOP_CAND_71254cef43f2f3e1b3e9","8153007290945041377","71254cef43f2f3e1b3e90a03c18df3f4de029f182a7025bdd9a8e9a2201f472b","REJECTED","INELIGIBLE_HASH","False","SV5_INFILL_ROOM_0274815fcd6818f05a6a_LINK","SV5_INFILL_ROOM_136a2d749c8d7eddcf7e_LINK","SV5_OPTIONAL_09","S04_02","22","22","114,151|115,151|115,150|116,150|117,150|118,150|119,150|119,149|120,149|121,149|122,149|123,149|123,148|124,148|125,148|126,148|127,148|127,147|128,147|129,147|130,147|131,147","208044b6478412daf2bad89002ce662f66af6b2f7a9c907a0071786d735e4e4d"
"SV5_LOOP_CAND_71313a61b0587a947113","8156364591389506196","71313a61b0587a94711331bc0ee7f7ce25756bd2c49c504d0773f06ad4972134","REJECTED","INELIGIBLE_HASH","False","SV5_INFILL_ROOM_07fb3ac254e765673737_LINK","SV5_INFILL_ROOM_0f5736599d7acc3ea0a8_LINK","SV5_OPTIONAL_04","S03_11","17","17","565,127|564,127|564,126|563,126|562,126|561,126|561,125|560,125|559,125|558,125|558,124|557,124|556,124|555,124|555,123|554,123|553,123","208044b6478412daf2bad89002ce662f66af6b2f7a9c907a0071786d735e4e4d"
"SV5_LOOP_CAND_747292a17b0bc1682200","8390930277996413288","747292a17b0bc1682200743ad29eca46946b9e6a3e2e972aae12d4092f0fabb8","REJECTED","INELIGIBLE_HASH","False","SV5_INFILL_ROOM_02284733d117494c6d27_LINK","SV5_INFILL_ROOM_030a02d7aa5a692e4bf7_LINK","SV5_OPTIONAL_12","S11_00","23","23","43,351|42,351|41,351|41,352|40,352|39,352|39,353|38,353|37,353|37,354|36,354|35,354|35,355|34,355|33,355|33,356|32,356|31,356|31,357|30,357|29,357|29,358|28,358","208044b6478412daf2bad89002ce662f66af6b2f7a9c907a0071786d735e4e4d"
"SV5_LOOP_CAND_75578b2eddc9aa51064f","8455379858817133137","75578b2eddc9aa51064f34e46334774030c3c6a3857f7af1e260bfc52cbd7bcf","REJECTED","INELIGIBLE_HASH","False","SV5_INFILL_ROOM_046863d4c69cd86e081e_LINK","SV5_INFILL_ROOM_050904725fdcd82ff28e_LINK","SV5_OPTIONAL_04","S02_11","13","13","550,75|551,75|551,74|552,74|553,74|553,73|554,73|555,73|555,72|556,72|557,72|557,71|558,71","208044b6478412daf2bad89002ce662f66af6b2f7a9c907a0071786d735e4e4d"
"SV5_LOOP_CAND_75a0ac9fecb6e9f61e63","8475964301582461430","75a0ac9fecb6e9f61e6377dd944e664aa4bd77b119bd74523894517f6e6ac745","REJECTED","INELIGIBLE_HASH","False","SV5_INFILL_ROOM_0033f24aa202678fd527_LINK","SV5_INFILL_ROOM_0555f7159cc5807eccd0_LINK","SV5_OPTIONAL_10","S06_03","17","17","175,210|174,210|174,209|173,209|173,208|172,208|172,207|171,207|171,206|170,206|169,206|169,205|168,205|168,204|167,204|167,203|166,203","208044b6478412daf2bad89002ce662f66af6b2f7a9c907a0071786d735e4e4d"
"SV5_LOOP_CAND_7613b5199cf2544cc130","8508343242644935756","7613b5199cf2544cc130e68b66576bcef3f25b4220f9eb488bfa93217551be5e","REJECTED","INELIGIBLE_HASH","False","SV5_INFILL_ROOM_07fb3ac254e765673737_LINK","SV5_INFILL_ROOM_0f5736599d7acc3ea0a8_LINK","SV5_OPTIONAL_04","S03_11","22","22","570,127|569,127|569,126|568,126|567,126|566,126|565,126|565,125|564,125|563,125|562,125|561,125|561,124|560,124|559,124|558,124|557,124|557,123|556,123|555,123|554,123|553,123","208044b6478412daf2bad89002ce662f66af6b2f7a9c907a0071786d735e4e4d"
"SV5_LOOP_CAND_7692e4e8f5b19745749c","8544143132280854341","7692e4e8f5b19745749ce6125ffa44fbe3420c763c8307abacc4719176397cf8","REJECTED","INELIGIBLE_HASH","False","SV5_INFILL_ROOM_07fb3ac254e765673737_LINK","SV5_INFILL_ROOM_0f5736599d7acc3ea0a8_LINK","SV5_OPTIONAL_04","S03_11","10","10","559,127|558,127|558,126|557,126|557,125|556,125|556,124|555,124|555,123|554,123","208044b6478412daf2bad89002ce662f66af6b2f7a9c907a0071786d735e4e4d"
"SV5_LOOP_CAND_776c695238ce4e3c83e4","8605368789859454524","776c695238ce4e3c83e43041bfcc073df414153734f9fd4ce066119ea100df67","REJECTED","DUPLICATE_ENDPOINT_PAIR","True","SV5_INFILL_ROOM_002b1fdb38d3b5d62912_LINK","SV5_INFILL_ROOM_04b3ee2d2f798b163c8e_LINK","SV5_OPTIONAL_04","S00_11","15","15","558,23|557,23|556,23|555,23|554,23|553,23|552,23|551,23|550,23|549,23|548,23|547,23|546,23|545,23|544,23","208044b6478412daf2bad89002ce662f66af6b2f7a9c907a0071786d735e4e4d"
"SV5_LOOP_CAND_777077d52588c4fd1682","8606510645246477565","777077d52588c4fd1682d4a66d50e48c5530e169108171ca152489643aab0549","REJECTED","INELIGIBLE_HASH","False","SV5_INFILL_ROOM_005a04bda9ede05b1190_LINK","SV5_INFILL_ROOM_1c4c6b34887f12eefac3_LINK","SV5_OPTIONAL_09","S04_02","16","16","126,131|127,131|128,131|128,132|129,132|130,132|131,132|131,133|132,133|133,133|134,133|134,134|135,134|136,134|136,135|137,135","208044b6478412daf2bad89002ce662f66af6b2f7a9c907a0071786d735e4e4d"
"SV5_LOOP_CAND_78abf01914b04d7cc2af","8695307496080821628","78abf01914b04d7cc2af286879c43cf859b916b9f7197e66dbb2fc362e57f8af","REJECTED","DUPLICATE_ENDPOINT_PAIR","True","SV5_INFILL_ROOM_07fb3ac254e765673737_LINK","SV5_INFILL_ROOM_0f5736599d7acc3ea0a8_LINK","SV5_OPTIONAL_04","S03_11","21","21","570,127|569,127|569,126|568,126|567,126|566,126|565,126|565,125|564,125|563,125|562,125|561,125|561,124|560,124|559,124|558,124|557,124|557,123|556,123|555,123|554,123","208044b6478412daf2bad89002ce662f66af6b2f7a9c907a0071786d735e4e4d"
"SV5_LOOP_CAND_78d358dd7b2569966955","8706400212914366870","78d358dd7b2569966955ec86c5786634985f50e52b5452c532397b4e381a169b","REJECTED","INELIGIBLE_HASH","False","SV5_INFILL_ROOM_04458846b0c9a081817d_LINK","SV5_INFILL_ROOM_41bfb11db98643b33449_LINK","SV5_OPTIONAL_07","S02_03","14","14","186,87|185,87|184,87|183,87|182,87|181,87|180,87|179,87|178,87|177,87|176,87|175,87|174,87|173,87","208044b6478412daf2bad89002ce662f66af6b2f7a9c907a0071786d735e4e4d"
"SV5_LOOP_CAND_7abcf1ac36a90215320d","8844209490202526229","7abcf1ac36a90215320d192511beb36da25536e2eb61cfa4926c14643f5f8620","REJECTED","DUPLICATE_ENDPOINT_PAIR","True","SV5_INFILL_ROOM_07fb3ac254e765673737_LINK","SV5_INFILL_ROOM_0f5736599d7acc3ea0a8_LINK","SV5_OPTIONAL_04","S03_11","20","20","568,127|567,127|567,126|566,126|565,126|564,126|564,125|563,125|562,125|561,125|560,125|560,124|559,124|558,124|557,124|556,124|556,123|555,123|554,123|553,123","208044b6478412daf2bad89002ce662f66af6b2f7a9c907a0071786d735e4e4d"
"SV5_LOOP_CAND_7bb0a6361eb90e109bcb","8912806413940100624","7bb0a6361eb90e109bcbd09dc46bd3947854509e876db1b7ffceef64f2a8d6e0","REJECTED","DUPLICATE_ENDPOINT_PAIR","True","SV5_INFILL_ROOM_16de283f3026f06e031f_LINK","SV5_INFILL_ROOM_1ea3a9898e39ffe90dff_LINK","SV5_OPTIONAL_04","S03_11","19","19","569,110|568,110|568,109|567,109|566,109|565,109|564,109|563,109|563,108|562,108|561,108|560,108|559,108|558,108|558,107|557,107|556,107|555,107|554,107","208044b6478412daf2bad89002ce662f66af6b2f7a9c907a0071786d735e4e4d"
"SV5_LOOP_CAND_7c33b3b6396e74698605","8949694479744267369","7c33b3b6396e74698605b994e6b6d6a4d5fa85fa20e18d3a7a86dd5d391ae00b","REJECTED","INELIGIBLE_HASH","False","SV5_INFILL_ROOM_07fb3ac254e765673737_LINK","SV5_INFILL_ROOM_0f5736599d7acc3ea0a8_LINK","SV5_OPTIONAL_04","S03_11","18","18","567,127|566,127|566,126|565,126|564,126|563,126|563,125|562,125|561,125|560,125|560,124|559,124|558,124|557,124|557,123|556,123|555,123|554,123","208044b6478412daf2bad89002ce662f66af6b2f7a9c907a0071786d735e4e4d"
"SV5_LOOP_CAND_7cdc0fcc0d0f70c5c281","8997083524646269125","7cdc0fcc0d0f70c5c28127dd14dd350fe94a94dc17a7d20f55e7c6a21a72ee9a","REJECTED","DUPLICATE_ENDPOINT_PAIR","True","SV5_INFILL_ROOM_002b1fdb38d3b5d62912_LINK","SV5_INFILL_ROOM_04b3ee2d2f798b163c8e_LINK","SV5_OPTIONAL_04","S00_11","5","5","558,23|557,23|556,23|555,23|554,23","208044b6478412daf2bad89002ce662f66af6b2f7a9c907a0071786d735e4e4d"
"SV5_LOOP_CAND_7d4d5a5ec3ee12f86bed","9028972191008297720","7d4d5a5ec3ee12f86bed91d23280aa36c7813ec3c093b3f13ac925fbf10e50c2","REJECTED","DUPLICATE_ENDPOINT_PAIR","True","SV5_INFILL_ROOM_002b1fdb38d3b5d62912_LINK","SV5_INFILL_ROOM_04b3ee2d2f798b163c8e_LINK","SV5_OPTIONAL_04","S00_11","9","9","559,23|558,23|557,23|556,23|555,23|554,23|553,23|552,23|551,23","208044b6478412daf2bad89002ce662f66af6b2f7a9c907a0071786d735e4e4d"
"SV5_LOOP_CAND_7d5c3bfcf243c7acaf1d","9033160910180698028","7d5c3bfcf243c7acaf1d2beacdd2004912a5b61ce3509a8eaebdc42f6ba5e39a","REJECTED","DUPLICATE_ENDPOINT_PAIR","True","SV5_INFILL_ROOM_046863d4c69cd86e081e_LINK","SV5_INFILL_ROOM_050904725fdcd82ff28e_LINK","SV5_OPTIONAL_04","S02_11","15","15","548,75|549,75|549,74|550,74|551,74|551,73|552,73|553,73|554,73|554,72|555,72|556,72|556,71|557,71|558,71","208044b6478412daf2bad89002ce662f66af6b2f7a9c907a0071786d735e4e4d"
"SV5_LOOP_CAND_7f45e8bddc62434856ec","9170992118353773384","7f45e8bddc62434856ecd89832738c9b45c5910dd52d91c0b2de9b4750f23646","REJECTED","INELIGIBLE_HASH","False","SV5_INFILL_ROOM_00214737a7823549ff84_LINK","SV5_INFILL_ROOM_0d8cf875280fe40a6142","SV5_OPTIONAL_12","S09_01","26","24","41,298|42,298|42,299|43,299|44,299|44,300|45,300|45,301|46,301|47,301|47,302|48,302|48,303|49,303|50,303|50,304|51,304|51,305|52,305|53,305|53,306|54,306|54,307|55,307","208044b6478412daf2bad89002ce662f66af6b2f7a9c907a0071786d735e4e4d"
"SV5_LOOP_CAND_7f739c62e84d6828530d","9183856013756688424","7f739c62e84d6828530d9ad4c70f659756e5f63db638c893522d6bd86dad533f","REJECTED","DUPLICATE_ENDPOINT_PAIR","True","SV5_INFILL_ROOM_005a04bda9ede05b1190_LINK","SV5_INFILL_ROOM_1c4c6b34887f12eefac3_LINK","SV5_OPTIONAL_09","S04_02","18","18","125,131|126,131|127,131|128,131|128,132|129,132|130,132|131,132|131,133|132,133|133,133|134,133|134,134|135,134|136,134|137,134|137,135|138,135","208044b6478412daf2bad89002ce662f66af6b2f7a9c907a0071786d735e4e4d"
"SV5_LOOP_CAND_8030132c0ebe60adb938","9236903915683733677","8030132c0ebe60adb93871858bca730670898e0e0d66f262a272c489f6d883de","REJECTED","INELIGIBLE_HASH","False","SV5_INFILL_ROOM_00d2b967a3d3b2f6b4b1_LINK","SV5_INFILL_ROOM_01ab4f357f1a1a51e05d_LINK","SV5_OPTIONAL_06","S00_04","8","8","217,24|218,24|218,23|219,23|220,23|221,23|222,23|223,23","208044b6478412daf2bad89002ce662f66af6b2f7a9c907a0071786d735e4e4d"
"SV5_LOOP_CAND_829a25f2c266d036ed76","9410876095917903926","829a25f2c266d036ed76a6c8d421510cf9d817fca2bf133120a4fb5695043058","ACCEPTED","PASS","True","SV5_INFILL_ROOM_00d2b967a3d3b2f6b4b1_LINK","SV5_INFILL_ROOM_01ab4f357f1a1a51e05d_LINK","SV5_OPTIONAL_06","S00_04","6","6","218,23|219,23|220,23|221,23|222,23|223,23","208044b6478412daf2bad89002ce662f66af6b2f7a9c907a0071786d735e4e4d"
"SV5_LOOP_CAND_842d8fc2d36d7693d85a","9524426853892060819","842d8fc2d36d7693d85afb17be4c4a3ab5bef34475ee89684068a6a371bbefd0","REJECTED","DUPLICATE_ENDPOINT_PAIR","True","SV5_INFILL_ROOM_07fb3ac254e765673737_LINK","SV5_INFILL_ROOM_0f5736599d7acc3ea0a8_LINK","SV5_OPTIONAL_04","S03_11","22","22","569,127|568,127|568,126|567,126|566,126|565,126|564,126|564,125|563,125|562,125|561,125|560,125|560,124|559,124|558,124|557,124|556,124|556,123|555,123|554,123|553,123|552,123","208044b6478412daf2bad89002ce662f66af6b2f7a9c907a0071786d735e4e4d"
"SV5_LOOP_CAND_8660e9d6a8bb0038b269","9682996307009667128","8660e9d6a8bb0038b269d408800d3d91de2d980887a87181d4ecfa5d2ed6a8b9","REJECTED","DUPLICATE_ENDPOINT_PAIR","True","SV5_INFILL_ROOM_005a04bda9ede05b1190_LINK","SV5_INFILL_ROOM_1c4c6b34887f12eefac3_LINK","SV5_OPTIONAL_09","S04_02","10","10","126,131|127,131|127,132|128,132|128,133|129,133|129,134|130,134|130,135|131,135","208044b6478412daf2bad89002ce662f66af6b2f7a9c907a0071786d735e4e4d"
"SV5_LOOP_CAND_8661d70c361c0190b61b","9683257121270661520","8661d70c361c0190b61bf8b44c72e5a6d127856e699e541436b039d7b6774e92","REJECTED","DUPLICATE_ENDPOINT_PAIR","True","SV5_INFILL_ROOM_0b825bde62b1eee79257_LINK","SV5_INFILL_ROOM_0d8cf875280fe40a6142_LINK","SV5_OPTIONAL_12","S09_00","10","10","38,307|39,307|40,307|41,307|42,307|43,307|44,307|45,307|46,307|47,307","208044b6478412daf2bad89002ce662f66af6b2f7a9c907a0071786d735e4e4d"
"SV5_LOOP_CAND_886eb82d61342ccfb24a","9830997541640219855","886eb82d61342ccfb24a2ae01537d2846ff60d40fbcc4cce7eca581a09ba6195","REJECTED","INELIGIBLE_HASH","False","SV5_INFILL_ROOM_04458846b0c9a081817d_LINK","SV5_INFILL_ROOM_41bfb11db98643b33449_LINK","SV5_OPTIONAL_07","S02_03","8","8","179,87|178,87|177,87|176,87|175,87|174,87|173,87|172,87","208044b6478412daf2bad89002ce662f66af6b2f7a9c907a0071786d735e4e4d"
"SV5_LOOP_CAND_88ac173a4b335f18f9f1","9848272024289632024","88ac173a4b335f18f9f16e524bed3a710dd3e140518ce9aca9e6646ba7e645a3","REJECTED","DUPLICATE_ENDPOINT_PAIR","True","SV5_INFILL_ROOM_0274815fcd6818f05a6a_LINK","SV5_INFILL_ROOM_136a2d749c8d7eddcf7e_LINK","SV5_OPTIONAL_09","S04_02","13","13","122,151|123,151|123,150|124,150|125,150|125,149|126,149|127,149|127,148|128,148|129,148|129,147|130,147","208044b6478412daf2bad89002ce662f66af6b2f7a9c907a0071786d735e4e4d"
"SV5_LOOP_CAND_88ba8357558a42259683","9852331545946898981","88ba8357558a4225968349b1506c8246efba3313256156ba42a5822574236dfa","REJECTED","INELIGIBLE_HASH","False","SV5_INFILL_ROOM_04458846b0c9a081817d_LINK","SV5_INFILL_ROOM_41bfb11db98643b33449_LINK","SV5_OPTIONAL_07","S02_03","10","10","183,87|182,87|181,87|180,87|179,87|178,87|177,87|176,87|175,87|174,87","208044b6478412daf2bad89002ce662f66af6b2f7a9c907a0071786d735e4e4d"
"SV5_LOOP_CAND_8994f938988012a66ef7","9913822701221319334","8994f938988012a66ef7613cf564ff9887f8e10fbea6031d4eb0fc67db8ea863","REJECTED","INELIGIBLE_HASH","False","SV5_INFILL_ROOM_002b1fdb38d3b5d62912_LINK","SV5_INFILL_ROOM_04b3ee2d2f798b163c8e_LINK","SV5_OPTIONAL_04","S00_11","16","16","559,23|558,23|557,23|556,23|555,23|554,23|553,23|552,23|551,23|550,23|549,23|548,23|547,23|546,23|545,23|544,23","208044b6478412daf2bad89002ce662f66af6b2f7a9c907a0071786d735e4e4d"
"SV5_LOOP_CAND_8cae94d1df0efd8574db","10137203440368942469","8cae94d1df0efd8574dbae633d1ceb46a77b57ca96f9bebe3d1aacf67d11d3d2","REJECTED","INELIGIBLE_HASH","False","SV5_INFILL_ROOM_04458846b0c9a081817d_LINK","SV5_INFILL_ROOM_41bfb11db98643b33449_LINK","SV5_OPTIONAL_07","S02_03","10","10","182,87|181,87|180,87|179,87|178,87|177,87|176,87|175,87|174,87|173,87","208044b6478412daf2bad89002ce662f66af6b2f7a9c907a0071786d735e4e4d"
"SV5_LOOP_CAND_8d6816b2835e7680359d","10189419112889742976","8d6816b2835e7680359d8c55cfb26323305f735f3799ed1a2ca4cb247d2fa2e9","REJECTED","INELIGIBLE_HASH","False","SV5_INFILL_ROOM_046863d4c69cd86e081e_LINK","SV5_INFILL_ROOM_050904725fdcd82ff28e_LINK","SV5_OPTIONAL_04","S02_11","18","18","545,75|546,75|546,74|547,74|548,74|549,74|549,73|550,73|551,73|552,73|552,72|553,72|554,72|555,72|555,71|556,71|557,71|558,71","208044b6478412daf2bad89002ce662f66af6b2f7a9c907a0071786d735e4e4d"
"SV5_LOOP_CAND_8ef48a814cead7d9a16a","10301010535649040345","8ef48a814cead7d9a16a6626f55cc4f8501471da040285aef48c2e754ec7ee8d","REJECTED","INELIGIBLE_HASH","False","SV5_INFILL_ROOM_0274815fcd6818f05a6a_LINK","SV5_INFILL_ROOM_136a2d749c8d7eddcf7e_LINK","SV5_OPTIONAL_09","S04_02","22","22","113,151|114,151|114,150|115,150|116,150|117,150|118,150|118,149|119,149|120,149|121,149|122,149|122,148|123,148|124,148|125,148|126,148|126,147|127,147|128,147|129,147|130,147","208044b6478412daf2bad89002ce662f66af6b2f7a9c907a0071786d735e4e4d"
"SV5_LOOP_CAND_903e4a516a39ef7e8050","10393826703552671614","903e4a516a39ef7e8050e152000c228832d8f492f4162e84ac16b40a95b3096b","REJECTED","DUPLICATE_ENDPOINT_PAIR","True","SV5_INFILL_ROOM_0b825bde62b1eee79257_LINK","SV5_INFILL_ROOM_0d8cf875280fe40a6142_LINK","SV5_OPTIONAL_12","S09_00","5","5","38,307|39,307|40,307|41,307|42,307","208044b6478412daf2bad89002ce662f66af6b2f7a9c907a0071786d735e4e4d"
"SV5_LOOP_CAND_90d8655ffcad7d229930","10437203599366651170","90d8655ffcad7d22993044577a0cbf53856db649ba86b83f83a644b7c2ca585b","REJECTED","INELIGIBLE_HASH","False","SV5_INFILL_ROOM_07fb3ac254e765673737_LINK","SV5_INFILL_ROOM_0f5736599d7acc3ea0a8_LINK","SV5_OPTIONAL_04","S03_11","14","14","562,127|561,127|561,126|560,126|559,126|559,125|558,125|557,125|557,124|556,124|555,124|555,123|554,123|553,123","208044b6478412daf2bad89002ce662f66af6b2f7a9c907a0071786d735e4e4d"
"SV5_LOOP_CAND_924eded6c69159fec88c","10542608791756691966","924eded6c69159fec88c50f238eb3c10b85119d95d9441f5b050820da3ca6de4","REJECTED","INELIGIBLE_HASH","False","SV5_INFILL_ROOM_0274815fcd6818f05a6a_LINK","SV5_INFILL_ROOM_136a2d749c8d7eddcf7e_LINK","SV5_OPTIONAL_09","S04_02","14","14","121,151|122,151|122,150|123,150|124,150|124,149|125,149|126,149|126,148|127,148|128,148|128,147|129,147|130,147","208044b6478412daf2bad89002ce662f66af6b2f7a9c907a0071786d735e4e4d"
"SV5_LOOP_CAND_9493d3bd4c91ebcabfb1","10706133549176712138","9493d3bd4c91ebcabfb127165095282a2d64f27d1dbbcfe655c498fa90367e3e","REJECTED","INELIGIBLE_HASH","False","SV5_INFILL_ROOM_002b1fdb38d3b5d62912_LINK","SV5_INFILL_ROOM_04b3ee2d2f798b163c8e_LINK","SV5_OPTIONAL_04","S00_11","12","12","558,23|557,23|556,23|555,23|554,23|553,23|552,23|551,23|550,23|549,23|548,23|547,23","208044b6478412daf2bad89002ce662f66af6b2f7a9c907a0071786d735e4e4d"
"SV5_LOOP_CAND_9497ed9c2ee4dc6b902f","10707287894154075243","9497ed9c2ee4dc6b902f77c4f8cd02a001a75f3ebc32bd7eedd062a699d9bd6f","REJECTED","INELIGIBLE_HASH","False","SV5_INFILL_ROOM_002b1fdb38d3b5d62912_LINK","SV5_INFILL_ROOM_04b3ee2d2f798b163c8e_LINK","SV5_OPTIONAL_04","S00_11","13","13","559,23|558,23|557,23|556,23|555,23|554,23|553,23|552,23|551,23|550,23|549,23|548,23|547,23","208044b6478412daf2bad89002ce662f66af6b2f7a9c907a0071786d735e4e4d"
"SV5_LOOP_CAND_94a5f4f7b2f4bd18732c","10711236633467075864","94a5f4f7b2f4bd18732c0cdaef8f5bf37da9f0760541a64cabd49f8940945d6c","REJECTED","INELIGIBLE_HASH","False","SV5_INFILL_ROOM_07fb3ac254e765673737_LINK","SV5_INFILL_ROOM_0f5736599d7acc3ea0a8_LINK","SV5_OPTIONAL_04","S03_11","22","22","571,127|570,127|570,126|569,126|568,126|567,126|566,126|566,125|565,125|564,125|563,125|562,125|562,124|561,124|560,124|559,124|558,124|558,123|557,123|556,123|555,123|554,123","208044b6478412daf2bad89002ce662f66af6b2f7a9c907a0071786d735e4e4d"
"SV5_LOOP_CAND_951f83381db2ac6478dd","10745451512968948836","951f83381db2ac6478ddf01843fc5ecd500335a7e918c27e70dc581ebb13c5a5","REJECTED","INELIGIBLE_HASH","False","SV5_INFILL_ROOM_005a04bda9ede05b1190_LINK","SV5_INFILL_ROOM_1c4c6b34887f12eefac3_LINK","SV5_OPTIONAL_09","S04_02","22","22","126,131|127,131|128,131|129,131|130,131|130,132|131,132|132,132|133,132|134,132|134,133|135,133|136,133|137,133|138,133|138,134|139,134|140,134|141,134|142,134|142,135|143,135","208044b6478412daf2bad89002ce662f66af6b2f7a9c907a0071786d735e4e4d"
"SV5_LOOP_CAND_956f528ca08f5214210a","10767915998008791572","956f528ca08f5214210a8064873afd037778f280f0a27c52199e259378416df9","REJECTED","INELIGIBLE_HASH","False","SV5_INFILL_ROOM_04458846b0c9a081817d_LINK","SV5_INFILL_ROOM_41bfb11db98643b33449_LINK","SV5_OPTIONAL_07","S02_03","12","12","183,87|182,87|181,87|180,87|179,87|178,87|177,87|176,87|175,87|174,87|173,87|172,87","208044b6478412daf2bad89002ce662f66af6b2f7a9c907a0071786d735e4e4d"
"SV5_LOOP_CAND_95c444ea9f0b848ce0ac","10791826381567919244","95c444ea9f0b848ce0ac3413097941f4306b6ba915055001ac9c31a3ec8419fe","REJECTED","INELIGIBLE_HASH","False","SV5_INFILL_ROOM_033878718f1e33807663_LINK","SV5_INFILL_ROOM_03b08efc4624bc79bd40_LINK","SV5_OPTIONAL_12","S11_00","5","5","42,371|41,371|40,371|39,371|38,371","208044b6478412daf2bad89002ce662f66af6b2f7a9c907a0071786d735e4e4d"
"SV5_LOOP_CAND_9682f0b30efd51933ef5","10845495504502870419","9682f0b30efd51933ef5bc97c44f70c525d7d809a447742206bc71c3b0818977","ACCEPTED","PASS","True","SV5_INFILL_ROOM_088f25cbc663d6d3b7a4_LINK","SV5_INFILL_ROOM_1a82971bf4756de9b6e1_LINK","SV5_OPTIONAL_00","S11_08","6","6","381,367|382,367|383,367|384,367|385,367|386,367","208044b6478412daf2bad89002ce662f66af6b2f7a9c907a0071786d735e4e4d"
"SV5_LOOP_CAND_973d4cd57d2ab28f2a87","10897951153118163599","973d4cd57d2ab28f2a87b3ebdcf7d753901e6917775980ff43e7f0049b81ba51","REJECTED","INELIGIBLE_HASH","False","SV5_INFILL_ROOM_005a04bda9ede05b1190_LINK","SV5_INFILL_ROOM_1c4c6b34887f12eefac3_LINK","SV5_OPTIONAL_09","S04_02","15","15","125,131|126,131|127,131|127,132|128,132|129,132|129,133|130,133|131,133|132,133|132,134|133,134|134,134|134,135|135,135","208044b6478412daf2bad89002ce662f66af6b2f7a9c907a0071786d735e4e4d"
"SV5_LOOP_CAND_9776b371d225a4cd6149","10914108048417334477","9776b371d225a4cd614910a37ce2612570339e023ea60a206b8827de5b39f184","REJECTED","INELIGIBLE_HASH","False","SV5_INFILL_ROOM_16de283f3026f06e031f_LINK","SV5_INFILL_ROOM_1ea3a9898e39ffe90dff_LINK","SV5_OPTIONAL_04","S03_11","5","5","558,107|557,107|556,107|555,107|554,107","208044b6478412daf2bad89002ce662f66af6b2f7a9c907a0071786d735e4e4d"
"SV5_LOOP_CAND_98509f8787480a4edb73","10975447696340945486","98509f8787480a4edb7362cbfec018a94d7f96704f28e086b502f87f6c69ed14","REJECTED","INELIGIBLE_HASH","False","SV5_INFILL_ROOM_005a04bda9ede05b1190_LINK","SV5_INFILL_ROOM_1c4c6b34887f12eefac3_LINK","SV5_OPTIONAL_09","S04_02","19","19","124,131|125,131|126,131|127,131|127,132|128,132|129,132|130,132|130,133|131,133|132,133|133,133|134,133|134,134|135,134|136,134|137,134|137,135|138,135","208044b6478412daf2bad89002ce662f66af6b2f7a9c907a0071786d735e4e4d"
"SV5_LOOP_CAND_997d1f56e5d5c4a024b7","11060030717975446688","997d1f56e5d5c4a024b78d3ef962526764037ef18ad3e302e13d5bb9f9064633","REJECTED","INELIGIBLE_HASH","False","SV5_INFILL_ROOM_005a04bda9ede05b1190_LINK","SV5_INFILL_ROOM_1c4c6b34887f12eefac3_LINK","SV5_OPTIONAL_09","S04_02","23","23","124,131|125,131|126,131|127,131|128,131|128,132|129,132|130,132|131,132|132,132|132,133|133,133|134,133|135,133|136,133|137,133|137,134|138,134|139,134|140,134|141,134|141,135|142,135","208044b6478412daf2bad89002ce662f66af6b2f7a9c907a0071786d735e4e4d"
"SV5_LOOP_CAND_99bc815449df3ebfbf20","11077871382441180863","99bc815449df3ebfbf20c87aa0bd2078887e0cdbc21f485453478a78aa51649a","REJECTED","INELIGIBLE_HASH","False","SV5_INFILL_ROOM_046863d4c69cd86e081e_LINK","SV5_INFILL_ROOM_050904725fdcd82ff28e_LINK","SV5_OPTIONAL_04","S02_11","11","11","552,75|553,75|553,74|554,74|554,73|555,73|556,73|556,72|557,72|557,71|558,71","208044b6478412daf2bad89002ce662f66af6b2f7a9c907a0071786d735e4e4d"
"SV5_LOOP_CAND_99f0587122d83d481944","11092463125152677192","99f0587122d83d4819446ad1fd835e2343d81d6f5984be61d1aefd8053467ce2","REJECTED","INELIGIBLE_HASH","False","SV5_INFILL_ROOM_005a04bda9ede05b1190_LINK","SV5_INFILL_ROOM_1c4c6b34887f12eefac3_LINK","SV5_OPTIONAL_09","S04_02","24","24","126,131|127,131|128,131|129,131|130,131|130,132|131,132|132,132|133,132|134,132|135,132|135,133|136,133|137,133|138,133|139,133|140,133|140,134|141,134|142,134|143,134|144,134|144,135|145,135","208044b6478412daf2bad89002ce662f66af6b2f7a9c907a0071786d735e4e4d"
"SV5_LOOP_CAND_9bb55fffb4fd475e19c9","11219979598521255774","9bb55fffb4fd475e19c9ce8c4a9cec278ddd0e9527c20aa4a03cea4d6c91a194","REJECTED","INELIGIBLE_HASH","False","SV5_INFILL_ROOM_0b825bde62b1eee79257_LINK","SV5_INFILL_ROOM_0d8cf875280fe40a6142_LINK","SV5_OPTIONAL_12","S09_00","12","12","37,308|38,308|38,307|39,307|40,307|41,307|42,307|43,307|44,307|45,307|46,307|47,307","208044b6478412daf2bad89002ce662f66af6b2f7a9c907a0071786d735e4e4d"
"SV5_LOOP_CAND_9db11569c11061311663","11362886878787297585","9db11569c110613116632fd29c6062be36ad9d3980436398fe39be3a9c63eb93","REJECTED","INELIGIBLE_HASH","False","SV5_INFILL_ROOM_16de283f3026f06e031f_LINK","SV5_INFILL_ROOM_1ea3a9898e39ffe90dff_LINK","SV5_OPTIONAL_04","S03_11","23","23","571,110|570,110|570,109|569,109|568,109|567,109|566,109|565,109|564,109|564,108|563,108|562,108|561,108|560,108|559,108|558,108|558,107|557,107|556,107|555,107|554,107|553,107|552,107","208044b6478412daf2bad89002ce662f66af6b2f7a9c907a0071786d735e4e4d"
"SV5_LOOP_CAND_9db1ff495e5686f891b9","11363144025412896504","9db1ff495e5686f891b9c6b5d7aff8a8204e5581fd6498908db16563b1b60806","REJECTED","DUPLICATE_ENDPOINT_PAIR","True","SV5_INFILL_ROOM_0b825bde62b1eee79257_LINK","SV5_INFILL_ROOM_0d8cf875280fe40a6142_LINK","SV5_OPTIONAL_12","S09_00","7","7","37,308|38,308|38,307|39,307|40,307|41,307|42,307","208044b6478412daf2bad89002ce662f66af6b2f7a9c907a0071786d735e4e4d"
"SV5_LOOP_CAND_9de52f0eb28f4c367fc8","11377551773793209398","9de52f0eb28f4c367fc8d9dfd92d3b90bb553a9f40dc28c8b77a5cfcecae14a2","REJECTED","INELIGIBLE_HASH","False","SV5_INFILL_ROOM_04458846b0c9a081817d_LINK","SV5_INFILL_ROOM_41bfb11db98643b33449_LINK","SV5_OPTIONAL_07","S02_03","6","6","179,87|178,87|177,87|176,87|175,87|174,87","208044b6478412daf2bad89002ce662f66af6b2f7a9c907a0071786d735e4e4d"
"SV5_LOOP_CAND_9e7b205617c49f5471c8","11419756834266062676","9e7b205617c49f5471c81148b581a377e7673282c9e7f6b01b864cbd9ad75c1e","REJECTED","INELIGIBLE_HASH","False","SV5_INFILL_ROOM_088f25cbc663d6d3b7a4_LINK","SV5_INFILL_ROOM_1a82971bf4756de9b6e1_LINK","SV5_OPTIONAL_00","S11_08","8","8","380,367|381,367|382,367|383,367|384,367|385,367|386,367|387,367","208044b6478412daf2bad89002ce662f66af6b2f7a9c907a0071786d735e4e4d"
"SV5_LOOP_CAND_9e94403b434877977d0c","11426828777821861783","9e94403b434877977d0c6291ce2b66c5b639e9e0c30af8042a1018c9d777835b","REJECTED","INELIGIBLE_HASH","False","SV5_INFILL_ROOM_002b1fdb38d3b5d62912_LINK","SV5_INFILL_ROOM_04b3ee2d2f798b163c8e_LINK","SV5_OPTIONAL_04","S00_11","6","6","559,23|558,23|557,23|556,23|555,23|554,23","208044b6478412daf2bad89002ce662f66af6b2f7a9c907a0071786d735e4e4d"
"SV5_LOOP_CAND_9f7eb4d0b31b01085b3f","11492822107547173128","9f7eb4d0b31b01085b3ff5dbaefca33e01022b176adb569fe770ad6285bcd395","REJECTED","DUPLICATE_ENDPOINT_PAIR","True","SV5_INFILL_ROOM_04458846b0c9a081817d_LINK","SV5_INFILL_ROOM_41bfb11db98643b33449_LINK","SV5_OPTIONAL_07","S02_03","9","9","180,87|179,87|178,87|177,87|176,87|175,87|174,87|173,87|172,87","208044b6478412daf2bad89002ce662f66af6b2f7a9c907a0071786d735e4e4d"
"SV5_LOOP_CAND_a211ba82ea2ee0602b89","11678320380185862240","a211ba82ea2ee0602b89d2f4d465c52934aa21b15b56a0c931bd08112e26cdae","REJECTED","INELIGIBLE_HASH","False","SV5_INFILL_ROOM_0211dda6690845617294_LINK","SV5_INFILL_ROOM_03bff8d63e21cbc62be9_LINK","SV5_OPTIONAL_06","S01_04","18","18","208,54|209,54|209,53|210,53|211,53|212,53|213,53|213,52|214,52|215,52|216,52|217,52|218,52|218,51|219,51|220,51|221,51|222,51","208044b6478412daf2bad89002ce662f66af6b2f7a9c907a0071786d735e4e4d"
"SV5_LOOP_CAND_a50eca6c363bbd8d1749","11893666232047222157","a50eca6c363bbd8d1749b0fa5e3b69b77f96f1c69254552852bb534aac187f47","REJECTED","INELIGIBLE_HASH","False","SV5_INFILL_ROOM_04458846b0c9a081817d_LINK","SV5_INFILL_ROOM_41bfb11db98643b33449_LINK","SV5_OPTIONAL_07","S02_03","13","13","186,87|185,87|184,87|183,87|182,87|181,87|180,87|179,87|178,87|177,87|176,87|175,87|174,87","208044b6478412daf2bad89002ce662f66af6b2f7a9c907a0071786d735e4e4d"
"SV5_LOOP_CAND_a59251e204670f06d395","11930688394036186886","a59251e204670f06d395e4bde35fca08229af34127c2f00a003ac1fa75bf629a","REJECTED","INELIGIBLE_HASH","False","SV5_INFILL_ROOM_0097a6b558d6e61e58f5_LINK","SV5_INFILL_ROOM_33f41990cacb1dba9034_LINK","SV5_OPTIONAL_RETURN_TO_START","S09_07","24","24","372,322|373,322|373,321|374,321|374,320|375,320|375,319|376,319|376,318|377,318|377,317|378,317|378,316|379,316|379,315|380,315|380,314|381,314|381,313|382,313|382,312|383,312|383,311|384,311","208044b6478412daf2bad89002ce662f66af6b2f7a9c907a0071786d735e4e4d"
"SV5_LOOP_CAND_a59e9bc6c070b6ff7eef","11934147340512835327","a59e9bc6c070b6ff7eef10a1add5a8561179942a2622edd76c1c6b358a7b6814","REJECTED","DUPLICATE_ENDPOINT_PAIR","True","SV5_INFILL_ROOM_16de283f3026f06e031f_LINK","SV5_INFILL_ROOM_1ea3a9898e39ffe90dff_LINK","SV5_OPTIONAL_04","S03_11","6","6","558,107|557,107|556,107|555,107|554,107|553,107","208044b6478412daf2bad89002ce662f66af6b2f7a9c907a0071786d735e4e4d"
"SV5_LOOP_CAND_a7028705739623284709","12034329611771192104","a702870573962328470953f00b39e8a8ce0d5e299ef98d355dd1ca61b8d7c6ef","REJECTED","DUPLICATE_ENDPOINT_PAIR","True","SV5_INFILL_ROOM_0211dda6690845617294_LINK","SV5_INFILL_ROOM_03bff8d63e21cbc62be9_LINK","SV5_OPTIONAL_06","S01_04","20","20","206,54|207,54|207,53|208,53|209,53|210,53|211,53|212,53|212,52|213,52|214,52|215,52|216,52|217,52|217,51|218,51|219,51|220,51|221,51|222,51","208044b6478412daf2bad89002ce662f66af6b2f7a9c907a0071786d735e4e4d"
"SV5_LOOP_CAND_a75e34d90751697a7655","12060134958880090490","a75e34d90751697a765595e90668c95bf000f172026b17dfd68a3ab27086f0b6","REJECTED","INELIGIBLE_HASH","False","SV5_INFILL_ROOM_0274815fcd6818f05a6a_LINK","SV5_INFILL_ROOM_136a2d749c8d7eddcf7e_LINK","SV5_OPTIONAL_09","S04_02","24","24","112,151|113,151|113,150|114,150|115,150|116,150|117,150|117,149|118,149|119,149|120,149|121,149|122,149|122,148|123,148|124,148|125,148|126,148|127,148|127,147|128,147|129,147|130,147|131,147","208044b6478412daf2bad89002ce662f66af6b2f7a9c907a0071786d735e4e4d"
"SV5_LOOP_CAND_a82fe0083aefa118e4a4","12119151448230437144","a82fe0083aefa118e4a45628f4c763efb9c54bb63bce4e3e674ce7466cfc5d89","REJECTED","INELIGIBLE_HASH","False","SV5_INFILL_ROOM_002b1fdb38d3b5d62912_LINK","SV5_INFILL_ROOM_04b3ee2d2f798b163c8e_LINK","SV5_OPTIONAL_04","S00_11","19","19","559,23|558,23|557,23|556,23|555,23|554,23|553,23|552,23|551,23|550,23|549,23|548,23|547,23|546,23|545,23|544,23|543,23|542,23|541,23","208044b6478412daf2bad89002ce662f66af6b2f7a9c907a0071786d735e4e4d"
"SV5_LOOP_CAND_a8582424d968d97cd536","12130485337007380860","a8582424d968d97cd53601170d158db4a8387820214fa1622b1b106b85d8c418","REJECTED","INELIGIBLE_HASH","False","SV5_INFILL_ROOM_0274815fcd6818f05a6a_LINK","SV5_INFILL_ROOM_136a2d749c8d7eddcf7e_LINK","SV5_OPTIONAL_09","S04_02","21","21","115,151|116,151|116,150|117,150|118,150|119,150|120,150|120,149|121,149|122,149|123,149|124,149|124,148|125,148|126,148|127,148|128,148|128,147|129,147|130,147|131,147","208044b6478412daf2bad89002ce662f66af6b2f7a9c907a0071786d735e4e4d"
"SV5_LOOP_CAND_a93da53c2491b26573d2","12195085043719320165","a93da53c2491b26573d2b69122124d3c0cb6c788f35ec9b102ccf07f56267509","REJECTED","INELIGIBLE_HASH","False","SV5_INFILL_ROOM_02284733d117494c6d27_LINK","SV5_INFILL_ROOM_030a02d7aa5a692e4bf7_LINK","SV5_OPTIONAL_12","S11_00","17","17","42,351|41,351|41,352|40,352|40,353|39,353|39,354|38,354|37,354|37,355|36,355|36,356|35,356|35,357|34,357|34,358|33,358","208044b6478412daf2bad89002ce662f66af6b2f7a9c907a0071786d735e4e4d"
"SV5_LOOP_CAND_a9992340cdf4ba150432","12220837825086798357","a9992340cdf4ba150432c936fe9ddf8a647b86552a263566bae13ced8f7625b0","REJECTED","INELIGIBLE_HASH","False","SV5_INFILL_ROOM_07fb3ac254e765673737_LINK","SV5_INFILL_ROOM_0f5736599d7acc3ea0a8_LINK","SV5_OPTIONAL_04","S03_11","24","24","573,127|572,127|572,126|571,126|570,126|569,126|568,126|568,125|567,125|566,125|565,125|564,125|563,125|563,124|562,124|561,124|560,124|559,124|558,124|558,123|557,123|556,123|555,123|554,123","208044b6478412daf2bad89002ce662f66af6b2f7a9c907a0071786d735e4e4d"
"SV5_LOOP_CAND_aa9f2b98866187165e10","12294593441834305302","aa9f2b98866187165e1091dc7aa973cc8872f975a4a3da1ffb4d37f435cb9611","REJECTED","DUPLICATE_ENDPOINT_PAIR","True","SV5_INFILL_ROOM_005a04bda9ede05b1190_LINK","SV5_INFILL_ROOM_1c4c6b34887f12eefac3_LINK","SV5_OPTIONAL_09","S04_02","23","23","123,131|124,131|125,131|126,131|127,131|127,132|128,132|129,132|130,132|131,132|131,133|132,133|133,133|134,133|135,133|136,133|136,134|137,134|138,134|139,134|140,134|140,135|141,135","208044b6478412daf2bad89002ce662f66af6b2f7a9c907a0071786d735e4e4d"
"SV5_LOOP_CAND_aae7db2906369f920d0a","12315052675312295826","aae7db2906369f920d0afa597e7d6225e182444fdf137a101e146c353cffa006","REJECTED","DUPLICATE_ENDPOINT_PAIR","True","SV5_INFILL_ROOM_07fb3ac254e765673737_LINK","SV5_INFILL_ROOM_0f5736599d7acc3ea0a8_LINK","SV5_OPTIONAL_04","S03_11","17","17","566,127|565,127|565,126|564,126|563,126|562,126|562,125|561,125|560,125|559,125|559,124|558,124|557,124|556,124|556,123|555,123|554,123","208044b6478412daf2bad89002ce662f66af6b2f7a9c907a0071786d735e4e4d"
"SV5_LOOP_CAND_ad126bc2fb1dbec04914","12471148803323182784","ad126bc2fb1dbec0491439184e64e1c46dcb6c213ce67c8b403f3efd053d7900","REJECTED","INELIGIBLE_HASH","False","SV5_INFILL_ROOM_07fb3ac254e765673737_LINK","SV5_INFILL_ROOM_0f5736599d7acc3ea0a8_LINK","SV5_OPTIONAL_04","S03_11","19","19","568,127|567,127|567,126|566,126|565,126|564,126|564,125|563,125|562,125|561,125|560,125|560,124|559,124|558,124|557,124|557,123|556,123|555,123|554,123","208044b6478412daf2bad89002ce662f66af6b2f7a9c907a0071786d735e4e4d"
"SV5_LOOP_CAND_ad834cb046b3ffc71092","12502921310494785479","ad834cb046b3ffc710920cfd9c9304333d6aaf793a1fe3c007bc73ec19a3f88a","REJECTED","INELIGIBLE_HASH","False","SV5_INFILL_ROOM_07fb3ac254e765673737_LINK","SV5_INFILL_ROOM_0f5736599d7acc3ea0a8_LINK","SV5_OPTIONAL_04","S03_11","21","21","569,127|568,127|568,126|567,126|566,126|565,126|564,126|564,125|563,125|562,125|561,125|560,125|560,124|559,124|558,124|557,124|556,124|556,123|555,123|554,123|553,123","208044b6478412daf2bad89002ce662f66af6b2f7a9c907a0071786d735e4e4d"
"SV5_LOOP_CAND_adfb43972cd5134950b3","12536688304287191881","adfb43972cd5134950b3b211b0acbf99f53df013705259133d2b30386fee1bf6","REJECTED","INELIGIBLE_HASH","False","SV5_INFILL_ROOM_0274815fcd6818f05a6a_LINK","SV5_INFILL_ROOM_136a2d749c8d7eddcf7e_LINK","SV5_OPTIONAL_09","S04_02","24","24","111,151|112,151|112,150|113,150|114,150|115,150|116,150|116,149|117,149|118,149|119,149|120,149|121,149|121,148|122,148|123,148|124,148|125,148|126,148|126,147|127,147|128,147|129,147|130,147","208044b6478412daf2bad89002ce662f66af6b2f7a9c907a0071786d735e4e4d"
"SV5_LOOP_CAND_ae2b313e23a9e303631d","12550178929554088707","ae2b313e23a9e303631d3cd4f6183ff55fb4db5395f02b2b656d36fe4f43034d","REJECTED","DUPLICATE_ENDPOINT_PAIR","True","SV5_INFILL_ROOM_0274815fcd6818f05a6a_LINK","SV5_INFILL_ROOM_136a2d749c8d7eddcf7e_LINK","SV5_OPTIONAL_09","S04_02","20","20","116,151|117,151|117,150|118,150|119,150|120,150|120,149|121,149|122,149|123,149|124,149|124,148|125,148|126,148|127,148|128,148|128,147|129,147|130,147|131,147","208044b6478412daf2bad89002ce662f66af6b2f7a9c907a0071786d735e4e4d"
"SV5_LOOP_CAND_b05e067e52ca3ba33f2e","12708602338110749603","b05e067e52ca3ba33f2e3d3f981dacdd3ff08a5a2327e9c2868ad6a1f2e6d911","REJECTED","DUPLICATE_ENDPOINT_PAIR","True","SV5_INFILL_ROOM_02284733d117494c6d27_LINK","SV5_INFILL_ROOM_030a02d7aa5a692e4bf7_LINK","SV5_OPTIONAL_12","S11_00","24","24","42,351|41,351|40,351|40,352|39,352|38,352|38,353|37,353|36,353|36,354|35,354|34,354|33,354|33,355|32,355|31,355|31,356|30,356|29,356|29,357|28,357|27,357|27,358|26,358","208044b6478412daf2bad89002ce662f66af6b2f7a9c907a0071786d735e4e4d"
"SV5_LOOP_CAND_b11617f6c373f92e0c57","12760412942809430318","b11617f6c373f92e0c575e0972d1af18758e209800bb20a0d51df1de117da8be","REJECTED","DUPLICATE_ENDPOINT_PAIR","True","SV5_INFILL_ROOM_04458846b0c9a081817d_LINK","SV5_INFILL_ROOM_41bfb11db98643b33449_LINK","SV5_OPTIONAL_07","S02_03","11","11","183,87|182,87|181,87|180,87|179,87|178,87|177,87|176,87|175,87|174,87|173,87","208044b6478412daf2bad89002ce662f66af6b2f7a9c907a0071786d735e4e4d"
"SV5_LOOP_CAND_b147a1d0b40487e7d3b8","12774356785805166567","b147a1d0b40487e7d3b8338b1e62832c7a9d0390c80093860d41d9aa77eb4efd","REJECTED","INELIGIBLE_HASH","False","SV5_INFILL_ROOM_005a04bda9ede05b1190_LINK","SV5_INFILL_ROOM_1c4c6b34887f12eefac3_LINK","SV5_OPTIONAL_09","S04_02","15","15","126,131|127,131|128,131|128,132|129,132|130,132|130,133|131,133|132,133|133,133|133,134|134,134|135,134|135,135|136,135","208044b6478412daf2bad89002ce662f66af6b2f7a9c907a0071786d735e4e4d"
"SV5_LOOP_CAND_b17a5129d4c2b60cce63","12788623331976984076","b17a5129d4c2b60cce63cf46afe05ba1b65850177eadc57601d4c5b45270ed5f","REJECTED","INELIGIBLE_HASH","False","SV5_INFILL_ROOM_002847beba22c27fafc7_LINK","SV5_INFILL_ROOM_9643b540e628fa680b9f_LINK","SV5_OPTIONAL_00","S10_08","22","22","395,355|394,355|394,354|393,354|393,353|392,353|391,353|391,352|390,352|390,351|389,351|388,351|388,350|387,350|386,350|386,349|385,349|385,348|384,348|383,348|383,347|382,347","208044b6478412daf2bad89002ce662f66af6b2f7a9c907a0071786d735e4e4d"
"SV5_LOOP_CAND_b1a38e0e906e6a27a177","12800230759120923175","b1a38e0e906e6a27a1778541a5e9e9bdd95db5f2e92477cd5cd2982fec044f48","REJECTED","INELIGIBLE_HASH","False","SV5_INFILL_ROOM_0211dda6690845617294_LINK","SV5_INFILL_ROOM_03bff8d63e21cbc62be9_LINK","SV5_OPTIONAL_06","S01_04","23","23","204,54|205,54|205,53|206,53|207,53|208,53|209,53|210,53|211,53|211,52|212,52|213,52|214,52|215,52|216,52|217,52|217,51|218,51|219,51|220,51|221,51|222,51|223,51","208044b6478412daf2bad89002ce662f66af6b2f7a9c907a0071786d735e4e4d"
"SV5_LOOP_CAND_b1de8cd545712308fcfb","12816836437163975432","b1de8cd545712308fcfb84328aae23ba13080c7e86fd22f7226b0e1ca2ecfa8e","REJECTED","INELIGIBLE_HASH","False","SV5_INFILL_ROOM_16de283f3026f06e031f_LINK","SV5_INFILL_ROOM_1ea3a9898e39ffe90dff_LINK","SV5_OPTIONAL_04","S03_11","7","7","558,107|557,107|556,107|555,107|554,107|553,107|552,107","208044b6478412daf2bad89002ce662f66af6b2f7a9c907a0071786d735e4e4d"
"SV5_LOOP_CAND_b205d28406abe77e7198","12827890578124171134","b205d28406abe77e7198241e9d2a3df160452263b9552b3bf3ca88528e394ea4","REJECTED","INELIGIBLE_HASH","False","SV5_INFILL_ROOM_005a04bda9ede05b1190_LINK","SV5_INFILL_ROOM_1c4c6b34887f12eefac3_LINK","SV5_OPTIONAL_09","S04_02","22","22","124,131|125,131|126,131|127,131|128,131|128,132|129,132|130,132|131,132|132,132|132,133|133,133|134,133|135,133|136,133|136,134|137,134|138,134|139,134|140,134|140,135|141,135","208044b6478412daf2bad89002ce662f66af6b2f7a9c907a0071786d735e4e4d"
"SV5_LOOP_CAND_b318cebdf712f926fd03","12905292047519512870","b318cebdf712f926fd03d4e0f5a40809d09d3650bc38bc515bcbf6b9ef9ce06f","REJECTED","INELIGIBLE_HASH","False","SV5_INFILL_ROOM_0274815fcd6818f05a6a_LINK","SV5_INFILL_ROOM_136a2d749c8d7eddcf7e_LINK","SV5_OPTIONAL_09","S04_02","10","10","125,151|126,151|126,150|127,150|127,149|128,149|128,148|129,148|129,147|130,147","208044b6478412daf2bad89002ce662f66af6b2f7a9c907a0071786d735e4e4d"
"SV5_LOOP_CAND_b56d30b4e7052962c9ab","13073158846854539618","b56d30b4e7052962c9ab71d6b2ba428bc9cbefd44d8a92ec55058ea29bfce1d8","REJECTED","DUPLICATE_ENDPOINT_PAIR","True","SV5_INFILL_ROOM_16de283f3026f06e031f_LINK","SV5_INFILL_ROOM_1ea3a9898e39ffe90dff_LINK","SV5_OPTIONAL_04","S03_11","20","20","570,110|569,110|569,109|568,109|567,109|566,109|565,109|564,109|564,108|563,108|562,108|561,108|560,108|559,108|559,107|558,107|557,107|556,107|555,107|554,107","208044b6478412daf2bad89002ce662f66af6b2f7a9c907a0071786d735e4e4d"
"SV5_LOOP_CAND_b6800b9d05ec9088f753","13150523680959008904","b6800b9d05ec9088f753fa41facaf597c95a49199157e9b4e8fe7569af12810a","REJECTED","DUPLICATE_ENDPOINT_PAIR","True","SV5_INFILL_ROOM_002b1fdb38d3b5d62912_LINK","SV5_INFILL_ROOM_04b3ee2d2f798b163c8e_LINK","SV5_OPTIONAL_04","S00_11","14","14","558,23|557,23|556,23|555,23|554,23|553,23|552,23|551,23|550,23|549,23|548,23|547,23|546,23|545,23","208044b6478412daf2bad89002ce662f66af6b2f7a9c907a0071786d735e4e4d"
"SV5_LOOP_CAND_b7189d4ea8caf621a555","13193468069546751521","b7189d4ea8caf621a55511ca418cc108388924ed82188f738b0a7eaabe68ae5f","REJECTED","DUPLICATE_ENDPOINT_PAIR","True","SV5_INFILL_ROOM_005a04bda9ede05b1190_LINK","SV5_INFILL_ROOM_1c4c6b34887f12eefac3_LINK","SV5_OPTIONAL_09","S04_02","23","23","126,131|127,131|128,131|129,131|130,131|130,132|131,132|132,132|133,132|134,132|134,133|135,133|136,133|137,133|138,133|139,133|139,134|140,134|141,134|142,134|143,134|143,135|144,135","208044b6478412daf2bad89002ce662f66af6b2f7a9c907a0071786d735e4e4d"
"SV5_LOOP_CAND_b81455ac5699da62cbd5","13264321001188612706","b81455ac5699da62cbd5f6df99fdf7d2f1ba30b4ce93b88f8763e19ba9bdc4fd","REJECTED","DUPLICATE_ENDPOINT_PAIR","True","SV5_INFILL_ROOM_005a04bda9ede05b1190_LINK","SV5_INFILL_ROOM_1c4c6b34887f12eefac3_LINK","SV5_OPTIONAL_09","S04_02","22","22","125,131|126,131|127,131|128,131|129,131|129,132|130,132|131,132|132,132|133,132|133,133|134,133|135,133|136,133|137,133|137,134|138,134|139,134|140,134|141,134|141,135|142,135","208044b6478412daf2bad89002ce662f66af6b2f7a9c907a0071786d735e4e4d"
"SV5_LOOP_CAND_b84c5775d3813031c143","13280085564779999281","b84c5775d3813031c143f23096149aa35270f7cdb230d76ccc9f420991c88497","REJECTED","INELIGIBLE_HASH","False","SV5_INFILL_ROOM_002847beba22c27fafc7_LINK","SV5_INFILL_ROOM_9643b540e628fa680b9f_LINK","SV5_OPTIONAL_00","S10_08","24","24","397,355|396,355|396,354|395,354|395,353|394,353|393,353|393,352|392,352|391,352|391,351|390,351|389,351|389,350|388,350|387,350|387,349|386,349|385,349|385,348|384,348|383,348|383,347|382,347","208044b6478412daf2bad89002ce662f66af6b2f7a9c907a0071786d735e4e4d"
"SV5_LOOP_CAND_bad38959d8abad75a5cb","13462254730120768885","bad38959d8abad75a5cb2af4236c30948906c29e38c32ea7fd9711eb9380504e","REJECTED","INELIGIBLE_HASH","False","SV5_INFILL_ROOM_0211dda6690845617294_LINK","SV5_INFILL_ROOM_03bff8d63e21cbc62be9_LINK","SV5_OPTIONAL_06","S01_04","21","21","205,54|206,54|206,53|207,53|208,53|209,53|210,53|211,53|211,52|212,52|213,52|214,52|215,52|216,52|217,52|217,51|218,51|219,51|220,51|221,51|222,51","208044b6478412daf2bad89002ce662f66af6b2f7a9c907a0071786d735e4e4d"
"SV5_LOOP_CAND_baf6bad92e540331aee8","13472160777273344817","baf6bad92e540331aee8f18867e688c070c3b90660ab6b1dde067dcdfb7d3c34","REJECTED","DUPLICATE_ENDPOINT_PAIR","True","SV5_INFILL_ROOM_07fb3ac254e765673737_LINK","SV5_INFILL_ROOM_0f5736599d7acc3ea0a8_LINK","SV5_OPTIONAL_04","S03_11","21","21","568,127|567,127|567,126|566,126|565,126|564,126|563,126|563,125|562,125|561,125|560,125|559,125|559,124|558,124|557,124|556,124|555,124|555,123|554,123|553,123|552,123","208044b6478412daf2bad89002ce662f66af6b2f7a9c907a0071786d735e4e4d"
"SV5_LOOP_CAND_bd09d73c97c2853c73db","13621655203202893116","bd09d73c97c2853c73db6c431a301dcabfdc4df0eb6eed702656f19db7363b89","REJECTED","DUPLICATE_ENDPOINT_PAIR","True","SV5_INFILL_ROOM_04458846b0c9a081817d_LINK","SV5_INFILL_ROOM_41bfb11db98643b33449_LINK","SV5_OPTIONAL_07","S02_03","15","15","187,87|186,87|185,87|184,87|183,87|182,87|181,87|180,87|179,87|178,87|177,87|176,87|175,87|174,87|173,87","208044b6478412daf2bad89002ce662f66af6b2f7a9c907a0071786d735e4e4d"
"SV5_LOOP_CAND_bd92ac0223b007d4b3c3","13660169744956786644","bd92ac0223b007d4b3c3097fc74452639fceba240eef9782e47a34f36f4129da","REJECTED","INELIGIBLE_HASH","False","SV5_INFILL_ROOM_002b1fdb38d3b5d62912_LINK","SV5_INFILL_ROOM_04b3ee2d2f798b163c8e_LINK","SV5_OPTIONAL_04","S00_11","18","18","558,23|557,23|556,23|555,23|554,23|553,23|552,23|551,23|550,23|549,23|548,23|547,23|546,23|545,23|544,23|543,23|542,23|541,23","208044b6478412daf2bad89002ce662f66af6b2f7a9c907a0071786d735e4e4d"
"SV5_LOOP_CAND_bde2aaf4b08ace20f20c","13682686585815617056","bde2aaf4b08ace20f20ccc8d29f3d2d510390ade8f3f7227f956a4606553bb5a","REJECTED","INELIGIBLE_HASH","False","SV5_INFILL_ROOM_0274815fcd6818f05a6a_LINK","SV5_INFILL_ROOM_136a2d749c8d7eddcf7e_LINK","SV5_OPTIONAL_09","S04_02","16","16","120,151|121,151|121,150|122,150|123,150|123,149|124,149|125,149|126,149|126,148|127,148|128,148|129,148|129,147|130,147|131,147","208044b6478412daf2bad89002ce662f66af6b2f7a9c907a0071786d735e4e4d"
"SV5_LOOP_CAND_be4071b3bbd24d0e9f9b","13709082282479996174","be4071b3bbd24d0e9f9bc9717a88606ccc564735ac9c06eefe094693d2435d8f","REJECTED","INELIGIBLE_HASH","False","SV5_INFILL_ROOM_02284733d117494c6d27_LINK","SV5_INFILL_ROOM_030a02d7aa5a692e4bf7_LINK","SV5_OPTIONAL_12","S11_00","21","21","42,351|41,351|41,352|40,352|39,352|39,353|38,353|37,353|37,354|36,354|35,354|35,355|34,355|33,355|33,356|32,356|31,356|31,357|30,357|30,358|29,358","208044b6478412daf2bad89002ce662f66af6b2f7a9c907a0071786d735e4e4d"
"SV5_LOOP_CAND_bf8dd0f690083c1b20e7","13802918190357429275","bf8dd0f690083c1b20e7d6ce945381595fc00e9c720d0fffef5e358b85f3b103","REJECTED","INELIGIBLE_HASH","False","SV5_INFILL_ROOM_04458846b0c9a081817d_LINK","SV5_INFILL_ROOM_41bfb11db98643b33449_LINK","SV5_OPTIONAL_07","S02_03","7","7","178,87|177,87|176,87|175,87|174,87|173,87|172,87","208044b6478412daf2bad89002ce662f66af6b2f7a9c907a0071786d735e4e4d"
"SV5_LOOP_CAND_c0a195eb36a3c466eb0e","13880540363999134822","c0a195eb36a3c466eb0e80913a6d2707c114f017ab0f79aa609ee3f021c2812f","REJECTED","DUPLICATE_ENDPOINT_PAIR","True","SV5_INFILL_ROOM_07fb3ac254e765673737_LINK","SV5_INFILL_ROOM_0f5736599d7acc3ea0a8_LINK","SV5_OPTIONAL_04","S03_11","12","12","561,127|560,127|560,126|559,126|559,125|558,125|557,125|557,124|556,124|555,124|555,123|554,123","208044b6478412daf2bad89002ce662f66af6b2f7a9c907a0071786d735e4e4d"
"SV5_LOOP_CAND_c225415233ff6a2c9bb2","13989659638811814444","c225415233ff6a2c9bb2f47a218b45f68b1005d5f1a89676460d38686f469aae","REJECTED","INELIGIBLE_HASH","False","SV5_INFILL_ROOM_07fb3ac254e765673737_LINK","SV5_INFILL_ROOM_0f5736599d7acc3ea0a8_LINK","SV5_OPTIONAL_04","S03_11","24","24","572,127|571,127|571,126|570,126|569,126|568,126|567,126|567,125|566,125|565,125|564,125|563,125|562,125|562,124|561,124|560,124|559,124|558,124|557,124|557,123|556,123|555,123|554,123|553,123","208044b6478412daf2bad89002ce662f66af6b2f7a9c907a0071786d735e4e4d"
"SV5_LOOP_CAND_c26179e247e5a836f7be","14006610328874756150","c26179e247e5a836f7beae97abade5bd1605843900d0669a142c446b5c06c0ec","REJECTED","INELIGIBLE_HASH","False","SV5_INFILL_ROOM_04458846b0c9a081817d_LINK","SV5_INFILL_ROOM_41bfb11db98643b33449_LINK","SV5_OPTIONAL_07","S02_03","7","7","179,87|178,87|177,87|176,87|175,87|174,87|173,87","208044b6478412daf2bad89002ce662f66af6b2f7a9c907a0071786d735e4e4d"
"SV5_LOOP_CAND_c327064cb44a2c4b1133","14062215287999704139","c327064cb44a2c4b1133ab49fbf338180e8bee8269366171833d0326a5b0bb6b","REJECTED","INELIGIBLE_HASH","False","SV5_INFILL_ROOM_046863d4c69cd86e081e_LINK","SV5_INFILL_ROOM_050904725fdcd82ff28e_LINK","SV5_OPTIONAL_04","S02_11","24","24","539,75|540,75|540,74|541,74|542,74|543,74|544,74|544,73|545,73|546,73|547,73|548,73|549,73|549,72|550,72|551,72|552,72|553,72|554,72|554,71|555,71|556,71|557,71|558,71","208044b6478412daf2bad89002ce662f66af6b2f7a9c907a0071786d735e4e4d"
"SV5_LOOP_CAND_c37e6e82786b627f6af9","14086818191106597503","c37e6e82786b627f6af93fbce77ddefe6124fb1d56d8ed42fd7e2fb6157dde0f","REJECTED","DUPLICATE_ENDPOINT_PAIR","True","SV5_INFILL_ROOM_07fb3ac254e765673737_LINK","SV5_INFILL_ROOM_0f5736599d7acc3ea0a8_LINK","SV5_OPTIONAL_04","S03_11","23","23","570,127|569,127|569,126|568,126|567,126|566,126|565,126|565,125|564,125|563,125|562,125|561,125|560,125|560,124|559,124|558,124|557,124|556,124|556,123|555,123|554,123|553,123|552,123","208044b6478412daf2bad89002ce662f66af6b2f7a9c907a0071786d735e4e4d"
"SV5_LOOP_CAND_c5787f6e11a9d694082a","14229263133396555412","c5787f6e11a9d694082afb847048cf59fb6ebe603dce35bc57f869b605e918b8","REJECTED","DUPLICATE_ENDPOINT_PAIR","True","SV5_INFILL_ROOM_0b825bde62b1eee79257_LINK","SV5_INFILL_ROOM_0d8cf875280fe40a6142_LINK","SV5_OPTIONAL_12","S09_00","10","10","37,308|38,308|38,307|39,307|40,307|41,307|42,307|43,307|44,307|45,307","208044b6478412daf2bad89002ce662f66af6b2f7a9c907a0071786d735e4e4d"
"SV5_LOOP_CAND_c5d62038d626e7e2fa1e","14255617098971015138","c5d62038d626e7e2fa1edff90222ef321a7709047caf45ed693b8d51c7feafbf","REJECTED","INELIGIBLE_HASH","False","SV5_INFILL_ROOM_16de283f3026f06e031f_LINK","SV5_INFILL_ROOM_1ea3a9898e39ffe90dff_LINK","SV5_OPTIONAL_04","S03_11","18","18","568,110|567,110|567,109|566,109|565,109|564,109|563,109|563,108|562,108|561,108|560,108|559,108|558,108|558,107|557,107|556,107|555,107|554,107","208044b6478412daf2bad89002ce662f66af6b2f7a9c907a0071786d735e4e4d"
"SV5_LOOP_CAND_c6ed584137b88598807f","14334210226121115032","c6ed584137b88598807f47523afea68fcd95322b9dfdaaa583b6473d9368e3bb","REJECTED","INELIGIBLE_HASH","False","SV5_INFILL_ROOM_04458846b0c9a081817d_LINK","SV5_INFILL_ROOM_41bfb11db98643b33449_LINK","SV5_OPTIONAL_07","S02_03","5","5","178,87|177,87|176,87|175,87|174,87","208044b6478412daf2bad89002ce662f66af6b2f7a9c907a0071786d735e4e4d"
"SV5_LOOP_CAND_c73a2db6d9353e583919","14355837025548320344","c73a2db6d9353e5839191cb6010ce960e26b7a64472a371e263611ee33c0e436","REJECTED","INELIGIBLE_HASH","False","SV5_INFILL_ROOM_04458846b0c9a081817d_LINK","SV5_INFILL_ROOM_41bfb11db98643b33449_LINK","SV5_OPTIONAL_07","S02_03","16","16","187,87|186,87|185,87|184,87|183,87|182,87|181,87|180,87|179,87|178,87|177,87|176,87|175,87|174,87|173,87|172,87","208044b6478412daf2bad89002ce662f66af6b2f7a9c907a0071786d735e4e4d"
"SV5_LOOP_CAND_c7a7abca6e819073d95a","14386656420584067187","c7a7abca6e819073d95a146aa3facd399c22861626afc8d951e308a998d72eb6","REJECTED","INELIGIBLE_HASH","False","SV5_INFILL_ROOM_005a04bda9ede05b1190_LINK","SV5_INFILL_ROOM_1c4c6b34887f12eefac3_LINK","SV5_OPTIONAL_09","S04_02","24","24","124,131|125,131|126,131|127,131|128,131|128,132|129,132|130,132|131,132|132,132|133,132|133,133|134,133|135,133|136,133|137,133|138,133|138,134|139,134|140,134|141,134|142,134|142,135|143,135","208044b6478412daf2bad89002ce662f66af6b2f7a9c907a0071786d735e4e4d"
"SV5_LOOP_CAND_c82e67a439e2c8e83d52","14424580611557738728","c82e67a439e2c8e83d523f239f4af22cc63b84ed47c999c1776d052eabb13ca1","REJECTED","DUPLICATE_ENDPOINT_PAIR","True","SV5_INFILL_ROOM_04458846b0c9a081817d_LINK","SV5_INFILL_ROOM_41bfb11db98643b33449_LINK","SV5_OPTIONAL_07","S02_03","15","15","186,87|185,87|184,87|183,87|182,87|181,87|180,87|179,87|178,87|177,87|176,87|175,87|174,87|173,87|172,87","208044b6478412daf2bad89002ce662f66af6b2f7a9c907a0071786d735e4e4d"
"SV5_LOOP_CAND_c8d3173c4f14ce3c9a38","14470935575463775804","c8d3173c4f14ce3c9a3892d70727b275f68d07d2ad857d7a26638f46c4d252b8","REJECTED","DUPLICATE_ENDPOINT_PAIR","True","SV5_INFILL_ROOM_002847beba22c27fafc7_LINK","SV5_INFILL_ROOM_9643b540e628fa680b9f_LINK","SV5_OPTIONAL_00","S10_08","20","20","393,355|392,355|392,354|391,354|391,353|390,353|390,352|389,352|388,352|388,351|387,351|387,350|386,350|386,349|385,349|384,349|384,348|383,348|383,347|382,347","208044b6478412daf2bad89002ce662f66af6b2f7a9c907a0071786d735e4e4d"
"SV5_LOOP_CAND_ca9ac84802ed36331f5c","14599201353687184947","ca9ac84802ed36331f5c4df5b4b4527ace03a9f60573e7b30415a2db3cae3d1e","REJECTED","INELIGIBLE_HASH","False","SV5_INFILL_ROOM_16de283f3026f06e031f_LINK","SV5_INFILL_ROOM_1ea3a9898e39ffe90dff_LINK","SV5_OPTIONAL_04","S03_11","17","17","567,110|566,110|566,109|565,109|564,109|563,109|562,109|562,108|561,108|560,108|559,108|558,108|558,107|557,107|556,107|555,107|554,107","208044b6478412daf2bad89002ce662f66af6b2f7a9c907a0071786d735e4e4d"
"SV5_LOOP_CAND_cacb21a59ac8699e0062","14612810411083852190","cacb21a59ac8699e00628051e809ae678d84f8f06945104fab79d4ee8a0311ae","REJECTED","INELIGIBLE_HASH","False","SV5_INFILL_ROOM_0211dda6690845617294_LINK","SV5_INFILL_ROOM_03bff8d63e21cbc62be9_LINK","SV5_OPTIONAL_06","S01_04","22","22","204,54|205,54|205,53|206,53|207,53|208,53|209,53|210,53|211,53|211,52|212,52|213,52|214,52|215,52|216,52|217,52|217,51|218,51|219,51|220,51|221,51|222,51","208044b6478412daf2bad89002ce662f66af6b2f7a9c907a0071786d735e4e4d"
"SV5_LOOP_CAND_ce24c609a179ea7df0e6","14854215215640865405","ce24c609a179ea7df0e6697555d2b3c32cc5867c680b4f184497fa87139c2031","REJECTED","DUPLICATE_ENDPOINT_PAIR","True","SV5_INFILL_ROOM_07fb3ac254e765673737_LINK","SV5_INFILL_ROOM_0f5736599d7acc3ea0a8_LINK","SV5_OPTIONAL_04","S03_11","18","18","566,127|565,127|565,126|564,126|563,126|562,126|562,125|561,125|560,125|559,125|559,124|558,124|557,124|556,124|556,123|555,123|554,123|553,123","208044b6478412daf2bad89002ce662f66af6b2f7a9c907a0071786d735e4e4d"
"SV5_LOOP_CAND_d30e74abe0857570bf57","15208221273231816048","d30e74abe0857570bf5778110b31c848d086e304b4a2df69e714c2929423c1fa","REJECTED","INELIGIBLE_HASH","False","SV5_INFILL_ROOM_02284733d117494c6d27_LINK","SV5_INFILL_ROOM_030a02d7aa5a692e4bf7_LINK","SV5_OPTIONAL_12","S11_00","22","22","42,351|41,351|41,352|40,352|39,352|39,353|38,353|37,353|37,354|36,354|35,354|35,355|34,355|33,355|33,356|32,356|31,356|31,357|30,357|29,357|29,358|28,358","208044b6478412daf2bad89002ce662f66af6b2f7a9c907a0071786d735e4e4d"
"SV5_LOOP_CAND_d37228299db8c95a8402","15236284648552712538","d37228299db8c95a840272a03ccb2321ec81a95dffc561857c5438ef78013395","REJECTED","INELIGIBLE_HASH","False","SV5_INFILL_ROOM_16de283f3026f06e031f_LINK","SV5_INFILL_ROOM_1ea3a9898e39ffe90dff_LINK","SV5_OPTIONAL_04","S03_11","21","21","571,110|570,110|570,109|569,109|568,109|567,109|566,109|565,109|565,108|564,108|563,108|562,108|561,108|560,108|559,108|559,107|558,107|557,107|556,107|555,107|554,107","208044b6478412daf2bad89002ce662f66af6b2f7a9c907a0071786d735e4e4d"
"SV5_LOOP_CAND_d5131196e0df05ce79e6","15353634894351631822","d5131196e0df05ce79e656e3d0dc7eaa30dbb741e71fd9b733f51748325eb242","REJECTED","DUPLICATE_ENDPOINT_PAIR","True","SV5_INFILL_ROOM_04458846b0c9a081817d_LINK","SV5_INFILL_ROOM_41bfb11db98643b33449_LINK","SV5_OPTIONAL_07","S02_03","10","10","181,87|180,87|179,87|178,87|177,87|176,87|175,87|174,87|173,87|172,87","208044b6478412daf2bad89002ce662f66af6b2f7a9c907a0071786d735e4e4d"
"SV5_LOOP_CAND_d775874dde85989bf5e9","15525464058945181851","d775874dde85989bf5e956db1515a9c708444ae22921f1a834c64a54364990b0","REJECTED","INELIGIBLE_HASH","False","SV5_INFILL_ROOM_002b1fdb38d3b5d62912_LINK","SV5_INFILL_ROOM_04b3ee2d2f798b163c8e_LINK","SV5_OPTIONAL_04","S00_11","10","10","559,23|558,23|557,23|556,23|555,23|554,23|553,23|552,23|551,23|550,23","208044b6478412daf2bad89002ce662f66af6b2f7a9c907a0071786d735e4e4d"
"SV5_LOOP_CAND_d7b78599940cbf747e83","15544039533552910196","d7b78599940cbf747e83ff10b219ace906b304bb2e14b37e05559cdb56dee200","REJECTED","INELIGIBLE_HASH","False","SV5_INFILL_ROOM_0172fae7eed3ae487f8f_LINK","SV5_INFILL_ROOM_01ba3c3a3c17419084a1_LINK","SV5_OPTIONAL_09","S05_02","10","10","130,159|129,159|129,160|128,160|128,161|127,161|127,162|126,162|126,163|125,163","208044b6478412daf2bad89002ce662f66af6b2f7a9c907a0071786d735e4e4d"
"SV5_LOOP_CAND_db98ebba35731122cb47","15823656475759415586","db98ebba35731122cb47484deb48e9dce6308811e4ab725d33867bd99b03b325","REJECTED","INELIGIBLE_HASH","False","SV5_INFILL_ROOM_0274815fcd6818f05a6a_LINK","SV5_INFILL_ROOM_136a2d749c8d7eddcf7e_LINK","SV5_OPTIONAL_09","S04_02","19","19","117,151|118,151|118,150|119,150|120,150|121,150|121,149|122,149|123,149|124,149|125,149|125,148|126,148|127,148|128,148|128,147|129,147|130,147|131,147","208044b6478412daf2bad89002ce662f66af6b2f7a9c907a0071786d735e4e4d"
"SV5_LOOP_CAND_dc126f25df47d95fc127","15857859446375438687","dc126f25df47d95fc1276db41c65352f3561ec977dffa2246ff562c3c90db3c9","REJECTED","INELIGIBLE_HASH","False","SV5_INFILL_ROOM_0274815fcd6818f05a6a_LINK","SV5_INFILL_ROOM_136a2d749c8d7eddcf7e_LINK","SV5_OPTIONAL_09","S04_02","18","18","118,151|119,151|119,150|120,150|121,150|122,150|122,149|123,149|124,149|125,149|125,148|126,148|127,148|128,148|128,147|129,147|130,147|131,147","208044b6478412daf2bad89002ce662f66af6b2f7a9c907a0071786d735e4e4d"
"SV5_LOOP_CAND_dd022600024e4625c595","15925333013816034853","dd022600024e4625c5957bc45bafcb314fc955adfc1aafd93c1cbf2d12ec3422","REJECTED","INELIGIBLE_HASH","False","SV5_INFILL_ROOM_088f25cbc663d6d3b7a4_LINK","SV5_INFILL_ROOM_1a82971bf4756de9b6e1_LINK","SV5_OPTIONAL_00","S11_08","5","5","382,367|383,367|384,367|385,367|386,367","208044b6478412daf2bad89002ce662f66af6b2f7a9c907a0071786d735e4e4d"
"SV5_LOOP_CAND_dd73c6682a9389688952","15957316055397009768","dd73c6682a938968895215e11e1ecf69558a1e8966d412082f6bb8e39d9bf6e5","REJECTED","INELIGIBLE_HASH","False","SV5_INFILL_ROOM_04458846b0c9a081817d_LINK","SV5_INFILL_ROOM_41bfb11db98643b33449_LINK","SV5_OPTIONAL_07","S02_03","8","8","180,87|179,87|178,87|177,87|176,87|175,87|174,87|173,87","208044b6478412daf2bad89002ce662f66af6b2f7a9c907a0071786d735e4e4d"
"SV5_LOOP_CAND_de2ab3540ad66c9928d3","16008804998982298777","de2ab3540ad66c9928d375f2d133c4c3783e54046ae25f05c90122fd1a402c7f","REJECTED","INELIGIBLE_HASH","False","SV5_INFILL_ROOM_005a04bda9ede05b1190_LINK","SV5_INFILL_ROOM_1c4c6b34887f12eefac3_LINK","SV5_OPTIONAL_09","S04_02","20","20","125,131|126,131|127,131|128,131|128,132|129,132|130,132|131,132|132,132|132,133|133,133|134,133|135,133|136,133|136,134|137,134|138,134|139,134|139,135|140,135","208044b6478412daf2bad89002ce662f66af6b2f7a9c907a0071786d735e4e4d"
"SV5_LOOP_CAND_deca5eeb3d3f445eab5c","16053748186153436254","deca5eeb3d3f445eab5cd6af570eebeced8445bcfb2f7b0d8e7b55ca8c58d8bf","REJECTED","INELIGIBLE_HASH","False","SV5_INFILL_ROOM_04458846b0c9a081817d_LINK","SV5_INFILL_ROOM_41bfb11db98643b33449_LINK","SV5_OPTIONAL_07","S02_03","14","14","185,87|184,87|183,87|182,87|181,87|180,87|179,87|178,87|177,87|176,87|175,87|174,87|173,87|172,87","208044b6478412daf2bad89002ce662f66af6b2f7a9c907a0071786d735e4e4d"
"SV5_LOOP_CAND_dff8137c1aaa51d13ed0","16138670688426414545","dff8137c1aaa51d13ed0d6a04d024d0be44eb0545bebd11bfdfeea76d1c71205","REJECTED","INELIGIBLE_HASH","False","SV5_INFILL_ROOM_002b1fdb38d3b5d62912_LINK","SV5_INFILL_ROOM_04b3ee2d2f798b163c8e_LINK","SV5_OPTIONAL_04","S00_11","16","16","558,23|557,23|556,23|555,23|554,23|553,23|552,23|551,23|550,23|549,23|548,23|547,23|546,23|545,23|544,23|543,23","208044b6478412daf2bad89002ce662f66af6b2f7a9c907a0071786d735e4e4d"
"SV5_LOOP_CAND_e109d2f570e4cf21e3e6","16215723884927045409","e109d2f570e4cf21e3e6f3a8823b13e339226cda4c424da2e76e1311602ec495","REJECTED","DUPLICATE_ENDPOINT_PAIR","True","SV5_INFILL_ROOM_0274815fcd6818f05a6a_LINK","SV5_INFILL_ROOM_136a2d749c8d7eddcf7e_LINK","SV5_OPTIONAL_09","S04_02","20","20","115,151|116,151|116,150|117,150|118,150|119,150|119,149|120,149|121,149|122,149|123,149|123,148|124,148|125,148|126,148|127,148|127,147|128,147|129,147|130,147","208044b6478412daf2bad89002ce662f66af6b2f7a9c907a0071786d735e4e4d"
"SV5_LOOP_CAND_e1653a2b975f1fa2ded2","16241451590079160226","e1653a2b975f1fa2ded2813b42660f857e774dda38d4412320e396928059716d","REJECTED","DUPLICATE_ENDPOINT_PAIR","True","SV5_INFILL_ROOM_0274815fcd6818f05a6a_LINK","SV5_INFILL_ROOM_136a2d749c8d7eddcf7e_LINK","SV5_OPTIONAL_09","S04_02","12","12","123,151|124,151|124,150|125,150|125,149|126,149|127,149|127,148|128,148|129,148|129,147|130,147","208044b6478412daf2bad89002ce662f66af6b2f7a9c907a0071786d735e4e4d"
"SV5_LOOP_CAND_e283d93ae148f2930ce9","16322128321431794323","e283d93ae148f2930ce9442e00bea5c59a1f69b564a0bccc95e67cadbd60329f","ACCEPTED","PASS","True","SV5_INFILL_ROOM_00b4a4fe56b192880b8c_LINK","SV5_INFILL_ROOM_06221a856d3548df6440_LINK","SV5_OPTIONAL_04","S01_11","10","10","558,43|557,43|557,44|556,44|556,45|555,45|555,46|554,46|554,47|553,47","208044b6478412daf2bad89002ce662f66af6b2f7a9c907a0071786d735e4e4d"
"SV5_LOOP_CAND_e2a425bb02bab6b702d0","16331219633887164087","e2a425bb02bab6b702d0874fd23e09a1e3f5b1366e1b32028b435667fd719d1b","REJECTED","INELIGIBLE_HASH","False","SV5_INFILL_ROOM_088f25cbc663d6d3b7a4_LINK","SV5_INFILL_ROOM_1a82971bf4756de9b6e1_LINK","SV5_OPTIONAL_00","S11_08","6","6","382,367|383,367|384,367|385,367|386,367|387,367","208044b6478412daf2bad89002ce662f66af6b2f7a9c907a0071786d735e4e4d"
"SV5_LOOP_CAND_e2dd0ac8168e34b102a1","16347234076912923825","e2dd0ac8168e34b102a111771058b97ca779b9cbeb490171108c3e2cc1028d60","REJECTED","DUPLICATE_ENDPOINT_PAIR","True","SV5_INFILL_ROOM_07fb3ac254e765673737_LINK","SV5_INFILL_ROOM_0f5736599d7acc3ea0a8_LINK","SV5_OPTIONAL_04","S03_11","16","16","565,127|564,127|564,126|563,126|562,126|562,125|561,125|560,125|559,125|559,124|558,124|557,124|556,124|556,123|555,123|554,123","208044b6478412daf2bad89002ce662f66af6b2f7a9c907a0071786d735e4e4d"
"SV5_LOOP_CAND_e558a8aa1e1c6d809ea7","16526144281239121280","e558a8aa1e1c6d809ea72341cf594b3ffe977b71a6a7f7f749759cfe70efcc33","REJECTED","INELIGIBLE_HASH","False","SV5_INFILL_ROOM_0211dda6690845617294_LINK","SV5_INFILL_ROOM_03bff8d63e21cbc62be9_LINK","SV5_OPTIONAL_06","S01_04","7","7","217,52|218,52|218,51|219,51|220,51|221,51|222,51","208044b6478412daf2bad89002ce662f66af6b2f7a9c907a0071786d735e4e4d"
"SV5_LOOP_CAND_e640666a61b1fb99630c","16591373634324528025","e640666a61b1fb99630ca0b6c4d83c0e1bca8a129745e1883ab30162ca9274ab","REJECTED","DUPLICATE_ENDPOINT_PAIR","True","SV5_INFILL_ROOM_002b1fdb38d3b5d62912_LINK","SV5_INFILL_ROOM_04b3ee2d2f798b163c8e_LINK","SV5_OPTIONAL_04","S00_11","20","20","559,23|558,23|557,23|556,23|555,23|554,23|553,23|552,23|551,23|550,23|549,23|548,23|547,23|546,23|545,23|544,23|543,23|542,23|541,23|540,23","208044b6478412daf2bad89002ce662f66af6b2f7a9c907a0071786d735e4e4d"
"SV5_LOOP_CAND_e7b0e75041bd4e903d2d","16695098150548754064","e7b0e75041bd4e903d2db618afe8129c1aa4d5d0b71284da0c5c959e9d3ee320","REJECTED","INELIGIBLE_HASH","False","SV5_INFILL_ROOM_002847beba22c27fafc7_LINK","SV5_INFILL_ROOM_9643b540e628fa680b9f_LINK","SV5_OPTIONAL_00","S10_08","18","18","391,355|390,355|390,354|389,354|389,353|388,353|388,352|387,352|387,351|386,351|386,350|385,350|385,349|384,349|384,348|383,348|383,347|382,347","208044b6478412daf2bad89002ce662f66af6b2f7a9c907a0071786d735e4e4d"
"SV5_LOOP_CAND_e867824e604b8757f772","16746497012535101271","e867824e604b8757f7720ffdd31d09e3350b990b43868743c8fb8f7f41757dac","REJECTED","INELIGIBLE_HASH","False","SV5_INFILL_ROOM_002847beba22c27fafc7_LINK","SV5_INFILL_ROOM_9643b540e628fa680b9f_LINK","SV5_OPTIONAL_00","S10_08","23","23","396,355|395,355|395,354|394,354|394,353|393,353|392,353|392,352|391,352|390,352|390,351|389,351|388,351|388,350|387,350|387,349|386,349|385,349|385,348|384,348|383,348|383,347|382,347","208044b6478412daf2bad89002ce662f66af6b2f7a9c907a0071786d735e4e4d"
"SV5_LOOP_CAND_e86c9e4a66005cfc5601","16747935156660100348","e86c9e4a66005cfc5601886d50f0d6178119aa652bd26f1d8186a365d2a95dde","REJECTED","INELIGIBLE_HASH","False","SV5_INFILL_ROOM_002b1fdb38d3b5d62912_LINK","SV5_INFILL_ROOM_04b3ee2d2f798b163c8e_LINK","SV5_OPTIONAL_04","S00_11","11","11","558,23|557,23|556,23|555,23|554,23|553,23|552,23|551,23|550,23|549,23|548,23","208044b6478412daf2bad89002ce662f66af6b2f7a9c907a0071786d735e4e4d"
"SV5_LOOP_CAND_e8c4962dd822e0c1a48c","16772696035878428865","e8c4962dd822e0c1a48c29d5a7d738423bfbe8f42896eaef95390fd1d166125c","REJECTED","INELIGIBLE_HASH","False","SV5_INFILL_ROOM_0274815fcd6818f05a6a_LINK","SV5_INFILL_ROOM_136a2d749c8d7eddcf7e_LINK","SV5_OPTIONAL_09","S04_02","23","23","112,151|113,151|113,150|114,150|115,150|116,150|117,150|117,149|118,149|119,149|120,149|121,149|122,149|122,148|123,148|124,148|125,148|126,148|126,147|127,147|128,147|129,147|130,147","208044b6478412daf2bad89002ce662f66af6b2f7a9c907a0071786d735e4e4d"
"SV5_LOOP_CAND_e93ff46f2b5c59a1b7ad","16807421092676000161","e93ff46f2b5c59a1b7ad1fccaf38c25a985c8a9c6a3cc44b955a417135e65a27","REJECTED","INELIGIBLE_HASH","False","SV5_INFILL_ROOM_0b825bde62b1eee79257_LINK","SV5_INFILL_ROOM_0d8cf875280fe40a6142_LINK","SV5_OPTIONAL_12","S09_00","6","6","38,307|39,307|40,307|41,307|42,307|43,307","208044b6478412daf2bad89002ce662f66af6b2f7a9c907a0071786d735e4e4d"
"SV5_LOOP_CAND_eabee6083b6154fa81b5","16915210173480523002","eabee6083b6154fa81b5aa4193bed1f6437fe1f18266504c38026b53cfd95f8a","ACCEPTED","PASS","True","SV5_INFILL_ROOM_00e5c1799c48f53348c3_LINK","SV5_INFILL_ROOM_00fe6dfb4eef486a889c_LINK","SV5_OPTIONAL_04","S02_11","11","11","552,91|553,91|553,90|554,90|554,89|555,89|556,89|556,88|557,88|557,87|558,87","208044b6478412daf2bad89002ce662f66af6b2f7a9c907a0071786d735e4e4d"
"SV5_LOOP_CAND_eae45362863606a75c8c","16925744982188754599","eae45362863606a75c8c492bff36afb641512cc7e185cad33df3e049267d9036","REJECTED","INELIGIBLE_HASH","False","SV5_INFILL_ROOM_02284733d117494c6d27","SV5_INFILL_ROOM_7e2a072aec3341bfd326_LINK","SV5_OPTIONAL_12","S10_00","23","23","52,351|51,351|51,350|50,350|50,349|49,349|48,349|48,348|47,348|46,348|46,347|45,347|44,347|44,346|43,346|43,345|42,345|41,345|41,344|40,344|39,344|39,343|38,343","208044b6478412daf2bad89002ce662f66af6b2f7a9c907a0071786d735e4e4d"
"SV5_LOOP_CAND_eca2a2d7a525ce858170","17051370186250505861","eca2a2d7a525ce85817038b259286e74a08fcf11f3b3ad7ff1451eb263b2fd44","REJECTED","INELIGIBLE_HASH","False","SV5_INFILL_ROOM_005a04bda9ede05b1190_LINK","SV5_INFILL_ROOM_1c4c6b34887f12eefac3_LINK","SV5_OPTIONAL_09","S04_02","12","12","126,131|127,131|127,132|128,132|129,132|129,133|130,133|131,133|131,134|132,134|132,135|133,135","208044b6478412daf2bad89002ce662f66af6b2f7a9c907a0071786d735e4e4d"
"SV5_LOOP_CAND_ed611d864ddb45515bf9","17104985322398893393","ed611d864ddb45515bf9ddc1d047e8cde9b37928c1feedacc5d0bb5556d45901","REJECTED","INELIGIBLE_HASH","False","SV5_INFILL_ROOM_005a04bda9ede05b1190_LINK","SV5_INFILL_ROOM_1c4c6b34887f12eefac3_LINK","SV5_OPTIONAL_09","S04_02","22","22","123,131|124,131|125,131|126,131|127,131|127,132|128,132|129,132|130,132|131,132|131,133|132,133|133,133|134,133|135,133|135,134|136,134|137,134|138,134|139,134|139,135|140,135","208044b6478412daf2bad89002ce662f66af6b2f7a9c907a0071786d735e4e4d"
"SV5_LOOP_CAND_ed9bb0a1e3513b791490","17121472617729047417","ed9bb0a1e3513b791490660e91ee8c5e5d1805c4156258a9c2068a1f188a2f04","REJECTED","DUPLICATE_ENDPOINT_PAIR","True","SV5_INFILL_ROOM_005a04bda9ede05b1190_LINK","SV5_INFILL_ROOM_1c4c6b34887f12eefac3_LINK","SV5_OPTIONAL_09","S04_02","21","21","126,131|127,131|128,131|129,131|129,132|130,132|131,132|132,132|133,132|133,133|134,133|135,133|136,133|137,133|137,134|138,134|139,134|140,134|141,134|141,135|142,135","208044b6478412daf2bad89002ce662f66af6b2f7a9c907a0071786d735e4e4d"
"SV5_LOOP_CAND_eda02d3ca286f930ce84","17122735521710668080","eda02d3ca286f930ce84e9ed8dbbbe58bbffb54c88b461a5b5df603955cbe2f1","REJECTED","INELIGIBLE_HASH","False","SV5_INFILL_ROOM_16de283f3026f06e031f_LINK","SV5_INFILL_ROOM_1ea3a9898e39ffe90dff_LINK","SV5_OPTIONAL_04","S03_11","7","7","559,108|558,108|558,107|557,107|556,107|555,107|554,107","208044b6478412daf2bad89002ce662f66af6b2f7a9c907a0071786d735e4e4d"
"SV5_LOOP_CAND_edd273ce6c9f70220cff","17136886862521004066","edd273ce6c9f70220cff57b15ea6e4f8b1c3591c58c8127f34f0a9b09496b0de","REJECTED","INELIGIBLE_HASH","False","SV5_INFILL_ROOM_005a04bda9ede05b1190_LINK","SV5_INFILL_ROOM_1c4c6b34887f12eefac3_LINK","SV5_OPTIONAL_09","S04_02","18","18","126,131|127,131|128,131|129,131|129,132|130,132|131,132|132,132|132,133|133,133|134,133|135,133|135,134|136,134|137,134|138,134|138,135|139,135","208044b6478412daf2bad89002ce662f66af6b2f7a9c907a0071786d735e4e4d"
"SV5_LOOP_CAND_eef561fb179d69429def","17218776481381837122","eef561fb179d69429def611b6bbe6bfcfa45dbc1454b63a7eddeda2d328ba450","REJECTED","DUPLICATE_ENDPOINT_PAIR","True","SV5_INFILL_ROOM_0211dda6690845617294_LINK","SV5_INFILL_ROOM_03bff8d63e21cbc62be9_LINK","SV5_OPTIONAL_06","S01_04","17","17","209,54|210,54|210,53|211,53|212,53|213,53|214,53|214,52|215,52|216,52|217,52|218,52|218,51|219,51|220,51|221,51|222,51","208044b6478412daf2bad89002ce662f66af6b2f7a9c907a0071786d735e4e4d"
"SV5_LOOP_CAND_ef33164beb924305d9d8","17236144714207609605","ef33164beb924305d9d80b5545dd9c6aa9f27bf65d446591c0b7c1dfe0ee700d","REJECTED","DUPLICATE_ENDPOINT_PAIR","True","SV5_INFILL_ROOM_005a04bda9ede05b1190_LINK","SV5_INFILL_ROOM_1c4c6b34887f12eefac3_LINK","SV5_OPTIONAL_09","S04_02","21","21","124,131|125,131|126,131|127,131|127,132|128,132|129,132|130,132|131,132|131,133|132,133|133,133|134,133|135,133|135,134|136,134|137,134|138,134|139,134|139,135|140,135","208044b6478412daf2bad89002ce662f66af6b2f7a9c907a0071786d735e4e4d"
"SV5_LOOP_CAND_f01490ef22be3cc24696","17299611425391393986","f01490ef22be3cc24696e0323a37279d8d7715137c10a60e1f1f235ed2dcecdc","REJECTED","INELIGIBLE_HASH","False","SV5_INFILL_ROOM_005a04bda9ede05b1190_LINK","SV5_INFILL_ROOM_1c4c6b34887f12eefac3_LINK","SV5_OPTIONAL_09","S04_02","14","14","126,131|127,131|128,131|128,132|129,132|130,132|130,133|131,133|132,133|132,134|133,134|134,134|134,135|135,135","208044b6478412daf2bad89002ce662f66af6b2f7a9c907a0071786d735e4e4d"
"SV5_LOOP_CAND_f0a39fffc227ad7ff51d","17339878911129398655","f0a39fffc227ad7ff51de7a219bb31327ae1e87ee3e56859d827cc08eb161256","REJECTED","INELIGIBLE_HASH","False","SV5_INFILL_ROOM_04458846b0c9a081817d_LINK","SV5_INFILL_ROOM_41bfb11db98643b33449_LINK","SV5_OPTIONAL_07","S02_03","9","9","182,87|181,87|180,87|179,87|178,87|177,87|176,87|175,87|174,87","208044b6478412daf2bad89002ce662f66af6b2f7a9c907a0071786d735e4e4d"
"SV5_LOOP_CAND_f0b5cb7bb003c6d3f8b8","17344993271981786835","f0b5cb7bb003c6d3f8b8d9ea5a93063789ee9b013c323f569764e68a72c7c5e5","REJECTED","INELIGIBLE_HASH","False","SV5_INFILL_ROOM_088f25cbc663d6d3b7a4_LINK","SV5_INFILL_ROOM_1a82971bf4756de9b6e1_LINK","SV5_OPTIONAL_00","S11_08","7","7","381,367|382,367|383,367|384,367|385,367|386,367|387,367","208044b6478412daf2bad89002ce662f66af6b2f7a9c907a0071786d735e4e4d"
"SV5_LOOP_CAND_f18a3f054d19707d5dc5","17404793001927602301","f18a3f054d19707d5dc5fceb842ca61cad552fd6836c5009bc6397bb727c92c9","REJECTED","DUPLICATE_ENDPOINT_PAIR","True","SV5_INFILL_ROOM_04458846b0c9a081817d_LINK","SV5_INFILL_ROOM_41bfb11db98643b33449_LINK","SV5_OPTIONAL_07","S02_03","12","12","185,87|184,87|183,87|182,87|181,87|180,87|179,87|178,87|177,87|176,87|175,87|174,87","208044b6478412daf2bad89002ce662f66af6b2f7a9c907a0071786d735e4e4d"
"SV5_LOOP_CAND_f2329fc9d621067fadf0","17452187195243824767","f2329fc9d621067fadf009d81054931680bed865726bc9e573b7bfa115a6413b","REJECTED","INELIGIBLE_HASH","False","SV5_INFILL_ROOM_16de283f3026f06e031f_LINK","SV5_INFILL_ROOM_1ea3a9898e39ffe90dff_LINK","SV5_OPTIONAL_04","S03_11","9","9","559,108|558,108|558,107|557,107|556,107|555,107|554,107|553,107|552,107","208044b6478412daf2bad89002ce662f66af6b2f7a9c907a0071786d735e4e4d"
"SV5_LOOP_CAND_f43ad9efcad3ccb51ae1","17598618117826923701","f43ad9efcad3ccb51ae13ff0c2ccff91ef08529edd22801d8f9b59f76988ebe9","REJECTED","DUPLICATE_ENDPOINT_PAIR","True","SV5_INFILL_ROOM_002b1fdb38d3b5d62912_LINK","SV5_INFILL_ROOM_04b3ee2d2f798b163c8e_LINK","SV5_OPTIONAL_04","S00_11","10","10","558,23|557,23|556,23|555,23|554,23|553,23|552,23|551,23|550,23|549,23","208044b6478412daf2bad89002ce662f66af6b2f7a9c907a0071786d735e4e4d"
"SV5_LOOP_CAND_f5cf140825efa61b8433","17712397884700206619","f5cf140825efa61b8433d414e95adb100f91b5983cd9a39a8f10c24990f59c31","ACCEPTED","PASS","True","SV5_INFILL_ROOM_00473322334dddb23100_LINK","SV5_INFILL_ROOM_020c68eab2640b2d5781_LINK","SV5_OPTIONAL_12","S10_00","24","24","30,330|31,330|31,329|32,329|32,328|33,328|33,327|34,327|34,326|35,326|35,325|36,325|36,324|37,324|37,323|38,323|38,322|39,322|39,321|40,321|40,320|41,320|41,319|42,319","208044b6478412daf2bad89002ce662f66af6b2f7a9c907a0071786d735e4e4d"
"SV5_LOOP_CAND_f76267be0c9928fb7d7c","17825924341038655739","f76267be0c9928fb7d7cec2c5f8637a002ec14ba156d9189a17857340dd24fdf","REJECTED","INELIGIBLE_HASH","False","SV5_INFILL_ROOM_04458846b0c9a081817d_LINK","SV5_INFILL_ROOM_41bfb11db98643b33449_LINK","SV5_OPTIONAL_07","S02_03","9","9","181,87|180,87|179,87|178,87|177,87|176,87|175,87|174,87|173,87","208044b6478412daf2bad89002ce662f66af6b2f7a9c907a0071786d735e4e4d"
"SV5_LOOP_CAND_f8b404b9c9cb73c399e9","17920954013215060931","f8b404b9c9cb73c399e9d0b783c5a7660d0b258e6c9fe0f347dd72ce2a8e7a05","REJECTED","INELIGIBLE_HASH","False","SV5_INFILL_ROOM_0211dda6690845617294_LINK","SV5_INFILL_ROOM_03bff8d63e21cbc62be9_LINK","SV5_OPTIONAL_06","S01_04","21","21","206,54|207,54|207,53|208,53|209,53|210,53|211,53|212,53|212,52|213,52|214,52|215,52|216,52|217,52|218,52|218,51|219,51|220,51|221,51|222,51|223,51","208044b6478412daf2bad89002ce662f66af6b2f7a9c907a0071786d735e4e4d"
"SV5_LOOP_CAND_fa4d4e8a283af1ad5350","18036158437976109485","fa4d4e8a283af1ad53501bc21300209aae7148ef04fcc030444b8c42608c4aff","REJECTED","INELIGIBLE_HASH","False","SV5_INFILL_ROOM_04458846b0c9a081817d_LINK","SV5_INFILL_ROOM_41bfb11db98643b33449_LINK","SV5_OPTIONAL_07","S02_03","7","7","180,87|179,87|178,87|177,87|176,87|175,87|174,87","208044b6478412daf2bad89002ce662f66af6b2f7a9c907a0071786d735e4e4d"
"SV5_LOOP_CAND_fc73e7ea4579933cd612","18191138313253524284","fc73e7ea4579933cd6126268f1a3d4a1c2a9cbc71d378709694809fb33d8e79c","REJECTED","INELIGIBLE_HASH","False","SV5_INFILL_ROOM_005a04bda9ede05b1190_LINK","SV5_INFILL_ROOM_1c4c6b34887f12eefac3_LINK","SV5_OPTIONAL_09","S04_02","16","16","125,131|126,131|127,131|127,132|128,132|129,132|130,132|130,133|131,133|132,133|133,133|133,134|134,134|135,134|135,135|136,135","208044b6478412daf2bad89002ce662f66af6b2f7a9c907a0071786d735e4e4d"
"SV5_LOOP_CAND_feab263f6266cf149ec7","18350803160326917908","feab263f6266cf149ec71dd1564b6bc3d8a21f3e0685fe97bf7ddd2c6e2be37f","REJECTED","DUPLICATE_ENDPOINT_PAIR","True","SV5_INFILL_ROOM_002b1fdb38d3b5d62912_LINK","SV5_INFILL_ROOM_04b3ee2d2f798b163c8e_LINK","SV5_OPTIONAL_04","S00_11","17","17","559,23|558,23|557,23|556,23|555,23|554,23|553,23|552,23|551,23|550,23|549,23|548,23|547,23|546,23|545,23|544,23|543,23","208044b6478412daf2bad89002ce662f66af6b2f7a9c907a0071786d735e4e4d"
