endpoint_id,room_id,space_group_id,connection_id,port_id,micro_pattern_owner,x,y,exit_x,stable_hash,plan_digest
EP_7e6a63e44c6aefb339ddc118,SV5_INFILL_ROOM_0185002ddaf865f0355b,SV5_OPTIONAL_09,SV5_OPTIONAL_09,SV5_PLACE_12_391D0CF7A4422180_PORT_IN,SV5_INFILL_ROOM_0185002ddaf865f0355b:DEAD_END,19,135,1,41a2a8eac681a974d3993e029e3a0db10351654f37660f74bf693c4c67236cef,03502fb599d4b513036ade56d0eac06e8cbd5ade6a2adbf028d5e2e588a11bcd
EP_b35144ee24245ae94f97385d,SV5_INFILL_ROOM_0eaf7a838d77541f94b1,SV5_OPTIONAL_09,SV5_OPTIONAL_09,SV5_PLACE_12_391D0CF7A4422180_PORT_IN,SV5_INFILL_ROOM_0eaf7a838d77541f94b1:DEAD_END,19,171,1,9b029c043e8e04522efa044bf8d8837992da9b32014f7d58d9d3e16ca8f93282,03502fb599d4b513036ade56d0eac06e8cbd5ade6a2adbf028d5e2e588a11bcd
EP_dd54ed88b3eb7ee355f48c3b,SV5_INFILL_ROOM_16870ede36f0a6d666e9,SV5_OPTIONAL_11,SV5_OPTIONAL_11,SV5_PLACE_00_CD742119708C091F_PORT_IN,SV5_INFILL_ROOM_16870ede36f0a6d666e9:DEAD_END,19,263,1,093c0e2080c1022bef870b1239cb8a62d980362d3b1106122829015e36300277,03502fb599d4b513036ade56d0eac06e8cbd5ade6a2adbf028d5e2e588a11bcd
EP_df9c97cc8a5608deae8c4767,SV5_INFILL_ROOM_16870ede36f0a6d666e9,SV5_OPTIONAL_11,SV5_OPTIONAL_11,SV5_PLACE_00_CD742119708C091F_PORT_IN,SV5_INFILL_ROOM_16870ede36f0a6d666e9_LINK:CONNECTOR,21,262,1,8a3c89816434d0053ad0f6d0e0c65280f71d64fd43a2a5ed965ce47230feed81,03502fb599d4b513036ade56d0eac06e8cbd5ade6a2adbf028d5e2e588a11bcd
EP_efedb082b4fa2274a47129c8,SV5_INFILL_ROOM_0eaf7a838d77541f94b1,SV5_OPTIONAL_09,SV5_OPTIONAL_09,SV5_PLACE_12_391D0CF7A4422180_PORT_IN,SV5_INFILL_ROOM_0eaf7a838d77541f94b1_LINK:CONNECTOR,22,169,-1,2d2b3ac7b2178db7ebf5e085a4542ce158f83d3070f0af71c36aab609ec66961,03502fb599d4b513036ade56d0eac06e8cbd5ade6a2adbf028d5e2e588a11bcd
EP_68359519f88f206a65803fae,SV5_INFILL_ROOM_16870ede36f0a6d666e9,SV5_OPTIONAL_11,SV5_OPTIONAL_11,SV5_PLACE_00_CD742119708C091F_PORT_IN,SV5_INFILL_ROOM_16870ede36f0a6d666e9_LINK:CONNECTOR,22,261,1,afff1dc9d8f0f45a0b251c6401083a5edeaa46d1ec2375e55ba011970c39cf2a,03502fb599d4b513036ade56d0eac06e8cbd5ade6a2adbf028d5e2e588a11bcd
EP_def1200d1eace53647321791,SV5_INFILL_ROOM_16870ede36f0a6d666e9,SV5_OPTIONAL_11,SV5_OPTIONAL_11,SV5_PLACE_00_CD742119708C091F_PORT_IN,SV5_INFILL_ROOM_16870ede36f0a6d666e9_LINK:CONNECTOR,22,261,-1,480b3e6140aac625a4df358f9a71fb3229ef5b12c09a1b8cfb8da100261ac35a,03502fb599d4b513036ade56d0eac06e8cbd5ade6a2adbf028d5e2e588a11bcd
EP_c4ab6f8050b139bfd4af9e4d,SV5_INFILL_ROOM_225c40e5664c1cf9ab35,SV5_OPTIONAL_09,SV5_OPTIONAL_09,SV5_PLACE_12_391D0CF7A4422180_PORT_IN,SV5_INFILL_ROOM_225c40e5664c1cf9ab35:EMPTY_ROOM,23,155,1,c7dea630f8a5fe30ffda6ae6e9a1e6e5dfbcd81eb6d3299353e32c7b66f99abd,03502fb599d4b513036ade56d0eac06e8cbd5ade6a2adbf028d5e2e588a11bcd
EP_0b9ed6251ff29a11050014e2,SV5_INFILL_ROOM_0eaf7a838d77541f94b1,SV5_OPTIONAL_09,SV5_OPTIONAL_09,SV5_PLACE_12_391D0CF7A4422180_PORT_IN,SV5_INFILL_ROOM_0eaf7a838d77541f94b1_LINK:CONNECTOR,23,168,1,876778fdc84a2a21c98385353c888c18218fa65c1f2258c222dd6bc60f524862,03502fb599d4b513036ade56d0eac06e8cbd5ade6a2adbf028d5e2e588a11bcd
EP_6545de7be8a8145ea530b900,SV5_INFILL_ROOM_16870ede36f0a6d666e9,SV5_OPTIONAL_11,SV5_OPTIONAL_11,SV5_PLACE_00_CD742119708C091F_PORT_IN,SV5_INFILL_ROOM_16870ede36f0a6d666e9_LINK:CONNECTOR,23,260,1,7a553a5c35251b081b807dfed2ee40b187bb5606f06e836f9fac5c2d880a22b2,03502fb599d4b513036ade56d0eac06e8cbd5ade6a2adbf028d5e2e588a11bcd
EP_989691fbe704ed85067f5e67,SV5_INFILL_ROOM_16870ede36f0a6d666e9,SV5_OPTIONAL_11,SV5_OPTIONAL_11,SV5_PLACE_00_CD742119708C091F_PORT_IN,SV5_INFILL_ROOM_16870ede36f0a6d666e9_LINK:CONNECTOR,23,260,-1,ff185dbec7ce4272ded4fbb1117cc261ae42b0cbcd884322b9bcdadb90abf88b,03502fb599d4b513036ade56d0eac06e8cbd5ade6a2adbf028d5e2e588a11bcd
EP_756aed4c291ddb230b3d6786,SV5_INFILL_ROOM_00473322334dddb23100,SV5_OPTIONAL_12,SV5_OPTIONAL_12,SV5_PLACE_04_CB2B17D440D58981_PORT_IN,SV5_INFILL_ROOM_00473322334dddb23100:EMPTY_ROOM,23,331,1,c3ee29f4889fc5dd2b484cdb4e5904f6c4e7e72afa0f180c5d60b2c71f45c01a,03502fb599d4b513036ade56d0eac06e8cbd5ade6a2adbf028d5e2e588a11bcd
EP_5050d6255a305d5718e12e88,SV5_INFILL_ROOM_030a02d7aa5a692e4bf7,SV5_OPTIONAL_12,SV5_OPTIONAL_12,SV5_PLACE_04_CB2B17D440D58981_PORT_IN,SV5_INFILL_ROOM_030a02d7aa5a692e4bf7:DEAD_END,23,359,1,b83f08b0657827e85a29bf7b30e2242e5ba3980e303c6832f9c42b1acb64ea8d,03502fb599d4b513036ade56d0eac06e8cbd5ade6a2adbf028d5e2e588a11bcd
EP_05f6645e7488d3f6dd08655c,SV5_INFILL_ROOM_0eaf7a838d77541f94b1,SV5_OPTIONAL_09,SV5_OPTIONAL_09,SV5_PLACE_12_391D0CF7A4422180_PORT_IN,SV5_INFILL_ROOM_0eaf7a838d77541f94b1_LINK:CONNECTOR,24,167,-1,53d2d5c44996f0c3bff6d3f11eedb49a66024ce1dfc52b79a276edf2a4135f0e,03502fb599d4b513036ade56d0eac06e8cbd5ade6a2adbf028d5e2e588a11bcd
EP_07b5ef4a6cc7392f0daa3828,SV5_INFILL_ROOM_0eaf7a838d77541f94b1,SV5_OPTIONAL_09,SV5_OPTIONAL_09,SV5_PLACE_12_391D0CF7A4422180_PORT_IN,SV5_INFILL_ROOM_0eaf7a838d77541f94b1_LINK:CONNECTOR,24,167,1,2ff826c0773392a00afe10c50764c96a30afcf04d51962548da5d5ee528b7078,03502fb599d4b513036ade56d0eac06e8cbd5ade6a2adbf028d5e2e588a11bcd
EP_19d99d48828547932b1313ee,SV5_INFILL_ROOM_02310f3878fc359b92be,SV5_OPTIONAL_11,SV5_OPTIONAL_11,SV5_PLACE_00_CD742119708C091F_PORT_IN,SV5_INFILL_ROOM_02310f3878fc359b92be:EMPTY_ROOM,24,259,-1,51900b9adbfa63fc1d9ad546403a52687ad4f976e725bc74162577c970885c26,03502fb599d4b513036ade56d0eac06e8cbd5ade6a2adbf028d5e2e588a11bcd
EP_1d907aa78d8ed04552f4ca4b,SV5_INFILL_ROOM_0eaf7a838d77541f94b1,SV5_OPTIONAL_09,SV5_OPTIONAL_09,SV5_PLACE_12_391D0CF7A4422180_PORT_IN,SV5_INFILL_ROOM_0eaf7a838d77541f94b1_LINK:CONNECTOR,25,166,1,75ad88b0aa2ab37bd7dd6b69ba5dd96660119ec97b218306c1eccf5e915d148a,03502fb599d4b513036ade56d0eac06e8cbd5ade6a2adbf028d5e2e588a11bcd
EP_6bd7af38517c530a6034f881,SV5_INFILL_ROOM_225c40e5664c1cf9ab35,SV5_OPTIONAL_09,SV5_OPTIONAL_09,SV5_PLACE_12_391D0CF7A4422180_PORT_IN,SV5_INFILL_ROOM_225c40e5664c1cf9ab35_LINK:CONNECTOR,26,153,1,8dfd06730449d26eb76d18d9a62d7823b6a9ce6e7b75a8ac52c258e0dc1c6b43,03502fb599d4b513036ade56d0eac06e8cbd5ade6a2adbf028d5e2e588a11bcd
EP_566b4a82ea512aa9e95b3fff,SV5_INFILL_ROOM_0eaf7a838d77541f94b1,SV5_OPTIONAL_09,SV5_OPTIONAL_09,SV5_PLACE_12_391D0CF7A4422180_PORT_IN,SV5_INFILL_ROOM_0eaf7a838d77541f94b1_LINK:CONNECTOR,26,165,1,83463692eb24000076af0f1db8371c58f48f8c289d75d28885aff681132ba55e,03502fb599d4b513036ade56d0eac06e8cbd5ade6a2adbf028d5e2e588a11bcd
EP_c79a8a0ba36124badba1f081,SV5_INFILL_ROOM_0185002ddaf865f0355b,SV5_OPTIONAL_09,SV5_OPTIONAL_09,SV5_PLACE_12_391D0CF7A4422180_PORT_IN,SV5_INFILL_ROOM_0185002ddaf865f0355b_LINK:CONNECTOR,27,134,1,46679f1ccc9a651cf875cd5666e2d70fee6614f8d3c20f0854f2974342b8fd63,03502fb599d4b513036ade56d0eac06e8cbd5ade6a2adbf028d5e2e588a11bcd
EP_a4fb408b5ce09e06342a514b,SV5_INFILL_ROOM_225c40e5664c1cf9ab35,SV5_OPTIONAL_09,SV5_OPTIONAL_09,SV5_PLACE_12_391D0CF7A4422180_PORT_IN,SV5_INFILL_ROOM_225c40e5664c1cf9ab35_LINK:CONNECTOR,27,152,-1,7ac5dfb87a913671d55b3840c52c8d19d6d3f0619286c5bafa8a455b182052d0,03502fb599d4b513036ade56d0eac06e8cbd5ade6a2adbf028d5e2e588a11bcd
EP_60d89358373b498e9277fab0,SV5_INFILL_ROOM_0eaf7a838d77541f94b1,SV5_OPTIONAL_09,SV5_OPTIONAL_09,SV5_PLACE_12_391D0CF7A4422180_PORT_IN,SV5_INFILL_ROOM_0eaf7a838d77541f94b1_LINK:CONNECTOR,27,164,1,5a6078a0aba4f2ef026dbd1e8626b2a1206d3b3a5fc3f8ecdc4e32cd899891db,03502fb599d4b513036ade56d0eac06e8cbd5ade6a2adbf028d5e2e588a11bcd
EP_6a4e7fed0e159e38365ac27f,SV5_INFILL_ROOM_03b08efc4624bc79bd40,SV5_OPTIONAL_12,SV5_OPTIONAL_12,SV5_PLACE_04_CB2B17D440D58981_PORT_IN,SV5_INFILL_ROOM_03b08efc4624bc79bd40:EMPTY_ROOM,27,379,1,4ea8a53967ca404d2195bd18e7dcf4cc5d0e3ac44d0b5e7219e4910182569f24,03502fb599d4b513036ade56d0eac06e8cbd5ade6a2adbf028d5e2e588a11bcd
EP_24a2865bb6532e3d41d05918,SV5_INFILL_ROOM_225c40e5664c1cf9ab35,SV5_OPTIONAL_09,SV5_OPTIONAL_09,SV5_PLACE_12_391D0CF7A4422180_PORT_IN,SV5_INFILL_ROOM_225c40e5664c1cf9ab35_LINK:CONNECTOR,28,151,1,8f1205947d00711ec3020efbf5ab94ce9b9d2c52cf4d514f79d1ca4cb7f86ffc,03502fb599d4b513036ade56d0eac06e8cbd5ade6a2adbf028d5e2e588a11bcd
EP_22bf1f3db55f4557e8642a48,SV5_INFILL_ROOM_225c40e5664c1cf9ab35,SV5_OPTIONAL_09,SV5_OPTIONAL_09,SV5_PLACE_12_391D0CF7A4422180_PORT_IN,SV5_INFILL_ROOM_225c40e5664c1cf9ab35_LINK:CONNECTOR,29,150,-1,5500e57800ec7e52e930973097cb397c9bddca7a2e18b572b5118c9490930aff,03502fb599d4b513036ade56d0eac06e8cbd5ade6a2adbf028d5e2e588a11bcd
EP_fc664e0251ec1bc9973cafd6,SV5_INFILL_ROOM_225c40e5664c1cf9ab35,SV5_OPTIONAL_09,SV5_OPTIONAL_09,SV5_PLACE_12_391D0CF7A4422180_PORT_IN,SV5_INFILL_ROOM_225c40e5664c1cf9ab35_LINK:CONNECTOR,29,150,1,4c417103553ef2410ba7a636bcfbf5d5399b26403e9e81f028c81cd0da54ecdf,03502fb599d4b513036ade56d0eac06e8cbd5ade6a2adbf028d5e2e588a11bcd
EP_fb601311020cf1792977d37d,SV5_INFILL_ROOM_2325332083fe0bf08a93,SV5_OPTIONAL_11,SV5_OPTIONAL_11,SV5_PLACE_00_CD742119708C091F_PORT_IN,SV5_INFILL_ROOM_2325332083fe0bf08a93_LINK:CONNECTOR,29,278,1,90fd62907fffcfa87108b82dc3d6330af8c0235e29b53a57539a9ab81e00ce23,03502fb599d4b513036ade56d0eac06e8cbd5ade6a2adbf028d5e2e588a11bcd
EP_a813e49b58d235aac13c6f71,SV5_INFILL_ROOM_0185002ddaf865f0355b,SV5_OPTIONAL_09,SV5_OPTIONAL_09,SV5_PLACE_12_391D0CF7A4422180_PORT_IN,SV5_INFILL_ROOM_0185002ddaf865f0355b_LINK:CONNECTOR,30,134,-1,a1b0b741b5a13f95d150280c0bec3211beb754f3194eac94a7bac1f2254d264b,03502fb599d4b513036ade56d0eac06e8cbd5ade6a2adbf028d5e2e588a11bcd
EP_2c3280e218f89c5de1237fd2,SV5_INFILL_ROOM_225c40e5664c1cf9ab35,SV5_OPTIONAL_09,SV5_OPTIONAL_09,SV5_PLACE_12_391D0CF7A4422180_PORT_IN,SV5_INFILL_ROOM_225c40e5664c1cf9ab35_LINK:CONNECTOR,30,149,-1,3c009d0288d06e1cf510fee94ed784045db8db82e5e53d9bfbc87b1183884c22,03502fb599d4b513036ade56d0eac06e8cbd5ade6a2adbf028d5e2e588a11bcd
EP_4b446408186bb885649de1a6,SV5_INFILL_ROOM_225c40e5664c1cf9ab35,SV5_OPTIONAL_09,SV5_OPTIONAL_09,SV5_PLACE_12_391D0CF7A4422180_PORT_IN,SV5_INFILL_ROOM_225c40e5664c1cf9ab35_LINK:CONNECTOR,30,149,1,7b9d72d43cbc4d96dfed8d4254c14fdc2786a2d47fefc4b0f670c14cf338890e,03502fb599d4b513036ade56d0eac06e8cbd5ade6a2adbf028d5e2e588a11bcd
EP_341980ed9bd0c06371b1ffeb,SV5_INFILL_ROOM_2325332083fe0bf08a93,SV5_OPTIONAL_11,SV5_OPTIONAL_11,SV5_PLACE_00_CD742119708C091F_PORT_IN,SV5_INFILL_ROOM_2325332083fe0bf08a93_LINK:CONNECTOR,30,277,-1,d78731e29d8e49b052c60702c084a0d3ca748a1d75e40c79af0455a5007d57ce,03502fb599d4b513036ade56d0eac06e8cbd5ade6a2adbf028d5e2e588a11bcd
EP_ae99b1ec789540d09b88f90c,SV5_INFILL_ROOM_2325332083fe0bf08a93,SV5_OPTIONAL_11,SV5_OPTIONAL_11,SV5_PLACE_00_CD742119708C091F_PORT_IN,SV5_INFILL_ROOM_2325332083fe0bf08a93_LINK:CONNECTOR,30,277,1,cab5ae4a1588ab271b31ca3acbd7c87d1ecfdd0d2774f4d28e6ddeff42ed559e,03502fb599d4b513036ade56d0eac06e8cbd5ade6a2adbf028d5e2e588a11bcd
EP_6205e8009a48d76cd27a3763,SV5_INFILL_ROOM_050dc7e3b0d32cf22249,SV5_OPTIONAL_06,SV5_OPTIONAL_06,SV5_PLACE_13_97A1D09E3197EA92_PORT_IN,SV5_INFILL_ROOM_050dc7e3b0d32cf22249:EMPTY_ROOM,31,23,1,72871d83f4b555f77a5dcf3bfc0e6b4e4d2c2192bcbd2c8333c63d9a0966af70,03502fb599d4b513036ade56d0eac06e8cbd5ade6a2adbf028d5e2e588a11bcd
EP_8fda5a03519204a4295b1460,SV5_INFILL_ROOM_0b825bde62b1eee79257,SV5_OPTIONAL_12,SV5_OPTIONAL_12,SV5_PLACE_04_CB2B17D440D58981_PORT_IN,SV5_INFILL_ROOM_0b825bde62b1eee79257:LANDING,31,311,1,500da08d372b17e20789aaeb51e9993d47e89ed038a1fba38d5111fafaeefd7a,03502fb599d4b513036ade56d0eac06e8cbd5ade6a2adbf028d5e2e588a11bcd
EP_6625bc2f5c96912a714fcfa8,SV5_INFILL_ROOM_03b08efc4624bc79bd40,SV5_OPTIONAL_12,SV5_OPTIONAL_12,SV5_PLACE_04_CB2B17D440D58981_PORT_IN,SV5_INFILL_ROOM_03b08efc4624bc79bd40_LINK:CONNECTOR,31,378,1,0081f2682942815b804e4e3956fc2c657e0adc57bb434fd21b31673e1dbcefdd,03502fb599d4b513036ade56d0eac06e8cbd5ade6a2adbf028d5e2e588a11bcd
EP_0334880fd0c74bc9aac70e4a,SV5_INFILL_ROOM_0036192e65ffed678614,SV5_OPTIONAL_12,SV5_OPTIONAL_12,SV5_PLACE_04_CB2B17D440D58981_PORT_IN,SV5_INFILL_ROOM_0036192e65ffed678614_LINK:CONNECTOR,31,398,1,4b3f584e472a53cd9d6ce087e13d045c0084d518d993a047f5e7da63acf5935b,03502fb599d4b513036ade56d0eac06e8cbd5ade6a2adbf028d5e2e588a11bcd
EP_6750f2d77df6ea8931d1b3b5,SV5_INFILL_ROOM_19964c61275fdbcb2d6a,SV5_OPTIONAL_09,SV5_OPTIONAL_09,SV5_PLACE_12_391D0CF7A4422180_PORT_IN,SV5_INFILL_ROOM_19964c61275fdbcb2d6a:EMPTY_ROOM,32,147,-1,460e1d6e68315cf8b6631fbe346ce0315ffc4d28975f21c2f4f1380195b93fd4,03502fb599d4b513036ade56d0eac06e8cbd5ade6a2adbf028d5e2e588a11bcd
EP_f3e93d8569ac11146f1ede83,SV5_INFILL_ROOM_2325332083fe0bf08a93,SV5_OPTIONAL_11,SV5_OPTIONAL_11,SV5_PLACE_00_CD742119708C091F_PORT_IN,SV5_INFILL_ROOM_2325332083fe0bf08a93_LINK:CONNECTOR,32,275,-1,186a39520628457a4308f4258a3f1324ec29e87b92737647d11a736306c92515,03502fb599d4b513036ade56d0eac06e8cbd5ade6a2adbf028d5e2e588a11bcd
EP_ab0620d6387a18f0299f462f,SV5_INFILL_ROOM_03b08efc4624bc79bd40,SV5_OPTIONAL_12,SV5_OPTIONAL_12,SV5_PLACE_04_CB2B17D440D58981_PORT_IN,SV5_INFILL_ROOM_03b08efc4624bc79bd40_LINK:CONNECTOR,32,377,1,8803924160185cb389f2abd28f85190dabab533e340a64a008922df6b0b39197,03502fb599d4b513036ade56d0eac06e8cbd5ade6a2adbf028d5e2e588a11bcd
EP_014aea748314664919bb5ed5,SV5_INFILL_ROOM_0036192e65ffed678614,SV5_OPTIONAL_12,SV5_OPTIONAL_12,SV5_PLACE_04_CB2B17D440D58981_PORT_IN,SV5_INFILL_ROOM_0036192e65ffed678614_LINK:CONNECTOR,32,397,-1,bbe6e0c621bcb685463f18caf301f65e13f39577a9c60ee2ed13a46010684b97,03502fb599d4b513036ade56d0eac06e8cbd5ade6a2adbf028d5e2e588a11bcd
EP_d65c477bab47ee1868369c03,SV5_INFILL_ROOM_0185002ddaf865f0355b,SV5_OPTIONAL_09,SV5_OPTIONAL_09,SV5_PLACE_12_391D0CF7A4422180_PORT_IN,SV5_INFILL_ROOM_0185002ddaf865f0355b_LINK:CONNECTOR,33,134,1,f727754888d8399a5437960073a5ae0941002d1892029baee96fb63453f3a891,03502fb599d4b513036ade56d0eac06e8cbd5ade6a2adbf028d5e2e588a11bcd
EP_12f1425310e8b170a097afc7,SV5_INFILL_ROOM_06d7a128bf1180015fa4,SV5_OPTIONAL_10,SV5_OPTIONAL_10,SV5_PLACE_12_391D0CF7A4422180_PORT_OUT,SV5_INFILL_ROOM_06d7a128bf1180015fa4_LINK:CONNECTOR,33,224,1,18e35cf57490346b160272e747d07e59c77a4e8c8f168087d9479939963b6ae9,03502fb599d4b513036ade56d0eac06e8cbd5ade6a2adbf028d5e2e588a11bcd
EP_90ecd15083446dcbe296ac23,SV5_INFILL_ROOM_2325332083fe0bf08a93,SV5_OPTIONAL_11,SV5_OPTIONAL_11,SV5_PLACE_00_CD742119708C091F_PORT_IN,SV5_INFILL_ROOM_2325332083fe0bf08a93_LINK:CONNECTOR,33,274,1,6181dbd74f7ab063b54e2f64feb3987a1a54420bb336c3d452ef7fee43ac3b7e,03502fb599d4b513036ade56d0eac06e8cbd5ade6a2adbf028d5e2e588a11bcd
EP_e98e8192d07a4075e3cd8ddc,SV5_INFILL_ROOM_2325332083fe0bf08a93,SV5_OPTIONAL_11,SV5_OPTIONAL_11,SV5_PLACE_00_CD742119708C091F_PORT_IN,SV5_INFILL_ROOM_2325332083fe0bf08a93_LINK:CONNECTOR,33,274,-1,9a4291c215b3d61369ed9a2f111f9fa44041f2528906b671ff3e5f81b7c39aeb,03502fb599d4b513036ade56d0eac06e8cbd5ade6a2adbf028d5e2e588a11bcd
EP_5de18faf9445fc08888efb1f,SV5_INFILL_ROOM_03b08efc4624bc79bd40,SV5_OPTIONAL_12,SV5_OPTIONAL_12,SV5_PLACE_04_CB2B17D440D58981_PORT_IN,SV5_INFILL_ROOM_03b08efc4624bc79bd40_LINK:CONNECTOR,33,376,-1,8ac4cdfd471ff28989a3938dc59adaf4fcdab018265af35ddea3f262c34bb292,03502fb599d4b513036ade56d0eac06e8cbd5ade6a2adbf028d5e2e588a11bcd
EP_ecc9172508fcaeca9cc909dd,SV5_INFILL_ROOM_0036192e65ffed678614,SV5_OPTIONAL_12,SV5_OPTIONAL_12,SV5_PLACE_04_CB2B17D440D58981_PORT_IN,SV5_INFILL_ROOM_0036192e65ffed678614_LINK:CONNECTOR,33,396,1,1196583830bbd3d3d2e04afdea560f7fe05db4f0d18052f10c67c9a43bee65a8,03502fb599d4b513036ade56d0eac06e8cbd5ade6a2adbf028d5e2e588a11bcd
EP_3ecd219946e362d1790507e9,SV5_INFILL_ROOM_0185002ddaf865f0355b,SV5_OPTIONAL_09,SV5_OPTIONAL_09,SV5_PLACE_12_391D0CF7A4422180_PORT_IN,SV5_INFILL_ROOM_0185002ddaf865f0355b_LINK:CONNECTOR,34,133,1,35a89fce24105b783ed98acc4cd8ec44c433813f0142ed36e5b0de59c2692398,03502fb599d4b513036ade56d0eac06e8cbd5ade6a2adbf028d5e2e588a11bcd
EP_c9d569785c659b3d0671b051,SV5_INFILL_ROOM_0185002ddaf865f0355b,SV5_OPTIONAL_09,SV5_OPTIONAL_09,SV5_PLACE_12_391D0CF7A4422180_PORT_IN,SV5_INFILL_ROOM_0185002ddaf865f0355b_LINK:CONNECTOR,34,133,-1,8122f7b1317c0d4993d903551d143dec0f1c4442a051bdcb4c9374c6cb2ef172,03502fb599d4b513036ade56d0eac06e8cbd5ade6a2adbf028d5e2e588a11bcd
EP_1f996335ca264c9d301f2336,SV5_INFILL_ROOM_03850b67c3244694a906,SV5_OPTIONAL_09,SV5_OPTIONAL_09,SV5_PLACE_12_391D0CF7A4422180_PORT_IN,SV5_INFILL_ROOM_03850b67c3244694a906_LINK:CONNECTOR,34,207,1,0ffd726adff9bf5e01a818817b9494b0ff49a2c444d37e537430833cf7c582bd,03502fb599d4b513036ade56d0eac06e8cbd5ade6a2adbf028d5e2e588a11bcd
EP_1aebc583bc5188a4ab6c0394,SV5_INFILL_ROOM_2325332083fe0bf08a93,SV5_OPTIONAL_11,SV5_OPTIONAL_11,SV5_PLACE_00_CD742119708C091F_PORT_IN,SV5_INFILL_ROOM_2325332083fe0bf08a93_LINK:CONNECTOR,34,273,1,084264f35de63af2a38b31c90c689425014fac5901d7dd409d1d7113efe55b20,03502fb599d4b513036ade56d0eac06e8cbd5ade6a2adbf028d5e2e588a11bcd
EP_c8c988c983e121414806525a,SV5_INFILL_ROOM_2325332083fe0bf08a93,SV5_OPTIONAL_11,SV5_OPTIONAL_11,SV5_PLACE_00_CD742119708C091F_PORT_IN,SV5_INFILL_ROOM_2325332083fe0bf08a93_LINK:CONNECTOR,34,273,-1,8ca41266d0c76b01fcc7463ad3d5d9c23d000fa4a4ddde287ae9c88643e1f29a,03502fb599d4b513036ade56d0eac06e8cbd5ade6a2adbf028d5e2e588a11bcd
EP_d32473b1a4e4de3c4c56fffe,SV5_INFILL_ROOM_0036192e65ffed678614,SV5_OPTIONAL_12,SV5_OPTIONAL_12,SV5_PLACE_04_CB2B17D440D58981_PORT_IN,SV5_INFILL_ROOM_0036192e65ffed678614_LINK:CONNECTOR,34,395,-1,482be7d2167ba8c2cabe308ee99d5eda68a477a135b6d669c8e8e9b74bd21e18,03502fb599d4b513036ade56d0eac06e8cbd5ade6a2adbf028d5e2e588a11bcd
EP_f6c7de5d76b1721556b6ef25,SV5_INFILL_ROOM_0036192e65ffed678614,SV5_OPTIONAL_12,SV5_OPTIONAL_12,SV5_PLACE_04_CB2B17D440D58981_PORT_IN,SV5_INFILL_ROOM_0036192e65ffed678614_LINK:CONNECTOR,34,395,1,b44562738b1430427079583eaef0a7d57379342ef399a4720d28e5347cc80dc9,03502fb599d4b513036ade56d0eac06e8cbd5ade6a2adbf028d5e2e588a11bcd
EP_8be296feb27a8aba3ffbc2f9,SV5_INFILL_ROOM_04a89a1ea13d228de7cf,SV5_OPTIONAL_06,SV5_OPTIONAL_06,SV5_PLACE_13_97A1D09E3197EA92_PORT_IN,SV5_INFILL_ROOM_04a89a1ea13d228de7cf:SMALL_CAVE,35,43,1,f60933d8ef32ba47fe6cc00d8be58f1a2a7da722cae5da18bccd1ec32398fcf3,03502fb599d4b513036ade56d0eac06e8cbd5ade6a2adbf028d5e2e588a11bcd
EP_5f84efbc36fb100ae5d5d414,SV5_INFILL_ROOM_0185002ddaf865f0355b,SV5_OPTIONAL_09,SV5_OPTIONAL_09,SV5_PLACE_08_3479F08218885852_PORT_OUT,SV5_INFILL_ROOM_0185002ddaf865f0355b_LINK:CONNECTOR,35,132,-1,84b4e9c3bce654b6e92492cccd9b1464b1fba0de1c8527392344e30aa38d9c39,03502fb599d4b513036ade56d0eac06e8cbd5ade6a2adbf028d5e2e588a11bcd
EP_e5db44bf600a318af0d5d79c,SV5_INFILL_ROOM_0185002ddaf865f0355b,SV5_OPTIONAL_09,SV5_OPTIONAL_09,SV5_PLACE_08_3479F08218885852_PORT_OUT,SV5_INFILL_ROOM_0185002ddaf865f0355b_LINK:CONNECTOR,35,132,1,e392ec74bfc82e03acc9cc1189223a0cc4a9bf5778e9ee9e2e1d9ebd9638bc82,03502fb599d4b513036ade56d0eac06e8cbd5ade6a2adbf028d5e2e588a11bcd
EP_22d6d100bcb21f3f93f3c9b5,SV5_INFILL_ROOM_03850b67c3244694a906,SV5_OPTIONAL_09,SV5_OPTIONAL_09,SV5_PLACE_12_391D0CF7A4422180_PORT_IN,SV5_INFILL_ROOM_03850b67c3244694a906_LINK:CONNECTOR,35,208,1,47a5604ab5158034b6a85ff1eb3c17b1a2da9a02b0d1c91771c83b5f57e59459,03502fb599d4b513036ade56d0eac06e8cbd5ade6a2adbf028d5e2e588a11bcd
EP_50ac7099805c98b4de728f79,SV5_INFILL_ROOM_03850b67c3244694a906,SV5_OPTIONAL_09,SV5_OPTIONAL_09,SV5_PLACE_12_391D0CF7A4422180_PORT_IN,SV5_INFILL_ROOM_03850b67c3244694a906_LINK:CONNECTOR,35,208,-1,3922d24268f16e92f6d739b15caab6149c2233e4122e4b30ec394a86ecf17076,03502fb599d4b513036ade56d0eac06e8cbd5ade6a2adbf028d5e2e588a11bcd
EP_4d17ef456394fb2c16bc4b6e,SV5_INFILL_ROOM_06d7a128bf1180015fa4,SV5_OPTIONAL_10,SV5_OPTIONAL_10,SV5_PLACE_12_391D0CF7A4422180_PORT_OUT,SV5_INFILL_ROOM_06d7a128bf1180015fa4_LINK:CONNECTOR,35,226,1,6c7986bf08348e319dc8d6029d674f15a3eb4eac1c3edc87fe5b9ade9b73d593,03502fb599d4b513036ade56d0eac06e8cbd5ade6a2adbf028d5e2e588a11bcd
EP_f82ccfa09e158033e3116331,SV5_INFILL_ROOM_0b825bde62b1eee79257,SV5_OPTIONAL_12,SV5_OPTIONAL_12,SV5_PLACE_04_CB2B17D440D58981_PORT_IN,SV5_INFILL_ROOM_0b825bde62b1eee79257_LINK:CONNECTOR,35,310,1,f1ebacef7e6a51721ca5ba5930146d6e91f4eb9726c0a9bd710399e9d3d24327,03502fb599d4b513036ade56d0eac06e8cbd5ade6a2adbf028d5e2e588a11bcd
EP_bc8df0270b9116903ced1bca,SV5_INFILL_ROOM_00473322334dddb23100,SV5_OPTIONAL_12,SV5_OPTIONAL_12,SV5_PLACE_04_CB2B17D440D58981_PORT_IN,SV5_INFILL_ROOM_00473322334dddb23100_LINK:CONNECTOR,35,330,1,a2e73bb96edce22f0918ab21c734948675b6950293a6c260026a24cc735da4fa,03502fb599d4b513036ade56d0eac06e8cbd5ade6a2adbf028d5e2e588a11bcd
EP_1dc6019b8812ace9fd335836,SV5_INFILL_ROOM_030a02d7aa5a692e4bf7,SV5_OPTIONAL_12,SV5_OPTIONAL_12,SV5_PLACE_04_CB2B17D440D58981_PORT_IN,SV5_INFILL_ROOM_030a02d7aa5a692e4bf7_LINK:CONNECTOR,35,358,1,9d5b74374ede41b2175c0456b09cd58b4370f514f0c7bbca0f27209b3cf39b29,03502fb599d4b513036ade56d0eac06e8cbd5ade6a2adbf028d5e2e588a11bcd
EP_67d3674bbb086fdfe9f25216,SV5_INFILL_ROOM_03b08efc4624bc79bd40,SV5_OPTIONAL_12,SV5_OPTIONAL_12,SV5_PLACE_04_CB2B17D440D58981_PORT_IN,SV5_INFILL_ROOM_03b08efc4624bc79bd40_LINK:CONNECTOR,35,374,-1,973d8369ef8d0553205d0b1612e1258f003ad4f60b23224a07add7f828043b91,03502fb599d4b513036ade56d0eac06e8cbd5ade6a2adbf028d5e2e588a11bcd
EP_4a7d24e320d0b8a1159dcd2c,SV5_INFILL_ROOM_0036192e65ffed678614,SV5_OPTIONAL_12,SV5_OPTIONAL_12,SV5_PLACE_04_CB2B17D440D58981_PORT_IN,SV5_INFILL_ROOM_0036192e65ffed678614_LINK:CONNECTOR,35,394,-1,169010acbd64a551314cf7ce7f418bd7c93dd1d4942fa9fa065338db05761f52,03502fb599d4b513036ade56d0eac06e8cbd5ade6a2adbf028d5e2e588a11bcd
EP_8f894f35c1774bd42ab68064,SV5_INFILL_ROOM_016130f8c175d446c415,SV5_OPTIONAL_08,SV5_OPTIONAL_08,SV5_PLACE_08_3479F08218885852_PORT_IN,SV5_INFILL_ROOM_016130f8c175d446c415_LINK:CONNECTOR,36,79,1,7cf77ba20c1ee6f07afe7416a13bfbb31a8e481832a8665e96fe603811910cbd,03502fb599d4b513036ade56d0eac06e8cbd5ade6a2adbf028d5e2e588a11bcd
EP_d1739a27c95bb2eb8d249994,SV5_INFILL_ROOM_029b432f4140a9c49192,SV5_OPTIONAL_09,SV5_OPTIONAL_09,SV5_PLACE_08_3479F08218885852_PORT_OUT,SV5_INFILL_ROOM_029b432f4140a9c49192:EMPTY_ROOM,36,131,-1,a5f69a01d13e63208615bf5c1e71659e2dbeea356842fa0459af202105ccefc1,03502fb599d4b513036ade56d0eac06e8cbd5ade6a2adbf028d5e2e588a11bcd
EP_96a6a2417d8e47faab364637,SV5_INFILL_ROOM_0eed68767be005747705,SV5_OPTIONAL_09,SV5_OPTIONAL_09,SV5_PLACE_12_391D0CF7A4422180_PORT_IN,SV5_INFILL_ROOM_0eed68767be005747705:LANDING,36,209,-1,491c15c87eeab9e0a1fdb1311eedcc9f93d2022b488fd369307942bd30c7ccbd,03502fb599d4b513036ade56d0eac06e8cbd5ade6a2adbf028d5e2e588a11bcd
EP_4a0532e2963a8e31c2ed652b,SV5_INFILL_ROOM_06d7a128bf1180015fa4,SV5_OPTIONAL_10,SV5_OPTIONAL_10,SV5_PLACE_12_391D0CF7A4422180_PORT_OUT,SV5_INFILL_ROOM_06d7a128bf1180015fa4_LINK:CONNECTOR,36,227,-1,1bed65d7a2d28ef6db5fa6eedc066eabe562e7ed21e445293ca46a374030254f,03502fb599d4b513036ade56d0eac06e8cbd5ade6a2adbf028d5e2e588a11bcd
EP_ca9059ac3f815710f9bca089,SV5_INFILL_ROOM_01122f644626dea695c0,SV5_OPTIONAL_11,SV5_OPTIONAL_11,SV5_PLACE_00_CD742119708C091F_PORT_IN,SV5_INFILL_ROOM_01122f644626dea695c0:EMPTY_ROOM,36,271,-1,cc9154a9fe770a15d1d27b5e33ce0f4b5ad2fbe74418700f5a9c75b7675083b2,03502fb599d4b513036ade56d0eac06e8cbd5ade6a2adbf028d5e2e588a11bcd
EP_5a81b3ea8548bed6edf1cd0f,SV5_INFILL_ROOM_0b825bde62b1eee79257,SV5_OPTIONAL_12,SV5_OPTIONAL_12,SV5_PLACE_04_CB2B17D440D58981_PORT_IN,SV5_INFILL_ROOM_0b825bde62b1eee79257_LINK:CONNECTOR,36,309,-1,6d8c42e112820aa6b911656f8e6ceb79715c44d9e668934b5175af9eac0fdd23,03502fb599d4b513036ade56d0eac06e8cbd5ade6a2adbf028d5e2e588a11bcd
EP_d49c07d8dff4f96e50020049,SV5_INFILL_ROOM_0b825bde62b1eee79257,SV5_OPTIONAL_12,SV5_OPTIONAL_12,SV5_PLACE_04_CB2B17D440D58981_PORT_IN,SV5_INFILL_ROOM_0b825bde62b1eee79257_LINK:CONNECTOR,36,309,1,a162b56bfc45d5fb53958aa7938e3eefeec9431d876670d6e5b64965089c90c9,03502fb599d4b513036ade56d0eac06e8cbd5ade6a2adbf028d5e2e588a11bcd
EP_5657ba81fe35bee02b5eb257,SV5_INFILL_ROOM_00473322334dddb23100,SV5_OPTIONAL_12,SV5_OPTIONAL_12,SV5_PLACE_04_CB2B17D440D58981_PORT_IN,SV5_INFILL_ROOM_00473322334dddb23100_LINK:CONNECTOR,36,329,1,40cd88242c3adfa58b361d2b2affe170e52f4068bf8381ae7f1cfb2299c1e6f9,03502fb599d4b513036ade56d0eac06e8cbd5ade6a2adbf028d5e2e588a11bcd
EP_8fd272e862aaa74461cb5102,SV5_INFILL_ROOM_00473322334dddb23100,SV5_OPTIONAL_12,SV5_OPTIONAL_12,SV5_PLACE_04_CB2B17D440D58981_PORT_IN,SV5_INFILL_ROOM_00473322334dddb23100_LINK:CONNECTOR,36,329,-1,83255226f3d569a20978540f0a3b8d902c6024a663a3d27ffc0d40932ed6d56b,03502fb599d4b513036ade56d0eac06e8cbd5ade6a2adbf028d5e2e588a11bcd
EP_587120eb274fa39a69eb71ae,SV5_INFILL_ROOM_030a02d7aa5a692e4bf7,SV5_OPTIONAL_12,SV5_OPTIONAL_12,SV5_PLACE_04_CB2B17D440D58981_PORT_IN,SV5_INFILL_ROOM_030a02d7aa5a692e4bf7_LINK:CONNECTOR,36,357,1,d8cc94c81f251e11f9c34900c7828efcafceb9f0ba7dc0abc01cbca632f4afc8,03502fb599d4b513036ade56d0eac06e8cbd5ade6a2adbf028d5e2e588a11bcd
EP_c5480e92eae261e06cd5371c,SV5_INFILL_ROOM_030a02d7aa5a692e4bf7,SV5_OPTIONAL_12,SV5_OPTIONAL_12,SV5_PLACE_04_CB2B17D440D58981_PORT_IN,SV5_INFILL_ROOM_030a02d7aa5a692e4bf7_LINK:CONNECTOR,36,357,-1,54958f4403db138422ea7145f1ea85ca2a9a6774d40c12a72ec79e1cf50725b5,03502fb599d4b513036ade56d0eac06e8cbd5ade6a2adbf028d5e2e588a11bcd
EP_37b48e3592d12cf74e0089d0,SV5_INFILL_ROOM_0036192e65ffed678614,SV5_OPTIONAL_12,SV5_OPTIONAL_12,SV5_PLACE_04_CB2B17D440D58981_PORT_IN,SV5_INFILL_ROOM_0036192e65ffed678614_LINK:CONNECTOR,36,393,1,d8d9042a67a4b5dbfc3359b65920523884c0cd4920523a0573a559aab36e5b47,03502fb599d4b513036ade56d0eac06e8cbd5ade6a2adbf028d5e2e588a11bcd
EP_1d8b2bb7d7217c25eb5620a9,SV5_INFILL_ROOM_016130f8c175d446c415,SV5_OPTIONAL_08,SV5_OPTIONAL_08,SV5_PLACE_08_3479F08218885852_PORT_IN,SV5_INFILL_ROOM_016130f8c175d446c415_LINK:CONNECTOR,37,80,-1,832565e6418e2f7b4afb1414a0995d76e688b193b5152f7c6f7cba1553c64571,03502fb599d4b513036ade56d0eac06e8cbd5ade6a2adbf028d5e2e588a11bcd
EP_c27e15ac29fde7b45c875a6c,SV5_INFILL_ROOM_016130f8c175d446c415,SV5_OPTIONAL_08,SV5_OPTIONAL_08,SV5_PLACE_08_3479F08218885852_PORT_IN,SV5_INFILL_ROOM_016130f8c175d446c415_LINK:CONNECTOR,37,80,1,8c4f91c3a8e3f43e12e3fb6d95a6efb2bbce294fe44f458d541ee36542b00f84,03502fb599d4b513036ade56d0eac06e8cbd5ade6a2adbf028d5e2e588a11bcd
EP_3d09376fdcdd2dd918f71ad0,SV5_INFILL_ROOM_06d7a128bf1180015fa4,SV5_OPTIONAL_10,SV5_OPTIONAL_10,SV5_PLACE_12_391D0CF7A4422180_PORT_OUT,SV5_INFILL_ROOM_06d7a128bf1180015fa4_LINK:CONNECTOR,37,228,-1,6d8ee73996c27c032bf03e35756e7d80c20ffef1765fb880e91bd6fc943505f5,03502fb599d4b513036ade56d0eac06e8cbd5ade6a2adbf028d5e2e588a11bcd
EP_ebedee2f8095505b5661eb45,SV5_INFILL_ROOM_06d7a128bf1180015fa4,SV5_OPTIONAL_10,SV5_OPTIONAL_10,SV5_PLACE_12_391D0CF7A4422180_PORT_OUT,SV5_INFILL_ROOM_06d7a128bf1180015fa4_LINK:CONNECTOR,37,228,1,728fca01325eb387b2af3d80e98067426006848d085bd645ca70d4ea11b3eb0b,03502fb599d4b513036ade56d0eac06e8cbd5ade6a2adbf028d5e2e588a11bcd
EP_564746b775e5172933a039c4,SV5_INFILL_ROOM_030a02d7aa5a692e4bf7,SV5_OPTIONAL_12,SV5_OPTIONAL_12,SV5_PLACE_04_CB2B17D440D58981_PORT_IN,SV5_INFILL_ROOM_030a02d7aa5a692e4bf7_LINK:CONNECTOR,37,356,1,2f05885cb683250e5fa102cadf2beb3f9cd57e6a20c73dd8a9df85f8aa648e24,03502fb599d4b513036ade56d0eac06e8cbd5ade6a2adbf028d5e2e588a11bcd
EP_a7b51d6c945fc82325667250,SV5_INFILL_ROOM_030a02d7aa5a692e4bf7,SV5_OPTIONAL_12,SV5_OPTIONAL_12,SV5_PLACE_04_CB2B17D440D58981_PORT_IN,SV5_INFILL_ROOM_030a02d7aa5a692e4bf7_LINK:CONNECTOR,37,356,-1,0d82a03911f588f3d5b408226a545bf55a5d5e523a3b8b0f771b90221efcd62f,03502fb599d4b513036ade56d0eac06e8cbd5ade6a2adbf028d5e2e588a11bcd
EP_6f5c7f72447dd3475e33e579,SV5_INFILL_ROOM_03b08efc4624bc79bd40,SV5_OPTIONAL_12,SV5_OPTIONAL_12,SV5_PLACE_04_CB2B17D440D58981_PORT_IN,SV5_INFILL_ROOM_03b08efc4624bc79bd40_LINK:CONNECTOR,37,372,1,05f1e46d10200b1c399ff5d209a31632f7b2dd001faf861bcaccc2cd3319676c,03502fb599d4b513036ade56d0eac06e8cbd5ade6a2adbf028d5e2e588a11bcd
EP_ddb2111366fb24b2c68687cf,SV5_INFILL_ROOM_03b08efc4624bc79bd40,SV5_OPTIONAL_12,SV5_OPTIONAL_12,SV5_PLACE_04_CB2B17D440D58981_PORT_IN,SV5_INFILL_ROOM_03b08efc4624bc79bd40_LINK:CONNECTOR,37,372,-1,aad9084b9ec6db5fbe4d5dc62f686743b6cf986f6752a46f88c38e889031a158,03502fb599d4b513036ade56d0eac06e8cbd5ade6a2adbf028d5e2e588a11bcd
EP_68faf8c10a73fbc599398260,SV5_INFILL_ROOM_016130f8c175d446c415,SV5_OPTIONAL_08,SV5_OPTIONAL_08,SV5_PLACE_08_3479F08218885852_PORT_IN,SV5_INFILL_ROOM_016130f8c175d446c415_LINK:CONNECTOR,38,81,1,f237ab16f815ecbb7e0866873140a64d35181960c4006f7a6a9916ad42d86934,03502fb599d4b513036ade56d0eac06e8cbd5ade6a2adbf028d5e2e588a11bcd
EP_b7ce387a691f07c9ac9fe47a,SV5_INFILL_ROOM_016130f8c175d446c415,SV5_OPTIONAL_08,SV5_OPTIONAL_08,SV5_PLACE_08_3479F08218885852_PORT_IN,SV5_INFILL_ROOM_016130f8c175d446c415_LINK:CONNECTOR,38,81,-1,d12bf86836b255fe6e41a1d5ef3368540f160a18557b0259e5b057544a1a0345,03502fb599d4b513036ade56d0eac06e8cbd5ade6a2adbf028d5e2e588a11bcd
EP_80f6527e12a22b5adb66f3be,SV5_INFILL_ROOM_06d7a128bf1180015fa4,SV5_OPTIONAL_10,SV5_OPTIONAL_10,SV5_PLACE_12_391D0CF7A4422180_PORT_OUT,SV5_INFILL_ROOM_06d7a128bf1180015fa4_LINK:CONNECTOR,38,229,-1,48c44bae4b4560ff29c87a940bc75cbdcd12e4441cb8e2e01ac45bbbf543d26e,03502fb599d4b513036ade56d0eac06e8cbd5ade6a2adbf028d5e2e588a11bcd
EP_ebbb2d9e571cf9c25085837e,SV5_INFILL_ROOM_00214737a7823549ff84,SV5_OPTIONAL_12,SV5_OPTIONAL_12,SV5_PLACE_00_CD742119708C091F_PORT_OUT,SV5_INFILL_ROOM_00214737a7823549ff84_LINK:CONNECTOR,38,295,1,be090839266d937ae55dc76dde7de87107942f4a36e2f7a58a8c739be712f525,03502fb599d4b513036ade56d0eac06e8cbd5ade6a2adbf028d5e2e588a11bcd
EP_4d49e20761c100cb6f0cbc4b,SV5_INFILL_ROOM_0b825bde62b1eee79257,SV5_OPTIONAL_12,SV5_OPTIONAL_12,SV5_PLACE_04_CB2B17D440D58981_PORT_IN,SV5_INFILL_ROOM_0b825bde62b1eee79257_LINK:CONNECTOR,38,307,1,4a06d5c500f3be5ff9e1ca727a91bf0d52f050eeea7b4a6e13f6d27278ec951b,03502fb599d4b513036ade56d0eac06e8cbd5ade6a2adbf028d5e2e588a11bcd
EP_86c23a73adb718e59fe1cf4a,SV5_INFILL_ROOM_0b825bde62b1eee79257,SV5_OPTIONAL_12,SV5_OPTIONAL_12,SV5_PLACE_04_CB2B17D440D58981_PORT_IN,SV5_INFILL_ROOM_0b825bde62b1eee79257_LINK:CONNECTOR,38,307,-1,8282f1566bee9765ca82f1184f05443d249d393cf1282105e9e93411394f3115,03502fb599d4b513036ade56d0eac06e8cbd5ade6a2adbf028d5e2e588a11bcd
EP_0cf60dc1c35be899923cb3e0,SV5_INFILL_ROOM_00473322334dddb23100,SV5_OPTIONAL_12,SV5_OPTIONAL_12,SV5_PLACE_04_CB2B17D440D58981_PORT_IN,SV5_INFILL_ROOM_00473322334dddb23100_LINK:CONNECTOR,38,327,-1,afa40197de9894efd2a9b844a02d283ab3298f9ace026f2a09b082bc12f51955,03502fb599d4b513036ade56d0eac06e8cbd5ade6a2adbf028d5e2e588a11bcd
EP_be17050980234c000f4fb2d7,SV5_INFILL_ROOM_00473322334dddb23100,SV5_OPTIONAL_12,SV5_OPTIONAL_12,SV5_PLACE_04_CB2B17D440D58981_PORT_IN,SV5_INFILL_ROOM_00473322334dddb23100_LINK:CONNECTOR,38,327,1,590a8381e6cc3c722bab8bcd3372a487996656da1d07b95215d47568fdbb50b6,03502fb599d4b513036ade56d0eac06e8cbd5ade6a2adbf028d5e2e588a11bcd
EP_031c569e072079979ff3f535,SV5_INFILL_ROOM_7e2a072aec3341bfd326,SV5_OPTIONAL_12,SV5_OPTIONAL_12,SV5_PLACE_04_CB2B17D440D58981_PORT_IN,SV5_INFILL_ROOM_7e2a072aec3341bfd326_LINK:CONNECTOR,38,343,1,1fe92fe146cbedaeb8d824aa2eac8b19ff0c9d389bd5004a99b42b26abebe138,03502fb599d4b513036ade56d0eac06e8cbd5ade6a2adbf028d5e2e588a11bcd
EP_16902f455708d08937310f9e,SV5_INFILL_ROOM_030a02d7aa5a692e4bf7,SV5_OPTIONAL_12,SV5_OPTIONAL_12,SV5_PLACE_04_CB2B17D440D58981_PORT_IN,SV5_INFILL_ROOM_030a02d7aa5a692e4bf7_LINK:CONNECTOR,38,355,1,d0491ae714de1d0f4bd3470cc14f6b6b15cc490b3c357f43ed2255682f46ea3d,03502fb599d4b513036ade56d0eac06e8cbd5ade6a2adbf028d5e2e588a11bcd
EP_a616e6277e58a84fe241f98f,SV5_INFILL_ROOM_03b08efc4624bc79bd40,SV5_OPTIONAL_12,SV5_OPTIONAL_12,SV5_PLACE_04_CB2B17D440D58981_PORT_IN,SV5_INFILL_ROOM_03b08efc4624bc79bd40_LINK:CONNECTOR,38,371,-1,923a806bf18e56844ba8a7dc983e6edb14bd2b8fcd09f7bdb6aa2734e8c20c0a,03502fb599d4b513036ade56d0eac06e8cbd5ade6a2adbf028d5e2e588a11bcd
EP_4cf1d29948db49a1c9ad6ca8,SV5_INFILL_ROOM_0036192e65ffed678614,SV5_OPTIONAL_12,SV5_OPTIONAL_12,SV5_PLACE_04_CB2B17D440D58981_PORT_IN,SV5_INFILL_ROOM_0036192e65ffed678614_LINK:CONNECTOR,38,391,-1,b58319cf2499d9e884e15cb0a616f5c2901d38999b35d2f86bfa1dcd55e569d9,03502fb599d4b513036ade56d0eac06e8cbd5ade6a2adbf028d5e2e588a11bcd
EP_7b8b89389ec6ec1303e6d0da,SV5_INFILL_ROOM_016130f8c175d446c415,SV5_OPTIONAL_08,SV5_OPTIONAL_08,SV5_PLACE_08_3479F08218885852_PORT_IN,SV5_INFILL_ROOM_016130f8c175d446c415_LINK:CONNECTOR,39,82,1,6798e54010498fbc538d9fff1bfe1eb4ec112eb4e90a13cf6771c4cd7a1d9a94,03502fb599d4b513036ade56d0eac06e8cbd5ade6a2adbf028d5e2e588a11bcd
EP_7bac2323159719d9712fad5f,SV5_INFILL_ROOM_016130f8c175d446c415,SV5_OPTIONAL_08,SV5_OPTIONAL_08,SV5_PLACE_08_3479F08218885852_PORT_IN,SV5_INFILL_ROOM_016130f8c175d446c415_LINK:CONNECTOR,39,82,-1,2c958626a5faec1d56259b3956494a40be63944f099f74dc0fe2c7a6f3aa4bf9,03502fb599d4b513036ade56d0eac06e8cbd5ade6a2adbf028d5e2e588a11bcd
EP_ac039c802d24218d8afc0f73,SV5_INFILL_ROOM_06d7a128bf1180015fa4,SV5_OPTIONAL_10,SV5_OPTIONAL_10,SV5_PLACE_12_391D0CF7A4422180_PORT_OUT,SV5_INFILL_ROOM_06d7a128bf1180015fa4_LINK:CONNECTOR,39,230,1,4ed2d5aca44d9c2c9a9402f450da4ce4c794192ab58d05010a14656be1ad6cd7,03502fb599d4b513036ade56d0eac06e8cbd5ade6a2adbf028d5e2e588a11bcd
EP_f5fd18aafeaa91b6226b1fb5,SV5_INFILL_ROOM_06d7a128bf1180015fa4,SV5_OPTIONAL_10,SV5_OPTIONAL_10,SV5_PLACE_12_391D0CF7A4422180_PORT_OUT,SV5_INFILL_ROOM_06d7a128bf1180015fa4_LINK:CONNECTOR,39,230,-1,344a8cacb4e17d5504c2f811211afb7c3f1741686b122a08e5594202e28d5185,03502fb599d4b513036ade56d0eac06e8cbd5ade6a2adbf028d5e2e588a11bcd
EP_65f5aa2a30bab906c175e312,SV5_INFILL_ROOM_00214737a7823549ff84,SV5_OPTIONAL_12,SV5_OPTIONAL_12,SV5_PLACE_00_CD742119708C091F_PORT_OUT,SV5_INFILL_ROOM_00214737a7823549ff84_LINK:CONNECTOR,39,296,-1,6c40fff0a1b9e3805be6062e47db17646441b68ef3c72e53f9512165e5bb9017,03502fb599d4b513036ade56d0eac06e8cbd5ade6a2adbf028d5e2e588a11bcd
EP_bdaf4c2001418e2967a1c075,SV5_INFILL_ROOM_00214737a7823549ff84,SV5_OPTIONAL_12,SV5_OPTIONAL_12,SV5_PLACE_00_CD742119708C091F_PORT_OUT,SV5_INFILL_ROOM_00214737a7823549ff84_LINK:CONNECTOR,39,296,1,b53cf5a3878321cd7df154889f463d3dac77e54aded2a07b751bf396fe149af4,03502fb599d4b513036ade56d0eac06e8cbd5ade6a2adbf028d5e2e588a11bcd
EP_580a38ced28c462c4d9d2ebf,SV5_INFILL_ROOM_0b825bde62b1eee79257,SV5_OPTIONAL_12,SV5_OPTIONAL_12,SV5_PLACE_04_CB2B17D440D58981_PORT_IN,SV5_INFILL_ROOM_0b825bde62b1eee79257_LINK:CONNECTOR,39,308,-1,d4eb3be4b7afb6f8fbdb5ea8ce374f1fc1c416ad62a8f2f50c4dedfac4b226a0,03502fb599d4b513036ade56d0eac06e8cbd5ade6a2adbf028d5e2e588a11bcd
EP_76d86f14a8400ef3611aaeb2,SV5_INFILL_ROOM_0b825bde62b1eee79257,SV5_OPTIONAL_12,SV5_OPTIONAL_12,SV5_PLACE_04_CB2B17D440D58981_PORT_IN,SV5_INFILL_ROOM_0b825bde62b1eee79257_LINK:CONNECTOR,39,308,1,5488bbbd19383dac8611b1829a84e99ffe409dd14e25401a8310f8c0cf74e9a4,03502fb599d4b513036ade56d0eac06e8cbd5ade6a2adbf028d5e2e588a11bcd
EP_5a6496a4c300ffa48b136150,SV5_INFILL_ROOM_030a02d7aa5a692e4bf7,SV5_OPTIONAL_12,SV5_OPTIONAL_12,SV5_PLACE_04_CB2B17D440D58981_PORT_IN,SV5_INFILL_ROOM_030a02d7aa5a692e4bf7_LINK:CONNECTOR,39,356,-1,ab21421511c40072173a770c75d11bdfe1a7d09a2fd87fe88638e814b2d1c88c,03502fb599d4b513036ade56d0eac06e8cbd5ade6a2adbf028d5e2e588a11bcd
EP_36e0ea5d59b599148cdf329b,SV5_INFILL_ROOM_041cc40ca34ac9669c39,SV5_OPTIONAL_08,SV5_OPTIONAL_08,SV5_PLACE_08_3479F08218885852_PORT_IN,SV5_INFILL_ROOM_041cc40ca34ac9669c39:DEAD_END,40,83,-1,81c46205f85c40a1fa5785af70cdbba627c99606f39e6ea16221911493b0f37b,03502fb599d4b513036ade56d0eac06e8cbd5ade6a2adbf028d5e2e588a11bcd
EP_7602dd76d03a09b068dc5338,SV5_INFILL_ROOM_02c450bd7f02577d51cc,SV5_OPTIONAL_09,SV5_OPTIONAL_09,SV5_PLACE_08_3479F08218885852_PORT_OUT,SV5_INFILL_ROOM_02c450bd7f02577d51cc_LINK:CONNECTOR,40,101,-1,3d2552901109906ebb5eb927ce4a6c359d4b0974c388267f82b6fba50c42505b,03502fb599d4b513036ade56d0eac06e8cbd5ade6a2adbf028d5e2e588a11bcd
EP_0abbcb1bdeb16004258f349b,SV5_INFILL_ROOM_00a7e77543f9bf76279e,SV5_OPTIONAL_10,SV5_OPTIONAL_10,SV5_PLACE_12_391D0CF7A4422180_PORT_OUT,SV5_INFILL_ROOM_00a7e77543f9bf76279e:EMPTY_ROOM,40,231,-1,46188317900c95f35aa27ec90a4512d7e7291f65cc02459d262e5a7c6c65b4a3,03502fb599d4b513036ade56d0eac06e8cbd5ade6a2adbf028d5e2e588a11bcd
EP_7eb9b4b9b7836680f599d37e,SV5_INFILL_ROOM_00214737a7823549ff84,SV5_OPTIONAL_12,SV5_OPTIONAL_12,SV5_PLACE_00_CD742119708C091F_PORT_OUT,SV5_INFILL_ROOM_00214737a7823549ff84_LINK:CONNECTOR,41,298,1,dc3581e431cd17a7b6413f3be95b8eb1eb0db928037652cda7a3c001190371a0,03502fb599d4b513036ade56d0eac06e8cbd5ade6a2adbf028d5e2e588a11bcd
EP_bebe48d4bdefec4e9d4e7b5a,SV5_INFILL_ROOM_00214737a7823549ff84,SV5_OPTIONAL_12,SV5_OPTIONAL_12,SV5_PLACE_00_CD742119708C091F_PORT_OUT,SV5_INFILL_ROOM_00214737a7823549ff84_LINK:CONNECTOR,41,298,-1,80f756b2a0bd1b97594a3863dfda4f9614e5aa16bb8a819b41bd8107e09ec37b,03502fb599d4b513036ade56d0eac06e8cbd5ade6a2adbf028d5e2e588a11bcd
EP_14c29faf3d8891cd6400579b,SV5_INFILL_ROOM_02284733d117494c6d27,SV5_OPTIONAL_12,SV5_OPTIONAL_12,SV5_PLACE_04_CB2B17D440D58981_PORT_IN,SV5_INFILL_ROOM_02284733d117494c6d27_LINK:CONNECTOR,41,352,1,bf2240e23fd77291b0433f1a5aea432a96241534eff3e470b27d9048970f1389,03502fb599d4b513036ade56d0eac06e8cbd5ade6a2adbf028d5e2e588a11bcd
EP_4bb007e908ffb7fae15ec93d,SV5_INFILL_ROOM_02284733d117494c6d27,SV5_OPTIONAL_12,SV5_OPTIONAL_12,SV5_PLACE_04_CB2B17D440D58981_PORT_IN,SV5_INFILL_ROOM_02284733d117494c6d27_LINK:CONNECTOR,41,352,-1,9685b79407c902e5d046e3f24f00dd1b69b408c624ba05f537eecf3e4e71c5b6,03502fb599d4b513036ade56d0eac06e8cbd5ade6a2adbf028d5e2e588a11bcd
EP_0089e176b4b8a044d9962837,SV5_INFILL_ROOM_02c450bd7f02577d51cc,SV5_OPTIONAL_09,SV5_OPTIONAL_09,SV5_PLACE_08_3479F08218885852_PORT_OUT,SV5_INFILL_ROOM_02c450bd7f02577d51cc_LINK:CONNECTOR,42,103,-1,1fe0625df5e7d61b19e361ddc6fd24d84179e663e3441b68a3e4355d3e6c9df9,03502fb599d4b513036ade56d0eac06e8cbd5ade6a2adbf028d5e2e588a11bcd
EP_dc8c0d6bcb00f7ccdf6ecee1,SV5_INFILL_ROOM_02310f3878fc359b92be,SV5_OPTIONAL_11,SV5_OPTIONAL_11,SV5_PLACE_00_CD742119708C091F_PORT_IN,SV5_INFILL_ROOM_02310f3878fc359b92be_LINK:CONNECTOR,42,257,1,47eda018469e23a40e0f4a03751e3651cf6dc71d7e4f63937e74a26f4d5e0288,03502fb599d4b513036ade56d0eac06e8cbd5ade6a2adbf028d5e2e588a11bcd
EP_179d6c8cc0a6805fb36e58c0,SV5_INFILL_ROOM_0d8cf875280fe40a6142,SV5_OPTIONAL_12,SV5_OPTIONAL_12,SV5_PLACE_04_CB2B17D440D58981_PORT_IN,SV5_INFILL_ROOM_0d8cf875280fe40a6142_LINK:CONNECTOR,42,307,-1,d549b9585db56624fc971059c0d03e16286fda928efd3616821a6707e141968d,03502fb599d4b513036ade56d0eac06e8cbd5ade6a2adbf028d5e2e588a11bcd
EP_40a677fe035383cec090cd3e,SV5_INFILL_ROOM_02284733d117494c6d27,SV5_OPTIONAL_12,SV5_OPTIONAL_12,SV5_PLACE_04_CB2B17D440D58981_PORT_IN,SV5_INFILL_ROOM_02284733d117494c6d27_LINK:CONNECTOR,42,351,-1,83049f66b0168fe0d034562607f994b92b9e47f34b8df7e0ea2b064c2bc33b11,03502fb599d4b513036ade56d0eac06e8cbd5ade6a2adbf028d5e2e588a11bcd
EP_54bb506a090fa7b0530dd934,SV5_INFILL_ROOM_02310f3878fc359b92be,SV5_OPTIONAL_11,SV5_OPTIONAL_11,SV5_PLACE_00_CD742119708C091F_PORT_IN,SV5_INFILL_ROOM_02310f3878fc359b92be_LINK:CONNECTOR,43,256,1,35826a09ed722df088d21e6c70c6631876d8cd423e5287fb7db567a8f3e11fd7,03502fb599d4b513036ade56d0eac06e8cbd5ade6a2adbf028d5e2e588a11bcd
EP_0d9537edee5e7c48aefe586b,SV5_INFILL_ROOM_020c68eab2640b2d5781,SV5_OPTIONAL_12,SV5_OPTIONAL_12,SV5_PLACE_04_CB2B17D440D58981_PORT_IN,SV5_INFILL_ROOM_020c68eab2640b2d5781_LINK:CONNECTOR,43,320,-1,1c6dc14a255a886cae5a1ff33753a28f176a6fc33d5ed352229fc4872e2a0d04,03502fb599d4b513036ade56d0eac06e8cbd5ade6a2adbf028d5e2e588a11bcd
EP_d88918e6bdfec5bb92c93675,SV5_INFILL_ROOM_020c68eab2640b2d5781,SV5_OPTIONAL_12,SV5_OPTIONAL_12,SV5_PLACE_04_CB2B17D440D58981_PORT_IN,SV5_INFILL_ROOM_020c68eab2640b2d5781_LINK:CONNECTOR,43,320,1,fc45d6aa8a0363a29095134c55f0c495ea01eb50df8a641a07e8e931a6b6fb1e,03502fb599d4b513036ade56d0eac06e8cbd5ade6a2adbf028d5e2e588a11bcd
EP_7bc9cc2a5f14bce685ac919f,SV5_INFILL_ROOM_033878718f1e33807663,SV5_OPTIONAL_12,SV5_OPTIONAL_12,SV5_PLACE_04_CB2B17D440D58981_PORT_IN,SV5_INFILL_ROOM_033878718f1e33807663_LINK:CONNECTOR,43,371,-1,7d102cf2374aa7a75d97c9166c3f5560fdef07505a3f676cdd511bbd4e3c0f81,03502fb599d4b513036ade56d0eac06e8cbd5ade6a2adbf028d5e2e588a11bcd
EP_9134d926f880957e8539b0f1,SV5_INFILL_ROOM_02c450bd7f02577d51cc,SV5_OPTIONAL_09,SV5_OPTIONAL_09,SV5_PLACE_08_3479F08218885852_PORT_OUT,SV5_INFILL_ROOM_02c450bd7f02577d51cc_LINK:CONNECTOR,44,105,-1,101f50a57fafef6a7cdd9052180597b8fe6452bfe9d5b8825d4652268a3f67b0,03502fb599d4b513036ade56d0eac06e8cbd5ade6a2adbf028d5e2e588a11bcd
EP_7804ec89e385fb6134750723,SV5_INFILL_ROOM_02310f3878fc359b92be,SV5_OPTIONAL_11,SV5_OPTIONAL_11,SV5_PLACE_00_CD742119708C091F_PORT_IN,SV5_INFILL_ROOM_02310f3878fc359b92be_LINK:CONNECTOR,44,255,-1,4ae337e97c02e3cec8ddfc2f4d016767e4c2f5c027deefe139f956f26cc290c5,03502fb599d4b513036ade56d0eac06e8cbd5ade6a2adbf028d5e2e588a11bcd
EP_ee286fe48bf1509cf16d24b6,SV5_INFILL_ROOM_02310f3878fc359b92be,SV5_OPTIONAL_11,SV5_OPTIONAL_11,SV5_PLACE_00_CD742119708C091F_PORT_IN,SV5_INFILL_ROOM_02310f3878fc359b92be_LINK:CONNECTOR,44,255,1,6dde6eab918935cbedacfe489ae487f709a25d9fc3f24b5450c13009f7a6dd12,03502fb599d4b513036ade56d0eac06e8cbd5ade6a2adbf028d5e2e588a11bcd
EP_6e102c3555be21dacb2fee15,SV5_INFILL_ROOM_020c68eab2640b2d5781,SV5_OPTIONAL_12,SV5_OPTIONAL_12,SV5_PLACE_04_CB2B17D440D58981_PORT_IN,SV5_INFILL_ROOM_020c68eab2640b2d5781_LINK:CONNECTOR,44,321,-1,1971aa24cd1b660fdc1af6c0dc2bd095e906aa8a921c19a9db748a8236ae2959,03502fb599d4b513036ade56d0eac06e8cbd5ade6a2adbf028d5e2e588a11bcd
EP_c69f872ce727ae8475d2ac19,SV5_INFILL_ROOM_020c68eab2640b2d5781,SV5_OPTIONAL_12,SV5_OPTIONAL_12,SV5_PLACE_04_CB2B17D440D58981_PORT_IN,SV5_INFILL_ROOM_020c68eab2640b2d5781_LINK:CONNECTOR,44,321,1,ef90a790286a3df99a3ad48810b818ded6fa3319bc97643135bde47206644464,03502fb599d4b513036ade56d0eac06e8cbd5ade6a2adbf028d5e2e588a11bcd
EP_8197c3aee80b5a67b41e5e2e,SV5_INFILL_ROOM_04a89a1ea13d228de7cf,SV5_OPTIONAL_06,SV5_OPTIONAL_06,SV5_PLACE_13_97A1D09E3197EA92_PORT_IN,SV5_INFILL_ROOM_04a89a1ea13d228de7cf_LINK:CONNECTOR,45,42,1,ad399c8393b3b759f168ced080c18692a81ee69fadf9cc89fd3dfe5ea9f2cf45,03502fb599d4b513036ade56d0eac06e8cbd5ade6a2adbf028d5e2e588a11bcd
EP_58dcbf0554fe171ac7c52719,SV5_INFILL_ROOM_02c450bd7f02577d51cc,SV5_OPTIONAL_09,SV5_OPTIONAL_09,SV5_PLACE_08_3479F08218885852_PORT_OUT,SV5_INFILL_ROOM_02c450bd7f02577d51cc_LINK:CONNECTOR,45,106,1,5b3f9ee5ea78b0aba99e53de3bfd05a1a6937d24c5471471e628e1672be2d2e5,03502fb599d4b513036ade56d0eac06e8cbd5ade6a2adbf028d5e2e588a11bcd
EP_4ca1b74d79d58acfe819d624,SV5_INFILL_ROOM_020c68eab2640b2d5781,SV5_OPTIONAL_12,SV5_OPTIONAL_12,SV5_PLACE_04_CB2B17D440D58981_PORT_IN,SV5_INFILL_ROOM_020c68eab2640b2d5781_LINK:CONNECTOR,45,322,-1,73603d1869c0d217be1b8ed71a475ecb6b19dd48dc240563cc9a88b5e7a9c7a1,03502fb599d4b513036ade56d0eac06e8cbd5ade6a2adbf028d5e2e588a11bcd
EP_91a00716cf8e8528dbf8990b,SV5_INFILL_ROOM_04a89a1ea13d228de7cf,SV5_OPTIONAL_06,SV5_OPTIONAL_06,SV5_PLACE_13_97A1D09E3197EA92_PORT_IN,SV5_INFILL_ROOM_04a89a1ea13d228de7cf_LINK:CONNECTOR,46,41,-1,118646f8683f4f5cd53b23c128c5d38c7ec17180ae179058a3855635e0516a55,03502fb599d4b513036ade56d0eac06e8cbd5ade6a2adbf028d5e2e588a11bcd
EP_eabae507a5b1bc5773b1ca94,SV5_INFILL_ROOM_04a89a1ea13d228de7cf,SV5_OPTIONAL_06,SV5_OPTIONAL_06,SV5_PLACE_13_97A1D09E3197EA92_PORT_IN,SV5_INFILL_ROOM_04a89a1ea13d228de7cf_LINK:CONNECTOR,46,41,1,90daffbaae02a3954bd4a895afd66211248169a78640811f97814eac5dfaa91f,03502fb599d4b513036ade56d0eac06e8cbd5ade6a2adbf028d5e2e588a11bcd
EP_6e0dd640f8dae8511f4d2bf8,SV5_INFILL_ROOM_02c450bd7f02577d51cc,SV5_OPTIONAL_09,SV5_OPTIONAL_09,SV5_PLACE_08_3479F08218885852_PORT_OUT,SV5_INFILL_ROOM_02c450bd7f02577d51cc_LINK:CONNECTOR,46,107,-1,20912b1d614d9960d38ba25577ec2d8b2744622e713c47f9d17cc5024a4c50ca,03502fb599d4b513036ade56d0eac06e8cbd5ade6a2adbf028d5e2e588a11bcd
EP_b1595dae30cbedf64724963f,SV5_INFILL_ROOM_02c450bd7f02577d51cc,SV5_OPTIONAL_09,SV5_OPTIONAL_09,SV5_PLACE_08_3479F08218885852_PORT_OUT,SV5_INFILL_ROOM_02c450bd7f02577d51cc_LINK:CONNECTOR,46,107,1,2600d8ee21fee48d12dae4a39848a9fd54481c25aebc12470e20e79646231095,03502fb599d4b513036ade56d0eac06e8cbd5ade6a2adbf028d5e2e588a11bcd
EP_67f4545c929ec4ffec994bf0,SV5_INFILL_ROOM_02310f3878fc359b92be,SV5_OPTIONAL_11,SV5_OPTIONAL_11,SV5_PLACE_00_CD742119708C091F_PORT_IN,SV5_INFILL_ROOM_02310f3878fc359b92be_LINK:CONNECTOR,46,253,1,6c727af4365a76a13b263487814ffe88c37a983953d6abf868470341a556717b,03502fb599d4b513036ade56d0eac06e8cbd5ade6a2adbf028d5e2e588a11bcd
EP_ddc5f0dd5bfde4d87d896ec7,SV5_INFILL_ROOM_02310f3878fc359b92be,SV5_OPTIONAL_11,SV5_OPTIONAL_11,SV5_PLACE_00_CD742119708C091F_PORT_IN,SV5_INFILL_ROOM_02310f3878fc359b92be_LINK:CONNECTOR,46,253,-1,74429c0b83d5eda62decacffc29e3c2a64527188d5b4ad5443233b0ac4886210,03502fb599d4b513036ade56d0eac06e8cbd5ade6a2adbf028d5e2e588a11bcd
EP_e26b26cae2c333c864dddc58,SV5_INFILL_ROOM_04a89a1ea13d228de7cf,SV5_OPTIONAL_06,SV5_OPTIONAL_06,SV5_PLACE_13_97A1D09E3197EA92_PORT_IN,SV5_INFILL_ROOM_04a89a1ea13d228de7cf_LINK:CONNECTOR,47,40,-1,50388b779246c9b37453db96dbbf3fa2450b09496290afb3c64aa1be109c44ce,03502fb599d4b513036ade56d0eac06e8cbd5ade6a2adbf028d5e2e588a11bcd
EP_eba056f65195c9ed1a95858e,SV5_INFILL_ROOM_04a89a1ea13d228de7cf,SV5_OPTIONAL_06,SV5_OPTIONAL_06,SV5_PLACE_13_97A1D09E3197EA92_PORT_IN,SV5_INFILL_ROOM_04a89a1ea13d228de7cf_LINK:CONNECTOR,47,40,1,78698b516857c743881821cbbb99fb68907f26bf76a301d460f2cbb0eb8dff16,03502fb599d4b513036ade56d0eac06e8cbd5ade6a2adbf028d5e2e588a11bcd
EP_0ecf3afaf2faa6f38c163cdb,SV5_INFILL_ROOM_02c450bd7f02577d51cc,SV5_OPTIONAL_09,SV5_OPTIONAL_09,SV5_PLACE_08_3479F08218885852_PORT_OUT,SV5_INFILL_ROOM_02c450bd7f02577d51cc_LINK:CONNECTOR,47,108,1,18190d1eefd1a290b3ccb137d2afb983727b3b0008f40d03b18f649b520f3c6b,03502fb599d4b513036ade56d0eac06e8cbd5ade6a2adbf028d5e2e588a11bcd
EP_57fafdd68bf33e36b98c85da,SV5_INFILL_ROOM_02c450bd7f02577d51cc,SV5_OPTIONAL_09,SV5_OPTIONAL_09,SV5_PLACE_08_3479F08218885852_PORT_OUT,SV5_INFILL_ROOM_02c450bd7f02577d51cc_LINK:CONNECTOR,47,108,-1,1c550559d885e282cc5ca61f782946cf0b1a50a138e53ea5fe83d012cce2707c,03502fb599d4b513036ade56d0eac06e8cbd5ade6a2adbf028d5e2e588a11bcd
EP_1d18a1a96ceea6dcec1075c2,SV5_INFILL_ROOM_02310f3878fc359b92be,SV5_OPTIONAL_11,SV5_OPTIONAL_11,SV5_PLACE_00_CD742119708C091F_PORT_IN,SV5_INFILL_ROOM_02310f3878fc359b92be_LINK:CONNECTOR,47,252,-1,73af54030800870fdf21b83b9f3ea38e097406f77a3f66288078f9e0454bd950,03502fb599d4b513036ade56d0eac06e8cbd5ade6a2adbf028d5e2e588a11bcd
EP_8b4632f0c2133a2becfdbe98,SV5_INFILL_ROOM_1021773e205f6254b33f,SV5_OPTIONAL_06,SV5_OPTIONAL_06,SV5_PLACE_13_97A1D09E3197EA92_PORT_IN,SV5_INFILL_ROOM_1021773e205f6254b33f:DEAD_END,48,39,-1,40c4b23808752650384f68f8a6b9c2715bea786c92814a7086d1d593131cfdb9,03502fb599d4b513036ade56d0eac06e8cbd5ade6a2adbf028d5e2e588a11bcd
EP_932843db81b88a4f2f92cf2d,SV5_INFILL_ROOM_015e047734bb1781d7ff,SV5_OPTIONAL_09,SV5_OPTIONAL_09,SV5_PLACE_08_3479F08218885852_PORT_OUT,SV5_INFILL_ROOM_015e047734bb1781d7ff:LANDING,48,109,-1,828fa9447678f852addbb6cd965ac75a0881d97802b8f61ba63e8302564e5923,03502fb599d4b513036ade56d0eac06e8cbd5ade6a2adbf028d5e2e588a11bcd
EP_73fd02fc671e00770ea9a1ab,SV5_INFILL_ROOM_020c68eab2640b2d5781,SV5_OPTIONAL_12,SV5_OPTIONAL_12,SV5_PLACE_04_CB2B17D440D58981_PORT_IN,SV5_INFILL_ROOM_020c68eab2640b2d5781:SMALL_CAVE,48,323,-1,b218dac14fdd83764db67cf5baba6a97c709b5784b0ed92aeacd2db42ff6fa79,03502fb599d4b513036ade56d0eac06e8cbd5ade6a2adbf028d5e2e588a11bcd
EP_45b32b03f512e94ee7512840,SV5_INFILL_ROOM_03457115457eb0b59c96,SV5_OPTIONAL_09,SV5_OPTIONAL_09,SV5_PLACE_12_391D0CF7A4422180_PORT_IN,SV5_INFILL_ROOM_03457115457eb0b59c96_LINK:CONNECTOR,49,164,-1,52ded2a8a218907deadfba50aadae39b5292d2086bd525175efe6a94d6c4b06b,03502fb599d4b513036ade56d0eac06e8cbd5ade6a2adbf028d5e2e588a11bcd
EP_6186e0c4827300da2d0dfa4e,SV5_INFILL_ROOM_03457115457eb0b59c96,SV5_OPTIONAL_09,SV5_OPTIONAL_09,SV5_PLACE_12_391D0CF7A4422180_PORT_IN,SV5_INFILL_ROOM_03457115457eb0b59c96_LINK:CONNECTOR,49,164,1,531dc3ab6e7da532a8488cb2268ac55802481364536cee4ec0426540cd7f884d,03502fb599d4b513036ade56d0eac06e8cbd5ade6a2adbf028d5e2e588a11bcd
EP_c378f8751cd4fda2a47595fd,SV5_INFILL_ROOM_050dc7e3b0d32cf22249,SV5_OPTIONAL_06,SV5_OPTIONAL_06,SV5_PLACE_13_97A1D09E3197EA92_PORT_IN,SV5_INFILL_ROOM_050dc7e3b0d32cf22249_LINK:CONNECTOR,51,22,1,bdc733e7c9265385943f8eff7b99429ea5cedae4681fc153d506ca0cef17f8d3,03502fb599d4b513036ade56d0eac06e8cbd5ade6a2adbf028d5e2e588a11bcd
EP_ccdcfae276571fb33a6719fb,SV5_INFILL_ROOM_029b432f4140a9c49192,SV5_OPTIONAL_09,SV5_OPTIONAL_09,SV5_PLACE_08_3479F08218885852_PORT_OUT,SV5_INFILL_ROOM_029b432f4140a9c49192:EMPTY_ROOM,51,131,1,f28918426285cc144a4d1f40b34bb9028b0fa9e3f28a36779014168e9896e23d,03502fb599d4b513036ade56d0eac06e8cbd5ade6a2adbf028d5e2e588a11bcd
EP_aea0075806aec34b356ed46d,SV5_INFILL_ROOM_03457115457eb0b59c96,SV5_OPTIONAL_09,SV5_OPTIONAL_09,SV5_PLACE_12_391D0CF7A4422180_PORT_IN,SV5_INFILL_ROOM_03457115457eb0b59c96_LINK:CONNECTOR,51,166,1,465a5c44e1cead55c742b0e9178d840d41369d587139ed84f820b92e374d2e2c,03502fb599d4b513036ade56d0eac06e8cbd5ade6a2adbf028d5e2e588a11bcd
EP_77c0a5cd4b38fc351021fbfb,SV5_INFILL_ROOM_01122f644626dea695c0,SV5_OPTIONAL_11,SV5_OPTIONAL_11,SV5_PLACE_00_CD742119708C091F_PORT_IN,SV5_INFILL_ROOM_01122f644626dea695c0:EMPTY_ROOM,51,271,1,7819c59ee560556b4ebe781918117876be836d113b4dcedd3938b1c36061f908,03502fb599d4b513036ade56d0eac06e8cbd5ade6a2adbf028d5e2e588a11bcd
EP_2738fd8c34a6c15bb8345ac6,SV5_INFILL_ROOM_071e519de6c295adb1fe,SV5_OPTIONAL_06,SV5_OPTIONAL_06,SV5_PLACE_13_97A1D09E3197EA92_PORT_IN,SV5_INFILL_ROOM_071e519de6c295adb1fe:LANDING,52,21,-1,db84efe1cb8dc61a1382d86ab67809ee197510bbd6ae59290c02d7d61a5d44d5,03502fb599d4b513036ade56d0eac06e8cbd5ade6a2adbf028d5e2e588a11bcd
EP_90b7f1c4bfd5a27ee6fe5a1d,SV5_INFILL_ROOM_19964c61275fdbcb2d6a,SV5_OPTIONAL_09,SV5_OPTIONAL_09,SV5_PLACE_12_391D0CF7A4422180_PORT_IN,SV5_INFILL_ROOM_19964c61275fdbcb2d6a_LINK:CONNECTOR,52,147,1,43eac1af701c019fd7f967fdcf29ee767ac15ffbc105e78a345f4e37d2b79823,03502fb599d4b513036ade56d0eac06e8cbd5ade6a2adbf028d5e2e588a11bcd
EP_ea5317d9b36034d495c54f3a,SV5_INFILL_ROOM_03457115457eb0b59c96,SV5_OPTIONAL_09,SV5_OPTIONAL_09,SV5_PLACE_12_391D0CF7A4422180_PORT_IN,SV5_INFILL_ROOM_03457115457eb0b59c96_LINK:CONNECTOR,52,167,-1,5856f178f519831c83171cccc664f0f39e5889379c72eb0051526e69f82c3303,03502fb599d4b513036ade56d0eac06e8cbd5ade6a2adbf028d5e2e588a11bcd
EP_c38c9bd64c164b309b4167d8,SV5_INFILL_ROOM_03457115457eb0b59c96,SV5_OPTIONAL_09,SV5_OPTIONAL_09,SV5_PLACE_12_391D0CF7A4422180_PORT_IN,SV5_INFILL_ROOM_03457115457eb0b59c96_LINK:CONNECTOR,53,168,1,2571f234d1f2d5dddd17af9ea94828f7e4b78b2023b165c5a5a81cbe2180241f,03502fb599d4b513036ade56d0eac06e8cbd5ade6a2adbf028d5e2e588a11bcd
EP_618a26a586e5b707b500b90f,SV5_INFILL_ROOM_19964c61275fdbcb2d6a,SV5_OPTIONAL_09,SV5_OPTIONAL_09,SV5_PLACE_12_391D0CF7A4422180_PORT_IN,SV5_INFILL_ROOM_19964c61275fdbcb2d6a_LINK:CONNECTOR,54,149,-1,1171561b03662077839a57d0b5f454aa98660ecdfab0a8b63ddb1f49d8566902,03502fb599d4b513036ade56d0eac06e8cbd5ade6a2adbf028d5e2e588a11bcd
EP_304be8e638e8056ce618d0bd,SV5_INFILL_ROOM_03457115457eb0b59c96,SV5_OPTIONAL_09,SV5_OPTIONAL_09,SV5_PLACE_12_391D0CF7A4422180_PORT_IN,SV5_INFILL_ROOM_03457115457eb0b59c96_LINK:CONNECTOR,54,169,-1,595382a8467bf972da7e7b0cf64ba2f3861252c342110d5fa33149f8317f3bf7,03502fb599d4b513036ade56d0eac06e8cbd5ade6a2adbf028d5e2e588a11bcd
EP_8224e866f27699f6e7beea2c,SV5_INFILL_ROOM_03457115457eb0b59c96,SV5_OPTIONAL_09,SV5_OPTIONAL_09,SV5_PLACE_12_391D0CF7A4422180_PORT_IN,SV5_INFILL_ROOM_03457115457eb0b59c96_LINK:CONNECTOR,54,169,1,17b710dd69ca77b7cf12a8d7bde01dc6397254155a5858e9a900bc8a8a8dcf5c,03502fb599d4b513036ade56d0eac06e8cbd5ade6a2adbf028d5e2e588a11bcd
EP_c45346302ee18db03f299371,SV5_INFILL_ROOM_19964c61275fdbcb2d6a,SV5_OPTIONAL_09,SV5_OPTIONAL_09,SV5_PLACE_12_391D0CF7A4422180_PORT_IN,SV5_INFILL_ROOM_19964c61275fdbcb2d6a_LINK:CONNECTOR,55,150,-1,3a93760b44370691014b6d8f39245fd79b79061c94482fdf523a2777d5513712,03502fb599d4b513036ade56d0eac06e8cbd5ade6a2adbf028d5e2e588a11bcd
EP_6c98cf7c8c233543519d8d00,SV5_INFILL_ROOM_03457115457eb0b59c96,SV5_OPTIONAL_09,SV5_OPTIONAL_09,SV5_PLACE_12_391D0CF7A4422180_PORT_IN,SV5_INFILL_ROOM_03457115457eb0b59c96_LINK:CONNECTOR,55,170,1,4a79ce078005042c6f3708fc232df227626724d88a232f159c1b23f7a34f2a11,03502fb599d4b513036ade56d0eac06e8cbd5ade6a2adbf028d5e2e588a11bcd
EP_44efafa2ee7dbe5ebe7b5556,SV5_INFILL_ROOM_01122f644626dea695c0,SV5_OPTIONAL_11,SV5_OPTIONAL_11,SV5_PLACE_00_CD742119708C091F_PORT_IN,SV5_INFILL_ROOM_01122f644626dea695c0_LINK:CONNECTOR,55,270,1,91dfe6bcbd32321c4f307dbbe3ef659a3dc7410ce71586c5fa9ffd893e782161,03502fb599d4b513036ade56d0eac06e8cbd5ade6a2adbf028d5e2e588a11bcd
EP_8b692bcd4c668e33b3569ab8,SV5_INFILL_ROOM_19964c61275fdbcb2d6a,SV5_OPTIONAL_09,SV5_OPTIONAL_09,SV5_PLACE_12_391D0CF7A4422180_PORT_IN,SV5_INFILL_ROOM_19964c61275fdbcb2d6a_LINK:CONNECTOR,56,151,-1,46a864a6867837ab930b2ad326f43e8542ff55cc29562b166ed15f95943b1290,03502fb599d4b513036ade56d0eac06e8cbd5ade6a2adbf028d5e2e588a11bcd
EP_25cc2321a8c0d21175b868ad,SV5_INFILL_ROOM_021b4048fa47706aeaf6,SV5_OPTIONAL_09,SV5_OPTIONAL_09,SV5_PLACE_12_391D0CF7A4422180_PORT_IN,SV5_INFILL_ROOM_021b4048fa47706aeaf6:EMPTY_ROOM,56,171,-1,434707938da130264d1e97b3a56e96a95d641d618a9eef82a5bc3167fa10f24a,03502fb599d4b513036ade56d0eac06e8cbd5ade6a2adbf028d5e2e588a11bcd
EP_0c4526203ff36e38424b060e,SV5_INFILL_ROOM_00a7e77543f9bf76279e,SV5_OPTIONAL_10,SV5_OPTIONAL_10,SV5_PLACE_12_391D0CF7A4422180_PORT_OUT,SV5_INFILL_ROOM_00a7e77543f9bf76279e_LINK:CONNECTOR,56,231,1,fdd940b9920e9cec57ef90fc6927a2e101cf9e851eebccc507e341c46b266a3d,03502fb599d4b513036ade56d0eac06e8cbd5ade6a2adbf028d5e2e588a11bcd
EP_06231188a1bba2f3c28348ab,SV5_INFILL_ROOM_01122f644626dea695c0,SV5_OPTIONAL_11,SV5_OPTIONAL_11,SV5_PLACE_00_CD742119708C091F_PORT_IN,SV5_INFILL_ROOM_01122f644626dea695c0_LINK:CONNECTOR,56,269,-1,24bf02be800dce002f5719b826fbd887ddf7c20c5f36fa7a45a4cc55bf752c29,03502fb599d4b513036ade56d0eac06e8cbd5ade6a2adbf028d5e2e588a11bcd
EP_2e8ba2a03e2ce4b0b20ec16b,SV5_INFILL_ROOM_19964c61275fdbcb2d6a,SV5_OPTIONAL_09,SV5_OPTIONAL_09,SV5_PLACE_12_391D0CF7A4422180_PORT_IN,SV5_INFILL_ROOM_19964c61275fdbcb2d6a_LINK:CONNECTOR,57,152,-1,3ca87cc2db1479bc78cc1d7e9b2b1cf04aff2350a73dc59ff8034e097f3237a0,03502fb599d4b513036ade56d0eac06e8cbd5ade6a2adbf028d5e2e588a11bcd
EP_d6813c76066986844ff8037e,SV5_INFILL_ROOM_0eed68767be005747705,SV5_OPTIONAL_09,SV5_OPTIONAL_09,SV5_PLACE_12_391D0CF7A4422180_PORT_IN,SV5_INFILL_ROOM_0eed68767be005747705_LINK:CONNECTOR,57,206,1,300d5ce36fe6cf3882334e017c41877cb5ba9ae383c02b37c3941c54d414cd65,03502fb599d4b513036ade56d0eac06e8cbd5ade6a2adbf028d5e2e588a11bcd
EP_2fddc24a9b9b569018629639,SV5_INFILL_ROOM_00a7e77543f9bf76279e,SV5_OPTIONAL_10,SV5_OPTIONAL_10,SV5_PLACE_12_391D0CF7A4422180_PORT_OUT,SV5_INFILL_ROOM_00a7e77543f9bf76279e_LINK:CONNECTOR,57,232,-1,d41a30af743fcaab2bb922cdff882fd94a29c97d01b2008fc79af9e1086e0825,03502fb599d4b513036ade56d0eac06e8cbd5ade6a2adbf028d5e2e588a11bcd
EP_e2009b79260073f51e6abf89,SV5_INFILL_ROOM_00a7e77543f9bf76279e,SV5_OPTIONAL_10,SV5_OPTIONAL_10,SV5_PLACE_12_391D0CF7A4422180_PORT_OUT,SV5_INFILL_ROOM_00a7e77543f9bf76279e_LINK:CONNECTOR,57,232,1,f12997a350dcfa06745e3abf82dab207ee1fd4632e693e4a9cb8a262b6368123,03502fb599d4b513036ade56d0eac06e8cbd5ade6a2adbf028d5e2e588a11bcd
EP_1cba54c0508a7df91064b455,SV5_INFILL_ROOM_01122f644626dea695c0,SV5_OPTIONAL_11,SV5_OPTIONAL_11,SV5_PLACE_00_CD742119708C091F_PORT_IN,SV5_INFILL_ROOM_01122f644626dea695c0_LINK:CONNECTOR,57,268,1,0b05b04aacfa15bffc4322cc723e0f600e6c3fb5d8f19000977ba5f857f0f47e,03502fb599d4b513036ade56d0eac06e8cbd5ade6a2adbf028d5e2e588a11bcd
EP_2014d783ba05014144d673e4,SV5_INFILL_ROOM_01122f644626dea695c0,SV5_OPTIONAL_11,SV5_OPTIONAL_11,SV5_PLACE_00_CD742119708C091F_PORT_IN,SV5_INFILL_ROOM_01122f644626dea695c0_LINK:CONNECTOR,57,268,-1,710c0df4413f9e673399f3bc3afa6aa1a867d63f685509054bf200eea20caf7b,03502fb599d4b513036ade56d0eac06e8cbd5ade6a2adbf028d5e2e588a11bcd
EP_d6847862a8c0b1a24e486586,SV5_INFILL_ROOM_19964c61275fdbcb2d6a,SV5_OPTIONAL_09,SV5_OPTIONAL_09,SV5_PLACE_12_391D0CF7A4422180_PORT_IN,SV5_INFILL_ROOM_19964c61275fdbcb2d6a_LINK:CONNECTOR,58,153,1,3125578ff9870e3f3f7ccd868fd5603155614a473f2605e4b5a46d34a08e18e0,03502fb599d4b513036ade56d0eac06e8cbd5ade6a2adbf028d5e2e588a11bcd
EP_c6288daa971a7fbfad48161d,SV5_INFILL_ROOM_0eed68767be005747705,SV5_OPTIONAL_09,SV5_OPTIONAL_09,SV5_PLACE_12_391D0CF7A4422180_PORT_IN,SV5_INFILL_ROOM_0eed68767be005747705_LINK:CONNECTOR,58,205,1,7de708ebc5f441b956b7e07c37849226aa022f1b3a6a83fde5ce12c598b30fce,03502fb599d4b513036ade56d0eac06e8cbd5ade6a2adbf028d5e2e588a11bcd
EP_ddee293036b05410cc05bf47,SV5_INFILL_ROOM_00a7e77543f9bf76279e,SV5_OPTIONAL_10,SV5_OPTIONAL_10,SV5_PLACE_12_391D0CF7A4422180_PORT_OUT,SV5_INFILL_ROOM_00a7e77543f9bf76279e_LINK:CONNECTOR,58,233,1,020f89c6a3427c371eb3b7854ced4b537977442903d31afa3d7c8f2dcc765114,03502fb599d4b513036ade56d0eac06e8cbd5ade6a2adbf028d5e2e588a11bcd
EP_e764453b228b0ee1ebca318a,SV5_INFILL_ROOM_00a7e77543f9bf76279e,SV5_OPTIONAL_10,SV5_OPTIONAL_10,SV5_PLACE_12_391D0CF7A4422180_PORT_OUT,SV5_INFILL_ROOM_00a7e77543f9bf76279e_LINK:CONNECTOR,58,233,-1,10dd89c19f5fd3d5f0c8a8f9dda1810c3d1846427164ada6a88f17717808f518,03502fb599d4b513036ade56d0eac06e8cbd5ade6a2adbf028d5e2e588a11bcd
EP_2215872b7f653a84b51dd8b4,SV5_INFILL_ROOM_01122f644626dea695c0,SV5_OPTIONAL_11,SV5_OPTIONAL_11,SV5_PLACE_00_CD742119708C091F_PORT_IN,SV5_INFILL_ROOM_01122f644626dea695c0_LINK:CONNECTOR,58,267,-1,58406d7f4559099dac4f29b2a864160d20f2b726c1dc9d13a1c76fcc47f27597,03502fb599d4b513036ade56d0eac06e8cbd5ade6a2adbf028d5e2e588a11bcd
EP_b255f10cb6a326784652c796,SV5_INFILL_ROOM_01122f644626dea695c0,SV5_OPTIONAL_11,SV5_OPTIONAL_11,SV5_PLACE_00_CD742119708C091F_PORT_IN,SV5_INFILL_ROOM_01122f644626dea695c0_LINK:CONNECTOR,58,267,1,32c807cf51cd68431aac9b7b15dfbb6c924ecc15aabb87c5c3d095f88c6fc3da,03502fb599d4b513036ade56d0eac06e8cbd5ade6a2adbf028d5e2e588a11bcd
EP_8b06cac7418691a49a30286d,SV5_INFILL_ROOM_19964c61275fdbcb2d6a,SV5_OPTIONAL_09,SV5_OPTIONAL_09,SV5_PLACE_12_391D0CF7A4422180_PORT_IN,SV5_INFILL_ROOM_19964c61275fdbcb2d6a_LINK:CONNECTOR,59,154,-1,4451b0091593bfe8925f3c245f65299e7882f7c29cad7deca0cbebf5a80822fe,03502fb599d4b513036ade56d0eac06e8cbd5ade6a2adbf028d5e2e588a11bcd
EP_0328035142522b4dcfd0d4e1,SV5_INFILL_ROOM_0eed68767be005747705,SV5_OPTIONAL_09,SV5_OPTIONAL_09,SV5_PLACE_12_391D0CF7A4422180_PORT_IN,SV5_INFILL_ROOM_0eed68767be005747705_LINK:CONNECTOR,59,204,1,73396f4d4ba50e612d4c17a1d06bcebc12e173ee1bc6ccacf8b8da3cf20a0a76,03502fb599d4b513036ade56d0eac06e8cbd5ade6a2adbf028d5e2e588a11bcd
EP_4b17997e0ecf5bb20af56e63,SV5_INFILL_ROOM_00a7e77543f9bf76279e,SV5_OPTIONAL_10,SV5_OPTIONAL_10,SV5_PLACE_12_391D0CF7A4422180_PORT_OUT,SV5_INFILL_ROOM_00a7e77543f9bf76279e_LINK:CONNECTOR,59,234,1,1a444fd23607391a55dc87e4d2fd8cace18c5e41c9620cd9db4334a6f132a916,03502fb599d4b513036ade56d0eac06e8cbd5ade6a2adbf028d5e2e588a11bcd
EP_b17c3c94732dabb7476eb324,SV5_INFILL_ROOM_00a7e77543f9bf76279e,SV5_OPTIONAL_10,SV5_OPTIONAL_10,SV5_PLACE_12_391D0CF7A4422180_PORT_OUT,SV5_INFILL_ROOM_00a7e77543f9bf76279e_LINK:CONNECTOR,59,234,-1,b17ed2277cc2616b95e0257a98c5d1751a56484a7c1aded599374be00725a904,03502fb599d4b513036ade56d0eac06e8cbd5ade6a2adbf028d5e2e588a11bcd
EP_5d7ea08e11f607821dae8df2,SV5_INFILL_ROOM_02284733d117494c6d27,SV5_OPTIONAL_12,SV5_OPTIONAL_12,SV5_PLACE_04_CB2B17D440D58981_PORT_IN,SV5_INFILL_ROOM_02284733d117494c6d27:DEAD_END,59,351,1,aec67569c634c04674a63091a6bbf3bcac06c6f1f277e8247f00b6dc3bb9d782,03502fb599d4b513036ade56d0eac06e8cbd5ade6a2adbf028d5e2e588a11bcd
EP_f96d31e4cb7b189c60708635,SV5_INFILL_ROOM_090d026d03e4c895fe2f,SV5_OPTIONAL_09,SV5_OPTIONAL_09,SV5_PLACE_12_391D0CF7A4422180_PORT_IN,SV5_INFILL_ROOM_090d026d03e4c895fe2f:SMALL_CAVE,60,155,-1,c18166c6c68e20f0ec80e1cb7ca803489934e2d367fa8f14d400c10206f2f6ed,03502fb599d4b513036ade56d0eac06e8cbd5ade6a2adbf028d5e2e588a11bcd
EP_ca8b668e7ed624fe68ee0a73,SV5_INFILL_ROOM_00935d046d479aecb80d,SV5_OPTIONAL_10,SV5_OPTIONAL_10,SV5_PLACE_01_90434AD281C2436C_PORT_IN,SV5_INFILL_ROOM_00935d046d479aecb80d:EMPTY_ROOM,60,235,-1,7ce4d5644e374e1b5a1fc1c3b28f1e255829ad5bdec598f9527cc61354332c45,03502fb599d4b513036ade56d0eac06e8cbd5ade6a2adbf028d5e2e588a11bcd
EP_624811c27511117cbc44f991,SV5_INFILL_ROOM_1b1a069b5675bac4c797,SV5_OPTIONAL_12,SV5_OPTIONAL_12,SV5_PLACE_04_CB2B17D440D58981_PORT_IN,SV5_INFILL_ROOM_1b1a069b5675bac4c797_LINK:CONNECTOR,60,350,1,73c69d6665c0b4471cb95fcfe4442aceceb445f8782c8ddba9806ffc44158414,03502fb599d4b513036ade56d0eac06e8cbd5ade6a2adbf028d5e2e588a11bcd
EP_42ffa96c15603dfb6041fc52,SV5_INFILL_ROOM_0eed68767be005747705,SV5_OPTIONAL_09,SV5_OPTIONAL_09,SV5_PLACE_12_391D0CF7A4422180_PORT_IN,SV5_INFILL_ROOM_0eed68767be005747705_LINK:CONNECTOR,61,202,-1,3857dffff41664eff52c83eb3999afd65d76d8b32a83946688e3cecb9f7c5066,03502fb599d4b513036ade56d0eac06e8cbd5ade6a2adbf028d5e2e588a11bcd
EP_847f92ea7f63790c87df3b90,SV5_INFILL_ROOM_1b1a069b5675bac4c797,SV5_OPTIONAL_12,SV5_OPTIONAL_12,SV5_PLACE_04_CB2B17D440D58981_PORT_IN,SV5_INFILL_ROOM_1b1a069b5675bac4c797_LINK:CONNECTOR,61,349,1,370b785f88331e5cd6e2a6b64d7a4902531001f53c3972cdd11dc7d04d68096f,03502fb599d4b513036ade56d0eac06e8cbd5ade6a2adbf028d5e2e588a11bcd
EP_8ca7c835ff5f094cf0b14103,SV5_INFILL_ROOM_0eed68767be005747705,SV5_OPTIONAL_09,SV5_OPTIONAL_09,SV5_PLACE_12_391D0CF7A4422180_PORT_IN,SV5_INFILL_ROOM_0eed68767be005747705_LINK:CONNECTOR,62,201,1,20a226557be884476a61a58551d41525e1fced694229609aa2513d097a4aa78c,03502fb599d4b513036ade56d0eac06e8cbd5ade6a2adbf028d5e2e588a11bcd
EP_963ff89e3389ec2da3dc5446,SV5_INFILL_ROOM_1b1a069b5675bac4c797,SV5_OPTIONAL_12,SV5_OPTIONAL_12,SV5_PLACE_04_CB2B17D440D58981_PORT_IN,SV5_INFILL_ROOM_1b1a069b5675bac4c797_LINK:CONNECTOR,62,348,-1,1056590dcbe074508ef50b694eaaad763b00b401d35ba376da15dc53d6539d51,03502fb599d4b513036ade56d0eac06e8cbd5ade6a2adbf028d5e2e588a11bcd
EP_b9ef89056cb986b15270353a,SV5_INFILL_ROOM_1021773e205f6254b33f,SV5_OPTIONAL_06,SV5_OPTIONAL_06,SV5_PLACE_13_97A1D09E3197EA92_PORT_IN,SV5_INFILL_ROOM_1021773e205f6254b33f:DEAD_END,63,39,1,47cdaee40a688045041f7b2fe187eb50e316c624e1e64921a5a131c9cd87d9d8,03502fb599d4b513036ade56d0eac06e8cbd5ade6a2adbf028d5e2e588a11bcd
EP_416e771a4d2a90ad2577e4df,SV5_INFILL_ROOM_05c86cf090f60cb83689,SV5_OPTIONAL_06,SV5_OPTIONAL_06,SV5_PLACE_13_97A1D09E3197EA92_PORT_IN,SV5_INFILL_ROOM_05c86cf090f60cb83689:SMALL_CAVE,63,63,1,80b6ba29a43237f6ea219704a0c86f75ff5ee95e4f854b2b01af9fc36d781fc6,03502fb599d4b513036ade56d0eac06e8cbd5ade6a2adbf028d5e2e588a11bcd
EP_4423959a2a5b1b836d62be9a,SV5_INFILL_ROOM_0eed68767be005747705,SV5_OPTIONAL_09,SV5_OPTIONAL_09,SV5_PLACE_12_391D0CF7A4422180_PORT_IN,SV5_INFILL_ROOM_0eed68767be005747705_LINK:CONNECTOR,63,200,1,56c10deb3b407e6a7a701151387fba9fc57504506ab98f465301379a15348eca,03502fb599d4b513036ade56d0eac06e8cbd5ade6a2adbf028d5e2e588a11bcd
EP_95ee96cc05139ea9de49af44,SV5_INFILL_ROOM_0eed68767be005747705,SV5_OPTIONAL_09,SV5_OPTIONAL_09,SV5_PLACE_12_391D0CF7A4422180_PORT_IN,SV5_INFILL_ROOM_0eed68767be005747705_LINK:CONNECTOR,63,200,-1,56b510ed483cd063762e547d047ab0958ef31d4356486164eb834a99e4bbed7b,03502fb599d4b513036ade56d0eac06e8cbd5ade6a2adbf028d5e2e588a11bcd
EP_70283ef6d19f8b2901edd285,SV5_INFILL_ROOM_0074c7f66d6a87c31d5f,SV5_OPTIONAL_11,SV5_OPTIONAL_11,SV5_PLACE_00_CD742119708C091F_PORT_IN,SV5_INFILL_ROOM_0074c7f66d6a87c31d5f:DEAD_END,63,251,1,0f4b6b270c5380f6701c6fd343e11fa26dbc7912bdb8f5cb4b887e382bf3f33a,03502fb599d4b513036ade56d0eac06e8cbd5ade6a2adbf028d5e2e588a11bcd
EP_704a20b7118f076a708d5b92,SV5_INFILL_ROOM_1b1a069b5675bac4c797,SV5_OPTIONAL_12,SV5_OPTIONAL_12,SV5_PLACE_04_CB2B17D440D58981_PORT_IN,SV5_INFILL_ROOM_1b1a069b5675bac4c797_LINK:CONNECTOR,63,347,1,6c21a077edf2b465ee86700a7bc6090c0ca0082e5469a503b821ff4e54ec7397,03502fb599d4b513036ade56d0eac06e8cbd5ade6a2adbf028d5e2e588a11bcd
EP_4fd0a469e506bf8904247d0c,SV5_INFILL_ROOM_033878718f1e33807663,SV5_OPTIONAL_12,SV5_OPTIONAL_12,SV5_PLACE_04_CB2B17D440D58981_PORT_IN,SV5_INFILL_ROOM_033878718f1e33807663:SMALL_CAVE,63,371,1,46577ba80535644a857e3527e26ba40eb72260fc9d94e4c10b0d2bf3e2cd1bf6,03502fb599d4b513036ade56d0eac06e8cbd5ade6a2adbf028d5e2e588a11bcd
EP_98394cb705935e2526c718d5,SV5_INFILL_ROOM_0e316ce78212c7a7aa18,SV5_OPTIONAL_09,SV5_OPTIONAL_09,SV5_PLACE_12_391D0CF7A4422180_PORT_IN,SV5_INFILL_ROOM_0e316ce78212c7a7aa18:DEAD_END,64,199,-1,1a400557739828b49fb72ce058ff94a4bdd234218de805c58c57e1797503b812,03502fb599d4b513036ade56d0eac06e8cbd5ade6a2adbf028d5e2e588a11bcd
EP_17fdd0c6387637ca277da7d5,SV5_INFILL_ROOM_0074c7f66d6a87c31d5f,SV5_OPTIONAL_11,SV5_OPTIONAL_11,SV5_PLACE_00_CD742119708C091F_PORT_IN,SV5_INFILL_ROOM_0074c7f66d6a87c31d5f_LINK:CONNECTOR,64,252,1,4aef6f24c1bc725d54d4fdcaffb65cddd898abf8d9026fdf17a4905cde6c4ae4,03502fb599d4b513036ade56d0eac06e8cbd5ade6a2adbf028d5e2e588a11bcd
EP_e73ba0db9d38729b8f8f9bfc,SV5_INFILL_ROOM_1b1a069b5675bac4c797,SV5_OPTIONAL_12,SV5_OPTIONAL_12,SV5_PLACE_04_CB2B17D440D58981_PORT_IN,SV5_INFILL_ROOM_1b1a069b5675bac4c797_LINK:CONNECTOR,64,346,1,5cb6213d84bfd1ee8f5babd167cad3967c1fafdc47a6b3b17fc9469b8befcdd0,03502fb599d4b513036ade56d0eac06e8cbd5ade6a2adbf028d5e2e588a11bcd
EP_718834c95b004936027c7447,SV5_INFILL_ROOM_01bb1b07c551a2aea448,SV5_OPTIONAL_12,SV5_OPTIONAL_12,SV5_PLACE_04_CB2B17D440D58981_PORT_IN,SV5_INFILL_ROOM_01bb1b07c551a2aea448_LINK:CONNECTOR,64,370,-1,45a2028b26fa16f5b2e7adad0111a05821f14260e5b19bf9cff2ec73ab1d55b5,03502fb599d4b513036ade56d0eac06e8cbd5ade6a2adbf028d5e2e588a11bcd
EP_4104eebff43b9be84a1b253d,SV5_INFILL_ROOM_1021773e205f6254b33f,SV5_OPTIONAL_06,SV5_OPTIONAL_06,SV5_PLACE_13_97A1D09E3197EA92_PORT_IN,SV5_INFILL_ROOM_1021773e205f6254b33f_LINK:CONNECTOR,65,38,1,054eabd5eeeb4cd7e1d1fc4696651ea206c43c06132b95195c3353ac80410ab3,03502fb599d4b513036ade56d0eac06e8cbd5ade6a2adbf028d5e2e588a11bcd
EP_7404ffec625c9ac3a6cea523,SV5_INFILL_ROOM_1b1a069b5675bac4c797,SV5_OPTIONAL_12,SV5_OPTIONAL_12,SV5_PLACE_04_CB2B17D440D58981_PORT_IN,SV5_INFILL_ROOM_1b1a069b5675bac4c797_LINK:CONNECTOR,65,345,1,22769f79e374527dfc0968e1cd620279c30d48166da12e06e3050d561237346c,03502fb599d4b513036ade56d0eac06e8cbd5ade6a2adbf028d5e2e588a11bcd
EP_582a1f225d7f9b0b44ea0ade,SV5_INFILL_ROOM_01bb1b07c551a2aea448,SV5_OPTIONAL_12,SV5_OPTIONAL_12,SV5_PLACE_04_CB2B17D440D58981_PORT_IN,SV5_INFILL_ROOM_01bb1b07c551a2aea448_LINK:CONNECTOR,65,369,-1,27b147bb7293ccf0e3d1904b66a71d1f345b1a01d8bec8f35e5e80a5e3b78765,03502fb599d4b513036ade56d0eac06e8cbd5ade6a2adbf028d5e2e588a11bcd
EP_c249b426dc5024d739e8f146,SV5_INFILL_ROOM_01bb1b07c551a2aea448,SV5_OPTIONAL_12,SV5_OPTIONAL_12,SV5_PLACE_04_CB2B17D440D58981_PORT_IN,SV5_INFILL_ROOM_01bb1b07c551a2aea448_LINK:CONNECTOR,65,369,1,025708c33abc4570509eaf8251af1a5cdfa0270e85e5da3376779c6c226e58c6,03502fb599d4b513036ade56d0eac06e8cbd5ade6a2adbf028d5e2e588a11bcd
EP_151ae7a24584f70ee57832ce,SV5_INFILL_ROOM_1b1a069b5675bac4c797,SV5_OPTIONAL_12,SV5_OPTIONAL_12,SV5_PLACE_04_CB2B17D440D58981_PORT_IN,SV5_INFILL_ROOM_1b1a069b5675bac4c797_LINK:CONNECTOR,66,344,-1,7b8aabe5db10b62af4c0fc2fbf90087eb98e8db1fe5dbb753584659be2be8460,03502fb599d4b513036ade56d0eac06e8cbd5ade6a2adbf028d5e2e588a11bcd
EP_7fef4209a44e69088af00bb6,SV5_INFILL_ROOM_01bb1b07c551a2aea448,SV5_OPTIONAL_12,SV5_OPTIONAL_12,SV5_PLACE_04_CB2B17D440D58981_PORT_IN,SV5_INFILL_ROOM_01bb1b07c551a2aea448_LINK:CONNECTOR,66,368,1,669785b11ae0b5a5b740d2c8ca96643e8dfbe5e1ba582fc73e036e052c2ce42f,03502fb599d4b513036ade56d0eac06e8cbd5ade6a2adbf028d5e2e588a11bcd
EP_5d437bade31ea1a009953c0e,SV5_INFILL_ROOM_071e519de6c295adb1fe,SV5_OPTIONAL_06,SV5_OPTIONAL_06,SV5_PLACE_13_97A1D09E3197EA92_PORT_IN,SV5_INFILL_ROOM_071e519de6c295adb1fe:LANDING,67,19,1,c7466101278e27115d72e997ac8cc3545f4bde560a2317f02df703c9c79f779d,03502fb599d4b513036ade56d0eac06e8cbd5ade6a2adbf028d5e2e588a11bcd
EP_a8f69a7dabb8a0e0823a334d,SV5_INFILL_ROOM_1021773e205f6254b33f,SV5_OPTIONAL_06,SV5_OPTIONAL_06,SV5_PLACE_13_97A1D09E3197EA92_PORT_IN,SV5_INFILL_ROOM_1021773e205f6254b33f_LINK:CONNECTOR,67,36,-1,07e8fc742891fa46cef5c3529caf6a7b7d61ad8c2c8139287ce0843d3ef6d2b9,03502fb599d4b513036ade56d0eac06e8cbd5ade6a2adbf028d5e2e588a11bcd
EP_e4efb6d8ac0676baa127262b,SV5_INFILL_ROOM_029b432f4140a9c49192,SV5_OPTIONAL_09,SV5_OPTIONAL_09,SV5_PLACE_08_3479F08218885852_PORT_OUT,SV5_INFILL_ROOM_029b432f4140a9c49192_LINK:CONNECTOR,67,130,1,4a6b7c1e84f0f388e89915301adbd18d8c5f34369681bf22c2fcc215c18cd88a,03502fb599d4b513036ade56d0eac06e8cbd5ade6a2adbf028d5e2e588a11bcd
EP_5dc73af009ada16d6585604d,SV5_INFILL_ROOM_0074c7f66d6a87c31d5f,SV5_OPTIONAL_11,SV5_OPTIONAL_11,SV5_PLACE_00_CD742119708C091F_PORT_IN,SV5_INFILL_ROOM_0074c7f66d6a87c31d5f_LINK:CONNECTOR,67,255,1,570108de52a546361b52759e8815e8d74626251a728c653d910f6a7b4a841124,03502fb599d4b513036ade56d0eac06e8cbd5ade6a2adbf028d5e2e588a11bcd
EP_488d227d8a5c8f9d819c08c7,SV5_INFILL_ROOM_020c68eab2640b2d5781,SV5_OPTIONAL_12,SV5_OPTIONAL_12,SV5_PLACE_00_CD742119708C091F_PORT_OUT,SV5_INFILL_ROOM_020c68eab2640b2d5781:SMALL_CAVE,67,323,1,fb893ebf274085afa0bc4b3a82a4d17530d228872e2ea33f12fafbaaba7b24c2,03502fb599d4b513036ade56d0eac06e8cbd5ade6a2adbf028d5e2e588a11bcd
EP_b0a327843ac9426e565f54c4,SV5_INFILL_ROOM_01bb1b07c551a2aea448,SV5_OPTIONAL_12,SV5_OPTIONAL_12,SV5_PLACE_04_CB2B17D440D58981_PORT_IN,SV5_INFILL_ROOM_01bb1b07c551a2aea448_LINK:CONNECTOR,67,367,-1,0e5f16d14ab9473692a5a05327ee3942d35a5120de423a128b8d8f35ecdad786,03502fb599d4b513036ade56d0eac06e8cbd5ade6a2adbf028d5e2e588a11bcd
EP_cd49b9b180c43fa801f568ea,SV5_INFILL_ROOM_1021773e205f6254b33f,SV5_OPTIONAL_06,SV5_OPTIONAL_06,SV5_PLACE_13_97A1D09E3197EA92_PORT_IN,SV5_INFILL_ROOM_1021773e205f6254b33f_LINK:CONNECTOR,68,35,-1,39e8bbb6b2be8f3b29403fb62c7e3483776070e787d7167bc852f393884e7df9,03502fb599d4b513036ade56d0eac06e8cbd5ade6a2adbf028d5e2e588a11bcd
EP_b5ad4af227c5cf8bdd951558,SV5_INFILL_ROOM_041cc40ca34ac9669c39,SV5_OPTIONAL_08,SV5_OPTIONAL_08,SV5_PLACE_08_3479F08218885852_PORT_IN,SV5_INFILL_ROOM_041cc40ca34ac9669c39_LINK:CONNECTOR,68,83,1,0d38c68021f30f5d07df35544989586b1fb7b9ade6a9c52251868e897dfc63cb,03502fb599d4b513036ade56d0eac06e8cbd5ade6a2adbf028d5e2e588a11bcd
EP_b4a703e3c2c40d622dff4b89,SV5_INFILL_ROOM_055856717f4139baf16b,SV5_OPTIONAL_09,SV5_OPTIONAL_09,SV5_PLACE_08_3479F08218885852_PORT_OUT,SV5_INFILL_ROOM_055856717f4139baf16b:LANDING,68,129,-1,1b4f00cd9db0069757f2adcee4028b45f789371e58dfd25f449b9098375d0130,03502fb599d4b513036ade56d0eac06e8cbd5ade6a2adbf028d5e2e588a11bcd
EP_077c98aae9cf1ae927162f39,SV5_INFILL_ROOM_0074c7f66d6a87c31d5f,SV5_OPTIONAL_11,SV5_OPTIONAL_11,SV5_PLACE_00_CD742119708C091F_PORT_IN,SV5_INFILL_ROOM_0074c7f66d6a87c31d5f_LINK:CONNECTOR,68,256,1,18b17413fc013287923b5fcf7e15c5026a65b015a49b8be8434ae406a9f03a32,03502fb599d4b513036ade56d0eac06e8cbd5ade6a2adbf028d5e2e588a11bcd
EP_38f7816fc3eda0189401c206,SV5_INFILL_ROOM_0101a927b6208b1c30a1,SV5_OPTIONAL_12,SV5_OPTIONAL_12,SV5_PLACE_00_CD742119708C091F_PORT_OUT,SV5_INFILL_ROOM_0101a927b6208b1c30a1_LINK:CONNECTOR,68,322,-1,15f680fd9568e2a9834a65aae7d9500e226e3f8bc3da00ff2e4fef3f9adb792d,03502fb599d4b513036ade56d0eac06e8cbd5ade6a2adbf028d5e2e588a11bcd
EP_c6717c5de34f36f5ce9fae0a,SV5_INFILL_ROOM_0101a927b6208b1c30a1,SV5_OPTIONAL_12,SV5_OPTIONAL_12,SV5_PLACE_00_CD742119708C091F_PORT_OUT,SV5_INFILL_ROOM_0101a927b6208b1c30a1_LINK:CONNECTOR,68,322,1,fa432086fedc3caa2bc32ddc8acc7c9c1b1d9e45d030d9f7fae3a5c11ff159dd,03502fb599d4b513036ade56d0eac06e8cbd5ade6a2adbf028d5e2e588a11bcd
EP_7ec2b9758b8e657b10ec7d92,SV5_INFILL_ROOM_1b1a069b5675bac4c797,SV5_OPTIONAL_12,SV5_OPTIONAL_12,SV5_PLACE_04_CB2B17D440D58981_PORT_IN,SV5_INFILL_ROOM_1b1a069b5675bac4c797:SMALL_CAVE,68,343,-1,1b5d6d03e196794bad06f194724bdad40ba751508fe433aa116e41978d72686c,03502fb599d4b513036ade56d0eac06e8cbd5ade6a2adbf028d5e2e588a11bcd
EP_483888d697ff34cd236fbdbe,SV5_INFILL_ROOM_01bb1b07c551a2aea448,SV5_OPTIONAL_12,SV5_OPTIONAL_12,SV5_PLACE_04_CB2B17D440D58981_PORT_IN,SV5_INFILL_ROOM_01bb1b07c551a2aea448_LINK:CONNECTOR,68,366,-1,58c5d264e957612e16cf102ef81fd9c967befdadc1d6daf5a07fa8298c669f7f,03502fb599d4b513036ade56d0eac06e8cbd5ade6a2adbf028d5e2e588a11bcd
EP_e0e71cfd0383ff9eeae9da86,SV5_INFILL_ROOM_01bb1b07c551a2aea448,SV5_OPTIONAL_12,SV5_OPTIONAL_12,SV5_PLACE_04_CB2B17D440D58981_PORT_IN,SV5_INFILL_ROOM_01bb1b07c551a2aea448_LINK:CONNECTOR,68,366,1,305677ddb927e644f9a558aab79c65bc6d2e077de3328b7cb55c32a9713de46c,03502fb599d4b513036ade56d0eac06e8cbd5ade6a2adbf028d5e2e588a11bcd
EP_1fc4da97e7ed23198989bdc6,SV5_INFILL_ROOM_1021773e205f6254b33f,SV5_OPTIONAL_06,SV5_OPTIONAL_06,SV5_PLACE_13_97A1D09E3197EA92_PORT_IN,SV5_INFILL_ROOM_1021773e205f6254b33f_LINK:CONNECTOR,69,34,-1,1b07f5f035d41122c1a228a97fa466f28a72ea072a77cfb01de0ea07120f6a66,03502fb599d4b513036ade56d0eac06e8cbd5ade6a2adbf028d5e2e588a11bcd
EP_2552d64b60aa2b7ea1c73d80,SV5_INFILL_ROOM_041cc40ca34ac9669c39,SV5_OPTIONAL_08,SV5_OPTIONAL_08,SV5_PLACE_08_3479F08218885852_PORT_IN,SV5_INFILL_ROOM_041cc40ca34ac9669c39_LINK:CONNECTOR,69,84,1,f8a12df8351ae5e8b44beef495ed628473d558476402559ac84fef9b870d4ac9,03502fb599d4b513036ade56d0eac06e8cbd5ade6a2adbf028d5e2e588a11bcd
EP_6743adc100c54df07d91392c,SV5_INFILL_ROOM_041cc40ca34ac9669c39,SV5_OPTIONAL_08,SV5_OPTIONAL_08,SV5_PLACE_08_3479F08218885852_PORT_IN,SV5_INFILL_ROOM_041cc40ca34ac9669c39_LINK:CONNECTOR,69,84,-1,133b67b3cbdc66f3246e92d0da51d61527f360a3f4368e5a860908bfc0ee5e23,03502fb599d4b513036ade56d0eac06e8cbd5ade6a2adbf028d5e2e588a11bcd
EP_c88b04b6ed86627ffa4cf0fa,SV5_INFILL_ROOM_0101a927b6208b1c30a1,SV5_OPTIONAL_12,SV5_OPTIONAL_12,SV5_PLACE_00_CD742119708C091F_PORT_OUT,SV5_INFILL_ROOM_0101a927b6208b1c30a1_LINK:CONNECTOR,69,321,1,a6bfb4a71d756bc9730d47703cd4e160c22758290d7dfdf1b4882e24875f6413,03502fb599d4b513036ade56d0eac06e8cbd5ade6a2adbf028d5e2e588a11bcd
EP_fb56f40801ffd68bac72bf15,SV5_INFILL_ROOM_0101a927b6208b1c30a1,SV5_OPTIONAL_12,SV5_OPTIONAL_12,SV5_PLACE_00_CD742119708C091F_PORT_OUT,SV5_INFILL_ROOM_0101a927b6208b1c30a1_LINK:CONNECTOR,69,321,-1,6c0e80d2f5a9aa8c7ec0023701cc5557de178f89f4e8e782a503f9f3784efc66,03502fb599d4b513036ade56d0eac06e8cbd5ade6a2adbf028d5e2e588a11bcd
EP_f0e71cdf4d066200c5285b68,SV5_INFILL_ROOM_01bb1b07c551a2aea448,SV5_OPTIONAL_12,SV5_OPTIONAL_12,SV5_PLACE_04_CB2B17D440D58981_PORT_IN,SV5_INFILL_ROOM_01bb1b07c551a2aea448_LINK:CONNECTOR,69,365,1,929d0ab641859bfeb139c66a3050ca4846a3a8195a0ac062dd09cc4ca23f5b3a,03502fb599d4b513036ade56d0eac06e8cbd5ade6a2adbf028d5e2e588a11bcd
EP_6ec63a62a6ef319f519bb7aa,SV5_INFILL_ROOM_1021773e205f6254b33f,SV5_OPTIONAL_06,SV5_OPTIONAL_06,SV5_PLACE_13_97A1D09E3197EA92_PORT_IN,SV5_INFILL_ROOM_1021773e205f6254b33f_LINK:CONNECTOR,70,33,1,6b5b42419b91c4c20a1b538cb2c8498dd376cfbc100f5932b3dbc6276ab3f6b7,03502fb599d4b513036ade56d0eac06e8cbd5ade6a2adbf028d5e2e588a11bcd
EP_19dd8ddd96a411e952ab43bc,SV5_INFILL_ROOM_05c86cf090f60cb83689,SV5_OPTIONAL_06,SV5_OPTIONAL_06,SV5_PLACE_13_97A1D09E3197EA92_PORT_IN,SV5_INFILL_ROOM_05c86cf090f60cb83689_LINK:CONNECTOR,70,61,1,965810bbccc0c14a77b26b7eb874e9eb6d2b74340f9b6de43a648642bb4259fa,03502fb599d4b513036ade56d0eac06e8cbd5ade6a2adbf028d5e2e588a11bcd
EP_f14aa4dd65c42804c0ecc263,SV5_INFILL_ROOM_05c86cf090f60cb83689,SV5_OPTIONAL_06,SV5_OPTIONAL_06,SV5_PLACE_13_97A1D09E3197EA92_PORT_IN,SV5_INFILL_ROOM_05c86cf090f60cb83689_LINK:CONNECTOR,70,61,-1,93929ebf65794a9dc683a33ce379a15c31a09a833b75b3a0cc0a35da7e6a30eb,03502fb599d4b513036ade56d0eac06e8cbd5ade6a2adbf028d5e2e588a11bcd
EP_190b5d257c80460e432e10bb,SV5_INFILL_ROOM_041cc40ca34ac9669c39,SV5_OPTIONAL_08,SV5_OPTIONAL_08,SV5_PLACE_08_3479F08218885852_PORT_IN,SV5_INFILL_ROOM_041cc40ca34ac9669c39_LINK:CONNECTOR,70,85,-1,3257e297c13248cbd82fc47e0663192b36493e2d8b5224c0ddaf341b7549bdc1,03502fb599d4b513036ade56d0eac06e8cbd5ade6a2adbf028d5e2e588a11bcd
EP_85dccf78ce1878f1bed5f24e,SV5_INFILL_ROOM_041cc40ca34ac9669c39,SV5_OPTIONAL_08,SV5_OPTIONAL_08,SV5_PLACE_08_3479F08218885852_PORT_IN,SV5_INFILL_ROOM_041cc40ca34ac9669c39_LINK:CONNECTOR,70,85,1,ea0890724eb94f2d0a6af7e0ceed48d1159b4e654ab6225cd25d0fb3d0c7b58b,03502fb599d4b513036ade56d0eac06e8cbd5ade6a2adbf028d5e2e588a11bcd
EP_860560947ed192892f74830a,SV5_INFILL_ROOM_0074c7f66d6a87c31d5f,SV5_OPTIONAL_11,SV5_OPTIONAL_11,SV5_PLACE_00_CD742119708C091F_PORT_IN,SV5_INFILL_ROOM_0074c7f66d6a87c31d5f_LINK:CONNECTOR,70,258,-1,555dbe6e46524b2e80cb75b64c5e6aeaba482bfd0bca3a177f601161de5fb8cd,03502fb599d4b513036ade56d0eac06e8cbd5ade6a2adbf028d5e2e588a11bcd
EP_d902a29a1311535eed1fe55a,SV5_INFILL_ROOM_0101a927b6208b1c30a1,SV5_OPTIONAL_12,SV5_OPTIONAL_12,SV5_PLACE_00_CD742119708C091F_PORT_OUT,SV5_INFILL_ROOM_0101a927b6208b1c30a1_LINK:CONNECTOR,70,320,1,77e9b2a861db750972cd9791755c2dd66603fca16eec6581fa2c032d8b8e7401,03502fb599d4b513036ade56d0eac06e8cbd5ade6a2adbf028d5e2e588a11bcd
EP_d99aa2d1187d7c1732c512f9,SV5_INFILL_ROOM_0101a927b6208b1c30a1,SV5_OPTIONAL_12,SV5_OPTIONAL_12,SV5_PLACE_00_CD742119708C091F_PORT_OUT,SV5_INFILL_ROOM_0101a927b6208b1c30a1_LINK:CONNECTOR,70,320,-1,1151777c2bca9524e4fa4eeeff3e5946006695b6a12234b36b8d94f49ac73a0d,03502fb599d4b513036ade56d0eac06e8cbd5ade6a2adbf028d5e2e588a11bcd
EP_6ff803abd1c3a362a586cfcc,SV5_INFILL_ROOM_1021773e205f6254b33f,SV5_OPTIONAL_06,SV5_OPTIONAL_06,SV5_PLACE_13_97A1D09E3197EA92_PORT_IN,SV5_INFILL_ROOM_1021773e205f6254b33f_LINK:CONNECTOR,71,32,-1,70c40322cd18cb520a88d177e4e5bb058a44abc4ee1c8ebf6aaf63dcb94d3e40,03502fb599d4b513036ade56d0eac06e8cbd5ade6a2adbf028d5e2e588a11bcd
EP_b8443a946b48ae178f8f0f5a,SV5_INFILL_ROOM_05c86cf090f60cb83689,SV5_OPTIONAL_06,SV5_OPTIONAL_06,SV5_PLACE_13_97A1D09E3197EA92_PORT_IN,SV5_INFILL_ROOM_05c86cf090f60cb83689_LINK:CONNECTOR,71,60,1,42d9d675a774dbe4cd77d4d8b9c963c2785a35fb8a1065362e9fe6175fedc9aa,03502fb599d4b513036ade56d0eac06e8cbd5ade6a2adbf028d5e2e588a11bcd
EP_6414922a63d717d25cf9a104,SV5_INFILL_ROOM_041cc40ca34ac9669c39,SV5_OPTIONAL_08,SV5_OPTIONAL_08,SV5_PLACE_08_3479F08218885852_PORT_IN,SV5_INFILL_ROOM_041cc40ca34ac9669c39_LINK:CONNECTOR,71,86,1,c38e59a5f5bcad639facdfc055f9978ab860a4cf7950d493432fc90a8c656e9f,03502fb599d4b513036ade56d0eac06e8cbd5ade6a2adbf028d5e2e588a11bcd
EP_abc4afb196164f494d5e922a,SV5_INFILL_ROOM_041cc40ca34ac9669c39,SV5_OPTIONAL_08,SV5_OPTIONAL_08,SV5_PLACE_08_3479F08218885852_PORT_IN,SV5_INFILL_ROOM_041cc40ca34ac9669c39_LINK:CONNECTOR,71,86,-1,03ff7123cbda205c8774d0327f3eccb9f2a608d6b65402fa40cf282f73a72110,03502fb599d4b513036ade56d0eac06e8cbd5ade6a2adbf028d5e2e588a11bcd
EP_a950f552099ef320172c6c52,SV5_INFILL_ROOM_021b4048fa47706aeaf6,SV5_OPTIONAL_09,SV5_OPTIONAL_09,SV5_PLACE_12_391D0CF7A4422180_PORT_IN,SV5_INFILL_ROOM_021b4048fa47706aeaf6:EMPTY_ROOM,71,171,1,4ee0dfd8bbb53e70d007ba1104d09a301e90cd1236da9781c6d1b82bbe54a924,03502fb599d4b513036ade56d0eac06e8cbd5ade6a2adbf028d5e2e588a11bcd
EP_473832573e797779d7e936eb,SV5_INFILL_ROOM_0074c7f66d6a87c31d5f,SV5_OPTIONAL_11,SV5_OPTIONAL_11,SV5_PLACE_00_CD742119708C091F_PORT_IN,SV5_INFILL_ROOM_0074c7f66d6a87c31d5f_LINK:CONNECTOR,71,259,-1,34217cb2edd93890e4e987e1cfab2bd47c185de5d2e4bdad01b00cb9a029e385,03502fb599d4b513036ade56d0eac06e8cbd5ade6a2adbf028d5e2e588a11bcd
EP_d4ce833613ca5c7d8122fe84,SV5_INFILL_ROOM_0101a927b6208b1c30a1,SV5_OPTIONAL_12,SV5_OPTIONAL_12,SV5_PLACE_00_CD742119708C091F_PORT_OUT,SV5_INFILL_ROOM_0101a927b6208b1c30a1_LINK:CONNECTOR,71,319,-1,87cc141d47ce91378eeab6d4252f5e7635d68d31dd3b2fa80bfb8cda647a1404,03502fb599d4b513036ade56d0eac06e8cbd5ade6a2adbf028d5e2e588a11bcd
EP_98f55f55ff5d55befd0ae59e,SV5_INFILL_ROOM_12b7e28ceac0decd5997,SV5_OPTIONAL_06,SV5_OPTIONAL_06,SV5_PLACE_13_97A1D09E3197EA92_PORT_IN,SV5_INFILL_ROOM_12b7e28ceac0decd5997:SMALL_CAVE,72,31,-1,33c096ebfe510ba669c2159512a5489df7e45ddf03a5bcc0a5491134dfe99411,03502fb599d4b513036ade56d0eac06e8cbd5ade6a2adbf028d5e2e588a11bcd
EP_8708b566bb6213ddb94b7e90,SV5_INFILL_ROOM_05c86cf090f60cb83689,SV5_OPTIONAL_06,SV5_OPTIONAL_06,SV5_PLACE_13_97A1D09E3197EA92_PORT_IN,SV5_INFILL_ROOM_05c86cf090f60cb83689_LINK:CONNECTOR,72,59,-1,616c74466638ea6a439d010e5290df92b8f4f96194c8f1f2575e2e64afe2bc66,03502fb599d4b513036ade56d0eac06e8cbd5ade6a2adbf028d5e2e588a11bcd
EP_99c63eddd3531a268e3496e4,SV5_INFILL_ROOM_05c86cf090f60cb83689,SV5_OPTIONAL_06,SV5_OPTIONAL_06,SV5_PLACE_13_97A1D09E3197EA92_PORT_IN,SV5_INFILL_ROOM_05c86cf090f60cb83689_LINK:CONNECTOR,72,59,1,76742029b0154d921dc5dec05f1d0db7c2d70556632530238f7b2773755533f8,03502fb599d4b513036ade56d0eac06e8cbd5ade6a2adbf028d5e2e588a11bcd
EP_2d945cd929eccb5d74468e26,SV5_INFILL_ROOM_02c9b2d6e7ba5ded15f4,SV5_OPTIONAL_08,SV5_OPTIONAL_08,SV5_PLACE_08_3479F08218885852_PORT_IN,SV5_INFILL_ROOM_02c9b2d6e7ba5ded15f4:SMALL_CAVE,72,87,-1,6d85358ac730e87264b4415eecd937045160243f44f482affa622e61bd90f19d,03502fb599d4b513036ade56d0eac06e8cbd5ade6a2adbf028d5e2e588a11bcd
EP_ada26f7c76bcef68d9bf24a1,SV5_INFILL_ROOM_015e047734bb1781d7ff,SV5_OPTIONAL_09,SV5_OPTIONAL_09,SV5_PLACE_08_3479F08218885852_PORT_OUT,SV5_INFILL_ROOM_015e047734bb1781d7ff_LINK:CONNECTOR,72,107,1,f17686225d8fab4ad81c62779e4189c748536f6b716c71e98a2d078c8b1e7910,03502fb599d4b513036ade56d0eac06e8cbd5ade6a2adbf028d5e2e588a11bcd
EP_195fd486c9255952ad2bfd68,SV5_INFILL_ROOM_0074c7f66d6a87c31d5f,SV5_OPTIONAL_11,SV5_OPTIONAL_11,SV5_PLACE_00_CD742119708C091F_PORT_IN,SV5_INFILL_ROOM_0074c7f66d6a87c31d5f_LINK:CONNECTOR,72,260,-1,4131f55eef14f19dbc88b09534a2b1530b301f762243c1e2a008f32886ba4119,03502fb599d4b513036ade56d0eac06e8cbd5ade6a2adbf028d5e2e588a11bcd
EP_ff5b168236b469ca0ed99f9f,SV5_INFILL_ROOM_071e519de6c295adb1fe,SV5_OPTIONAL_06,SV5_OPTIONAL_06,SV5_PLACE_13_97A1D09E3197EA92_PORT_IN,SV5_INFILL_ROOM_071e519de6c295adb1fe_LINK:CONNECTOR,73,18,1,81714d80d21f6ac450f0a7123ffd6406bb2291a258f4df0e28d8949303c7326b,03502fb599d4b513036ade56d0eac06e8cbd5ade6a2adbf028d5e2e588a11bcd
EP_76368f09c8fdad72b160a7ba,SV5_INFILL_ROOM_05c86cf090f60cb83689,SV5_OPTIONAL_06,SV5_OPTIONAL_06,SV5_PLACE_13_97A1D09E3197EA92_PORT_IN,SV5_INFILL_ROOM_05c86cf090f60cb83689_LINK:CONNECTOR,73,58,1,0a09334044ab78c7dfbbf1eeaa242fa56d7038efed69597acd2e740c8a1d2a3b,03502fb599d4b513036ade56d0eac06e8cbd5ade6a2adbf028d5e2e588a11bcd
EP_575603b093f35e3f537aa3da,SV5_INFILL_ROOM_015e047734bb1781d7ff,SV5_OPTIONAL_09,SV5_OPTIONAL_09,SV5_PLACE_08_3479F08218885852_PORT_OUT,SV5_INFILL_ROOM_015e047734bb1781d7ff_LINK:CONNECTOR,73,108,-1,9a998b8bff60ead7904773e43d230aeba5230885988c4ce46085733a594e443c,03502fb599d4b513036ade56d0eac06e8cbd5ade6a2adbf028d5e2e588a11bcd
EP_9e4519b00cbb4200f241f9db,SV5_INFILL_ROOM_015e047734bb1781d7ff,SV5_OPTIONAL_09,SV5_OPTIONAL_09,SV5_PLACE_08_3479F08218885852_PORT_OUT,SV5_INFILL_ROOM_015e047734bb1781d7ff_LINK:CONNECTOR,73,108,1,c41ef3cccc91d171c016b87d4583087058cf77ae97a1fab071820b1d8b05a656,03502fb599d4b513036ade56d0eac06e8cbd5ade6a2adbf028d5e2e588a11bcd
EP_2174f12128c2abaf20cbd94c,SV5_INFILL_ROOM_021b4048fa47706aeaf6,SV5_OPTIONAL_09,SV5_OPTIONAL_09,SV5_PLACE_12_391D0CF7A4422180_PORT_IN,SV5_INFILL_ROOM_021b4048fa47706aeaf6_LINK:CONNECTOR,73,170,1,5bf1e76ca18a33ffd5569c4c5d9be0eb2033c97ff309cb453fcfd04481081f2b,03502fb599d4b513036ade56d0eac06e8cbd5ade6a2adbf028d5e2e588a11bcd
EP_0e45dd69aaea365d4518f625,SV5_INFILL_ROOM_071e519de6c295adb1fe,SV5_OPTIONAL_06,SV5_OPTIONAL_06,SV5_PLACE_13_97A1D09E3197EA92_PORT_IN,SV5_INFILL_ROOM_071e519de6c295adb1fe_LINK:CONNECTOR,74,17,1,b95360ea16b41d8fedc18a5ed19b7a8d373ca8e7745fa2eee55ce5ab7e3524a9,03502fb599d4b513036ade56d0eac06e8cbd5ade6a2adbf028d5e2e588a11bcd
EP_852de5b6fc4d46161f95f101,SV5_INFILL_ROOM_071e519de6c295adb1fe,SV5_OPTIONAL_06,SV5_OPTIONAL_06,SV5_PLACE_13_97A1D09E3197EA92_PORT_IN,SV5_INFILL_ROOM_071e519de6c295adb1fe_LINK:CONNECTOR,74,17,-1,75361aca57661df74eb2bd83912f60e82367ab3dd8b6ff1782f7f92fe329c8c2,03502fb599d4b513036ade56d0eac06e8cbd5ade6a2adbf028d5e2e588a11bcd
EP_f2f9fb1b1f5306210c80d1c5,SV5_INFILL_ROOM_05c86cf090f60cb83689,SV5_OPTIONAL_06,SV5_OPTIONAL_06,SV5_PLACE_13_97A1D09E3197EA92_PORT_IN,SV5_INFILL_ROOM_05c86cf090f60cb83689_LINK:CONNECTOR,74,57,1,25c33051343207dba7bab2adb294b579248cb733119ca2e07e0c8cd4573b6456,03502fb599d4b513036ade56d0eac06e8cbd5ade6a2adbf028d5e2e588a11bcd
EP_ec0dfb04421875a9ce76fcf9,SV5_INFILL_ROOM_015e047734bb1781d7ff,SV5_OPTIONAL_09,SV5_OPTIONAL_09,SV5_PLACE_08_3479F08218885852_PORT_OUT,SV5_INFILL_ROOM_015e047734bb1781d7ff_LINK:CONNECTOR,74,109,1,c41c6914193455d2ac0c83f2e42f37caac5e256ba88a5f80ed5c2044a3c817c2,03502fb599d4b513036ade56d0eac06e8cbd5ade6a2adbf028d5e2e588a11bcd
EP_f6071fa22e1ed0be10e09769,SV5_INFILL_ROOM_015e047734bb1781d7ff,SV5_OPTIONAL_09,SV5_OPTIONAL_09,SV5_PLACE_08_3479F08218885852_PORT_OUT,SV5_INFILL_ROOM_015e047734bb1781d7ff_LINK:CONNECTOR,74,109,-1,5402e8c4dbd5dc1b7ad58aaaca6c641d5d96d317630dae3ec64069cb0d582e67,03502fb599d4b513036ade56d0eac06e8cbd5ade6a2adbf028d5e2e588a11bcd
EP_61c5744f31a5070d3e480102,SV5_INFILL_ROOM_021b4048fa47706aeaf6,SV5_OPTIONAL_09,SV5_OPTIONAL_09,SV5_PLACE_12_391D0CF7A4422180_PORT_IN,SV5_INFILL_ROOM_021b4048fa47706aeaf6_LINK:CONNECTOR,74,169,-1,ea03cfa5fee480db286503325d7f25a6e570b72a9dddd5360f8b8baa47aacb1d,03502fb599d4b513036ade56d0eac06e8cbd5ade6a2adbf028d5e2e588a11bcd
EP_9a21e6bb1825174a921897ca,SV5_INFILL_ROOM_021b4048fa47706aeaf6,SV5_OPTIONAL_09,SV5_OPTIONAL_09,SV5_PLACE_12_391D0CF7A4422180_PORT_IN,SV5_INFILL_ROOM_021b4048fa47706aeaf6_LINK:CONNECTOR,74,169,1,1ab62d0d46128aabb5adc5c66a146c4aac1a8a90eae0a5ca0ea4fecee9c50cc6,03502fb599d4b513036ade56d0eac06e8cbd5ade6a2adbf028d5e2e588a11bcd
EP_a1ed7a3fbf0c9ddc3ca4e9e0,SV5_INFILL_ROOM_0074c7f66d6a87c31d5f,SV5_OPTIONAL_11,SV5_OPTIONAL_11,SV5_PLACE_00_CD742119708C091F_PORT_IN,SV5_INFILL_ROOM_0074c7f66d6a87c31d5f_LINK:CONNECTOR,74,262,-1,27581f6dbe2407bd01c8094d5087c918235c7037719ae3037a902760e14c4a30,03502fb599d4b513036ade56d0eac06e8cbd5ade6a2adbf028d5e2e588a11bcd
EP_1a93e4feb0ecc6f18d89c8e3,SV5_INFILL_ROOM_071e519de6c295adb1fe,SV5_OPTIONAL_06,SV5_OPTIONAL_06,SV5_PLACE_13_97A1D09E3197EA92_PORT_IN,SV5_INFILL_ROOM_071e519de6c295adb1fe_LINK:CONNECTOR,75,16,1,5856b30798db265fb6c39dad2d0a6f9613e10a43207493e7da06c89ab1b2bf2b,03502fb599d4b513036ade56d0eac06e8cbd5ade6a2adbf028d5e2e588a11bcd
EP_bb520c0b70fdd6228a4e0a4f,SV5_INFILL_ROOM_071e519de6c295adb1fe,SV5_OPTIONAL_06,SV5_OPTIONAL_06,SV5_PLACE_13_97A1D09E3197EA92_PORT_IN,SV5_INFILL_ROOM_071e519de6c295adb1fe_LINK:CONNECTOR,75,16,-1,65616cf7bd2018547601d8f317eaa7b94e8166585116fd57e056540dd0a627dc,03502fb599d4b513036ade56d0eac06e8cbd5ade6a2adbf028d5e2e588a11bcd
EP_3ce08264594f07dc076c14b8,SV5_INFILL_ROOM_015e047734bb1781d7ff,SV5_OPTIONAL_09,SV5_OPTIONAL_09,SV5_PLACE_08_3479F08218885852_PORT_OUT,SV5_INFILL_ROOM_015e047734bb1781d7ff_LINK:CONNECTOR,75,110,1,84baa6723fb5eb468a8cd58a854d39685654afdb683c8d42a70b49f6eba9400e,03502fb599d4b513036ade56d0eac06e8cbd5ade6a2adbf028d5e2e588a11bcd
EP_e8748dc9cda75a302df2405e,SV5_INFILL_ROOM_015e047734bb1781d7ff,SV5_OPTIONAL_09,SV5_OPTIONAL_09,SV5_PLACE_08_3479F08218885852_PORT_OUT,SV5_INFILL_ROOM_015e047734bb1781d7ff_LINK:CONNECTOR,75,110,-1,cc549a14ee0f4c7c5927814ac537c0b8d33e09f079a9387679ad7ce0c5f9f250,03502fb599d4b513036ade56d0eac06e8cbd5ade6a2adbf028d5e2e588a11bcd
EP_156cdff8721d4badd70500f9,SV5_INFILL_ROOM_021b4048fa47706aeaf6,SV5_OPTIONAL_09,SV5_OPTIONAL_09,SV5_PLACE_12_391D0CF7A4422180_PORT_IN,SV5_INFILL_ROOM_021b4048fa47706aeaf6_LINK:CONNECTOR,75,168,-1,87924a07b77d557074d6c5560c7aa4da7c71432a39204a73a844435dcc97af97,03502fb599d4b513036ade56d0eac06e8cbd5ade6a2adbf028d5e2e588a11bcd
EP_69eec69525b43f2aa1c60eee,SV5_INFILL_ROOM_021b4048fa47706aeaf6,SV5_OPTIONAL_09,SV5_OPTIONAL_09,SV5_PLACE_12_391D0CF7A4422180_PORT_IN,SV5_INFILL_ROOM_021b4048fa47706aeaf6_LINK:CONNECTOR,75,168,1,67a7c056148377fa15b89a9a27acb679b17d4d9c7c9220ddf38e80c9bdc7e33f,03502fb599d4b513036ade56d0eac06e8cbd5ade6a2adbf028d5e2e588a11bcd
EP_bf78d3a481eb8ad4cfc9bc37,SV5_INFILL_ROOM_01fd763216564c4ab82e,SV5_OPTIONAL_06,SV5_OPTIONAL_06,SV5_PLACE_13_97A1D09E3197EA92_PORT_IN,SV5_INFILL_ROOM_01fd763216564c4ab82e:EMPTY_ROOM,76,55,-1,7f296e8e1b11dda719a227077ddc73b05a7b40638a6cb6b63f261781b3ada80c,03502fb599d4b513036ade56d0eac06e8cbd5ade6a2adbf028d5e2e588a11bcd
EP_87a7b974c2adf91497bbeb42,SV5_INFILL_ROOM_03e607e34238c975c8c8,SV5_OPTIONAL_09,SV5_OPTIONAL_09,SV5_PLACE_12_391D0CF7A4422180_PORT_IN,SV5_INFILL_ROOM_03e607e34238c975c8c8:SMALL_CAVE,76,167,-1,d599d5566518e55d0e5a75035d20cb8e4a514edc19c69757b3689999db12557f,03502fb599d4b513036ade56d0eac06e8cbd5ade6a2adbf028d5e2e588a11bcd
EP_17ae8cafd803827e04cbb458,SV5_INFILL_ROOM_090d026d03e4c895fe2f,SV5_OPTIONAL_09,SV5_OPTIONAL_09,SV5_PLACE_12_391D0CF7A4422180_PORT_IN,SV5_INFILL_ROOM_090d026d03e4c895fe2f:SMALL_CAVE,79,155,1,358dea362af7d0d75844e1292c6e6dffa25cb3157a3579bfe8367c7c53773bb2,03502fb599d4b513036ade56d0eac06e8cbd5ade6a2adbf028d5e2e588a11bcd
EP_2bc55a7c8e8f9dd08c07ba99,SV5_INFILL_ROOM_00935d046d479aecb80d,SV5_OPTIONAL_10,SV5_OPTIONAL_10,SV5_PLACE_01_90434AD281C2436C_PORT_IN,SV5_INFILL_ROOM_00935d046d479aecb80d_LINK:CONNECTOR,80,235,1,33f3346a330700edd97dc9eb3165399a9aef190e8945f6cf804a21e1f7fdfbcb,03502fb599d4b513036ade56d0eac06e8cbd5ade6a2adbf028d5e2e588a11bcd
EP_e5632cf540660bf50706648a,SV5_INFILL_ROOM_00935d046d479aecb80d,SV5_OPTIONAL_10,SV5_OPTIONAL_10,SV5_PLACE_01_90434AD281C2436C_PORT_IN,SV5_INFILL_ROOM_00935d046d479aecb80d_LINK:CONNECTOR,81,236,1,274b62e194ba9fbff7382eab5583b2985de23d347ac61b06e2f4f96e2f4fa418,03502fb599d4b513036ade56d0eac06e8cbd5ade6a2adbf028d5e2e588a11bcd
EP_3a4c16ef84377943a27414c8,SV5_INFILL_ROOM_00935d046d479aecb80d,SV5_OPTIONAL_10,SV5_OPTIONAL_10,SV5_PLACE_01_90434AD281C2436C_PORT_IN,SV5_INFILL_ROOM_00935d046d479aecb80d_LINK:CONNECTOR,82,237,-1,269cb03c57836f001d6609ab73011624b00413d276831ff9b5211c4dbf2aa93a,03502fb599d4b513036ade56d0eac06e8cbd5ade6a2adbf028d5e2e588a11bcd
EP_cdab621636d9f31fd644fc1b,SV5_INFILL_ROOM_00935d046d479aecb80d,SV5_OPTIONAL_10,SV5_OPTIONAL_10,SV5_PLACE_01_90434AD281C2436C_PORT_IN,SV5_INFILL_ROOM_00935d046d479aecb80d_LINK:CONNECTOR,82,237,1,5b25b8abcbbb690858fd5e232349a582fb0aa571a51c0416524e6e3cafe94c5c,03502fb599d4b513036ade56d0eac06e8cbd5ade6a2adbf028d5e2e588a11bcd
EP_0747af580b6eaa17bdd2900f,SV5_INFILL_ROOM_00935d046d479aecb80d,SV5_OPTIONAL_10,SV5_OPTIONAL_10,SV5_PLACE_01_90434AD281C2436C_PORT_IN,SV5_INFILL_ROOM_00935d046d479aecb80d_LINK:CONNECTOR,84,240,-1,4635a5d67bc1aa1f1a1f745d96b982281de36547e2132a857e26e11478035a4c,03502fb599d4b513036ade56d0eac06e8cbd5ade6a2adbf028d5e2e588a11bcd
EP_46db86b799a3709170a76cad,SV5_INFILL_ROOM_00935d046d479aecb80d,SV5_OPTIONAL_10,SV5_OPTIONAL_10,SV5_PLACE_01_90434AD281C2436C_PORT_IN,SV5_INFILL_ROOM_00935d046d479aecb80d_LINK:CONNECTOR,84,240,1,824814408f4509906be62b3ebdfed26e74120db3682e518f270ec1f529f9a02e,03502fb599d4b513036ade56d0eac06e8cbd5ade6a2adbf028d5e2e588a11bcd
EP_332585e07fe2701c35f360b9,SV5_INFILL_ROOM_090d026d03e4c895fe2f,SV5_OPTIONAL_09,SV5_OPTIONAL_09,SV5_PLACE_12_391D0CF7A4422180_PORT_IN,SV5_INFILL_ROOM_090d026d03e4c895fe2f_LINK:CONNECTOR,85,154,1,b132331088f5da753081a0343c6f740fc7d12e0a1e593c427594d62f81713e49,03502fb599d4b513036ade56d0eac06e8cbd5ade6a2adbf028d5e2e588a11bcd
EP_1986889470351e9aac3d520c,SV5_INFILL_ROOM_090d026d03e4c895fe2f,SV5_OPTIONAL_09,SV5_OPTIONAL_09,SV5_PLACE_12_391D0CF7A4422180_PORT_IN,SV5_INFILL_ROOM_090d026d03e4c895fe2f_LINK:CONNECTOR,86,153,-1,d26a7e71176e4a3234572bf2a11dfa81913922092ae1ea2e1c925bbeb3bc9a8a,03502fb599d4b513036ade56d0eac06e8cbd5ade6a2adbf028d5e2e588a11bcd
EP_802cbbcea1dd88be268c8365,SV5_INFILL_ROOM_090d026d03e4c895fe2f,SV5_OPTIONAL_09,SV5_OPTIONAL_09,SV5_PLACE_12_391D0CF7A4422180_PORT_IN,SV5_INFILL_ROOM_090d026d03e4c895fe2f_LINK:CONNECTOR,86,153,1,9504937bb25979fda995793e5ea30c68ea77a4856a6fa3106ccd22f92e36a217,03502fb599d4b513036ade56d0eac06e8cbd5ade6a2adbf028d5e2e588a11bcd
EP_528cd0a4cfb6996c597eed36,SV5_INFILL_ROOM_090d026d03e4c895fe2f,SV5_OPTIONAL_09,SV5_OPTIONAL_09,SV5_PLACE_12_391D0CF7A4422180_PORT_IN,SV5_INFILL_ROOM_090d026d03e4c895fe2f_LINK:CONNECTOR,87,152,1,f1f4c4291b2558483d16913bf4d17ba0d0e68e6c8efd0a9dd97bdc75201fc817,03502fb599d4b513036ade56d0eac06e8cbd5ade6a2adbf028d5e2e588a11bcd
EP_f9fe4b38fc81bfbb14ee2212,SV5_INFILL_ROOM_090d026d03e4c895fe2f,SV5_OPTIONAL_09,SV5_OPTIONAL_09,SV5_PLACE_12_391D0CF7A4422180_PORT_IN,SV5_INFILL_ROOM_090d026d03e4c895fe2f_LINK:CONNECTOR,87,152,-1,1ab776e3355ffeacebc2aa291c658efae96d79940702105610dd2f9eda85b806,03502fb599d4b513036ade56d0eac06e8cbd5ade6a2adbf028d5e2e588a11bcd
EP_9edadd9eb71f4c2453a18fdf,SV5_INFILL_ROOM_00935d046d479aecb80d,SV5_OPTIONAL_10,SV5_OPTIONAL_10,SV5_PLACE_01_90434AD281C2436C_PORT_IN,SV5_INFILL_ROOM_00935d046d479aecb80d_LINK:CONNECTOR,87,242,1,6ddcb40acce75b910b31e9a1926baef98e40ff7deaeae610d227415149b89b4c,03502fb599d4b513036ade56d0eac06e8cbd5ade6a2adbf028d5e2e588a11bcd
EP_295b220b8e60760d5844c36b,SV5_INFILL_ROOM_0101a927b6208b1c30a1,SV5_OPTIONAL_12,SV5_OPTIONAL_12,SV5_PLACE_00_CD742119708C091F_PORT_OUT,SV5_INFILL_ROOM_0101a927b6208b1c30a1:EMPTY_ROOM,87,319,1,f1cbcdc7b7b11b2fafd02f7314edcbae8eafdd53ecbfbd19f341fb87fe2c5596,03502fb599d4b513036ade56d0eac06e8cbd5ade6a2adbf028d5e2e588a11bcd
EP_c30e4a40cacf5db32353d68b,SV5_INFILL_ROOM_055856717f4139baf16b,SV5_OPTIONAL_09,SV5_OPTIONAL_09,SV5_PLACE_08_3479F08218885852_PORT_OUT,SV5_INFILL_ROOM_055856717f4139baf16b_LINK:CONNECTOR,88,127,1,8e158aa1d96dd567789a1948f9d0272b713d06183bc6866611c521f605ccdae9,03502fb599d4b513036ade56d0eac06e8cbd5ade6a2adbf028d5e2e588a11bcd
EP_338b099b796f42000db12161,SV5_INFILL_ROOM_0274815fcd6818f05a6a,SV5_OPTIONAL_09,SV5_OPTIONAL_09,SV5_PLACE_12_391D0CF7A4422180_PORT_IN,SV5_INFILL_ROOM_0274815fcd6818f05a6a:SMALL_CAVE,88,151,-1,b8adc5a732fb77bb802c98e9656ed616450b73d2d39de077e94371c02dc6b649,03502fb599d4b513036ade56d0eac06e8cbd5ade6a2adbf028d5e2e588a11bcd
EP_6061a8bb7a5a86164120cda7,SV5_INFILL_ROOM_0a31f8299bcf4e6b93c9,SV5_OPTIONAL_10,SV5_OPTIONAL_10,SV5_PLACE_01_90434AD281C2436C_PORT_IN,SV5_INFILL_ROOM_0a31f8299bcf4e6b93c9:DEAD_END,88,243,-1,1bb82e5589bbe4ea2d1b39804c8c1a0ce57f1716812efd1a180c7361305f7fbf,03502fb599d4b513036ade56d0eac06e8cbd5ade6a2adbf028d5e2e588a11bcd
EP_b39f6bac0ef2b8be4582ba06,SV5_INFILL_ROOM_02c005e09e1c31c6fd00,SV5_OPTIONAL_12,SV5_OPTIONAL_12,SV5_PLACE_00_CD742119708C091F_PORT_OUT,SV5_INFILL_ROOM_02c005e09e1c31c6fd00_LINK:CONNECTOR,88,318,-1,27c019e8a23b0ccab914340c9fb76c4425cd655a560b54873949289aa573d032,03502fb599d4b513036ade56d0eac06e8cbd5ade6a2adbf028d5e2e588a11bcd
EP_e5fc9bee93c0ac388a546461,SV5_INFILL_ROOM_02c005e09e1c31c6fd00,SV5_OPTIONAL_12,SV5_OPTIONAL_12,SV5_PLACE_00_CD742119708C091F_PORT_OUT,SV5_INFILL_ROOM_02c005e09e1c31c6fd00_LINK:CONNECTOR,88,318,1,33e6eb526a09120945eada5819a3335a73537c983fac03155770389f530daa88,03502fb599d4b513036ade56d0eac06e8cbd5ade6a2adbf028d5e2e588a11bcd
EP_8dcad38f3d7c0d235e5c6112,SV5_INFILL_ROOM_055856717f4139baf16b,SV5_OPTIONAL_09,SV5_OPTIONAL_09,SV5_PLACE_08_3479F08218885852_PORT_OUT,SV5_INFILL_ROOM_055856717f4139baf16b_LINK:CONNECTOR,89,128,-1,92fc49e34b8d61cf6ef26d7fb84d382f7694716eeca7f652eb54a2cc57be35e9,03502fb599d4b513036ade56d0eac06e8cbd5ade6a2adbf028d5e2e588a11bcd
EP_c5bc2e36f362a0fb9696419c,SV5_INFILL_ROOM_055856717f4139baf16b,SV5_OPTIONAL_09,SV5_OPTIONAL_09,SV5_PLACE_08_3479F08218885852_PORT_OUT,SV5_INFILL_ROOM_055856717f4139baf16b_LINK:CONNECTOR,89,128,1,81c26634c80971bc0d448181ee742964716891db6c06426b6e116b2987587d48,03502fb599d4b513036ade56d0eac06e8cbd5ade6a2adbf028d5e2e588a11bcd
EP_8cb909e3a3cbd1a0d4d22b0c,SV5_INFILL_ROOM_02c005e09e1c31c6fd00,SV5_OPTIONAL_12,SV5_OPTIONAL_12,SV5_PLACE_00_CD742119708C091F_PORT_OUT,SV5_INFILL_ROOM_02c005e09e1c31c6fd00_LINK:CONNECTOR,89,317,1,3dbb98dfb5f21ad41a514182e683ef34deea0a9b4edbff903d17131340b2af87,03502fb599d4b513036ade56d0eac06e8cbd5ade6a2adbf028d5e2e588a11bcd
EP_4fd6921da107169a0285395a,SV5_INFILL_ROOM_0909a36ec6e7704afdde,SV5_OPTIONAL_12,SV5_OPTIONAL_12,SV5_PLACE_00_CD742119708C091F_PORT_OUT,SV5_INFILL_ROOM_0909a36ec6e7704afdde_LINK:CONNECTOR,89,341,-1,34e7b27000e41feeadb6ff5fe40c9e375ead228536d1adeded580fd33a1f193a,03502fb599d4b513036ade56d0eac06e8cbd5ade6a2adbf028d5e2e588a11bcd
EP_4fbcff01f4f845e3b49ffc46,SV5_INFILL_ROOM_055856717f4139baf16b,SV5_OPTIONAL_09,SV5_OPTIONAL_09,SV5_PLACE_08_3479F08218885852_PORT_OUT,SV5_INFILL_ROOM_055856717f4139baf16b_LINK:CONNECTOR,90,129,1,02d92f5e0bd6afead01fcc49cf27c28f6608c99f2dfb95a1d3facf83e35952ba,03502fb599d4b513036ade56d0eac06e8cbd5ade6a2adbf028d5e2e588a11bcd
EP_5d5f1ae1acadb5821e68d810,SV5_INFILL_ROOM_055856717f4139baf16b,SV5_OPTIONAL_09,SV5_OPTIONAL_09,SV5_PLACE_08_3479F08218885852_PORT_OUT,SV5_INFILL_ROOM_055856717f4139baf16b_LINK:CONNECTOR,90,129,-1,f34208e012af2ea65fe3a8f3b514339f5c641805c1ffb5e2f4182e74021292a4,03502fb599d4b513036ade56d0eac06e8cbd5ade6a2adbf028d5e2e588a11bcd
EP_2be993955d1f0d7fafe540eb,SV5_INFILL_ROOM_02c005e09e1c31c6fd00,SV5_OPTIONAL_12,SV5_OPTIONAL_12,SV5_PLACE_00_CD742119708C091F_PORT_OUT,SV5_INFILL_ROOM_02c005e09e1c31c6fd00_LINK:CONNECTOR,90,316,-1,3db0b4cc6768faf23d70533e5323e6fa8b0a59a4db310e79b38d4b98748cd14c,03502fb599d4b513036ade56d0eac06e8cbd5ade6a2adbf028d5e2e588a11bcd
EP_75d707666cf5321a66f2c09d,SV5_INFILL_ROOM_0909a36ec6e7704afdde,SV5_OPTIONAL_12,SV5_OPTIONAL_12,SV5_PLACE_00_CD742119708C091F_PORT_OUT,SV5_INFILL_ROOM_0909a36ec6e7704afdde_LINK:CONNECTOR,90,340,1,2c3509e524b5740b03b49871955294fb74608b0591d80b8c88dcf89feddce74e,03502fb599d4b513036ade56d0eac06e8cbd5ade6a2adbf028d5e2e588a11bcd
EP_d645e6a64c059de92e0c7c20,SV5_INFILL_ROOM_0909a36ec6e7704afdde,SV5_OPTIONAL_12,SV5_OPTIONAL_12,SV5_PLACE_00_CD742119708C091F_PORT_OUT,SV5_INFILL_ROOM_0909a36ec6e7704afdde_LINK:CONNECTOR,90,340,-1,45a774a63e6bb5e2af1fa62e1ab5fc6788b4b532a0fb35a807ce39399845118d,03502fb599d4b513036ade56d0eac06e8cbd5ade6a2adbf028d5e2e588a11bcd
EP_8bb022252c59ca3a54dbeaf8,SV5_INFILL_ROOM_01fd763216564c4ab82e,SV5_OPTIONAL_06,SV5_OPTIONAL_06,SV5_PLACE_13_97A1D09E3197EA92_PORT_IN,SV5_INFILL_ROOM_01fd763216564c4ab82e:EMPTY_ROOM,91,55,1,ac484886a6168132f99ec6f5e49960a09a388999c73f64e9c6e1a6370b7e8034,03502fb599d4b513036ade56d0eac06e8cbd5ade6a2adbf028d5e2e588a11bcd
EP_c25280bcad25e938dc5ca98d,SV5_INFILL_ROOM_02c9b2d6e7ba5ded15f4,SV5_OPTIONAL_08,SV5_OPTIONAL_08,SV5_PLACE_08_3479F08218885852_PORT_IN,SV5_INFILL_ROOM_02c9b2d6e7ba5ded15f4:SMALL_CAVE,91,87,1,4ce3f5ee7945f6cf711d9731b99040812c70636303732cd979c01a9556f7baeb,03502fb599d4b513036ade56d0eac06e8cbd5ade6a2adbf028d5e2e588a11bcd
EP_e262246af93a2fdd293483e8,SV5_INFILL_ROOM_055856717f4139baf16b,SV5_OPTIONAL_09,SV5_OPTIONAL_09,SV5_PLACE_08_3479F08218885852_PORT_OUT,SV5_INFILL_ROOM_055856717f4139baf16b_LINK:CONNECTOR,91,130,-1,e15dd451abd12c29cd919d3da8db070e007e852f4c2d4c50bc0127abfa452dbe,03502fb599d4b513036ade56d0eac06e8cbd5ade6a2adbf028d5e2e588a11bcd
EP_e8950b96521a911a3f20fba3,SV5_INFILL_ROOM_055856717f4139baf16b,SV5_OPTIONAL_09,SV5_OPTIONAL_09,SV5_PLACE_08_3479F08218885852_PORT_OUT,SV5_INFILL_ROOM_055856717f4139baf16b_LINK:CONNECTOR,91,130,1,a114947cbc85a88085e5f3ad509bdca2276dc5a39e7cc17ea850734dbe95a142,03502fb599d4b513036ade56d0eac06e8cbd5ade6a2adbf028d5e2e588a11bcd
EP_d6e903cb15af090c30505309,SV5_INFILL_ROOM_0e316ce78212c7a7aa18,SV5_OPTIONAL_09,SV5_OPTIONAL_09,SV5_PLACE_12_391D0CF7A4422180_PORT_IN,SV5_INFILL_ROOM_0e316ce78212c7a7aa18_LINK:CONNECTOR,91,198,1,2a33c6a4951c5d03d07d221c61ff71d7c6aa1baea51d5c934c982184f33bc788,03502fb599d4b513036ade56d0eac06e8cbd5ade6a2adbf028d5e2e588a11bcd
EP_afec2b9eb7246dfc05d3f64c,SV5_INFILL_ROOM_02c005e09e1c31c6fd00,SV5_OPTIONAL_12,SV5_OPTIONAL_12,SV5_PLACE_00_CD742119708C091F_PORT_OUT,SV5_INFILL_ROOM_02c005e09e1c31c6fd00_LINK:CONNECTOR,91,315,-1,5ba77ade506565b5a9a1b45137b9484c7e0ad4ba2f8db5bed2f00871c3ee36b6,03502fb599d4b513036ade56d0eac06e8cbd5ade6a2adbf028d5e2e588a11bcd
EP_f915781ae48f7650d2fb5476,SV5_INFILL_ROOM_0909a36ec6e7704afdde,SV5_OPTIONAL_12,SV5_OPTIONAL_12,SV5_PLACE_00_CD742119708C091F_PORT_OUT,SV5_INFILL_ROOM_0909a36ec6e7704afdde_LINK:CONNECTOR,91,339,-1,0893af3667fb1e19f021d0ac1f4a320ec1906742050989cf7bca914b375504d6,03502fb599d4b513036ade56d0eac06e8cbd5ade6a2adbf028d5e2e588a11bcd
EP_e30298c108893e359de3233a,SV5_INFILL_ROOM_005a04bda9ede05b1190,SV5_OPTIONAL_09,SV5_OPTIONAL_09,SV5_PLACE_08_3479F08218885852_PORT_OUT,SV5_INFILL_ROOM_005a04bda9ede05b1190:DEAD_END,92,131,-1,bd5302770ce3ac2f867540734a3d5526d22de30dde4b8b0da27e4a7e20efdbab,03502fb599d4b513036ade56d0eac06e8cbd5ade6a2adbf028d5e2e588a11bcd
EP_2e11abd9969b671335e74661,SV5_INFILL_ROOM_0e316ce78212c7a7aa18,SV5_OPTIONAL_09,SV5_OPTIONAL_09,SV5_PLACE_12_391D0CF7A4422180_PORT_IN,SV5_INFILL_ROOM_0e316ce78212c7a7aa18_LINK:CONNECTOR,92,197,1,718e2b34d6cbe362e75f72dfbfcfa73f43301d57ebdae9cbd2c498f6680a845e,03502fb599d4b513036ade56d0eac06e8cbd5ade6a2adbf028d5e2e588a11bcd
EP_38f17ccd8ee8b24b240595dc,SV5_INFILL_ROOM_0e316ce78212c7a7aa18,SV5_OPTIONAL_09,SV5_OPTIONAL_09,SV5_PLACE_12_391D0CF7A4422180_PORT_IN,SV5_INFILL_ROOM_0e316ce78212c7a7aa18_LINK:CONNECTOR,92,197,-1,26e2e7d9337746f2591782355b96094397691c472f78246468e8c50f08c83b92,03502fb599d4b513036ade56d0eac06e8cbd5ade6a2adbf028d5e2e588a11bcd
EP_705973f4d0f59be7c57086f3,SV5_INFILL_ROOM_02c005e09e1c31c6fd00,SV5_OPTIONAL_12,SV5_OPTIONAL_12,SV5_PLACE_00_CD742119708C091F_PORT_OUT,SV5_INFILL_ROOM_02c005e09e1c31c6fd00_LINK:CONNECTOR,92,314,-1,508925c9f2ee45f170d9b2aa28e9f5c367e881919997a2e74056421482c375ae,03502fb599d4b513036ade56d0eac06e8cbd5ade6a2adbf028d5e2e588a11bcd
EP_9ab79f4efa5e36137f2965d0,SV5_INFILL_ROOM_0909a36ec6e7704afdde,SV5_OPTIONAL_12,SV5_OPTIONAL_12,SV5_PLACE_00_CD742119708C091F_PORT_OUT,SV5_INFILL_ROOM_0909a36ec6e7704afdde_LINK:CONNECTOR,92,338,-1,62313809b4b5040833b933924156522e40a3e2e364e95b5419e0f6c956f1118f,03502fb599d4b513036ade56d0eac06e8cbd5ade6a2adbf028d5e2e588a11bcd
EP_1abb3f8ec3f973c378930b8d,SV5_INFILL_ROOM_02c9b2d6e7ba5ded15f4,SV5_OPTIONAL_08,SV5_OPTIONAL_08,SV5_PLACE_08_3479F08218885852_PORT_IN,SV5_INFILL_ROOM_02c9b2d6e7ba5ded15f4_LINK:CONNECTOR,93,86,1,8d329feba051ea5f86a82373fbfa52670ab049414555a8045261576e0925d9b6,03502fb599d4b513036ade56d0eac06e8cbd5ade6a2adbf028d5e2e588a11bcd
EP_10ae1fb6e79ea87ab66a700d,SV5_INFILL_ROOM_0e316ce78212c7a7aa18,SV5_OPTIONAL_09,SV5_OPTIONAL_09,SV5_PLACE_12_391D0CF7A4422180_PORT_IN,SV5_INFILL_ROOM_0e316ce78212c7a7aa18_LINK:CONNECTOR,93,196,-1,553612beb2e6c1ab39d68f6a26be634969c3d62a2a852e183af7040420f17c1b,03502fb599d4b513036ade56d0eac06e8cbd5ade6a2adbf028d5e2e588a11bcd
EP_a72217b18ec5a7a9b68599f6,SV5_INFILL_ROOM_0e316ce78212c7a7aa18,SV5_OPTIONAL_09,SV5_OPTIONAL_09,SV5_PLACE_12_391D0CF7A4422180_PORT_IN,SV5_INFILL_ROOM_0e316ce78212c7a7aa18_LINK:CONNECTOR,93,196,1,47b0a1b21e883c578ce43dd912a76866b8be0e3107488801a22700d63ae3ab80,03502fb599d4b513036ade56d0eac06e8cbd5ade6a2adbf028d5e2e588a11bcd
EP_198da8b3823191fcc64d70d0,SV5_INFILL_ROOM_0909a36ec6e7704afdde,SV5_OPTIONAL_12,SV5_OPTIONAL_12,SV5_PLACE_00_CD742119708C091F_PORT_OUT,SV5_INFILL_ROOM_0909a36ec6e7704afdde_LINK:CONNECTOR,93,337,-1,7cec7ba9dc57371791966660daab041d1af26baecef7715d73b5c7895d20e5ab,03502fb599d4b513036ade56d0eac06e8cbd5ade6a2adbf028d5e2e588a11bcd
EP_c64aea35c6ce68e604bc2a36,SV5_INFILL_ROOM_0b37330b20cc0a7ce9c9,SV5_OPTIONAL_06,SV5_OPTIONAL_06,SV5_PLACE_13_97A1D09E3197EA92_PORT_IN,SV5_INFILL_ROOM_0b37330b20cc0a7ce9c9_LINK:CONNECTOR,94,13,1,294ecb5133e4c33c523c5af683353f5f1f77bf90a30f4ebd410cf99a7caf20eb,03502fb599d4b513036ade56d0eac06e8cbd5ade6a2adbf028d5e2e588a11bcd
EP_97745359e7bac242bb0917d1,SV5_INFILL_ROOM_02c9b2d6e7ba5ded15f4,SV5_OPTIONAL_08,SV5_OPTIONAL_08,SV5_PLACE_08_3479F08218885852_PORT_IN,SV5_INFILL_ROOM_02c9b2d6e7ba5ded15f4_LINK:CONNECTOR,94,85,1,e86b1b22ec27063e28af25d199d6e36c71c72a806ed63571583e0c55d553e100,03502fb599d4b513036ade56d0eac06e8cbd5ade6a2adbf028d5e2e588a11bcd
EP_c68aba142c27859237a70e60,SV5_INFILL_ROOM_02c9b2d6e7ba5ded15f4,SV5_OPTIONAL_08,SV5_OPTIONAL_08,SV5_PLACE_08_3479F08218885852_PORT_IN,SV5_INFILL_ROOM_02c9b2d6e7ba5ded15f4_LINK:CONNECTOR,94,85,-1,396539e9b3d68da44bb65e69165c970161e590e4eb365483a785567cf6cba719,03502fb599d4b513036ade56d0eac06e8cbd5ade6a2adbf028d5e2e588a11bcd
EP_367ec1951753442cf0c24ac5,SV5_INFILL_ROOM_0e316ce78212c7a7aa18,SV5_OPTIONAL_09,SV5_OPTIONAL_09,SV5_PLACE_12_391D0CF7A4422180_PORT_IN,SV5_INFILL_ROOM_0e316ce78212c7a7aa18_LINK:CONNECTOR,94,195,-1,1a65adb2e5df646868c969edef9d48d2ac2252659188e16d0f886da3fbd36e85,03502fb599d4b513036ade56d0eac06e8cbd5ade6a2adbf028d5e2e588a11bcd
EP_6418c6f4ff5d9d89fed1f43d,SV5_INFILL_ROOM_02c005e09e1c31c6fd00,SV5_OPTIONAL_12,SV5_OPTIONAL_12,SV5_PLACE_00_CD742119708C091F_PORT_OUT,SV5_INFILL_ROOM_02c005e09e1c31c6fd00_LINK:CONNECTOR,94,312,-1,64cc04a4a9902b2cf61c93a92f46013dcfd7efdeaa5067d1cb084c5c59f18a5c,03502fb599d4b513036ade56d0eac06e8cbd5ade6a2adbf028d5e2e588a11bcd
EP_d15a64702033483baca11f98,SV5_INFILL_ROOM_0909a36ec6e7704afdde,SV5_OPTIONAL_12,SV5_OPTIONAL_12,SV5_PLACE_00_CD742119708C091F_PORT_OUT,SV5_INFILL_ROOM_0909a36ec6e7704afdde_LINK:CONNECTOR,94,336,1,3c3d02b498be4290e1f3d70b4db5bf19b75f6ea44a1aefa5e03afa0b03409201,03502fb599d4b513036ade56d0eac06e8cbd5ade6a2adbf028d5e2e588a11bcd
EP_3d5e7abc71b0fb0d1274cd60,SV5_INFILL_ROOM_0b37330b20cc0a7ce9c9,SV5_OPTIONAL_06,SV5_OPTIONAL_06,SV5_PLACE_13_97A1D09E3197EA92_PORT_IN,SV5_INFILL_ROOM_0b37330b20cc0a7ce9c9_LINK:CONNECTOR,95,12,-1,3596316cb331c06b0646693d9656fbaa6f1d2a8dd4fc668fd33f95b11191ebe7,03502fb599d4b513036ade56d0eac06e8cbd5ade6a2adbf028d5e2e588a11bcd
EP_dec243be1232385141a5d630,SV5_INFILL_ROOM_01fd763216564c4ab82e,SV5_OPTIONAL_06,SV5_OPTIONAL_06,SV5_PLACE_13_97A1D09E3197EA92_PORT_IN,SV5_INFILL_ROOM_01fd763216564c4ab82e_LINK:CONNECTOR,95,54,1,d674bb50653bfb886a3299029a5dfd6e39bcd5ab6dce622e70b64fa1fb984a68,03502fb599d4b513036ade56d0eac06e8cbd5ade6a2adbf028d5e2e588a11bcd
EP_11e1df8e31c8677907629162,SV5_INFILL_ROOM_02c9b2d6e7ba5ded15f4,SV5_OPTIONAL_08,SV5_OPTIONAL_08,SV5_PLACE_08_3479F08218885852_PORT_IN,SV5_INFILL_ROOM_02c9b2d6e7ba5ded15f4_LINK:CONNECTOR,95,84,1,881949a3fe4b312e0ba7039ef699ede7b47395b34066f2a3cf1eea4d76248dae,03502fb599d4b513036ade56d0eac06e8cbd5ade6a2adbf028d5e2e588a11bcd
EP_206e98a04d96884f6bfe94ed,SV5_INFILL_ROOM_02c9b2d6e7ba5ded15f4,SV5_OPTIONAL_08,SV5_OPTIONAL_08,SV5_PLACE_08_3479F08218885852_PORT_IN,SV5_INFILL_ROOM_02c9b2d6e7ba5ded15f4_LINK:CONNECTOR,95,84,-1,020523f1d68a5f8e0f38489d5119f1540aaf7c5768c3857b4ea1fac228847894,03502fb599d4b513036ade56d0eac06e8cbd5ade6a2adbf028d5e2e588a11bcd
EP_b7e95e058ff21b4fc4d5266c,SV5_INFILL_ROOM_03e607e34238c975c8c8,SV5_OPTIONAL_09,SV5_OPTIONAL_09,SV5_PLACE_12_391D0CF7A4422180_PORT_IN,SV5_INFILL_ROOM_03e607e34238c975c8c8:SMALL_CAVE,95,167,1,3c2f9908f8e55e12f93f75278ef4809fb0cfe89b836ed480e6ddd52fe1089497,03502fb599d4b513036ade56d0eac06e8cbd5ade6a2adbf028d5e2e588a11bcd
EP_678fdf4fc5fab2fe3dd41332,SV5_INFILL_ROOM_0e316ce78212c7a7aa18,SV5_OPTIONAL_09,SV5_OPTIONAL_09,SV5_PLACE_12_391D0CF7A4422180_PORT_IN,SV5_INFILL_ROOM_0e316ce78212c7a7aa18_LINK:CONNECTOR,95,194,1,3c7ca049762366367d56c1f00da180dca02828ed322545a483086ea871f2ed5a,03502fb599d4b513036ade56d0eac06e8cbd5ade6a2adbf028d5e2e588a11bcd
EP_02e404e7f3440b782d5ea039,SV5_INFILL_ROOM_0909a36ec6e7704afdde,SV5_OPTIONAL_12,SV5_OPTIONAL_12,SV5_PLACE_00_CD742119708C091F_PORT_OUT,SV5_INFILL_ROOM_0909a36ec6e7704afdde_LINK:CONNECTOR,95,335,-1,31802a7f81a09b0c483bb3fe1d06d00102892c37cd6e5855d4a026960a47469c,03502fb599d4b513036ade56d0eac06e8cbd5ade6a2adbf028d5e2e588a11bcd
EP_113a6f3fd0d1457a097f4197,SV5_INFILL_ROOM_0b37330b20cc0a7ce9c9,SV5_OPTIONAL_06,SV5_OPTIONAL_06,SV5_PLACE_13_97A1D09E3197EA92_PORT_IN,SV5_INFILL_ROOM_0b37330b20cc0a7ce9c9_LINK:CONNECTOR,96,11,-1,563bc5e662c4ea48a7e4bf49c6ef336babbaa1d90809ececb4ee399ad9d75c59,03502fb599d4b513036ade56d0eac06e8cbd5ade6a2adbf028d5e2e588a11bcd
EP_58a4f74a3bc28d07ceea4368,SV5_INFILL_ROOM_0b37330b20cc0a7ce9c9,SV5_OPTIONAL_06,SV5_OPTIONAL_06,SV5_PLACE_13_97A1D09E3197EA92_PORT_IN,SV5_INFILL_ROOM_0b37330b20cc0a7ce9c9_LINK:CONNECTOR,96,11,1,770f491307856e6ce7e553386d27daa8309ac098086782dcb48b55679deb773d,03502fb599d4b513036ade56d0eac06e8cbd5ade6a2adbf028d5e2e588a11bcd
EP_541ce4654478a0f19f5a18f7,SV5_INFILL_ROOM_0004120110f44eef5c72,SV5_OPTIONAL_06,SV5_OPTIONAL_06,SV5_PLACE_13_97A1D09E3197EA92_PORT_IN,SV5_INFILL_ROOM_0004120110f44eef5c72:LANDING,96,53,-1,72d77b9417c036678ffc3c4246f3978e19d07bc4713b8c61cca4a9294d0ed331,03502fb599d4b513036ade56d0eac06e8cbd5ade6a2adbf028d5e2e588a11bcd
EP_25b62f137c4a53af21b5a351,SV5_INFILL_ROOM_05ca1ce41aa5fccf5e3e,SV5_OPTIONAL_08,SV5_OPTIONAL_08,SV5_PLACE_08_3479F08218885852_PORT_IN,SV5_INFILL_ROOM_05ca1ce41aa5fccf5e3e:SMALL_CAVE,96,83,-1,fa4dfbfe22bcdd0277f1ec450d92a5a966be8cf85df5df109809e52a04f3d3a8,03502fb599d4b513036ade56d0eac06e8cbd5ade6a2adbf028d5e2e588a11bcd
EP_18fc649100830c1686e7ab22,SV5_INFILL_ROOM_014ff8b35cb7a06ee610,SV5_OPTIONAL_09,SV5_OPTIONAL_09,SV5_PLACE_12_391D0CF7A4422180_PORT_IN,SV5_INFILL_ROOM_014ff8b35cb7a06ee610:LANDING,96,193,-1,928d5c570a20064966fdd3a0c3372762e1a6e5dd1d35d9b253cc587b066621eb,03502fb599d4b513036ade56d0eac06e8cbd5ade6a2adbf028d5e2e588a11bcd
EP_960fd013cab1f3f5f7a1d533,SV5_INFILL_ROOM_0b37330b20cc0a7ce9c9,SV5_OPTIONAL_06,SV5_OPTIONAL_06,SV5_PLACE_13_97A1D09E3197EA92_PORT_IN,SV5_INFILL_ROOM_0b37330b20cc0a7ce9c9_LINK:CONNECTOR,97,10,1,2ab6a2f6e74128126a8cbf415dcdf8bef91cb2d358457435d460e2cbac5ff8d2,03502fb599d4b513036ade56d0eac06e8cbd5ade6a2adbf028d5e2e588a11bcd
EP_70b59675e5b0f880617bc6bf,SV5_INFILL_ROOM_0b37330b20cc0a7ce9c9,SV5_OPTIONAL_06,SV5_OPTIONAL_06,SV5_PLACE_13_97A1D09E3197EA92_PORT_IN,SV5_INFILL_ROOM_0b37330b20cc0a7ce9c9_LINK:CONNECTOR,98,9,1,72e6556dd9b073f605cd01104b4d5d0de28627106b6e95da9d91c16a8b80d53e,03502fb599d4b513036ade56d0eac06e8cbd5ade6a2adbf028d5e2e588a11bcd
EP_84c154f568dc77fa0e10cb59,SV5_INFILL_ROOM_0b37330b20cc0a7ce9c9,SV5_OPTIONAL_06,SV5_OPTIONAL_06,SV5_PLACE_13_97A1D09E3197EA92_PORT_IN,SV5_INFILL_ROOM_0b37330b20cc0a7ce9c9_LINK:CONNECTOR,98,9,-1,1a611582b60877d8f00b3f09d17c35a1faace37b329db269cc902cfb1e2e7042,03502fb599d4b513036ade56d0eac06e8cbd5ade6a2adbf028d5e2e588a11bcd
EP_31b05e9f910377371b2f66c4,SV5_INFILL_ROOM_0cf3150abb2be197bdc3,SV5_OPTIONAL_09,SV5_OPTIONAL_09,SV5_PLACE_08_3479F08218885852_PORT_OUT,SV5_INFILL_ROOM_0cf3150abb2be197bdc3_LINK:CONNECTOR,98,109,1,7bed7786b2a6256c3c7ce51be5b5e0ffbdecb6c240d1eac7bfc770d77371ea12,03502fb599d4b513036ade56d0eac06e8cbd5ade6a2adbf028d5e2e588a11bcd
EP_72dab4ba44dee79f06f1c005,SV5_INFILL_ROOM_0cf3150abb2be197bdc3,SV5_OPTIONAL_09,SV5_OPTIONAL_09,SV5_PLACE_08_3479F08218885852_PORT_OUT,SV5_INFILL_ROOM_0cf3150abb2be197bdc3_LINK:CONNECTOR,98,109,-1,8a728017f80907c5ca4cf362928834384cfec7db13f2f9e3ff97c198398ced6e,03502fb599d4b513036ade56d0eac06e8cbd5ade6a2adbf028d5e2e588a11bcd
EP_8de314694fd88088fc83f607,SV5_INFILL_ROOM_0b37330b20cc0a7ce9c9,SV5_OPTIONAL_06,SV5_OPTIONAL_06,SV5_PLACE_13_97A1D09E3197EA92_PORT_IN,SV5_INFILL_ROOM_0b37330b20cc0a7ce9c9_LINK:CONNECTOR,99,8,1,3d4601363e89ba73b40d07d0ae51ca32270197c923c0d0372c76e65193b2f479,03502fb599d4b513036ade56d0eac06e8cbd5ade6a2adbf028d5e2e588a11bcd
EP_6c79bd67afa325980888bad0,SV5_INFILL_ROOM_2552a495926947171721,SV5_OPTIONAL_08,SV5_OPTIONAL_08,SV5_PLACE_08_3479F08218885852_PORT_IN,SV5_INFILL_ROOM_2552a495926947171721:DEAD_END,99,71,1,cac50b7b51f8fa608021cb95074d90d265943f7854adb43ac86be3169d180181,03502fb599d4b513036ade56d0eac06e8cbd5ade6a2adbf028d5e2e588a11bcd
EP_8045615a95d847da3bba2ce4,SV5_INFILL_ROOM_0cf3150abb2be197bdc3,SV5_OPTIONAL_09,SV5_OPTIONAL_09,SV5_PLACE_08_3479F08218885852_PORT_OUT,SV5_INFILL_ROOM_0cf3150abb2be197bdc3_LINK:CONNECTOR,99,108,-1,3595485ea2d8ae848550ff7f69354d3cbd6bd5b8b9a3f8bd35c1550c0f611fa4,03502fb599d4b513036ade56d0eac06e8cbd5ade6a2adbf028d5e2e588a11bcd
EP_4693a3964a603c1683860e41,SV5_INFILL_ROOM_015c9cef18a476102e65,SV5_OPTIONAL_10,SV5_OPTIONAL_10,SV5_PLACE_12_391D0CF7A4422180_PORT_OUT,SV5_INFILL_ROOM_015c9cef18a476102e65:EMPTY_ROOM,99,219,1,b1b07453665cb37a8f2644b8b1ce35a1d5b01637fe44efa89539a1e79c370128,03502fb599d4b513036ade56d0eac06e8cbd5ade6a2adbf028d5e2e588a11bcd
EP_451f95912cb91e417ed68ae2,SV5_INFILL_ROOM_0348461d960659e46de4,SV5_OPTIONAL_06,SV5_OPTIONAL_06,SV5_PLACE_13_97A1D09E3197EA92_PORT_IN,SV5_INFILL_ROOM_0348461d960659e46de4:SMALL_CAVE,100,7,-1,2f614788c68faba64ecae8b52d3ae81e7f74b0651d219f841e4d62e03c8070fe,03502fb599d4b513036ade56d0eac06e8cbd5ade6a2adbf028d5e2e588a11bcd
EP_d4d6e4582e55babdc2899c8a,SV5_INFILL_ROOM_0cf3150abb2be197bdc3,SV5_OPTIONAL_09,SV5_OPTIONAL_09,SV5_PLACE_08_3479F08218885852_PORT_OUT,SV5_INFILL_ROOM_0cf3150abb2be197bdc3_LINK:CONNECTOR,100,107,-1,72ffd28088dc732281b4762230e8794c84cdbddf0b4cb7eae865dbac9be5275c,03502fb599d4b513036ade56d0eac06e8cbd5ade6a2adbf028d5e2e588a11bcd
EP_de0ce01dcf7d4a38d1013453,SV5_INFILL_ROOM_0cf3150abb2be197bdc3,SV5_OPTIONAL_09,SV5_OPTIONAL_09,SV5_PLACE_08_3479F08218885852_PORT_OUT,SV5_INFILL_ROOM_0cf3150abb2be197bdc3_LINK:CONNECTOR,101,106,1,67aeb6dc051c334e55ea47a5a3f1fa8a7ca9eff41fc77a737972f13efc05ccef,03502fb599d4b513036ade56d0eac06e8cbd5ade6a2adbf028d5e2e588a11bcd
EP_296da5eaf7d44e729d492e82,SV5_INFILL_ROOM_0cf3150abb2be197bdc3,SV5_OPTIONAL_09,SV5_OPTIONAL_09,SV5_PLACE_08_3479F08218885852_PORT_OUT,SV5_INFILL_ROOM_0cf3150abb2be197bdc3_LINK:CONNECTOR,102,105,1,6c19c5332422f37a1a0cacca17217d90084956b7a86408ec16d22a3b67984bae,03502fb599d4b513036ade56d0eac06e8cbd5ade6a2adbf028d5e2e588a11bcd
EP_7db1d3de59e2748f5b4f06ad,SV5_INFILL_ROOM_12b7e28ceac0decd5997,SV5_OPTIONAL_06,SV5_OPTIONAL_06,SV5_PLACE_13_97A1D09E3197EA92_PORT_IN,SV5_INFILL_ROOM_12b7e28ceac0decd5997_LINK:CONNECTOR,103,31,1,01ea3471590dc3e1e22c7629d6f2c57b717651d7a1ef3580a988ac64726bb093,03502fb599d4b513036ade56d0eac06e8cbd5ade6a2adbf028d5e2e588a11bcd
EP_69b84f1461baf214c994969b,SV5_INFILL_ROOM_0cf3150abb2be197bdc3,SV5_OPTIONAL_09,SV5_OPTIONAL_09,SV5_PLACE_08_3479F08218885852_PORT_OUT,SV5_INFILL_ROOM_0cf3150abb2be197bdc3_LINK:CONNECTOR,103,104,1,63225bd56d38c3f869717e920cd4fa80a7615c1d8755d6486afa1dfd46d01bc2,03502fb599d4b513036ade56d0eac06e8cbd5ade6a2adbf028d5e2e588a11bcd
EP_faaea53fea70d7241899b933,SV5_INFILL_ROOM_0cf3150abb2be197bdc3,SV5_OPTIONAL_09,SV5_OPTIONAL_09,SV5_PLACE_08_3479F08218885852_PORT_OUT,SV5_INFILL_ROOM_0cf3150abb2be197bdc3_LINK:CONNECTOR,103,104,-1,2ab1b964bd8a6d323f3d54253d6eed19b012ca9ad5125ab173947de63405a28d,03502fb599d4b513036ade56d0eac06e8cbd5ade6a2adbf028d5e2e588a11bcd
EP_b1d962dd39411462d44315e0,SV5_INFILL_ROOM_015c9cef18a476102e65,SV5_OPTIONAL_10,SV5_OPTIONAL_10,SV5_PLACE_12_391D0CF7A4422180_PORT_OUT,SV5_INFILL_ROOM_015c9cef18a476102e65_LINK:CONNECTOR,103,218,1,7383119d4c70faaf9e2f35fa5d9581bd8a622dc4f58233da42ccd03ef4ede2b3,03502fb599d4b513036ade56d0eac06e8cbd5ade6a2adbf028d5e2e588a11bcd
EP_9b3e0a0f2e9dbf08c5370b55,SV5_INFILL_ROOM_0a31f8299bcf4e6b93c9,SV5_OPTIONAL_10,SV5_OPTIONAL_10,SV5_PLACE_01_90434AD281C2436C_PORT_IN,SV5_INFILL_ROOM_0a31f8299bcf4e6b93c9:DEAD_END,103,243,1,465adf425af73f11b1371613027468058e31c289f2310af31a48aa14ce07f27d,03502fb599d4b513036ade56d0eac06e8cbd5ade6a2adbf028d5e2e588a11bcd
EP_e802516d2f1bebd72b7e4b8a,SV5_INFILL_ROOM_00cf93b8e5daaa4b04e1,SV5_OPTIONAL_09,SV5_OPTIONAL_09,SV5_PLACE_08_3479F08218885852_PORT_OUT,SV5_INFILL_ROOM_00cf93b8e5daaa4b04e1:SMALL_CAVE,104,103,-1,030e2554516acbdb225b4af817b0d75923ee8adc5361949ad470559828cca319,03502fb599d4b513036ade56d0eac06e8cbd5ade6a2adbf028d5e2e588a11bcd
EP_a5faa64e3353f16feb2cb969,SV5_INFILL_ROOM_015c9cef18a476102e65,SV5_OPTIONAL_10,SV5_OPTIONAL_10,SV5_PLACE_12_391D0CF7A4422180_PORT_OUT,SV5_INFILL_ROOM_015c9cef18a476102e65_LINK:CONNECTOR,104,217,-1,be96fde737fbefac4f0bfffc0a84b9800e60d7e6cfc7d12e9a31e6a726385e6d,03502fb599d4b513036ade56d0eac06e8cbd5ade6a2adbf028d5e2e588a11bcd
EP_c90431cd97e087fa6e631bd9,SV5_INFILL_ROOM_12b7e28ceac0decd5997,SV5_OPTIONAL_06,SV5_OPTIONAL_06,SV5_PLACE_13_97A1D09E3197EA92_PORT_IN,SV5_INFILL_ROOM_12b7e28ceac0decd5997_LINK:CONNECTOR,105,31,-1,0f0633e13aa6fd45505bec77b6d7064955868a2fc7a915ce8626a1a1dc9c73af,03502fb599d4b513036ade56d0eac06e8cbd5ade6a2adbf028d5e2e588a11bcd
EP_ccf940c1e6a733f65f6df388,SV5_INFILL_ROOM_2552a495926947171721,SV5_OPTIONAL_08,SV5_OPTIONAL_08,SV5_PLACE_08_3479F08218885852_PORT_IN,SV5_INFILL_ROOM_2552a495926947171721_LINK:CONNECTOR,105,70,1,2488a1ce8fca2381b82cb3efd71750d2f54347bf71ea39ea00584556189b0bae,03502fb599d4b513036ade56d0eac06e8cbd5ade6a2adbf028d5e2e588a11bcd
EP_6f89516cf4e0c0e547f94e62,SV5_INFILL_ROOM_03e607e34238c975c8c8,SV5_OPTIONAL_09,SV5_OPTIONAL_09,SV5_PLACE_12_391D0CF7A4422180_PORT_IN,SV5_INFILL_ROOM_03e607e34238c975c8c8_LINK:CONNECTOR,105,166,1,4d417efc717415eca7c5609e9ab5ac67cb698b5ea0ec291e9a4700e04ab5c18e,03502fb599d4b513036ade56d0eac06e8cbd5ade6a2adbf028d5e2e588a11bcd
EP_f87f24658de18287ab6f511b,SV5_INFILL_ROOM_015c9cef18a476102e65,SV5_OPTIONAL_10,SV5_OPTIONAL_10,SV5_PLACE_12_391D0CF7A4422180_PORT_OUT,SV5_INFILL_ROOM_015c9cef18a476102e65_LINK:CONNECTOR,105,216,-1,2c4816818194b476afa9709c3f8989beb5890e105a09190d84ad30dc471ba17b,03502fb599d4b513036ade56d0eac06e8cbd5ade6a2adbf028d5e2e588a11bcd
EP_9c4f961e23172c45413b5715,SV5_INFILL_ROOM_0a31f8299bcf4e6b93c9,SV5_OPTIONAL_10,SV5_OPTIONAL_10,SV5_PLACE_01_90434AD281C2436C_PORT_IN,SV5_INFILL_ROOM_0a31f8299bcf4e6b93c9_LINK:CONNECTOR,105,242,1,1b5b6751cf17e26074aaa8dd23d23144bd1073f342190b36d40f737328abc880,03502fb599d4b513036ade56d0eac06e8cbd5ade6a2adbf028d5e2e588a11bcd
EP_1394e820c2201cd5553660cf,SV5_INFILL_ROOM_2552a495926947171721,SV5_OPTIONAL_08,SV5_OPTIONAL_08,SV5_PLACE_08_3479F08218885852_PORT_IN,SV5_INFILL_ROOM_2552a495926947171721_LINK:CONNECTOR,106,69,1,5fd243128bfd643ec29fccd7c467eba286c97ca5406710c3a6f2fea92d2730fb,03502fb599d4b513036ade56d0eac06e8cbd5ade6a2adbf028d5e2e588a11bcd
EP_1e18253532b796ecbdd480dd,SV5_INFILL_ROOM_2552a495926947171721,SV5_OPTIONAL_08,SV5_OPTIONAL_08,SV5_PLACE_08_3479F08218885852_PORT_IN,SV5_INFILL_ROOM_2552a495926947171721_LINK:CONNECTOR,106,69,-1,c2fe06d76c39fc3b159ecf07353fe10feaf66e4b17da682b4d63c2d9df482d11,03502fb599d4b513036ade56d0eac06e8cbd5ade6a2adbf028d5e2e588a11bcd
EP_3abe1cadfbe0991f9916b665,SV5_INFILL_ROOM_03e607e34238c975c8c8,SV5_OPTIONAL_09,SV5_OPTIONAL_09,SV5_PLACE_12_391D0CF7A4422180_PORT_IN,SV5_INFILL_ROOM_03e607e34238c975c8c8_LINK:CONNECTOR,106,165,-1,4b7ca383c19c2225793f997012e04a4f5c84cac334ee754bb89d558f600aab63,03502fb599d4b513036ade56d0eac06e8cbd5ade6a2adbf028d5e2e588a11bcd
EP_fd2e4ad1fe1796d70c6bfd99,SV5_INFILL_ROOM_03e607e34238c975c8c8,SV5_OPTIONAL_09,SV5_OPTIONAL_09,SV5_PLACE_12_391D0CF7A4422180_PORT_IN,SV5_INFILL_ROOM_03e607e34238c975c8c8_LINK:CONNECTOR,106,165,1,7b3e8fb2444b95a4e0b6d6514356ec5b86edbc9d86e5a3cf3bcf747c9b069ffa,03502fb599d4b513036ade56d0eac06e8cbd5ade6a2adbf028d5e2e588a11bcd
EP_0af4ffccffc1e3f9cbfcb0bc,SV5_INFILL_ROOM_015c9cef18a476102e65,SV5_OPTIONAL_10,SV5_OPTIONAL_10,SV5_PLACE_12_391D0CF7A4422180_PORT_OUT,SV5_INFILL_ROOM_015c9cef18a476102e65_LINK:CONNECTOR,106,215,-1,8dc9688d4849a0b058b84198d7e954ae5b57f8910c6a66ecf8a43a0ab7959b72,03502fb599d4b513036ade56d0eac06e8cbd5ade6a2adbf028d5e2e588a11bcd
EP_b982de268c5c4680e8199781,SV5_INFILL_ROOM_015c9cef18a476102e65,SV5_OPTIONAL_10,SV5_OPTIONAL_10,SV5_PLACE_12_391D0CF7A4422180_PORT_OUT,SV5_INFILL_ROOM_015c9cef18a476102e65_LINK:CONNECTOR,106,215,1,25bfdc755b0568e7c1ad78b55842ecb13b774a55f298f3b2407844070db05df9,03502fb599d4b513036ade56d0eac06e8cbd5ade6a2adbf028d5e2e588a11bcd
EP_81cd5080ec0e4f89bde53eee,SV5_INFILL_ROOM_2552a495926947171721,SV5_OPTIONAL_08,SV5_OPTIONAL_08,SV5_PLACE_08_3479F08218885852_PORT_IN,SV5_INFILL_ROOM_2552a495926947171721_LINK:CONNECTOR,107,68,1,e94a79b684a7d2e9475ae33c1ded7f45fbea8f8e9f214e1bf0d48df5432fb58d,03502fb599d4b513036ade56d0eac06e8cbd5ade6a2adbf028d5e2e588a11bcd
EP_efbebf1c6b8babd43c49ac8b,SV5_INFILL_ROOM_2552a495926947171721,SV5_OPTIONAL_08,SV5_OPTIONAL_08,SV5_PLACE_08_3479F08218885852_PORT_IN,SV5_INFILL_ROOM_2552a495926947171721_LINK:CONNECTOR,107,68,-1,9ebdfbe36f7e90aec98b0bd303a1438c681219e44a531763c3c34b6907057270,03502fb599d4b513036ade56d0eac06e8cbd5ade6a2adbf028d5e2e588a11bcd
EP_da5a84a4a71c1bdaaa9bc2c3,SV5_INFILL_ROOM_03e607e34238c975c8c8,SV5_OPTIONAL_09,SV5_OPTIONAL_09,SV5_PLACE_12_391D0CF7A4422180_PORT_IN,SV5_INFILL_ROOM_03e607e34238c975c8c8_LINK:CONNECTOR,107,164,1,3cbbd2600fcadc346d5bd162b539c7372d9df88b21b6cfead817f6efb9d2e19c,03502fb599d4b513036ade56d0eac06e8cbd5ade6a2adbf028d5e2e588a11bcd
EP_e4d9e2343bbd829dfc6da305,SV5_INFILL_ROOM_03e607e34238c975c8c8,SV5_OPTIONAL_09,SV5_OPTIONAL_09,SV5_PLACE_12_391D0CF7A4422180_PORT_IN,SV5_INFILL_ROOM_03e607e34238c975c8c8_LINK:CONNECTOR,107,164,-1,f0da5e98c07551271ecebcf14ddb56f4a26b7fdd14287d290bbde5e05398d6ef,03502fb599d4b513036ade56d0eac06e8cbd5ade6a2adbf028d5e2e588a11bcd
EP_1eb4aad31e36deb9003ceea4,SV5_INFILL_ROOM_015c9cef18a476102e65,SV5_OPTIONAL_10,SV5_OPTIONAL_10,SV5_PLACE_12_391D0CF7A4422180_PORT_OUT,SV5_INFILL_ROOM_015c9cef18a476102e65_LINK:CONNECTOR,107,214,1,8f2bf14363ed35f4ba33ff0495350687274f0d37b25316e41b14569b4ff78e0f,03502fb599d4b513036ade56d0eac06e8cbd5ade6a2adbf028d5e2e588a11bcd
EP_fa7460238dae99665b419353,SV5_INFILL_ROOM_015c9cef18a476102e65,SV5_OPTIONAL_10,SV5_OPTIONAL_10,SV5_PLACE_12_391D0CF7A4422180_PORT_OUT,SV5_INFILL_ROOM_015c9cef18a476102e65_LINK:CONNECTOR,107,214,-1,8508527c10f23c3900a6982437a75061a04ce0a9c7de8d63fab25a6fced67a46,03502fb599d4b513036ade56d0eac06e8cbd5ade6a2adbf028d5e2e588a11bcd
EP_a14e9bb35d7266e60c8a5097,SV5_INFILL_ROOM_01ba3c3a3c17419084a1,SV5_OPTIONAL_09,SV5_OPTIONAL_09,SV5_PLACE_12_391D0CF7A4422180_PORT_IN,SV5_INFILL_ROOM_01ba3c3a3c17419084a1:DEAD_END,108,163,-1,4433cd77a33ce6f76f1a674831b799813b8041ce91ea82ca2fdd15a952c7860d,03502fb599d4b513036ade56d0eac06e8cbd5ade6a2adbf028d5e2e588a11bcd
EP_87b2e895629f6d057ac8a802,SV5_INFILL_ROOM_0c97bc8d682a1b5e9ce0,SV5_OPTIONAL_10,SV5_OPTIONAL_10,SV5_PLACE_12_391D0CF7A4422180_PORT_OUT,SV5_INFILL_ROOM_0c97bc8d682a1b5e9ce0:LANDING,108,213,-1,db1c33f201a7ba3915711975fdf2b459056857f0e4eda22984213d7721d9b471,03502fb599d4b513036ade56d0eac06e8cbd5ade6a2adbf028d5e2e588a11bcd
EP_e9a08358eaf9960bb37b35ca,SV5_INFILL_ROOM_0a31f8299bcf4e6b93c9,SV5_OPTIONAL_10,SV5_OPTIONAL_10,SV5_PLACE_01_90434AD281C2436C_PORT_IN,SV5_INFILL_ROOM_0a31f8299bcf4e6b93c9_LINK:CONNECTOR,108,239,1,ae67b35085762eb01abcb7687e4e2c9c74ee4e4c586682becf728833cf135d54,03502fb599d4b513036ade56d0eac06e8cbd5ade6a2adbf028d5e2e588a11bcd
EP_5df0ed665e18c894529ae201,SV5_INFILL_ROOM_0a31f8299bcf4e6b93c9,SV5_OPTIONAL_10,SV5_OPTIONAL_10,SV5_PLACE_01_90434AD281C2436C_PORT_IN,SV5_INFILL_ROOM_0a31f8299bcf4e6b93c9_LINK:CONNECTOR,109,238,-1,85b297667d1b973922337a7f1243ecab500a09f67707fd246de6f98184aab3f0,03502fb599d4b513036ade56d0eac06e8cbd5ade6a2adbf028d5e2e588a11bcd
EP_5513cb38b38e976bbd40f388,SV5_INFILL_ROOM_06b5e74710bf880c80b2,SV5_OPTIONAL_11,SV5_OPTIONAL_11,SV5_PLACE_00_CD742119708C091F_PORT_IN,SV5_INFILL_ROOM_06b5e74710bf880c80b2_LINK:CONNECTOR,109,262,1,58fb8046524f2783c8103928b8d5b7605b18e2d559241efa02b4d886397c1912,03502fb599d4b513036ade56d0eac06e8cbd5ade6a2adbf028d5e2e588a11bcd
EP_596e303dd41bfe9003313cbc,SV5_INFILL_ROOM_06b5e74710bf880c80b2,SV5_OPTIONAL_11,SV5_OPTIONAL_11,SV5_PLACE_00_CD742119708C091F_PORT_IN,SV5_INFILL_ROOM_06b5e74710bf880c80b2_LINK:CONNECTOR,109,262,-1,32ce5d5e471a6caa86806ce239a7b26236083f50434c82f5b3e0b653f1ee539c,03502fb599d4b513036ade56d0eac06e8cbd5ade6a2adbf028d5e2e588a11bcd
EP_4266b0f9970021ad43c46ae1,SV5_INFILL_ROOM_0a31f8299bcf4e6b93c9,SV5_OPTIONAL_10,SV5_OPTIONAL_10,SV5_PLACE_01_90434AD281C2436C_PORT_IN,SV5_INFILL_ROOM_0a31f8299bcf4e6b93c9_LINK:CONNECTOR,110,237,-1,ac247ba49e7f6871a12e3f02d1767faab93cbd0c9cc869c0b23a3fed73c46b79,03502fb599d4b513036ade56d0eac06e8cbd5ade6a2adbf028d5e2e588a11bcd
EP_359c677a7f0bba2c17a3dc4b,SV5_INFILL_ROOM_014ff8b35cb7a06ee610,SV5_OPTIONAL_09,SV5_OPTIONAL_09,SV5_PLACE_12_391D0CF7A4422180_PORT_IN,SV5_INFILL_ROOM_014ff8b35cb7a06ee610:LANDING,111,191,1,4cdf134f08dea2dd1d8904d1793d931da9bcd56620bec1b325a084070b4fa006,03502fb599d4b513036ade56d0eac06e8cbd5ade6a2adbf028d5e2e588a11bcd
EP_0e9b03dbce93d283127259f6,SV5_INFILL_ROOM_0a31f8299bcf4e6b93c9,SV5_OPTIONAL_10,SV5_OPTIONAL_10,SV5_PLACE_01_90434AD281C2436C_PORT_IN,SV5_INFILL_ROOM_0a31f8299bcf4e6b93c9_LINK:CONNECTOR,111,236,1,bada1693fd71a1734def354dbb46a20c403523a629e2ecc749401a870e905494,03502fb599d4b513036ade56d0eac06e8cbd5ade6a2adbf028d5e2e588a11bcd
EP_f9dd64865c1d9976b46ea9dd,SV5_INFILL_ROOM_0a31f8299bcf4e6b93c9,SV5_OPTIONAL_10,SV5_OPTIONAL_10,SV5_PLACE_01_90434AD281C2436C_PORT_IN,SV5_INFILL_ROOM_0a31f8299bcf4e6b93c9_LINK:CONNECTOR,111,236,-1,9a30a045c79a41b8be35d6917bee2be7ee33abb6de624eabd43730204693c694,03502fb599d4b513036ade56d0eac06e8cbd5ade6a2adbf028d5e2e588a11bcd
EP_428d0e7ca2d21bc4db6cfcff,SV5_INFILL_ROOM_09beaf6f785387326af3,SV5_OPTIONAL_10,SV5_OPTIONAL_10,SV5_PLACE_01_90434AD281C2436C_PORT_IN,SV5_INFILL_ROOM_09beaf6f785387326af3:EMPTY_ROOM,112,235,-1,1d2d8ee104bc571d1e8dbab810c1e7ada9cb222f0f5fec156f72de3d2f64137d,03502fb599d4b513036ade56d0eac06e8cbd5ade6a2adbf028d5e2e588a11bcd
EP_10ebe2162dbd35575742e130,SV5_INFILL_ROOM_06b5e74710bf880c80b2,SV5_OPTIONAL_11,SV5_OPTIONAL_11,SV5_PLACE_00_CD742119708C091F_PORT_IN,SV5_INFILL_ROOM_06b5e74710bf880c80b2_LINK:CONNECTOR,112,259,1,4508c797cf21ed65c00b346312a8b142d11f7d4df7d1450288f697e9c9d35220,03502fb599d4b513036ade56d0eac06e8cbd5ade6a2adbf028d5e2e588a11bcd
EP_1edeb29ff5e4052ec8779874,SV5_INFILL_ROOM_06b5e74710bf880c80b2,SV5_OPTIONAL_11,SV5_OPTIONAL_11,SV5_PLACE_00_CD742119708C091F_PORT_IN,SV5_INFILL_ROOM_06b5e74710bf880c80b2_LINK:CONNECTOR,113,258,-1,194db36904c197920128889f1ada38f129d41e48a4d6371620ba826c7480280f,03502fb599d4b513036ade56d0eac06e8cbd5ade6a2adbf028d5e2e588a11bcd
EP_1d4b67c9b8cfb18e1a8870e8,SV5_INFILL_ROOM_06b5e74710bf880c80b2,SV5_OPTIONAL_11,SV5_OPTIONAL_11,SV5_PLACE_00_CD742119708C091F_PORT_IN,SV5_INFILL_ROOM_06b5e74710bf880c80b2_LINK:CONNECTOR,114,257,1,3e2e3a3cfb9841033312d0c497b98ec72c4521e036d3769597cadfae25961be9,03502fb599d4b513036ade56d0eac06e8cbd5ade6a2adbf028d5e2e588a11bcd
EP_4df519abec4ac95953696c13,SV5_INFILL_ROOM_06b5e74710bf880c80b2,SV5_OPTIONAL_11,SV5_OPTIONAL_11,SV5_PLACE_00_CD742119708C091F_PORT_IN,SV5_INFILL_ROOM_06b5e74710bf880c80b2_LINK:CONNECTOR,114,257,-1,2fd1fbe2a28fb277d4c55a57349f31fcd5fedf6cd16b3bf9c12a5345211f7712,03502fb599d4b513036ade56d0eac06e8cbd5ade6a2adbf028d5e2e588a11bcd
EP_4ef08da3d92e39f2129a0f39,SV5_INFILL_ROOM_05ca1ce41aa5fccf5e3e,SV5_OPTIONAL_08,SV5_OPTIONAL_08,SV5_PLACE_08_3479F08218885852_PORT_IN,SV5_INFILL_ROOM_05ca1ce41aa5fccf5e3e:SMALL_CAVE,115,83,1,a082b4ecaf8780fa6e96a56114ebb81cb057745c0b4d2853105950f9ca3d57a2,03502fb599d4b513036ade56d0eac06e8cbd5ade6a2adbf028d5e2e588a11bcd
EP_e1af5a1bf74be77e7aae5921,SV5_INFILL_ROOM_06b5e74710bf880c80b2,SV5_OPTIONAL_11,SV5_OPTIONAL_11,SV5_PLACE_00_CD742119708C091F_PORT_IN,SV5_INFILL_ROOM_06b5e74710bf880c80b2_LINK:CONNECTOR,115,256,-1,034b346e285d922a788c1237db1b879fb104de41702a4d7969d2093863ae9833,03502fb599d4b513036ade56d0eac06e8cbd5ade6a2adbf028d5e2e588a11bcd
EP_70b5e6a6a24ac37f72b73205,SV5_INFILL_ROOM_06b5e74710bf880c80b2,SV5_OPTIONAL_11,SV5_OPTIONAL_11,SV5_PLACE_00_CD742119708C091F_PORT_IN,SV5_INFILL_ROOM_06b5e74710bf880c80b2_LINK:CONNECTOR,116,255,-1,003926572178017f7cd6780152f16842a579fbfb7807d468e1a6ee34b8ce69a9,03502fb599d4b513036ade56d0eac06e8cbd5ade6a2adbf028d5e2e588a11bcd
EP_0105ed6915c735843f868779,SV5_INFILL_ROOM_00e883e8005721574f5b,SV5_OPTIONAL_12,SV5_OPTIONAL_12,SV5_PLACE_00_CD742119708C091F_PORT_OUT,SV5_INFILL_ROOM_00e883e8005721574f5b_LINK:CONNECTOR,116,336,1,a52e8340f590864780e0ff81979fa9c70d935282c351839edffafaf3df918d9e,03502fb599d4b513036ade56d0eac06e8cbd5ade6a2adbf028d5e2e588a11bcd
EP_261ed95e16a339cb63b8b0b9,SV5_INFILL_ROOM_00e883e8005721574f5b,SV5_OPTIONAL_12,SV5_OPTIONAL_12,SV5_PLACE_00_CD742119708C091F_PORT_OUT,SV5_INFILL_ROOM_00e883e8005721574f5b_LINK:CONNECTOR,116,336,-1,c2a34124c902a9e1837e472c4434cddaa752fb76a8ea7246151963a4f42f256a,03502fb599d4b513036ade56d0eac06e8cbd5ade6a2adbf028d5e2e588a11bcd
EP_c724f345f362aec661b11f6e,SV5_INFILL_ROOM_00e883e8005721574f5b,SV5_OPTIONAL_12,SV5_OPTIONAL_12,SV5_PLACE_00_CD742119708C091F_PORT_OUT,SV5_INFILL_ROOM_00e883e8005721574f5b_LINK:CONNECTOR,117,335,-1,9e5ab4eb292c26a0130ac364e90e8bffd2774af256da855462ec6bff9eda6c3f,03502fb599d4b513036ade56d0eac06e8cbd5ade6a2adbf028d5e2e588a11bcd
EP_b97039118b692e724a432120,SV5_INFILL_ROOM_02c005e09e1c31c6fd00,SV5_OPTIONAL_12,SV5_OPTIONAL_12,SV5_PLACE_00_CD742119708C091F_PORT_OUT,SV5_INFILL_ROOM_02c005e09e1c31c6fd00:SMALL_CAVE,119,311,1,4eb3bf2bd37f935d0f1339dcb6648f7b78ce4490f1356d0ba78eb10f5b938eeb,03502fb599d4b513036ade56d0eac06e8cbd5ade6a2adbf028d5e2e588a11bcd
EP_1fddc75f0bd90cbefe74067c,SV5_INFILL_ROOM_031d1d62b78c134dc1c8,SV5_OPTIONAL_12,SV5_OPTIONAL_12,SV5_PLACE_00_CD742119708C091F_PORT_OUT,SV5_INFILL_ROOM_031d1d62b78c134dc1c8_LINK:CONNECTOR,120,312,1,f9d520166f4aaed8b306fd5c440e474bbef22f2dc996826c9ed446555a508e7d,03502fb599d4b513036ade56d0eac06e8cbd5ade6a2adbf028d5e2e588a11bcd
EP_3408279f66767d8761ca0f34,SV5_INFILL_ROOM_031d1d62b78c134dc1c8,SV5_OPTIONAL_12,SV5_OPTIONAL_12,SV5_PLACE_00_CD742119708C091F_PORT_OUT,SV5_INFILL_ROOM_031d1d62b78c134dc1c8_LINK:CONNECTOR,120,312,-1,119d7eb386527c7573af70c16cfe3ebc7d04cb7ef5cdb0894d42509729437a90,03502fb599d4b513036ade56d0eac06e8cbd5ade6a2adbf028d5e2e588a11bcd
EP_4e66a0922ee10f4234184eb5,SV5_INFILL_ROOM_031d1d62b78c134dc1c8,SV5_OPTIONAL_12,SV5_OPTIONAL_12,SV5_PLACE_00_CD742119708C091F_PORT_OUT,SV5_INFILL_ROOM_031d1d62b78c134dc1c8_LINK:CONNECTOR,121,313,1,ddad27646ec8a46619a34c0cb09b8f9bf8a6b7f952fec1d0fb17db407adbbf02,03502fb599d4b513036ade56d0eac06e8cbd5ade6a2adbf028d5e2e588a11bcd
EP_50b8d2ac63593d9126db3c8d,SV5_INFILL_ROOM_031d1d62b78c134dc1c8,SV5_OPTIONAL_12,SV5_OPTIONAL_12,SV5_PLACE_00_CD742119708C091F_PORT_OUT,SV5_INFILL_ROOM_031d1d62b78c134dc1c8_LINK:CONNECTOR,121,313,-1,bdd8056b235bd150cb50d7cf5d5596e8aab40d3ca6e025f2b5b87d0accb3b53a,03502fb599d4b513036ade56d0eac06e8cbd5ade6a2adbf028d5e2e588a11bcd
EP_ed11f133ca143b53f6ca7ec6,SV5_INFILL_ROOM_031d1d62b78c134dc1c8,SV5_OPTIONAL_12,SV5_OPTIONAL_12,SV5_PLACE_00_CD742119708C091F_PORT_OUT,SV5_INFILL_ROOM_031d1d62b78c134dc1c8_LINK:CONNECTOR,122,314,-1,e064e56d02cd3762567fd7bf6c18e51e827d3978ca787fc07895637b782b2d3d,03502fb599d4b513036ade56d0eac06e8cbd5ade6a2adbf028d5e2e588a11bcd
EP_fe4bdbd89e59a00a189c53a0,SV5_INFILL_ROOM_014ff8b35cb7a06ee610,SV5_OPTIONAL_09,SV5_OPTIONAL_09,SV5_PLACE_12_391D0CF7A4422180_PORT_IN,SV5_INFILL_ROOM_014ff8b35cb7a06ee610_LINK:CONNECTOR,123,190,1,dc7d0ff5ba3dc0258e686556c86c15c71a22c412c61af52bf0298072e00c0bd7,03502fb599d4b513036ade56d0eac06e8cbd5ade6a2adbf028d5e2e588a11bcd
EP_94a6df89806cf36412b028a2,SV5_INFILL_ROOM_01ba3c3a3c17419084a1,SV5_OPTIONAL_09,SV5_OPTIONAL_09,SV5_PLACE_12_391D0CF7A4422180_PORT_IN,SV5_INFILL_ROOM_01ba3c3a3c17419084a1_LINK:CONNECTOR,124,163,1,25511e0529ba08b98d0869bb28d56d9fc0b9e28b22bbd59ff1d783746de5d305,03502fb599d4b513036ade56d0eac06e8cbd5ade6a2adbf028d5e2e588a11bcd
EP_c4015d31c3dbeaf4ec402d44,SV5_INFILL_ROOM_014ff8b35cb7a06ee610,SV5_OPTIONAL_09,SV5_OPTIONAL_09,SV5_PLACE_12_391D0CF7A4422180_PORT_IN,SV5_INFILL_ROOM_014ff8b35cb7a06ee610_LINK:CONNECTOR,124,189,-1,d18c1a9e4d296bad21bc4ac3687148485bd965f99795dd18534ca9cd3b049d2a,03502fb599d4b513036ade56d0eac06e8cbd5ade6a2adbf028d5e2e588a11bcd
EP_cb5452aec27c681a3d4e1b0f,SV5_INFILL_ROOM_014ff8b35cb7a06ee610,SV5_OPTIONAL_09,SV5_OPTIONAL_09,SV5_PLACE_12_391D0CF7A4422180_PORT_IN,SV5_INFILL_ROOM_014ff8b35cb7a06ee610_LINK:CONNECTOR,124,189,1,e9d2e42717db31ce7dc2bc63c801dd1a35fe730cff2eb28ab1778754e689c777,03502fb599d4b513036ade56d0eac06e8cbd5ade6a2adbf028d5e2e588a11bcd
EP_2adf1d2abef48ba16c00fc24,SV5_INFILL_ROOM_05ca1ce41aa5fccf5e3e,SV5_OPTIONAL_08,SV5_OPTIONAL_08,SV5_PLACE_08_3479F08218885852_PORT_IN,SV5_INFILL_ROOM_05ca1ce41aa5fccf5e3e_LINK:CONNECTOR,126,82,1,015a58c98baa368ba815d1f6549efef1a381afa68eeb84785b444f3ece93de15,03502fb599d4b513036ade56d0eac06e8cbd5ade6a2adbf028d5e2e588a11bcd
EP_8e57f36884197d139311af19,SV5_INFILL_ROOM_00cf93b8e5daaa4b04e1,SV5_OPTIONAL_09,SV5_OPTIONAL_09,SV5_PLACE_08_3479F08218885852_PORT_OUT,SV5_INFILL_ROOM_00cf93b8e5daaa4b04e1_LINK:CONNECTOR,126,103,1,66b62ebc55edd0d8b2df42f7db6805d58245bd1727f822e6431704d1f99d4254,03502fb599d4b513036ade56d0eac06e8cbd5ade6a2adbf028d5e2e588a11bcd
EP_4f34f1a1a8eccf6f7899410a,SV5_INFILL_ROOM_005a04bda9ede05b1190,SV5_OPTIONAL_09,SV5_OPTIONAL_09,SV5_PLACE_08_3479F08218885852_PORT_OUT,SV5_INFILL_ROOM_005a04bda9ede05b1190_LINK:CONNECTOR,126,131,1,2dbb249576e72a3f04d65c13b309922cb33560e1828e2dcd58e845c5d94ad97e,03502fb599d4b513036ade56d0eac06e8cbd5ade6a2adbf028d5e2e588a11bcd
EP_dd440779b083d6fa5b5095f4,SV5_INFILL_ROOM_0274815fcd6818f05a6a,SV5_OPTIONAL_09,SV5_OPTIONAL_09,SV5_PLACE_12_391D0CF7A4422180_PORT_IN,SV5_INFILL_ROOM_0274815fcd6818f05a6a_LINK:CONNECTOR,126,151,1,3ea4d1b06c4dcd0b787d7970034e3c0df8bffdd222b2dfd5a9108007bcd47f94,03502fb599d4b513036ade56d0eac06e8cbd5ade6a2adbf028d5e2e588a11bcd
EP_2a70b30c3e06215ba4abc1a0,SV5_INFILL_ROOM_014ff8b35cb7a06ee610,SV5_OPTIONAL_09,SV5_OPTIONAL_09,SV5_PLACE_12_391D0CF7A4422180_PORT_IN,SV5_INFILL_ROOM_014ff8b35cb7a06ee610_LINK:CONNECTOR,126,187,-1,38c0fa4122e667be8d8bb1b39601432ec61604e5c048d11e22ee42edb581d6f0,03502fb599d4b513036ade56d0eac06e8cbd5ade6a2adbf028d5e2e588a11bcd
EP_633518d90f05c899830a1a66,SV5_INFILL_ROOM_014ff8b35cb7a06ee610,SV5_OPTIONAL_09,SV5_OPTIONAL_09,SV5_PLACE_12_391D0CF7A4422180_PORT_IN,SV5_INFILL_ROOM_014ff8b35cb7a06ee610_LINK:CONNECTOR,126,187,1,9a43ad6908ba8cef15b4e51234ce155aa342aff29e463bfd4a2dafe9341c887f,03502fb599d4b513036ade56d0eac06e8cbd5ade6a2adbf028d5e2e588a11bcd
EP_00981f4de7515f62315211ed,SV5_INFILL_ROOM_182a17cb890b879d85a4,SV5_OPTIONAL_12,SV5_OPTIONAL_12,SV5_PLACE_00_CD742119708C091F_PORT_OUT,SV5_INFILL_ROOM_182a17cb890b879d85a4_LINK:CONNECTOR,126,284,-1,968b527e48c3c63ccfa49fc59e99e701b013f6532d4849d9da2e6c197beef7a1,03502fb599d4b513036ade56d0eac06e8cbd5ade6a2adbf028d5e2e588a11bcd
EP_4c81ac3d189f61135f95f5dc,SV5_INFILL_ROOM_182a17cb890b879d85a4,SV5_OPTIONAL_12,SV5_OPTIONAL_12,SV5_PLACE_00_CD742119708C091F_PORT_OUT,SV5_INFILL_ROOM_182a17cb890b879d85a4_LINK:CONNECTOR,126,284,1,534cd1e10af572c36650914097f2db8eb9ec9ff4a478b1a3fdcd6ef76525e971,03502fb599d4b513036ade56d0eac06e8cbd5ade6a2adbf028d5e2e588a11bcd
EP_f447e75f837728ad1af46803,SV5_INFILL_ROOM_007c17890d68e31350a9,SV5_OPTIONAL_06,SV5_OPTIONAL_06,SV5_PLACE_13_97A1D09E3197EA92_PORT_IN,SV5_INFILL_ROOM_007c17890d68e31350a9:EMPTY_ROOM,127,31,1,01609ea8a6e39ca892ca3dbf91355c6be0f76853d5950cd971122d6597e823ec,03502fb599d4b513036ade56d0eac06e8cbd5ade6a2adbf028d5e2e588a11bcd
EP_8844c5b7317df3c750a4b1f3,SV5_INFILL_ROOM_2089d42e9ee8a59ad22d,SV5_OPTIONAL_08,SV5_OPTIONAL_08,SV5_PLACE_08_3479F08218885852_PORT_IN,SV5_INFILL_ROOM_2089d42e9ee8a59ad22d:SMALL_CAVE,127,67,1,3b57710d74bb955406e2b9fa7692ee9998a443e96af526efc071bdea091e1d6f,03502fb599d4b513036ade56d0eac06e8cbd5ade6a2adbf028d5e2e588a11bcd
EP_2a235b1c1f5b9d7cbd18799e,SV5_INFILL_ROOM_005a04bda9ede05b1190,SV5_OPTIONAL_09,SV5_OPTIONAL_09,SV5_PLACE_08_3479F08218885852_PORT_OUT,SV5_INFILL_ROOM_005a04bda9ede05b1190_LINK:CONNECTOR,127,132,1,03b7acff4678e77e2a35656b554701ef5a7250b6e28e33f3011014166a64797b,03502fb599d4b513036ade56d0eac06e8cbd5ade6a2adbf028d5e2e588a11bcd
EP_3a6727634cdf31c7b7804b22,SV5_INFILL_ROOM_005a04bda9ede05b1190,SV5_OPTIONAL_09,SV5_OPTIONAL_09,SV5_PLACE_08_3479F08218885852_PORT_OUT,SV5_INFILL_ROOM_005a04bda9ede05b1190_LINK:CONNECTOR,127,132,-1,a93ca4ce9e6809636c9c0813162774f59117af1bb1eabed24734bf4584a26277,03502fb599d4b513036ade56d0eac06e8cbd5ade6a2adbf028d5e2e588a11bcd
EP_05353cabaf7914fac24bf0b3,SV5_INFILL_ROOM_0274815fcd6818f05a6a,SV5_OPTIONAL_09,SV5_OPTIONAL_09,SV5_PLACE_12_391D0CF7A4422180_PORT_IN,SV5_INFILL_ROOM_0274815fcd6818f05a6a_LINK:CONNECTOR,127,152,1,a0fb958c982ecbc967a7e58dfffcc4dd353b127ce99877cad524c4abe2028cea,03502fb599d4b513036ade56d0eac06e8cbd5ade6a2adbf028d5e2e588a11bcd
EP_bdf037a5d168bb297de76108,SV5_INFILL_ROOM_0274815fcd6818f05a6a,SV5_OPTIONAL_09,SV5_OPTIONAL_09,SV5_PLACE_12_391D0CF7A4422180_PORT_IN,SV5_INFILL_ROOM_0274815fcd6818f05a6a_LINK:CONNECTOR,127,152,-1,9505015cf8362f657444a96771bbaaa74d7603c0758559fe11b286238ff3df08,03502fb599d4b513036ade56d0eac06e8cbd5ade6a2adbf028d5e2e588a11bcd
EP_01231ce09812f458d874044b,SV5_INFILL_ROOM_182a17cb890b879d85a4,SV5_OPTIONAL_12,SV5_OPTIONAL_12,SV5_PLACE_00_CD742119708C091F_PORT_OUT,SV5_INFILL_ROOM_182a17cb890b879d85a4_LINK:CONNECTOR,127,283,-1,991a64550a5a00b995f62db1164eb82e1a855e2eb194473f8de5118dc7871f70,03502fb599d4b513036ade56d0eac06e8cbd5ade6a2adbf028d5e2e588a11bcd
EP_03b1ceef7a62fec56614e484,SV5_INFILL_ROOM_031d1d62b78c134dc1c8,SV5_OPTIONAL_12,SV5_OPTIONAL_12,SV5_PLACE_00_CD742119708C091F_PORT_OUT,SV5_INFILL_ROOM_031d1d62b78c134dc1c8:DEAD_END,128,316,-1,04d04d1602e410c60662d0301d068b9757569eb5925d5e3b67e550b4b819a95c,03502fb599d4b513036ade56d0eac06e8cbd5ade6a2adbf028d5e2e588a11bcd
EP_23f414ca74f012413e6b36cf,SV5_INFILL_ROOM_136a2d749c8d7eddcf7e,SV5_OPTIONAL_09,SV5_OPTIONAL_09,SV5_PLACE_12_391D0CF7A4422180_PORT_IN,SV5_INFILL_ROOM_136a2d749c8d7eddcf7e_LINK:CONNECTOR,129,148,-1,2ec7a606bee44f9abed59b529e1862a0296f7ff39189214548fed2cb227c659c,03502fb599d4b513036ade56d0eac06e8cbd5ade6a2adbf028d5e2e588a11bcd
EP_7137f886e5b3facfcee8c081,SV5_INFILL_ROOM_136a2d749c8d7eddcf7e,SV5_OPTIONAL_09,SV5_OPTIONAL_09,SV5_PLACE_12_391D0CF7A4422180_PORT_IN,SV5_INFILL_ROOM_136a2d749c8d7eddcf7e_LINK:CONNECTOR,129,148,1,7081369572b153ac97b70119643398ef1defa0dbb061db1992b443e6ba17b04b,03502fb599d4b513036ade56d0eac06e8cbd5ade6a2adbf028d5e2e588a11bcd
EP_1e2e38d715df347bf793bcb6,SV5_INFILL_ROOM_0172fae7eed3ae487f8f,SV5_OPTIONAL_09,SV5_OPTIONAL_09,SV5_PLACE_12_391D0CF7A4422180_PORT_IN,SV5_INFILL_ROOM_0172fae7eed3ae487f8f_LINK:CONNECTOR,129,160,1,445ad389cce8ce1096e793b00eec6ae4119c07be363229ce86079ab2a0479b45,03502fb599d4b513036ade56d0eac06e8cbd5ade6a2adbf028d5e2e588a11bcd
EP_62a31934cb8fdec4d0e3e169,SV5_INFILL_ROOM_0ae6927cb63168de9a09,SV5_OPTIONAL_09,SV5_OPTIONAL_09,SV5_PLACE_12_391D0CF7A4422180_PORT_IN,SV5_INFILL_ROOM_0ae6927cb63168de9a09_LINK:CONNECTOR,129,176,-1,a196bd5f4a2e3743130b9e79fe9863a7c0c88c985d9a61639bf1a7b42787487d,03502fb599d4b513036ade56d0eac06e8cbd5ade6a2adbf028d5e2e588a11bcd
EP_b1fc70db5574bcf4c6dc1480,SV5_INFILL_ROOM_0ae6927cb63168de9a09,SV5_OPTIONAL_09,SV5_OPTIONAL_09,SV5_PLACE_12_391D0CF7A4422180_PORT_IN,SV5_INFILL_ROOM_0ae6927cb63168de9a09_LINK:CONNECTOR,129,176,1,6e16b358437f0716ab9169d4c9196322e3bdbae8713a4cc8aeca4258eba92928,03502fb599d4b513036ade56d0eac06e8cbd5ade6a2adbf028d5e2e588a11bcd
EP_900b501b1cba176d8e74695f,SV5_INFILL_ROOM_02bb77b38d2830e3098a,SV5_OPTIONAL_12,SV5_OPTIONAL_12,SV5_PLACE_00_CD742119708C091F_PORT_OUT,SV5_INFILL_ROOM_02bb77b38d2830e3098a_LINK:CONNECTOR,129,295,1,e7307e33dcefc077599e9300c3a9fd32486c8f13eed37b8bdc736b6172fa1971,03502fb599d4b513036ade56d0eac06e8cbd5ade6a2adbf028d5e2e588a11bcd
EP_fa8c9ae94edd502d31d408d7,SV5_INFILL_ROOM_02bb77b38d2830e3098a,SV5_OPTIONAL_12,SV5_OPTIONAL_12,SV5_PLACE_00_CD742119708C091F_PORT_OUT,SV5_INFILL_ROOM_02bb77b38d2830e3098a_LINK:CONNECTOR,129,295,-1,4f6ee75c5e0dad7ba301409ed529290e3eafe038f0912a6e368f60072e6b6afa,03502fb599d4b513036ade56d0eac06e8cbd5ade6a2adbf028d5e2e588a11bcd
EP_237d257314e3b1c3d96cea08,SV5_INFILL_ROOM_2089d42e9ee8a59ad22d,SV5_OPTIONAL_08,SV5_OPTIONAL_08,SV5_PLACE_08_3479F08218885852_PORT_IN,SV5_INFILL_ROOM_2089d42e9ee8a59ad22d_LINK:CONNECTOR,130,70,-1,3913a9b508cbb98b32b4e37883ff86f500ce31cb3aedb1f9f04d6e7a374e1820,03502fb599d4b513036ade56d0eac06e8cbd5ade6a2adbf028d5e2e588a11bcd
EP_f83948355d22c8e294bb2ddb,SV5_INFILL_ROOM_2089d42e9ee8a59ad22d,SV5_OPTIONAL_08,SV5_OPTIONAL_08,SV5_PLACE_08_3479F08218885852_PORT_IN,SV5_INFILL_ROOM_2089d42e9ee8a59ad22d_LINK:CONNECTOR,130,70,1,17abe0e8ca55e6d68a1d81b6c96d11e2c3d7bb92c7ade72f41272a1c580d5d43,03502fb599d4b513036ade56d0eac06e8cbd5ade6a2adbf028d5e2e588a11bcd
EP_c11348760dde205794f79cfe,SV5_INFILL_ROOM_033678ff7e9c05d21528,SV5_OPTIONAL_09,SV5_OPTIONAL_09,SV5_PLACE_08_3479F08218885852_PORT_OUT,SV5_INFILL_ROOM_033678ff7e9c05d21528_LINK:CONNECTOR,130,115,1,14c82efa0e6b4f4efa085f1c7940d6a3849c839ebfa8851969cd30e0d2c84788,03502fb599d4b513036ade56d0eac06e8cbd5ade6a2adbf028d5e2e588a11bcd
EP_cef21dcf53a314f18afba3b2,SV5_INFILL_ROOM_033678ff7e9c05d21528,SV5_OPTIONAL_09,SV5_OPTIONAL_09,SV5_PLACE_08_3479F08218885852_PORT_OUT,SV5_INFILL_ROOM_033678ff7e9c05d21528_LINK:CONNECTOR,130,115,-1,6111a809e5dd279d2898676c82f11ac746db8261950e15c45b8b6f5c610b4590,03502fb599d4b513036ade56d0eac06e8cbd5ade6a2adbf028d5e2e588a11bcd
EP_691851bb7b1e9032d1d52604,SV5_INFILL_ROOM_1c4c6b34887f12eefac3,SV5_OPTIONAL_09,SV5_OPTIONAL_09,SV5_PLACE_12_391D0CF7A4422180_PORT_IN,SV5_INFILL_ROOM_1c4c6b34887f12eefac3_LINK:CONNECTOR,130,135,-1,628e0887b994810b9e093e94f76c1d683903409f0cf94c6c69972050c5fe53e7,03502fb599d4b513036ade56d0eac06e8cbd5ade6a2adbf028d5e2e588a11bcd
EP_90b312eb823d1b7da57ed4b1,SV5_INFILL_ROOM_136a2d749c8d7eddcf7e,SV5_OPTIONAL_09,SV5_OPTIONAL_09,SV5_PLACE_12_391D0CF7A4422180_PORT_IN,SV5_INFILL_ROOM_136a2d749c8d7eddcf7e_LINK:CONNECTOR,130,147,-1,c6e7ac214dff795fd364bc9a2adc5ffdee9cfeda79799fd0aac34400797403d1,03502fb599d4b513036ade56d0eac06e8cbd5ade6a2adbf028d5e2e588a11bcd
EP_35411d9eb7726c21eae2f201,SV5_INFILL_ROOM_0172fae7eed3ae487f8f,SV5_OPTIONAL_09,SV5_OPTIONAL_09,SV5_PLACE_12_391D0CF7A4422180_PORT_IN,SV5_INFILL_ROOM_0172fae7eed3ae487f8f_LINK:CONNECTOR,130,159,1,7bc95e07c4c7b14a86acc4601970812e326810642dc2b27e0f2a50091c9133d9,03502fb599d4b513036ade56d0eac06e8cbd5ade6a2adbf028d5e2e588a11bcd
EP_4868cd51d550c4781c947060,SV5_INFILL_ROOM_0ae6927cb63168de9a09,SV5_OPTIONAL_09,SV5_OPTIONAL_09,SV5_PLACE_12_391D0CF7A4422180_PORT_IN,SV5_INFILL_ROOM_0ae6927cb63168de9a09_LINK:CONNECTOR,130,175,-1,c013d8820b3b4bc4aa13fd0c7c8a9997c92c9200d7bf574813a7f591220be711,03502fb599d4b513036ade56d0eac06e8cbd5ade6a2adbf028d5e2e588a11bcd
EP_3f129f3737531f7292e2c7d9,SV5_INFILL_ROOM_02bb77b38d2830e3098a,SV5_OPTIONAL_12,SV5_OPTIONAL_12,SV5_PLACE_00_CD742119708C091F_PORT_OUT,SV5_INFILL_ROOM_02bb77b38d2830e3098a_LINK:CONNECTOR,130,296,1,ef1cca1dcd7c98840d6a98b053fd7cc87127804e95e8c51709595f2cf4c32f18,03502fb599d4b513036ade56d0eac06e8cbd5ade6a2adbf028d5e2e588a11bcd
EP_797c7e54a1ae67f19e77bf1e,SV5_INFILL_ROOM_02bb77b38d2830e3098a,SV5_OPTIONAL_12,SV5_OPTIONAL_12,SV5_PLACE_00_CD742119708C091F_PORT_OUT,SV5_INFILL_ROOM_02bb77b38d2830e3098a_LINK:CONNECTOR,130,296,-1,c3e8d1bf5c70a03b0761b51267385b6f469a7f39c86e60246518286cda1b557d,03502fb599d4b513036ade56d0eac06e8cbd5ade6a2adbf028d5e2e588a11bcd
EP_9add54c039193ceacbfab23f,SV5_INFILL_ROOM_2089d42e9ee8a59ad22d,SV5_OPTIONAL_08,SV5_OPTIONAL_08,SV5_PLACE_08_3479F08218885852_PORT_IN,SV5_INFILL_ROOM_2089d42e9ee8a59ad22d_LINK:CONNECTOR,131,71,-1,3328c5ebeb310c3fc68c27a61807d12bfb3bec52f50b7339a525edc47a3ef3c7,03502fb599d4b513036ade56d0eac06e8cbd5ade6a2adbf028d5e2e588a11bcd
EP_181dfcbed7ebbd24e0bf7bd5,SV5_INFILL_ROOM_033678ff7e9c05d21528,SV5_OPTIONAL_09,SV5_OPTIONAL_09,SV5_PLACE_08_3479F08218885852_PORT_OUT,SV5_INFILL_ROOM_033678ff7e9c05d21528_LINK:CONNECTOR,131,116,-1,c5e5b669b9a896e1b53911e2cb1c13de6a641d9a02105f4d67f42332af0e77b3,03502fb599d4b513036ade56d0eac06e8cbd5ade6a2adbf028d5e2e588a11bcd
EP_ac84aaf3b7af632bce241e2f,SV5_INFILL_ROOM_033678ff7e9c05d21528,SV5_OPTIONAL_09,SV5_OPTIONAL_09,SV5_PLACE_08_3479F08218885852_PORT_OUT,SV5_INFILL_ROOM_033678ff7e9c05d21528_LINK:CONNECTOR,131,116,1,cf70063bc98fc845837747bc7db4808dc06873573939892fd56c2ef9ceb3336a,03502fb599d4b513036ade56d0eac06e8cbd5ade6a2adbf028d5e2e588a11bcd
EP_6ce2b187cb0067badae56f9c,SV5_INFILL_ROOM_0172fae7eed3ae487f8f,SV5_OPTIONAL_09,SV5_OPTIONAL_09,SV5_PLACE_12_391D0CF7A4422180_PORT_IN,SV5_INFILL_ROOM_0172fae7eed3ae487f8f_LINK:CONNECTOR,131,160,-1,01ed03e4c6d49a9c445673b5086acb08f58c3b515dfafc07edfe859a3c0227b5,03502fb599d4b513036ade56d0eac06e8cbd5ade6a2adbf028d5e2e588a11bcd
EP_dd001fefe9a8b4cf755d26bc,SV5_INFILL_ROOM_0172fae7eed3ae487f8f,SV5_OPTIONAL_09,SV5_OPTIONAL_09,SV5_PLACE_12_391D0CF7A4422180_PORT_IN,SV5_INFILL_ROOM_0172fae7eed3ae487f8f_LINK:CONNECTOR,131,160,1,2fc388a81023dbe04de1086f86970dff67a005eddb4af9ffe8e80e4ed5fbf9e3,03502fb599d4b513036ade56d0eac06e8cbd5ade6a2adbf028d5e2e588a11bcd
EP_5174404684a0b56aecd3b976,SV5_INFILL_ROOM_02bb77b38d2830e3098a,SV5_OPTIONAL_12,SV5_OPTIONAL_12,SV5_PLACE_00_CD742119708C091F_PORT_OUT,SV5_INFILL_ROOM_02bb77b38d2830e3098a_LINK:CONNECTOR,131,297,-1,418d0bde6fab50473c934f33b032fabca889c35318e5c921c3f77b97922085ad,03502fb599d4b513036ade56d0eac06e8cbd5ade6a2adbf028d5e2e588a11bcd
EP_7bfa43c3074654a1033160ae,SV5_INFILL_ROOM_02bb77b38d2830e3098a,SV5_OPTIONAL_12,SV5_OPTIONAL_12,SV5_PLACE_00_CD742119708C091F_PORT_OUT,SV5_INFILL_ROOM_02bb77b38d2830e3098a_LINK:CONNECTOR,131,297,1,1ca245eca7bc75bb27b424f17ed681aaa0fabe5f6dc2348a26e70388230e8a5c,03502fb599d4b513036ade56d0eac06e8cbd5ade6a2adbf028d5e2e588a11bcd
EP_78fa82d3c2ab15189521f535,SV5_INFILL_ROOM_2089d42e9ee8a59ad22d,SV5_OPTIONAL_08,SV5_OPTIONAL_08,SV5_PLACE_08_3479F08218885852_PORT_IN,SV5_INFILL_ROOM_2089d42e9ee8a59ad22d_LINK:CONNECTOR,132,72,-1,3d781b2c34b7a09fd034218b008b533d796e02a32de799bc965b3459f41fba34,03502fb599d4b513036ade56d0eac06e8cbd5ade6a2adbf028d5e2e588a11bcd
EP_ca210b646d2ef99a2469000c,SV5_INFILL_ROOM_2089d42e9ee8a59ad22d,SV5_OPTIONAL_08,SV5_OPTIONAL_08,SV5_PLACE_08_3479F08218885852_PORT_IN,SV5_INFILL_ROOM_2089d42e9ee8a59ad22d_LINK:CONNECTOR,132,72,1,2e489afb857d07b7e4a80b4dc424dcd2b0824b3c8fa1f36d5d441c67b43b5903,03502fb599d4b513036ade56d0eac06e8cbd5ade6a2adbf028d5e2e588a11bcd
EP_1c5bd5f9b62a0723daccd8c5,SV5_INFILL_ROOM_033678ff7e9c05d21528,SV5_OPTIONAL_09,SV5_OPTIONAL_09,SV5_PLACE_08_3479F08218885852_PORT_OUT,SV5_INFILL_ROOM_033678ff7e9c05d21528_LINK:CONNECTOR,132,117,-1,a2f1bc7437846183d15b393fb6547886d80841264f9f072de730337fa4bc0852,03502fb599d4b513036ade56d0eac06e8cbd5ade6a2adbf028d5e2e588a11bcd
EP_c4e623306128d1166366c843,SV5_INFILL_ROOM_033678ff7e9c05d21528,SV5_OPTIONAL_09,SV5_OPTIONAL_09,SV5_PLACE_08_3479F08218885852_PORT_OUT,SV5_INFILL_ROOM_033678ff7e9c05d21528_LINK:CONNECTOR,132,117,1,3757e9443396779d8a70128294f5bddb4be394bceff0470c72025b6b8159cae0,03502fb599d4b513036ade56d0eac06e8cbd5ade6a2adbf028d5e2e588a11bcd
EP_48750063c7d83102793eb623,SV5_INFILL_ROOM_0172fae7eed3ae487f8f,SV5_OPTIONAL_09,SV5_OPTIONAL_09,SV5_PLACE_12_391D0CF7A4422180_PORT_IN,SV5_INFILL_ROOM_0172fae7eed3ae487f8f_LINK:CONNECTOR,132,161,-1,4a89aad9f3de6a153530915c4a8637efeb5a75ca42f112930aff480ad0f26fcb,03502fb599d4b513036ade56d0eac06e8cbd5ade6a2adbf028d5e2e588a11bcd
EP_c5ed9e88a6cd5a769bda3fc4,SV5_INFILL_ROOM_0172fae7eed3ae487f8f,SV5_OPTIONAL_09,SV5_OPTIONAL_09,SV5_PLACE_12_391D0CF7A4422180_PORT_IN,SV5_INFILL_ROOM_0172fae7eed3ae487f8f_LINK:CONNECTOR,132,161,1,4a5e807cdaa7b27e55bdb985d6e1402777d94b840ed469ec7739705934ef997a,03502fb599d4b513036ade56d0eac06e8cbd5ade6a2adbf028d5e2e588a11bcd
EP_3481ad5d5506129047dc5e60,SV5_INFILL_ROOM_02bb77b38d2830e3098a,SV5_OPTIONAL_12,SV5_OPTIONAL_12,SV5_PLACE_00_CD742119708C091F_PORT_OUT,SV5_INFILL_ROOM_02bb77b38d2830e3098a_LINK:CONNECTOR,132,298,-1,dd6416b166b53ca3711eaae450b0c61a1c1dda4752a5dc826079c384cea02d56,03502fb599d4b513036ade56d0eac06e8cbd5ade6a2adbf028d5e2e588a11bcd
EP_6e82e7bd4d30598ccf093af8,SV5_INFILL_ROOM_2089d42e9ee8a59ad22d,SV5_OPTIONAL_08,SV5_OPTIONAL_08,SV5_PLACE_08_3479F08218885852_PORT_IN,SV5_INFILL_ROOM_2089d42e9ee8a59ad22d_LINK:CONNECTOR,133,73,-1,0728c73dd19369c565a71c90d3b81415311f0e12846d06cca5b1c72cd58b0dbb,03502fb599d4b513036ade56d0eac06e8cbd5ade6a2adbf028d5e2e588a11bcd
EP_73f67143212ccdc39d8b7738,SV5_INFILL_ROOM_033678ff7e9c05d21528,SV5_OPTIONAL_09,SV5_OPTIONAL_09,SV5_PLACE_08_3479F08218885852_PORT_OUT,SV5_INFILL_ROOM_033678ff7e9c05d21528_LINK:CONNECTOR,133,118,-1,7cb0873f3851e8dd674ed990901e1544cfe5e65b1d87bdc54d0637a57b26b958,03502fb599d4b513036ade56d0eac06e8cbd5ade6a2adbf028d5e2e588a11bcd
EP_49e52a9b2c38df4f3234b271,SV5_INFILL_ROOM_0172fae7eed3ae487f8f,SV5_OPTIONAL_09,SV5_OPTIONAL_09,SV5_PLACE_12_391D0CF7A4422180_PORT_IN,SV5_INFILL_ROOM_0172fae7eed3ae487f8f_LINK:CONNECTOR,133,162,-1,1549d24c84333dd921126ae8e8eacadb132232b8196cdf4c0482dc24c90e8688,03502fb599d4b513036ade56d0eac06e8cbd5ade6a2adbf028d5e2e588a11bcd
EP_190d69d51e765628a391a929,SV5_INFILL_ROOM_2089d42e9ee8a59ad22d,SV5_OPTIONAL_08,SV5_OPTIONAL_08,SV5_PLACE_08_3479F08218885852_PORT_IN,SV5_INFILL_ROOM_2089d42e9ee8a59ad22d_LINK:CONNECTOR,135,75,-1,2fb8ca9f98e0e271d3e41363bd4af5687ad444cb45cf2fd2d2413f4b6a6e8e93,03502fb599d4b513036ade56d0eac06e8cbd5ade6a2adbf028d5e2e588a11bcd
EP_4dbf39357746495eda047765,SV5_INFILL_ROOM_00e883e8005721574f5b,SV5_OPTIONAL_12,SV5_OPTIONAL_12,SV5_PLACE_00_CD742119708C091F_PORT_OUT,SV5_INFILL_ROOM_00e883e8005721574f5b:EMPTY_ROOM,135,335,1,21fbad9c9c05c06eddac3e4510e98cbf8f374f6ab618eaaed1ef3ccc97f1c248,03502fb599d4b513036ade56d0eac06e8cbd5ade6a2adbf028d5e2e588a11bcd
EP_50af33bc357e16c85fbd0ba0,SV5_INFILL_ROOM_0017896242681bbba695,SV5_OPTIONAL_12,SV5_OPTIONAL_12,SV5_PLACE_00_CD742119708C091F_PORT_OUT,SV5_INFILL_ROOM_0017896242681bbba695_LINK:CONNECTOR,136,336,1,ab464b83135338ee508f1f16a097abe22024fac363b97e6b592c0d08699a22a2,03502fb599d4b513036ade56d0eac06e8cbd5ade6a2adbf028d5e2e588a11bcd
EP_9272e4344143bc5edc2c8172,SV5_INFILL_ROOM_0017896242681bbba695,SV5_OPTIONAL_12,SV5_OPTIONAL_12,SV5_PLACE_00_CD742119708C091F_PORT_OUT,SV5_INFILL_ROOM_0017896242681bbba695_LINK:CONNECTOR,136,336,-1,ac7f403d67a717d0a0c3898cddba45c52d2cf8bdeca0998dc6ffd5e819a6dd84,03502fb599d4b513036ade56d0eac06e8cbd5ade6a2adbf028d5e2e588a11bcd
EP_53f3051068dfea38674cfc4a,SV5_INFILL_ROOM_0017896242681bbba695,SV5_OPTIONAL_12,SV5_OPTIONAL_12,SV5_PLACE_00_CD742119708C091F_PORT_OUT,SV5_INFILL_ROOM_0017896242681bbba695_LINK:CONNECTOR,137,337,-1,1b4c7348d0528fc6d71f233940f3c41cbef8c4972a7cfa78bae6d475e96c6c24,03502fb599d4b513036ade56d0eac06e8cbd5ade6a2adbf028d5e2e588a11bcd
EP_97ee9769aa25266faf09bf10,SV5_INFILL_ROOM_0017896242681bbba695,SV5_OPTIONAL_12,SV5_OPTIONAL_12,SV5_PLACE_00_CD742119708C091F_PORT_OUT,SV5_INFILL_ROOM_0017896242681bbba695_LINK:CONNECTOR,137,337,1,86237fecb2dad673905ee476ed75f3f57d4cbcf44fac6975193027a5ba8fbdcf,03502fb599d4b513036ade56d0eac06e8cbd5ade6a2adbf028d5e2e588a11bcd
EP_748f1f47574cb3c042586011,SV5_INFILL_ROOM_0348461d960659e46de4,SV5_OPTIONAL_06,SV5_OPTIONAL_06,SV5_PLACE_13_97A1D09E3197EA92_PORT_IN,SV5_INFILL_ROOM_0348461d960659e46de4_LINK:CONNECTOR,138,7,1,4712edd36f3bcbede4d6bb491228230a5858c87c8854d6bdf9fe4336cd4d8b2f,03502fb599d4b513036ade56d0eac06e8cbd5ade6a2adbf028d5e2e588a11bcd
EP_5fdfd0cd04cec1b76c72c8df,SV5_INFILL_ROOM_0c97bc8d682a1b5e9ce0,SV5_OPTIONAL_10,SV5_OPTIONAL_10,SV5_PLACE_12_391D0CF7A4422180_PORT_OUT,SV5_INFILL_ROOM_0c97bc8d682a1b5e9ce0_LINK:CONNECTOR,138,211,1,c7474f37f8d3cad8deffbe1d29caeb626653d76511f2e7d17365f9241037d077,03502fb599d4b513036ade56d0eac06e8cbd5ade6a2adbf028d5e2e588a11bcd
EP_f868ec74903829b9f45737a1,SV5_INFILL_ROOM_0017896242681bbba695,SV5_OPTIONAL_12,SV5_OPTIONAL_12,SV5_PLACE_00_CD742119708C091F_PORT_OUT,SV5_INFILL_ROOM_0017896242681bbba695_LINK:CONNECTOR,138,338,-1,285e26ee877253b73767b8e3e2acff0d1445f64b9b9d6690f1faa4a6981a1793,03502fb599d4b513036ade56d0eac06e8cbd5ade6a2adbf028d5e2e588a11bcd
EP_55bb500abc9acb188ccec31f,SV5_INFILL_ROOM_0348461d960659e46de4,SV5_OPTIONAL_06,SV5_OPTIONAL_06,SV5_PLACE_13_97A1D09E3197EA92_PORT_IN,SV5_INFILL_ROOM_0348461d960659e46de4_LINK:CONNECTOR,139,8,-1,9dc1b280d2ed625d17179e50b634af5994dce0991ab532e00a87ac0024e4c9ab,03502fb599d4b513036ade56d0eac06e8cbd5ade6a2adbf028d5e2e588a11bcd
EP_f3609259c545e85ee129612c,SV5_INFILL_ROOM_0348461d960659e46de4,SV5_OPTIONAL_06,SV5_OPTIONAL_06,SV5_PLACE_13_97A1D09E3197EA92_PORT_IN,SV5_INFILL_ROOM_0348461d960659e46de4_LINK:CONNECTOR,139,8,1,05acc93ff47880b6a1b5d693ca4bbe82f27e25806660726226d4d890945c40b9,03502fb599d4b513036ade56d0eac06e8cbd5ade6a2adbf028d5e2e588a11bcd
EP_043b085c8d8a25bda5ed0618,SV5_INFILL_ROOM_0c97bc8d682a1b5e9ce0,SV5_OPTIONAL_10,SV5_OPTIONAL_10,SV5_PLACE_12_391D0CF7A4422180_PORT_OUT,SV5_INFILL_ROOM_0c97bc8d682a1b5e9ce0_LINK:CONNECTOR,139,212,1,a920dfa4cb09e61e7a74a20249deca963b671097b72510b59fbb14e067b466d1,03502fb599d4b513036ade56d0eac06e8cbd5ade6a2adbf028d5e2e588a11bcd
EP_d882c108059f4a0961694b1b,SV5_INFILL_ROOM_0c97bc8d682a1b5e9ce0,SV5_OPTIONAL_10,SV5_OPTIONAL_10,SV5_PLACE_12_391D0CF7A4422180_PORT_OUT,SV5_INFILL_ROOM_0c97bc8d682a1b5e9ce0_LINK:CONNECTOR,139,212,-1,29c0f4a595b153e6e1d3fc0a827d707ee9d454b868a2a333268ebb9ab613b900,03502fb599d4b513036ade56d0eac06e8cbd5ade6a2adbf028d5e2e588a11bcd
EP_f79597e76868e367a8f3e949,SV5_INFILL_ROOM_09beaf6f785387326af3,SV5_OPTIONAL_10,SV5_OPTIONAL_10,SV5_PLACE_01_90434AD281C2436C_PORT_IN,SV5_INFILL_ROOM_09beaf6f785387326af3_LINK:CONNECTOR,140,235,1,684672899739ea778a4a64ade6287d0193d568503a7867045c19fb032b0417de,03502fb599d4b513036ade56d0eac06e8cbd5ade6a2adbf028d5e2e588a11bcd
EP_e844d9625510afda6b0bba22,SV5_INFILL_ROOM_007c17890d68e31350a9,SV5_OPTIONAL_06,SV5_OPTIONAL_06,SV5_PLACE_13_97A1D09E3197EA92_PORT_IN,SV5_INFILL_ROOM_007c17890d68e31350a9_LINK:CONNECTOR,141,30,1,4c2d39ed9f7abf8bc47dbc540cc7a43ab9b3cc544a256b6cdea4ff5dc1338a21,03502fb599d4b513036ade56d0eac06e8cbd5ade6a2adbf028d5e2e588a11bcd
EP_07fb985c0e9e362e33da138e,SV5_INFILL_ROOM_09beaf6f785387326af3,SV5_OPTIONAL_10,SV5_OPTIONAL_10,SV5_PLACE_01_90434AD281C2436C_PORT_IN,SV5_INFILL_ROOM_09beaf6f785387326af3_LINK:CONNECTOR,141,236,-1,ed5797666083f2ca2c5d616be153455813bd057485d0e88105b59901ad490c5c,03502fb599d4b513036ade56d0eac06e8cbd5ade6a2adbf028d5e2e588a11bcd
EP_f05be54c639963ede64acbe8,SV5_INFILL_ROOM_09beaf6f785387326af3,SV5_OPTIONAL_10,SV5_OPTIONAL_10,SV5_PLACE_01_90434AD281C2436C_PORT_IN,SV5_INFILL_ROOM_09beaf6f785387326af3_LINK:CONNECTOR,141,236,1,d982f01d5ce13d65198be631158c94fe432950f71734c28f26747d39ef6438f7,03502fb599d4b513036ade56d0eac06e8cbd5ade6a2adbf028d5e2e588a11bcd
EP_bd7312c48c3849e8e3f19b28,SV5_INFILL_ROOM_007c17890d68e31350a9,SV5_OPTIONAL_06,SV5_OPTIONAL_06,SV5_PLACE_13_97A1D09E3197EA92_PORT_IN,SV5_INFILL_ROOM_007c17890d68e31350a9_LINK:CONNECTOR,142,29,1,2b1566c96e5671ce7499efde645a81f5bc0417d2c9b57b11712b8b092be3c2c0,03502fb599d4b513036ade56d0eac06e8cbd5ade6a2adbf028d5e2e588a11bcd
EP_c0bcb4307633c86d044e88ec,SV5_INFILL_ROOM_007c17890d68e31350a9,SV5_OPTIONAL_06,SV5_OPTIONAL_06,SV5_PLACE_13_97A1D09E3197EA92_PORT_IN,SV5_INFILL_ROOM_007c17890d68e31350a9_LINK:CONNECTOR,142,29,-1,fa382a384305930ba21026250f153395d95141545d58871ab70a73d74d541011,03502fb599d4b513036ade56d0eac06e8cbd5ade6a2adbf028d5e2e588a11bcd
EP_96c5da84de933e7c3b9df410,SV5_INFILL_ROOM_09beaf6f785387326af3,SV5_OPTIONAL_10,SV5_OPTIONAL_10,SV5_PLACE_01_90434AD281C2436C_PORT_IN,SV5_INFILL_ROOM_09beaf6f785387326af3_LINK:CONNECTOR,142,237,1,ba9ac532850bb47bb9e806c6d1550548a34f227a163beb00f8b8e19c7c0c09e5,03502fb599d4b513036ade56d0eac06e8cbd5ade6a2adbf028d5e2e588a11bcd
EP_d64f39e7013f0b541cb68605,SV5_INFILL_ROOM_09beaf6f785387326af3,SV5_OPTIONAL_10,SV5_OPTIONAL_10,SV5_PLACE_01_90434AD281C2436C_PORT_IN,SV5_INFILL_ROOM_09beaf6f785387326af3_LINK:CONNECTOR,142,237,-1,f20776180c09c1e053f51f99dacab1ffd61c3ec271bc9ecd8494d149c7fc12c1,03502fb599d4b513036ade56d0eac06e8cbd5ade6a2adbf028d5e2e588a11bcd
EP_8b15c79bad78133f8ee69b1d,SV5_INFILL_ROOM_007c17890d68e31350a9,SV5_OPTIONAL_06,SV5_OPTIONAL_06,SV5_PLACE_13_97A1D09E3197EA92_PORT_IN,SV5_INFILL_ROOM_007c17890d68e31350a9_LINK:CONNECTOR,143,28,1,8bd642a25be2d1e1821227dae75cce2dc03b9ab3cbbfcf323ff7d96ebf7d675d,03502fb599d4b513036ade56d0eac06e8cbd5ade6a2adbf028d5e2e588a11bcd
EP_b7bae7084d614fa6326ad4d3,SV5_INFILL_ROOM_007c17890d68e31350a9,SV5_OPTIONAL_06,SV5_OPTIONAL_06,SV5_PLACE_13_97A1D09E3197EA92_PORT_IN,SV5_INFILL_ROOM_007c17890d68e31350a9_LINK:CONNECTOR,143,28,-1,7859c6671e417c1db6c75aa84dec776124fd2251d079891a47ae4efbe4f6cc53,03502fb599d4b513036ade56d0eac06e8cbd5ade6a2adbf028d5e2e588a11bcd
EP_7442e4da3533bfdd986e13ec,SV5_INFILL_ROOM_09beaf6f785387326af3,SV5_OPTIONAL_10,SV5_OPTIONAL_10,SV5_PLACE_01_90434AD281C2436C_PORT_IN,SV5_INFILL_ROOM_09beaf6f785387326af3_LINK:CONNECTOR,143,238,1,b72cfd9012dd505fb56d3384883ec26358d36b6d07733505e620e517964343b5,03502fb599d4b513036ade56d0eac06e8cbd5ade6a2adbf028d5e2e588a11bcd
EP_da507c86dec80a97a242215a,SV5_INFILL_ROOM_09beaf6f785387326af3,SV5_OPTIONAL_10,SV5_OPTIONAL_10,SV5_PLACE_01_90434AD281C2436C_PORT_IN,SV5_INFILL_ROOM_09beaf6f785387326af3_LINK:CONNECTOR,143,238,-1,0363b4516c7d88fc2fcb671f6558c5b278188b1275ce98515f23205add76fd7d,03502fb599d4b513036ade56d0eac06e8cbd5ade6a2adbf028d5e2e588a11bcd
EP_181374e5b49ef6255736be13,SV5_INFILL_ROOM_031d1d62b78c134dc1c8,SV5_OPTIONAL_12,SV5_OPTIONAL_12,SV5_PLACE_00_CD742119708C091F_PORT_OUT,SV5_INFILL_ROOM_031d1d62b78c134dc1c8:DEAD_END,143,315,1,054bac5b241aedbc4bbdac026eb18c6918be8e3e8f057854d59d5e9aefd5eaad,03502fb599d4b513036ade56d0eac06e8cbd5ade6a2adbf028d5e2e588a11bcd
EP_16203d727920381934d897b4,SV5_INFILL_ROOM_00e46d5d0ba666a9579a,SV5_OPTIONAL_06,SV5_OPTIONAL_06,SV5_PLACE_13_97A1D09E3197EA92_PORT_IN,SV5_INFILL_ROOM_00e46d5d0ba666a9579a:EMPTY_ROOM,144,27,-1,d80af9a59c099ff10700cfc12f7c344fe1fa3c3f9182fd0153097a959393741c,03502fb599d4b513036ade56d0eac06e8cbd5ade6a2adbf028d5e2e588a11bcd
EP_a7e3567f051f57bd0b49d0ee,SV5_INFILL_ROOM_033678ff7e9c05d21528,SV5_OPTIONAL_09,SV5_OPTIONAL_09,SV5_PLACE_08_3479F08218885852_PORT_OUT,SV5_INFILL_ROOM_033678ff7e9c05d21528:SMALL_CAVE,144,119,-1,b781268e20061e12a4bcd463ea63016a4d38ccbdbfa0acbddcc2f9db9515f91f,03502fb599d4b513036ade56d0eac06e8cbd5ade6a2adbf028d5e2e588a11bcd
EP_03d9bd68f9a0250bef1e16bc,SV5_INFILL_ROOM_0172fae7eed3ae487f8f,SV5_OPTIONAL_09,SV5_OPTIONAL_09,SV5_PLACE_12_391D0CF7A4422180_PORT_IN,SV5_INFILL_ROOM_0172fae7eed3ae487f8f:SMALL_CAVE,144,164,-1,20bd15832a2b3e24adf146c01f936f5e1f3c3b46f9c0cfe80c24f9818da73747,03502fb599d4b513036ade56d0eac06e8cbd5ade6a2adbf028d5e2e588a11bcd
EP_ddd0f01acad9fa12f6ee87b5,SV5_INFILL_ROOM_01436909100db22b451e,SV5_OPTIONAL_10,SV5_OPTIONAL_10,SV5_PLACE_01_90434AD281C2436C_PORT_IN,SV5_INFILL_ROOM_01436909100db22b451e:EMPTY_ROOM,144,239,-1,40e2e806416a946be4cd41ef6d62be49064fd309e1ca142569e69e0cc6e4e9a9,03502fb599d4b513036ade56d0eac06e8cbd5ade6a2adbf028d5e2e588a11bcd
EP_44799fd96dab3f2f8243205e,SV5_INFILL_ROOM_02bb77b38d2830e3098a,SV5_OPTIONAL_12,SV5_OPTIONAL_12,SV5_PLACE_00_CD742119708C091F_PORT_OUT,SV5_INFILL_ROOM_02bb77b38d2830e3098a:EMPTY_ROOM,144,299,-1,70d12fd3d2cea2c2580958eebe3013b8bead54753a0c66976099e0f6f42ccf82,03502fb599d4b513036ade56d0eac06e8cbd5ade6a2adbf028d5e2e588a11bcd
EP_061fec7211ad1a884a30ae60,SV5_INFILL_ROOM_0506fdfb6b446fb73eeb,SV5_OPTIONAL_12,SV5_OPTIONAL_12,SV5_PLACE_00_CD742119708C091F_PORT_OUT,SV5_INFILL_ROOM_0506fdfb6b446fb73eeb_LINK:CONNECTOR,144,316,1,1a6714cd37db2e2214fde764c5c56a5f80a4bc8dfff7d31a3142fa485a96fffb,03502fb599d4b513036ade56d0eac06e8cbd5ade6a2adbf028d5e2e588a11bcd
EP_638029fd2bee1cbeb987866c,SV5_INFILL_ROOM_0506fdfb6b446fb73eeb,SV5_OPTIONAL_12,SV5_OPTIONAL_12,SV5_PLACE_00_CD742119708C091F_PORT_OUT,SV5_INFILL_ROOM_0506fdfb6b446fb73eeb_LINK:CONNECTOR,144,316,-1,b661565b5cc5ccd9c6a5d844ea625dc923895e14190488a57a00148f180f212d,03502fb599d4b513036ade56d0eac06e8cbd5ade6a2adbf028d5e2e588a11bcd
EP_1adbac432872ce6245f7cabd,SV5_INFILL_ROOM_0a0176e55952a06363c6,SV5_OPTIONAL_11,SV5_OPTIONAL_11,SV5_PLACE_01_90434AD281C2436C_PORT_OUT,SV5_INFILL_ROOM_0a0176e55952a06363c6_LINK:CONNECTOR,145,262,-1,0b84c72a63af785b63ce512996fcdb24a81b6d3081f9a18920ce488c89da053b,03502fb599d4b513036ade56d0eac06e8cbd5ade6a2adbf028d5e2e588a11bcd
EP_2b7a22b8a3bebe7e4aedf791,SV5_INFILL_ROOM_0506fdfb6b446fb73eeb,SV5_OPTIONAL_12,SV5_OPTIONAL_12,SV5_PLACE_00_CD742119708C091F_PORT_OUT,SV5_INFILL_ROOM_0506fdfb6b446fb73eeb_LINK:CONNECTOR,145,317,1,ec5ca9520188a48a910ff031ea6561f3f697b24bf4f143958fe2e9105d31d774,03502fb599d4b513036ade56d0eac06e8cbd5ade6a2adbf028d5e2e588a11bcd
EP_8375e2f1ccf244b67d2a9ff2,SV5_INFILL_ROOM_0506fdfb6b446fb73eeb,SV5_OPTIONAL_12,SV5_OPTIONAL_12,SV5_PLACE_00_CD742119708C091F_PORT_OUT,SV5_INFILL_ROOM_0506fdfb6b446fb73eeb_LINK:CONNECTOR,145,317,-1,04a39a749f6fd77a798008999178ed5ed980a72b958ad5591e7f327a4f6d9a22,03502fb599d4b513036ade56d0eac06e8cbd5ade6a2adbf028d5e2e588a11bcd
EP_257a5768dc8abfa6b7c909ff,SV5_INFILL_ROOM_0a0176e55952a06363c6,SV5_OPTIONAL_11,SV5_OPTIONAL_11,SV5_PLACE_01_90434AD281C2436C_PORT_OUT,SV5_INFILL_ROOM_0a0176e55952a06363c6_LINK:CONNECTOR,146,261,1,03cc65a1330dbcad1c7e1b8ee490d68d1bab3fd70372a9b8df3de3f7b3c47510,03502fb599d4b513036ade56d0eac06e8cbd5ade6a2adbf028d5e2e588a11bcd
EP_0c5c45f18125110b817b385b,SV5_INFILL_ROOM_0506fdfb6b446fb73eeb,SV5_OPTIONAL_12,SV5_OPTIONAL_12,SV5_PLACE_00_CD742119708C091F_PORT_OUT,SV5_INFILL_ROOM_0506fdfb6b446fb73eeb_LINK:CONNECTOR,146,318,-1,b0ca829cad3db867c0e807cc4d119a9cb8747a625d1b40fe91fe519c98656013,03502fb599d4b513036ade56d0eac06e8cbd5ade6a2adbf028d5e2e588a11bcd
EP_13810db87fb9301e292bba02,SV5_INFILL_ROOM_0a0176e55952a06363c6,SV5_OPTIONAL_11,SV5_OPTIONAL_11,SV5_PLACE_01_90434AD281C2436C_PORT_OUT,SV5_INFILL_ROOM_0a0176e55952a06363c6_LINK:CONNECTOR,147,260,1,4595989dcffbebc31ccb2420e001c42cc76c470af4b739a284d3dfdc61422e90,03502fb599d4b513036ade56d0eac06e8cbd5ade6a2adbf028d5e2e588a11bcd
EP_ac76a1c6fa17ff3811c1f322,SV5_INFILL_ROOM_0017896242681bbba695,SV5_OPTIONAL_12,SV5_OPTIONAL_12,SV5_PLACE_00_CD742119708C091F_PORT_OUT,SV5_INFILL_ROOM_0017896242681bbba695:SMALL_CAVE,148,339,-1,8c0e95bf9021cdc2fbfe26f67b87104dab1914bf6b2d502ed9660f595664243d,03502fb599d4b513036ade56d0eac06e8cbd5ade6a2adbf028d5e2e588a11bcd
EP_ca2ca909e617cd680d2e6b74,SV5_INFILL_ROOM_03514fe3df18dd932b15,SV5_OPTIONAL_TO_VILLAGE,SV5_OPTIONAL_TO_VILLAGE,SV5_PLACE_05_D9CF52573FB5C952_PORT_OUT,SV5_INFILL_ROOM_03514fe3df18dd932b15_LINK:CONNECTOR,148,367,1,947b7280365c69e1de806c6093c490518f53d2aee1c361e4351a0ff461a50632,03502fb599d4b513036ade56d0eac06e8cbd5ade6a2adbf028d5e2e588a11bcd
EP_4e58a821f1fe8feaf8a0045c,SV5_INFILL_ROOM_03514fe3df18dd932b15,SV5_OPTIONAL_TO_VILLAGE,SV5_OPTIONAL_TO_VILLAGE,SV5_PLACE_05_D9CF52573FB5C952_PORT_OUT,SV5_INFILL_ROOM_03514fe3df18dd932b15_LINK:CONNECTOR,149,368,1,79d87bfe910f488da0afe5eb9cda1a3c5588b715205e0c9ed500849e472df21f,03502fb599d4b513036ade56d0eac06e8cbd5ade6a2adbf028d5e2e588a11bcd
EP_b7940e01085a5477b6877f1d,SV5_INFILL_ROOM_03514fe3df18dd932b15,SV5_OPTIONAL_TO_VILLAGE,SV5_OPTIONAL_TO_VILLAGE,SV5_PLACE_05_D9CF52573FB5C952_PORT_OUT,SV5_INFILL_ROOM_03514fe3df18dd932b15_LINK:CONNECTOR,149,368,-1,a789ab67fdf6a735ffdb5260f6dc6f5964d6f02a7bed9047a5509eacf6200f99,03502fb599d4b513036ade56d0eac06e8cbd5ade6a2adbf028d5e2e588a11bcd
EP_43f1975355f727d1303cc929,SV5_INFILL_ROOM_0a0176e55952a06363c6,SV5_OPTIONAL_11,SV5_OPTIONAL_11,SV5_PLACE_01_90434AD281C2436C_PORT_OUT,SV5_INFILL_ROOM_0a0176e55952a06363c6_LINK:CONNECTOR,150,257,1,34efe52b91699f29d8e04bd5d4bba498c2d0179ec338b500bdea090644facb4d,03502fb599d4b513036ade56d0eac06e8cbd5ade6a2adbf028d5e2e588a11bcd
EP_7ab1779d9b7354313437fe7d,SV5_INFILL_ROOM_03514fe3df18dd932b15,SV5_OPTIONAL_TO_VILLAGE,SV5_OPTIONAL_TO_VILLAGE,SV5_PLACE_05_D9CF52573FB5C952_PORT_OUT,SV5_INFILL_ROOM_03514fe3df18dd932b15_LINK:CONNECTOR,150,369,-1,05724c4a20a18dc611c7cc2e83c944cc7b97780223ce98eb68a9e108f13e16c5,03502fb599d4b513036ade56d0eac06e8cbd5ade6a2adbf028d5e2e588a11bcd
EP_b5b87fd6dbec0f0ea3761651,SV5_INFILL_ROOM_03514fe3df18dd932b15,SV5_OPTIONAL_TO_VILLAGE,SV5_OPTIONAL_TO_VILLAGE,SV5_PLACE_05_D9CF52573FB5C952_PORT_OUT,SV5_INFILL_ROOM_03514fe3df18dd932b15_LINK:CONNECTOR,150,369,1,a5070dc996c98e79e3b509a7648b6df178c8e8f40d701498f5ba20d76ff10d16,03502fb599d4b513036ade56d0eac06e8cbd5ade6a2adbf028d5e2e588a11bcd
EP_bc11b0774d74e822c951f991,SV5_INFILL_ROOM_0a0176e55952a06363c6,SV5_OPTIONAL_11,SV5_OPTIONAL_11,SV5_PLACE_01_90434AD281C2436C_PORT_OUT,SV5_INFILL_ROOM_0a0176e55952a06363c6_LINK:CONNECTOR,151,256,1,29123b96ea205fdbfed74af78b684a0d5ec9730bf7b81a578472b7328295b6fb,03502fb599d4b513036ade56d0eac06e8cbd5ade6a2adbf028d5e2e588a11bcd
EP_950d98429d82fd7d786ef304,SV5_INFILL_ROOM_03514fe3df18dd932b15,SV5_OPTIONAL_TO_VILLAGE,SV5_OPTIONAL_TO_VILLAGE,SV5_PLACE_05_D9CF52573FB5C952_PORT_OUT,SV5_INFILL_ROOM_03514fe3df18dd932b15_LINK:CONNECTOR,151,370,1,7b5456bb14c967a320e27a92b02dab5d43aad2ca6684511584671bf44abcc639,03502fb599d4b513036ade56d0eac06e8cbd5ade6a2adbf028d5e2e588a11bcd
EP_4d833d37176b9077f42bf2ab,SV5_INFILL_ROOM_0a0176e55952a06363c6,SV5_OPTIONAL_11,SV5_OPTIONAL_11,SV5_PLACE_01_90434AD281C2436C_PORT_OUT,SV5_INFILL_ROOM_0a0176e55952a06363c6_LINK:CONNECTOR,152,255,1,177d76e91301a0bbf6e1fa9853adcd64e2e16114ff7522e2085b04c7eab1c136,03502fb599d4b513036ade56d0eac06e8cbd5ade6a2adbf028d5e2e588a11bcd
EP_3101568468d74ad0af342e83,SV5_INFILL_ROOM_0a0176e55952a06363c6,SV5_OPTIONAL_11,SV5_OPTIONAL_11,SV5_PLACE_01_90434AD281C2436C_PORT_OUT,SV5_INFILL_ROOM_0a0176e55952a06363c6_LINK:CONNECTOR,153,254,1,6d573875c0c00bd254ade273a51a12b6baf68ddfea0c2050855a3f540936d1b3,03502fb599d4b513036ade56d0eac06e8cbd5ade6a2adbf028d5e2e588a11bcd
EP_35fdf31f7834f06629e9c25d,SV5_INFILL_ROOM_03514fe3df18dd932b15,SV5_OPTIONAL_TO_VILLAGE,SV5_OPTIONAL_TO_VILLAGE,SV5_PLACE_05_D9CF52573FB5C952_PORT_OUT,SV5_INFILL_ROOM_03514fe3df18dd932b15_LINK:CONNECTOR,153,372,1,2aaaa427bb03e01644db998af2b1fded9fa91a7d43dd10a66aee2d41ef7f1ffd,03502fb599d4b513036ade56d0eac06e8cbd5ade6a2adbf028d5e2e588a11bcd
EP_c7311421ba15d31df0cd7d80,SV5_INFILL_ROOM_03514fe3df18dd932b15,SV5_OPTIONAL_TO_VILLAGE,SV5_OPTIONAL_TO_VILLAGE,SV5_PLACE_05_D9CF52573FB5C952_PORT_OUT,SV5_INFILL_ROOM_03514fe3df18dd932b15_LINK:CONNECTOR,154,373,1,3af9f8e044b10e4c06532acd38c9d8e753fa4d3178de2790a5bf0f689d44ca7b,03502fb599d4b513036ade56d0eac06e8cbd5ade6a2adbf028d5e2e588a11bcd
EP_7b623ca14006775487e661d5,SV5_INFILL_ROOM_0096ec3a665cb4efc92b,SV5_OPTIONAL_10,SV5_OPTIONAL_10,SV5_PLACE_12_391D0CF7A4422180_PORT_OUT,SV5_INFILL_ROOM_0096ec3a665cb4efc92b_LINK:CONNECTOR,156,195,-1,1734269201c372b951c4b10fec7efbe40ceb7aed77de529e2aaec16c339697fe,03502fb599d4b513036ade56d0eac06e8cbd5ade6a2adbf028d5e2e588a11bcd
EP_8bec846863db171446df58ce,SV5_INFILL_ROOM_0a0176e55952a06363c6,SV5_OPTIONAL_11,SV5_OPTIONAL_11,SV5_PLACE_01_90434AD281C2436C_PORT_OUT,SV5_INFILL_ROOM_0a0176e55952a06363c6:DEAD_END,156,251,-1,5227c97c468e358aa76a242b63610b600f9279855501a18cd1fb59cb27105d7c,03502fb599d4b513036ade56d0eac06e8cbd5ade6a2adbf028d5e2e588a11bcd
EP_59962e9cca2d679622bcb7ba,SV5_INFILL_ROOM_02131663b956c4b63225,SV5_OPTIONAL_06,SV5_OPTIONAL_06,SV5_PLACE_13_97A1D09E3197EA92_PORT_IN,SV5_INFILL_ROOM_02131663b956c4b63225_LINK:CONNECTOR,157,8,-1,0bb19cfe4d9545b089c562145ebc290b87905d92df5a909785bad3ea063c4fa0,03502fb599d4b513036ade56d0eac06e8cbd5ade6a2adbf028d5e2e588a11bcd
EP_a051253fad11dd93e2a45b40,SV5_INFILL_ROOM_02131663b956c4b63225,SV5_OPTIONAL_06,SV5_OPTIONAL_06,SV5_PLACE_13_97A1D09E3197EA92_PORT_IN,SV5_INFILL_ROOM_02131663b956c4b63225_LINK:CONNECTOR,157,8,1,09c8c99041c5100f4ea5451920d59a0ca9efdc780efeb37839e139697080bdfd,03502fb599d4b513036ade56d0eac06e8cbd5ade6a2adbf028d5e2e588a11bcd
EP_545562feb18731ddf5eb2381,SV5_INFILL_ROOM_0096ec3a665cb4efc92b,SV5_OPTIONAL_10,SV5_OPTIONAL_10,SV5_PLACE_12_391D0CF7A4422180_PORT_OUT,SV5_INFILL_ROOM_0096ec3a665cb4efc92b_LINK:CONNECTOR,157,194,1,3763bb91b0ab57d3e9dd2706496be7653ce8754657925f0d439d14fc58bf5248,03502fb599d4b513036ade56d0eac06e8cbd5ade6a2adbf028d5e2e588a11bcd
EP_4a1f4ffa1a93f3b221a51977,SV5_INFILL_ROOM_0096ec3a665cb4efc92b,SV5_OPTIONAL_10,SV5_OPTIONAL_10,SV5_PLACE_12_391D0CF7A4422180_PORT_OUT,SV5_INFILL_ROOM_0096ec3a665cb4efc92b_LINK:CONNECTOR,158,193,-1,7daa9072ba0b2b3f543be628263d23fbf1aeb6f8d87e3a0f55071a8fb0236abd,03502fb599d4b513036ade56d0eac06e8cbd5ade6a2adbf028d5e2e588a11bcd
EP_5b6c69ab79cb9fd280cea014,SV5_INFILL_ROOM_0096ec3a665cb4efc92b,SV5_OPTIONAL_10,SV5_OPTIONAL_10,SV5_PLACE_12_391D0CF7A4422180_PORT_OUT,SV5_INFILL_ROOM_0096ec3a665cb4efc92b_LINK:CONNECTOR,158,193,1,5c8a4f9280785465d82c7e36d4232cdb3623604299a16b639443acc0e3736db9,03502fb599d4b513036ade56d0eac06e8cbd5ade6a2adbf028d5e2e588a11bcd
EP_07b5ca99ccadb815f16ff943,SV5_INFILL_ROOM_02131663b956c4b63225,SV5_OPTIONAL_06,SV5_OPTIONAL_06,SV5_PLACE_13_97A1D09E3197EA92_PORT_IN,SV5_INFILL_ROOM_02131663b956c4b63225_LINK:CONNECTOR,159,10,1,4420590f35c1dc77a678383d39407d1f4d987b80ed1a1b2489ee8508c4935f63,03502fb599d4b513036ade56d0eac06e8cbd5ade6a2adbf028d5e2e588a11bcd
EP_ebf6f2453fa60e3766ac5e63,SV5_INFILL_ROOM_0096ec3a665cb4efc92b,SV5_OPTIONAL_10,SV5_OPTIONAL_10,SV5_PLACE_12_391D0CF7A4422180_PORT_OUT,SV5_INFILL_ROOM_0096ec3a665cb4efc92b_LINK:CONNECTOR,159,192,-1,23f27ab13a31d57ef2bcf74723c0cfe0ef1ebbaee05bc3bd74a9d8a1f51c42ec,03502fb599d4b513036ade56d0eac06e8cbd5ade6a2adbf028d5e2e588a11bcd
EP_cad9ce0044054f1c0745208c,SV5_INFILL_ROOM_0555f7159cc5807eccd0,SV5_OPTIONAL_10,SV5_OPTIONAL_10,SV5_PLACE_12_391D0CF7A4422180_PORT_OUT,SV5_INFILL_ROOM_0555f7159cc5807eccd0_LINK:CONNECTOR,159,210,1,64d9199be70d99f6b80d188b3a73b7fe24f884a9bb5aeac0aa3bf0cb84e18256,03502fb599d4b513036ade56d0eac06e8cbd5ade6a2adbf028d5e2e588a11bcd
EP_8e2f0d5783b70441ec8ed3a1,SV5_INFILL_ROOM_01436909100db22b451e,SV5_OPTIONAL_10,SV5_OPTIONAL_10,SV5_PLACE_01_90434AD281C2436C_PORT_IN,SV5_INFILL_ROOM_01436909100db22b451e:EMPTY_ROOM,159,239,1,9844a0cdba7a5b0ae69f80d91ff648c96f26a01763cb4d3519ca522ffebf4f25,03502fb599d4b513036ade56d0eac06e8cbd5ade6a2adbf028d5e2e588a11bcd
EP_dfc499ed18230707cc32ee2f,SV5_INFILL_ROOM_02131663b956c4b63225,SV5_OPTIONAL_06,SV5_OPTIONAL_06,SV5_PLACE_13_97A1D09E3197EA92_PORT_IN,SV5_INFILL_ROOM_02131663b956c4b63225_LINK:CONNECTOR,160,11,-1,1454c22c37b2cbab6a215e74946db3ac2061b0b33d701ee01a584212e0bedd6a,03502fb599d4b513036ade56d0eac06e8cbd5ade6a2adbf028d5e2e588a11bcd
EP_0e715d468b25eb4ec35ea9c5,SV5_INFILL_ROOM_0096ec3a665cb4efc92b,SV5_OPTIONAL_10,SV5_OPTIONAL_10,SV5_PLACE_12_391D0CF7A4422180_PORT_OUT,SV5_INFILL_ROOM_0096ec3a665cb4efc92b_LINK:CONNECTOR,160,191,-1,27caff0e4a4b3c61e83b6d3fe107052d2b90120a79386a475239d93e5bdb36fe,03502fb599d4b513036ade56d0eac06e8cbd5ade6a2adbf028d5e2e588a11bcd
EP_2d65fa28ba62993f8f941ab0,SV5_INFILL_ROOM_0555f7159cc5807eccd0,SV5_OPTIONAL_10,SV5_OPTIONAL_10,SV5_PLACE_12_391D0CF7A4422180_PORT_OUT,SV5_INFILL_ROOM_0555f7159cc5807eccd0_LINK:CONNECTOR,160,209,-1,1061e48598904f658947c04abae2fc92b9b8e8ced2694b02319eedeff75f9f69,03502fb599d4b513036ade56d0eac06e8cbd5ade6a2adbf028d5e2e588a11bcd
EP_6011b30c4faaf615265a8604,SV5_INFILL_ROOM_0555f7159cc5807eccd0,SV5_OPTIONAL_10,SV5_OPTIONAL_10,SV5_PLACE_12_391D0CF7A4422180_PORT_OUT,SV5_INFILL_ROOM_0555f7159cc5807eccd0_LINK:CONNECTOR,160,209,1,3ffd3907b5016f8e9305ca6634da57d0f9936e15329e525627722e2d929b6fc3,03502fb599d4b513036ade56d0eac06e8cbd5ade6a2adbf028d5e2e588a11bcd
EP_270894ec3f5006d731c1e4fa,SV5_INFILL_ROOM_0506fdfb6b446fb73eeb,SV5_OPTIONAL_12,SV5_OPTIONAL_12,SV5_PLACE_00_CD742119708C091F_PORT_OUT,SV5_INFILL_ROOM_0506fdfb6b446fb73eeb:DEAD_END,160,319,-1,14be502ac5cc9ef363db3f003f8baee2dceff76fa8cfda745ffad930342eb56b,03502fb599d4b513036ade56d0eac06e8cbd5ade6a2adbf028d5e2e588a11bcd
EP_231afccd882d78b3e276b91a,SV5_INFILL_ROOM_02131663b956c4b63225,SV5_OPTIONAL_06,SV5_OPTIONAL_06,SV5_PLACE_13_97A1D09E3197EA92_PORT_IN,SV5_INFILL_ROOM_02131663b956c4b63225_LINK:CONNECTOR,161,12,1,4f2ee12a6367faa0cd8dd25cb41cfb066bf578908b0c61ce60d9c19b04cc1f6c,03502fb599d4b513036ade56d0eac06e8cbd5ade6a2adbf028d5e2e588a11bcd
EP_3b37d08c456e9ad54326d630,SV5_INFILL_ROOM_02131663b956c4b63225,SV5_OPTIONAL_06,SV5_OPTIONAL_06,SV5_PLACE_13_97A1D09E3197EA92_PORT_IN,SV5_INFILL_ROOM_02131663b956c4b63225_LINK:CONNECTOR,161,12,-1,1c6212e54e1f221471e5a85a549519478dc5e928f6b80c71bad51221acec7eee,03502fb599d4b513036ade56d0eac06e8cbd5ade6a2adbf028d5e2e588a11bcd
EP_64b17b57387ee568649ca217,SV5_INFILL_ROOM_02131663b956c4b63225,SV5_OPTIONAL_06,SV5_OPTIONAL_06,SV5_PLACE_13_97A1D09E3197EA92_PORT_IN,SV5_INFILL_ROOM_02131663b956c4b63225_LINK:CONNECTOR,162,13,1,2c80f01cad68092a00613185a104bda4f18d1aac53751c821f8fc61debeb5875,03502fb599d4b513036ade56d0eac06e8cbd5ade6a2adbf028d5e2e588a11bcd
EP_adb504504578498a6af2f2b1,SV5_INFILL_ROOM_02131663b956c4b63225,SV5_OPTIONAL_06,SV5_OPTIONAL_06,SV5_PLACE_13_97A1D09E3197EA92_PORT_IN,SV5_INFILL_ROOM_02131663b956c4b63225_LINK:CONNECTOR,163,14,1,138dac8b352dbb4db299c88c1b80ff232f52e8ed914b7a7ed0d36fa42aca40a9,03502fb599d4b513036ade56d0eac06e8cbd5ade6a2adbf028d5e2e588a11bcd
EP_2fe0fbd74a20eedfca1d2c0b,SV5_INFILL_ROOM_1c4c6b34887f12eefac3,SV5_OPTIONAL_09,SV5_OPTIONAL_09,SV5_PLACE_08_3479F08218885852_PORT_OUT,SV5_INFILL_ROOM_1c4c6b34887f12eefac3:EMPTY_ROOM,163,135,1,3c77fed7714d90177e881d97144edda6b490da34796144d2ce27f5b0ffb188ed,03502fb599d4b513036ade56d0eac06e8cbd5ade6a2adbf028d5e2e588a11bcd
EP_ec17f22ee188dde73f1d588b,SV5_INFILL_ROOM_0096ec3a665cb4efc92b,SV5_OPTIONAL_10,SV5_OPTIONAL_10,SV5_PLACE_12_391D0CF7A4422180_PORT_OUT,SV5_INFILL_ROOM_0096ec3a665cb4efc92b_LINK:CONNECTOR,163,190,-1,5fd8c148bf96f80eb590dfaa6f4f716f1bac53d92d4a5cd142570d134658c056,03502fb599d4b513036ade56d0eac06e8cbd5ade6a2adbf028d5e2e588a11bcd
EP_4ac001e93f684c44aa7d5180,SV5_INFILL_ROOM_0555f7159cc5807eccd0,SV5_OPTIONAL_10,SV5_OPTIONAL_10,SV5_PLACE_12_391D0CF7A4422180_PORT_OUT,SV5_INFILL_ROOM_0555f7159cc5807eccd0_LINK:CONNECTOR,163,206,-1,23a5ca97165bec916f60216f383a7f1e213da657df796869c230b924f3cf5a7c,03502fb599d4b513036ade56d0eac06e8cbd5ade6a2adbf028d5e2e588a11bcd
EP_ebcaee1e479568a550d3e7c7,SV5_INFILL_ROOM_0555f7159cc5807eccd0,SV5_OPTIONAL_10,SV5_OPTIONAL_10,SV5_PLACE_12_391D0CF7A4422180_PORT_OUT,SV5_INFILL_ROOM_0555f7159cc5807eccd0_LINK:CONNECTOR,163,206,1,3e5e94dbd877461c7b170b29cf45f97369585d515f07b7610f97090af7e2bea2,03502fb599d4b513036ade56d0eac06e8cbd5ade6a2adbf028d5e2e588a11bcd
EP_efc4b46aef0b03787f34c019,SV5_INFILL_ROOM_01436909100db22b451e,SV5_OPTIONAL_10,SV5_OPTIONAL_10,SV5_PLACE_01_90434AD281C2436C_PORT_IN,SV5_INFILL_ROOM_01436909100db22b451e_LINK:CONNECTOR,163,238,1,d640912d6c2ef7be599cef5f310893665377b40ee4b3124c58f239d60f39c1c2,03502fb599d4b513036ade56d0eac06e8cbd5ade6a2adbf028d5e2e588a11bcd
EP_4ff25bf50b7ec0babc5bf441,SV5_INFILL_ROOM_0024793eb465e7cf43f8,SV5_OPTIONAL_06,SV5_OPTIONAL_06,SV5_PLACE_13_97A1D09E3197EA92_PORT_IN,SV5_INFILL_ROOM_0024793eb465e7cf43f8:DEAD_END,164,15,-1,f157bd05039eaaee793958c9cf1ae581530802bf0b0468c3908c5a076725265e,03502fb599d4b513036ade56d0eac06e8cbd5ade6a2adbf028d5e2e588a11bcd
EP_cc9905f0a55261dc428500b1,SV5_INFILL_ROOM_00e46d5d0ba666a9579a,SV5_OPTIONAL_06,SV5_OPTIONAL_06,SV5_PLACE_13_97A1D09E3197EA92_PORT_IN,SV5_INFILL_ROOM_00e46d5d0ba666a9579a_LINK:CONNECTOR,164,27,1,0ebdaedb428cec58d35b5c5fef49bc171463a52528caaff31320ae9228ce50cb,03502fb599d4b513036ade56d0eac06e8cbd5ade6a2adbf028d5e2e588a11bcd
EP_28151f85630df13924091c48,SV5_INFILL_ROOM_0385fb7a684e6007e3c3,SV5_OPTIONAL_09,SV5_OPTIONAL_09,SV5_PLACE_08_3479F08218885852_PORT_OUT,SV5_INFILL_ROOM_0385fb7a684e6007e3c3_LINK:CONNECTOR,164,118,-1,ee72ed1a3302fe10a51b7fd6462da5d8f8722e893a3a338c958db27d6032ef3c,03502fb599d4b513036ade56d0eac06e8cbd5ade6a2adbf028d5e2e588a11bcd
EP_da8adca4db2848af9d299bde,SV5_INFILL_ROOM_0385fb7a684e6007e3c3,SV5_OPTIONAL_09,SV5_OPTIONAL_09,SV5_PLACE_08_3479F08218885852_PORT_OUT,SV5_INFILL_ROOM_0385fb7a684e6007e3c3_LINK:CONNECTOR,164,118,1,61460b7ab14eb701f8ef4e3d258610f1adf85f97c167e8607bff1ddc9919c1f8,03502fb599d4b513036ade56d0eac06e8cbd5ade6a2adbf028d5e2e588a11bcd
EP_2871572455c185aa2ed5ff21,SV5_INFILL_ROOM_02587486b3c152380c1b,SV5_OPTIONAL_09,SV5_OPTIONAL_09,SV5_PLACE_08_3479F08218885852_PORT_OUT,SV5_INFILL_ROOM_02587486b3c152380c1b_LINK:CONNECTOR,164,136,-1,37fab10c3508c41c0dc46de40a28bbc98157eb4e5a5771603776a52858126946,03502fb599d4b513036ade56d0eac06e8cbd5ade6a2adbf028d5e2e588a11bcd
EP_581c8b1cd86230c22ab22543,SV5_INFILL_ROOM_02587486b3c152380c1b,SV5_OPTIONAL_09,SV5_OPTIONAL_09,SV5_PLACE_08_3479F08218885852_PORT_OUT,SV5_INFILL_ROOM_02587486b3c152380c1b_LINK:CONNECTOR,164,136,1,b09c6a14be4337ae4acc46ba9029b3002fba03cb00dc17f247ff6d7fa6631807,03502fb599d4b513036ade56d0eac06e8cbd5ade6a2adbf028d5e2e588a11bcd
EP_39786ddd28675c495552f814,SV5_INFILL_ROOM_0555f7159cc5807eccd0,SV5_OPTIONAL_10,SV5_OPTIONAL_10,SV5_PLACE_12_391D0CF7A4422180_PORT_OUT,SV5_INFILL_ROOM_0555f7159cc5807eccd0_LINK:CONNECTOR,164,205,1,0ab1000e4c7d9edbd2603df4df41d430f1e1f4d52fd86d7e3bc48754919c5149,03502fb599d4b513036ade56d0eac06e8cbd5ade6a2adbf028d5e2e588a11bcd
EP_604f25bece9b9d4deb12a233,SV5_INFILL_ROOM_00e46d5d0ba666a9579a,SV5_OPTIONAL_06,SV5_OPTIONAL_06,SV5_PLACE_13_97A1D09E3197EA92_PORT_IN,SV5_INFILL_ROOM_00e46d5d0ba666a9579a_LINK:CONNECTOR,165,28,-1,d25103eaba18c44f9515a3c7de87b54657a689578f92c1cc5263b81ead8673a4,03502fb599d4b513036ade56d0eac06e8cbd5ade6a2adbf028d5e2e588a11bcd
EP_f92b6a909774cf0d94d51ab2,SV5_INFILL_ROOM_00e46d5d0ba666a9579a,SV5_OPTIONAL_06,SV5_OPTIONAL_06,SV5_PLACE_13_97A1D09E3197EA92_PORT_IN,SV5_INFILL_ROOM_00e46d5d0ba666a9579a_LINK:CONNECTOR,165,28,1,7db87127e17bcceca68122e7a3643efec0b5034ba30b67e95cac84979cf733a9,03502fb599d4b513036ade56d0eac06e8cbd5ade6a2adbf028d5e2e588a11bcd
EP_024b45ac1218159a92f10a85,SV5_INFILL_ROOM_0385fb7a684e6007e3c3,SV5_OPTIONAL_09,SV5_OPTIONAL_09,SV5_PLACE_08_3479F08218885852_PORT_OUT,SV5_INFILL_ROOM_0385fb7a684e6007e3c3_LINK:CONNECTOR,165,117,-1,03cb707219b4b84cdaf0fea0ff1122b687abd20d40aa359a25b5dd8319d472a5,03502fb599d4b513036ade56d0eac06e8cbd5ade6a2adbf028d5e2e588a11bcd
EP_e6362d25f3eb04ee1f1f09c8,SV5_INFILL_ROOM_0385fb7a684e6007e3c3,SV5_OPTIONAL_09,SV5_OPTIONAL_09,SV5_PLACE_08_3479F08218885852_PORT_OUT,SV5_INFILL_ROOM_0385fb7a684e6007e3c3_LINK:CONNECTOR,165,117,1,653931d98255ca91b67501548f4b593aa2467630c20b8f81e761e3c130961147,03502fb599d4b513036ade56d0eac06e8cbd5ade6a2adbf028d5e2e588a11bcd
EP_87e2fb2cc63ec7478df24cf5,SV5_INFILL_ROOM_02587486b3c152380c1b,SV5_OPTIONAL_09,SV5_OPTIONAL_09,SV5_PLACE_08_3479F08218885852_PORT_OUT,SV5_INFILL_ROOM_02587486b3c152380c1b_LINK:CONNECTOR,165,137,1,17cb1738f732283cc7fe1d9b2cbf053fda8d26336f8d433de2b7730dbfd21c4b,03502fb599d4b513036ade56d0eac06e8cbd5ade6a2adbf028d5e2e588a11bcd
EP_d516e83291711f938c266f28,SV5_INFILL_ROOM_02587486b3c152380c1b,SV5_OPTIONAL_09,SV5_OPTIONAL_09,SV5_PLACE_08_3479F08218885852_PORT_OUT,SV5_INFILL_ROOM_02587486b3c152380c1b_LINK:CONNECTOR,165,137,-1,3f03298a5675d9d72ad874e5d216fc6c00221e6067e83e6390de514271ac5a26,03502fb599d4b513036ade56d0eac06e8cbd5ade6a2adbf028d5e2e588a11bcd
EP_22d98e247a3f4e7d9838c51a,SV5_INFILL_ROOM_01436909100db22b451e,SV5_OPTIONAL_10,SV5_OPTIONAL_10,SV5_PLACE_01_90434AD281C2436C_PORT_IN,SV5_INFILL_ROOM_01436909100db22b451e_LINK:CONNECTOR,165,236,-1,b78aa64184fb04df05b860101fcb46ebfe12caf84122bde523a3894962407511,03502fb599d4b513036ade56d0eac06e8cbd5ade6a2adbf028d5e2e588a11bcd
EP_7c267e0c8439380a9c846549,SV5_INFILL_ROOM_01436909100db22b451e,SV5_OPTIONAL_10,SV5_OPTIONAL_10,SV5_PLACE_01_90434AD281C2436C_PORT_IN,SV5_INFILL_ROOM_01436909100db22b451e_LINK:CONNECTOR,165,236,1,ab3f524575a8d0f241c882c8dd821739efc79921b5a1d054e5b13a95ce67a416,03502fb599d4b513036ade56d0eac06e8cbd5ade6a2adbf028d5e2e588a11bcd
EP_b6b4ebe7bcdf793a66d9c4d5,SV5_INFILL_ROOM_00e46d5d0ba666a9579a,SV5_OPTIONAL_06,SV5_OPTIONAL_06,SV5_PLACE_13_97A1D09E3197EA92_PORT_IN,SV5_INFILL_ROOM_00e46d5d0ba666a9579a_LINK:CONNECTOR,166,29,-1,bdd5da200f5b603bf09a484e6e1f6956c5a34230fd8e929d86bede2897d3ee58,03502fb599d4b513036ade56d0eac06e8cbd5ade6a2adbf028d5e2e588a11bcd
EP_e72cced01e54a3d7cb7ac587,SV5_INFILL_ROOM_00e46d5d0ba666a9579a,SV5_OPTIONAL_06,SV5_OPTIONAL_06,SV5_PLACE_13_97A1D09E3197EA92_PORT_IN,SV5_INFILL_ROOM_00e46d5d0ba666a9579a_LINK:CONNECTOR,166,29,1,abb19f1914123b12eeb200b57cbaf9e8884d634517643969755ea9d6298d477e,03502fb599d4b513036ade56d0eac06e8cbd5ade6a2adbf028d5e2e588a11bcd
EP_75262095535d194afdc444d2,SV5_INFILL_ROOM_0385fb7a684e6007e3c3,SV5_OPTIONAL_09,SV5_OPTIONAL_09,SV5_PLACE_08_3479F08218885852_PORT_OUT,SV5_INFILL_ROOM_0385fb7a684e6007e3c3_LINK:CONNECTOR,166,116,-1,8e64bdb200e2aa483d535c3ad3762b414fffd5d019b8dc868b1c122a6bf61916,03502fb599d4b513036ade56d0eac06e8cbd5ade6a2adbf028d5e2e588a11bcd
EP_e9c439a14096007edaaab506,SV5_INFILL_ROOM_0385fb7a684e6007e3c3,SV5_OPTIONAL_09,SV5_OPTIONAL_09,SV5_PLACE_08_3479F08218885852_PORT_OUT,SV5_INFILL_ROOM_0385fb7a684e6007e3c3_LINK:CONNECTOR,166,116,1,670cb9be3509b7f02b976f111d64d5d1f17ee5f9df446fd9152b538668145102,03502fb599d4b513036ade56d0eac06e8cbd5ade6a2adbf028d5e2e588a11bcd
EP_1e7b98dfbb45f0fb5e4bb217,SV5_INFILL_ROOM_02587486b3c152380c1b,SV5_OPTIONAL_09,SV5_OPTIONAL_09,SV5_PLACE_08_3479F08218885852_PORT_OUT,SV5_INFILL_ROOM_02587486b3c152380c1b_LINK:CONNECTOR,166,138,-1,5289433616a9dba85feecddf2f9de800f3027a03951086f7b097cf0d6debf428,03502fb599d4b513036ade56d0eac06e8cbd5ade6a2adbf028d5e2e588a11bcd
EP_462d45bf6b24642e5d4b076b,SV5_INFILL_ROOM_0555f7159cc5807eccd0,SV5_OPTIONAL_10,SV5_OPTIONAL_10,SV5_PLACE_12_391D0CF7A4422180_PORT_OUT,SV5_INFILL_ROOM_0555f7159cc5807eccd0_LINK:CONNECTOR,166,203,1,12fc00a9fdafe4f8e33ecfeaea1c02f7a71131a6952a875e12d95c6983ba4375,03502fb599d4b513036ade56d0eac06e8cbd5ade6a2adbf028d5e2e588a11bcd
EP_35359993f29c7129f406fb64,SV5_INFILL_ROOM_01436909100db22b451e,SV5_OPTIONAL_10,SV5_OPTIONAL_10,SV5_PLACE_01_90434AD281C2436C_PORT_IN,SV5_INFILL_ROOM_01436909100db22b451e_LINK:CONNECTOR,166,235,1,2ca93978ebaa1059f1036343e7367fee774b8d2fda7f9287996f1992657a2932,03502fb599d4b513036ade56d0eac06e8cbd5ade6a2adbf028d5e2e588a11bcd
EP_e5202ad1d8206020e0dca3ec,SV5_INFILL_ROOM_01436909100db22b451e,SV5_OPTIONAL_10,SV5_OPTIONAL_10,SV5_PLACE_01_90434AD281C2436C_PORT_IN,SV5_INFILL_ROOM_01436909100db22b451e_LINK:CONNECTOR,166,235,-1,2ed23b0b59521b394bc0df4bc3caf9d67861314a52d28b3a4af94c80b78e40c3,03502fb599d4b513036ade56d0eac06e8cbd5ade6a2adbf028d5e2e588a11bcd
EP_382c2b2fafcfc005b1861899,SV5_INFILL_ROOM_00e46d5d0ba666a9579a,SV5_OPTIONAL_06,SV5_OPTIONAL_06,SV5_PLACE_13_97A1D09E3197EA92_PORT_IN,SV5_INFILL_ROOM_00e46d5d0ba666a9579a_LINK:CONNECTOR,167,30,-1,d3ffc3bb5d7a6d0c5f9ce958e612a8c76a5ec7456132eeb65895a56613324844,03502fb599d4b513036ade56d0eac06e8cbd5ade6a2adbf028d5e2e588a11bcd
EP_e78766b5bf2d7d82ecbfdf7b,SV5_INFILL_ROOM_00e46d5d0ba666a9579a,SV5_OPTIONAL_06,SV5_OPTIONAL_06,SV5_PLACE_13_97A1D09E3197EA92_PORT_IN,SV5_INFILL_ROOM_00e46d5d0ba666a9579a_LINK:CONNECTOR,167,30,1,a3c55db9fcbc588a3611e8b6f04604b9b42652864f66dbef8a4418820b6d8161,03502fb599d4b513036ade56d0eac06e8cbd5ade6a2adbf028d5e2e588a11bcd
EP_786de33ba94927a5a6710f6f,SV5_INFILL_ROOM_00636997b68d562b57db,SV5_OPTIONAL_07,SV5_OPTIONAL_07,SV5_PLACE_09_0BAFE3A7FA93D31C_PORT_IN,SV5_INFILL_ROOM_00636997b68d562b57db:SMALL_CAVE,167,103,1,3a1a1c9549cb72fff3371437e954d22425f06f02eefef96f7fb7c7be9051bb29,03502fb599d4b513036ade56d0eac06e8cbd5ade6a2adbf028d5e2e588a11bcd
EP_1d42e6f1872f8ca942a344e4,SV5_INFILL_ROOM_0385fb7a684e6007e3c3,SV5_OPTIONAL_09,SV5_OPTIONAL_09,SV5_PLACE_08_3479F08218885852_PORT_OUT,SV5_INFILL_ROOM_0385fb7a684e6007e3c3_LINK:CONNECTOR,167,115,-1,f26acd9284c06ef808059a3f137e0e7b504276f5000a0a9842530c442f72ff90,03502fb599d4b513036ade56d0eac06e8cbd5ade6a2adbf028d5e2e588a11bcd
EP_fa32dd122c32389b158ca487,SV5_INFILL_ROOM_0555f7159cc5807eccd0,SV5_OPTIONAL_10,SV5_OPTIONAL_10,SV5_PLACE_12_391D0CF7A4422180_PORT_OUT,SV5_INFILL_ROOM_0555f7159cc5807eccd0_LINK:CONNECTOR,167,204,-1,54acfc85f2fd577f0015d72ad5e29507a43c3f6d841d02c2b65abe8438619259,03502fb599d4b513036ade56d0eac06e8cbd5ade6a2adbf028d5e2e588a11bcd
EP_1e566ddbf6ffee0a3d8bcadb,SV5_INFILL_ROOM_0017896242681bbba695,SV5_OPTIONAL_12,SV5_OPTIONAL_12,SV5_PLACE_00_CD742119708C091F_PORT_OUT,SV5_INFILL_ROOM_0017896242681bbba695:SMALL_CAVE,167,339,1,6ef4481061871d7cd64f894046db7a25c258b396ac3049e52153d418dd3e2ce2,03502fb599d4b513036ade56d0eac06e8cbd5ade6a2adbf028d5e2e588a11bcd
EP_fc4f0b3023bcc10fbd254d37,SV5_INFILL_ROOM_03f794e9844c481d8faa,SV5_OPTIONAL_06,SV5_OPTIONAL_06,SV5_PLACE_13_97A1D09E3197EA92_PORT_IN,SV5_INFILL_ROOM_03f794e9844c481d8faa:SMALL_CAVE,168,31,-1,e861ff93b883e81f25d390183162cf8e81729e4c09d416205f041af99241c5e6,03502fb599d4b513036ade56d0eac06e8cbd5ade6a2adbf028d5e2e588a11bcd
EP_02669b62e3ca1e3cb7a16fc1,SV5_INFILL_ROOM_01ab2e7fdecd01da9567,SV5_OPTIONAL_12,SV5_OPTIONAL_12,SV5_PLACE_00_CD742119708C091F_PORT_OUT,SV5_INFILL_ROOM_01ab2e7fdecd01da9567_LINK:CONNECTOR,168,340,-1,176ad389c2ce675206bdd939b7cbad2bd76aa113f7a70e99b014192f73491a74,03502fb599d4b513036ade56d0eac06e8cbd5ade6a2adbf028d5e2e588a11bcd
EP_46973321760c99e7f1b8493c,SV5_INFILL_ROOM_01ab2e7fdecd01da9567,SV5_OPTIONAL_12,SV5_OPTIONAL_12,SV5_PLACE_00_CD742119708C091F_PORT_OUT,SV5_INFILL_ROOM_01ab2e7fdecd01da9567_LINK:CONNECTOR,168,340,1,dad5610da23b64dec42f5b5bdd5f221510725cf8ce1e6708625ddd23b33c4cfe,03502fb599d4b513036ade56d0eac06e8cbd5ade6a2adbf028d5e2e588a11bcd
EP_3ad532bb4a8b683659bc6f2b,SV5_INFILL_ROOM_01ab2e7fdecd01da9567,SV5_OPTIONAL_12,SV5_OPTIONAL_12,SV5_PLACE_00_CD742119708C091F_PORT_OUT,SV5_INFILL_ROOM_01ab2e7fdecd01da9567_LINK:CONNECTOR,169,341,-1,fbbe7a670bec9d9d5d0435614cdb70980397f0c1cf92520674369e3e956bccc2,03502fb599d4b513036ade56d0eac06e8cbd5ade6a2adbf028d5e2e588a11bcd
EP_6f12d03d1f8cea5cccaf4318,SV5_INFILL_ROOM_01ab2e7fdecd01da9567,SV5_OPTIONAL_12,SV5_OPTIONAL_12,SV5_PLACE_00_CD742119708C091F_PORT_OUT,SV5_INFILL_ROOM_01ab2e7fdecd01da9567_LINK:CONNECTOR,169,341,1,a148105db0989a38cf0bfe6f7e6f2e9c0163212288188639fb6f1fcc9c44dd93,03502fb599d4b513036ade56d0eac06e8cbd5ade6a2adbf028d5e2e588a11bcd
EP_b1719b6a5031444bc034d1fb,SV5_INFILL_ROOM_01ab2e7fdecd01da9567,SV5_OPTIONAL_12,SV5_OPTIONAL_12,SV5_PLACE_00_CD742119708C091F_PORT_OUT,SV5_INFILL_ROOM_01ab2e7fdecd01da9567_LINK:CONNECTOR,170,342,-1,a1a2bb9514d91811960b8430435c5309e740781608a83705f3b6b07308d315ba,03502fb599d4b513036ade56d0eac06e8cbd5ade6a2adbf028d5e2e588a11bcd
EP_240b1a6bd811ee31187830f8,SV5_INFILL_ROOM_00636997b68d562b57db,SV5_OPTIONAL_07,SV5_OPTIONAL_07,SV5_PLACE_09_0BAFE3A7FA93D31C_PORT_IN,SV5_INFILL_ROOM_00636997b68d562b57db_LINK:CONNECTOR,171,102,1,b19df80b05694b3dab8523691b71c4256843d88899e67006e529ef565fa3dc23,03502fb599d4b513036ade56d0eac06e8cbd5ade6a2adbf028d5e2e588a11bcd
EP_2d971a4d565c4b4e953a735e,SV5_INFILL_ROOM_00636997b68d562b57db,SV5_OPTIONAL_07,SV5_OPTIONAL_07,SV5_PLACE_09_0BAFE3A7FA93D31C_PORT_IN,SV5_INFILL_ROOM_00636997b68d562b57db_LINK:CONNECTOR,172,101,1,4313dbe81ca0c59e8b873fd852561e2b4e7d522f8b576c9ae8f028196dbb9999,03502fb599d4b513036ade56d0eac06e8cbd5ade6a2adbf028d5e2e588a11bcd
EP_c25448d52af12d78332e41d7,SV5_INFILL_ROOM_00636997b68d562b57db,SV5_OPTIONAL_07,SV5_OPTIONAL_07,SV5_PLACE_09_0BAFE3A7FA93D31C_PORT_IN,SV5_INFILL_ROOM_00636997b68d562b57db_LINK:CONNECTOR,172,101,-1,a048e0421fdb976ea756d6561c116e1288eeaba15f0e8bf42e3dee205bdaa228,03502fb599d4b513036ade56d0eac06e8cbd5ade6a2adbf028d5e2e588a11bcd
EP_2c77a1a5e73bf653c9f5d6cb,SV5_INFILL_ROOM_02587486b3c152380c1b,SV5_OPTIONAL_09,SV5_OPTIONAL_09,SV5_PLACE_08_3479F08218885852_PORT_OUT,SV5_INFILL_ROOM_02587486b3c152380c1b:DEAD_END,172,139,-1,bd8713fd01324c4936d46403376bde197c39c62fdd45b443b59a0fc5d1573b81,03502fb599d4b513036ade56d0eac06e8cbd5ade6a2adbf028d5e2e588a11bcd
EP_ee266246d2303f45dee09e6c,SV5_INFILL_ROOM_01ab2e7fdecd01da9567,SV5_OPTIONAL_12,SV5_OPTIONAL_12,SV5_PLACE_00_CD742119708C091F_PORT_OUT,SV5_INFILL_ROOM_01ab2e7fdecd01da9567:EMPTY_ROOM,172,343,-1,7dac92ee98da8b6bcfdd419573c46b786596b33a96c5d0acafee0e828a8a16ac,03502fb599d4b513036ade56d0eac06e8cbd5ade6a2adbf028d5e2e588a11bcd
EP_2aece25cf84e4670b523fa9e,SV5_INFILL_ROOM_190cf8428ea073484d80,SV5_OPTIONAL_07,SV5_OPTIONAL_07,SV5_PLACE_09_0BAFE3A7FA93D31C_PORT_IN,SV5_INFILL_ROOM_190cf8428ea073484d80_LINK:CONNECTOR,173,67,1,c41364ea76a13785408fcbd06d6fdd342e6b31a8e26007fc526acd4964fffe7b,03502fb599d4b513036ade56d0eac06e8cbd5ade6a2adbf028d5e2e588a11bcd
EP_57133af533dc2262118f5ab5,SV5_INFILL_ROOM_190cf8428ea073484d80,SV5_OPTIONAL_07,SV5_OPTIONAL_07,SV5_PLACE_09_0BAFE3A7FA93D31C_PORT_IN,SV5_INFILL_ROOM_190cf8428ea073484d80_LINK:CONNECTOR,174,68,-1,8fd16f53e518e0a10de0df0621786477f3674cb991933bcc8b8d288f53602b56,03502fb599d4b513036ade56d0eac06e8cbd5ade6a2adbf028d5e2e588a11bcd
EP_b2093d3375b67693b24c63b7,SV5_INFILL_ROOM_190cf8428ea073484d80,SV5_OPTIONAL_07,SV5_OPTIONAL_07,SV5_PLACE_09_0BAFE3A7FA93D31C_PORT_IN,SV5_INFILL_ROOM_190cf8428ea073484d80_LINK:CONNECTOR,174,68,1,825f0bff55ac3b875c8826c72d3562870f38da8dbbac72e69813ea33609f525d,03502fb599d4b513036ade56d0eac06e8cbd5ade6a2adbf028d5e2e588a11bcd
EP_1767e5c0ec37de90b6072fa1,SV5_INFILL_ROOM_00636997b68d562b57db,SV5_OPTIONAL_07,SV5_OPTIONAL_07,SV5_PLACE_09_0BAFE3A7FA93D31C_PORT_IN,SV5_INFILL_ROOM_00636997b68d562b57db_LINK:CONNECTOR,174,99,-1,9ed948ac0fa624b7c109a944a6f3db9f3796453e9817ef8e5a84fc2a1d933d75,03502fb599d4b513036ade56d0eac06e8cbd5ade6a2adbf028d5e2e588a11bcd
EP_bfe882ed500f4d6122e4fa0e,SV5_INFILL_ROOM_00636997b68d562b57db,SV5_OPTIONAL_07,SV5_OPTIONAL_07,SV5_PLACE_09_0BAFE3A7FA93D31C_PORT_IN,SV5_INFILL_ROOM_00636997b68d562b57db_LINK:CONNECTOR,174,99,1,437676854a26f9af039e83f14088e12a6b9e3aa9bebcc08fe0a008c40af99f1f,03502fb599d4b513036ade56d0eac06e8cbd5ade6a2adbf028d5e2e588a11bcd
EP_c4e30cfebc1d41d9eed94252,SV5_INFILL_ROOM_0033f24aa202678fd527,SV5_OPTIONAL_10,SV5_OPTIONAL_10,SV5_PLACE_01_90434AD281C2436C_PORT_IN,SV5_INFILL_ROOM_0033f24aa202678fd527_LINK:CONNECTOR,174,210,-1,0feb2421d576aec86db941068f7fb600df2f5732d0e9ae1630d3b9843e45fdf9,03502fb599d4b513036ade56d0eac06e8cbd5ade6a2adbf028d5e2e588a11bcd
EP_7a0bdbf598fbcb5e58924bc4,SV5_INFILL_ROOM_0093b9c559d99efd34f8,SV5_OPTIONAL_TO_VILLAGE,SV5_OPTIONAL_TO_VILLAGE,SV5_PLACE_05_D9CF52573FB5C952_PORT_OUT,SV5_INFILL_ROOM_0093b9c559d99efd34f8_LINK:CONNECTOR,174,373,1,19eaa6081807725f1dd70d14fcaa475f3f56edc7976461e32ff3d54eef901d5a,03502fb599d4b513036ade56d0eac06e8cbd5ade6a2adbf028d5e2e588a11bcd
EP_13890974b7a35e3e449187ca,SV5_INFILL_ROOM_190cf8428ea073484d80,SV5_OPTIONAL_07,SV5_OPTIONAL_07,SV5_PLACE_09_0BAFE3A7FA93D31C_PORT_IN,SV5_INFILL_ROOM_190cf8428ea073484d80_LINK:CONNECTOR,175,69,-1,44fc2fdba8b7ebc59781fafb148022f5409b75ae089fcef2e5cbca8d65658390,03502fb599d4b513036ade56d0eac06e8cbd5ade6a2adbf028d5e2e588a11bcd
EP_30b54847a150521001902330,SV5_INFILL_ROOM_190cf8428ea073484d80,SV5_OPTIONAL_07,SV5_OPTIONAL_07,SV5_PLACE_09_0BAFE3A7FA93D31C_PORT_IN,SV5_INFILL_ROOM_190cf8428ea073484d80_LINK:CONNECTOR,175,69,1,de183ef97474b91078301c339d1c0c1aa0e5a19a21a93b47f57f66e3dc11e7fa,03502fb599d4b513036ade56d0eac06e8cbd5ade6a2adbf028d5e2e588a11bcd
EP_f4d553accc7b08f798ddee1b,SV5_INFILL_ROOM_41bfb11db98643b33449,SV5_OPTIONAL_07,SV5_OPTIONAL_07,SV5_PLACE_09_0BAFE3A7FA93D31C_PORT_IN,SV5_INFILL_ROOM_41bfb11db98643b33449_LINK:CONNECTOR,175,87,1,7c3be36e911488eb558a033ea5c0d2b53c46b5121a8d4eda3b4241f3e520131d,03502fb599d4b513036ade56d0eac06e8cbd5ade6a2adbf028d5e2e588a11bcd
EP_030bf261541c3c1eeb7203f6,SV5_INFILL_ROOM_0033f24aa202678fd527,SV5_OPTIONAL_10,SV5_OPTIONAL_10,SV5_PLACE_01_90434AD281C2436C_PORT_IN,SV5_INFILL_ROOM_0033f24aa202678fd527:EMPTY_ROOM,176,211,-1,d218f52a3c662bcac23eda9737a487f0dfc8c1601d9bee853c3926a5306cdce8,03502fb599d4b513036ade56d0eac06e8cbd5ade6a2adbf028d5e2e588a11bcd
EP_29dcfc019f9413fbf7dc83c7,SV5_INFILL_ROOM_0093b9c559d99efd34f8,SV5_OPTIONAL_TO_VILLAGE,SV5_OPTIONAL_TO_VILLAGE,SV5_PLACE_05_D9CF52573FB5C952_PORT_OUT,SV5_INFILL_ROOM_0093b9c559d99efd34f8_LINK:CONNECTOR,176,371,-1,5b7f3d11f1e915146120a18db3834612787129c4b89bdefb9e8be46888eea44f,03502fb599d4b513036ade56d0eac06e8cbd5ade6a2adbf028d5e2e588a11bcd
EP_7b6896f2bd84f2adb361b692,SV5_INFILL_ROOM_0093b9c559d99efd34f8,SV5_OPTIONAL_TO_VILLAGE,SV5_OPTIONAL_TO_VILLAGE,SV5_PLACE_05_D9CF52573FB5C952_PORT_OUT,SV5_INFILL_ROOM_0093b9c559d99efd34f8_LINK:CONNECTOR,176,371,1,191b7f87cecb691a90c1bf85109dbcc416b4907b2dd31b0d3c4e59d7661c838e,03502fb599d4b513036ade56d0eac06e8cbd5ade6a2adbf028d5e2e588a11bcd
EP_c5ab43962d64210801b0f672,SV5_INFILL_ROOM_190cf8428ea073484d80,SV5_OPTIONAL_07,SV5_OPTIONAL_07,SV5_PLACE_09_0BAFE3A7FA93D31C_PORT_IN,SV5_INFILL_ROOM_190cf8428ea073484d80_LINK:CONNECTOR,177,71,-1,d75e616940dd5cca36ef661af5da487a724c37ae32fddb7c35010b55ba6b6b70,03502fb599d4b513036ade56d0eac06e8cbd5ade6a2adbf028d5e2e588a11bcd
EP_e9194227272ac5a20b0fc8e3,SV5_INFILL_ROOM_190cf8428ea073484d80,SV5_OPTIONAL_07,SV5_OPTIONAL_07,SV5_PLACE_09_0BAFE3A7FA93D31C_PORT_IN,SV5_INFILL_ROOM_190cf8428ea073484d80_LINK:CONNECTOR,177,71,1,419d1e95c385222df0719824dd4e43464dfe7c37853fd10735c79f1bbef5cf0a,03502fb599d4b513036ade56d0eac06e8cbd5ade6a2adbf028d5e2e588a11bcd
EP_876970decdb951cbefe90583,SV5_INFILL_ROOM_0093b9c559d99efd34f8,SV5_OPTIONAL_TO_VILLAGE,SV5_OPTIONAL_TO_VILLAGE,SV5_PLACE_05_D9CF52573FB5C952_PORT_OUT,SV5_INFILL_ROOM_0093b9c559d99efd34f8_LINK:CONNECTOR,177,370,1,0a8dc4593eeb8246ee367c1ca85ef3141b83480437fee5487ea7d06c6526c723,03502fb599d4b513036ade56d0eac06e8cbd5ade6a2adbf028d5e2e588a11bcd
EP_aefa1adc389625e6498e112b,SV5_INFILL_ROOM_0093b9c559d99efd34f8,SV5_OPTIONAL_TO_VILLAGE,SV5_OPTIONAL_TO_VILLAGE,SV5_PLACE_05_D9CF52573FB5C952_PORT_OUT,SV5_INFILL_ROOM_0093b9c559d99efd34f8_LINK:CONNECTOR,177,370,-1,36828a18b92719a4ca9d19595592309e01765fe40505a551d4a38600748ccec9,03502fb599d4b513036ade56d0eac06e8cbd5ade6a2adbf028d5e2e588a11bcd
EP_742da2a96f6825a6a070ca40,SV5_INFILL_ROOM_0093b9c559d99efd34f8,SV5_OPTIONAL_TO_VILLAGE,SV5_OPTIONAL_TO_VILLAGE,SV5_PLACE_05_D9CF52573FB5C952_PORT_OUT,SV5_INFILL_ROOM_0093b9c559d99efd34f8_LINK:CONNECTOR,178,369,1,33bb58f09b3534dfb0291d0a4a297a63e27f47929d14b9fbdc27870bdf65147f,03502fb599d4b513036ade56d0eac06e8cbd5ade6a2adbf028d5e2e588a11bcd
EP_79a2d54da474899376fd71df,SV5_INFILL_ROOM_0093b9c559d99efd34f8,SV5_OPTIONAL_TO_VILLAGE,SV5_OPTIONAL_TO_VILLAGE,SV5_PLACE_05_D9CF52573FB5C952_PORT_OUT,SV5_INFILL_ROOM_0093b9c559d99efd34f8_LINK:CONNECTOR,178,369,-1,4bae4a5b466debfa56b36a76b488b757393b87826fa02710d32fe37a6d5f7716,03502fb599d4b513036ade56d0eac06e8cbd5ade6a2adbf028d5e2e588a11bcd
EP_9befccc69d70351e8e17db90,SV5_INFILL_ROOM_0024793eb465e7cf43f8,SV5_OPTIONAL_06,SV5_OPTIONAL_06,SV5_PLACE_13_97A1D09E3197EA92_PORT_IN,SV5_INFILL_ROOM_0024793eb465e7cf43f8:DEAD_END,179,15,1,f5afffbce85d941d63b129416c6de3429448d4d265d6b77a4123b619897320a4,03502fb599d4b513036ade56d0eac06e8cbd5ade6a2adbf028d5e2e588a11bcd
EP_19259d7bbe52e7a6b363fa06,SV5_INFILL_ROOM_04458846b0c9a081817d,SV5_OPTIONAL_07,SV5_OPTIONAL_07,SV5_PLACE_09_0BAFE3A7FA93D31C_PORT_IN,SV5_INFILL_ROOM_04458846b0c9a081817d_LINK:CONNECTOR,179,87,-1,156a5cec96f65ad131860d2b29eab32431a0d364f69105ea4e286946e7156cae,03502fb599d4b513036ade56d0eac06e8cbd5ade6a2adbf028d5e2e588a11bcd
EP_59692f8470e3be323079cece,SV5_INFILL_ROOM_0093b9c559d99efd34f8,SV5_OPTIONAL_TO_VILLAGE,SV5_OPTIONAL_TO_VILLAGE,SV5_PLACE_05_D9CF52573FB5C952_PORT_OUT,SV5_INFILL_ROOM_0093b9c559d99efd34f8_LINK:CONNECTOR,179,368,-1,15ad68ab986831e5112fde73d8d18b511c64f205c481b0aed7d7be1415e47c62,03502fb599d4b513036ade56d0eac06e8cbd5ade6a2adbf028d5e2e588a11bcd
EP_7de2baf0a2d178a8d9dee69b,SV5_INFILL_ROOM_077c8203eda478d84a8a,SV5_OPTIONAL_TO_VILLAGE,SV5_OPTIONAL_TO_VILLAGE,SV5_PLACE_05_D9CF52573FB5C952_PORT_OUT,SV5_INFILL_ROOM_077c8203eda478d84a8a:SMALL_CAVE,180,367,-1,81d99169ac21852274370b137fd84b38827143a409f5e24a5dc0834bb6f7d53a,03502fb599d4b513036ade56d0eac06e8cbd5ade6a2adbf028d5e2e588a11bcd
EP_44508332e6fd6889e8963ac3,SV5_INFILL_ROOM_0024793eb465e7cf43f8,SV5_OPTIONAL_06,SV5_OPTIONAL_06,SV5_PLACE_13_97A1D09E3197EA92_PORT_IN,SV5_INFILL_ROOM_0024793eb465e7cf43f8_LINK:CONNECTOR,181,14,1,e44f83cc68ba5e680ca74523fbeb6cd5c83a77e38513401a479086b40a2d0953,03502fb599d4b513036ade56d0eac06e8cbd5ade6a2adbf028d5e2e588a11bcd
EP_344b5664039789ab1f4323f5,SV5_INFILL_ROOM_0024793eb465e7cf43f8,SV5_OPTIONAL_06,SV5_OPTIONAL_06,SV5_PLACE_13_97A1D09E3197EA92_PORT_IN,SV5_INFILL_ROOM_0024793eb465e7cf43f8_LINK:CONNECTOR,182,13,1,47b4a4dff12dc793498d39888b68cc6dacf7ccb561b56cffd5ffd592ad7d3baf,03502fb599d4b513036ade56d0eac06e8cbd5ade6a2adbf028d5e2e588a11bcd
EP_fe6628694f812905f44bbbc9,SV5_INFILL_ROOM_0024793eb465e7cf43f8,SV5_OPTIONAL_06,SV5_OPTIONAL_06,SV5_PLACE_13_97A1D09E3197EA92_PORT_IN,SV5_INFILL_ROOM_0024793eb465e7cf43f8_LINK:CONNECTOR,182,13,-1,dd340f4bf6b893638621640323434a99e3377f7c809c12bd44fa9378f1be5506,03502fb599d4b513036ade56d0eac06e8cbd5ade6a2adbf028d5e2e588a11bcd
EP_2d6b76790f5634c648a933ae,SV5_INFILL_ROOM_0024793eb465e7cf43f8,SV5_OPTIONAL_06,SV5_OPTIONAL_06,SV5_PLACE_13_97A1D09E3197EA92_PORT_IN,SV5_INFILL_ROOM_0024793eb465e7cf43f8_LINK:CONNECTOR,183,12,-1,9ffa4dc52dc3f4738bb3afe26f17896d865e1892224a65088e6128f1655c3232,03502fb599d4b513036ade56d0eac06e8cbd5ade6a2adbf028d5e2e588a11bcd
EP_cae8f30bb066a06173045171,SV5_INFILL_ROOM_0024793eb465e7cf43f8,SV5_OPTIONAL_06,SV5_OPTIONAL_06,SV5_PLACE_13_97A1D09E3197EA92_PORT_IN,SV5_INFILL_ROOM_0024793eb465e7cf43f8_LINK:CONNECTOR,183,12,1,da4a310339906068ade0dd9c23162f3a983c0c306053e391c64ce18553c252d3,03502fb599d4b513036ade56d0eac06e8cbd5ade6a2adbf028d5e2e588a11bcd
EP_47b311739593fc7e05d28678,SV5_INFILL_ROOM_01f1deda8d91f26fc910,SV5_OPTIONAL_12,SV5_OPTIONAL_12,SV5_PLACE_00_CD742119708C091F_PORT_OUT,SV5_INFILL_ROOM_01f1deda8d91f26fc910:DEAD_END,183,283,1,5ccba5d497769dd19197d8f47635dfb1061d6d12aec3f3cecb4aeea1b82dcf93,03502fb599d4b513036ade56d0eac06e8cbd5ade6a2adbf028d5e2e588a11bcd
EP_9eea8744e06e52968607cacc,SV5_INFILL_ROOM_019f7dfb6c5038fd6bbb,SV5_OPTIONAL_06,SV5_OPTIONAL_06,SV5_PLACE_13_97A1D09E3197EA92_PORT_IN,SV5_INFILL_ROOM_019f7dfb6c5038fd6bbb:EMPTY_ROOM,184,11,-1,2a6be9b740c382f4ffa0463e6d92b84d59c6884f7b4f89f23b7925f8761b5095,03502fb599d4b513036ade56d0eac06e8cbd5ade6a2adbf028d5e2e588a11bcd
EP_7d71048a919a18d048ee8e07,SV5_INFILL_ROOM_0584c23697100b09d0ae,SV5_OPTIONAL_06,SV5_OPTIONAL_06,SV5_PLACE_13_97A1D09E3197EA92_PORT_IN,SV5_INFILL_ROOM_0584c23697100b09d0ae_LINK:CONNECTOR,184,51,1,831c197018223008da10d657431a9db8b1c34d77f73b92872259c7b50a776ff8,03502fb599d4b513036ade56d0eac06e8cbd5ade6a2adbf028d5e2e588a11bcd
EP_470b48ce1de3bf18613e2b3f,SV5_INFILL_ROOM_088b52ae78584124831f,SV5_OPTIONAL_12,SV5_OPTIONAL_12,SV5_PLACE_00_CD742119708C091F_PORT_OUT,SV5_INFILL_ROOM_088b52ae78584124831f_LINK:CONNECTOR,184,282,1,3ff4efa0ad8c239fe10a05d768015f4af4217324b92ebea35a2896632ce3f6ec,03502fb599d4b513036ade56d0eac06e8cbd5ade6a2adbf028d5e2e588a11bcd
EP_91016d432159749f9a5436a0,SV5_INFILL_ROOM_088b52ae78584124831f,SV5_OPTIONAL_12,SV5_OPTIONAL_12,SV5_PLACE_00_CD742119708C091F_PORT_OUT,SV5_INFILL_ROOM_088b52ae78584124831f_LINK:CONNECTOR,184,282,-1,33e742c580a799da52d434694a2e4232c0041af37bb0cf65ca97ac0d55f1b28c,03502fb599d4b513036ade56d0eac06e8cbd5ade6a2adbf028d5e2e588a11bcd
EP_30a7d3bcabf02c8412f03c28,SV5_INFILL_ROOM_0584c23697100b09d0ae,SV5_OPTIONAL_06,SV5_OPTIONAL_06,SV5_PLACE_13_97A1D09E3197EA92_PORT_IN,SV5_INFILL_ROOM_0584c23697100b09d0ae_LINK:CONNECTOR,185,52,1,8ad4545202d823c52763322aaafa828b35abf648b5026ca3a5ff3b54f78da653,03502fb599d4b513036ade56d0eac06e8cbd5ade6a2adbf028d5e2e588a11bcd
EP_f94dde3e74137fdf857615d0,SV5_INFILL_ROOM_0584c23697100b09d0ae,SV5_OPTIONAL_06,SV5_OPTIONAL_06,SV5_PLACE_13_97A1D09E3197EA92_PORT_IN,SV5_INFILL_ROOM_0584c23697100b09d0ae_LINK:CONNECTOR,185,52,-1,1def53673a6c04f36d2d8f69e38e5b7c7cae74948fce027cb1eaf43b8c6a4082,03502fb599d4b513036ade56d0eac06e8cbd5ade6a2adbf028d5e2e588a11bcd
EP_ad590818f17177b158c25569,SV5_INFILL_ROOM_088b52ae78584124831f,SV5_OPTIONAL_12,SV5_OPTIONAL_12,SV5_PLACE_00_CD742119708C091F_PORT_OUT,SV5_INFILL_ROOM_088b52ae78584124831f_LINK:CONNECTOR,185,281,-1,55ee7e534e939a7618815e64232c6767024e9c51fe6abd9bb7aa4f68a693cf7f,03502fb599d4b513036ade56d0eac06e8cbd5ade6a2adbf028d5e2e588a11bcd
EP_050e8b76dc9883107fdae107,SV5_INFILL_ROOM_0584c23697100b09d0ae,SV5_OPTIONAL_06,SV5_OPTIONAL_06,SV5_PLACE_13_97A1D09E3197EA92_PORT_IN,SV5_INFILL_ROOM_0584c23697100b09d0ae_LINK:CONNECTOR,186,53,1,3dccee303db3eb7f329916571c69d2fa052e71d03b6f7c5db31297dbd7590439,03502fb599d4b513036ade56d0eac06e8cbd5ade6a2adbf028d5e2e588a11bcd
EP_eae897a9865d2a32198d39e4,SV5_INFILL_ROOM_0584c23697100b09d0ae,SV5_OPTIONAL_06,SV5_OPTIONAL_06,SV5_PLACE_13_97A1D09E3197EA92_PORT_IN,SV5_INFILL_ROOM_0584c23697100b09d0ae_LINK:CONNECTOR,186,53,-1,3b9b0a9b570f3c5cb3988160de133c462b56060270e694751f375f9502dc2e92,03502fb599d4b513036ade56d0eac06e8cbd5ade6a2adbf028d5e2e588a11bcd
EP_067cd0dcb45e20451bfb6994,SV5_INFILL_ROOM_088b52ae78584124831f,SV5_OPTIONAL_12,SV5_OPTIONAL_12,SV5_PLACE_00_CD742119708C091F_PORT_OUT,SV5_INFILL_ROOM_088b52ae78584124831f_LINK:CONNECTOR,186,280,-1,30b88d5548edf6b3c65e298d0917bc70be6916b2fa460e73d29b099369821812,03502fb599d4b513036ade56d0eac06e8cbd5ade6a2adbf028d5e2e588a11bcd
EP_1bfbd5ab228067c58e890db6,SV5_INFILL_ROOM_088b52ae78584124831f,SV5_OPTIONAL_12,SV5_OPTIONAL_12,SV5_PLACE_00_CD742119708C091F_PORT_OUT,SV5_INFILL_ROOM_088b52ae78584124831f_LINK:CONNECTOR,186,280,1,571562eb1d1b36c0a68c93fe9cc2c18eeb554b971fe0c6214b51438f59290987,03502fb599d4b513036ade56d0eac06e8cbd5ade6a2adbf028d5e2e588a11bcd
EP_3190f8a003dc5b4fd876b546,SV5_INFILL_ROOM_03f794e9844c481d8faa,SV5_OPTIONAL_06,SV5_OPTIONAL_06,SV5_PLACE_13_97A1D09E3197EA92_PORT_IN,SV5_INFILL_ROOM_03f794e9844c481d8faa:SMALL_CAVE,187,31,1,51d8a3df7c71727968188b1e1fbbeb605894383a4925e8105b1712247d7a8917,03502fb599d4b513036ade56d0eac06e8cbd5ade6a2adbf028d5e2e588a11bcd
EP_0f9cd5c99fe2eb8eeee3ae5e,SV5_INFILL_ROOM_0584c23697100b09d0ae,SV5_OPTIONAL_06,SV5_OPTIONAL_06,SV5_PLACE_13_97A1D09E3197EA92_PORT_IN,SV5_INFILL_ROOM_0584c23697100b09d0ae_LINK:CONNECTOR,187,54,1,d5a239191cb63ce80b717fcf8fa7e562caf0b5d10a531ec681a81f272a064060,03502fb599d4b513036ade56d0eac06e8cbd5ade6a2adbf028d5e2e588a11bcd
EP_a19a1cc0a9d89fc7f4311f8d,SV5_INFILL_ROOM_0584c23697100b09d0ae,SV5_OPTIONAL_06,SV5_OPTIONAL_06,SV5_PLACE_13_97A1D09E3197EA92_PORT_IN,SV5_INFILL_ROOM_0584c23697100b09d0ae_LINK:CONNECTOR,187,54,-1,2ea9864b92933533de60dee02b4d643c273a171c0b08353a34b8ed79660745e9,03502fb599d4b513036ade56d0eac06e8cbd5ade6a2adbf028d5e2e588a11bcd
EP_fa8a8f8e666ad20f0cf7aa04,SV5_INFILL_ROOM_02587486b3c152380c1b,SV5_OPTIONAL_09,SV5_OPTIONAL_09,SV5_PLACE_08_3479F08218885852_PORT_OUT,SV5_INFILL_ROOM_02587486b3c152380c1b:DEAD_END,187,139,1,9a519bbe0b73150e6428bc9a06c6961b030e6a1102fdb8b6d72011f68e4b80af,03502fb599d4b513036ade56d0eac06e8cbd5ade6a2adbf028d5e2e588a11bcd
EP_f9bd9993cf7e79b029f51aee,SV5_INFILL_ROOM_04aa6c25103dea14b6e1,SV5_OPTIONAL_09,SV5_OPTIONAL_09,SV5_PLACE_12_391D0CF7A4422180_PORT_IN,SV5_INFILL_ROOM_04aa6c25103dea14b6e1:LANDING,187,165,1,c6e2ee1c7cb75d6f4b83460a4738ab8f2bc38ca9f3224b3d0c3344cc05f37a00,03502fb599d4b513036ade56d0eac06e8cbd5ade6a2adbf028d5e2e588a11bcd
EP_88e73dc6799484f6481de32d,SV5_INFILL_ROOM_0096ec3a665cb4efc92b,SV5_OPTIONAL_10,SV5_OPTIONAL_10,SV5_PLACE_12_391D0CF7A4422180_PORT_OUT,SV5_INFILL_ROOM_0096ec3a665cb4efc92b:EMPTY_ROOM,187,191,1,210fe532be9782b558c1f3e0c907abee1933d9749ba2c6fd27823b720256109d,03502fb599d4b513036ade56d0eac06e8cbd5ade6a2adbf028d5e2e588a11bcd
EP_954315508ee3192460554db0,SV5_INFILL_ROOM_088b52ae78584124831f,SV5_OPTIONAL_12,SV5_OPTIONAL_12,SV5_PLACE_00_CD742119708C091F_PORT_OUT,SV5_INFILL_ROOM_088b52ae78584124831f_LINK:CONNECTOR,187,279,1,3467e7744fa51d0eafbb3a36f16deb69a3b3fd133e13f3d55915630cf2624f17,03502fb599d4b513036ade56d0eac06e8cbd5ade6a2adbf028d5e2e588a11bcd
EP_03bc9d539b3557be517ad78b,SV5_INFILL_ROOM_01ab2e7fdecd01da9567,SV5_OPTIONAL_12,SV5_OPTIONAL_12,SV5_PLACE_00_CD742119708C091F_PORT_OUT,SV5_INFILL_ROOM_01ab2e7fdecd01da9567:EMPTY_ROOM,187,343,1,b18a636ca42a4e2a9ba6938aed711c7adc6a9729ab30df640dad41f0d8435b17,03502fb599d4b513036ade56d0eac06e8cbd5ade6a2adbf028d5e2e588a11bcd
EP_34e8d3b651c74a78a94ba900,SV5_INFILL_ROOM_01c1477b3c55cfc6e110,SV5_OPTIONAL_09,SV5_OPTIONAL_09,SV5_PLACE_08_3479F08218885852_PORT_OUT,SV5_INFILL_ROOM_01c1477b3c55cfc6e110_LINK:CONNECTOR,188,138,-1,1938feb87edd97e3517d3d97b76b9e8a802b0c51768c06ff2335fefa955e3db4,03502fb599d4b513036ade56d0eac06e8cbd5ade6a2adbf028d5e2e588a11bcd
EP_3e2b9e61dc6613587ff95246,SV5_INFILL_ROOM_046d6d59228be1a29d93,SV5_OPTIONAL_09,SV5_OPTIONAL_09,SV5_PLACE_12_391D0CF7A4422180_PORT_IN,SV5_INFILL_ROOM_046d6d59228be1a29d93_LINK:CONNECTOR,188,166,-1,2498258e14469adfdfd9bbe9ff17464be0383c2281cae68f5dfcf1837afddb89,03502fb599d4b513036ade56d0eac06e8cbd5ade6a2adbf028d5e2e588a11bcd
EP_af7adab3ee7845c78e35dd27,SV5_INFILL_ROOM_046d6d59228be1a29d93,SV5_OPTIONAL_09,SV5_OPTIONAL_09,SV5_PLACE_12_391D0CF7A4422180_PORT_IN,SV5_INFILL_ROOM_046d6d59228be1a29d93_LINK:CONNECTOR,188,166,1,4e45b999eec3bb1a38dfe4ba3e71a3011f55e5fa49293f876adb271899afb76b,03502fb599d4b513036ade56d0eac06e8cbd5ade6a2adbf028d5e2e588a11bcd
EP_98b0a085c604d0ac1c103367,SV5_INFILL_ROOM_02515634e73d42bbbebe,SV5_OPTIONAL_10,SV5_OPTIONAL_10,SV5_PLACE_12_391D0CF7A4422180_PORT_OUT,SV5_INFILL_ROOM_02515634e73d42bbbebe_LINK:CONNECTOR,188,192,-1,d4ad90e9963a00923f1c60664c818cfed73f371bf48dc0cf97a80ddfab2e9b9a,03502fb599d4b513036ade56d0eac06e8cbd5ade6a2adbf028d5e2e588a11bcd
EP_eafd6e3395aac3b73682dd9a,SV5_INFILL_ROOM_02515634e73d42bbbebe,SV5_OPTIONAL_10,SV5_OPTIONAL_10,SV5_PLACE_12_391D0CF7A4422180_PORT_OUT,SV5_INFILL_ROOM_02515634e73d42bbbebe_LINK:CONNECTOR,188,192,1,598f4a32bab5927f069abff65cc64dbb39a25642523931f37299f137ea9bca99,03502fb599d4b513036ade56d0eac06e8cbd5ade6a2adbf028d5e2e588a11bcd
EP_c0e927643e124a2cb7319dbe,SV5_INFILL_ROOM_062a3c2e546c33beff13,SV5_OPTIONAL_12,SV5_OPTIONAL_12,SV5_PLACE_00_CD742119708C091F_PORT_OUT,SV5_INFILL_ROOM_062a3c2e546c33beff13_LINK:CONNECTOR,188,344,-1,8f272774f7a411a6fce3302a8e2ac4f8b4dfe77a69670a13e5dae884f68b53e3,03502fb599d4b513036ade56d0eac06e8cbd5ade6a2adbf028d5e2e588a11bcd
EP_f80940c45ed062cef03e0168,SV5_INFILL_ROOM_062a3c2e546c33beff13,SV5_OPTIONAL_12,SV5_OPTIONAL_12,SV5_PLACE_00_CD742119708C091F_PORT_OUT,SV5_INFILL_ROOM_062a3c2e546c33beff13_LINK:CONNECTOR,188,344,1,55edd353a41815069c5cae72cc5e8d954d7ef82a4a492f946c1f20e3bf00efe6,03502fb599d4b513036ade56d0eac06e8cbd5ade6a2adbf028d5e2e588a11bcd
EP_1bf430c5e585e1f672727396,SV5_INFILL_ROOM_01c1477b3c55cfc6e110,SV5_OPTIONAL_09,SV5_OPTIONAL_09,SV5_PLACE_08_3479F08218885852_PORT_OUT,SV5_INFILL_ROOM_01c1477b3c55cfc6e110_LINK:CONNECTOR,189,137,-1,2c757f03a480adbdfa35e70c3c39d84d24b9f2277e399a833e1fdc6ce349287b,03502fb599d4b513036ade56d0eac06e8cbd5ade6a2adbf028d5e2e588a11bcd
EP_851aee0a5760f6b59727940c,SV5_INFILL_ROOM_046d6d59228be1a29d93,SV5_OPTIONAL_09,SV5_OPTIONAL_09,SV5_PLACE_12_391D0CF7A4422180_PORT_IN,SV5_INFILL_ROOM_046d6d59228be1a29d93_LINK:CONNECTOR,189,167,-1,5974197b84d8d9ecbe5391d73933f9b6fbc19928b1a16ada9b70560edeaa7f7d,03502fb599d4b513036ade56d0eac06e8cbd5ade6a2adbf028d5e2e588a11bcd
EP_4ae7981b92253a024fec6a4b,SV5_INFILL_ROOM_02515634e73d42bbbebe,SV5_OPTIONAL_10,SV5_OPTIONAL_10,SV5_PLACE_12_391D0CF7A4422180_PORT_OUT,SV5_INFILL_ROOM_02515634e73d42bbbebe_LINK:CONNECTOR,189,193,-1,5cff89a4d75a76f814cc7f1fac7607619f5fc4ee1a5513b3043ca616bed2906f,03502fb599d4b513036ade56d0eac06e8cbd5ade6a2adbf028d5e2e588a11bcd
EP_94af03e305efe2b0af1b9233,SV5_INFILL_ROOM_02515634e73d42bbbebe,SV5_OPTIONAL_10,SV5_OPTIONAL_10,SV5_PLACE_12_391D0CF7A4422180_PORT_OUT,SV5_INFILL_ROOM_02515634e73d42bbbebe_LINK:CONNECTOR,189,193,1,2b0048a9ad71e78c97b25b68e2796b738804eaade52d4396ba06fd2e6b1a13f7,03502fb599d4b513036ade56d0eac06e8cbd5ade6a2adbf028d5e2e588a11bcd
EP_e5562c30d26fb562e74800c4,SV5_INFILL_ROOM_088b52ae78584124831f,SV5_OPTIONAL_12,SV5_OPTIONAL_12,SV5_PLACE_00_CD742119708C091F_PORT_OUT,SV5_INFILL_ROOM_088b52ae78584124831f_LINK:CONNECTOR,189,277,-1,0e5092258453e66656e97282f561079fa9b565f97ca7828f2c7b727e917f6d33,03502fb599d4b513036ade56d0eac06e8cbd5ade6a2adbf028d5e2e588a11bcd
EP_52e4aa9df3fd4712887cd462,SV5_INFILL_ROOM_062a3c2e546c33beff13,SV5_OPTIONAL_12,SV5_OPTIONAL_12,SV5_PLACE_00_CD742119708C091F_PORT_OUT,SV5_INFILL_ROOM_062a3c2e546c33beff13_LINK:CONNECTOR,189,345,-1,f4906a9ac8219ba04e88282d955124e8d5cbf456fe4ecec9715e6e6ec23b0194,03502fb599d4b513036ade56d0eac06e8cbd5ade6a2adbf028d5e2e588a11bcd
EP_8776715214945c7106e4655c,SV5_INFILL_ROOM_062a3c2e546c33beff13,SV5_OPTIONAL_12,SV5_OPTIONAL_12,SV5_PLACE_00_CD742119708C091F_PORT_OUT,SV5_INFILL_ROOM_062a3c2e546c33beff13_LINK:CONNECTOR,189,345,1,d7ddc6861c6520856a7209d7a8a446334c12c565734c3732ca8a9c59bd42e88a,03502fb599d4b513036ade56d0eac06e8cbd5ade6a2adbf028d5e2e588a11bcd
EP_7514e0d7d08d51aee4a8517d,SV5_INFILL_ROOM_046d6d59228be1a29d93,SV5_OPTIONAL_09,SV5_OPTIONAL_09,SV5_PLACE_12_391D0CF7A4422180_PORT_IN,SV5_INFILL_ROOM_046d6d59228be1a29d93_LINK:CONNECTOR,190,168,1,128d36b64dc775362a9806e4980122d298c8bd64a6a97086953e3fc6b1abc5f5,03502fb599d4b513036ade56d0eac06e8cbd5ade6a2adbf028d5e2e588a11bcd
EP_a7e26bced77fdef1b875c329,SV5_INFILL_ROOM_046d6d59228be1a29d93,SV5_OPTIONAL_09,SV5_OPTIONAL_09,SV5_PLACE_12_391D0CF7A4422180_PORT_IN,SV5_INFILL_ROOM_046d6d59228be1a29d93_LINK:CONNECTOR,190,168,-1,54653b62f1ba83590e00c32d0eb224a46cf497e380e284fbcd1096ffe990c601,03502fb599d4b513036ade56d0eac06e8cbd5ade6a2adbf028d5e2e588a11bcd
EP_1b46a2bec7dc065d56e75b14,SV5_INFILL_ROOM_02515634e73d42bbbebe,SV5_OPTIONAL_10,SV5_OPTIONAL_10,SV5_PLACE_12_391D0CF7A4422180_PORT_OUT,SV5_INFILL_ROOM_02515634e73d42bbbebe_LINK:CONNECTOR,190,194,-1,d95c5f5c4e9487037aca243fa36e7a037c8a28a7e26052ad5ce549adcf8fcabb,03502fb599d4b513036ade56d0eac06e8cbd5ade6a2adbf028d5e2e588a11bcd
EP_8aa025bd971c141502d64f83,SV5_INFILL_ROOM_088b52ae78584124831f,SV5_OPTIONAL_12,SV5_OPTIONAL_12,SV5_PLACE_00_CD742119708C091F_PORT_OUT,SV5_INFILL_ROOM_088b52ae78584124831f_LINK:CONNECTOR,190,276,-1,5cf0038f02c555d750cd09aac3211ea6f1174bb846a7512286ec02f99170e5cd,03502fb599d4b513036ade56d0eac06e8cbd5ade6a2adbf028d5e2e588a11bcd
EP_e4082b3d5019ee7662eb0785,SV5_INFILL_ROOM_062a3c2e546c33beff13,SV5_OPTIONAL_12,SV5_OPTIONAL_12,SV5_PLACE_00_CD742119708C091F_PORT_OUT,SV5_INFILL_ROOM_062a3c2e546c33beff13_LINK:CONNECTOR,190,346,-1,d9d4ee1b9c898b499ae574a6bd46b8281c75a57b75bfadc1eb8c4baa5e51a8eb,03502fb599d4b513036ade56d0eac06e8cbd5ade6a2adbf028d5e2e588a11bcd
EP_c0710b1d75bb005fde97eaae,SV5_INFILL_ROOM_01c1477b3c55cfc6e110,SV5_OPTIONAL_09,SV5_OPTIONAL_09,SV5_PLACE_08_3479F08218885852_PORT_OUT,SV5_INFILL_ROOM_01c1477b3c55cfc6e110_LINK:CONNECTOR,191,135,1,4b5937c0baef04f1224b6c82e2ea0f66539c1f4c4f6733ddd14ea5664826ea26,03502fb599d4b513036ade56d0eac06e8cbd5ade6a2adbf028d5e2e588a11bcd
EP_81ab74d9993d7f361e464b94,SV5_INFILL_ROOM_046d6d59228be1a29d93,SV5_OPTIONAL_09,SV5_OPTIONAL_09,SV5_PLACE_12_391D0CF7A4422180_PORT_IN,SV5_INFILL_ROOM_046d6d59228be1a29d93_LINK:CONNECTOR,191,169,-1,080d0074f74f87ee92a782156dea2f991c6e7ccfd5c9da05d5a0545edc567db2,03502fb599d4b513036ade56d0eac06e8cbd5ade6a2adbf028d5e2e588a11bcd
EP_4da06630d8115676fb32b9f3,SV5_INFILL_ROOM_01c1477b3c55cfc6e110,SV5_OPTIONAL_09,SV5_OPTIONAL_09,SV5_PLACE_08_3479F08218885852_PORT_OUT,SV5_INFILL_ROOM_01c1477b3c55cfc6e110_LINK:CONNECTOR,192,134,1,22b4c2e636a13ad770c1b93c7ae9b2e159a8b60cfaa965c0809d23a4585ff3c3,03502fb599d4b513036ade56d0eac06e8cbd5ade6a2adbf028d5e2e588a11bcd
EP_d84d8b60f8fed6b5571a8f67,SV5_INFILL_ROOM_046d6d59228be1a29d93,SV5_OPTIONAL_09,SV5_OPTIONAL_09,SV5_PLACE_12_391D0CF7A4422180_PORT_IN,SV5_INFILL_ROOM_046d6d59228be1a29d93_LINK:CONNECTOR,192,170,-1,6d0b05e78f6bc4dd9c7ea07b3feffe8f76665dbc38766a559cf75699ffb2c853,03502fb599d4b513036ade56d0eac06e8cbd5ade6a2adbf028d5e2e588a11bcd
EP_689529bc08827ebd25aab9f4,SV5_INFILL_ROOM_062a3c2e546c33beff13,SV5_OPTIONAL_12,SV5_OPTIONAL_12,SV5_PLACE_00_CD742119708C091F_PORT_OUT,SV5_INFILL_ROOM_062a3c2e546c33beff13:EMPTY_ROOM,192,347,-1,a08ed9a77f37187db4aee81bb7048805b72da9ef699bd6a0d5f114aa48724131,03502fb599d4b513036ade56d0eac06e8cbd5ade6a2adbf028d5e2e588a11bcd
EP_1451b9a9a90dee10046c0cb3,SV5_INFILL_ROOM_01c1477b3c55cfc6e110,SV5_OPTIONAL_09,SV5_OPTIONAL_09,SV5_PLACE_08_3479F08218885852_PORT_OUT,SV5_INFILL_ROOM_01c1477b3c55cfc6e110_LINK:CONNECTOR,193,133,-1,0372625aa6532f7988425dabbd21410609d90e9948cf97de616a1656b6be953f,03502fb599d4b513036ade56d0eac06e8cbd5ade6a2adbf028d5e2e588a11bcd
EP_a29b7a7b66487444497b227e,SV5_INFILL_ROOM_01c1477b3c55cfc6e110,SV5_OPTIONAL_09,SV5_OPTIONAL_09,SV5_PLACE_08_3479F08218885852_PORT_OUT,SV5_INFILL_ROOM_01c1477b3c55cfc6e110_LINK:CONNECTOR,193,133,1,84ead77786af3ef0b048004dbe78c76384692a6c972acf3c3d447ba1392a2f13,03502fb599d4b513036ade56d0eac06e8cbd5ade6a2adbf028d5e2e588a11bcd
EP_ee4b578b41061b03811f9b7e,SV5_INFILL_ROOM_01c1477b3c55cfc6e110,SV5_OPTIONAL_09,SV5_OPTIONAL_09,SV5_PLACE_08_3479F08218885852_PORT_OUT,SV5_INFILL_ROOM_01c1477b3c55cfc6e110_LINK:CONNECTOR,194,132,-1,25f734eab688dec17c703844684be9fb1abffcefbe687f3dc8f992c03a078b49,03502fb599d4b513036ade56d0eac06e8cbd5ade6a2adbf028d5e2e588a11bcd
EP_aa80b06561df168bb0f6fba9,SV5_INFILL_ROOM_03f794e9844c481d8faa,SV5_OPTIONAL_06,SV5_OPTIONAL_06,SV5_PLACE_13_97A1D09E3197EA92_PORT_IN,SV5_INFILL_ROOM_03f794e9844c481d8faa_LINK:CONNECTOR,195,30,1,85ac7253a64bdd4c793551e532e6acc1ceebeaec6a6221c62e3912bb4dffbeef,03502fb599d4b513036ade56d0eac06e8cbd5ade6a2adbf028d5e2e588a11bcd
EP_77e61af16768279c543263ff,SV5_INFILL_ROOM_01c1477b3c55cfc6e110,SV5_OPTIONAL_09,SV5_OPTIONAL_09,SV5_PLACE_08_3479F08218885852_PORT_OUT,SV5_INFILL_ROOM_01c1477b3c55cfc6e110_LINK:CONNECTOR,195,131,-1,61656ea110d0ba71fb50b09d1c096f50bcf89b49721a9d5bd6c0ef1cfa496e76,03502fb599d4b513036ade56d0eac06e8cbd5ade6a2adbf028d5e2e588a11bcd
EP_11cac52b29a1507c3128c202,SV5_INFILL_ROOM_02317cbd349a906d55ab,SV5_OPTIONAL_12,SV5_OPTIONAL_12,SV5_PLACE_00_CD742119708C091F_PORT_OUT,SV5_INFILL_ROOM_02317cbd349a906d55ab:LANDING,195,301,1,88e91b0e9de07864241dfc4e7a7ae48cd30f411bf92479cbe3fe62f34250b1d7,03502fb599d4b513036ade56d0eac06e8cbd5ade6a2adbf028d5e2e588a11bcd
EP_7d9b871bbe1fd124158bc3fc,SV5_INFILL_ROOM_00d2b967a3d3b2f6b4b1,SV5_OPTIONAL_06,SV5_OPTIONAL_06,SV5_PLACE_13_97A1D09E3197EA92_PORT_IN,SV5_INFILL_ROOM_00d2b967a3d3b2f6b4b1:LANDING,196,29,-1,9c6357b8e03517bdec8f82cfae134f08f798e0d257bfa44d5a09243768f24cd7,03502fb599d4b513036ade56d0eac06e8cbd5ade6a2adbf028d5e2e588a11bcd
EP_2a5024d272a4aab843012948,SV5_INFILL_ROOM_046d6d59228be1a29d93,SV5_OPTIONAL_09,SV5_OPTIONAL_09,SV5_PLACE_12_391D0CF7A4422180_PORT_IN,SV5_INFILL_ROOM_046d6d59228be1a29d93:EMPTY_ROOM,196,171,-1,1388eedbf151ab7acc9d96abbcb6874b14c859da176bf922244569a89ff8e39a,03502fb599d4b513036ade56d0eac06e8cbd5ade6a2adbf028d5e2e588a11bcd
EP_7d392147f51c2e47fe76efae,SV5_INFILL_ROOM_02515634e73d42bbbebe,SV5_OPTIONAL_10,SV5_OPTIONAL_10,SV5_PLACE_12_391D0CF7A4422180_PORT_OUT,SV5_INFILL_ROOM_02515634e73d42bbbebe:DEAD_END,196,195,-1,86e66b0b2d67c82c85433e9323501d441a8c44fc3d787c6c72e12e3e8da7ca9f,03502fb599d4b513036ade56d0eac06e8cbd5ade6a2adbf028d5e2e588a11bcd
EP_0ad00399ef9f05f03d98dc4f,SV5_INFILL_ROOM_0906eed53b6b0073b19f,SV5_OPTIONAL_12,SV5_OPTIONAL_12,SV5_PLACE_00_CD742119708C091F_PORT_OUT,SV5_INFILL_ROOM_0906eed53b6b0073b19f_LINK:CONNECTOR,196,302,1,3f58a5dce118e2145d339fd7b779c3f3b5ec218ad4dcdf50270fe0dc013568e3,03502fb599d4b513036ade56d0eac06e8cbd5ade6a2adbf028d5e2e588a11bcd
EP_17d935e0009d88607a50b4f9,SV5_INFILL_ROOM_0906eed53b6b0073b19f,SV5_OPTIONAL_12,SV5_OPTIONAL_12,SV5_PLACE_00_CD742119708C091F_PORT_OUT,SV5_INFILL_ROOM_0906eed53b6b0073b19f_LINK:CONNECTOR,197,303,1,16f437005121ea18d5e85f267d5992b87616f7b645ec264cd4be02de7a0361c7,03502fb599d4b513036ade56d0eac06e8cbd5ade6a2adbf028d5e2e588a11bcd
EP_b7f65d70d36ab79aaabfc8e9,SV5_INFILL_ROOM_0906eed53b6b0073b19f,SV5_OPTIONAL_12,SV5_OPTIONAL_12,SV5_PLACE_00_CD742119708C091F_PORT_OUT,SV5_INFILL_ROOM_0906eed53b6b0073b19f_LINK:CONNECTOR,197,303,-1,91b027632dde820b236c67db522a0fe25e2692c9607161ab71e38c1e7a33dc46,03502fb599d4b513036ade56d0eac06e8cbd5ade6a2adbf028d5e2e588a11bcd
EP_7c33f8afc24257fc1fbe1af9,SV5_INFILL_ROOM_0906eed53b6b0073b19f,SV5_OPTIONAL_12,SV5_OPTIONAL_12,SV5_PLACE_00_CD742119708C091F_PORT_OUT,SV5_INFILL_ROOM_0906eed53b6b0073b19f_LINK:CONNECTOR,198,304,1,37874e838cc8761819dd258d776c239a1f537441382c797b19854f91cc53e089,03502fb599d4b513036ade56d0eac06e8cbd5ade6a2adbf028d5e2e588a11bcd
EP_51f2974bf2440b5dbe2a766c,SV5_INFILL_ROOM_0906eed53b6b0073b19f,SV5_OPTIONAL_12,SV5_OPTIONAL_12,SV5_PLACE_00_CD742119708C091F_PORT_OUT,SV5_INFILL_ROOM_0906eed53b6b0073b19f_LINK:CONNECTOR,199,305,1,558a1de5ad45bdd3dfb8c0f71dec5f6a77e5023002bfeeca89f095ed5f8a3f80,03502fb599d4b513036ade56d0eac06e8cbd5ade6a2adbf028d5e2e588a11bcd
EP_dd3c0945aafbe23a951b5f2d,SV5_INFILL_ROOM_04411f6d27775360dabd,SV5_OPTIONAL_12,SV5_OPTIONAL_12,SV5_PLACE_00_CD742119708C091F_PORT_OUT,SV5_INFILL_ROOM_04411f6d27775360dabd:LANDING,199,321,1,6ee08aaeeba028e810b9bb2f4ca45ec68f2f5c572111b9e74b1a9c36771c9f0f,03502fb599d4b513036ade56d0eac06e8cbd5ade6a2adbf028d5e2e588a11bcd
EP_f678dd6b0b34d7fe4bf2ccca,SV5_INFILL_ROOM_0906eed53b6b0073b19f,SV5_OPTIONAL_12,SV5_OPTIONAL_12,SV5_PLACE_00_CD742119708C091F_PORT_OUT,SV5_INFILL_ROOM_0906eed53b6b0073b19f_LINK:CONNECTOR,200,306,-1,184bf7a3cfc343d9e1f46fa67ae81767aa2e832f8e860871e67a2b10b9f02fe8,03502fb599d4b513036ade56d0eac06e8cbd5ade6a2adbf028d5e2e588a11bcd
EP_1a7351a8a74f98050a482ac3,SV5_INFILL_ROOM_005e769b555b56fe007d,SV5_OPTIONAL_12,SV5_OPTIONAL_12,SV5_PLACE_00_CD742119708C091F_PORT_OUT,SV5_INFILL_ROOM_005e769b555b56fe007d_LINK:CONNECTOR,200,322,-1,4f2347c9318cfeb4211f69abcca0307166537781bcb1ac92cb82177cdfe55ce3,03502fb599d4b513036ade56d0eac06e8cbd5ade6a2adbf028d5e2e588a11bcd
EP_38bd8cdb47461b766c7e6c15,SV5_INFILL_ROOM_0211dda6690845617294,SV5_OPTIONAL_06,SV5_OPTIONAL_06,SV5_PLACE_13_97A1D09E3197EA92_PORT_IN,SV5_INFILL_ROOM_0211dda6690845617294:EMPTY_ROOM,203,55,1,16045dd598a204eb95a0a3fd7fb2d6f892743ad6d021400ea3f2345faf63b014,03502fb599d4b513036ade56d0eac06e8cbd5ade6a2adbf028d5e2e588a11bcd
EP_d27d86817980207741938ff6,SV5_INFILL_ROOM_062a3c2e546c33beff13,SV5_OPTIONAL_12,SV5_OPTIONAL_12,SV5_PLACE_00_CD742119708C091F_PORT_OUT,SV5_INFILL_ROOM_062a3c2e546c33beff13:EMPTY_ROOM,207,347,1,42677de2faf72f1876790d4a28e404275fb6fa94626b9301e78d5bfb87d81646,03502fb599d4b513036ade56d0eac06e8cbd5ade6a2adbf028d5e2e588a11bcd
EP_a801f2a167c6125f3645834b,SV5_INFILL_ROOM_0906eed53b6b0073b19f,SV5_OPTIONAL_12,SV5_OPTIONAL_12,SV5_PLACE_00_CD742119708C091F_PORT_OUT,SV5_INFILL_ROOM_0906eed53b6b0073b19f:EMPTY_ROOM,208,307,-1,36594c9dd43b99444323adbb91fe638a4ec09119c40828b67955a2f04043cacb,03502fb599d4b513036ade56d0eac06e8cbd5ade6a2adbf028d5e2e588a11bcd
EP_d436cc67ec32d6e8a5e81a83,SV5_INFILL_ROOM_057683d5fe82e4d2d316,SV5_OPTIONAL_12,SV5_OPTIONAL_12,SV5_PLACE_00_CD742119708C091F_PORT_OUT,SV5_INFILL_ROOM_057683d5fe82e4d2d316_LINK:CONNECTOR,208,348,1,380bdd986fde9cf0ac62951227d1ce36736de0d9eceae7ca2515f247e7b4b7c6,03502fb599d4b513036ade56d0eac06e8cbd5ade6a2adbf028d5e2e588a11bcd
EP_ee898c11219ad3bd81e650b8,SV5_INFILL_ROOM_057683d5fe82e4d2d316,SV5_OPTIONAL_12,SV5_OPTIONAL_12,SV5_PLACE_00_CD742119708C091F_PORT_OUT,SV5_INFILL_ROOM_057683d5fe82e4d2d316_LINK:CONNECTOR,208,348,-1,01d12aacc7eeaef75249560b0372e181f32cc57975ef262054eb7a4dc7c96316,03502fb599d4b513036ade56d0eac06e8cbd5ade6a2adbf028d5e2e588a11bcd
EP_ba10a597d07f9773a189ba13,SV5_INFILL_ROOM_057683d5fe82e4d2d316,SV5_OPTIONAL_12,SV5_OPTIONAL_12,SV5_PLACE_00_CD742119708C091F_PORT_OUT,SV5_INFILL_ROOM_057683d5fe82e4d2d316_LINK:CONNECTOR,209,349,-1,f27dcc4b629fe1e6a3c318efcc7061a17efd44a22d1c878c36e5cc0b8057f534,03502fb599d4b513036ade56d0eac06e8cbd5ade6a2adbf028d5e2e588a11bcd
EP_cb21ee8f800b7e72ba005991,SV5_INFILL_ROOM_057683d5fe82e4d2d316,SV5_OPTIONAL_12,SV5_OPTIONAL_12,SV5_PLACE_00_CD742119708C091F_PORT_OUT,SV5_INFILL_ROOM_057683d5fe82e4d2d316_LINK:CONNECTOR,209,349,1,3f9e229becc1b5253e784142454d270773328cebe9ecf7602fe78a31e5d02827,03502fb599d4b513036ade56d0eac06e8cbd5ade6a2adbf028d5e2e588a11bcd
EP_6d62bd0aa6b0d056fcad6b01,SV5_INFILL_ROOM_02bb145ab70126550c47,SV5_OPTIONAL_11,SV5_OPTIONAL_11,SV5_PLACE_01_90434AD281C2436C_PORT_OUT,SV5_INFILL_ROOM_02bb145ab70126550c47_LINK:CONNECTOR,210,241,-1,2cbfe729c1ad06a23d4ed5bf5af377e74e2d2af91e6f9ce28b74c9f7cf53e374,03502fb599d4b513036ade56d0eac06e8cbd5ade6a2adbf028d5e2e588a11bcd
EP_f5286ce868f351d21a428689,SV5_INFILL_ROOM_057683d5fe82e4d2d316,SV5_OPTIONAL_12,SV5_OPTIONAL_12,SV5_PLACE_00_CD742119708C091F_PORT_OUT,SV5_INFILL_ROOM_057683d5fe82e4d2d316_LINK:CONNECTOR,210,350,-1,46bdd3058286ac6be9825b79de2b258c93972ff63f6afae6955c3e8def74ea43,03502fb599d4b513036ade56d0eac06e8cbd5ade6a2adbf028d5e2e588a11bcd
EP_f654011bb8138b73f41d7887,SV5_INFILL_ROOM_00d2b967a3d3b2f6b4b1,SV5_OPTIONAL_06,SV5_OPTIONAL_06,SV5_PLACE_13_97A1D09E3197EA92_PORT_IN,SV5_INFILL_ROOM_00d2b967a3d3b2f6b4b1:LANDING,211,27,1,c593a69c33a94482705cd15ac9ceca5132f24088a24d8abe869e17acd587f1f8,03502fb599d4b513036ade56d0eac06e8cbd5ade6a2adbf028d5e2e588a11bcd
EP_b69fb14687b965af8ae36e76,SV5_INFILL_ROOM_02515634e73d42bbbebe,SV5_OPTIONAL_10,SV5_OPTIONAL_10,SV5_PLACE_12_391D0CF7A4422180_PORT_OUT,SV5_INFILL_ROOM_02515634e73d42bbbebe:DEAD_END,211,195,1,ade8b5cbb34972b7f2d860ab3181398397cb1981b7393d4b10c876b139496f5b,03502fb599d4b513036ade56d0eac06e8cbd5ade6a2adbf028d5e2e588a11bcd
EP_13c36d283c21e0df4f819e41,SV5_INFILL_ROOM_0a876125fd11905b88fc,SV5_OPTIONAL_10,SV5_OPTIONAL_10,SV5_PLACE_12_391D0CF7A4422180_PORT_OUT,SV5_INFILL_ROOM_0a876125fd11905b88fc_LINK:CONNECTOR,212,196,1,9c058350f35223df4eb790c8be3e3195d17c4eb128514b15494943ec1aaeda8b,03502fb599d4b513036ade56d0eac06e8cbd5ade6a2adbf028d5e2e588a11bcd
EP_c065472b67707b01b496c7e9,SV5_INFILL_ROOM_0a876125fd11905b88fc,SV5_OPTIONAL_10,SV5_OPTIONAL_10,SV5_PLACE_12_391D0CF7A4422180_PORT_OUT,SV5_INFILL_ROOM_0a876125fd11905b88fc_LINK:CONNECTOR,212,196,-1,ad2082e905f47d2072969d336ece38817d0259b27ccd75c8df9b0d6a4d22c7c6,03502fb599d4b513036ade56d0eac06e8cbd5ade6a2adbf028d5e2e588a11bcd
EP_9a714289cf6542c1eeafc0ab,SV5_INFILL_ROOM_02bb145ab70126550c47,SV5_OPTIONAL_11,SV5_OPTIONAL_11,SV5_PLACE_01_90434AD281C2436C_PORT_OUT,SV5_INFILL_ROOM_02bb145ab70126550c47_LINK:CONNECTOR,212,239,1,9a2b0139edce0a2fa717225d38c3a1d66c61cc0be66866655c341cf750471628,03502fb599d4b513036ade56d0eac06e8cbd5ade6a2adbf028d5e2e588a11bcd
EP_d707b0a06bfb562d16aad550,SV5_INFILL_ROOM_02df71f8b6dc6956e1bd,SV5_OPTIONAL_12,SV5_OPTIONAL_12,SV5_PLACE_00_CD742119708C091F_PORT_OUT,SV5_INFILL_ROOM_02df71f8b6dc6956e1bd_LINK:CONNECTOR,212,276,1,9d25959e2018ecd37287f04e4ac4f46f08f858b2cb228f43002be3682b5abc39,03502fb599d4b513036ade56d0eac06e8cbd5ade6a2adbf028d5e2e588a11bcd
EP_e82837637a0e054f97f8e18d,SV5_INFILL_ROOM_02df71f8b6dc6956e1bd,SV5_OPTIONAL_12,SV5_OPTIONAL_12,SV5_PLACE_00_CD742119708C091F_PORT_OUT,SV5_INFILL_ROOM_02df71f8b6dc6956e1bd_LINK:CONNECTOR,212,276,-1,8eede05a5d0c2fda9314bc6f821afb3cf5387d4b8d985f8b5478aa7d9a26d3b7,03502fb599d4b513036ade56d0eac06e8cbd5ade6a2adbf028d5e2e588a11bcd
EP_9840b1d4c0a4366d9170d7f4,SV5_INFILL_ROOM_005e769b555b56fe007d,SV5_OPTIONAL_12,SV5_OPTIONAL_12,SV5_PLACE_00_CD742119708C091F_PORT_OUT,SV5_INFILL_ROOM_005e769b555b56fe007d:DEAD_END,212,323,-1,1375feb6218b7052033e5414ceb957d601577138745f7b63a7771e861bc59a7c,03502fb599d4b513036ade56d0eac06e8cbd5ade6a2adbf028d5e2e588a11bcd
EP_47d895af87416a4e7caecd51,SV5_INFILL_ROOM_006e09773eb20b7351b0,SV5_OPTIONAL_06,SV5_OPTIONAL_06,SV5_PLACE_13_97A1D09E3197EA92_PORT_IN,SV5_INFILL_ROOM_006e09773eb20b7351b0_LINK:CONNECTOR,213,111,1,b45ed11e3ef13c7f80e23e1d2e1dce228f0281e5f4ed00715e2af28d377aaeab,03502fb599d4b513036ade56d0eac06e8cbd5ade6a2adbf028d5e2e588a11bcd
EP_8bafa94e6dbebd69af226a6a,SV5_INFILL_ROOM_0a876125fd11905b88fc,SV5_OPTIONAL_10,SV5_OPTIONAL_10,SV5_PLACE_12_391D0CF7A4422180_PORT_OUT,SV5_INFILL_ROOM_0a876125fd11905b88fc_LINK:CONNECTOR,213,197,-1,e4e4fcd4cb383d0f2a5dfb54ab72440adb31682c003da1590e8ea6bdcee5773e,03502fb599d4b513036ade56d0eac06e8cbd5ade6a2adbf028d5e2e588a11bcd
EP_9c05c7ac2a0bb71a7ba7f48b,SV5_INFILL_ROOM_0a876125fd11905b88fc,SV5_OPTIONAL_10,SV5_OPTIONAL_10,SV5_PLACE_12_391D0CF7A4422180_PORT_OUT,SV5_INFILL_ROOM_0a876125fd11905b88fc_LINK:CONNECTOR,213,197,1,744292ea2caeb2c6cf7c6bae0911ee54358b35d0269b0599d88a35ed1ef372bf,03502fb599d4b513036ade56d0eac06e8cbd5ade6a2adbf028d5e2e588a11bcd
EP_5f70debb4e700187b81390e7,SV5_INFILL_ROOM_02bb145ab70126550c47,SV5_OPTIONAL_11,SV5_OPTIONAL_11,SV5_PLACE_01_90434AD281C2436C_PORT_OUT,SV5_INFILL_ROOM_02bb145ab70126550c47_LINK:CONNECTOR,213,238,1,29bc360a2f48c0b1d97a14b760bfd8b2956e478c1e005a43d6e366547d0df95a,03502fb599d4b513036ade56d0eac06e8cbd5ade6a2adbf028d5e2e588a11bcd
EP_c36898f52bcb196685cee804,SV5_INFILL_ROOM_02bb145ab70126550c47,SV5_OPTIONAL_11,SV5_OPTIONAL_11,SV5_PLACE_01_90434AD281C2436C_PORT_OUT,SV5_INFILL_ROOM_02bb145ab70126550c47_LINK:CONNECTOR,213,238,-1,4024d89adf97dae78561e7d0a537c37b3c8e78720599fed964443416688b21ee,03502fb599d4b513036ade56d0eac06e8cbd5ade6a2adbf028d5e2e588a11bcd
EP_06df1a2d29e403c4d906093b,SV5_INFILL_ROOM_02df71f8b6dc6956e1bd,SV5_OPTIONAL_12,SV5_OPTIONAL_12,SV5_PLACE_00_CD742119708C091F_PORT_OUT,SV5_INFILL_ROOM_02df71f8b6dc6956e1bd_LINK:CONNECTOR,213,277,1,0c3819de4492a38796e032f1e0c24d9d49b6262aaeffa3dd873bd5f91bcd499c,03502fb599d4b513036ade56d0eac06e8cbd5ade6a2adbf028d5e2e588a11bcd
EP_fc2ebf285b002f6e624952a3,SV5_INFILL_ROOM_02df71f8b6dc6956e1bd,SV5_OPTIONAL_12,SV5_OPTIONAL_12,SV5_PLACE_00_CD742119708C091F_PORT_OUT,SV5_INFILL_ROOM_02df71f8b6dc6956e1bd_LINK:CONNECTOR,213,277,-1,e9bbcd1c15ec1371d4e41a5e745d1686d5975f03fbdab3e1d651e99d39cc63c1,03502fb599d4b513036ade56d0eac06e8cbd5ade6a2adbf028d5e2e588a11bcd
EP_86551ce644692c148f7988c5,SV5_INFILL_ROOM_019f7dfb6c5038fd6bbb,SV5_OPTIONAL_06,SV5_OPTIONAL_06,SV5_PLACE_13_97A1D09E3197EA92_PORT_IN,SV5_INFILL_ROOM_019f7dfb6c5038fd6bbb_LINK:CONNECTOR,214,11,1,6a25df110b695a3c9222fb992e0ece8c2bfecf41900f5ab84a03fadaabdb48c6,03502fb599d4b513036ade56d0eac06e8cbd5ade6a2adbf028d5e2e588a11bcd
EP_d6fea82089c99e3f75fef63a,SV5_INFILL_ROOM_0a876125fd11905b88fc,SV5_OPTIONAL_10,SV5_OPTIONAL_10,SV5_PLACE_12_391D0CF7A4422180_PORT_OUT,SV5_INFILL_ROOM_0a876125fd11905b88fc_LINK:CONNECTOR,214,198,-1,6ac618da7b0db2b21568a162d6adce4dae0c156dd1e97746effb9d85a85f3d08,03502fb599d4b513036ade56d0eac06e8cbd5ade6a2adbf028d5e2e588a11bcd
EP_aa99032e9c28f63c06be9ec6,SV5_INFILL_ROOM_02bb145ab70126550c47,SV5_OPTIONAL_11,SV5_OPTIONAL_11,SV5_PLACE_01_90434AD281C2436C_PORT_OUT,SV5_INFILL_ROOM_02bb145ab70126550c47_LINK:CONNECTOR,214,237,-1,2d4d49d8a61949980904e9c9d5f1307f092560077d3c9d5405d600f2c3eb660c,03502fb599d4b513036ade56d0eac06e8cbd5ade6a2adbf028d5e2e588a11bcd
EP_b5a5f652f1d9e93ce052aa65,SV5_INFILL_ROOM_02bb145ab70126550c47,SV5_OPTIONAL_11,SV5_OPTIONAL_11,SV5_PLACE_01_90434AD281C2436C_PORT_OUT,SV5_INFILL_ROOM_02bb145ab70126550c47_LINK:CONNECTOR,214,237,1,8b837e933b4b79ae49f6ef154fe527f103ca1708ff3d00f096b2aa8af34c24f2,03502fb599d4b513036ade56d0eac06e8cbd5ade6a2adbf028d5e2e588a11bcd
EP_9c76c47d0cfda8e908b6ea17,SV5_INFILL_ROOM_028a34c9c8e65cb1c636,SV5_OPTIONAL_11,SV5_OPTIONAL_11,SV5_PLACE_01_90434AD281C2436C_PORT_OUT,SV5_INFILL_ROOM_028a34c9c8e65cb1c636_LINK:CONNECTOR,214,255,-1,bca1e84e908f187c313fabbbbfbc58aaed1ef37359de9adc4c2ef2e41838a962,03502fb599d4b513036ade56d0eac06e8cbd5ade6a2adbf028d5e2e588a11bcd
EP_85ae6172080dbadbbea8e429,SV5_INFILL_ROOM_02df71f8b6dc6956e1bd,SV5_OPTIONAL_12,SV5_OPTIONAL_12,SV5_PLACE_00_CD742119708C091F_PORT_OUT,SV5_INFILL_ROOM_02df71f8b6dc6956e1bd_LINK:CONNECTOR,214,278,-1,0eef99ab1a4ed1d0504eea05d6a86d02e05de7623258c270b4ac5d8ce0c61cb4,03502fb599d4b513036ade56d0eac06e8cbd5ade6a2adbf028d5e2e588a11bcd
EP_d906ecc51e19ab9257b43056,SV5_INFILL_ROOM_00d2b967a3d3b2f6b4b1,SV5_OPTIONAL_06,SV5_OPTIONAL_06,SV5_PLACE_13_97A1D09E3197EA92_PORT_IN,SV5_INFILL_ROOM_00d2b967a3d3b2f6b4b1_LINK:CONNECTOR,215,26,1,040ccc6f725a4d4690b899e562da665fd4df7248465a957b232b4f86d60e76a8,03502fb599d4b513036ade56d0eac06e8cbd5ade6a2adbf028d5e2e588a11bcd
EP_6902cd06567b199bc47da6e6,SV5_INFILL_ROOM_0211dda6690845617294,SV5_OPTIONAL_06,SV5_OPTIONAL_06,SV5_PLACE_13_97A1D09E3197EA92_PORT_IN,SV5_INFILL_ROOM_0211dda6690845617294_LINK:CONNECTOR,215,54,1,0477f23410fb2f6eebdf0cd23b51ee5fc153bf175a11de88645b0eaed7fca77d,03502fb599d4b513036ade56d0eac06e8cbd5ade6a2adbf028d5e2e588a11bcd
EP_0d32f5ebbbe6bf1bf2ada420,SV5_INFILL_ROOM_02bb145ab70126550c47,SV5_OPTIONAL_11,SV5_OPTIONAL_11,SV5_PLACE_01_90434AD281C2436C_PORT_OUT,SV5_INFILL_ROOM_02bb145ab70126550c47_LINK:CONNECTOR,215,236,-1,6e6049a9d19a4281f6cb5e82df582373a33a57570e8dd869bfa97763bdadddf1,03502fb599d4b513036ade56d0eac06e8cbd5ade6a2adbf028d5e2e588a11bcd
EP_04e524f56a59fe2a7606a503,SV5_INFILL_ROOM_019f7dfb6c5038fd6bbb,SV5_OPTIONAL_06,SV5_OPTIONAL_06,SV5_PLACE_13_97A1D09E3197EA92_PORT_IN,SV5_INFILL_ROOM_019f7dfb6c5038fd6bbb_LINK:CONNECTOR,216,11,-1,e5f25136045f4ff89727b3a0e9c232b49990d47ac42f4156c643154b06da7ff7,03502fb599d4b513036ade56d0eac06e8cbd5ade6a2adbf028d5e2e588a11bcd
EP_03b76e28b8d93281fbba98b0,SV5_INFILL_ROOM_00d2b967a3d3b2f6b4b1,SV5_OPTIONAL_06,SV5_OPTIONAL_06,SV5_PLACE_13_97A1D09E3197EA92_PORT_IN,SV5_INFILL_ROOM_00d2b967a3d3b2f6b4b1_LINK:CONNECTOR,216,25,-1,6c1f95838739ca704fb14016026030b7512dd041df18cde6cb9ad446d26834cb,03502fb599d4b513036ade56d0eac06e8cbd5ade6a2adbf028d5e2e588a11bcd
EP_65e69e8cfa345c0749fc1337,SV5_INFILL_ROOM_00d2b967a3d3b2f6b4b1,SV5_OPTIONAL_06,SV5_OPTIONAL_06,SV5_PLACE_13_97A1D09E3197EA92_PORT_IN,SV5_INFILL_ROOM_00d2b967a3d3b2f6b4b1_LINK:CONNECTOR,216,25,1,78d014f37a098289d34bbbbc66ef7d50114a8921bbdfb7d3d3426fa422da734e,03502fb599d4b513036ade56d0eac06e8cbd5ade6a2adbf028d5e2e588a11bcd
EP_05699d01e053b776ae9a3eb2,SV5_INFILL_ROOM_0211dda6690845617294,SV5_OPTIONAL_06,SV5_OPTIONAL_06,SV5_PLACE_13_97A1D09E3197EA92_PORT_IN,SV5_INFILL_ROOM_0211dda6690845617294_LINK:CONNECTOR,216,53,1,3fbebddbd52941639d11a2ae6f5f7ea49c548649b35c6fac55a37550575514a9,03502fb599d4b513036ade56d0eac06e8cbd5ade6a2adbf028d5e2e588a11bcd
EP_646372f7fcd9f3406cf33c97,SV5_INFILL_ROOM_0211dda6690845617294,SV5_OPTIONAL_06,SV5_OPTIONAL_06,SV5_PLACE_13_97A1D09E3197EA92_PORT_IN,SV5_INFILL_ROOM_0211dda6690845617294_LINK:CONNECTOR,216,53,-1,1d7f19412a0dce27ed2ce55c8576613b363f04a6b71e07da0bb8f867df7bb5d5,03502fb599d4b513036ade56d0eac06e8cbd5ade6a2adbf028d5e2e588a11bcd
EP_0f052c063e1ae95022013a48,SV5_INFILL_ROOM_006e09773eb20b7351b0,SV5_OPTIONAL_06,SV5_OPTIONAL_06,SV5_PLACE_13_97A1D09E3197EA92_PORT_IN,SV5_INFILL_ROOM_006e09773eb20b7351b0_LINK:CONNECTOR,216,111,-1,c9bc2d001cf7f969aebffa13273da0ab0c36fe950c1afabb2a1318488190536b,03502fb599d4b513036ade56d0eac06e8cbd5ade6a2adbf028d5e2e588a11bcd
EP_bd16506472e9a184b5e373c4,SV5_INFILL_ROOM_02bb145ab70126550c47,SV5_OPTIONAL_11,SV5_OPTIONAL_11,SV5_PLACE_01_90434AD281C2436C_PORT_OUT,SV5_INFILL_ROOM_02bb145ab70126550c47:EMPTY_ROOM,216,235,-1,801972f5e1d7d52a09adcc129409be20669a0e3053a2f6a9b8a833495c2f7bc8,03502fb599d4b513036ade56d0eac06e8cbd5ade6a2adbf028d5e2e588a11bcd
EP_153234829a2eed444c1ac73e,SV5_INFILL_ROOM_0211dda6690845617294,SV5_OPTIONAL_06,SV5_OPTIONAL_06,SV5_PLACE_13_97A1D09E3197EA92_PORT_IN,SV5_INFILL_ROOM_0211dda6690845617294_LINK:CONNECTOR,217,52,1,a5992298addaa458cb163ecea5b8fdb28c15337f8d6a5c5f6f5e8a489868af82,03502fb599d4b513036ade56d0eac06e8cbd5ade6a2adbf028d5e2e588a11bcd
EP_b8e38656d646a99cc50d715d,SV5_INFILL_ROOM_0211dda6690845617294,SV5_OPTIONAL_06,SV5_OPTIONAL_06,SV5_PLACE_13_97A1D09E3197EA92_PORT_IN,SV5_INFILL_ROOM_0211dda6690845617294_LINK:CONNECTOR,217,52,-1,72f566366b6332f752772c75505a5f18d082210557f02c37f06e4520be163345,03502fb599d4b513036ade56d0eac06e8cbd5ade6a2adbf028d5e2e588a11bcd
EP_b3b7526464f5bfc5b0b177d5,SV5_INFILL_ROOM_00d2b967a3d3b2f6b4b1,SV5_OPTIONAL_06,SV5_OPTIONAL_06,SV5_PLACE_13_97A1D09E3197EA92_PORT_IN,SV5_INFILL_ROOM_00d2b967a3d3b2f6b4b1_LINK:CONNECTOR,218,23,-1,bdb43a72a73cf2c96d1b13956dc9989ca6dde5b5b7e46ffed7fe0d01f4325b23,03502fb599d4b513036ade56d0eac06e8cbd5ade6a2adbf028d5e2e588a11bcd
EP_ff57682d012ded3c7c20d381,SV5_INFILL_ROOM_0211dda6690845617294,SV5_OPTIONAL_06,SV5_OPTIONAL_06,SV5_PLACE_13_97A1D09E3197EA92_PORT_IN,SV5_INFILL_ROOM_0211dda6690845617294_LINK:CONNECTOR,218,51,-1,aa500694e016ab1f89afcc8cfbfe9ac2b3e3b6a5a8a631d0016ba92594918dc5,03502fb599d4b513036ade56d0eac06e8cbd5ade6a2adbf028d5e2e588a11bcd
EP_605f6d874b88108086ec967f,SV5_INFILL_ROOM_006e09773eb20b7351b0,SV5_OPTIONAL_06,SV5_OPTIONAL_06,SV5_PLACE_13_97A1D09E3197EA92_PORT_IN,SV5_INFILL_ROOM_006e09773eb20b7351b0_LINK:CONNECTOR,218,111,1,f75d98012e977fa743d4169c440dcb07f59abca5d9fb905e996085d95d43c712,03502fb599d4b513036ade56d0eac06e8cbd5ade6a2adbf028d5e2e588a11bcd
EP_2fd523621d8cdc2cd9b67e7a,SV5_INFILL_ROOM_00d2b967a3d3b2f6b4b1,SV5_OPTIONAL_06,SV5_OPTIONAL_06,SV5_PLACE_13_97A1D09E3197EA92_PORT_IN,SV5_INFILL_ROOM_00d2b967a3d3b2f6b4b1_LINK:CONNECTOR,219,23,1,7944457504ad9af9ddd5e976e4dc0bff1492db19c1ee6c158ec6740953198617,03502fb599d4b513036ade56d0eac06e8cbd5ade6a2adbf028d5e2e588a11bcd
EP_a075117513b9f23127105724,SV5_INFILL_ROOM_0211dda6690845617294,SV5_OPTIONAL_06,SV5_OPTIONAL_06,SV5_PLACE_13_97A1D09E3197EA92_PORT_IN,SV5_INFILL_ROOM_0211dda6690845617294_LINK:CONNECTOR,219,51,1,192a9773d341909cf51a8411c27ba7f05f5765450b9b4ab996723917da52d147,03502fb599d4b513036ade56d0eac06e8cbd5ade6a2adbf028d5e2e588a11bcd
EP_3f72cd7cf4ba69926501fc2f,SV5_INFILL_ROOM_057683d5fe82e4d2d316,SV5_OPTIONAL_12,SV5_OPTIONAL_12,SV5_PLACE_00_CD742119708C091F_PORT_OUT,SV5_INFILL_ROOM_057683d5fe82e4d2d316:SMALL_CAVE,220,351,-1,14056c26c40b2aa491628b2b1189bd9ef2555541f88b923601d302fd38c4ff24,03502fb599d4b513036ade56d0eac06e8cbd5ade6a2adbf028d5e2e588a11bcd
EP_dab5fb8e3f7b110c04372ea3,SV5_INFILL_ROOM_019f7dfb6c5038fd6bbb,SV5_OPTIONAL_06,SV5_OPTIONAL_06,SV5_PLACE_13_97A1D09E3197EA92_PORT_IN,SV5_INFILL_ROOM_019f7dfb6c5038fd6bbb_LINK:CONNECTOR,221,11,1,825f234585d1395b4fad71a58e1c0c2fef83376950a1a8d268220a7af023ed1b,03502fb599d4b513036ade56d0eac06e8cbd5ade6a2adbf028d5e2e588a11bcd
EP_64f15ce14b70f3073a126c1a,SV5_INFILL_ROOM_0249a8d4b3775d965893,SV5_OPTIONAL_06,SV5_OPTIONAL_06,SV5_PLACE_13_97A1D09E3197EA92_PORT_IN,SV5_INFILL_ROOM_0249a8d4b3775d965893_LINK:CONNECTOR,222,80,1,ef8ef81671ba7e9ab11a9decf0fd076ab031e17fe8f45cb3a28a76ae1921cf2c,03502fb599d4b513036ade56d0eac06e8cbd5ade6a2adbf028d5e2e588a11bcd
EP_8736b6085315ef6fd5d6a202,SV5_INFILL_ROOM_0249a8d4b3775d965893,SV5_OPTIONAL_06,SV5_OPTIONAL_06,SV5_PLACE_13_97A1D09E3197EA92_PORT_IN,SV5_INFILL_ROOM_0249a8d4b3775d965893_LINK:CONNECTOR,222,80,-1,9e9fd92a219e1f9d677cc42816ab905f4cb3774c802bdfc2ce074caf40578682,03502fb599d4b513036ade56d0eac06e8cbd5ade6a2adbf028d5e2e588a11bcd
EP_3775a24d1a69b3492f1c970d,SV5_INFILL_ROOM_01ab4f357f1a1a51e05d,SV5_OPTIONAL_06,SV5_OPTIONAL_06,SV5_PLACE_13_97A1D09E3197EA92_PORT_IN,SV5_INFILL_ROOM_01ab4f357f1a1a51e05d_LINK:CONNECTOR,223,23,-1,93a05d513e3cd2249f65f4bcfbd8f5851e98908224574c2b20ea4a2dafc5bb09,03502fb599d4b513036ade56d0eac06e8cbd5ade6a2adbf028d5e2e588a11bcd
EP_2162ca1df898249f8fd92b71,SV5_INFILL_ROOM_03bff8d63e21cbc62be9,SV5_OPTIONAL_06,SV5_OPTIONAL_06,SV5_PLACE_13_97A1D09E3197EA92_PORT_IN,SV5_INFILL_ROOM_03bff8d63e21cbc62be9_LINK:CONNECTOR,223,51,-1,17592b0ebbb3d0217a06e3c8bd4abf9dce2bd6c27ff4a6cbc169315f6aa5594e,03502fb599d4b513036ade56d0eac06e8cbd5ade6a2adbf028d5e2e588a11bcd
EP_b5acf180d822e30f1e496c1b,SV5_INFILL_ROOM_0249a8d4b3775d965893,SV5_OPTIONAL_06,SV5_OPTIONAL_06,SV5_PLACE_13_97A1D09E3197EA92_PORT_IN,SV5_INFILL_ROOM_0249a8d4b3775d965893_LINK:CONNECTOR,223,79,-1,c95071f7e810a73e8c4ea1cc1687d7211421de31e082be1218453d2cda0d2cfb,03502fb599d4b513036ade56d0eac06e8cbd5ade6a2adbf028d5e2e588a11bcd
EP_8a7db5acb736f60eb587ad11,SV5_INFILL_ROOM_04306d96a9442be86a73,SV5_OPTIONAL_10,SV5_OPTIONAL_10,SV5_PLACE_01_90434AD281C2436C_PORT_IN,SV5_INFILL_ROOM_04306d96a9442be86a73:EMPTY_ROOM,223,211,1,19db4445683c76acebbb083a170af712558caf06d3be55e14b4aacad14a53754,03502fb599d4b513036ade56d0eac06e8cbd5ade6a2adbf028d5e2e588a11bcd
EP_abb096e2406d45931c9994ae,SV5_INFILL_ROOM_0906eed53b6b0073b19f,SV5_OPTIONAL_12,SV5_OPTIONAL_12,SV5_PLACE_00_CD742119708C091F_PORT_OUT,SV5_INFILL_ROOM_0906eed53b6b0073b19f:EMPTY_ROOM,223,307,1,1e13a337d729daac7078c5c96a85489dbb68ba659e3cc53f928470d23c92a941,03502fb599d4b513036ade56d0eac06e8cbd5ade6a2adbf028d5e2e588a11bcd
EP_2f5f633ec8a8e70d3db29ebf,SV5_INFILL_ROOM_2678b577b7872468bc34,SV5_OPTIONAL_10,SV5_OPTIONAL_10,SV5_PLACE_01_90434AD281C2436C_PORT_IN,SV5_INFILL_ROOM_2678b577b7872468bc34_LINK:CONNECTOR,224,212,-1,3410765730435a2a103c73c09ba3fa27ede0e2577fe699ddbe166ae25660c134,03502fb599d4b513036ade56d0eac06e8cbd5ade6a2adbf028d5e2e588a11bcd
EP_f02a67ed2e6a551f11431838,SV5_INFILL_ROOM_2678b577b7872468bc34,SV5_OPTIONAL_10,SV5_OPTIONAL_10,SV5_PLACE_01_90434AD281C2436C_PORT_IN,SV5_INFILL_ROOM_2678b577b7872468bc34_LINK:CONNECTOR,224,212,1,381bac09567b78946f1d257c80d798443ece69ed494757487213ca33bebc7630,03502fb599d4b513036ade56d0eac06e8cbd5ade6a2adbf028d5e2e588a11bcd
EP_7e1a0b88a2aefca8346e5f8c,SV5_INFILL_ROOM_194f12f3b9fdea3e9c6d,SV5_OPTIONAL_12,SV5_OPTIONAL_12,SV5_PLACE_00_CD742119708C091F_PORT_OUT,SV5_INFILL_ROOM_194f12f3b9fdea3e9c6d_LINK:CONNECTOR,224,308,-1,7682598e7c9f218a5ab690ab0db2cede91608c092dce0aabe4990e9ff68aa326,03502fb599d4b513036ade56d0eac06e8cbd5ade6a2adbf028d5e2e588a11bcd
EP_cafad0b236abf26f93dc34df,SV5_INFILL_ROOM_194f12f3b9fdea3e9c6d,SV5_OPTIONAL_12,SV5_OPTIONAL_12,SV5_PLACE_00_CD742119708C091F_PORT_OUT,SV5_INFILL_ROOM_194f12f3b9fdea3e9c6d_LINK:CONNECTOR,224,308,1,e1c3f03a99feafe3b7bc139229f8787c98a16859a5cae0158d9106a328764e0c,03502fb599d4b513036ade56d0eac06e8cbd5ade6a2adbf028d5e2e588a11bcd
EP_0acf6c9583d8804a238ba163,SV5_INFILL_ROOM_2678b577b7872468bc34,SV5_OPTIONAL_10,SV5_OPTIONAL_10,SV5_PLACE_01_90434AD281C2436C_PORT_IN,SV5_INFILL_ROOM_2678b577b7872468bc34_LINK:CONNECTOR,225,213,-1,e12d72bbc18d2d552603e1cdb0d9f154851efb9d9e7ad491cc7dd8f0414d4303,03502fb599d4b513036ade56d0eac06e8cbd5ade6a2adbf028d5e2e588a11bcd
EP_9251137f684f2820afb26d54,SV5_INFILL_ROOM_2678b577b7872468bc34,SV5_OPTIONAL_10,SV5_OPTIONAL_10,SV5_PLACE_01_90434AD281C2436C_PORT_IN,SV5_INFILL_ROOM_2678b577b7872468bc34_LINK:CONNECTOR,225,213,1,77dac952d2bf1fc65f78da4362753007c2afb72f5ca79f4c6bddf6a2e075630e,03502fb599d4b513036ade56d0eac06e8cbd5ade6a2adbf028d5e2e588a11bcd
EP_4100b724ce21dff703dce64d,SV5_INFILL_ROOM_194f12f3b9fdea3e9c6d,SV5_OPTIONAL_12,SV5_OPTIONAL_12,SV5_PLACE_00_CD742119708C091F_PORT_OUT,SV5_INFILL_ROOM_194f12f3b9fdea3e9c6d_LINK:CONNECTOR,225,309,1,565765aaad969a50a2b6a09198a7bf949b3320b106cd18c98652831358196834,03502fb599d4b513036ade56d0eac06e8cbd5ade6a2adbf028d5e2e588a11bcd
EP_590f5c6e0b5d3a190cad7d5c,SV5_INFILL_ROOM_194f12f3b9fdea3e9c6d,SV5_OPTIONAL_12,SV5_OPTIONAL_12,SV5_PLACE_00_CD742119708C091F_PORT_OUT,SV5_INFILL_ROOM_194f12f3b9fdea3e9c6d_LINK:CONNECTOR,225,309,-1,b550a17fe0b3d6b893845be8933d11a2dfca687a566e510d3a11ceddc90009bc,03502fb599d4b513036ade56d0eac06e8cbd5ade6a2adbf028d5e2e588a11bcd
EP_ee34c564c2abf9b7364fbbe1,SV5_INFILL_ROOM_2678b577b7872468bc34,SV5_OPTIONAL_10,SV5_OPTIONAL_10,SV5_PLACE_01_90434AD281C2436C_PORT_IN,SV5_INFILL_ROOM_2678b577b7872468bc34_LINK:CONNECTOR,226,214,-1,fb91252e9f7e7d9b31e31be53a951d45d33c53c3ce69a8f99447d9d5d5b5a9bc,03502fb599d4b513036ade56d0eac06e8cbd5ade6a2adbf028d5e2e588a11bcd
EP_c7d6c539b725c28b41f7ba3a,SV5_INFILL_ROOM_194f12f3b9fdea3e9c6d,SV5_OPTIONAL_12,SV5_OPTIONAL_12,SV5_PLACE_00_CD742119708C091F_PORT_OUT,SV5_INFILL_ROOM_194f12f3b9fdea3e9c6d_LINK:CONNECTOR,226,310,-1,e35a0748324c889eea33b64e9e914adae8fd9d8b256783a543cb17846675002b,03502fb599d4b513036ade56d0eac06e8cbd5ade6a2adbf028d5e2e588a11bcd
EP_dff42ba33484808b7c57485e,SV5_INFILL_ROOM_0a876125fd11905b88fc,SV5_OPTIONAL_10,SV5_OPTIONAL_10,SV5_PLACE_12_391D0CF7A4422180_PORT_OUT,SV5_INFILL_ROOM_0a876125fd11905b88fc:DEAD_END,228,199,-1,9928dc3bcaa20dca592c19a6fa8e1d19d0c5e4003f77db939f7d381e4bdc7d05,03502fb599d4b513036ade56d0eac06e8cbd5ade6a2adbf028d5e2e588a11bcd
EP_2117e3eb4bb41731dc86cb3d,SV5_INFILL_ROOM_2678b577b7872468bc34,SV5_OPTIONAL_10,SV5_OPTIONAL_10,SV5_PLACE_01_90434AD281C2436C_PORT_IN,SV5_INFILL_ROOM_2678b577b7872468bc34:LANDING,228,215,-1,1cb422e012bd530e0eec03ada22a0fde7b3151d7abb262b61be0c2fc8af15a9a,03502fb599d4b513036ade56d0eac06e8cbd5ade6a2adbf028d5e2e588a11bcd
EP_7878fc441565f1ae5561a11e,SV5_INFILL_ROOM_02df71f8b6dc6956e1bd,SV5_OPTIONAL_12,SV5_OPTIONAL_12,SV5_PLACE_00_CD742119708C091F_PORT_OUT,SV5_INFILL_ROOM_02df71f8b6dc6956e1bd:LANDING,228,279,-1,37d749b8a562da27b2c5d62be8c2697b17b8b1f33edb72c1ba888c8fd831b8db,03502fb599d4b513036ade56d0eac06e8cbd5ade6a2adbf028d5e2e588a11bcd
EP_36133a2e9fb9266565db91f5,SV5_INFILL_ROOM_194f12f3b9fdea3e9c6d,SV5_OPTIONAL_12,SV5_OPTIONAL_12,SV5_PLACE_00_CD742119708C091F_PORT_OUT,SV5_INFILL_ROOM_194f12f3b9fdea3e9c6d:DEAD_END,228,311,-1,e7e7a80f9d19ab91b3f7f43e04828f02336b75c293f75a80feed2995379a7dce,03502fb599d4b513036ade56d0eac06e8cbd5ade6a2adbf028d5e2e588a11bcd
EP_58eae641be327dae9972a973,SV5_INFILL_ROOM_057683d5fe82e4d2d316,SV5_OPTIONAL_12,SV5_OPTIONAL_12,SV5_PLACE_00_CD742119708C091F_PORT_OUT,SV5_INFILL_ROOM_057683d5fe82e4d2d316:SMALL_CAVE,239,351,1,19f12f334ddf68a99783f35d8464614558e61520c6c90b928b5e45e011eda6da,03502fb599d4b513036ade56d0eac06e8cbd5ade6a2adbf028d5e2e588a11bcd
EP_26fb4074853f14272f94febb,SV5_INFILL_ROOM_0a107f903c1e96b3791e,SV5_OPTIONAL_12,SV5_OPTIONAL_12,SV5_PLACE_00_CD742119708C091F_PORT_OUT,SV5_INFILL_ROOM_0a107f903c1e96b3791e_LINK:CONNECTOR,240,350,1,533c28ca147b7518e0745c2f8d6073bf577f0770f214f92656350b181611f191,03502fb599d4b513036ade56d0eac06e8cbd5ade6a2adbf028d5e2e588a11bcd
EP_9c83ee5648672877eb390d3d,SV5_INFILL_ROOM_0a107f903c1e96b3791e,SV5_OPTIONAL_12,SV5_OPTIONAL_12,SV5_PLACE_00_CD742119708C091F_PORT_OUT,SV5_INFILL_ROOM_0a107f903c1e96b3791e_LINK:CONNECTOR,240,350,-1,5aabb76cdc258f515e52c535bf7edcc5b5f7186264c917e52189f3c0f0c0e075,03502fb599d4b513036ade56d0eac06e8cbd5ade6a2adbf028d5e2e588a11bcd
EP_0efb1af44536d778da1c02b7,SV5_INFILL_ROOM_0a107f903c1e96b3791e,SV5_OPTIONAL_12,SV5_OPTIONAL_12,SV5_PLACE_00_CD742119708C091F_PORT_OUT,SV5_INFILL_ROOM_0a107f903c1e96b3791e_LINK:CONNECTOR,241,349,1,f362d6740e64b03d4a97c68fc455bae6d207f0675412d6ea426c633b4b67ad44,03502fb599d4b513036ade56d0eac06e8cbd5ade6a2adbf028d5e2e588a11bcd
EP_a5d1aecccd7fa17c7b2b0a87,SV5_INFILL_ROOM_0a107f903c1e96b3791e,SV5_OPTIONAL_12,SV5_OPTIONAL_12,SV5_PLACE_00_CD742119708C091F_PORT_OUT,SV5_INFILL_ROOM_0a107f903c1e96b3791e_LINK:CONNECTOR,241,349,-1,0787be991c9f797b31aae027914339be49c9ddb10a6e21012598361f0e531670,03502fb599d4b513036ade56d0eac06e8cbd5ade6a2adbf028d5e2e588a11bcd
EP_0bfdfae53e74d3f230fcc605,SV5_INFILL_ROOM_0a107f903c1e96b3791e,SV5_OPTIONAL_12,SV5_OPTIONAL_12,SV5_PLACE_00_CD742119708C091F_PORT_OUT,SV5_INFILL_ROOM_0a107f903c1e96b3791e_LINK:CONNECTOR,242,348,1,df7ebafea2b311de8f1c6427387c0d9e093afaae6ab4337e623d2b168ba79449,03502fb599d4b513036ade56d0eac06e8cbd5ade6a2adbf028d5e2e588a11bcd
EP_338829cce4f1b588602b0f8e,SV5_INFILL_ROOM_0a107f903c1e96b3791e,SV5_OPTIONAL_12,SV5_OPTIONAL_12,SV5_PLACE_00_CD742119708C091F_PORT_OUT,SV5_INFILL_ROOM_0a107f903c1e96b3791e_LINK:CONNECTOR,242,348,-1,e94a04564cfdba4ddf5b198a1da56407af75eabe3eec659a78ba47e9047962be,03502fb599d4b513036ade56d0eac06e8cbd5ade6a2adbf028d5e2e588a11bcd
EP_07d631594b9c4db6e518d1d9,SV5_INFILL_ROOM_0a107f903c1e96b3791e,SV5_OPTIONAL_12,SV5_OPTIONAL_12,SV5_PLACE_00_CD742119708C091F_PORT_OUT,SV5_INFILL_ROOM_0a107f903c1e96b3791e_LINK:CONNECTOR,243,347,-1,a2397c92c2bb6852c10dd42491976704ccf303d68882f9a6cd2870fa63eb550a,03502fb599d4b513036ade56d0eac06e8cbd5ade6a2adbf028d5e2e588a11bcd
EP_7993ad4fe65b8a2a5fb0a70c,SV5_INFILL_ROOM_068c7c9992134cb31e50,SV5_OPTIONAL_TO_VILLAGE,SV5_OPTIONAL_TO_VILLAGE,SV5_PLACE_05_D9CF52573FB5C952_PORT_OUT,SV5_INFILL_ROOM_068c7c9992134cb31e50_LINK:CONNECTOR,246,367,1,1fda982ee972eec1cbb33ca4ab06f6705530ab7dcea0191c97f7b11a3f5169f3,03502fb599d4b513036ade56d0eac06e8cbd5ade6a2adbf028d5e2e588a11bcd
EP_94a26c72be37cd15f47aa2fb,SV5_INFILL_ROOM_068c7c9992134cb31e50,SV5_OPTIONAL_TO_VILLAGE,SV5_OPTIONAL_TO_VILLAGE,SV5_PLACE_05_D9CF52573FB5C952_PORT_OUT,SV5_INFILL_ROOM_068c7c9992134cb31e50_LINK:CONNECTOR,247,368,-1,1cd8bd001b61a8b50161007264dad8a53c12b036c60b7e3c941b233bfebb9096,03502fb599d4b513036ade56d0eac06e8cbd5ade6a2adbf028d5e2e588a11bcd
EP_f2aa3842f71754fadddd25fa,SV5_INFILL_ROOM_068c7c9992134cb31e50,SV5_OPTIONAL_TO_VILLAGE,SV5_OPTIONAL_TO_VILLAGE,SV5_PLACE_05_D9CF52573FB5C952_PORT_OUT,SV5_INFILL_ROOM_068c7c9992134cb31e50_LINK:CONNECTOR,247,368,1,43a343979c230f013d784458a818d683785fffa7c1df77e445161c431d8406d6,03502fb599d4b513036ade56d0eac06e8cbd5ade6a2adbf028d5e2e588a11bcd
EP_456e6c977c8749a1e261f016,SV5_INFILL_ROOM_05c2f6d74e4669826a3f,SV5_OPTIONAL_TO_VILLAGE,SV5_OPTIONAL_TO_VILLAGE,SV5_PLACE_05_D9CF52573FB5C952_PORT_OUT,SV5_INFILL_ROOM_05c2f6d74e4669826a3f:LANDING,248,369,-1,b75b2115fe47c75cdc7a8e47d6f6f040a7565eb1eb6ce6b2892c4339b9337e9f,03502fb599d4b513036ade56d0eac06e8cbd5ade6a2adbf028d5e2e588a11bcd
EP_712bc8ec079f9332ec4d373c,SV5_INFILL_ROOM_0a107f903c1e96b3791e,SV5_OPTIONAL_12,SV5_OPTIONAL_12,SV5_PLACE_00_CD742119708C091F_PORT_OUT,SV5_INFILL_ROOM_0a107f903c1e96b3791e:EMPTY_ROOM,271,347,1,f32bb0eff5b3432a937576c22cfff4dbe006c5ce9dff2d93629bdd83f45fd413,03502fb599d4b513036ade56d0eac06e8cbd5ade6a2adbf028d5e2e588a11bcd
EP_accedbe56034fcc5f6e44f37,SV5_INFILL_ROOM_045401b7a790b2dc7e82,SV5_OPTIONAL_12,SV5_OPTIONAL_12,SV5_PLACE_00_CD742119708C091F_PORT_OUT,SV5_INFILL_ROOM_045401b7a790b2dc7e82_LINK:CONNECTOR,272,348,1,1468166a10475c2d69653e050626d546ae72a652be78fbd128f3f22dbb4e74a7,03502fb599d4b513036ade56d0eac06e8cbd5ade6a2adbf028d5e2e588a11bcd
EP_b8884710abeae0e2fa773a70,SV5_INFILL_ROOM_045401b7a790b2dc7e82,SV5_OPTIONAL_12,SV5_OPTIONAL_12,SV5_PLACE_00_CD742119708C091F_PORT_OUT,SV5_INFILL_ROOM_045401b7a790b2dc7e82_LINK:CONNECTOR,272,348,-1,4b429ad9fa2cb6e56299fc36f11cea21a233424a3916a0289b63cc5a244e3ed7,03502fb599d4b513036ade56d0eac06e8cbd5ade6a2adbf028d5e2e588a11bcd
EP_2352eba2bfd9fac5ddda8853,SV5_INFILL_ROOM_045401b7a790b2dc7e82,SV5_OPTIONAL_12,SV5_OPTIONAL_12,SV5_PLACE_00_CD742119708C091F_PORT_OUT,SV5_INFILL_ROOM_045401b7a790b2dc7e82_LINK:CONNECTOR,273,349,-1,768f3673a174e82c59e65299ec4664f922c35898189112899317b9b3c76ba233,03502fb599d4b513036ade56d0eac06e8cbd5ade6a2adbf028d5e2e588a11bcd
EP_5e93d016b4189a96621287a9,SV5_INFILL_ROOM_045401b7a790b2dc7e82,SV5_OPTIONAL_12,SV5_OPTIONAL_12,SV5_PLACE_00_CD742119708C091F_PORT_OUT,SV5_INFILL_ROOM_045401b7a790b2dc7e82_LINK:CONNECTOR,273,349,1,ce5b4d2e40de6170d4723e2aef271d569bb7c5a2f4e4bb62033e114151ab5c1f,03502fb599d4b513036ade56d0eac06e8cbd5ade6a2adbf028d5e2e588a11bcd
EP_af495850c2258883646d63d6,SV5_INFILL_ROOM_045401b7a790b2dc7e82,SV5_OPTIONAL_12,SV5_OPTIONAL_12,SV5_PLACE_00_CD742119708C091F_PORT_OUT,SV5_INFILL_ROOM_045401b7a790b2dc7e82_LINK:CONNECTOR,274,350,-1,426e17bad8b9b730754e06402a520ed7c9a796c6bdb374daaae4e06511356775,03502fb599d4b513036ade56d0eac06e8cbd5ade6a2adbf028d5e2e588a11bcd
EP_c27a3ec3b176bf9ecd17750d,SV5_INFILL_ROOM_045401b7a790b2dc7e82,SV5_OPTIONAL_12,SV5_OPTIONAL_12,SV5_PLACE_00_CD742119708C091F_PORT_OUT,SV5_INFILL_ROOM_045401b7a790b2dc7e82:EMPTY_ROOM,280,351,-1,618514a846722a92c7051b6da790cd2be0a1b02aa8c102aeb2111d1e5b1ba6c6,03502fb599d4b513036ade56d0eac06e8cbd5ade6a2adbf028d5e2e588a11bcd
EP_da7bef6100688980aa9e2c79,SV5_INFILL_ROOM_0721ca040a4fb03db0b5,SV5_OPTIONAL_TO_VILLAGE,SV5_OPTIONAL_TO_VILLAGE,SV5_PLACE_05_D9CF52573FB5C952_PORT_OUT,SV5_INFILL_ROOM_0721ca040a4fb03db0b5_LINK:CONNECTOR,292,367,1,31dbc312494182fba20c5a5f5b23dc3888d4c0fcc5df6fdb1a23878fa0290635,03502fb599d4b513036ade56d0eac06e8cbd5ade6a2adbf028d5e2e588a11bcd
EP_1979acf38ed97afec21838cb,SV5_INFILL_ROOM_0721ca040a4fb03db0b5,SV5_OPTIONAL_TO_VILLAGE,SV5_OPTIONAL_TO_VILLAGE,SV5_PLACE_05_D9CF52573FB5C952_PORT_OUT,SV5_INFILL_ROOM_0721ca040a4fb03db0b5_LINK:CONNECTOR,293,368,-1,410c331c362691af63689c2e6cbd42f897555640106451dc1df91ff3045a77f6,03502fb599d4b513036ade56d0eac06e8cbd5ade6a2adbf028d5e2e588a11bcd
EP_5606d2200613f53c50077522,SV5_INFILL_ROOM_0721ca040a4fb03db0b5,SV5_OPTIONAL_TO_VILLAGE,SV5_OPTIONAL_TO_VILLAGE,SV5_PLACE_05_D9CF52573FB5C952_PORT_OUT,SV5_INFILL_ROOM_0721ca040a4fb03db0b5_LINK:CONNECTOR,293,368,1,1a3f08bac8f2a7449816881a41c707ccfc1517d4143060a73418e9b3b49b4d74,03502fb599d4b513036ade56d0eac06e8cbd5ade6a2adbf028d5e2e588a11bcd
EP_0807dc2f8ba3002c07c20843,SV5_INFILL_ROOM_0721ca040a4fb03db0b5,SV5_OPTIONAL_TO_VILLAGE,SV5_OPTIONAL_TO_VILLAGE,SV5_PLACE_05_D9CF52573FB5C952_PORT_OUT,SV5_INFILL_ROOM_0721ca040a4fb03db0b5_LINK:CONNECTOR,294,369,-1,c9412e792caacf129a3ae263594e48b408e05f891b287da155aa8e533290cdab,03502fb599d4b513036ade56d0eac06e8cbd5ade6a2adbf028d5e2e588a11bcd
EP_b799cb3378cc6af49698575c,SV5_INFILL_ROOM_0721ca040a4fb03db0b5,SV5_OPTIONAL_TO_VILLAGE,SV5_OPTIONAL_TO_VILLAGE,SV5_PLACE_05_D9CF52573FB5C952_PORT_OUT,SV5_INFILL_ROOM_0721ca040a4fb03db0b5_LINK:CONNECTOR,294,369,1,b061d54a1ed8a55b3ed0922c0dc7433666d6282d284e9035795c64dbe7407a30,03502fb599d4b513036ade56d0eac06e8cbd5ade6a2adbf028d5e2e588a11bcd
EP_296601f78dfef0847eb3d49b,SV5_INFILL_ROOM_045401b7a790b2dc7e82,SV5_OPTIONAL_12,SV5_OPTIONAL_12,SV5_PLACE_00_CD742119708C091F_PORT_OUT,SV5_INFILL_ROOM_045401b7a790b2dc7e82:EMPTY_ROOM,295,351,1,c0f65363d3694bd4292fc16e76026c995d7b34bb53f3c019d3859fe12d565da9,03502fb599d4b513036ade56d0eac06e8cbd5ade6a2adbf028d5e2e588a11bcd
EP_4e3cce4fc29c89a2c3ddb8e3,SV5_INFILL_ROOM_0721ca040a4fb03db0b5,SV5_OPTIONAL_TO_VILLAGE,SV5_OPTIONAL_TO_VILLAGE,SV5_PLACE_05_D9CF52573FB5C952_PORT_OUT,SV5_INFILL_ROOM_0721ca040a4fb03db0b5_LINK:CONNECTOR,295,370,-1,1d1416d3840e607de4b3389a90dc70b23ef5ee2699459fd0510c2a2b8898ddee,03502fb599d4b513036ade56d0eac06e8cbd5ade6a2adbf028d5e2e588a11bcd
EP_f39d499d654a48e927a3ab96,SV5_INFILL_ROOM_0721ca040a4fb03db0b5,SV5_OPTIONAL_TO_VILLAGE,SV5_OPTIONAL_TO_VILLAGE,SV5_PLACE_05_D9CF52573FB5C952_PORT_OUT,SV5_INFILL_ROOM_0721ca040a4fb03db0b5_LINK:CONNECTOR,295,370,1,9841bce8b1ae941739dff0fab2ede3134059638ced62c02947ac4a7a2e203eb9,03502fb599d4b513036ade56d0eac06e8cbd5ade6a2adbf028d5e2e588a11bcd
EP_9e511e5b2a99548d8304af3b,SV5_INFILL_ROOM_01dff27f34909d8482fd,SV5_OPTIONAL_12,SV5_OPTIONAL_12,SV5_PLACE_00_CD742119708C091F_PORT_OUT,SV5_INFILL_ROOM_01dff27f34909d8482fd_LINK:CONNECTOR,296,350,1,89bb710e683a9c639303118653f7708b31a167d358b5ccaba6956233ca7d6f14,03502fb599d4b513036ade56d0eac06e8cbd5ade6a2adbf028d5e2e588a11bcd
EP_9fa132c08fedb763853aa2bd,SV5_INFILL_ROOM_01dff27f34909d8482fd,SV5_OPTIONAL_12,SV5_OPTIONAL_12,SV5_PLACE_00_CD742119708C091F_PORT_OUT,SV5_INFILL_ROOM_01dff27f34909d8482fd_LINK:CONNECTOR,296,350,-1,fd2bdd705ae070d49832ee65036ea5d03615853b90f58874f4778ec4371c6aec,03502fb599d4b513036ade56d0eac06e8cbd5ade6a2adbf028d5e2e588a11bcd
EP_d930799f166a1fcf9daf0b22,SV5_INFILL_ROOM_01dff27f34909d8482fd,SV5_OPTIONAL_12,SV5_OPTIONAL_12,SV5_PLACE_00_CD742119708C091F_PORT_OUT,SV5_INFILL_ROOM_01dff27f34909d8482fd_LINK:CONNECTOR,297,349,1,f12284bdb63f70fa469d567cbf9fd3835a1c73c52fdf57a3588e781b1d649e27,03502fb599d4b513036ade56d0eac06e8cbd5ade6a2adbf028d5e2e588a11bcd
EP_f0faba8e0d651dea0aa9f4ad,SV5_INFILL_ROOM_01dff27f34909d8482fd,SV5_OPTIONAL_12,SV5_OPTIONAL_12,SV5_PLACE_00_CD742119708C091F_PORT_OUT,SV5_INFILL_ROOM_01dff27f34909d8482fd_LINK:CONNECTOR,297,349,-1,2cfd949e458ecdf3e7e3c854ae8b25fb2cc5bdd40ae2956018917a3fa348ca63,03502fb599d4b513036ade56d0eac06e8cbd5ade6a2adbf028d5e2e588a11bcd
EP_56b5888e495b9f4ebb396bd2,SV5_INFILL_ROOM_01dff27f34909d8482fd,SV5_OPTIONAL_12,SV5_OPTIONAL_12,SV5_PLACE_00_CD742119708C091F_PORT_OUT,SV5_INFILL_ROOM_01dff27f34909d8482fd_LINK:CONNECTOR,298,348,-1,655bde43846582f4d6a00a15918957b5f92eb3d95ee8b96973808a5ed4cfdb10,03502fb599d4b513036ade56d0eac06e8cbd5ade6a2adbf028d5e2e588a11bcd
EP_5a3e4cf4139d1dd19a4e2b19,SV5_INFILL_ROOM_01dff27f34909d8482fd,SV5_OPTIONAL_12,SV5_OPTIONAL_12,SV5_PLACE_00_CD742119708C091F_PORT_OUT,SV5_INFILL_ROOM_01dff27f34909d8482fd_LINK:CONNECTOR,298,348,1,5948e949a706bfb0d1b57cdad06a5aec1051fd166e83e1593bd440f576795e92,03502fb599d4b513036ade56d0eac06e8cbd5ade6a2adbf028d5e2e588a11bcd
EP_55d83407325206f9796abb67,SV5_INFILL_ROOM_01dff27f34909d8482fd,SV5_OPTIONAL_12,SV5_OPTIONAL_12,SV5_PLACE_00_CD742119708C091F_PORT_OUT,SV5_INFILL_ROOM_01dff27f34909d8482fd_LINK:CONNECTOR,299,347,-1,8a7edba9208ed1bceebd32d848bb3c8c1a57c41eab32813c298e4daebda8ac46,03502fb599d4b513036ade56d0eac06e8cbd5ade6a2adbf028d5e2e588a11bcd
EP_f3be9f434731df3adda3f5e9,SV5_INFILL_ROOM_004a21fe679a80497ef7,SV5_OPTIONAL_TO_VILLAGE,SV5_OPTIONAL_TO_VILLAGE,SV5_PLACE_05_D9CF52573FB5C952_PORT_OUT,SV5_INFILL_ROOM_004a21fe679a80497ef7_LINK:CONNECTOR,321,372,1,7642899838b9edc7eb8c9de3be0355cbbaeac2f237d9d7960bf47919d9e3f21a,03502fb599d4b513036ade56d0eac06e8cbd5ade6a2adbf028d5e2e588a11bcd
EP_23f678b7b3a6beb09a44f3f7,SV5_INFILL_ROOM_004a21fe679a80497ef7,SV5_OPTIONAL_TO_VILLAGE,SV5_OPTIONAL_TO_VILLAGE,SV5_PLACE_05_D9CF52573FB5C952_PORT_OUT,SV5_INFILL_ROOM_004a21fe679a80497ef7_LINK:CONNECTOR,323,374,-1,4e0b576fbaf69271985dca483be0f2e11802916aeadc37354c1729899cc41cc9,03502fb599d4b513036ade56d0eac06e8cbd5ade6a2adbf028d5e2e588a11bcd
EP_b8aaadc675826b8b80036f89,SV5_INFILL_ROOM_004a21fe679a80497ef7,SV5_OPTIONAL_TO_VILLAGE,SV5_OPTIONAL_TO_VILLAGE,SV5_PLACE_05_D9CF52573FB5C952_PORT_OUT,SV5_INFILL_ROOM_004a21fe679a80497ef7_LINK:CONNECTOR,323,374,1,382412b98b1a7aa2cf7e1c1a98da397e856521a7ac5da8a822fb00be53be2b0b,03502fb599d4b513036ade56d0eac06e8cbd5ade6a2adbf028d5e2e588a11bcd
EP_13f343979bb417c8e4286491,SV5_INFILL_ROOM_004a21fe679a80497ef7,SV5_OPTIONAL_TO_VILLAGE,SV5_OPTIONAL_TO_VILLAGE,SV5_PLACE_05_D9CF52573FB5C952_PORT_OUT,SV5_INFILL_ROOM_004a21fe679a80497ef7_LINK:CONNECTOR,324,375,-1,9686da5aa31ce6264b73b3aec177f4f7dbd491c806219b64f3c15e656fe447ed,03502fb599d4b513036ade56d0eac06e8cbd5ade6a2adbf028d5e2e588a11bcd
EP_e4f6cb88047d42a781572ba3,SV5_INFILL_ROOM_004a21fe679a80497ef7,SV5_OPTIONAL_TO_VILLAGE,SV5_OPTIONAL_TO_VILLAGE,SV5_PLACE_05_D9CF52573FB5C952_PORT_OUT,SV5_INFILL_ROOM_004a21fe679a80497ef7_LINK:CONNECTOR,325,376,-1,64ceda476a95151e821413bdceb765c6a85e0cece2248b6d9949410bf42cf984,03502fb599d4b513036ade56d0eac06e8cbd5ade6a2adbf028d5e2e588a11bcd
EP_6a69421bbe6737ae5f50aec8,SV5_INFILL_ROOM_004a21fe679a80497ef7,SV5_OPTIONAL_TO_VILLAGE,SV5_OPTIONAL_TO_VILLAGE,SV5_PLACE_05_D9CF52573FB5C952_PORT_OUT,SV5_INFILL_ROOM_004a21fe679a80497ef7_LINK:CONNECTOR,326,377,1,3be82218d250241473c7ee376ae8534f3459b126649d4ef095ad87d35581a440,03502fb599d4b513036ade56d0eac06e8cbd5ade6a2adbf028d5e2e588a11bcd
EP_0121290238ba4179a6e1b450,SV5_INFILL_ROOM_004a21fe679a80497ef7,SV5_OPTIONAL_TO_VILLAGE,SV5_OPTIONAL_TO_VILLAGE,SV5_PLACE_05_D9CF52573FB5C952_PORT_OUT,SV5_INFILL_ROOM_004a21fe679a80497ef7_LINK:CONNECTOR,327,378,-1,3ad114be4b78e87a46927c2179f5a455ab47fb405ab4bba0f81d8dbd7fb81035,03502fb599d4b513036ade56d0eac06e8cbd5ade6a2adbf028d5e2e588a11bcd
EP_b05d06157c0df3cee752bbe9,SV5_INFILL_ROOM_004a21fe679a80497ef7,SV5_OPTIONAL_TO_VILLAGE,SV5_OPTIONAL_TO_VILLAGE,SV5_PLACE_05_D9CF52573FB5C952_PORT_OUT,SV5_INFILL_ROOM_004a21fe679a80497ef7_LINK:CONNECTOR,327,378,1,92bf71e0d390709ab6215ffd2060d2ebe73b44b8db31dff303c4283252a05a3e,03502fb599d4b513036ade56d0eac06e8cbd5ade6a2adbf028d5e2e588a11bcd
EP_79695792d189e3afa15864d1,SV5_INFILL_ROOM_0315a5303806deccb68e,SV5_OPTIONAL_TO_VILLAGE,SV5_OPTIONAL_TO_VILLAGE,SV5_PLACE_05_D9CF52573FB5C952_PORT_OUT,SV5_INFILL_ROOM_0315a5303806deccb68e:SMALL_CAVE,328,379,-1,090a825a549b3af019233b6ad2aae4dde408b7c2bfe34b7d7834030016507dbf,03502fb599d4b513036ade56d0eac06e8cbd5ade6a2adbf028d5e2e588a11bcd
EP_0f3c71511225cc49ffd5b04a,SV5_INFILL_ROOM_2192769697c59dae3b85,SV5_OPTIONAL_05,SV5_OPTIONAL_05,SV5_PLACE_10_F83FE72914C9299C_PORT_IN,SV5_INFILL_ROOM_2192769697c59dae3b85_LINK:CONNECTOR,346,19,1,a2d5c7ab0a6c9db37a541875b140d36d47e99754021d447c15be0d42ecc39828,03502fb599d4b513036ade56d0eac06e8cbd5ade6a2adbf028d5e2e588a11bcd
EP_9e25815802fcee41dc75e812,SV5_INFILL_ROOM_0315a5303806deccb68e,SV5_OPTIONAL_TO_VILLAGE,SV5_OPTIONAL_TO_VILLAGE,SV5_PLACE_05_D9CF52573FB5C952_PORT_OUT,SV5_INFILL_ROOM_0315a5303806deccb68e_LINK:CONNECTOR,349,379,-1,18f624cfe8211b7f5f34514c1ab6b50f1a8bb741a03ec1d3121ee54d1d695df9,03502fb599d4b513036ade56d0eac06e8cbd5ade6a2adbf028d5e2e588a11bcd
EP_0696ced0651eec18777536eb,SV5_INFILL_ROOM_0315a5303806deccb68e,SV5_OPTIONAL_TO_VILLAGE,SV5_OPTIONAL_TO_VILLAGE,SV5_PLACE_05_D9CF52573FB5C952_PORT_OUT,SV5_INFILL_ROOM_0315a5303806deccb68e_LINK:CONNECTOR,355,379,1,9d46e0471c08008db0754230ea48aa8ca4dd6f83821846e64bdfec452d95bb02,03502fb599d4b513036ade56d0eac06e8cbd5ade6a2adbf028d5e2e588a11bcd
EP_cef029cbe60ef3042bca2370,SV5_INFILL_ROOM_0315a5303806deccb68e,SV5_OPTIONAL_TO_VILLAGE,SV5_OPTIONAL_TO_VILLAGE,SV5_PLACE_05_D9CF52573FB5C952_PORT_OUT,SV5_INFILL_ROOM_0315a5303806deccb68e_LINK:CONNECTOR,356,380,-1,9811a691fb9b15feb9519a1c30cf048cbc808ad0a4d0a9e835fd6e65c1a5901a,03502fb599d4b513036ade56d0eac06e8cbd5ade6a2adbf028d5e2e588a11bcd
EP_526351e343157918b31a1728,SV5_INFILL_ROOM_0315a5303806deccb68e,SV5_OPTIONAL_TO_VILLAGE,SV5_OPTIONAL_TO_VILLAGE,SV5_PLACE_05_D9CF52573FB5C952_PORT_OUT,SV5_INFILL_ROOM_0315a5303806deccb68e_LINK:CONNECTOR,357,381,-1,18f0a6e3d119478ce9409019cd9a3838e204896e8a07022c3cf821fbc45ae405,03502fb599d4b513036ade56d0eac06e8cbd5ade6a2adbf028d5e2e588a11bcd
EP_76f15a11604ce01e8e79aa27,SV5_INFILL_ROOM_0315a5303806deccb68e,SV5_OPTIONAL_TO_VILLAGE,SV5_OPTIONAL_TO_VILLAGE,SV5_PLACE_05_D9CF52573FB5C952_PORT_OUT,SV5_INFILL_ROOM_0315a5303806deccb68e_LINK:CONNECTOR,357,381,1,9154aaac60343b72b990ef88553b439290d416024abd117d7b0efe706b3c654f,03502fb599d4b513036ade56d0eac06e8cbd5ade6a2adbf028d5e2e588a11bcd
EP_630a9220afe6f79df931240f,SV5_INFILL_ROOM_0315a5303806deccb68e,SV5_OPTIONAL_TO_VILLAGE,SV5_OPTIONAL_TO_VILLAGE,SV5_PLACE_05_D9CF52573FB5C952_PORT_OUT,SV5_INFILL_ROOM_0315a5303806deccb68e_LINK:CONNECTOR,359,383,-1,8fc6cbfb63cd93e0cdaf437c5bf3afbd9f4473910fa7cdd0a4dfc1da21e9039e,03502fb599d4b513036ade56d0eac06e8cbd5ade6a2adbf028d5e2e588a11bcd
EP_c349996f1c245c86b218787d,SV5_INFILL_ROOM_0315a5303806deccb68e,SV5_OPTIONAL_TO_VILLAGE,SV5_OPTIONAL_TO_VILLAGE,SV5_PLACE_05_D9CF52573FB5C952_PORT_OUT,SV5_INFILL_ROOM_0315a5303806deccb68e_LINK:CONNECTOR,359,383,1,548029f940e35ba7d62030e56003b2d0eec8ceea649e8af18c397d5b434ddbe5,03502fb599d4b513036ade56d0eac06e8cbd5ade6a2adbf028d5e2e588a11bcd
EP_0cc585c47c99ed8137482053,SV5_INFILL_ROOM_02b3ff92c2cf8349563c,SV5_OPTIONAL_TO_VILLAGE,SV5_OPTIONAL_TO_VILLAGE,SV5_PLACE_05_D9CF52573FB5C952_PORT_OUT,SV5_INFILL_ROOM_02b3ff92c2cf8349563c_LINK:CONNECTOR,363,395,-1,a55252724aec86068d78dbf1967e9123cec579b6f9a87fd16160cd8c97f01def,03502fb599d4b513036ade56d0eac06e8cbd5ade6a2adbf028d5e2e588a11bcd
EP_a859907e58ef202d9aee9138,SV5_INFILL_ROOM_0097a6b558d6e61e58f5,SV5_OPTIONAL_RETURN_TO_START,SV5_OPTIONAL_RETURN_TO_START,RMAP15_SITE_START_PORT_ENTRY,SV5_INFILL_ROOM_0097a6b558d6e61e58f5:DEAD_END,371,323,1,94098abc4c015dc19aa5cf59926c50a9424252a74f5904b53323ef6419a6e92c,03502fb599d4b513036ade56d0eac06e8cbd5ade6a2adbf028d5e2e588a11bcd
EP_1ff033b12650ba8287918c8c,SV5_INFILL_ROOM_0097a6b558d6e61e58f5,SV5_OPTIONAL_RETURN_TO_START,SV5_OPTIONAL_RETURN_TO_START,RMAP15_SITE_START_PORT_ENTRY,SV5_INFILL_ROOM_0097a6b558d6e61e58f5_LINK:CONNECTOR,374,321,-1,b983b8ddbd14fb966b58aea630f9d20d1bcbeacf7e132fd5c7369dba0a732a89,03502fb599d4b513036ade56d0eac06e8cbd5ade6a2adbf028d5e2e588a11bcd
EP_b008eb6841f0214af5835628,SV5_INFILL_ROOM_0097a6b558d6e61e58f5,SV5_OPTIONAL_RETURN_TO_START,SV5_OPTIONAL_RETURN_TO_START,RMAP15_SITE_START_PORT_ENTRY,SV5_INFILL_ROOM_0097a6b558d6e61e58f5_LINK:CONNECTOR,374,321,1,a909eed516bf73eba581b26d0c3714a9bb45c6582a2093eb7057e9f28ba8e85c,03502fb599d4b513036ade56d0eac06e8cbd5ade6a2adbf028d5e2e588a11bcd
EP_3d176b2c3e9ced9f7856160e,SV5_INFILL_ROOM_0097a6b558d6e61e58f5,SV5_OPTIONAL_RETURN_TO_START,SV5_OPTIONAL_RETURN_TO_START,RMAP15_SITE_START_PORT_ENTRY,SV5_INFILL_ROOM_0097a6b558d6e61e58f5_LINK:CONNECTOR,375,320,1,9e1fdef3ec362f3d03585a5719f5ce391a3aba1acd9a58b291c18a6f60440cfa,03502fb599d4b513036ade56d0eac06e8cbd5ade6a2adbf028d5e2e588a11bcd
EP_415f3ab0ab2a7d5bed7282a4,SV5_INFILL_ROOM_0097a6b558d6e61e58f5,SV5_OPTIONAL_RETURN_TO_START,SV5_OPTIONAL_RETURN_TO_START,RMAP15_SITE_START_PORT_ENTRY,SV5_INFILL_ROOM_0097a6b558d6e61e58f5_LINK:CONNECTOR,375,320,-1,4292b6a102808c97deb7fb69284ac1220733b90e44316827a5db446d1f67917f,03502fb599d4b513036ade56d0eac06e8cbd5ade6a2adbf028d5e2e588a11bcd
EP_6a2bd2f8702b7749d5476adf,SV5_INFILL_ROOM_0097a6b558d6e61e58f5,SV5_OPTIONAL_RETURN_TO_START,SV5_OPTIONAL_RETURN_TO_START,RMAP15_SITE_START_PORT_ENTRY,SV5_INFILL_ROOM_0097a6b558d6e61e58f5_LINK:CONNECTOR,376,319,-1,7c4a3e99b4e2bb26db61fce05e8e4656c462fe7934c76e6712fbe6e9522a7feb,03502fb599d4b513036ade56d0eac06e8cbd5ade6a2adbf028d5e2e588a11bcd
EP_fcc68d9f175475f51bdc2584,SV5_INFILL_ROOM_0097a6b558d6e61e58f5,SV5_OPTIONAL_RETURN_TO_START,SV5_OPTIONAL_RETURN_TO_START,RMAP15_SITE_START_PORT_ENTRY,SV5_INFILL_ROOM_0097a6b558d6e61e58f5_LINK:CONNECTOR,377,318,-1,64b8e2e3684151a4f9625a1c7343c9ea5763aa844d6143cbe8111b89fab69988,03502fb599d4b513036ade56d0eac06e8cbd5ade6a2adbf028d5e2e588a11bcd
EP_4715762c0afd3e0beb51e867,SV5_INFILL_ROOM_9643b540e628fa680b9f,SV5_OPTIONAL_00,SV5_OPTIONAL_00,RMAP15_SITE_START_PORT_ENTRY,SV5_INFILL_ROOM_9643b540e628fa680b9f:LANDING,379,348,1,270ecac90b3ee6aea7e275d3aac5614db964b21d0b0eeb4d9dd476a9d2dd161a,03502fb599d4b513036ade56d0eac06e8cbd5ade6a2adbf028d5e2e588a11bcd
EP_11772e80cc092a0575962c51,SV5_INFILL_ROOM_0097a6b558d6e61e58f5,SV5_OPTIONAL_RETURN_TO_START,SV5_OPTIONAL_RETURN_TO_START,RMAP15_SITE_START_PORT_ENTRY,SV5_INFILL_ROOM_0097a6b558d6e61e58f5_LINK:CONNECTOR,380,315,1,c131594bfc88b144c6d6d09f9f45fd81a8019df0b4aa03d52a8048a495290563,03502fb599d4b513036ade56d0eac06e8cbd5ade6a2adbf028d5e2e588a11bcd
EP_ab06f3661bcf89938b5b4fae,SV5_INFILL_ROOM_9643b540e628fa680b9f,SV5_OPTIONAL_00,SV5_OPTIONAL_00,RMAP15_SITE_START_PORT_ENTRY,SV5_INFILL_ROOM_9643b540e628fa680b9f_LINK:CONNECTOR,381,347,-1,3bac664b03b44f03f5fcdf20acbc672200f4151163ed26b8eec05b375059282d,03502fb599d4b513036ade56d0eac06e8cbd5ade6a2adbf028d5e2e588a11bcd
EP_dcb0d0ad70850ce1be89765a,SV5_INFILL_ROOM_088f25cbc663d6d3b7a4,SV5_OPTIONAL_00,SV5_OPTIONAL_00,SV5_PLACE_06_26E6723B2540BBB9_PORT_IN,SV5_INFILL_ROOM_088f25cbc663d6d3b7a4_LINK:CONNECTOR,381,367,1,4c1d06e840cd31e0b90e69b22d94b1b345b3d1461a366bd8b3d46dc1f3ee5102,03502fb599d4b513036ade56d0eac06e8cbd5ade6a2adbf028d5e2e588a11bcd
EP_252e6a8c1240437b1139d8b9,SV5_INFILL_ROOM_9643b540e628fa680b9f,SV5_OPTIONAL_00,SV5_OPTIONAL_00,RMAP15_SITE_START_PORT_ENTRY,SV5_INFILL_ROOM_9643b540e628fa680b9f_LINK:CONNECTOR,382,347,1,bb7e2247ea6a26cdc51c3f1bcaaaa0d607c7062322b3553082716462487da816,03502fb599d4b513036ade56d0eac06e8cbd5ade6a2adbf028d5e2e588a11bcd
EP_3f314d41c126840797b768b2,SV5_INFILL_ROOM_33f41990cacb1dba9034,SV5_OPTIONAL_RETURN_TO_START,SV5_OPTIONAL_RETURN_TO_START,RMAP15_SITE_START_PORT_ENTRY,SV5_INFILL_ROOM_33f41990cacb1dba9034_LINK:CONNECTOR,383,312,1,f8777076b16ae5183e611891cf110e7166ce10a613646f315d51148913a29413,03502fb599d4b513036ade56d0eac06e8cbd5ade6a2adbf028d5e2e588a11bcd
EP_ed57a98d523b174085e71e7c,SV5_INFILL_ROOM_33f41990cacb1dba9034,SV5_OPTIONAL_RETURN_TO_START,SV5_OPTIONAL_RETURN_TO_START,RMAP15_SITE_START_PORT_ENTRY,SV5_INFILL_ROOM_33f41990cacb1dba9034_LINK:CONNECTOR,383,312,-1,537a09df98f8b4205ba7311cb602f4c142926e337914a51ff21636bbf14dc38d,03502fb599d4b513036ade56d0eac06e8cbd5ade6a2adbf028d5e2e588a11bcd
EP_b3b03c7af8e6191dfe7209b2,SV5_INFILL_ROOM_0f17f69a0304b7b0be0e,SV5_OPTIONAL_RETURN_TO_START,SV5_OPTIONAL_RETURN_TO_START,RMAP15_SITE_START_PORT_ENTRY,SV5_INFILL_ROOM_0f17f69a0304b7b0be0e_LINK:CONNECTOR,383,319,1,3219f36fbaf416f126758d98aba1bf6f71ab648a88ecc3f5e4e3aa8e058bdfb1,03502fb599d4b513036ade56d0eac06e8cbd5ade6a2adbf028d5e2e588a11bcd
EP_965280ee7f61e2ce314394aa,SV5_INFILL_ROOM_33f41990cacb1dba9034,SV5_OPTIONAL_RETURN_TO_START,SV5_OPTIONAL_RETURN_TO_START,RMAP15_SITE_START_PORT_ENTRY,SV5_INFILL_ROOM_33f41990cacb1dba9034_LINK:CONNECTOR,384,311,-1,049354c5f5795a1c5066e127d7f07360e00a8e377c909295aca76e9fcb29f202,03502fb599d4b513036ade56d0eac06e8cbd5ade6a2adbf028d5e2e588a11bcd
EP_097fe140825fc8f4d905660e,SV5_INFILL_ROOM_0f17f69a0304b7b0be0e,SV5_OPTIONAL_RETURN_TO_START,SV5_OPTIONAL_RETURN_TO_START,RMAP15_SITE_START_PORT_ENTRY,SV5_INFILL_ROOM_0f17f69a0304b7b0be0e_LINK:CONNECTOR,384,320,-1,41bd2aa89bff5d97a47309348e37fd758fbaf4578b05fa35a54037c34451cfb0,03502fb599d4b513036ade56d0eac06e8cbd5ade6a2adbf028d5e2e588a11bcd
EP_123d662402831e348ec0a1f3,SV5_INFILL_ROOM_1a82971bf4756de9b6e1,SV5_OPTIONAL_00,SV5_OPTIONAL_00,SV5_PLACE_06_26E6723B2540BBB9_PORT_IN,SV5_INFILL_ROOM_1a82971bf4756de9b6e1_LINK:CONNECTOR,385,367,-1,2895bd07a39d71c37976ae065636fd5246807177b8b11875528f7895ef5c6061,03502fb599d4b513036ade56d0eac06e8cbd5ade6a2adbf028d5e2e588a11bcd
EP_56aa805d2c137118ef01e239,SV5_INFILL_ROOM_0f17f69a0304b7b0be0e,SV5_OPTIONAL_RETURN_TO_START,SV5_OPTIONAL_RETURN_TO_START,RMAP15_SITE_START_PORT_ENTRY,SV5_INFILL_ROOM_0f17f69a0304b7b0be0e_LINK:CONNECTOR,386,322,-1,2ce6f3c693e22472d770cd763400e763e641818f44564bedad95426bef93d0ee,03502fb599d4b513036ade56d0eac06e8cbd5ade6a2adbf028d5e2e588a11bcd
EP_822a673eb4fc3426230ebf0d,SV5_INFILL_ROOM_0f17f69a0304b7b0be0e,SV5_OPTIONAL_RETURN_TO_START,SV5_OPTIONAL_RETURN_TO_START,RMAP15_SITE_START_PORT_ENTRY,SV5_INFILL_ROOM_0f17f69a0304b7b0be0e_LINK:CONNECTOR,386,322,1,7d4a10b6f2a59b15d9752bb44d9ccb29904d7353b575f7b228e0bfeaa4eb9885,03502fb599d4b513036ade56d0eac06e8cbd5ade6a2adbf028d5e2e588a11bcd
EP_2a16990382efa2842bc786a1,SV5_INFILL_ROOM_002847beba22c27fafc7,SV5_OPTIONAL_00,SV5_OPTIONAL_00,SV5_PLACE_06_26E6723B2540BBB9_PORT_IN,SV5_INFILL_ROOM_002847beba22c27fafc7_LINK:CONNECTOR,386,356,1,baeb56bfb3be5f644cd15531696a060946243526c36d913c45fb6c8c60e7e978,03502fb599d4b513036ade56d0eac06e8cbd5ade6a2adbf028d5e2e588a11bcd
EP_776cf0b9d5fab33d6730da15,SV5_INFILL_ROOM_002847beba22c27fafc7,SV5_OPTIONAL_00,SV5_OPTIONAL_00,SV5_PLACE_06_26E6723B2540BBB9_PORT_IN,SV5_INFILL_ROOM_002847beba22c27fafc7_LINK:CONNECTOR,386,356,-1,c7c53c5ad9852f36634e8eacc9e0fe2a216cf5abf70c284f2df8937ff418d543,03502fb599d4b513036ade56d0eac06e8cbd5ade6a2adbf028d5e2e588a11bcd
EP_81d1a38362fc48f912732520,SV5_INFILL_ROOM_0f17f69a0304b7b0be0e,SV5_OPTIONAL_RETURN_TO_START,SV5_OPTIONAL_RETURN_TO_START,RMAP15_SITE_START_PORT_ENTRY,SV5_INFILL_ROOM_0f17f69a0304b7b0be0e_LINK:CONNECTOR,387,323,1,3af1c16c38477864de3995f57891c534eef2c9451c98b75691df75447b4e5b50,03502fb599d4b513036ade56d0eac06e8cbd5ade6a2adbf028d5e2e588a11bcd
EP_8395b16339fd82a862c9e94f,SV5_INFILL_ROOM_0f17f69a0304b7b0be0e,SV5_OPTIONAL_RETURN_TO_START,SV5_OPTIONAL_RETURN_TO_START,RMAP15_SITE_START_PORT_ENTRY,SV5_INFILL_ROOM_0f17f69a0304b7b0be0e_LINK:CONNECTOR,387,323,-1,6bf659453ab4dc6ff59c4a4c91516c457bda1b0b00ca1b2b91752a418747f786,03502fb599d4b513036ade56d0eac06e8cbd5ade6a2adbf028d5e2e588a11bcd
EP_5a18b6488bac9f8dd162ab05,SV5_INFILL_ROOM_002847beba22c27fafc7,SV5_OPTIONAL_00,SV5_OPTIONAL_00,SV5_PLACE_06_26E6723B2540BBB9_PORT_IN,SV5_INFILL_ROOM_002847beba22c27fafc7_LINK:CONNECTOR,387,355,-1,6f74b92e161e5bc95bae567d2acb61fe6978389c368ee53e8a879220e4f144c7,03502fb599d4b513036ade56d0eac06e8cbd5ade6a2adbf028d5e2e588a11bcd
EP_928f6a32e1278fa1cda52de8,SV5_INFILL_ROOM_0f17f69a0304b7b0be0e,SV5_OPTIONAL_RETURN_TO_START,SV5_OPTIONAL_RETURN_TO_START,RMAP15_SITE_START_PORT_ENTRY,SV5_INFILL_ROOM_0f17f69a0304b7b0be0e_LINK:CONNECTOR,388,324,-1,465eedaff459839340f369d378b5dc6e4e906bbb10267da5c315d989a365587f,03502fb599d4b513036ade56d0eac06e8cbd5ade6a2adbf028d5e2e588a11bcd
EP_5926f96477d8cbe9270e00ef,SV5_INFILL_ROOM_0f17f69a0304b7b0be0e,SV5_OPTIONAL_RETURN_TO_START,SV5_OPTIONAL_RETURN_TO_START,RMAP15_SITE_START_PORT_ENTRY,SV5_INFILL_ROOM_0f17f69a0304b7b0be0e_LINK:CONNECTOR,391,326,-1,85e0734a0c9e5abd5830f066fc6c961156359b0ee7e1e889c5435c56776c756f,03502fb599d4b513036ade56d0eac06e8cbd5ade6a2adbf028d5e2e588a11bcd
EP_1150a05e341c3e45c9186877,SV5_INFILL_ROOM_002847beba22c27fafc7,SV5_OPTIONAL_00,SV5_OPTIONAL_00,RMAP15_SITE_START_PORT_ENTRY,SV5_INFILL_ROOM_002847beba22c27fafc7:LANDING,419,357,1,08b5de4a87730abf7bfe73b83d268b6f759b1af643522e518a416209b0f3e037,03502fb599d4b513036ade56d0eac06e8cbd5ade6a2adbf028d5e2e588a11bcd
EP_83d94ea656c07f6fd258e454,SV5_INFILL_ROOM_05300313b23b3b52092c,SV5_OPTIONAL_00,SV5_OPTIONAL_00,RMAP15_SITE_START_PORT_ENTRY,SV5_INFILL_ROOM_05300313b23b3b52092c_LINK:CONNECTOR,420,356,1,5bffcac81f82ee6e0c2c771c3c44645083a616dfb212020d2a407142f3857a80,03502fb599d4b513036ade56d0eac06e8cbd5ade6a2adbf028d5e2e588a11bcd
EP_5a9c1adee735a794b3ec1079,SV5_INFILL_ROOM_05300313b23b3b52092c,SV5_OPTIONAL_00,SV5_OPTIONAL_00,RMAP15_SITE_START_PORT_ENTRY,SV5_INFILL_ROOM_05300313b23b3b52092c_LINK:CONNECTOR,421,355,-1,09e14f26e8c9a2379ea3cf5595c9d27dba86cb53f0edc356cebb0697ace0672f,03502fb599d4b513036ade56d0eac06e8cbd5ade6a2adbf028d5e2e588a11bcd
EP_797e2ba0a2c210b851fdd783,SV5_INFILL_ROOM_05300313b23b3b52092c,SV5_OPTIONAL_00,SV5_OPTIONAL_00,RMAP15_SITE_START_PORT_ENTRY,SV5_INFILL_ROOM_05300313b23b3b52092c_LINK:CONNECTOR,421,355,1,1ecfb6e6ef793148aee6122e97f8c222daddc458191f6235245fee8d846e75db,03502fb599d4b513036ade56d0eac06e8cbd5ade6a2adbf028d5e2e588a11bcd
EP_a0493b3a32042d13e1964e1a,SV5_INFILL_ROOM_05300313b23b3b52092c,SV5_OPTIONAL_00,SV5_OPTIONAL_00,RMAP15_SITE_START_PORT_ENTRY,SV5_INFILL_ROOM_05300313b23b3b52092c_LINK:CONNECTOR,422,354,1,6d98a111293ff3c30e2b93b755fef5d2c6a50cbb90bd6f60f636312cb3722b0b,03502fb599d4b513036ade56d0eac06e8cbd5ade6a2adbf028d5e2e588a11bcd
EP_cc99eb6decb3965b3fd5244d,SV5_INFILL_ROOM_05300313b23b3b52092c,SV5_OPTIONAL_00,SV5_OPTIONAL_00,RMAP15_SITE_START_PORT_ENTRY,SV5_INFILL_ROOM_05300313b23b3b52092c_LINK:CONNECTOR,422,354,-1,6d6428ea78dc0ce2b9d8e6738d9edca5b3f45a1ff404ffc7763bd837473a51be,03502fb599d4b513036ade56d0eac06e8cbd5ade6a2adbf028d5e2e588a11bcd
EP_62450bc5df931b6d2cd21699,SV5_INFILL_ROOM_05300313b23b3b52092c,SV5_OPTIONAL_00,SV5_OPTIONAL_00,RMAP15_SITE_START_PORT_ENTRY,SV5_INFILL_ROOM_05300313b23b3b52092c_LINK:CONNECTOR,423,353,-1,26bae10b34a1a934e40edc1beca1e30c126ba62023de8c3698601f2940ce7e0f,03502fb599d4b513036ade56d0eac06e8cbd5ade6a2adbf028d5e2e588a11bcd
EP_e801af9d381b1d8f5a01564f,SV5_INFILL_ROOM_05300313b23b3b52092c,SV5_OPTIONAL_00,SV5_OPTIONAL_00,RMAP15_SITE_START_PORT_ENTRY,SV5_INFILL_ROOM_05300313b23b3b52092c_LINK:CONNECTOR,423,353,1,21c8a7a963927e89ad3068c6b288dae24f6b31b845f57f728771e215a107427f,03502fb599d4b513036ade56d0eac06e8cbd5ade6a2adbf028d5e2e588a11bcd
EP_2fb34ae30af7f36497014cf5,SV5_INFILL_ROOM_05300313b23b3b52092c,SV5_OPTIONAL_00,SV5_OPTIONAL_00,RMAP15_SITE_START_PORT_ENTRY,SV5_INFILL_ROOM_05300313b23b3b52092c_LINK:CONNECTOR,424,352,-1,6e3da36f7d5bbd6252dbcbdb0fe6d96ef95f28ed31789f48d9a3fe4aff1f744a,03502fb599d4b513036ade56d0eac06e8cbd5ade6a2adbf028d5e2e588a11bcd
EP_7ce1b5e9ef4617d4c55cd975,SV5_INFILL_ROOM_0233efc146f9a48950d8,SV5_OPTIONAL_01,SV5_OPTIONAL_01,SV5_PLACE_06_26E6723B2540BBB9_PORT_OUT,SV5_INFILL_ROOM_0233efc146f9a48950d8_LINK:CONNECTOR,428,384,-1,261d184a13195e143f5e197c13bfe423bf38f0e0aa4ae43002beb813921306f5,03502fb599d4b513036ade56d0eac06e8cbd5ade6a2adbf028d5e2e588a11bcd
EP_b123cbae5c59f20c48301627,SV5_INFILL_ROOM_0233efc146f9a48950d8,SV5_OPTIONAL_01,SV5_OPTIONAL_01,SV5_PLACE_06_26E6723B2540BBB9_PORT_OUT,SV5_INFILL_ROOM_0233efc146f9a48950d8_LINK:CONNECTOR,428,384,1,ed38d08ab9967aa32aeb97e6a5a4772dcf96df44a60930ac0e8e74ea8b5f3505,03502fb599d4b513036ade56d0eac06e8cbd5ade6a2adbf028d5e2e588a11bcd
EP_69f825ac5fe2629ab91898c7,SV5_INFILL_ROOM_0233efc146f9a48950d8,SV5_OPTIONAL_01,SV5_OPTIONAL_01,SV5_PLACE_06_26E6723B2540BBB9_PORT_OUT,SV5_INFILL_ROOM_0233efc146f9a48950d8_LINK:CONNECTOR,429,383,-1,74bfb5c95c81fc61d2c2f6b221bc5df7bf77dda764e1011e83dd617da210138b,03502fb599d4b513036ade56d0eac06e8cbd5ade6a2adbf028d5e2e588a11bcd
EP_0b5360e4ff25ec809178143d,SV5_INFILL_ROOM_08841863b709bc42cfdb,SV5_OPTIONAL_01,SV5_OPTIONAL_01,SV5_PLACE_06_26E6723B2540BBB9_PORT_OUT,SV5_INFILL_ROOM_08841863b709bc42cfdb_LINK:CONNECTOR,429,395,1,e163ed08cae424922c6ad09b1c5635a2d3f3bb99564996ec0b0542c83542353b,03502fb599d4b513036ade56d0eac06e8cbd5ade6a2adbf028d5e2e588a11bcd
EP_b7a238b961b97460d09842b8,SV5_INFILL_ROOM_08841863b709bc42cfdb,SV5_OPTIONAL_01,SV5_OPTIONAL_01,SV5_PLACE_06_26E6723B2540BBB9_PORT_OUT,SV5_INFILL_ROOM_08841863b709bc42cfdb_LINK:CONNECTOR,429,395,-1,1a7eecb42f8989fd088eb31a28f08f10adc0ec4a99758c1a282bb16a8d12e570,03502fb599d4b513036ade56d0eac06e8cbd5ade6a2adbf028d5e2e588a11bcd
EP_14c17366c75491f29e4915ec,SV5_INFILL_ROOM_08841863b709bc42cfdb,SV5_OPTIONAL_01,SV5_OPTIONAL_01,SV5_PLACE_06_26E6723B2540BBB9_PORT_OUT,SV5_INFILL_ROOM_08841863b709bc42cfdb_LINK:CONNECTOR,430,396,-1,1e3d9e3bb074068c54aaa30da726a7aa2a228fdd82dbcfb7637dbfab26653f4c,03502fb599d4b513036ade56d0eac06e8cbd5ade6a2adbf028d5e2e588a11bcd
EP_98988cf57c4873419217bca5,SV5_INFILL_ROOM_08841863b709bc42cfdb,SV5_OPTIONAL_01,SV5_OPTIONAL_01,SV5_PLACE_06_26E6723B2540BBB9_PORT_OUT,SV5_INFILL_ROOM_08841863b709bc42cfdb_LINK:CONNECTOR,430,396,1,75d9595412ed1bd3b3131fb786cc0796be6c4a0cd7c18d9d5c66abda8114acb0,03502fb599d4b513036ade56d0eac06e8cbd5ade6a2adbf028d5e2e588a11bcd
EP_fa0f532d81f5a4b0f54d6eee,SV5_INFILL_ROOM_0c74848c713648c23e1f,SV5_OPTIONAL_04,SV5_OPTIONAL_04,SV5_PLACE_11_E64745F7462770DD_PORT_IN,SV5_INFILL_ROOM_0c74848c713648c23e1f:EMPTY_ROOM,431,35,1,533582cd73af8c7fe981bc649c8fe0265ea6d967e9352b04e9a9df692320b3ad,03502fb599d4b513036ade56d0eac06e8cbd5ade6a2adbf028d5e2e588a11bcd
EP_918588f0da7874c2424bd83c,SV5_INFILL_ROOM_0eec20aa3a5b45e6fa41,SV5_OPTIONAL_04,SV5_OPTIONAL_04,SV5_PLACE_11_E64745F7462770DD_PORT_IN,SV5_INFILL_ROOM_0eec20aa3a5b45e6fa41:LANDING,431,51,1,5468eec80fc1d1343d3bdf2b20bc904ce6f372013136f02323c6400eefae51f0,03502fb599d4b513036ade56d0eac06e8cbd5ade6a2adbf028d5e2e588a11bcd
EP_5e359766052a1a136d586b79,SV5_INFILL_ROOM_08841863b709bc42cfdb,SV5_OPTIONAL_01,SV5_OPTIONAL_01,SV5_PLACE_06_26E6723B2540BBB9_PORT_OUT,SV5_INFILL_ROOM_08841863b709bc42cfdb_LINK:CONNECTOR,431,397,-1,5ba44ef79f8190f13ab95cbbd00496d6a4bc12cf04b512a1dc1495050a4148f5,03502fb599d4b513036ade56d0eac06e8cbd5ade6a2adbf028d5e2e588a11bcd
EP_af1b5e96fd2b2671ba53bb7f,SV5_INFILL_ROOM_08841863b709bc42cfdb,SV5_OPTIONAL_01,SV5_OPTIONAL_01,SV5_PLACE_06_26E6723B2540BBB9_PORT_OUT,SV5_INFILL_ROOM_08841863b709bc42cfdb_LINK:CONNECTOR,431,397,1,1536ee39fbe6f34f877927774549d3ffaff691928060cd3351068cd7f0d1c129,03502fb599d4b513036ade56d0eac06e8cbd5ade6a2adbf028d5e2e588a11bcd
EP_9c8ebb3e6ed8f3bd64f429eb,SV5_INFILL_ROOM_0573f914122762e2eb87,SV5_OPTIONAL_TO_VILLAGE,SV5_OPTIONAL_TO_VILLAGE,RMAP15_SITE_VILLAGE_PORT_ENTRY,SV5_INFILL_ROOM_0573f914122762e2eb87_LINK:CONNECTOR,432,252,1,2e4f4a1068ee7a5a1a42f0a0c2223274eff7b310fac0dcf2d4b6c6730cdadb3b,03502fb599d4b513036ade56d0eac06e8cbd5ade6a2adbf028d5e2e588a11bcd
EP_47da77d1e8d7b1ba7fa48294,SV5_INFILL_ROOM_08841863b709bc42cfdb,SV5_OPTIONAL_01,SV5_OPTIONAL_01,SV5_PLACE_06_26E6723B2540BBB9_PORT_OUT,SV5_INFILL_ROOM_08841863b709bc42cfdb_LINK:CONNECTOR,432,398,-1,13e3491031472ec9401432a326f585a38d959c81301a1b41e8551f8d15ecd2e6,03502fb599d4b513036ade56d0eac06e8cbd5ade6a2adbf028d5e2e588a11bcd
EP_a158dba8828657046ccb6513,SV5_INFILL_ROOM_0c74848c713648c23e1f,SV5_OPTIONAL_04,SV5_OPTIONAL_04,SV5_PLACE_11_E64745F7462770DD_PORT_IN,SV5_INFILL_ROOM_0c74848c713648c23e1f_LINK:CONNECTOR,433,34,1,a4772205dd7fa1d60e87f9f79712f0729645dfa87a164569a1a6803ecf64f035,03502fb599d4b513036ade56d0eac06e8cbd5ade6a2adbf028d5e2e588a11bcd
EP_44d5386bb99c022e20746c89,SV5_INFILL_ROOM_0573f914122762e2eb87,SV5_OPTIONAL_TO_VILLAGE,SV5_OPTIONAL_TO_VILLAGE,RMAP15_SITE_VILLAGE_PORT_ENTRY,SV5_INFILL_ROOM_0573f914122762e2eb87_LINK:CONNECTOR,433,253,-1,83c054b6b0696ce69208cd8adb2ddad2cb11f01e0142a8c5fea52c133c4466cc,03502fb599d4b513036ade56d0eac06e8cbd5ade6a2adbf028d5e2e588a11bcd
EP_88ed1c6b1147f4bc15c5dce4,SV5_INFILL_ROOM_0573f914122762e2eb87,SV5_OPTIONAL_TO_VILLAGE,SV5_OPTIONAL_TO_VILLAGE,RMAP15_SITE_VILLAGE_PORT_ENTRY,SV5_INFILL_ROOM_0573f914122762e2eb87_LINK:CONNECTOR,433,253,1,1b5cd3cc91a980bb56e3d054a59a2679af980bbb2e36915a077a730b76fd0d08,03502fb599d4b513036ade56d0eac06e8cbd5ade6a2adbf028d5e2e588a11bcd
EP_5a4c751c86e43684df1c41b2,SV5_INFILL_ROOM_0c74848c713648c23e1f,SV5_OPTIONAL_04,SV5_OPTIONAL_04,SV5_PLACE_11_E64745F7462770DD_PORT_IN,SV5_INFILL_ROOM_0c74848c713648c23e1f_LINK:CONNECTOR,434,33,-1,fa855a0e6025715b2a9709d7b7b9afa0a5388f44dcb91098bfc706d7ea10faa6,03502fb599d4b513036ade56d0eac06e8cbd5ade6a2adbf028d5e2e588a11bcd
EP_e8ed8c75a976020d16a42f67,SV5_INFILL_ROOM_0c74848c713648c23e1f,SV5_OPTIONAL_04,SV5_OPTIONAL_04,SV5_PLACE_11_E64745F7462770DD_PORT_IN,SV5_INFILL_ROOM_0c74848c713648c23e1f_LINK:CONNECTOR,434,33,1,d355f4ad478736a7b8c39b4b55d65e9499de265025718fb12608039072754924,03502fb599d4b513036ade56d0eac06e8cbd5ade6a2adbf028d5e2e588a11bcd
EP_66491dcc51cbdfe264106b9c,SV5_INFILL_ROOM_0573f914122762e2eb87,SV5_OPTIONAL_TO_VILLAGE,SV5_OPTIONAL_TO_VILLAGE,RMAP15_SITE_VILLAGE_PORT_ENTRY,SV5_INFILL_ROOM_0573f914122762e2eb87_LINK:CONNECTOR,434,254,1,74868edf0a5b780d28131f0b8d576ee68f0ff05bfae5e1fafee7e9649fae6114,03502fb599d4b513036ade56d0eac06e8cbd5ade6a2adbf028d5e2e588a11bcd
EP_9445cfd7ac1da08e5da5cd1b,SV5_INFILL_ROOM_0573f914122762e2eb87,SV5_OPTIONAL_TO_VILLAGE,SV5_OPTIONAL_TO_VILLAGE,RMAP15_SITE_VILLAGE_PORT_ENTRY,SV5_INFILL_ROOM_0573f914122762e2eb87_LINK:CONNECTOR,434,254,-1,3d88b25aca275cd4a3bccde72a4fdcb02f706329cf3c017e45da96571b9274a5,03502fb599d4b513036ade56d0eac06e8cbd5ade6a2adbf028d5e2e588a11bcd
EP_d1c57a861360048bad7af82e,SV5_INFILL_ROOM_069bc950dfc606260497,SV5_OPTIONAL_TO_VILLAGE,SV5_OPTIONAL_TO_VILLAGE,RMAP15_SITE_VILLAGE_PORT_ENTRY,SV5_INFILL_ROOM_069bc950dfc606260497_LINK:CONNECTOR,434,275,1,c35f2025e893d1df1326d84868831efbb8c205f109b6aef56c5a4bcf9efc1a9e,03502fb599d4b513036ade56d0eac06e8cbd5ade6a2adbf028d5e2e588a11bcd
EP_7f37fa13450ec96554ca5acf,SV5_INFILL_ROOM_0c74848c713648c23e1f,SV5_OPTIONAL_04,SV5_OPTIONAL_04,SV5_PLACE_11_E64745F7462770DD_PORT_IN,SV5_INFILL_ROOM_0c74848c713648c23e1f_LINK:CONNECTOR,435,32,-1,478089c74bdc6a183cb6daab2f5ee002d7c24e959b8ecf45ba4b2ff3d45dfcb4,03502fb599d4b513036ade56d0eac06e8cbd5ade6a2adbf028d5e2e588a11bcd
EP_95734ef7727e5794460c9097,SV5_INFILL_ROOM_0c74848c713648c23e1f,SV5_OPTIONAL_04,SV5_OPTIONAL_04,SV5_PLACE_11_E64745F7462770DD_PORT_IN,SV5_INFILL_ROOM_0c74848c713648c23e1f_LINK:CONNECTOR,435,32,1,14b2224503ee3e600b2f468613b036ed055dc42e23e9a9ac0f8dab3b4a6fca3a,03502fb599d4b513036ade56d0eac06e8cbd5ade6a2adbf028d5e2e588a11bcd
EP_aa5e59f7ac018f4d64bede0f,SV5_INFILL_ROOM_0eec20aa3a5b45e6fa41,SV5_OPTIONAL_04,SV5_OPTIONAL_04,SV5_PLACE_11_E64745F7462770DD_PORT_IN,SV5_INFILL_ROOM_0eec20aa3a5b45e6fa41_LINK:CONNECTOR,435,50,1,be2fe1a6da2e513cb77fbde5a67897bd55ad13f02a113259e5742ef69f1f326b,03502fb599d4b513036ade56d0eac06e8cbd5ade6a2adbf028d5e2e588a11bcd
EP_fe1311b35711971ae2c739de,SV5_INFILL_ROOM_0573f914122762e2eb87,SV5_OPTIONAL_TO_VILLAGE,SV5_OPTIONAL_TO_VILLAGE,RMAP15_SITE_VILLAGE_PORT_ENTRY,SV5_INFILL_ROOM_0573f914122762e2eb87_LINK:CONNECTOR,435,255,-1,45f737391d2132ad860d04cc44ad6068f1883a2441696184afbbc8ac1a016d80,03502fb599d4b513036ade56d0eac06e8cbd5ade6a2adbf028d5e2e588a11bcd
EP_6aff915524980cdc779019b3,SV5_INFILL_ROOM_042225214705273a5475,SV5_OPTIONAL_04,SV5_OPTIONAL_04,SV5_PLACE_11_E64745F7462770DD_PORT_IN,SV5_INFILL_ROOM_042225214705273a5475:DEAD_END,436,31,-1,75efb7902be76f44d9187ac915eb8d0005a14c7db61d49169613359893063c27,03502fb599d4b513036ade56d0eac06e8cbd5ade6a2adbf028d5e2e588a11bcd
EP_1a101e49e8760c8f92ae1044,SV5_INFILL_ROOM_11ea6749b4a84e4590a4,SV5_OPTIONAL_04,SV5_OPTIONAL_04,SV5_PLACE_11_E64745F7462770DD_PORT_IN,SV5_INFILL_ROOM_11ea6749b4a84e4590a4:LANDING,436,49,-1,2a248e43dc5f8fdfdbe31e0dde96dd2191472092d3a9738109d2a07042b3460b,03502fb599d4b513036ade56d0eac06e8cbd5ade6a2adbf028d5e2e588a11bcd
EP_18624bf155da506c911e636f,SV5_INFILL_ROOM_0e1d0458b0d793642356,SV5_OPTIONAL_04,SV5_OPTIONAL_04,SV5_PLACE_11_E64745F7462770DD_PORT_IN,SV5_INFILL_ROOM_0e1d0458b0d793642356_LINK:CONNECTOR,436,71,1,6a60d6b2493b5f1ef880e85f7d7f39470f88e82a449a4607372ac9d9e74d92a5,03502fb599d4b513036ade56d0eac06e8cbd5ade6a2adbf028d5e2e588a11bcd
EP_826ed1583058ea3a75ee5036,SV5_INFILL_ROOM_0e1d0458b0d793642356,SV5_OPTIONAL_04,SV5_OPTIONAL_04,SV5_PLACE_11_E64745F7462770DD_PORT_IN,SV5_INFILL_ROOM_0e1d0458b0d793642356_LINK:CONNECTOR,438,73,-1,26b25a8511990d02bb9089b35fde6184496a6daf9b2e8e40ae60a218f9c07344,03502fb599d4b513036ade56d0eac06e8cbd5ade6a2adbf028d5e2e588a11bcd
EP_9d550073b0032c18e4f0e7c5,SV5_INFILL_ROOM_0e1d0458b0d793642356,SV5_OPTIONAL_04,SV5_OPTIONAL_04,SV5_PLACE_11_E64745F7462770DD_PORT_IN,SV5_INFILL_ROOM_0e1d0458b0d793642356_LINK:CONNECTOR,439,74,-1,221b2b1f53e0ab444ca0bb1017dd1f3e9e115cac8297b059e3f1e11f1e6875fa,03502fb599d4b513036ade56d0eac06e8cbd5ade6a2adbf028d5e2e588a11bcd
EP_fb63e83ccff065885c4c7b06,SV5_INFILL_ROOM_0e1d0458b0d793642356,SV5_OPTIONAL_04,SV5_OPTIONAL_04,SV5_PLACE_11_E64745F7462770DD_PORT_IN,SV5_INFILL_ROOM_0e1d0458b0d793642356_LINK:CONNECTOR,439,74,1,1317a596e4bfc3780f11f0e90b213954a008347d3336ec6455cc5d0d125a26c3,03502fb599d4b513036ade56d0eac06e8cbd5ade6a2adbf028d5e2e588a11bcd
EP_6c2a184da809984feccaa8f3,SV5_INFILL_ROOM_0573f914122762e2eb87,SV5_OPTIONAL_TO_VILLAGE,SV5_OPTIONAL_TO_VILLAGE,RMAP15_SITE_VILLAGE_PORT_ENTRY,SV5_INFILL_ROOM_0573f914122762e2eb87_LINK:CONNECTOR,439,259,-1,d5f673371cd1c16d8675711e2279e827dacaf1b47a9f3f6ab8a0ce2b643416d4,03502fb599d4b513036ade56d0eac06e8cbd5ade6a2adbf028d5e2e588a11bcd
EP_9f8f491d38fecf0b0caec24c,SV5_INFILL_ROOM_0573f914122762e2eb87,SV5_OPTIONAL_TO_VILLAGE,SV5_OPTIONAL_TO_VILLAGE,RMAP15_SITE_VILLAGE_PORT_ENTRY,SV5_INFILL_ROOM_0573f914122762e2eb87_LINK:CONNECTOR,439,259,1,a1ba2e4873e9ac85256710ccdbcb859f3e2efbd33c08cfa627b4a500f8b137f8,03502fb599d4b513036ade56d0eac06e8cbd5ade6a2adbf028d5e2e588a11bcd
EP_03460f7917332b7bb85b7bf2,SV5_INFILL_ROOM_0e1d0458b0d793642356,SV5_OPTIONAL_04,SV5_OPTIONAL_04,SV5_PLACE_11_E64745F7462770DD_PORT_IN,SV5_INFILL_ROOM_0e1d0458b0d793642356_LINK:CONNECTOR,440,75,1,065482907b438bddd70a17571aaf01c648cb2c0ca11ff8b26b58e0495f67a04a,03502fb599d4b513036ade56d0eac06e8cbd5ade6a2adbf028d5e2e588a11bcd
EP_ac329a24b449efe51103a415,SV5_INFILL_ROOM_0e1d0458b0d793642356,SV5_OPTIONAL_04,SV5_OPTIONAL_04,SV5_PLACE_11_E64745F7462770DD_PORT_IN,SV5_INFILL_ROOM_0e1d0458b0d793642356_LINK:CONNECTOR,440,75,-1,1a292021ba7298a48857f904812aec8bf912f9e3369ac2d04db0c333922614a3,03502fb599d4b513036ade56d0eac06e8cbd5ade6a2adbf028d5e2e588a11bcd
EP_d128c8bdfbaa59b3a3f61d42,SV5_INFILL_ROOM_0e1d0458b0d793642356,SV5_OPTIONAL_04,SV5_OPTIONAL_04,SV5_PLACE_11_E64745F7462770DD_PORT_IN,SV5_INFILL_ROOM_0e1d0458b0d793642356_LINK:CONNECTOR,441,76,-1,1f4e7712807051297218c0d8d848209f0688b421f4500fba30464207ebfd521b,03502fb599d4b513036ade56d0eac06e8cbd5ade6a2adbf028d5e2e588a11bcd
EP_67d0052f6f351324d9bc7f50,SV5_INFILL_ROOM_0e1d0458b0d793642356,SV5_OPTIONAL_04,SV5_OPTIONAL_04,SV5_PLACE_11_E64745F7462770DD_PORT_IN,SV5_INFILL_ROOM_0e1d0458b0d793642356_LINK:CONNECTOR,443,78,1,2bf13ba205c070b1c72f93c0b1cc6d32207ab5ceba3a8ca50fc1552bb9e5b511,03502fb599d4b513036ade56d0eac06e8cbd5ade6a2adbf028d5e2e588a11bcd
EP_cf524cebe9ef35cf2f74e1b3,SV5_INFILL_ROOM_0193b889fad304bdfe2d,SV5_OPTIONAL_04,SV5_OPTIONAL_04,SV5_PLACE_11_E64745F7462770DD_PORT_IN,SV5_INFILL_ROOM_0193b889fad304bdfe2d:DEAD_END,444,79,-1,d0ab2dc21f9b6d7c9b4839b9d7c3e50868e2b57732c480c1601cfcf44798e9d9,03502fb599d4b513036ade56d0eac06e8cbd5ade6a2adbf028d5e2e588a11bcd
EP_1211c29a4e670741501ae8f3,SV5_INFILL_ROOM_08841863b709bc42cfdb,SV5_OPTIONAL_01,SV5_OPTIONAL_01,SV5_PLACE_06_26E6723B2540BBB9_PORT_OUT,SV5_INFILL_ROOM_08841863b709bc42cfdb:DEAD_END,444,399,-1,35d63567f4b1251b9486cc870f19fcb5d903ff242bb8b83d55999e02d34c683d,03502fb599d4b513036ade56d0eac06e8cbd5ade6a2adbf028d5e2e588a11bcd
EP_43673686202c8be0e7019578,SV5_INFILL_ROOM_042225214705273a5475,SV5_OPTIONAL_04,SV5_OPTIONAL_04,SV5_PLACE_11_E64745F7462770DD_PORT_IN,SV5_INFILL_ROOM_042225214705273a5475:DEAD_END,451,31,1,c071ce94c6b1f902fc2d47057337a6fbd3f8e407ccbedabbd09243a66b2dcbf8,03502fb599d4b513036ade56d0eac06e8cbd5ade6a2adbf028d5e2e588a11bcd
EP_630ea0bab9ebc6aa459e1654,SV5_INFILL_ROOM_11ea6749b4a84e4590a4,SV5_OPTIONAL_04,SV5_OPTIONAL_04,SV5_PLACE_11_E64745F7462770DD_PORT_IN,SV5_INFILL_ROOM_11ea6749b4a84e4590a4:LANDING,451,47,1,38c8be5919a8625b2dc64974a292cc724f2af8c9e1f74a73af933165c12384d1,03502fb599d4b513036ade56d0eac06e8cbd5ade6a2adbf028d5e2e588a11bcd
EP_4330891f9dbcf61f3eeec1a5,SV5_INFILL_ROOM_0338f39aba7496f3ee5e,SV5_OPTIONAL_00,SV5_OPTIONAL_00,RMAP15_SITE_START_PORT_ENTRY,SV5_INFILL_ROOM_0338f39aba7496f3ee5e_LINK:CONNECTOR,452,352,1,c8d3a8a1cd94f71036c9d61b404c7917ae5ce01ab8b9d04e01930cc4ead703c7,03502fb599d4b513036ade56d0eac06e8cbd5ade6a2adbf028d5e2e588a11bcd
EP_8fba6f47745c79687c924f37,SV5_INFILL_ROOM_0338f39aba7496f3ee5e,SV5_OPTIONAL_00,SV5_OPTIONAL_00,RMAP15_SITE_START_PORT_ENTRY,SV5_INFILL_ROOM_0338f39aba7496f3ee5e_LINK:CONNECTOR,452,352,-1,3151263d246f55104f34b2415dde690431b9ae1b95641c673aa9df686c21b036,03502fb599d4b513036ade56d0eac06e8cbd5ade6a2adbf028d5e2e588a11bcd
EP_c0f933ee8a9095133de33777,SV5_INFILL_ROOM_042225214705273a5475,SV5_OPTIONAL_04,SV5_OPTIONAL_04,SV5_PLACE_11_E64745F7462770DD_PORT_IN,SV5_INFILL_ROOM_042225214705273a5475_LINK:CONNECTOR,453,30,1,984083f605f47e6acd9060336baeaed3d74e5f6e89059b0590da7f89cf1e02cd,03502fb599d4b513036ade56d0eac06e8cbd5ade6a2adbf028d5e2e588a11bcd
EP_322b60731055543be6a67b77,SV5_INFILL_ROOM_0338f39aba7496f3ee5e,SV5_OPTIONAL_00,SV5_OPTIONAL_00,RMAP15_SITE_START_PORT_ENTRY,SV5_INFILL_ROOM_0338f39aba7496f3ee5e_LINK:CONNECTOR,453,351,-1,ea6e4390b8d84d18b1d3711622efc244e8938fd6c7d512801b50e69df5e3c9d3,03502fb599d4b513036ade56d0eac06e8cbd5ade6a2adbf028d5e2e588a11bcd
EP_4867904f3aaf720b858e58e6,SV5_INFILL_ROOM_042225214705273a5475,SV5_OPTIONAL_04,SV5_OPTIONAL_04,SV5_PLACE_11_E64745F7462770DD_PORT_IN,SV5_INFILL_ROOM_042225214705273a5475_LINK:CONNECTOR,454,29,-1,ca888ccecf63f8388c97005150b20579abc9f50af0939955ca82dc7bc2e5b9f1,03502fb599d4b513036ade56d0eac06e8cbd5ade6a2adbf028d5e2e588a11bcd
EP_e7b42eb031ff0477c568153a,SV5_INFILL_ROOM_042225214705273a5475,SV5_OPTIONAL_04,SV5_OPTIONAL_04,SV5_PLACE_11_E64745F7462770DD_PORT_IN,SV5_INFILL_ROOM_042225214705273a5475_LINK:CONNECTOR,454,29,1,089fd6863d62f9155a2fc7b78b5bb74131abacd6fc1390b8679e7a3d68ef54b6,03502fb599d4b513036ade56d0eac06e8cbd5ade6a2adbf028d5e2e588a11bcd
EP_2d3f1d35b43f2262b1dc2aa2,SV5_INFILL_ROOM_042225214705273a5475,SV5_OPTIONAL_04,SV5_OPTIONAL_04,SV5_PLACE_11_E64745F7462770DD_PORT_IN,SV5_INFILL_ROOM_042225214705273a5475_LINK:CONNECTOR,455,28,1,e4403de833c73b74ebd318230b82bbcbb77b63459f414e26643076a6f3f2f3ef,03502fb599d4b513036ade56d0eac06e8cbd5ade6a2adbf028d5e2e588a11bcd
EP_ebcb73f842d6729f944757b9,SV5_INFILL_ROOM_042225214705273a5475,SV5_OPTIONAL_04,SV5_OPTIONAL_04,SV5_PLACE_11_E64745F7462770DD_PORT_IN,SV5_INFILL_ROOM_042225214705273a5475_LINK:CONNECTOR,455,28,-1,bcdaf3ec206ea1c3dd95453b87e81954ab4466c461191d1fae89f80ba4862b02,03502fb599d4b513036ade56d0eac06e8cbd5ade6a2adbf028d5e2e588a11bcd
EP_84ed77d30bbeb976dfdda504,SV5_INFILL_ROOM_0740dfaa546673a8b5c1,SV5_OPTIONAL_04,SV5_OPTIONAL_04,SV5_PLACE_11_E64745F7462770DD_PORT_IN,SV5_INFILL_ROOM_0740dfaa546673a8b5c1:DEAD_END,456,27,-1,3b4db503bec1a112e0c2992ed205c3a618031816bec6c45726ebd8362e9cd577,03502fb599d4b513036ade56d0eac06e8cbd5ade6a2adbf028d5e2e588a11bcd
EP_47e252eba3961a8c9e0f106d,SV5_INFILL_ROOM_0193b889fad304bdfe2d,SV5_OPTIONAL_04,SV5_OPTIONAL_04,SV5_PLACE_11_E64745F7462770DD_PORT_IN,SV5_INFILL_ROOM_0193b889fad304bdfe2d:DEAD_END,459,79,1,5df98e9c9f228f550b110172cffbd84db832324fec5a10ad0428c7a69ff61c78,03502fb599d4b513036ade56d0eac06e8cbd5ade6a2adbf028d5e2e588a11bcd
EP_9da3fb64a13e416b94c737e6,SV5_INFILL_ROOM_0233efc146f9a48950d8,SV5_OPTIONAL_01,SV5_OPTIONAL_01,SV5_PLACE_06_26E6723B2540BBB9_PORT_OUT,SV5_INFILL_ROOM_0233efc146f9a48950d8:DEAD_END,463,383,1,adfe4b629f6916972698689f1f62ff178e92b17c26b43b172d77895aec7a9508,03502fb599d4b513036ade56d0eac06e8cbd5ade6a2adbf028d5e2e588a11bcd
EP_59b2a1e67731a1b37366ae57,SV5_INFILL_ROOM_009ef3f64388d61dce55,SV5_OPTIONAL_01,SV5_OPTIONAL_01,SV5_PLACE_06_26E6723B2540BBB9_PORT_OUT,SV5_INFILL_ROOM_009ef3f64388d61dce55_LINK:CONNECTOR,464,384,-1,1eb974898f2552a59b8cb4fb77c9190fd6043e0df0c2bbd1ae93fa116e636a48,03502fb599d4b513036ade56d0eac06e8cbd5ade6a2adbf028d5e2e588a11bcd
EP_641c677ee44a75a456cb5fd2,SV5_INFILL_ROOM_009ef3f64388d61dce55,SV5_OPTIONAL_01,SV5_OPTIONAL_01,SV5_PLACE_06_26E6723B2540BBB9_PORT_OUT,SV5_INFILL_ROOM_009ef3f64388d61dce55_LINK:CONNECTOR,464,384,1,42ac89ea874f6261ebe6868fbe4a8e533f8bd7189d42d11ae61b9cb7b03bdae6,03502fb599d4b513036ade56d0eac06e8cbd5ade6a2adbf028d5e2e588a11bcd
EP_e1d8e2c983cbc2b872db9340,SV5_INFILL_ROOM_11ea6749b4a84e4590a4,SV5_OPTIONAL_04,SV5_OPTIONAL_04,SV5_PLACE_11_E64745F7462770DD_PORT_IN,SV5_INFILL_ROOM_11ea6749b4a84e4590a4_LINK:CONNECTOR,465,46,1,d9ba667bc064e6cce58ee3ef6559a1d280a54905fcc5e2e6e80e6f007934cade,03502fb599d4b513036ade56d0eac06e8cbd5ade6a2adbf028d5e2e588a11bcd
EP_7f3befda9a106a264e9418bc,SV5_INFILL_ROOM_009ef3f64388d61dce55,SV5_OPTIONAL_01,SV5_OPTIONAL_01,SV5_PLACE_06_26E6723B2540BBB9_PORT_OUT,SV5_INFILL_ROOM_009ef3f64388d61dce55_LINK:CONNECTOR,465,385,1,429f1dd964c830dea15e0b11543474b986e4dc5f1099da53b8a64b28a0d7fdfd,03502fb599d4b513036ade56d0eac06e8cbd5ade6a2adbf028d5e2e588a11bcd
EP_b8e69c4ca6a15b2dd78c0db4,SV5_INFILL_ROOM_009ef3f64388d61dce55,SV5_OPTIONAL_01,SV5_OPTIONAL_01,SV5_PLACE_06_26E6723B2540BBB9_PORT_OUT,SV5_INFILL_ROOM_009ef3f64388d61dce55_LINK:CONNECTOR,465,385,-1,33b205890001119f5469a018c464995813309338acb2d5e1fc0e0be710b45953,03502fb599d4b513036ade56d0eac06e8cbd5ade6a2adbf028d5e2e588a11bcd
EP_86ffef08b9d4210643ae4ab2,SV5_INFILL_ROOM_11ea6749b4a84e4590a4,SV5_OPTIONAL_04,SV5_OPTIONAL_04,SV5_PLACE_11_E64745F7462770DD_PORT_IN,SV5_INFILL_ROOM_11ea6749b4a84e4590a4_LINK:CONNECTOR,466,45,1,87e2bc28a1f6e42750e3a62a03c127027b9135e1f090979729674be999d9f2cd,03502fb599d4b513036ade56d0eac06e8cbd5ade6a2adbf028d5e2e588a11bcd
EP_ffb41694ae2ad363d01c9c0b,SV5_INFILL_ROOM_11ea6749b4a84e4590a4,SV5_OPTIONAL_04,SV5_OPTIONAL_04,SV5_PLACE_11_E64745F7462770DD_PORT_IN,SV5_INFILL_ROOM_11ea6749b4a84e4590a4_LINK:CONNECTOR,466,45,-1,a6547f784934015fc2b9cba0c8b42ff36b2f300ca82bcb6f6afdd50b89b1f3ca,03502fb599d4b513036ade56d0eac06e8cbd5ade6a2adbf028d5e2e588a11bcd
EP_5abb089febecc3355d1684a1,SV5_INFILL_ROOM_009ef3f64388d61dce55,SV5_OPTIONAL_01,SV5_OPTIONAL_01,SV5_PLACE_06_26E6723B2540BBB9_PORT_OUT,SV5_INFILL_ROOM_009ef3f64388d61dce55_LINK:CONNECTOR,466,386,-1,00e650cf3a9199c95b9d7e0f527169ea231ebb198eb927c1fb1d9c468134e088,03502fb599d4b513036ade56d0eac06e8cbd5ade6a2adbf028d5e2e588a11bcd
EP_4e05eb2e0a8fafd8fe18a12a,SV5_INFILL_ROOM_11ea6749b4a84e4590a4,SV5_OPTIONAL_04,SV5_OPTIONAL_04,SV5_PLACE_11_E64745F7462770DD_PORT_IN,SV5_INFILL_ROOM_11ea6749b4a84e4590a4_LINK:CONNECTOR,467,44,-1,c2f084ff238585314c9c4e28cee86fd75023ca85dde72e99ef094e953c2c64e8,03502fb599d4b513036ade56d0eac06e8cbd5ade6a2adbf028d5e2e588a11bcd
EP_e6cbe662608b71df6a3d49aa,SV5_INFILL_ROOM_11ea6749b4a84e4590a4,SV5_OPTIONAL_04,SV5_OPTIONAL_04,SV5_PLACE_11_E64745F7462770DD_PORT_IN,SV5_INFILL_ROOM_11ea6749b4a84e4590a4_LINK:CONNECTOR,467,44,1,02c580057b6c6f7740374b8dc2f4789648d26158464644400580587583c78134,03502fb599d4b513036ade56d0eac06e8cbd5ade6a2adbf028d5e2e588a11bcd
EP_bff7394c15b7f525b2aa4573,SV5_INFILL_ROOM_19a08e580d8eca79134f,SV5_OPTIONAL_04,SV5_OPTIONAL_04,SV5_PLACE_11_E64745F7462770DD_PORT_IN,SV5_INFILL_ROOM_19a08e580d8eca79134f:SMALL_CAVE,468,43,-1,58a56c01057f8d81954bdecb1d49b53a46d262e2688fb54195ea4dcb69a67a2d,03502fb599d4b513036ade56d0eac06e8cbd5ade6a2adbf028d5e2e588a11bcd
EP_1af27ef7ca8585c574338c3b,SV5_INFILL_ROOM_0193b889fad304bdfe2d,SV5_OPTIONAL_04,SV5_OPTIONAL_04,SV5_PLACE_11_E64745F7462770DD_PORT_IN,SV5_INFILL_ROOM_0193b889fad304bdfe2d_LINK:CONNECTOR,468,77,-1,ac7deae1f9a19e05a6104beb7ff039d512f02b2223c3181b6dfb345735639b14,03502fb599d4b513036ade56d0eac06e8cbd5ade6a2adbf028d5e2e588a11bcd
EP_7b1d1d8ec692e6b3ebd84c7a,SV5_INFILL_ROOM_009ef3f64388d61dce55,SV5_OPTIONAL_01,SV5_OPTIONAL_01,SV5_PLACE_06_26E6723B2540BBB9_PORT_OUT,SV5_INFILL_ROOM_009ef3f64388d61dce55:LANDING,468,387,-1,e4c654eb5c23325f1bb2e019baf536f5dcf8c0e44c7511d23268dea8dad00c51,03502fb599d4b513036ade56d0eac06e8cbd5ade6a2adbf028d5e2e588a11bcd
EP_20d40b97db5a2298c706ba72,SV5_INFILL_ROOM_0193b889fad304bdfe2d,SV5_OPTIONAL_04,SV5_OPTIONAL_04,SV5_PLACE_11_E64745F7462770DD_PORT_IN,SV5_INFILL_ROOM_0193b889fad304bdfe2d_LINK:CONNECTOR,469,76,1,cf0bc44c1a35c70f918750f88bdcbe4d5f9a7abd0586996c3069f09072fd8b50,03502fb599d4b513036ade56d0eac06e8cbd5ade6a2adbf028d5e2e588a11bcd
EP_be7cfe466248fd5b1d705506,SV5_INFILL_ROOM_0193b889fad304bdfe2d,SV5_OPTIONAL_04,SV5_OPTIONAL_04,SV5_PLACE_11_E64745F7462770DD_PORT_IN,SV5_INFILL_ROOM_0193b889fad304bdfe2d_LINK:CONNECTOR,469,76,-1,ad5c107cdd0c405bffb240dc136b601cde9a8e3e58df5dfc00ada627be1038fb,03502fb599d4b513036ade56d0eac06e8cbd5ade6a2adbf028d5e2e588a11bcd
EP_866c91cff22f7c0acfa2afc7,SV5_INFILL_ROOM_0193b889fad304bdfe2d,SV5_OPTIONAL_04,SV5_OPTIONAL_04,SV5_PLACE_11_E64745F7462770DD_PORT_IN,SV5_INFILL_ROOM_0193b889fad304bdfe2d_LINK:CONNECTOR,470,75,-1,b3a519bb40ab4f009741bdb7b12e90af3b042f794ca465d3b1ea3b8229c2c571,03502fb599d4b513036ade56d0eac06e8cbd5ade6a2adbf028d5e2e588a11bcd
EP_e23b8dc0fca40674b06f9f8f,SV5_INFILL_ROOM_0193b889fad304bdfe2d,SV5_OPTIONAL_04,SV5_OPTIONAL_04,SV5_PLACE_11_E64745F7462770DD_PORT_IN,SV5_INFILL_ROOM_0193b889fad304bdfe2d_LINK:CONNECTOR,470,75,1,50d69034d8dc4fd4f93879e325a69bebf7280bd00133b5a2deeb9313ba03bbc3,03502fb599d4b513036ade56d0eac06e8cbd5ade6a2adbf028d5e2e588a11bcd
EP_da00f954a40b11c828701a0c,SV5_INFILL_ROOM_0193b889fad304bdfe2d,SV5_OPTIONAL_04,SV5_OPTIONAL_04,SV5_PLACE_11_E64745F7462770DD_PORT_IN,SV5_INFILL_ROOM_0193b889fad304bdfe2d_LINK:CONNECTOR,471,74,1,962aa4931a114841bfbc6d50caf88e1ee00114ea134bd19048620e15e8c70161,03502fb599d4b513036ade56d0eac06e8cbd5ade6a2adbf028d5e2e588a11bcd
EP_5b8c75564d1d0efd21fe94e1,SV5_INFILL_ROOM_0c69ae74af31ab21da75,SV5_OPTIONAL_04,SV5_OPTIONAL_04,SV5_PLACE_11_E64745F7462770DD_PORT_IN,SV5_INFILL_ROOM_0c69ae74af31ab21da75:DEAD_END,471,103,1,bd219f816cc0d225d6b697330bc494c8dd5ff53082742c81ea5766959e140299,03502fb599d4b513036ade56d0eac06e8cbd5ade6a2adbf028d5e2e588a11bcd
EP_111f165827cf01c430cba520,SV5_INFILL_ROOM_0081ac017846ab0e0d78,SV5_OPTIONAL_04,SV5_OPTIONAL_04,SV5_PLACE_11_E64745F7462770DD_PORT_IN,SV5_INFILL_ROOM_0081ac017846ab0e0d78:LANDING,472,73,-1,381e4dfd674c64b5132120343f9dc3e616ac6bada55a64c87ca3f2ffece87549,03502fb599d4b513036ade56d0eac06e8cbd5ade6a2adbf028d5e2e588a11bcd
EP_0c207c52b7c64d4f9fbe0432,SV5_INFILL_ROOM_0f8b0d9ffd48309ac358,SV5_OPTIONAL_02,SV5_OPTIONAL_02,SV5_PLACE_07_5EB723EDC1DC3862_PORT_IN,SV5_INFILL_ROOM_0f8b0d9ffd48309ac358_LINK:CONNECTOR,480,367,1,944cceb42444d340ca1fa588a3db3f70725ab21da49d402035bc59562cfe270a,03502fb599d4b513036ade56d0eac06e8cbd5ade6a2adbf028d5e2e588a11bcd
EP_39676f065d08cb5f56253231,SV5_INFILL_ROOM_0f8b0d9ffd48309ac358,SV5_OPTIONAL_02,SV5_OPTIONAL_02,SV5_PLACE_07_5EB723EDC1DC3862_PORT_IN,SV5_INFILL_ROOM_0f8b0d9ffd48309ac358_LINK:CONNECTOR,481,368,-1,91b03c8a18fbb53daeceb6c3f471ce1b063f7cc987a5ffac96df6a39ca386444,03502fb599d4b513036ade56d0eac06e8cbd5ade6a2adbf028d5e2e588a11bcd
EP_ff1fa337a0afc3509f2a0ba0,SV5_INFILL_ROOM_0f8b0d9ffd48309ac358,SV5_OPTIONAL_02,SV5_OPTIONAL_02,SV5_PLACE_07_5EB723EDC1DC3862_PORT_IN,SV5_INFILL_ROOM_0f8b0d9ffd48309ac358_LINK:CONNECTOR,481,368,1,9c40bafa7c2ed5f6ae42a5be8780f2d7b567faadc5cb668c14e44a603abc9432,03502fb599d4b513036ade56d0eac06e8cbd5ade6a2adbf028d5e2e588a11bcd
EP_ddcef745c4cf9ec01465fe6e,SV5_INFILL_ROOM_0f8b0d9ffd48309ac358,SV5_OPTIONAL_02,SV5_OPTIONAL_02,SV5_PLACE_07_5EB723EDC1DC3862_PORT_IN,SV5_INFILL_ROOM_0f8b0d9ffd48309ac358_LINK:CONNECTOR,482,369,-1,4ac20da2acbb6b50e714e7a0e97abf92266a1cdb0e1d92ccd739978f1686219a,03502fb599d4b513036ade56d0eac06e8cbd5ade6a2adbf028d5e2e588a11bcd
EP_df8f3d5dde9e6bc9bee187f6,SV5_INFILL_ROOM_0f8b0d9ffd48309ac358,SV5_OPTIONAL_02,SV5_OPTIONAL_02,SV5_PLACE_07_5EB723EDC1DC3862_PORT_IN,SV5_INFILL_ROOM_0f8b0d9ffd48309ac358_LINK:CONNECTOR,482,369,1,b76a2559b6026a38fb8587a0a6502cd7eb2efebdd4ab56c9ff5e86d0d54e6a21,03502fb599d4b513036ade56d0eac06e8cbd5ade6a2adbf028d5e2e588a11bcd
EP_b344d7ad06de63ec8ea33957,SV5_INFILL_ROOM_0c69ae74af31ab21da75,SV5_OPTIONAL_04,SV5_OPTIONAL_04,SV5_PLACE_11_E64745F7462770DD_PORT_IN,SV5_INFILL_ROOM_0c69ae74af31ab21da75_LINK:CONNECTOR,483,102,1,b0638db69c48568706b9b0f92f38bdb8ab213883633d3bb843b1de146c404418,03502fb599d4b513036ade56d0eac06e8cbd5ade6a2adbf028d5e2e588a11bcd
EP_7c40e7f5149eb7fff0fdbc0b,SV5_INFILL_ROOM_0f8b0d9ffd48309ac358,SV5_OPTIONAL_02,SV5_OPTIONAL_02,SV5_PLACE_07_5EB723EDC1DC3862_PORT_IN,SV5_INFILL_ROOM_0f8b0d9ffd48309ac358_LINK:CONNECTOR,483,370,1,29d9f74613b61c3ee90dad6e510d6b38b7c80ef962d95f78e6dda7707e2f2991,03502fb599d4b513036ade56d0eac06e8cbd5ade6a2adbf028d5e2e588a11bcd
EP_e6af4a38cd6523ecf9af40bc,SV5_INFILL_ROOM_0f8b0d9ffd48309ac358,SV5_OPTIONAL_02,SV5_OPTIONAL_02,SV5_PLACE_07_5EB723EDC1DC3862_PORT_IN,SV5_INFILL_ROOM_0f8b0d9ffd48309ac358_LINK:CONNECTOR,483,370,-1,124fb5eb368ecc9e1f0e3a22bf5a4f0e232508d7a1aba7592ad500db2d069afa,03502fb599d4b513036ade56d0eac06e8cbd5ade6a2adbf028d5e2e588a11bcd
EP_b6867317b57495ef4f51791c,SV5_INFILL_ROOM_009ef3f64388d61dce55,SV5_OPTIONAL_01,SV5_OPTIONAL_01,SV5_PLACE_06_26E6723B2540BBB9_PORT_OUT,SV5_INFILL_ROOM_009ef3f64388d61dce55:LANDING,483,389,1,55e83379fce3eab5007d82f923290aea7c955971c4972e78557e057dc5de512a,03502fb599d4b513036ade56d0eac06e8cbd5ade6a2adbf028d5e2e588a11bcd
EP_6be5cc77435fb688d9babfe2,SV5_INFILL_ROOM_0c69ae74af31ab21da75,SV5_OPTIONAL_04,SV5_OPTIONAL_04,SV5_PLACE_11_E64745F7462770DD_PORT_IN,SV5_INFILL_ROOM_0c69ae74af31ab21da75_LINK:CONNECTOR,484,101,-1,082031ae2417ca4b7561e6a003fba89c4553aa32eacc957dd77283200aa2c37d,03502fb599d4b513036ade56d0eac06e8cbd5ade6a2adbf028d5e2e588a11bcd
EP_a55dd7178525746b86c07c2f,SV5_INFILL_ROOM_0c69ae74af31ab21da75,SV5_OPTIONAL_04,SV5_OPTIONAL_04,SV5_PLACE_11_E64745F7462770DD_PORT_IN,SV5_INFILL_ROOM_0c69ae74af31ab21da75_LINK:CONNECTOR,484,101,1,51052d32a931b88b87bbe799c5ca29a30c22f040cb7e67da744e18111678666f,03502fb599d4b513036ade56d0eac06e8cbd5ade6a2adbf028d5e2e588a11bcd
EP_b0602dc3e89d49e01344c366,SV5_INFILL_ROOM_39e7fd02f83a59cef59e,SV5_OPTIONAL_02,SV5_OPTIONAL_02,SV5_PLACE_07_5EB723EDC1DC3862_PORT_IN,SV5_INFILL_ROOM_39e7fd02f83a59cef59e:EMPTY_ROOM,484,371,-1,959d818bcc93638bafcabdc39c617df0730bd86544a2b90215f09b2801517cdc,03502fb599d4b513036ade56d0eac06e8cbd5ade6a2adbf028d5e2e588a11bcd
EP_0625831fecdf0d398951e7fb,SV5_INFILL_ROOM_04683155dc682c4ccd05,SV5_OPTIONAL_01,SV5_OPTIONAL_01,SV5_PLACE_06_26E6723B2540BBB9_PORT_OUT,SV5_INFILL_ROOM_04683155dc682c4ccd05_LINK:CONNECTOR,484,388,-1,0e5a32fa2c17e669ff8614330b3989e7f56d1c4eed3ead75135f5ecd58a11ab6,03502fb599d4b513036ade56d0eac06e8cbd5ade6a2adbf028d5e2e588a11bcd
EP_debdc0a31602c68d60352e7c,SV5_INFILL_ROOM_04683155dc682c4ccd05,SV5_OPTIONAL_01,SV5_OPTIONAL_01,SV5_PLACE_06_26E6723B2540BBB9_PORT_OUT,SV5_INFILL_ROOM_04683155dc682c4ccd05_LINK:CONNECTOR,484,388,1,8cbbdcf824d67f77bab23cca4a32f07cc21029383f1c7e8849020532a760b67e,03502fb599d4b513036ade56d0eac06e8cbd5ade6a2adbf028d5e2e588a11bcd
EP_4eab0e53498645665c3aac4c,SV5_INFILL_ROOM_0c69ae74af31ab21da75,SV5_OPTIONAL_04,SV5_OPTIONAL_04,SV5_PLACE_11_E64745F7462770DD_PORT_IN,SV5_INFILL_ROOM_0c69ae74af31ab21da75_LINK:CONNECTOR,485,100,-1,275455efdadbcca5b1b7ac4c25d1acc1c9bed31946e4c9e27b395fba2494f815,03502fb599d4b513036ade56d0eac06e8cbd5ade6a2adbf028d5e2e588a11bcd
EP_d9673cbac769c8993e8d0a43,SV5_INFILL_ROOM_0c69ae74af31ab21da75,SV5_OPTIONAL_04,SV5_OPTIONAL_04,SV5_PLACE_11_E64745F7462770DD_PORT_IN,SV5_INFILL_ROOM_0c69ae74af31ab21da75_LINK:CONNECTOR,485,100,1,2f68c4069b50c30fc925053ccc6a7eb34a8870301837e46202685069fde4d3f8,03502fb599d4b513036ade56d0eac06e8cbd5ade6a2adbf028d5e2e588a11bcd
EP_d461d9c5cb0db8102ac4df76,SV5_INFILL_ROOM_04683155dc682c4ccd05,SV5_OPTIONAL_01,SV5_OPTIONAL_01,SV5_PLACE_06_26E6723B2540BBB9_PORT_OUT,SV5_INFILL_ROOM_04683155dc682c4ccd05_LINK:CONNECTOR,485,387,-1,080806f4cd040989d5a1c2d8190c6e9ab0af29085a1462fc7dc7d63bb0dc6652,03502fb599d4b513036ade56d0eac06e8cbd5ade6a2adbf028d5e2e588a11bcd
EP_ed3ccde8a3fd2160659593dd,SV5_INFILL_ROOM_19a08e580d8eca79134f,SV5_OPTIONAL_04,SV5_OPTIONAL_04,SV5_PLACE_11_E64745F7462770DD_PORT_IN,SV5_INFILL_ROOM_19a08e580d8eca79134f:SMALL_CAVE,487,43,1,ed78c44b6da87f4e57c539b2a918e8dc4bf9b6ff920205a1362a399f7f513170,03502fb599d4b513036ade56d0eac06e8cbd5ade6a2adbf028d5e2e588a11bcd
EP_31eb4047f380b71a9fb5ca96,SV5_INFILL_ROOM_0c69ae74af31ab21da75,SV5_OPTIONAL_04,SV5_OPTIONAL_04,SV5_PLACE_11_E64745F7462770DD_PORT_IN,SV5_INFILL_ROOM_0c69ae74af31ab21da75_LINK:CONNECTOR,487,98,1,4455e835c617b229b399c0a99e7326ed6dd652b7961a697ac8d3c21df88db56b,03502fb599d4b513036ade56d0eac06e8cbd5ade6a2adbf028d5e2e588a11bcd
EP_87a3ae5576633d18bf86533e,SV5_INFILL_ROOM_0c69ae74af31ab21da75,SV5_OPTIONAL_04,SV5_OPTIONAL_04,SV5_PLACE_11_E64745F7462770DD_PORT_IN,SV5_INFILL_ROOM_0c69ae74af31ab21da75_LINK:CONNECTOR,487,98,-1,6c94e0e34b19baf23971f2363b8f471a96623faffb961caaca4fce6ac021f512,03502fb599d4b513036ade56d0eac06e8cbd5ade6a2adbf028d5e2e588a11bcd
EP_801d23f8c6ee71a8d9b2817a,SV5_INFILL_ROOM_2086070c2f754602b0be,SV5_OPTIONAL_TO_VILLAGE,SV5_OPTIONAL_TO_VILLAGE,RMAP15_SITE_VILLAGE_PORT_ENTRY,SV5_INFILL_ROOM_2086070c2f754602b0be_LINK:CONNECTOR,487,267,1,d33a07d1d27b1cec0657904e5ccf957d9039296c7ac4a8586d8b007a788d3471,03502fb599d4b513036ade56d0eac06e8cbd5ade6a2adbf028d5e2e588a11bcd
EP_ad6dbfe3ae351f2358a54ee2,SV5_INFILL_ROOM_02ae7414022cdad35012,SV5_OPTIONAL_04,SV5_OPTIONAL_04,SV5_PLACE_11_E64745F7462770DD_PORT_IN,SV5_INFILL_ROOM_02ae7414022cdad35012:LANDING,488,97,-1,6155d751afef3f44755c081886c949f03f7e9c25bce9baa957b8badf8418f031,03502fb599d4b513036ade56d0eac06e8cbd5ade6a2adbf028d5e2e588a11bcd
EP_baf116c7da610ab80f6d9fa8,SV5_INFILL_ROOM_0081ac017846ab0e0d78,SV5_OPTIONAL_04,SV5_OPTIONAL_04,SV5_PLACE_11_E64745F7462770DD_PORT_IN,SV5_INFILL_ROOM_0081ac017846ab0e0d78_LINK:CONNECTOR,492,71,1,3a1a36bd32147497749767e52d1d5ffef5c5218d6c386197cd2f401f0ef3b33d,03502fb599d4b513036ade56d0eac06e8cbd5ade6a2adbf028d5e2e588a11bcd
EP_f4240be375789575a6243028,SV5_INFILL_ROOM_0081ac017846ab0e0d78,SV5_OPTIONAL_04,SV5_OPTIONAL_04,SV5_PLACE_11_E64745F7462770DD_PORT_IN,SV5_INFILL_ROOM_0081ac017846ab0e0d78_LINK:CONNECTOR,493,72,1,172530e514717123cfc9400b37a0f764c00137fe802c41562c8cbf63412b3092,03502fb599d4b513036ade56d0eac06e8cbd5ade6a2adbf028d5e2e588a11bcd
EP_2c93705b55c4dea80a057084,SV5_INFILL_ROOM_0081ac017846ab0e0d78,SV5_OPTIONAL_04,SV5_OPTIONAL_04,SV5_PLACE_11_E64745F7462770DD_PORT_IN,SV5_INFILL_ROOM_0081ac017846ab0e0d78_LINK:CONNECTOR,495,74,-1,4050e3fbb6e4118190ccf139bac50eca67c48891345e2444abb9276f40e87cc2,03502fb599d4b513036ade56d0eac06e8cbd5ade6a2adbf028d5e2e588a11bcd
EP_0f801cb497e0c6057dbc2f1e,SV5_INFILL_ROOM_0081ac017846ab0e0d78,SV5_OPTIONAL_04,SV5_OPTIONAL_04,SV5_PLACE_11_E64745F7462770DD_PORT_IN,SV5_INFILL_ROOM_0081ac017846ab0e0d78_LINK:CONNECTOR,496,75,1,0fc5d480a1402b18a5c971c32c68b48ee66c74a449039ee94105443e158f4c4a,03502fb599d4b513036ade56d0eac06e8cbd5ade6a2adbf028d5e2e588a11bcd
EP_0fbc6b9a98b2234c47229e97,SV5_INFILL_ROOM_0081ac017846ab0e0d78,SV5_OPTIONAL_04,SV5_OPTIONAL_04,SV5_PLACE_11_E64745F7462770DD_PORT_IN,SV5_INFILL_ROOM_0081ac017846ab0e0d78_LINK:CONNECTOR,497,76,1,68e41d4bd8e687a9672e9824fa30a9142a440ec3b135da80135a7ffa5f8a24df,03502fb599d4b513036ade56d0eac06e8cbd5ade6a2adbf028d5e2e588a11bcd
EP_5c82d19492f97e8307eb84fd,SV5_INFILL_ROOM_0081ac017846ab0e0d78,SV5_OPTIONAL_04,SV5_OPTIONAL_04,SV5_PLACE_11_E64745F7462770DD_PORT_IN,SV5_INFILL_ROOM_0081ac017846ab0e0d78_LINK:CONNECTOR,498,77,-1,1b2671f93770429a06def7d5f610309f6bd90a576655bdc7cebcc596e181f6d9,03502fb599d4b513036ade56d0eac06e8cbd5ade6a2adbf028d5e2e588a11bcd
EP_56e5621407fa3318e6c96b73,SV5_INFILL_ROOM_0081ac017846ab0e0d78,SV5_OPTIONAL_04,SV5_OPTIONAL_04,SV5_PLACE_11_E64745F7462770DD_PORT_IN,SV5_INFILL_ROOM_0081ac017846ab0e0d78_LINK:CONNECTOR,499,78,1,1e099a5eecaa11d7c6248de6dd14c6a6803b85d84c5cd979f17dccc23969d4b4,03502fb599d4b513036ade56d0eac06e8cbd5ade6a2adbf028d5e2e588a11bcd
EP_10178e3eeabf2c8ba39d3dba,SV5_INFILL_ROOM_39e7fd02f83a59cef59e,SV5_OPTIONAL_02,SV5_OPTIONAL_02,SV5_PLACE_07_5EB723EDC1DC3862_PORT_IN,SV5_INFILL_ROOM_39e7fd02f83a59cef59e:EMPTY_ROOM,499,371,1,5861eb89f3fda03a6419a003e91e8f4761f7df166f98e52dfc23cf19ba0e6fca,03502fb599d4b513036ade56d0eac06e8cbd5ade6a2adbf028d5e2e588a11bcd
EP_89563e1c4da3653c4c0863f0,SV5_INFILL_ROOM_0d6757c798ece8ef8ef4,SV5_OPTIONAL_04,SV5_OPTIONAL_04,SV5_PLACE_11_E64745F7462770DD_PORT_IN,SV5_INFILL_ROOM_0d6757c798ece8ef8ef4:EMPTY_ROOM,500,79,-1,4f7672193bab65ea6a0d9b36f074f860de759ee3112a96be118cb0f31f483b26,03502fb599d4b513036ade56d0eac06e8cbd5ade6a2adbf028d5e2e588a11bcd
EP_54e071868f705dbe50a95a05,SV5_INFILL_ROOM_19a08e580d8eca79134f,SV5_OPTIONAL_04,SV5_OPTIONAL_04,SV5_PLACE_11_E64745F7462770DD_PORT_IN,SV5_INFILL_ROOM_19a08e580d8eca79134f_LINK:CONNECTOR,501,42,1,863df20b009cf5c06bbaaf74753644c1ca072a89bb0f0d4775c51f6c11505590,03502fb599d4b513036ade56d0eac06e8cbd5ade6a2adbf028d5e2e588a11bcd
EP_383dacd5988cb42edea40f6a,SV5_INFILL_ROOM_39e7fd02f83a59cef59e,SV5_OPTIONAL_02,SV5_OPTIONAL_02,SV5_PLACE_07_5EB723EDC1DC3862_PORT_IN,SV5_INFILL_ROOM_39e7fd02f83a59cef59e_LINK:CONNECTOR,501,370,1,186b979dc05dee7dd5670268152c1fc804144afb50d76fbd1c6e5b3ff891b5ae,03502fb599d4b513036ade56d0eac06e8cbd5ade6a2adbf028d5e2e588a11bcd
EP_51b7f6801069b21d5f3ef643,SV5_INFILL_ROOM_19a08e580d8eca79134f,SV5_OPTIONAL_04,SV5_OPTIONAL_04,SV5_PLACE_11_E64745F7462770DD_PORT_IN,SV5_INFILL_ROOM_19a08e580d8eca79134f_LINK:CONNECTOR,502,41,1,511ff8269b265876dd621575dbe88826a416f020890dc4c79b3cf6ffd924dcde,03502fb599d4b513036ade56d0eac06e8cbd5ade6a2adbf028d5e2e588a11bcd
EP_a69fe3dce20bfa6d8a19e4c0,SV5_INFILL_ROOM_19a08e580d8eca79134f,SV5_OPTIONAL_04,SV5_OPTIONAL_04,SV5_PLACE_11_E64745F7462770DD_PORT_IN,SV5_INFILL_ROOM_19a08e580d8eca79134f_LINK:CONNECTOR,502,41,-1,f0064d9764a5bac822a099d5119166ca08efde9bcfaaefb864934cbcab039c67,03502fb599d4b513036ade56d0eac06e8cbd5ade6a2adbf028d5e2e588a11bcd
EP_aba79c44a72ae11eefc280fe,SV5_INFILL_ROOM_39e7fd02f83a59cef59e,SV5_OPTIONAL_02,SV5_OPTIONAL_02,SV5_PLACE_07_5EB723EDC1DC3862_PORT_IN,SV5_INFILL_ROOM_39e7fd02f83a59cef59e_LINK:CONNECTOR,502,369,-1,0f17f17cde4d5d7719e58da8102d8ee2a22c120c9d5d943612b3c62427ea2f5d,03502fb599d4b513036ade56d0eac06e8cbd5ade6a2adbf028d5e2e588a11bcd
EP_ced7ef05ff7aa76bdfca3dc0,SV5_INFILL_ROOM_39e7fd02f83a59cef59e,SV5_OPTIONAL_02,SV5_OPTIONAL_02,SV5_PLACE_07_5EB723EDC1DC3862_PORT_IN,SV5_INFILL_ROOM_39e7fd02f83a59cef59e_LINK:CONNECTOR,502,369,1,7fe218fc6d9abf51ec75b3a53ad992fe2cb2b5464b2659384fd1667955c88f04,03502fb599d4b513036ade56d0eac06e8cbd5ade6a2adbf028d5e2e588a11bcd
EP_d822973932742e9f95448d98,SV5_INFILL_ROOM_39e7fd02f83a59cef59e,SV5_OPTIONAL_02,SV5_OPTIONAL_02,SV5_PLACE_07_5EB723EDC1DC3862_PORT_IN,SV5_INFILL_ROOM_39e7fd02f83a59cef59e_LINK:CONNECTOR,503,368,-1,6d7eece90f87d7985d39250e71b895f0391bd643f5b10c4b4328caffacbf650e,03502fb599d4b513036ade56d0eac06e8cbd5ade6a2adbf028d5e2e588a11bcd
EP_e2b5c5b09b6470281fd6a69b,SV5_INFILL_ROOM_39e7fd02f83a59cef59e,SV5_OPTIONAL_02,SV5_OPTIONAL_02,SV5_PLACE_07_5EB723EDC1DC3862_PORT_IN,SV5_INFILL_ROOM_39e7fd02f83a59cef59e_LINK:CONNECTOR,503,368,1,977b62f18af146831feaa96d3567b82033df70cf465b088a9b5ad6617aa290ad,03502fb599d4b513036ade56d0eac06e8cbd5ade6a2adbf028d5e2e588a11bcd
EP_19e6531d84f2f0e32c6d133b,SV5_INFILL_ROOM_04683155dc682c4ccd05,SV5_OPTIONAL_01,SV5_OPTIONAL_01,SV5_PLACE_06_26E6723B2540BBB9_PORT_OUT,SV5_INFILL_ROOM_04683155dc682c4ccd05:EMPTY_ROOM,503,387,1,080d68ad3a2080bea7551ce93402e7f0a63a13a30315768c4176f556c3ed3ccd,03502fb599d4b513036ade56d0eac06e8cbd5ade6a2adbf028d5e2e588a11bcd
EP_0bea4b2e5f109d83caa1952b,SV5_INFILL_ROOM_16ef78d2a7097c01be03,SV5_OPTIONAL_02,SV5_OPTIONAL_02,SV5_PLACE_07_5EB723EDC1DC3862_PORT_IN,SV5_INFILL_ROOM_16ef78d2a7097c01be03:EMPTY_ROOM,504,367,-1,c0e79ad16a8ee6f88e01f760c6866a181c8cf600e17a870f2e9887d4ff1f1fde,03502fb599d4b513036ade56d0eac06e8cbd5ade6a2adbf028d5e2e588a11bcd
EP_a45e3fe1dddb28a9605c009b,SV5_INFILL_ROOM_018765724e6a988ed29c,SV5_OPTIONAL_01,SV5_OPTIONAL_01,SV5_PLACE_06_26E6723B2540BBB9_PORT_OUT,SV5_INFILL_ROOM_018765724e6a988ed29c_LINK:CONNECTOR,504,388,1,b74e53f39a0051e5970cac054d8e9dd93ab44ff4585603738b649b4a702b9fe5,03502fb599d4b513036ade56d0eac06e8cbd5ade6a2adbf028d5e2e588a11bcd
EP_c26ffd2478902b0dfcdb1718,SV5_INFILL_ROOM_018765724e6a988ed29c,SV5_OPTIONAL_01,SV5_OPTIONAL_01,SV5_PLACE_06_26E6723B2540BBB9_PORT_OUT,SV5_INFILL_ROOM_018765724e6a988ed29c_LINK:CONNECTOR,504,388,-1,657c65265424d69a486859c274c301b9fab4ba5482f48221a77f95212db63d55,03502fb599d4b513036ade56d0eac06e8cbd5ade6a2adbf028d5e2e588a11bcd
EP_4ace801a10e48577db9cc881,SV5_INFILL_ROOM_018765724e6a988ed29c,SV5_OPTIONAL_01,SV5_OPTIONAL_01,SV5_PLACE_06_26E6723B2540BBB9_PORT_OUT,SV5_INFILL_ROOM_018765724e6a988ed29c_LINK:CONNECTOR,505,389,1,748ff647912ddfe74c84b9fee1874d399408f1d86f00c45bf1e83ff3c2694beb,03502fb599d4b513036ade56d0eac06e8cbd5ade6a2adbf028d5e2e588a11bcd
EP_957f13bbfa58d5af14738f0a,SV5_INFILL_ROOM_018765724e6a988ed29c,SV5_OPTIONAL_01,SV5_OPTIONAL_01,SV5_PLACE_06_26E6723B2540BBB9_PORT_OUT,SV5_INFILL_ROOM_018765724e6a988ed29c_LINK:CONNECTOR,505,389,-1,3261c6a794c1a268a01a8447a48cd6f79215c74ac5f7117f0a6f794e9c184a4d,03502fb599d4b513036ade56d0eac06e8cbd5ade6a2adbf028d5e2e588a11bcd
EP_39e0101b559fe1a1f6e95208,SV5_INFILL_ROOM_02ae7414022cdad35012,SV5_OPTIONAL_04,SV5_OPTIONAL_04,SV5_PLACE_11_E64745F7462770DD_PORT_IN,SV5_INFILL_ROOM_02ae7414022cdad35012_LINK:CONNECTOR,506,95,1,39681c5de76f2eb7c4c27878f1d6e7d8a446d25872614ce2eced87939ac21169,03502fb599d4b513036ade56d0eac06e8cbd5ade6a2adbf028d5e2e588a11bcd
EP_026260fbf096bfed47a21871,SV5_INFILL_ROOM_018765724e6a988ed29c,SV5_OPTIONAL_01,SV5_OPTIONAL_01,SV5_PLACE_06_26E6723B2540BBB9_PORT_OUT,SV5_INFILL_ROOM_018765724e6a988ed29c_LINK:CONNECTOR,506,390,-1,6f8d7f456f8351a7ec27faeddf311003fe3ed4cd81b8b669180648fa95af89a8,03502fb599d4b513036ade56d0eac06e8cbd5ade6a2adbf028d5e2e588a11bcd
EP_3c9d8cb180f4b37bd2f0d515,SV5_INFILL_ROOM_012515d71cbb8a4aa159,SV5_OPTIONAL_04,SV5_OPTIONAL_04,SV5_PLACE_11_E64745F7462770DD_PORT_IN,SV5_INFILL_ROOM_012515d71cbb8a4aa159:DEAD_END,507,27,1,68cf54d7993f349168d3ee22d62c65297321899f73a81b8127ef59b38fcdc674,03502fb599d4b513036ade56d0eac06e8cbd5ade6a2adbf028d5e2e588a11bcd
EP_5dd86446f6dc587ebc2ca329,SV5_INFILL_ROOM_02ae7414022cdad35012,SV5_OPTIONAL_04,SV5_OPTIONAL_04,SV5_PLACE_11_E64745F7462770DD_PORT_IN,SV5_INFILL_ROOM_02ae7414022cdad35012_LINK:CONNECTOR,507,96,1,1eef09f505670a6d8fe647d7794c26375f4163b4f3f979bfebe786c610ad1ac3,03502fb599d4b513036ade56d0eac06e8cbd5ade6a2adbf028d5e2e588a11bcd
EP_6b0c3c39e09c2833e48c8953,SV5_INFILL_ROOM_02ae7414022cdad35012,SV5_OPTIONAL_04,SV5_OPTIONAL_04,SV5_PLACE_11_E64745F7462770DD_PORT_IN,SV5_INFILL_ROOM_02ae7414022cdad35012_LINK:CONNECTOR,507,96,-1,2ffcc620cd57025546978c20287231caa0d4fa06bdf69ff51255cd3165ff5149,03502fb599d4b513036ade56d0eac06e8cbd5ade6a2adbf028d5e2e588a11bcd
EP_b0fe3c9ef16596ce94c83f1a,SV5_INFILL_ROOM_02ae7414022cdad35012,SV5_OPTIONAL_04,SV5_OPTIONAL_04,SV5_PLACE_11_E64745F7462770DD_PORT_IN,SV5_INFILL_ROOM_02ae7414022cdad35012_LINK:CONNECTOR,508,97,1,5346986921cdf4a26b8ff8ddb7e61108fb949b5fd2152858dd78bb9e66aa6aca,03502fb599d4b513036ade56d0eac06e8cbd5ade6a2adbf028d5e2e588a11bcd
EP_8dde71e9a0b8af1dc9ff78fd,SV5_INFILL_ROOM_02ae7414022cdad35012,SV5_OPTIONAL_04,SV5_OPTIONAL_04,SV5_PLACE_11_E64745F7462770DD_PORT_IN,SV5_INFILL_ROOM_02ae7414022cdad35012_LINK:CONNECTOR,509,98,-1,8282ec6391e38fa42620be2a2411ca3c21901e80f9568b04ccbd82e0bd79d341,03502fb599d4b513036ade56d0eac06e8cbd5ade6a2adbf028d5e2e588a11bcd
EP_b0c849dc0eb773627b67fffc,SV5_INFILL_ROOM_02ae7414022cdad35012,SV5_OPTIONAL_04,SV5_OPTIONAL_04,SV5_PLACE_11_E64745F7462770DD_PORT_IN,SV5_INFILL_ROOM_02ae7414022cdad35012_LINK:CONNECTOR,509,98,1,76a482e7a5084787a6535709b8b82d9a84409dc5d207f4ca4616a429d867bbb0,03502fb599d4b513036ade56d0eac06e8cbd5ade6a2adbf028d5e2e588a11bcd
EP_e67b87bf1792f39087689824,SV5_INFILL_ROOM_02ae7414022cdad35012,SV5_OPTIONAL_04,SV5_OPTIONAL_04,SV5_PLACE_11_E64745F7462770DD_PORT_IN,SV5_INFILL_ROOM_02ae7414022cdad35012_LINK:CONNECTOR,511,100,-1,67aae5ed23eb29c23c9989ddecc74603ca42c207ce13eef933b23b0f967b85c5,03502fb599d4b513036ade56d0eac06e8cbd5ade6a2adbf028d5e2e588a11bcd
EP_a308b5e845d0cef06783ef28,SV5_INFILL_ROOM_0d6757c798ece8ef8ef4,SV5_OPTIONAL_04,SV5_OPTIONAL_04,SV5_PLACE_11_E64745F7462770DD_PORT_IN,SV5_INFILL_ROOM_0d6757c798ece8ef8ef4:EMPTY_ROOM,515,79,1,3f530fd6ba5f2254021544814c009899fb6888fd2812e3fa983a3b9b5e7e65ae,03502fb599d4b513036ade56d0eac06e8cbd5ade6a2adbf028d5e2e588a11bcd
EP_c4c89c1bbac7e5573cc07151,SV5_INFILL_ROOM_018765724e6a988ed29c,SV5_OPTIONAL_01,SV5_OPTIONAL_01,SV5_PLACE_06_26E6723B2540BBB9_PORT_OUT,SV5_INFILL_ROOM_018765724e6a988ed29c:LANDING,516,391,-1,ca2e4b2eb3cd624e62b12e4cf59acf5e5579112528b760706ae81e12cb4d387e,03502fb599d4b513036ade56d0eac06e8cbd5ade6a2adbf028d5e2e588a11bcd
EP_78b1fa17691c4e5476b73b8a,SV5_INFILL_ROOM_0d6757c798ece8ef8ef4,SV5_OPTIONAL_04,SV5_OPTIONAL_04,SV5_PLACE_11_E64745F7462770DD_PORT_IN,SV5_INFILL_ROOM_0d6757c798ece8ef8ef4_LINK:CONNECTOR,517,78,1,18a110d3f90419601dd3baa3a52beb129ba36030fae106dfc6162514c6eb48f4,03502fb599d4b513036ade56d0eac06e8cbd5ade6a2adbf028d5e2e588a11bcd
EP_3abc7f239535f0754d7497e8,SV5_INFILL_ROOM_0d6757c798ece8ef8ef4,SV5_OPTIONAL_04,SV5_OPTIONAL_04,SV5_PLACE_11_E64745F7462770DD_PORT_IN,SV5_INFILL_ROOM_0d6757c798ece8ef8ef4_LINK:CONNECTOR,518,77,1,9d9e87ea0a17717d161d55c7c65c14ecc2102a9dc6afecf0b4355ee20f7bd989,03502fb599d4b513036ade56d0eac06e8cbd5ade6a2adbf028d5e2e588a11bcd
EP_c4fc3f0a0eafc0263467a63e,SV5_INFILL_ROOM_0d6757c798ece8ef8ef4,SV5_OPTIONAL_04,SV5_OPTIONAL_04,SV5_PLACE_11_E64745F7462770DD_PORT_IN,SV5_INFILL_ROOM_0d6757c798ece8ef8ef4_LINK:CONNECTOR,518,77,-1,c42723327ebe6da450e5e3257c338fdf47fb4980586d78b8cfc5519072e53d4d,03502fb599d4b513036ade56d0eac06e8cbd5ade6a2adbf028d5e2e588a11bcd
EP_3ef8b8dc9dfd64a9c1b514be,SV5_INFILL_ROOM_0d6757c798ece8ef8ef4,SV5_OPTIONAL_04,SV5_OPTIONAL_04,SV5_PLACE_11_E64745F7462770DD_PORT_IN,SV5_INFILL_ROOM_0d6757c798ece8ef8ef4_LINK:CONNECTOR,519,76,-1,09941760480e7e3c57ffd4f8001bb2453cbef3e3a0e30dd9bfba79162676638d,03502fb599d4b513036ade56d0eac06e8cbd5ade6a2adbf028d5e2e588a11bcd
EP_e2734062639c9c5cdc8d1ef4,SV5_INFILL_ROOM_0d6757c798ece8ef8ef4,SV5_OPTIONAL_04,SV5_OPTIONAL_04,SV5_PLACE_11_E64745F7462770DD_PORT_IN,SV5_INFILL_ROOM_0d6757c798ece8ef8ef4_LINK:CONNECTOR,519,76,1,122a41400f5cd6f3cb3e2e97f6df666b7321bb6a07006afeb983ccb7dc71945d,03502fb599d4b513036ade56d0eac06e8cbd5ade6a2adbf028d5e2e588a11bcd
EP_2d2881045b6b86e6e62cd934,SV5_INFILL_ROOM_16ef78d2a7097c01be03,SV5_OPTIONAL_02,SV5_OPTIONAL_02,SV5_PLACE_07_5EB723EDC1DC3862_PORT_IN,SV5_INFILL_ROOM_16ef78d2a7097c01be03:EMPTY_ROOM,519,367,1,5602d2bb05dd2809cafcd6721e24f31bc44a2f3aa5a43febef2e9b04e392141e,03502fb599d4b513036ade56d0eac06e8cbd5ade6a2adbf028d5e2e588a11bcd
EP_cf580a27082cf48a9194f232,SV5_INFILL_ROOM_046863d4c69cd86e081e,SV5_OPTIONAL_04,SV5_OPTIONAL_04,SV5_PLACE_11_E64745F7462770DD_PORT_IN,SV5_INFILL_ROOM_046863d4c69cd86e081e:EMPTY_ROOM,520,75,-1,1e037e498b100f9a13348327c831085283b6f0eaabe30b25fc23bbaeaba845a1,03502fb599d4b513036ade56d0eac06e8cbd5ade6a2adbf028d5e2e588a11bcd
EP_bd3910fc611af0f49b3b5e57,SV5_INFILL_ROOM_012515d71cbb8a4aa159,SV5_OPTIONAL_04,SV5_OPTIONAL_04,SV5_PLACE_11_E64745F7462770DD_PORT_IN,SV5_INFILL_ROOM_012515d71cbb8a4aa159_LINK:CONNECTOR,521,26,1,7dcf1c6ff466726a3016538b1dfdf3f4e0781cb7afd064c0a424bd9ba4633e71,03502fb599d4b513036ade56d0eac06e8cbd5ade6a2adbf028d5e2e588a11bcd
EP_189160907b968d5216ed24a9,SV5_INFILL_ROOM_012515d71cbb8a4aa159,SV5_OPTIONAL_04,SV5_OPTIONAL_04,SV5_PLACE_11_E64745F7462770DD_PORT_IN,SV5_INFILL_ROOM_012515d71cbb8a4aa159_LINK:CONNECTOR,522,25,1,c361846a576c9bbe1fcfc3ad918798a43b31423b6c9dd36dcebc6d17a7a9b802,03502fb599d4b513036ade56d0eac06e8cbd5ade6a2adbf028d5e2e588a11bcd
EP_21b8a4f275f6e72d17b8bd9d,SV5_INFILL_ROOM_012515d71cbb8a4aa159,SV5_OPTIONAL_04,SV5_OPTIONAL_04,SV5_PLACE_11_E64745F7462770DD_PORT_IN,SV5_INFILL_ROOM_012515d71cbb8a4aa159_LINK:CONNECTOR,522,25,-1,962cf01e88b64d183b2449f7ee81944c653c3bb8d231787c21621de50c90fa97,03502fb599d4b513036ade56d0eac06e8cbd5ade6a2adbf028d5e2e588a11bcd
EP_30db240e17f1c78a1d36f5b8,SV5_INFILL_ROOM_0478d2bded42dc4c9dba,SV5_OPTIONAL_02,SV5_OPTIONAL_02,SV5_PLACE_07_5EB723EDC1DC3862_PORT_IN,SV5_INFILL_ROOM_0478d2bded42dc4c9dba_LINK:CONNECTOR,522,355,1,ee538897153375cdfa2fd2a961b89bd0b30dd3b03f9b4a0bfbd710219a113015,03502fb599d4b513036ade56d0eac06e8cbd5ade6a2adbf028d5e2e588a11bcd
EP_93a2151a3315ac0d127b8a2c,SV5_INFILL_ROOM_012515d71cbb8a4aa159,SV5_OPTIONAL_04,SV5_OPTIONAL_04,SV5_PLACE_11_E64745F7462770DD_PORT_IN,SV5_INFILL_ROOM_012515d71cbb8a4aa159_LINK:CONNECTOR,523,24,1,cb1a72a9d7c4c32461357d4713a46845ca49c88e76938359ea57ba7e0c2d78c3,03502fb599d4b513036ade56d0eac06e8cbd5ade6a2adbf028d5e2e588a11bcd
EP_ac337d521b0cf0e89af2b6f9,SV5_INFILL_ROOM_012515d71cbb8a4aa159,SV5_OPTIONAL_04,SV5_OPTIONAL_04,SV5_PLACE_11_E64745F7462770DD_PORT_IN,SV5_INFILL_ROOM_012515d71cbb8a4aa159_LINK:CONNECTOR,523,24,-1,9603325999c48c938456d4e7c0c35bff54271b483bf80539d107e7a82b8b6469,03502fb599d4b513036ade56d0eac06e8cbd5ade6a2adbf028d5e2e588a11bcd
EP_5d82b9a4323b21873274e025,SV5_INFILL_ROOM_16ef78d2a7097c01be03,SV5_OPTIONAL_02,SV5_OPTIONAL_02,SV5_PLACE_07_5EB723EDC1DC3862_PORT_IN,SV5_INFILL_ROOM_16ef78d2a7097c01be03_LINK:CONNECTOR,523,366,1,96083009736f54c7667d8597ad8044c95bf282768948661fbbc74bfce58341ea,03502fb599d4b513036ade56d0eac06e8cbd5ade6a2adbf028d5e2e588a11bcd
EP_6b7ea3fdaeef15bc1c09b041,SV5_INFILL_ROOM_04b3ee2d2f798b163c8e,SV5_OPTIONAL_04,SV5_OPTIONAL_04,SV5_PLACE_11_E64745F7462770DD_PORT_IN,SV5_INFILL_ROOM_04b3ee2d2f798b163c8e:EMPTY_ROOM,524,23,-1,ffc232a4c7c48a1904ee0c1851a8ee0bc9129aa055df8aa809a5433ae639a84f,03502fb599d4b513036ade56d0eac06e8cbd5ade6a2adbf028d5e2e588a11bcd
EP_fc6cd344adc4a1056e30673c,SV5_INFILL_ROOM_0478d2bded42dc4c9dba,SV5_OPTIONAL_02,SV5_OPTIONAL_02,SV5_PLACE_07_5EB723EDC1DC3862_PORT_IN,SV5_INFILL_ROOM_0478d2bded42dc4c9dba_LINK:CONNECTOR,524,355,-1,6ec0a12ca151b46af7ec49d72950cd06da8cd40a083ebf24927e93efb85f248f,03502fb599d4b513036ade56d0eac06e8cbd5ade6a2adbf028d5e2e588a11bcd
EP_3a1e81bf75819cec732967a0,SV5_INFILL_ROOM_16ef78d2a7097c01be03,SV5_OPTIONAL_02,SV5_OPTIONAL_02,SV5_PLACE_07_5EB723EDC1DC3862_PORT_IN,SV5_INFILL_ROOM_16ef78d2a7097c01be03_LINK:CONNECTOR,524,365,1,8c5598a4b8ca4172b785234c1997214f8b06d9a8a50ee9f73ba529039fc44b0b,03502fb599d4b513036ade56d0eac06e8cbd5ade6a2adbf028d5e2e588a11bcd
EP_55ca0de41a232155614379bf,SV5_INFILL_ROOM_16ef78d2a7097c01be03,SV5_OPTIONAL_02,SV5_OPTIONAL_02,SV5_PLACE_07_5EB723EDC1DC3862_PORT_IN,SV5_INFILL_ROOM_16ef78d2a7097c01be03_LINK:CONNECTOR,524,365,-1,9ae3c73eca8ddc64ca647a143e72764be2b44c8e37cbcf2b71dfdea7c1348e54,03502fb599d4b513036ade56d0eac06e8cbd5ade6a2adbf028d5e2e588a11bcd
EP_fbab838b7ee9e5d98838c25a,SV5_INFILL_ROOM_0478d2bded42dc4c9dba,SV5_OPTIONAL_02,SV5_OPTIONAL_02,SV5_PLACE_07_5EB723EDC1DC3862_PORT_IN,SV5_INFILL_ROOM_0478d2bded42dc4c9dba_LINK:CONNECTOR,526,355,1,34134c06955dce7a33d783185e057579a38e30404aeac89de26764eb2e24aeb5,03502fb599d4b513036ade56d0eac06e8cbd5ade6a2adbf028d5e2e588a11bcd
EP_38ff8e3ad4f85e4744678f48,SV5_INFILL_ROOM_16ef78d2a7097c01be03,SV5_OPTIONAL_02,SV5_OPTIONAL_02,SV5_PLACE_07_5EB723EDC1DC3862_PORT_IN,SV5_INFILL_ROOM_16ef78d2a7097c01be03_LINK:CONNECTOR,526,363,-1,6d9489ac4556b9639570863d80a27dbb125b98a34265927498a0b51430fc168a,03502fb599d4b513036ade56d0eac06e8cbd5ade6a2adbf028d5e2e588a11bcd
EP_606155f91690ed0507019b90,SV5_INFILL_ROOM_16ef78d2a7097c01be03,SV5_OPTIONAL_02,SV5_OPTIONAL_02,SV5_PLACE_07_5EB723EDC1DC3862_PORT_IN,SV5_INFILL_ROOM_16ef78d2a7097c01be03_LINK:CONNECTOR,526,363,1,de80ea042170f71fb1df70760a7d4d94f3374b095cc77b6c22f6f4373476b1a4,03502fb599d4b513036ade56d0eac06e8cbd5ade6a2adbf028d5e2e588a11bcd
EP_91d7570bbb8fe04ea0171276,SV5_INFILL_ROOM_174a5fe09e7fd27dfbba,SV5_OPTIONAL_04,SV5_OPTIONAL_04,SV5_PLACE_11_E64745F7462770DD_PORT_IN,SV5_INFILL_ROOM_174a5fe09e7fd27dfbba:LANDING,527,99,1,1c2d0abaca03f2a9953e00aacc9df9f090dc29b9cc81adbb4c9cf7791dc48793,03502fb599d4b513036ade56d0eac06e8cbd5ade6a2adbf028d5e2e588a11bcd
EP_22d7e1e5079fb939611b3632,SV5_INFILL_ROOM_0a36c81afd9dafbde939,SV5_OPTIONAL_04,SV5_OPTIONAL_04,SV5_PLACE_11_E64745F7462770DD_PORT_IN,SV5_INFILL_ROOM_0a36c81afd9dafbde939_LINK:CONNECTOR,528,39,1,2a917db0aee06c3dcd36bce4b78a28d07aec445abebfc2378810b65467841b08,03502fb599d4b513036ade56d0eac06e8cbd5ade6a2adbf028d5e2e588a11bcd
EP_d7a377ac61d7ec1c7a097814,SV5_INFILL_ROOM_0a36c81afd9dafbde939,SV5_OPTIONAL_04,SV5_OPTIONAL_04,SV5_PLACE_11_E64745F7462770DD_PORT_IN,SV5_INFILL_ROOM_0a36c81afd9dafbde939_LINK:CONNECTOR,529,40,1,69c9fbeda49702eef97de1a84eda030bc84a8db68e22d2f7209cbf7c878c7aa2,03502fb599d4b513036ade56d0eac06e8cbd5ade6a2adbf028d5e2e588a11bcd
EP_7b31e863c6d9c9b93bb4cac5,SV5_INFILL_ROOM_174a5fe09e7fd27dfbba,SV5_OPTIONAL_04,SV5_OPTIONAL_04,SV5_PLACE_11_E64745F7462770DD_PORT_IN,SV5_INFILL_ROOM_174a5fe09e7fd27dfbba_LINK:CONNECTOR,529,98,1,6c2b3645c7517097564ebd82877b1f21d464db94f98e56d9c376e27fced31d52,03502fb599d4b513036ade56d0eac06e8cbd5ade6a2adbf028d5e2e588a11bcd
EP_56082038d8166d9110462ec4,SV5_INFILL_ROOM_0a36c81afd9dafbde939,SV5_OPTIONAL_04,SV5_OPTIONAL_04,SV5_PLACE_11_E64745F7462770DD_PORT_IN,SV5_INFILL_ROOM_0a36c81afd9dafbde939_LINK:CONNECTOR,530,41,-1,0af780ca3b656d77aab02f75cef130d14a345ead7eab780709f2183012dc22f9,03502fb599d4b513036ade56d0eac06e8cbd5ade6a2adbf028d5e2e588a11bcd
EP_49fddb620eb3c942ad52e42b,SV5_INFILL_ROOM_174a5fe09e7fd27dfbba,SV5_OPTIONAL_04,SV5_OPTIONAL_04,SV5_PLACE_11_E64745F7462770DD_PORT_IN,SV5_INFILL_ROOM_174a5fe09e7fd27dfbba_LINK:CONNECTOR,530,97,1,33335c29f84e49c76e2592c65a3b658279f64afe1cf7b0cd273b10fa3487b1f8,03502fb599d4b513036ade56d0eac06e8cbd5ade6a2adbf028d5e2e588a11bcd
EP_37e756a402e7dcee92682b7a,SV5_INFILL_ROOM_0a36c81afd9dafbde939,SV5_OPTIONAL_04,SV5_OPTIONAL_04,SV5_PLACE_11_E64745F7462770DD_PORT_IN,SV5_INFILL_ROOM_0a36c81afd9dafbde939_LINK:CONNECTOR,531,42,1,53c92d511d7f371797cb7a1b2eddc85b102c4e8e252851e0de46906ca16628bc,03502fb599d4b513036ade56d0eac06e8cbd5ade6a2adbf028d5e2e588a11bcd
EP_1cd300d40a022cbaea7902a1,SV5_INFILL_ROOM_174a5fe09e7fd27dfbba,SV5_OPTIONAL_04,SV5_OPTIONAL_04,SV5_PLACE_11_E64745F7462770DD_PORT_IN,SV5_INFILL_ROOM_174a5fe09e7fd27dfbba_LINK:CONNECTOR,531,96,-1,48ed0eab034ec97cc33641783f34518826c798cca371573db56e7cc8ac25ceb5,03502fb599d4b513036ade56d0eac06e8cbd5ade6a2adbf028d5e2e588a11bcd
EP_b7fa6e2a19a01e6669e4358f,SV5_INFILL_ROOM_174a5fe09e7fd27dfbba,SV5_OPTIONAL_04,SV5_OPTIONAL_04,SV5_PLACE_11_E64745F7462770DD_PORT_IN,SV5_INFILL_ROOM_174a5fe09e7fd27dfbba_LINK:CONNECTOR,531,96,1,26e73acf22a38f1e8e677f44772bc6cb58c0e5bf6c62c08c28b237eb9c131162,03502fb599d4b513036ade56d0eac06e8cbd5ade6a2adbf028d5e2e588a11bcd
EP_be1f450d3662c9921fc9787f,SV5_INFILL_ROOM_018765724e6a988ed29c,SV5_OPTIONAL_01,SV5_OPTIONAL_01,SV5_PLACE_06_26E6723B2540BBB9_PORT_OUT,SV5_INFILL_ROOM_018765724e6a988ed29c:LANDING,531,393,1,5a3320c7754c41ebe6973004ffe8bf1620a221ccdd16ef3007a0957771a19b27,03502fb599d4b513036ade56d0eac06e8cbd5ade6a2adbf028d5e2e588a11bcd
EP_5221f6900f02742784c1fe58,SV5_INFILL_ROOM_174a5fe09e7fd27dfbba,SV5_OPTIONAL_04,SV5_OPTIONAL_04,SV5_PLACE_11_E64745F7462770DD_PORT_IN,SV5_INFILL_ROOM_174a5fe09e7fd27dfbba_LINK:CONNECTOR,532,95,1,35880e7504cb04a0ef4704d3507772f7260f2c5f0f9b8bef7d91147bbf972c7c,03502fb599d4b513036ade56d0eac06e8cbd5ade6a2adbf028d5e2e588a11bcd
EP_0e624a9e2234c1bdfcbfcfd9,SV5_INFILL_ROOM_0038cd07afe0acfefffa,SV5_OPTIONAL_01,SV5_OPTIONAL_01,SV5_PLACE_06_26E6723B2540BBB9_PORT_OUT,SV5_INFILL_ROOM_0038cd07afe0acfefffa_LINK:CONNECTOR,532,392,-1,81c14a374e17dc70dad809c8f4562fbe71258023a35bdfdb3f5fd2f1c2aabeb1,03502fb599d4b513036ade56d0eac06e8cbd5ade6a2adbf028d5e2e588a11bcd
EP_3effb0ed18c984a10d8ebb4d,SV5_INFILL_ROOM_0038cd07afe0acfefffa,SV5_OPTIONAL_01,SV5_OPTIONAL_01,SV5_PLACE_06_26E6723B2540BBB9_PORT_OUT,SV5_INFILL_ROOM_0038cd07afe0acfefffa_LINK:CONNECTOR,532,392,1,3ecf2ebd98b9b41e26a46c64f6dc029c28d4615ff3dcaaa75362ba42e9be8f08,03502fb599d4b513036ade56d0eac06e8cbd5ade6a2adbf028d5e2e588a11bcd
EP_8b0eda7a1e58369fec73e81e,SV5_INFILL_ROOM_0a36c81afd9dafbde939,SV5_OPTIONAL_04,SV5_OPTIONAL_04,SV5_PLACE_11_E64745F7462770DD_PORT_IN,SV5_INFILL_ROOM_0a36c81afd9dafbde939_LINK:CONNECTOR,533,44,1,4c6ff7dfd80a52d6711ee6534cd260005224182b74dc9d64420b7b9119d44f94,03502fb599d4b513036ade56d0eac06e8cbd5ade6a2adbf028d5e2e588a11bcd
EP_a463a29d8bab8cfa80b6507f,SV5_INFILL_ROOM_0a36c81afd9dafbde939,SV5_OPTIONAL_04,SV5_OPTIONAL_04,SV5_PLACE_11_E64745F7462770DD_PORT_IN,SV5_INFILL_ROOM_0a36c81afd9dafbde939_LINK:CONNECTOR,533,44,-1,7661c6aa81a662b7aabb6ba9116a37f935dee0401b33a49811e28f04219f796a,03502fb599d4b513036ade56d0eac06e8cbd5ade6a2adbf028d5e2e588a11bcd
EP_899e905c4c84d40179e48ea4,SV5_INFILL_ROOM_174a5fe09e7fd27dfbba,SV5_OPTIONAL_04,SV5_OPTIONAL_04,SV5_PLACE_11_E64745F7462770DD_PORT_IN,SV5_INFILL_ROOM_174a5fe09e7fd27dfbba_LINK:CONNECTOR,533,94,-1,3f35762b02c131696ff97c86b19c24617d8e622e5d97661932d9209efb342b97,03502fb599d4b513036ade56d0eac06e8cbd5ade6a2adbf028d5e2e588a11bcd
EP_2fe00d9cd0fae267c3d12b66,SV5_INFILL_ROOM_0038cd07afe0acfefffa,SV5_OPTIONAL_01,SV5_OPTIONAL_01,SV5_PLACE_06_26E6723B2540BBB9_PORT_OUT,SV5_INFILL_ROOM_0038cd07afe0acfefffa_LINK:CONNECTOR,533,391,-1,c789f46e38230b7808ef941abdece8c0517c3e1137048d3c77d83a625f3799cb,03502fb599d4b513036ade56d0eac06e8cbd5ade6a2adbf028d5e2e588a11bcd
EP_896985608f400c243101d756,SV5_INFILL_ROOM_0a36c81afd9dafbde939,SV5_OPTIONAL_04,SV5_OPTIONAL_04,SV5_PLACE_11_E64745F7462770DD_PORT_IN,SV5_INFILL_ROOM_0a36c81afd9dafbde939_LINK:CONNECTOR,534,45,-1,06045a4a1a247504613d78ebed1f268367613bc115d5213917c43a26d3cfef9a,03502fb599d4b513036ade56d0eac06e8cbd5ade6a2adbf028d5e2e588a11bcd
EP_607e4c2ec1c2c9e701af51a4,SV5_INFILL_ROOM_174a5fe09e7fd27dfbba,SV5_OPTIONAL_04,SV5_OPTIONAL_04,SV5_PLACE_11_E64745F7462770DD_PORT_IN,SV5_INFILL_ROOM_174a5fe09e7fd27dfbba_LINK:CONNECTOR,534,93,1,72213cdadc5fbff34d78197661a37f1a4c146d7ac3ddcdcf008fef84aef27672,03502fb599d4b513036ade56d0eac06e8cbd5ade6a2adbf028d5e2e588a11bcd
EP_fe9e6d311f24f8f1c70f4504,SV5_INFILL_ROOM_0a36c81afd9dafbde939,SV5_OPTIONAL_04,SV5_OPTIONAL_04,SV5_PLACE_11_E64745F7462770DD_PORT_IN,SV5_INFILL_ROOM_0a36c81afd9dafbde939_LINK:CONNECTOR,535,46,-1,4831a813a7399ec4617458838f9be18891bb6dede3217f9e7039e28caf9a5b7a,03502fb599d4b513036ade56d0eac06e8cbd5ade6a2adbf028d5e2e588a11bcd
EP_ab17690a8abe4909bf75a341,SV5_INFILL_ROOM_939a268ae0351a48d2f8,SV5_OPTIONAL_02,SV5_OPTIONAL_02,SV5_PLACE_02_248027C6A8E3699F_PORT_OUT,SV5_INFILL_ROOM_939a268ae0351a48d2f8_LINK:CONNECTOR,535,284,1,2a59d2f52fc1c185131ad32be0ea89840f486a2ea13a6f435391502a86dcd801,03502fb599d4b513036ade56d0eac06e8cbd5ade6a2adbf028d5e2e588a11bcd
EP_9ed9b45a2c094c94cd8a391f,SV5_INFILL_ROOM_06221a856d3548df6440,SV5_OPTIONAL_04,SV5_OPTIONAL_04,SV5_PLACE_11_E64745F7462770DD_PORT_IN,SV5_INFILL_ROOM_06221a856d3548df6440:EMPTY_ROOM,536,47,-1,2f97c0fd5f17f3f228f01cddda233ebb2eb35f30d7b87ef602b3a87cda7d5532,03502fb599d4b513036ade56d0eac06e8cbd5ade6a2adbf028d5e2e588a11bcd
EP_7c2fef7078f94b866d0d3c86,SV5_INFILL_ROOM_00e5c1799c48f53348c3,SV5_OPTIONAL_04,SV5_OPTIONAL_04,SV5_PLACE_11_E64745F7462770DD_PORT_IN,SV5_INFILL_ROOM_00e5c1799c48f53348c3:DEAD_END,536,91,-1,3032b13b4bb61e5b2ce9315a72faf84173dd04912bb362a5b5ecbb4765943b66,03502fb599d4b513036ade56d0eac06e8cbd5ade6a2adbf028d5e2e588a11bcd
EP_93e8d1cc83c0e17ab129e70d,SV5_INFILL_ROOM_939a268ae0351a48d2f8,SV5_OPTIONAL_02,SV5_OPTIONAL_02,SV5_PLACE_02_248027C6A8E3699F_PORT_OUT,SV5_INFILL_ROOM_939a268ae0351a48d2f8_LINK:CONNECTOR,537,282,1,30848f4708bd38f13cb31fae8146785931b943a2297b6c1733c41197e453c7d6,03502fb599d4b513036ade56d0eac06e8cbd5ade6a2adbf028d5e2e588a11bcd
EP_2b1643f6d778e72de5538b12,SV5_INFILL_ROOM_939a268ae0351a48d2f8,SV5_OPTIONAL_02,SV5_OPTIONAL_02,SV5_PLACE_02_248027C6A8E3699F_PORT_OUT,SV5_INFILL_ROOM_939a268ae0351a48d2f8_LINK:CONNECTOR,538,281,-1,24b40693c192d29ae6becc2e17c0a55e280079bfdb914263631d7f654c4f08d9,03502fb599d4b513036ade56d0eac06e8cbd5ade6a2adbf028d5e2e588a11bcd
EP_bc8c60c5787feddf61b2f890,SV5_INFILL_ROOM_939a268ae0351a48d2f8,SV5_OPTIONAL_02,SV5_OPTIONAL_02,SV5_PLACE_02_248027C6A8E3699F_PORT_OUT,SV5_INFILL_ROOM_939a268ae0351a48d2f8_LINK:CONNECTOR,538,281,1,0eef05ea23722f02c62524523176fca4230c9f3adb9faf4084ca2ee2c70e749b,03502fb599d4b513036ade56d0eac06e8cbd5ade6a2adbf028d5e2e588a11bcd
EP_56430661ff412dcab611460a,SV5_INFILL_ROOM_939a268ae0351a48d2f8,SV5_OPTIONAL_02,SV5_OPTIONAL_02,SV5_PLACE_02_248027C6A8E3699F_PORT_OUT,SV5_INFILL_ROOM_939a268ae0351a48d2f8_LINK:CONNECTOR,539,280,1,0911360cf68865e1a55c60b7d60fb772be916dbb7f11aaa8e35a60b3ddb09f8e,03502fb599d4b513036ade56d0eac06e8cbd5ade6a2adbf028d5e2e588a11bcd
EP_4b611d35fad19635e91394fd,SV5_INFILL_ROOM_939a268ae0351a48d2f8,SV5_OPTIONAL_02,SV5_OPTIONAL_02,SV5_PLACE_02_248027C6A8E3699F_PORT_OUT,SV5_INFILL_ROOM_939a268ae0351a48d2f8_LINK:CONNECTOR,540,279,1,106af77dd63f2b6efd3eaa31770e82c56b7536e88ae6bc4468a45a31463cc8ad,03502fb599d4b513036ade56d0eac06e8cbd5ade6a2adbf028d5e2e588a11bcd
EP_f8aa009adcf53cfb72ba20e3,SV5_INFILL_ROOM_939a268ae0351a48d2f8,SV5_OPTIONAL_02,SV5_OPTIONAL_02,SV5_PLACE_02_248027C6A8E3699F_PORT_OUT,SV5_INFILL_ROOM_939a268ae0351a48d2f8_LINK:CONNECTOR,540,279,-1,1ed282f7707d582b4ab4cd4211f4f36008e0cb22fd4875c312fc7b5378be29da,03502fb599d4b513036ade56d0eac06e8cbd5ade6a2adbf028d5e2e588a11bcd
EP_90527b98b35530d8abd1df4d,SV5_INFILL_ROOM_939a268ae0351a48d2f8,SV5_OPTIONAL_02,SV5_OPTIONAL_02,SV5_PLACE_02_248027C6A8E3699F_PORT_OUT,SV5_INFILL_ROOM_939a268ae0351a48d2f8_LINK:CONNECTOR,541,278,1,0d0fa23ee7146f9823065fd21882950f050d522567b34257d5a10d734a499297,03502fb599d4b513036ade56d0eac06e8cbd5ade6a2adbf028d5e2e588a11bcd
EP_e1ae69a5955cbd33eca2a4ab,SV5_INFILL_ROOM_1ea3a9898e39ffe90dff,SV5_OPTIONAL_04,SV5_OPTIONAL_04,SV5_PLACE_11_E64745F7462770DD_PORT_IN,SV5_INFILL_ROOM_1ea3a9898e39ffe90dff_LINK:CONNECTOR,552,107,1,d015548feb427155b534e0e20efec7c77ed483a3bb1fe70728be6d7ff1ef495e,03502fb599d4b513036ade56d0eac06e8cbd5ade6a2adbf028d5e2e588a11bcd
EP_2aa3215f2e08ae523b05b44b,SV5_INFILL_ROOM_04b3ee2d2f798b163c8e,SV5_OPTIONAL_04,SV5_OPTIONAL_04,SV5_PLACE_11_E64745F7462770DD_PORT_IN,SV5_INFILL_ROOM_04b3ee2d2f798b163c8e_LINK:CONNECTOR,553,23,1,1f84ca068ab52455bd637606354335ed095164f0745ce942c41da4da83d8e318,03502fb599d4b513036ade56d0eac06e8cbd5ade6a2adbf028d5e2e588a11bcd
EP_55b855e679aadf781dea8df8,SV5_INFILL_ROOM_06221a856d3548df6440,SV5_OPTIONAL_04,SV5_OPTIONAL_04,SV5_PLACE_11_E64745F7462770DD_PORT_IN,SV5_INFILL_ROOM_06221a856d3548df6440_LINK:CONNECTOR,554,47,1,5d90855bdae602c73404af71dbd96ad6d24eee73fb616d1951b51609b07f9f94,03502fb599d4b513036ade56d0eac06e8cbd5ade6a2adbf028d5e2e588a11bcd
EP_2edc15d4dd952dc87070bdd4,SV5_INFILL_ROOM_046863d4c69cd86e081e,SV5_OPTIONAL_04,SV5_OPTIONAL_04,SV5_PLACE_11_E64745F7462770DD_PORT_IN,SV5_INFILL_ROOM_046863d4c69cd86e081e_LINK:CONNECTOR,554,75,1,260076e98e557df8efb9baf9a333e8ea1d6188040d121ae301554d605ad7f02b,03502fb599d4b513036ade56d0eac06e8cbd5ade6a2adbf028d5e2e588a11bcd
EP_cde29b0de1397e8192e7b244,SV5_INFILL_ROOM_00e5c1799c48f53348c3,SV5_OPTIONAL_04,SV5_OPTIONAL_04,SV5_PLACE_11_E64745F7462770DD_PORT_IN,SV5_INFILL_ROOM_00e5c1799c48f53348c3_LINK:CONNECTOR,554,91,1,19cf204f00ae4777b9f38cf06cc4a98ecc7be058e85de9eb38d4da16781d8a60,03502fb599d4b513036ade56d0eac06e8cbd5ade6a2adbf028d5e2e588a11bcd
EP_6514ddddaf5c52948e4fa2ce,SV5_INFILL_ROOM_0f5736599d7acc3ea0a8,SV5_OPTIONAL_04,SV5_OPTIONAL_04,SV5_PLACE_11_E64745F7462770DD_PORT_IN,SV5_INFILL_ROOM_0f5736599d7acc3ea0a8_LINK:CONNECTOR,554,123,1,d4a294f9e27cc4b59ea07f2d89f9ebdccd0e0c677dbbd0f8d0b84764e57110c0,03502fb599d4b513036ade56d0eac06e8cbd5ade6a2adbf028d5e2e588a11bcd
EP_ba11c05eb56e5e3a159077fd,SV5_INFILL_ROOM_5eb07ccd7c43c8a2a37d,SV5_OPTIONAL_04,SV5_OPTIONAL_04,SV5_PLACE_11_E64745F7462770DD_PORT_IN,SV5_INFILL_ROOM_5eb07ccd7c43c8a2a37d_LINK:CONNECTOR,554,139,1,ab002be0cbfd4f4724147111f766dd7013307efe6dd31ff2c4148fe261b24826,03502fb599d4b513036ade56d0eac06e8cbd5ade6a2adbf028d5e2e588a11bcd
EP_5ecb06eeb43b9182686650a2,SV5_INFILL_ROOM_05885ce148e473a135b3,SV5_OPTIONAL_04,SV5_OPTIONAL_04,SV5_PLACE_03_0F8471A53F911F6D_PORT_OUT,SV5_INFILL_ROOM_05885ce148e473a135b3_LINK:CONNECTOR,554,155,1,b19d81aa0b3e31cb3f08a13f19c30d7e278925467e8e923c0175b77b01b3705a,03502fb599d4b513036ade56d0eac06e8cbd5ade6a2adbf028d5e2e588a11bcd
EP_e17e185d6cbd2698398b08fe,SV5_INFILL_ROOM_25b653b8d4924f41c50c,SV5_OPTIONAL_04,SV5_OPTIONAL_04,SV5_PLACE_03_0F8471A53F911F6D_PORT_OUT,SV5_INFILL_ROOM_25b653b8d4924f41c50c_LINK:CONNECTOR,554,171,1,1e37db343c16c08852572dc11e7caaab7f82d784d9cc1a4c5c90049607267a86,03502fb599d4b513036ade56d0eac06e8cbd5ade6a2adbf028d5e2e588a11bcd
EP_ea00a38d7de7b26ad4b8584f,SV5_INFILL_ROOM_0e03c89fc44cb27c66ab,SV5_OPTIONAL_04,SV5_OPTIONAL_04,SV5_PLACE_03_0F8471A53F911F6D_PORT_OUT,SV5_INFILL_ROOM_0e03c89fc44cb27c66ab_LINK:CONNECTOR,554,187,1,05471cb1bbe9941d26a34dc776c35cc16aa4ec5f96958dc443a727da3420b4de,03502fb599d4b513036ade56d0eac06e8cbd5ade6a2adbf028d5e2e588a11bcd
EP_53e6d853df062605e9c2e478,SV5_INFILL_ROOM_151318558e48aa217292,SV5_OPTIONAL_04,SV5_OPTIONAL_04,SV5_PLACE_03_0F8471A53F911F6D_PORT_OUT,SV5_INFILL_ROOM_151318558e48aa217292_LINK:CONNECTOR,554,203,1,b0407bc38ad3581211acfbc6bcba334007c2245bc3a95d8c0113b0ea4fa30db6,03502fb599d4b513036ade56d0eac06e8cbd5ade6a2adbf028d5e2e588a11bcd
EP_835b5ffeb735abcb6898cc5c,SV5_INFILL_ROOM_046863d4c69cd86e081e,SV5_OPTIONAL_04,SV5_OPTIONAL_04,SV5_PLACE_11_E64745F7462770DD_PORT_IN,SV5_INFILL_ROOM_046863d4c69cd86e081e_LINK:CONNECTOR,555,76,1,a5203e8d4ad413ac4ee697cf4dcfba1fdc2fcdcb6881889c863461d5a5803026,03502fb599d4b513036ade56d0eac06e8cbd5ade6a2adbf028d5e2e588a11bcd
EP_90df709fa591ba7b38f05960,SV5_INFILL_ROOM_046863d4c69cd86e081e,SV5_OPTIONAL_04,SV5_OPTIONAL_04,SV5_PLACE_11_E64745F7462770DD_PORT_IN,SV5_INFILL_ROOM_046863d4c69cd86e081e_LINK:CONNECTOR,555,76,-1,1f9b513dbf897fa81fc30c6bba9a79f30117b6c4cbc82e1545ce65d5022ca0ef,03502fb599d4b513036ade56d0eac06e8cbd5ade6a2adbf028d5e2e588a11bcd
EP_49925e90b850e90366e2fc2f,SV5_INFILL_ROOM_0f5736599d7acc3ea0a8,SV5_OPTIONAL_04,SV5_OPTIONAL_04,SV5_PLACE_11_E64745F7462770DD_PORT_IN,SV5_INFILL_ROOM_0f5736599d7acc3ea0a8_LINK:CONNECTOR,555,124,1,dff64807c4e65d711391bc1f7ffdb7154e232f79053ccf5d801b200e6de96509,03502fb599d4b513036ade56d0eac06e8cbd5ade6a2adbf028d5e2e588a11bcd
EP_bb70d081e402364e30d230aa,SV5_INFILL_ROOM_0f5736599d7acc3ea0a8,SV5_OPTIONAL_04,SV5_OPTIONAL_04,SV5_PLACE_11_E64745F7462770DD_PORT_IN,SV5_INFILL_ROOM_0f5736599d7acc3ea0a8_LINK:CONNECTOR,555,124,-1,5d6d9efd57df5ff6c61bc232d1d60cea26f0c85a21f127be4bc8e29dc9e0b9ce,03502fb599d4b513036ade56d0eac06e8cbd5ade6a2adbf028d5e2e588a11bcd
EP_23b7ffd917556f8b7e52cc12,SV5_INFILL_ROOM_050904725fdcd82ff28e,SV5_OPTIONAL_04,SV5_OPTIONAL_04,SV5_PLACE_11_E64745F7462770DD_PORT_IN,SV5_INFILL_ROOM_050904725fdcd82ff28e_LINK:CONNECTOR,557,72,-1,71b499f0b04b80fd25c283ff422c2e5696c6e5ff637e00a3f543394bf114f257,03502fb599d4b513036ade56d0eac06e8cbd5ade6a2adbf028d5e2e588a11bcd
EP_c008dfe7ac70b2546687c5b5,SV5_INFILL_ROOM_050904725fdcd82ff28e,SV5_OPTIONAL_04,SV5_OPTIONAL_04,SV5_PLACE_11_E64745F7462770DD_PORT_IN,SV5_INFILL_ROOM_050904725fdcd82ff28e_LINK:CONNECTOR,557,72,1,2f4d15759543eec91b949abe1c2c120059c95b990079984bd84fb726dc3bc2e7,03502fb599d4b513036ade56d0eac06e8cbd5ade6a2adbf028d5e2e588a11bcd
EP_3c60cd49e3f1439c473020e2,SV5_INFILL_ROOM_00fe6dfb4eef486a889c,SV5_OPTIONAL_04,SV5_OPTIONAL_04,SV5_PLACE_11_E64745F7462770DD_PORT_IN,SV5_INFILL_ROOM_00fe6dfb4eef486a889c_LINK:CONNECTOR,557,88,-1,3cd566220af92d37011bd229ec251753790fe41fe7e296f8d198dc213951d7f4,03502fb599d4b513036ade56d0eac06e8cbd5ade6a2adbf028d5e2e588a11bcd
EP_a4fe7f7b983b7e578ce40452,SV5_INFILL_ROOM_00fe6dfb4eef486a889c,SV5_OPTIONAL_04,SV5_OPTIONAL_04,SV5_PLACE_11_E64745F7462770DD_PORT_IN,SV5_INFILL_ROOM_00fe6dfb4eef486a889c_LINK:CONNECTOR,557,88,1,5b7eaf9d06cecca1a74e9ccb29d8c5a5bb8b385e7ef1821e46358eac86ccc7a9,03502fb599d4b513036ade56d0eac06e8cbd5ade6a2adbf028d5e2e588a11bcd
EP_e4ad0559a5cb5a5e6e1c08ac,SV5_INFILL_ROOM_16de283f3026f06e031f,SV5_OPTIONAL_04,SV5_OPTIONAL_04,SV5_PLACE_11_E64745F7462770DD_PORT_IN,SV5_INFILL_ROOM_16de283f3026f06e031f_LINK:CONNECTOR,557,107,-1,b0cedaa69bea171489f212b05ddb6ccdd553cbf0abd41ba65e0550acecbbd0a4,03502fb599d4b513036ade56d0eac06e8cbd5ade6a2adbf028d5e2e588a11bcd
EP_176211bf03c3050f2005a837,SV5_INFILL_ROOM_07fb3ac254e765673737,SV5_OPTIONAL_04,SV5_OPTIONAL_04,SV5_PLACE_11_E64745F7462770DD_PORT_IN,SV5_INFILL_ROOM_07fb3ac254e765673737_LINK:CONNECTOR,557,128,-1,65670aee5182b71e9bc001741d3ab54dfb9e22c6644e627bb18fce2e983f391e,03502fb599d4b513036ade56d0eac06e8cbd5ade6a2adbf028d5e2e588a11bcd
EP_aa6408425f6868abae2ad331,SV5_INFILL_ROOM_07fb3ac254e765673737,SV5_OPTIONAL_04,SV5_OPTIONAL_04,SV5_PLACE_11_E64745F7462770DD_PORT_IN,SV5_INFILL_ROOM_07fb3ac254e765673737_LINK:CONNECTOR,557,128,1,665b2d0ece2e83362f5f586cce43119a96e803ed01ae07772314701770c5f601,03502fb599d4b513036ade56d0eac06e8cbd5ade6a2adbf028d5e2e588a11bcd
EP_8b813f484a94c2c7278dc239,SV5_INFILL_ROOM_00b4a4fe56b192880b8c,SV5_OPTIONAL_04,SV5_OPTIONAL_04,SV5_PLACE_11_E64745F7462770DD_PORT_IN,SV5_INFILL_ROOM_00b4a4fe56b192880b8c_LINK:CONNECTOR,558,43,-1,217bb39579fa332be3a5821458d789011e2f4913d5b19da87277d1714517de21,03502fb599d4b513036ade56d0eac06e8cbd5ade6a2adbf028d5e2e588a11bcd
EP_f4dcca0df9552906ad42e05f,SV5_INFILL_ROOM_00b4a4fe56b192880b8c,SV5_OPTIONAL_04,SV5_OPTIONAL_04,SV5_PLACE_11_E64745F7462770DD_PORT_IN,SV5_INFILL_ROOM_00b4a4fe56b192880b8c_LINK:CONNECTOR,558,43,1,7d8864687786fb7dce62c1ab858a9bba9bdea6eff92975a4facde0895e67e0bf,03502fb599d4b513036ade56d0eac06e8cbd5ade6a2adbf028d5e2e588a11bcd
EP_793836d634b599bad86559d6,SV5_INFILL_ROOM_050904725fdcd82ff28e,SV5_OPTIONAL_04,SV5_OPTIONAL_04,SV5_PLACE_11_E64745F7462770DD_PORT_IN,SV5_INFILL_ROOM_050904725fdcd82ff28e_LINK:CONNECTOR,558,71,1,17701a71a552125fb54e46bb26f14401cb429d7d6345a4164aecb47c456b59fd,03502fb599d4b513036ade56d0eac06e8cbd5ade6a2adbf028d5e2e588a11bcd
EP_f8f720f109a492be1869198b,SV5_INFILL_ROOM_050904725fdcd82ff28e,SV5_OPTIONAL_04,SV5_OPTIONAL_04,SV5_PLACE_11_E64745F7462770DD_PORT_IN,SV5_INFILL_ROOM_050904725fdcd82ff28e_LINK:CONNECTOR,558,71,-1,74c22e758c3c89f613d8abde2e042683d0ce8ba3560d7528f73500b0507ec396,03502fb599d4b513036ade56d0eac06e8cbd5ade6a2adbf028d5e2e588a11bcd
EP_fa59d612ca110fe658f98455,SV5_INFILL_ROOM_16de283f3026f06e031f,SV5_OPTIONAL_04,SV5_OPTIONAL_04,SV5_PLACE_11_E64745F7462770DD_PORT_IN,SV5_INFILL_ROOM_16de283f3026f06e031f_LINK:CONNECTOR,558,107,1,193eb19dc94b1b9b7bef2e850c3d1f4bc66acc7956eb1489cd4467940dd9804e,03502fb599d4b513036ade56d0eac06e8cbd5ade6a2adbf028d5e2e588a11bcd
EP_a28534e37d2062bb498f1acd,SV5_INFILL_ROOM_07fb3ac254e765673737,SV5_OPTIONAL_04,SV5_OPTIONAL_04,SV5_PLACE_11_E64745F7462770DD_PORT_IN,SV5_INFILL_ROOM_07fb3ac254e765673737_LINK:CONNECTOR,558,127,-1,bfe578dce8a4defdd6725137a6db3fdd35c143fc0c2caa76259377063b5377c0,03502fb599d4b513036ade56d0eac06e8cbd5ade6a2adbf028d5e2e588a11bcd
EP_6981e58ac98ff36bacc55932,SV5_INFILL_ROOM_002b1fdb38d3b5d62912,SV5_OPTIONAL_04,SV5_OPTIONAL_04,SV5_PLACE_11_E64745F7462770DD_PORT_IN,SV5_INFILL_ROOM_002b1fdb38d3b5d62912_LINK:CONNECTOR,559,23,-1,28554a5cec1156162de9486b8e6d26ab3c5e22473ad30d4f670980a85a8a6756,03502fb599d4b513036ade56d0eac06e8cbd5ade6a2adbf028d5e2e588a11bcd
EP_139e0e9723dc604d11e14e09,SV5_INFILL_ROOM_050904725fdcd82ff28e,SV5_OPTIONAL_04,SV5_OPTIONAL_04,SV5_PLACE_11_E64745F7462770DD_PORT_IN,SV5_INFILL_ROOM_050904725fdcd82ff28e_LINK:CONNECTOR,559,72,-1,2c5845548267b14da0d9101dc10f8a421edd97e57bc8af0051c78e6a46504875,03502fb599d4b513036ade56d0eac06e8cbd5ade6a2adbf028d5e2e588a11bcd
EP_209b35a5145db35f2bd647ec,SV5_INFILL_ROOM_050904725fdcd82ff28e,SV5_OPTIONAL_04,SV5_OPTIONAL_04,SV5_PLACE_11_E64745F7462770DD_PORT_IN,SV5_INFILL_ROOM_050904725fdcd82ff28e_LINK:CONNECTOR,559,72,1,549e5f64ded971fad6a0819cbaf2801f80df4451a03a3cf56d31344c56255bbd,03502fb599d4b513036ade56d0eac06e8cbd5ade6a2adbf028d5e2e588a11bcd
EP_d23dee36bd8e102f0f4e7f75,SV5_INFILL_ROOM_00fe6dfb4eef486a889c,SV5_OPTIONAL_04,SV5_OPTIONAL_04,SV5_PLACE_11_E64745F7462770DD_PORT_IN,SV5_INFILL_ROOM_00fe6dfb4eef486a889c_LINK:CONNECTOR,559,88,-1,6ad406002572e9606d2cf71e0071e55f7af7275030876ac6ff75d59ac54553c0,03502fb599d4b513036ade56d0eac06e8cbd5ade6a2adbf028d5e2e588a11bcd
EP_a402b4e8456afb49dfd380bc,SV5_INFILL_ROOM_16de283f3026f06e031f,SV5_OPTIONAL_04,SV5_OPTIONAL_04,SV5_PLACE_11_E64745F7462770DD_PORT_IN,SV5_INFILL_ROOM_16de283f3026f06e031f_LINK:CONNECTOR,559,108,1,19b7116e285cd259a157c5df20ecc599fbf31ee8e32ae1096d37504c1d64544b,03502fb599d4b513036ade56d0eac06e8cbd5ade6a2adbf028d5e2e588a11bcd
EP_c3c2a69043748a16fd099fa9,SV5_INFILL_ROOM_16de283f3026f06e031f,SV5_OPTIONAL_04,SV5_OPTIONAL_04,SV5_PLACE_11_E64745F7462770DD_PORT_IN,SV5_INFILL_ROOM_16de283f3026f06e031f_LINK:CONNECTOR,559,108,-1,7ab729fbb59b2866d0f15ddf2cbb14f5d735f5116fb3435bbc1d60c396b2cd71,03502fb599d4b513036ade56d0eac06e8cbd5ade6a2adbf028d5e2e588a11bcd
EP_095b9e7faf8f739b4dc8047f,SV5_INFILL_ROOM_050904725fdcd82ff28e,SV5_OPTIONAL_04,SV5_OPTIONAL_04,SV5_PLACE_11_E64745F7462770DD_PORT_IN,SV5_INFILL_ROOM_050904725fdcd82ff28e_LINK:CONNECTOR,560,73,1,4dda13eed70dffea919cbf06c858e23a24813f4111a67953487c0f2a8018e8de,03502fb599d4b513036ade56d0eac06e8cbd5ade6a2adbf028d5e2e588a11bcd
EP_5317f2b7ec576fe3beb61a7b,SV5_INFILL_ROOM_00fe6dfb4eef486a889c,SV5_OPTIONAL_04,SV5_OPTIONAL_04,SV5_PLACE_11_E64745F7462770DD_PORT_IN,SV5_INFILL_ROOM_00fe6dfb4eef486a889c_LINK:CONNECTOR,560,89,1,21dc0499ffea5b5ba876985a1bd858b2909528c526930ab7f643ef0a81c9d64b,03502fb599d4b513036ade56d0eac06e8cbd5ade6a2adbf028d5e2e588a11bcd
EP_dce8052fcd7a77afa3f71166,SV5_INFILL_ROOM_00fe6dfb4eef486a889c,SV5_OPTIONAL_04,SV5_OPTIONAL_04,SV5_PLACE_11_E64745F7462770DD_PORT_IN,SV5_INFILL_ROOM_00fe6dfb4eef486a889c_LINK:CONNECTOR,560,89,-1,869603a4c4b4ebe40db8cb8c13a2c7691ec2fd6f0c90e762480d0938a091c8a2,03502fb599d4b513036ade56d0eac06e8cbd5ade6a2adbf028d5e2e588a11bcd
EP_7cf3156b61aa88e61ba94b13,SV5_INFILL_ROOM_16de283f3026f06e031f,SV5_OPTIONAL_04,SV5_OPTIONAL_04,SV5_PLACE_11_E64745F7462770DD_PORT_IN,SV5_INFILL_ROOM_16de283f3026f06e031f_LINK:CONNECTOR,560,109,-1,c001de3295e88fdcd4d7f5e70240b7f8db25145b2628c1b41c1e693232f5a2ea,03502fb599d4b513036ade56d0eac06e8cbd5ade6a2adbf028d5e2e588a11bcd
EP_902040fcba5b7423c90e833b,SV5_INFILL_ROOM_16de283f3026f06e031f,SV5_OPTIONAL_04,SV5_OPTIONAL_04,SV5_PLACE_11_E64745F7462770DD_PORT_IN,SV5_INFILL_ROOM_16de283f3026f06e031f_LINK:CONNECTOR,560,109,1,572a8f2a25cb51c7e4c883e377868dc9e04239a28fe1f86d573485632f86c31e,03502fb599d4b513036ade56d0eac06e8cbd5ade6a2adbf028d5e2e588a11bcd
EP_4e2293f26d16eeaf4055326b,SV5_INFILL_ROOM_00b4a4fe56b192880b8c,SV5_OPTIONAL_04,SV5_OPTIONAL_04,SV5_PLACE_11_E64745F7462770DD_PORT_IN,SV5_INFILL_ROOM_00b4a4fe56b192880b8c_LINK:CONNECTOR,561,46,-1,4e51bf2c2804531a3ea2d89b38e0f04f9582d163f2bf541c545aab71140acdb0,03502fb599d4b513036ade56d0eac06e8cbd5ade6a2adbf028d5e2e588a11bcd
EP_2230a036b5d43a7c42e1578a,SV5_INFILL_ROOM_050904725fdcd82ff28e,SV5_OPTIONAL_04,SV5_OPTIONAL_04,SV5_PLACE_11_E64745F7462770DD_PORT_IN,SV5_INFILL_ROOM_050904725fdcd82ff28e_LINK:CONNECTOR,561,74,-1,8103501ee713eafc428af0c709e4fb948b521931bcd3a6f0ed2350a455141fb7,03502fb599d4b513036ade56d0eac06e8cbd5ade6a2adbf028d5e2e588a11bcd
EP_f5f1c894b13d980746aea793,SV5_INFILL_ROOM_00fe6dfb4eef486a889c,SV5_OPTIONAL_04,SV5_OPTIONAL_04,SV5_PLACE_11_E64745F7462770DD_PORT_IN,SV5_INFILL_ROOM_00fe6dfb4eef486a889c_LINK:CONNECTOR,561,90,-1,4f0d757dfb58ba1d492a3b501254586b036faca6720e9e5e8159619c2fd5d9ad,03502fb599d4b513036ade56d0eac06e8cbd5ade6a2adbf028d5e2e588a11bcd
EP_3f76a9c1062e4d4b38414125,SV5_INFILL_ROOM_16de283f3026f06e031f,SV5_OPTIONAL_04,SV5_OPTIONAL_04,SV5_PLACE_11_E64745F7462770DD_PORT_IN,SV5_INFILL_ROOM_16de283f3026f06e031f_LINK:CONNECTOR,561,110,-1,c5be8bc04e8f7793ecc8bac0a5bb680855b8493b3fb9095973b56f2c1ba069c4,03502fb599d4b513036ade56d0eac06e8cbd5ade6a2adbf028d5e2e588a11bcd
EP_8f0f9bb9b8339f64445d0257,SV5_INFILL_ROOM_00b4a4fe56b192880b8c,SV5_OPTIONAL_04,SV5_OPTIONAL_04,SV5_PLACE_11_E64745F7462770DD_PORT_IN,SV5_INFILL_ROOM_00b4a4fe56b192880b8c_LINK:CONNECTOR,562,47,1,01755217214ac6cf637e6b11531ef408b028526377efe6d2081df3cf9aadb2b9,03502fb599d4b513036ade56d0eac06e8cbd5ade6a2adbf028d5e2e588a11bcd
EP_4f48cf42b8428815fff81200,SV5_INFILL_ROOM_00b4a4fe56b192880b8c,SV5_OPTIONAL_04,SV5_OPTIONAL_04,SV5_PLACE_11_E64745F7462770DD_PORT_IN,SV5_INFILL_ROOM_00b4a4fe56b192880b8c_LINK:CONNECTOR,563,48,1,38368383b8484d4ee7d68330ce1c70ff89910072d99252fefc4bddce3c179645,03502fb599d4b513036ade56d0eac06e8cbd5ade6a2adbf028d5e2e588a11bcd
EP_64dc0daef603f3621bb4b5d2,SV5_INFILL_ROOM_00b4a4fe56b192880b8c,SV5_OPTIONAL_04,SV5_OPTIONAL_04,SV5_PLACE_11_E64745F7462770DD_PORT_IN,SV5_INFILL_ROOM_00b4a4fe56b192880b8c_LINK:CONNECTOR,564,49,-1,330dca98161d87228c6d5e3e6672c9daed656bf494bb62eea75d31ee0020140e,03502fb599d4b513036ade56d0eac06e8cbd5ade6a2adbf028d5e2e588a11bcd
EP_6bf99e52380acad6261024e3,SV5_INFILL_ROOM_00b4a4fe56b192880b8c,SV5_OPTIONAL_04,SV5_OPTIONAL_04,SV5_PLACE_11_E64745F7462770DD_PORT_IN,SV5_INFILL_ROOM_00b4a4fe56b192880b8c_LINK:CONNECTOR,564,49,1,3d121060293a0dfb7d273ab05015769e963ed6c7f5d0deeaafe49176aa239e4c,03502fb599d4b513036ade56d0eac06e8cbd5ade6a2adbf028d5e2e588a11bcd
EP_705aef0a2de4d642d8f3253e,SV5_INFILL_ROOM_00b4a4fe56b192880b8c,SV5_OPTIONAL_04,SV5_OPTIONAL_04,SV5_PLACE_11_E64745F7462770DD_PORT_IN,SV5_INFILL_ROOM_00b4a4fe56b192880b8c:LANDING,568,51,-1,00509c3df9beb381c692f44e2d8d5e5d5b3e0ca49c2f090db034b70e1e616f2f,03502fb599d4b513036ade56d0eac06e8cbd5ade6a2adbf028d5e2e588a11bcd
EP_960f81df0d6490836c4a1389,SV5_INFILL_ROOM_00fe6dfb4eef486a889c,SV5_OPTIONAL_04,SV5_OPTIONAL_04,SV5_PLACE_11_E64745F7462770DD_PORT_IN,SV5_INFILL_ROOM_00fe6dfb4eef486a889c:LANDING,572,91,-1,6d6d5aceaf85795f9b2ce4b1e51e8f1fe43ba02465af944d069874a2cecb7346,03502fb599d4b513036ade56d0eac06e8cbd5ade6a2adbf028d5e2e588a11bcd
EP_e6fb7ee7efea0848497beffe,SV5_INFILL_ROOM_16de283f3026f06e031f,SV5_OPTIONAL_04,SV5_OPTIONAL_04,SV5_PLACE_11_E64745F7462770DD_PORT_IN,SV5_INFILL_ROOM_16de283f3026f06e031f:DEAD_END,572,111,-1,96ac62f7ac7383e708641cff614d2e34f92d8350cf366d009836803805efe2cd,03502fb599d4b513036ade56d0eac06e8cbd5ade6a2adbf028d5e2e588a11bcd
EP_80e8489d7faa54de717b01e2,SV5_INFILL_ROOM_10723a60cc9b706bf1c1,SV5_OPTIONAL_03,SV5_OPTIONAL_03,SV5_PLACE_07_5EB723EDC1DC3862_PORT_OUT,SV5_INFILL_ROOM_10723a60cc9b706bf1c1_LINK:CONNECTOR,580,347,1,7185f891f0cfd2f6c909d045be170c7fa6e808b042fd8747c3314e5867a6ce7a,03502fb599d4b513036ade56d0eac06e8cbd5ade6a2adbf028d5e2e588a11bcd
EP_f0fca2060d6f4e35d73ee351,SV5_INFILL_ROOM_0d63595f6cd949c1a932,SV5_OPTIONAL_05,SV5_OPTIONAL_05,SV5_PLACE_11_E64745F7462770DD_PORT_OUT,SV5_INFILL_ROOM_0d63595f6cd949c1a932_LINK:CONNECTOR,581,7,-1,0b087f8398a2fee555855b25ff448781db6c67eb3f7c22bb0f21e6766fcdd39d,03502fb599d4b513036ade56d0eac06e8cbd5ade6a2adbf028d5e2e588a11bcd
EP_7f5b62fea0ac6af3620b6afd,SV5_INFILL_ROOM_09cb99c9abddc7fd396e,SV5_OPTIONAL_03,SV5_OPTIONAL_03,SV5_PLACE_03_0F8471A53F911F6D_PORT_IN,SV5_INFILL_ROOM_09cb99c9abddc7fd396e_LINK:CONNECTOR,581,232,1,cd43b8a3e6a33a4ce4efef542dd4553f54ab932954290e267c3a0d65ac9b802d,03502fb599d4b513036ade56d0eac06e8cbd5ade6a2adbf028d5e2e588a11bcd
EP_8dfbbe6860602959222bc4b3,SV5_INFILL_ROOM_09cb99c9abddc7fd396e,SV5_OPTIONAL_03,SV5_OPTIONAL_03,SV5_PLACE_03_0F8471A53F911F6D_PORT_IN,SV5_INFILL_ROOM_09cb99c9abddc7fd396e_LINK:CONNECTOR,581,232,-1,8c689c82bf5311ce68725eec6d56849a37aa102b4675494751636b87d137f9fd,03502fb599d4b513036ade56d0eac06e8cbd5ade6a2adbf028d5e2e588a11bcd
EP_08e76290a4b02cea93a837c9,SV5_INFILL_ROOM_014ea698f88348a9d9a6,SV5_OPTIONAL_03,SV5_OPTIONAL_03,SV5_PLACE_03_0F8471A53F911F6D_PORT_IN,SV5_INFILL_ROOM_014ea698f88348a9d9a6_LINK:CONNECTOR,581,248,-1,7b1efef5ce66c88761538fbeebcd2a2270403565d103d8ea2394e51bab24f6b9,03502fb599d4b513036ade56d0eac06e8cbd5ade6a2adbf028d5e2e588a11bcd
EP_a9f845bc922aadf82dac6abf,SV5_INFILL_ROOM_014ea698f88348a9d9a6,SV5_OPTIONAL_03,SV5_OPTIONAL_03,SV5_PLACE_03_0F8471A53F911F6D_PORT_IN,SV5_INFILL_ROOM_014ea698f88348a9d9a6_LINK:CONNECTOR,581,248,1,dbb31c18420505c7736bd5edf8321a947fb28a2354fdc4309fd4dbb71c4ee528,03502fb599d4b513036ade56d0eac06e8cbd5ade6a2adbf028d5e2e588a11bcd
EP_6aaf74e7aef29798c9973e1a,SV5_INFILL_ROOM_136ff74ff913d769873e,SV5_OPTIONAL_03,SV5_OPTIONAL_03,SV5_PLACE_03_0F8471A53F911F6D_PORT_IN,SV5_INFILL_ROOM_136ff74ff913d769873e_LINK:CONNECTOR,581,264,1,8db2f750657974206ea32b4c678a6e340960576a48d43d3f266525b6e98b1f1b,03502fb599d4b513036ade56d0eac06e8cbd5ade6a2adbf028d5e2e588a11bcd
EP_6d0880c94c111b87ca085267,SV5_INFILL_ROOM_136ff74ff913d769873e,SV5_OPTIONAL_03,SV5_OPTIONAL_03,SV5_PLACE_03_0F8471A53F911F6D_PORT_IN,SV5_INFILL_ROOM_136ff74ff913d769873e_LINK:CONNECTOR,581,264,-1,47ff49dac4db7a94c08f4e3ca58bf21f0cd63ac7b02df519b4662d4a2d050546,03502fb599d4b513036ade56d0eac06e8cbd5ade6a2adbf028d5e2e588a11bcd
EP_a0674010ae08d634b009336d,SV5_INFILL_ROOM_0591ab8eb2a9227b48a9,SV5_OPTIONAL_03,SV5_OPTIONAL_03,SV5_PLACE_03_0F8471A53F911F6D_PORT_IN,SV5_INFILL_ROOM_0591ab8eb2a9227b48a9_LINK:CONNECTOR,581,296,-1,15343b47b73e1e5892adb6d36be23508ff901219182505379dfda4768371841e,03502fb599d4b513036ade56d0eac06e8cbd5ade6a2adbf028d5e2e588a11bcd
EP_f3848aabe7b1e934dc631537,SV5_INFILL_ROOM_0591ab8eb2a9227b48a9,SV5_OPTIONAL_03,SV5_OPTIONAL_03,SV5_PLACE_03_0F8471A53F911F6D_PORT_IN,SV5_INFILL_ROOM_0591ab8eb2a9227b48a9_LINK:CONNECTOR,581,296,1,2caa4205c015430c9f986058b5483a5dc452a26e92aff8390ea2fa5aa3bbd889,03502fb599d4b513036ade56d0eac06e8cbd5ade6a2adbf028d5e2e588a11bcd
EP_761a4d0cad367f712b1570e5,SV5_INFILL_ROOM_10723a60cc9b706bf1c1,SV5_OPTIONAL_03,SV5_OPTIONAL_03,SV5_PLACE_07_5EB723EDC1DC3862_PORT_OUT,SV5_INFILL_ROOM_10723a60cc9b706bf1c1_LINK:CONNECTOR,581,348,1,d057f6565ece48c8a6fe1103041fc98c0d32d5d20d260b7b8f32d7a1c4b060a8,03502fb599d4b513036ade56d0eac06e8cbd5ade6a2adbf028d5e2e588a11bcd
EP_c6d368289dcb582e5a2a96f3,SV5_INFILL_ROOM_10723a60cc9b706bf1c1,SV5_OPTIONAL_03,SV5_OPTIONAL_03,SV5_PLACE_07_5EB723EDC1DC3862_PORT_OUT,SV5_INFILL_ROOM_10723a60cc9b706bf1c1_LINK:CONNECTOR,581,348,-1,6b1b4e809fdf982eefc5415a97b0e5dd9c77cc23088ee30b81669877f8154f84,03502fb599d4b513036ade56d0eac06e8cbd5ade6a2adbf028d5e2e588a11bcd
EP_0ab7de7ad5eff34986b4de60,SV5_INFILL_ROOM_09cb99c9abddc7fd396e,SV5_OPTIONAL_03,SV5_OPTIONAL_03,SV5_PLACE_03_0F8471A53F911F6D_PORT_IN,SV5_INFILL_ROOM_09cb99c9abddc7fd396e_LINK:CONNECTOR,582,231,-1,36a0a9dbd12512396f20c86c5cf341523f1e9f2f1547f0e726434a2605f7a76d,03502fb599d4b513036ade56d0eac06e8cbd5ade6a2adbf028d5e2e588a11bcd
EP_6a892c0bd21fb133c64b6de0,SV5_INFILL_ROOM_014ea698f88348a9d9a6,SV5_OPTIONAL_03,SV5_OPTIONAL_03,SV5_PLACE_03_0F8471A53F911F6D_PORT_IN,SV5_INFILL_ROOM_014ea698f88348a9d9a6_LINK:CONNECTOR,582,247,-1,e561c21e529d2c80ce7199901c2c012062dfbabf8e003f64c5947f30af9b20c0,03502fb599d4b513036ade56d0eac06e8cbd5ade6a2adbf028d5e2e588a11bcd
EP_91c21288e7bcb7a50d4441db,SV5_INFILL_ROOM_136ff74ff913d769873e,SV5_OPTIONAL_03,SV5_OPTIONAL_03,SV5_PLACE_03_0F8471A53F911F6D_PORT_IN,SV5_INFILL_ROOM_136ff74ff913d769873e_LINK:CONNECTOR,582,263,-1,a05ad17e32c33f9c5988e1be714263d29efce976092af710f298651bce0a7986,03502fb599d4b513036ade56d0eac06e8cbd5ade6a2adbf028d5e2e588a11bcd
EP_a0fe945e24e30353c6c4e645,SV5_INFILL_ROOM_0591ab8eb2a9227b48a9,SV5_OPTIONAL_03,SV5_OPTIONAL_03,SV5_PLACE_03_0F8471A53F911F6D_PORT_IN,SV5_INFILL_ROOM_0591ab8eb2a9227b48a9_LINK:CONNECTOR,582,295,-1,ac41b0b5aa440fbc4898bb9cf888f1c807a54903399a690f47a5f95f3da03fea,03502fb599d4b513036ade56d0eac06e8cbd5ade6a2adbf028d5e2e588a11bcd
EP_e0cc9e25b7e6362801f7c511,SV5_INFILL_ROOM_0591ab8eb2a9227b48a9,SV5_OPTIONAL_03,SV5_OPTIONAL_03,SV5_PLACE_03_0F8471A53F911F6D_PORT_IN,SV5_INFILL_ROOM_0591ab8eb2a9227b48a9_LINK:CONNECTOR,582,295,1,4aac4957a81bfe367568499ea42e718f53392a545dce2e9dfc4f8bea3ccad1b5,03502fb599d4b513036ade56d0eac06e8cbd5ade6a2adbf028d5e2e588a11bcd
EP_32e1a9ad5b37cdce27473e40,SV5_INFILL_ROOM_10723a60cc9b706bf1c1,SV5_OPTIONAL_03,SV5_OPTIONAL_03,SV5_PLACE_07_5EB723EDC1DC3862_PORT_OUT,SV5_INFILL_ROOM_10723a60cc9b706bf1c1_LINK:CONNECTOR,582,349,-1,d47f0e83eba9548d312eae64dca6d1f8b7cce4bfb75826844c949f1d03ee07ce,03502fb599d4b513036ade56d0eac06e8cbd5ade6a2adbf028d5e2e588a11bcd
EP_d6fbb4b6711745ac6b027dee,SV5_INFILL_ROOM_10723a60cc9b706bf1c1,SV5_OPTIONAL_03,SV5_OPTIONAL_03,SV5_PLACE_07_5EB723EDC1DC3862_PORT_OUT,SV5_INFILL_ROOM_10723a60cc9b706bf1c1_LINK:CONNECTOR,582,349,1,83157939a9851614ab6ea6b9c8705ffa5c40a77b67dc003693bbf07107d73c7c,03502fb599d4b513036ade56d0eac06e8cbd5ade6a2adbf028d5e2e588a11bcd
EP_773d953b99c079681f35837e,SV5_INFILL_ROOM_0d63595f6cd949c1a932,SV5_OPTIONAL_05,SV5_OPTIONAL_05,SV5_PLACE_11_E64745F7462770DD_PORT_OUT,SV5_INFILL_ROOM_0d63595f6cd949c1a932_LINK:CONNECTOR,583,7,1,e247fdf86e4037d66af627852c743ca19c6bc8775b50935a1bd49e5b766512ac,03502fb599d4b513036ade56d0eac06e8cbd5ade6a2adbf028d5e2e588a11bcd
EP_04b561dfaa35acd4fc794fd5,SV5_INFILL_ROOM_10723a60cc9b706bf1c1,SV5_OPTIONAL_03,SV5_OPTIONAL_03,SV5_PLACE_07_5EB723EDC1DC3862_PORT_OUT,SV5_INFILL_ROOM_10723a60cc9b706bf1c1_LINK:CONNECTOR,583,350,-1,d3b26a45519173cdbf989111313c516e2a608cc645cd078c2c17ba05b8474858,03502fb599d4b513036ade56d0eac06e8cbd5ade6a2adbf028d5e2e588a11bcd
EP_d505afde0d1f07dffaa6ac0d,SV5_INFILL_ROOM_10723a60cc9b706bf1c1,SV5_OPTIONAL_03,SV5_OPTIONAL_03,SV5_PLACE_07_5EB723EDC1DC3862_PORT_OUT,SV5_INFILL_ROOM_10723a60cc9b706bf1c1_LINK:CONNECTOR,583,350,1,5b85e7cffc86e3e893dc6d8134e2d6d728905a9bb124967bc7c76d4de9acf7a9,03502fb599d4b513036ade56d0eac06e8cbd5ade6a2adbf028d5e2e588a11bcd
EP_86d4a2e7bfcfef53a8c10144,SV5_INFILL_ROOM_062bdedbace97bb71fc4,SV5_OPTIONAL_01,SV5_OPTIONAL_01,SV5_PLACE_06_26E6723B2540BBB9_PORT_OUT,SV5_INFILL_ROOM_062bdedbace97bb71fc4:LANDING,583,393,1,cf05c9a7b2f4cec3e8f063979d24891403955f9354bf9d06c31bd2bf39fb6975,03502fb599d4b513036ade56d0eac06e8cbd5ade6a2adbf028d5e2e588a11bcd
EP_b6922d8cee10bcbdfb0395e1,SV5_INFILL_ROOM_0d63595f6cd949c1a932,SV5_OPTIONAL_05,SV5_OPTIONAL_05,SV5_PLACE_11_E64745F7462770DD_PORT_OUT,SV5_INFILL_ROOM_0d63595f6cd949c1a932_LINK:CONNECTOR,584,6,-1,4df3627712877388af8137d7108e1b61ff51d1d40ec8eda0bac83cc93bf8f479,03502fb599d4b513036ade56d0eac06e8cbd5ade6a2adbf028d5e2e588a11bcd
EP_c72effbb3ff046aed56d788e,SV5_INFILL_ROOM_0dab25b86c4a80f558fb,SV5_OPTIONAL_04,SV5_OPTIONAL_04,SV5_PLACE_11_E64745F7462770DD_PORT_IN,SV5_INFILL_ROOM_0dab25b86c4a80f558fb_LINK:CONNECTOR,584,52,-1,4cb2f11d412bdd35e003dbe26fa750f7e39c73c97c0c0294fd3ed9592e8a6d3a,03502fb599d4b513036ade56d0eac06e8cbd5ade6a2adbf028d5e2e588a11bcd
EP_74247517986b5e2071f702f4,SV5_INFILL_ROOM_016e566fdda939779b86,SV5_OPTIONAL_03,SV5_OPTIONAL_03,SV5_PLACE_07_5EB723EDC1DC3862_PORT_OUT,SV5_INFILL_ROOM_016e566fdda939779b86:DEAD_END,584,351,-1,a1ebe564d98fa43dde7c31334954145bec73b19c542860e1dfb8b85600c9c2bd,03502fb599d4b513036ade56d0eac06e8cbd5ade6a2adbf028d5e2e588a11bcd
EP_9e19ef0f76f4142b2e569c42,SV5_INFILL_ROOM_0058509cbbf5ecd5a28e,SV5_OPTIONAL_01,SV5_OPTIONAL_01,SV5_PLACE_06_26E6723B2540BBB9_PORT_OUT,SV5_INFILL_ROOM_0058509cbbf5ecd5a28e_LINK:CONNECTOR,584,392,1,f2b6d4eef064fc02a093b95e8365c3daa44bdcd4592fdd9848bc46b90466664f,03502fb599d4b513036ade56d0eac06e8cbd5ade6a2adbf028d5e2e588a11bcd
EP_a3e6d60f1904781999a9f92a,SV5_INFILL_ROOM_0058509cbbf5ecd5a28e,SV5_OPTIONAL_01,SV5_OPTIONAL_01,SV5_PLACE_06_26E6723B2540BBB9_PORT_OUT,SV5_INFILL_ROOM_0058509cbbf5ecd5a28e_LINK:CONNECTOR,584,392,-1,808bc41a47939053c53bb98cb5b970e5f352dab0da88a3b7fb39dd289dea1485,03502fb599d4b513036ade56d0eac06e8cbd5ade6a2adbf028d5e2e588a11bcd
EP_6dd3e3b4729793f1be51f020,SV5_INFILL_ROOM_0dab25b86c4a80f558fb,SV5_OPTIONAL_04,SV5_OPTIONAL_04,SV5_PLACE_11_E64745F7462770DD_PORT_IN,SV5_INFILL_ROOM_0dab25b86c4a80f558fb_LINK:CONNECTOR,585,51,-1,76e19c3336a922b7b18cb327daa361c06cbc0dfb8b5a9249a0983a33d6cc3d60,03502fb599d4b513036ade56d0eac06e8cbd5ade6a2adbf028d5e2e588a11bcd
EP_3f9f6f9f8d05389734d62422,SV5_INFILL_ROOM_0058509cbbf5ecd5a28e,SV5_OPTIONAL_01,SV5_OPTIONAL_01,SV5_PLACE_06_26E6723B2540BBB9_PORT_OUT,SV5_INFILL_ROOM_0058509cbbf5ecd5a28e_LINK:CONNECTOR,585,391,-1,5aaa86c2eab4451c16456292a2f5c9a8f4d4df797a21295a31cf883e0fa1fe41,03502fb599d4b513036ade56d0eac06e8cbd5ade6a2adbf028d5e2e588a11bcd
EP_0c3c055da4a0b7d54da3cdc2,SV5_INFILL_ROOM_00c18a953b0a68c4097f,SV5_OPTIONAL_02,SV5_OPTIONAL_02,SV5_PLACE_02_248027C6A8E3699F_PORT_OUT,SV5_INFILL_ROOM_00c18a953b0a68c4097f_LINK:CONNECTOR,586,285,-1,3d61b1f4835aeaa4b5441305084ab34d6014585817a02d607bd4f0ade8808543,03502fb599d4b513036ade56d0eac06e8cbd5ade6a2adbf028d5e2e588a11bcd
EP_47eabe10a92e71496e77dcdc,SV5_INFILL_ROOM_00c18a953b0a68c4097f,SV5_OPTIONAL_02,SV5_OPTIONAL_02,SV5_PLACE_02_248027C6A8E3699F_PORT_OUT,SV5_INFILL_ROOM_00c18a953b0a68c4097f_LINK:CONNECTOR,586,285,1,9ffb1ed677ddf6bf1c37b765f1f3bfb5f85762b2a6bfcf9ed4b6058abf649086,03502fb599d4b513036ade56d0eac06e8cbd5ade6a2adbf028d5e2e588a11bcd
EP_9c63a1a70f14d9b2e8feed61,SV5_INFILL_ROOM_0dab25b86c4a80f558fb,SV5_OPTIONAL_04,SV5_OPTIONAL_04,SV5_PLACE_11_E64745F7462770DD_PORT_IN,SV5_INFILL_ROOM_0dab25b86c4a80f558fb_LINK:CONNECTOR,587,49,1,8bdea58a2141273b11da8bba4d5504f76c36df993fc0b0435dfec1cdc6800135,03502fb599d4b513036ade56d0eac06e8cbd5ade6a2adbf028d5e2e588a11bcd
EP_14118437c3bd3f0d170d2d8b,SV5_INFILL_ROOM_00fe6dfb4eef486a889c,SV5_OPTIONAL_04,SV5_OPTIONAL_04,SV5_PLACE_11_E64745F7462770DD_PORT_IN,SV5_INFILL_ROOM_00fe6dfb4eef486a889c:LANDING,587,93,1,73938cf4141f5ca02acd04606f5139087839cc4bba3b75620d477e53f2a428bf,03502fb599d4b513036ade56d0eac06e8cbd5ade6a2adbf028d5e2e588a11bcd
EP_c19effa715aafec9e873d939,SV5_INFILL_ROOM_00c18a953b0a68c4097f,SV5_OPTIONAL_02,SV5_OPTIONAL_02,SV5_PLACE_02_248027C6A8E3699F_PORT_OUT,SV5_INFILL_ROOM_00c18a953b0a68c4097f_LINK:CONNECTOR,587,284,-1,4e965a0a9074c043c9ca278c2fc3b25e0af95fb020479b873e081ceb2cdc397c,03502fb599d4b513036ade56d0eac06e8cbd5ade6a2adbf028d5e2e588a11bcd
EP_75b678dde44c452ccda3429d,SV5_INFILL_ROOM_026b4248321dee685078,SV5_OPTIONAL_04,SV5_OPTIONAL_04,SV5_PLACE_11_E64745F7462770DD_PORT_IN,SV5_INFILL_ROOM_026b4248321dee685078_LINK:CONNECTOR,588,94,-1,43c9c812d16b77a128d4fd35bdc9635cfa10038f2c24976bf549e544392b299d,03502fb599d4b513036ade56d0eac06e8cbd5ade6a2adbf028d5e2e588a11bcd
EP_c9467caca0acf93420571b8e,SV5_INFILL_ROOM_00c18a953b0a68c4097f,SV5_OPTIONAL_02,SV5_OPTIONAL_02,SV5_PLACE_02_248027C6A8E3699F_PORT_OUT,SV5_INFILL_ROOM_00c18a953b0a68c4097f_LINK:CONNECTOR,588,283,1,177701bcda315bbf21b1ca68082a28a7c1a68eb6f94a29d65e07c871e5c8a8dd,03502fb599d4b513036ade56d0eac06e8cbd5ade6a2adbf028d5e2e588a11bcd
EP_fd3173e18f73cc7c69b54d3d,SV5_INFILL_ROOM_00c18a953b0a68c4097f,SV5_OPTIONAL_02,SV5_OPTIONAL_02,SV5_PLACE_02_248027C6A8E3699F_PORT_OUT,SV5_INFILL_ROOM_00c18a953b0a68c4097f_LINK:CONNECTOR,588,283,-1,0264e890c35dcc6657854ad39564ff906018d78607627e58dc0183b8d6a34cb3,03502fb599d4b513036ade56d0eac06e8cbd5ade6a2adbf028d5e2e588a11bcd
EP_b21b7a9fc53978b8515ee03d,SV5_INFILL_ROOM_0dab25b86c4a80f558fb,SV5_OPTIONAL_04,SV5_OPTIONAL_04,SV5_PLACE_11_E64745F7462770DD_PORT_IN,SV5_INFILL_ROOM_0dab25b86c4a80f558fb_LINK:CONNECTOR,589,47,1,26910a22f94e563a3018af3760880bdf8ed83892d172cd19827aadf6e6f6157b,03502fb599d4b513036ade56d0eac06e8cbd5ade6a2adbf028d5e2e588a11bcd
EP_51a0aad6732b173f6f07ca4a,SV5_INFILL_ROOM_026b4248321dee685078,SV5_OPTIONAL_04,SV5_OPTIONAL_04,SV5_PLACE_11_E64745F7462770DD_PORT_IN,SV5_INFILL_ROOM_026b4248321dee685078_LINK:CONNECTOR,589,95,1,413b1926ec7546224d1912ae1ddc540f5aff116479c5a5703627f0917558f2a9,03502fb599d4b513036ade56d0eac06e8cbd5ade6a2adbf028d5e2e588a11bcd
EP_3ac0b481d03ab331e1c1f686,SV5_INFILL_ROOM_00c18a953b0a68c4097f,SV5_OPTIONAL_02,SV5_OPTIONAL_02,SV5_PLACE_02_248027C6A8E3699F_PORT_OUT,SV5_INFILL_ROOM_00c18a953b0a68c4097f_LINK:CONNECTOR,589,282,1,5654cd7bac5c7b456a5549d58536053dc71779ac91bfc777f5a501ad1b25abc4,03502fb599d4b513036ade56d0eac06e8cbd5ade6a2adbf028d5e2e588a11bcd
EP_2b02595bac21886c41f3b304,SV5_INFILL_ROOM_0dab25b86c4a80f558fb,SV5_OPTIONAL_04,SV5_OPTIONAL_04,SV5_PLACE_11_E64745F7462770DD_PORT_IN,SV5_INFILL_ROOM_0dab25b86c4a80f558fb_LINK:CONNECTOR,590,46,1,882ef2ee405ac1124bc899710d7953f3d6f09c9572863993b00a91a8c8e71dc3,03502fb599d4b513036ade56d0eac06e8cbd5ade6a2adbf028d5e2e588a11bcd
EP_e02d8d6709090e407266d6dc,SV5_INFILL_ROOM_0dab25b86c4a80f558fb,SV5_OPTIONAL_04,SV5_OPTIONAL_04,SV5_PLACE_11_E64745F7462770DD_PORT_IN,SV5_INFILL_ROOM_0dab25b86c4a80f558fb_LINK:CONNECTOR,590,46,-1,2ab13487d9e0efaf324f8859f404ada5a6a7e8965694d74dbe542bd6dc626808,03502fb599d4b513036ade56d0eac06e8cbd5ade6a2adbf028d5e2e588a11bcd
EP_0068570c31d494a4b8cdec31,SV5_INFILL_ROOM_026b4248321dee685078,SV5_OPTIONAL_04,SV5_OPTIONAL_04,SV5_PLACE_11_E64745F7462770DD_PORT_IN,SV5_INFILL_ROOM_026b4248321dee685078_LINK:CONNECTOR,590,96,1,58646e4e9436f21e6f95664d4b2ac8513495bcc711158c8605d55dbf153c35d2,03502fb599d4b513036ade56d0eac06e8cbd5ade6a2adbf028d5e2e588a11bcd
EP_e471ab6bc9ee69f721267d58,SV5_INFILL_ROOM_0dab25b86c4a80f558fb,SV5_OPTIONAL_04,SV5_OPTIONAL_04,SV5_PLACE_11_E64745F7462770DD_PORT_IN,SV5_INFILL_ROOM_0dab25b86c4a80f558fb_LINK:CONNECTOR,591,45,-1,22ed2e1ac0438c3e4ec62ab8494885a6ea5eb7c89e55dcc7d5e6a80913010412,03502fb599d4b513036ade56d0eac06e8cbd5ade6a2adbf028d5e2e588a11bcd
EP_b6d408006f9d15f59031d47e,SV5_INFILL_ROOM_026b4248321dee685078,SV5_OPTIONAL_04,SV5_OPTIONAL_04,SV5_PLACE_11_E64745F7462770DD_PORT_IN,SV5_INFILL_ROOM_026b4248321dee685078_LINK:CONNECTOR,591,97,1,0f5074d69a5c6c3bcdfa669165b2f0214c43fd3f547e6d5013709f08d6738b21,03502fb599d4b513036ade56d0eac06e8cbd5ade6a2adbf028d5e2e588a11bcd
EP_603249debcdad9c03550be0d,SV5_INFILL_ROOM_0dab25b86c4a80f558fb,SV5_OPTIONAL_04,SV5_OPTIONAL_04,SV5_PLACE_11_E64745F7462770DD_PORT_IN,SV5_INFILL_ROOM_0dab25b86c4a80f558fb_LINK:CONNECTOR,592,44,1,37400387ad74f33d1fd94f5d9d79d460f9b5e299edba9b6d71519385ebee0c5b,03502fb599d4b513036ade56d0eac06e8cbd5ade6a2adbf028d5e2e588a11bcd
EP_3577a44087c7220ece05c5f1,SV5_INFILL_ROOM_07e007d06ec3f751ba08,SV5_OPTIONAL_04,SV5_OPTIONAL_04,SV5_PLACE_11_E64745F7462770DD_PORT_IN,SV5_INFILL_ROOM_07e007d06ec3f751ba08_LINK:CONNECTOR,592,74,-1,17e738b384ba650f033b019c68276103f589a0be6db44f0f3144fa39695ee47a,03502fb599d4b513036ade56d0eac06e8cbd5ade6a2adbf028d5e2e588a11bcd
EP_13f8d31d0ec364b2df0ef034,SV5_INFILL_ROOM_026b4248321dee685078,SV5_OPTIONAL_04,SV5_OPTIONAL_04,SV5_PLACE_11_E64745F7462770DD_PORT_IN,SV5_INFILL_ROOM_026b4248321dee685078_LINK:CONNECTOR,592,98,-1,59ebef4640211d20a51d92fb2b9528d3a35f83c2dac28d5d29207c33690d2c31,03502fb599d4b513036ade56d0eac06e8cbd5ade6a2adbf028d5e2e588a11bcd
EP_e458aec7cda392eeb718c8ea,SV5_INFILL_ROOM_00c18a953b0a68c4097f,SV5_OPTIONAL_02,SV5_OPTIONAL_02,SV5_PLACE_02_248027C6A8E3699F_PORT_OUT,SV5_INFILL_ROOM_00c18a953b0a68c4097f_LINK:CONNECTOR,592,279,1,05ea74b59910663e77796e390bdeabd1b82be7e663ec8379712e3e634ec0e7ec,03502fb599d4b513036ade56d0eac06e8cbd5ade6a2adbf028d5e2e588a11bcd
EP_a223a9e173c8602b9e4d8f42,SV5_INFILL_ROOM_07e007d06ec3f751ba08,SV5_OPTIONAL_04,SV5_OPTIONAL_04,SV5_PLACE_11_E64745F7462770DD_PORT_IN,SV5_INFILL_ROOM_07e007d06ec3f751ba08_LINK:CONNECTOR,593,73,-1,15bb074a981ee0b407dfbe2cfca1929ca6da8d816b656bf25d7f43b05f2eccf8,03502fb599d4b513036ade56d0eac06e8cbd5ade6a2adbf028d5e2e588a11bcd
EP_33ac619cda95e7cccdaa1220,SV5_INFILL_ROOM_00c18a953b0a68c4097f,SV5_OPTIONAL_02,SV5_OPTIONAL_02,SV5_PLACE_02_248027C6A8E3699F_PORT_OUT,SV5_INFILL_ROOM_00c18a953b0a68c4097f_LINK:CONNECTOR,593,278,-1,33f6f6b83cadbccd2f8d0a9890e6b184f3372ecfe7677a1746fe4790c32d049b,03502fb599d4b513036ade56d0eac06e8cbd5ade6a2adbf028d5e2e588a11bcd
EP_26584f0921e2e5e06ffbd416,SV5_INFILL_ROOM_026b4248321dee685078,SV5_OPTIONAL_04,SV5_OPTIONAL_04,SV5_PLACE_11_E64745F7462770DD_PORT_IN,SV5_INFILL_ROOM_026b4248321dee685078_LINK:CONNECTOR,594,100,-1,1b33f37781dcf1ef3cef4e83b36a162560ec107d7ec12d160d46b68abe71eabb,03502fb599d4b513036ade56d0eac06e8cbd5ade6a2adbf028d5e2e588a11bcd
EP_20259fe9b88559dd16074017,SV5_INFILL_ROOM_07e007d06ec3f751ba08,SV5_OPTIONAL_04,SV5_OPTIONAL_04,SV5_PLACE_11_E64745F7462770DD_PORT_IN,SV5_INFILL_ROOM_07e007d06ec3f751ba08_LINK:CONNECTOR,595,71,1,11aac1b9a389b716056f115ed7aa6e350359ac01373a5976c689c2b1d12414f4,03502fb599d4b513036ade56d0eac06e8cbd5ade6a2adbf028d5e2e588a11bcd
EP_2a3d0b7166e8367d9524825c,SV5_INFILL_ROOM_026b4248321dee685078,SV5_OPTIONAL_04,SV5_OPTIONAL_04,SV5_PLACE_11_E64745F7462770DD_PORT_IN,SV5_INFILL_ROOM_026b4248321dee685078_LINK:CONNECTOR,595,101,-1,43b1324668bfe4f12883702ec59cbe4808511590418b7bb0b58a830099379f86,03502fb599d4b513036ade56d0eac06e8cbd5ade6a2adbf028d5e2e588a11bcd
EP_9ba3c1d5450636fba815fee4,SV5_INFILL_ROOM_07fb3ac254e765673737,SV5_OPTIONAL_04,SV5_OPTIONAL_04,SV5_PLACE_03_0F8471A53F911F6D_PORT_OUT,SV5_INFILL_ROOM_07fb3ac254e765673737:SMALL_CAVE,595,127,1,a7548bebc772e2be125713aa7c8ebe8c187801301d2ab9064b0a65605fdf24ee,03502fb599d4b513036ade56d0eac06e8cbd5ade6a2adbf028d5e2e588a11bcd
EP_621bed6fac10794eaacc6dc0,SV5_INFILL_ROOM_0d63595f6cd949c1a932,SV5_OPTIONAL_05,SV5_OPTIONAL_05,SV5_PLACE_11_E64745F7462770DD_PORT_OUT,SV5_INFILL_ROOM_0d63595f6cd949c1a932:DEAD_END,596,7,-1,5d91dba97e6b88be3928d9163154625a04703c07575cedc5e77b7849e4b95b07,03502fb599d4b513036ade56d0eac06e8cbd5ade6a2adbf028d5e2e588a11bcd
EP_26fcb01a7b00c704f1b6f361,SV5_INFILL_ROOM_026b4248321dee685078,SV5_OPTIONAL_04,SV5_OPTIONAL_04,SV5_PLACE_11_E64745F7462770DD_PORT_IN,SV5_INFILL_ROOM_026b4248321dee685078_LINK:CONNECTOR,596,102,-1,4af80892fdfc314ca75dc7ec597ba579eb865a4728805c135e14966935242da5,03502fb599d4b513036ade56d0eac06e8cbd5ade6a2adbf028d5e2e588a11bcd
EP_7ac245195640dae39acd146f,SV5_INFILL_ROOM_085ccdd2aab522478401,SV5_OPTIONAL_04,SV5_OPTIONAL_04,SV5_PLACE_03_0F8471A53F911F6D_PORT_OUT,SV5_INFILL_ROOM_085ccdd2aab522478401_LINK:CONNECTOR,596,126,1,693a93ec8d4fa63d07d3e5ce98195c1e5d27a66e71183f853e71f3f471deafee,03502fb599d4b513036ade56d0eac06e8cbd5ade6a2adbf028d5e2e588a11bcd
EP_3d401f895374c02f2dac1e46,SV5_INFILL_ROOM_07e007d06ec3f751ba08,SV5_OPTIONAL_04,SV5_OPTIONAL_04,SV5_PLACE_11_E64745F7462770DD_PORT_IN,SV5_INFILL_ROOM_07e007d06ec3f751ba08_LINK:CONNECTOR,597,69,-1,1a64f09124313e5a38a8ec529bc10a1b52ab642cc3e83b4837a0096b5fc57dbc,03502fb599d4b513036ade56d0eac06e8cbd5ade6a2adbf028d5e2e588a11bcd
EP_7a915830907d5c1bd3bb1808,SV5_INFILL_ROOM_07e007d06ec3f751ba08,SV5_OPTIONAL_04,SV5_OPTIONAL_04,SV5_PLACE_11_E64745F7462770DD_PORT_IN,SV5_INFILL_ROOM_07e007d06ec3f751ba08_LINK:CONNECTOR,597,69,1,0b33cb5908d8333a44966b61208a16a850d2ff2b1a65aebf026709da2edfb608,03502fb599d4b513036ade56d0eac06e8cbd5ade6a2adbf028d5e2e588a11bcd
EP_395fcaeec2551f42956f5b99,SV5_INFILL_ROOM_085ccdd2aab522478401,SV5_OPTIONAL_04,SV5_OPTIONAL_04,SV5_PLACE_03_0F8471A53F911F6D_PORT_OUT,SV5_INFILL_ROOM_085ccdd2aab522478401_LINK:CONNECTOR,597,125,1,a1ff417df46e59724ac040a55d9bd9478d477adbc508003ec43b5dfe5b4c957b,03502fb599d4b513036ade56d0eac06e8cbd5ade6a2adbf028d5e2e588a11bcd
EP_7b94229cd9aab4a12d2a04ea,SV5_INFILL_ROOM_07e007d06ec3f751ba08,SV5_OPTIONAL_04,SV5_OPTIONAL_04,SV5_PLACE_11_E64745F7462770DD_PORT_IN,SV5_INFILL_ROOM_07e007d06ec3f751ba08_LINK:CONNECTOR,598,68,1,2838aab71ebcd29a6dcce5049c8b44470ac4b2288bb2486e70845c7d72e52181,03502fb599d4b513036ade56d0eac06e8cbd5ade6a2adbf028d5e2e588a11bcd
EP_b699c9ce6b4429ce21054579,SV5_INFILL_ROOM_07e007d06ec3f751ba08,SV5_OPTIONAL_04,SV5_OPTIONAL_04,SV5_PLACE_11_E64745F7462770DD_PORT_IN,SV5_INFILL_ROOM_07e007d06ec3f751ba08_LINK:CONNECTOR,598,68,-1,3c122c9fdc65d976d7436ec3e261b8216973539af4b1278bc3b2a4cc39d60557,03502fb599d4b513036ade56d0eac06e8cbd5ade6a2adbf028d5e2e588a11bcd
EP_c5194324a0381d4a25fa3904,SV5_INFILL_ROOM_085ccdd2aab522478401,SV5_OPTIONAL_04,SV5_OPTIONAL_04,SV5_PLACE_03_0F8471A53F911F6D_PORT_OUT,SV5_INFILL_ROOM_085ccdd2aab522478401_LINK:CONNECTOR,598,124,-1,5216f7b58d5d13f7e26d1db17b43026cb231b436daf9356e7a2c04291f8c7791,03502fb599d4b513036ade56d0eac06e8cbd5ade6a2adbf028d5e2e588a11bcd
EP_dd55dcc80fcf21a5a50fdba7,SV5_INFILL_ROOM_085ccdd2aab522478401,SV5_OPTIONAL_04,SV5_OPTIONAL_04,SV5_PLACE_03_0F8471A53F911F6D_PORT_OUT,SV5_INFILL_ROOM_085ccdd2aab522478401_LINK:CONNECTOR,598,124,1,a9869a0bd1de81eef0dfd500857d36ca29c633ac0542462e6e1c1d04b0e419ad,03502fb599d4b513036ade56d0eac06e8cbd5ade6a2adbf028d5e2e588a11bcd
EP_2bbf2a121d2cc99f8608fb43,SV5_INFILL_ROOM_014ea698f88348a9d9a6,SV5_OPTIONAL_03,SV5_OPTIONAL_03,SV5_PLACE_03_0F8471A53F911F6D_PORT_IN,SV5_INFILL_ROOM_014ea698f88348a9d9a6:DEAD_END,599,247,1,3e8bbfa5aaec4a73224226cadc8353cdd4f4c110565864ee40d8d089a6184b9c,03502fb599d4b513036ade56d0eac06e8cbd5ade6a2adbf028d5e2e588a11bcd
EP_3e0649ae3ed8d8f83719cb46,SV5_INFILL_ROOM_085ccdd2aab522478401,SV5_OPTIONAL_04,SV5_OPTIONAL_04,SV5_PLACE_03_0F8471A53F911F6D_PORT_OUT,SV5_INFILL_ROOM_085ccdd2aab522478401_LINK:CONNECTOR,600,122,-1,b5dbe8d8de517ccabdc9e6b45d3b239f1469c1b0f91c50656b8dcd19cdf7ec8b,03502fb599d4b513036ade56d0eac06e8cbd5ade6a2adbf028d5e2e588a11bcd
EP_e6565cebc6e0fc11b2ce447c,SV5_INFILL_ROOM_085ccdd2aab522478401,SV5_OPTIONAL_04,SV5_OPTIONAL_04,SV5_PLACE_03_0F8471A53F911F6D_PORT_OUT,SV5_INFILL_ROOM_085ccdd2aab522478401_LINK:CONNECTOR,600,122,1,38c6d4b8bd92c1732ce93cb9c34dedd2583b12252e22adebed06187bbdfd0453,03502fb599d4b513036ade56d0eac06e8cbd5ade6a2adbf028d5e2e588a11bcd
EP_042267865f7b8e89348e7185,SV5_INFILL_ROOM_41d8d12437f0a0253f28,SV5_OPTIONAL_03,SV5_OPTIONAL_03,SV5_PLACE_03_0F8471A53F911F6D_PORT_IN,SV5_INFILL_ROOM_41d8d12437f0a0253f28_LINK:CONNECTOR,600,248,1,cefb2670917f372952ce4ce8da8928a984dc5d77310bcf778cacf2f85535c3c8,03502fb599d4b513036ade56d0eac06e8cbd5ade6a2adbf028d5e2e588a11bcd
EP_a6a575e7b2837cde3787d2cf,SV5_INFILL_ROOM_41d8d12437f0a0253f28,SV5_OPTIONAL_03,SV5_OPTIONAL_03,SV5_PLACE_03_0F8471A53F911F6D_PORT_IN,SV5_INFILL_ROOM_41d8d12437f0a0253f28_LINK:CONNECTOR,600,248,-1,a5f7274d951b0d707fcc3c09606ecadc36515fce377225865200792452dd8233,03502fb599d4b513036ade56d0eac06e8cbd5ade6a2adbf028d5e2e588a11bcd
EP_55fa8261f786c68ff6b73f43,SV5_INFILL_ROOM_07e007d06ec3f751ba08,SV5_OPTIONAL_04,SV5_OPTIONAL_04,SV5_PLACE_11_E64745F7462770DD_PORT_IN,SV5_INFILL_ROOM_07e007d06ec3f751ba08_LINK:CONNECTOR,601,67,-1,3271e5a547b8449611f19bad09a32fc46f40244e755cad2ec6aaaa32253db5b4,03502fb599d4b513036ade56d0eac06e8cbd5ade6a2adbf028d5e2e588a11bcd
EP_44397bcd741977dab00e4f9b,SV5_INFILL_ROOM_085ccdd2aab522478401,SV5_OPTIONAL_04,SV5_OPTIONAL_04,SV5_PLACE_03_0F8471A53F911F6D_PORT_OUT,SV5_INFILL_ROOM_085ccdd2aab522478401_LINK:CONNECTOR,601,121,-1,b2c5568f731fcd109cf9b422a97ae31538dd676e0405dd2716ee91850f86daac,03502fb599d4b513036ade56d0eac06e8cbd5ade6a2adbf028d5e2e588a11bcd
EP_d3ee3c39263a78c789ee359b,SV5_INFILL_ROOM_41d8d12437f0a0253f28,SV5_OPTIONAL_03,SV5_OPTIONAL_03,SV5_PLACE_03_0F8471A53F911F6D_PORT_IN,SV5_INFILL_ROOM_41d8d12437f0a0253f28_LINK:CONNECTOR,601,249,-1,88286a9e005d7894076cc583d68e079f6d49562f410782dd906dae7f7bd6664e,03502fb599d4b513036ade56d0eac06e8cbd5ade6a2adbf028d5e2e588a11bcd
EP_fde69876fe7092e4b06add30,SV5_INFILL_ROOM_41d8d12437f0a0253f28,SV5_OPTIONAL_03,SV5_OPTIONAL_03,SV5_PLACE_03_0F8471A53F911F6D_PORT_IN,SV5_INFILL_ROOM_41d8d12437f0a0253f28_LINK:CONNECTOR,601,249,1,bf4f0856e58315c6a431a44905ed950a833e5858772b37479bcca08a4f053954,03502fb599d4b513036ade56d0eac06e8cbd5ade6a2adbf028d5e2e588a11bcd
EP_320edce47791f50dc3be7eff,SV5_INFILL_ROOM_014900279cc1ebc8f1c2,SV5_OPTIONAL_02,SV5_OPTIONAL_02,SV5_PLACE_07_5EB723EDC1DC3862_PORT_IN,SV5_INFILL_ROOM_014900279cc1ebc8f1c2_LINK:CONNECTOR,601,311,1,9757f4e0b4d69916558d7064172e9ee09cea041baebf5a9ed96df704cb9f01de,03502fb599d4b513036ade56d0eac06e8cbd5ade6a2adbf028d5e2e588a11bcd
EP_61374eec2f5110b92d305f00,SV5_INFILL_ROOM_016e566fdda939779b86,SV5_OPTIONAL_03,SV5_OPTIONAL_03,SV5_PLACE_07_5EB723EDC1DC3862_PORT_OUT,SV5_INFILL_ROOM_016e566fdda939779b86_LINK:CONNECTOR,601,351,1,8e14cf202836f1ca6e7f42e7bc0e13a3d0df80b8baa56e1793271c0d927ae82d,03502fb599d4b513036ade56d0eac06e8cbd5ade6a2adbf028d5e2e588a11bcd
EP_1d5c99367d0c9cff403e88eb,SV5_INFILL_ROOM_41d8d12437f0a0253f28,SV5_OPTIONAL_03,SV5_OPTIONAL_03,SV5_PLACE_03_0F8471A53F911F6D_PORT_IN,SV5_INFILL_ROOM_41d8d12437f0a0253f28_LINK:CONNECTOR,602,250,-1,edbfbfd8f9167dca35b54fc3924d1b38fe215cd55261a339e0e4d7612f0146a5,03502fb599d4b513036ade56d0eac06e8cbd5ade6a2adbf028d5e2e588a11bcd
EP_1c8d3bc4edbc8d75f8a2da94,SV5_INFILL_ROOM_085ccdd2aab522478401,SV5_OPTIONAL_04,SV5_OPTIONAL_04,SV5_PLACE_03_0F8471A53F911F6D_PORT_OUT,SV5_INFILL_ROOM_085ccdd2aab522478401_LINK:CONNECTOR,603,119,-1,a6f87b9e70b68acf136c4af3a1984e89cd575ee3243aa6d330e27be922ba728e,03502fb599d4b513036ade56d0eac06e8cbd5ade6a2adbf028d5e2e588a11bcd
EP_fe597a97362d3e6b4e95cd85,SV5_INFILL_ROOM_41d8d12437f0a0253f28,SV5_OPTIONAL_03,SV5_OPTIONAL_03,SV5_PLACE_03_0F8471A53F911F6D_PORT_IN,SV5_INFILL_ROOM_41d8d12437f0a0253f28:DEAD_END,604,251,-1,3a378c3b25effc64c04412ce225ff7fe339963d959bc49cde47d5aa6db4a136d,03502fb599d4b513036ade56d0eac06e8cbd5ade6a2adbf028d5e2e588a11bcd
