hub_id,x,y,cell_role,micro_x,micro_y,micro_pattern_owner,source_value,final_value,plan_digest
SV5_HUB_28af5221504bbe547fe5,184,248,SOLID,46,62,SV5_HUB_28af5221504bbe547fe5@46:62,UNKNOWN,SOLID,8b4e71be724a084e25699799da11596206b2fc4c84299bd84f1e8e0dc68a0baa
SV5_HUB_28af5221504bbe547fe5,185,248,SOLID,46,62,SV5_HUB_28af5221504bbe547fe5@46:62,UNKNOWN,SOLID,8b4e71be724a084e25699799da11596206b2fc4c84299bd84f1e8e0dc68a0baa
SV5_HUB_28af5221504bbe547fe5,186,248,SOLID,46,62,SV5_HUB_28af5221504bbe547fe5@46:62,UNKNOWN,SOLID,8b4e71be724a084e25699799da11596206b2fc4c84299bd84f1e8e0dc68a0baa
SV5_HUB_28af5221504bbe547fe5,187,248,SOLID,46,62,SV5_HUB_28af5221504bbe547fe5@46:62,UNKNOWN,SOLID,8b4e71be724a084e25699799da11596206b2fc4c84299bd84f1e8e0dc68a0baa
SV5_HUB_28af5221504bbe547fe5,188,248,SOLID,47,62,SV5_HUB_28af5221504bbe547fe5@47:62,UNKNOWN,SOLID,8b4e71be724a084e25699799da11596206b2fc4c84299bd84f1e8e0dc68a0baa
SV5_HUB_28af5221504bbe547fe5,189,248,SOLID,47,62,SV5_HUB_28af5221504bbe547fe5@47:62,UNKNOWN,SOLID,8b4e71be724a084e25699799da11596206b2fc4c84299bd84f1e8e0dc68a0baa
SV5_HUB_28af5221504bbe547fe5,190,248,SOLID,47,62,SV5_HUB_28af5221504bbe547fe5@47:62,UNKNOWN,SOLID,8b4e71be724a084e25699799da11596206b2fc4c84299bd84f1e8e0dc68a0baa
SV5_HUB_28af5221504bbe547fe5,191,248,SOLID,47,62,SV5_HUB_28af5221504bbe547fe5@47:62,UNKNOWN,SOLID,8b4e71be724a084e25699799da11596206b2fc4c84299bd84f1e8e0dc68a0baa
SV5_HUB_28af5221504bbe547fe5,192,248,SOLID,48,62,SV5_HUB_28af5221504bbe547fe5@48:62,UNKNOWN,SOLID,8b4e71be724a084e25699799da11596206b2fc4c84299bd84f1e8e0dc68a0baa
SV5_HUB_28af5221504bbe547fe5,193,248,SOLID,48,62,SV5_HUB_28af5221504bbe547fe5@48:62,UNKNOWN,SOLID,8b4e71be724a084e25699799da11596206b2fc4c84299bd84f1e8e0dc68a0baa
SV5_HUB_28af5221504bbe547fe5,194,248,SOLID,48,62,SV5_HUB_28af5221504bbe547fe5@48:62,UNKNOWN,SOLID,8b4e71be724a084e25699799da11596206b2fc4c84299bd84f1e8e0dc68a0baa
SV5_HUB_28af5221504bbe547fe5,195,248,SOLID,48,62,SV5_HUB_28af5221504bbe547fe5@48:62,UNKNOWN,SOLID,8b4e71be724a084e25699799da11596206b2fc4c84299bd84f1e8e0dc68a0baa
SV5_HUB_28af5221504bbe547fe5,196,248,SOLID,49,62,SV5_HUB_28af5221504bbe547fe5@49:62,UNKNOWN,SOLID,8b4e71be724a084e25699799da11596206b2fc4c84299bd84f1e8e0dc68a0baa
SV5_HUB_28af5221504bbe547fe5,197,248,SOLID,49,62,SV5_HUB_28af5221504bbe547fe5@49:62,UNKNOWN,SOLID,8b4e71be724a084e25699799da11596206b2fc4c84299bd84f1e8e0dc68a0baa
SV5_HUB_28af5221504bbe547fe5,198,248,SOLID,49,62,SV5_HUB_28af5221504bbe547fe5@49:62,UNKNOWN,SOLID,8b4e71be724a084e25699799da11596206b2fc4c84299bd84f1e8e0dc68a0baa
SV5_HUB_28af5221504bbe547fe5,199,248,SOLID,49,62,SV5_HUB_28af5221504bbe547fe5@49:62,UNKNOWN,SOLID,8b4e71be724a084e25699799da11596206b2fc4c84299bd84f1e8e0dc68a0baa
SV5_HUB_28af5221504bbe547fe5,200,248,SOLID,50,62,SV5_HUB_28af5221504bbe547fe5@50:62,UNKNOWN,SOLID,8b4e71be724a084e25699799da11596206b2fc4c84299bd84f1e8e0dc68a0baa
SV5_HUB_28af5221504bbe547fe5,201,248,SOLID,50,62,SV5_HUB_28af5221504bbe547fe5@50:62,UNKNOWN,SOLID,8b4e71be724a084e25699799da11596206b2fc4c84299bd84f1e8e0dc68a0baa
SV5_HUB_28af5221504bbe547fe5,202,248,SOLID,50,62,SV5_HUB_28af5221504bbe547fe5@50:62,UNKNOWN,SOLID,8b4e71be724a084e25699799da11596206b2fc4c84299bd84f1e8e0dc68a0baa
SV5_HUB_28af5221504bbe547fe5,203,248,SOLID,50,62,SV5_HUB_28af5221504bbe547fe5@50:62,UNKNOWN,SOLID,8b4e71be724a084e25699799da11596206b2fc4c84299bd84f1e8e0dc68a0baa
SV5_HUB_28af5221504bbe547fe5,204,248,SOLID,51,62,SV5_HUB_28af5221504bbe547fe5@51:62,UNKNOWN,SOLID,8b4e71be724a084e25699799da11596206b2fc4c84299bd84f1e8e0dc68a0baa
SV5_HUB_28af5221504bbe547fe5,205,248,SOLID,51,62,SV5_HUB_28af5221504bbe547fe5@51:62,UNKNOWN,SOLID,8b4e71be724a084e25699799da11596206b2fc4c84299bd84f1e8e0dc68a0baa
SV5_HUB_28af5221504bbe547fe5,206,248,SOLID,51,62,SV5_HUB_28af5221504bbe547fe5@51:62,UNKNOWN,SOLID,8b4e71be724a084e25699799da11596206b2fc4c84299bd84f1e8e0dc68a0baa
SV5_HUB_28af5221504bbe547fe5,207,248,SOLID,51,62,SV5_HUB_28af5221504bbe547fe5@51:62,UNKNOWN,SOLID,8b4e71be724a084e25699799da11596206b2fc4c84299bd84f1e8e0dc68a0baa
SV5_HUB_28af5221504bbe547fe5,184,249,SOLID,46,62,SV5_HUB_28af5221504bbe547fe5@46:62,UNKNOWN,SOLID,8b4e71be724a084e25699799da11596206b2fc4c84299bd84f1e8e0dc68a0baa
SV5_HUB_28af5221504bbe547fe5,185,249,SOLID,46,62,SV5_HUB_28af5221504bbe547fe5@46:62,UNKNOWN,SOLID,8b4e71be724a084e25699799da11596206b2fc4c84299bd84f1e8e0dc68a0baa
SV5_HUB_28af5221504bbe547fe5,186,249,SOLID,46,62,SV5_HUB_28af5221504bbe547fe5@46:62,UNKNOWN,SOLID,8b4e71be724a084e25699799da11596206b2fc4c84299bd84f1e8e0dc68a0baa
SV5_HUB_28af5221504bbe547fe5,187,249,SOLID,46,62,SV5_HUB_28af5221504bbe547fe5@46:62,UNKNOWN,SOLID,8b4e71be724a084e25699799da11596206b2fc4c84299bd84f1e8e0dc68a0baa
SV5_HUB_28af5221504bbe547fe5,188,249,SOLID,47,62,SV5_HUB_28af5221504bbe547fe5@47:62,UNKNOWN,SOLID,8b4e71be724a084e25699799da11596206b2fc4c84299bd84f1e8e0dc68a0baa
SV5_HUB_28af5221504bbe547fe5,189,249,SOLID,47,62,SV5_HUB_28af5221504bbe547fe5@47:62,UNKNOWN,SOLID,8b4e71be724a084e25699799da11596206b2fc4c84299bd84f1e8e0dc68a0baa
SV5_HUB_28af5221504bbe547fe5,190,249,SOLID,47,62,SV5_HUB_28af5221504bbe547fe5@47:62,UNKNOWN,SOLID,8b4e71be724a084e25699799da11596206b2fc4c84299bd84f1e8e0dc68a0baa
SV5_HUB_28af5221504bbe547fe5,191,249,SOLID,47,62,SV5_HUB_28af5221504bbe547fe5@47:62,UNKNOWN,SOLID,8b4e71be724a084e25699799da11596206b2fc4c84299bd84f1e8e0dc68a0baa
SV5_HUB_28af5221504bbe547fe5,192,249,SOLID,48,62,SV5_HUB_28af5221504bbe547fe5@48:62,UNKNOWN,SOLID,8b4e71be724a084e25699799da11596206b2fc4c84299bd84f1e8e0dc68a0baa
SV5_HUB_28af5221504bbe547fe5,193,249,SOLID,48,62,SV5_HUB_28af5221504bbe547fe5@48:62,UNKNOWN,SOLID,8b4e71be724a084e25699799da11596206b2fc4c84299bd84f1e8e0dc68a0baa
SV5_HUB_28af5221504bbe547fe5,194,249,SOLID,48,62,SV5_HUB_28af5221504bbe547fe5@48:62,UNKNOWN,SOLID,8b4e71be724a084e25699799da11596206b2fc4c84299bd84f1e8e0dc68a0baa
SV5_HUB_28af5221504bbe547fe5,195,249,SOLID,48,62,SV5_HUB_28af5221504bbe547fe5@48:62,UNKNOWN,SOLID,8b4e71be724a084e25699799da11596206b2fc4c84299bd84f1e8e0dc68a0baa
SV5_HUB_28af5221504bbe547fe5,196,249,SOLID,49,62,SV5_HUB_28af5221504bbe547fe5@49:62,UNKNOWN,SOLID,8b4e71be724a084e25699799da11596206b2fc4c84299bd84f1e8e0dc68a0baa
SV5_HUB_28af5221504bbe547fe5,197,249,SOLID,49,62,SV5_HUB_28af5221504bbe547fe5@49:62,UNKNOWN,SOLID,8b4e71be724a084e25699799da11596206b2fc4c84299bd84f1e8e0dc68a0baa
SV5_HUB_28af5221504bbe547fe5,198,249,SOLID,49,62,SV5_HUB_28af5221504bbe547fe5@49:62,UNKNOWN,SOLID,8b4e71be724a084e25699799da11596206b2fc4c84299bd84f1e8e0dc68a0baa
SV5_HUB_28af5221504bbe547fe5,199,249,SOLID,49,62,SV5_HUB_28af5221504bbe547fe5@49:62,UNKNOWN,SOLID,8b4e71be724a084e25699799da11596206b2fc4c84299bd84f1e8e0dc68a0baa
SV5_HUB_28af5221504bbe547fe5,200,249,SOLID,50,62,SV5_HUB_28af5221504bbe547fe5@50:62,UNKNOWN,SOLID,8b4e71be724a084e25699799da11596206b2fc4c84299bd84f1e8e0dc68a0baa
SV5_HUB_28af5221504bbe547fe5,201,249,SOLID,50,62,SV5_HUB_28af5221504bbe547fe5@50:62,UNKNOWN,SOLID,8b4e71be724a084e25699799da11596206b2fc4c84299bd84f1e8e0dc68a0baa
SV5_HUB_28af5221504bbe547fe5,202,249,SOLID,50,62,SV5_HUB_28af5221504bbe547fe5@50:62,UNKNOWN,SOLID,8b4e71be724a084e25699799da11596206b2fc4c84299bd84f1e8e0dc68a0baa
SV5_HUB_28af5221504bbe547fe5,203,249,SOLID,50,62,SV5_HUB_28af5221504bbe547fe5@50:62,UNKNOWN,SOLID,8b4e71be724a084e25699799da11596206b2fc4c84299bd84f1e8e0dc68a0baa
SV5_HUB_28af5221504bbe547fe5,204,249,SOLID,51,62,SV5_HUB_28af5221504bbe547fe5@51:62,UNKNOWN,SOLID,8b4e71be724a084e25699799da11596206b2fc4c84299bd84f1e8e0dc68a0baa
SV5_HUB_28af5221504bbe547fe5,205,249,SOLID,51,62,SV5_HUB_28af5221504bbe547fe5@51:62,UNKNOWN,SOLID,8b4e71be724a084e25699799da11596206b2fc4c84299bd84f1e8e0dc68a0baa
SV5_HUB_28af5221504bbe547fe5,206,249,SOLID,51,62,SV5_HUB_28af5221504bbe547fe5@51:62,UNKNOWN,SOLID,8b4e71be724a084e25699799da11596206b2fc4c84299bd84f1e8e0dc68a0baa
SV5_HUB_28af5221504bbe547fe5,207,249,SOLID,51,62,SV5_HUB_28af5221504bbe547fe5@51:62,UNKNOWN,SOLID,8b4e71be724a084e25699799da11596206b2fc4c84299bd84f1e8e0dc68a0baa
SV5_HUB_28af5221504bbe547fe5,184,250,SOLID,46,62,SV5_HUB_28af5221504bbe547fe5@46:62,UNKNOWN,SOLID,8b4e71be724a084e25699799da11596206b2fc4c84299bd84f1e8e0dc68a0baa
SV5_HUB_28af5221504bbe547fe5,185,250,SOLID,46,62,SV5_HUB_28af5221504bbe547fe5@46:62,UNKNOWN,SOLID,8b4e71be724a084e25699799da11596206b2fc4c84299bd84f1e8e0dc68a0baa
SV5_HUB_28af5221504bbe547fe5,186,250,SOLID,46,62,SV5_HUB_28af5221504bbe547fe5@46:62,UNKNOWN,SOLID,8b4e71be724a084e25699799da11596206b2fc4c84299bd84f1e8e0dc68a0baa
SV5_HUB_28af5221504bbe547fe5,187,250,SOLID,46,62,SV5_HUB_28af5221504bbe547fe5@46:62,UNKNOWN,SOLID,8b4e71be724a084e25699799da11596206b2fc4c84299bd84f1e8e0dc68a0baa
SV5_HUB_28af5221504bbe547fe5,188,250,SOLID,47,62,SV5_HUB_28af5221504bbe547fe5@47:62,UNKNOWN,SOLID,8b4e71be724a084e25699799da11596206b2fc4c84299bd84f1e8e0dc68a0baa
SV5_HUB_28af5221504bbe547fe5,189,250,SOLID,47,62,SV5_HUB_28af5221504bbe547fe5@47:62,UNKNOWN,SOLID,8b4e71be724a084e25699799da11596206b2fc4c84299bd84f1e8e0dc68a0baa
SV5_HUB_28af5221504bbe547fe5,190,250,SOLID,47,62,SV5_HUB_28af5221504bbe547fe5@47:62,UNKNOWN,SOLID,8b4e71be724a084e25699799da11596206b2fc4c84299bd84f1e8e0dc68a0baa
SV5_HUB_28af5221504bbe547fe5,191,250,SOLID,47,62,SV5_HUB_28af5221504bbe547fe5@47:62,UNKNOWN,SOLID,8b4e71be724a084e25699799da11596206b2fc4c84299bd84f1e8e0dc68a0baa
SV5_HUB_28af5221504bbe547fe5,192,250,SOLID,48,62,SV5_HUB_28af5221504bbe547fe5@48:62,UNKNOWN,SOLID,8b4e71be724a084e25699799da11596206b2fc4c84299bd84f1e8e0dc68a0baa
SV5_HUB_28af5221504bbe547fe5,193,250,SOLID,48,62,SV5_HUB_28af5221504bbe547fe5@48:62,UNKNOWN,SOLID,8b4e71be724a084e25699799da11596206b2fc4c84299bd84f1e8e0dc68a0baa
SV5_HUB_28af5221504bbe547fe5,194,250,SOLID,48,62,SV5_HUB_28af5221504bbe547fe5@48:62,UNKNOWN,SOLID,8b4e71be724a084e25699799da11596206b2fc4c84299bd84f1e8e0dc68a0baa
SV5_HUB_28af5221504bbe547fe5,195,250,SOLID,48,62,SV5_HUB_28af5221504bbe547fe5@48:62,UNKNOWN,SOLID,8b4e71be724a084e25699799da11596206b2fc4c84299bd84f1e8e0dc68a0baa
SV5_HUB_28af5221504bbe547fe5,196,250,SOLID,49,62,SV5_HUB_28af5221504bbe547fe5@49:62,UNKNOWN,SOLID,8b4e71be724a084e25699799da11596206b2fc4c84299bd84f1e8e0dc68a0baa
SV5_HUB_28af5221504bbe547fe5,197,250,SOLID,49,62,SV5_HUB_28af5221504bbe547fe5@49:62,UNKNOWN,SOLID,8b4e71be724a084e25699799da11596206b2fc4c84299bd84f1e8e0dc68a0baa
SV5_HUB_28af5221504bbe547fe5,198,250,SOLID,49,62,SV5_HUB_28af5221504bbe547fe5@49:62,UNKNOWN,SOLID,8b4e71be724a084e25699799da11596206b2fc4c84299bd84f1e8e0dc68a0baa
SV5_HUB_28af5221504bbe547fe5,199,250,SOLID,49,62,SV5_HUB_28af5221504bbe547fe5@49:62,UNKNOWN,SOLID,8b4e71be724a084e25699799da11596206b2fc4c84299bd84f1e8e0dc68a0baa
SV5_HUB_28af5221504bbe547fe5,200,250,SOLID,50,62,SV5_HUB_28af5221504bbe547fe5@50:62,UNKNOWN,SOLID,8b4e71be724a084e25699799da11596206b2fc4c84299bd84f1e8e0dc68a0baa
SV5_HUB_28af5221504bbe547fe5,201,250,SOLID,50,62,SV5_HUB_28af5221504bbe547fe5@50:62,UNKNOWN,SOLID,8b4e71be724a084e25699799da11596206b2fc4c84299bd84f1e8e0dc68a0baa
SV5_HUB_28af5221504bbe547fe5,202,250,SOLID,50,62,SV5_HUB_28af5221504bbe547fe5@50:62,UNKNOWN,SOLID,8b4e71be724a084e25699799da11596206b2fc4c84299bd84f1e8e0dc68a0baa
SV5_HUB_28af5221504bbe547fe5,203,250,SOLID,50,62,SV5_HUB_28af5221504bbe547fe5@50:62,UNKNOWN,SOLID,8b4e71be724a084e25699799da11596206b2fc4c84299bd84f1e8e0dc68a0baa
SV5_HUB_28af5221504bbe547fe5,204,250,SOLID,51,62,SV5_HUB_28af5221504bbe547fe5@51:62,UNKNOWN,SOLID,8b4e71be724a084e25699799da11596206b2fc4c84299bd84f1e8e0dc68a0baa
SV5_HUB_28af5221504bbe547fe5,205,250,SOLID,51,62,SV5_HUB_28af5221504bbe547fe5@51:62,UNKNOWN,SOLID,8b4e71be724a084e25699799da11596206b2fc4c84299bd84f1e8e0dc68a0baa
SV5_HUB_28af5221504bbe547fe5,206,250,SOLID,51,62,SV5_HUB_28af5221504bbe547fe5@51:62,UNKNOWN,SOLID,8b4e71be724a084e25699799da11596206b2fc4c84299bd84f1e8e0dc68a0baa
SV5_HUB_28af5221504bbe547fe5,207,250,SOLID,51,62,SV5_HUB_28af5221504bbe547fe5@51:62,UNKNOWN,SOLID,8b4e71be724a084e25699799da11596206b2fc4c84299bd84f1e8e0dc68a0baa
SV5_HUB_28af5221504bbe547fe5,184,251,SOLID,46,62,SV5_HUB_28af5221504bbe547fe5@46:62,UNKNOWN,SOLID,8b4e71be724a084e25699799da11596206b2fc4c84299bd84f1e8e0dc68a0baa
SV5_HUB_28af5221504bbe547fe5,185,251,SOLID,46,62,SV5_HUB_28af5221504bbe547fe5@46:62,UNKNOWN,SOLID,8b4e71be724a084e25699799da11596206b2fc4c84299bd84f1e8e0dc68a0baa
SV5_HUB_28af5221504bbe547fe5,186,251,SOLID,46,62,SV5_HUB_28af5221504bbe547fe5@46:62,UNKNOWN,SOLID,8b4e71be724a084e25699799da11596206b2fc4c84299bd84f1e8e0dc68a0baa
SV5_HUB_28af5221504bbe547fe5,187,251,SOLID,46,62,SV5_HUB_28af5221504bbe547fe5@46:62,UNKNOWN,SOLID,8b4e71be724a084e25699799da11596206b2fc4c84299bd84f1e8e0dc68a0baa
SV5_HUB_28af5221504bbe547fe5,188,251,SOLID,47,62,SV5_HUB_28af5221504bbe547fe5@47:62,UNKNOWN,SOLID,8b4e71be724a084e25699799da11596206b2fc4c84299bd84f1e8e0dc68a0baa
SV5_HUB_28af5221504bbe547fe5,189,251,SOLID,47,62,SV5_HUB_28af5221504bbe547fe5@47:62,UNKNOWN,SOLID,8b4e71be724a084e25699799da11596206b2fc4c84299bd84f1e8e0dc68a0baa
SV5_HUB_28af5221504bbe547fe5,190,251,SOLID,47,62,SV5_HUB_28af5221504bbe547fe5@47:62,UNKNOWN,SOLID,8b4e71be724a084e25699799da11596206b2fc4c84299bd84f1e8e0dc68a0baa
SV5_HUB_28af5221504bbe547fe5,191,251,SOLID,47,62,SV5_HUB_28af5221504bbe547fe5@47:62,UNKNOWN,SOLID,8b4e71be724a084e25699799da11596206b2fc4c84299bd84f1e8e0dc68a0baa
SV5_HUB_28af5221504bbe547fe5,192,251,SOLID,48,62,SV5_HUB_28af5221504bbe547fe5@48:62,UNKNOWN,SOLID,8b4e71be724a084e25699799da11596206b2fc4c84299bd84f1e8e0dc68a0baa
SV5_HUB_28af5221504bbe547fe5,193,251,SOLID,48,62,SV5_HUB_28af5221504bbe547fe5@48:62,UNKNOWN,SOLID,8b4e71be724a084e25699799da11596206b2fc4c84299bd84f1e8e0dc68a0baa
SV5_HUB_28af5221504bbe547fe5,194,251,SOLID,48,62,SV5_HUB_28af5221504bbe547fe5@48:62,UNKNOWN,SOLID,8b4e71be724a084e25699799da11596206b2fc4c84299bd84f1e8e0dc68a0baa
SV5_HUB_28af5221504bbe547fe5,195,251,SOLID,48,62,SV5_HUB_28af5221504bbe547fe5@48:62,UNKNOWN,SOLID,8b4e71be724a084e25699799da11596206b2fc4c84299bd84f1e8e0dc68a0baa
SV5_HUB_28af5221504bbe547fe5,196,251,SOLID,49,62,SV5_HUB_28af5221504bbe547fe5@49:62,UNKNOWN,SOLID,8b4e71be724a084e25699799da11596206b2fc4c84299bd84f1e8e0dc68a0baa
SV5_HUB_28af5221504bbe547fe5,197,251,SOLID,49,62,SV5_HUB_28af5221504bbe547fe5@49:62,UNKNOWN,SOLID,8b4e71be724a084e25699799da11596206b2fc4c84299bd84f1e8e0dc68a0baa
SV5_HUB_28af5221504bbe547fe5,198,251,SOLID,49,62,SV5_HUB_28af5221504bbe547fe5@49:62,UNKNOWN,SOLID,8b4e71be724a084e25699799da11596206b2fc4c84299bd84f1e8e0dc68a0baa
SV5_HUB_28af5221504bbe547fe5,199,251,SOLID,49,62,SV5_HUB_28af5221504bbe547fe5@49:62,UNKNOWN,SOLID,8b4e71be724a084e25699799da11596206b2fc4c84299bd84f1e8e0dc68a0baa
SV5_HUB_28af5221504bbe547fe5,200,251,SOLID,50,62,SV5_HUB_28af5221504bbe547fe5@50:62,UNKNOWN,SOLID,8b4e71be724a084e25699799da11596206b2fc4c84299bd84f1e8e0dc68a0baa
SV5_HUB_28af5221504bbe547fe5,201,251,SOLID,50,62,SV5_HUB_28af5221504bbe547fe5@50:62,UNKNOWN,SOLID,8b4e71be724a084e25699799da11596206b2fc4c84299bd84f1e8e0dc68a0baa
SV5_HUB_28af5221504bbe547fe5,202,251,SOLID,50,62,SV5_HUB_28af5221504bbe547fe5@50:62,UNKNOWN,SOLID,8b4e71be724a084e25699799da11596206b2fc4c84299bd84f1e8e0dc68a0baa
SV5_HUB_28af5221504bbe547fe5,203,251,SOLID,50,62,SV5_HUB_28af5221504bbe547fe5@50:62,UNKNOWN,SOLID,8b4e71be724a084e25699799da11596206b2fc4c84299bd84f1e8e0dc68a0baa
SV5_HUB_28af5221504bbe547fe5,204,251,SOLID,51,62,SV5_HUB_28af5221504bbe547fe5@51:62,UNKNOWN,SOLID,8b4e71be724a084e25699799da11596206b2fc4c84299bd84f1e8e0dc68a0baa
SV5_HUB_28af5221504bbe547fe5,205,251,SOLID,51,62,SV5_HUB_28af5221504bbe547fe5@51:62,UNKNOWN,SOLID,8b4e71be724a084e25699799da11596206b2fc4c84299bd84f1e8e0dc68a0baa
SV5_HUB_28af5221504bbe547fe5,206,251,SOLID,51,62,SV5_HUB_28af5221504bbe547fe5@51:62,UNKNOWN,SOLID,8b4e71be724a084e25699799da11596206b2fc4c84299bd84f1e8e0dc68a0baa
SV5_HUB_28af5221504bbe547fe5,207,251,SOLID,51,62,SV5_HUB_28af5221504bbe547fe5@51:62,UNKNOWN,SOLID,8b4e71be724a084e25699799da11596206b2fc4c84299bd84f1e8e0dc68a0baa
SV5_HUB_28af5221504bbe547fe5,184,252,SOLID,46,63,SV5_HUB_28af5221504bbe547fe5@46:63,UNKNOWN,SOLID,8b4e71be724a084e25699799da11596206b2fc4c84299bd84f1e8e0dc68a0baa
SV5_HUB_28af5221504bbe547fe5,185,252,SOLID,46,63,SV5_HUB_28af5221504bbe547fe5@46:63,UNKNOWN,SOLID,8b4e71be724a084e25699799da11596206b2fc4c84299bd84f1e8e0dc68a0baa
SV5_HUB_28af5221504bbe547fe5,186,252,SOLID,46,63,SV5_HUB_28af5221504bbe547fe5@46:63,UNKNOWN,SOLID,8b4e71be724a084e25699799da11596206b2fc4c84299bd84f1e8e0dc68a0baa
SV5_HUB_28af5221504bbe547fe5,187,252,SOLID,46,63,SV5_HUB_28af5221504bbe547fe5@46:63,UNKNOWN,SOLID,8b4e71be724a084e25699799da11596206b2fc4c84299bd84f1e8e0dc68a0baa
SV5_HUB_28af5221504bbe547fe5,188,252,SOLID,47,63,SV5_HUB_28af5221504bbe547fe5@47:63,UNKNOWN,SOLID,8b4e71be724a084e25699799da11596206b2fc4c84299bd84f1e8e0dc68a0baa
SV5_HUB_28af5221504bbe547fe5,189,252,SOLID,47,63,SV5_HUB_28af5221504bbe547fe5@47:63,UNKNOWN,SOLID,8b4e71be724a084e25699799da11596206b2fc4c84299bd84f1e8e0dc68a0baa
SV5_HUB_28af5221504bbe547fe5,190,252,SOLID,47,63,SV5_HUB_28af5221504bbe547fe5@47:63,UNKNOWN,SOLID,8b4e71be724a084e25699799da11596206b2fc4c84299bd84f1e8e0dc68a0baa
SV5_HUB_28af5221504bbe547fe5,191,252,SOLID,47,63,SV5_HUB_28af5221504bbe547fe5@47:63,UNKNOWN,SOLID,8b4e71be724a084e25699799da11596206b2fc4c84299bd84f1e8e0dc68a0baa
SV5_HUB_28af5221504bbe547fe5,192,252,SOLID,48,63,SV5_HUB_28af5221504bbe547fe5@48:63,UNKNOWN,SOLID,8b4e71be724a084e25699799da11596206b2fc4c84299bd84f1e8e0dc68a0baa
SV5_HUB_28af5221504bbe547fe5,193,252,SOLID,48,63,SV5_HUB_28af5221504bbe547fe5@48:63,UNKNOWN,SOLID,8b4e71be724a084e25699799da11596206b2fc4c84299bd84f1e8e0dc68a0baa
SV5_HUB_28af5221504bbe547fe5,194,252,SOLID,48,63,SV5_HUB_28af5221504bbe547fe5@48:63,UNKNOWN,SOLID,8b4e71be724a084e25699799da11596206b2fc4c84299bd84f1e8e0dc68a0baa
SV5_HUB_28af5221504bbe547fe5,195,252,SOLID,48,63,SV5_HUB_28af5221504bbe547fe5@48:63,UNKNOWN,SOLID,8b4e71be724a084e25699799da11596206b2fc4c84299bd84f1e8e0dc68a0baa
SV5_HUB_28af5221504bbe547fe5,196,252,SOLID,49,63,SV5_HUB_28af5221504bbe547fe5@49:63,UNKNOWN,SOLID,8b4e71be724a084e25699799da11596206b2fc4c84299bd84f1e8e0dc68a0baa
SV5_HUB_28af5221504bbe547fe5,197,252,SOLID,49,63,SV5_HUB_28af5221504bbe547fe5@49:63,UNKNOWN,SOLID,8b4e71be724a084e25699799da11596206b2fc4c84299bd84f1e8e0dc68a0baa
SV5_HUB_28af5221504bbe547fe5,198,252,SOLID,49,63,SV5_HUB_28af5221504bbe547fe5@49:63,UNKNOWN,SOLID,8b4e71be724a084e25699799da11596206b2fc4c84299bd84f1e8e0dc68a0baa
SV5_HUB_28af5221504bbe547fe5,199,252,SOLID,49,63,SV5_HUB_28af5221504bbe547fe5@49:63,UNKNOWN,SOLID,8b4e71be724a084e25699799da11596206b2fc4c84299bd84f1e8e0dc68a0baa
SV5_HUB_28af5221504bbe547fe5,200,252,SOLID,50,63,SV5_HUB_28af5221504bbe547fe5@50:63,UNKNOWN,SOLID,8b4e71be724a084e25699799da11596206b2fc4c84299bd84f1e8e0dc68a0baa
SV5_HUB_28af5221504bbe547fe5,201,252,SOLID,50,63,SV5_HUB_28af5221504bbe547fe5@50:63,UNKNOWN,SOLID,8b4e71be724a084e25699799da11596206b2fc4c84299bd84f1e8e0dc68a0baa
SV5_HUB_28af5221504bbe547fe5,202,252,SOLID,50,63,SV5_HUB_28af5221504bbe547fe5@50:63,UNKNOWN,SOLID,8b4e71be724a084e25699799da11596206b2fc4c84299bd84f1e8e0dc68a0baa
SV5_HUB_28af5221504bbe547fe5,203,252,SOLID,50,63,SV5_HUB_28af5221504bbe547fe5@50:63,UNKNOWN,SOLID,8b4e71be724a084e25699799da11596206b2fc4c84299bd84f1e8e0dc68a0baa
SV5_HUB_28af5221504bbe547fe5,204,252,SOLID,51,63,SV5_HUB_28af5221504bbe547fe5@51:63,UNKNOWN,SOLID,8b4e71be724a084e25699799da11596206b2fc4c84299bd84f1e8e0dc68a0baa
SV5_HUB_28af5221504bbe547fe5,205,252,SOLID,51,63,SV5_HUB_28af5221504bbe547fe5@51:63,UNKNOWN,SOLID,8b4e71be724a084e25699799da11596206b2fc4c84299bd84f1e8e0dc68a0baa
SV5_HUB_28af5221504bbe547fe5,206,252,SOLID,51,63,SV5_HUB_28af5221504bbe547fe5@51:63,UNKNOWN,SOLID,8b4e71be724a084e25699799da11596206b2fc4c84299bd84f1e8e0dc68a0baa
SV5_HUB_28af5221504bbe547fe5,207,252,SOLID,51,63,SV5_HUB_28af5221504bbe547fe5@51:63,UNKNOWN,SOLID,8b4e71be724a084e25699799da11596206b2fc4c84299bd84f1e8e0dc68a0baa
SV5_HUB_28af5221504bbe547fe5,184,253,SOLID,46,63,SV5_HUB_28af5221504bbe547fe5@46:63,UNKNOWN,SOLID,8b4e71be724a084e25699799da11596206b2fc4c84299bd84f1e8e0dc68a0baa
SV5_HUB_28af5221504bbe547fe5,185,253,SOLID,46,63,SV5_HUB_28af5221504bbe547fe5@46:63,UNKNOWN,SOLID,8b4e71be724a084e25699799da11596206b2fc4c84299bd84f1e8e0dc68a0baa
SV5_HUB_28af5221504bbe547fe5,186,253,SOLID,46,63,SV5_HUB_28af5221504bbe547fe5@46:63,UNKNOWN,SOLID,8b4e71be724a084e25699799da11596206b2fc4c84299bd84f1e8e0dc68a0baa
SV5_HUB_28af5221504bbe547fe5,187,253,SOLID,46,63,SV5_HUB_28af5221504bbe547fe5@46:63,UNKNOWN,SOLID,8b4e71be724a084e25699799da11596206b2fc4c84299bd84f1e8e0dc68a0baa
SV5_HUB_28af5221504bbe547fe5,188,253,SOLID,47,63,SV5_HUB_28af5221504bbe547fe5@47:63,UNKNOWN,SOLID,8b4e71be724a084e25699799da11596206b2fc4c84299bd84f1e8e0dc68a0baa
SV5_HUB_28af5221504bbe547fe5,189,253,SOLID,47,63,SV5_HUB_28af5221504bbe547fe5@47:63,UNKNOWN,SOLID,8b4e71be724a084e25699799da11596206b2fc4c84299bd84f1e8e0dc68a0baa
SV5_HUB_28af5221504bbe547fe5,190,253,AIR,47,63,SV5_HUB_28af5221504bbe547fe5@47:63,UNKNOWN,AIR,8b4e71be724a084e25699799da11596206b2fc4c84299bd84f1e8e0dc68a0baa
SV5_HUB_28af5221504bbe547fe5,191,253,AIR,47,63,SV5_HUB_28af5221504bbe547fe5@47:63,UNKNOWN,AIR,8b4e71be724a084e25699799da11596206b2fc4c84299bd84f1e8e0dc68a0baa
SV5_HUB_28af5221504bbe547fe5,192,253,AIR,48,63,SV5_HUB_28af5221504bbe547fe5@48:63,UNKNOWN,AIR,8b4e71be724a084e25699799da11596206b2fc4c84299bd84f1e8e0dc68a0baa
SV5_HUB_28af5221504bbe547fe5,193,253,AIR,48,63,SV5_HUB_28af5221504bbe547fe5@48:63,UNKNOWN,AIR,8b4e71be724a084e25699799da11596206b2fc4c84299bd84f1e8e0dc68a0baa
SV5_HUB_28af5221504bbe547fe5,194,253,AIR,48,63,SV5_HUB_28af5221504bbe547fe5@48:63,UNKNOWN,AIR,8b4e71be724a084e25699799da11596206b2fc4c84299bd84f1e8e0dc68a0baa
SV5_HUB_28af5221504bbe547fe5,195,253,AIR,48,63,SV5_HUB_28af5221504bbe547fe5@48:63,UNKNOWN,AIR,8b4e71be724a084e25699799da11596206b2fc4c84299bd84f1e8e0dc68a0baa
SV5_HUB_28af5221504bbe547fe5,196,253,AIR,49,63,SV5_HUB_28af5221504bbe547fe5@49:63,UNKNOWN,AIR,8b4e71be724a084e25699799da11596206b2fc4c84299bd84f1e8e0dc68a0baa
SV5_HUB_28af5221504bbe547fe5,197,253,AIR,49,63,SV5_HUB_28af5221504bbe547fe5@49:63,UNKNOWN,AIR,8b4e71be724a084e25699799da11596206b2fc4c84299bd84f1e8e0dc68a0baa
SV5_HUB_28af5221504bbe547fe5,198,253,AIR,49,63,SV5_HUB_28af5221504bbe547fe5@49:63,UNKNOWN,AIR,8b4e71be724a084e25699799da11596206b2fc4c84299bd84f1e8e0dc68a0baa
SV5_HUB_28af5221504bbe547fe5,199,253,AIR,49,63,SV5_HUB_28af5221504bbe547fe5@49:63,UNKNOWN,AIR,8b4e71be724a084e25699799da11596206b2fc4c84299bd84f1e8e0dc68a0baa
SV5_HUB_28af5221504bbe547fe5,200,253,AIR,50,63,SV5_HUB_28af5221504bbe547fe5@50:63,UNKNOWN,AIR,8b4e71be724a084e25699799da11596206b2fc4c84299bd84f1e8e0dc68a0baa
SV5_HUB_28af5221504bbe547fe5,201,253,AIR,50,63,SV5_HUB_28af5221504bbe547fe5@50:63,UNKNOWN,AIR,8b4e71be724a084e25699799da11596206b2fc4c84299bd84f1e8e0dc68a0baa
SV5_HUB_28af5221504bbe547fe5,202,253,SOLID,50,63,SV5_HUB_28af5221504bbe547fe5@50:63,UNKNOWN,SOLID,8b4e71be724a084e25699799da11596206b2fc4c84299bd84f1e8e0dc68a0baa
SV5_HUB_28af5221504bbe547fe5,203,253,SOLID,50,63,SV5_HUB_28af5221504bbe547fe5@50:63,UNKNOWN,SOLID,8b4e71be724a084e25699799da11596206b2fc4c84299bd84f1e8e0dc68a0baa
SV5_HUB_28af5221504bbe547fe5,204,253,SOLID,51,63,SV5_HUB_28af5221504bbe547fe5@51:63,UNKNOWN,SOLID,8b4e71be724a084e25699799da11596206b2fc4c84299bd84f1e8e0dc68a0baa
SV5_HUB_28af5221504bbe547fe5,205,253,SOLID,51,63,SV5_HUB_28af5221504bbe547fe5@51:63,UNKNOWN,SOLID,8b4e71be724a084e25699799da11596206b2fc4c84299bd84f1e8e0dc68a0baa
SV5_HUB_28af5221504bbe547fe5,206,253,SOLID,51,63,SV5_HUB_28af5221504bbe547fe5@51:63,UNKNOWN,SOLID,8b4e71be724a084e25699799da11596206b2fc4c84299bd84f1e8e0dc68a0baa
SV5_HUB_28af5221504bbe547fe5,207,253,SOLID,51,63,SV5_HUB_28af5221504bbe547fe5@51:63,UNKNOWN,SOLID,8b4e71be724a084e25699799da11596206b2fc4c84299bd84f1e8e0dc68a0baa
SV5_HUB_28af5221504bbe547fe5,184,254,PORT_NECK,46,63,SV5_HUB_28af5221504bbe547fe5@46:63,UNKNOWN,AIR,8b4e71be724a084e25699799da11596206b2fc4c84299bd84f1e8e0dc68a0baa
SV5_HUB_28af5221504bbe547fe5,185,254,PORT_NECK,46,63,SV5_HUB_28af5221504bbe547fe5@46:63,UNKNOWN,AIR,8b4e71be724a084e25699799da11596206b2fc4c84299bd84f1e8e0dc68a0baa
SV5_HUB_28af5221504bbe547fe5,186,254,PORT_NECK,46,63,SV5_HUB_28af5221504bbe547fe5@46:63,UNKNOWN,AIR,8b4e71be724a084e25699799da11596206b2fc4c84299bd84f1e8e0dc68a0baa
SV5_HUB_28af5221504bbe547fe5,187,254,PORT_NECK,46,63,SV5_HUB_28af5221504bbe547fe5@46:63,UNKNOWN,AIR,8b4e71be724a084e25699799da11596206b2fc4c84299bd84f1e8e0dc68a0baa
SV5_HUB_28af5221504bbe547fe5,188,254,PORT_NECK,47,63,SV5_HUB_28af5221504bbe547fe5@47:63,UNKNOWN,AIR,8b4e71be724a084e25699799da11596206b2fc4c84299bd84f1e8e0dc68a0baa
SV5_HUB_28af5221504bbe547fe5,189,254,PORT_NECK,47,63,SV5_HUB_28af5221504bbe547fe5@47:63,UNKNOWN,AIR,8b4e71be724a084e25699799da11596206b2fc4c84299bd84f1e8e0dc68a0baa
SV5_HUB_28af5221504bbe547fe5,190,254,PORT_NECK,47,63,SV5_HUB_28af5221504bbe547fe5@47:63,UNKNOWN,AIR,8b4e71be724a084e25699799da11596206b2fc4c84299bd84f1e8e0dc68a0baa
SV5_HUB_28af5221504bbe547fe5,191,254,AIR,47,63,SV5_HUB_28af5221504bbe547fe5@47:63,UNKNOWN,AIR,8b4e71be724a084e25699799da11596206b2fc4c84299bd84f1e8e0dc68a0baa
SV5_HUB_28af5221504bbe547fe5,192,254,AIR,48,63,SV5_HUB_28af5221504bbe547fe5@48:63,UNKNOWN,AIR,8b4e71be724a084e25699799da11596206b2fc4c84299bd84f1e8e0dc68a0baa
SV5_HUB_28af5221504bbe547fe5,193,254,AIR,48,63,SV5_HUB_28af5221504bbe547fe5@48:63,UNKNOWN,AIR,8b4e71be724a084e25699799da11596206b2fc4c84299bd84f1e8e0dc68a0baa
SV5_HUB_28af5221504bbe547fe5,194,254,AIR,48,63,SV5_HUB_28af5221504bbe547fe5@48:63,UNKNOWN,AIR,8b4e71be724a084e25699799da11596206b2fc4c84299bd84f1e8e0dc68a0baa
SV5_HUB_28af5221504bbe547fe5,195,254,AIR,48,63,SV5_HUB_28af5221504bbe547fe5@48:63,UNKNOWN,AIR,8b4e71be724a084e25699799da11596206b2fc4c84299bd84f1e8e0dc68a0baa
SV5_HUB_28af5221504bbe547fe5,196,254,AIR,49,63,SV5_HUB_28af5221504bbe547fe5@49:63,UNKNOWN,AIR,8b4e71be724a084e25699799da11596206b2fc4c84299bd84f1e8e0dc68a0baa
SV5_HUB_28af5221504bbe547fe5,197,254,AIR,49,63,SV5_HUB_28af5221504bbe547fe5@49:63,UNKNOWN,AIR,8b4e71be724a084e25699799da11596206b2fc4c84299bd84f1e8e0dc68a0baa
SV5_HUB_28af5221504bbe547fe5,198,254,AIR,49,63,SV5_HUB_28af5221504bbe547fe5@49:63,UNKNOWN,AIR,8b4e71be724a084e25699799da11596206b2fc4c84299bd84f1e8e0dc68a0baa
SV5_HUB_28af5221504bbe547fe5,199,254,AIR,49,63,SV5_HUB_28af5221504bbe547fe5@49:63,UNKNOWN,AIR,8b4e71be724a084e25699799da11596206b2fc4c84299bd84f1e8e0dc68a0baa
SV5_HUB_28af5221504bbe547fe5,200,254,AIR,50,63,SV5_HUB_28af5221504bbe547fe5@50:63,UNKNOWN,AIR,8b4e71be724a084e25699799da11596206b2fc4c84299bd84f1e8e0dc68a0baa
SV5_HUB_28af5221504bbe547fe5,201,254,PORT_NECK,50,63,SV5_HUB_28af5221504bbe547fe5@50:63,UNKNOWN,AIR,8b4e71be724a084e25699799da11596206b2fc4c84299bd84f1e8e0dc68a0baa
SV5_HUB_28af5221504bbe547fe5,202,254,PORT_NECK,50,63,SV5_HUB_28af5221504bbe547fe5@50:63,UNKNOWN,AIR,8b4e71be724a084e25699799da11596206b2fc4c84299bd84f1e8e0dc68a0baa
SV5_HUB_28af5221504bbe547fe5,203,254,PORT_NECK,50,63,SV5_HUB_28af5221504bbe547fe5@50:63,UNKNOWN,AIR,8b4e71be724a084e25699799da11596206b2fc4c84299bd84f1e8e0dc68a0baa
SV5_HUB_28af5221504bbe547fe5,204,254,PORT_NECK,51,63,SV5_HUB_28af5221504bbe547fe5@51:63,UNKNOWN,AIR,8b4e71be724a084e25699799da11596206b2fc4c84299bd84f1e8e0dc68a0baa
SV5_HUB_28af5221504bbe547fe5,205,254,PORT_NECK,51,63,SV5_HUB_28af5221504bbe547fe5@51:63,UNKNOWN,AIR,8b4e71be724a084e25699799da11596206b2fc4c84299bd84f1e8e0dc68a0baa
SV5_HUB_28af5221504bbe547fe5,206,254,PORT_NECK,51,63,SV5_HUB_28af5221504bbe547fe5@51:63,UNKNOWN,AIR,8b4e71be724a084e25699799da11596206b2fc4c84299bd84f1e8e0dc68a0baa
SV5_HUB_28af5221504bbe547fe5,207,254,PORT_NECK,51,63,SV5_HUB_28af5221504bbe547fe5@51:63,UNKNOWN,AIR,8b4e71be724a084e25699799da11596206b2fc4c84299bd84f1e8e0dc68a0baa
SV5_HUB_28af5221504bbe547fe5,184,255,PORT_NECK,46,63,SV5_HUB_28af5221504bbe547fe5@46:63,UNKNOWN,AIR,8b4e71be724a084e25699799da11596206b2fc4c84299bd84f1e8e0dc68a0baa
SV5_HUB_28af5221504bbe547fe5,185,255,PORT_NECK,46,63,SV5_HUB_28af5221504bbe547fe5@46:63,UNKNOWN,AIR,8b4e71be724a084e25699799da11596206b2fc4c84299bd84f1e8e0dc68a0baa
SV5_HUB_28af5221504bbe547fe5,186,255,PORT_NECK,46,63,SV5_HUB_28af5221504bbe547fe5@46:63,UNKNOWN,AIR,8b4e71be724a084e25699799da11596206b2fc4c84299bd84f1e8e0dc68a0baa
SV5_HUB_28af5221504bbe547fe5,187,255,PORT_NECK,46,63,SV5_HUB_28af5221504bbe547fe5@46:63,UNKNOWN,AIR,8b4e71be724a084e25699799da11596206b2fc4c84299bd84f1e8e0dc68a0baa
SV5_HUB_28af5221504bbe547fe5,188,255,PORT_NECK,47,63,SV5_HUB_28af5221504bbe547fe5@47:63,UNKNOWN,AIR,8b4e71be724a084e25699799da11596206b2fc4c84299bd84f1e8e0dc68a0baa
SV5_HUB_28af5221504bbe547fe5,189,255,PORT_NECK,47,63,SV5_HUB_28af5221504bbe547fe5@47:63,UNKNOWN,AIR,8b4e71be724a084e25699799da11596206b2fc4c84299bd84f1e8e0dc68a0baa
SV5_HUB_28af5221504bbe547fe5,190,255,PORT_NECK,47,63,SV5_HUB_28af5221504bbe547fe5@47:63,UNKNOWN,AIR,8b4e71be724a084e25699799da11596206b2fc4c84299bd84f1e8e0dc68a0baa
SV5_HUB_28af5221504bbe547fe5,191,255,AIR,47,63,SV5_HUB_28af5221504bbe547fe5@47:63,UNKNOWN,AIR,8b4e71be724a084e25699799da11596206b2fc4c84299bd84f1e8e0dc68a0baa
SV5_HUB_28af5221504bbe547fe5,192,255,AIR,48,63,SV5_HUB_28af5221504bbe547fe5@48:63,UNKNOWN,AIR,8b4e71be724a084e25699799da11596206b2fc4c84299bd84f1e8e0dc68a0baa
SV5_HUB_28af5221504bbe547fe5,193,255,AIR,48,63,SV5_HUB_28af5221504bbe547fe5@48:63,UNKNOWN,AIR,8b4e71be724a084e25699799da11596206b2fc4c84299bd84f1e8e0dc68a0baa
SV5_HUB_28af5221504bbe547fe5,194,255,AIR,48,63,SV5_HUB_28af5221504bbe547fe5@48:63,UNKNOWN,AIR,8b4e71be724a084e25699799da11596206b2fc4c84299bd84f1e8e0dc68a0baa
SV5_HUB_28af5221504bbe547fe5,195,255,AIR,48,63,SV5_HUB_28af5221504bbe547fe5@48:63,UNKNOWN,AIR,8b4e71be724a084e25699799da11596206b2fc4c84299bd84f1e8e0dc68a0baa
SV5_HUB_28af5221504bbe547fe5,196,255,AIR,49,63,SV5_HUB_28af5221504bbe547fe5@49:63,UNKNOWN,AIR,8b4e71be724a084e25699799da11596206b2fc4c84299bd84f1e8e0dc68a0baa
SV5_HUB_28af5221504bbe547fe5,197,255,AIR,49,63,SV5_HUB_28af5221504bbe547fe5@49:63,UNKNOWN,AIR,8b4e71be724a084e25699799da11596206b2fc4c84299bd84f1e8e0dc68a0baa
SV5_HUB_28af5221504bbe547fe5,198,255,AIR,49,63,SV5_HUB_28af5221504bbe547fe5@49:63,UNKNOWN,AIR,8b4e71be724a084e25699799da11596206b2fc4c84299bd84f1e8e0dc68a0baa
SV5_HUB_28af5221504bbe547fe5,199,255,AIR,49,63,SV5_HUB_28af5221504bbe547fe5@49:63,UNKNOWN,AIR,8b4e71be724a084e25699799da11596206b2fc4c84299bd84f1e8e0dc68a0baa
SV5_HUB_28af5221504bbe547fe5,200,255,AIR,50,63,SV5_HUB_28af5221504bbe547fe5@50:63,UNKNOWN,AIR,8b4e71be724a084e25699799da11596206b2fc4c84299bd84f1e8e0dc68a0baa
SV5_HUB_28af5221504bbe547fe5,201,255,PORT_NECK,50,63,SV5_HUB_28af5221504bbe547fe5@50:63,UNKNOWN,AIR,8b4e71be724a084e25699799da11596206b2fc4c84299bd84f1e8e0dc68a0baa
SV5_HUB_28af5221504bbe547fe5,202,255,PORT_NECK,50,63,SV5_HUB_28af5221504bbe547fe5@50:63,UNKNOWN,AIR,8b4e71be724a084e25699799da11596206b2fc4c84299bd84f1e8e0dc68a0baa
SV5_HUB_28af5221504bbe547fe5,203,255,PORT_NECK,50,63,SV5_HUB_28af5221504bbe547fe5@50:63,UNKNOWN,AIR,8b4e71be724a084e25699799da11596206b2fc4c84299bd84f1e8e0dc68a0baa
SV5_HUB_28af5221504bbe547fe5,204,255,PORT_NECK,51,63,SV5_HUB_28af5221504bbe547fe5@51:63,UNKNOWN,AIR,8b4e71be724a084e25699799da11596206b2fc4c84299bd84f1e8e0dc68a0baa
SV5_HUB_28af5221504bbe547fe5,205,255,PORT_NECK,51,63,SV5_HUB_28af5221504bbe547fe5@51:63,UNKNOWN,AIR,8b4e71be724a084e25699799da11596206b2fc4c84299bd84f1e8e0dc68a0baa
SV5_HUB_28af5221504bbe547fe5,206,255,PORT_NECK,51,63,SV5_HUB_28af5221504bbe547fe5@51:63,UNKNOWN,AIR,8b4e71be724a084e25699799da11596206b2fc4c84299bd84f1e8e0dc68a0baa
SV5_HUB_28af5221504bbe547fe5,207,255,PORT_NECK,51,63,SV5_HUB_28af5221504bbe547fe5@51:63,UNKNOWN,AIR,8b4e71be724a084e25699799da11596206b2fc4c84299bd84f1e8e0dc68a0baa
SV5_HUB_28af5221504bbe547fe5,184,256,PORT_NECK,46,64,SV5_HUB_28af5221504bbe547fe5@46:64,UNKNOWN,AIR,8b4e71be724a084e25699799da11596206b2fc4c84299bd84f1e8e0dc68a0baa
SV5_HUB_28af5221504bbe547fe5,185,256,PORT_NECK,46,64,SV5_HUB_28af5221504bbe547fe5@46:64,UNKNOWN,AIR,8b4e71be724a084e25699799da11596206b2fc4c84299bd84f1e8e0dc68a0baa
SV5_HUB_28af5221504bbe547fe5,186,256,PORT_NECK,46,64,SV5_HUB_28af5221504bbe547fe5@46:64,UNKNOWN,AIR,8b4e71be724a084e25699799da11596206b2fc4c84299bd84f1e8e0dc68a0baa
SV5_HUB_28af5221504bbe547fe5,187,256,PORT_NECK,46,64,SV5_HUB_28af5221504bbe547fe5@46:64,UNKNOWN,AIR,8b4e71be724a084e25699799da11596206b2fc4c84299bd84f1e8e0dc68a0baa
SV5_HUB_28af5221504bbe547fe5,188,256,PORT_NECK,47,64,SV5_HUB_28af5221504bbe547fe5@47:64,UNKNOWN,AIR,8b4e71be724a084e25699799da11596206b2fc4c84299bd84f1e8e0dc68a0baa
SV5_HUB_28af5221504bbe547fe5,189,256,PORT_NECK,47,64,SV5_HUB_28af5221504bbe547fe5@47:64,UNKNOWN,AIR,8b4e71be724a084e25699799da11596206b2fc4c84299bd84f1e8e0dc68a0baa
SV5_HUB_28af5221504bbe547fe5,190,256,PORT_NECK,47,64,SV5_HUB_28af5221504bbe547fe5@47:64,UNKNOWN,AIR,8b4e71be724a084e25699799da11596206b2fc4c84299bd84f1e8e0dc68a0baa
SV5_HUB_28af5221504bbe547fe5,191,256,AIR,47,64,SV5_HUB_28af5221504bbe547fe5@47:64,UNKNOWN,AIR,8b4e71be724a084e25699799da11596206b2fc4c84299bd84f1e8e0dc68a0baa
SV5_HUB_28af5221504bbe547fe5,192,256,AIR,48,64,SV5_HUB_28af5221504bbe547fe5@48:64,UNKNOWN,AIR,8b4e71be724a084e25699799da11596206b2fc4c84299bd84f1e8e0dc68a0baa
SV5_HUB_28af5221504bbe547fe5,193,256,AIR,48,64,SV5_HUB_28af5221504bbe547fe5@48:64,UNKNOWN,AIR,8b4e71be724a084e25699799da11596206b2fc4c84299bd84f1e8e0dc68a0baa
SV5_HUB_28af5221504bbe547fe5,194,256,RESERVED_TREE,48,64,SV5_HUB_28af5221504bbe547fe5@48:64,UNKNOWN,AIR,8b4e71be724a084e25699799da11596206b2fc4c84299bd84f1e8e0dc68a0baa
SV5_HUB_28af5221504bbe547fe5,195,256,RESERVED_TREE,48,64,SV5_HUB_28af5221504bbe547fe5@48:64,UNKNOWN,AIR,8b4e71be724a084e25699799da11596206b2fc4c84299bd84f1e8e0dc68a0baa
SV5_HUB_28af5221504bbe547fe5,196,256,RESERVED_TREE,49,64,SV5_HUB_28af5221504bbe547fe5@49:64,UNKNOWN,AIR,8b4e71be724a084e25699799da11596206b2fc4c84299bd84f1e8e0dc68a0baa
SV5_HUB_28af5221504bbe547fe5,197,256,RESERVED_TREE,49,64,SV5_HUB_28af5221504bbe547fe5@49:64,UNKNOWN,AIR,8b4e71be724a084e25699799da11596206b2fc4c84299bd84f1e8e0dc68a0baa
SV5_HUB_28af5221504bbe547fe5,198,256,AIR,49,64,SV5_HUB_28af5221504bbe547fe5@49:64,UNKNOWN,AIR,8b4e71be724a084e25699799da11596206b2fc4c84299bd84f1e8e0dc68a0baa
SV5_HUB_28af5221504bbe547fe5,199,256,AIR,49,64,SV5_HUB_28af5221504bbe547fe5@49:64,UNKNOWN,AIR,8b4e71be724a084e25699799da11596206b2fc4c84299bd84f1e8e0dc68a0baa
SV5_HUB_28af5221504bbe547fe5,200,256,AIR,50,64,SV5_HUB_28af5221504bbe547fe5@50:64,UNKNOWN,AIR,8b4e71be724a084e25699799da11596206b2fc4c84299bd84f1e8e0dc68a0baa
SV5_HUB_28af5221504bbe547fe5,201,256,PORT_NECK,50,64,SV5_HUB_28af5221504bbe547fe5@50:64,UNKNOWN,AIR,8b4e71be724a084e25699799da11596206b2fc4c84299bd84f1e8e0dc68a0baa
SV5_HUB_28af5221504bbe547fe5,202,256,PORT_NECK,50,64,SV5_HUB_28af5221504bbe547fe5@50:64,UNKNOWN,AIR,8b4e71be724a084e25699799da11596206b2fc4c84299bd84f1e8e0dc68a0baa
SV5_HUB_28af5221504bbe547fe5,203,256,PORT_NECK,50,64,SV5_HUB_28af5221504bbe547fe5@50:64,UNKNOWN,AIR,8b4e71be724a084e25699799da11596206b2fc4c84299bd84f1e8e0dc68a0baa
SV5_HUB_28af5221504bbe547fe5,204,256,PORT_NECK,51,64,SV5_HUB_28af5221504bbe547fe5@51:64,UNKNOWN,AIR,8b4e71be724a084e25699799da11596206b2fc4c84299bd84f1e8e0dc68a0baa
SV5_HUB_28af5221504bbe547fe5,205,256,PORT_NECK,51,64,SV5_HUB_28af5221504bbe547fe5@51:64,UNKNOWN,AIR,8b4e71be724a084e25699799da11596206b2fc4c84299bd84f1e8e0dc68a0baa
SV5_HUB_28af5221504bbe547fe5,206,256,PORT_NECK,51,64,SV5_HUB_28af5221504bbe547fe5@51:64,UNKNOWN,AIR,8b4e71be724a084e25699799da11596206b2fc4c84299bd84f1e8e0dc68a0baa
SV5_HUB_28af5221504bbe547fe5,207,256,PORT_NECK,51,64,SV5_HUB_28af5221504bbe547fe5@51:64,UNKNOWN,AIR,8b4e71be724a084e25699799da11596206b2fc4c84299bd84f1e8e0dc68a0baa
SV5_HUB_28af5221504bbe547fe5,184,257,PORT_NECK,46,64,SV5_HUB_28af5221504bbe547fe5@46:64,UNKNOWN,AIR,8b4e71be724a084e25699799da11596206b2fc4c84299bd84f1e8e0dc68a0baa
SV5_HUB_28af5221504bbe547fe5,185,257,PORT_NECK,46,64,SV5_HUB_28af5221504bbe547fe5@46:64,UNKNOWN,AIR,8b4e71be724a084e25699799da11596206b2fc4c84299bd84f1e8e0dc68a0baa
SV5_HUB_28af5221504bbe547fe5,186,257,PORT_NECK,46,64,SV5_HUB_28af5221504bbe547fe5@46:64,UNKNOWN,AIR,8b4e71be724a084e25699799da11596206b2fc4c84299bd84f1e8e0dc68a0baa
SV5_HUB_28af5221504bbe547fe5,187,257,PORT_NECK,46,64,SV5_HUB_28af5221504bbe547fe5@46:64,UNKNOWN,AIR,8b4e71be724a084e25699799da11596206b2fc4c84299bd84f1e8e0dc68a0baa
SV5_HUB_28af5221504bbe547fe5,188,257,PORT_NECK,47,64,SV5_HUB_28af5221504bbe547fe5@47:64,UNKNOWN,AIR,8b4e71be724a084e25699799da11596206b2fc4c84299bd84f1e8e0dc68a0baa
SV5_HUB_28af5221504bbe547fe5,189,257,PORT_NECK,47,64,SV5_HUB_28af5221504bbe547fe5@47:64,UNKNOWN,AIR,8b4e71be724a084e25699799da11596206b2fc4c84299bd84f1e8e0dc68a0baa
SV5_HUB_28af5221504bbe547fe5,190,257,PORT_NECK,47,64,SV5_HUB_28af5221504bbe547fe5@47:64,UNKNOWN,AIR,8b4e71be724a084e25699799da11596206b2fc4c84299bd84f1e8e0dc68a0baa
SV5_HUB_28af5221504bbe547fe5,191,257,AIR,47,64,SV5_HUB_28af5221504bbe547fe5@47:64,UNKNOWN,AIR,8b4e71be724a084e25699799da11596206b2fc4c84299bd84f1e8e0dc68a0baa
SV5_HUB_28af5221504bbe547fe5,192,257,AIR,48,64,SV5_HUB_28af5221504bbe547fe5@48:64,UNKNOWN,AIR,8b4e71be724a084e25699799da11596206b2fc4c84299bd84f1e8e0dc68a0baa
SV5_HUB_28af5221504bbe547fe5,193,257,AIR,48,64,SV5_HUB_28af5221504bbe547fe5@48:64,UNKNOWN,AIR,8b4e71be724a084e25699799da11596206b2fc4c84299bd84f1e8e0dc68a0baa
SV5_HUB_28af5221504bbe547fe5,194,257,RESERVED_TREE,48,64,SV5_HUB_28af5221504bbe547fe5@48:64,UNKNOWN,AIR,8b4e71be724a084e25699799da11596206b2fc4c84299bd84f1e8e0dc68a0baa
SV5_HUB_28af5221504bbe547fe5,195,257,RESERVED_TREE,48,64,SV5_HUB_28af5221504bbe547fe5@48:64,UNKNOWN,AIR,8b4e71be724a084e25699799da11596206b2fc4c84299bd84f1e8e0dc68a0baa
SV5_HUB_28af5221504bbe547fe5,196,257,RESERVED_TREE,49,64,SV5_HUB_28af5221504bbe547fe5@49:64,UNKNOWN,AIR,8b4e71be724a084e25699799da11596206b2fc4c84299bd84f1e8e0dc68a0baa
SV5_HUB_28af5221504bbe547fe5,197,257,RESERVED_TREE,49,64,SV5_HUB_28af5221504bbe547fe5@49:64,UNKNOWN,AIR,8b4e71be724a084e25699799da11596206b2fc4c84299bd84f1e8e0dc68a0baa
SV5_HUB_28af5221504bbe547fe5,198,257,AIR,49,64,SV5_HUB_28af5221504bbe547fe5@49:64,UNKNOWN,AIR,8b4e71be724a084e25699799da11596206b2fc4c84299bd84f1e8e0dc68a0baa
SV5_HUB_28af5221504bbe547fe5,199,257,AIR,49,64,SV5_HUB_28af5221504bbe547fe5@49:64,UNKNOWN,AIR,8b4e71be724a084e25699799da11596206b2fc4c84299bd84f1e8e0dc68a0baa
SV5_HUB_28af5221504bbe547fe5,200,257,AIR,50,64,SV5_HUB_28af5221504bbe547fe5@50:64,UNKNOWN,AIR,8b4e71be724a084e25699799da11596206b2fc4c84299bd84f1e8e0dc68a0baa
SV5_HUB_28af5221504bbe547fe5,201,257,PORT_NECK,50,64,SV5_HUB_28af5221504bbe547fe5@50:64,UNKNOWN,AIR,8b4e71be724a084e25699799da11596206b2fc4c84299bd84f1e8e0dc68a0baa
SV5_HUB_28af5221504bbe547fe5,202,257,PORT_NECK,50,64,SV5_HUB_28af5221504bbe547fe5@50:64,UNKNOWN,AIR,8b4e71be724a084e25699799da11596206b2fc4c84299bd84f1e8e0dc68a0baa
SV5_HUB_28af5221504bbe547fe5,203,257,PORT_NECK,50,64,SV5_HUB_28af5221504bbe547fe5@50:64,UNKNOWN,AIR,8b4e71be724a084e25699799da11596206b2fc4c84299bd84f1e8e0dc68a0baa
SV5_HUB_28af5221504bbe547fe5,204,257,PORT_NECK,51,64,SV5_HUB_28af5221504bbe547fe5@51:64,UNKNOWN,AIR,8b4e71be724a084e25699799da11596206b2fc4c84299bd84f1e8e0dc68a0baa
SV5_HUB_28af5221504bbe547fe5,205,257,PORT_NECK,51,64,SV5_HUB_28af5221504bbe547fe5@51:64,UNKNOWN,AIR,8b4e71be724a084e25699799da11596206b2fc4c84299bd84f1e8e0dc68a0baa
SV5_HUB_28af5221504bbe547fe5,206,257,PORT_NECK,51,64,SV5_HUB_28af5221504bbe547fe5@51:64,UNKNOWN,AIR,8b4e71be724a084e25699799da11596206b2fc4c84299bd84f1e8e0dc68a0baa
SV5_HUB_28af5221504bbe547fe5,207,257,PORT_NECK,51,64,SV5_HUB_28af5221504bbe547fe5@51:64,UNKNOWN,AIR,8b4e71be724a084e25699799da11596206b2fc4c84299bd84f1e8e0dc68a0baa
SV5_HUB_28af5221504bbe547fe5,184,258,PORT_NECK,46,64,SV5_HUB_28af5221504bbe547fe5@46:64,UNKNOWN,AIR,8b4e71be724a084e25699799da11596206b2fc4c84299bd84f1e8e0dc68a0baa
SV5_HUB_28af5221504bbe547fe5,185,258,PORT_NECK,46,64,SV5_HUB_28af5221504bbe547fe5@46:64,UNKNOWN,AIR,8b4e71be724a084e25699799da11596206b2fc4c84299bd84f1e8e0dc68a0baa
SV5_HUB_28af5221504bbe547fe5,186,258,PORT_NECK,46,64,SV5_HUB_28af5221504bbe547fe5@46:64,UNKNOWN,AIR,8b4e71be724a084e25699799da11596206b2fc4c84299bd84f1e8e0dc68a0baa
SV5_HUB_28af5221504bbe547fe5,187,258,PORT_NECK,46,64,SV5_HUB_28af5221504bbe547fe5@46:64,UNKNOWN,AIR,8b4e71be724a084e25699799da11596206b2fc4c84299bd84f1e8e0dc68a0baa
SV5_HUB_28af5221504bbe547fe5,188,258,PORT_NECK,47,64,SV5_HUB_28af5221504bbe547fe5@47:64,UNKNOWN,AIR,8b4e71be724a084e25699799da11596206b2fc4c84299bd84f1e8e0dc68a0baa
SV5_HUB_28af5221504bbe547fe5,189,258,PORT_NECK,47,64,SV5_HUB_28af5221504bbe547fe5@47:64,UNKNOWN,AIR,8b4e71be724a084e25699799da11596206b2fc4c84299bd84f1e8e0dc68a0baa
SV5_HUB_28af5221504bbe547fe5,190,258,PORT_NECK,47,64,SV5_HUB_28af5221504bbe547fe5@47:64,UNKNOWN,AIR,8b4e71be724a084e25699799da11596206b2fc4c84299bd84f1e8e0dc68a0baa
SV5_HUB_28af5221504bbe547fe5,191,258,AIR,47,64,SV5_HUB_28af5221504bbe547fe5@47:64,UNKNOWN,AIR,8b4e71be724a084e25699799da11596206b2fc4c84299bd84f1e8e0dc68a0baa
SV5_HUB_28af5221504bbe547fe5,192,258,AIR,48,64,SV5_HUB_28af5221504bbe547fe5@48:64,UNKNOWN,AIR,8b4e71be724a084e25699799da11596206b2fc4c84299bd84f1e8e0dc68a0baa
SV5_HUB_28af5221504bbe547fe5,193,258,AIR,48,64,SV5_HUB_28af5221504bbe547fe5@48:64,UNKNOWN,AIR,8b4e71be724a084e25699799da11596206b2fc4c84299bd84f1e8e0dc68a0baa
SV5_HUB_28af5221504bbe547fe5,194,258,RESERVED_TREE,48,64,SV5_HUB_28af5221504bbe547fe5@48:64,UNKNOWN,AIR,8b4e71be724a084e25699799da11596206b2fc4c84299bd84f1e8e0dc68a0baa
SV5_HUB_28af5221504bbe547fe5,195,258,RESERVED_TREE,48,64,SV5_HUB_28af5221504bbe547fe5@48:64,UNKNOWN,AIR,8b4e71be724a084e25699799da11596206b2fc4c84299bd84f1e8e0dc68a0baa
SV5_HUB_28af5221504bbe547fe5,196,258,RESERVED_TREE,49,64,SV5_HUB_28af5221504bbe547fe5@49:64,UNKNOWN,AIR,8b4e71be724a084e25699799da11596206b2fc4c84299bd84f1e8e0dc68a0baa
SV5_HUB_28af5221504bbe547fe5,197,258,RESERVED_TREE,49,64,SV5_HUB_28af5221504bbe547fe5@49:64,UNKNOWN,AIR,8b4e71be724a084e25699799da11596206b2fc4c84299bd84f1e8e0dc68a0baa
SV5_HUB_28af5221504bbe547fe5,198,258,AIR,49,64,SV5_HUB_28af5221504bbe547fe5@49:64,UNKNOWN,AIR,8b4e71be724a084e25699799da11596206b2fc4c84299bd84f1e8e0dc68a0baa
SV5_HUB_28af5221504bbe547fe5,199,258,AIR,49,64,SV5_HUB_28af5221504bbe547fe5@49:64,UNKNOWN,AIR,8b4e71be724a084e25699799da11596206b2fc4c84299bd84f1e8e0dc68a0baa
SV5_HUB_28af5221504bbe547fe5,200,258,AIR,50,64,SV5_HUB_28af5221504bbe547fe5@50:64,UNKNOWN,AIR,8b4e71be724a084e25699799da11596206b2fc4c84299bd84f1e8e0dc68a0baa
SV5_HUB_28af5221504bbe547fe5,201,258,PORT_NECK,50,64,SV5_HUB_28af5221504bbe547fe5@50:64,UNKNOWN,AIR,8b4e71be724a084e25699799da11596206b2fc4c84299bd84f1e8e0dc68a0baa
SV5_HUB_28af5221504bbe547fe5,202,258,PORT_NECK,50,64,SV5_HUB_28af5221504bbe547fe5@50:64,UNKNOWN,AIR,8b4e71be724a084e25699799da11596206b2fc4c84299bd84f1e8e0dc68a0baa
SV5_HUB_28af5221504bbe547fe5,203,258,PORT_NECK,50,64,SV5_HUB_28af5221504bbe547fe5@50:64,UNKNOWN,AIR,8b4e71be724a084e25699799da11596206b2fc4c84299bd84f1e8e0dc68a0baa
SV5_HUB_28af5221504bbe547fe5,204,258,PORT_NECK,51,64,SV5_HUB_28af5221504bbe547fe5@51:64,UNKNOWN,AIR,8b4e71be724a084e25699799da11596206b2fc4c84299bd84f1e8e0dc68a0baa
SV5_HUB_28af5221504bbe547fe5,205,258,PORT_NECK,51,64,SV5_HUB_28af5221504bbe547fe5@51:64,UNKNOWN,AIR,8b4e71be724a084e25699799da11596206b2fc4c84299bd84f1e8e0dc68a0baa
SV5_HUB_28af5221504bbe547fe5,206,258,PORT_NECK,51,64,SV5_HUB_28af5221504bbe547fe5@51:64,UNKNOWN,AIR,8b4e71be724a084e25699799da11596206b2fc4c84299bd84f1e8e0dc68a0baa
SV5_HUB_28af5221504bbe547fe5,207,258,PORT_NECK,51,64,SV5_HUB_28af5221504bbe547fe5@51:64,UNKNOWN,AIR,8b4e71be724a084e25699799da11596206b2fc4c84299bd84f1e8e0dc68a0baa
SV5_HUB_28af5221504bbe547fe5,184,259,PORT_NECK,46,64,SV5_HUB_28af5221504bbe547fe5@46:64,UNKNOWN,AIR,8b4e71be724a084e25699799da11596206b2fc4c84299bd84f1e8e0dc68a0baa
SV5_HUB_28af5221504bbe547fe5,185,259,PORT_NECK,46,64,SV5_HUB_28af5221504bbe547fe5@46:64,UNKNOWN,AIR,8b4e71be724a084e25699799da11596206b2fc4c84299bd84f1e8e0dc68a0baa
SV5_HUB_28af5221504bbe547fe5,186,259,PORT_NECK,46,64,SV5_HUB_28af5221504bbe547fe5@46:64,UNKNOWN,AIR,8b4e71be724a084e25699799da11596206b2fc4c84299bd84f1e8e0dc68a0baa
SV5_HUB_28af5221504bbe547fe5,187,259,PORT_NECK,46,64,SV5_HUB_28af5221504bbe547fe5@46:64,UNKNOWN,AIR,8b4e71be724a084e25699799da11596206b2fc4c84299bd84f1e8e0dc68a0baa
SV5_HUB_28af5221504bbe547fe5,188,259,PORT_NECK,47,64,SV5_HUB_28af5221504bbe547fe5@47:64,UNKNOWN,AIR,8b4e71be724a084e25699799da11596206b2fc4c84299bd84f1e8e0dc68a0baa
SV5_HUB_28af5221504bbe547fe5,189,259,PORT_NECK,47,64,SV5_HUB_28af5221504bbe547fe5@47:64,UNKNOWN,AIR,8b4e71be724a084e25699799da11596206b2fc4c84299bd84f1e8e0dc68a0baa
SV5_HUB_28af5221504bbe547fe5,190,259,PORT_NECK,47,64,SV5_HUB_28af5221504bbe547fe5@47:64,UNKNOWN,AIR,8b4e71be724a084e25699799da11596206b2fc4c84299bd84f1e8e0dc68a0baa
SV5_HUB_28af5221504bbe547fe5,191,259,AIR,47,64,SV5_HUB_28af5221504bbe547fe5@47:64,UNKNOWN,AIR,8b4e71be724a084e25699799da11596206b2fc4c84299bd84f1e8e0dc68a0baa
SV5_HUB_28af5221504bbe547fe5,192,259,AIR,48,64,SV5_HUB_28af5221504bbe547fe5@48:64,UNKNOWN,AIR,8b4e71be724a084e25699799da11596206b2fc4c84299bd84f1e8e0dc68a0baa
SV5_HUB_28af5221504bbe547fe5,193,259,AIR,48,64,SV5_HUB_28af5221504bbe547fe5@48:64,UNKNOWN,AIR,8b4e71be724a084e25699799da11596206b2fc4c84299bd84f1e8e0dc68a0baa
SV5_HUB_28af5221504bbe547fe5,194,259,RESERVED_TREE,48,64,SV5_HUB_28af5221504bbe547fe5@48:64,UNKNOWN,AIR,8b4e71be724a084e25699799da11596206b2fc4c84299bd84f1e8e0dc68a0baa
SV5_HUB_28af5221504bbe547fe5,195,259,RESERVED_TREE,48,64,SV5_HUB_28af5221504bbe547fe5@48:64,UNKNOWN,AIR,8b4e71be724a084e25699799da11596206b2fc4c84299bd84f1e8e0dc68a0baa
SV5_HUB_28af5221504bbe547fe5,196,259,RESERVED_TREE,49,64,SV5_HUB_28af5221504bbe547fe5@49:64,UNKNOWN,AIR,8b4e71be724a084e25699799da11596206b2fc4c84299bd84f1e8e0dc68a0baa
SV5_HUB_28af5221504bbe547fe5,197,259,RESERVED_TREE,49,64,SV5_HUB_28af5221504bbe547fe5@49:64,UNKNOWN,AIR,8b4e71be724a084e25699799da11596206b2fc4c84299bd84f1e8e0dc68a0baa
SV5_HUB_28af5221504bbe547fe5,198,259,AIR,49,64,SV5_HUB_28af5221504bbe547fe5@49:64,UNKNOWN,AIR,8b4e71be724a084e25699799da11596206b2fc4c84299bd84f1e8e0dc68a0baa
SV5_HUB_28af5221504bbe547fe5,199,259,AIR,49,64,SV5_HUB_28af5221504bbe547fe5@49:64,UNKNOWN,AIR,8b4e71be724a084e25699799da11596206b2fc4c84299bd84f1e8e0dc68a0baa
SV5_HUB_28af5221504bbe547fe5,200,259,AIR,50,64,SV5_HUB_28af5221504bbe547fe5@50:64,UNKNOWN,AIR,8b4e71be724a084e25699799da11596206b2fc4c84299bd84f1e8e0dc68a0baa
SV5_HUB_28af5221504bbe547fe5,201,259,PORT_NECK,50,64,SV5_HUB_28af5221504bbe547fe5@50:64,UNKNOWN,AIR,8b4e71be724a084e25699799da11596206b2fc4c84299bd84f1e8e0dc68a0baa
SV5_HUB_28af5221504bbe547fe5,202,259,PORT_NECK,50,64,SV5_HUB_28af5221504bbe547fe5@50:64,UNKNOWN,AIR,8b4e71be724a084e25699799da11596206b2fc4c84299bd84f1e8e0dc68a0baa
SV5_HUB_28af5221504bbe547fe5,203,259,PORT_NECK,50,64,SV5_HUB_28af5221504bbe547fe5@50:64,UNKNOWN,AIR,8b4e71be724a084e25699799da11596206b2fc4c84299bd84f1e8e0dc68a0baa
SV5_HUB_28af5221504bbe547fe5,204,259,PORT_NECK,51,64,SV5_HUB_28af5221504bbe547fe5@51:64,UNKNOWN,AIR,8b4e71be724a084e25699799da11596206b2fc4c84299bd84f1e8e0dc68a0baa
SV5_HUB_28af5221504bbe547fe5,205,259,PORT_NECK,51,64,SV5_HUB_28af5221504bbe547fe5@51:64,UNKNOWN,AIR,8b4e71be724a084e25699799da11596206b2fc4c84299bd84f1e8e0dc68a0baa
SV5_HUB_28af5221504bbe547fe5,206,259,PORT_NECK,51,64,SV5_HUB_28af5221504bbe547fe5@51:64,UNKNOWN,AIR,8b4e71be724a084e25699799da11596206b2fc4c84299bd84f1e8e0dc68a0baa
SV5_HUB_28af5221504bbe547fe5,207,259,PORT_NECK,51,64,SV5_HUB_28af5221504bbe547fe5@51:64,UNKNOWN,AIR,8b4e71be724a084e25699799da11596206b2fc4c84299bd84f1e8e0dc68a0baa
SV5_HUB_28af5221504bbe547fe5,184,260,SOLID,46,65,SV5_HUB_28af5221504bbe547fe5@46:65,UNKNOWN,SOLID,8b4e71be724a084e25699799da11596206b2fc4c84299bd84f1e8e0dc68a0baa
SV5_HUB_28af5221504bbe547fe5,185,260,SOLID,46,65,SV5_HUB_28af5221504bbe547fe5@46:65,UNKNOWN,SOLID,8b4e71be724a084e25699799da11596206b2fc4c84299bd84f1e8e0dc68a0baa
SV5_HUB_28af5221504bbe547fe5,186,260,SOLID,46,65,SV5_HUB_28af5221504bbe547fe5@46:65,UNKNOWN,SOLID,8b4e71be724a084e25699799da11596206b2fc4c84299bd84f1e8e0dc68a0baa
SV5_HUB_28af5221504bbe547fe5,187,260,SOLID,46,65,SV5_HUB_28af5221504bbe547fe5@46:65,UNKNOWN,SOLID,8b4e71be724a084e25699799da11596206b2fc4c84299bd84f1e8e0dc68a0baa
SV5_HUB_28af5221504bbe547fe5,188,260,SOLID,47,65,SV5_HUB_28af5221504bbe547fe5@47:65,UNKNOWN,SOLID,8b4e71be724a084e25699799da11596206b2fc4c84299bd84f1e8e0dc68a0baa
SV5_HUB_28af5221504bbe547fe5,189,260,SOLID,47,65,SV5_HUB_28af5221504bbe547fe5@47:65,UNKNOWN,SOLID,8b4e71be724a084e25699799da11596206b2fc4c84299bd84f1e8e0dc68a0baa
SV5_HUB_28af5221504bbe547fe5,190,260,AIR,47,65,SV5_HUB_28af5221504bbe547fe5@47:65,UNKNOWN,AIR,8b4e71be724a084e25699799da11596206b2fc4c84299bd84f1e8e0dc68a0baa
SV5_HUB_28af5221504bbe547fe5,191,260,AIR,47,65,SV5_HUB_28af5221504bbe547fe5@47:65,UNKNOWN,AIR,8b4e71be724a084e25699799da11596206b2fc4c84299bd84f1e8e0dc68a0baa
SV5_HUB_28af5221504bbe547fe5,192,260,AIR,48,65,SV5_HUB_28af5221504bbe547fe5@48:65,UNKNOWN,AIR,8b4e71be724a084e25699799da11596206b2fc4c84299bd84f1e8e0dc68a0baa
SV5_HUB_28af5221504bbe547fe5,193,260,AIR,48,65,SV5_HUB_28af5221504bbe547fe5@48:65,UNKNOWN,AIR,8b4e71be724a084e25699799da11596206b2fc4c84299bd84f1e8e0dc68a0baa
SV5_HUB_28af5221504bbe547fe5,194,260,RESERVED_TREE,48,65,SV5_HUB_28af5221504bbe547fe5@48:65,UNKNOWN,AIR,8b4e71be724a084e25699799da11596206b2fc4c84299bd84f1e8e0dc68a0baa
SV5_HUB_28af5221504bbe547fe5,195,260,RESERVED_TREE,48,65,SV5_HUB_28af5221504bbe547fe5@48:65,UNKNOWN,AIR,8b4e71be724a084e25699799da11596206b2fc4c84299bd84f1e8e0dc68a0baa
SV5_HUB_28af5221504bbe547fe5,196,260,RESERVED_TREE,49,65,SV5_HUB_28af5221504bbe547fe5@49:65,UNKNOWN,AIR,8b4e71be724a084e25699799da11596206b2fc4c84299bd84f1e8e0dc68a0baa
SV5_HUB_28af5221504bbe547fe5,197,260,RESERVED_TREE,49,65,SV5_HUB_28af5221504bbe547fe5@49:65,UNKNOWN,AIR,8b4e71be724a084e25699799da11596206b2fc4c84299bd84f1e8e0dc68a0baa
SV5_HUB_28af5221504bbe547fe5,198,260,AIR,49,65,SV5_HUB_28af5221504bbe547fe5@49:65,UNKNOWN,AIR,8b4e71be724a084e25699799da11596206b2fc4c84299bd84f1e8e0dc68a0baa
SV5_HUB_28af5221504bbe547fe5,199,260,AIR,49,65,SV5_HUB_28af5221504bbe547fe5@49:65,UNKNOWN,AIR,8b4e71be724a084e25699799da11596206b2fc4c84299bd84f1e8e0dc68a0baa
SV5_HUB_28af5221504bbe547fe5,200,260,AIR,50,65,SV5_HUB_28af5221504bbe547fe5@50:65,UNKNOWN,AIR,8b4e71be724a084e25699799da11596206b2fc4c84299bd84f1e8e0dc68a0baa
SV5_HUB_28af5221504bbe547fe5,201,260,AIR,50,65,SV5_HUB_28af5221504bbe547fe5@50:65,UNKNOWN,AIR,8b4e71be724a084e25699799da11596206b2fc4c84299bd84f1e8e0dc68a0baa
SV5_HUB_28af5221504bbe547fe5,202,260,SOLID,50,65,SV5_HUB_28af5221504bbe547fe5@50:65,UNKNOWN,SOLID,8b4e71be724a084e25699799da11596206b2fc4c84299bd84f1e8e0dc68a0baa
SV5_HUB_28af5221504bbe547fe5,203,260,SOLID,50,65,SV5_HUB_28af5221504bbe547fe5@50:65,UNKNOWN,SOLID,8b4e71be724a084e25699799da11596206b2fc4c84299bd84f1e8e0dc68a0baa
SV5_HUB_28af5221504bbe547fe5,204,260,SOLID,51,65,SV5_HUB_28af5221504bbe547fe5@51:65,UNKNOWN,SOLID,8b4e71be724a084e25699799da11596206b2fc4c84299bd84f1e8e0dc68a0baa
SV5_HUB_28af5221504bbe547fe5,205,260,SOLID,51,65,SV5_HUB_28af5221504bbe547fe5@51:65,UNKNOWN,SOLID,8b4e71be724a084e25699799da11596206b2fc4c84299bd84f1e8e0dc68a0baa
SV5_HUB_28af5221504bbe547fe5,206,260,SOLID,51,65,SV5_HUB_28af5221504bbe547fe5@51:65,UNKNOWN,SOLID,8b4e71be724a084e25699799da11596206b2fc4c84299bd84f1e8e0dc68a0baa
SV5_HUB_28af5221504bbe547fe5,207,260,SOLID,51,65,SV5_HUB_28af5221504bbe547fe5@51:65,UNKNOWN,SOLID,8b4e71be724a084e25699799da11596206b2fc4c84299bd84f1e8e0dc68a0baa
SV5_HUB_28af5221504bbe547fe5,184,261,SOLID,46,65,SV5_HUB_28af5221504bbe547fe5@46:65,UNKNOWN,SOLID,8b4e71be724a084e25699799da11596206b2fc4c84299bd84f1e8e0dc68a0baa
SV5_HUB_28af5221504bbe547fe5,185,261,SOLID,46,65,SV5_HUB_28af5221504bbe547fe5@46:65,UNKNOWN,SOLID,8b4e71be724a084e25699799da11596206b2fc4c84299bd84f1e8e0dc68a0baa
SV5_HUB_28af5221504bbe547fe5,186,261,SOLID,46,65,SV5_HUB_28af5221504bbe547fe5@46:65,UNKNOWN,SOLID,8b4e71be724a084e25699799da11596206b2fc4c84299bd84f1e8e0dc68a0baa
SV5_HUB_28af5221504bbe547fe5,187,261,SOLID,46,65,SV5_HUB_28af5221504bbe547fe5@46:65,UNKNOWN,SOLID,8b4e71be724a084e25699799da11596206b2fc4c84299bd84f1e8e0dc68a0baa
SV5_HUB_28af5221504bbe547fe5,188,261,SOLID,47,65,SV5_HUB_28af5221504bbe547fe5@47:65,UNKNOWN,SOLID,8b4e71be724a084e25699799da11596206b2fc4c84299bd84f1e8e0dc68a0baa
SV5_HUB_28af5221504bbe547fe5,189,261,SOLID,47,65,SV5_HUB_28af5221504bbe547fe5@47:65,UNKNOWN,SOLID,8b4e71be724a084e25699799da11596206b2fc4c84299bd84f1e8e0dc68a0baa
SV5_HUB_28af5221504bbe547fe5,190,261,AIR,47,65,SV5_HUB_28af5221504bbe547fe5@47:65,UNKNOWN,AIR,8b4e71be724a084e25699799da11596206b2fc4c84299bd84f1e8e0dc68a0baa
SV5_HUB_28af5221504bbe547fe5,191,261,AIR,47,65,SV5_HUB_28af5221504bbe547fe5@47:65,UNKNOWN,AIR,8b4e71be724a084e25699799da11596206b2fc4c84299bd84f1e8e0dc68a0baa
SV5_HUB_28af5221504bbe547fe5,192,261,AIR,48,65,SV5_HUB_28af5221504bbe547fe5@48:65,UNKNOWN,AIR,8b4e71be724a084e25699799da11596206b2fc4c84299bd84f1e8e0dc68a0baa
SV5_HUB_28af5221504bbe547fe5,193,261,AIR,48,65,SV5_HUB_28af5221504bbe547fe5@48:65,UNKNOWN,AIR,8b4e71be724a084e25699799da11596206b2fc4c84299bd84f1e8e0dc68a0baa
SV5_HUB_28af5221504bbe547fe5,194,261,RESERVED_TREE,48,65,SV5_HUB_28af5221504bbe547fe5@48:65,UNKNOWN,AIR,8b4e71be724a084e25699799da11596206b2fc4c84299bd84f1e8e0dc68a0baa
SV5_HUB_28af5221504bbe547fe5,195,261,RESERVED_TREE,48,65,SV5_HUB_28af5221504bbe547fe5@48:65,UNKNOWN,AIR,8b4e71be724a084e25699799da11596206b2fc4c84299bd84f1e8e0dc68a0baa
SV5_HUB_28af5221504bbe547fe5,196,261,RESERVED_TREE,49,65,SV5_HUB_28af5221504bbe547fe5@49:65,UNKNOWN,AIR,8b4e71be724a084e25699799da11596206b2fc4c84299bd84f1e8e0dc68a0baa
SV5_HUB_28af5221504bbe547fe5,197,261,RESERVED_TREE,49,65,SV5_HUB_28af5221504bbe547fe5@49:65,UNKNOWN,AIR,8b4e71be724a084e25699799da11596206b2fc4c84299bd84f1e8e0dc68a0baa
SV5_HUB_28af5221504bbe547fe5,198,261,AIR,49,65,SV5_HUB_28af5221504bbe547fe5@49:65,UNKNOWN,AIR,8b4e71be724a084e25699799da11596206b2fc4c84299bd84f1e8e0dc68a0baa
SV5_HUB_28af5221504bbe547fe5,199,261,AIR,49,65,SV5_HUB_28af5221504bbe547fe5@49:65,UNKNOWN,AIR,8b4e71be724a084e25699799da11596206b2fc4c84299bd84f1e8e0dc68a0baa
SV5_HUB_28af5221504bbe547fe5,200,261,AIR,50,65,SV5_HUB_28af5221504bbe547fe5@50:65,UNKNOWN,AIR,8b4e71be724a084e25699799da11596206b2fc4c84299bd84f1e8e0dc68a0baa
SV5_HUB_28af5221504bbe547fe5,201,261,AIR,50,65,SV5_HUB_28af5221504bbe547fe5@50:65,UNKNOWN,AIR,8b4e71be724a084e25699799da11596206b2fc4c84299bd84f1e8e0dc68a0baa
SV5_HUB_28af5221504bbe547fe5,202,261,SOLID,50,65,SV5_HUB_28af5221504bbe547fe5@50:65,UNKNOWN,SOLID,8b4e71be724a084e25699799da11596206b2fc4c84299bd84f1e8e0dc68a0baa
SV5_HUB_28af5221504bbe547fe5,203,261,SOLID,50,65,SV5_HUB_28af5221504bbe547fe5@50:65,UNKNOWN,SOLID,8b4e71be724a084e25699799da11596206b2fc4c84299bd84f1e8e0dc68a0baa
SV5_HUB_28af5221504bbe547fe5,204,261,SOLID,51,65,SV5_HUB_28af5221504bbe547fe5@51:65,UNKNOWN,SOLID,8b4e71be724a084e25699799da11596206b2fc4c84299bd84f1e8e0dc68a0baa
SV5_HUB_28af5221504bbe547fe5,205,261,SOLID,51,65,SV5_HUB_28af5221504bbe547fe5@51:65,UNKNOWN,SOLID,8b4e71be724a084e25699799da11596206b2fc4c84299bd84f1e8e0dc68a0baa
SV5_HUB_28af5221504bbe547fe5,206,261,SOLID,51,65,SV5_HUB_28af5221504bbe547fe5@51:65,UNKNOWN,SOLID,8b4e71be724a084e25699799da11596206b2fc4c84299bd84f1e8e0dc68a0baa
SV5_HUB_28af5221504bbe547fe5,207,261,SOLID,51,65,SV5_HUB_28af5221504bbe547fe5@51:65,UNKNOWN,SOLID,8b4e71be724a084e25699799da11596206b2fc4c84299bd84f1e8e0dc68a0baa
SV5_HUB_28af5221504bbe547fe5,184,262,SOLID,46,65,SV5_HUB_28af5221504bbe547fe5@46:65,UNKNOWN,SOLID,8b4e71be724a084e25699799da11596206b2fc4c84299bd84f1e8e0dc68a0baa
SV5_HUB_28af5221504bbe547fe5,185,262,SOLID,46,65,SV5_HUB_28af5221504bbe547fe5@46:65,UNKNOWN,SOLID,8b4e71be724a084e25699799da11596206b2fc4c84299bd84f1e8e0dc68a0baa
SV5_HUB_28af5221504bbe547fe5,186,262,SOLID,46,65,SV5_HUB_28af5221504bbe547fe5@46:65,UNKNOWN,SOLID,8b4e71be724a084e25699799da11596206b2fc4c84299bd84f1e8e0dc68a0baa
SV5_HUB_28af5221504bbe547fe5,187,262,SOLID,46,65,SV5_HUB_28af5221504bbe547fe5@46:65,UNKNOWN,SOLID,8b4e71be724a084e25699799da11596206b2fc4c84299bd84f1e8e0dc68a0baa
SV5_HUB_28af5221504bbe547fe5,188,262,SOLID,47,65,SV5_HUB_28af5221504bbe547fe5@47:65,UNKNOWN,SOLID,8b4e71be724a084e25699799da11596206b2fc4c84299bd84f1e8e0dc68a0baa
SV5_HUB_28af5221504bbe547fe5,189,262,SOLID,47,65,SV5_HUB_28af5221504bbe547fe5@47:65,UNKNOWN,SOLID,8b4e71be724a084e25699799da11596206b2fc4c84299bd84f1e8e0dc68a0baa
SV5_HUB_28af5221504bbe547fe5,190,262,AIR,47,65,SV5_HUB_28af5221504bbe547fe5@47:65,UNKNOWN,AIR,8b4e71be724a084e25699799da11596206b2fc4c84299bd84f1e8e0dc68a0baa
SV5_HUB_28af5221504bbe547fe5,191,262,AIR,47,65,SV5_HUB_28af5221504bbe547fe5@47:65,UNKNOWN,AIR,8b4e71be724a084e25699799da11596206b2fc4c84299bd84f1e8e0dc68a0baa
SV5_HUB_28af5221504bbe547fe5,192,262,AIR,48,65,SV5_HUB_28af5221504bbe547fe5@48:65,UNKNOWN,AIR,8b4e71be724a084e25699799da11596206b2fc4c84299bd84f1e8e0dc68a0baa
SV5_HUB_28af5221504bbe547fe5,193,262,AIR,48,65,SV5_HUB_28af5221504bbe547fe5@48:65,UNKNOWN,AIR,8b4e71be724a084e25699799da11596206b2fc4c84299bd84f1e8e0dc68a0baa
SV5_HUB_28af5221504bbe547fe5,194,262,RESERVED_TREE,48,65,SV5_HUB_28af5221504bbe547fe5@48:65,UNKNOWN,AIR,8b4e71be724a084e25699799da11596206b2fc4c84299bd84f1e8e0dc68a0baa
SV5_HUB_28af5221504bbe547fe5,195,262,RESERVED_TREE,48,65,SV5_HUB_28af5221504bbe547fe5@48:65,UNKNOWN,AIR,8b4e71be724a084e25699799da11596206b2fc4c84299bd84f1e8e0dc68a0baa
SV5_HUB_28af5221504bbe547fe5,196,262,RESERVED_TREE,49,65,SV5_HUB_28af5221504bbe547fe5@49:65,UNKNOWN,AIR,8b4e71be724a084e25699799da11596206b2fc4c84299bd84f1e8e0dc68a0baa
SV5_HUB_28af5221504bbe547fe5,197,262,RESERVED_TREE,49,65,SV5_HUB_28af5221504bbe547fe5@49:65,UNKNOWN,AIR,8b4e71be724a084e25699799da11596206b2fc4c84299bd84f1e8e0dc68a0baa
SV5_HUB_28af5221504bbe547fe5,198,262,AIR,49,65,SV5_HUB_28af5221504bbe547fe5@49:65,UNKNOWN,AIR,8b4e71be724a084e25699799da11596206b2fc4c84299bd84f1e8e0dc68a0baa
SV5_HUB_28af5221504bbe547fe5,199,262,AIR,49,65,SV5_HUB_28af5221504bbe547fe5@49:65,UNKNOWN,AIR,8b4e71be724a084e25699799da11596206b2fc4c84299bd84f1e8e0dc68a0baa
SV5_HUB_28af5221504bbe547fe5,200,262,AIR,50,65,SV5_HUB_28af5221504bbe547fe5@50:65,UNKNOWN,AIR,8b4e71be724a084e25699799da11596206b2fc4c84299bd84f1e8e0dc68a0baa
SV5_HUB_28af5221504bbe547fe5,201,262,AIR,50,65,SV5_HUB_28af5221504bbe547fe5@50:65,UNKNOWN,AIR,8b4e71be724a084e25699799da11596206b2fc4c84299bd84f1e8e0dc68a0baa
SV5_HUB_28af5221504bbe547fe5,202,262,SOLID,50,65,SV5_HUB_28af5221504bbe547fe5@50:65,UNKNOWN,SOLID,8b4e71be724a084e25699799da11596206b2fc4c84299bd84f1e8e0dc68a0baa
SV5_HUB_28af5221504bbe547fe5,203,262,SOLID,50,65,SV5_HUB_28af5221504bbe547fe5@50:65,UNKNOWN,SOLID,8b4e71be724a084e25699799da11596206b2fc4c84299bd84f1e8e0dc68a0baa
SV5_HUB_28af5221504bbe547fe5,204,262,SOLID,51,65,SV5_HUB_28af5221504bbe547fe5@51:65,UNKNOWN,SOLID,8b4e71be724a084e25699799da11596206b2fc4c84299bd84f1e8e0dc68a0baa
SV5_HUB_28af5221504bbe547fe5,205,262,SOLID,51,65,SV5_HUB_28af5221504bbe547fe5@51:65,UNKNOWN,SOLID,8b4e71be724a084e25699799da11596206b2fc4c84299bd84f1e8e0dc68a0baa
SV5_HUB_28af5221504bbe547fe5,206,262,SOLID,51,65,SV5_HUB_28af5221504bbe547fe5@51:65,UNKNOWN,SOLID,8b4e71be724a084e25699799da11596206b2fc4c84299bd84f1e8e0dc68a0baa
SV5_HUB_28af5221504bbe547fe5,207,262,SOLID,51,65,SV5_HUB_28af5221504bbe547fe5@51:65,UNKNOWN,SOLID,8b4e71be724a084e25699799da11596206b2fc4c84299bd84f1e8e0dc68a0baa
SV5_HUB_28af5221504bbe547fe5,184,263,SOLID,46,65,SV5_HUB_28af5221504bbe547fe5@46:65,AIR,SOLID,8b4e71be724a084e25699799da11596206b2fc4c84299bd84f1e8e0dc68a0baa
SV5_HUB_28af5221504bbe547fe5,185,263,SOLID,46,65,SV5_HUB_28af5221504bbe547fe5@46:65,AIR,SOLID,8b4e71be724a084e25699799da11596206b2fc4c84299bd84f1e8e0dc68a0baa
SV5_HUB_28af5221504bbe547fe5,186,263,SOLID,46,65,SV5_HUB_28af5221504bbe547fe5@46:65,AIR,SOLID,8b4e71be724a084e25699799da11596206b2fc4c84299bd84f1e8e0dc68a0baa
SV5_HUB_28af5221504bbe547fe5,187,263,SOLID,46,65,SV5_HUB_28af5221504bbe547fe5@46:65,AIR,SOLID,8b4e71be724a084e25699799da11596206b2fc4c84299bd84f1e8e0dc68a0baa
SV5_HUB_28af5221504bbe547fe5,188,263,SOLID,47,65,SV5_HUB_28af5221504bbe547fe5@47:65,AIR,SOLID,8b4e71be724a084e25699799da11596206b2fc4c84299bd84f1e8e0dc68a0baa
SV5_HUB_28af5221504bbe547fe5,189,263,SOLID,47,65,SV5_HUB_28af5221504bbe547fe5@47:65,AIR,SOLID,8b4e71be724a084e25699799da11596206b2fc4c84299bd84f1e8e0dc68a0baa
SV5_HUB_28af5221504bbe547fe5,190,263,AIR,47,65,SV5_HUB_28af5221504bbe547fe5@47:65,AIR,AIR,8b4e71be724a084e25699799da11596206b2fc4c84299bd84f1e8e0dc68a0baa
SV5_HUB_28af5221504bbe547fe5,191,263,AIR,47,65,SV5_HUB_28af5221504bbe547fe5@47:65,AIR,AIR,8b4e71be724a084e25699799da11596206b2fc4c84299bd84f1e8e0dc68a0baa
SV5_HUB_28af5221504bbe547fe5,192,263,AIR,48,65,SV5_HUB_28af5221504bbe547fe5@48:65,AIR,AIR,8b4e71be724a084e25699799da11596206b2fc4c84299bd84f1e8e0dc68a0baa
SV5_HUB_28af5221504bbe547fe5,193,263,AIR,48,65,SV5_HUB_28af5221504bbe547fe5@48:65,AIR,AIR,8b4e71be724a084e25699799da11596206b2fc4c84299bd84f1e8e0dc68a0baa
SV5_HUB_28af5221504bbe547fe5,194,263,RESERVED_TREE,48,65,SV5_HUB_28af5221504bbe547fe5@48:65,AIR,AIR,8b4e71be724a084e25699799da11596206b2fc4c84299bd84f1e8e0dc68a0baa
SV5_HUB_28af5221504bbe547fe5,195,263,RESERVED_TREE,48,65,SV5_HUB_28af5221504bbe547fe5@48:65,AIR,AIR,8b4e71be724a084e25699799da11596206b2fc4c84299bd84f1e8e0dc68a0baa
SV5_HUB_28af5221504bbe547fe5,196,263,RESERVED_TREE,49,65,SV5_HUB_28af5221504bbe547fe5@49:65,AIR,AIR,8b4e71be724a084e25699799da11596206b2fc4c84299bd84f1e8e0dc68a0baa
SV5_HUB_28af5221504bbe547fe5,197,263,RESERVED_TREE,49,65,SV5_HUB_28af5221504bbe547fe5@49:65,AIR,AIR,8b4e71be724a084e25699799da11596206b2fc4c84299bd84f1e8e0dc68a0baa
SV5_HUB_28af5221504bbe547fe5,198,263,AIR,49,65,SV5_HUB_28af5221504bbe547fe5@49:65,AIR,AIR,8b4e71be724a084e25699799da11596206b2fc4c84299bd84f1e8e0dc68a0baa
SV5_HUB_28af5221504bbe547fe5,199,263,AIR,49,65,SV5_HUB_28af5221504bbe547fe5@49:65,AIR,AIR,8b4e71be724a084e25699799da11596206b2fc4c84299bd84f1e8e0dc68a0baa
SV5_HUB_28af5221504bbe547fe5,200,263,AIR,50,65,SV5_HUB_28af5221504bbe547fe5@50:65,AIR,AIR,8b4e71be724a084e25699799da11596206b2fc4c84299bd84f1e8e0dc68a0baa
SV5_HUB_28af5221504bbe547fe5,201,263,AIR,50,65,SV5_HUB_28af5221504bbe547fe5@50:65,AIR,AIR,8b4e71be724a084e25699799da11596206b2fc4c84299bd84f1e8e0dc68a0baa
SV5_HUB_28af5221504bbe547fe5,202,263,SOLID,50,65,SV5_HUB_28af5221504bbe547fe5@50:65,AIR,SOLID,8b4e71be724a084e25699799da11596206b2fc4c84299bd84f1e8e0dc68a0baa
SV5_HUB_28af5221504bbe547fe5,203,263,SOLID,50,65,SV5_HUB_28af5221504bbe547fe5@50:65,AIR,SOLID,8b4e71be724a084e25699799da11596206b2fc4c84299bd84f1e8e0dc68a0baa
SV5_HUB_28af5221504bbe547fe5,204,263,SOLID,51,65,SV5_HUB_28af5221504bbe547fe5@51:65,AIR,SOLID,8b4e71be724a084e25699799da11596206b2fc4c84299bd84f1e8e0dc68a0baa
SV5_HUB_28af5221504bbe547fe5,205,263,SOLID,51,65,SV5_HUB_28af5221504bbe547fe5@51:65,AIR,SOLID,8b4e71be724a084e25699799da11596206b2fc4c84299bd84f1e8e0dc68a0baa
SV5_HUB_28af5221504bbe547fe5,206,263,SOLID,51,65,SV5_HUB_28af5221504bbe547fe5@51:65,AIR,SOLID,8b4e71be724a084e25699799da11596206b2fc4c84299bd84f1e8e0dc68a0baa
SV5_HUB_28af5221504bbe547fe5,207,263,SOLID,51,65,SV5_HUB_28af5221504bbe547fe5@51:65,AIR,SOLID,8b4e71be724a084e25699799da11596206b2fc4c84299bd84f1e8e0dc68a0baa
SV5_HUB_28af5221504bbe547fe5,184,264,SOLID,46,66,SV5_HUB_28af5221504bbe547fe5@46:66,UNKNOWN,SOLID,8b4e71be724a084e25699799da11596206b2fc4c84299bd84f1e8e0dc68a0baa
SV5_HUB_28af5221504bbe547fe5,185,264,SOLID,46,66,SV5_HUB_28af5221504bbe547fe5@46:66,UNKNOWN,SOLID,8b4e71be724a084e25699799da11596206b2fc4c84299bd84f1e8e0dc68a0baa
SV5_HUB_28af5221504bbe547fe5,186,264,SOLID,46,66,SV5_HUB_28af5221504bbe547fe5@46:66,UNKNOWN,SOLID,8b4e71be724a084e25699799da11596206b2fc4c84299bd84f1e8e0dc68a0baa
SV5_HUB_28af5221504bbe547fe5,187,264,SOLID,46,66,SV5_HUB_28af5221504bbe547fe5@46:66,UNKNOWN,SOLID,8b4e71be724a084e25699799da11596206b2fc4c84299bd84f1e8e0dc68a0baa
SV5_HUB_28af5221504bbe547fe5,188,264,SOLID,47,66,SV5_HUB_28af5221504bbe547fe5@47:66,UNKNOWN,SOLID,8b4e71be724a084e25699799da11596206b2fc4c84299bd84f1e8e0dc68a0baa
SV5_HUB_28af5221504bbe547fe5,189,264,SOLID,47,66,SV5_HUB_28af5221504bbe547fe5@47:66,UNKNOWN,SOLID,8b4e71be724a084e25699799da11596206b2fc4c84299bd84f1e8e0dc68a0baa
SV5_HUB_28af5221504bbe547fe5,190,264,AIR,47,66,SV5_HUB_28af5221504bbe547fe5@47:66,UNKNOWN,AIR,8b4e71be724a084e25699799da11596206b2fc4c84299bd84f1e8e0dc68a0baa
SV5_HUB_28af5221504bbe547fe5,191,264,AIR,47,66,SV5_HUB_28af5221504bbe547fe5@47:66,UNKNOWN,AIR,8b4e71be724a084e25699799da11596206b2fc4c84299bd84f1e8e0dc68a0baa
SV5_HUB_28af5221504bbe547fe5,192,264,AIR,48,66,SV5_HUB_28af5221504bbe547fe5@48:66,UNKNOWN,AIR,8b4e71be724a084e25699799da11596206b2fc4c84299bd84f1e8e0dc68a0baa
SV5_HUB_28af5221504bbe547fe5,193,264,AIR,48,66,SV5_HUB_28af5221504bbe547fe5@48:66,UNKNOWN,AIR,8b4e71be724a084e25699799da11596206b2fc4c84299bd84f1e8e0dc68a0baa
SV5_HUB_28af5221504bbe547fe5,194,264,RESERVED_TREE,48,66,SV5_HUB_28af5221504bbe547fe5@48:66,UNKNOWN,AIR,8b4e71be724a084e25699799da11596206b2fc4c84299bd84f1e8e0dc68a0baa
SV5_HUB_28af5221504bbe547fe5,195,264,RESERVED_TREE,48,66,SV5_HUB_28af5221504bbe547fe5@48:66,UNKNOWN,AIR,8b4e71be724a084e25699799da11596206b2fc4c84299bd84f1e8e0dc68a0baa
SV5_HUB_28af5221504bbe547fe5,196,264,RESERVED_TREE,49,66,SV5_HUB_28af5221504bbe547fe5@49:66,UNKNOWN,AIR,8b4e71be724a084e25699799da11596206b2fc4c84299bd84f1e8e0dc68a0baa
SV5_HUB_28af5221504bbe547fe5,197,264,RESERVED_TREE,49,66,SV5_HUB_28af5221504bbe547fe5@49:66,UNKNOWN,AIR,8b4e71be724a084e25699799da11596206b2fc4c84299bd84f1e8e0dc68a0baa
SV5_HUB_28af5221504bbe547fe5,198,264,AIR,49,66,SV5_HUB_28af5221504bbe547fe5@49:66,UNKNOWN,AIR,8b4e71be724a084e25699799da11596206b2fc4c84299bd84f1e8e0dc68a0baa
SV5_HUB_28af5221504bbe547fe5,199,264,AIR,49,66,SV5_HUB_28af5221504bbe547fe5@49:66,UNKNOWN,AIR,8b4e71be724a084e25699799da11596206b2fc4c84299bd84f1e8e0dc68a0baa
SV5_HUB_28af5221504bbe547fe5,200,264,AIR,50,66,SV5_HUB_28af5221504bbe547fe5@50:66,UNKNOWN,AIR,8b4e71be724a084e25699799da11596206b2fc4c84299bd84f1e8e0dc68a0baa
SV5_HUB_28af5221504bbe547fe5,201,264,AIR,50,66,SV5_HUB_28af5221504bbe547fe5@50:66,UNKNOWN,AIR,8b4e71be724a084e25699799da11596206b2fc4c84299bd84f1e8e0dc68a0baa
SV5_HUB_28af5221504bbe547fe5,202,264,SOLID,50,66,SV5_HUB_28af5221504bbe547fe5@50:66,UNKNOWN,SOLID,8b4e71be724a084e25699799da11596206b2fc4c84299bd84f1e8e0dc68a0baa
SV5_HUB_28af5221504bbe547fe5,203,264,SOLID,50,66,SV5_HUB_28af5221504bbe547fe5@50:66,UNKNOWN,SOLID,8b4e71be724a084e25699799da11596206b2fc4c84299bd84f1e8e0dc68a0baa
SV5_HUB_28af5221504bbe547fe5,204,264,SOLID,51,66,SV5_HUB_28af5221504bbe547fe5@51:66,UNKNOWN,SOLID,8b4e71be724a084e25699799da11596206b2fc4c84299bd84f1e8e0dc68a0baa
SV5_HUB_28af5221504bbe547fe5,205,264,SOLID,51,66,SV5_HUB_28af5221504bbe547fe5@51:66,UNKNOWN,SOLID,8b4e71be724a084e25699799da11596206b2fc4c84299bd84f1e8e0dc68a0baa
SV5_HUB_28af5221504bbe547fe5,206,264,SOLID,51,66,SV5_HUB_28af5221504bbe547fe5@51:66,UNKNOWN,SOLID,8b4e71be724a084e25699799da11596206b2fc4c84299bd84f1e8e0dc68a0baa
SV5_HUB_28af5221504bbe547fe5,207,264,SOLID,51,66,SV5_HUB_28af5221504bbe547fe5@51:66,UNKNOWN,SOLID,8b4e71be724a084e25699799da11596206b2fc4c84299bd84f1e8e0dc68a0baa
SV5_HUB_28af5221504bbe547fe5,184,265,PORT_NECK,46,66,SV5_HUB_28af5221504bbe547fe5@46:66,UNKNOWN,AIR,8b4e71be724a084e25699799da11596206b2fc4c84299bd84f1e8e0dc68a0baa
SV5_HUB_28af5221504bbe547fe5,185,265,PORT_NECK,46,66,SV5_HUB_28af5221504bbe547fe5@46:66,UNKNOWN,AIR,8b4e71be724a084e25699799da11596206b2fc4c84299bd84f1e8e0dc68a0baa
SV5_HUB_28af5221504bbe547fe5,186,265,PORT_NECK,46,66,SV5_HUB_28af5221504bbe547fe5@46:66,UNKNOWN,AIR,8b4e71be724a084e25699799da11596206b2fc4c84299bd84f1e8e0dc68a0baa
SV5_HUB_28af5221504bbe547fe5,187,265,PORT_NECK,46,66,SV5_HUB_28af5221504bbe547fe5@46:66,UNKNOWN,AIR,8b4e71be724a084e25699799da11596206b2fc4c84299bd84f1e8e0dc68a0baa
SV5_HUB_28af5221504bbe547fe5,188,265,PORT_NECK,47,66,SV5_HUB_28af5221504bbe547fe5@47:66,UNKNOWN,AIR,8b4e71be724a084e25699799da11596206b2fc4c84299bd84f1e8e0dc68a0baa
SV5_HUB_28af5221504bbe547fe5,189,265,PORT_NECK,47,66,SV5_HUB_28af5221504bbe547fe5@47:66,UNKNOWN,AIR,8b4e71be724a084e25699799da11596206b2fc4c84299bd84f1e8e0dc68a0baa
SV5_HUB_28af5221504bbe547fe5,190,265,PORT_NECK,47,66,SV5_HUB_28af5221504bbe547fe5@47:66,UNKNOWN,AIR,8b4e71be724a084e25699799da11596206b2fc4c84299bd84f1e8e0dc68a0baa
SV5_HUB_28af5221504bbe547fe5,191,265,AIR,47,66,SV5_HUB_28af5221504bbe547fe5@47:66,UNKNOWN,AIR,8b4e71be724a084e25699799da11596206b2fc4c84299bd84f1e8e0dc68a0baa
SV5_HUB_28af5221504bbe547fe5,192,265,AIR,48,66,SV5_HUB_28af5221504bbe547fe5@48:66,UNKNOWN,AIR,8b4e71be724a084e25699799da11596206b2fc4c84299bd84f1e8e0dc68a0baa
SV5_HUB_28af5221504bbe547fe5,193,265,AIR,48,66,SV5_HUB_28af5221504bbe547fe5@48:66,UNKNOWN,AIR,8b4e71be724a084e25699799da11596206b2fc4c84299bd84f1e8e0dc68a0baa
SV5_HUB_28af5221504bbe547fe5,194,265,RESERVED_TREE,48,66,SV5_HUB_28af5221504bbe547fe5@48:66,UNKNOWN,AIR,8b4e71be724a084e25699799da11596206b2fc4c84299bd84f1e8e0dc68a0baa
SV5_HUB_28af5221504bbe547fe5,195,265,RESERVED_TREE,48,66,SV5_HUB_28af5221504bbe547fe5@48:66,UNKNOWN,AIR,8b4e71be724a084e25699799da11596206b2fc4c84299bd84f1e8e0dc68a0baa
SV5_HUB_28af5221504bbe547fe5,196,265,RESERVED_TREE,49,66,SV5_HUB_28af5221504bbe547fe5@49:66,UNKNOWN,AIR,8b4e71be724a084e25699799da11596206b2fc4c84299bd84f1e8e0dc68a0baa
SV5_HUB_28af5221504bbe547fe5,197,265,RESERVED_TREE,49,66,SV5_HUB_28af5221504bbe547fe5@49:66,UNKNOWN,AIR,8b4e71be724a084e25699799da11596206b2fc4c84299bd84f1e8e0dc68a0baa
SV5_HUB_28af5221504bbe547fe5,198,265,AIR,49,66,SV5_HUB_28af5221504bbe547fe5@49:66,UNKNOWN,AIR,8b4e71be724a084e25699799da11596206b2fc4c84299bd84f1e8e0dc68a0baa
SV5_HUB_28af5221504bbe547fe5,199,265,AIR,49,66,SV5_HUB_28af5221504bbe547fe5@49:66,UNKNOWN,AIR,8b4e71be724a084e25699799da11596206b2fc4c84299bd84f1e8e0dc68a0baa
SV5_HUB_28af5221504bbe547fe5,200,265,AIR,50,66,SV5_HUB_28af5221504bbe547fe5@50:66,UNKNOWN,AIR,8b4e71be724a084e25699799da11596206b2fc4c84299bd84f1e8e0dc68a0baa
SV5_HUB_28af5221504bbe547fe5,201,265,PORT_NECK,50,66,SV5_HUB_28af5221504bbe547fe5@50:66,UNKNOWN,AIR,8b4e71be724a084e25699799da11596206b2fc4c84299bd84f1e8e0dc68a0baa
SV5_HUB_28af5221504bbe547fe5,202,265,PORT_NECK,50,66,SV5_HUB_28af5221504bbe547fe5@50:66,UNKNOWN,AIR,8b4e71be724a084e25699799da11596206b2fc4c84299bd84f1e8e0dc68a0baa
SV5_HUB_28af5221504bbe547fe5,203,265,PORT_NECK,50,66,SV5_HUB_28af5221504bbe547fe5@50:66,UNKNOWN,AIR,8b4e71be724a084e25699799da11596206b2fc4c84299bd84f1e8e0dc68a0baa
SV5_HUB_28af5221504bbe547fe5,204,265,PORT_NECK,51,66,SV5_HUB_28af5221504bbe547fe5@51:66,UNKNOWN,AIR,8b4e71be724a084e25699799da11596206b2fc4c84299bd84f1e8e0dc68a0baa
SV5_HUB_28af5221504bbe547fe5,205,265,PORT_NECK,51,66,SV5_HUB_28af5221504bbe547fe5@51:66,UNKNOWN,AIR,8b4e71be724a084e25699799da11596206b2fc4c84299bd84f1e8e0dc68a0baa
SV5_HUB_28af5221504bbe547fe5,206,265,PORT_NECK,51,66,SV5_HUB_28af5221504bbe547fe5@51:66,UNKNOWN,AIR,8b4e71be724a084e25699799da11596206b2fc4c84299bd84f1e8e0dc68a0baa
SV5_HUB_28af5221504bbe547fe5,207,265,PORT_NECK,51,66,SV5_HUB_28af5221504bbe547fe5@51:66,UNKNOWN,AIR,8b4e71be724a084e25699799da11596206b2fc4c84299bd84f1e8e0dc68a0baa
SV5_HUB_28af5221504bbe547fe5,184,266,PORT_NECK,46,66,SV5_HUB_28af5221504bbe547fe5@46:66,UNKNOWN,AIR,8b4e71be724a084e25699799da11596206b2fc4c84299bd84f1e8e0dc68a0baa
SV5_HUB_28af5221504bbe547fe5,185,266,PORT_NECK,46,66,SV5_HUB_28af5221504bbe547fe5@46:66,UNKNOWN,AIR,8b4e71be724a084e25699799da11596206b2fc4c84299bd84f1e8e0dc68a0baa
SV5_HUB_28af5221504bbe547fe5,186,266,PORT_NECK,46,66,SV5_HUB_28af5221504bbe547fe5@46:66,UNKNOWN,AIR,8b4e71be724a084e25699799da11596206b2fc4c84299bd84f1e8e0dc68a0baa
SV5_HUB_28af5221504bbe547fe5,187,266,PORT_NECK,46,66,SV5_HUB_28af5221504bbe547fe5@46:66,UNKNOWN,AIR,8b4e71be724a084e25699799da11596206b2fc4c84299bd84f1e8e0dc68a0baa
SV5_HUB_28af5221504bbe547fe5,188,266,PORT_NECK,47,66,SV5_HUB_28af5221504bbe547fe5@47:66,UNKNOWN,AIR,8b4e71be724a084e25699799da11596206b2fc4c84299bd84f1e8e0dc68a0baa
SV5_HUB_28af5221504bbe547fe5,189,266,PORT_NECK,47,66,SV5_HUB_28af5221504bbe547fe5@47:66,UNKNOWN,AIR,8b4e71be724a084e25699799da11596206b2fc4c84299bd84f1e8e0dc68a0baa
SV5_HUB_28af5221504bbe547fe5,190,266,PORT_NECK,47,66,SV5_HUB_28af5221504bbe547fe5@47:66,UNKNOWN,AIR,8b4e71be724a084e25699799da11596206b2fc4c84299bd84f1e8e0dc68a0baa
SV5_HUB_28af5221504bbe547fe5,191,266,AIR,47,66,SV5_HUB_28af5221504bbe547fe5@47:66,UNKNOWN,AIR,8b4e71be724a084e25699799da11596206b2fc4c84299bd84f1e8e0dc68a0baa
SV5_HUB_28af5221504bbe547fe5,192,266,AIR,48,66,SV5_HUB_28af5221504bbe547fe5@48:66,UNKNOWN,AIR,8b4e71be724a084e25699799da11596206b2fc4c84299bd84f1e8e0dc68a0baa
SV5_HUB_28af5221504bbe547fe5,193,266,AIR,48,66,SV5_HUB_28af5221504bbe547fe5@48:66,UNKNOWN,AIR,8b4e71be724a084e25699799da11596206b2fc4c84299bd84f1e8e0dc68a0baa
SV5_HUB_28af5221504bbe547fe5,194,266,RESERVED_TREE,48,66,SV5_HUB_28af5221504bbe547fe5@48:66,UNKNOWN,AIR,8b4e71be724a084e25699799da11596206b2fc4c84299bd84f1e8e0dc68a0baa
SV5_HUB_28af5221504bbe547fe5,195,266,RESERVED_TREE,48,66,SV5_HUB_28af5221504bbe547fe5@48:66,UNKNOWN,AIR,8b4e71be724a084e25699799da11596206b2fc4c84299bd84f1e8e0dc68a0baa
SV5_HUB_28af5221504bbe547fe5,196,266,RESERVED_TREE,49,66,SV5_HUB_28af5221504bbe547fe5@49:66,UNKNOWN,AIR,8b4e71be724a084e25699799da11596206b2fc4c84299bd84f1e8e0dc68a0baa
SV5_HUB_28af5221504bbe547fe5,197,266,RESERVED_TREE,49,66,SV5_HUB_28af5221504bbe547fe5@49:66,UNKNOWN,AIR,8b4e71be724a084e25699799da11596206b2fc4c84299bd84f1e8e0dc68a0baa
SV5_HUB_28af5221504bbe547fe5,198,266,AIR,49,66,SV5_HUB_28af5221504bbe547fe5@49:66,UNKNOWN,AIR,8b4e71be724a084e25699799da11596206b2fc4c84299bd84f1e8e0dc68a0baa
SV5_HUB_28af5221504bbe547fe5,199,266,AIR,49,66,SV5_HUB_28af5221504bbe547fe5@49:66,UNKNOWN,AIR,8b4e71be724a084e25699799da11596206b2fc4c84299bd84f1e8e0dc68a0baa
SV5_HUB_28af5221504bbe547fe5,200,266,AIR,50,66,SV5_HUB_28af5221504bbe547fe5@50:66,UNKNOWN,AIR,8b4e71be724a084e25699799da11596206b2fc4c84299bd84f1e8e0dc68a0baa
SV5_HUB_28af5221504bbe547fe5,201,266,PORT_NECK,50,66,SV5_HUB_28af5221504bbe547fe5@50:66,UNKNOWN,AIR,8b4e71be724a084e25699799da11596206b2fc4c84299bd84f1e8e0dc68a0baa
SV5_HUB_28af5221504bbe547fe5,202,266,PORT_NECK,50,66,SV5_HUB_28af5221504bbe547fe5@50:66,UNKNOWN,AIR,8b4e71be724a084e25699799da11596206b2fc4c84299bd84f1e8e0dc68a0baa
SV5_HUB_28af5221504bbe547fe5,203,266,PORT_NECK,50,66,SV5_HUB_28af5221504bbe547fe5@50:66,UNKNOWN,AIR,8b4e71be724a084e25699799da11596206b2fc4c84299bd84f1e8e0dc68a0baa
SV5_HUB_28af5221504bbe547fe5,204,266,PORT_NECK,51,66,SV5_HUB_28af5221504bbe547fe5@51:66,UNKNOWN,AIR,8b4e71be724a084e25699799da11596206b2fc4c84299bd84f1e8e0dc68a0baa
SV5_HUB_28af5221504bbe547fe5,205,266,PORT_NECK,51,66,SV5_HUB_28af5221504bbe547fe5@51:66,UNKNOWN,AIR,8b4e71be724a084e25699799da11596206b2fc4c84299bd84f1e8e0dc68a0baa
SV5_HUB_28af5221504bbe547fe5,206,266,PORT_NECK,51,66,SV5_HUB_28af5221504bbe547fe5@51:66,UNKNOWN,AIR,8b4e71be724a084e25699799da11596206b2fc4c84299bd84f1e8e0dc68a0baa
SV5_HUB_28af5221504bbe547fe5,207,266,PORT_NECK,51,66,SV5_HUB_28af5221504bbe547fe5@51:66,UNKNOWN,AIR,8b4e71be724a084e25699799da11596206b2fc4c84299bd84f1e8e0dc68a0baa
SV5_HUB_28af5221504bbe547fe5,184,267,PORT_NECK,46,66,SV5_HUB_28af5221504bbe547fe5@46:66,UNKNOWN,AIR,8b4e71be724a084e25699799da11596206b2fc4c84299bd84f1e8e0dc68a0baa
SV5_HUB_28af5221504bbe547fe5,185,267,PORT_NECK,46,66,SV5_HUB_28af5221504bbe547fe5@46:66,UNKNOWN,AIR,8b4e71be724a084e25699799da11596206b2fc4c84299bd84f1e8e0dc68a0baa
SV5_HUB_28af5221504bbe547fe5,186,267,PORT_NECK,46,66,SV5_HUB_28af5221504bbe547fe5@46:66,UNKNOWN,AIR,8b4e71be724a084e25699799da11596206b2fc4c84299bd84f1e8e0dc68a0baa
SV5_HUB_28af5221504bbe547fe5,187,267,PORT_NECK,46,66,SV5_HUB_28af5221504bbe547fe5@46:66,UNKNOWN,AIR,8b4e71be724a084e25699799da11596206b2fc4c84299bd84f1e8e0dc68a0baa
SV5_HUB_28af5221504bbe547fe5,188,267,PORT_NECK,47,66,SV5_HUB_28af5221504bbe547fe5@47:66,UNKNOWN,AIR,8b4e71be724a084e25699799da11596206b2fc4c84299bd84f1e8e0dc68a0baa
SV5_HUB_28af5221504bbe547fe5,189,267,PORT_NECK,47,66,SV5_HUB_28af5221504bbe547fe5@47:66,UNKNOWN,AIR,8b4e71be724a084e25699799da11596206b2fc4c84299bd84f1e8e0dc68a0baa
SV5_HUB_28af5221504bbe547fe5,190,267,PORT_NECK,47,66,SV5_HUB_28af5221504bbe547fe5@47:66,UNKNOWN,AIR,8b4e71be724a084e25699799da11596206b2fc4c84299bd84f1e8e0dc68a0baa
SV5_HUB_28af5221504bbe547fe5,191,267,AIR,47,66,SV5_HUB_28af5221504bbe547fe5@47:66,UNKNOWN,AIR,8b4e71be724a084e25699799da11596206b2fc4c84299bd84f1e8e0dc68a0baa
SV5_HUB_28af5221504bbe547fe5,192,267,AIR,48,66,SV5_HUB_28af5221504bbe547fe5@48:66,UNKNOWN,AIR,8b4e71be724a084e25699799da11596206b2fc4c84299bd84f1e8e0dc68a0baa
SV5_HUB_28af5221504bbe547fe5,193,267,AIR,48,66,SV5_HUB_28af5221504bbe547fe5@48:66,UNKNOWN,AIR,8b4e71be724a084e25699799da11596206b2fc4c84299bd84f1e8e0dc68a0baa
SV5_HUB_28af5221504bbe547fe5,194,267,RESERVED_TREE,48,66,SV5_HUB_28af5221504bbe547fe5@48:66,UNKNOWN,AIR,8b4e71be724a084e25699799da11596206b2fc4c84299bd84f1e8e0dc68a0baa
SV5_HUB_28af5221504bbe547fe5,195,267,RESERVED_TREE,48,66,SV5_HUB_28af5221504bbe547fe5@48:66,UNKNOWN,AIR,8b4e71be724a084e25699799da11596206b2fc4c84299bd84f1e8e0dc68a0baa
SV5_HUB_28af5221504bbe547fe5,196,267,RESERVED_TREE,49,66,SV5_HUB_28af5221504bbe547fe5@49:66,UNKNOWN,AIR,8b4e71be724a084e25699799da11596206b2fc4c84299bd84f1e8e0dc68a0baa
SV5_HUB_28af5221504bbe547fe5,197,267,RESERVED_TREE,49,66,SV5_HUB_28af5221504bbe547fe5@49:66,UNKNOWN,AIR,8b4e71be724a084e25699799da11596206b2fc4c84299bd84f1e8e0dc68a0baa
SV5_HUB_28af5221504bbe547fe5,198,267,AIR,49,66,SV5_HUB_28af5221504bbe547fe5@49:66,UNKNOWN,AIR,8b4e71be724a084e25699799da11596206b2fc4c84299bd84f1e8e0dc68a0baa
SV5_HUB_28af5221504bbe547fe5,199,267,AIR,49,66,SV5_HUB_28af5221504bbe547fe5@49:66,UNKNOWN,AIR,8b4e71be724a084e25699799da11596206b2fc4c84299bd84f1e8e0dc68a0baa
SV5_HUB_28af5221504bbe547fe5,200,267,AIR,50,66,SV5_HUB_28af5221504bbe547fe5@50:66,UNKNOWN,AIR,8b4e71be724a084e25699799da11596206b2fc4c84299bd84f1e8e0dc68a0baa
SV5_HUB_28af5221504bbe547fe5,201,267,PORT_NECK,50,66,SV5_HUB_28af5221504bbe547fe5@50:66,UNKNOWN,AIR,8b4e71be724a084e25699799da11596206b2fc4c84299bd84f1e8e0dc68a0baa
SV5_HUB_28af5221504bbe547fe5,202,267,PORT_NECK,50,66,SV5_HUB_28af5221504bbe547fe5@50:66,UNKNOWN,AIR,8b4e71be724a084e25699799da11596206b2fc4c84299bd84f1e8e0dc68a0baa
SV5_HUB_28af5221504bbe547fe5,203,267,PORT_NECK,50,66,SV5_HUB_28af5221504bbe547fe5@50:66,UNKNOWN,AIR,8b4e71be724a084e25699799da11596206b2fc4c84299bd84f1e8e0dc68a0baa
SV5_HUB_28af5221504bbe547fe5,204,267,PORT_NECK,51,66,SV5_HUB_28af5221504bbe547fe5@51:66,UNKNOWN,AIR,8b4e71be724a084e25699799da11596206b2fc4c84299bd84f1e8e0dc68a0baa
SV5_HUB_28af5221504bbe547fe5,205,267,PORT_NECK,51,66,SV5_HUB_28af5221504bbe547fe5@51:66,UNKNOWN,AIR,8b4e71be724a084e25699799da11596206b2fc4c84299bd84f1e8e0dc68a0baa
SV5_HUB_28af5221504bbe547fe5,206,267,PORT_NECK,51,66,SV5_HUB_28af5221504bbe547fe5@51:66,UNKNOWN,AIR,8b4e71be724a084e25699799da11596206b2fc4c84299bd84f1e8e0dc68a0baa
SV5_HUB_28af5221504bbe547fe5,207,267,PORT_NECK,51,66,SV5_HUB_28af5221504bbe547fe5@51:66,UNKNOWN,AIR,8b4e71be724a084e25699799da11596206b2fc4c84299bd84f1e8e0dc68a0baa
SV5_HUB_28af5221504bbe547fe5,184,268,PORT_NECK,46,67,SV5_HUB_28af5221504bbe547fe5@46:67,UNKNOWN,AIR,8b4e71be724a084e25699799da11596206b2fc4c84299bd84f1e8e0dc68a0baa
SV5_HUB_28af5221504bbe547fe5,185,268,PORT_NECK,46,67,SV5_HUB_28af5221504bbe547fe5@46:67,UNKNOWN,AIR,8b4e71be724a084e25699799da11596206b2fc4c84299bd84f1e8e0dc68a0baa
SV5_HUB_28af5221504bbe547fe5,186,268,PORT_NECK,46,67,SV5_HUB_28af5221504bbe547fe5@46:67,UNKNOWN,AIR,8b4e71be724a084e25699799da11596206b2fc4c84299bd84f1e8e0dc68a0baa
SV5_HUB_28af5221504bbe547fe5,187,268,PORT_NECK,46,67,SV5_HUB_28af5221504bbe547fe5@46:67,UNKNOWN,AIR,8b4e71be724a084e25699799da11596206b2fc4c84299bd84f1e8e0dc68a0baa
SV5_HUB_28af5221504bbe547fe5,188,268,PORT_NECK,47,67,SV5_HUB_28af5221504bbe547fe5@47:67,UNKNOWN,AIR,8b4e71be724a084e25699799da11596206b2fc4c84299bd84f1e8e0dc68a0baa
SV5_HUB_28af5221504bbe547fe5,189,268,PORT_NECK,47,67,SV5_HUB_28af5221504bbe547fe5@47:67,UNKNOWN,AIR,8b4e71be724a084e25699799da11596206b2fc4c84299bd84f1e8e0dc68a0baa
SV5_HUB_28af5221504bbe547fe5,190,268,PORT_NECK,47,67,SV5_HUB_28af5221504bbe547fe5@47:67,UNKNOWN,AIR,8b4e71be724a084e25699799da11596206b2fc4c84299bd84f1e8e0dc68a0baa
SV5_HUB_28af5221504bbe547fe5,191,268,AIR,47,67,SV5_HUB_28af5221504bbe547fe5@47:67,UNKNOWN,AIR,8b4e71be724a084e25699799da11596206b2fc4c84299bd84f1e8e0dc68a0baa
SV5_HUB_28af5221504bbe547fe5,192,268,AIR,48,67,SV5_HUB_28af5221504bbe547fe5@48:67,UNKNOWN,AIR,8b4e71be724a084e25699799da11596206b2fc4c84299bd84f1e8e0dc68a0baa
SV5_HUB_28af5221504bbe547fe5,193,268,AIR,48,67,SV5_HUB_28af5221504bbe547fe5@48:67,UNKNOWN,AIR,8b4e71be724a084e25699799da11596206b2fc4c84299bd84f1e8e0dc68a0baa
SV5_HUB_28af5221504bbe547fe5,194,268,RESERVED_TREE,48,67,SV5_HUB_28af5221504bbe547fe5@48:67,UNKNOWN,AIR,8b4e71be724a084e25699799da11596206b2fc4c84299bd84f1e8e0dc68a0baa
SV5_HUB_28af5221504bbe547fe5,195,268,RESERVED_TREE,48,67,SV5_HUB_28af5221504bbe547fe5@48:67,UNKNOWN,AIR,8b4e71be724a084e25699799da11596206b2fc4c84299bd84f1e8e0dc68a0baa
SV5_HUB_28af5221504bbe547fe5,196,268,RESERVED_TREE,49,67,SV5_HUB_28af5221504bbe547fe5@49:67,UNKNOWN,AIR,8b4e71be724a084e25699799da11596206b2fc4c84299bd84f1e8e0dc68a0baa
SV5_HUB_28af5221504bbe547fe5,197,268,RESERVED_TREE,49,67,SV5_HUB_28af5221504bbe547fe5@49:67,UNKNOWN,AIR,8b4e71be724a084e25699799da11596206b2fc4c84299bd84f1e8e0dc68a0baa
SV5_HUB_28af5221504bbe547fe5,198,268,AIR,49,67,SV5_HUB_28af5221504bbe547fe5@49:67,UNKNOWN,AIR,8b4e71be724a084e25699799da11596206b2fc4c84299bd84f1e8e0dc68a0baa
SV5_HUB_28af5221504bbe547fe5,199,268,AIR,49,67,SV5_HUB_28af5221504bbe547fe5@49:67,UNKNOWN,AIR,8b4e71be724a084e25699799da11596206b2fc4c84299bd84f1e8e0dc68a0baa
SV5_HUB_28af5221504bbe547fe5,200,268,AIR,50,67,SV5_HUB_28af5221504bbe547fe5@50:67,UNKNOWN,AIR,8b4e71be724a084e25699799da11596206b2fc4c84299bd84f1e8e0dc68a0baa
SV5_HUB_28af5221504bbe547fe5,201,268,PORT_NECK,50,67,SV5_HUB_28af5221504bbe547fe5@50:67,UNKNOWN,AIR,8b4e71be724a084e25699799da11596206b2fc4c84299bd84f1e8e0dc68a0baa
SV5_HUB_28af5221504bbe547fe5,202,268,PORT_NECK,50,67,SV5_HUB_28af5221504bbe547fe5@50:67,UNKNOWN,AIR,8b4e71be724a084e25699799da11596206b2fc4c84299bd84f1e8e0dc68a0baa
SV5_HUB_28af5221504bbe547fe5,203,268,PORT_NECK,50,67,SV5_HUB_28af5221504bbe547fe5@50:67,UNKNOWN,AIR,8b4e71be724a084e25699799da11596206b2fc4c84299bd84f1e8e0dc68a0baa
SV5_HUB_28af5221504bbe547fe5,204,268,PORT_NECK,51,67,SV5_HUB_28af5221504bbe547fe5@51:67,UNKNOWN,AIR,8b4e71be724a084e25699799da11596206b2fc4c84299bd84f1e8e0dc68a0baa
SV5_HUB_28af5221504bbe547fe5,205,268,PORT_NECK,51,67,SV5_HUB_28af5221504bbe547fe5@51:67,UNKNOWN,AIR,8b4e71be724a084e25699799da11596206b2fc4c84299bd84f1e8e0dc68a0baa
SV5_HUB_28af5221504bbe547fe5,206,268,PORT_NECK,51,67,SV5_HUB_28af5221504bbe547fe5@51:67,UNKNOWN,AIR,8b4e71be724a084e25699799da11596206b2fc4c84299bd84f1e8e0dc68a0baa
SV5_HUB_28af5221504bbe547fe5,207,268,PORT_NECK,51,67,SV5_HUB_28af5221504bbe547fe5@51:67,UNKNOWN,AIR,8b4e71be724a084e25699799da11596206b2fc4c84299bd84f1e8e0dc68a0baa
SV5_HUB_28af5221504bbe547fe5,184,269,PORT_NECK,46,67,SV5_HUB_28af5221504bbe547fe5@46:67,UNKNOWN,AIR,8b4e71be724a084e25699799da11596206b2fc4c84299bd84f1e8e0dc68a0baa
SV5_HUB_28af5221504bbe547fe5,185,269,PORT_NECK,46,67,SV5_HUB_28af5221504bbe547fe5@46:67,UNKNOWN,AIR,8b4e71be724a084e25699799da11596206b2fc4c84299bd84f1e8e0dc68a0baa
SV5_HUB_28af5221504bbe547fe5,186,269,PORT_NECK,46,67,SV5_HUB_28af5221504bbe547fe5@46:67,UNKNOWN,AIR,8b4e71be724a084e25699799da11596206b2fc4c84299bd84f1e8e0dc68a0baa
SV5_HUB_28af5221504bbe547fe5,187,269,PORT_NECK,46,67,SV5_HUB_28af5221504bbe547fe5@46:67,UNKNOWN,AIR,8b4e71be724a084e25699799da11596206b2fc4c84299bd84f1e8e0dc68a0baa
SV5_HUB_28af5221504bbe547fe5,188,269,PORT_NECK,47,67,SV5_HUB_28af5221504bbe547fe5@47:67,UNKNOWN,AIR,8b4e71be724a084e25699799da11596206b2fc4c84299bd84f1e8e0dc68a0baa
SV5_HUB_28af5221504bbe547fe5,189,269,PORT_NECK,47,67,SV5_HUB_28af5221504bbe547fe5@47:67,UNKNOWN,AIR,8b4e71be724a084e25699799da11596206b2fc4c84299bd84f1e8e0dc68a0baa
SV5_HUB_28af5221504bbe547fe5,190,269,PORT_NECK,47,67,SV5_HUB_28af5221504bbe547fe5@47:67,UNKNOWN,AIR,8b4e71be724a084e25699799da11596206b2fc4c84299bd84f1e8e0dc68a0baa
SV5_HUB_28af5221504bbe547fe5,191,269,AIR,47,67,SV5_HUB_28af5221504bbe547fe5@47:67,UNKNOWN,AIR,8b4e71be724a084e25699799da11596206b2fc4c84299bd84f1e8e0dc68a0baa
SV5_HUB_28af5221504bbe547fe5,192,269,AIR,48,67,SV5_HUB_28af5221504bbe547fe5@48:67,UNKNOWN,AIR,8b4e71be724a084e25699799da11596206b2fc4c84299bd84f1e8e0dc68a0baa
SV5_HUB_28af5221504bbe547fe5,193,269,AIR,48,67,SV5_HUB_28af5221504bbe547fe5@48:67,UNKNOWN,AIR,8b4e71be724a084e25699799da11596206b2fc4c84299bd84f1e8e0dc68a0baa
SV5_HUB_28af5221504bbe547fe5,194,269,RESERVED_TREE,48,67,SV5_HUB_28af5221504bbe547fe5@48:67,UNKNOWN,AIR,8b4e71be724a084e25699799da11596206b2fc4c84299bd84f1e8e0dc68a0baa
SV5_HUB_28af5221504bbe547fe5,195,269,RESERVED_TREE,48,67,SV5_HUB_28af5221504bbe547fe5@48:67,UNKNOWN,AIR,8b4e71be724a084e25699799da11596206b2fc4c84299bd84f1e8e0dc68a0baa
SV5_HUB_28af5221504bbe547fe5,196,269,RESERVED_TREE,49,67,SV5_HUB_28af5221504bbe547fe5@49:67,UNKNOWN,AIR,8b4e71be724a084e25699799da11596206b2fc4c84299bd84f1e8e0dc68a0baa
SV5_HUB_28af5221504bbe547fe5,197,269,RESERVED_TREE,49,67,SV5_HUB_28af5221504bbe547fe5@49:67,UNKNOWN,AIR,8b4e71be724a084e25699799da11596206b2fc4c84299bd84f1e8e0dc68a0baa
SV5_HUB_28af5221504bbe547fe5,198,269,AIR,49,67,SV5_HUB_28af5221504bbe547fe5@49:67,UNKNOWN,AIR,8b4e71be724a084e25699799da11596206b2fc4c84299bd84f1e8e0dc68a0baa
SV5_HUB_28af5221504bbe547fe5,199,269,AIR,49,67,SV5_HUB_28af5221504bbe547fe5@49:67,UNKNOWN,AIR,8b4e71be724a084e25699799da11596206b2fc4c84299bd84f1e8e0dc68a0baa
SV5_HUB_28af5221504bbe547fe5,200,269,AIR,50,67,SV5_HUB_28af5221504bbe547fe5@50:67,UNKNOWN,AIR,8b4e71be724a084e25699799da11596206b2fc4c84299bd84f1e8e0dc68a0baa
SV5_HUB_28af5221504bbe547fe5,201,269,PORT_NECK,50,67,SV5_HUB_28af5221504bbe547fe5@50:67,UNKNOWN,AIR,8b4e71be724a084e25699799da11596206b2fc4c84299bd84f1e8e0dc68a0baa
SV5_HUB_28af5221504bbe547fe5,202,269,PORT_NECK,50,67,SV5_HUB_28af5221504bbe547fe5@50:67,UNKNOWN,AIR,8b4e71be724a084e25699799da11596206b2fc4c84299bd84f1e8e0dc68a0baa
SV5_HUB_28af5221504bbe547fe5,203,269,PORT_NECK,50,67,SV5_HUB_28af5221504bbe547fe5@50:67,UNKNOWN,AIR,8b4e71be724a084e25699799da11596206b2fc4c84299bd84f1e8e0dc68a0baa
SV5_HUB_28af5221504bbe547fe5,204,269,PORT_NECK,51,67,SV5_HUB_28af5221504bbe547fe5@51:67,UNKNOWN,AIR,8b4e71be724a084e25699799da11596206b2fc4c84299bd84f1e8e0dc68a0baa
SV5_HUB_28af5221504bbe547fe5,205,269,PORT_NECK,51,67,SV5_HUB_28af5221504bbe547fe5@51:67,UNKNOWN,AIR,8b4e71be724a084e25699799da11596206b2fc4c84299bd84f1e8e0dc68a0baa
SV5_HUB_28af5221504bbe547fe5,206,269,PORT_NECK,51,67,SV5_HUB_28af5221504bbe547fe5@51:67,UNKNOWN,AIR,8b4e71be724a084e25699799da11596206b2fc4c84299bd84f1e8e0dc68a0baa
SV5_HUB_28af5221504bbe547fe5,207,269,PORT_NECK,51,67,SV5_HUB_28af5221504bbe547fe5@51:67,UNKNOWN,AIR,8b4e71be724a084e25699799da11596206b2fc4c84299bd84f1e8e0dc68a0baa
SV5_HUB_28af5221504bbe547fe5,184,270,PORT_NECK,46,67,SV5_HUB_28af5221504bbe547fe5@46:67,UNKNOWN,AIR,8b4e71be724a084e25699799da11596206b2fc4c84299bd84f1e8e0dc68a0baa
SV5_HUB_28af5221504bbe547fe5,185,270,PORT_NECK,46,67,SV5_HUB_28af5221504bbe547fe5@46:67,UNKNOWN,AIR,8b4e71be724a084e25699799da11596206b2fc4c84299bd84f1e8e0dc68a0baa
SV5_HUB_28af5221504bbe547fe5,186,270,PORT_NECK,46,67,SV5_HUB_28af5221504bbe547fe5@46:67,UNKNOWN,AIR,8b4e71be724a084e25699799da11596206b2fc4c84299bd84f1e8e0dc68a0baa
SV5_HUB_28af5221504bbe547fe5,187,270,PORT_NECK,46,67,SV5_HUB_28af5221504bbe547fe5@46:67,UNKNOWN,AIR,8b4e71be724a084e25699799da11596206b2fc4c84299bd84f1e8e0dc68a0baa
SV5_HUB_28af5221504bbe547fe5,188,270,PORT_NECK,47,67,SV5_HUB_28af5221504bbe547fe5@47:67,UNKNOWN,AIR,8b4e71be724a084e25699799da11596206b2fc4c84299bd84f1e8e0dc68a0baa
SV5_HUB_28af5221504bbe547fe5,189,270,PORT_NECK,47,67,SV5_HUB_28af5221504bbe547fe5@47:67,UNKNOWN,AIR,8b4e71be724a084e25699799da11596206b2fc4c84299bd84f1e8e0dc68a0baa
SV5_HUB_28af5221504bbe547fe5,190,270,PORT_NECK,47,67,SV5_HUB_28af5221504bbe547fe5@47:67,UNKNOWN,AIR,8b4e71be724a084e25699799da11596206b2fc4c84299bd84f1e8e0dc68a0baa
SV5_HUB_28af5221504bbe547fe5,191,270,AIR,47,67,SV5_HUB_28af5221504bbe547fe5@47:67,UNKNOWN,AIR,8b4e71be724a084e25699799da11596206b2fc4c84299bd84f1e8e0dc68a0baa
SV5_HUB_28af5221504bbe547fe5,192,270,AIR,48,67,SV5_HUB_28af5221504bbe547fe5@48:67,UNKNOWN,AIR,8b4e71be724a084e25699799da11596206b2fc4c84299bd84f1e8e0dc68a0baa
SV5_HUB_28af5221504bbe547fe5,193,270,AIR,48,67,SV5_HUB_28af5221504bbe547fe5@48:67,UNKNOWN,AIR,8b4e71be724a084e25699799da11596206b2fc4c84299bd84f1e8e0dc68a0baa
SV5_HUB_28af5221504bbe547fe5,194,270,RESERVED_TREE,48,67,SV5_HUB_28af5221504bbe547fe5@48:67,UNKNOWN,AIR,8b4e71be724a084e25699799da11596206b2fc4c84299bd84f1e8e0dc68a0baa
SV5_HUB_28af5221504bbe547fe5,195,270,RESERVED_TREE,48,67,SV5_HUB_28af5221504bbe547fe5@48:67,UNKNOWN,AIR,8b4e71be724a084e25699799da11596206b2fc4c84299bd84f1e8e0dc68a0baa
SV5_HUB_28af5221504bbe547fe5,196,270,RESERVED_TREE,49,67,SV5_HUB_28af5221504bbe547fe5@49:67,UNKNOWN,AIR,8b4e71be724a084e25699799da11596206b2fc4c84299bd84f1e8e0dc68a0baa
SV5_HUB_28af5221504bbe547fe5,197,270,RESERVED_TREE,49,67,SV5_HUB_28af5221504bbe547fe5@49:67,UNKNOWN,AIR,8b4e71be724a084e25699799da11596206b2fc4c84299bd84f1e8e0dc68a0baa
SV5_HUB_28af5221504bbe547fe5,198,270,AIR,49,67,SV5_HUB_28af5221504bbe547fe5@49:67,UNKNOWN,AIR,8b4e71be724a084e25699799da11596206b2fc4c84299bd84f1e8e0dc68a0baa
SV5_HUB_28af5221504bbe547fe5,199,270,AIR,49,67,SV5_HUB_28af5221504bbe547fe5@49:67,UNKNOWN,AIR,8b4e71be724a084e25699799da11596206b2fc4c84299bd84f1e8e0dc68a0baa
SV5_HUB_28af5221504bbe547fe5,200,270,AIR,50,67,SV5_HUB_28af5221504bbe547fe5@50:67,UNKNOWN,AIR,8b4e71be724a084e25699799da11596206b2fc4c84299bd84f1e8e0dc68a0baa
SV5_HUB_28af5221504bbe547fe5,201,270,PORT_NECK,50,67,SV5_HUB_28af5221504bbe547fe5@50:67,UNKNOWN,AIR,8b4e71be724a084e25699799da11596206b2fc4c84299bd84f1e8e0dc68a0baa
SV5_HUB_28af5221504bbe547fe5,202,270,PORT_NECK,50,67,SV5_HUB_28af5221504bbe547fe5@50:67,UNKNOWN,AIR,8b4e71be724a084e25699799da11596206b2fc4c84299bd84f1e8e0dc68a0baa
SV5_HUB_28af5221504bbe547fe5,203,270,PORT_NECK,50,67,SV5_HUB_28af5221504bbe547fe5@50:67,UNKNOWN,AIR,8b4e71be724a084e25699799da11596206b2fc4c84299bd84f1e8e0dc68a0baa
SV5_HUB_28af5221504bbe547fe5,204,270,PORT_NECK,51,67,SV5_HUB_28af5221504bbe547fe5@51:67,UNKNOWN,AIR,8b4e71be724a084e25699799da11596206b2fc4c84299bd84f1e8e0dc68a0baa
SV5_HUB_28af5221504bbe547fe5,205,270,PORT_NECK,51,67,SV5_HUB_28af5221504bbe547fe5@51:67,UNKNOWN,AIR,8b4e71be724a084e25699799da11596206b2fc4c84299bd84f1e8e0dc68a0baa
SV5_HUB_28af5221504bbe547fe5,206,270,PORT_NECK,51,67,SV5_HUB_28af5221504bbe547fe5@51:67,UNKNOWN,AIR,8b4e71be724a084e25699799da11596206b2fc4c84299bd84f1e8e0dc68a0baa
SV5_HUB_28af5221504bbe547fe5,207,270,PORT_NECK,51,67,SV5_HUB_28af5221504bbe547fe5@51:67,UNKNOWN,AIR,8b4e71be724a084e25699799da11596206b2fc4c84299bd84f1e8e0dc68a0baa
SV5_HUB_28af5221504bbe547fe5,184,271,PORT_NECK,46,67,SV5_HUB_28af5221504bbe547fe5@46:67,UNKNOWN,AIR,8b4e71be724a084e25699799da11596206b2fc4c84299bd84f1e8e0dc68a0baa
SV5_HUB_28af5221504bbe547fe5,185,271,PORT_NECK,46,67,SV5_HUB_28af5221504bbe547fe5@46:67,UNKNOWN,AIR,8b4e71be724a084e25699799da11596206b2fc4c84299bd84f1e8e0dc68a0baa
SV5_HUB_28af5221504bbe547fe5,186,271,PORT_NECK,46,67,SV5_HUB_28af5221504bbe547fe5@46:67,UNKNOWN,AIR,8b4e71be724a084e25699799da11596206b2fc4c84299bd84f1e8e0dc68a0baa
SV5_HUB_28af5221504bbe547fe5,187,271,PORT_NECK,46,67,SV5_HUB_28af5221504bbe547fe5@46:67,UNKNOWN,AIR,8b4e71be724a084e25699799da11596206b2fc4c84299bd84f1e8e0dc68a0baa
SV5_HUB_28af5221504bbe547fe5,188,271,PORT_NECK,47,67,SV5_HUB_28af5221504bbe547fe5@47:67,UNKNOWN,AIR,8b4e71be724a084e25699799da11596206b2fc4c84299bd84f1e8e0dc68a0baa
SV5_HUB_28af5221504bbe547fe5,189,271,PORT_NECK,47,67,SV5_HUB_28af5221504bbe547fe5@47:67,UNKNOWN,AIR,8b4e71be724a084e25699799da11596206b2fc4c84299bd84f1e8e0dc68a0baa
SV5_HUB_28af5221504bbe547fe5,190,271,PORT_NECK,47,67,SV5_HUB_28af5221504bbe547fe5@47:67,UNKNOWN,AIR,8b4e71be724a084e25699799da11596206b2fc4c84299bd84f1e8e0dc68a0baa
SV5_HUB_28af5221504bbe547fe5,191,271,AIR,47,67,SV5_HUB_28af5221504bbe547fe5@47:67,UNKNOWN,AIR,8b4e71be724a084e25699799da11596206b2fc4c84299bd84f1e8e0dc68a0baa
SV5_HUB_28af5221504bbe547fe5,192,271,AIR,48,67,SV5_HUB_28af5221504bbe547fe5@48:67,UNKNOWN,AIR,8b4e71be724a084e25699799da11596206b2fc4c84299bd84f1e8e0dc68a0baa
SV5_HUB_28af5221504bbe547fe5,193,271,AIR,48,67,SV5_HUB_28af5221504bbe547fe5@48:67,UNKNOWN,AIR,8b4e71be724a084e25699799da11596206b2fc4c84299bd84f1e8e0dc68a0baa
SV5_HUB_28af5221504bbe547fe5,194,271,RESERVED_TREE,48,67,SV5_HUB_28af5221504bbe547fe5@48:67,UNKNOWN,AIR,8b4e71be724a084e25699799da11596206b2fc4c84299bd84f1e8e0dc68a0baa
SV5_HUB_28af5221504bbe547fe5,195,271,RESERVED_TREE,48,67,SV5_HUB_28af5221504bbe547fe5@48:67,UNKNOWN,AIR,8b4e71be724a084e25699799da11596206b2fc4c84299bd84f1e8e0dc68a0baa
SV5_HUB_28af5221504bbe547fe5,196,271,RESERVED_TREE,49,67,SV5_HUB_28af5221504bbe547fe5@49:67,UNKNOWN,AIR,8b4e71be724a084e25699799da11596206b2fc4c84299bd84f1e8e0dc68a0baa
SV5_HUB_28af5221504bbe547fe5,197,271,RESERVED_TREE,49,67,SV5_HUB_28af5221504bbe547fe5@49:67,UNKNOWN,AIR,8b4e71be724a084e25699799da11596206b2fc4c84299bd84f1e8e0dc68a0baa
SV5_HUB_28af5221504bbe547fe5,198,271,AIR,49,67,SV5_HUB_28af5221504bbe547fe5@49:67,UNKNOWN,AIR,8b4e71be724a084e25699799da11596206b2fc4c84299bd84f1e8e0dc68a0baa
SV5_HUB_28af5221504bbe547fe5,199,271,AIR,49,67,SV5_HUB_28af5221504bbe547fe5@49:67,UNKNOWN,AIR,8b4e71be724a084e25699799da11596206b2fc4c84299bd84f1e8e0dc68a0baa
SV5_HUB_28af5221504bbe547fe5,200,271,AIR,50,67,SV5_HUB_28af5221504bbe547fe5@50:67,UNKNOWN,AIR,8b4e71be724a084e25699799da11596206b2fc4c84299bd84f1e8e0dc68a0baa
SV5_HUB_28af5221504bbe547fe5,201,271,PORT_NECK,50,67,SV5_HUB_28af5221504bbe547fe5@50:67,UNKNOWN,AIR,8b4e71be724a084e25699799da11596206b2fc4c84299bd84f1e8e0dc68a0baa
SV5_HUB_28af5221504bbe547fe5,202,271,PORT_NECK,50,67,SV5_HUB_28af5221504bbe547fe5@50:67,UNKNOWN,AIR,8b4e71be724a084e25699799da11596206b2fc4c84299bd84f1e8e0dc68a0baa
SV5_HUB_28af5221504bbe547fe5,203,271,PORT_NECK,50,67,SV5_HUB_28af5221504bbe547fe5@50:67,UNKNOWN,AIR,8b4e71be724a084e25699799da11596206b2fc4c84299bd84f1e8e0dc68a0baa
SV5_HUB_28af5221504bbe547fe5,204,271,PORT_NECK,51,67,SV5_HUB_28af5221504bbe547fe5@51:67,UNKNOWN,AIR,8b4e71be724a084e25699799da11596206b2fc4c84299bd84f1e8e0dc68a0baa
SV5_HUB_28af5221504bbe547fe5,205,271,PORT_NECK,51,67,SV5_HUB_28af5221504bbe547fe5@51:67,UNKNOWN,AIR,8b4e71be724a084e25699799da11596206b2fc4c84299bd84f1e8e0dc68a0baa
SV5_HUB_28af5221504bbe547fe5,206,271,PORT_NECK,51,67,SV5_HUB_28af5221504bbe547fe5@51:67,UNKNOWN,AIR,8b4e71be724a084e25699799da11596206b2fc4c84299bd84f1e8e0dc68a0baa
SV5_HUB_28af5221504bbe547fe5,207,271,PORT_NECK,51,67,SV5_HUB_28af5221504bbe547fe5@51:67,UNKNOWN,AIR,8b4e71be724a084e25699799da11596206b2fc4c84299bd84f1e8e0dc68a0baa
SV5_HUB_28af5221504bbe547fe5,184,272,SOLID,46,68,SV5_HUB_28af5221504bbe547fe5@46:68,UNKNOWN,SOLID,8b4e71be724a084e25699799da11596206b2fc4c84299bd84f1e8e0dc68a0baa
SV5_HUB_28af5221504bbe547fe5,185,272,SOLID,46,68,SV5_HUB_28af5221504bbe547fe5@46:68,UNKNOWN,SOLID,8b4e71be724a084e25699799da11596206b2fc4c84299bd84f1e8e0dc68a0baa
SV5_HUB_28af5221504bbe547fe5,186,272,SOLID,46,68,SV5_HUB_28af5221504bbe547fe5@46:68,UNKNOWN,SOLID,8b4e71be724a084e25699799da11596206b2fc4c84299bd84f1e8e0dc68a0baa
SV5_HUB_28af5221504bbe547fe5,187,272,SOLID,46,68,SV5_HUB_28af5221504bbe547fe5@46:68,UNKNOWN,SOLID,8b4e71be724a084e25699799da11596206b2fc4c84299bd84f1e8e0dc68a0baa
SV5_HUB_28af5221504bbe547fe5,188,272,SOLID,47,68,SV5_HUB_28af5221504bbe547fe5@47:68,UNKNOWN,SOLID,8b4e71be724a084e25699799da11596206b2fc4c84299bd84f1e8e0dc68a0baa
SV5_HUB_28af5221504bbe547fe5,189,272,SOLID,47,68,SV5_HUB_28af5221504bbe547fe5@47:68,UNKNOWN,SOLID,8b4e71be724a084e25699799da11596206b2fc4c84299bd84f1e8e0dc68a0baa
SV5_HUB_28af5221504bbe547fe5,190,272,AIR,47,68,SV5_HUB_28af5221504bbe547fe5@47:68,UNKNOWN,AIR,8b4e71be724a084e25699799da11596206b2fc4c84299bd84f1e8e0dc68a0baa
SV5_HUB_28af5221504bbe547fe5,191,272,AIR,47,68,SV5_HUB_28af5221504bbe547fe5@47:68,UNKNOWN,AIR,8b4e71be724a084e25699799da11596206b2fc4c84299bd84f1e8e0dc68a0baa
SV5_HUB_28af5221504bbe547fe5,192,272,AIR,48,68,SV5_HUB_28af5221504bbe547fe5@48:68,UNKNOWN,AIR,8b4e71be724a084e25699799da11596206b2fc4c84299bd84f1e8e0dc68a0baa
SV5_HUB_28af5221504bbe547fe5,193,272,AIR,48,68,SV5_HUB_28af5221504bbe547fe5@48:68,UNKNOWN,AIR,8b4e71be724a084e25699799da11596206b2fc4c84299bd84f1e8e0dc68a0baa
SV5_HUB_28af5221504bbe547fe5,194,272,RESERVED_TREE,48,68,SV5_HUB_28af5221504bbe547fe5@48:68,UNKNOWN,AIR,8b4e71be724a084e25699799da11596206b2fc4c84299bd84f1e8e0dc68a0baa
SV5_HUB_28af5221504bbe547fe5,195,272,RESERVED_TREE,48,68,SV5_HUB_28af5221504bbe547fe5@48:68,UNKNOWN,AIR,8b4e71be724a084e25699799da11596206b2fc4c84299bd84f1e8e0dc68a0baa
SV5_HUB_28af5221504bbe547fe5,196,272,RESERVED_TREE,49,68,SV5_HUB_28af5221504bbe547fe5@49:68,UNKNOWN,AIR,8b4e71be724a084e25699799da11596206b2fc4c84299bd84f1e8e0dc68a0baa
SV5_HUB_28af5221504bbe547fe5,197,272,RESERVED_TREE,49,68,SV5_HUB_28af5221504bbe547fe5@49:68,UNKNOWN,AIR,8b4e71be724a084e25699799da11596206b2fc4c84299bd84f1e8e0dc68a0baa
SV5_HUB_28af5221504bbe547fe5,198,272,AIR,49,68,SV5_HUB_28af5221504bbe547fe5@49:68,UNKNOWN,AIR,8b4e71be724a084e25699799da11596206b2fc4c84299bd84f1e8e0dc68a0baa
SV5_HUB_28af5221504bbe547fe5,199,272,AIR,49,68,SV5_HUB_28af5221504bbe547fe5@49:68,UNKNOWN,AIR,8b4e71be724a084e25699799da11596206b2fc4c84299bd84f1e8e0dc68a0baa
SV5_HUB_28af5221504bbe547fe5,200,272,AIR,50,68,SV5_HUB_28af5221504bbe547fe5@50:68,UNKNOWN,AIR,8b4e71be724a084e25699799da11596206b2fc4c84299bd84f1e8e0dc68a0baa
SV5_HUB_28af5221504bbe547fe5,201,272,AIR,50,68,SV5_HUB_28af5221504bbe547fe5@50:68,UNKNOWN,AIR,8b4e71be724a084e25699799da11596206b2fc4c84299bd84f1e8e0dc68a0baa
SV5_HUB_28af5221504bbe547fe5,202,272,SOLID,50,68,SV5_HUB_28af5221504bbe547fe5@50:68,UNKNOWN,SOLID,8b4e71be724a084e25699799da11596206b2fc4c84299bd84f1e8e0dc68a0baa
SV5_HUB_28af5221504bbe547fe5,203,272,SOLID,50,68,SV5_HUB_28af5221504bbe547fe5@50:68,UNKNOWN,SOLID,8b4e71be724a084e25699799da11596206b2fc4c84299bd84f1e8e0dc68a0baa
SV5_HUB_28af5221504bbe547fe5,204,272,SOLID,51,68,SV5_HUB_28af5221504bbe547fe5@51:68,UNKNOWN,SOLID,8b4e71be724a084e25699799da11596206b2fc4c84299bd84f1e8e0dc68a0baa
SV5_HUB_28af5221504bbe547fe5,205,272,SOLID,51,68,SV5_HUB_28af5221504bbe547fe5@51:68,UNKNOWN,SOLID,8b4e71be724a084e25699799da11596206b2fc4c84299bd84f1e8e0dc68a0baa
SV5_HUB_28af5221504bbe547fe5,206,272,SOLID,51,68,SV5_HUB_28af5221504bbe547fe5@51:68,UNKNOWN,SOLID,8b4e71be724a084e25699799da11596206b2fc4c84299bd84f1e8e0dc68a0baa
SV5_HUB_28af5221504bbe547fe5,207,272,SOLID,51,68,SV5_HUB_28af5221504bbe547fe5@51:68,UNKNOWN,SOLID,8b4e71be724a084e25699799da11596206b2fc4c84299bd84f1e8e0dc68a0baa
SV5_HUB_28af5221504bbe547fe5,184,273,SOLID,46,68,SV5_HUB_28af5221504bbe547fe5@46:68,UNKNOWN,SOLID,8b4e71be724a084e25699799da11596206b2fc4c84299bd84f1e8e0dc68a0baa
SV5_HUB_28af5221504bbe547fe5,185,273,SOLID,46,68,SV5_HUB_28af5221504bbe547fe5@46:68,UNKNOWN,SOLID,8b4e71be724a084e25699799da11596206b2fc4c84299bd84f1e8e0dc68a0baa
SV5_HUB_28af5221504bbe547fe5,186,273,SOLID,46,68,SV5_HUB_28af5221504bbe547fe5@46:68,UNKNOWN,SOLID,8b4e71be724a084e25699799da11596206b2fc4c84299bd84f1e8e0dc68a0baa
SV5_HUB_28af5221504bbe547fe5,187,273,SOLID,46,68,SV5_HUB_28af5221504bbe547fe5@46:68,UNKNOWN,SOLID,8b4e71be724a084e25699799da11596206b2fc4c84299bd84f1e8e0dc68a0baa
SV5_HUB_28af5221504bbe547fe5,188,273,SOLID,47,68,SV5_HUB_28af5221504bbe547fe5@47:68,UNKNOWN,SOLID,8b4e71be724a084e25699799da11596206b2fc4c84299bd84f1e8e0dc68a0baa
SV5_HUB_28af5221504bbe547fe5,189,273,SOLID,47,68,SV5_HUB_28af5221504bbe547fe5@47:68,UNKNOWN,SOLID,8b4e71be724a084e25699799da11596206b2fc4c84299bd84f1e8e0dc68a0baa
SV5_HUB_28af5221504bbe547fe5,190,273,AIR,47,68,SV5_HUB_28af5221504bbe547fe5@47:68,UNKNOWN,AIR,8b4e71be724a084e25699799da11596206b2fc4c84299bd84f1e8e0dc68a0baa
SV5_HUB_28af5221504bbe547fe5,191,273,AIR,47,68,SV5_HUB_28af5221504bbe547fe5@47:68,UNKNOWN,AIR,8b4e71be724a084e25699799da11596206b2fc4c84299bd84f1e8e0dc68a0baa
SV5_HUB_28af5221504bbe547fe5,192,273,AIR,48,68,SV5_HUB_28af5221504bbe547fe5@48:68,UNKNOWN,AIR,8b4e71be724a084e25699799da11596206b2fc4c84299bd84f1e8e0dc68a0baa
SV5_HUB_28af5221504bbe547fe5,193,273,AIR,48,68,SV5_HUB_28af5221504bbe547fe5@48:68,UNKNOWN,AIR,8b4e71be724a084e25699799da11596206b2fc4c84299bd84f1e8e0dc68a0baa
SV5_HUB_28af5221504bbe547fe5,194,273,RESERVED_TREE,48,68,SV5_HUB_28af5221504bbe547fe5@48:68,UNKNOWN,AIR,8b4e71be724a084e25699799da11596206b2fc4c84299bd84f1e8e0dc68a0baa
SV5_HUB_28af5221504bbe547fe5,195,273,RESERVED_TREE,48,68,SV5_HUB_28af5221504bbe547fe5@48:68,UNKNOWN,AIR,8b4e71be724a084e25699799da11596206b2fc4c84299bd84f1e8e0dc68a0baa
SV5_HUB_28af5221504bbe547fe5,196,273,RESERVED_TREE,49,68,SV5_HUB_28af5221504bbe547fe5@49:68,UNKNOWN,AIR,8b4e71be724a084e25699799da11596206b2fc4c84299bd84f1e8e0dc68a0baa
SV5_HUB_28af5221504bbe547fe5,197,273,RESERVED_TREE,49,68,SV5_HUB_28af5221504bbe547fe5@49:68,UNKNOWN,AIR,8b4e71be724a084e25699799da11596206b2fc4c84299bd84f1e8e0dc68a0baa
SV5_HUB_28af5221504bbe547fe5,198,273,AIR,49,68,SV5_HUB_28af5221504bbe547fe5@49:68,UNKNOWN,AIR,8b4e71be724a084e25699799da11596206b2fc4c84299bd84f1e8e0dc68a0baa
SV5_HUB_28af5221504bbe547fe5,199,273,AIR,49,68,SV5_HUB_28af5221504bbe547fe5@49:68,UNKNOWN,AIR,8b4e71be724a084e25699799da11596206b2fc4c84299bd84f1e8e0dc68a0baa
SV5_HUB_28af5221504bbe547fe5,200,273,AIR,50,68,SV5_HUB_28af5221504bbe547fe5@50:68,UNKNOWN,AIR,8b4e71be724a084e25699799da11596206b2fc4c84299bd84f1e8e0dc68a0baa
SV5_HUB_28af5221504bbe547fe5,201,273,AIR,50,68,SV5_HUB_28af5221504bbe547fe5@50:68,UNKNOWN,AIR,8b4e71be724a084e25699799da11596206b2fc4c84299bd84f1e8e0dc68a0baa
SV5_HUB_28af5221504bbe547fe5,202,273,SOLID,50,68,SV5_HUB_28af5221504bbe547fe5@50:68,UNKNOWN,SOLID,8b4e71be724a084e25699799da11596206b2fc4c84299bd84f1e8e0dc68a0baa
SV5_HUB_28af5221504bbe547fe5,203,273,SOLID,50,68,SV5_HUB_28af5221504bbe547fe5@50:68,UNKNOWN,SOLID,8b4e71be724a084e25699799da11596206b2fc4c84299bd84f1e8e0dc68a0baa
SV5_HUB_28af5221504bbe547fe5,204,273,SOLID,51,68,SV5_HUB_28af5221504bbe547fe5@51:68,UNKNOWN,SOLID,8b4e71be724a084e25699799da11596206b2fc4c84299bd84f1e8e0dc68a0baa
SV5_HUB_28af5221504bbe547fe5,205,273,SOLID,51,68,SV5_HUB_28af5221504bbe547fe5@51:68,UNKNOWN,SOLID,8b4e71be724a084e25699799da11596206b2fc4c84299bd84f1e8e0dc68a0baa
SV5_HUB_28af5221504bbe547fe5,206,273,SOLID,51,68,SV5_HUB_28af5221504bbe547fe5@51:68,UNKNOWN,SOLID,8b4e71be724a084e25699799da11596206b2fc4c84299bd84f1e8e0dc68a0baa
SV5_HUB_28af5221504bbe547fe5,207,273,SOLID,51,68,SV5_HUB_28af5221504bbe547fe5@51:68,UNKNOWN,SOLID,8b4e71be724a084e25699799da11596206b2fc4c84299bd84f1e8e0dc68a0baa
SV5_HUB_28af5221504bbe547fe5,184,274,SOLID,46,68,SV5_HUB_28af5221504bbe547fe5@46:68,UNKNOWN,SOLID,8b4e71be724a084e25699799da11596206b2fc4c84299bd84f1e8e0dc68a0baa
SV5_HUB_28af5221504bbe547fe5,185,274,SOLID,46,68,SV5_HUB_28af5221504bbe547fe5@46:68,UNKNOWN,SOLID,8b4e71be724a084e25699799da11596206b2fc4c84299bd84f1e8e0dc68a0baa
SV5_HUB_28af5221504bbe547fe5,186,274,SOLID,46,68,SV5_HUB_28af5221504bbe547fe5@46:68,UNKNOWN,SOLID,8b4e71be724a084e25699799da11596206b2fc4c84299bd84f1e8e0dc68a0baa
SV5_HUB_28af5221504bbe547fe5,187,274,SOLID,46,68,SV5_HUB_28af5221504bbe547fe5@46:68,UNKNOWN,SOLID,8b4e71be724a084e25699799da11596206b2fc4c84299bd84f1e8e0dc68a0baa
SV5_HUB_28af5221504bbe547fe5,188,274,SOLID,47,68,SV5_HUB_28af5221504bbe547fe5@47:68,UNKNOWN,SOLID,8b4e71be724a084e25699799da11596206b2fc4c84299bd84f1e8e0dc68a0baa
SV5_HUB_28af5221504bbe547fe5,189,274,SOLID,47,68,SV5_HUB_28af5221504bbe547fe5@47:68,UNKNOWN,SOLID,8b4e71be724a084e25699799da11596206b2fc4c84299bd84f1e8e0dc68a0baa
SV5_HUB_28af5221504bbe547fe5,190,274,AIR,47,68,SV5_HUB_28af5221504bbe547fe5@47:68,UNKNOWN,AIR,8b4e71be724a084e25699799da11596206b2fc4c84299bd84f1e8e0dc68a0baa
SV5_HUB_28af5221504bbe547fe5,191,274,AIR,47,68,SV5_HUB_28af5221504bbe547fe5@47:68,UNKNOWN,AIR,8b4e71be724a084e25699799da11596206b2fc4c84299bd84f1e8e0dc68a0baa
SV5_HUB_28af5221504bbe547fe5,192,274,AIR,48,68,SV5_HUB_28af5221504bbe547fe5@48:68,UNKNOWN,AIR,8b4e71be724a084e25699799da11596206b2fc4c84299bd84f1e8e0dc68a0baa
SV5_HUB_28af5221504bbe547fe5,193,274,AIR,48,68,SV5_HUB_28af5221504bbe547fe5@48:68,UNKNOWN,AIR,8b4e71be724a084e25699799da11596206b2fc4c84299bd84f1e8e0dc68a0baa
SV5_HUB_28af5221504bbe547fe5,194,274,RESERVED_TREE,48,68,SV5_HUB_28af5221504bbe547fe5@48:68,UNKNOWN,AIR,8b4e71be724a084e25699799da11596206b2fc4c84299bd84f1e8e0dc68a0baa
SV5_HUB_28af5221504bbe547fe5,195,274,RESERVED_TREE,48,68,SV5_HUB_28af5221504bbe547fe5@48:68,UNKNOWN,AIR,8b4e71be724a084e25699799da11596206b2fc4c84299bd84f1e8e0dc68a0baa
SV5_HUB_28af5221504bbe547fe5,196,274,RESERVED_TREE,49,68,SV5_HUB_28af5221504bbe547fe5@49:68,UNKNOWN,AIR,8b4e71be724a084e25699799da11596206b2fc4c84299bd84f1e8e0dc68a0baa
SV5_HUB_28af5221504bbe547fe5,197,274,RESERVED_TREE,49,68,SV5_HUB_28af5221504bbe547fe5@49:68,UNKNOWN,AIR,8b4e71be724a084e25699799da11596206b2fc4c84299bd84f1e8e0dc68a0baa
SV5_HUB_28af5221504bbe547fe5,198,274,AIR,49,68,SV5_HUB_28af5221504bbe547fe5@49:68,UNKNOWN,AIR,8b4e71be724a084e25699799da11596206b2fc4c84299bd84f1e8e0dc68a0baa
SV5_HUB_28af5221504bbe547fe5,199,274,AIR,49,68,SV5_HUB_28af5221504bbe547fe5@49:68,UNKNOWN,AIR,8b4e71be724a084e25699799da11596206b2fc4c84299bd84f1e8e0dc68a0baa
SV5_HUB_28af5221504bbe547fe5,200,274,AIR,50,68,SV5_HUB_28af5221504bbe547fe5@50:68,UNKNOWN,AIR,8b4e71be724a084e25699799da11596206b2fc4c84299bd84f1e8e0dc68a0baa
SV5_HUB_28af5221504bbe547fe5,201,274,AIR,50,68,SV5_HUB_28af5221504bbe547fe5@50:68,UNKNOWN,AIR,8b4e71be724a084e25699799da11596206b2fc4c84299bd84f1e8e0dc68a0baa
SV5_HUB_28af5221504bbe547fe5,202,274,SOLID,50,68,SV5_HUB_28af5221504bbe547fe5@50:68,UNKNOWN,SOLID,8b4e71be724a084e25699799da11596206b2fc4c84299bd84f1e8e0dc68a0baa
SV5_HUB_28af5221504bbe547fe5,203,274,SOLID,50,68,SV5_HUB_28af5221504bbe547fe5@50:68,UNKNOWN,SOLID,8b4e71be724a084e25699799da11596206b2fc4c84299bd84f1e8e0dc68a0baa
SV5_HUB_28af5221504bbe547fe5,204,274,SOLID,51,68,SV5_HUB_28af5221504bbe547fe5@51:68,UNKNOWN,SOLID,8b4e71be724a084e25699799da11596206b2fc4c84299bd84f1e8e0dc68a0baa
SV5_HUB_28af5221504bbe547fe5,205,274,SOLID,51,68,SV5_HUB_28af5221504bbe547fe5@51:68,UNKNOWN,SOLID,8b4e71be724a084e25699799da11596206b2fc4c84299bd84f1e8e0dc68a0baa
SV5_HUB_28af5221504bbe547fe5,206,274,SOLID,51,68,SV5_HUB_28af5221504bbe547fe5@51:68,UNKNOWN,SOLID,8b4e71be724a084e25699799da11596206b2fc4c84299bd84f1e8e0dc68a0baa
SV5_HUB_28af5221504bbe547fe5,207,274,SOLID,51,68,SV5_HUB_28af5221504bbe547fe5@51:68,UNKNOWN,SOLID,8b4e71be724a084e25699799da11596206b2fc4c84299bd84f1e8e0dc68a0baa
SV5_HUB_28af5221504bbe547fe5,184,275,SOLID,46,68,SV5_HUB_28af5221504bbe547fe5@46:68,UNKNOWN,SOLID,8b4e71be724a084e25699799da11596206b2fc4c84299bd84f1e8e0dc68a0baa
SV5_HUB_28af5221504bbe547fe5,185,275,SOLID,46,68,SV5_HUB_28af5221504bbe547fe5@46:68,UNKNOWN,SOLID,8b4e71be724a084e25699799da11596206b2fc4c84299bd84f1e8e0dc68a0baa
SV5_HUB_28af5221504bbe547fe5,186,275,SOLID,46,68,SV5_HUB_28af5221504bbe547fe5@46:68,UNKNOWN,SOLID,8b4e71be724a084e25699799da11596206b2fc4c84299bd84f1e8e0dc68a0baa
SV5_HUB_28af5221504bbe547fe5,187,275,SOLID,46,68,SV5_HUB_28af5221504bbe547fe5@46:68,UNKNOWN,SOLID,8b4e71be724a084e25699799da11596206b2fc4c84299bd84f1e8e0dc68a0baa
SV5_HUB_28af5221504bbe547fe5,188,275,SOLID,47,68,SV5_HUB_28af5221504bbe547fe5@47:68,UNKNOWN,SOLID,8b4e71be724a084e25699799da11596206b2fc4c84299bd84f1e8e0dc68a0baa
SV5_HUB_28af5221504bbe547fe5,189,275,SOLID,47,68,SV5_HUB_28af5221504bbe547fe5@47:68,UNKNOWN,SOLID,8b4e71be724a084e25699799da11596206b2fc4c84299bd84f1e8e0dc68a0baa
SV5_HUB_28af5221504bbe547fe5,190,275,AIR,47,68,SV5_HUB_28af5221504bbe547fe5@47:68,UNKNOWN,AIR,8b4e71be724a084e25699799da11596206b2fc4c84299bd84f1e8e0dc68a0baa
SV5_HUB_28af5221504bbe547fe5,191,275,AIR,47,68,SV5_HUB_28af5221504bbe547fe5@47:68,UNKNOWN,AIR,8b4e71be724a084e25699799da11596206b2fc4c84299bd84f1e8e0dc68a0baa
SV5_HUB_28af5221504bbe547fe5,192,275,AIR,48,68,SV5_HUB_28af5221504bbe547fe5@48:68,UNKNOWN,AIR,8b4e71be724a084e25699799da11596206b2fc4c84299bd84f1e8e0dc68a0baa
SV5_HUB_28af5221504bbe547fe5,193,275,AIR,48,68,SV5_HUB_28af5221504bbe547fe5@48:68,UNKNOWN,AIR,8b4e71be724a084e25699799da11596206b2fc4c84299bd84f1e8e0dc68a0baa
SV5_HUB_28af5221504bbe547fe5,194,275,RESERVED_TREE,48,68,SV5_HUB_28af5221504bbe547fe5@48:68,UNKNOWN,AIR,8b4e71be724a084e25699799da11596206b2fc4c84299bd84f1e8e0dc68a0baa
SV5_HUB_28af5221504bbe547fe5,195,275,RESERVED_TREE,48,68,SV5_HUB_28af5221504bbe547fe5@48:68,UNKNOWN,AIR,8b4e71be724a084e25699799da11596206b2fc4c84299bd84f1e8e0dc68a0baa
SV5_HUB_28af5221504bbe547fe5,196,275,RESERVED_TREE,49,68,SV5_HUB_28af5221504bbe547fe5@49:68,UNKNOWN,AIR,8b4e71be724a084e25699799da11596206b2fc4c84299bd84f1e8e0dc68a0baa
SV5_HUB_28af5221504bbe547fe5,197,275,RESERVED_TREE,49,68,SV5_HUB_28af5221504bbe547fe5@49:68,UNKNOWN,AIR,8b4e71be724a084e25699799da11596206b2fc4c84299bd84f1e8e0dc68a0baa
SV5_HUB_28af5221504bbe547fe5,198,275,AIR,49,68,SV5_HUB_28af5221504bbe547fe5@49:68,UNKNOWN,AIR,8b4e71be724a084e25699799da11596206b2fc4c84299bd84f1e8e0dc68a0baa
SV5_HUB_28af5221504bbe547fe5,199,275,AIR,49,68,SV5_HUB_28af5221504bbe547fe5@49:68,UNKNOWN,AIR,8b4e71be724a084e25699799da11596206b2fc4c84299bd84f1e8e0dc68a0baa
SV5_HUB_28af5221504bbe547fe5,200,275,AIR,50,68,SV5_HUB_28af5221504bbe547fe5@50:68,UNKNOWN,AIR,8b4e71be724a084e25699799da11596206b2fc4c84299bd84f1e8e0dc68a0baa
SV5_HUB_28af5221504bbe547fe5,201,275,AIR,50,68,SV5_HUB_28af5221504bbe547fe5@50:68,UNKNOWN,AIR,8b4e71be724a084e25699799da11596206b2fc4c84299bd84f1e8e0dc68a0baa
SV5_HUB_28af5221504bbe547fe5,202,275,SOLID,50,68,SV5_HUB_28af5221504bbe547fe5@50:68,UNKNOWN,SOLID,8b4e71be724a084e25699799da11596206b2fc4c84299bd84f1e8e0dc68a0baa
SV5_HUB_28af5221504bbe547fe5,203,275,SOLID,50,68,SV5_HUB_28af5221504bbe547fe5@50:68,UNKNOWN,SOLID,8b4e71be724a084e25699799da11596206b2fc4c84299bd84f1e8e0dc68a0baa
SV5_HUB_28af5221504bbe547fe5,204,275,SOLID,51,68,SV5_HUB_28af5221504bbe547fe5@51:68,UNKNOWN,SOLID,8b4e71be724a084e25699799da11596206b2fc4c84299bd84f1e8e0dc68a0baa
SV5_HUB_28af5221504bbe547fe5,205,275,SOLID,51,68,SV5_HUB_28af5221504bbe547fe5@51:68,UNKNOWN,SOLID,8b4e71be724a084e25699799da11596206b2fc4c84299bd84f1e8e0dc68a0baa
SV5_HUB_28af5221504bbe547fe5,206,275,SOLID,51,68,SV5_HUB_28af5221504bbe547fe5@51:68,UNKNOWN,SOLID,8b4e71be724a084e25699799da11596206b2fc4c84299bd84f1e8e0dc68a0baa
SV5_HUB_28af5221504bbe547fe5,207,275,SOLID,51,68,SV5_HUB_28af5221504bbe547fe5@51:68,UNKNOWN,SOLID,8b4e71be724a084e25699799da11596206b2fc4c84299bd84f1e8e0dc68a0baa
SV5_HUB_28af5221504bbe547fe5,184,276,PORT_NECK,46,69,SV5_HUB_28af5221504bbe547fe5@46:69,UNKNOWN,AIR,8b4e71be724a084e25699799da11596206b2fc4c84299bd84f1e8e0dc68a0baa
SV5_HUB_28af5221504bbe547fe5,185,276,PORT_NECK,46,69,SV5_HUB_28af5221504bbe547fe5@46:69,UNKNOWN,AIR,8b4e71be724a084e25699799da11596206b2fc4c84299bd84f1e8e0dc68a0baa
SV5_HUB_28af5221504bbe547fe5,186,276,PORT_NECK,46,69,SV5_HUB_28af5221504bbe547fe5@46:69,UNKNOWN,AIR,8b4e71be724a084e25699799da11596206b2fc4c84299bd84f1e8e0dc68a0baa
SV5_HUB_28af5221504bbe547fe5,187,276,PORT_NECK,46,69,SV5_HUB_28af5221504bbe547fe5@46:69,UNKNOWN,AIR,8b4e71be724a084e25699799da11596206b2fc4c84299bd84f1e8e0dc68a0baa
SV5_HUB_28af5221504bbe547fe5,188,276,PORT_NECK,47,69,SV5_HUB_28af5221504bbe547fe5@47:69,UNKNOWN,AIR,8b4e71be724a084e25699799da11596206b2fc4c84299bd84f1e8e0dc68a0baa
SV5_HUB_28af5221504bbe547fe5,189,276,PORT_NECK,47,69,SV5_HUB_28af5221504bbe547fe5@47:69,UNKNOWN,AIR,8b4e71be724a084e25699799da11596206b2fc4c84299bd84f1e8e0dc68a0baa
SV5_HUB_28af5221504bbe547fe5,190,276,PORT_NECK,47,69,SV5_HUB_28af5221504bbe547fe5@47:69,UNKNOWN,AIR,8b4e71be724a084e25699799da11596206b2fc4c84299bd84f1e8e0dc68a0baa
SV5_HUB_28af5221504bbe547fe5,191,276,AIR,47,69,SV5_HUB_28af5221504bbe547fe5@47:69,UNKNOWN,AIR,8b4e71be724a084e25699799da11596206b2fc4c84299bd84f1e8e0dc68a0baa
SV5_HUB_28af5221504bbe547fe5,192,276,AIR,48,69,SV5_HUB_28af5221504bbe547fe5@48:69,UNKNOWN,AIR,8b4e71be724a084e25699799da11596206b2fc4c84299bd84f1e8e0dc68a0baa
SV5_HUB_28af5221504bbe547fe5,193,276,AIR,48,69,SV5_HUB_28af5221504bbe547fe5@48:69,UNKNOWN,AIR,8b4e71be724a084e25699799da11596206b2fc4c84299bd84f1e8e0dc68a0baa
SV5_HUB_28af5221504bbe547fe5,194,276,RESERVED_TREE,48,69,SV5_HUB_28af5221504bbe547fe5@48:69,UNKNOWN,AIR,8b4e71be724a084e25699799da11596206b2fc4c84299bd84f1e8e0dc68a0baa
SV5_HUB_28af5221504bbe547fe5,195,276,RESERVED_TREE,48,69,SV5_HUB_28af5221504bbe547fe5@48:69,UNKNOWN,AIR,8b4e71be724a084e25699799da11596206b2fc4c84299bd84f1e8e0dc68a0baa
SV5_HUB_28af5221504bbe547fe5,196,276,RESERVED_TREE,49,69,SV5_HUB_28af5221504bbe547fe5@49:69,UNKNOWN,AIR,8b4e71be724a084e25699799da11596206b2fc4c84299bd84f1e8e0dc68a0baa
SV5_HUB_28af5221504bbe547fe5,197,276,RESERVED_TREE,49,69,SV5_HUB_28af5221504bbe547fe5@49:69,UNKNOWN,AIR,8b4e71be724a084e25699799da11596206b2fc4c84299bd84f1e8e0dc68a0baa
SV5_HUB_28af5221504bbe547fe5,198,276,AIR,49,69,SV5_HUB_28af5221504bbe547fe5@49:69,UNKNOWN,AIR,8b4e71be724a084e25699799da11596206b2fc4c84299bd84f1e8e0dc68a0baa
SV5_HUB_28af5221504bbe547fe5,199,276,AIR,49,69,SV5_HUB_28af5221504bbe547fe5@49:69,UNKNOWN,AIR,8b4e71be724a084e25699799da11596206b2fc4c84299bd84f1e8e0dc68a0baa
SV5_HUB_28af5221504bbe547fe5,200,276,AIR,50,69,SV5_HUB_28af5221504bbe547fe5@50:69,UNKNOWN,AIR,8b4e71be724a084e25699799da11596206b2fc4c84299bd84f1e8e0dc68a0baa
SV5_HUB_28af5221504bbe547fe5,201,276,AIR,50,69,SV5_HUB_28af5221504bbe547fe5@50:69,UNKNOWN,AIR,8b4e71be724a084e25699799da11596206b2fc4c84299bd84f1e8e0dc68a0baa
SV5_HUB_28af5221504bbe547fe5,202,276,SOLID,50,69,SV5_HUB_28af5221504bbe547fe5@50:69,UNKNOWN,SOLID,8b4e71be724a084e25699799da11596206b2fc4c84299bd84f1e8e0dc68a0baa
SV5_HUB_28af5221504bbe547fe5,203,276,SOLID,50,69,SV5_HUB_28af5221504bbe547fe5@50:69,UNKNOWN,SOLID,8b4e71be724a084e25699799da11596206b2fc4c84299bd84f1e8e0dc68a0baa
SV5_HUB_28af5221504bbe547fe5,204,276,SOLID,51,69,SV5_HUB_28af5221504bbe547fe5@51:69,UNKNOWN,SOLID,8b4e71be724a084e25699799da11596206b2fc4c84299bd84f1e8e0dc68a0baa
SV5_HUB_28af5221504bbe547fe5,205,276,SOLID,51,69,SV5_HUB_28af5221504bbe547fe5@51:69,UNKNOWN,SOLID,8b4e71be724a084e25699799da11596206b2fc4c84299bd84f1e8e0dc68a0baa
SV5_HUB_28af5221504bbe547fe5,206,276,SOLID,51,69,SV5_HUB_28af5221504bbe547fe5@51:69,UNKNOWN,SOLID,8b4e71be724a084e25699799da11596206b2fc4c84299bd84f1e8e0dc68a0baa
SV5_HUB_28af5221504bbe547fe5,207,276,SOLID,51,69,SV5_HUB_28af5221504bbe547fe5@51:69,UNKNOWN,SOLID,8b4e71be724a084e25699799da11596206b2fc4c84299bd84f1e8e0dc68a0baa
SV5_HUB_28af5221504bbe547fe5,184,277,PORT_NECK,46,69,SV5_HUB_28af5221504bbe547fe5@46:69,UNKNOWN,AIR,8b4e71be724a084e25699799da11596206b2fc4c84299bd84f1e8e0dc68a0baa
SV5_HUB_28af5221504bbe547fe5,185,277,PORT_NECK,46,69,SV5_HUB_28af5221504bbe547fe5@46:69,UNKNOWN,AIR,8b4e71be724a084e25699799da11596206b2fc4c84299bd84f1e8e0dc68a0baa
SV5_HUB_28af5221504bbe547fe5,186,277,PORT_NECK,46,69,SV5_HUB_28af5221504bbe547fe5@46:69,UNKNOWN,AIR,8b4e71be724a084e25699799da11596206b2fc4c84299bd84f1e8e0dc68a0baa
SV5_HUB_28af5221504bbe547fe5,187,277,PORT_NECK,46,69,SV5_HUB_28af5221504bbe547fe5@46:69,UNKNOWN,AIR,8b4e71be724a084e25699799da11596206b2fc4c84299bd84f1e8e0dc68a0baa
SV5_HUB_28af5221504bbe547fe5,188,277,PORT_NECK,47,69,SV5_HUB_28af5221504bbe547fe5@47:69,UNKNOWN,AIR,8b4e71be724a084e25699799da11596206b2fc4c84299bd84f1e8e0dc68a0baa
SV5_HUB_28af5221504bbe547fe5,189,277,PORT_NECK,47,69,SV5_HUB_28af5221504bbe547fe5@47:69,UNKNOWN,AIR,8b4e71be724a084e25699799da11596206b2fc4c84299bd84f1e8e0dc68a0baa
SV5_HUB_28af5221504bbe547fe5,190,277,PORT_NECK,47,69,SV5_HUB_28af5221504bbe547fe5@47:69,UNKNOWN,AIR,8b4e71be724a084e25699799da11596206b2fc4c84299bd84f1e8e0dc68a0baa
SV5_HUB_28af5221504bbe547fe5,191,277,AIR,47,69,SV5_HUB_28af5221504bbe547fe5@47:69,UNKNOWN,AIR,8b4e71be724a084e25699799da11596206b2fc4c84299bd84f1e8e0dc68a0baa
SV5_HUB_28af5221504bbe547fe5,192,277,AIR,48,69,SV5_HUB_28af5221504bbe547fe5@48:69,UNKNOWN,AIR,8b4e71be724a084e25699799da11596206b2fc4c84299bd84f1e8e0dc68a0baa
SV5_HUB_28af5221504bbe547fe5,193,277,AIR,48,69,SV5_HUB_28af5221504bbe547fe5@48:69,UNKNOWN,AIR,8b4e71be724a084e25699799da11596206b2fc4c84299bd84f1e8e0dc68a0baa
SV5_HUB_28af5221504bbe547fe5,194,277,RESERVED_TREE,48,69,SV5_HUB_28af5221504bbe547fe5@48:69,UNKNOWN,AIR,8b4e71be724a084e25699799da11596206b2fc4c84299bd84f1e8e0dc68a0baa
SV5_HUB_28af5221504bbe547fe5,195,277,RESERVED_TREE,48,69,SV5_HUB_28af5221504bbe547fe5@48:69,UNKNOWN,AIR,8b4e71be724a084e25699799da11596206b2fc4c84299bd84f1e8e0dc68a0baa
SV5_HUB_28af5221504bbe547fe5,196,277,RESERVED_TREE,49,69,SV5_HUB_28af5221504bbe547fe5@49:69,UNKNOWN,AIR,8b4e71be724a084e25699799da11596206b2fc4c84299bd84f1e8e0dc68a0baa
SV5_HUB_28af5221504bbe547fe5,197,277,RESERVED_TREE,49,69,SV5_HUB_28af5221504bbe547fe5@49:69,UNKNOWN,AIR,8b4e71be724a084e25699799da11596206b2fc4c84299bd84f1e8e0dc68a0baa
SV5_HUB_28af5221504bbe547fe5,198,277,AIR,49,69,SV5_HUB_28af5221504bbe547fe5@49:69,UNKNOWN,AIR,8b4e71be724a084e25699799da11596206b2fc4c84299bd84f1e8e0dc68a0baa
SV5_HUB_28af5221504bbe547fe5,199,277,AIR,49,69,SV5_HUB_28af5221504bbe547fe5@49:69,UNKNOWN,AIR,8b4e71be724a084e25699799da11596206b2fc4c84299bd84f1e8e0dc68a0baa
SV5_HUB_28af5221504bbe547fe5,200,277,AIR,50,69,SV5_HUB_28af5221504bbe547fe5@50:69,UNKNOWN,AIR,8b4e71be724a084e25699799da11596206b2fc4c84299bd84f1e8e0dc68a0baa
SV5_HUB_28af5221504bbe547fe5,201,277,AIR,50,69,SV5_HUB_28af5221504bbe547fe5@50:69,UNKNOWN,AIR,8b4e71be724a084e25699799da11596206b2fc4c84299bd84f1e8e0dc68a0baa
SV5_HUB_28af5221504bbe547fe5,202,277,SOLID,50,69,SV5_HUB_28af5221504bbe547fe5@50:69,UNKNOWN,SOLID,8b4e71be724a084e25699799da11596206b2fc4c84299bd84f1e8e0dc68a0baa
SV5_HUB_28af5221504bbe547fe5,203,277,SOLID,50,69,SV5_HUB_28af5221504bbe547fe5@50:69,UNKNOWN,SOLID,8b4e71be724a084e25699799da11596206b2fc4c84299bd84f1e8e0dc68a0baa
SV5_HUB_28af5221504bbe547fe5,204,277,SOLID,51,69,SV5_HUB_28af5221504bbe547fe5@51:69,UNKNOWN,SOLID,8b4e71be724a084e25699799da11596206b2fc4c84299bd84f1e8e0dc68a0baa
SV5_HUB_28af5221504bbe547fe5,205,277,SOLID,51,69,SV5_HUB_28af5221504bbe547fe5@51:69,UNKNOWN,SOLID,8b4e71be724a084e25699799da11596206b2fc4c84299bd84f1e8e0dc68a0baa
SV5_HUB_28af5221504bbe547fe5,206,277,SOLID,51,69,SV5_HUB_28af5221504bbe547fe5@51:69,UNKNOWN,SOLID,8b4e71be724a084e25699799da11596206b2fc4c84299bd84f1e8e0dc68a0baa
SV5_HUB_28af5221504bbe547fe5,207,277,SOLID,51,69,SV5_HUB_28af5221504bbe547fe5@51:69,UNKNOWN,SOLID,8b4e71be724a084e25699799da11596206b2fc4c84299bd84f1e8e0dc68a0baa
SV5_HUB_28af5221504bbe547fe5,184,278,PORT_NECK,46,69,SV5_HUB_28af5221504bbe547fe5@46:69,UNKNOWN,AIR,8b4e71be724a084e25699799da11596206b2fc4c84299bd84f1e8e0dc68a0baa
SV5_HUB_28af5221504bbe547fe5,185,278,PORT_NECK,46,69,SV5_HUB_28af5221504bbe547fe5@46:69,UNKNOWN,AIR,8b4e71be724a084e25699799da11596206b2fc4c84299bd84f1e8e0dc68a0baa
SV5_HUB_28af5221504bbe547fe5,186,278,PORT_NECK,46,69,SV5_HUB_28af5221504bbe547fe5@46:69,UNKNOWN,AIR,8b4e71be724a084e25699799da11596206b2fc4c84299bd84f1e8e0dc68a0baa
SV5_HUB_28af5221504bbe547fe5,187,278,PORT_NECK,46,69,SV5_HUB_28af5221504bbe547fe5@46:69,UNKNOWN,AIR,8b4e71be724a084e25699799da11596206b2fc4c84299bd84f1e8e0dc68a0baa
SV5_HUB_28af5221504bbe547fe5,188,278,PORT_NECK,47,69,SV5_HUB_28af5221504bbe547fe5@47:69,UNKNOWN,AIR,8b4e71be724a084e25699799da11596206b2fc4c84299bd84f1e8e0dc68a0baa
SV5_HUB_28af5221504bbe547fe5,189,278,PORT_NECK,47,69,SV5_HUB_28af5221504bbe547fe5@47:69,UNKNOWN,AIR,8b4e71be724a084e25699799da11596206b2fc4c84299bd84f1e8e0dc68a0baa
SV5_HUB_28af5221504bbe547fe5,190,278,PORT_NECK,47,69,SV5_HUB_28af5221504bbe547fe5@47:69,UNKNOWN,AIR,8b4e71be724a084e25699799da11596206b2fc4c84299bd84f1e8e0dc68a0baa
SV5_HUB_28af5221504bbe547fe5,191,278,AIR,47,69,SV5_HUB_28af5221504bbe547fe5@47:69,UNKNOWN,AIR,8b4e71be724a084e25699799da11596206b2fc4c84299bd84f1e8e0dc68a0baa
SV5_HUB_28af5221504bbe547fe5,192,278,AIR,48,69,SV5_HUB_28af5221504bbe547fe5@48:69,UNKNOWN,AIR,8b4e71be724a084e25699799da11596206b2fc4c84299bd84f1e8e0dc68a0baa
SV5_HUB_28af5221504bbe547fe5,193,278,AIR,48,69,SV5_HUB_28af5221504bbe547fe5@48:69,UNKNOWN,AIR,8b4e71be724a084e25699799da11596206b2fc4c84299bd84f1e8e0dc68a0baa
SV5_HUB_28af5221504bbe547fe5,194,278,RESERVED_TREE,48,69,SV5_HUB_28af5221504bbe547fe5@48:69,UNKNOWN,AIR,8b4e71be724a084e25699799da11596206b2fc4c84299bd84f1e8e0dc68a0baa
SV5_HUB_28af5221504bbe547fe5,195,278,RESERVED_TREE,48,69,SV5_HUB_28af5221504bbe547fe5@48:69,UNKNOWN,AIR,8b4e71be724a084e25699799da11596206b2fc4c84299bd84f1e8e0dc68a0baa
SV5_HUB_28af5221504bbe547fe5,196,278,RESERVED_TREE,49,69,SV5_HUB_28af5221504bbe547fe5@49:69,UNKNOWN,AIR,8b4e71be724a084e25699799da11596206b2fc4c84299bd84f1e8e0dc68a0baa
SV5_HUB_28af5221504bbe547fe5,197,278,RESERVED_TREE,49,69,SV5_HUB_28af5221504bbe547fe5@49:69,UNKNOWN,AIR,8b4e71be724a084e25699799da11596206b2fc4c84299bd84f1e8e0dc68a0baa
SV5_HUB_28af5221504bbe547fe5,198,278,AIR,49,69,SV5_HUB_28af5221504bbe547fe5@49:69,UNKNOWN,AIR,8b4e71be724a084e25699799da11596206b2fc4c84299bd84f1e8e0dc68a0baa
SV5_HUB_28af5221504bbe547fe5,199,278,AIR,49,69,SV5_HUB_28af5221504bbe547fe5@49:69,UNKNOWN,AIR,8b4e71be724a084e25699799da11596206b2fc4c84299bd84f1e8e0dc68a0baa
SV5_HUB_28af5221504bbe547fe5,200,278,AIR,50,69,SV5_HUB_28af5221504bbe547fe5@50:69,UNKNOWN,AIR,8b4e71be724a084e25699799da11596206b2fc4c84299bd84f1e8e0dc68a0baa
SV5_HUB_28af5221504bbe547fe5,201,278,AIR,50,69,SV5_HUB_28af5221504bbe547fe5@50:69,UNKNOWN,AIR,8b4e71be724a084e25699799da11596206b2fc4c84299bd84f1e8e0dc68a0baa
SV5_HUB_28af5221504bbe547fe5,202,278,SOLID,50,69,SV5_HUB_28af5221504bbe547fe5@50:69,UNKNOWN,SOLID,8b4e71be724a084e25699799da11596206b2fc4c84299bd84f1e8e0dc68a0baa
SV5_HUB_28af5221504bbe547fe5,203,278,SOLID,50,69,SV5_HUB_28af5221504bbe547fe5@50:69,UNKNOWN,SOLID,8b4e71be724a084e25699799da11596206b2fc4c84299bd84f1e8e0dc68a0baa
SV5_HUB_28af5221504bbe547fe5,204,278,SOLID,51,69,SV5_HUB_28af5221504bbe547fe5@51:69,UNKNOWN,SOLID,8b4e71be724a084e25699799da11596206b2fc4c84299bd84f1e8e0dc68a0baa
SV5_HUB_28af5221504bbe547fe5,205,278,SOLID,51,69,SV5_HUB_28af5221504bbe547fe5@51:69,UNKNOWN,SOLID,8b4e71be724a084e25699799da11596206b2fc4c84299bd84f1e8e0dc68a0baa
SV5_HUB_28af5221504bbe547fe5,206,278,SOLID,51,69,SV5_HUB_28af5221504bbe547fe5@51:69,UNKNOWN,SOLID,8b4e71be724a084e25699799da11596206b2fc4c84299bd84f1e8e0dc68a0baa
SV5_HUB_28af5221504bbe547fe5,207,278,SOLID,51,69,SV5_HUB_28af5221504bbe547fe5@51:69,UNKNOWN,SOLID,8b4e71be724a084e25699799da11596206b2fc4c84299bd84f1e8e0dc68a0baa
SV5_HUB_28af5221504bbe547fe5,184,279,PORT_NECK,46,69,SV5_HUB_28af5221504bbe547fe5@46:69,UNKNOWN,AIR,8b4e71be724a084e25699799da11596206b2fc4c84299bd84f1e8e0dc68a0baa
SV5_HUB_28af5221504bbe547fe5,185,279,PORT_NECK,46,69,SV5_HUB_28af5221504bbe547fe5@46:69,UNKNOWN,AIR,8b4e71be724a084e25699799da11596206b2fc4c84299bd84f1e8e0dc68a0baa
SV5_HUB_28af5221504bbe547fe5,186,279,PORT_NECK,46,69,SV5_HUB_28af5221504bbe547fe5@46:69,UNKNOWN,AIR,8b4e71be724a084e25699799da11596206b2fc4c84299bd84f1e8e0dc68a0baa
SV5_HUB_28af5221504bbe547fe5,187,279,PORT_NECK,46,69,SV5_HUB_28af5221504bbe547fe5@46:69,UNKNOWN,AIR,8b4e71be724a084e25699799da11596206b2fc4c84299bd84f1e8e0dc68a0baa
SV5_HUB_28af5221504bbe547fe5,188,279,PORT_NECK,47,69,SV5_HUB_28af5221504bbe547fe5@47:69,UNKNOWN,AIR,8b4e71be724a084e25699799da11596206b2fc4c84299bd84f1e8e0dc68a0baa
SV5_HUB_28af5221504bbe547fe5,189,279,PORT_NECK,47,69,SV5_HUB_28af5221504bbe547fe5@47:69,UNKNOWN,AIR,8b4e71be724a084e25699799da11596206b2fc4c84299bd84f1e8e0dc68a0baa
SV5_HUB_28af5221504bbe547fe5,190,279,PORT_NECK,47,69,SV5_HUB_28af5221504bbe547fe5@47:69,UNKNOWN,AIR,8b4e71be724a084e25699799da11596206b2fc4c84299bd84f1e8e0dc68a0baa
SV5_HUB_28af5221504bbe547fe5,191,279,AIR,47,69,SV5_HUB_28af5221504bbe547fe5@47:69,UNKNOWN,AIR,8b4e71be724a084e25699799da11596206b2fc4c84299bd84f1e8e0dc68a0baa
SV5_HUB_28af5221504bbe547fe5,192,279,AIR,48,69,SV5_HUB_28af5221504bbe547fe5@48:69,UNKNOWN,AIR,8b4e71be724a084e25699799da11596206b2fc4c84299bd84f1e8e0dc68a0baa
SV5_HUB_28af5221504bbe547fe5,193,279,AIR,48,69,SV5_HUB_28af5221504bbe547fe5@48:69,UNKNOWN,AIR,8b4e71be724a084e25699799da11596206b2fc4c84299bd84f1e8e0dc68a0baa
SV5_HUB_28af5221504bbe547fe5,194,279,RESERVED_TREE,48,69,SV5_HUB_28af5221504bbe547fe5@48:69,UNKNOWN,AIR,8b4e71be724a084e25699799da11596206b2fc4c84299bd84f1e8e0dc68a0baa
SV5_HUB_28af5221504bbe547fe5,195,279,RESERVED_TREE,48,69,SV5_HUB_28af5221504bbe547fe5@48:69,UNKNOWN,AIR,8b4e71be724a084e25699799da11596206b2fc4c84299bd84f1e8e0dc68a0baa
SV5_HUB_28af5221504bbe547fe5,196,279,RESERVED_TREE,49,69,SV5_HUB_28af5221504bbe547fe5@49:69,UNKNOWN,AIR,8b4e71be724a084e25699799da11596206b2fc4c84299bd84f1e8e0dc68a0baa
SV5_HUB_28af5221504bbe547fe5,197,279,RESERVED_TREE,49,69,SV5_HUB_28af5221504bbe547fe5@49:69,UNKNOWN,AIR,8b4e71be724a084e25699799da11596206b2fc4c84299bd84f1e8e0dc68a0baa
SV5_HUB_28af5221504bbe547fe5,198,279,AIR,49,69,SV5_HUB_28af5221504bbe547fe5@49:69,UNKNOWN,AIR,8b4e71be724a084e25699799da11596206b2fc4c84299bd84f1e8e0dc68a0baa
SV5_HUB_28af5221504bbe547fe5,199,279,AIR,49,69,SV5_HUB_28af5221504bbe547fe5@49:69,UNKNOWN,AIR,8b4e71be724a084e25699799da11596206b2fc4c84299bd84f1e8e0dc68a0baa
SV5_HUB_28af5221504bbe547fe5,200,279,AIR,50,69,SV5_HUB_28af5221504bbe547fe5@50:69,UNKNOWN,AIR,8b4e71be724a084e25699799da11596206b2fc4c84299bd84f1e8e0dc68a0baa
SV5_HUB_28af5221504bbe547fe5,201,279,AIR,50,69,SV5_HUB_28af5221504bbe547fe5@50:69,UNKNOWN,AIR,8b4e71be724a084e25699799da11596206b2fc4c84299bd84f1e8e0dc68a0baa
SV5_HUB_28af5221504bbe547fe5,202,279,SOLID,50,69,SV5_HUB_28af5221504bbe547fe5@50:69,UNKNOWN,SOLID,8b4e71be724a084e25699799da11596206b2fc4c84299bd84f1e8e0dc68a0baa
SV5_HUB_28af5221504bbe547fe5,203,279,SOLID,50,69,SV5_HUB_28af5221504bbe547fe5@50:69,UNKNOWN,SOLID,8b4e71be724a084e25699799da11596206b2fc4c84299bd84f1e8e0dc68a0baa
SV5_HUB_28af5221504bbe547fe5,204,279,SOLID,51,69,SV5_HUB_28af5221504bbe547fe5@51:69,UNKNOWN,SOLID,8b4e71be724a084e25699799da11596206b2fc4c84299bd84f1e8e0dc68a0baa
SV5_HUB_28af5221504bbe547fe5,205,279,SOLID,51,69,SV5_HUB_28af5221504bbe547fe5@51:69,UNKNOWN,SOLID,8b4e71be724a084e25699799da11596206b2fc4c84299bd84f1e8e0dc68a0baa
SV5_HUB_28af5221504bbe547fe5,206,279,SOLID,51,69,SV5_HUB_28af5221504bbe547fe5@51:69,UNKNOWN,SOLID,8b4e71be724a084e25699799da11596206b2fc4c84299bd84f1e8e0dc68a0baa
SV5_HUB_28af5221504bbe547fe5,207,279,SOLID,51,69,SV5_HUB_28af5221504bbe547fe5@51:69,UNKNOWN,SOLID,8b4e71be724a084e25699799da11596206b2fc4c84299bd84f1e8e0dc68a0baa
SV5_HUB_28af5221504bbe547fe5,184,280,PORT_NECK,46,70,SV5_HUB_28af5221504bbe547fe5@46:70,UNKNOWN,AIR,8b4e71be724a084e25699799da11596206b2fc4c84299bd84f1e8e0dc68a0baa
SV5_HUB_28af5221504bbe547fe5,185,280,PORT_NECK,46,70,SV5_HUB_28af5221504bbe547fe5@46:70,UNKNOWN,AIR,8b4e71be724a084e25699799da11596206b2fc4c84299bd84f1e8e0dc68a0baa
SV5_HUB_28af5221504bbe547fe5,186,280,PORT_NECK,46,70,SV5_HUB_28af5221504bbe547fe5@46:70,UNKNOWN,AIR,8b4e71be724a084e25699799da11596206b2fc4c84299bd84f1e8e0dc68a0baa
SV5_HUB_28af5221504bbe547fe5,187,280,PORT_NECK,46,70,SV5_HUB_28af5221504bbe547fe5@46:70,UNKNOWN,AIR,8b4e71be724a084e25699799da11596206b2fc4c84299bd84f1e8e0dc68a0baa
SV5_HUB_28af5221504bbe547fe5,188,280,PORT_NECK,47,70,SV5_HUB_28af5221504bbe547fe5@47:70,UNKNOWN,AIR,8b4e71be724a084e25699799da11596206b2fc4c84299bd84f1e8e0dc68a0baa
SV5_HUB_28af5221504bbe547fe5,189,280,PORT_NECK,47,70,SV5_HUB_28af5221504bbe547fe5@47:70,UNKNOWN,AIR,8b4e71be724a084e25699799da11596206b2fc4c84299bd84f1e8e0dc68a0baa
SV5_HUB_28af5221504bbe547fe5,190,280,PORT_NECK,47,70,SV5_HUB_28af5221504bbe547fe5@47:70,UNKNOWN,AIR,8b4e71be724a084e25699799da11596206b2fc4c84299bd84f1e8e0dc68a0baa
SV5_HUB_28af5221504bbe547fe5,191,280,AIR,47,70,SV5_HUB_28af5221504bbe547fe5@47:70,UNKNOWN,AIR,8b4e71be724a084e25699799da11596206b2fc4c84299bd84f1e8e0dc68a0baa
SV5_HUB_28af5221504bbe547fe5,192,280,AIR,48,70,SV5_HUB_28af5221504bbe547fe5@48:70,UNKNOWN,AIR,8b4e71be724a084e25699799da11596206b2fc4c84299bd84f1e8e0dc68a0baa
SV5_HUB_28af5221504bbe547fe5,193,280,AIR,48,70,SV5_HUB_28af5221504bbe547fe5@48:70,UNKNOWN,AIR,8b4e71be724a084e25699799da11596206b2fc4c84299bd84f1e8e0dc68a0baa
SV5_HUB_28af5221504bbe547fe5,194,280,AIR,48,70,SV5_HUB_28af5221504bbe547fe5@48:70,UNKNOWN,AIR,8b4e71be724a084e25699799da11596206b2fc4c84299bd84f1e8e0dc68a0baa
SV5_HUB_28af5221504bbe547fe5,195,280,AIR,48,70,SV5_HUB_28af5221504bbe547fe5@48:70,UNKNOWN,AIR,8b4e71be724a084e25699799da11596206b2fc4c84299bd84f1e8e0dc68a0baa
SV5_HUB_28af5221504bbe547fe5,196,280,AIR,49,70,SV5_HUB_28af5221504bbe547fe5@49:70,UNKNOWN,AIR,8b4e71be724a084e25699799da11596206b2fc4c84299bd84f1e8e0dc68a0baa
SV5_HUB_28af5221504bbe547fe5,197,280,AIR,49,70,SV5_HUB_28af5221504bbe547fe5@49:70,UNKNOWN,AIR,8b4e71be724a084e25699799da11596206b2fc4c84299bd84f1e8e0dc68a0baa
SV5_HUB_28af5221504bbe547fe5,198,280,AIR,49,70,SV5_HUB_28af5221504bbe547fe5@49:70,UNKNOWN,AIR,8b4e71be724a084e25699799da11596206b2fc4c84299bd84f1e8e0dc68a0baa
SV5_HUB_28af5221504bbe547fe5,199,280,AIR,49,70,SV5_HUB_28af5221504bbe547fe5@49:70,UNKNOWN,AIR,8b4e71be724a084e25699799da11596206b2fc4c84299bd84f1e8e0dc68a0baa
SV5_HUB_28af5221504bbe547fe5,200,280,AIR,50,70,SV5_HUB_28af5221504bbe547fe5@50:70,UNKNOWN,AIR,8b4e71be724a084e25699799da11596206b2fc4c84299bd84f1e8e0dc68a0baa
SV5_HUB_28af5221504bbe547fe5,201,280,AIR,50,70,SV5_HUB_28af5221504bbe547fe5@50:70,UNKNOWN,AIR,8b4e71be724a084e25699799da11596206b2fc4c84299bd84f1e8e0dc68a0baa
SV5_HUB_28af5221504bbe547fe5,202,280,SOLID,50,70,SV5_HUB_28af5221504bbe547fe5@50:70,UNKNOWN,SOLID,8b4e71be724a084e25699799da11596206b2fc4c84299bd84f1e8e0dc68a0baa
SV5_HUB_28af5221504bbe547fe5,203,280,SOLID,50,70,SV5_HUB_28af5221504bbe547fe5@50:70,UNKNOWN,SOLID,8b4e71be724a084e25699799da11596206b2fc4c84299bd84f1e8e0dc68a0baa
SV5_HUB_28af5221504bbe547fe5,204,280,SOLID,51,70,SV5_HUB_28af5221504bbe547fe5@51:70,UNKNOWN,SOLID,8b4e71be724a084e25699799da11596206b2fc4c84299bd84f1e8e0dc68a0baa
SV5_HUB_28af5221504bbe547fe5,205,280,SOLID,51,70,SV5_HUB_28af5221504bbe547fe5@51:70,UNKNOWN,SOLID,8b4e71be724a084e25699799da11596206b2fc4c84299bd84f1e8e0dc68a0baa
SV5_HUB_28af5221504bbe547fe5,206,280,SOLID,51,70,SV5_HUB_28af5221504bbe547fe5@51:70,UNKNOWN,SOLID,8b4e71be724a084e25699799da11596206b2fc4c84299bd84f1e8e0dc68a0baa
SV5_HUB_28af5221504bbe547fe5,207,280,SOLID,51,70,SV5_HUB_28af5221504bbe547fe5@51:70,UNKNOWN,SOLID,8b4e71be724a084e25699799da11596206b2fc4c84299bd84f1e8e0dc68a0baa
SV5_HUB_28af5221504bbe547fe5,184,281,PORT_NECK,46,70,SV5_HUB_28af5221504bbe547fe5@46:70,UNKNOWN,AIR,8b4e71be724a084e25699799da11596206b2fc4c84299bd84f1e8e0dc68a0baa
SV5_HUB_28af5221504bbe547fe5,185,281,PORT_NECK,46,70,SV5_HUB_28af5221504bbe547fe5@46:70,UNKNOWN,AIR,8b4e71be724a084e25699799da11596206b2fc4c84299bd84f1e8e0dc68a0baa
SV5_HUB_28af5221504bbe547fe5,186,281,PORT_NECK,46,70,SV5_HUB_28af5221504bbe547fe5@46:70,UNKNOWN,AIR,8b4e71be724a084e25699799da11596206b2fc4c84299bd84f1e8e0dc68a0baa
SV5_HUB_28af5221504bbe547fe5,187,281,PORT_NECK,46,70,SV5_HUB_28af5221504bbe547fe5@46:70,UNKNOWN,AIR,8b4e71be724a084e25699799da11596206b2fc4c84299bd84f1e8e0dc68a0baa
SV5_HUB_28af5221504bbe547fe5,188,281,PORT_NECK,47,70,SV5_HUB_28af5221504bbe547fe5@47:70,UNKNOWN,AIR,8b4e71be724a084e25699799da11596206b2fc4c84299bd84f1e8e0dc68a0baa
SV5_HUB_28af5221504bbe547fe5,189,281,PORT_NECK,47,70,SV5_HUB_28af5221504bbe547fe5@47:70,UNKNOWN,AIR,8b4e71be724a084e25699799da11596206b2fc4c84299bd84f1e8e0dc68a0baa
SV5_HUB_28af5221504bbe547fe5,190,281,PORT_NECK,47,70,SV5_HUB_28af5221504bbe547fe5@47:70,UNKNOWN,AIR,8b4e71be724a084e25699799da11596206b2fc4c84299bd84f1e8e0dc68a0baa
SV5_HUB_28af5221504bbe547fe5,191,281,AIR,47,70,SV5_HUB_28af5221504bbe547fe5@47:70,UNKNOWN,AIR,8b4e71be724a084e25699799da11596206b2fc4c84299bd84f1e8e0dc68a0baa
SV5_HUB_28af5221504bbe547fe5,192,281,AIR,48,70,SV5_HUB_28af5221504bbe547fe5@48:70,UNKNOWN,AIR,8b4e71be724a084e25699799da11596206b2fc4c84299bd84f1e8e0dc68a0baa
SV5_HUB_28af5221504bbe547fe5,193,281,AIR,48,70,SV5_HUB_28af5221504bbe547fe5@48:70,UNKNOWN,AIR,8b4e71be724a084e25699799da11596206b2fc4c84299bd84f1e8e0dc68a0baa
SV5_HUB_28af5221504bbe547fe5,194,281,AIR,48,70,SV5_HUB_28af5221504bbe547fe5@48:70,UNKNOWN,AIR,8b4e71be724a084e25699799da11596206b2fc4c84299bd84f1e8e0dc68a0baa
SV5_HUB_28af5221504bbe547fe5,195,281,AIR,48,70,SV5_HUB_28af5221504bbe547fe5@48:70,UNKNOWN,AIR,8b4e71be724a084e25699799da11596206b2fc4c84299bd84f1e8e0dc68a0baa
SV5_HUB_28af5221504bbe547fe5,196,281,AIR,49,70,SV5_HUB_28af5221504bbe547fe5@49:70,UNKNOWN,AIR,8b4e71be724a084e25699799da11596206b2fc4c84299bd84f1e8e0dc68a0baa
SV5_HUB_28af5221504bbe547fe5,197,281,AIR,49,70,SV5_HUB_28af5221504bbe547fe5@49:70,UNKNOWN,AIR,8b4e71be724a084e25699799da11596206b2fc4c84299bd84f1e8e0dc68a0baa
SV5_HUB_28af5221504bbe547fe5,198,281,AIR,49,70,SV5_HUB_28af5221504bbe547fe5@49:70,UNKNOWN,AIR,8b4e71be724a084e25699799da11596206b2fc4c84299bd84f1e8e0dc68a0baa
SV5_HUB_28af5221504bbe547fe5,199,281,AIR,49,70,SV5_HUB_28af5221504bbe547fe5@49:70,UNKNOWN,AIR,8b4e71be724a084e25699799da11596206b2fc4c84299bd84f1e8e0dc68a0baa
SV5_HUB_28af5221504bbe547fe5,200,281,AIR,50,70,SV5_HUB_28af5221504bbe547fe5@50:70,UNKNOWN,AIR,8b4e71be724a084e25699799da11596206b2fc4c84299bd84f1e8e0dc68a0baa
SV5_HUB_28af5221504bbe547fe5,201,281,AIR,50,70,SV5_HUB_28af5221504bbe547fe5@50:70,UNKNOWN,AIR,8b4e71be724a084e25699799da11596206b2fc4c84299bd84f1e8e0dc68a0baa
SV5_HUB_28af5221504bbe547fe5,202,281,SOLID,50,70,SV5_HUB_28af5221504bbe547fe5@50:70,UNKNOWN,SOLID,8b4e71be724a084e25699799da11596206b2fc4c84299bd84f1e8e0dc68a0baa
SV5_HUB_28af5221504bbe547fe5,203,281,SOLID,50,70,SV5_HUB_28af5221504bbe547fe5@50:70,UNKNOWN,SOLID,8b4e71be724a084e25699799da11596206b2fc4c84299bd84f1e8e0dc68a0baa
SV5_HUB_28af5221504bbe547fe5,204,281,SOLID,51,70,SV5_HUB_28af5221504bbe547fe5@51:70,UNKNOWN,SOLID,8b4e71be724a084e25699799da11596206b2fc4c84299bd84f1e8e0dc68a0baa
SV5_HUB_28af5221504bbe547fe5,205,281,SOLID,51,70,SV5_HUB_28af5221504bbe547fe5@51:70,UNKNOWN,SOLID,8b4e71be724a084e25699799da11596206b2fc4c84299bd84f1e8e0dc68a0baa
SV5_HUB_28af5221504bbe547fe5,206,281,SOLID,51,70,SV5_HUB_28af5221504bbe547fe5@51:70,UNKNOWN,SOLID,8b4e71be724a084e25699799da11596206b2fc4c84299bd84f1e8e0dc68a0baa
SV5_HUB_28af5221504bbe547fe5,207,281,SOLID,51,70,SV5_HUB_28af5221504bbe547fe5@51:70,UNKNOWN,SOLID,8b4e71be724a084e25699799da11596206b2fc4c84299bd84f1e8e0dc68a0baa
SV5_HUB_28af5221504bbe547fe5,184,282,SOLID,46,70,SV5_HUB_28af5221504bbe547fe5@46:70,UNKNOWN,SOLID,8b4e71be724a084e25699799da11596206b2fc4c84299bd84f1e8e0dc68a0baa
SV5_HUB_28af5221504bbe547fe5,185,282,SOLID,46,70,SV5_HUB_28af5221504bbe547fe5@46:70,UNKNOWN,SOLID,8b4e71be724a084e25699799da11596206b2fc4c84299bd84f1e8e0dc68a0baa
SV5_HUB_28af5221504bbe547fe5,186,282,SOLID,46,70,SV5_HUB_28af5221504bbe547fe5@46:70,UNKNOWN,SOLID,8b4e71be724a084e25699799da11596206b2fc4c84299bd84f1e8e0dc68a0baa
SV5_HUB_28af5221504bbe547fe5,187,282,SOLID,46,70,SV5_HUB_28af5221504bbe547fe5@46:70,UNKNOWN,SOLID,8b4e71be724a084e25699799da11596206b2fc4c84299bd84f1e8e0dc68a0baa
SV5_HUB_28af5221504bbe547fe5,188,282,SOLID,47,70,SV5_HUB_28af5221504bbe547fe5@47:70,UNKNOWN,SOLID,8b4e71be724a084e25699799da11596206b2fc4c84299bd84f1e8e0dc68a0baa
SV5_HUB_28af5221504bbe547fe5,189,282,SOLID,47,70,SV5_HUB_28af5221504bbe547fe5@47:70,UNKNOWN,SOLID,8b4e71be724a084e25699799da11596206b2fc4c84299bd84f1e8e0dc68a0baa
SV5_HUB_28af5221504bbe547fe5,190,282,AIR,47,70,SV5_HUB_28af5221504bbe547fe5@47:70,UNKNOWN,AIR,8b4e71be724a084e25699799da11596206b2fc4c84299bd84f1e8e0dc68a0baa
SV5_HUB_28af5221504bbe547fe5,191,282,AIR,47,70,SV5_HUB_28af5221504bbe547fe5@47:70,UNKNOWN,AIR,8b4e71be724a084e25699799da11596206b2fc4c84299bd84f1e8e0dc68a0baa
SV5_HUB_28af5221504bbe547fe5,192,282,AIR,48,70,SV5_HUB_28af5221504bbe547fe5@48:70,UNKNOWN,AIR,8b4e71be724a084e25699799da11596206b2fc4c84299bd84f1e8e0dc68a0baa
SV5_HUB_28af5221504bbe547fe5,193,282,AIR,48,70,SV5_HUB_28af5221504bbe547fe5@48:70,UNKNOWN,AIR,8b4e71be724a084e25699799da11596206b2fc4c84299bd84f1e8e0dc68a0baa
SV5_HUB_28af5221504bbe547fe5,194,282,AIR,48,70,SV5_HUB_28af5221504bbe547fe5@48:70,UNKNOWN,AIR,8b4e71be724a084e25699799da11596206b2fc4c84299bd84f1e8e0dc68a0baa
SV5_HUB_28af5221504bbe547fe5,195,282,AIR,48,70,SV5_HUB_28af5221504bbe547fe5@48:70,UNKNOWN,AIR,8b4e71be724a084e25699799da11596206b2fc4c84299bd84f1e8e0dc68a0baa
SV5_HUB_28af5221504bbe547fe5,196,282,AIR,49,70,SV5_HUB_28af5221504bbe547fe5@49:70,UNKNOWN,AIR,8b4e71be724a084e25699799da11596206b2fc4c84299bd84f1e8e0dc68a0baa
SV5_HUB_28af5221504bbe547fe5,197,282,AIR,49,70,SV5_HUB_28af5221504bbe547fe5@49:70,UNKNOWN,AIR,8b4e71be724a084e25699799da11596206b2fc4c84299bd84f1e8e0dc68a0baa
SV5_HUB_28af5221504bbe547fe5,198,282,AIR,49,70,SV5_HUB_28af5221504bbe547fe5@49:70,UNKNOWN,AIR,8b4e71be724a084e25699799da11596206b2fc4c84299bd84f1e8e0dc68a0baa
SV5_HUB_28af5221504bbe547fe5,199,282,AIR,49,70,SV5_HUB_28af5221504bbe547fe5@49:70,UNKNOWN,AIR,8b4e71be724a084e25699799da11596206b2fc4c84299bd84f1e8e0dc68a0baa
SV5_HUB_28af5221504bbe547fe5,200,282,AIR,50,70,SV5_HUB_28af5221504bbe547fe5@50:70,UNKNOWN,AIR,8b4e71be724a084e25699799da11596206b2fc4c84299bd84f1e8e0dc68a0baa
SV5_HUB_28af5221504bbe547fe5,201,282,AIR,50,70,SV5_HUB_28af5221504bbe547fe5@50:70,UNKNOWN,AIR,8b4e71be724a084e25699799da11596206b2fc4c84299bd84f1e8e0dc68a0baa
SV5_HUB_28af5221504bbe547fe5,202,282,SOLID,50,70,SV5_HUB_28af5221504bbe547fe5@50:70,UNKNOWN,SOLID,8b4e71be724a084e25699799da11596206b2fc4c84299bd84f1e8e0dc68a0baa
SV5_HUB_28af5221504bbe547fe5,203,282,SOLID,50,70,SV5_HUB_28af5221504bbe547fe5@50:70,UNKNOWN,SOLID,8b4e71be724a084e25699799da11596206b2fc4c84299bd84f1e8e0dc68a0baa
SV5_HUB_28af5221504bbe547fe5,204,282,SOLID,51,70,SV5_HUB_28af5221504bbe547fe5@51:70,UNKNOWN,SOLID,8b4e71be724a084e25699799da11596206b2fc4c84299bd84f1e8e0dc68a0baa
SV5_HUB_28af5221504bbe547fe5,205,282,SOLID,51,70,SV5_HUB_28af5221504bbe547fe5@51:70,UNKNOWN,SOLID,8b4e71be724a084e25699799da11596206b2fc4c84299bd84f1e8e0dc68a0baa
SV5_HUB_28af5221504bbe547fe5,206,282,SOLID,51,70,SV5_HUB_28af5221504bbe547fe5@51:70,UNKNOWN,SOLID,8b4e71be724a084e25699799da11596206b2fc4c84299bd84f1e8e0dc68a0baa
SV5_HUB_28af5221504bbe547fe5,207,282,SOLID,51,70,SV5_HUB_28af5221504bbe547fe5@51:70,UNKNOWN,SOLID,8b4e71be724a084e25699799da11596206b2fc4c84299bd84f1e8e0dc68a0baa
SV5_HUB_28af5221504bbe547fe5,184,283,SOLID,46,70,SV5_HUB_28af5221504bbe547fe5@46:70,UNKNOWN,SOLID,8b4e71be724a084e25699799da11596206b2fc4c84299bd84f1e8e0dc68a0baa
SV5_HUB_28af5221504bbe547fe5,185,283,SOLID,46,70,SV5_HUB_28af5221504bbe547fe5@46:70,UNKNOWN,SOLID,8b4e71be724a084e25699799da11596206b2fc4c84299bd84f1e8e0dc68a0baa
SV5_HUB_28af5221504bbe547fe5,186,283,SOLID,46,70,SV5_HUB_28af5221504bbe547fe5@46:70,UNKNOWN,SOLID,8b4e71be724a084e25699799da11596206b2fc4c84299bd84f1e8e0dc68a0baa
SV5_HUB_28af5221504bbe547fe5,187,283,SOLID,46,70,SV5_HUB_28af5221504bbe547fe5@46:70,UNKNOWN,SOLID,8b4e71be724a084e25699799da11596206b2fc4c84299bd84f1e8e0dc68a0baa
SV5_HUB_28af5221504bbe547fe5,188,283,SOLID,47,70,SV5_HUB_28af5221504bbe547fe5@47:70,UNKNOWN,SOLID,8b4e71be724a084e25699799da11596206b2fc4c84299bd84f1e8e0dc68a0baa
SV5_HUB_28af5221504bbe547fe5,189,283,SOLID,47,70,SV5_HUB_28af5221504bbe547fe5@47:70,UNKNOWN,SOLID,8b4e71be724a084e25699799da11596206b2fc4c84299bd84f1e8e0dc68a0baa
SV5_HUB_28af5221504bbe547fe5,190,283,SOLID,47,70,SV5_HUB_28af5221504bbe547fe5@47:70,UNKNOWN,SOLID,8b4e71be724a084e25699799da11596206b2fc4c84299bd84f1e8e0dc68a0baa
SV5_HUB_28af5221504bbe547fe5,191,283,SOLID,47,70,SV5_HUB_28af5221504bbe547fe5@47:70,UNKNOWN,SOLID,8b4e71be724a084e25699799da11596206b2fc4c84299bd84f1e8e0dc68a0baa
SV5_HUB_28af5221504bbe547fe5,192,283,SOLID,48,70,SV5_HUB_28af5221504bbe547fe5@48:70,UNKNOWN,SOLID,8b4e71be724a084e25699799da11596206b2fc4c84299bd84f1e8e0dc68a0baa
SV5_HUB_28af5221504bbe547fe5,193,283,SOLID,48,70,SV5_HUB_28af5221504bbe547fe5@48:70,UNKNOWN,SOLID,8b4e71be724a084e25699799da11596206b2fc4c84299bd84f1e8e0dc68a0baa
SV5_HUB_28af5221504bbe547fe5,194,283,SOLID,48,70,SV5_HUB_28af5221504bbe547fe5@48:70,UNKNOWN,SOLID,8b4e71be724a084e25699799da11596206b2fc4c84299bd84f1e8e0dc68a0baa
SV5_HUB_28af5221504bbe547fe5,195,283,SOLID,48,70,SV5_HUB_28af5221504bbe547fe5@48:70,UNKNOWN,SOLID,8b4e71be724a084e25699799da11596206b2fc4c84299bd84f1e8e0dc68a0baa
SV5_HUB_28af5221504bbe547fe5,196,283,SOLID,49,70,SV5_HUB_28af5221504bbe547fe5@49:70,UNKNOWN,SOLID,8b4e71be724a084e25699799da11596206b2fc4c84299bd84f1e8e0dc68a0baa
SV5_HUB_28af5221504bbe547fe5,197,283,SOLID,49,70,SV5_HUB_28af5221504bbe547fe5@49:70,UNKNOWN,SOLID,8b4e71be724a084e25699799da11596206b2fc4c84299bd84f1e8e0dc68a0baa
SV5_HUB_28af5221504bbe547fe5,198,283,SOLID,49,70,SV5_HUB_28af5221504bbe547fe5@49:70,UNKNOWN,SOLID,8b4e71be724a084e25699799da11596206b2fc4c84299bd84f1e8e0dc68a0baa
SV5_HUB_28af5221504bbe547fe5,199,283,SOLID,49,70,SV5_HUB_28af5221504bbe547fe5@49:70,UNKNOWN,SOLID,8b4e71be724a084e25699799da11596206b2fc4c84299bd84f1e8e0dc68a0baa
SV5_HUB_28af5221504bbe547fe5,200,283,SOLID,50,70,SV5_HUB_28af5221504bbe547fe5@50:70,UNKNOWN,SOLID,8b4e71be724a084e25699799da11596206b2fc4c84299bd84f1e8e0dc68a0baa
SV5_HUB_28af5221504bbe547fe5,201,283,SOLID,50,70,SV5_HUB_28af5221504bbe547fe5@50:70,UNKNOWN,SOLID,8b4e71be724a084e25699799da11596206b2fc4c84299bd84f1e8e0dc68a0baa
SV5_HUB_28af5221504bbe547fe5,202,283,SOLID,50,70,SV5_HUB_28af5221504bbe547fe5@50:70,UNKNOWN,SOLID,8b4e71be724a084e25699799da11596206b2fc4c84299bd84f1e8e0dc68a0baa
SV5_HUB_28af5221504bbe547fe5,203,283,SOLID,50,70,SV5_HUB_28af5221504bbe547fe5@50:70,UNKNOWN,SOLID,8b4e71be724a084e25699799da11596206b2fc4c84299bd84f1e8e0dc68a0baa
SV5_HUB_28af5221504bbe547fe5,204,283,SOLID,51,70,SV5_HUB_28af5221504bbe547fe5@51:70,UNKNOWN,SOLID,8b4e71be724a084e25699799da11596206b2fc4c84299bd84f1e8e0dc68a0baa
SV5_HUB_28af5221504bbe547fe5,205,283,SOLID,51,70,SV5_HUB_28af5221504bbe547fe5@51:70,UNKNOWN,SOLID,8b4e71be724a084e25699799da11596206b2fc4c84299bd84f1e8e0dc68a0baa
SV5_HUB_28af5221504bbe547fe5,206,283,SOLID,51,70,SV5_HUB_28af5221504bbe547fe5@51:70,UNKNOWN,SOLID,8b4e71be724a084e25699799da11596206b2fc4c84299bd84f1e8e0dc68a0baa
SV5_HUB_28af5221504bbe547fe5,207,283,SOLID,51,70,SV5_HUB_28af5221504bbe547fe5@51:70,UNKNOWN,SOLID,8b4e71be724a084e25699799da11596206b2fc4c84299bd84f1e8e0dc68a0baa
SV5_HUB_28af5221504bbe547fe5,184,284,SOLID,46,71,SV5_HUB_28af5221504bbe547fe5@46:71,UNKNOWN,SOLID,8b4e71be724a084e25699799da11596206b2fc4c84299bd84f1e8e0dc68a0baa
SV5_HUB_28af5221504bbe547fe5,185,284,SOLID,46,71,SV5_HUB_28af5221504bbe547fe5@46:71,UNKNOWN,SOLID,8b4e71be724a084e25699799da11596206b2fc4c84299bd84f1e8e0dc68a0baa
SV5_HUB_28af5221504bbe547fe5,186,284,SOLID,46,71,SV5_HUB_28af5221504bbe547fe5@46:71,UNKNOWN,SOLID,8b4e71be724a084e25699799da11596206b2fc4c84299bd84f1e8e0dc68a0baa
SV5_HUB_28af5221504bbe547fe5,187,284,SOLID,46,71,SV5_HUB_28af5221504bbe547fe5@46:71,UNKNOWN,SOLID,8b4e71be724a084e25699799da11596206b2fc4c84299bd84f1e8e0dc68a0baa
SV5_HUB_28af5221504bbe547fe5,188,284,SOLID,47,71,SV5_HUB_28af5221504bbe547fe5@47:71,UNKNOWN,SOLID,8b4e71be724a084e25699799da11596206b2fc4c84299bd84f1e8e0dc68a0baa
SV5_HUB_28af5221504bbe547fe5,189,284,SOLID,47,71,SV5_HUB_28af5221504bbe547fe5@47:71,UNKNOWN,SOLID,8b4e71be724a084e25699799da11596206b2fc4c84299bd84f1e8e0dc68a0baa
SV5_HUB_28af5221504bbe547fe5,190,284,SOLID,47,71,SV5_HUB_28af5221504bbe547fe5@47:71,UNKNOWN,SOLID,8b4e71be724a084e25699799da11596206b2fc4c84299bd84f1e8e0dc68a0baa
SV5_HUB_28af5221504bbe547fe5,191,284,SOLID,47,71,SV5_HUB_28af5221504bbe547fe5@47:71,UNKNOWN,SOLID,8b4e71be724a084e25699799da11596206b2fc4c84299bd84f1e8e0dc68a0baa
SV5_HUB_28af5221504bbe547fe5,192,284,SOLID,48,71,SV5_HUB_28af5221504bbe547fe5@48:71,UNKNOWN,SOLID,8b4e71be724a084e25699799da11596206b2fc4c84299bd84f1e8e0dc68a0baa
SV5_HUB_28af5221504bbe547fe5,193,284,SOLID,48,71,SV5_HUB_28af5221504bbe547fe5@48:71,UNKNOWN,SOLID,8b4e71be724a084e25699799da11596206b2fc4c84299bd84f1e8e0dc68a0baa
SV5_HUB_28af5221504bbe547fe5,194,284,SOLID,48,71,SV5_HUB_28af5221504bbe547fe5@48:71,UNKNOWN,SOLID,8b4e71be724a084e25699799da11596206b2fc4c84299bd84f1e8e0dc68a0baa
SV5_HUB_28af5221504bbe547fe5,195,284,SOLID,48,71,SV5_HUB_28af5221504bbe547fe5@48:71,UNKNOWN,SOLID,8b4e71be724a084e25699799da11596206b2fc4c84299bd84f1e8e0dc68a0baa
SV5_HUB_28af5221504bbe547fe5,196,284,SOLID,49,71,SV5_HUB_28af5221504bbe547fe5@49:71,UNKNOWN,SOLID,8b4e71be724a084e25699799da11596206b2fc4c84299bd84f1e8e0dc68a0baa
SV5_HUB_28af5221504bbe547fe5,197,284,SOLID,49,71,SV5_HUB_28af5221504bbe547fe5@49:71,UNKNOWN,SOLID,8b4e71be724a084e25699799da11596206b2fc4c84299bd84f1e8e0dc68a0baa
SV5_HUB_28af5221504bbe547fe5,198,284,SOLID,49,71,SV5_HUB_28af5221504bbe547fe5@49:71,UNKNOWN,SOLID,8b4e71be724a084e25699799da11596206b2fc4c84299bd84f1e8e0dc68a0baa
SV5_HUB_28af5221504bbe547fe5,199,284,SOLID,49,71,SV5_HUB_28af5221504bbe547fe5@49:71,UNKNOWN,SOLID,8b4e71be724a084e25699799da11596206b2fc4c84299bd84f1e8e0dc68a0baa
SV5_HUB_28af5221504bbe547fe5,200,284,SOLID,50,71,SV5_HUB_28af5221504bbe547fe5@50:71,UNKNOWN,SOLID,8b4e71be724a084e25699799da11596206b2fc4c84299bd84f1e8e0dc68a0baa
SV5_HUB_28af5221504bbe547fe5,201,284,SOLID,50,71,SV5_HUB_28af5221504bbe547fe5@50:71,UNKNOWN,SOLID,8b4e71be724a084e25699799da11596206b2fc4c84299bd84f1e8e0dc68a0baa
SV5_HUB_28af5221504bbe547fe5,202,284,SOLID,50,71,SV5_HUB_28af5221504bbe547fe5@50:71,UNKNOWN,SOLID,8b4e71be724a084e25699799da11596206b2fc4c84299bd84f1e8e0dc68a0baa
SV5_HUB_28af5221504bbe547fe5,203,284,SOLID,50,71,SV5_HUB_28af5221504bbe547fe5@50:71,UNKNOWN,SOLID,8b4e71be724a084e25699799da11596206b2fc4c84299bd84f1e8e0dc68a0baa
SV5_HUB_28af5221504bbe547fe5,204,284,SOLID,51,71,SV5_HUB_28af5221504bbe547fe5@51:71,UNKNOWN,SOLID,8b4e71be724a084e25699799da11596206b2fc4c84299bd84f1e8e0dc68a0baa
SV5_HUB_28af5221504bbe547fe5,205,284,SOLID,51,71,SV5_HUB_28af5221504bbe547fe5@51:71,UNKNOWN,SOLID,8b4e71be724a084e25699799da11596206b2fc4c84299bd84f1e8e0dc68a0baa
SV5_HUB_28af5221504bbe547fe5,206,284,SOLID,51,71,SV5_HUB_28af5221504bbe547fe5@51:71,UNKNOWN,SOLID,8b4e71be724a084e25699799da11596206b2fc4c84299bd84f1e8e0dc68a0baa
SV5_HUB_28af5221504bbe547fe5,207,284,SOLID,51,71,SV5_HUB_28af5221504bbe547fe5@51:71,UNKNOWN,SOLID,8b4e71be724a084e25699799da11596206b2fc4c84299bd84f1e8e0dc68a0baa
SV5_HUB_28af5221504bbe547fe5,184,285,SOLID,46,71,SV5_HUB_28af5221504bbe547fe5@46:71,UNKNOWN,SOLID,8b4e71be724a084e25699799da11596206b2fc4c84299bd84f1e8e0dc68a0baa
SV5_HUB_28af5221504bbe547fe5,185,285,SOLID,46,71,SV5_HUB_28af5221504bbe547fe5@46:71,UNKNOWN,SOLID,8b4e71be724a084e25699799da11596206b2fc4c84299bd84f1e8e0dc68a0baa
SV5_HUB_28af5221504bbe547fe5,186,285,SOLID,46,71,SV5_HUB_28af5221504bbe547fe5@46:71,UNKNOWN,SOLID,8b4e71be724a084e25699799da11596206b2fc4c84299bd84f1e8e0dc68a0baa
SV5_HUB_28af5221504bbe547fe5,187,285,SOLID,46,71,SV5_HUB_28af5221504bbe547fe5@46:71,UNKNOWN,SOLID,8b4e71be724a084e25699799da11596206b2fc4c84299bd84f1e8e0dc68a0baa
SV5_HUB_28af5221504bbe547fe5,188,285,SOLID,47,71,SV5_HUB_28af5221504bbe547fe5@47:71,UNKNOWN,SOLID,8b4e71be724a084e25699799da11596206b2fc4c84299bd84f1e8e0dc68a0baa
SV5_HUB_28af5221504bbe547fe5,189,285,SOLID,47,71,SV5_HUB_28af5221504bbe547fe5@47:71,UNKNOWN,SOLID,8b4e71be724a084e25699799da11596206b2fc4c84299bd84f1e8e0dc68a0baa
SV5_HUB_28af5221504bbe547fe5,190,285,SOLID,47,71,SV5_HUB_28af5221504bbe547fe5@47:71,UNKNOWN,SOLID,8b4e71be724a084e25699799da11596206b2fc4c84299bd84f1e8e0dc68a0baa
SV5_HUB_28af5221504bbe547fe5,191,285,SOLID,47,71,SV5_HUB_28af5221504bbe547fe5@47:71,UNKNOWN,SOLID,8b4e71be724a084e25699799da11596206b2fc4c84299bd84f1e8e0dc68a0baa
SV5_HUB_28af5221504bbe547fe5,192,285,SOLID,48,71,SV5_HUB_28af5221504bbe547fe5@48:71,UNKNOWN,SOLID,8b4e71be724a084e25699799da11596206b2fc4c84299bd84f1e8e0dc68a0baa
SV5_HUB_28af5221504bbe547fe5,193,285,SOLID,48,71,SV5_HUB_28af5221504bbe547fe5@48:71,UNKNOWN,SOLID,8b4e71be724a084e25699799da11596206b2fc4c84299bd84f1e8e0dc68a0baa
SV5_HUB_28af5221504bbe547fe5,194,285,SOLID,48,71,SV5_HUB_28af5221504bbe547fe5@48:71,UNKNOWN,SOLID,8b4e71be724a084e25699799da11596206b2fc4c84299bd84f1e8e0dc68a0baa
SV5_HUB_28af5221504bbe547fe5,195,285,SOLID,48,71,SV5_HUB_28af5221504bbe547fe5@48:71,UNKNOWN,SOLID,8b4e71be724a084e25699799da11596206b2fc4c84299bd84f1e8e0dc68a0baa
SV5_HUB_28af5221504bbe547fe5,196,285,SOLID,49,71,SV5_HUB_28af5221504bbe547fe5@49:71,UNKNOWN,SOLID,8b4e71be724a084e25699799da11596206b2fc4c84299bd84f1e8e0dc68a0baa
SV5_HUB_28af5221504bbe547fe5,197,285,SOLID,49,71,SV5_HUB_28af5221504bbe547fe5@49:71,UNKNOWN,SOLID,8b4e71be724a084e25699799da11596206b2fc4c84299bd84f1e8e0dc68a0baa
SV5_HUB_28af5221504bbe547fe5,198,285,SOLID,49,71,SV5_HUB_28af5221504bbe547fe5@49:71,UNKNOWN,SOLID,8b4e71be724a084e25699799da11596206b2fc4c84299bd84f1e8e0dc68a0baa
SV5_HUB_28af5221504bbe547fe5,199,285,SOLID,49,71,SV5_HUB_28af5221504bbe547fe5@49:71,UNKNOWN,SOLID,8b4e71be724a084e25699799da11596206b2fc4c84299bd84f1e8e0dc68a0baa
SV5_HUB_28af5221504bbe547fe5,200,285,SOLID,50,71,SV5_HUB_28af5221504bbe547fe5@50:71,UNKNOWN,SOLID,8b4e71be724a084e25699799da11596206b2fc4c84299bd84f1e8e0dc68a0baa
SV5_HUB_28af5221504bbe547fe5,201,285,SOLID,50,71,SV5_HUB_28af5221504bbe547fe5@50:71,UNKNOWN,SOLID,8b4e71be724a084e25699799da11596206b2fc4c84299bd84f1e8e0dc68a0baa
SV5_HUB_28af5221504bbe547fe5,202,285,SOLID,50,71,SV5_HUB_28af5221504bbe547fe5@50:71,UNKNOWN,SOLID,8b4e71be724a084e25699799da11596206b2fc4c84299bd84f1e8e0dc68a0baa
SV5_HUB_28af5221504bbe547fe5,203,285,SOLID,50,71,SV5_HUB_28af5221504bbe547fe5@50:71,UNKNOWN,SOLID,8b4e71be724a084e25699799da11596206b2fc4c84299bd84f1e8e0dc68a0baa
SV5_HUB_28af5221504bbe547fe5,204,285,SOLID,51,71,SV5_HUB_28af5221504bbe547fe5@51:71,UNKNOWN,SOLID,8b4e71be724a084e25699799da11596206b2fc4c84299bd84f1e8e0dc68a0baa
SV5_HUB_28af5221504bbe547fe5,205,285,SOLID,51,71,SV5_HUB_28af5221504bbe547fe5@51:71,UNKNOWN,SOLID,8b4e71be724a084e25699799da11596206b2fc4c84299bd84f1e8e0dc68a0baa
SV5_HUB_28af5221504bbe547fe5,206,285,SOLID,51,71,SV5_HUB_28af5221504bbe547fe5@51:71,UNKNOWN,SOLID,8b4e71be724a084e25699799da11596206b2fc4c84299bd84f1e8e0dc68a0baa
SV5_HUB_28af5221504bbe547fe5,207,285,SOLID,51,71,SV5_HUB_28af5221504bbe547fe5@51:71,UNKNOWN,SOLID,8b4e71be724a084e25699799da11596206b2fc4c84299bd84f1e8e0dc68a0baa
SV5_HUB_28af5221504bbe547fe5,184,286,SOLID,46,71,SV5_HUB_28af5221504bbe547fe5@46:71,UNKNOWN,SOLID,8b4e71be724a084e25699799da11596206b2fc4c84299bd84f1e8e0dc68a0baa
SV5_HUB_28af5221504bbe547fe5,185,286,SOLID,46,71,SV5_HUB_28af5221504bbe547fe5@46:71,UNKNOWN,SOLID,8b4e71be724a084e25699799da11596206b2fc4c84299bd84f1e8e0dc68a0baa
SV5_HUB_28af5221504bbe547fe5,186,286,SOLID,46,71,SV5_HUB_28af5221504bbe547fe5@46:71,UNKNOWN,SOLID,8b4e71be724a084e25699799da11596206b2fc4c84299bd84f1e8e0dc68a0baa
SV5_HUB_28af5221504bbe547fe5,187,286,SOLID,46,71,SV5_HUB_28af5221504bbe547fe5@46:71,UNKNOWN,SOLID,8b4e71be724a084e25699799da11596206b2fc4c84299bd84f1e8e0dc68a0baa
SV5_HUB_28af5221504bbe547fe5,188,286,SOLID,47,71,SV5_HUB_28af5221504bbe547fe5@47:71,UNKNOWN,SOLID,8b4e71be724a084e25699799da11596206b2fc4c84299bd84f1e8e0dc68a0baa
SV5_HUB_28af5221504bbe547fe5,189,286,SOLID,47,71,SV5_HUB_28af5221504bbe547fe5@47:71,UNKNOWN,SOLID,8b4e71be724a084e25699799da11596206b2fc4c84299bd84f1e8e0dc68a0baa
SV5_HUB_28af5221504bbe547fe5,190,286,SOLID,47,71,SV5_HUB_28af5221504bbe547fe5@47:71,UNKNOWN,SOLID,8b4e71be724a084e25699799da11596206b2fc4c84299bd84f1e8e0dc68a0baa
SV5_HUB_28af5221504bbe547fe5,191,286,SOLID,47,71,SV5_HUB_28af5221504bbe547fe5@47:71,UNKNOWN,SOLID,8b4e71be724a084e25699799da11596206b2fc4c84299bd84f1e8e0dc68a0baa
SV5_HUB_28af5221504bbe547fe5,192,286,SOLID,48,71,SV5_HUB_28af5221504bbe547fe5@48:71,UNKNOWN,SOLID,8b4e71be724a084e25699799da11596206b2fc4c84299bd84f1e8e0dc68a0baa
SV5_HUB_28af5221504bbe547fe5,193,286,SOLID,48,71,SV5_HUB_28af5221504bbe547fe5@48:71,UNKNOWN,SOLID,8b4e71be724a084e25699799da11596206b2fc4c84299bd84f1e8e0dc68a0baa
SV5_HUB_28af5221504bbe547fe5,194,286,SOLID,48,71,SV5_HUB_28af5221504bbe547fe5@48:71,UNKNOWN,SOLID,8b4e71be724a084e25699799da11596206b2fc4c84299bd84f1e8e0dc68a0baa
SV5_HUB_28af5221504bbe547fe5,195,286,SOLID,48,71,SV5_HUB_28af5221504bbe547fe5@48:71,UNKNOWN,SOLID,8b4e71be724a084e25699799da11596206b2fc4c84299bd84f1e8e0dc68a0baa
SV5_HUB_28af5221504bbe547fe5,196,286,SOLID,49,71,SV5_HUB_28af5221504bbe547fe5@49:71,UNKNOWN,SOLID,8b4e71be724a084e25699799da11596206b2fc4c84299bd84f1e8e0dc68a0baa
SV5_HUB_28af5221504bbe547fe5,197,286,SOLID,49,71,SV5_HUB_28af5221504bbe547fe5@49:71,UNKNOWN,SOLID,8b4e71be724a084e25699799da11596206b2fc4c84299bd84f1e8e0dc68a0baa
SV5_HUB_28af5221504bbe547fe5,198,286,SOLID,49,71,SV5_HUB_28af5221504bbe547fe5@49:71,UNKNOWN,SOLID,8b4e71be724a084e25699799da11596206b2fc4c84299bd84f1e8e0dc68a0baa
SV5_HUB_28af5221504bbe547fe5,199,286,SOLID,49,71,SV5_HUB_28af5221504bbe547fe5@49:71,UNKNOWN,SOLID,8b4e71be724a084e25699799da11596206b2fc4c84299bd84f1e8e0dc68a0baa
SV5_HUB_28af5221504bbe547fe5,200,286,SOLID,50,71,SV5_HUB_28af5221504bbe547fe5@50:71,UNKNOWN,SOLID,8b4e71be724a084e25699799da11596206b2fc4c84299bd84f1e8e0dc68a0baa
SV5_HUB_28af5221504bbe547fe5,201,286,SOLID,50,71,SV5_HUB_28af5221504bbe547fe5@50:71,UNKNOWN,SOLID,8b4e71be724a084e25699799da11596206b2fc4c84299bd84f1e8e0dc68a0baa
SV5_HUB_28af5221504bbe547fe5,202,286,SOLID,50,71,SV5_HUB_28af5221504bbe547fe5@50:71,UNKNOWN,SOLID,8b4e71be724a084e25699799da11596206b2fc4c84299bd84f1e8e0dc68a0baa
SV5_HUB_28af5221504bbe547fe5,203,286,SOLID,50,71,SV5_HUB_28af5221504bbe547fe5@50:71,UNKNOWN,SOLID,8b4e71be724a084e25699799da11596206b2fc4c84299bd84f1e8e0dc68a0baa
SV5_HUB_28af5221504bbe547fe5,204,286,SOLID,51,71,SV5_HUB_28af5221504bbe547fe5@51:71,UNKNOWN,SOLID,8b4e71be724a084e25699799da11596206b2fc4c84299bd84f1e8e0dc68a0baa
SV5_HUB_28af5221504bbe547fe5,205,286,SOLID,51,71,SV5_HUB_28af5221504bbe547fe5@51:71,UNKNOWN,SOLID,8b4e71be724a084e25699799da11596206b2fc4c84299bd84f1e8e0dc68a0baa
SV5_HUB_28af5221504bbe547fe5,206,286,SOLID,51,71,SV5_HUB_28af5221504bbe547fe5@51:71,UNKNOWN,SOLID,8b4e71be724a084e25699799da11596206b2fc4c84299bd84f1e8e0dc68a0baa
SV5_HUB_28af5221504bbe547fe5,207,286,SOLID,51,71,SV5_HUB_28af5221504bbe547fe5@51:71,UNKNOWN,SOLID,8b4e71be724a084e25699799da11596206b2fc4c84299bd84f1e8e0dc68a0baa
SV5_HUB_28af5221504bbe547fe5,184,287,SOLID,46,71,SV5_HUB_28af5221504bbe547fe5@46:71,UNKNOWN,SOLID,8b4e71be724a084e25699799da11596206b2fc4c84299bd84f1e8e0dc68a0baa
SV5_HUB_28af5221504bbe547fe5,185,287,SOLID,46,71,SV5_HUB_28af5221504bbe547fe5@46:71,UNKNOWN,SOLID,8b4e71be724a084e25699799da11596206b2fc4c84299bd84f1e8e0dc68a0baa
SV5_HUB_28af5221504bbe547fe5,186,287,SOLID,46,71,SV5_HUB_28af5221504bbe547fe5@46:71,UNKNOWN,SOLID,8b4e71be724a084e25699799da11596206b2fc4c84299bd84f1e8e0dc68a0baa
SV5_HUB_28af5221504bbe547fe5,187,287,SOLID,46,71,SV5_HUB_28af5221504bbe547fe5@46:71,UNKNOWN,SOLID,8b4e71be724a084e25699799da11596206b2fc4c84299bd84f1e8e0dc68a0baa
SV5_HUB_28af5221504bbe547fe5,188,287,SOLID,47,71,SV5_HUB_28af5221504bbe547fe5@47:71,UNKNOWN,SOLID,8b4e71be724a084e25699799da11596206b2fc4c84299bd84f1e8e0dc68a0baa
SV5_HUB_28af5221504bbe547fe5,189,287,SOLID,47,71,SV5_HUB_28af5221504bbe547fe5@47:71,UNKNOWN,SOLID,8b4e71be724a084e25699799da11596206b2fc4c84299bd84f1e8e0dc68a0baa
SV5_HUB_28af5221504bbe547fe5,190,287,SOLID,47,71,SV5_HUB_28af5221504bbe547fe5@47:71,UNKNOWN,SOLID,8b4e71be724a084e25699799da11596206b2fc4c84299bd84f1e8e0dc68a0baa
SV5_HUB_28af5221504bbe547fe5,191,287,SOLID,47,71,SV5_HUB_28af5221504bbe547fe5@47:71,UNKNOWN,SOLID,8b4e71be724a084e25699799da11596206b2fc4c84299bd84f1e8e0dc68a0baa
SV5_HUB_28af5221504bbe547fe5,192,287,SOLID,48,71,SV5_HUB_28af5221504bbe547fe5@48:71,UNKNOWN,SOLID,8b4e71be724a084e25699799da11596206b2fc4c84299bd84f1e8e0dc68a0baa
SV5_HUB_28af5221504bbe547fe5,193,287,SOLID,48,71,SV5_HUB_28af5221504bbe547fe5@48:71,UNKNOWN,SOLID,8b4e71be724a084e25699799da11596206b2fc4c84299bd84f1e8e0dc68a0baa
SV5_HUB_28af5221504bbe547fe5,194,287,SOLID,48,71,SV5_HUB_28af5221504bbe547fe5@48:71,UNKNOWN,SOLID,8b4e71be724a084e25699799da11596206b2fc4c84299bd84f1e8e0dc68a0baa
SV5_HUB_28af5221504bbe547fe5,195,287,SOLID,48,71,SV5_HUB_28af5221504bbe547fe5@48:71,UNKNOWN,SOLID,8b4e71be724a084e25699799da11596206b2fc4c84299bd84f1e8e0dc68a0baa
SV5_HUB_28af5221504bbe547fe5,196,287,SOLID,49,71,SV5_HUB_28af5221504bbe547fe5@49:71,UNKNOWN,SOLID,8b4e71be724a084e25699799da11596206b2fc4c84299bd84f1e8e0dc68a0baa
SV5_HUB_28af5221504bbe547fe5,197,287,SOLID,49,71,SV5_HUB_28af5221504bbe547fe5@49:71,UNKNOWN,SOLID,8b4e71be724a084e25699799da11596206b2fc4c84299bd84f1e8e0dc68a0baa
SV5_HUB_28af5221504bbe547fe5,198,287,SOLID,49,71,SV5_HUB_28af5221504bbe547fe5@49:71,UNKNOWN,SOLID,8b4e71be724a084e25699799da11596206b2fc4c84299bd84f1e8e0dc68a0baa
SV5_HUB_28af5221504bbe547fe5,199,287,SOLID,49,71,SV5_HUB_28af5221504bbe547fe5@49:71,UNKNOWN,SOLID,8b4e71be724a084e25699799da11596206b2fc4c84299bd84f1e8e0dc68a0baa
SV5_HUB_28af5221504bbe547fe5,200,287,SOLID,50,71,SV5_HUB_28af5221504bbe547fe5@50:71,UNKNOWN,SOLID,8b4e71be724a084e25699799da11596206b2fc4c84299bd84f1e8e0dc68a0baa
SV5_HUB_28af5221504bbe547fe5,201,287,SOLID,50,71,SV5_HUB_28af5221504bbe547fe5@50:71,UNKNOWN,SOLID,8b4e71be724a084e25699799da11596206b2fc4c84299bd84f1e8e0dc68a0baa
SV5_HUB_28af5221504bbe547fe5,202,287,SOLID,50,71,SV5_HUB_28af5221504bbe547fe5@50:71,UNKNOWN,SOLID,8b4e71be724a084e25699799da11596206b2fc4c84299bd84f1e8e0dc68a0baa
SV5_HUB_28af5221504bbe547fe5,203,287,SOLID,50,71,SV5_HUB_28af5221504bbe547fe5@50:71,UNKNOWN,SOLID,8b4e71be724a084e25699799da11596206b2fc4c84299bd84f1e8e0dc68a0baa
SV5_HUB_28af5221504bbe547fe5,204,287,SOLID,51,71,SV5_HUB_28af5221504bbe547fe5@51:71,UNKNOWN,SOLID,8b4e71be724a084e25699799da11596206b2fc4c84299bd84f1e8e0dc68a0baa
SV5_HUB_28af5221504bbe547fe5,205,287,SOLID,51,71,SV5_HUB_28af5221504bbe547fe5@51:71,UNKNOWN,SOLID,8b4e71be724a084e25699799da11596206b2fc4c84299bd84f1e8e0dc68a0baa
SV5_HUB_28af5221504bbe547fe5,206,287,SOLID,51,71,SV5_HUB_28af5221504bbe547fe5@51:71,UNKNOWN,SOLID,8b4e71be724a084e25699799da11596206b2fc4c84299bd84f1e8e0dc68a0baa
SV5_HUB_28af5221504bbe547fe5,207,287,SOLID,51,71,SV5_HUB_28af5221504bbe547fe5@51:71,UNKNOWN,SOLID,8b4e71be724a084e25699799da11596206b2fc4c84299bd84f1e8e0dc68a0baa
