x,y,plan_digest
560,8,c4047b78601928383e81fd84b2ad56c4a065fede00be8b56e40c56760296cd21
579,8,c4047b78601928383e81fd84b2ad56c4a065fede00be8b56e40c56760296cd21
352,22,c4047b78601928383e81fd84b2ad56c4a065fede00be8b56e40c56760296cd21
363,22,c4047b78601928383e81fd84b2ad56c4a065fede00be8b56e40c56760296cd21
245,24,c4047b78601928383e81fd84b2ad56c4a065fede00be8b56e40c56760296cd21
246,24,c4047b78601928383e81fd84b2ad56c4a065fede00be8b56e40c56760296cd21
247,24,c4047b78601928383e81fd84b2ad56c4a065fede00be8b56e40c56760296cd21
248,24,c4047b78601928383e81fd84b2ad56c4a065fede00be8b56e40c56760296cd21
249,24,c4047b78601928383e81fd84b2ad56c4a065fede00be8b56e40c56760296cd21
250,24,c4047b78601928383e81fd84b2ad56c4a065fede00be8b56e40c56760296cd21
251,24,c4047b78601928383e81fd84b2ad56c4a065fede00be8b56e40c56760296cd21
252,24,c4047b78601928383e81fd84b2ad56c4a065fede00be8b56e40c56760296cd21
253,24,c4047b78601928383e81fd84b2ad56c4a065fede00be8b56e40c56760296cd21
254,24,c4047b78601928383e81fd84b2ad56c4a065fede00be8b56e40c56760296cd21
255,24,c4047b78601928383e81fd84b2ad56c4a065fede00be8b56e40c56760296cd21
256,24,c4047b78601928383e81fd84b2ad56c4a065fede00be8b56e40c56760296cd21
257,24,c4047b78601928383e81fd84b2ad56c4a065fede00be8b56e40c56760296cd21
258,24,c4047b78601928383e81fd84b2ad56c4a065fede00be8b56e40c56760296cd21
259,24,c4047b78601928383e81fd84b2ad56c4a065fede00be8b56e40c56760296cd21
260,24,c4047b78601928383e81fd84b2ad56c4a065fede00be8b56e40c56760296cd21
261,24,c4047b78601928383e81fd84b2ad56c4a065fede00be8b56e40c56760296cd21
262,24,c4047b78601928383e81fd84b2ad56c4a065fede00be8b56e40c56760296cd21
263,24,c4047b78601928383e81fd84b2ad56c4a065fede00be8b56e40c56760296cd21
264,24,c4047b78601928383e81fd84b2ad56c4a065fede00be8b56e40c56760296cd21
245,25,c4047b78601928383e81fd84b2ad56c4a065fede00be8b56e40c56760296cd21
246,25,c4047b78601928383e81fd84b2ad56c4a065fede00be8b56e40c56760296cd21
247,25,c4047b78601928383e81fd84b2ad56c4a065fede00be8b56e40c56760296cd21
248,25,c4047b78601928383e81fd84b2ad56c4a065fede00be8b56e40c56760296cd21
249,25,c4047b78601928383e81fd84b2ad56c4a065fede00be8b56e40c56760296cd21
250,25,c4047b78601928383e81fd84b2ad56c4a065fede00be8b56e40c56760296cd21
251,25,c4047b78601928383e81fd84b2ad56c4a065fede00be8b56e40c56760296cd21
252,25,c4047b78601928383e81fd84b2ad56c4a065fede00be8b56e40c56760296cd21
253,25,c4047b78601928383e81fd84b2ad56c4a065fede00be8b56e40c56760296cd21
254,25,c4047b78601928383e81fd84b2ad56c4a065fede00be8b56e40c56760296cd21
255,25,c4047b78601928383e81fd84b2ad56c4a065fede00be8b56e40c56760296cd21
256,25,c4047b78601928383e81fd84b2ad56c4a065fede00be8b56e40c56760296cd21
257,25,c4047b78601928383e81fd84b2ad56c4a065fede00be8b56e40c56760296cd21
258,25,c4047b78601928383e81fd84b2ad56c4a065fede00be8b56e40c56760296cd21
259,25,c4047b78601928383e81fd84b2ad56c4a065fede00be8b56e40c56760296cd21
260,25,c4047b78601928383e81fd84b2ad56c4a065fede00be8b56e40c56760296cd21
261,25,c4047b78601928383e81fd84b2ad56c4a065fede00be8b56e40c56760296cd21
262,25,c4047b78601928383e81fd84b2ad56c4a065fede00be8b56e40c56760296cd21
263,25,c4047b78601928383e81fd84b2ad56c4a065fede00be8b56e40c56760296cd21
264,25,c4047b78601928383e81fd84b2ad56c4a065fede00be8b56e40c56760296cd21
245,26,c4047b78601928383e81fd84b2ad56c4a065fede00be8b56e40c56760296cd21
246,26,c4047b78601928383e81fd84b2ad56c4a065fede00be8b56e40c56760296cd21
247,26,c4047b78601928383e81fd84b2ad56c4a065fede00be8b56e40c56760296cd21
248,26,c4047b78601928383e81fd84b2ad56c4a065fede00be8b56e40c56760296cd21
249,26,c4047b78601928383e81fd84b2ad56c4a065fede00be8b56e40c56760296cd21
250,26,c4047b78601928383e81fd84b2ad56c4a065fede00be8b56e40c56760296cd21
251,26,c4047b78601928383e81fd84b2ad56c4a065fede00be8b56e40c56760296cd21
252,26,c4047b78601928383e81fd84b2ad56c4a065fede00be8b56e40c56760296cd21
253,26,c4047b78601928383e81fd84b2ad56c4a065fede00be8b56e40c56760296cd21
254,26,c4047b78601928383e81fd84b2ad56c4a065fede00be8b56e40c56760296cd21
255,26,c4047b78601928383e81fd84b2ad56c4a065fede00be8b56e40c56760296cd21
256,26,c4047b78601928383e81fd84b2ad56c4a065fede00be8b56e40c56760296cd21
257,26,c4047b78601928383e81fd84b2ad56c4a065fede00be8b56e40c56760296cd21
258,26,c4047b78601928383e81fd84b2ad56c4a065fede00be8b56e40c56760296cd21
259,26,c4047b78601928383e81fd84b2ad56c4a065fede00be8b56e40c56760296cd21
260,26,c4047b78601928383e81fd84b2ad56c4a065fede00be8b56e40c56760296cd21
261,26,c4047b78601928383e81fd84b2ad56c4a065fede00be8b56e40c56760296cd21
262,26,c4047b78601928383e81fd84b2ad56c4a065fede00be8b56e40c56760296cd21
263,26,c4047b78601928383e81fd84b2ad56c4a065fede00be8b56e40c56760296cd21
264,26,c4047b78601928383e81fd84b2ad56c4a065fede00be8b56e40c56760296cd21
245,27,c4047b78601928383e81fd84b2ad56c4a065fede00be8b56e40c56760296cd21
246,27,c4047b78601928383e81fd84b2ad56c4a065fede00be8b56e40c56760296cd21
247,27,c4047b78601928383e81fd84b2ad56c4a065fede00be8b56e40c56760296cd21
248,27,c4047b78601928383e81fd84b2ad56c4a065fede00be8b56e40c56760296cd21
249,27,c4047b78601928383e81fd84b2ad56c4a065fede00be8b56e40c56760296cd21
250,27,c4047b78601928383e81fd84b2ad56c4a065fede00be8b56e40c56760296cd21
251,27,c4047b78601928383e81fd84b2ad56c4a065fede00be8b56e40c56760296cd21
252,27,c4047b78601928383e81fd84b2ad56c4a065fede00be8b56e40c56760296cd21
253,27,c4047b78601928383e81fd84b2ad56c4a065fede00be8b56e40c56760296cd21
254,27,c4047b78601928383e81fd84b2ad56c4a065fede00be8b56e40c56760296cd21
255,27,c4047b78601928383e81fd84b2ad56c4a065fede00be8b56e40c56760296cd21
256,27,c4047b78601928383e81fd84b2ad56c4a065fede00be8b56e40c56760296cd21
257,27,c4047b78601928383e81fd84b2ad56c4a065fede00be8b56e40c56760296cd21
258,27,c4047b78601928383e81fd84b2ad56c4a065fede00be8b56e40c56760296cd21
259,27,c4047b78601928383e81fd84b2ad56c4a065fede00be8b56e40c56760296cd21
260,27,c4047b78601928383e81fd84b2ad56c4a065fede00be8b56e40c56760296cd21
261,27,c4047b78601928383e81fd84b2ad56c4a065fede00be8b56e40c56760296cd21
262,27,c4047b78601928383e81fd84b2ad56c4a065fede00be8b56e40c56760296cd21
263,27,c4047b78601928383e81fd84b2ad56c4a065fede00be8b56e40c56760296cd21
264,27,c4047b78601928383e81fd84b2ad56c4a065fede00be8b56e40c56760296cd21
245,28,c4047b78601928383e81fd84b2ad56c4a065fede00be8b56e40c56760296cd21
246,28,c4047b78601928383e81fd84b2ad56c4a065fede00be8b56e40c56760296cd21
247,28,c4047b78601928383e81fd84b2ad56c4a065fede00be8b56e40c56760296cd21
248,28,c4047b78601928383e81fd84b2ad56c4a065fede00be8b56e40c56760296cd21
249,28,c4047b78601928383e81fd84b2ad56c4a065fede00be8b56e40c56760296cd21
250,28,c4047b78601928383e81fd84b2ad56c4a065fede00be8b56e40c56760296cd21
251,28,c4047b78601928383e81fd84b2ad56c4a065fede00be8b56e40c56760296cd21
252,28,c4047b78601928383e81fd84b2ad56c4a065fede00be8b56e40c56760296cd21
253,28,c4047b78601928383e81fd84b2ad56c4a065fede00be8b56e40c56760296cd21
254,28,c4047b78601928383e81fd84b2ad56c4a065fede00be8b56e40c56760296cd21
255,28,c4047b78601928383e81fd84b2ad56c4a065fede00be8b56e40c56760296cd21
256,28,c4047b78601928383e81fd84b2ad56c4a065fede00be8b56e40c56760296cd21
257,28,c4047b78601928383e81fd84b2ad56c4a065fede00be8b56e40c56760296cd21
258,28,c4047b78601928383e81fd84b2ad56c4a065fede00be8b56e40c56760296cd21
259,28,c4047b78601928383e81fd84b2ad56c4a065fede00be8b56e40c56760296cd21
260,28,c4047b78601928383e81fd84b2ad56c4a065fede00be8b56e40c56760296cd21
261,28,c4047b78601928383e81fd84b2ad56c4a065fede00be8b56e40c56760296cd21
262,28,c4047b78601928383e81fd84b2ad56c4a065fede00be8b56e40c56760296cd21
263,28,c4047b78601928383e81fd84b2ad56c4a065fede00be8b56e40c56760296cd21
264,28,c4047b78601928383e81fd84b2ad56c4a065fede00be8b56e40c56760296cd21
245,29,c4047b78601928383e81fd84b2ad56c4a065fede00be8b56e40c56760296cd21
246,29,c4047b78601928383e81fd84b2ad56c4a065fede00be8b56e40c56760296cd21
247,29,c4047b78601928383e81fd84b2ad56c4a065fede00be8b56e40c56760296cd21
248,29,c4047b78601928383e81fd84b2ad56c4a065fede00be8b56e40c56760296cd21
249,29,c4047b78601928383e81fd84b2ad56c4a065fede00be8b56e40c56760296cd21
250,29,c4047b78601928383e81fd84b2ad56c4a065fede00be8b56e40c56760296cd21
251,29,c4047b78601928383e81fd84b2ad56c4a065fede00be8b56e40c56760296cd21
252,29,c4047b78601928383e81fd84b2ad56c4a065fede00be8b56e40c56760296cd21
253,29,c4047b78601928383e81fd84b2ad56c4a065fede00be8b56e40c56760296cd21
254,29,c4047b78601928383e81fd84b2ad56c4a065fede00be8b56e40c56760296cd21
255,29,c4047b78601928383e81fd84b2ad56c4a065fede00be8b56e40c56760296cd21
256,29,c4047b78601928383e81fd84b2ad56c4a065fede00be8b56e40c56760296cd21
257,29,c4047b78601928383e81fd84b2ad56c4a065fede00be8b56e40c56760296cd21
258,29,c4047b78601928383e81fd84b2ad56c4a065fede00be8b56e40c56760296cd21
259,29,c4047b78601928383e81fd84b2ad56c4a065fede00be8b56e40c56760296cd21
260,29,c4047b78601928383e81fd84b2ad56c4a065fede00be8b56e40c56760296cd21
261,29,c4047b78601928383e81fd84b2ad56c4a065fede00be8b56e40c56760296cd21
262,29,c4047b78601928383e81fd84b2ad56c4a065fede00be8b56e40c56760296cd21
263,29,c4047b78601928383e81fd84b2ad56c4a065fede00be8b56e40c56760296cd21
264,29,c4047b78601928383e81fd84b2ad56c4a065fede00be8b56e40c56760296cd21
244,30,c4047b78601928383e81fd84b2ad56c4a065fede00be8b56e40c56760296cd21
245,30,c4047b78601928383e81fd84b2ad56c4a065fede00be8b56e40c56760296cd21
246,30,c4047b78601928383e81fd84b2ad56c4a065fede00be8b56e40c56760296cd21
247,30,c4047b78601928383e81fd84b2ad56c4a065fede00be8b56e40c56760296cd21
248,30,c4047b78601928383e81fd84b2ad56c4a065fede00be8b56e40c56760296cd21
249,30,c4047b78601928383e81fd84b2ad56c4a065fede00be8b56e40c56760296cd21
250,30,c4047b78601928383e81fd84b2ad56c4a065fede00be8b56e40c56760296cd21
251,30,c4047b78601928383e81fd84b2ad56c4a065fede00be8b56e40c56760296cd21
252,30,c4047b78601928383e81fd84b2ad56c4a065fede00be8b56e40c56760296cd21
253,30,c4047b78601928383e81fd84b2ad56c4a065fede00be8b56e40c56760296cd21
254,30,c4047b78601928383e81fd84b2ad56c4a065fede00be8b56e40c56760296cd21
255,30,c4047b78601928383e81fd84b2ad56c4a065fede00be8b56e40c56760296cd21
256,30,c4047b78601928383e81fd84b2ad56c4a065fede00be8b56e40c56760296cd21
257,30,c4047b78601928383e81fd84b2ad56c4a065fede00be8b56e40c56760296cd21
258,30,c4047b78601928383e81fd84b2ad56c4a065fede00be8b56e40c56760296cd21
259,30,c4047b78601928383e81fd84b2ad56c4a065fede00be8b56e40c56760296cd21
260,30,c4047b78601928383e81fd84b2ad56c4a065fede00be8b56e40c56760296cd21
261,30,c4047b78601928383e81fd84b2ad56c4a065fede00be8b56e40c56760296cd21
262,30,c4047b78601928383e81fd84b2ad56c4a065fede00be8b56e40c56760296cd21
263,30,c4047b78601928383e81fd84b2ad56c4a065fede00be8b56e40c56760296cd21
264,30,c4047b78601928383e81fd84b2ad56c4a065fede00be8b56e40c56760296cd21
265,30,c4047b78601928383e81fd84b2ad56c4a065fede00be8b56e40c56760296cd21
266,30,c4047b78601928383e81fd84b2ad56c4a065fede00be8b56e40c56760296cd21
267,30,c4047b78601928383e81fd84b2ad56c4a065fede00be8b56e40c56760296cd21
268,30,c4047b78601928383e81fd84b2ad56c4a065fede00be8b56e40c56760296cd21
269,30,c4047b78601928383e81fd84b2ad56c4a065fede00be8b56e40c56760296cd21
270,30,c4047b78601928383e81fd84b2ad56c4a065fede00be8b56e40c56760296cd21
271,30,c4047b78601928383e81fd84b2ad56c4a065fede00be8b56e40c56760296cd21
272,30,c4047b78601928383e81fd84b2ad56c4a065fede00be8b56e40c56760296cd21
273,30,c4047b78601928383e81fd84b2ad56c4a065fede00be8b56e40c56760296cd21
274,30,c4047b78601928383e81fd84b2ad56c4a065fede00be8b56e40c56760296cd21
275,30,c4047b78601928383e81fd84b2ad56c4a065fede00be8b56e40c56760296cd21
276,30,c4047b78601928383e81fd84b2ad56c4a065fede00be8b56e40c56760296cd21
277,30,c4047b78601928383e81fd84b2ad56c4a065fede00be8b56e40c56760296cd21
278,30,c4047b78601928383e81fd84b2ad56c4a065fede00be8b56e40c56760296cd21
279,30,c4047b78601928383e81fd84b2ad56c4a065fede00be8b56e40c56760296cd21
280,30,c4047b78601928383e81fd84b2ad56c4a065fede00be8b56e40c56760296cd21
281,30,c4047b78601928383e81fd84b2ad56c4a065fede00be8b56e40c56760296cd21
282,30,c4047b78601928383e81fd84b2ad56c4a065fede00be8b56e40c56760296cd21
283,30,c4047b78601928383e81fd84b2ad56c4a065fede00be8b56e40c56760296cd21
284,30,c4047b78601928383e81fd84b2ad56c4a065fede00be8b56e40c56760296cd21
285,30,c4047b78601928383e81fd84b2ad56c4a065fede00be8b56e40c56760296cd21
286,30,c4047b78601928383e81fd84b2ad56c4a065fede00be8b56e40c56760296cd21
287,30,c4047b78601928383e81fd84b2ad56c4a065fede00be8b56e40c56760296cd21
288,30,c4047b78601928383e81fd84b2ad56c4a065fede00be8b56e40c56760296cd21
289,30,c4047b78601928383e81fd84b2ad56c4a065fede00be8b56e40c56760296cd21
290,30,c4047b78601928383e81fd84b2ad56c4a065fede00be8b56e40c56760296cd21
291,30,c4047b78601928383e81fd84b2ad56c4a065fede00be8b56e40c56760296cd21
292,30,c4047b78601928383e81fd84b2ad56c4a065fede00be8b56e40c56760296cd21
293,30,c4047b78601928383e81fd84b2ad56c4a065fede00be8b56e40c56760296cd21
294,30,c4047b78601928383e81fd84b2ad56c4a065fede00be8b56e40c56760296cd21
295,30,c4047b78601928383e81fd84b2ad56c4a065fede00be8b56e40c56760296cd21
296,30,c4047b78601928383e81fd84b2ad56c4a065fede00be8b56e40c56760296cd21
297,30,c4047b78601928383e81fd84b2ad56c4a065fede00be8b56e40c56760296cd21
298,30,c4047b78601928383e81fd84b2ad56c4a065fede00be8b56e40c56760296cd21
299,30,c4047b78601928383e81fd84b2ad56c4a065fede00be8b56e40c56760296cd21
300,30,c4047b78601928383e81fd84b2ad56c4a065fede00be8b56e40c56760296cd21
301,30,c4047b78601928383e81fd84b2ad56c4a065fede00be8b56e40c56760296cd21
302,30,c4047b78601928383e81fd84b2ad56c4a065fede00be8b56e40c56760296cd21
303,30,c4047b78601928383e81fd84b2ad56c4a065fede00be8b56e40c56760296cd21
304,30,c4047b78601928383e81fd84b2ad56c4a065fede00be8b56e40c56760296cd21
305,30,c4047b78601928383e81fd84b2ad56c4a065fede00be8b56e40c56760296cd21
306,30,c4047b78601928383e81fd84b2ad56c4a065fede00be8b56e40c56760296cd21
307,30,c4047b78601928383e81fd84b2ad56c4a065fede00be8b56e40c56760296cd21
308,30,c4047b78601928383e81fd84b2ad56c4a065fede00be8b56e40c56760296cd21
309,30,c4047b78601928383e81fd84b2ad56c4a065fede00be8b56e40c56760296cd21
310,30,c4047b78601928383e81fd84b2ad56c4a065fede00be8b56e40c56760296cd21
311,30,c4047b78601928383e81fd84b2ad56c4a065fede00be8b56e40c56760296cd21
312,30,c4047b78601928383e81fd84b2ad56c4a065fede00be8b56e40c56760296cd21
313,30,c4047b78601928383e81fd84b2ad56c4a065fede00be8b56e40c56760296cd21
314,30,c4047b78601928383e81fd84b2ad56c4a065fede00be8b56e40c56760296cd21
315,30,c4047b78601928383e81fd84b2ad56c4a065fede00be8b56e40c56760296cd21
316,30,c4047b78601928383e81fd84b2ad56c4a065fede00be8b56e40c56760296cd21
317,30,c4047b78601928383e81fd84b2ad56c4a065fede00be8b56e40c56760296cd21
318,30,c4047b78601928383e81fd84b2ad56c4a065fede00be8b56e40c56760296cd21
319,30,c4047b78601928383e81fd84b2ad56c4a065fede00be8b56e40c56760296cd21
320,30,c4047b78601928383e81fd84b2ad56c4a065fede00be8b56e40c56760296cd21
321,30,c4047b78601928383e81fd84b2ad56c4a065fede00be8b56e40c56760296cd21
322,30,c4047b78601928383e81fd84b2ad56c4a065fede00be8b56e40c56760296cd21
323,30,c4047b78601928383e81fd84b2ad56c4a065fede00be8b56e40c56760296cd21
324,30,c4047b78601928383e81fd84b2ad56c4a065fede00be8b56e40c56760296cd21
325,30,c4047b78601928383e81fd84b2ad56c4a065fede00be8b56e40c56760296cd21
326,30,c4047b78601928383e81fd84b2ad56c4a065fede00be8b56e40c56760296cd21
327,30,c4047b78601928383e81fd84b2ad56c4a065fede00be8b56e40c56760296cd21
328,30,c4047b78601928383e81fd84b2ad56c4a065fede00be8b56e40c56760296cd21
329,30,c4047b78601928383e81fd84b2ad56c4a065fede00be8b56e40c56760296cd21
330,30,c4047b78601928383e81fd84b2ad56c4a065fede00be8b56e40c56760296cd21
331,30,c4047b78601928383e81fd84b2ad56c4a065fede00be8b56e40c56760296cd21
332,30,c4047b78601928383e81fd84b2ad56c4a065fede00be8b56e40c56760296cd21
333,30,c4047b78601928383e81fd84b2ad56c4a065fede00be8b56e40c56760296cd21
334,30,c4047b78601928383e81fd84b2ad56c4a065fede00be8b56e40c56760296cd21
335,30,c4047b78601928383e81fd84b2ad56c4a065fede00be8b56e40c56760296cd21
336,30,c4047b78601928383e81fd84b2ad56c4a065fede00be8b56e40c56760296cd21
337,30,c4047b78601928383e81fd84b2ad56c4a065fede00be8b56e40c56760296cd21
338,30,c4047b78601928383e81fd84b2ad56c4a065fede00be8b56e40c56760296cd21
339,30,c4047b78601928383e81fd84b2ad56c4a065fede00be8b56e40c56760296cd21
340,30,c4047b78601928383e81fd84b2ad56c4a065fede00be8b56e40c56760296cd21
341,30,c4047b78601928383e81fd84b2ad56c4a065fede00be8b56e40c56760296cd21
342,30,c4047b78601928383e81fd84b2ad56c4a065fede00be8b56e40c56760296cd21
343,30,c4047b78601928383e81fd84b2ad56c4a065fede00be8b56e40c56760296cd21
344,30,c4047b78601928383e81fd84b2ad56c4a065fede00be8b56e40c56760296cd21
345,30,c4047b78601928383e81fd84b2ad56c4a065fede00be8b56e40c56760296cd21
346,30,c4047b78601928383e81fd84b2ad56c4a065fede00be8b56e40c56760296cd21
347,30,c4047b78601928383e81fd84b2ad56c4a065fede00be8b56e40c56760296cd21
348,30,c4047b78601928383e81fd84b2ad56c4a065fede00be8b56e40c56760296cd21
349,30,c4047b78601928383e81fd84b2ad56c4a065fede00be8b56e40c56760296cd21
350,30,c4047b78601928383e81fd84b2ad56c4a065fede00be8b56e40c56760296cd21
351,30,c4047b78601928383e81fd84b2ad56c4a065fede00be8b56e40c56760296cd21
352,30,c4047b78601928383e81fd84b2ad56c4a065fede00be8b56e40c56760296cd21
353,30,c4047b78601928383e81fd84b2ad56c4a065fede00be8b56e40c56760296cd21
354,30,c4047b78601928383e81fd84b2ad56c4a065fede00be8b56e40c56760296cd21
355,30,c4047b78601928383e81fd84b2ad56c4a065fede00be8b56e40c56760296cd21
356,30,c4047b78601928383e81fd84b2ad56c4a065fede00be8b56e40c56760296cd21
357,30,c4047b78601928383e81fd84b2ad56c4a065fede00be8b56e40c56760296cd21
358,30,c4047b78601928383e81fd84b2ad56c4a065fede00be8b56e40c56760296cd21
359,30,c4047b78601928383e81fd84b2ad56c4a065fede00be8b56e40c56760296cd21
360,30,c4047b78601928383e81fd84b2ad56c4a065fede00be8b56e40c56760296cd21
361,30,c4047b78601928383e81fd84b2ad56c4a065fede00be8b56e40c56760296cd21
362,30,c4047b78601928383e81fd84b2ad56c4a065fede00be8b56e40c56760296cd21
363,30,c4047b78601928383e81fd84b2ad56c4a065fede00be8b56e40c56760296cd21
364,30,c4047b78601928383e81fd84b2ad56c4a065fede00be8b56e40c56760296cd21
365,30,c4047b78601928383e81fd84b2ad56c4a065fede00be8b56e40c56760296cd21
366,30,c4047b78601928383e81fd84b2ad56c4a065fede00be8b56e40c56760296cd21
367,30,c4047b78601928383e81fd84b2ad56c4a065fede00be8b56e40c56760296cd21
368,30,c4047b78601928383e81fd84b2ad56c4a065fede00be8b56e40c56760296cd21
369,30,c4047b78601928383e81fd84b2ad56c4a065fede00be8b56e40c56760296cd21
370,30,c4047b78601928383e81fd84b2ad56c4a065fede00be8b56e40c56760296cd21
371,30,c4047b78601928383e81fd84b2ad56c4a065fede00be8b56e40c56760296cd21
372,30,c4047b78601928383e81fd84b2ad56c4a065fede00be8b56e40c56760296cd21
373,30,c4047b78601928383e81fd84b2ad56c4a065fede00be8b56e40c56760296cd21
374,30,c4047b78601928383e81fd84b2ad56c4a065fede00be8b56e40c56760296cd21
375,30,c4047b78601928383e81fd84b2ad56c4a065fede00be8b56e40c56760296cd21
376,30,c4047b78601928383e81fd84b2ad56c4a065fede00be8b56e40c56760296cd21
377,30,c4047b78601928383e81fd84b2ad56c4a065fede00be8b56e40c56760296cd21
378,30,c4047b78601928383e81fd84b2ad56c4a065fede00be8b56e40c56760296cd21
379,30,c4047b78601928383e81fd84b2ad56c4a065fede00be8b56e40c56760296cd21
380,30,c4047b78601928383e81fd84b2ad56c4a065fede00be8b56e40c56760296cd21
381,30,c4047b78601928383e81fd84b2ad56c4a065fede00be8b56e40c56760296cd21
382,30,c4047b78601928383e81fd84b2ad56c4a065fede00be8b56e40c56760296cd21
383,30,c4047b78601928383e81fd84b2ad56c4a065fede00be8b56e40c56760296cd21
384,30,c4047b78601928383e81fd84b2ad56c4a065fede00be8b56e40c56760296cd21
385,30,c4047b78601928383e81fd84b2ad56c4a065fede00be8b56e40c56760296cd21
386,30,c4047b78601928383e81fd84b2ad56c4a065fede00be8b56e40c56760296cd21
387,30,c4047b78601928383e81fd84b2ad56c4a065fede00be8b56e40c56760296cd21
388,30,c4047b78601928383e81fd84b2ad56c4a065fede00be8b56e40c56760296cd21
389,30,c4047b78601928383e81fd84b2ad56c4a065fede00be8b56e40c56760296cd21
390,30,c4047b78601928383e81fd84b2ad56c4a065fede00be8b56e40c56760296cd21
391,30,c4047b78601928383e81fd84b2ad56c4a065fede00be8b56e40c56760296cd21
392,30,c4047b78601928383e81fd84b2ad56c4a065fede00be8b56e40c56760296cd21
393,30,c4047b78601928383e81fd84b2ad56c4a065fede00be8b56e40c56760296cd21
394,30,c4047b78601928383e81fd84b2ad56c4a065fede00be8b56e40c56760296cd21
395,30,c4047b78601928383e81fd84b2ad56c4a065fede00be8b56e40c56760296cd21
396,30,c4047b78601928383e81fd84b2ad56c4a065fede00be8b56e40c56760296cd21
397,30,c4047b78601928383e81fd84b2ad56c4a065fede00be8b56e40c56760296cd21
398,30,c4047b78601928383e81fd84b2ad56c4a065fede00be8b56e40c56760296cd21
399,30,c4047b78601928383e81fd84b2ad56c4a065fede00be8b56e40c56760296cd21
400,30,c4047b78601928383e81fd84b2ad56c4a065fede00be8b56e40c56760296cd21
401,30,c4047b78601928383e81fd84b2ad56c4a065fede00be8b56e40c56760296cd21
402,30,c4047b78601928383e81fd84b2ad56c4a065fede00be8b56e40c56760296cd21
403,30,c4047b78601928383e81fd84b2ad56c4a065fede00be8b56e40c56760296cd21
404,30,c4047b78601928383e81fd84b2ad56c4a065fede00be8b56e40c56760296cd21
405,30,c4047b78601928383e81fd84b2ad56c4a065fede00be8b56e40c56760296cd21
406,30,c4047b78601928383e81fd84b2ad56c4a065fede00be8b56e40c56760296cd21
407,30,c4047b78601928383e81fd84b2ad56c4a065fede00be8b56e40c56760296cd21
408,30,c4047b78601928383e81fd84b2ad56c4a065fede00be8b56e40c56760296cd21
409,30,c4047b78601928383e81fd84b2ad56c4a065fede00be8b56e40c56760296cd21
410,30,c4047b78601928383e81fd84b2ad56c4a065fede00be8b56e40c56760296cd21
411,30,c4047b78601928383e81fd84b2ad56c4a065fede00be8b56e40c56760296cd21
412,30,c4047b78601928383e81fd84b2ad56c4a065fede00be8b56e40c56760296cd21
413,30,c4047b78601928383e81fd84b2ad56c4a065fede00be8b56e40c56760296cd21
414,30,c4047b78601928383e81fd84b2ad56c4a065fede00be8b56e40c56760296cd21
415,30,c4047b78601928383e81fd84b2ad56c4a065fede00be8b56e40c56760296cd21
244,31,c4047b78601928383e81fd84b2ad56c4a065fede00be8b56e40c56760296cd21
245,31,c4047b78601928383e81fd84b2ad56c4a065fede00be8b56e40c56760296cd21
246,31,c4047b78601928383e81fd84b2ad56c4a065fede00be8b56e40c56760296cd21
247,31,c4047b78601928383e81fd84b2ad56c4a065fede00be8b56e40c56760296cd21
248,31,c4047b78601928383e81fd84b2ad56c4a065fede00be8b56e40c56760296cd21
249,31,c4047b78601928383e81fd84b2ad56c4a065fede00be8b56e40c56760296cd21
250,31,c4047b78601928383e81fd84b2ad56c4a065fede00be8b56e40c56760296cd21
251,31,c4047b78601928383e81fd84b2ad56c4a065fede00be8b56e40c56760296cd21
252,31,c4047b78601928383e81fd84b2ad56c4a065fede00be8b56e40c56760296cd21
253,31,c4047b78601928383e81fd84b2ad56c4a065fede00be8b56e40c56760296cd21
254,31,c4047b78601928383e81fd84b2ad56c4a065fede00be8b56e40c56760296cd21
255,31,c4047b78601928383e81fd84b2ad56c4a065fede00be8b56e40c56760296cd21
256,31,c4047b78601928383e81fd84b2ad56c4a065fede00be8b56e40c56760296cd21
257,31,c4047b78601928383e81fd84b2ad56c4a065fede00be8b56e40c56760296cd21
258,31,c4047b78601928383e81fd84b2ad56c4a065fede00be8b56e40c56760296cd21
259,31,c4047b78601928383e81fd84b2ad56c4a065fede00be8b56e40c56760296cd21
260,31,c4047b78601928383e81fd84b2ad56c4a065fede00be8b56e40c56760296cd21
261,31,c4047b78601928383e81fd84b2ad56c4a065fede00be8b56e40c56760296cd21
262,31,c4047b78601928383e81fd84b2ad56c4a065fede00be8b56e40c56760296cd21
263,31,c4047b78601928383e81fd84b2ad56c4a065fede00be8b56e40c56760296cd21
264,31,c4047b78601928383e81fd84b2ad56c4a065fede00be8b56e40c56760296cd21
265,31,c4047b78601928383e81fd84b2ad56c4a065fede00be8b56e40c56760296cd21
266,31,c4047b78601928383e81fd84b2ad56c4a065fede00be8b56e40c56760296cd21
267,31,c4047b78601928383e81fd84b2ad56c4a065fede00be8b56e40c56760296cd21
268,31,c4047b78601928383e81fd84b2ad56c4a065fede00be8b56e40c56760296cd21
269,31,c4047b78601928383e81fd84b2ad56c4a065fede00be8b56e40c56760296cd21
270,31,c4047b78601928383e81fd84b2ad56c4a065fede00be8b56e40c56760296cd21
271,31,c4047b78601928383e81fd84b2ad56c4a065fede00be8b56e40c56760296cd21
272,31,c4047b78601928383e81fd84b2ad56c4a065fede00be8b56e40c56760296cd21
273,31,c4047b78601928383e81fd84b2ad56c4a065fede00be8b56e40c56760296cd21
274,31,c4047b78601928383e81fd84b2ad56c4a065fede00be8b56e40c56760296cd21
275,31,c4047b78601928383e81fd84b2ad56c4a065fede00be8b56e40c56760296cd21
276,31,c4047b78601928383e81fd84b2ad56c4a065fede00be8b56e40c56760296cd21
277,31,c4047b78601928383e81fd84b2ad56c4a065fede00be8b56e40c56760296cd21
278,31,c4047b78601928383e81fd84b2ad56c4a065fede00be8b56e40c56760296cd21
279,31,c4047b78601928383e81fd84b2ad56c4a065fede00be8b56e40c56760296cd21
280,31,c4047b78601928383e81fd84b2ad56c4a065fede00be8b56e40c56760296cd21
281,31,c4047b78601928383e81fd84b2ad56c4a065fede00be8b56e40c56760296cd21
282,31,c4047b78601928383e81fd84b2ad56c4a065fede00be8b56e40c56760296cd21
283,31,c4047b78601928383e81fd84b2ad56c4a065fede00be8b56e40c56760296cd21
284,31,c4047b78601928383e81fd84b2ad56c4a065fede00be8b56e40c56760296cd21
285,31,c4047b78601928383e81fd84b2ad56c4a065fede00be8b56e40c56760296cd21
286,31,c4047b78601928383e81fd84b2ad56c4a065fede00be8b56e40c56760296cd21
287,31,c4047b78601928383e81fd84b2ad56c4a065fede00be8b56e40c56760296cd21
288,31,c4047b78601928383e81fd84b2ad56c4a065fede00be8b56e40c56760296cd21
289,31,c4047b78601928383e81fd84b2ad56c4a065fede00be8b56e40c56760296cd21
290,31,c4047b78601928383e81fd84b2ad56c4a065fede00be8b56e40c56760296cd21
291,31,c4047b78601928383e81fd84b2ad56c4a065fede00be8b56e40c56760296cd21
292,31,c4047b78601928383e81fd84b2ad56c4a065fede00be8b56e40c56760296cd21
293,31,c4047b78601928383e81fd84b2ad56c4a065fede00be8b56e40c56760296cd21
294,31,c4047b78601928383e81fd84b2ad56c4a065fede00be8b56e40c56760296cd21
295,31,c4047b78601928383e81fd84b2ad56c4a065fede00be8b56e40c56760296cd21
296,31,c4047b78601928383e81fd84b2ad56c4a065fede00be8b56e40c56760296cd21
297,31,c4047b78601928383e81fd84b2ad56c4a065fede00be8b56e40c56760296cd21
298,31,c4047b78601928383e81fd84b2ad56c4a065fede00be8b56e40c56760296cd21
299,31,c4047b78601928383e81fd84b2ad56c4a065fede00be8b56e40c56760296cd21
300,31,c4047b78601928383e81fd84b2ad56c4a065fede00be8b56e40c56760296cd21
301,31,c4047b78601928383e81fd84b2ad56c4a065fede00be8b56e40c56760296cd21
302,31,c4047b78601928383e81fd84b2ad56c4a065fede00be8b56e40c56760296cd21
303,31,c4047b78601928383e81fd84b2ad56c4a065fede00be8b56e40c56760296cd21
304,31,c4047b78601928383e81fd84b2ad56c4a065fede00be8b56e40c56760296cd21
305,31,c4047b78601928383e81fd84b2ad56c4a065fede00be8b56e40c56760296cd21
306,31,c4047b78601928383e81fd84b2ad56c4a065fede00be8b56e40c56760296cd21
307,31,c4047b78601928383e81fd84b2ad56c4a065fede00be8b56e40c56760296cd21
308,31,c4047b78601928383e81fd84b2ad56c4a065fede00be8b56e40c56760296cd21
309,31,c4047b78601928383e81fd84b2ad56c4a065fede00be8b56e40c56760296cd21
310,31,c4047b78601928383e81fd84b2ad56c4a065fede00be8b56e40c56760296cd21
311,31,c4047b78601928383e81fd84b2ad56c4a065fede00be8b56e40c56760296cd21
312,31,c4047b78601928383e81fd84b2ad56c4a065fede00be8b56e40c56760296cd21
313,31,c4047b78601928383e81fd84b2ad56c4a065fede00be8b56e40c56760296cd21
314,31,c4047b78601928383e81fd84b2ad56c4a065fede00be8b56e40c56760296cd21
315,31,c4047b78601928383e81fd84b2ad56c4a065fede00be8b56e40c56760296cd21
316,31,c4047b78601928383e81fd84b2ad56c4a065fede00be8b56e40c56760296cd21
317,31,c4047b78601928383e81fd84b2ad56c4a065fede00be8b56e40c56760296cd21
318,31,c4047b78601928383e81fd84b2ad56c4a065fede00be8b56e40c56760296cd21
319,31,c4047b78601928383e81fd84b2ad56c4a065fede00be8b56e40c56760296cd21
320,31,c4047b78601928383e81fd84b2ad56c4a065fede00be8b56e40c56760296cd21
321,31,c4047b78601928383e81fd84b2ad56c4a065fede00be8b56e40c56760296cd21
322,31,c4047b78601928383e81fd84b2ad56c4a065fede00be8b56e40c56760296cd21
323,31,c4047b78601928383e81fd84b2ad56c4a065fede00be8b56e40c56760296cd21
324,31,c4047b78601928383e81fd84b2ad56c4a065fede00be8b56e40c56760296cd21
325,31,c4047b78601928383e81fd84b2ad56c4a065fede00be8b56e40c56760296cd21
326,31,c4047b78601928383e81fd84b2ad56c4a065fede00be8b56e40c56760296cd21
327,31,c4047b78601928383e81fd84b2ad56c4a065fede00be8b56e40c56760296cd21
328,31,c4047b78601928383e81fd84b2ad56c4a065fede00be8b56e40c56760296cd21
329,31,c4047b78601928383e81fd84b2ad56c4a065fede00be8b56e40c56760296cd21
330,31,c4047b78601928383e81fd84b2ad56c4a065fede00be8b56e40c56760296cd21
331,31,c4047b78601928383e81fd84b2ad56c4a065fede00be8b56e40c56760296cd21
332,31,c4047b78601928383e81fd84b2ad56c4a065fede00be8b56e40c56760296cd21
333,31,c4047b78601928383e81fd84b2ad56c4a065fede00be8b56e40c56760296cd21
334,31,c4047b78601928383e81fd84b2ad56c4a065fede00be8b56e40c56760296cd21
335,31,c4047b78601928383e81fd84b2ad56c4a065fede00be8b56e40c56760296cd21
336,31,c4047b78601928383e81fd84b2ad56c4a065fede00be8b56e40c56760296cd21
337,31,c4047b78601928383e81fd84b2ad56c4a065fede00be8b56e40c56760296cd21
338,31,c4047b78601928383e81fd84b2ad56c4a065fede00be8b56e40c56760296cd21
339,31,c4047b78601928383e81fd84b2ad56c4a065fede00be8b56e40c56760296cd21
340,31,c4047b78601928383e81fd84b2ad56c4a065fede00be8b56e40c56760296cd21
341,31,c4047b78601928383e81fd84b2ad56c4a065fede00be8b56e40c56760296cd21
342,31,c4047b78601928383e81fd84b2ad56c4a065fede00be8b56e40c56760296cd21
343,31,c4047b78601928383e81fd84b2ad56c4a065fede00be8b56e40c56760296cd21
344,31,c4047b78601928383e81fd84b2ad56c4a065fede00be8b56e40c56760296cd21
345,31,c4047b78601928383e81fd84b2ad56c4a065fede00be8b56e40c56760296cd21
346,31,c4047b78601928383e81fd84b2ad56c4a065fede00be8b56e40c56760296cd21
347,31,c4047b78601928383e81fd84b2ad56c4a065fede00be8b56e40c56760296cd21
348,31,c4047b78601928383e81fd84b2ad56c4a065fede00be8b56e40c56760296cd21
349,31,c4047b78601928383e81fd84b2ad56c4a065fede00be8b56e40c56760296cd21
350,31,c4047b78601928383e81fd84b2ad56c4a065fede00be8b56e40c56760296cd21
351,31,c4047b78601928383e81fd84b2ad56c4a065fede00be8b56e40c56760296cd21
352,31,c4047b78601928383e81fd84b2ad56c4a065fede00be8b56e40c56760296cd21
353,31,c4047b78601928383e81fd84b2ad56c4a065fede00be8b56e40c56760296cd21
354,31,c4047b78601928383e81fd84b2ad56c4a065fede00be8b56e40c56760296cd21
355,31,c4047b78601928383e81fd84b2ad56c4a065fede00be8b56e40c56760296cd21
356,31,c4047b78601928383e81fd84b2ad56c4a065fede00be8b56e40c56760296cd21
357,31,c4047b78601928383e81fd84b2ad56c4a065fede00be8b56e40c56760296cd21
358,31,c4047b78601928383e81fd84b2ad56c4a065fede00be8b56e40c56760296cd21
359,31,c4047b78601928383e81fd84b2ad56c4a065fede00be8b56e40c56760296cd21
360,31,c4047b78601928383e81fd84b2ad56c4a065fede00be8b56e40c56760296cd21
361,31,c4047b78601928383e81fd84b2ad56c4a065fede00be8b56e40c56760296cd21
362,31,c4047b78601928383e81fd84b2ad56c4a065fede00be8b56e40c56760296cd21
363,31,c4047b78601928383e81fd84b2ad56c4a065fede00be8b56e40c56760296cd21
364,31,c4047b78601928383e81fd84b2ad56c4a065fede00be8b56e40c56760296cd21
365,31,c4047b78601928383e81fd84b2ad56c4a065fede00be8b56e40c56760296cd21
366,31,c4047b78601928383e81fd84b2ad56c4a065fede00be8b56e40c56760296cd21
367,31,c4047b78601928383e81fd84b2ad56c4a065fede00be8b56e40c56760296cd21
368,31,c4047b78601928383e81fd84b2ad56c4a065fede00be8b56e40c56760296cd21
369,31,c4047b78601928383e81fd84b2ad56c4a065fede00be8b56e40c56760296cd21
370,31,c4047b78601928383e81fd84b2ad56c4a065fede00be8b56e40c56760296cd21
371,31,c4047b78601928383e81fd84b2ad56c4a065fede00be8b56e40c56760296cd21
372,31,c4047b78601928383e81fd84b2ad56c4a065fede00be8b56e40c56760296cd21
373,31,c4047b78601928383e81fd84b2ad56c4a065fede00be8b56e40c56760296cd21
374,31,c4047b78601928383e81fd84b2ad56c4a065fede00be8b56e40c56760296cd21
375,31,c4047b78601928383e81fd84b2ad56c4a065fede00be8b56e40c56760296cd21
376,31,c4047b78601928383e81fd84b2ad56c4a065fede00be8b56e40c56760296cd21
377,31,c4047b78601928383e81fd84b2ad56c4a065fede00be8b56e40c56760296cd21
378,31,c4047b78601928383e81fd84b2ad56c4a065fede00be8b56e40c56760296cd21
379,31,c4047b78601928383e81fd84b2ad56c4a065fede00be8b56e40c56760296cd21
380,31,c4047b78601928383e81fd84b2ad56c4a065fede00be8b56e40c56760296cd21
381,31,c4047b78601928383e81fd84b2ad56c4a065fede00be8b56e40c56760296cd21
382,31,c4047b78601928383e81fd84b2ad56c4a065fede00be8b56e40c56760296cd21
383,31,c4047b78601928383e81fd84b2ad56c4a065fede00be8b56e40c56760296cd21
384,31,c4047b78601928383e81fd84b2ad56c4a065fede00be8b56e40c56760296cd21
385,31,c4047b78601928383e81fd84b2ad56c4a065fede00be8b56e40c56760296cd21
386,31,c4047b78601928383e81fd84b2ad56c4a065fede00be8b56e40c56760296cd21
387,31,c4047b78601928383e81fd84b2ad56c4a065fede00be8b56e40c56760296cd21
388,31,c4047b78601928383e81fd84b2ad56c4a065fede00be8b56e40c56760296cd21
389,31,c4047b78601928383e81fd84b2ad56c4a065fede00be8b56e40c56760296cd21
390,31,c4047b78601928383e81fd84b2ad56c4a065fede00be8b56e40c56760296cd21
391,31,c4047b78601928383e81fd84b2ad56c4a065fede00be8b56e40c56760296cd21
392,31,c4047b78601928383e81fd84b2ad56c4a065fede00be8b56e40c56760296cd21
393,31,c4047b78601928383e81fd84b2ad56c4a065fede00be8b56e40c56760296cd21
394,31,c4047b78601928383e81fd84b2ad56c4a065fede00be8b56e40c56760296cd21
395,31,c4047b78601928383e81fd84b2ad56c4a065fede00be8b56e40c56760296cd21
396,31,c4047b78601928383e81fd84b2ad56c4a065fede00be8b56e40c56760296cd21
397,31,c4047b78601928383e81fd84b2ad56c4a065fede00be8b56e40c56760296cd21
398,31,c4047b78601928383e81fd84b2ad56c4a065fede00be8b56e40c56760296cd21
399,31,c4047b78601928383e81fd84b2ad56c4a065fede00be8b56e40c56760296cd21
400,31,c4047b78601928383e81fd84b2ad56c4a065fede00be8b56e40c56760296cd21
401,31,c4047b78601928383e81fd84b2ad56c4a065fede00be8b56e40c56760296cd21
402,31,c4047b78601928383e81fd84b2ad56c4a065fede00be8b56e40c56760296cd21
403,31,c4047b78601928383e81fd84b2ad56c4a065fede00be8b56e40c56760296cd21
404,31,c4047b78601928383e81fd84b2ad56c4a065fede00be8b56e40c56760296cd21
405,31,c4047b78601928383e81fd84b2ad56c4a065fede00be8b56e40c56760296cd21
406,31,c4047b78601928383e81fd84b2ad56c4a065fede00be8b56e40c56760296cd21
407,31,c4047b78601928383e81fd84b2ad56c4a065fede00be8b56e40c56760296cd21
408,31,c4047b78601928383e81fd84b2ad56c4a065fede00be8b56e40c56760296cd21
409,31,c4047b78601928383e81fd84b2ad56c4a065fede00be8b56e40c56760296cd21
410,31,c4047b78601928383e81fd84b2ad56c4a065fede00be8b56e40c56760296cd21
411,31,c4047b78601928383e81fd84b2ad56c4a065fede00be8b56e40c56760296cd21
412,31,c4047b78601928383e81fd84b2ad56c4a065fede00be8b56e40c56760296cd21
413,31,c4047b78601928383e81fd84b2ad56c4a065fede00be8b56e40c56760296cd21
414,31,c4047b78601928383e81fd84b2ad56c4a065fede00be8b56e40c56760296cd21
415,31,c4047b78601928383e81fd84b2ad56c4a065fede00be8b56e40c56760296cd21
244,32,c4047b78601928383e81fd84b2ad56c4a065fede00be8b56e40c56760296cd21
245,32,c4047b78601928383e81fd84b2ad56c4a065fede00be8b56e40c56760296cd21
246,32,c4047b78601928383e81fd84b2ad56c4a065fede00be8b56e40c56760296cd21
247,32,c4047b78601928383e81fd84b2ad56c4a065fede00be8b56e40c56760296cd21
248,32,c4047b78601928383e81fd84b2ad56c4a065fede00be8b56e40c56760296cd21
249,32,c4047b78601928383e81fd84b2ad56c4a065fede00be8b56e40c56760296cd21
250,32,c4047b78601928383e81fd84b2ad56c4a065fede00be8b56e40c56760296cd21
251,32,c4047b78601928383e81fd84b2ad56c4a065fede00be8b56e40c56760296cd21
252,32,c4047b78601928383e81fd84b2ad56c4a065fede00be8b56e40c56760296cd21
253,32,c4047b78601928383e81fd84b2ad56c4a065fede00be8b56e40c56760296cd21
254,32,c4047b78601928383e81fd84b2ad56c4a065fede00be8b56e40c56760296cd21
255,32,c4047b78601928383e81fd84b2ad56c4a065fede00be8b56e40c56760296cd21
256,32,c4047b78601928383e81fd84b2ad56c4a065fede00be8b56e40c56760296cd21
257,32,c4047b78601928383e81fd84b2ad56c4a065fede00be8b56e40c56760296cd21
258,32,c4047b78601928383e81fd84b2ad56c4a065fede00be8b56e40c56760296cd21
259,32,c4047b78601928383e81fd84b2ad56c4a065fede00be8b56e40c56760296cd21
260,32,c4047b78601928383e81fd84b2ad56c4a065fede00be8b56e40c56760296cd21
261,32,c4047b78601928383e81fd84b2ad56c4a065fede00be8b56e40c56760296cd21
262,32,c4047b78601928383e81fd84b2ad56c4a065fede00be8b56e40c56760296cd21
263,32,c4047b78601928383e81fd84b2ad56c4a065fede00be8b56e40c56760296cd21
264,32,c4047b78601928383e81fd84b2ad56c4a065fede00be8b56e40c56760296cd21
265,32,c4047b78601928383e81fd84b2ad56c4a065fede00be8b56e40c56760296cd21
266,32,c4047b78601928383e81fd84b2ad56c4a065fede00be8b56e40c56760296cd21
267,32,c4047b78601928383e81fd84b2ad56c4a065fede00be8b56e40c56760296cd21
268,32,c4047b78601928383e81fd84b2ad56c4a065fede00be8b56e40c56760296cd21
269,32,c4047b78601928383e81fd84b2ad56c4a065fede00be8b56e40c56760296cd21
270,32,c4047b78601928383e81fd84b2ad56c4a065fede00be8b56e40c56760296cd21
271,32,c4047b78601928383e81fd84b2ad56c4a065fede00be8b56e40c56760296cd21
272,32,c4047b78601928383e81fd84b2ad56c4a065fede00be8b56e40c56760296cd21
273,32,c4047b78601928383e81fd84b2ad56c4a065fede00be8b56e40c56760296cd21
274,32,c4047b78601928383e81fd84b2ad56c4a065fede00be8b56e40c56760296cd21
275,32,c4047b78601928383e81fd84b2ad56c4a065fede00be8b56e40c56760296cd21
276,32,c4047b78601928383e81fd84b2ad56c4a065fede00be8b56e40c56760296cd21
277,32,c4047b78601928383e81fd84b2ad56c4a065fede00be8b56e40c56760296cd21
278,32,c4047b78601928383e81fd84b2ad56c4a065fede00be8b56e40c56760296cd21
279,32,c4047b78601928383e81fd84b2ad56c4a065fede00be8b56e40c56760296cd21
280,32,c4047b78601928383e81fd84b2ad56c4a065fede00be8b56e40c56760296cd21
281,32,c4047b78601928383e81fd84b2ad56c4a065fede00be8b56e40c56760296cd21
282,32,c4047b78601928383e81fd84b2ad56c4a065fede00be8b56e40c56760296cd21
283,32,c4047b78601928383e81fd84b2ad56c4a065fede00be8b56e40c56760296cd21
284,32,c4047b78601928383e81fd84b2ad56c4a065fede00be8b56e40c56760296cd21
285,32,c4047b78601928383e81fd84b2ad56c4a065fede00be8b56e40c56760296cd21
286,32,c4047b78601928383e81fd84b2ad56c4a065fede00be8b56e40c56760296cd21
287,32,c4047b78601928383e81fd84b2ad56c4a065fede00be8b56e40c56760296cd21
288,32,c4047b78601928383e81fd84b2ad56c4a065fede00be8b56e40c56760296cd21
289,32,c4047b78601928383e81fd84b2ad56c4a065fede00be8b56e40c56760296cd21
290,32,c4047b78601928383e81fd84b2ad56c4a065fede00be8b56e40c56760296cd21
291,32,c4047b78601928383e81fd84b2ad56c4a065fede00be8b56e40c56760296cd21
292,32,c4047b78601928383e81fd84b2ad56c4a065fede00be8b56e40c56760296cd21
293,32,c4047b78601928383e81fd84b2ad56c4a065fede00be8b56e40c56760296cd21
294,32,c4047b78601928383e81fd84b2ad56c4a065fede00be8b56e40c56760296cd21
295,32,c4047b78601928383e81fd84b2ad56c4a065fede00be8b56e40c56760296cd21
296,32,c4047b78601928383e81fd84b2ad56c4a065fede00be8b56e40c56760296cd21
297,32,c4047b78601928383e81fd84b2ad56c4a065fede00be8b56e40c56760296cd21
298,32,c4047b78601928383e81fd84b2ad56c4a065fede00be8b56e40c56760296cd21
299,32,c4047b78601928383e81fd84b2ad56c4a065fede00be8b56e40c56760296cd21
300,32,c4047b78601928383e81fd84b2ad56c4a065fede00be8b56e40c56760296cd21
301,32,c4047b78601928383e81fd84b2ad56c4a065fede00be8b56e40c56760296cd21
302,32,c4047b78601928383e81fd84b2ad56c4a065fede00be8b56e40c56760296cd21
303,32,c4047b78601928383e81fd84b2ad56c4a065fede00be8b56e40c56760296cd21
304,32,c4047b78601928383e81fd84b2ad56c4a065fede00be8b56e40c56760296cd21
305,32,c4047b78601928383e81fd84b2ad56c4a065fede00be8b56e40c56760296cd21
306,32,c4047b78601928383e81fd84b2ad56c4a065fede00be8b56e40c56760296cd21
307,32,c4047b78601928383e81fd84b2ad56c4a065fede00be8b56e40c56760296cd21
308,32,c4047b78601928383e81fd84b2ad56c4a065fede00be8b56e40c56760296cd21
309,32,c4047b78601928383e81fd84b2ad56c4a065fede00be8b56e40c56760296cd21
310,32,c4047b78601928383e81fd84b2ad56c4a065fede00be8b56e40c56760296cd21
311,32,c4047b78601928383e81fd84b2ad56c4a065fede00be8b56e40c56760296cd21
312,32,c4047b78601928383e81fd84b2ad56c4a065fede00be8b56e40c56760296cd21
313,32,c4047b78601928383e81fd84b2ad56c4a065fede00be8b56e40c56760296cd21
314,32,c4047b78601928383e81fd84b2ad56c4a065fede00be8b56e40c56760296cd21
315,32,c4047b78601928383e81fd84b2ad56c4a065fede00be8b56e40c56760296cd21
316,32,c4047b78601928383e81fd84b2ad56c4a065fede00be8b56e40c56760296cd21
317,32,c4047b78601928383e81fd84b2ad56c4a065fede00be8b56e40c56760296cd21
318,32,c4047b78601928383e81fd84b2ad56c4a065fede00be8b56e40c56760296cd21
319,32,c4047b78601928383e81fd84b2ad56c4a065fede00be8b56e40c56760296cd21
320,32,c4047b78601928383e81fd84b2ad56c4a065fede00be8b56e40c56760296cd21
321,32,c4047b78601928383e81fd84b2ad56c4a065fede00be8b56e40c56760296cd21
322,32,c4047b78601928383e81fd84b2ad56c4a065fede00be8b56e40c56760296cd21
323,32,c4047b78601928383e81fd84b2ad56c4a065fede00be8b56e40c56760296cd21
324,32,c4047b78601928383e81fd84b2ad56c4a065fede00be8b56e40c56760296cd21
325,32,c4047b78601928383e81fd84b2ad56c4a065fede00be8b56e40c56760296cd21
326,32,c4047b78601928383e81fd84b2ad56c4a065fede00be8b56e40c56760296cd21
327,32,c4047b78601928383e81fd84b2ad56c4a065fede00be8b56e40c56760296cd21
328,32,c4047b78601928383e81fd84b2ad56c4a065fede00be8b56e40c56760296cd21
329,32,c4047b78601928383e81fd84b2ad56c4a065fede00be8b56e40c56760296cd21
330,32,c4047b78601928383e81fd84b2ad56c4a065fede00be8b56e40c56760296cd21
331,32,c4047b78601928383e81fd84b2ad56c4a065fede00be8b56e40c56760296cd21
332,32,c4047b78601928383e81fd84b2ad56c4a065fede00be8b56e40c56760296cd21
333,32,c4047b78601928383e81fd84b2ad56c4a065fede00be8b56e40c56760296cd21
334,32,c4047b78601928383e81fd84b2ad56c4a065fede00be8b56e40c56760296cd21
335,32,c4047b78601928383e81fd84b2ad56c4a065fede00be8b56e40c56760296cd21
336,32,c4047b78601928383e81fd84b2ad56c4a065fede00be8b56e40c56760296cd21
337,32,c4047b78601928383e81fd84b2ad56c4a065fede00be8b56e40c56760296cd21
338,32,c4047b78601928383e81fd84b2ad56c4a065fede00be8b56e40c56760296cd21
339,32,c4047b78601928383e81fd84b2ad56c4a065fede00be8b56e40c56760296cd21
340,32,c4047b78601928383e81fd84b2ad56c4a065fede00be8b56e40c56760296cd21
341,32,c4047b78601928383e81fd84b2ad56c4a065fede00be8b56e40c56760296cd21
342,32,c4047b78601928383e81fd84b2ad56c4a065fede00be8b56e40c56760296cd21
343,32,c4047b78601928383e81fd84b2ad56c4a065fede00be8b56e40c56760296cd21
344,32,c4047b78601928383e81fd84b2ad56c4a065fede00be8b56e40c56760296cd21
345,32,c4047b78601928383e81fd84b2ad56c4a065fede00be8b56e40c56760296cd21
346,32,c4047b78601928383e81fd84b2ad56c4a065fede00be8b56e40c56760296cd21
347,32,c4047b78601928383e81fd84b2ad56c4a065fede00be8b56e40c56760296cd21
348,32,c4047b78601928383e81fd84b2ad56c4a065fede00be8b56e40c56760296cd21
349,32,c4047b78601928383e81fd84b2ad56c4a065fede00be8b56e40c56760296cd21
350,32,c4047b78601928383e81fd84b2ad56c4a065fede00be8b56e40c56760296cd21
351,32,c4047b78601928383e81fd84b2ad56c4a065fede00be8b56e40c56760296cd21
352,32,c4047b78601928383e81fd84b2ad56c4a065fede00be8b56e40c56760296cd21
353,32,c4047b78601928383e81fd84b2ad56c4a065fede00be8b56e40c56760296cd21
354,32,c4047b78601928383e81fd84b2ad56c4a065fede00be8b56e40c56760296cd21
355,32,c4047b78601928383e81fd84b2ad56c4a065fede00be8b56e40c56760296cd21
356,32,c4047b78601928383e81fd84b2ad56c4a065fede00be8b56e40c56760296cd21
357,32,c4047b78601928383e81fd84b2ad56c4a065fede00be8b56e40c56760296cd21
358,32,c4047b78601928383e81fd84b2ad56c4a065fede00be8b56e40c56760296cd21
359,32,c4047b78601928383e81fd84b2ad56c4a065fede00be8b56e40c56760296cd21
360,32,c4047b78601928383e81fd84b2ad56c4a065fede00be8b56e40c56760296cd21
361,32,c4047b78601928383e81fd84b2ad56c4a065fede00be8b56e40c56760296cd21
362,32,c4047b78601928383e81fd84b2ad56c4a065fede00be8b56e40c56760296cd21
363,32,c4047b78601928383e81fd84b2ad56c4a065fede00be8b56e40c56760296cd21
364,32,c4047b78601928383e81fd84b2ad56c4a065fede00be8b56e40c56760296cd21
365,32,c4047b78601928383e81fd84b2ad56c4a065fede00be8b56e40c56760296cd21
366,32,c4047b78601928383e81fd84b2ad56c4a065fede00be8b56e40c56760296cd21
367,32,c4047b78601928383e81fd84b2ad56c4a065fede00be8b56e40c56760296cd21
368,32,c4047b78601928383e81fd84b2ad56c4a065fede00be8b56e40c56760296cd21
369,32,c4047b78601928383e81fd84b2ad56c4a065fede00be8b56e40c56760296cd21
370,32,c4047b78601928383e81fd84b2ad56c4a065fede00be8b56e40c56760296cd21
371,32,c4047b78601928383e81fd84b2ad56c4a065fede00be8b56e40c56760296cd21
372,32,c4047b78601928383e81fd84b2ad56c4a065fede00be8b56e40c56760296cd21
373,32,c4047b78601928383e81fd84b2ad56c4a065fede00be8b56e40c56760296cd21
374,32,c4047b78601928383e81fd84b2ad56c4a065fede00be8b56e40c56760296cd21
375,32,c4047b78601928383e81fd84b2ad56c4a065fede00be8b56e40c56760296cd21
376,32,c4047b78601928383e81fd84b2ad56c4a065fede00be8b56e40c56760296cd21
377,32,c4047b78601928383e81fd84b2ad56c4a065fede00be8b56e40c56760296cd21
378,32,c4047b78601928383e81fd84b2ad56c4a065fede00be8b56e40c56760296cd21
379,32,c4047b78601928383e81fd84b2ad56c4a065fede00be8b56e40c56760296cd21
380,32,c4047b78601928383e81fd84b2ad56c4a065fede00be8b56e40c56760296cd21
381,32,c4047b78601928383e81fd84b2ad56c4a065fede00be8b56e40c56760296cd21
382,32,c4047b78601928383e81fd84b2ad56c4a065fede00be8b56e40c56760296cd21
383,32,c4047b78601928383e81fd84b2ad56c4a065fede00be8b56e40c56760296cd21
384,32,c4047b78601928383e81fd84b2ad56c4a065fede00be8b56e40c56760296cd21
385,32,c4047b78601928383e81fd84b2ad56c4a065fede00be8b56e40c56760296cd21
386,32,c4047b78601928383e81fd84b2ad56c4a065fede00be8b56e40c56760296cd21
387,32,c4047b78601928383e81fd84b2ad56c4a065fede00be8b56e40c56760296cd21
388,32,c4047b78601928383e81fd84b2ad56c4a065fede00be8b56e40c56760296cd21
389,32,c4047b78601928383e81fd84b2ad56c4a065fede00be8b56e40c56760296cd21
390,32,c4047b78601928383e81fd84b2ad56c4a065fede00be8b56e40c56760296cd21
391,32,c4047b78601928383e81fd84b2ad56c4a065fede00be8b56e40c56760296cd21
392,32,c4047b78601928383e81fd84b2ad56c4a065fede00be8b56e40c56760296cd21
393,32,c4047b78601928383e81fd84b2ad56c4a065fede00be8b56e40c56760296cd21
394,32,c4047b78601928383e81fd84b2ad56c4a065fede00be8b56e40c56760296cd21
395,32,c4047b78601928383e81fd84b2ad56c4a065fede00be8b56e40c56760296cd21
396,32,c4047b78601928383e81fd84b2ad56c4a065fede00be8b56e40c56760296cd21
397,32,c4047b78601928383e81fd84b2ad56c4a065fede00be8b56e40c56760296cd21
398,32,c4047b78601928383e81fd84b2ad56c4a065fede00be8b56e40c56760296cd21
399,32,c4047b78601928383e81fd84b2ad56c4a065fede00be8b56e40c56760296cd21
400,32,c4047b78601928383e81fd84b2ad56c4a065fede00be8b56e40c56760296cd21
401,32,c4047b78601928383e81fd84b2ad56c4a065fede00be8b56e40c56760296cd21
402,32,c4047b78601928383e81fd84b2ad56c4a065fede00be8b56e40c56760296cd21
403,32,c4047b78601928383e81fd84b2ad56c4a065fede00be8b56e40c56760296cd21
404,32,c4047b78601928383e81fd84b2ad56c4a065fede00be8b56e40c56760296cd21
405,32,c4047b78601928383e81fd84b2ad56c4a065fede00be8b56e40c56760296cd21
406,32,c4047b78601928383e81fd84b2ad56c4a065fede00be8b56e40c56760296cd21
407,32,c4047b78601928383e81fd84b2ad56c4a065fede00be8b56e40c56760296cd21
408,32,c4047b78601928383e81fd84b2ad56c4a065fede00be8b56e40c56760296cd21
409,32,c4047b78601928383e81fd84b2ad56c4a065fede00be8b56e40c56760296cd21
410,32,c4047b78601928383e81fd84b2ad56c4a065fede00be8b56e40c56760296cd21
411,32,c4047b78601928383e81fd84b2ad56c4a065fede00be8b56e40c56760296cd21
412,32,c4047b78601928383e81fd84b2ad56c4a065fede00be8b56e40c56760296cd21
413,32,c4047b78601928383e81fd84b2ad56c4a065fede00be8b56e40c56760296cd21
414,32,c4047b78601928383e81fd84b2ad56c4a065fede00be8b56e40c56760296cd21
415,32,c4047b78601928383e81fd84b2ad56c4a065fede00be8b56e40c56760296cd21
244,33,c4047b78601928383e81fd84b2ad56c4a065fede00be8b56e40c56760296cd21
245,33,c4047b78601928383e81fd84b2ad56c4a065fede00be8b56e40c56760296cd21
246,33,c4047b78601928383e81fd84b2ad56c4a065fede00be8b56e40c56760296cd21
247,33,c4047b78601928383e81fd84b2ad56c4a065fede00be8b56e40c56760296cd21
248,33,c4047b78601928383e81fd84b2ad56c4a065fede00be8b56e40c56760296cd21
249,33,c4047b78601928383e81fd84b2ad56c4a065fede00be8b56e40c56760296cd21
250,33,c4047b78601928383e81fd84b2ad56c4a065fede00be8b56e40c56760296cd21
251,33,c4047b78601928383e81fd84b2ad56c4a065fede00be8b56e40c56760296cd21
252,33,c4047b78601928383e81fd84b2ad56c4a065fede00be8b56e40c56760296cd21
253,33,c4047b78601928383e81fd84b2ad56c4a065fede00be8b56e40c56760296cd21
254,33,c4047b78601928383e81fd84b2ad56c4a065fede00be8b56e40c56760296cd21
255,33,c4047b78601928383e81fd84b2ad56c4a065fede00be8b56e40c56760296cd21
256,33,c4047b78601928383e81fd84b2ad56c4a065fede00be8b56e40c56760296cd21
257,33,c4047b78601928383e81fd84b2ad56c4a065fede00be8b56e40c56760296cd21
258,33,c4047b78601928383e81fd84b2ad56c4a065fede00be8b56e40c56760296cd21
259,33,c4047b78601928383e81fd84b2ad56c4a065fede00be8b56e40c56760296cd21
260,33,c4047b78601928383e81fd84b2ad56c4a065fede00be8b56e40c56760296cd21
261,33,c4047b78601928383e81fd84b2ad56c4a065fede00be8b56e40c56760296cd21
262,33,c4047b78601928383e81fd84b2ad56c4a065fede00be8b56e40c56760296cd21
263,33,c4047b78601928383e81fd84b2ad56c4a065fede00be8b56e40c56760296cd21
264,33,c4047b78601928383e81fd84b2ad56c4a065fede00be8b56e40c56760296cd21
415,33,c4047b78601928383e81fd84b2ad56c4a065fede00be8b56e40c56760296cd21
244,34,c4047b78601928383e81fd84b2ad56c4a065fede00be8b56e40c56760296cd21
245,34,c4047b78601928383e81fd84b2ad56c4a065fede00be8b56e40c56760296cd21
246,34,c4047b78601928383e81fd84b2ad56c4a065fede00be8b56e40c56760296cd21
247,34,c4047b78601928383e81fd84b2ad56c4a065fede00be8b56e40c56760296cd21
248,34,c4047b78601928383e81fd84b2ad56c4a065fede00be8b56e40c56760296cd21
249,34,c4047b78601928383e81fd84b2ad56c4a065fede00be8b56e40c56760296cd21
250,34,c4047b78601928383e81fd84b2ad56c4a065fede00be8b56e40c56760296cd21
251,34,c4047b78601928383e81fd84b2ad56c4a065fede00be8b56e40c56760296cd21
252,34,c4047b78601928383e81fd84b2ad56c4a065fede00be8b56e40c56760296cd21
253,34,c4047b78601928383e81fd84b2ad56c4a065fede00be8b56e40c56760296cd21
254,34,c4047b78601928383e81fd84b2ad56c4a065fede00be8b56e40c56760296cd21
255,34,c4047b78601928383e81fd84b2ad56c4a065fede00be8b56e40c56760296cd21
256,34,c4047b78601928383e81fd84b2ad56c4a065fede00be8b56e40c56760296cd21
257,34,c4047b78601928383e81fd84b2ad56c4a065fede00be8b56e40c56760296cd21
258,34,c4047b78601928383e81fd84b2ad56c4a065fede00be8b56e40c56760296cd21
259,34,c4047b78601928383e81fd84b2ad56c4a065fede00be8b56e40c56760296cd21
260,34,c4047b78601928383e81fd84b2ad56c4a065fede00be8b56e40c56760296cd21
261,34,c4047b78601928383e81fd84b2ad56c4a065fede00be8b56e40c56760296cd21
262,34,c4047b78601928383e81fd84b2ad56c4a065fede00be8b56e40c56760296cd21
263,34,c4047b78601928383e81fd84b2ad56c4a065fede00be8b56e40c56760296cd21
264,34,c4047b78601928383e81fd84b2ad56c4a065fede00be8b56e40c56760296cd21
415,34,c4047b78601928383e81fd84b2ad56c4a065fede00be8b56e40c56760296cd21
244,35,c4047b78601928383e81fd84b2ad56c4a065fede00be8b56e40c56760296cd21
245,35,c4047b78601928383e81fd84b2ad56c4a065fede00be8b56e40c56760296cd21
246,35,c4047b78601928383e81fd84b2ad56c4a065fede00be8b56e40c56760296cd21
247,35,c4047b78601928383e81fd84b2ad56c4a065fede00be8b56e40c56760296cd21
248,35,c4047b78601928383e81fd84b2ad56c4a065fede00be8b56e40c56760296cd21
249,35,c4047b78601928383e81fd84b2ad56c4a065fede00be8b56e40c56760296cd21
250,35,c4047b78601928383e81fd84b2ad56c4a065fede00be8b56e40c56760296cd21
251,35,c4047b78601928383e81fd84b2ad56c4a065fede00be8b56e40c56760296cd21
252,35,c4047b78601928383e81fd84b2ad56c4a065fede00be8b56e40c56760296cd21
253,35,c4047b78601928383e81fd84b2ad56c4a065fede00be8b56e40c56760296cd21
254,35,c4047b78601928383e81fd84b2ad56c4a065fede00be8b56e40c56760296cd21
255,35,c4047b78601928383e81fd84b2ad56c4a065fede00be8b56e40c56760296cd21
256,35,c4047b78601928383e81fd84b2ad56c4a065fede00be8b56e40c56760296cd21
257,35,c4047b78601928383e81fd84b2ad56c4a065fede00be8b56e40c56760296cd21
258,35,c4047b78601928383e81fd84b2ad56c4a065fede00be8b56e40c56760296cd21
259,35,c4047b78601928383e81fd84b2ad56c4a065fede00be8b56e40c56760296cd21
260,35,c4047b78601928383e81fd84b2ad56c4a065fede00be8b56e40c56760296cd21
261,35,c4047b78601928383e81fd84b2ad56c4a065fede00be8b56e40c56760296cd21
262,35,c4047b78601928383e81fd84b2ad56c4a065fede00be8b56e40c56760296cd21
263,35,c4047b78601928383e81fd84b2ad56c4a065fede00be8b56e40c56760296cd21
264,35,c4047b78601928383e81fd84b2ad56c4a065fede00be8b56e40c56760296cd21
415,35,c4047b78601928383e81fd84b2ad56c4a065fede00be8b56e40c56760296cd21
244,36,c4047b78601928383e81fd84b2ad56c4a065fede00be8b56e40c56760296cd21
245,36,c4047b78601928383e81fd84b2ad56c4a065fede00be8b56e40c56760296cd21
246,36,c4047b78601928383e81fd84b2ad56c4a065fede00be8b56e40c56760296cd21
247,36,c4047b78601928383e81fd84b2ad56c4a065fede00be8b56e40c56760296cd21
248,36,c4047b78601928383e81fd84b2ad56c4a065fede00be8b56e40c56760296cd21
249,36,c4047b78601928383e81fd84b2ad56c4a065fede00be8b56e40c56760296cd21
250,36,c4047b78601928383e81fd84b2ad56c4a065fede00be8b56e40c56760296cd21
251,36,c4047b78601928383e81fd84b2ad56c4a065fede00be8b56e40c56760296cd21
252,36,c4047b78601928383e81fd84b2ad56c4a065fede00be8b56e40c56760296cd21
253,36,c4047b78601928383e81fd84b2ad56c4a065fede00be8b56e40c56760296cd21
254,36,c4047b78601928383e81fd84b2ad56c4a065fede00be8b56e40c56760296cd21
255,36,c4047b78601928383e81fd84b2ad56c4a065fede00be8b56e40c56760296cd21
256,36,c4047b78601928383e81fd84b2ad56c4a065fede00be8b56e40c56760296cd21
257,36,c4047b78601928383e81fd84b2ad56c4a065fede00be8b56e40c56760296cd21
258,36,c4047b78601928383e81fd84b2ad56c4a065fede00be8b56e40c56760296cd21
259,36,c4047b78601928383e81fd84b2ad56c4a065fede00be8b56e40c56760296cd21
260,36,c4047b78601928383e81fd84b2ad56c4a065fede00be8b56e40c56760296cd21
261,36,c4047b78601928383e81fd84b2ad56c4a065fede00be8b56e40c56760296cd21
262,36,c4047b78601928383e81fd84b2ad56c4a065fede00be8b56e40c56760296cd21
263,36,c4047b78601928383e81fd84b2ad56c4a065fede00be8b56e40c56760296cd21
264,36,c4047b78601928383e81fd84b2ad56c4a065fede00be8b56e40c56760296cd21
415,36,c4047b78601928383e81fd84b2ad56c4a065fede00be8b56e40c56760296cd21
244,37,c4047b78601928383e81fd84b2ad56c4a065fede00be8b56e40c56760296cd21
245,37,c4047b78601928383e81fd84b2ad56c4a065fede00be8b56e40c56760296cd21
246,37,c4047b78601928383e81fd84b2ad56c4a065fede00be8b56e40c56760296cd21
247,37,c4047b78601928383e81fd84b2ad56c4a065fede00be8b56e40c56760296cd21
248,37,c4047b78601928383e81fd84b2ad56c4a065fede00be8b56e40c56760296cd21
249,37,c4047b78601928383e81fd84b2ad56c4a065fede00be8b56e40c56760296cd21
250,37,c4047b78601928383e81fd84b2ad56c4a065fede00be8b56e40c56760296cd21
251,37,c4047b78601928383e81fd84b2ad56c4a065fede00be8b56e40c56760296cd21
252,37,c4047b78601928383e81fd84b2ad56c4a065fede00be8b56e40c56760296cd21
253,37,c4047b78601928383e81fd84b2ad56c4a065fede00be8b56e40c56760296cd21
254,37,c4047b78601928383e81fd84b2ad56c4a065fede00be8b56e40c56760296cd21
255,37,c4047b78601928383e81fd84b2ad56c4a065fede00be8b56e40c56760296cd21
256,37,c4047b78601928383e81fd84b2ad56c4a065fede00be8b56e40c56760296cd21
257,37,c4047b78601928383e81fd84b2ad56c4a065fede00be8b56e40c56760296cd21
258,37,c4047b78601928383e81fd84b2ad56c4a065fede00be8b56e40c56760296cd21
259,37,c4047b78601928383e81fd84b2ad56c4a065fede00be8b56e40c56760296cd21
260,37,c4047b78601928383e81fd84b2ad56c4a065fede00be8b56e40c56760296cd21
261,37,c4047b78601928383e81fd84b2ad56c4a065fede00be8b56e40c56760296cd21
262,37,c4047b78601928383e81fd84b2ad56c4a065fede00be8b56e40c56760296cd21
263,37,c4047b78601928383e81fd84b2ad56c4a065fede00be8b56e40c56760296cd21
264,37,c4047b78601928383e81fd84b2ad56c4a065fede00be8b56e40c56760296cd21
415,37,c4047b78601928383e81fd84b2ad56c4a065fede00be8b56e40c56760296cd21
244,38,c4047b78601928383e81fd84b2ad56c4a065fede00be8b56e40c56760296cd21
415,38,c4047b78601928383e81fd84b2ad56c4a065fede00be8b56e40c56760296cd21
244,39,c4047b78601928383e81fd84b2ad56c4a065fede00be8b56e40c56760296cd21
415,39,c4047b78601928383e81fd84b2ad56c4a065fede00be8b56e40c56760296cd21
244,40,c4047b78601928383e81fd84b2ad56c4a065fede00be8b56e40c56760296cd21
415,40,c4047b78601928383e81fd84b2ad56c4a065fede00be8b56e40c56760296cd21
244,41,c4047b78601928383e81fd84b2ad56c4a065fede00be8b56e40c56760296cd21
415,41,c4047b78601928383e81fd84b2ad56c4a065fede00be8b56e40c56760296cd21
244,42,c4047b78601928383e81fd84b2ad56c4a065fede00be8b56e40c56760296cd21
415,42,c4047b78601928383e81fd84b2ad56c4a065fede00be8b56e40c56760296cd21
244,43,c4047b78601928383e81fd84b2ad56c4a065fede00be8b56e40c56760296cd21
415,43,c4047b78601928383e81fd84b2ad56c4a065fede00be8b56e40c56760296cd21
244,44,c4047b78601928383e81fd84b2ad56c4a065fede00be8b56e40c56760296cd21
415,44,c4047b78601928383e81fd84b2ad56c4a065fede00be8b56e40c56760296cd21
244,45,c4047b78601928383e81fd84b2ad56c4a065fede00be8b56e40c56760296cd21
415,45,c4047b78601928383e81fd84b2ad56c4a065fede00be8b56e40c56760296cd21
244,46,c4047b78601928383e81fd84b2ad56c4a065fede00be8b56e40c56760296cd21
415,46,c4047b78601928383e81fd84b2ad56c4a065fede00be8b56e40c56760296cd21
244,47,c4047b78601928383e81fd84b2ad56c4a065fede00be8b56e40c56760296cd21
415,47,c4047b78601928383e81fd84b2ad56c4a065fede00be8b56e40c56760296cd21
244,48,c4047b78601928383e81fd84b2ad56c4a065fede00be8b56e40c56760296cd21
415,48,c4047b78601928383e81fd84b2ad56c4a065fede00be8b56e40c56760296cd21
244,49,c4047b78601928383e81fd84b2ad56c4a065fede00be8b56e40c56760296cd21
415,49,c4047b78601928383e81fd84b2ad56c4a065fede00be8b56e40c56760296cd21
244,50,c4047b78601928383e81fd84b2ad56c4a065fede00be8b56e40c56760296cd21
415,50,c4047b78601928383e81fd84b2ad56c4a065fede00be8b56e40c56760296cd21
244,51,c4047b78601928383e81fd84b2ad56c4a065fede00be8b56e40c56760296cd21
415,51,c4047b78601928383e81fd84b2ad56c4a065fede00be8b56e40c56760296cd21
244,52,c4047b78601928383e81fd84b2ad56c4a065fede00be8b56e40c56760296cd21
415,52,c4047b78601928383e81fd84b2ad56c4a065fede00be8b56e40c56760296cd21
244,53,c4047b78601928383e81fd84b2ad56c4a065fede00be8b56e40c56760296cd21
415,53,c4047b78601928383e81fd84b2ad56c4a065fede00be8b56e40c56760296cd21
244,54,c4047b78601928383e81fd84b2ad56c4a065fede00be8b56e40c56760296cd21
415,54,c4047b78601928383e81fd84b2ad56c4a065fede00be8b56e40c56760296cd21
244,55,c4047b78601928383e81fd84b2ad56c4a065fede00be8b56e40c56760296cd21
415,55,c4047b78601928383e81fd84b2ad56c4a065fede00be8b56e40c56760296cd21
244,56,c4047b78601928383e81fd84b2ad56c4a065fede00be8b56e40c56760296cd21
415,56,c4047b78601928383e81fd84b2ad56c4a065fede00be8b56e40c56760296cd21
244,57,c4047b78601928383e81fd84b2ad56c4a065fede00be8b56e40c56760296cd21
415,57,c4047b78601928383e81fd84b2ad56c4a065fede00be8b56e40c56760296cd21
244,58,c4047b78601928383e81fd84b2ad56c4a065fede00be8b56e40c56760296cd21
415,58,c4047b78601928383e81fd84b2ad56c4a065fede00be8b56e40c56760296cd21
244,59,c4047b78601928383e81fd84b2ad56c4a065fede00be8b56e40c56760296cd21
415,59,c4047b78601928383e81fd84b2ad56c4a065fede00be8b56e40c56760296cd21
244,60,c4047b78601928383e81fd84b2ad56c4a065fede00be8b56e40c56760296cd21
415,60,c4047b78601928383e81fd84b2ad56c4a065fede00be8b56e40c56760296cd21
244,61,c4047b78601928383e81fd84b2ad56c4a065fede00be8b56e40c56760296cd21
415,61,c4047b78601928383e81fd84b2ad56c4a065fede00be8b56e40c56760296cd21
244,62,c4047b78601928383e81fd84b2ad56c4a065fede00be8b56e40c56760296cd21
415,62,c4047b78601928383e81fd84b2ad56c4a065fede00be8b56e40c56760296cd21
244,63,c4047b78601928383e81fd84b2ad56c4a065fede00be8b56e40c56760296cd21
415,63,c4047b78601928383e81fd84b2ad56c4a065fede00be8b56e40c56760296cd21
244,64,c4047b78601928383e81fd84b2ad56c4a065fede00be8b56e40c56760296cd21
415,64,c4047b78601928383e81fd84b2ad56c4a065fede00be8b56e40c56760296cd21
244,65,c4047b78601928383e81fd84b2ad56c4a065fede00be8b56e40c56760296cd21
415,65,c4047b78601928383e81fd84b2ad56c4a065fede00be8b56e40c56760296cd21
244,66,c4047b78601928383e81fd84b2ad56c4a065fede00be8b56e40c56760296cd21
415,66,c4047b78601928383e81fd84b2ad56c4a065fede00be8b56e40c56760296cd21
244,67,c4047b78601928383e81fd84b2ad56c4a065fede00be8b56e40c56760296cd21
415,67,c4047b78601928383e81fd84b2ad56c4a065fede00be8b56e40c56760296cd21
244,68,c4047b78601928383e81fd84b2ad56c4a065fede00be8b56e40c56760296cd21
415,68,c4047b78601928383e81fd84b2ad56c4a065fede00be8b56e40c56760296cd21
244,69,c4047b78601928383e81fd84b2ad56c4a065fede00be8b56e40c56760296cd21
415,69,c4047b78601928383e81fd84b2ad56c4a065fede00be8b56e40c56760296cd21
244,70,c4047b78601928383e81fd84b2ad56c4a065fede00be8b56e40c56760296cd21
415,70,c4047b78601928383e81fd84b2ad56c4a065fede00be8b56e40c56760296cd21
244,71,c4047b78601928383e81fd84b2ad56c4a065fede00be8b56e40c56760296cd21
415,71,c4047b78601928383e81fd84b2ad56c4a065fede00be8b56e40c56760296cd21
180,72,c4047b78601928383e81fd84b2ad56c4a065fede00be8b56e40c56760296cd21
195,72,c4047b78601928383e81fd84b2ad56c4a065fede00be8b56e40c56760296cd21
244,72,c4047b78601928383e81fd84b2ad56c4a065fede00be8b56e40c56760296cd21
415,72,c4047b78601928383e81fd84b2ad56c4a065fede00be8b56e40c56760296cd21
244,73,c4047b78601928383e81fd84b2ad56c4a065fede00be8b56e40c56760296cd21
415,73,c4047b78601928383e81fd84b2ad56c4a065fede00be8b56e40c56760296cd21
244,74,c4047b78601928383e81fd84b2ad56c4a065fede00be8b56e40c56760296cd21
415,74,c4047b78601928383e81fd84b2ad56c4a065fede00be8b56e40c56760296cd21
244,75,c4047b78601928383e81fd84b2ad56c4a065fede00be8b56e40c56760296cd21
415,75,c4047b78601928383e81fd84b2ad56c4a065fede00be8b56e40c56760296cd21
244,76,c4047b78601928383e81fd84b2ad56c4a065fede00be8b56e40c56760296cd21
415,76,c4047b78601928383e81fd84b2ad56c4a065fede00be8b56e40c56760296cd21
244,77,c4047b78601928383e81fd84b2ad56c4a065fede00be8b56e40c56760296cd21
415,77,c4047b78601928383e81fd84b2ad56c4a065fede00be8b56e40c56760296cd21
244,78,c4047b78601928383e81fd84b2ad56c4a065fede00be8b56e40c56760296cd21
415,78,c4047b78601928383e81fd84b2ad56c4a065fede00be8b56e40c56760296cd21
244,79,c4047b78601928383e81fd84b2ad56c4a065fede00be8b56e40c56760296cd21
415,79,c4047b78601928383e81fd84b2ad56c4a065fede00be8b56e40c56760296cd21
244,80,c4047b78601928383e81fd84b2ad56c4a065fede00be8b56e40c56760296cd21
415,80,c4047b78601928383e81fd84b2ad56c4a065fede00be8b56e40c56760296cd21
244,81,c4047b78601928383e81fd84b2ad56c4a065fede00be8b56e40c56760296cd21
415,81,c4047b78601928383e81fd84b2ad56c4a065fede00be8b56e40c56760296cd21
244,82,c4047b78601928383e81fd84b2ad56c4a065fede00be8b56e40c56760296cd21
415,82,c4047b78601928383e81fd84b2ad56c4a065fede00be8b56e40c56760296cd21
244,83,c4047b78601928383e81fd84b2ad56c4a065fede00be8b56e40c56760296cd21
415,83,c4047b78601928383e81fd84b2ad56c4a065fede00be8b56e40c56760296cd21
136,84,c4047b78601928383e81fd84b2ad56c4a065fede00be8b56e40c56760296cd21
147,84,c4047b78601928383e81fd84b2ad56c4a065fede00be8b56e40c56760296cd21
244,84,c4047b78601928383e81fd84b2ad56c4a065fede00be8b56e40c56760296cd21
415,84,c4047b78601928383e81fd84b2ad56c4a065fede00be8b56e40c56760296cd21
244,85,c4047b78601928383e81fd84b2ad56c4a065fede00be8b56e40c56760296cd21
415,85,c4047b78601928383e81fd84b2ad56c4a065fede00be8b56e40c56760296cd21
244,86,c4047b78601928383e81fd84b2ad56c4a065fede00be8b56e40c56760296cd21
415,86,c4047b78601928383e81fd84b2ad56c4a065fede00be8b56e40c56760296cd21
244,87,c4047b78601928383e81fd84b2ad56c4a065fede00be8b56e40c56760296cd21
415,87,c4047b78601928383e81fd84b2ad56c4a065fede00be8b56e40c56760296cd21
244,88,c4047b78601928383e81fd84b2ad56c4a065fede00be8b56e40c56760296cd21
415,88,c4047b78601928383e81fd84b2ad56c4a065fede00be8b56e40c56760296cd21
244,89,c4047b78601928383e81fd84b2ad56c4a065fede00be8b56e40c56760296cd21
415,89,c4047b78601928383e81fd84b2ad56c4a065fede00be8b56e40c56760296cd21
244,90,c4047b78601928383e81fd84b2ad56c4a065fede00be8b56e40c56760296cd21
415,90,c4047b78601928383e81fd84b2ad56c4a065fede00be8b56e40c56760296cd21
244,91,c4047b78601928383e81fd84b2ad56c4a065fede00be8b56e40c56760296cd21
415,91,c4047b78601928383e81fd84b2ad56c4a065fede00be8b56e40c56760296cd21
244,92,c4047b78601928383e81fd84b2ad56c4a065fede00be8b56e40c56760296cd21
415,92,c4047b78601928383e81fd84b2ad56c4a065fede00be8b56e40c56760296cd21
244,93,c4047b78601928383e81fd84b2ad56c4a065fede00be8b56e40c56760296cd21
415,93,c4047b78601928383e81fd84b2ad56c4a065fede00be8b56e40c56760296cd21
244,94,c4047b78601928383e81fd84b2ad56c4a065fede00be8b56e40c56760296cd21
415,94,c4047b78601928383e81fd84b2ad56c4a065fede00be8b56e40c56760296cd21
244,95,c4047b78601928383e81fd84b2ad56c4a065fede00be8b56e40c56760296cd21
415,95,c4047b78601928383e81fd84b2ad56c4a065fede00be8b56e40c56760296cd21
244,96,c4047b78601928383e81fd84b2ad56c4a065fede00be8b56e40c56760296cd21
415,96,c4047b78601928383e81fd84b2ad56c4a065fede00be8b56e40c56760296cd21
244,97,c4047b78601928383e81fd84b2ad56c4a065fede00be8b56e40c56760296cd21
415,97,c4047b78601928383e81fd84b2ad56c4a065fede00be8b56e40c56760296cd21
244,98,c4047b78601928383e81fd84b2ad56c4a065fede00be8b56e40c56760296cd21
415,98,c4047b78601928383e81fd84b2ad56c4a065fede00be8b56e40c56760296cd21
244,99,c4047b78601928383e81fd84b2ad56c4a065fede00be8b56e40c56760296cd21
415,99,c4047b78601928383e81fd84b2ad56c4a065fede00be8b56e40c56760296cd21
244,100,c4047b78601928383e81fd84b2ad56c4a065fede00be8b56e40c56760296cd21
415,100,c4047b78601928383e81fd84b2ad56c4a065fede00be8b56e40c56760296cd21
244,101,c4047b78601928383e81fd84b2ad56c4a065fede00be8b56e40c56760296cd21
415,101,c4047b78601928383e81fd84b2ad56c4a065fede00be8b56e40c56760296cd21
244,102,c4047b78601928383e81fd84b2ad56c4a065fede00be8b56e40c56760296cd21
415,102,c4047b78601928383e81fd84b2ad56c4a065fede00be8b56e40c56760296cd21
244,103,c4047b78601928383e81fd84b2ad56c4a065fede00be8b56e40c56760296cd21
415,103,c4047b78601928383e81fd84b2ad56c4a065fede00be8b56e40c56760296cd21
244,104,c4047b78601928383e81fd84b2ad56c4a065fede00be8b56e40c56760296cd21
415,104,c4047b78601928383e81fd84b2ad56c4a065fede00be8b56e40c56760296cd21
244,105,c4047b78601928383e81fd84b2ad56c4a065fede00be8b56e40c56760296cd21
415,105,c4047b78601928383e81fd84b2ad56c4a065fede00be8b56e40c56760296cd21
244,106,c4047b78601928383e81fd84b2ad56c4a065fede00be8b56e40c56760296cd21
415,106,c4047b78601928383e81fd84b2ad56c4a065fede00be8b56e40c56760296cd21
244,107,c4047b78601928383e81fd84b2ad56c4a065fede00be8b56e40c56760296cd21
415,107,c4047b78601928383e81fd84b2ad56c4a065fede00be8b56e40c56760296cd21
244,108,c4047b78601928383e81fd84b2ad56c4a065fede00be8b56e40c56760296cd21
415,108,c4047b78601928383e81fd84b2ad56c4a065fede00be8b56e40c56760296cd21
244,109,c4047b78601928383e81fd84b2ad56c4a065fede00be8b56e40c56760296cd21
415,109,c4047b78601928383e81fd84b2ad56c4a065fede00be8b56e40c56760296cd21
244,110,c4047b78601928383e81fd84b2ad56c4a065fede00be8b56e40c56760296cd21
415,110,c4047b78601928383e81fd84b2ad56c4a065fede00be8b56e40c56760296cd21
244,111,c4047b78601928383e81fd84b2ad56c4a065fede00be8b56e40c56760296cd21
415,111,c4047b78601928383e81fd84b2ad56c4a065fede00be8b56e40c56760296cd21
244,112,c4047b78601928383e81fd84b2ad56c4a065fede00be8b56e40c56760296cd21
415,112,c4047b78601928383e81fd84b2ad56c4a065fede00be8b56e40c56760296cd21
244,113,c4047b78601928383e81fd84b2ad56c4a065fede00be8b56e40c56760296cd21
415,113,c4047b78601928383e81fd84b2ad56c4a065fede00be8b56e40c56760296cd21
224,114,c4047b78601928383e81fd84b2ad56c4a065fede00be8b56e40c56760296cd21
239,114,c4047b78601928383e81fd84b2ad56c4a065fede00be8b56e40c56760296cd21
244,114,c4047b78601928383e81fd84b2ad56c4a065fede00be8b56e40c56760296cd21
415,114,c4047b78601928383e81fd84b2ad56c4a065fede00be8b56e40c56760296cd21
244,115,c4047b78601928383e81fd84b2ad56c4a065fede00be8b56e40c56760296cd21
415,115,c4047b78601928383e81fd84b2ad56c4a065fede00be8b56e40c56760296cd21
244,116,c4047b78601928383e81fd84b2ad56c4a065fede00be8b56e40c56760296cd21
415,116,c4047b78601928383e81fd84b2ad56c4a065fede00be8b56e40c56760296cd21
244,117,c4047b78601928383e81fd84b2ad56c4a065fede00be8b56e40c56760296cd21
415,117,c4047b78601928383e81fd84b2ad56c4a065fede00be8b56e40c56760296cd21
244,118,c4047b78601928383e81fd84b2ad56c4a065fede00be8b56e40c56760296cd21
415,118,c4047b78601928383e81fd84b2ad56c4a065fede00be8b56e40c56760296cd21
244,119,c4047b78601928383e81fd84b2ad56c4a065fede00be8b56e40c56760296cd21
415,119,c4047b78601928383e81fd84b2ad56c4a065fede00be8b56e40c56760296cd21
244,120,c4047b78601928383e81fd84b2ad56c4a065fede00be8b56e40c56760296cd21
415,120,c4047b78601928383e81fd84b2ad56c4a065fede00be8b56e40c56760296cd21
244,121,c4047b78601928383e81fd84b2ad56c4a065fede00be8b56e40c56760296cd21
415,121,c4047b78601928383e81fd84b2ad56c4a065fede00be8b56e40c56760296cd21
244,122,c4047b78601928383e81fd84b2ad56c4a065fede00be8b56e40c56760296cd21
415,122,c4047b78601928383e81fd84b2ad56c4a065fede00be8b56e40c56760296cd21
244,123,c4047b78601928383e81fd84b2ad56c4a065fede00be8b56e40c56760296cd21
415,123,c4047b78601928383e81fd84b2ad56c4a065fede00be8b56e40c56760296cd21
244,124,c4047b78601928383e81fd84b2ad56c4a065fede00be8b56e40c56760296cd21
415,124,c4047b78601928383e81fd84b2ad56c4a065fede00be8b56e40c56760296cd21
244,125,c4047b78601928383e81fd84b2ad56c4a065fede00be8b56e40c56760296cd21
415,125,c4047b78601928383e81fd84b2ad56c4a065fede00be8b56e40c56760296cd21
244,126,c4047b78601928383e81fd84b2ad56c4a065fede00be8b56e40c56760296cd21
415,126,c4047b78601928383e81fd84b2ad56c4a065fede00be8b56e40c56760296cd21
503,126,c4047b78601928383e81fd84b2ad56c4a065fede00be8b56e40c56760296cd21
504,126,c4047b78601928383e81fd84b2ad56c4a065fede00be8b56e40c56760296cd21
505,126,c4047b78601928383e81fd84b2ad56c4a065fede00be8b56e40c56760296cd21
506,126,c4047b78601928383e81fd84b2ad56c4a065fede00be8b56e40c56760296cd21
507,126,c4047b78601928383e81fd84b2ad56c4a065fede00be8b56e40c56760296cd21
508,126,c4047b78601928383e81fd84b2ad56c4a065fede00be8b56e40c56760296cd21
509,126,c4047b78601928383e81fd84b2ad56c4a065fede00be8b56e40c56760296cd21
510,126,c4047b78601928383e81fd84b2ad56c4a065fede00be8b56e40c56760296cd21
511,126,c4047b78601928383e81fd84b2ad56c4a065fede00be8b56e40c56760296cd21
512,126,c4047b78601928383e81fd84b2ad56c4a065fede00be8b56e40c56760296cd21
513,126,c4047b78601928383e81fd84b2ad56c4a065fede00be8b56e40c56760296cd21
514,126,c4047b78601928383e81fd84b2ad56c4a065fede00be8b56e40c56760296cd21
515,126,c4047b78601928383e81fd84b2ad56c4a065fede00be8b56e40c56760296cd21
516,126,c4047b78601928383e81fd84b2ad56c4a065fede00be8b56e40c56760296cd21
517,126,c4047b78601928383e81fd84b2ad56c4a065fede00be8b56e40c56760296cd21
518,126,c4047b78601928383e81fd84b2ad56c4a065fede00be8b56e40c56760296cd21
519,126,c4047b78601928383e81fd84b2ad56c4a065fede00be8b56e40c56760296cd21
520,126,c4047b78601928383e81fd84b2ad56c4a065fede00be8b56e40c56760296cd21
521,126,c4047b78601928383e81fd84b2ad56c4a065fede00be8b56e40c56760296cd21
522,126,c4047b78601928383e81fd84b2ad56c4a065fede00be8b56e40c56760296cd21
244,127,c4047b78601928383e81fd84b2ad56c4a065fede00be8b56e40c56760296cd21
415,127,c4047b78601928383e81fd84b2ad56c4a065fede00be8b56e40c56760296cd21
503,127,c4047b78601928383e81fd84b2ad56c4a065fede00be8b56e40c56760296cd21
504,127,c4047b78601928383e81fd84b2ad56c4a065fede00be8b56e40c56760296cd21
505,127,c4047b78601928383e81fd84b2ad56c4a065fede00be8b56e40c56760296cd21
506,127,c4047b78601928383e81fd84b2ad56c4a065fede00be8b56e40c56760296cd21
507,127,c4047b78601928383e81fd84b2ad56c4a065fede00be8b56e40c56760296cd21
508,127,c4047b78601928383e81fd84b2ad56c4a065fede00be8b56e40c56760296cd21
509,127,c4047b78601928383e81fd84b2ad56c4a065fede00be8b56e40c56760296cd21
510,127,c4047b78601928383e81fd84b2ad56c4a065fede00be8b56e40c56760296cd21
511,127,c4047b78601928383e81fd84b2ad56c4a065fede00be8b56e40c56760296cd21
512,127,c4047b78601928383e81fd84b2ad56c4a065fede00be8b56e40c56760296cd21
513,127,c4047b78601928383e81fd84b2ad56c4a065fede00be8b56e40c56760296cd21
514,127,c4047b78601928383e81fd84b2ad56c4a065fede00be8b56e40c56760296cd21
515,127,c4047b78601928383e81fd84b2ad56c4a065fede00be8b56e40c56760296cd21
516,127,c4047b78601928383e81fd84b2ad56c4a065fede00be8b56e40c56760296cd21
517,127,c4047b78601928383e81fd84b2ad56c4a065fede00be8b56e40c56760296cd21
518,127,c4047b78601928383e81fd84b2ad56c4a065fede00be8b56e40c56760296cd21
519,127,c4047b78601928383e81fd84b2ad56c4a065fede00be8b56e40c56760296cd21
520,127,c4047b78601928383e81fd84b2ad56c4a065fede00be8b56e40c56760296cd21
521,127,c4047b78601928383e81fd84b2ad56c4a065fede00be8b56e40c56760296cd21
522,127,c4047b78601928383e81fd84b2ad56c4a065fede00be8b56e40c56760296cd21
244,128,c4047b78601928383e81fd84b2ad56c4a065fede00be8b56e40c56760296cd21
415,128,c4047b78601928383e81fd84b2ad56c4a065fede00be8b56e40c56760296cd21
503,128,c4047b78601928383e81fd84b2ad56c4a065fede00be8b56e40c56760296cd21
504,128,c4047b78601928383e81fd84b2ad56c4a065fede00be8b56e40c56760296cd21
505,128,c4047b78601928383e81fd84b2ad56c4a065fede00be8b56e40c56760296cd21
506,128,c4047b78601928383e81fd84b2ad56c4a065fede00be8b56e40c56760296cd21
507,128,c4047b78601928383e81fd84b2ad56c4a065fede00be8b56e40c56760296cd21
508,128,c4047b78601928383e81fd84b2ad56c4a065fede00be8b56e40c56760296cd21
509,128,c4047b78601928383e81fd84b2ad56c4a065fede00be8b56e40c56760296cd21
510,128,c4047b78601928383e81fd84b2ad56c4a065fede00be8b56e40c56760296cd21
511,128,c4047b78601928383e81fd84b2ad56c4a065fede00be8b56e40c56760296cd21
512,128,c4047b78601928383e81fd84b2ad56c4a065fede00be8b56e40c56760296cd21
513,128,c4047b78601928383e81fd84b2ad56c4a065fede00be8b56e40c56760296cd21
514,128,c4047b78601928383e81fd84b2ad56c4a065fede00be8b56e40c56760296cd21
515,128,c4047b78601928383e81fd84b2ad56c4a065fede00be8b56e40c56760296cd21
516,128,c4047b78601928383e81fd84b2ad56c4a065fede00be8b56e40c56760296cd21
517,128,c4047b78601928383e81fd84b2ad56c4a065fede00be8b56e40c56760296cd21
518,128,c4047b78601928383e81fd84b2ad56c4a065fede00be8b56e40c56760296cd21
519,128,c4047b78601928383e81fd84b2ad56c4a065fede00be8b56e40c56760296cd21
520,128,c4047b78601928383e81fd84b2ad56c4a065fede00be8b56e40c56760296cd21
521,128,c4047b78601928383e81fd84b2ad56c4a065fede00be8b56e40c56760296cd21
522,128,c4047b78601928383e81fd84b2ad56c4a065fede00be8b56e40c56760296cd21
244,129,c4047b78601928383e81fd84b2ad56c4a065fede00be8b56e40c56760296cd21
415,129,c4047b78601928383e81fd84b2ad56c4a065fede00be8b56e40c56760296cd21
503,129,c4047b78601928383e81fd84b2ad56c4a065fede00be8b56e40c56760296cd21
504,129,c4047b78601928383e81fd84b2ad56c4a065fede00be8b56e40c56760296cd21
505,129,c4047b78601928383e81fd84b2ad56c4a065fede00be8b56e40c56760296cd21
506,129,c4047b78601928383e81fd84b2ad56c4a065fede00be8b56e40c56760296cd21
507,129,c4047b78601928383e81fd84b2ad56c4a065fede00be8b56e40c56760296cd21
508,129,c4047b78601928383e81fd84b2ad56c4a065fede00be8b56e40c56760296cd21
509,129,c4047b78601928383e81fd84b2ad56c4a065fede00be8b56e40c56760296cd21
510,129,c4047b78601928383e81fd84b2ad56c4a065fede00be8b56e40c56760296cd21
511,129,c4047b78601928383e81fd84b2ad56c4a065fede00be8b56e40c56760296cd21
512,129,c4047b78601928383e81fd84b2ad56c4a065fede00be8b56e40c56760296cd21
513,129,c4047b78601928383e81fd84b2ad56c4a065fede00be8b56e40c56760296cd21
514,129,c4047b78601928383e81fd84b2ad56c4a065fede00be8b56e40c56760296cd21
515,129,c4047b78601928383e81fd84b2ad56c4a065fede00be8b56e40c56760296cd21
516,129,c4047b78601928383e81fd84b2ad56c4a065fede00be8b56e40c56760296cd21
517,129,c4047b78601928383e81fd84b2ad56c4a065fede00be8b56e40c56760296cd21
518,129,c4047b78601928383e81fd84b2ad56c4a065fede00be8b56e40c56760296cd21
519,129,c4047b78601928383e81fd84b2ad56c4a065fede00be8b56e40c56760296cd21
520,129,c4047b78601928383e81fd84b2ad56c4a065fede00be8b56e40c56760296cd21
521,129,c4047b78601928383e81fd84b2ad56c4a065fede00be8b56e40c56760296cd21
522,129,c4047b78601928383e81fd84b2ad56c4a065fede00be8b56e40c56760296cd21
244,130,c4047b78601928383e81fd84b2ad56c4a065fede00be8b56e40c56760296cd21
415,130,c4047b78601928383e81fd84b2ad56c4a065fede00be8b56e40c56760296cd21
503,130,c4047b78601928383e81fd84b2ad56c4a065fede00be8b56e40c56760296cd21
504,130,c4047b78601928383e81fd84b2ad56c4a065fede00be8b56e40c56760296cd21
505,130,c4047b78601928383e81fd84b2ad56c4a065fede00be8b56e40c56760296cd21
506,130,c4047b78601928383e81fd84b2ad56c4a065fede00be8b56e40c56760296cd21
507,130,c4047b78601928383e81fd84b2ad56c4a065fede00be8b56e40c56760296cd21
508,130,c4047b78601928383e81fd84b2ad56c4a065fede00be8b56e40c56760296cd21
509,130,c4047b78601928383e81fd84b2ad56c4a065fede00be8b56e40c56760296cd21
510,130,c4047b78601928383e81fd84b2ad56c4a065fede00be8b56e40c56760296cd21
511,130,c4047b78601928383e81fd84b2ad56c4a065fede00be8b56e40c56760296cd21
512,130,c4047b78601928383e81fd84b2ad56c4a065fede00be8b56e40c56760296cd21
513,130,c4047b78601928383e81fd84b2ad56c4a065fede00be8b56e40c56760296cd21
514,130,c4047b78601928383e81fd84b2ad56c4a065fede00be8b56e40c56760296cd21
515,130,c4047b78601928383e81fd84b2ad56c4a065fede00be8b56e40c56760296cd21
516,130,c4047b78601928383e81fd84b2ad56c4a065fede00be8b56e40c56760296cd21
517,130,c4047b78601928383e81fd84b2ad56c4a065fede00be8b56e40c56760296cd21
518,130,c4047b78601928383e81fd84b2ad56c4a065fede00be8b56e40c56760296cd21
519,130,c4047b78601928383e81fd84b2ad56c4a065fede00be8b56e40c56760296cd21
520,130,c4047b78601928383e81fd84b2ad56c4a065fede00be8b56e40c56760296cd21
521,130,c4047b78601928383e81fd84b2ad56c4a065fede00be8b56e40c56760296cd21
522,130,c4047b78601928383e81fd84b2ad56c4a065fede00be8b56e40c56760296cd21
244,131,c4047b78601928383e81fd84b2ad56c4a065fede00be8b56e40c56760296cd21
415,131,c4047b78601928383e81fd84b2ad56c4a065fede00be8b56e40c56760296cd21
503,131,c4047b78601928383e81fd84b2ad56c4a065fede00be8b56e40c56760296cd21
504,131,c4047b78601928383e81fd84b2ad56c4a065fede00be8b56e40c56760296cd21
505,131,c4047b78601928383e81fd84b2ad56c4a065fede00be8b56e40c56760296cd21
506,131,c4047b78601928383e81fd84b2ad56c4a065fede00be8b56e40c56760296cd21
507,131,c4047b78601928383e81fd84b2ad56c4a065fede00be8b56e40c56760296cd21
508,131,c4047b78601928383e81fd84b2ad56c4a065fede00be8b56e40c56760296cd21
509,131,c4047b78601928383e81fd84b2ad56c4a065fede00be8b56e40c56760296cd21
510,131,c4047b78601928383e81fd84b2ad56c4a065fede00be8b56e40c56760296cd21
511,131,c4047b78601928383e81fd84b2ad56c4a065fede00be8b56e40c56760296cd21
512,131,c4047b78601928383e81fd84b2ad56c4a065fede00be8b56e40c56760296cd21
513,131,c4047b78601928383e81fd84b2ad56c4a065fede00be8b56e40c56760296cd21
514,131,c4047b78601928383e81fd84b2ad56c4a065fede00be8b56e40c56760296cd21
515,131,c4047b78601928383e81fd84b2ad56c4a065fede00be8b56e40c56760296cd21
516,131,c4047b78601928383e81fd84b2ad56c4a065fede00be8b56e40c56760296cd21
517,131,c4047b78601928383e81fd84b2ad56c4a065fede00be8b56e40c56760296cd21
518,131,c4047b78601928383e81fd84b2ad56c4a065fede00be8b56e40c56760296cd21
519,131,c4047b78601928383e81fd84b2ad56c4a065fede00be8b56e40c56760296cd21
520,131,c4047b78601928383e81fd84b2ad56c4a065fede00be8b56e40c56760296cd21
521,131,c4047b78601928383e81fd84b2ad56c4a065fede00be8b56e40c56760296cd21
522,131,c4047b78601928383e81fd84b2ad56c4a065fede00be8b56e40c56760296cd21
244,132,c4047b78601928383e81fd84b2ad56c4a065fede00be8b56e40c56760296cd21
415,132,c4047b78601928383e81fd84b2ad56c4a065fede00be8b56e40c56760296cd21
503,132,c4047b78601928383e81fd84b2ad56c4a065fede00be8b56e40c56760296cd21
504,132,c4047b78601928383e81fd84b2ad56c4a065fede00be8b56e40c56760296cd21
505,132,c4047b78601928383e81fd84b2ad56c4a065fede00be8b56e40c56760296cd21
506,132,c4047b78601928383e81fd84b2ad56c4a065fede00be8b56e40c56760296cd21
507,132,c4047b78601928383e81fd84b2ad56c4a065fede00be8b56e40c56760296cd21
508,132,c4047b78601928383e81fd84b2ad56c4a065fede00be8b56e40c56760296cd21
509,132,c4047b78601928383e81fd84b2ad56c4a065fede00be8b56e40c56760296cd21
510,132,c4047b78601928383e81fd84b2ad56c4a065fede00be8b56e40c56760296cd21
511,132,c4047b78601928383e81fd84b2ad56c4a065fede00be8b56e40c56760296cd21
512,132,c4047b78601928383e81fd84b2ad56c4a065fede00be8b56e40c56760296cd21
513,132,c4047b78601928383e81fd84b2ad56c4a065fede00be8b56e40c56760296cd21
514,132,c4047b78601928383e81fd84b2ad56c4a065fede00be8b56e40c56760296cd21
515,132,c4047b78601928383e81fd84b2ad56c4a065fede00be8b56e40c56760296cd21
516,132,c4047b78601928383e81fd84b2ad56c4a065fede00be8b56e40c56760296cd21
517,132,c4047b78601928383e81fd84b2ad56c4a065fede00be8b56e40c56760296cd21
518,132,c4047b78601928383e81fd84b2ad56c4a065fede00be8b56e40c56760296cd21
519,132,c4047b78601928383e81fd84b2ad56c4a065fede00be8b56e40c56760296cd21
520,132,c4047b78601928383e81fd84b2ad56c4a065fede00be8b56e40c56760296cd21
521,132,c4047b78601928383e81fd84b2ad56c4a065fede00be8b56e40c56760296cd21
522,132,c4047b78601928383e81fd84b2ad56c4a065fede00be8b56e40c56760296cd21
244,133,c4047b78601928383e81fd84b2ad56c4a065fede00be8b56e40c56760296cd21
415,133,c4047b78601928383e81fd84b2ad56c4a065fede00be8b56e40c56760296cd21
502,133,c4047b78601928383e81fd84b2ad56c4a065fede00be8b56e40c56760296cd21
503,133,c4047b78601928383e81fd84b2ad56c4a065fede00be8b56e40c56760296cd21
504,133,c4047b78601928383e81fd84b2ad56c4a065fede00be8b56e40c56760296cd21
505,133,c4047b78601928383e81fd84b2ad56c4a065fede00be8b56e40c56760296cd21
506,133,c4047b78601928383e81fd84b2ad56c4a065fede00be8b56e40c56760296cd21
507,133,c4047b78601928383e81fd84b2ad56c4a065fede00be8b56e40c56760296cd21
508,133,c4047b78601928383e81fd84b2ad56c4a065fede00be8b56e40c56760296cd21
509,133,c4047b78601928383e81fd84b2ad56c4a065fede00be8b56e40c56760296cd21
510,133,c4047b78601928383e81fd84b2ad56c4a065fede00be8b56e40c56760296cd21
511,133,c4047b78601928383e81fd84b2ad56c4a065fede00be8b56e40c56760296cd21
512,133,c4047b78601928383e81fd84b2ad56c4a065fede00be8b56e40c56760296cd21
513,133,c4047b78601928383e81fd84b2ad56c4a065fede00be8b56e40c56760296cd21
514,133,c4047b78601928383e81fd84b2ad56c4a065fede00be8b56e40c56760296cd21
515,133,c4047b78601928383e81fd84b2ad56c4a065fede00be8b56e40c56760296cd21
516,133,c4047b78601928383e81fd84b2ad56c4a065fede00be8b56e40c56760296cd21
517,133,c4047b78601928383e81fd84b2ad56c4a065fede00be8b56e40c56760296cd21
518,133,c4047b78601928383e81fd84b2ad56c4a065fede00be8b56e40c56760296cd21
519,133,c4047b78601928383e81fd84b2ad56c4a065fede00be8b56e40c56760296cd21
520,133,c4047b78601928383e81fd84b2ad56c4a065fede00be8b56e40c56760296cd21
521,133,c4047b78601928383e81fd84b2ad56c4a065fede00be8b56e40c56760296cd21
522,133,c4047b78601928383e81fd84b2ad56c4a065fede00be8b56e40c56760296cd21
523,133,c4047b78601928383e81fd84b2ad56c4a065fede00be8b56e40c56760296cd21
524,133,c4047b78601928383e81fd84b2ad56c4a065fede00be8b56e40c56760296cd21
525,133,c4047b78601928383e81fd84b2ad56c4a065fede00be8b56e40c56760296cd21
526,133,c4047b78601928383e81fd84b2ad56c4a065fede00be8b56e40c56760296cd21
527,133,c4047b78601928383e81fd84b2ad56c4a065fede00be8b56e40c56760296cd21
528,133,c4047b78601928383e81fd84b2ad56c4a065fede00be8b56e40c56760296cd21
529,133,c4047b78601928383e81fd84b2ad56c4a065fede00be8b56e40c56760296cd21
530,133,c4047b78601928383e81fd84b2ad56c4a065fede00be8b56e40c56760296cd21
531,133,c4047b78601928383e81fd84b2ad56c4a065fede00be8b56e40c56760296cd21
532,133,c4047b78601928383e81fd84b2ad56c4a065fede00be8b56e40c56760296cd21
244,134,c4047b78601928383e81fd84b2ad56c4a065fede00be8b56e40c56760296cd21
415,134,c4047b78601928383e81fd84b2ad56c4a065fede00be8b56e40c56760296cd21
502,134,c4047b78601928383e81fd84b2ad56c4a065fede00be8b56e40c56760296cd21
503,134,c4047b78601928383e81fd84b2ad56c4a065fede00be8b56e40c56760296cd21
504,134,c4047b78601928383e81fd84b2ad56c4a065fede00be8b56e40c56760296cd21
505,134,c4047b78601928383e81fd84b2ad56c4a065fede00be8b56e40c56760296cd21
506,134,c4047b78601928383e81fd84b2ad56c4a065fede00be8b56e40c56760296cd21
507,134,c4047b78601928383e81fd84b2ad56c4a065fede00be8b56e40c56760296cd21
508,134,c4047b78601928383e81fd84b2ad56c4a065fede00be8b56e40c56760296cd21
509,134,c4047b78601928383e81fd84b2ad56c4a065fede00be8b56e40c56760296cd21
510,134,c4047b78601928383e81fd84b2ad56c4a065fede00be8b56e40c56760296cd21
511,134,c4047b78601928383e81fd84b2ad56c4a065fede00be8b56e40c56760296cd21
512,134,c4047b78601928383e81fd84b2ad56c4a065fede00be8b56e40c56760296cd21
513,134,c4047b78601928383e81fd84b2ad56c4a065fede00be8b56e40c56760296cd21
514,134,c4047b78601928383e81fd84b2ad56c4a065fede00be8b56e40c56760296cd21
515,134,c4047b78601928383e81fd84b2ad56c4a065fede00be8b56e40c56760296cd21
516,134,c4047b78601928383e81fd84b2ad56c4a065fede00be8b56e40c56760296cd21
517,134,c4047b78601928383e81fd84b2ad56c4a065fede00be8b56e40c56760296cd21
518,134,c4047b78601928383e81fd84b2ad56c4a065fede00be8b56e40c56760296cd21
519,134,c4047b78601928383e81fd84b2ad56c4a065fede00be8b56e40c56760296cd21
520,134,c4047b78601928383e81fd84b2ad56c4a065fede00be8b56e40c56760296cd21
521,134,c4047b78601928383e81fd84b2ad56c4a065fede00be8b56e40c56760296cd21
522,134,c4047b78601928383e81fd84b2ad56c4a065fede00be8b56e40c56760296cd21
523,134,c4047b78601928383e81fd84b2ad56c4a065fede00be8b56e40c56760296cd21
524,134,c4047b78601928383e81fd84b2ad56c4a065fede00be8b56e40c56760296cd21
525,134,c4047b78601928383e81fd84b2ad56c4a065fede00be8b56e40c56760296cd21
526,134,c4047b78601928383e81fd84b2ad56c4a065fede00be8b56e40c56760296cd21
527,134,c4047b78601928383e81fd84b2ad56c4a065fede00be8b56e40c56760296cd21
528,134,c4047b78601928383e81fd84b2ad56c4a065fede00be8b56e40c56760296cd21
529,134,c4047b78601928383e81fd84b2ad56c4a065fede00be8b56e40c56760296cd21
530,134,c4047b78601928383e81fd84b2ad56c4a065fede00be8b56e40c56760296cd21
531,134,c4047b78601928383e81fd84b2ad56c4a065fede00be8b56e40c56760296cd21
532,134,c4047b78601928383e81fd84b2ad56c4a065fede00be8b56e40c56760296cd21
244,135,c4047b78601928383e81fd84b2ad56c4a065fede00be8b56e40c56760296cd21
415,135,c4047b78601928383e81fd84b2ad56c4a065fede00be8b56e40c56760296cd21
502,135,c4047b78601928383e81fd84b2ad56c4a065fede00be8b56e40c56760296cd21
503,135,c4047b78601928383e81fd84b2ad56c4a065fede00be8b56e40c56760296cd21
504,135,c4047b78601928383e81fd84b2ad56c4a065fede00be8b56e40c56760296cd21
505,135,c4047b78601928383e81fd84b2ad56c4a065fede00be8b56e40c56760296cd21
506,135,c4047b78601928383e81fd84b2ad56c4a065fede00be8b56e40c56760296cd21
507,135,c4047b78601928383e81fd84b2ad56c4a065fede00be8b56e40c56760296cd21
508,135,c4047b78601928383e81fd84b2ad56c4a065fede00be8b56e40c56760296cd21
509,135,c4047b78601928383e81fd84b2ad56c4a065fede00be8b56e40c56760296cd21
510,135,c4047b78601928383e81fd84b2ad56c4a065fede00be8b56e40c56760296cd21
511,135,c4047b78601928383e81fd84b2ad56c4a065fede00be8b56e40c56760296cd21
512,135,c4047b78601928383e81fd84b2ad56c4a065fede00be8b56e40c56760296cd21
513,135,c4047b78601928383e81fd84b2ad56c4a065fede00be8b56e40c56760296cd21
514,135,c4047b78601928383e81fd84b2ad56c4a065fede00be8b56e40c56760296cd21
515,135,c4047b78601928383e81fd84b2ad56c4a065fede00be8b56e40c56760296cd21
516,135,c4047b78601928383e81fd84b2ad56c4a065fede00be8b56e40c56760296cd21
517,135,c4047b78601928383e81fd84b2ad56c4a065fede00be8b56e40c56760296cd21
518,135,c4047b78601928383e81fd84b2ad56c4a065fede00be8b56e40c56760296cd21
519,135,c4047b78601928383e81fd84b2ad56c4a065fede00be8b56e40c56760296cd21
520,135,c4047b78601928383e81fd84b2ad56c4a065fede00be8b56e40c56760296cd21
521,135,c4047b78601928383e81fd84b2ad56c4a065fede00be8b56e40c56760296cd21
522,135,c4047b78601928383e81fd84b2ad56c4a065fede00be8b56e40c56760296cd21
523,135,c4047b78601928383e81fd84b2ad56c4a065fede00be8b56e40c56760296cd21
524,135,c4047b78601928383e81fd84b2ad56c4a065fede00be8b56e40c56760296cd21
525,135,c4047b78601928383e81fd84b2ad56c4a065fede00be8b56e40c56760296cd21
526,135,c4047b78601928383e81fd84b2ad56c4a065fede00be8b56e40c56760296cd21
527,135,c4047b78601928383e81fd84b2ad56c4a065fede00be8b56e40c56760296cd21
528,135,c4047b78601928383e81fd84b2ad56c4a065fede00be8b56e40c56760296cd21
529,135,c4047b78601928383e81fd84b2ad56c4a065fede00be8b56e40c56760296cd21
530,135,c4047b78601928383e81fd84b2ad56c4a065fede00be8b56e40c56760296cd21
531,135,c4047b78601928383e81fd84b2ad56c4a065fede00be8b56e40c56760296cd21
532,135,c4047b78601928383e81fd84b2ad56c4a065fede00be8b56e40c56760296cd21
244,136,c4047b78601928383e81fd84b2ad56c4a065fede00be8b56e40c56760296cd21
415,136,c4047b78601928383e81fd84b2ad56c4a065fede00be8b56e40c56760296cd21
502,136,c4047b78601928383e81fd84b2ad56c4a065fede00be8b56e40c56760296cd21
503,136,c4047b78601928383e81fd84b2ad56c4a065fede00be8b56e40c56760296cd21
504,136,c4047b78601928383e81fd84b2ad56c4a065fede00be8b56e40c56760296cd21
505,136,c4047b78601928383e81fd84b2ad56c4a065fede00be8b56e40c56760296cd21
506,136,c4047b78601928383e81fd84b2ad56c4a065fede00be8b56e40c56760296cd21
507,136,c4047b78601928383e81fd84b2ad56c4a065fede00be8b56e40c56760296cd21
508,136,c4047b78601928383e81fd84b2ad56c4a065fede00be8b56e40c56760296cd21
509,136,c4047b78601928383e81fd84b2ad56c4a065fede00be8b56e40c56760296cd21
510,136,c4047b78601928383e81fd84b2ad56c4a065fede00be8b56e40c56760296cd21
511,136,c4047b78601928383e81fd84b2ad56c4a065fede00be8b56e40c56760296cd21
512,136,c4047b78601928383e81fd84b2ad56c4a065fede00be8b56e40c56760296cd21
513,136,c4047b78601928383e81fd84b2ad56c4a065fede00be8b56e40c56760296cd21
514,136,c4047b78601928383e81fd84b2ad56c4a065fede00be8b56e40c56760296cd21
515,136,c4047b78601928383e81fd84b2ad56c4a065fede00be8b56e40c56760296cd21
516,136,c4047b78601928383e81fd84b2ad56c4a065fede00be8b56e40c56760296cd21
517,136,c4047b78601928383e81fd84b2ad56c4a065fede00be8b56e40c56760296cd21
518,136,c4047b78601928383e81fd84b2ad56c4a065fede00be8b56e40c56760296cd21
519,136,c4047b78601928383e81fd84b2ad56c4a065fede00be8b56e40c56760296cd21
520,136,c4047b78601928383e81fd84b2ad56c4a065fede00be8b56e40c56760296cd21
521,136,c4047b78601928383e81fd84b2ad56c4a065fede00be8b56e40c56760296cd21
522,136,c4047b78601928383e81fd84b2ad56c4a065fede00be8b56e40c56760296cd21
523,136,c4047b78601928383e81fd84b2ad56c4a065fede00be8b56e40c56760296cd21
532,136,c4047b78601928383e81fd84b2ad56c4a065fede00be8b56e40c56760296cd21
244,137,c4047b78601928383e81fd84b2ad56c4a065fede00be8b56e40c56760296cd21
415,137,c4047b78601928383e81fd84b2ad56c4a065fede00be8b56e40c56760296cd21
502,137,c4047b78601928383e81fd84b2ad56c4a065fede00be8b56e40c56760296cd21
503,137,c4047b78601928383e81fd84b2ad56c4a065fede00be8b56e40c56760296cd21
504,137,c4047b78601928383e81fd84b2ad56c4a065fede00be8b56e40c56760296cd21
505,137,c4047b78601928383e81fd84b2ad56c4a065fede00be8b56e40c56760296cd21
506,137,c4047b78601928383e81fd84b2ad56c4a065fede00be8b56e40c56760296cd21
507,137,c4047b78601928383e81fd84b2ad56c4a065fede00be8b56e40c56760296cd21
508,137,c4047b78601928383e81fd84b2ad56c4a065fede00be8b56e40c56760296cd21
509,137,c4047b78601928383e81fd84b2ad56c4a065fede00be8b56e40c56760296cd21
510,137,c4047b78601928383e81fd84b2ad56c4a065fede00be8b56e40c56760296cd21
511,137,c4047b78601928383e81fd84b2ad56c4a065fede00be8b56e40c56760296cd21
512,137,c4047b78601928383e81fd84b2ad56c4a065fede00be8b56e40c56760296cd21
513,137,c4047b78601928383e81fd84b2ad56c4a065fede00be8b56e40c56760296cd21
514,137,c4047b78601928383e81fd84b2ad56c4a065fede00be8b56e40c56760296cd21
515,137,c4047b78601928383e81fd84b2ad56c4a065fede00be8b56e40c56760296cd21
516,137,c4047b78601928383e81fd84b2ad56c4a065fede00be8b56e40c56760296cd21
517,137,c4047b78601928383e81fd84b2ad56c4a065fede00be8b56e40c56760296cd21
518,137,c4047b78601928383e81fd84b2ad56c4a065fede00be8b56e40c56760296cd21
519,137,c4047b78601928383e81fd84b2ad56c4a065fede00be8b56e40c56760296cd21
520,137,c4047b78601928383e81fd84b2ad56c4a065fede00be8b56e40c56760296cd21
521,137,c4047b78601928383e81fd84b2ad56c4a065fede00be8b56e40c56760296cd21
522,137,c4047b78601928383e81fd84b2ad56c4a065fede00be8b56e40c56760296cd21
523,137,c4047b78601928383e81fd84b2ad56c4a065fede00be8b56e40c56760296cd21
532,137,c4047b78601928383e81fd84b2ad56c4a065fede00be8b56e40c56760296cd21
244,138,c4047b78601928383e81fd84b2ad56c4a065fede00be8b56e40c56760296cd21
415,138,c4047b78601928383e81fd84b2ad56c4a065fede00be8b56e40c56760296cd21
502,138,c4047b78601928383e81fd84b2ad56c4a065fede00be8b56e40c56760296cd21
503,138,c4047b78601928383e81fd84b2ad56c4a065fede00be8b56e40c56760296cd21
504,138,c4047b78601928383e81fd84b2ad56c4a065fede00be8b56e40c56760296cd21
505,138,c4047b78601928383e81fd84b2ad56c4a065fede00be8b56e40c56760296cd21
506,138,c4047b78601928383e81fd84b2ad56c4a065fede00be8b56e40c56760296cd21
507,138,c4047b78601928383e81fd84b2ad56c4a065fede00be8b56e40c56760296cd21
508,138,c4047b78601928383e81fd84b2ad56c4a065fede00be8b56e40c56760296cd21
509,138,c4047b78601928383e81fd84b2ad56c4a065fede00be8b56e40c56760296cd21
510,138,c4047b78601928383e81fd84b2ad56c4a065fede00be8b56e40c56760296cd21
511,138,c4047b78601928383e81fd84b2ad56c4a065fede00be8b56e40c56760296cd21
512,138,c4047b78601928383e81fd84b2ad56c4a065fede00be8b56e40c56760296cd21
513,138,c4047b78601928383e81fd84b2ad56c4a065fede00be8b56e40c56760296cd21
514,138,c4047b78601928383e81fd84b2ad56c4a065fede00be8b56e40c56760296cd21
515,138,c4047b78601928383e81fd84b2ad56c4a065fede00be8b56e40c56760296cd21
516,138,c4047b78601928383e81fd84b2ad56c4a065fede00be8b56e40c56760296cd21
517,138,c4047b78601928383e81fd84b2ad56c4a065fede00be8b56e40c56760296cd21
518,138,c4047b78601928383e81fd84b2ad56c4a065fede00be8b56e40c56760296cd21
519,138,c4047b78601928383e81fd84b2ad56c4a065fede00be8b56e40c56760296cd21
520,138,c4047b78601928383e81fd84b2ad56c4a065fede00be8b56e40c56760296cd21
521,138,c4047b78601928383e81fd84b2ad56c4a065fede00be8b56e40c56760296cd21
522,138,c4047b78601928383e81fd84b2ad56c4a065fede00be8b56e40c56760296cd21
523,138,c4047b78601928383e81fd84b2ad56c4a065fede00be8b56e40c56760296cd21
532,138,c4047b78601928383e81fd84b2ad56c4a065fede00be8b56e40c56760296cd21
244,139,c4047b78601928383e81fd84b2ad56c4a065fede00be8b56e40c56760296cd21
415,139,c4047b78601928383e81fd84b2ad56c4a065fede00be8b56e40c56760296cd21
502,139,c4047b78601928383e81fd84b2ad56c4a065fede00be8b56e40c56760296cd21
503,139,c4047b78601928383e81fd84b2ad56c4a065fede00be8b56e40c56760296cd21
504,139,c4047b78601928383e81fd84b2ad56c4a065fede00be8b56e40c56760296cd21
505,139,c4047b78601928383e81fd84b2ad56c4a065fede00be8b56e40c56760296cd21
506,139,c4047b78601928383e81fd84b2ad56c4a065fede00be8b56e40c56760296cd21
507,139,c4047b78601928383e81fd84b2ad56c4a065fede00be8b56e40c56760296cd21
508,139,c4047b78601928383e81fd84b2ad56c4a065fede00be8b56e40c56760296cd21
509,139,c4047b78601928383e81fd84b2ad56c4a065fede00be8b56e40c56760296cd21
510,139,c4047b78601928383e81fd84b2ad56c4a065fede00be8b56e40c56760296cd21
511,139,c4047b78601928383e81fd84b2ad56c4a065fede00be8b56e40c56760296cd21
512,139,c4047b78601928383e81fd84b2ad56c4a065fede00be8b56e40c56760296cd21
513,139,c4047b78601928383e81fd84b2ad56c4a065fede00be8b56e40c56760296cd21
514,139,c4047b78601928383e81fd84b2ad56c4a065fede00be8b56e40c56760296cd21
515,139,c4047b78601928383e81fd84b2ad56c4a065fede00be8b56e40c56760296cd21
516,139,c4047b78601928383e81fd84b2ad56c4a065fede00be8b56e40c56760296cd21
517,139,c4047b78601928383e81fd84b2ad56c4a065fede00be8b56e40c56760296cd21
518,139,c4047b78601928383e81fd84b2ad56c4a065fede00be8b56e40c56760296cd21
519,139,c4047b78601928383e81fd84b2ad56c4a065fede00be8b56e40c56760296cd21
520,139,c4047b78601928383e81fd84b2ad56c4a065fede00be8b56e40c56760296cd21
521,139,c4047b78601928383e81fd84b2ad56c4a065fede00be8b56e40c56760296cd21
522,139,c4047b78601928383e81fd84b2ad56c4a065fede00be8b56e40c56760296cd21
523,139,c4047b78601928383e81fd84b2ad56c4a065fede00be8b56e40c56760296cd21
532,139,c4047b78601928383e81fd84b2ad56c4a065fede00be8b56e40c56760296cd21
244,140,c4047b78601928383e81fd84b2ad56c4a065fede00be8b56e40c56760296cd21
415,140,c4047b78601928383e81fd84b2ad56c4a065fede00be8b56e40c56760296cd21
502,140,c4047b78601928383e81fd84b2ad56c4a065fede00be8b56e40c56760296cd21
503,140,c4047b78601928383e81fd84b2ad56c4a065fede00be8b56e40c56760296cd21
504,140,c4047b78601928383e81fd84b2ad56c4a065fede00be8b56e40c56760296cd21
505,140,c4047b78601928383e81fd84b2ad56c4a065fede00be8b56e40c56760296cd21
506,140,c4047b78601928383e81fd84b2ad56c4a065fede00be8b56e40c56760296cd21
507,140,c4047b78601928383e81fd84b2ad56c4a065fede00be8b56e40c56760296cd21
508,140,c4047b78601928383e81fd84b2ad56c4a065fede00be8b56e40c56760296cd21
509,140,c4047b78601928383e81fd84b2ad56c4a065fede00be8b56e40c56760296cd21
510,140,c4047b78601928383e81fd84b2ad56c4a065fede00be8b56e40c56760296cd21
511,140,c4047b78601928383e81fd84b2ad56c4a065fede00be8b56e40c56760296cd21
512,140,c4047b78601928383e81fd84b2ad56c4a065fede00be8b56e40c56760296cd21
513,140,c4047b78601928383e81fd84b2ad56c4a065fede00be8b56e40c56760296cd21
514,140,c4047b78601928383e81fd84b2ad56c4a065fede00be8b56e40c56760296cd21
515,140,c4047b78601928383e81fd84b2ad56c4a065fede00be8b56e40c56760296cd21
516,140,c4047b78601928383e81fd84b2ad56c4a065fede00be8b56e40c56760296cd21
517,140,c4047b78601928383e81fd84b2ad56c4a065fede00be8b56e40c56760296cd21
518,140,c4047b78601928383e81fd84b2ad56c4a065fede00be8b56e40c56760296cd21
519,140,c4047b78601928383e81fd84b2ad56c4a065fede00be8b56e40c56760296cd21
520,140,c4047b78601928383e81fd84b2ad56c4a065fede00be8b56e40c56760296cd21
521,140,c4047b78601928383e81fd84b2ad56c4a065fede00be8b56e40c56760296cd21
522,140,c4047b78601928383e81fd84b2ad56c4a065fede00be8b56e40c56760296cd21
523,140,c4047b78601928383e81fd84b2ad56c4a065fede00be8b56e40c56760296cd21
532,140,c4047b78601928383e81fd84b2ad56c4a065fede00be8b56e40c56760296cd21
244,141,c4047b78601928383e81fd84b2ad56c4a065fede00be8b56e40c56760296cd21
415,141,c4047b78601928383e81fd84b2ad56c4a065fede00be8b56e40c56760296cd21
416,141,c4047b78601928383e81fd84b2ad56c4a065fede00be8b56e40c56760296cd21
417,141,c4047b78601928383e81fd84b2ad56c4a065fede00be8b56e40c56760296cd21
418,141,c4047b78601928383e81fd84b2ad56c4a065fede00be8b56e40c56760296cd21
419,141,c4047b78601928383e81fd84b2ad56c4a065fede00be8b56e40c56760296cd21
420,141,c4047b78601928383e81fd84b2ad56c4a065fede00be8b56e40c56760296cd21
421,141,c4047b78601928383e81fd84b2ad56c4a065fede00be8b56e40c56760296cd21
422,141,c4047b78601928383e81fd84b2ad56c4a065fede00be8b56e40c56760296cd21
423,141,c4047b78601928383e81fd84b2ad56c4a065fede00be8b56e40c56760296cd21
424,141,c4047b78601928383e81fd84b2ad56c4a065fede00be8b56e40c56760296cd21
425,141,c4047b78601928383e81fd84b2ad56c4a065fede00be8b56e40c56760296cd21
426,141,c4047b78601928383e81fd84b2ad56c4a065fede00be8b56e40c56760296cd21
427,141,c4047b78601928383e81fd84b2ad56c4a065fede00be8b56e40c56760296cd21
428,141,c4047b78601928383e81fd84b2ad56c4a065fede00be8b56e40c56760296cd21
429,141,c4047b78601928383e81fd84b2ad56c4a065fede00be8b56e40c56760296cd21
430,141,c4047b78601928383e81fd84b2ad56c4a065fede00be8b56e40c56760296cd21
431,141,c4047b78601928383e81fd84b2ad56c4a065fede00be8b56e40c56760296cd21
432,141,c4047b78601928383e81fd84b2ad56c4a065fede00be8b56e40c56760296cd21
433,141,c4047b78601928383e81fd84b2ad56c4a065fede00be8b56e40c56760296cd21
434,141,c4047b78601928383e81fd84b2ad56c4a065fede00be8b56e40c56760296cd21
435,141,c4047b78601928383e81fd84b2ad56c4a065fede00be8b56e40c56760296cd21
436,141,c4047b78601928383e81fd84b2ad56c4a065fede00be8b56e40c56760296cd21
437,141,c4047b78601928383e81fd84b2ad56c4a065fede00be8b56e40c56760296cd21
438,141,c4047b78601928383e81fd84b2ad56c4a065fede00be8b56e40c56760296cd21
439,141,c4047b78601928383e81fd84b2ad56c4a065fede00be8b56e40c56760296cd21
440,141,c4047b78601928383e81fd84b2ad56c4a065fede00be8b56e40c56760296cd21
441,141,c4047b78601928383e81fd84b2ad56c4a065fede00be8b56e40c56760296cd21
442,141,c4047b78601928383e81fd84b2ad56c4a065fede00be8b56e40c56760296cd21
443,141,c4047b78601928383e81fd84b2ad56c4a065fede00be8b56e40c56760296cd21
444,141,c4047b78601928383e81fd84b2ad56c4a065fede00be8b56e40c56760296cd21
445,141,c4047b78601928383e81fd84b2ad56c4a065fede00be8b56e40c56760296cd21
446,141,c4047b78601928383e81fd84b2ad56c4a065fede00be8b56e40c56760296cd21
447,141,c4047b78601928383e81fd84b2ad56c4a065fede00be8b56e40c56760296cd21
448,141,c4047b78601928383e81fd84b2ad56c4a065fede00be8b56e40c56760296cd21
449,141,c4047b78601928383e81fd84b2ad56c4a065fede00be8b56e40c56760296cd21
450,141,c4047b78601928383e81fd84b2ad56c4a065fede00be8b56e40c56760296cd21
451,141,c4047b78601928383e81fd84b2ad56c4a065fede00be8b56e40c56760296cd21
452,141,c4047b78601928383e81fd84b2ad56c4a065fede00be8b56e40c56760296cd21
453,141,c4047b78601928383e81fd84b2ad56c4a065fede00be8b56e40c56760296cd21
454,141,c4047b78601928383e81fd84b2ad56c4a065fede00be8b56e40c56760296cd21
455,141,c4047b78601928383e81fd84b2ad56c4a065fede00be8b56e40c56760296cd21
456,141,c4047b78601928383e81fd84b2ad56c4a065fede00be8b56e40c56760296cd21
457,141,c4047b78601928383e81fd84b2ad56c4a065fede00be8b56e40c56760296cd21
458,141,c4047b78601928383e81fd84b2ad56c4a065fede00be8b56e40c56760296cd21
459,141,c4047b78601928383e81fd84b2ad56c4a065fede00be8b56e40c56760296cd21
460,141,c4047b78601928383e81fd84b2ad56c4a065fede00be8b56e40c56760296cd21
461,141,c4047b78601928383e81fd84b2ad56c4a065fede00be8b56e40c56760296cd21
462,141,c4047b78601928383e81fd84b2ad56c4a065fede00be8b56e40c56760296cd21
463,141,c4047b78601928383e81fd84b2ad56c4a065fede00be8b56e40c56760296cd21
464,141,c4047b78601928383e81fd84b2ad56c4a065fede00be8b56e40c56760296cd21
465,141,c4047b78601928383e81fd84b2ad56c4a065fede00be8b56e40c56760296cd21
466,141,c4047b78601928383e81fd84b2ad56c4a065fede00be8b56e40c56760296cd21
467,141,c4047b78601928383e81fd84b2ad56c4a065fede00be8b56e40c56760296cd21
468,141,c4047b78601928383e81fd84b2ad56c4a065fede00be8b56e40c56760296cd21
469,141,c4047b78601928383e81fd84b2ad56c4a065fede00be8b56e40c56760296cd21
470,141,c4047b78601928383e81fd84b2ad56c4a065fede00be8b56e40c56760296cd21
471,141,c4047b78601928383e81fd84b2ad56c4a065fede00be8b56e40c56760296cd21
472,141,c4047b78601928383e81fd84b2ad56c4a065fede00be8b56e40c56760296cd21
473,141,c4047b78601928383e81fd84b2ad56c4a065fede00be8b56e40c56760296cd21
474,141,c4047b78601928383e81fd84b2ad56c4a065fede00be8b56e40c56760296cd21
475,141,c4047b78601928383e81fd84b2ad56c4a065fede00be8b56e40c56760296cd21
476,141,c4047b78601928383e81fd84b2ad56c4a065fede00be8b56e40c56760296cd21
477,141,c4047b78601928383e81fd84b2ad56c4a065fede00be8b56e40c56760296cd21
478,141,c4047b78601928383e81fd84b2ad56c4a065fede00be8b56e40c56760296cd21
479,141,c4047b78601928383e81fd84b2ad56c4a065fede00be8b56e40c56760296cd21
480,141,c4047b78601928383e81fd84b2ad56c4a065fede00be8b56e40c56760296cd21
481,141,c4047b78601928383e81fd84b2ad56c4a065fede00be8b56e40c56760296cd21
482,141,c4047b78601928383e81fd84b2ad56c4a065fede00be8b56e40c56760296cd21
483,141,c4047b78601928383e81fd84b2ad56c4a065fede00be8b56e40c56760296cd21
484,141,c4047b78601928383e81fd84b2ad56c4a065fede00be8b56e40c56760296cd21
485,141,c4047b78601928383e81fd84b2ad56c4a065fede00be8b56e40c56760296cd21
486,141,c4047b78601928383e81fd84b2ad56c4a065fede00be8b56e40c56760296cd21
487,141,c4047b78601928383e81fd84b2ad56c4a065fede00be8b56e40c56760296cd21
488,141,c4047b78601928383e81fd84b2ad56c4a065fede00be8b56e40c56760296cd21
489,141,c4047b78601928383e81fd84b2ad56c4a065fede00be8b56e40c56760296cd21
490,141,c4047b78601928383e81fd84b2ad56c4a065fede00be8b56e40c56760296cd21
491,141,c4047b78601928383e81fd84b2ad56c4a065fede00be8b56e40c56760296cd21
492,141,c4047b78601928383e81fd84b2ad56c4a065fede00be8b56e40c56760296cd21
493,141,c4047b78601928383e81fd84b2ad56c4a065fede00be8b56e40c56760296cd21
494,141,c4047b78601928383e81fd84b2ad56c4a065fede00be8b56e40c56760296cd21
495,141,c4047b78601928383e81fd84b2ad56c4a065fede00be8b56e40c56760296cd21
496,141,c4047b78601928383e81fd84b2ad56c4a065fede00be8b56e40c56760296cd21
497,141,c4047b78601928383e81fd84b2ad56c4a065fede00be8b56e40c56760296cd21
498,141,c4047b78601928383e81fd84b2ad56c4a065fede00be8b56e40c56760296cd21
499,141,c4047b78601928383e81fd84b2ad56c4a065fede00be8b56e40c56760296cd21
500,141,c4047b78601928383e81fd84b2ad56c4a065fede00be8b56e40c56760296cd21
501,141,c4047b78601928383e81fd84b2ad56c4a065fede00be8b56e40c56760296cd21
502,141,c4047b78601928383e81fd84b2ad56c4a065fede00be8b56e40c56760296cd21
503,141,c4047b78601928383e81fd84b2ad56c4a065fede00be8b56e40c56760296cd21
504,141,c4047b78601928383e81fd84b2ad56c4a065fede00be8b56e40c56760296cd21
505,141,c4047b78601928383e81fd84b2ad56c4a065fede00be8b56e40c56760296cd21
506,141,c4047b78601928383e81fd84b2ad56c4a065fede00be8b56e40c56760296cd21
507,141,c4047b78601928383e81fd84b2ad56c4a065fede00be8b56e40c56760296cd21
508,141,c4047b78601928383e81fd84b2ad56c4a065fede00be8b56e40c56760296cd21
509,141,c4047b78601928383e81fd84b2ad56c4a065fede00be8b56e40c56760296cd21
510,141,c4047b78601928383e81fd84b2ad56c4a065fede00be8b56e40c56760296cd21
511,141,c4047b78601928383e81fd84b2ad56c4a065fede00be8b56e40c56760296cd21
512,141,c4047b78601928383e81fd84b2ad56c4a065fede00be8b56e40c56760296cd21
513,141,c4047b78601928383e81fd84b2ad56c4a065fede00be8b56e40c56760296cd21
514,141,c4047b78601928383e81fd84b2ad56c4a065fede00be8b56e40c56760296cd21
515,141,c4047b78601928383e81fd84b2ad56c4a065fede00be8b56e40c56760296cd21
516,141,c4047b78601928383e81fd84b2ad56c4a065fede00be8b56e40c56760296cd21
517,141,c4047b78601928383e81fd84b2ad56c4a065fede00be8b56e40c56760296cd21
518,141,c4047b78601928383e81fd84b2ad56c4a065fede00be8b56e40c56760296cd21
519,141,c4047b78601928383e81fd84b2ad56c4a065fede00be8b56e40c56760296cd21
520,141,c4047b78601928383e81fd84b2ad56c4a065fede00be8b56e40c56760296cd21
521,141,c4047b78601928383e81fd84b2ad56c4a065fede00be8b56e40c56760296cd21
522,141,c4047b78601928383e81fd84b2ad56c4a065fede00be8b56e40c56760296cd21
523,141,c4047b78601928383e81fd84b2ad56c4a065fede00be8b56e40c56760296cd21
532,141,c4047b78601928383e81fd84b2ad56c4a065fede00be8b56e40c56760296cd21
244,142,c4047b78601928383e81fd84b2ad56c4a065fede00be8b56e40c56760296cd21
415,142,c4047b78601928383e81fd84b2ad56c4a065fede00be8b56e40c56760296cd21
416,142,c4047b78601928383e81fd84b2ad56c4a065fede00be8b56e40c56760296cd21
417,142,c4047b78601928383e81fd84b2ad56c4a065fede00be8b56e40c56760296cd21
418,142,c4047b78601928383e81fd84b2ad56c4a065fede00be8b56e40c56760296cd21
419,142,c4047b78601928383e81fd84b2ad56c4a065fede00be8b56e40c56760296cd21
420,142,c4047b78601928383e81fd84b2ad56c4a065fede00be8b56e40c56760296cd21
421,142,c4047b78601928383e81fd84b2ad56c4a065fede00be8b56e40c56760296cd21
422,142,c4047b78601928383e81fd84b2ad56c4a065fede00be8b56e40c56760296cd21
423,142,c4047b78601928383e81fd84b2ad56c4a065fede00be8b56e40c56760296cd21
424,142,c4047b78601928383e81fd84b2ad56c4a065fede00be8b56e40c56760296cd21
425,142,c4047b78601928383e81fd84b2ad56c4a065fede00be8b56e40c56760296cd21
426,142,c4047b78601928383e81fd84b2ad56c4a065fede00be8b56e40c56760296cd21
427,142,c4047b78601928383e81fd84b2ad56c4a065fede00be8b56e40c56760296cd21
428,142,c4047b78601928383e81fd84b2ad56c4a065fede00be8b56e40c56760296cd21
429,142,c4047b78601928383e81fd84b2ad56c4a065fede00be8b56e40c56760296cd21
430,142,c4047b78601928383e81fd84b2ad56c4a065fede00be8b56e40c56760296cd21
431,142,c4047b78601928383e81fd84b2ad56c4a065fede00be8b56e40c56760296cd21
432,142,c4047b78601928383e81fd84b2ad56c4a065fede00be8b56e40c56760296cd21
433,142,c4047b78601928383e81fd84b2ad56c4a065fede00be8b56e40c56760296cd21
434,142,c4047b78601928383e81fd84b2ad56c4a065fede00be8b56e40c56760296cd21
435,142,c4047b78601928383e81fd84b2ad56c4a065fede00be8b56e40c56760296cd21
436,142,c4047b78601928383e81fd84b2ad56c4a065fede00be8b56e40c56760296cd21
437,142,c4047b78601928383e81fd84b2ad56c4a065fede00be8b56e40c56760296cd21
438,142,c4047b78601928383e81fd84b2ad56c4a065fede00be8b56e40c56760296cd21
439,142,c4047b78601928383e81fd84b2ad56c4a065fede00be8b56e40c56760296cd21
440,142,c4047b78601928383e81fd84b2ad56c4a065fede00be8b56e40c56760296cd21
441,142,c4047b78601928383e81fd84b2ad56c4a065fede00be8b56e40c56760296cd21
442,142,c4047b78601928383e81fd84b2ad56c4a065fede00be8b56e40c56760296cd21
443,142,c4047b78601928383e81fd84b2ad56c4a065fede00be8b56e40c56760296cd21
444,142,c4047b78601928383e81fd84b2ad56c4a065fede00be8b56e40c56760296cd21
445,142,c4047b78601928383e81fd84b2ad56c4a065fede00be8b56e40c56760296cd21
446,142,c4047b78601928383e81fd84b2ad56c4a065fede00be8b56e40c56760296cd21
447,142,c4047b78601928383e81fd84b2ad56c4a065fede00be8b56e40c56760296cd21
448,142,c4047b78601928383e81fd84b2ad56c4a065fede00be8b56e40c56760296cd21
449,142,c4047b78601928383e81fd84b2ad56c4a065fede00be8b56e40c56760296cd21
450,142,c4047b78601928383e81fd84b2ad56c4a065fede00be8b56e40c56760296cd21
451,142,c4047b78601928383e81fd84b2ad56c4a065fede00be8b56e40c56760296cd21
452,142,c4047b78601928383e81fd84b2ad56c4a065fede00be8b56e40c56760296cd21
453,142,c4047b78601928383e81fd84b2ad56c4a065fede00be8b56e40c56760296cd21
454,142,c4047b78601928383e81fd84b2ad56c4a065fede00be8b56e40c56760296cd21
455,142,c4047b78601928383e81fd84b2ad56c4a065fede00be8b56e40c56760296cd21
456,142,c4047b78601928383e81fd84b2ad56c4a065fede00be8b56e40c56760296cd21
457,142,c4047b78601928383e81fd84b2ad56c4a065fede00be8b56e40c56760296cd21
458,142,c4047b78601928383e81fd84b2ad56c4a065fede00be8b56e40c56760296cd21
459,142,c4047b78601928383e81fd84b2ad56c4a065fede00be8b56e40c56760296cd21
460,142,c4047b78601928383e81fd84b2ad56c4a065fede00be8b56e40c56760296cd21
461,142,c4047b78601928383e81fd84b2ad56c4a065fede00be8b56e40c56760296cd21
462,142,c4047b78601928383e81fd84b2ad56c4a065fede00be8b56e40c56760296cd21
463,142,c4047b78601928383e81fd84b2ad56c4a065fede00be8b56e40c56760296cd21
464,142,c4047b78601928383e81fd84b2ad56c4a065fede00be8b56e40c56760296cd21
465,142,c4047b78601928383e81fd84b2ad56c4a065fede00be8b56e40c56760296cd21
466,142,c4047b78601928383e81fd84b2ad56c4a065fede00be8b56e40c56760296cd21
467,142,c4047b78601928383e81fd84b2ad56c4a065fede00be8b56e40c56760296cd21
468,142,c4047b78601928383e81fd84b2ad56c4a065fede00be8b56e40c56760296cd21
469,142,c4047b78601928383e81fd84b2ad56c4a065fede00be8b56e40c56760296cd21
470,142,c4047b78601928383e81fd84b2ad56c4a065fede00be8b56e40c56760296cd21
471,142,c4047b78601928383e81fd84b2ad56c4a065fede00be8b56e40c56760296cd21
472,142,c4047b78601928383e81fd84b2ad56c4a065fede00be8b56e40c56760296cd21
473,142,c4047b78601928383e81fd84b2ad56c4a065fede00be8b56e40c56760296cd21
474,142,c4047b78601928383e81fd84b2ad56c4a065fede00be8b56e40c56760296cd21
475,142,c4047b78601928383e81fd84b2ad56c4a065fede00be8b56e40c56760296cd21
476,142,c4047b78601928383e81fd84b2ad56c4a065fede00be8b56e40c56760296cd21
477,142,c4047b78601928383e81fd84b2ad56c4a065fede00be8b56e40c56760296cd21
478,142,c4047b78601928383e81fd84b2ad56c4a065fede00be8b56e40c56760296cd21
479,142,c4047b78601928383e81fd84b2ad56c4a065fede00be8b56e40c56760296cd21
480,142,c4047b78601928383e81fd84b2ad56c4a065fede00be8b56e40c56760296cd21
481,142,c4047b78601928383e81fd84b2ad56c4a065fede00be8b56e40c56760296cd21
482,142,c4047b78601928383e81fd84b2ad56c4a065fede00be8b56e40c56760296cd21
483,142,c4047b78601928383e81fd84b2ad56c4a065fede00be8b56e40c56760296cd21
484,142,c4047b78601928383e81fd84b2ad56c4a065fede00be8b56e40c56760296cd21
485,142,c4047b78601928383e81fd84b2ad56c4a065fede00be8b56e40c56760296cd21
486,142,c4047b78601928383e81fd84b2ad56c4a065fede00be8b56e40c56760296cd21
487,142,c4047b78601928383e81fd84b2ad56c4a065fede00be8b56e40c56760296cd21
488,142,c4047b78601928383e81fd84b2ad56c4a065fede00be8b56e40c56760296cd21
489,142,c4047b78601928383e81fd84b2ad56c4a065fede00be8b56e40c56760296cd21
490,142,c4047b78601928383e81fd84b2ad56c4a065fede00be8b56e40c56760296cd21
491,142,c4047b78601928383e81fd84b2ad56c4a065fede00be8b56e40c56760296cd21
492,142,c4047b78601928383e81fd84b2ad56c4a065fede00be8b56e40c56760296cd21
493,142,c4047b78601928383e81fd84b2ad56c4a065fede00be8b56e40c56760296cd21
494,142,c4047b78601928383e81fd84b2ad56c4a065fede00be8b56e40c56760296cd21
495,142,c4047b78601928383e81fd84b2ad56c4a065fede00be8b56e40c56760296cd21
496,142,c4047b78601928383e81fd84b2ad56c4a065fede00be8b56e40c56760296cd21
497,142,c4047b78601928383e81fd84b2ad56c4a065fede00be8b56e40c56760296cd21
498,142,c4047b78601928383e81fd84b2ad56c4a065fede00be8b56e40c56760296cd21
499,142,c4047b78601928383e81fd84b2ad56c4a065fede00be8b56e40c56760296cd21
500,142,c4047b78601928383e81fd84b2ad56c4a065fede00be8b56e40c56760296cd21
501,142,c4047b78601928383e81fd84b2ad56c4a065fede00be8b56e40c56760296cd21
502,142,c4047b78601928383e81fd84b2ad56c4a065fede00be8b56e40c56760296cd21
503,142,c4047b78601928383e81fd84b2ad56c4a065fede00be8b56e40c56760296cd21
504,142,c4047b78601928383e81fd84b2ad56c4a065fede00be8b56e40c56760296cd21
505,142,c4047b78601928383e81fd84b2ad56c4a065fede00be8b56e40c56760296cd21
506,142,c4047b78601928383e81fd84b2ad56c4a065fede00be8b56e40c56760296cd21
507,142,c4047b78601928383e81fd84b2ad56c4a065fede00be8b56e40c56760296cd21
508,142,c4047b78601928383e81fd84b2ad56c4a065fede00be8b56e40c56760296cd21
509,142,c4047b78601928383e81fd84b2ad56c4a065fede00be8b56e40c56760296cd21
510,142,c4047b78601928383e81fd84b2ad56c4a065fede00be8b56e40c56760296cd21
511,142,c4047b78601928383e81fd84b2ad56c4a065fede00be8b56e40c56760296cd21
512,142,c4047b78601928383e81fd84b2ad56c4a065fede00be8b56e40c56760296cd21
513,142,c4047b78601928383e81fd84b2ad56c4a065fede00be8b56e40c56760296cd21
514,142,c4047b78601928383e81fd84b2ad56c4a065fede00be8b56e40c56760296cd21
515,142,c4047b78601928383e81fd84b2ad56c4a065fede00be8b56e40c56760296cd21
516,142,c4047b78601928383e81fd84b2ad56c4a065fede00be8b56e40c56760296cd21
517,142,c4047b78601928383e81fd84b2ad56c4a065fede00be8b56e40c56760296cd21
518,142,c4047b78601928383e81fd84b2ad56c4a065fede00be8b56e40c56760296cd21
519,142,c4047b78601928383e81fd84b2ad56c4a065fede00be8b56e40c56760296cd21
520,142,c4047b78601928383e81fd84b2ad56c4a065fede00be8b56e40c56760296cd21
521,142,c4047b78601928383e81fd84b2ad56c4a065fede00be8b56e40c56760296cd21
522,142,c4047b78601928383e81fd84b2ad56c4a065fede00be8b56e40c56760296cd21
523,142,c4047b78601928383e81fd84b2ad56c4a065fede00be8b56e40c56760296cd21
532,142,c4047b78601928383e81fd84b2ad56c4a065fede00be8b56e40c56760296cd21
244,143,c4047b78601928383e81fd84b2ad56c4a065fede00be8b56e40c56760296cd21
415,143,c4047b78601928383e81fd84b2ad56c4a065fede00be8b56e40c56760296cd21
416,143,c4047b78601928383e81fd84b2ad56c4a065fede00be8b56e40c56760296cd21
417,143,c4047b78601928383e81fd84b2ad56c4a065fede00be8b56e40c56760296cd21
418,143,c4047b78601928383e81fd84b2ad56c4a065fede00be8b56e40c56760296cd21
419,143,c4047b78601928383e81fd84b2ad56c4a065fede00be8b56e40c56760296cd21
420,143,c4047b78601928383e81fd84b2ad56c4a065fede00be8b56e40c56760296cd21
421,143,c4047b78601928383e81fd84b2ad56c4a065fede00be8b56e40c56760296cd21
422,143,c4047b78601928383e81fd84b2ad56c4a065fede00be8b56e40c56760296cd21
423,143,c4047b78601928383e81fd84b2ad56c4a065fede00be8b56e40c56760296cd21
424,143,c4047b78601928383e81fd84b2ad56c4a065fede00be8b56e40c56760296cd21
425,143,c4047b78601928383e81fd84b2ad56c4a065fede00be8b56e40c56760296cd21
426,143,c4047b78601928383e81fd84b2ad56c4a065fede00be8b56e40c56760296cd21
427,143,c4047b78601928383e81fd84b2ad56c4a065fede00be8b56e40c56760296cd21
428,143,c4047b78601928383e81fd84b2ad56c4a065fede00be8b56e40c56760296cd21
429,143,c4047b78601928383e81fd84b2ad56c4a065fede00be8b56e40c56760296cd21
430,143,c4047b78601928383e81fd84b2ad56c4a065fede00be8b56e40c56760296cd21
431,143,c4047b78601928383e81fd84b2ad56c4a065fede00be8b56e40c56760296cd21
432,143,c4047b78601928383e81fd84b2ad56c4a065fede00be8b56e40c56760296cd21
433,143,c4047b78601928383e81fd84b2ad56c4a065fede00be8b56e40c56760296cd21
434,143,c4047b78601928383e81fd84b2ad56c4a065fede00be8b56e40c56760296cd21
435,143,c4047b78601928383e81fd84b2ad56c4a065fede00be8b56e40c56760296cd21
436,143,c4047b78601928383e81fd84b2ad56c4a065fede00be8b56e40c56760296cd21
437,143,c4047b78601928383e81fd84b2ad56c4a065fede00be8b56e40c56760296cd21
438,143,c4047b78601928383e81fd84b2ad56c4a065fede00be8b56e40c56760296cd21
439,143,c4047b78601928383e81fd84b2ad56c4a065fede00be8b56e40c56760296cd21
440,143,c4047b78601928383e81fd84b2ad56c4a065fede00be8b56e40c56760296cd21
441,143,c4047b78601928383e81fd84b2ad56c4a065fede00be8b56e40c56760296cd21
442,143,c4047b78601928383e81fd84b2ad56c4a065fede00be8b56e40c56760296cd21
443,143,c4047b78601928383e81fd84b2ad56c4a065fede00be8b56e40c56760296cd21
444,143,c4047b78601928383e81fd84b2ad56c4a065fede00be8b56e40c56760296cd21
445,143,c4047b78601928383e81fd84b2ad56c4a065fede00be8b56e40c56760296cd21
446,143,c4047b78601928383e81fd84b2ad56c4a065fede00be8b56e40c56760296cd21
447,143,c4047b78601928383e81fd84b2ad56c4a065fede00be8b56e40c56760296cd21
448,143,c4047b78601928383e81fd84b2ad56c4a065fede00be8b56e40c56760296cd21
449,143,c4047b78601928383e81fd84b2ad56c4a065fede00be8b56e40c56760296cd21
450,143,c4047b78601928383e81fd84b2ad56c4a065fede00be8b56e40c56760296cd21
451,143,c4047b78601928383e81fd84b2ad56c4a065fede00be8b56e40c56760296cd21
452,143,c4047b78601928383e81fd84b2ad56c4a065fede00be8b56e40c56760296cd21
453,143,c4047b78601928383e81fd84b2ad56c4a065fede00be8b56e40c56760296cd21
454,143,c4047b78601928383e81fd84b2ad56c4a065fede00be8b56e40c56760296cd21
455,143,c4047b78601928383e81fd84b2ad56c4a065fede00be8b56e40c56760296cd21
456,143,c4047b78601928383e81fd84b2ad56c4a065fede00be8b56e40c56760296cd21
457,143,c4047b78601928383e81fd84b2ad56c4a065fede00be8b56e40c56760296cd21
458,143,c4047b78601928383e81fd84b2ad56c4a065fede00be8b56e40c56760296cd21
459,143,c4047b78601928383e81fd84b2ad56c4a065fede00be8b56e40c56760296cd21
460,143,c4047b78601928383e81fd84b2ad56c4a065fede00be8b56e40c56760296cd21
461,143,c4047b78601928383e81fd84b2ad56c4a065fede00be8b56e40c56760296cd21
462,143,c4047b78601928383e81fd84b2ad56c4a065fede00be8b56e40c56760296cd21
463,143,c4047b78601928383e81fd84b2ad56c4a065fede00be8b56e40c56760296cd21
464,143,c4047b78601928383e81fd84b2ad56c4a065fede00be8b56e40c56760296cd21
465,143,c4047b78601928383e81fd84b2ad56c4a065fede00be8b56e40c56760296cd21
466,143,c4047b78601928383e81fd84b2ad56c4a065fede00be8b56e40c56760296cd21
467,143,c4047b78601928383e81fd84b2ad56c4a065fede00be8b56e40c56760296cd21
468,143,c4047b78601928383e81fd84b2ad56c4a065fede00be8b56e40c56760296cd21
469,143,c4047b78601928383e81fd84b2ad56c4a065fede00be8b56e40c56760296cd21
470,143,c4047b78601928383e81fd84b2ad56c4a065fede00be8b56e40c56760296cd21
471,143,c4047b78601928383e81fd84b2ad56c4a065fede00be8b56e40c56760296cd21
472,143,c4047b78601928383e81fd84b2ad56c4a065fede00be8b56e40c56760296cd21
473,143,c4047b78601928383e81fd84b2ad56c4a065fede00be8b56e40c56760296cd21
474,143,c4047b78601928383e81fd84b2ad56c4a065fede00be8b56e40c56760296cd21
475,143,c4047b78601928383e81fd84b2ad56c4a065fede00be8b56e40c56760296cd21
476,143,c4047b78601928383e81fd84b2ad56c4a065fede00be8b56e40c56760296cd21
477,143,c4047b78601928383e81fd84b2ad56c4a065fede00be8b56e40c56760296cd21
478,143,c4047b78601928383e81fd84b2ad56c4a065fede00be8b56e40c56760296cd21
479,143,c4047b78601928383e81fd84b2ad56c4a065fede00be8b56e40c56760296cd21
480,143,c4047b78601928383e81fd84b2ad56c4a065fede00be8b56e40c56760296cd21
481,143,c4047b78601928383e81fd84b2ad56c4a065fede00be8b56e40c56760296cd21
482,143,c4047b78601928383e81fd84b2ad56c4a065fede00be8b56e40c56760296cd21
483,143,c4047b78601928383e81fd84b2ad56c4a065fede00be8b56e40c56760296cd21
484,143,c4047b78601928383e81fd84b2ad56c4a065fede00be8b56e40c56760296cd21
485,143,c4047b78601928383e81fd84b2ad56c4a065fede00be8b56e40c56760296cd21
486,143,c4047b78601928383e81fd84b2ad56c4a065fede00be8b56e40c56760296cd21
487,143,c4047b78601928383e81fd84b2ad56c4a065fede00be8b56e40c56760296cd21
488,143,c4047b78601928383e81fd84b2ad56c4a065fede00be8b56e40c56760296cd21
489,143,c4047b78601928383e81fd84b2ad56c4a065fede00be8b56e40c56760296cd21
490,143,c4047b78601928383e81fd84b2ad56c4a065fede00be8b56e40c56760296cd21
491,143,c4047b78601928383e81fd84b2ad56c4a065fede00be8b56e40c56760296cd21
492,143,c4047b78601928383e81fd84b2ad56c4a065fede00be8b56e40c56760296cd21
493,143,c4047b78601928383e81fd84b2ad56c4a065fede00be8b56e40c56760296cd21
494,143,c4047b78601928383e81fd84b2ad56c4a065fede00be8b56e40c56760296cd21
495,143,c4047b78601928383e81fd84b2ad56c4a065fede00be8b56e40c56760296cd21
496,143,c4047b78601928383e81fd84b2ad56c4a065fede00be8b56e40c56760296cd21
497,143,c4047b78601928383e81fd84b2ad56c4a065fede00be8b56e40c56760296cd21
498,143,c4047b78601928383e81fd84b2ad56c4a065fede00be8b56e40c56760296cd21
499,143,c4047b78601928383e81fd84b2ad56c4a065fede00be8b56e40c56760296cd21
500,143,c4047b78601928383e81fd84b2ad56c4a065fede00be8b56e40c56760296cd21
501,143,c4047b78601928383e81fd84b2ad56c4a065fede00be8b56e40c56760296cd21
502,143,c4047b78601928383e81fd84b2ad56c4a065fede00be8b56e40c56760296cd21
503,143,c4047b78601928383e81fd84b2ad56c4a065fede00be8b56e40c56760296cd21
504,143,c4047b78601928383e81fd84b2ad56c4a065fede00be8b56e40c56760296cd21
505,143,c4047b78601928383e81fd84b2ad56c4a065fede00be8b56e40c56760296cd21
506,143,c4047b78601928383e81fd84b2ad56c4a065fede00be8b56e40c56760296cd21
507,143,c4047b78601928383e81fd84b2ad56c4a065fede00be8b56e40c56760296cd21
508,143,c4047b78601928383e81fd84b2ad56c4a065fede00be8b56e40c56760296cd21
509,143,c4047b78601928383e81fd84b2ad56c4a065fede00be8b56e40c56760296cd21
510,143,c4047b78601928383e81fd84b2ad56c4a065fede00be8b56e40c56760296cd21
511,143,c4047b78601928383e81fd84b2ad56c4a065fede00be8b56e40c56760296cd21
512,143,c4047b78601928383e81fd84b2ad56c4a065fede00be8b56e40c56760296cd21
513,143,c4047b78601928383e81fd84b2ad56c4a065fede00be8b56e40c56760296cd21
514,143,c4047b78601928383e81fd84b2ad56c4a065fede00be8b56e40c56760296cd21
515,143,c4047b78601928383e81fd84b2ad56c4a065fede00be8b56e40c56760296cd21
516,143,c4047b78601928383e81fd84b2ad56c4a065fede00be8b56e40c56760296cd21
517,143,c4047b78601928383e81fd84b2ad56c4a065fede00be8b56e40c56760296cd21
518,143,c4047b78601928383e81fd84b2ad56c4a065fede00be8b56e40c56760296cd21
519,143,c4047b78601928383e81fd84b2ad56c4a065fede00be8b56e40c56760296cd21
520,143,c4047b78601928383e81fd84b2ad56c4a065fede00be8b56e40c56760296cd21
521,143,c4047b78601928383e81fd84b2ad56c4a065fede00be8b56e40c56760296cd21
522,143,c4047b78601928383e81fd84b2ad56c4a065fede00be8b56e40c56760296cd21
523,143,c4047b78601928383e81fd84b2ad56c4a065fede00be8b56e40c56760296cd21
532,143,c4047b78601928383e81fd84b2ad56c4a065fede00be8b56e40c56760296cd21
244,144,c4047b78601928383e81fd84b2ad56c4a065fede00be8b56e40c56760296cd21
415,144,c4047b78601928383e81fd84b2ad56c4a065fede00be8b56e40c56760296cd21
432,144,c4047b78601928383e81fd84b2ad56c4a065fede00be8b56e40c56760296cd21
433,144,c4047b78601928383e81fd84b2ad56c4a065fede00be8b56e40c56760296cd21
434,144,c4047b78601928383e81fd84b2ad56c4a065fede00be8b56e40c56760296cd21
435,144,c4047b78601928383e81fd84b2ad56c4a065fede00be8b56e40c56760296cd21
436,144,c4047b78601928383e81fd84b2ad56c4a065fede00be8b56e40c56760296cd21
437,144,c4047b78601928383e81fd84b2ad56c4a065fede00be8b56e40c56760296cd21
438,144,c4047b78601928383e81fd84b2ad56c4a065fede00be8b56e40c56760296cd21
439,144,c4047b78601928383e81fd84b2ad56c4a065fede00be8b56e40c56760296cd21
440,144,c4047b78601928383e81fd84b2ad56c4a065fede00be8b56e40c56760296cd21
441,144,c4047b78601928383e81fd84b2ad56c4a065fede00be8b56e40c56760296cd21
442,144,c4047b78601928383e81fd84b2ad56c4a065fede00be8b56e40c56760296cd21
443,144,c4047b78601928383e81fd84b2ad56c4a065fede00be8b56e40c56760296cd21
444,144,c4047b78601928383e81fd84b2ad56c4a065fede00be8b56e40c56760296cd21
445,144,c4047b78601928383e81fd84b2ad56c4a065fede00be8b56e40c56760296cd21
446,144,c4047b78601928383e81fd84b2ad56c4a065fede00be8b56e40c56760296cd21
447,144,c4047b78601928383e81fd84b2ad56c4a065fede00be8b56e40c56760296cd21
448,144,c4047b78601928383e81fd84b2ad56c4a065fede00be8b56e40c56760296cd21
449,144,c4047b78601928383e81fd84b2ad56c4a065fede00be8b56e40c56760296cd21
450,144,c4047b78601928383e81fd84b2ad56c4a065fede00be8b56e40c56760296cd21
451,144,c4047b78601928383e81fd84b2ad56c4a065fede00be8b56e40c56760296cd21
452,144,c4047b78601928383e81fd84b2ad56c4a065fede00be8b56e40c56760296cd21
453,144,c4047b78601928383e81fd84b2ad56c4a065fede00be8b56e40c56760296cd21
454,144,c4047b78601928383e81fd84b2ad56c4a065fede00be8b56e40c56760296cd21
455,144,c4047b78601928383e81fd84b2ad56c4a065fede00be8b56e40c56760296cd21
502,144,c4047b78601928383e81fd84b2ad56c4a065fede00be8b56e40c56760296cd21
532,144,c4047b78601928383e81fd84b2ad56c4a065fede00be8b56e40c56760296cd21
244,145,c4047b78601928383e81fd84b2ad56c4a065fede00be8b56e40c56760296cd21
415,145,c4047b78601928383e81fd84b2ad56c4a065fede00be8b56e40c56760296cd21
432,145,c4047b78601928383e81fd84b2ad56c4a065fede00be8b56e40c56760296cd21
433,145,c4047b78601928383e81fd84b2ad56c4a065fede00be8b56e40c56760296cd21
434,145,c4047b78601928383e81fd84b2ad56c4a065fede00be8b56e40c56760296cd21
435,145,c4047b78601928383e81fd84b2ad56c4a065fede00be8b56e40c56760296cd21
436,145,c4047b78601928383e81fd84b2ad56c4a065fede00be8b56e40c56760296cd21
437,145,c4047b78601928383e81fd84b2ad56c4a065fede00be8b56e40c56760296cd21
438,145,c4047b78601928383e81fd84b2ad56c4a065fede00be8b56e40c56760296cd21
439,145,c4047b78601928383e81fd84b2ad56c4a065fede00be8b56e40c56760296cd21
440,145,c4047b78601928383e81fd84b2ad56c4a065fede00be8b56e40c56760296cd21
441,145,c4047b78601928383e81fd84b2ad56c4a065fede00be8b56e40c56760296cd21
442,145,c4047b78601928383e81fd84b2ad56c4a065fede00be8b56e40c56760296cd21
443,145,c4047b78601928383e81fd84b2ad56c4a065fede00be8b56e40c56760296cd21
444,145,c4047b78601928383e81fd84b2ad56c4a065fede00be8b56e40c56760296cd21
445,145,c4047b78601928383e81fd84b2ad56c4a065fede00be8b56e40c56760296cd21
446,145,c4047b78601928383e81fd84b2ad56c4a065fede00be8b56e40c56760296cd21
447,145,c4047b78601928383e81fd84b2ad56c4a065fede00be8b56e40c56760296cd21
448,145,c4047b78601928383e81fd84b2ad56c4a065fede00be8b56e40c56760296cd21
449,145,c4047b78601928383e81fd84b2ad56c4a065fede00be8b56e40c56760296cd21
450,145,c4047b78601928383e81fd84b2ad56c4a065fede00be8b56e40c56760296cd21
451,145,c4047b78601928383e81fd84b2ad56c4a065fede00be8b56e40c56760296cd21
452,145,c4047b78601928383e81fd84b2ad56c4a065fede00be8b56e40c56760296cd21
453,145,c4047b78601928383e81fd84b2ad56c4a065fede00be8b56e40c56760296cd21
454,145,c4047b78601928383e81fd84b2ad56c4a065fede00be8b56e40c56760296cd21
455,145,c4047b78601928383e81fd84b2ad56c4a065fede00be8b56e40c56760296cd21
502,145,c4047b78601928383e81fd84b2ad56c4a065fede00be8b56e40c56760296cd21
532,145,c4047b78601928383e81fd84b2ad56c4a065fede00be8b56e40c56760296cd21
244,146,c4047b78601928383e81fd84b2ad56c4a065fede00be8b56e40c56760296cd21
415,146,c4047b78601928383e81fd84b2ad56c4a065fede00be8b56e40c56760296cd21
432,146,c4047b78601928383e81fd84b2ad56c4a065fede00be8b56e40c56760296cd21
433,146,c4047b78601928383e81fd84b2ad56c4a065fede00be8b56e40c56760296cd21
434,146,c4047b78601928383e81fd84b2ad56c4a065fede00be8b56e40c56760296cd21
435,146,c4047b78601928383e81fd84b2ad56c4a065fede00be8b56e40c56760296cd21
436,146,c4047b78601928383e81fd84b2ad56c4a065fede00be8b56e40c56760296cd21
437,146,c4047b78601928383e81fd84b2ad56c4a065fede00be8b56e40c56760296cd21
438,146,c4047b78601928383e81fd84b2ad56c4a065fede00be8b56e40c56760296cd21
439,146,c4047b78601928383e81fd84b2ad56c4a065fede00be8b56e40c56760296cd21
440,146,c4047b78601928383e81fd84b2ad56c4a065fede00be8b56e40c56760296cd21
441,146,c4047b78601928383e81fd84b2ad56c4a065fede00be8b56e40c56760296cd21
442,146,c4047b78601928383e81fd84b2ad56c4a065fede00be8b56e40c56760296cd21
443,146,c4047b78601928383e81fd84b2ad56c4a065fede00be8b56e40c56760296cd21
444,146,c4047b78601928383e81fd84b2ad56c4a065fede00be8b56e40c56760296cd21
445,146,c4047b78601928383e81fd84b2ad56c4a065fede00be8b56e40c56760296cd21
446,146,c4047b78601928383e81fd84b2ad56c4a065fede00be8b56e40c56760296cd21
447,146,c4047b78601928383e81fd84b2ad56c4a065fede00be8b56e40c56760296cd21
448,146,c4047b78601928383e81fd84b2ad56c4a065fede00be8b56e40c56760296cd21
449,146,c4047b78601928383e81fd84b2ad56c4a065fede00be8b56e40c56760296cd21
450,146,c4047b78601928383e81fd84b2ad56c4a065fede00be8b56e40c56760296cd21
451,146,c4047b78601928383e81fd84b2ad56c4a065fede00be8b56e40c56760296cd21
452,146,c4047b78601928383e81fd84b2ad56c4a065fede00be8b56e40c56760296cd21
453,146,c4047b78601928383e81fd84b2ad56c4a065fede00be8b56e40c56760296cd21
454,146,c4047b78601928383e81fd84b2ad56c4a065fede00be8b56e40c56760296cd21
455,146,c4047b78601928383e81fd84b2ad56c4a065fede00be8b56e40c56760296cd21
502,146,c4047b78601928383e81fd84b2ad56c4a065fede00be8b56e40c56760296cd21
532,146,c4047b78601928383e81fd84b2ad56c4a065fede00be8b56e40c56760296cd21
244,147,c4047b78601928383e81fd84b2ad56c4a065fede00be8b56e40c56760296cd21
415,147,c4047b78601928383e81fd84b2ad56c4a065fede00be8b56e40c56760296cd21
432,147,c4047b78601928383e81fd84b2ad56c4a065fede00be8b56e40c56760296cd21
433,147,c4047b78601928383e81fd84b2ad56c4a065fede00be8b56e40c56760296cd21
434,147,c4047b78601928383e81fd84b2ad56c4a065fede00be8b56e40c56760296cd21
435,147,c4047b78601928383e81fd84b2ad56c4a065fede00be8b56e40c56760296cd21
436,147,c4047b78601928383e81fd84b2ad56c4a065fede00be8b56e40c56760296cd21
437,147,c4047b78601928383e81fd84b2ad56c4a065fede00be8b56e40c56760296cd21
438,147,c4047b78601928383e81fd84b2ad56c4a065fede00be8b56e40c56760296cd21
439,147,c4047b78601928383e81fd84b2ad56c4a065fede00be8b56e40c56760296cd21
440,147,c4047b78601928383e81fd84b2ad56c4a065fede00be8b56e40c56760296cd21
441,147,c4047b78601928383e81fd84b2ad56c4a065fede00be8b56e40c56760296cd21
442,147,c4047b78601928383e81fd84b2ad56c4a065fede00be8b56e40c56760296cd21
443,147,c4047b78601928383e81fd84b2ad56c4a065fede00be8b56e40c56760296cd21
444,147,c4047b78601928383e81fd84b2ad56c4a065fede00be8b56e40c56760296cd21
445,147,c4047b78601928383e81fd84b2ad56c4a065fede00be8b56e40c56760296cd21
446,147,c4047b78601928383e81fd84b2ad56c4a065fede00be8b56e40c56760296cd21
447,147,c4047b78601928383e81fd84b2ad56c4a065fede00be8b56e40c56760296cd21
448,147,c4047b78601928383e81fd84b2ad56c4a065fede00be8b56e40c56760296cd21
449,147,c4047b78601928383e81fd84b2ad56c4a065fede00be8b56e40c56760296cd21
450,147,c4047b78601928383e81fd84b2ad56c4a065fede00be8b56e40c56760296cd21
451,147,c4047b78601928383e81fd84b2ad56c4a065fede00be8b56e40c56760296cd21
452,147,c4047b78601928383e81fd84b2ad56c4a065fede00be8b56e40c56760296cd21
453,147,c4047b78601928383e81fd84b2ad56c4a065fede00be8b56e40c56760296cd21
454,147,c4047b78601928383e81fd84b2ad56c4a065fede00be8b56e40c56760296cd21
455,147,c4047b78601928383e81fd84b2ad56c4a065fede00be8b56e40c56760296cd21
502,147,c4047b78601928383e81fd84b2ad56c4a065fede00be8b56e40c56760296cd21
532,147,c4047b78601928383e81fd84b2ad56c4a065fede00be8b56e40c56760296cd21
244,148,c4047b78601928383e81fd84b2ad56c4a065fede00be8b56e40c56760296cd21
415,148,c4047b78601928383e81fd84b2ad56c4a065fede00be8b56e40c56760296cd21
432,148,c4047b78601928383e81fd84b2ad56c4a065fede00be8b56e40c56760296cd21
433,148,c4047b78601928383e81fd84b2ad56c4a065fede00be8b56e40c56760296cd21
434,148,c4047b78601928383e81fd84b2ad56c4a065fede00be8b56e40c56760296cd21
435,148,c4047b78601928383e81fd84b2ad56c4a065fede00be8b56e40c56760296cd21
436,148,c4047b78601928383e81fd84b2ad56c4a065fede00be8b56e40c56760296cd21
437,148,c4047b78601928383e81fd84b2ad56c4a065fede00be8b56e40c56760296cd21
438,148,c4047b78601928383e81fd84b2ad56c4a065fede00be8b56e40c56760296cd21
439,148,c4047b78601928383e81fd84b2ad56c4a065fede00be8b56e40c56760296cd21
440,148,c4047b78601928383e81fd84b2ad56c4a065fede00be8b56e40c56760296cd21
441,148,c4047b78601928383e81fd84b2ad56c4a065fede00be8b56e40c56760296cd21
442,148,c4047b78601928383e81fd84b2ad56c4a065fede00be8b56e40c56760296cd21
443,148,c4047b78601928383e81fd84b2ad56c4a065fede00be8b56e40c56760296cd21
444,148,c4047b78601928383e81fd84b2ad56c4a065fede00be8b56e40c56760296cd21
445,148,c4047b78601928383e81fd84b2ad56c4a065fede00be8b56e40c56760296cd21
446,148,c4047b78601928383e81fd84b2ad56c4a065fede00be8b56e40c56760296cd21
447,148,c4047b78601928383e81fd84b2ad56c4a065fede00be8b56e40c56760296cd21
448,148,c4047b78601928383e81fd84b2ad56c4a065fede00be8b56e40c56760296cd21
449,148,c4047b78601928383e81fd84b2ad56c4a065fede00be8b56e40c56760296cd21
450,148,c4047b78601928383e81fd84b2ad56c4a065fede00be8b56e40c56760296cd21
451,148,c4047b78601928383e81fd84b2ad56c4a065fede00be8b56e40c56760296cd21
452,148,c4047b78601928383e81fd84b2ad56c4a065fede00be8b56e40c56760296cd21
453,148,c4047b78601928383e81fd84b2ad56c4a065fede00be8b56e40c56760296cd21
454,148,c4047b78601928383e81fd84b2ad56c4a065fede00be8b56e40c56760296cd21
455,148,c4047b78601928383e81fd84b2ad56c4a065fede00be8b56e40c56760296cd21
502,148,c4047b78601928383e81fd84b2ad56c4a065fede00be8b56e40c56760296cd21
532,148,c4047b78601928383e81fd84b2ad56c4a065fede00be8b56e40c56760296cd21
244,149,c4047b78601928383e81fd84b2ad56c4a065fede00be8b56e40c56760296cd21
415,149,c4047b78601928383e81fd84b2ad56c4a065fede00be8b56e40c56760296cd21
432,149,c4047b78601928383e81fd84b2ad56c4a065fede00be8b56e40c56760296cd21
433,149,c4047b78601928383e81fd84b2ad56c4a065fede00be8b56e40c56760296cd21
434,149,c4047b78601928383e81fd84b2ad56c4a065fede00be8b56e40c56760296cd21
435,149,c4047b78601928383e81fd84b2ad56c4a065fede00be8b56e40c56760296cd21
436,149,c4047b78601928383e81fd84b2ad56c4a065fede00be8b56e40c56760296cd21
437,149,c4047b78601928383e81fd84b2ad56c4a065fede00be8b56e40c56760296cd21
438,149,c4047b78601928383e81fd84b2ad56c4a065fede00be8b56e40c56760296cd21
439,149,c4047b78601928383e81fd84b2ad56c4a065fede00be8b56e40c56760296cd21
440,149,c4047b78601928383e81fd84b2ad56c4a065fede00be8b56e40c56760296cd21
441,149,c4047b78601928383e81fd84b2ad56c4a065fede00be8b56e40c56760296cd21
442,149,c4047b78601928383e81fd84b2ad56c4a065fede00be8b56e40c56760296cd21
443,149,c4047b78601928383e81fd84b2ad56c4a065fede00be8b56e40c56760296cd21
444,149,c4047b78601928383e81fd84b2ad56c4a065fede00be8b56e40c56760296cd21
445,149,c4047b78601928383e81fd84b2ad56c4a065fede00be8b56e40c56760296cd21
446,149,c4047b78601928383e81fd84b2ad56c4a065fede00be8b56e40c56760296cd21
447,149,c4047b78601928383e81fd84b2ad56c4a065fede00be8b56e40c56760296cd21
448,149,c4047b78601928383e81fd84b2ad56c4a065fede00be8b56e40c56760296cd21
449,149,c4047b78601928383e81fd84b2ad56c4a065fede00be8b56e40c56760296cd21
450,149,c4047b78601928383e81fd84b2ad56c4a065fede00be8b56e40c56760296cd21
451,149,c4047b78601928383e81fd84b2ad56c4a065fede00be8b56e40c56760296cd21
452,149,c4047b78601928383e81fd84b2ad56c4a065fede00be8b56e40c56760296cd21
453,149,c4047b78601928383e81fd84b2ad56c4a065fede00be8b56e40c56760296cd21
454,149,c4047b78601928383e81fd84b2ad56c4a065fede00be8b56e40c56760296cd21
455,149,c4047b78601928383e81fd84b2ad56c4a065fede00be8b56e40c56760296cd21
502,149,c4047b78601928383e81fd84b2ad56c4a065fede00be8b56e40c56760296cd21
532,149,c4047b78601928383e81fd84b2ad56c4a065fede00be8b56e40c56760296cd21
244,150,c4047b78601928383e81fd84b2ad56c4a065fede00be8b56e40c56760296cd21
415,150,c4047b78601928383e81fd84b2ad56c4a065fede00be8b56e40c56760296cd21
432,150,c4047b78601928383e81fd84b2ad56c4a065fede00be8b56e40c56760296cd21
433,150,c4047b78601928383e81fd84b2ad56c4a065fede00be8b56e40c56760296cd21
434,150,c4047b78601928383e81fd84b2ad56c4a065fede00be8b56e40c56760296cd21
435,150,c4047b78601928383e81fd84b2ad56c4a065fede00be8b56e40c56760296cd21
436,150,c4047b78601928383e81fd84b2ad56c4a065fede00be8b56e40c56760296cd21
437,150,c4047b78601928383e81fd84b2ad56c4a065fede00be8b56e40c56760296cd21
438,150,c4047b78601928383e81fd84b2ad56c4a065fede00be8b56e40c56760296cd21
439,150,c4047b78601928383e81fd84b2ad56c4a065fede00be8b56e40c56760296cd21
440,150,c4047b78601928383e81fd84b2ad56c4a065fede00be8b56e40c56760296cd21
441,150,c4047b78601928383e81fd84b2ad56c4a065fede00be8b56e40c56760296cd21
442,150,c4047b78601928383e81fd84b2ad56c4a065fede00be8b56e40c56760296cd21
443,150,c4047b78601928383e81fd84b2ad56c4a065fede00be8b56e40c56760296cd21
444,150,c4047b78601928383e81fd84b2ad56c4a065fede00be8b56e40c56760296cd21
445,150,c4047b78601928383e81fd84b2ad56c4a065fede00be8b56e40c56760296cd21
446,150,c4047b78601928383e81fd84b2ad56c4a065fede00be8b56e40c56760296cd21
447,150,c4047b78601928383e81fd84b2ad56c4a065fede00be8b56e40c56760296cd21
448,150,c4047b78601928383e81fd84b2ad56c4a065fede00be8b56e40c56760296cd21
449,150,c4047b78601928383e81fd84b2ad56c4a065fede00be8b56e40c56760296cd21
450,150,c4047b78601928383e81fd84b2ad56c4a065fede00be8b56e40c56760296cd21
451,150,c4047b78601928383e81fd84b2ad56c4a065fede00be8b56e40c56760296cd21
452,150,c4047b78601928383e81fd84b2ad56c4a065fede00be8b56e40c56760296cd21
453,150,c4047b78601928383e81fd84b2ad56c4a065fede00be8b56e40c56760296cd21
454,150,c4047b78601928383e81fd84b2ad56c4a065fede00be8b56e40c56760296cd21
455,150,c4047b78601928383e81fd84b2ad56c4a065fede00be8b56e40c56760296cd21
502,150,c4047b78601928383e81fd84b2ad56c4a065fede00be8b56e40c56760296cd21
532,150,c4047b78601928383e81fd84b2ad56c4a065fede00be8b56e40c56760296cd21
244,151,c4047b78601928383e81fd84b2ad56c4a065fede00be8b56e40c56760296cd21
415,151,c4047b78601928383e81fd84b2ad56c4a065fede00be8b56e40c56760296cd21
432,151,c4047b78601928383e81fd84b2ad56c4a065fede00be8b56e40c56760296cd21
433,151,c4047b78601928383e81fd84b2ad56c4a065fede00be8b56e40c56760296cd21
434,151,c4047b78601928383e81fd84b2ad56c4a065fede00be8b56e40c56760296cd21
435,151,c4047b78601928383e81fd84b2ad56c4a065fede00be8b56e40c56760296cd21
436,151,c4047b78601928383e81fd84b2ad56c4a065fede00be8b56e40c56760296cd21
437,151,c4047b78601928383e81fd84b2ad56c4a065fede00be8b56e40c56760296cd21
438,151,c4047b78601928383e81fd84b2ad56c4a065fede00be8b56e40c56760296cd21
439,151,c4047b78601928383e81fd84b2ad56c4a065fede00be8b56e40c56760296cd21
440,151,c4047b78601928383e81fd84b2ad56c4a065fede00be8b56e40c56760296cd21
441,151,c4047b78601928383e81fd84b2ad56c4a065fede00be8b56e40c56760296cd21
442,151,c4047b78601928383e81fd84b2ad56c4a065fede00be8b56e40c56760296cd21
443,151,c4047b78601928383e81fd84b2ad56c4a065fede00be8b56e40c56760296cd21
444,151,c4047b78601928383e81fd84b2ad56c4a065fede00be8b56e40c56760296cd21
445,151,c4047b78601928383e81fd84b2ad56c4a065fede00be8b56e40c56760296cd21
446,151,c4047b78601928383e81fd84b2ad56c4a065fede00be8b56e40c56760296cd21
447,151,c4047b78601928383e81fd84b2ad56c4a065fede00be8b56e40c56760296cd21
448,151,c4047b78601928383e81fd84b2ad56c4a065fede00be8b56e40c56760296cd21
449,151,c4047b78601928383e81fd84b2ad56c4a065fede00be8b56e40c56760296cd21
450,151,c4047b78601928383e81fd84b2ad56c4a065fede00be8b56e40c56760296cd21
451,151,c4047b78601928383e81fd84b2ad56c4a065fede00be8b56e40c56760296cd21
452,151,c4047b78601928383e81fd84b2ad56c4a065fede00be8b56e40c56760296cd21
453,151,c4047b78601928383e81fd84b2ad56c4a065fede00be8b56e40c56760296cd21
454,151,c4047b78601928383e81fd84b2ad56c4a065fede00be8b56e40c56760296cd21
455,151,c4047b78601928383e81fd84b2ad56c4a065fede00be8b56e40c56760296cd21
502,151,c4047b78601928383e81fd84b2ad56c4a065fede00be8b56e40c56760296cd21
532,151,c4047b78601928383e81fd84b2ad56c4a065fede00be8b56e40c56760296cd21
244,152,c4047b78601928383e81fd84b2ad56c4a065fede00be8b56e40c56760296cd21
415,152,c4047b78601928383e81fd84b2ad56c4a065fede00be8b56e40c56760296cd21
502,152,c4047b78601928383e81fd84b2ad56c4a065fede00be8b56e40c56760296cd21
532,152,c4047b78601928383e81fd84b2ad56c4a065fede00be8b56e40c56760296cd21
244,153,c4047b78601928383e81fd84b2ad56c4a065fede00be8b56e40c56760296cd21
415,153,c4047b78601928383e81fd84b2ad56c4a065fede00be8b56e40c56760296cd21
502,153,c4047b78601928383e81fd84b2ad56c4a065fede00be8b56e40c56760296cd21
532,153,c4047b78601928383e81fd84b2ad56c4a065fede00be8b56e40c56760296cd21
244,154,c4047b78601928383e81fd84b2ad56c4a065fede00be8b56e40c56760296cd21
415,154,c4047b78601928383e81fd84b2ad56c4a065fede00be8b56e40c56760296cd21
502,154,c4047b78601928383e81fd84b2ad56c4a065fede00be8b56e40c56760296cd21
532,154,c4047b78601928383e81fd84b2ad56c4a065fede00be8b56e40c56760296cd21
244,155,c4047b78601928383e81fd84b2ad56c4a065fede00be8b56e40c56760296cd21
415,155,c4047b78601928383e81fd84b2ad56c4a065fede00be8b56e40c56760296cd21
502,155,c4047b78601928383e81fd84b2ad56c4a065fede00be8b56e40c56760296cd21
532,155,c4047b78601928383e81fd84b2ad56c4a065fede00be8b56e40c56760296cd21
244,156,c4047b78601928383e81fd84b2ad56c4a065fede00be8b56e40c56760296cd21
415,156,c4047b78601928383e81fd84b2ad56c4a065fede00be8b56e40c56760296cd21
502,156,c4047b78601928383e81fd84b2ad56c4a065fede00be8b56e40c56760296cd21
532,156,c4047b78601928383e81fd84b2ad56c4a065fede00be8b56e40c56760296cd21
244,157,c4047b78601928383e81fd84b2ad56c4a065fede00be8b56e40c56760296cd21
415,157,c4047b78601928383e81fd84b2ad56c4a065fede00be8b56e40c56760296cd21
502,157,c4047b78601928383e81fd84b2ad56c4a065fede00be8b56e40c56760296cd21
532,157,c4047b78601928383e81fd84b2ad56c4a065fede00be8b56e40c56760296cd21
244,158,c4047b78601928383e81fd84b2ad56c4a065fede00be8b56e40c56760296cd21
415,158,c4047b78601928383e81fd84b2ad56c4a065fede00be8b56e40c56760296cd21
502,158,c4047b78601928383e81fd84b2ad56c4a065fede00be8b56e40c56760296cd21
532,158,c4047b78601928383e81fd84b2ad56c4a065fede00be8b56e40c56760296cd21
244,159,c4047b78601928383e81fd84b2ad56c4a065fede00be8b56e40c56760296cd21
415,159,c4047b78601928383e81fd84b2ad56c4a065fede00be8b56e40c56760296cd21
502,159,c4047b78601928383e81fd84b2ad56c4a065fede00be8b56e40c56760296cd21
532,159,c4047b78601928383e81fd84b2ad56c4a065fede00be8b56e40c56760296cd21
244,160,c4047b78601928383e81fd84b2ad56c4a065fede00be8b56e40c56760296cd21
272,160,c4047b78601928383e81fd84b2ad56c4a065fede00be8b56e40c56760296cd21
273,160,c4047b78601928383e81fd84b2ad56c4a065fede00be8b56e40c56760296cd21
274,160,c4047b78601928383e81fd84b2ad56c4a065fede00be8b56e40c56760296cd21
275,160,c4047b78601928383e81fd84b2ad56c4a065fede00be8b56e40c56760296cd21
276,160,c4047b78601928383e81fd84b2ad56c4a065fede00be8b56e40c56760296cd21
277,160,c4047b78601928383e81fd84b2ad56c4a065fede00be8b56e40c56760296cd21
278,160,c4047b78601928383e81fd84b2ad56c4a065fede00be8b56e40c56760296cd21
279,160,c4047b78601928383e81fd84b2ad56c4a065fede00be8b56e40c56760296cd21
280,160,c4047b78601928383e81fd84b2ad56c4a065fede00be8b56e40c56760296cd21
281,160,c4047b78601928383e81fd84b2ad56c4a065fede00be8b56e40c56760296cd21
282,160,c4047b78601928383e81fd84b2ad56c4a065fede00be8b56e40c56760296cd21
283,160,c4047b78601928383e81fd84b2ad56c4a065fede00be8b56e40c56760296cd21
284,160,c4047b78601928383e81fd84b2ad56c4a065fede00be8b56e40c56760296cd21
285,160,c4047b78601928383e81fd84b2ad56c4a065fede00be8b56e40c56760296cd21
286,160,c4047b78601928383e81fd84b2ad56c4a065fede00be8b56e40c56760296cd21
287,160,c4047b78601928383e81fd84b2ad56c4a065fede00be8b56e40c56760296cd21
288,160,c4047b78601928383e81fd84b2ad56c4a065fede00be8b56e40c56760296cd21
289,160,c4047b78601928383e81fd84b2ad56c4a065fede00be8b56e40c56760296cd21
290,160,c4047b78601928383e81fd84b2ad56c4a065fede00be8b56e40c56760296cd21
291,160,c4047b78601928383e81fd84b2ad56c4a065fede00be8b56e40c56760296cd21
415,160,c4047b78601928383e81fd84b2ad56c4a065fede00be8b56e40c56760296cd21
502,160,c4047b78601928383e81fd84b2ad56c4a065fede00be8b56e40c56760296cd21
532,160,c4047b78601928383e81fd84b2ad56c4a065fede00be8b56e40c56760296cd21
244,161,c4047b78601928383e81fd84b2ad56c4a065fede00be8b56e40c56760296cd21
272,161,c4047b78601928383e81fd84b2ad56c4a065fede00be8b56e40c56760296cd21
273,161,c4047b78601928383e81fd84b2ad56c4a065fede00be8b56e40c56760296cd21
274,161,c4047b78601928383e81fd84b2ad56c4a065fede00be8b56e40c56760296cd21
275,161,c4047b78601928383e81fd84b2ad56c4a065fede00be8b56e40c56760296cd21
276,161,c4047b78601928383e81fd84b2ad56c4a065fede00be8b56e40c56760296cd21
277,161,c4047b78601928383e81fd84b2ad56c4a065fede00be8b56e40c56760296cd21
278,161,c4047b78601928383e81fd84b2ad56c4a065fede00be8b56e40c56760296cd21
279,161,c4047b78601928383e81fd84b2ad56c4a065fede00be8b56e40c56760296cd21
280,161,c4047b78601928383e81fd84b2ad56c4a065fede00be8b56e40c56760296cd21
281,161,c4047b78601928383e81fd84b2ad56c4a065fede00be8b56e40c56760296cd21
282,161,c4047b78601928383e81fd84b2ad56c4a065fede00be8b56e40c56760296cd21
283,161,c4047b78601928383e81fd84b2ad56c4a065fede00be8b56e40c56760296cd21
284,161,c4047b78601928383e81fd84b2ad56c4a065fede00be8b56e40c56760296cd21
285,161,c4047b78601928383e81fd84b2ad56c4a065fede00be8b56e40c56760296cd21
286,161,c4047b78601928383e81fd84b2ad56c4a065fede00be8b56e40c56760296cd21
287,161,c4047b78601928383e81fd84b2ad56c4a065fede00be8b56e40c56760296cd21
288,161,c4047b78601928383e81fd84b2ad56c4a065fede00be8b56e40c56760296cd21
289,161,c4047b78601928383e81fd84b2ad56c4a065fede00be8b56e40c56760296cd21
290,161,c4047b78601928383e81fd84b2ad56c4a065fede00be8b56e40c56760296cd21
291,161,c4047b78601928383e81fd84b2ad56c4a065fede00be8b56e40c56760296cd21
415,161,c4047b78601928383e81fd84b2ad56c4a065fede00be8b56e40c56760296cd21
502,161,c4047b78601928383e81fd84b2ad56c4a065fede00be8b56e40c56760296cd21
532,161,c4047b78601928383e81fd84b2ad56c4a065fede00be8b56e40c56760296cd21
244,162,c4047b78601928383e81fd84b2ad56c4a065fede00be8b56e40c56760296cd21
272,162,c4047b78601928383e81fd84b2ad56c4a065fede00be8b56e40c56760296cd21
273,162,c4047b78601928383e81fd84b2ad56c4a065fede00be8b56e40c56760296cd21
274,162,c4047b78601928383e81fd84b2ad56c4a065fede00be8b56e40c56760296cd21
275,162,c4047b78601928383e81fd84b2ad56c4a065fede00be8b56e40c56760296cd21
276,162,c4047b78601928383e81fd84b2ad56c4a065fede00be8b56e40c56760296cd21
277,162,c4047b78601928383e81fd84b2ad56c4a065fede00be8b56e40c56760296cd21
278,162,c4047b78601928383e81fd84b2ad56c4a065fede00be8b56e40c56760296cd21
279,162,c4047b78601928383e81fd84b2ad56c4a065fede00be8b56e40c56760296cd21
280,162,c4047b78601928383e81fd84b2ad56c4a065fede00be8b56e40c56760296cd21
281,162,c4047b78601928383e81fd84b2ad56c4a065fede00be8b56e40c56760296cd21
282,162,c4047b78601928383e81fd84b2ad56c4a065fede00be8b56e40c56760296cd21
283,162,c4047b78601928383e81fd84b2ad56c4a065fede00be8b56e40c56760296cd21
284,162,c4047b78601928383e81fd84b2ad56c4a065fede00be8b56e40c56760296cd21
285,162,c4047b78601928383e81fd84b2ad56c4a065fede00be8b56e40c56760296cd21
286,162,c4047b78601928383e81fd84b2ad56c4a065fede00be8b56e40c56760296cd21
287,162,c4047b78601928383e81fd84b2ad56c4a065fede00be8b56e40c56760296cd21
288,162,c4047b78601928383e81fd84b2ad56c4a065fede00be8b56e40c56760296cd21
289,162,c4047b78601928383e81fd84b2ad56c4a065fede00be8b56e40c56760296cd21
290,162,c4047b78601928383e81fd84b2ad56c4a065fede00be8b56e40c56760296cd21
291,162,c4047b78601928383e81fd84b2ad56c4a065fede00be8b56e40c56760296cd21
415,162,c4047b78601928383e81fd84b2ad56c4a065fede00be8b56e40c56760296cd21
502,162,c4047b78601928383e81fd84b2ad56c4a065fede00be8b56e40c56760296cd21
532,162,c4047b78601928383e81fd84b2ad56c4a065fede00be8b56e40c56760296cd21
244,163,c4047b78601928383e81fd84b2ad56c4a065fede00be8b56e40c56760296cd21
272,163,c4047b78601928383e81fd84b2ad56c4a065fede00be8b56e40c56760296cd21
273,163,c4047b78601928383e81fd84b2ad56c4a065fede00be8b56e40c56760296cd21
274,163,c4047b78601928383e81fd84b2ad56c4a065fede00be8b56e40c56760296cd21
275,163,c4047b78601928383e81fd84b2ad56c4a065fede00be8b56e40c56760296cd21
276,163,c4047b78601928383e81fd84b2ad56c4a065fede00be8b56e40c56760296cd21
277,163,c4047b78601928383e81fd84b2ad56c4a065fede00be8b56e40c56760296cd21
278,163,c4047b78601928383e81fd84b2ad56c4a065fede00be8b56e40c56760296cd21
279,163,c4047b78601928383e81fd84b2ad56c4a065fede00be8b56e40c56760296cd21
280,163,c4047b78601928383e81fd84b2ad56c4a065fede00be8b56e40c56760296cd21
281,163,c4047b78601928383e81fd84b2ad56c4a065fede00be8b56e40c56760296cd21
282,163,c4047b78601928383e81fd84b2ad56c4a065fede00be8b56e40c56760296cd21
283,163,c4047b78601928383e81fd84b2ad56c4a065fede00be8b56e40c56760296cd21
284,163,c4047b78601928383e81fd84b2ad56c4a065fede00be8b56e40c56760296cd21
285,163,c4047b78601928383e81fd84b2ad56c4a065fede00be8b56e40c56760296cd21
286,163,c4047b78601928383e81fd84b2ad56c4a065fede00be8b56e40c56760296cd21
287,163,c4047b78601928383e81fd84b2ad56c4a065fede00be8b56e40c56760296cd21
288,163,c4047b78601928383e81fd84b2ad56c4a065fede00be8b56e40c56760296cd21
289,163,c4047b78601928383e81fd84b2ad56c4a065fede00be8b56e40c56760296cd21
290,163,c4047b78601928383e81fd84b2ad56c4a065fede00be8b56e40c56760296cd21
291,163,c4047b78601928383e81fd84b2ad56c4a065fede00be8b56e40c56760296cd21
415,163,c4047b78601928383e81fd84b2ad56c4a065fede00be8b56e40c56760296cd21
502,163,c4047b78601928383e81fd84b2ad56c4a065fede00be8b56e40c56760296cd21
532,163,c4047b78601928383e81fd84b2ad56c4a065fede00be8b56e40c56760296cd21
244,164,c4047b78601928383e81fd84b2ad56c4a065fede00be8b56e40c56760296cd21
272,164,c4047b78601928383e81fd84b2ad56c4a065fede00be8b56e40c56760296cd21
273,164,c4047b78601928383e81fd84b2ad56c4a065fede00be8b56e40c56760296cd21
274,164,c4047b78601928383e81fd84b2ad56c4a065fede00be8b56e40c56760296cd21
275,164,c4047b78601928383e81fd84b2ad56c4a065fede00be8b56e40c56760296cd21
276,164,c4047b78601928383e81fd84b2ad56c4a065fede00be8b56e40c56760296cd21
277,164,c4047b78601928383e81fd84b2ad56c4a065fede00be8b56e40c56760296cd21
278,164,c4047b78601928383e81fd84b2ad56c4a065fede00be8b56e40c56760296cd21
279,164,c4047b78601928383e81fd84b2ad56c4a065fede00be8b56e40c56760296cd21
280,164,c4047b78601928383e81fd84b2ad56c4a065fede00be8b56e40c56760296cd21
281,164,c4047b78601928383e81fd84b2ad56c4a065fede00be8b56e40c56760296cd21
282,164,c4047b78601928383e81fd84b2ad56c4a065fede00be8b56e40c56760296cd21
283,164,c4047b78601928383e81fd84b2ad56c4a065fede00be8b56e40c56760296cd21
284,164,c4047b78601928383e81fd84b2ad56c4a065fede00be8b56e40c56760296cd21
285,164,c4047b78601928383e81fd84b2ad56c4a065fede00be8b56e40c56760296cd21
286,164,c4047b78601928383e81fd84b2ad56c4a065fede00be8b56e40c56760296cd21
287,164,c4047b78601928383e81fd84b2ad56c4a065fede00be8b56e40c56760296cd21
288,164,c4047b78601928383e81fd84b2ad56c4a065fede00be8b56e40c56760296cd21
289,164,c4047b78601928383e81fd84b2ad56c4a065fede00be8b56e40c56760296cd21
290,164,c4047b78601928383e81fd84b2ad56c4a065fede00be8b56e40c56760296cd21
291,164,c4047b78601928383e81fd84b2ad56c4a065fede00be8b56e40c56760296cd21
415,164,c4047b78601928383e81fd84b2ad56c4a065fede00be8b56e40c56760296cd21
502,164,c4047b78601928383e81fd84b2ad56c4a065fede00be8b56e40c56760296cd21
532,164,c4047b78601928383e81fd84b2ad56c4a065fede00be8b56e40c56760296cd21
244,165,c4047b78601928383e81fd84b2ad56c4a065fede00be8b56e40c56760296cd21
272,165,c4047b78601928383e81fd84b2ad56c4a065fede00be8b56e40c56760296cd21
273,165,c4047b78601928383e81fd84b2ad56c4a065fede00be8b56e40c56760296cd21
274,165,c4047b78601928383e81fd84b2ad56c4a065fede00be8b56e40c56760296cd21
275,165,c4047b78601928383e81fd84b2ad56c4a065fede00be8b56e40c56760296cd21
276,165,c4047b78601928383e81fd84b2ad56c4a065fede00be8b56e40c56760296cd21
277,165,c4047b78601928383e81fd84b2ad56c4a065fede00be8b56e40c56760296cd21
278,165,c4047b78601928383e81fd84b2ad56c4a065fede00be8b56e40c56760296cd21
279,165,c4047b78601928383e81fd84b2ad56c4a065fede00be8b56e40c56760296cd21
280,165,c4047b78601928383e81fd84b2ad56c4a065fede00be8b56e40c56760296cd21
281,165,c4047b78601928383e81fd84b2ad56c4a065fede00be8b56e40c56760296cd21
282,165,c4047b78601928383e81fd84b2ad56c4a065fede00be8b56e40c56760296cd21
283,165,c4047b78601928383e81fd84b2ad56c4a065fede00be8b56e40c56760296cd21
284,165,c4047b78601928383e81fd84b2ad56c4a065fede00be8b56e40c56760296cd21
285,165,c4047b78601928383e81fd84b2ad56c4a065fede00be8b56e40c56760296cd21
286,165,c4047b78601928383e81fd84b2ad56c4a065fede00be8b56e40c56760296cd21
287,165,c4047b78601928383e81fd84b2ad56c4a065fede00be8b56e40c56760296cd21
288,165,c4047b78601928383e81fd84b2ad56c4a065fede00be8b56e40c56760296cd21
289,165,c4047b78601928383e81fd84b2ad56c4a065fede00be8b56e40c56760296cd21
290,165,c4047b78601928383e81fd84b2ad56c4a065fede00be8b56e40c56760296cd21
291,165,c4047b78601928383e81fd84b2ad56c4a065fede00be8b56e40c56760296cd21
415,165,c4047b78601928383e81fd84b2ad56c4a065fede00be8b56e40c56760296cd21
502,165,c4047b78601928383e81fd84b2ad56c4a065fede00be8b56e40c56760296cd21
532,165,c4047b78601928383e81fd84b2ad56c4a065fede00be8b56e40c56760296cd21
244,166,c4047b78601928383e81fd84b2ad56c4a065fede00be8b56e40c56760296cd21
271,166,c4047b78601928383e81fd84b2ad56c4a065fede00be8b56e40c56760296cd21
272,166,c4047b78601928383e81fd84b2ad56c4a065fede00be8b56e40c56760296cd21
273,166,c4047b78601928383e81fd84b2ad56c4a065fede00be8b56e40c56760296cd21
274,166,c4047b78601928383e81fd84b2ad56c4a065fede00be8b56e40c56760296cd21
275,166,c4047b78601928383e81fd84b2ad56c4a065fede00be8b56e40c56760296cd21
276,166,c4047b78601928383e81fd84b2ad56c4a065fede00be8b56e40c56760296cd21
277,166,c4047b78601928383e81fd84b2ad56c4a065fede00be8b56e40c56760296cd21
278,166,c4047b78601928383e81fd84b2ad56c4a065fede00be8b56e40c56760296cd21
279,166,c4047b78601928383e81fd84b2ad56c4a065fede00be8b56e40c56760296cd21
280,166,c4047b78601928383e81fd84b2ad56c4a065fede00be8b56e40c56760296cd21
281,166,c4047b78601928383e81fd84b2ad56c4a065fede00be8b56e40c56760296cd21
282,166,c4047b78601928383e81fd84b2ad56c4a065fede00be8b56e40c56760296cd21
283,166,c4047b78601928383e81fd84b2ad56c4a065fede00be8b56e40c56760296cd21
284,166,c4047b78601928383e81fd84b2ad56c4a065fede00be8b56e40c56760296cd21
285,166,c4047b78601928383e81fd84b2ad56c4a065fede00be8b56e40c56760296cd21
286,166,c4047b78601928383e81fd84b2ad56c4a065fede00be8b56e40c56760296cd21
287,166,c4047b78601928383e81fd84b2ad56c4a065fede00be8b56e40c56760296cd21
288,166,c4047b78601928383e81fd84b2ad56c4a065fede00be8b56e40c56760296cd21
289,166,c4047b78601928383e81fd84b2ad56c4a065fede00be8b56e40c56760296cd21
290,166,c4047b78601928383e81fd84b2ad56c4a065fede00be8b56e40c56760296cd21
291,166,c4047b78601928383e81fd84b2ad56c4a065fede00be8b56e40c56760296cd21
292,166,c4047b78601928383e81fd84b2ad56c4a065fede00be8b56e40c56760296cd21
293,166,c4047b78601928383e81fd84b2ad56c4a065fede00be8b56e40c56760296cd21
294,166,c4047b78601928383e81fd84b2ad56c4a065fede00be8b56e40c56760296cd21
295,166,c4047b78601928383e81fd84b2ad56c4a065fede00be8b56e40c56760296cd21
296,166,c4047b78601928383e81fd84b2ad56c4a065fede00be8b56e40c56760296cd21
297,166,c4047b78601928383e81fd84b2ad56c4a065fede00be8b56e40c56760296cd21
298,166,c4047b78601928383e81fd84b2ad56c4a065fede00be8b56e40c56760296cd21
299,166,c4047b78601928383e81fd84b2ad56c4a065fede00be8b56e40c56760296cd21
300,166,c4047b78601928383e81fd84b2ad56c4a065fede00be8b56e40c56760296cd21
301,166,c4047b78601928383e81fd84b2ad56c4a065fede00be8b56e40c56760296cd21
302,166,c4047b78601928383e81fd84b2ad56c4a065fede00be8b56e40c56760296cd21
303,166,c4047b78601928383e81fd84b2ad56c4a065fede00be8b56e40c56760296cd21
304,166,c4047b78601928383e81fd84b2ad56c4a065fede00be8b56e40c56760296cd21
305,166,c4047b78601928383e81fd84b2ad56c4a065fede00be8b56e40c56760296cd21
306,166,c4047b78601928383e81fd84b2ad56c4a065fede00be8b56e40c56760296cd21
307,166,c4047b78601928383e81fd84b2ad56c4a065fede00be8b56e40c56760296cd21
308,166,c4047b78601928383e81fd84b2ad56c4a065fede00be8b56e40c56760296cd21
309,166,c4047b78601928383e81fd84b2ad56c4a065fede00be8b56e40c56760296cd21
310,166,c4047b78601928383e81fd84b2ad56c4a065fede00be8b56e40c56760296cd21
311,166,c4047b78601928383e81fd84b2ad56c4a065fede00be8b56e40c56760296cd21
312,166,c4047b78601928383e81fd84b2ad56c4a065fede00be8b56e40c56760296cd21
313,166,c4047b78601928383e81fd84b2ad56c4a065fede00be8b56e40c56760296cd21
314,166,c4047b78601928383e81fd84b2ad56c4a065fede00be8b56e40c56760296cd21
315,166,c4047b78601928383e81fd84b2ad56c4a065fede00be8b56e40c56760296cd21
316,166,c4047b78601928383e81fd84b2ad56c4a065fede00be8b56e40c56760296cd21
317,166,c4047b78601928383e81fd84b2ad56c4a065fede00be8b56e40c56760296cd21
318,166,c4047b78601928383e81fd84b2ad56c4a065fede00be8b56e40c56760296cd21
319,166,c4047b78601928383e81fd84b2ad56c4a065fede00be8b56e40c56760296cd21
320,166,c4047b78601928383e81fd84b2ad56c4a065fede00be8b56e40c56760296cd21
321,166,c4047b78601928383e81fd84b2ad56c4a065fede00be8b56e40c56760296cd21
322,166,c4047b78601928383e81fd84b2ad56c4a065fede00be8b56e40c56760296cd21
323,166,c4047b78601928383e81fd84b2ad56c4a065fede00be8b56e40c56760296cd21
324,166,c4047b78601928383e81fd84b2ad56c4a065fede00be8b56e40c56760296cd21
325,166,c4047b78601928383e81fd84b2ad56c4a065fede00be8b56e40c56760296cd21
326,166,c4047b78601928383e81fd84b2ad56c4a065fede00be8b56e40c56760296cd21
327,166,c4047b78601928383e81fd84b2ad56c4a065fede00be8b56e40c56760296cd21
328,166,c4047b78601928383e81fd84b2ad56c4a065fede00be8b56e40c56760296cd21
329,166,c4047b78601928383e81fd84b2ad56c4a065fede00be8b56e40c56760296cd21
330,166,c4047b78601928383e81fd84b2ad56c4a065fede00be8b56e40c56760296cd21
331,166,c4047b78601928383e81fd84b2ad56c4a065fede00be8b56e40c56760296cd21
332,166,c4047b78601928383e81fd84b2ad56c4a065fede00be8b56e40c56760296cd21
333,166,c4047b78601928383e81fd84b2ad56c4a065fede00be8b56e40c56760296cd21
334,166,c4047b78601928383e81fd84b2ad56c4a065fede00be8b56e40c56760296cd21
335,166,c4047b78601928383e81fd84b2ad56c4a065fede00be8b56e40c56760296cd21
336,166,c4047b78601928383e81fd84b2ad56c4a065fede00be8b56e40c56760296cd21
337,166,c4047b78601928383e81fd84b2ad56c4a065fede00be8b56e40c56760296cd21
338,166,c4047b78601928383e81fd84b2ad56c4a065fede00be8b56e40c56760296cd21
339,166,c4047b78601928383e81fd84b2ad56c4a065fede00be8b56e40c56760296cd21
340,166,c4047b78601928383e81fd84b2ad56c4a065fede00be8b56e40c56760296cd21
341,166,c4047b78601928383e81fd84b2ad56c4a065fede00be8b56e40c56760296cd21
342,166,c4047b78601928383e81fd84b2ad56c4a065fede00be8b56e40c56760296cd21
343,166,c4047b78601928383e81fd84b2ad56c4a065fede00be8b56e40c56760296cd21
344,166,c4047b78601928383e81fd84b2ad56c4a065fede00be8b56e40c56760296cd21
345,166,c4047b78601928383e81fd84b2ad56c4a065fede00be8b56e40c56760296cd21
346,166,c4047b78601928383e81fd84b2ad56c4a065fede00be8b56e40c56760296cd21
347,166,c4047b78601928383e81fd84b2ad56c4a065fede00be8b56e40c56760296cd21
348,166,c4047b78601928383e81fd84b2ad56c4a065fede00be8b56e40c56760296cd21
349,166,c4047b78601928383e81fd84b2ad56c4a065fede00be8b56e40c56760296cd21
350,166,c4047b78601928383e81fd84b2ad56c4a065fede00be8b56e40c56760296cd21
351,166,c4047b78601928383e81fd84b2ad56c4a065fede00be8b56e40c56760296cd21
352,166,c4047b78601928383e81fd84b2ad56c4a065fede00be8b56e40c56760296cd21
353,166,c4047b78601928383e81fd84b2ad56c4a065fede00be8b56e40c56760296cd21
354,166,c4047b78601928383e81fd84b2ad56c4a065fede00be8b56e40c56760296cd21
355,166,c4047b78601928383e81fd84b2ad56c4a065fede00be8b56e40c56760296cd21
356,166,c4047b78601928383e81fd84b2ad56c4a065fede00be8b56e40c56760296cd21
357,166,c4047b78601928383e81fd84b2ad56c4a065fede00be8b56e40c56760296cd21
358,166,c4047b78601928383e81fd84b2ad56c4a065fede00be8b56e40c56760296cd21
359,166,c4047b78601928383e81fd84b2ad56c4a065fede00be8b56e40c56760296cd21
360,166,c4047b78601928383e81fd84b2ad56c4a065fede00be8b56e40c56760296cd21
361,166,c4047b78601928383e81fd84b2ad56c4a065fede00be8b56e40c56760296cd21
362,166,c4047b78601928383e81fd84b2ad56c4a065fede00be8b56e40c56760296cd21
363,166,c4047b78601928383e81fd84b2ad56c4a065fede00be8b56e40c56760296cd21
364,166,c4047b78601928383e81fd84b2ad56c4a065fede00be8b56e40c56760296cd21
365,166,c4047b78601928383e81fd84b2ad56c4a065fede00be8b56e40c56760296cd21
366,166,c4047b78601928383e81fd84b2ad56c4a065fede00be8b56e40c56760296cd21
367,166,c4047b78601928383e81fd84b2ad56c4a065fede00be8b56e40c56760296cd21
368,166,c4047b78601928383e81fd84b2ad56c4a065fede00be8b56e40c56760296cd21
369,166,c4047b78601928383e81fd84b2ad56c4a065fede00be8b56e40c56760296cd21
370,166,c4047b78601928383e81fd84b2ad56c4a065fede00be8b56e40c56760296cd21
371,166,c4047b78601928383e81fd84b2ad56c4a065fede00be8b56e40c56760296cd21
372,166,c4047b78601928383e81fd84b2ad56c4a065fede00be8b56e40c56760296cd21
373,166,c4047b78601928383e81fd84b2ad56c4a065fede00be8b56e40c56760296cd21
374,166,c4047b78601928383e81fd84b2ad56c4a065fede00be8b56e40c56760296cd21
375,166,c4047b78601928383e81fd84b2ad56c4a065fede00be8b56e40c56760296cd21
376,166,c4047b78601928383e81fd84b2ad56c4a065fede00be8b56e40c56760296cd21
377,166,c4047b78601928383e81fd84b2ad56c4a065fede00be8b56e40c56760296cd21
378,166,c4047b78601928383e81fd84b2ad56c4a065fede00be8b56e40c56760296cd21
379,166,c4047b78601928383e81fd84b2ad56c4a065fede00be8b56e40c56760296cd21
380,166,c4047b78601928383e81fd84b2ad56c4a065fede00be8b56e40c56760296cd21
381,166,c4047b78601928383e81fd84b2ad56c4a065fede00be8b56e40c56760296cd21
382,166,c4047b78601928383e81fd84b2ad56c4a065fede00be8b56e40c56760296cd21
383,166,c4047b78601928383e81fd84b2ad56c4a065fede00be8b56e40c56760296cd21
384,166,c4047b78601928383e81fd84b2ad56c4a065fede00be8b56e40c56760296cd21
385,166,c4047b78601928383e81fd84b2ad56c4a065fede00be8b56e40c56760296cd21
386,166,c4047b78601928383e81fd84b2ad56c4a065fede00be8b56e40c56760296cd21
387,166,c4047b78601928383e81fd84b2ad56c4a065fede00be8b56e40c56760296cd21
388,166,c4047b78601928383e81fd84b2ad56c4a065fede00be8b56e40c56760296cd21
389,166,c4047b78601928383e81fd84b2ad56c4a065fede00be8b56e40c56760296cd21
390,166,c4047b78601928383e81fd84b2ad56c4a065fede00be8b56e40c56760296cd21
391,166,c4047b78601928383e81fd84b2ad56c4a065fede00be8b56e40c56760296cd21
392,166,c4047b78601928383e81fd84b2ad56c4a065fede00be8b56e40c56760296cd21
393,166,c4047b78601928383e81fd84b2ad56c4a065fede00be8b56e40c56760296cd21
394,166,c4047b78601928383e81fd84b2ad56c4a065fede00be8b56e40c56760296cd21
395,166,c4047b78601928383e81fd84b2ad56c4a065fede00be8b56e40c56760296cd21
396,166,c4047b78601928383e81fd84b2ad56c4a065fede00be8b56e40c56760296cd21
397,166,c4047b78601928383e81fd84b2ad56c4a065fede00be8b56e40c56760296cd21
398,166,c4047b78601928383e81fd84b2ad56c4a065fede00be8b56e40c56760296cd21
399,166,c4047b78601928383e81fd84b2ad56c4a065fede00be8b56e40c56760296cd21
400,166,c4047b78601928383e81fd84b2ad56c4a065fede00be8b56e40c56760296cd21
401,166,c4047b78601928383e81fd84b2ad56c4a065fede00be8b56e40c56760296cd21
402,166,c4047b78601928383e81fd84b2ad56c4a065fede00be8b56e40c56760296cd21
403,166,c4047b78601928383e81fd84b2ad56c4a065fede00be8b56e40c56760296cd21
404,166,c4047b78601928383e81fd84b2ad56c4a065fede00be8b56e40c56760296cd21
405,166,c4047b78601928383e81fd84b2ad56c4a065fede00be8b56e40c56760296cd21
406,166,c4047b78601928383e81fd84b2ad56c4a065fede00be8b56e40c56760296cd21
407,166,c4047b78601928383e81fd84b2ad56c4a065fede00be8b56e40c56760296cd21
408,166,c4047b78601928383e81fd84b2ad56c4a065fede00be8b56e40c56760296cd21
409,166,c4047b78601928383e81fd84b2ad56c4a065fede00be8b56e40c56760296cd21
410,166,c4047b78601928383e81fd84b2ad56c4a065fede00be8b56e40c56760296cd21
411,166,c4047b78601928383e81fd84b2ad56c4a065fede00be8b56e40c56760296cd21
412,166,c4047b78601928383e81fd84b2ad56c4a065fede00be8b56e40c56760296cd21
413,166,c4047b78601928383e81fd84b2ad56c4a065fede00be8b56e40c56760296cd21
414,166,c4047b78601928383e81fd84b2ad56c4a065fede00be8b56e40c56760296cd21
415,166,c4047b78601928383e81fd84b2ad56c4a065fede00be8b56e40c56760296cd21
502,166,c4047b78601928383e81fd84b2ad56c4a065fede00be8b56e40c56760296cd21
532,166,c4047b78601928383e81fd84b2ad56c4a065fede00be8b56e40c56760296cd21
244,167,c4047b78601928383e81fd84b2ad56c4a065fede00be8b56e40c56760296cd21
271,167,c4047b78601928383e81fd84b2ad56c4a065fede00be8b56e40c56760296cd21
272,167,c4047b78601928383e81fd84b2ad56c4a065fede00be8b56e40c56760296cd21
273,167,c4047b78601928383e81fd84b2ad56c4a065fede00be8b56e40c56760296cd21
274,167,c4047b78601928383e81fd84b2ad56c4a065fede00be8b56e40c56760296cd21
275,167,c4047b78601928383e81fd84b2ad56c4a065fede00be8b56e40c56760296cd21
276,167,c4047b78601928383e81fd84b2ad56c4a065fede00be8b56e40c56760296cd21
277,167,c4047b78601928383e81fd84b2ad56c4a065fede00be8b56e40c56760296cd21
278,167,c4047b78601928383e81fd84b2ad56c4a065fede00be8b56e40c56760296cd21
279,167,c4047b78601928383e81fd84b2ad56c4a065fede00be8b56e40c56760296cd21
280,167,c4047b78601928383e81fd84b2ad56c4a065fede00be8b56e40c56760296cd21
281,167,c4047b78601928383e81fd84b2ad56c4a065fede00be8b56e40c56760296cd21
282,167,c4047b78601928383e81fd84b2ad56c4a065fede00be8b56e40c56760296cd21
283,167,c4047b78601928383e81fd84b2ad56c4a065fede00be8b56e40c56760296cd21
284,167,c4047b78601928383e81fd84b2ad56c4a065fede00be8b56e40c56760296cd21
285,167,c4047b78601928383e81fd84b2ad56c4a065fede00be8b56e40c56760296cd21
286,167,c4047b78601928383e81fd84b2ad56c4a065fede00be8b56e40c56760296cd21
287,167,c4047b78601928383e81fd84b2ad56c4a065fede00be8b56e40c56760296cd21
288,167,c4047b78601928383e81fd84b2ad56c4a065fede00be8b56e40c56760296cd21
289,167,c4047b78601928383e81fd84b2ad56c4a065fede00be8b56e40c56760296cd21
290,167,c4047b78601928383e81fd84b2ad56c4a065fede00be8b56e40c56760296cd21
291,167,c4047b78601928383e81fd84b2ad56c4a065fede00be8b56e40c56760296cd21
292,167,c4047b78601928383e81fd84b2ad56c4a065fede00be8b56e40c56760296cd21
293,167,c4047b78601928383e81fd84b2ad56c4a065fede00be8b56e40c56760296cd21
294,167,c4047b78601928383e81fd84b2ad56c4a065fede00be8b56e40c56760296cd21
295,167,c4047b78601928383e81fd84b2ad56c4a065fede00be8b56e40c56760296cd21
296,167,c4047b78601928383e81fd84b2ad56c4a065fede00be8b56e40c56760296cd21
297,167,c4047b78601928383e81fd84b2ad56c4a065fede00be8b56e40c56760296cd21
298,167,c4047b78601928383e81fd84b2ad56c4a065fede00be8b56e40c56760296cd21
299,167,c4047b78601928383e81fd84b2ad56c4a065fede00be8b56e40c56760296cd21
300,167,c4047b78601928383e81fd84b2ad56c4a065fede00be8b56e40c56760296cd21
301,167,c4047b78601928383e81fd84b2ad56c4a065fede00be8b56e40c56760296cd21
302,167,c4047b78601928383e81fd84b2ad56c4a065fede00be8b56e40c56760296cd21
303,167,c4047b78601928383e81fd84b2ad56c4a065fede00be8b56e40c56760296cd21
304,167,c4047b78601928383e81fd84b2ad56c4a065fede00be8b56e40c56760296cd21
305,167,c4047b78601928383e81fd84b2ad56c4a065fede00be8b56e40c56760296cd21
306,167,c4047b78601928383e81fd84b2ad56c4a065fede00be8b56e40c56760296cd21
307,167,c4047b78601928383e81fd84b2ad56c4a065fede00be8b56e40c56760296cd21
308,167,c4047b78601928383e81fd84b2ad56c4a065fede00be8b56e40c56760296cd21
309,167,c4047b78601928383e81fd84b2ad56c4a065fede00be8b56e40c56760296cd21
310,167,c4047b78601928383e81fd84b2ad56c4a065fede00be8b56e40c56760296cd21
311,167,c4047b78601928383e81fd84b2ad56c4a065fede00be8b56e40c56760296cd21
312,167,c4047b78601928383e81fd84b2ad56c4a065fede00be8b56e40c56760296cd21
313,167,c4047b78601928383e81fd84b2ad56c4a065fede00be8b56e40c56760296cd21
314,167,c4047b78601928383e81fd84b2ad56c4a065fede00be8b56e40c56760296cd21
315,167,c4047b78601928383e81fd84b2ad56c4a065fede00be8b56e40c56760296cd21
316,167,c4047b78601928383e81fd84b2ad56c4a065fede00be8b56e40c56760296cd21
317,167,c4047b78601928383e81fd84b2ad56c4a065fede00be8b56e40c56760296cd21
318,167,c4047b78601928383e81fd84b2ad56c4a065fede00be8b56e40c56760296cd21
319,167,c4047b78601928383e81fd84b2ad56c4a065fede00be8b56e40c56760296cd21
320,167,c4047b78601928383e81fd84b2ad56c4a065fede00be8b56e40c56760296cd21
321,167,c4047b78601928383e81fd84b2ad56c4a065fede00be8b56e40c56760296cd21
322,167,c4047b78601928383e81fd84b2ad56c4a065fede00be8b56e40c56760296cd21
323,167,c4047b78601928383e81fd84b2ad56c4a065fede00be8b56e40c56760296cd21
324,167,c4047b78601928383e81fd84b2ad56c4a065fede00be8b56e40c56760296cd21
325,167,c4047b78601928383e81fd84b2ad56c4a065fede00be8b56e40c56760296cd21
326,167,c4047b78601928383e81fd84b2ad56c4a065fede00be8b56e40c56760296cd21
327,167,c4047b78601928383e81fd84b2ad56c4a065fede00be8b56e40c56760296cd21
328,167,c4047b78601928383e81fd84b2ad56c4a065fede00be8b56e40c56760296cd21
329,167,c4047b78601928383e81fd84b2ad56c4a065fede00be8b56e40c56760296cd21
330,167,c4047b78601928383e81fd84b2ad56c4a065fede00be8b56e40c56760296cd21
331,167,c4047b78601928383e81fd84b2ad56c4a065fede00be8b56e40c56760296cd21
332,167,c4047b78601928383e81fd84b2ad56c4a065fede00be8b56e40c56760296cd21
333,167,c4047b78601928383e81fd84b2ad56c4a065fede00be8b56e40c56760296cd21
334,167,c4047b78601928383e81fd84b2ad56c4a065fede00be8b56e40c56760296cd21
335,167,c4047b78601928383e81fd84b2ad56c4a065fede00be8b56e40c56760296cd21
336,167,c4047b78601928383e81fd84b2ad56c4a065fede00be8b56e40c56760296cd21
337,167,c4047b78601928383e81fd84b2ad56c4a065fede00be8b56e40c56760296cd21
338,167,c4047b78601928383e81fd84b2ad56c4a065fede00be8b56e40c56760296cd21
339,167,c4047b78601928383e81fd84b2ad56c4a065fede00be8b56e40c56760296cd21
340,167,c4047b78601928383e81fd84b2ad56c4a065fede00be8b56e40c56760296cd21
341,167,c4047b78601928383e81fd84b2ad56c4a065fede00be8b56e40c56760296cd21
342,167,c4047b78601928383e81fd84b2ad56c4a065fede00be8b56e40c56760296cd21
343,167,c4047b78601928383e81fd84b2ad56c4a065fede00be8b56e40c56760296cd21
344,167,c4047b78601928383e81fd84b2ad56c4a065fede00be8b56e40c56760296cd21
345,167,c4047b78601928383e81fd84b2ad56c4a065fede00be8b56e40c56760296cd21
346,167,c4047b78601928383e81fd84b2ad56c4a065fede00be8b56e40c56760296cd21
347,167,c4047b78601928383e81fd84b2ad56c4a065fede00be8b56e40c56760296cd21
348,167,c4047b78601928383e81fd84b2ad56c4a065fede00be8b56e40c56760296cd21
349,167,c4047b78601928383e81fd84b2ad56c4a065fede00be8b56e40c56760296cd21
350,167,c4047b78601928383e81fd84b2ad56c4a065fede00be8b56e40c56760296cd21
351,167,c4047b78601928383e81fd84b2ad56c4a065fede00be8b56e40c56760296cd21
352,167,c4047b78601928383e81fd84b2ad56c4a065fede00be8b56e40c56760296cd21
353,167,c4047b78601928383e81fd84b2ad56c4a065fede00be8b56e40c56760296cd21
354,167,c4047b78601928383e81fd84b2ad56c4a065fede00be8b56e40c56760296cd21
355,167,c4047b78601928383e81fd84b2ad56c4a065fede00be8b56e40c56760296cd21
356,167,c4047b78601928383e81fd84b2ad56c4a065fede00be8b56e40c56760296cd21
357,167,c4047b78601928383e81fd84b2ad56c4a065fede00be8b56e40c56760296cd21
358,167,c4047b78601928383e81fd84b2ad56c4a065fede00be8b56e40c56760296cd21
359,167,c4047b78601928383e81fd84b2ad56c4a065fede00be8b56e40c56760296cd21
360,167,c4047b78601928383e81fd84b2ad56c4a065fede00be8b56e40c56760296cd21
361,167,c4047b78601928383e81fd84b2ad56c4a065fede00be8b56e40c56760296cd21
362,167,c4047b78601928383e81fd84b2ad56c4a065fede00be8b56e40c56760296cd21
363,167,c4047b78601928383e81fd84b2ad56c4a065fede00be8b56e40c56760296cd21
364,167,c4047b78601928383e81fd84b2ad56c4a065fede00be8b56e40c56760296cd21
365,167,c4047b78601928383e81fd84b2ad56c4a065fede00be8b56e40c56760296cd21
366,167,c4047b78601928383e81fd84b2ad56c4a065fede00be8b56e40c56760296cd21
367,167,c4047b78601928383e81fd84b2ad56c4a065fede00be8b56e40c56760296cd21
368,167,c4047b78601928383e81fd84b2ad56c4a065fede00be8b56e40c56760296cd21
369,167,c4047b78601928383e81fd84b2ad56c4a065fede00be8b56e40c56760296cd21
370,167,c4047b78601928383e81fd84b2ad56c4a065fede00be8b56e40c56760296cd21
371,167,c4047b78601928383e81fd84b2ad56c4a065fede00be8b56e40c56760296cd21
372,167,c4047b78601928383e81fd84b2ad56c4a065fede00be8b56e40c56760296cd21
373,167,c4047b78601928383e81fd84b2ad56c4a065fede00be8b56e40c56760296cd21
374,167,c4047b78601928383e81fd84b2ad56c4a065fede00be8b56e40c56760296cd21
375,167,c4047b78601928383e81fd84b2ad56c4a065fede00be8b56e40c56760296cd21
376,167,c4047b78601928383e81fd84b2ad56c4a065fede00be8b56e40c56760296cd21
377,167,c4047b78601928383e81fd84b2ad56c4a065fede00be8b56e40c56760296cd21
378,167,c4047b78601928383e81fd84b2ad56c4a065fede00be8b56e40c56760296cd21
379,167,c4047b78601928383e81fd84b2ad56c4a065fede00be8b56e40c56760296cd21
380,167,c4047b78601928383e81fd84b2ad56c4a065fede00be8b56e40c56760296cd21
381,167,c4047b78601928383e81fd84b2ad56c4a065fede00be8b56e40c56760296cd21
382,167,c4047b78601928383e81fd84b2ad56c4a065fede00be8b56e40c56760296cd21
383,167,c4047b78601928383e81fd84b2ad56c4a065fede00be8b56e40c56760296cd21
384,167,c4047b78601928383e81fd84b2ad56c4a065fede00be8b56e40c56760296cd21
385,167,c4047b78601928383e81fd84b2ad56c4a065fede00be8b56e40c56760296cd21
386,167,c4047b78601928383e81fd84b2ad56c4a065fede00be8b56e40c56760296cd21
387,167,c4047b78601928383e81fd84b2ad56c4a065fede00be8b56e40c56760296cd21
388,167,c4047b78601928383e81fd84b2ad56c4a065fede00be8b56e40c56760296cd21
389,167,c4047b78601928383e81fd84b2ad56c4a065fede00be8b56e40c56760296cd21
390,167,c4047b78601928383e81fd84b2ad56c4a065fede00be8b56e40c56760296cd21
391,167,c4047b78601928383e81fd84b2ad56c4a065fede00be8b56e40c56760296cd21
392,167,c4047b78601928383e81fd84b2ad56c4a065fede00be8b56e40c56760296cd21
393,167,c4047b78601928383e81fd84b2ad56c4a065fede00be8b56e40c56760296cd21
394,167,c4047b78601928383e81fd84b2ad56c4a065fede00be8b56e40c56760296cd21
395,167,c4047b78601928383e81fd84b2ad56c4a065fede00be8b56e40c56760296cd21
396,167,c4047b78601928383e81fd84b2ad56c4a065fede00be8b56e40c56760296cd21
397,167,c4047b78601928383e81fd84b2ad56c4a065fede00be8b56e40c56760296cd21
398,167,c4047b78601928383e81fd84b2ad56c4a065fede00be8b56e40c56760296cd21
399,167,c4047b78601928383e81fd84b2ad56c4a065fede00be8b56e40c56760296cd21
400,167,c4047b78601928383e81fd84b2ad56c4a065fede00be8b56e40c56760296cd21
401,167,c4047b78601928383e81fd84b2ad56c4a065fede00be8b56e40c56760296cd21
402,167,c4047b78601928383e81fd84b2ad56c4a065fede00be8b56e40c56760296cd21
403,167,c4047b78601928383e81fd84b2ad56c4a065fede00be8b56e40c56760296cd21
404,167,c4047b78601928383e81fd84b2ad56c4a065fede00be8b56e40c56760296cd21
405,167,c4047b78601928383e81fd84b2ad56c4a065fede00be8b56e40c56760296cd21
406,167,c4047b78601928383e81fd84b2ad56c4a065fede00be8b56e40c56760296cd21
407,167,c4047b78601928383e81fd84b2ad56c4a065fede00be8b56e40c56760296cd21
408,167,c4047b78601928383e81fd84b2ad56c4a065fede00be8b56e40c56760296cd21
409,167,c4047b78601928383e81fd84b2ad56c4a065fede00be8b56e40c56760296cd21
410,167,c4047b78601928383e81fd84b2ad56c4a065fede00be8b56e40c56760296cd21
411,167,c4047b78601928383e81fd84b2ad56c4a065fede00be8b56e40c56760296cd21
412,167,c4047b78601928383e81fd84b2ad56c4a065fede00be8b56e40c56760296cd21
413,167,c4047b78601928383e81fd84b2ad56c4a065fede00be8b56e40c56760296cd21
414,167,c4047b78601928383e81fd84b2ad56c4a065fede00be8b56e40c56760296cd21
415,167,c4047b78601928383e81fd84b2ad56c4a065fede00be8b56e40c56760296cd21
502,167,c4047b78601928383e81fd84b2ad56c4a065fede00be8b56e40c56760296cd21
532,167,c4047b78601928383e81fd84b2ad56c4a065fede00be8b56e40c56760296cd21
244,168,c4047b78601928383e81fd84b2ad56c4a065fede00be8b56e40c56760296cd21
271,168,c4047b78601928383e81fd84b2ad56c4a065fede00be8b56e40c56760296cd21
272,168,c4047b78601928383e81fd84b2ad56c4a065fede00be8b56e40c56760296cd21
273,168,c4047b78601928383e81fd84b2ad56c4a065fede00be8b56e40c56760296cd21
274,168,c4047b78601928383e81fd84b2ad56c4a065fede00be8b56e40c56760296cd21
275,168,c4047b78601928383e81fd84b2ad56c4a065fede00be8b56e40c56760296cd21
276,168,c4047b78601928383e81fd84b2ad56c4a065fede00be8b56e40c56760296cd21
277,168,c4047b78601928383e81fd84b2ad56c4a065fede00be8b56e40c56760296cd21
278,168,c4047b78601928383e81fd84b2ad56c4a065fede00be8b56e40c56760296cd21
279,168,c4047b78601928383e81fd84b2ad56c4a065fede00be8b56e40c56760296cd21
280,168,c4047b78601928383e81fd84b2ad56c4a065fede00be8b56e40c56760296cd21
281,168,c4047b78601928383e81fd84b2ad56c4a065fede00be8b56e40c56760296cd21
282,168,c4047b78601928383e81fd84b2ad56c4a065fede00be8b56e40c56760296cd21
283,168,c4047b78601928383e81fd84b2ad56c4a065fede00be8b56e40c56760296cd21
284,168,c4047b78601928383e81fd84b2ad56c4a065fede00be8b56e40c56760296cd21
285,168,c4047b78601928383e81fd84b2ad56c4a065fede00be8b56e40c56760296cd21
286,168,c4047b78601928383e81fd84b2ad56c4a065fede00be8b56e40c56760296cd21
287,168,c4047b78601928383e81fd84b2ad56c4a065fede00be8b56e40c56760296cd21
288,168,c4047b78601928383e81fd84b2ad56c4a065fede00be8b56e40c56760296cd21
289,168,c4047b78601928383e81fd84b2ad56c4a065fede00be8b56e40c56760296cd21
290,168,c4047b78601928383e81fd84b2ad56c4a065fede00be8b56e40c56760296cd21
291,168,c4047b78601928383e81fd84b2ad56c4a065fede00be8b56e40c56760296cd21
292,168,c4047b78601928383e81fd84b2ad56c4a065fede00be8b56e40c56760296cd21
293,168,c4047b78601928383e81fd84b2ad56c4a065fede00be8b56e40c56760296cd21
294,168,c4047b78601928383e81fd84b2ad56c4a065fede00be8b56e40c56760296cd21
295,168,c4047b78601928383e81fd84b2ad56c4a065fede00be8b56e40c56760296cd21
296,168,c4047b78601928383e81fd84b2ad56c4a065fede00be8b56e40c56760296cd21
297,168,c4047b78601928383e81fd84b2ad56c4a065fede00be8b56e40c56760296cd21
298,168,c4047b78601928383e81fd84b2ad56c4a065fede00be8b56e40c56760296cd21
299,168,c4047b78601928383e81fd84b2ad56c4a065fede00be8b56e40c56760296cd21
300,168,c4047b78601928383e81fd84b2ad56c4a065fede00be8b56e40c56760296cd21
301,168,c4047b78601928383e81fd84b2ad56c4a065fede00be8b56e40c56760296cd21
302,168,c4047b78601928383e81fd84b2ad56c4a065fede00be8b56e40c56760296cd21
303,168,c4047b78601928383e81fd84b2ad56c4a065fede00be8b56e40c56760296cd21
304,168,c4047b78601928383e81fd84b2ad56c4a065fede00be8b56e40c56760296cd21
305,168,c4047b78601928383e81fd84b2ad56c4a065fede00be8b56e40c56760296cd21
306,168,c4047b78601928383e81fd84b2ad56c4a065fede00be8b56e40c56760296cd21
307,168,c4047b78601928383e81fd84b2ad56c4a065fede00be8b56e40c56760296cd21
308,168,c4047b78601928383e81fd84b2ad56c4a065fede00be8b56e40c56760296cd21
309,168,c4047b78601928383e81fd84b2ad56c4a065fede00be8b56e40c56760296cd21
310,168,c4047b78601928383e81fd84b2ad56c4a065fede00be8b56e40c56760296cd21
311,168,c4047b78601928383e81fd84b2ad56c4a065fede00be8b56e40c56760296cd21
312,168,c4047b78601928383e81fd84b2ad56c4a065fede00be8b56e40c56760296cd21
313,168,c4047b78601928383e81fd84b2ad56c4a065fede00be8b56e40c56760296cd21
314,168,c4047b78601928383e81fd84b2ad56c4a065fede00be8b56e40c56760296cd21
315,168,c4047b78601928383e81fd84b2ad56c4a065fede00be8b56e40c56760296cd21
316,168,c4047b78601928383e81fd84b2ad56c4a065fede00be8b56e40c56760296cd21
317,168,c4047b78601928383e81fd84b2ad56c4a065fede00be8b56e40c56760296cd21
318,168,c4047b78601928383e81fd84b2ad56c4a065fede00be8b56e40c56760296cd21
319,168,c4047b78601928383e81fd84b2ad56c4a065fede00be8b56e40c56760296cd21
320,168,c4047b78601928383e81fd84b2ad56c4a065fede00be8b56e40c56760296cd21
321,168,c4047b78601928383e81fd84b2ad56c4a065fede00be8b56e40c56760296cd21
322,168,c4047b78601928383e81fd84b2ad56c4a065fede00be8b56e40c56760296cd21
323,168,c4047b78601928383e81fd84b2ad56c4a065fede00be8b56e40c56760296cd21
324,168,c4047b78601928383e81fd84b2ad56c4a065fede00be8b56e40c56760296cd21
325,168,c4047b78601928383e81fd84b2ad56c4a065fede00be8b56e40c56760296cd21
326,168,c4047b78601928383e81fd84b2ad56c4a065fede00be8b56e40c56760296cd21
327,168,c4047b78601928383e81fd84b2ad56c4a065fede00be8b56e40c56760296cd21
328,168,c4047b78601928383e81fd84b2ad56c4a065fede00be8b56e40c56760296cd21
329,168,c4047b78601928383e81fd84b2ad56c4a065fede00be8b56e40c56760296cd21
330,168,c4047b78601928383e81fd84b2ad56c4a065fede00be8b56e40c56760296cd21
331,168,c4047b78601928383e81fd84b2ad56c4a065fede00be8b56e40c56760296cd21
332,168,c4047b78601928383e81fd84b2ad56c4a065fede00be8b56e40c56760296cd21
333,168,c4047b78601928383e81fd84b2ad56c4a065fede00be8b56e40c56760296cd21
334,168,c4047b78601928383e81fd84b2ad56c4a065fede00be8b56e40c56760296cd21
335,168,c4047b78601928383e81fd84b2ad56c4a065fede00be8b56e40c56760296cd21
336,168,c4047b78601928383e81fd84b2ad56c4a065fede00be8b56e40c56760296cd21
337,168,c4047b78601928383e81fd84b2ad56c4a065fede00be8b56e40c56760296cd21
338,168,c4047b78601928383e81fd84b2ad56c4a065fede00be8b56e40c56760296cd21
339,168,c4047b78601928383e81fd84b2ad56c4a065fede00be8b56e40c56760296cd21
340,168,c4047b78601928383e81fd84b2ad56c4a065fede00be8b56e40c56760296cd21
341,168,c4047b78601928383e81fd84b2ad56c4a065fede00be8b56e40c56760296cd21
342,168,c4047b78601928383e81fd84b2ad56c4a065fede00be8b56e40c56760296cd21
343,168,c4047b78601928383e81fd84b2ad56c4a065fede00be8b56e40c56760296cd21
344,168,c4047b78601928383e81fd84b2ad56c4a065fede00be8b56e40c56760296cd21
345,168,c4047b78601928383e81fd84b2ad56c4a065fede00be8b56e40c56760296cd21
346,168,c4047b78601928383e81fd84b2ad56c4a065fede00be8b56e40c56760296cd21
347,168,c4047b78601928383e81fd84b2ad56c4a065fede00be8b56e40c56760296cd21
348,168,c4047b78601928383e81fd84b2ad56c4a065fede00be8b56e40c56760296cd21
349,168,c4047b78601928383e81fd84b2ad56c4a065fede00be8b56e40c56760296cd21
350,168,c4047b78601928383e81fd84b2ad56c4a065fede00be8b56e40c56760296cd21
351,168,c4047b78601928383e81fd84b2ad56c4a065fede00be8b56e40c56760296cd21
352,168,c4047b78601928383e81fd84b2ad56c4a065fede00be8b56e40c56760296cd21
353,168,c4047b78601928383e81fd84b2ad56c4a065fede00be8b56e40c56760296cd21
354,168,c4047b78601928383e81fd84b2ad56c4a065fede00be8b56e40c56760296cd21
355,168,c4047b78601928383e81fd84b2ad56c4a065fede00be8b56e40c56760296cd21
356,168,c4047b78601928383e81fd84b2ad56c4a065fede00be8b56e40c56760296cd21
357,168,c4047b78601928383e81fd84b2ad56c4a065fede00be8b56e40c56760296cd21
358,168,c4047b78601928383e81fd84b2ad56c4a065fede00be8b56e40c56760296cd21
359,168,c4047b78601928383e81fd84b2ad56c4a065fede00be8b56e40c56760296cd21
360,168,c4047b78601928383e81fd84b2ad56c4a065fede00be8b56e40c56760296cd21
361,168,c4047b78601928383e81fd84b2ad56c4a065fede00be8b56e40c56760296cd21
362,168,c4047b78601928383e81fd84b2ad56c4a065fede00be8b56e40c56760296cd21
363,168,c4047b78601928383e81fd84b2ad56c4a065fede00be8b56e40c56760296cd21
364,168,c4047b78601928383e81fd84b2ad56c4a065fede00be8b56e40c56760296cd21
365,168,c4047b78601928383e81fd84b2ad56c4a065fede00be8b56e40c56760296cd21
366,168,c4047b78601928383e81fd84b2ad56c4a065fede00be8b56e40c56760296cd21
367,168,c4047b78601928383e81fd84b2ad56c4a065fede00be8b56e40c56760296cd21
368,168,c4047b78601928383e81fd84b2ad56c4a065fede00be8b56e40c56760296cd21
369,168,c4047b78601928383e81fd84b2ad56c4a065fede00be8b56e40c56760296cd21
370,168,c4047b78601928383e81fd84b2ad56c4a065fede00be8b56e40c56760296cd21
371,168,c4047b78601928383e81fd84b2ad56c4a065fede00be8b56e40c56760296cd21
372,168,c4047b78601928383e81fd84b2ad56c4a065fede00be8b56e40c56760296cd21
373,168,c4047b78601928383e81fd84b2ad56c4a065fede00be8b56e40c56760296cd21
374,168,c4047b78601928383e81fd84b2ad56c4a065fede00be8b56e40c56760296cd21
375,168,c4047b78601928383e81fd84b2ad56c4a065fede00be8b56e40c56760296cd21
376,168,c4047b78601928383e81fd84b2ad56c4a065fede00be8b56e40c56760296cd21
377,168,c4047b78601928383e81fd84b2ad56c4a065fede00be8b56e40c56760296cd21
378,168,c4047b78601928383e81fd84b2ad56c4a065fede00be8b56e40c56760296cd21
379,168,c4047b78601928383e81fd84b2ad56c4a065fede00be8b56e40c56760296cd21
380,168,c4047b78601928383e81fd84b2ad56c4a065fede00be8b56e40c56760296cd21
381,168,c4047b78601928383e81fd84b2ad56c4a065fede00be8b56e40c56760296cd21
382,168,c4047b78601928383e81fd84b2ad56c4a065fede00be8b56e40c56760296cd21
383,168,c4047b78601928383e81fd84b2ad56c4a065fede00be8b56e40c56760296cd21
384,168,c4047b78601928383e81fd84b2ad56c4a065fede00be8b56e40c56760296cd21
385,168,c4047b78601928383e81fd84b2ad56c4a065fede00be8b56e40c56760296cd21
386,168,c4047b78601928383e81fd84b2ad56c4a065fede00be8b56e40c56760296cd21
387,168,c4047b78601928383e81fd84b2ad56c4a065fede00be8b56e40c56760296cd21
388,168,c4047b78601928383e81fd84b2ad56c4a065fede00be8b56e40c56760296cd21
389,168,c4047b78601928383e81fd84b2ad56c4a065fede00be8b56e40c56760296cd21
390,168,c4047b78601928383e81fd84b2ad56c4a065fede00be8b56e40c56760296cd21
391,168,c4047b78601928383e81fd84b2ad56c4a065fede00be8b56e40c56760296cd21
392,168,c4047b78601928383e81fd84b2ad56c4a065fede00be8b56e40c56760296cd21
393,168,c4047b78601928383e81fd84b2ad56c4a065fede00be8b56e40c56760296cd21
394,168,c4047b78601928383e81fd84b2ad56c4a065fede00be8b56e40c56760296cd21
395,168,c4047b78601928383e81fd84b2ad56c4a065fede00be8b56e40c56760296cd21
396,168,c4047b78601928383e81fd84b2ad56c4a065fede00be8b56e40c56760296cd21
397,168,c4047b78601928383e81fd84b2ad56c4a065fede00be8b56e40c56760296cd21
398,168,c4047b78601928383e81fd84b2ad56c4a065fede00be8b56e40c56760296cd21
399,168,c4047b78601928383e81fd84b2ad56c4a065fede00be8b56e40c56760296cd21
400,168,c4047b78601928383e81fd84b2ad56c4a065fede00be8b56e40c56760296cd21
401,168,c4047b78601928383e81fd84b2ad56c4a065fede00be8b56e40c56760296cd21
402,168,c4047b78601928383e81fd84b2ad56c4a065fede00be8b56e40c56760296cd21
403,168,c4047b78601928383e81fd84b2ad56c4a065fede00be8b56e40c56760296cd21
404,168,c4047b78601928383e81fd84b2ad56c4a065fede00be8b56e40c56760296cd21
405,168,c4047b78601928383e81fd84b2ad56c4a065fede00be8b56e40c56760296cd21
406,168,c4047b78601928383e81fd84b2ad56c4a065fede00be8b56e40c56760296cd21
407,168,c4047b78601928383e81fd84b2ad56c4a065fede00be8b56e40c56760296cd21
408,168,c4047b78601928383e81fd84b2ad56c4a065fede00be8b56e40c56760296cd21
409,168,c4047b78601928383e81fd84b2ad56c4a065fede00be8b56e40c56760296cd21
410,168,c4047b78601928383e81fd84b2ad56c4a065fede00be8b56e40c56760296cd21
411,168,c4047b78601928383e81fd84b2ad56c4a065fede00be8b56e40c56760296cd21
412,168,c4047b78601928383e81fd84b2ad56c4a065fede00be8b56e40c56760296cd21
413,168,c4047b78601928383e81fd84b2ad56c4a065fede00be8b56e40c56760296cd21
414,168,c4047b78601928383e81fd84b2ad56c4a065fede00be8b56e40c56760296cd21
415,168,c4047b78601928383e81fd84b2ad56c4a065fede00be8b56e40c56760296cd21
502,168,c4047b78601928383e81fd84b2ad56c4a065fede00be8b56e40c56760296cd21
532,168,c4047b78601928383e81fd84b2ad56c4a065fede00be8b56e40c56760296cd21
244,169,c4047b78601928383e81fd84b2ad56c4a065fede00be8b56e40c56760296cd21
271,169,c4047b78601928383e81fd84b2ad56c4a065fede00be8b56e40c56760296cd21
272,169,c4047b78601928383e81fd84b2ad56c4a065fede00be8b56e40c56760296cd21
273,169,c4047b78601928383e81fd84b2ad56c4a065fede00be8b56e40c56760296cd21
274,169,c4047b78601928383e81fd84b2ad56c4a065fede00be8b56e40c56760296cd21
275,169,c4047b78601928383e81fd84b2ad56c4a065fede00be8b56e40c56760296cd21
276,169,c4047b78601928383e81fd84b2ad56c4a065fede00be8b56e40c56760296cd21
277,169,c4047b78601928383e81fd84b2ad56c4a065fede00be8b56e40c56760296cd21
278,169,c4047b78601928383e81fd84b2ad56c4a065fede00be8b56e40c56760296cd21
279,169,c4047b78601928383e81fd84b2ad56c4a065fede00be8b56e40c56760296cd21
280,169,c4047b78601928383e81fd84b2ad56c4a065fede00be8b56e40c56760296cd21
281,169,c4047b78601928383e81fd84b2ad56c4a065fede00be8b56e40c56760296cd21
282,169,c4047b78601928383e81fd84b2ad56c4a065fede00be8b56e40c56760296cd21
283,169,c4047b78601928383e81fd84b2ad56c4a065fede00be8b56e40c56760296cd21
284,169,c4047b78601928383e81fd84b2ad56c4a065fede00be8b56e40c56760296cd21
285,169,c4047b78601928383e81fd84b2ad56c4a065fede00be8b56e40c56760296cd21
286,169,c4047b78601928383e81fd84b2ad56c4a065fede00be8b56e40c56760296cd21
287,169,c4047b78601928383e81fd84b2ad56c4a065fede00be8b56e40c56760296cd21
288,169,c4047b78601928383e81fd84b2ad56c4a065fede00be8b56e40c56760296cd21
289,169,c4047b78601928383e81fd84b2ad56c4a065fede00be8b56e40c56760296cd21
290,169,c4047b78601928383e81fd84b2ad56c4a065fede00be8b56e40c56760296cd21
291,169,c4047b78601928383e81fd84b2ad56c4a065fede00be8b56e40c56760296cd21
415,169,c4047b78601928383e81fd84b2ad56c4a065fede00be8b56e40c56760296cd21
502,169,c4047b78601928383e81fd84b2ad56c4a065fede00be8b56e40c56760296cd21
532,169,c4047b78601928383e81fd84b2ad56c4a065fede00be8b56e40c56760296cd21
244,170,c4047b78601928383e81fd84b2ad56c4a065fede00be8b56e40c56760296cd21
271,170,c4047b78601928383e81fd84b2ad56c4a065fede00be8b56e40c56760296cd21
272,170,c4047b78601928383e81fd84b2ad56c4a065fede00be8b56e40c56760296cd21
273,170,c4047b78601928383e81fd84b2ad56c4a065fede00be8b56e40c56760296cd21
274,170,c4047b78601928383e81fd84b2ad56c4a065fede00be8b56e40c56760296cd21
275,170,c4047b78601928383e81fd84b2ad56c4a065fede00be8b56e40c56760296cd21
276,170,c4047b78601928383e81fd84b2ad56c4a065fede00be8b56e40c56760296cd21
277,170,c4047b78601928383e81fd84b2ad56c4a065fede00be8b56e40c56760296cd21
278,170,c4047b78601928383e81fd84b2ad56c4a065fede00be8b56e40c56760296cd21
279,170,c4047b78601928383e81fd84b2ad56c4a065fede00be8b56e40c56760296cd21
280,170,c4047b78601928383e81fd84b2ad56c4a065fede00be8b56e40c56760296cd21
281,170,c4047b78601928383e81fd84b2ad56c4a065fede00be8b56e40c56760296cd21
282,170,c4047b78601928383e81fd84b2ad56c4a065fede00be8b56e40c56760296cd21
283,170,c4047b78601928383e81fd84b2ad56c4a065fede00be8b56e40c56760296cd21
284,170,c4047b78601928383e81fd84b2ad56c4a065fede00be8b56e40c56760296cd21
285,170,c4047b78601928383e81fd84b2ad56c4a065fede00be8b56e40c56760296cd21
286,170,c4047b78601928383e81fd84b2ad56c4a065fede00be8b56e40c56760296cd21
287,170,c4047b78601928383e81fd84b2ad56c4a065fede00be8b56e40c56760296cd21
288,170,c4047b78601928383e81fd84b2ad56c4a065fede00be8b56e40c56760296cd21
289,170,c4047b78601928383e81fd84b2ad56c4a065fede00be8b56e40c56760296cd21
290,170,c4047b78601928383e81fd84b2ad56c4a065fede00be8b56e40c56760296cd21
291,170,c4047b78601928383e81fd84b2ad56c4a065fede00be8b56e40c56760296cd21
415,170,c4047b78601928383e81fd84b2ad56c4a065fede00be8b56e40c56760296cd21
502,170,c4047b78601928383e81fd84b2ad56c4a065fede00be8b56e40c56760296cd21
532,170,c4047b78601928383e81fd84b2ad56c4a065fede00be8b56e40c56760296cd21
244,171,c4047b78601928383e81fd84b2ad56c4a065fede00be8b56e40c56760296cd21
271,171,c4047b78601928383e81fd84b2ad56c4a065fede00be8b56e40c56760296cd21
272,171,c4047b78601928383e81fd84b2ad56c4a065fede00be8b56e40c56760296cd21
273,171,c4047b78601928383e81fd84b2ad56c4a065fede00be8b56e40c56760296cd21
274,171,c4047b78601928383e81fd84b2ad56c4a065fede00be8b56e40c56760296cd21
275,171,c4047b78601928383e81fd84b2ad56c4a065fede00be8b56e40c56760296cd21
276,171,c4047b78601928383e81fd84b2ad56c4a065fede00be8b56e40c56760296cd21
277,171,c4047b78601928383e81fd84b2ad56c4a065fede00be8b56e40c56760296cd21
278,171,c4047b78601928383e81fd84b2ad56c4a065fede00be8b56e40c56760296cd21
279,171,c4047b78601928383e81fd84b2ad56c4a065fede00be8b56e40c56760296cd21
280,171,c4047b78601928383e81fd84b2ad56c4a065fede00be8b56e40c56760296cd21
281,171,c4047b78601928383e81fd84b2ad56c4a065fede00be8b56e40c56760296cd21
282,171,c4047b78601928383e81fd84b2ad56c4a065fede00be8b56e40c56760296cd21
283,171,c4047b78601928383e81fd84b2ad56c4a065fede00be8b56e40c56760296cd21
284,171,c4047b78601928383e81fd84b2ad56c4a065fede00be8b56e40c56760296cd21
285,171,c4047b78601928383e81fd84b2ad56c4a065fede00be8b56e40c56760296cd21
286,171,c4047b78601928383e81fd84b2ad56c4a065fede00be8b56e40c56760296cd21
287,171,c4047b78601928383e81fd84b2ad56c4a065fede00be8b56e40c56760296cd21
288,171,c4047b78601928383e81fd84b2ad56c4a065fede00be8b56e40c56760296cd21
289,171,c4047b78601928383e81fd84b2ad56c4a065fede00be8b56e40c56760296cd21
290,171,c4047b78601928383e81fd84b2ad56c4a065fede00be8b56e40c56760296cd21
291,171,c4047b78601928383e81fd84b2ad56c4a065fede00be8b56e40c56760296cd21
415,171,c4047b78601928383e81fd84b2ad56c4a065fede00be8b56e40c56760296cd21
502,171,c4047b78601928383e81fd84b2ad56c4a065fede00be8b56e40c56760296cd21
532,171,c4047b78601928383e81fd84b2ad56c4a065fede00be8b56e40c56760296cd21
244,172,c4047b78601928383e81fd84b2ad56c4a065fede00be8b56e40c56760296cd21
271,172,c4047b78601928383e81fd84b2ad56c4a065fede00be8b56e40c56760296cd21
272,172,c4047b78601928383e81fd84b2ad56c4a065fede00be8b56e40c56760296cd21
273,172,c4047b78601928383e81fd84b2ad56c4a065fede00be8b56e40c56760296cd21
274,172,c4047b78601928383e81fd84b2ad56c4a065fede00be8b56e40c56760296cd21
275,172,c4047b78601928383e81fd84b2ad56c4a065fede00be8b56e40c56760296cd21
276,172,c4047b78601928383e81fd84b2ad56c4a065fede00be8b56e40c56760296cd21
277,172,c4047b78601928383e81fd84b2ad56c4a065fede00be8b56e40c56760296cd21
278,172,c4047b78601928383e81fd84b2ad56c4a065fede00be8b56e40c56760296cd21
279,172,c4047b78601928383e81fd84b2ad56c4a065fede00be8b56e40c56760296cd21
280,172,c4047b78601928383e81fd84b2ad56c4a065fede00be8b56e40c56760296cd21
281,172,c4047b78601928383e81fd84b2ad56c4a065fede00be8b56e40c56760296cd21
282,172,c4047b78601928383e81fd84b2ad56c4a065fede00be8b56e40c56760296cd21
283,172,c4047b78601928383e81fd84b2ad56c4a065fede00be8b56e40c56760296cd21
284,172,c4047b78601928383e81fd84b2ad56c4a065fede00be8b56e40c56760296cd21
285,172,c4047b78601928383e81fd84b2ad56c4a065fede00be8b56e40c56760296cd21
286,172,c4047b78601928383e81fd84b2ad56c4a065fede00be8b56e40c56760296cd21
287,172,c4047b78601928383e81fd84b2ad56c4a065fede00be8b56e40c56760296cd21
288,172,c4047b78601928383e81fd84b2ad56c4a065fede00be8b56e40c56760296cd21
289,172,c4047b78601928383e81fd84b2ad56c4a065fede00be8b56e40c56760296cd21
290,172,c4047b78601928383e81fd84b2ad56c4a065fede00be8b56e40c56760296cd21
291,172,c4047b78601928383e81fd84b2ad56c4a065fede00be8b56e40c56760296cd21
415,172,c4047b78601928383e81fd84b2ad56c4a065fede00be8b56e40c56760296cd21
502,172,c4047b78601928383e81fd84b2ad56c4a065fede00be8b56e40c56760296cd21
532,172,c4047b78601928383e81fd84b2ad56c4a065fede00be8b56e40c56760296cd21
244,173,c4047b78601928383e81fd84b2ad56c4a065fede00be8b56e40c56760296cd21
271,173,c4047b78601928383e81fd84b2ad56c4a065fede00be8b56e40c56760296cd21
272,173,c4047b78601928383e81fd84b2ad56c4a065fede00be8b56e40c56760296cd21
273,173,c4047b78601928383e81fd84b2ad56c4a065fede00be8b56e40c56760296cd21
274,173,c4047b78601928383e81fd84b2ad56c4a065fede00be8b56e40c56760296cd21
275,173,c4047b78601928383e81fd84b2ad56c4a065fede00be8b56e40c56760296cd21
276,173,c4047b78601928383e81fd84b2ad56c4a065fede00be8b56e40c56760296cd21
277,173,c4047b78601928383e81fd84b2ad56c4a065fede00be8b56e40c56760296cd21
278,173,c4047b78601928383e81fd84b2ad56c4a065fede00be8b56e40c56760296cd21
279,173,c4047b78601928383e81fd84b2ad56c4a065fede00be8b56e40c56760296cd21
280,173,c4047b78601928383e81fd84b2ad56c4a065fede00be8b56e40c56760296cd21
281,173,c4047b78601928383e81fd84b2ad56c4a065fede00be8b56e40c56760296cd21
282,173,c4047b78601928383e81fd84b2ad56c4a065fede00be8b56e40c56760296cd21
283,173,c4047b78601928383e81fd84b2ad56c4a065fede00be8b56e40c56760296cd21
284,173,c4047b78601928383e81fd84b2ad56c4a065fede00be8b56e40c56760296cd21
285,173,c4047b78601928383e81fd84b2ad56c4a065fede00be8b56e40c56760296cd21
286,173,c4047b78601928383e81fd84b2ad56c4a065fede00be8b56e40c56760296cd21
287,173,c4047b78601928383e81fd84b2ad56c4a065fede00be8b56e40c56760296cd21
288,173,c4047b78601928383e81fd84b2ad56c4a065fede00be8b56e40c56760296cd21
289,173,c4047b78601928383e81fd84b2ad56c4a065fede00be8b56e40c56760296cd21
290,173,c4047b78601928383e81fd84b2ad56c4a065fede00be8b56e40c56760296cd21
291,173,c4047b78601928383e81fd84b2ad56c4a065fede00be8b56e40c56760296cd21
415,173,c4047b78601928383e81fd84b2ad56c4a065fede00be8b56e40c56760296cd21
502,173,c4047b78601928383e81fd84b2ad56c4a065fede00be8b56e40c56760296cd21
532,173,c4047b78601928383e81fd84b2ad56c4a065fede00be8b56e40c56760296cd21
244,174,c4047b78601928383e81fd84b2ad56c4a065fede00be8b56e40c56760296cd21
271,174,c4047b78601928383e81fd84b2ad56c4a065fede00be8b56e40c56760296cd21
415,174,c4047b78601928383e81fd84b2ad56c4a065fede00be8b56e40c56760296cd21
502,174,c4047b78601928383e81fd84b2ad56c4a065fede00be8b56e40c56760296cd21
532,174,c4047b78601928383e81fd84b2ad56c4a065fede00be8b56e40c56760296cd21
244,175,c4047b78601928383e81fd84b2ad56c4a065fede00be8b56e40c56760296cd21
271,175,c4047b78601928383e81fd84b2ad56c4a065fede00be8b56e40c56760296cd21
415,175,c4047b78601928383e81fd84b2ad56c4a065fede00be8b56e40c56760296cd21
502,175,c4047b78601928383e81fd84b2ad56c4a065fede00be8b56e40c56760296cd21
532,175,c4047b78601928383e81fd84b2ad56c4a065fede00be8b56e40c56760296cd21
244,176,c4047b78601928383e81fd84b2ad56c4a065fede00be8b56e40c56760296cd21
271,176,c4047b78601928383e81fd84b2ad56c4a065fede00be8b56e40c56760296cd21
415,176,c4047b78601928383e81fd84b2ad56c4a065fede00be8b56e40c56760296cd21
502,176,c4047b78601928383e81fd84b2ad56c4a065fede00be8b56e40c56760296cd21
532,176,c4047b78601928383e81fd84b2ad56c4a065fede00be8b56e40c56760296cd21
244,177,c4047b78601928383e81fd84b2ad56c4a065fede00be8b56e40c56760296cd21
271,177,c4047b78601928383e81fd84b2ad56c4a065fede00be8b56e40c56760296cd21
415,177,c4047b78601928383e81fd84b2ad56c4a065fede00be8b56e40c56760296cd21
502,177,c4047b78601928383e81fd84b2ad56c4a065fede00be8b56e40c56760296cd21
532,177,c4047b78601928383e81fd84b2ad56c4a065fede00be8b56e40c56760296cd21
244,178,c4047b78601928383e81fd84b2ad56c4a065fede00be8b56e40c56760296cd21
271,178,c4047b78601928383e81fd84b2ad56c4a065fede00be8b56e40c56760296cd21
415,178,c4047b78601928383e81fd84b2ad56c4a065fede00be8b56e40c56760296cd21
502,178,c4047b78601928383e81fd84b2ad56c4a065fede00be8b56e40c56760296cd21
532,178,c4047b78601928383e81fd84b2ad56c4a065fede00be8b56e40c56760296cd21
244,179,c4047b78601928383e81fd84b2ad56c4a065fede00be8b56e40c56760296cd21
271,179,c4047b78601928383e81fd84b2ad56c4a065fede00be8b56e40c56760296cd21
415,179,c4047b78601928383e81fd84b2ad56c4a065fede00be8b56e40c56760296cd21
502,179,c4047b78601928383e81fd84b2ad56c4a065fede00be8b56e40c56760296cd21
532,179,c4047b78601928383e81fd84b2ad56c4a065fede00be8b56e40c56760296cd21
244,180,c4047b78601928383e81fd84b2ad56c4a065fede00be8b56e40c56760296cd21
271,180,c4047b78601928383e81fd84b2ad56c4a065fede00be8b56e40c56760296cd21
415,180,c4047b78601928383e81fd84b2ad56c4a065fede00be8b56e40c56760296cd21
502,180,c4047b78601928383e81fd84b2ad56c4a065fede00be8b56e40c56760296cd21
532,180,c4047b78601928383e81fd84b2ad56c4a065fede00be8b56e40c56760296cd21
244,181,c4047b78601928383e81fd84b2ad56c4a065fede00be8b56e40c56760296cd21
271,181,c4047b78601928383e81fd84b2ad56c4a065fede00be8b56e40c56760296cd21
415,181,c4047b78601928383e81fd84b2ad56c4a065fede00be8b56e40c56760296cd21
502,181,c4047b78601928383e81fd84b2ad56c4a065fede00be8b56e40c56760296cd21
532,181,c4047b78601928383e81fd84b2ad56c4a065fede00be8b56e40c56760296cd21
244,182,c4047b78601928383e81fd84b2ad56c4a065fede00be8b56e40c56760296cd21
271,182,c4047b78601928383e81fd84b2ad56c4a065fede00be8b56e40c56760296cd21
415,182,c4047b78601928383e81fd84b2ad56c4a065fede00be8b56e40c56760296cd21
502,182,c4047b78601928383e81fd84b2ad56c4a065fede00be8b56e40c56760296cd21
532,182,c4047b78601928383e81fd84b2ad56c4a065fede00be8b56e40c56760296cd21
244,183,c4047b78601928383e81fd84b2ad56c4a065fede00be8b56e40c56760296cd21
271,183,c4047b78601928383e81fd84b2ad56c4a065fede00be8b56e40c56760296cd21
415,183,c4047b78601928383e81fd84b2ad56c4a065fede00be8b56e40c56760296cd21
502,183,c4047b78601928383e81fd84b2ad56c4a065fede00be8b56e40c56760296cd21
532,183,c4047b78601928383e81fd84b2ad56c4a065fede00be8b56e40c56760296cd21
244,184,c4047b78601928383e81fd84b2ad56c4a065fede00be8b56e40c56760296cd21
271,184,c4047b78601928383e81fd84b2ad56c4a065fede00be8b56e40c56760296cd21
415,184,c4047b78601928383e81fd84b2ad56c4a065fede00be8b56e40c56760296cd21
502,184,c4047b78601928383e81fd84b2ad56c4a065fede00be8b56e40c56760296cd21
532,184,c4047b78601928383e81fd84b2ad56c4a065fede00be8b56e40c56760296cd21
244,185,c4047b78601928383e81fd84b2ad56c4a065fede00be8b56e40c56760296cd21
271,185,c4047b78601928383e81fd84b2ad56c4a065fede00be8b56e40c56760296cd21
415,185,c4047b78601928383e81fd84b2ad56c4a065fede00be8b56e40c56760296cd21
502,185,c4047b78601928383e81fd84b2ad56c4a065fede00be8b56e40c56760296cd21
532,185,c4047b78601928383e81fd84b2ad56c4a065fede00be8b56e40c56760296cd21
244,186,c4047b78601928383e81fd84b2ad56c4a065fede00be8b56e40c56760296cd21
271,186,c4047b78601928383e81fd84b2ad56c4a065fede00be8b56e40c56760296cd21
415,186,c4047b78601928383e81fd84b2ad56c4a065fede00be8b56e40c56760296cd21
502,186,c4047b78601928383e81fd84b2ad56c4a065fede00be8b56e40c56760296cd21
532,186,c4047b78601928383e81fd84b2ad56c4a065fede00be8b56e40c56760296cd21
244,187,c4047b78601928383e81fd84b2ad56c4a065fede00be8b56e40c56760296cd21
271,187,c4047b78601928383e81fd84b2ad56c4a065fede00be8b56e40c56760296cd21
415,187,c4047b78601928383e81fd84b2ad56c4a065fede00be8b56e40c56760296cd21
502,187,c4047b78601928383e81fd84b2ad56c4a065fede00be8b56e40c56760296cd21
532,187,c4047b78601928383e81fd84b2ad56c4a065fede00be8b56e40c56760296cd21
244,188,c4047b78601928383e81fd84b2ad56c4a065fede00be8b56e40c56760296cd21
271,188,c4047b78601928383e81fd84b2ad56c4a065fede00be8b56e40c56760296cd21
415,188,c4047b78601928383e81fd84b2ad56c4a065fede00be8b56e40c56760296cd21
502,188,c4047b78601928383e81fd84b2ad56c4a065fede00be8b56e40c56760296cd21
532,188,c4047b78601928383e81fd84b2ad56c4a065fede00be8b56e40c56760296cd21
244,189,c4047b78601928383e81fd84b2ad56c4a065fede00be8b56e40c56760296cd21
271,189,c4047b78601928383e81fd84b2ad56c4a065fede00be8b56e40c56760296cd21
415,189,c4047b78601928383e81fd84b2ad56c4a065fede00be8b56e40c56760296cd21
502,189,c4047b78601928383e81fd84b2ad56c4a065fede00be8b56e40c56760296cd21
532,189,c4047b78601928383e81fd84b2ad56c4a065fede00be8b56e40c56760296cd21
244,190,c4047b78601928383e81fd84b2ad56c4a065fede00be8b56e40c56760296cd21
271,190,c4047b78601928383e81fd84b2ad56c4a065fede00be8b56e40c56760296cd21
415,190,c4047b78601928383e81fd84b2ad56c4a065fede00be8b56e40c56760296cd21
502,190,c4047b78601928383e81fd84b2ad56c4a065fede00be8b56e40c56760296cd21
532,190,c4047b78601928383e81fd84b2ad56c4a065fede00be8b56e40c56760296cd21
244,191,c4047b78601928383e81fd84b2ad56c4a065fede00be8b56e40c56760296cd21
271,191,c4047b78601928383e81fd84b2ad56c4a065fede00be8b56e40c56760296cd21
415,191,c4047b78601928383e81fd84b2ad56c4a065fede00be8b56e40c56760296cd21
502,191,c4047b78601928383e81fd84b2ad56c4a065fede00be8b56e40c56760296cd21
532,191,c4047b78601928383e81fd84b2ad56c4a065fede00be8b56e40c56760296cd21
244,192,c4047b78601928383e81fd84b2ad56c4a065fede00be8b56e40c56760296cd21
271,192,c4047b78601928383e81fd84b2ad56c4a065fede00be8b56e40c56760296cd21
415,192,c4047b78601928383e81fd84b2ad56c4a065fede00be8b56e40c56760296cd21
502,192,c4047b78601928383e81fd84b2ad56c4a065fede00be8b56e40c56760296cd21
532,192,c4047b78601928383e81fd84b2ad56c4a065fede00be8b56e40c56760296cd21
244,193,c4047b78601928383e81fd84b2ad56c4a065fede00be8b56e40c56760296cd21
271,193,c4047b78601928383e81fd84b2ad56c4a065fede00be8b56e40c56760296cd21
415,193,c4047b78601928383e81fd84b2ad56c4a065fede00be8b56e40c56760296cd21
502,193,c4047b78601928383e81fd84b2ad56c4a065fede00be8b56e40c56760296cd21
532,193,c4047b78601928383e81fd84b2ad56c4a065fede00be8b56e40c56760296cd21
244,194,c4047b78601928383e81fd84b2ad56c4a065fede00be8b56e40c56760296cd21
271,194,c4047b78601928383e81fd84b2ad56c4a065fede00be8b56e40c56760296cd21
415,194,c4047b78601928383e81fd84b2ad56c4a065fede00be8b56e40c56760296cd21
502,194,c4047b78601928383e81fd84b2ad56c4a065fede00be8b56e40c56760296cd21
532,194,c4047b78601928383e81fd84b2ad56c4a065fede00be8b56e40c56760296cd21
244,195,c4047b78601928383e81fd84b2ad56c4a065fede00be8b56e40c56760296cd21
271,195,c4047b78601928383e81fd84b2ad56c4a065fede00be8b56e40c56760296cd21
415,195,c4047b78601928383e81fd84b2ad56c4a065fede00be8b56e40c56760296cd21
502,195,c4047b78601928383e81fd84b2ad56c4a065fede00be8b56e40c56760296cd21
532,195,c4047b78601928383e81fd84b2ad56c4a065fede00be8b56e40c56760296cd21
132,196,c4047b78601928383e81fd84b2ad56c4a065fede00be8b56e40c56760296cd21
143,196,c4047b78601928383e81fd84b2ad56c4a065fede00be8b56e40c56760296cd21
244,196,c4047b78601928383e81fd84b2ad56c4a065fede00be8b56e40c56760296cd21
271,196,c4047b78601928383e81fd84b2ad56c4a065fede00be8b56e40c56760296cd21
415,196,c4047b78601928383e81fd84b2ad56c4a065fede00be8b56e40c56760296cd21
502,196,c4047b78601928383e81fd84b2ad56c4a065fede00be8b56e40c56760296cd21
532,196,c4047b78601928383e81fd84b2ad56c4a065fede00be8b56e40c56760296cd21
244,197,c4047b78601928383e81fd84b2ad56c4a065fede00be8b56e40c56760296cd21
271,197,c4047b78601928383e81fd84b2ad56c4a065fede00be8b56e40c56760296cd21
415,197,c4047b78601928383e81fd84b2ad56c4a065fede00be8b56e40c56760296cd21
502,197,c4047b78601928383e81fd84b2ad56c4a065fede00be8b56e40c56760296cd21
532,197,c4047b78601928383e81fd84b2ad56c4a065fede00be8b56e40c56760296cd21
244,198,c4047b78601928383e81fd84b2ad56c4a065fede00be8b56e40c56760296cd21
271,198,c4047b78601928383e81fd84b2ad56c4a065fede00be8b56e40c56760296cd21
415,198,c4047b78601928383e81fd84b2ad56c4a065fede00be8b56e40c56760296cd21
502,198,c4047b78601928383e81fd84b2ad56c4a065fede00be8b56e40c56760296cd21
532,198,c4047b78601928383e81fd84b2ad56c4a065fede00be8b56e40c56760296cd21
244,199,c4047b78601928383e81fd84b2ad56c4a065fede00be8b56e40c56760296cd21
271,199,c4047b78601928383e81fd84b2ad56c4a065fede00be8b56e40c56760296cd21
415,199,c4047b78601928383e81fd84b2ad56c4a065fede00be8b56e40c56760296cd21
502,199,c4047b78601928383e81fd84b2ad56c4a065fede00be8b56e40c56760296cd21
532,199,c4047b78601928383e81fd84b2ad56c4a065fede00be8b56e40c56760296cd21
244,200,c4047b78601928383e81fd84b2ad56c4a065fede00be8b56e40c56760296cd21
271,200,c4047b78601928383e81fd84b2ad56c4a065fede00be8b56e40c56760296cd21
415,200,c4047b78601928383e81fd84b2ad56c4a065fede00be8b56e40c56760296cd21
502,200,c4047b78601928383e81fd84b2ad56c4a065fede00be8b56e40c56760296cd21
532,200,c4047b78601928383e81fd84b2ad56c4a065fede00be8b56e40c56760296cd21
244,201,c4047b78601928383e81fd84b2ad56c4a065fede00be8b56e40c56760296cd21
271,201,c4047b78601928383e81fd84b2ad56c4a065fede00be8b56e40c56760296cd21
415,201,c4047b78601928383e81fd84b2ad56c4a065fede00be8b56e40c56760296cd21
502,201,c4047b78601928383e81fd84b2ad56c4a065fede00be8b56e40c56760296cd21
532,201,c4047b78601928383e81fd84b2ad56c4a065fede00be8b56e40c56760296cd21
244,202,c4047b78601928383e81fd84b2ad56c4a065fede00be8b56e40c56760296cd21
271,202,c4047b78601928383e81fd84b2ad56c4a065fede00be8b56e40c56760296cd21
415,202,c4047b78601928383e81fd84b2ad56c4a065fede00be8b56e40c56760296cd21
502,202,c4047b78601928383e81fd84b2ad56c4a065fede00be8b56e40c56760296cd21
532,202,c4047b78601928383e81fd84b2ad56c4a065fede00be8b56e40c56760296cd21
244,203,c4047b78601928383e81fd84b2ad56c4a065fede00be8b56e40c56760296cd21
271,203,c4047b78601928383e81fd84b2ad56c4a065fede00be8b56e40c56760296cd21
415,203,c4047b78601928383e81fd84b2ad56c4a065fede00be8b56e40c56760296cd21
502,203,c4047b78601928383e81fd84b2ad56c4a065fede00be8b56e40c56760296cd21
532,203,c4047b78601928383e81fd84b2ad56c4a065fede00be8b56e40c56760296cd21
244,204,c4047b78601928383e81fd84b2ad56c4a065fede00be8b56e40c56760296cd21
271,204,c4047b78601928383e81fd84b2ad56c4a065fede00be8b56e40c56760296cd21
415,204,c4047b78601928383e81fd84b2ad56c4a065fede00be8b56e40c56760296cd21
502,204,c4047b78601928383e81fd84b2ad56c4a065fede00be8b56e40c56760296cd21
532,204,c4047b78601928383e81fd84b2ad56c4a065fede00be8b56e40c56760296cd21
244,205,c4047b78601928383e81fd84b2ad56c4a065fede00be8b56e40c56760296cd21
271,205,c4047b78601928383e81fd84b2ad56c4a065fede00be8b56e40c56760296cd21
415,205,c4047b78601928383e81fd84b2ad56c4a065fede00be8b56e40c56760296cd21
502,205,c4047b78601928383e81fd84b2ad56c4a065fede00be8b56e40c56760296cd21
532,205,c4047b78601928383e81fd84b2ad56c4a065fede00be8b56e40c56760296cd21
244,206,c4047b78601928383e81fd84b2ad56c4a065fede00be8b56e40c56760296cd21
271,206,c4047b78601928383e81fd84b2ad56c4a065fede00be8b56e40c56760296cd21
415,206,c4047b78601928383e81fd84b2ad56c4a065fede00be8b56e40c56760296cd21
502,206,c4047b78601928383e81fd84b2ad56c4a065fede00be8b56e40c56760296cd21
532,206,c4047b78601928383e81fd84b2ad56c4a065fede00be8b56e40c56760296cd21
244,207,c4047b78601928383e81fd84b2ad56c4a065fede00be8b56e40c56760296cd21
271,207,c4047b78601928383e81fd84b2ad56c4a065fede00be8b56e40c56760296cd21
415,207,c4047b78601928383e81fd84b2ad56c4a065fede00be8b56e40c56760296cd21
502,207,c4047b78601928383e81fd84b2ad56c4a065fede00be8b56e40c56760296cd21
532,207,c4047b78601928383e81fd84b2ad56c4a065fede00be8b56e40c56760296cd21
244,208,c4047b78601928383e81fd84b2ad56c4a065fede00be8b56e40c56760296cd21
271,208,c4047b78601928383e81fd84b2ad56c4a065fede00be8b56e40c56760296cd21
415,208,c4047b78601928383e81fd84b2ad56c4a065fede00be8b56e40c56760296cd21
502,208,c4047b78601928383e81fd84b2ad56c4a065fede00be8b56e40c56760296cd21
532,208,c4047b78601928383e81fd84b2ad56c4a065fede00be8b56e40c56760296cd21
244,209,c4047b78601928383e81fd84b2ad56c4a065fede00be8b56e40c56760296cd21
271,209,c4047b78601928383e81fd84b2ad56c4a065fede00be8b56e40c56760296cd21
415,209,c4047b78601928383e81fd84b2ad56c4a065fede00be8b56e40c56760296cd21
502,209,c4047b78601928383e81fd84b2ad56c4a065fede00be8b56e40c56760296cd21
532,209,c4047b78601928383e81fd84b2ad56c4a065fede00be8b56e40c56760296cd21
244,210,c4047b78601928383e81fd84b2ad56c4a065fede00be8b56e40c56760296cd21
271,210,c4047b78601928383e81fd84b2ad56c4a065fede00be8b56e40c56760296cd21
415,210,c4047b78601928383e81fd84b2ad56c4a065fede00be8b56e40c56760296cd21
502,210,c4047b78601928383e81fd84b2ad56c4a065fede00be8b56e40c56760296cd21
532,210,c4047b78601928383e81fd84b2ad56c4a065fede00be8b56e40c56760296cd21
244,211,c4047b78601928383e81fd84b2ad56c4a065fede00be8b56e40c56760296cd21
271,211,c4047b78601928383e81fd84b2ad56c4a065fede00be8b56e40c56760296cd21
415,211,c4047b78601928383e81fd84b2ad56c4a065fede00be8b56e40c56760296cd21
502,211,c4047b78601928383e81fd84b2ad56c4a065fede00be8b56e40c56760296cd21
532,211,c4047b78601928383e81fd84b2ad56c4a065fede00be8b56e40c56760296cd21
244,212,c4047b78601928383e81fd84b2ad56c4a065fede00be8b56e40c56760296cd21
271,212,c4047b78601928383e81fd84b2ad56c4a065fede00be8b56e40c56760296cd21
415,212,c4047b78601928383e81fd84b2ad56c4a065fede00be8b56e40c56760296cd21
502,212,c4047b78601928383e81fd84b2ad56c4a065fede00be8b56e40c56760296cd21
532,212,c4047b78601928383e81fd84b2ad56c4a065fede00be8b56e40c56760296cd21
244,213,c4047b78601928383e81fd84b2ad56c4a065fede00be8b56e40c56760296cd21
271,213,c4047b78601928383e81fd84b2ad56c4a065fede00be8b56e40c56760296cd21
415,213,c4047b78601928383e81fd84b2ad56c4a065fede00be8b56e40c56760296cd21
502,213,c4047b78601928383e81fd84b2ad56c4a065fede00be8b56e40c56760296cd21
532,213,c4047b78601928383e81fd84b2ad56c4a065fede00be8b56e40c56760296cd21
244,214,c4047b78601928383e81fd84b2ad56c4a065fede00be8b56e40c56760296cd21
271,214,c4047b78601928383e81fd84b2ad56c4a065fede00be8b56e40c56760296cd21
415,214,c4047b78601928383e81fd84b2ad56c4a065fede00be8b56e40c56760296cd21
502,214,c4047b78601928383e81fd84b2ad56c4a065fede00be8b56e40c56760296cd21
532,214,c4047b78601928383e81fd84b2ad56c4a065fede00be8b56e40c56760296cd21
244,215,c4047b78601928383e81fd84b2ad56c4a065fede00be8b56e40c56760296cd21
271,215,c4047b78601928383e81fd84b2ad56c4a065fede00be8b56e40c56760296cd21
415,215,c4047b78601928383e81fd84b2ad56c4a065fede00be8b56e40c56760296cd21
502,215,c4047b78601928383e81fd84b2ad56c4a065fede00be8b56e40c56760296cd21
532,215,c4047b78601928383e81fd84b2ad56c4a065fede00be8b56e40c56760296cd21
244,216,c4047b78601928383e81fd84b2ad56c4a065fede00be8b56e40c56760296cd21
271,216,c4047b78601928383e81fd84b2ad56c4a065fede00be8b56e40c56760296cd21
415,216,c4047b78601928383e81fd84b2ad56c4a065fede00be8b56e40c56760296cd21
502,216,c4047b78601928383e81fd84b2ad56c4a065fede00be8b56e40c56760296cd21
532,216,c4047b78601928383e81fd84b2ad56c4a065fede00be8b56e40c56760296cd21
244,217,c4047b78601928383e81fd84b2ad56c4a065fede00be8b56e40c56760296cd21
271,217,c4047b78601928383e81fd84b2ad56c4a065fede00be8b56e40c56760296cd21
415,217,c4047b78601928383e81fd84b2ad56c4a065fede00be8b56e40c56760296cd21
502,217,c4047b78601928383e81fd84b2ad56c4a065fede00be8b56e40c56760296cd21
532,217,c4047b78601928383e81fd84b2ad56c4a065fede00be8b56e40c56760296cd21
244,218,c4047b78601928383e81fd84b2ad56c4a065fede00be8b56e40c56760296cd21
271,218,c4047b78601928383e81fd84b2ad56c4a065fede00be8b56e40c56760296cd21
415,218,c4047b78601928383e81fd84b2ad56c4a065fede00be8b56e40c56760296cd21
502,218,c4047b78601928383e81fd84b2ad56c4a065fede00be8b56e40c56760296cd21
532,218,c4047b78601928383e81fd84b2ad56c4a065fede00be8b56e40c56760296cd21
244,219,c4047b78601928383e81fd84b2ad56c4a065fede00be8b56e40c56760296cd21
271,219,c4047b78601928383e81fd84b2ad56c4a065fede00be8b56e40c56760296cd21
415,219,c4047b78601928383e81fd84b2ad56c4a065fede00be8b56e40c56760296cd21
502,219,c4047b78601928383e81fd84b2ad56c4a065fede00be8b56e40c56760296cd21
532,219,c4047b78601928383e81fd84b2ad56c4a065fede00be8b56e40c56760296cd21
244,220,c4047b78601928383e81fd84b2ad56c4a065fede00be8b56e40c56760296cd21
271,220,c4047b78601928383e81fd84b2ad56c4a065fede00be8b56e40c56760296cd21
415,220,c4047b78601928383e81fd84b2ad56c4a065fede00be8b56e40c56760296cd21
502,220,c4047b78601928383e81fd84b2ad56c4a065fede00be8b56e40c56760296cd21
532,220,c4047b78601928383e81fd84b2ad56c4a065fede00be8b56e40c56760296cd21
584,220,c4047b78601928383e81fd84b2ad56c4a065fede00be8b56e40c56760296cd21
619,220,c4047b78601928383e81fd84b2ad56c4a065fede00be8b56e40c56760296cd21
244,221,c4047b78601928383e81fd84b2ad56c4a065fede00be8b56e40c56760296cd21
271,221,c4047b78601928383e81fd84b2ad56c4a065fede00be8b56e40c56760296cd21
415,221,c4047b78601928383e81fd84b2ad56c4a065fede00be8b56e40c56760296cd21
502,221,c4047b78601928383e81fd84b2ad56c4a065fede00be8b56e40c56760296cd21
532,221,c4047b78601928383e81fd84b2ad56c4a065fede00be8b56e40c56760296cd21
244,222,c4047b78601928383e81fd84b2ad56c4a065fede00be8b56e40c56760296cd21
271,222,c4047b78601928383e81fd84b2ad56c4a065fede00be8b56e40c56760296cd21
415,222,c4047b78601928383e81fd84b2ad56c4a065fede00be8b56e40c56760296cd21
502,222,c4047b78601928383e81fd84b2ad56c4a065fede00be8b56e40c56760296cd21
532,222,c4047b78601928383e81fd84b2ad56c4a065fede00be8b56e40c56760296cd21
244,223,c4047b78601928383e81fd84b2ad56c4a065fede00be8b56e40c56760296cd21
271,223,c4047b78601928383e81fd84b2ad56c4a065fede00be8b56e40c56760296cd21
415,223,c4047b78601928383e81fd84b2ad56c4a065fede00be8b56e40c56760296cd21
502,223,c4047b78601928383e81fd84b2ad56c4a065fede00be8b56e40c56760296cd21
532,223,c4047b78601928383e81fd84b2ad56c4a065fede00be8b56e40c56760296cd21
244,224,c4047b78601928383e81fd84b2ad56c4a065fede00be8b56e40c56760296cd21
271,224,c4047b78601928383e81fd84b2ad56c4a065fede00be8b56e40c56760296cd21
415,224,c4047b78601928383e81fd84b2ad56c4a065fede00be8b56e40c56760296cd21
502,224,c4047b78601928383e81fd84b2ad56c4a065fede00be8b56e40c56760296cd21
532,224,c4047b78601928383e81fd84b2ad56c4a065fede00be8b56e40c56760296cd21
244,225,c4047b78601928383e81fd84b2ad56c4a065fede00be8b56e40c56760296cd21
271,225,c4047b78601928383e81fd84b2ad56c4a065fede00be8b56e40c56760296cd21
415,225,c4047b78601928383e81fd84b2ad56c4a065fede00be8b56e40c56760296cd21
502,225,c4047b78601928383e81fd84b2ad56c4a065fede00be8b56e40c56760296cd21
532,225,c4047b78601928383e81fd84b2ad56c4a065fede00be8b56e40c56760296cd21
244,226,c4047b78601928383e81fd84b2ad56c4a065fede00be8b56e40c56760296cd21
271,226,c4047b78601928383e81fd84b2ad56c4a065fede00be8b56e40c56760296cd21
415,226,c4047b78601928383e81fd84b2ad56c4a065fede00be8b56e40c56760296cd21
502,226,c4047b78601928383e81fd84b2ad56c4a065fede00be8b56e40c56760296cd21
532,226,c4047b78601928383e81fd84b2ad56c4a065fede00be8b56e40c56760296cd21
244,227,c4047b78601928383e81fd84b2ad56c4a065fede00be8b56e40c56760296cd21
271,227,c4047b78601928383e81fd84b2ad56c4a065fede00be8b56e40c56760296cd21
415,227,c4047b78601928383e81fd84b2ad56c4a065fede00be8b56e40c56760296cd21
502,227,c4047b78601928383e81fd84b2ad56c4a065fede00be8b56e40c56760296cd21
532,227,c4047b78601928383e81fd84b2ad56c4a065fede00be8b56e40c56760296cd21
244,228,c4047b78601928383e81fd84b2ad56c4a065fede00be8b56e40c56760296cd21
271,228,c4047b78601928383e81fd84b2ad56c4a065fede00be8b56e40c56760296cd21
415,228,c4047b78601928383e81fd84b2ad56c4a065fede00be8b56e40c56760296cd21
502,228,c4047b78601928383e81fd84b2ad56c4a065fede00be8b56e40c56760296cd21
532,228,c4047b78601928383e81fd84b2ad56c4a065fede00be8b56e40c56760296cd21
244,229,c4047b78601928383e81fd84b2ad56c4a065fede00be8b56e40c56760296cd21
271,229,c4047b78601928383e81fd84b2ad56c4a065fede00be8b56e40c56760296cd21
415,229,c4047b78601928383e81fd84b2ad56c4a065fede00be8b56e40c56760296cd21
502,229,c4047b78601928383e81fd84b2ad56c4a065fede00be8b56e40c56760296cd21
532,229,c4047b78601928383e81fd84b2ad56c4a065fede00be8b56e40c56760296cd21
244,230,c4047b78601928383e81fd84b2ad56c4a065fede00be8b56e40c56760296cd21
271,230,c4047b78601928383e81fd84b2ad56c4a065fede00be8b56e40c56760296cd21
415,230,c4047b78601928383e81fd84b2ad56c4a065fede00be8b56e40c56760296cd21
502,230,c4047b78601928383e81fd84b2ad56c4a065fede00be8b56e40c56760296cd21
532,230,c4047b78601928383e81fd84b2ad56c4a065fede00be8b56e40c56760296cd21
244,231,c4047b78601928383e81fd84b2ad56c4a065fede00be8b56e40c56760296cd21
271,231,c4047b78601928383e81fd84b2ad56c4a065fede00be8b56e40c56760296cd21
415,231,c4047b78601928383e81fd84b2ad56c4a065fede00be8b56e40c56760296cd21
502,231,c4047b78601928383e81fd84b2ad56c4a065fede00be8b56e40c56760296cd21
532,231,c4047b78601928383e81fd84b2ad56c4a065fede00be8b56e40c56760296cd21
244,232,c4047b78601928383e81fd84b2ad56c4a065fede00be8b56e40c56760296cd21
271,232,c4047b78601928383e81fd84b2ad56c4a065fede00be8b56e40c56760296cd21
415,232,c4047b78601928383e81fd84b2ad56c4a065fede00be8b56e40c56760296cd21
502,232,c4047b78601928383e81fd84b2ad56c4a065fede00be8b56e40c56760296cd21
532,232,c4047b78601928383e81fd84b2ad56c4a065fede00be8b56e40c56760296cd21
244,233,c4047b78601928383e81fd84b2ad56c4a065fede00be8b56e40c56760296cd21
271,233,c4047b78601928383e81fd84b2ad56c4a065fede00be8b56e40c56760296cd21
415,233,c4047b78601928383e81fd84b2ad56c4a065fede00be8b56e40c56760296cd21
502,233,c4047b78601928383e81fd84b2ad56c4a065fede00be8b56e40c56760296cd21
532,233,c4047b78601928383e81fd84b2ad56c4a065fede00be8b56e40c56760296cd21
244,234,c4047b78601928383e81fd84b2ad56c4a065fede00be8b56e40c56760296cd21
271,234,c4047b78601928383e81fd84b2ad56c4a065fede00be8b56e40c56760296cd21
415,234,c4047b78601928383e81fd84b2ad56c4a065fede00be8b56e40c56760296cd21
502,234,c4047b78601928383e81fd84b2ad56c4a065fede00be8b56e40c56760296cd21
532,234,c4047b78601928383e81fd84b2ad56c4a065fede00be8b56e40c56760296cd21
244,235,c4047b78601928383e81fd84b2ad56c4a065fede00be8b56e40c56760296cd21
271,235,c4047b78601928383e81fd84b2ad56c4a065fede00be8b56e40c56760296cd21
415,235,c4047b78601928383e81fd84b2ad56c4a065fede00be8b56e40c56760296cd21
502,235,c4047b78601928383e81fd84b2ad56c4a065fede00be8b56e40c56760296cd21
532,235,c4047b78601928383e81fd84b2ad56c4a065fede00be8b56e40c56760296cd21
244,236,c4047b78601928383e81fd84b2ad56c4a065fede00be8b56e40c56760296cd21
271,236,c4047b78601928383e81fd84b2ad56c4a065fede00be8b56e40c56760296cd21
415,236,c4047b78601928383e81fd84b2ad56c4a065fede00be8b56e40c56760296cd21
502,236,c4047b78601928383e81fd84b2ad56c4a065fede00be8b56e40c56760296cd21
532,236,c4047b78601928383e81fd84b2ad56c4a065fede00be8b56e40c56760296cd21
244,237,c4047b78601928383e81fd84b2ad56c4a065fede00be8b56e40c56760296cd21
271,237,c4047b78601928383e81fd84b2ad56c4a065fede00be8b56e40c56760296cd21
415,237,c4047b78601928383e81fd84b2ad56c4a065fede00be8b56e40c56760296cd21
502,237,c4047b78601928383e81fd84b2ad56c4a065fede00be8b56e40c56760296cd21
532,237,c4047b78601928383e81fd84b2ad56c4a065fede00be8b56e40c56760296cd21
244,238,c4047b78601928383e81fd84b2ad56c4a065fede00be8b56e40c56760296cd21
271,238,c4047b78601928383e81fd84b2ad56c4a065fede00be8b56e40c56760296cd21
415,238,c4047b78601928383e81fd84b2ad56c4a065fede00be8b56e40c56760296cd21
502,238,c4047b78601928383e81fd84b2ad56c4a065fede00be8b56e40c56760296cd21
532,238,c4047b78601928383e81fd84b2ad56c4a065fede00be8b56e40c56760296cd21
244,239,c4047b78601928383e81fd84b2ad56c4a065fede00be8b56e40c56760296cd21
271,239,c4047b78601928383e81fd84b2ad56c4a065fede00be8b56e40c56760296cd21
415,239,c4047b78601928383e81fd84b2ad56c4a065fede00be8b56e40c56760296cd21
502,239,c4047b78601928383e81fd84b2ad56c4a065fede00be8b56e40c56760296cd21
532,239,c4047b78601928383e81fd84b2ad56c4a065fede00be8b56e40c56760296cd21
244,240,c4047b78601928383e81fd84b2ad56c4a065fede00be8b56e40c56760296cd21
271,240,c4047b78601928383e81fd84b2ad56c4a065fede00be8b56e40c56760296cd21
415,240,c4047b78601928383e81fd84b2ad56c4a065fede00be8b56e40c56760296cd21
502,240,c4047b78601928383e81fd84b2ad56c4a065fede00be8b56e40c56760296cd21
532,240,c4047b78601928383e81fd84b2ad56c4a065fede00be8b56e40c56760296cd21
244,241,c4047b78601928383e81fd84b2ad56c4a065fede00be8b56e40c56760296cd21
271,241,c4047b78601928383e81fd84b2ad56c4a065fede00be8b56e40c56760296cd21
415,241,c4047b78601928383e81fd84b2ad56c4a065fede00be8b56e40c56760296cd21
502,241,c4047b78601928383e81fd84b2ad56c4a065fede00be8b56e40c56760296cd21
532,241,c4047b78601928383e81fd84b2ad56c4a065fede00be8b56e40c56760296cd21
244,242,c4047b78601928383e81fd84b2ad56c4a065fede00be8b56e40c56760296cd21
271,242,c4047b78601928383e81fd84b2ad56c4a065fede00be8b56e40c56760296cd21
415,242,c4047b78601928383e81fd84b2ad56c4a065fede00be8b56e40c56760296cd21
502,242,c4047b78601928383e81fd84b2ad56c4a065fede00be8b56e40c56760296cd21
532,242,c4047b78601928383e81fd84b2ad56c4a065fede00be8b56e40c56760296cd21
244,243,c4047b78601928383e81fd84b2ad56c4a065fede00be8b56e40c56760296cd21
271,243,c4047b78601928383e81fd84b2ad56c4a065fede00be8b56e40c56760296cd21
415,243,c4047b78601928383e81fd84b2ad56c4a065fede00be8b56e40c56760296cd21
502,243,c4047b78601928383e81fd84b2ad56c4a065fede00be8b56e40c56760296cd21
532,243,c4047b78601928383e81fd84b2ad56c4a065fede00be8b56e40c56760296cd21
172,244,c4047b78601928383e81fd84b2ad56c4a065fede00be8b56e40c56760296cd21
207,244,c4047b78601928383e81fd84b2ad56c4a065fede00be8b56e40c56760296cd21
244,244,c4047b78601928383e81fd84b2ad56c4a065fede00be8b56e40c56760296cd21
271,244,c4047b78601928383e81fd84b2ad56c4a065fede00be8b56e40c56760296cd21
415,244,c4047b78601928383e81fd84b2ad56c4a065fede00be8b56e40c56760296cd21
502,244,c4047b78601928383e81fd84b2ad56c4a065fede00be8b56e40c56760296cd21
532,244,c4047b78601928383e81fd84b2ad56c4a065fede00be8b56e40c56760296cd21
244,245,c4047b78601928383e81fd84b2ad56c4a065fede00be8b56e40c56760296cd21
271,245,c4047b78601928383e81fd84b2ad56c4a065fede00be8b56e40c56760296cd21
415,245,c4047b78601928383e81fd84b2ad56c4a065fede00be8b56e40c56760296cd21
502,245,c4047b78601928383e81fd84b2ad56c4a065fede00be8b56e40c56760296cd21
532,245,c4047b78601928383e81fd84b2ad56c4a065fede00be8b56e40c56760296cd21
244,246,c4047b78601928383e81fd84b2ad56c4a065fede00be8b56e40c56760296cd21
271,246,c4047b78601928383e81fd84b2ad56c4a065fede00be8b56e40c56760296cd21
415,246,c4047b78601928383e81fd84b2ad56c4a065fede00be8b56e40c56760296cd21
502,246,c4047b78601928383e81fd84b2ad56c4a065fede00be8b56e40c56760296cd21
532,246,c4047b78601928383e81fd84b2ad56c4a065fede00be8b56e40c56760296cd21
244,247,c4047b78601928383e81fd84b2ad56c4a065fede00be8b56e40c56760296cd21
271,247,c4047b78601928383e81fd84b2ad56c4a065fede00be8b56e40c56760296cd21
415,247,c4047b78601928383e81fd84b2ad56c4a065fede00be8b56e40c56760296cd21
502,247,c4047b78601928383e81fd84b2ad56c4a065fede00be8b56e40c56760296cd21
532,247,c4047b78601928383e81fd84b2ad56c4a065fede00be8b56e40c56760296cd21
244,248,c4047b78601928383e81fd84b2ad56c4a065fede00be8b56e40c56760296cd21
271,248,c4047b78601928383e81fd84b2ad56c4a065fede00be8b56e40c56760296cd21
415,248,c4047b78601928383e81fd84b2ad56c4a065fede00be8b56e40c56760296cd21
502,248,c4047b78601928383e81fd84b2ad56c4a065fede00be8b56e40c56760296cd21
532,248,c4047b78601928383e81fd84b2ad56c4a065fede00be8b56e40c56760296cd21
244,249,c4047b78601928383e81fd84b2ad56c4a065fede00be8b56e40c56760296cd21
271,249,c4047b78601928383e81fd84b2ad56c4a065fede00be8b56e40c56760296cd21
415,249,c4047b78601928383e81fd84b2ad56c4a065fede00be8b56e40c56760296cd21
502,249,c4047b78601928383e81fd84b2ad56c4a065fede00be8b56e40c56760296cd21
532,249,c4047b78601928383e81fd84b2ad56c4a065fede00be8b56e40c56760296cd21
244,250,c4047b78601928383e81fd84b2ad56c4a065fede00be8b56e40c56760296cd21
271,250,c4047b78601928383e81fd84b2ad56c4a065fede00be8b56e40c56760296cd21
415,250,c4047b78601928383e81fd84b2ad56c4a065fede00be8b56e40c56760296cd21
502,250,c4047b78601928383e81fd84b2ad56c4a065fede00be8b56e40c56760296cd21
532,250,c4047b78601928383e81fd84b2ad56c4a065fede00be8b56e40c56760296cd21
244,251,c4047b78601928383e81fd84b2ad56c4a065fede00be8b56e40c56760296cd21
271,251,c4047b78601928383e81fd84b2ad56c4a065fede00be8b56e40c56760296cd21
415,251,c4047b78601928383e81fd84b2ad56c4a065fede00be8b56e40c56760296cd21
502,251,c4047b78601928383e81fd84b2ad56c4a065fede00be8b56e40c56760296cd21
532,251,c4047b78601928383e81fd84b2ad56c4a065fede00be8b56e40c56760296cd21
48,252,c4047b78601928383e81fd84b2ad56c4a065fede00be8b56e40c56760296cd21
107,252,c4047b78601928383e81fd84b2ad56c4a065fede00be8b56e40c56760296cd21
244,252,c4047b78601928383e81fd84b2ad56c4a065fede00be8b56e40c56760296cd21
271,252,c4047b78601928383e81fd84b2ad56c4a065fede00be8b56e40c56760296cd21
415,252,c4047b78601928383e81fd84b2ad56c4a065fede00be8b56e40c56760296cd21
502,252,c4047b78601928383e81fd84b2ad56c4a065fede00be8b56e40c56760296cd21
532,252,c4047b78601928383e81fd84b2ad56c4a065fede00be8b56e40c56760296cd21
244,253,c4047b78601928383e81fd84b2ad56c4a065fede00be8b56e40c56760296cd21
271,253,c4047b78601928383e81fd84b2ad56c4a065fede00be8b56e40c56760296cd21
415,253,c4047b78601928383e81fd84b2ad56c4a065fede00be8b56e40c56760296cd21
502,253,c4047b78601928383e81fd84b2ad56c4a065fede00be8b56e40c56760296cd21
532,253,c4047b78601928383e81fd84b2ad56c4a065fede00be8b56e40c56760296cd21
244,254,c4047b78601928383e81fd84b2ad56c4a065fede00be8b56e40c56760296cd21
271,254,c4047b78601928383e81fd84b2ad56c4a065fede00be8b56e40c56760296cd21
415,254,c4047b78601928383e81fd84b2ad56c4a065fede00be8b56e40c56760296cd21
502,254,c4047b78601928383e81fd84b2ad56c4a065fede00be8b56e40c56760296cd21
532,254,c4047b78601928383e81fd84b2ad56c4a065fede00be8b56e40c56760296cd21
244,255,c4047b78601928383e81fd84b2ad56c4a065fede00be8b56e40c56760296cd21
271,255,c4047b78601928383e81fd84b2ad56c4a065fede00be8b56e40c56760296cd21
415,255,c4047b78601928383e81fd84b2ad56c4a065fede00be8b56e40c56760296cd21
502,255,c4047b78601928383e81fd84b2ad56c4a065fede00be8b56e40c56760296cd21
532,255,c4047b78601928383e81fd84b2ad56c4a065fede00be8b56e40c56760296cd21
244,256,c4047b78601928383e81fd84b2ad56c4a065fede00be8b56e40c56760296cd21
271,256,c4047b78601928383e81fd84b2ad56c4a065fede00be8b56e40c56760296cd21
415,256,c4047b78601928383e81fd84b2ad56c4a065fede00be8b56e40c56760296cd21
502,256,c4047b78601928383e81fd84b2ad56c4a065fede00be8b56e40c56760296cd21
532,256,c4047b78601928383e81fd84b2ad56c4a065fede00be8b56e40c56760296cd21
244,257,c4047b78601928383e81fd84b2ad56c4a065fede00be8b56e40c56760296cd21
271,257,c4047b78601928383e81fd84b2ad56c4a065fede00be8b56e40c56760296cd21
415,257,c4047b78601928383e81fd84b2ad56c4a065fede00be8b56e40c56760296cd21
502,257,c4047b78601928383e81fd84b2ad56c4a065fede00be8b56e40c56760296cd21
532,257,c4047b78601928383e81fd84b2ad56c4a065fede00be8b56e40c56760296cd21
244,258,c4047b78601928383e81fd84b2ad56c4a065fede00be8b56e40c56760296cd21
271,258,c4047b78601928383e81fd84b2ad56c4a065fede00be8b56e40c56760296cd21
415,258,c4047b78601928383e81fd84b2ad56c4a065fede00be8b56e40c56760296cd21
502,258,c4047b78601928383e81fd84b2ad56c4a065fede00be8b56e40c56760296cd21
532,258,c4047b78601928383e81fd84b2ad56c4a065fede00be8b56e40c56760296cd21
244,259,c4047b78601928383e81fd84b2ad56c4a065fede00be8b56e40c56760296cd21
271,259,c4047b78601928383e81fd84b2ad56c4a065fede00be8b56e40c56760296cd21
415,259,c4047b78601928383e81fd84b2ad56c4a065fede00be8b56e40c56760296cd21
502,259,c4047b78601928383e81fd84b2ad56c4a065fede00be8b56e40c56760296cd21
532,259,c4047b78601928383e81fd84b2ad56c4a065fede00be8b56e40c56760296cd21
244,260,c4047b78601928383e81fd84b2ad56c4a065fede00be8b56e40c56760296cd21
271,260,c4047b78601928383e81fd84b2ad56c4a065fede00be8b56e40c56760296cd21
415,260,c4047b78601928383e81fd84b2ad56c4a065fede00be8b56e40c56760296cd21
502,260,c4047b78601928383e81fd84b2ad56c4a065fede00be8b56e40c56760296cd21
532,260,c4047b78601928383e81fd84b2ad56c4a065fede00be8b56e40c56760296cd21
244,261,c4047b78601928383e81fd84b2ad56c4a065fede00be8b56e40c56760296cd21
271,261,c4047b78601928383e81fd84b2ad56c4a065fede00be8b56e40c56760296cd21
415,261,c4047b78601928383e81fd84b2ad56c4a065fede00be8b56e40c56760296cd21
502,261,c4047b78601928383e81fd84b2ad56c4a065fede00be8b56e40c56760296cd21
532,261,c4047b78601928383e81fd84b2ad56c4a065fede00be8b56e40c56760296cd21
244,262,c4047b78601928383e81fd84b2ad56c4a065fede00be8b56e40c56760296cd21
271,262,c4047b78601928383e81fd84b2ad56c4a065fede00be8b56e40c56760296cd21
415,262,c4047b78601928383e81fd84b2ad56c4a065fede00be8b56e40c56760296cd21
502,262,c4047b78601928383e81fd84b2ad56c4a065fede00be8b56e40c56760296cd21
532,262,c4047b78601928383e81fd84b2ad56c4a065fede00be8b56e40c56760296cd21
244,263,c4047b78601928383e81fd84b2ad56c4a065fede00be8b56e40c56760296cd21
271,263,c4047b78601928383e81fd84b2ad56c4a065fede00be8b56e40c56760296cd21
415,263,c4047b78601928383e81fd84b2ad56c4a065fede00be8b56e40c56760296cd21
502,263,c4047b78601928383e81fd84b2ad56c4a065fede00be8b56e40c56760296cd21
532,263,c4047b78601928383e81fd84b2ad56c4a065fede00be8b56e40c56760296cd21
244,264,c4047b78601928383e81fd84b2ad56c4a065fede00be8b56e40c56760296cd21
271,264,c4047b78601928383e81fd84b2ad56c4a065fede00be8b56e40c56760296cd21
415,264,c4047b78601928383e81fd84b2ad56c4a065fede00be8b56e40c56760296cd21
502,264,c4047b78601928383e81fd84b2ad56c4a065fede00be8b56e40c56760296cd21
532,264,c4047b78601928383e81fd84b2ad56c4a065fede00be8b56e40c56760296cd21
244,265,c4047b78601928383e81fd84b2ad56c4a065fede00be8b56e40c56760296cd21
271,265,c4047b78601928383e81fd84b2ad56c4a065fede00be8b56e40c56760296cd21
415,265,c4047b78601928383e81fd84b2ad56c4a065fede00be8b56e40c56760296cd21
502,265,c4047b78601928383e81fd84b2ad56c4a065fede00be8b56e40c56760296cd21
532,265,c4047b78601928383e81fd84b2ad56c4a065fede00be8b56e40c56760296cd21
244,266,c4047b78601928383e81fd84b2ad56c4a065fede00be8b56e40c56760296cd21
271,266,c4047b78601928383e81fd84b2ad56c4a065fede00be8b56e40c56760296cd21
415,266,c4047b78601928383e81fd84b2ad56c4a065fede00be8b56e40c56760296cd21
502,266,c4047b78601928383e81fd84b2ad56c4a065fede00be8b56e40c56760296cd21
532,266,c4047b78601928383e81fd84b2ad56c4a065fede00be8b56e40c56760296cd21
244,267,c4047b78601928383e81fd84b2ad56c4a065fede00be8b56e40c56760296cd21
271,267,c4047b78601928383e81fd84b2ad56c4a065fede00be8b56e40c56760296cd21
415,267,c4047b78601928383e81fd84b2ad56c4a065fede00be8b56e40c56760296cd21
491,267,c4047b78601928383e81fd84b2ad56c4a065fede00be8b56e40c56760296cd21
492,267,c4047b78601928383e81fd84b2ad56c4a065fede00be8b56e40c56760296cd21
493,267,c4047b78601928383e81fd84b2ad56c4a065fede00be8b56e40c56760296cd21
494,267,c4047b78601928383e81fd84b2ad56c4a065fede00be8b56e40c56760296cd21
495,267,c4047b78601928383e81fd84b2ad56c4a065fede00be8b56e40c56760296cd21
496,267,c4047b78601928383e81fd84b2ad56c4a065fede00be8b56e40c56760296cd21
497,267,c4047b78601928383e81fd84b2ad56c4a065fede00be8b56e40c56760296cd21
498,267,c4047b78601928383e81fd84b2ad56c4a065fede00be8b56e40c56760296cd21
499,267,c4047b78601928383e81fd84b2ad56c4a065fede00be8b56e40c56760296cd21
500,267,c4047b78601928383e81fd84b2ad56c4a065fede00be8b56e40c56760296cd21
501,267,c4047b78601928383e81fd84b2ad56c4a065fede00be8b56e40c56760296cd21
502,267,c4047b78601928383e81fd84b2ad56c4a065fede00be8b56e40c56760296cd21
532,267,c4047b78601928383e81fd84b2ad56c4a065fede00be8b56e40c56760296cd21
244,268,c4047b78601928383e81fd84b2ad56c4a065fede00be8b56e40c56760296cd21
271,268,c4047b78601928383e81fd84b2ad56c4a065fede00be8b56e40c56760296cd21
415,268,c4047b78601928383e81fd84b2ad56c4a065fede00be8b56e40c56760296cd21
491,268,c4047b78601928383e81fd84b2ad56c4a065fede00be8b56e40c56760296cd21
492,268,c4047b78601928383e81fd84b2ad56c4a065fede00be8b56e40c56760296cd21
493,268,c4047b78601928383e81fd84b2ad56c4a065fede00be8b56e40c56760296cd21
494,268,c4047b78601928383e81fd84b2ad56c4a065fede00be8b56e40c56760296cd21
495,268,c4047b78601928383e81fd84b2ad56c4a065fede00be8b56e40c56760296cd21
496,268,c4047b78601928383e81fd84b2ad56c4a065fede00be8b56e40c56760296cd21
497,268,c4047b78601928383e81fd84b2ad56c4a065fede00be8b56e40c56760296cd21
498,268,c4047b78601928383e81fd84b2ad56c4a065fede00be8b56e40c56760296cd21
499,268,c4047b78601928383e81fd84b2ad56c4a065fede00be8b56e40c56760296cd21
500,268,c4047b78601928383e81fd84b2ad56c4a065fede00be8b56e40c56760296cd21
501,268,c4047b78601928383e81fd84b2ad56c4a065fede00be8b56e40c56760296cd21
502,268,c4047b78601928383e81fd84b2ad56c4a065fede00be8b56e40c56760296cd21
532,268,c4047b78601928383e81fd84b2ad56c4a065fede00be8b56e40c56760296cd21
244,269,c4047b78601928383e81fd84b2ad56c4a065fede00be8b56e40c56760296cd21
271,269,c4047b78601928383e81fd84b2ad56c4a065fede00be8b56e40c56760296cd21
415,269,c4047b78601928383e81fd84b2ad56c4a065fede00be8b56e40c56760296cd21
491,269,c4047b78601928383e81fd84b2ad56c4a065fede00be8b56e40c56760296cd21
492,269,c4047b78601928383e81fd84b2ad56c4a065fede00be8b56e40c56760296cd21
493,269,c4047b78601928383e81fd84b2ad56c4a065fede00be8b56e40c56760296cd21
494,269,c4047b78601928383e81fd84b2ad56c4a065fede00be8b56e40c56760296cd21
495,269,c4047b78601928383e81fd84b2ad56c4a065fede00be8b56e40c56760296cd21
496,269,c4047b78601928383e81fd84b2ad56c4a065fede00be8b56e40c56760296cd21
497,269,c4047b78601928383e81fd84b2ad56c4a065fede00be8b56e40c56760296cd21
498,269,c4047b78601928383e81fd84b2ad56c4a065fede00be8b56e40c56760296cd21
499,269,c4047b78601928383e81fd84b2ad56c4a065fede00be8b56e40c56760296cd21
500,269,c4047b78601928383e81fd84b2ad56c4a065fede00be8b56e40c56760296cd21
501,269,c4047b78601928383e81fd84b2ad56c4a065fede00be8b56e40c56760296cd21
502,269,c4047b78601928383e81fd84b2ad56c4a065fede00be8b56e40c56760296cd21
532,269,c4047b78601928383e81fd84b2ad56c4a065fede00be8b56e40c56760296cd21
244,270,c4047b78601928383e81fd84b2ad56c4a065fede00be8b56e40c56760296cd21
271,270,c4047b78601928383e81fd84b2ad56c4a065fede00be8b56e40c56760296cd21
415,270,c4047b78601928383e81fd84b2ad56c4a065fede00be8b56e40c56760296cd21
491,270,c4047b78601928383e81fd84b2ad56c4a065fede00be8b56e40c56760296cd21
492,270,c4047b78601928383e81fd84b2ad56c4a065fede00be8b56e40c56760296cd21
493,270,c4047b78601928383e81fd84b2ad56c4a065fede00be8b56e40c56760296cd21
494,270,c4047b78601928383e81fd84b2ad56c4a065fede00be8b56e40c56760296cd21
495,270,c4047b78601928383e81fd84b2ad56c4a065fede00be8b56e40c56760296cd21
496,270,c4047b78601928383e81fd84b2ad56c4a065fede00be8b56e40c56760296cd21
497,270,c4047b78601928383e81fd84b2ad56c4a065fede00be8b56e40c56760296cd21
498,270,c4047b78601928383e81fd84b2ad56c4a065fede00be8b56e40c56760296cd21
499,270,c4047b78601928383e81fd84b2ad56c4a065fede00be8b56e40c56760296cd21
500,270,c4047b78601928383e81fd84b2ad56c4a065fede00be8b56e40c56760296cd21
501,270,c4047b78601928383e81fd84b2ad56c4a065fede00be8b56e40c56760296cd21
502,270,c4047b78601928383e81fd84b2ad56c4a065fede00be8b56e40c56760296cd21
503,270,c4047b78601928383e81fd84b2ad56c4a065fede00be8b56e40c56760296cd21
504,270,c4047b78601928383e81fd84b2ad56c4a065fede00be8b56e40c56760296cd21
505,270,c4047b78601928383e81fd84b2ad56c4a065fede00be8b56e40c56760296cd21
506,270,c4047b78601928383e81fd84b2ad56c4a065fede00be8b56e40c56760296cd21
507,270,c4047b78601928383e81fd84b2ad56c4a065fede00be8b56e40c56760296cd21
508,270,c4047b78601928383e81fd84b2ad56c4a065fede00be8b56e40c56760296cd21
509,270,c4047b78601928383e81fd84b2ad56c4a065fede00be8b56e40c56760296cd21
510,270,c4047b78601928383e81fd84b2ad56c4a065fede00be8b56e40c56760296cd21
511,270,c4047b78601928383e81fd84b2ad56c4a065fede00be8b56e40c56760296cd21
512,270,c4047b78601928383e81fd84b2ad56c4a065fede00be8b56e40c56760296cd21
513,270,c4047b78601928383e81fd84b2ad56c4a065fede00be8b56e40c56760296cd21
514,270,c4047b78601928383e81fd84b2ad56c4a065fede00be8b56e40c56760296cd21
515,270,c4047b78601928383e81fd84b2ad56c4a065fede00be8b56e40c56760296cd21
532,270,c4047b78601928383e81fd84b2ad56c4a065fede00be8b56e40c56760296cd21
244,271,c4047b78601928383e81fd84b2ad56c4a065fede00be8b56e40c56760296cd21
271,271,c4047b78601928383e81fd84b2ad56c4a065fede00be8b56e40c56760296cd21
415,271,c4047b78601928383e81fd84b2ad56c4a065fede00be8b56e40c56760296cd21
491,271,c4047b78601928383e81fd84b2ad56c4a065fede00be8b56e40c56760296cd21
492,271,c4047b78601928383e81fd84b2ad56c4a065fede00be8b56e40c56760296cd21
493,271,c4047b78601928383e81fd84b2ad56c4a065fede00be8b56e40c56760296cd21
494,271,c4047b78601928383e81fd84b2ad56c4a065fede00be8b56e40c56760296cd21
495,271,c4047b78601928383e81fd84b2ad56c4a065fede00be8b56e40c56760296cd21
496,271,c4047b78601928383e81fd84b2ad56c4a065fede00be8b56e40c56760296cd21
497,271,c4047b78601928383e81fd84b2ad56c4a065fede00be8b56e40c56760296cd21
498,271,c4047b78601928383e81fd84b2ad56c4a065fede00be8b56e40c56760296cd21
499,271,c4047b78601928383e81fd84b2ad56c4a065fede00be8b56e40c56760296cd21
500,271,c4047b78601928383e81fd84b2ad56c4a065fede00be8b56e40c56760296cd21
501,271,c4047b78601928383e81fd84b2ad56c4a065fede00be8b56e40c56760296cd21
502,271,c4047b78601928383e81fd84b2ad56c4a065fede00be8b56e40c56760296cd21
503,271,c4047b78601928383e81fd84b2ad56c4a065fede00be8b56e40c56760296cd21
504,271,c4047b78601928383e81fd84b2ad56c4a065fede00be8b56e40c56760296cd21
505,271,c4047b78601928383e81fd84b2ad56c4a065fede00be8b56e40c56760296cd21
506,271,c4047b78601928383e81fd84b2ad56c4a065fede00be8b56e40c56760296cd21
507,271,c4047b78601928383e81fd84b2ad56c4a065fede00be8b56e40c56760296cd21
508,271,c4047b78601928383e81fd84b2ad56c4a065fede00be8b56e40c56760296cd21
509,271,c4047b78601928383e81fd84b2ad56c4a065fede00be8b56e40c56760296cd21
510,271,c4047b78601928383e81fd84b2ad56c4a065fede00be8b56e40c56760296cd21
511,271,c4047b78601928383e81fd84b2ad56c4a065fede00be8b56e40c56760296cd21
512,271,c4047b78601928383e81fd84b2ad56c4a065fede00be8b56e40c56760296cd21
513,271,c4047b78601928383e81fd84b2ad56c4a065fede00be8b56e40c56760296cd21
514,271,c4047b78601928383e81fd84b2ad56c4a065fede00be8b56e40c56760296cd21
515,271,c4047b78601928383e81fd84b2ad56c4a065fede00be8b56e40c56760296cd21
532,271,c4047b78601928383e81fd84b2ad56c4a065fede00be8b56e40c56760296cd21
244,272,c4047b78601928383e81fd84b2ad56c4a065fede00be8b56e40c56760296cd21
271,272,c4047b78601928383e81fd84b2ad56c4a065fede00be8b56e40c56760296cd21
415,272,c4047b78601928383e81fd84b2ad56c4a065fede00be8b56e40c56760296cd21
491,272,c4047b78601928383e81fd84b2ad56c4a065fede00be8b56e40c56760296cd21
492,272,c4047b78601928383e81fd84b2ad56c4a065fede00be8b56e40c56760296cd21
493,272,c4047b78601928383e81fd84b2ad56c4a065fede00be8b56e40c56760296cd21
494,272,c4047b78601928383e81fd84b2ad56c4a065fede00be8b56e40c56760296cd21
495,272,c4047b78601928383e81fd84b2ad56c4a065fede00be8b56e40c56760296cd21
496,272,c4047b78601928383e81fd84b2ad56c4a065fede00be8b56e40c56760296cd21
497,272,c4047b78601928383e81fd84b2ad56c4a065fede00be8b56e40c56760296cd21
498,272,c4047b78601928383e81fd84b2ad56c4a065fede00be8b56e40c56760296cd21
499,272,c4047b78601928383e81fd84b2ad56c4a065fede00be8b56e40c56760296cd21
500,272,c4047b78601928383e81fd84b2ad56c4a065fede00be8b56e40c56760296cd21
501,272,c4047b78601928383e81fd84b2ad56c4a065fede00be8b56e40c56760296cd21
502,272,c4047b78601928383e81fd84b2ad56c4a065fede00be8b56e40c56760296cd21
503,272,c4047b78601928383e81fd84b2ad56c4a065fede00be8b56e40c56760296cd21
504,272,c4047b78601928383e81fd84b2ad56c4a065fede00be8b56e40c56760296cd21
505,272,c4047b78601928383e81fd84b2ad56c4a065fede00be8b56e40c56760296cd21
506,272,c4047b78601928383e81fd84b2ad56c4a065fede00be8b56e40c56760296cd21
507,272,c4047b78601928383e81fd84b2ad56c4a065fede00be8b56e40c56760296cd21
508,272,c4047b78601928383e81fd84b2ad56c4a065fede00be8b56e40c56760296cd21
509,272,c4047b78601928383e81fd84b2ad56c4a065fede00be8b56e40c56760296cd21
510,272,c4047b78601928383e81fd84b2ad56c4a065fede00be8b56e40c56760296cd21
511,272,c4047b78601928383e81fd84b2ad56c4a065fede00be8b56e40c56760296cd21
512,272,c4047b78601928383e81fd84b2ad56c4a065fede00be8b56e40c56760296cd21
513,272,c4047b78601928383e81fd84b2ad56c4a065fede00be8b56e40c56760296cd21
514,272,c4047b78601928383e81fd84b2ad56c4a065fede00be8b56e40c56760296cd21
515,272,c4047b78601928383e81fd84b2ad56c4a065fede00be8b56e40c56760296cd21
532,272,c4047b78601928383e81fd84b2ad56c4a065fede00be8b56e40c56760296cd21
244,273,c4047b78601928383e81fd84b2ad56c4a065fede00be8b56e40c56760296cd21
271,273,c4047b78601928383e81fd84b2ad56c4a065fede00be8b56e40c56760296cd21
415,273,c4047b78601928383e81fd84b2ad56c4a065fede00be8b56e40c56760296cd21
491,273,c4047b78601928383e81fd84b2ad56c4a065fede00be8b56e40c56760296cd21
492,273,c4047b78601928383e81fd84b2ad56c4a065fede00be8b56e40c56760296cd21
493,273,c4047b78601928383e81fd84b2ad56c4a065fede00be8b56e40c56760296cd21
494,273,c4047b78601928383e81fd84b2ad56c4a065fede00be8b56e40c56760296cd21
495,273,c4047b78601928383e81fd84b2ad56c4a065fede00be8b56e40c56760296cd21
496,273,c4047b78601928383e81fd84b2ad56c4a065fede00be8b56e40c56760296cd21
497,273,c4047b78601928383e81fd84b2ad56c4a065fede00be8b56e40c56760296cd21
498,273,c4047b78601928383e81fd84b2ad56c4a065fede00be8b56e40c56760296cd21
499,273,c4047b78601928383e81fd84b2ad56c4a065fede00be8b56e40c56760296cd21
500,273,c4047b78601928383e81fd84b2ad56c4a065fede00be8b56e40c56760296cd21
501,273,c4047b78601928383e81fd84b2ad56c4a065fede00be8b56e40c56760296cd21
502,273,c4047b78601928383e81fd84b2ad56c4a065fede00be8b56e40c56760296cd21
503,273,c4047b78601928383e81fd84b2ad56c4a065fede00be8b56e40c56760296cd21
504,273,c4047b78601928383e81fd84b2ad56c4a065fede00be8b56e40c56760296cd21
505,273,c4047b78601928383e81fd84b2ad56c4a065fede00be8b56e40c56760296cd21
506,273,c4047b78601928383e81fd84b2ad56c4a065fede00be8b56e40c56760296cd21
507,273,c4047b78601928383e81fd84b2ad56c4a065fede00be8b56e40c56760296cd21
508,273,c4047b78601928383e81fd84b2ad56c4a065fede00be8b56e40c56760296cd21
509,273,c4047b78601928383e81fd84b2ad56c4a065fede00be8b56e40c56760296cd21
510,273,c4047b78601928383e81fd84b2ad56c4a065fede00be8b56e40c56760296cd21
511,273,c4047b78601928383e81fd84b2ad56c4a065fede00be8b56e40c56760296cd21
512,273,c4047b78601928383e81fd84b2ad56c4a065fede00be8b56e40c56760296cd21
513,273,c4047b78601928383e81fd84b2ad56c4a065fede00be8b56e40c56760296cd21
514,273,c4047b78601928383e81fd84b2ad56c4a065fede00be8b56e40c56760296cd21
515,273,c4047b78601928383e81fd84b2ad56c4a065fede00be8b56e40c56760296cd21
532,273,c4047b78601928383e81fd84b2ad56c4a065fede00be8b56e40c56760296cd21
244,274,c4047b78601928383e81fd84b2ad56c4a065fede00be8b56e40c56760296cd21
271,274,c4047b78601928383e81fd84b2ad56c4a065fede00be8b56e40c56760296cd21
415,274,c4047b78601928383e81fd84b2ad56c4a065fede00be8b56e40c56760296cd21
491,274,c4047b78601928383e81fd84b2ad56c4a065fede00be8b56e40c56760296cd21
492,274,c4047b78601928383e81fd84b2ad56c4a065fede00be8b56e40c56760296cd21
493,274,c4047b78601928383e81fd84b2ad56c4a065fede00be8b56e40c56760296cd21
494,274,c4047b78601928383e81fd84b2ad56c4a065fede00be8b56e40c56760296cd21
495,274,c4047b78601928383e81fd84b2ad56c4a065fede00be8b56e40c56760296cd21
496,274,c4047b78601928383e81fd84b2ad56c4a065fede00be8b56e40c56760296cd21
497,274,c4047b78601928383e81fd84b2ad56c4a065fede00be8b56e40c56760296cd21
498,274,c4047b78601928383e81fd84b2ad56c4a065fede00be8b56e40c56760296cd21
499,274,c4047b78601928383e81fd84b2ad56c4a065fede00be8b56e40c56760296cd21
500,274,c4047b78601928383e81fd84b2ad56c4a065fede00be8b56e40c56760296cd21
501,274,c4047b78601928383e81fd84b2ad56c4a065fede00be8b56e40c56760296cd21
502,274,c4047b78601928383e81fd84b2ad56c4a065fede00be8b56e40c56760296cd21
503,274,c4047b78601928383e81fd84b2ad56c4a065fede00be8b56e40c56760296cd21
504,274,c4047b78601928383e81fd84b2ad56c4a065fede00be8b56e40c56760296cd21
505,274,c4047b78601928383e81fd84b2ad56c4a065fede00be8b56e40c56760296cd21
506,274,c4047b78601928383e81fd84b2ad56c4a065fede00be8b56e40c56760296cd21
507,274,c4047b78601928383e81fd84b2ad56c4a065fede00be8b56e40c56760296cd21
508,274,c4047b78601928383e81fd84b2ad56c4a065fede00be8b56e40c56760296cd21
509,274,c4047b78601928383e81fd84b2ad56c4a065fede00be8b56e40c56760296cd21
510,274,c4047b78601928383e81fd84b2ad56c4a065fede00be8b56e40c56760296cd21
511,274,c4047b78601928383e81fd84b2ad56c4a065fede00be8b56e40c56760296cd21
512,274,c4047b78601928383e81fd84b2ad56c4a065fede00be8b56e40c56760296cd21
513,274,c4047b78601928383e81fd84b2ad56c4a065fede00be8b56e40c56760296cd21
514,274,c4047b78601928383e81fd84b2ad56c4a065fede00be8b56e40c56760296cd21
515,274,c4047b78601928383e81fd84b2ad56c4a065fede00be8b56e40c56760296cd21
532,274,c4047b78601928383e81fd84b2ad56c4a065fede00be8b56e40c56760296cd21
244,275,c4047b78601928383e81fd84b2ad56c4a065fede00be8b56e40c56760296cd21
271,275,c4047b78601928383e81fd84b2ad56c4a065fede00be8b56e40c56760296cd21
415,275,c4047b78601928383e81fd84b2ad56c4a065fede00be8b56e40c56760296cd21
491,275,c4047b78601928383e81fd84b2ad56c4a065fede00be8b56e40c56760296cd21
492,275,c4047b78601928383e81fd84b2ad56c4a065fede00be8b56e40c56760296cd21
493,275,c4047b78601928383e81fd84b2ad56c4a065fede00be8b56e40c56760296cd21
494,275,c4047b78601928383e81fd84b2ad56c4a065fede00be8b56e40c56760296cd21
495,275,c4047b78601928383e81fd84b2ad56c4a065fede00be8b56e40c56760296cd21
496,275,c4047b78601928383e81fd84b2ad56c4a065fede00be8b56e40c56760296cd21
497,275,c4047b78601928383e81fd84b2ad56c4a065fede00be8b56e40c56760296cd21
498,275,c4047b78601928383e81fd84b2ad56c4a065fede00be8b56e40c56760296cd21
499,275,c4047b78601928383e81fd84b2ad56c4a065fede00be8b56e40c56760296cd21
500,275,c4047b78601928383e81fd84b2ad56c4a065fede00be8b56e40c56760296cd21
501,275,c4047b78601928383e81fd84b2ad56c4a065fede00be8b56e40c56760296cd21
502,275,c4047b78601928383e81fd84b2ad56c4a065fede00be8b56e40c56760296cd21
503,275,c4047b78601928383e81fd84b2ad56c4a065fede00be8b56e40c56760296cd21
504,275,c4047b78601928383e81fd84b2ad56c4a065fede00be8b56e40c56760296cd21
505,275,c4047b78601928383e81fd84b2ad56c4a065fede00be8b56e40c56760296cd21
506,275,c4047b78601928383e81fd84b2ad56c4a065fede00be8b56e40c56760296cd21
507,275,c4047b78601928383e81fd84b2ad56c4a065fede00be8b56e40c56760296cd21
508,275,c4047b78601928383e81fd84b2ad56c4a065fede00be8b56e40c56760296cd21
509,275,c4047b78601928383e81fd84b2ad56c4a065fede00be8b56e40c56760296cd21
510,275,c4047b78601928383e81fd84b2ad56c4a065fede00be8b56e40c56760296cd21
511,275,c4047b78601928383e81fd84b2ad56c4a065fede00be8b56e40c56760296cd21
512,275,c4047b78601928383e81fd84b2ad56c4a065fede00be8b56e40c56760296cd21
513,275,c4047b78601928383e81fd84b2ad56c4a065fede00be8b56e40c56760296cd21
514,275,c4047b78601928383e81fd84b2ad56c4a065fede00be8b56e40c56760296cd21
515,275,c4047b78601928383e81fd84b2ad56c4a065fede00be8b56e40c56760296cd21
532,275,c4047b78601928383e81fd84b2ad56c4a065fede00be8b56e40c56760296cd21
244,276,c4047b78601928383e81fd84b2ad56c4a065fede00be8b56e40c56760296cd21
271,276,c4047b78601928383e81fd84b2ad56c4a065fede00be8b56e40c56760296cd21
415,276,c4047b78601928383e81fd84b2ad56c4a065fede00be8b56e40c56760296cd21
491,276,c4047b78601928383e81fd84b2ad56c4a065fede00be8b56e40c56760296cd21
492,276,c4047b78601928383e81fd84b2ad56c4a065fede00be8b56e40c56760296cd21
493,276,c4047b78601928383e81fd84b2ad56c4a065fede00be8b56e40c56760296cd21
494,276,c4047b78601928383e81fd84b2ad56c4a065fede00be8b56e40c56760296cd21
495,276,c4047b78601928383e81fd84b2ad56c4a065fede00be8b56e40c56760296cd21
496,276,c4047b78601928383e81fd84b2ad56c4a065fede00be8b56e40c56760296cd21
497,276,c4047b78601928383e81fd84b2ad56c4a065fede00be8b56e40c56760296cd21
498,276,c4047b78601928383e81fd84b2ad56c4a065fede00be8b56e40c56760296cd21
499,276,c4047b78601928383e81fd84b2ad56c4a065fede00be8b56e40c56760296cd21
500,276,c4047b78601928383e81fd84b2ad56c4a065fede00be8b56e40c56760296cd21
501,276,c4047b78601928383e81fd84b2ad56c4a065fede00be8b56e40c56760296cd21
502,276,c4047b78601928383e81fd84b2ad56c4a065fede00be8b56e40c56760296cd21
503,276,c4047b78601928383e81fd84b2ad56c4a065fede00be8b56e40c56760296cd21
504,276,c4047b78601928383e81fd84b2ad56c4a065fede00be8b56e40c56760296cd21
505,276,c4047b78601928383e81fd84b2ad56c4a065fede00be8b56e40c56760296cd21
506,276,c4047b78601928383e81fd84b2ad56c4a065fede00be8b56e40c56760296cd21
507,276,c4047b78601928383e81fd84b2ad56c4a065fede00be8b56e40c56760296cd21
508,276,c4047b78601928383e81fd84b2ad56c4a065fede00be8b56e40c56760296cd21
509,276,c4047b78601928383e81fd84b2ad56c4a065fede00be8b56e40c56760296cd21
510,276,c4047b78601928383e81fd84b2ad56c4a065fede00be8b56e40c56760296cd21
511,276,c4047b78601928383e81fd84b2ad56c4a065fede00be8b56e40c56760296cd21
512,276,c4047b78601928383e81fd84b2ad56c4a065fede00be8b56e40c56760296cd21
513,276,c4047b78601928383e81fd84b2ad56c4a065fede00be8b56e40c56760296cd21
514,276,c4047b78601928383e81fd84b2ad56c4a065fede00be8b56e40c56760296cd21
515,276,c4047b78601928383e81fd84b2ad56c4a065fede00be8b56e40c56760296cd21
532,276,c4047b78601928383e81fd84b2ad56c4a065fede00be8b56e40c56760296cd21
244,277,c4047b78601928383e81fd84b2ad56c4a065fede00be8b56e40c56760296cd21
271,277,c4047b78601928383e81fd84b2ad56c4a065fede00be8b56e40c56760296cd21
415,277,c4047b78601928383e81fd84b2ad56c4a065fede00be8b56e40c56760296cd21
491,277,c4047b78601928383e81fd84b2ad56c4a065fede00be8b56e40c56760296cd21
492,277,c4047b78601928383e81fd84b2ad56c4a065fede00be8b56e40c56760296cd21
493,277,c4047b78601928383e81fd84b2ad56c4a065fede00be8b56e40c56760296cd21
494,277,c4047b78601928383e81fd84b2ad56c4a065fede00be8b56e40c56760296cd21
495,277,c4047b78601928383e81fd84b2ad56c4a065fede00be8b56e40c56760296cd21
496,277,c4047b78601928383e81fd84b2ad56c4a065fede00be8b56e40c56760296cd21
497,277,c4047b78601928383e81fd84b2ad56c4a065fede00be8b56e40c56760296cd21
498,277,c4047b78601928383e81fd84b2ad56c4a065fede00be8b56e40c56760296cd21
499,277,c4047b78601928383e81fd84b2ad56c4a065fede00be8b56e40c56760296cd21
500,277,c4047b78601928383e81fd84b2ad56c4a065fede00be8b56e40c56760296cd21
501,277,c4047b78601928383e81fd84b2ad56c4a065fede00be8b56e40c56760296cd21
502,277,c4047b78601928383e81fd84b2ad56c4a065fede00be8b56e40c56760296cd21
503,277,c4047b78601928383e81fd84b2ad56c4a065fede00be8b56e40c56760296cd21
504,277,c4047b78601928383e81fd84b2ad56c4a065fede00be8b56e40c56760296cd21
505,277,c4047b78601928383e81fd84b2ad56c4a065fede00be8b56e40c56760296cd21
506,277,c4047b78601928383e81fd84b2ad56c4a065fede00be8b56e40c56760296cd21
507,277,c4047b78601928383e81fd84b2ad56c4a065fede00be8b56e40c56760296cd21
508,277,c4047b78601928383e81fd84b2ad56c4a065fede00be8b56e40c56760296cd21
509,277,c4047b78601928383e81fd84b2ad56c4a065fede00be8b56e40c56760296cd21
510,277,c4047b78601928383e81fd84b2ad56c4a065fede00be8b56e40c56760296cd21
511,277,c4047b78601928383e81fd84b2ad56c4a065fede00be8b56e40c56760296cd21
512,277,c4047b78601928383e81fd84b2ad56c4a065fede00be8b56e40c56760296cd21
513,277,c4047b78601928383e81fd84b2ad56c4a065fede00be8b56e40c56760296cd21
514,277,c4047b78601928383e81fd84b2ad56c4a065fede00be8b56e40c56760296cd21
515,277,c4047b78601928383e81fd84b2ad56c4a065fede00be8b56e40c56760296cd21
532,277,c4047b78601928383e81fd84b2ad56c4a065fede00be8b56e40c56760296cd21
244,278,c4047b78601928383e81fd84b2ad56c4a065fede00be8b56e40c56760296cd21
271,278,c4047b78601928383e81fd84b2ad56c4a065fede00be8b56e40c56760296cd21
415,278,c4047b78601928383e81fd84b2ad56c4a065fede00be8b56e40c56760296cd21
491,278,c4047b78601928383e81fd84b2ad56c4a065fede00be8b56e40c56760296cd21
492,278,c4047b78601928383e81fd84b2ad56c4a065fede00be8b56e40c56760296cd21
493,278,c4047b78601928383e81fd84b2ad56c4a065fede00be8b56e40c56760296cd21
494,278,c4047b78601928383e81fd84b2ad56c4a065fede00be8b56e40c56760296cd21
495,278,c4047b78601928383e81fd84b2ad56c4a065fede00be8b56e40c56760296cd21
496,278,c4047b78601928383e81fd84b2ad56c4a065fede00be8b56e40c56760296cd21
497,278,c4047b78601928383e81fd84b2ad56c4a065fede00be8b56e40c56760296cd21
498,278,c4047b78601928383e81fd84b2ad56c4a065fede00be8b56e40c56760296cd21
499,278,c4047b78601928383e81fd84b2ad56c4a065fede00be8b56e40c56760296cd21
500,278,c4047b78601928383e81fd84b2ad56c4a065fede00be8b56e40c56760296cd21
501,278,c4047b78601928383e81fd84b2ad56c4a065fede00be8b56e40c56760296cd21
502,278,c4047b78601928383e81fd84b2ad56c4a065fede00be8b56e40c56760296cd21
503,278,c4047b78601928383e81fd84b2ad56c4a065fede00be8b56e40c56760296cd21
504,278,c4047b78601928383e81fd84b2ad56c4a065fede00be8b56e40c56760296cd21
505,278,c4047b78601928383e81fd84b2ad56c4a065fede00be8b56e40c56760296cd21
506,278,c4047b78601928383e81fd84b2ad56c4a065fede00be8b56e40c56760296cd21
507,278,c4047b78601928383e81fd84b2ad56c4a065fede00be8b56e40c56760296cd21
508,278,c4047b78601928383e81fd84b2ad56c4a065fede00be8b56e40c56760296cd21
509,278,c4047b78601928383e81fd84b2ad56c4a065fede00be8b56e40c56760296cd21
510,278,c4047b78601928383e81fd84b2ad56c4a065fede00be8b56e40c56760296cd21
511,278,c4047b78601928383e81fd84b2ad56c4a065fede00be8b56e40c56760296cd21
512,278,c4047b78601928383e81fd84b2ad56c4a065fede00be8b56e40c56760296cd21
513,278,c4047b78601928383e81fd84b2ad56c4a065fede00be8b56e40c56760296cd21
514,278,c4047b78601928383e81fd84b2ad56c4a065fede00be8b56e40c56760296cd21
515,278,c4047b78601928383e81fd84b2ad56c4a065fede00be8b56e40c56760296cd21
532,278,c4047b78601928383e81fd84b2ad56c4a065fede00be8b56e40c56760296cd21
244,279,c4047b78601928383e81fd84b2ad56c4a065fede00be8b56e40c56760296cd21
271,279,c4047b78601928383e81fd84b2ad56c4a065fede00be8b56e40c56760296cd21
415,279,c4047b78601928383e81fd84b2ad56c4a065fede00be8b56e40c56760296cd21
491,279,c4047b78601928383e81fd84b2ad56c4a065fede00be8b56e40c56760296cd21
492,279,c4047b78601928383e81fd84b2ad56c4a065fede00be8b56e40c56760296cd21
493,279,c4047b78601928383e81fd84b2ad56c4a065fede00be8b56e40c56760296cd21
494,279,c4047b78601928383e81fd84b2ad56c4a065fede00be8b56e40c56760296cd21
495,279,c4047b78601928383e81fd84b2ad56c4a065fede00be8b56e40c56760296cd21
496,279,c4047b78601928383e81fd84b2ad56c4a065fede00be8b56e40c56760296cd21
497,279,c4047b78601928383e81fd84b2ad56c4a065fede00be8b56e40c56760296cd21
498,279,c4047b78601928383e81fd84b2ad56c4a065fede00be8b56e40c56760296cd21
499,279,c4047b78601928383e81fd84b2ad56c4a065fede00be8b56e40c56760296cd21
500,279,c4047b78601928383e81fd84b2ad56c4a065fede00be8b56e40c56760296cd21
501,279,c4047b78601928383e81fd84b2ad56c4a065fede00be8b56e40c56760296cd21
502,279,c4047b78601928383e81fd84b2ad56c4a065fede00be8b56e40c56760296cd21
503,279,c4047b78601928383e81fd84b2ad56c4a065fede00be8b56e40c56760296cd21
504,279,c4047b78601928383e81fd84b2ad56c4a065fede00be8b56e40c56760296cd21
505,279,c4047b78601928383e81fd84b2ad56c4a065fede00be8b56e40c56760296cd21
506,279,c4047b78601928383e81fd84b2ad56c4a065fede00be8b56e40c56760296cd21
507,279,c4047b78601928383e81fd84b2ad56c4a065fede00be8b56e40c56760296cd21
508,279,c4047b78601928383e81fd84b2ad56c4a065fede00be8b56e40c56760296cd21
509,279,c4047b78601928383e81fd84b2ad56c4a065fede00be8b56e40c56760296cd21
510,279,c4047b78601928383e81fd84b2ad56c4a065fede00be8b56e40c56760296cd21
511,279,c4047b78601928383e81fd84b2ad56c4a065fede00be8b56e40c56760296cd21
512,279,c4047b78601928383e81fd84b2ad56c4a065fede00be8b56e40c56760296cd21
513,279,c4047b78601928383e81fd84b2ad56c4a065fede00be8b56e40c56760296cd21
514,279,c4047b78601928383e81fd84b2ad56c4a065fede00be8b56e40c56760296cd21
515,279,c4047b78601928383e81fd84b2ad56c4a065fede00be8b56e40c56760296cd21
532,279,c4047b78601928383e81fd84b2ad56c4a065fede00be8b56e40c56760296cd21
244,280,c4047b78601928383e81fd84b2ad56c4a065fede00be8b56e40c56760296cd21
271,280,c4047b78601928383e81fd84b2ad56c4a065fede00be8b56e40c56760296cd21
415,280,c4047b78601928383e81fd84b2ad56c4a065fede00be8b56e40c56760296cd21
440,280,c4047b78601928383e81fd84b2ad56c4a065fede00be8b56e40c56760296cd21
463,280,c4047b78601928383e81fd84b2ad56c4a065fede00be8b56e40c56760296cd21
491,280,c4047b78601928383e81fd84b2ad56c4a065fede00be8b56e40c56760296cd21
492,280,c4047b78601928383e81fd84b2ad56c4a065fede00be8b56e40c56760296cd21
493,280,c4047b78601928383e81fd84b2ad56c4a065fede00be8b56e40c56760296cd21
494,280,c4047b78601928383e81fd84b2ad56c4a065fede00be8b56e40c56760296cd21
495,280,c4047b78601928383e81fd84b2ad56c4a065fede00be8b56e40c56760296cd21
496,280,c4047b78601928383e81fd84b2ad56c4a065fede00be8b56e40c56760296cd21
497,280,c4047b78601928383e81fd84b2ad56c4a065fede00be8b56e40c56760296cd21
498,280,c4047b78601928383e81fd84b2ad56c4a065fede00be8b56e40c56760296cd21
499,280,c4047b78601928383e81fd84b2ad56c4a065fede00be8b56e40c56760296cd21
500,280,c4047b78601928383e81fd84b2ad56c4a065fede00be8b56e40c56760296cd21
501,280,c4047b78601928383e81fd84b2ad56c4a065fede00be8b56e40c56760296cd21
502,280,c4047b78601928383e81fd84b2ad56c4a065fede00be8b56e40c56760296cd21
503,280,c4047b78601928383e81fd84b2ad56c4a065fede00be8b56e40c56760296cd21
504,280,c4047b78601928383e81fd84b2ad56c4a065fede00be8b56e40c56760296cd21
505,280,c4047b78601928383e81fd84b2ad56c4a065fede00be8b56e40c56760296cd21
506,280,c4047b78601928383e81fd84b2ad56c4a065fede00be8b56e40c56760296cd21
507,280,c4047b78601928383e81fd84b2ad56c4a065fede00be8b56e40c56760296cd21
508,280,c4047b78601928383e81fd84b2ad56c4a065fede00be8b56e40c56760296cd21
509,280,c4047b78601928383e81fd84b2ad56c4a065fede00be8b56e40c56760296cd21
510,280,c4047b78601928383e81fd84b2ad56c4a065fede00be8b56e40c56760296cd21
511,280,c4047b78601928383e81fd84b2ad56c4a065fede00be8b56e40c56760296cd21
512,280,c4047b78601928383e81fd84b2ad56c4a065fede00be8b56e40c56760296cd21
513,280,c4047b78601928383e81fd84b2ad56c4a065fede00be8b56e40c56760296cd21
514,280,c4047b78601928383e81fd84b2ad56c4a065fede00be8b56e40c56760296cd21
515,280,c4047b78601928383e81fd84b2ad56c4a065fede00be8b56e40c56760296cd21
532,280,c4047b78601928383e81fd84b2ad56c4a065fede00be8b56e40c56760296cd21
244,281,c4047b78601928383e81fd84b2ad56c4a065fede00be8b56e40c56760296cd21
271,281,c4047b78601928383e81fd84b2ad56c4a065fede00be8b56e40c56760296cd21
415,281,c4047b78601928383e81fd84b2ad56c4a065fede00be8b56e40c56760296cd21
491,281,c4047b78601928383e81fd84b2ad56c4a065fede00be8b56e40c56760296cd21
492,281,c4047b78601928383e81fd84b2ad56c4a065fede00be8b56e40c56760296cd21
493,281,c4047b78601928383e81fd84b2ad56c4a065fede00be8b56e40c56760296cd21
494,281,c4047b78601928383e81fd84b2ad56c4a065fede00be8b56e40c56760296cd21
495,281,c4047b78601928383e81fd84b2ad56c4a065fede00be8b56e40c56760296cd21
496,281,c4047b78601928383e81fd84b2ad56c4a065fede00be8b56e40c56760296cd21
497,281,c4047b78601928383e81fd84b2ad56c4a065fede00be8b56e40c56760296cd21
498,281,c4047b78601928383e81fd84b2ad56c4a065fede00be8b56e40c56760296cd21
499,281,c4047b78601928383e81fd84b2ad56c4a065fede00be8b56e40c56760296cd21
500,281,c4047b78601928383e81fd84b2ad56c4a065fede00be8b56e40c56760296cd21
501,281,c4047b78601928383e81fd84b2ad56c4a065fede00be8b56e40c56760296cd21
502,281,c4047b78601928383e81fd84b2ad56c4a065fede00be8b56e40c56760296cd21
503,281,c4047b78601928383e81fd84b2ad56c4a065fede00be8b56e40c56760296cd21
504,281,c4047b78601928383e81fd84b2ad56c4a065fede00be8b56e40c56760296cd21
505,281,c4047b78601928383e81fd84b2ad56c4a065fede00be8b56e40c56760296cd21
506,281,c4047b78601928383e81fd84b2ad56c4a065fede00be8b56e40c56760296cd21
507,281,c4047b78601928383e81fd84b2ad56c4a065fede00be8b56e40c56760296cd21
508,281,c4047b78601928383e81fd84b2ad56c4a065fede00be8b56e40c56760296cd21
509,281,c4047b78601928383e81fd84b2ad56c4a065fede00be8b56e40c56760296cd21
510,281,c4047b78601928383e81fd84b2ad56c4a065fede00be8b56e40c56760296cd21
511,281,c4047b78601928383e81fd84b2ad56c4a065fede00be8b56e40c56760296cd21
512,281,c4047b78601928383e81fd84b2ad56c4a065fede00be8b56e40c56760296cd21
513,281,c4047b78601928383e81fd84b2ad56c4a065fede00be8b56e40c56760296cd21
514,281,c4047b78601928383e81fd84b2ad56c4a065fede00be8b56e40c56760296cd21
515,281,c4047b78601928383e81fd84b2ad56c4a065fede00be8b56e40c56760296cd21
532,281,c4047b78601928383e81fd84b2ad56c4a065fede00be8b56e40c56760296cd21
244,282,c4047b78601928383e81fd84b2ad56c4a065fede00be8b56e40c56760296cd21
271,282,c4047b78601928383e81fd84b2ad56c4a065fede00be8b56e40c56760296cd21
415,282,c4047b78601928383e81fd84b2ad56c4a065fede00be8b56e40c56760296cd21
491,282,c4047b78601928383e81fd84b2ad56c4a065fede00be8b56e40c56760296cd21
492,282,c4047b78601928383e81fd84b2ad56c4a065fede00be8b56e40c56760296cd21
493,282,c4047b78601928383e81fd84b2ad56c4a065fede00be8b56e40c56760296cd21
494,282,c4047b78601928383e81fd84b2ad56c4a065fede00be8b56e40c56760296cd21
495,282,c4047b78601928383e81fd84b2ad56c4a065fede00be8b56e40c56760296cd21
496,282,c4047b78601928383e81fd84b2ad56c4a065fede00be8b56e40c56760296cd21
497,282,c4047b78601928383e81fd84b2ad56c4a065fede00be8b56e40c56760296cd21
498,282,c4047b78601928383e81fd84b2ad56c4a065fede00be8b56e40c56760296cd21
499,282,c4047b78601928383e81fd84b2ad56c4a065fede00be8b56e40c56760296cd21
500,282,c4047b78601928383e81fd84b2ad56c4a065fede00be8b56e40c56760296cd21
501,282,c4047b78601928383e81fd84b2ad56c4a065fede00be8b56e40c56760296cd21
502,282,c4047b78601928383e81fd84b2ad56c4a065fede00be8b56e40c56760296cd21
503,282,c4047b78601928383e81fd84b2ad56c4a065fede00be8b56e40c56760296cd21
504,282,c4047b78601928383e81fd84b2ad56c4a065fede00be8b56e40c56760296cd21
505,282,c4047b78601928383e81fd84b2ad56c4a065fede00be8b56e40c56760296cd21
506,282,c4047b78601928383e81fd84b2ad56c4a065fede00be8b56e40c56760296cd21
507,282,c4047b78601928383e81fd84b2ad56c4a065fede00be8b56e40c56760296cd21
508,282,c4047b78601928383e81fd84b2ad56c4a065fede00be8b56e40c56760296cd21
509,282,c4047b78601928383e81fd84b2ad56c4a065fede00be8b56e40c56760296cd21
510,282,c4047b78601928383e81fd84b2ad56c4a065fede00be8b56e40c56760296cd21
511,282,c4047b78601928383e81fd84b2ad56c4a065fede00be8b56e40c56760296cd21
512,282,c4047b78601928383e81fd84b2ad56c4a065fede00be8b56e40c56760296cd21
513,282,c4047b78601928383e81fd84b2ad56c4a065fede00be8b56e40c56760296cd21
514,282,c4047b78601928383e81fd84b2ad56c4a065fede00be8b56e40c56760296cd21
515,282,c4047b78601928383e81fd84b2ad56c4a065fede00be8b56e40c56760296cd21
532,282,c4047b78601928383e81fd84b2ad56c4a065fede00be8b56e40c56760296cd21
244,283,c4047b78601928383e81fd84b2ad56c4a065fede00be8b56e40c56760296cd21
271,283,c4047b78601928383e81fd84b2ad56c4a065fede00be8b56e40c56760296cd21
415,283,c4047b78601928383e81fd84b2ad56c4a065fede00be8b56e40c56760296cd21
491,283,c4047b78601928383e81fd84b2ad56c4a065fede00be8b56e40c56760296cd21
492,283,c4047b78601928383e81fd84b2ad56c4a065fede00be8b56e40c56760296cd21
493,283,c4047b78601928383e81fd84b2ad56c4a065fede00be8b56e40c56760296cd21
494,283,c4047b78601928383e81fd84b2ad56c4a065fede00be8b56e40c56760296cd21
495,283,c4047b78601928383e81fd84b2ad56c4a065fede00be8b56e40c56760296cd21
496,283,c4047b78601928383e81fd84b2ad56c4a065fede00be8b56e40c56760296cd21
497,283,c4047b78601928383e81fd84b2ad56c4a065fede00be8b56e40c56760296cd21
498,283,c4047b78601928383e81fd84b2ad56c4a065fede00be8b56e40c56760296cd21
499,283,c4047b78601928383e81fd84b2ad56c4a065fede00be8b56e40c56760296cd21
500,283,c4047b78601928383e81fd84b2ad56c4a065fede00be8b56e40c56760296cd21
501,283,c4047b78601928383e81fd84b2ad56c4a065fede00be8b56e40c56760296cd21
502,283,c4047b78601928383e81fd84b2ad56c4a065fede00be8b56e40c56760296cd21
503,283,c4047b78601928383e81fd84b2ad56c4a065fede00be8b56e40c56760296cd21
504,283,c4047b78601928383e81fd84b2ad56c4a065fede00be8b56e40c56760296cd21
505,283,c4047b78601928383e81fd84b2ad56c4a065fede00be8b56e40c56760296cd21
506,283,c4047b78601928383e81fd84b2ad56c4a065fede00be8b56e40c56760296cd21
507,283,c4047b78601928383e81fd84b2ad56c4a065fede00be8b56e40c56760296cd21
508,283,c4047b78601928383e81fd84b2ad56c4a065fede00be8b56e40c56760296cd21
509,283,c4047b78601928383e81fd84b2ad56c4a065fede00be8b56e40c56760296cd21
510,283,c4047b78601928383e81fd84b2ad56c4a065fede00be8b56e40c56760296cd21
511,283,c4047b78601928383e81fd84b2ad56c4a065fede00be8b56e40c56760296cd21
512,283,c4047b78601928383e81fd84b2ad56c4a065fede00be8b56e40c56760296cd21
513,283,c4047b78601928383e81fd84b2ad56c4a065fede00be8b56e40c56760296cd21
514,283,c4047b78601928383e81fd84b2ad56c4a065fede00be8b56e40c56760296cd21
515,283,c4047b78601928383e81fd84b2ad56c4a065fede00be8b56e40c56760296cd21
532,283,c4047b78601928383e81fd84b2ad56c4a065fede00be8b56e40c56760296cd21
64,284,c4047b78601928383e81fd84b2ad56c4a065fede00be8b56e40c56760296cd21
123,284,c4047b78601928383e81fd84b2ad56c4a065fede00be8b56e40c56760296cd21
160,284,c4047b78601928383e81fd84b2ad56c4a065fede00be8b56e40c56760296cd21
219,284,c4047b78601928383e81fd84b2ad56c4a065fede00be8b56e40c56760296cd21
244,284,c4047b78601928383e81fd84b2ad56c4a065fede00be8b56e40c56760296cd21
271,284,c4047b78601928383e81fd84b2ad56c4a065fede00be8b56e40c56760296cd21
415,284,c4047b78601928383e81fd84b2ad56c4a065fede00be8b56e40c56760296cd21
491,284,c4047b78601928383e81fd84b2ad56c4a065fede00be8b56e40c56760296cd21
492,284,c4047b78601928383e81fd84b2ad56c4a065fede00be8b56e40c56760296cd21
493,284,c4047b78601928383e81fd84b2ad56c4a065fede00be8b56e40c56760296cd21
494,284,c4047b78601928383e81fd84b2ad56c4a065fede00be8b56e40c56760296cd21
495,284,c4047b78601928383e81fd84b2ad56c4a065fede00be8b56e40c56760296cd21
496,284,c4047b78601928383e81fd84b2ad56c4a065fede00be8b56e40c56760296cd21
497,284,c4047b78601928383e81fd84b2ad56c4a065fede00be8b56e40c56760296cd21
498,284,c4047b78601928383e81fd84b2ad56c4a065fede00be8b56e40c56760296cd21
499,284,c4047b78601928383e81fd84b2ad56c4a065fede00be8b56e40c56760296cd21
500,284,c4047b78601928383e81fd84b2ad56c4a065fede00be8b56e40c56760296cd21
501,284,c4047b78601928383e81fd84b2ad56c4a065fede00be8b56e40c56760296cd21
502,284,c4047b78601928383e81fd84b2ad56c4a065fede00be8b56e40c56760296cd21
503,284,c4047b78601928383e81fd84b2ad56c4a065fede00be8b56e40c56760296cd21
504,284,c4047b78601928383e81fd84b2ad56c4a065fede00be8b56e40c56760296cd21
505,284,c4047b78601928383e81fd84b2ad56c4a065fede00be8b56e40c56760296cd21
506,284,c4047b78601928383e81fd84b2ad56c4a065fede00be8b56e40c56760296cd21
507,284,c4047b78601928383e81fd84b2ad56c4a065fede00be8b56e40c56760296cd21
508,284,c4047b78601928383e81fd84b2ad56c4a065fede00be8b56e40c56760296cd21
509,284,c4047b78601928383e81fd84b2ad56c4a065fede00be8b56e40c56760296cd21
510,284,c4047b78601928383e81fd84b2ad56c4a065fede00be8b56e40c56760296cd21
511,284,c4047b78601928383e81fd84b2ad56c4a065fede00be8b56e40c56760296cd21
512,284,c4047b78601928383e81fd84b2ad56c4a065fede00be8b56e40c56760296cd21
513,284,c4047b78601928383e81fd84b2ad56c4a065fede00be8b56e40c56760296cd21
514,284,c4047b78601928383e81fd84b2ad56c4a065fede00be8b56e40c56760296cd21
515,284,c4047b78601928383e81fd84b2ad56c4a065fede00be8b56e40c56760296cd21
532,284,c4047b78601928383e81fd84b2ad56c4a065fede00be8b56e40c56760296cd21
244,285,c4047b78601928383e81fd84b2ad56c4a065fede00be8b56e40c56760296cd21
271,285,c4047b78601928383e81fd84b2ad56c4a065fede00be8b56e40c56760296cd21
415,285,c4047b78601928383e81fd84b2ad56c4a065fede00be8b56e40c56760296cd21
491,285,c4047b78601928383e81fd84b2ad56c4a065fede00be8b56e40c56760296cd21
492,285,c4047b78601928383e81fd84b2ad56c4a065fede00be8b56e40c56760296cd21
493,285,c4047b78601928383e81fd84b2ad56c4a065fede00be8b56e40c56760296cd21
494,285,c4047b78601928383e81fd84b2ad56c4a065fede00be8b56e40c56760296cd21
495,285,c4047b78601928383e81fd84b2ad56c4a065fede00be8b56e40c56760296cd21
496,285,c4047b78601928383e81fd84b2ad56c4a065fede00be8b56e40c56760296cd21
497,285,c4047b78601928383e81fd84b2ad56c4a065fede00be8b56e40c56760296cd21
498,285,c4047b78601928383e81fd84b2ad56c4a065fede00be8b56e40c56760296cd21
499,285,c4047b78601928383e81fd84b2ad56c4a065fede00be8b56e40c56760296cd21
500,285,c4047b78601928383e81fd84b2ad56c4a065fede00be8b56e40c56760296cd21
501,285,c4047b78601928383e81fd84b2ad56c4a065fede00be8b56e40c56760296cd21
502,285,c4047b78601928383e81fd84b2ad56c4a065fede00be8b56e40c56760296cd21
503,285,c4047b78601928383e81fd84b2ad56c4a065fede00be8b56e40c56760296cd21
504,285,c4047b78601928383e81fd84b2ad56c4a065fede00be8b56e40c56760296cd21
505,285,c4047b78601928383e81fd84b2ad56c4a065fede00be8b56e40c56760296cd21
506,285,c4047b78601928383e81fd84b2ad56c4a065fede00be8b56e40c56760296cd21
507,285,c4047b78601928383e81fd84b2ad56c4a065fede00be8b56e40c56760296cd21
508,285,c4047b78601928383e81fd84b2ad56c4a065fede00be8b56e40c56760296cd21
509,285,c4047b78601928383e81fd84b2ad56c4a065fede00be8b56e40c56760296cd21
510,285,c4047b78601928383e81fd84b2ad56c4a065fede00be8b56e40c56760296cd21
511,285,c4047b78601928383e81fd84b2ad56c4a065fede00be8b56e40c56760296cd21
512,285,c4047b78601928383e81fd84b2ad56c4a065fede00be8b56e40c56760296cd21
513,285,c4047b78601928383e81fd84b2ad56c4a065fede00be8b56e40c56760296cd21
514,285,c4047b78601928383e81fd84b2ad56c4a065fede00be8b56e40c56760296cd21
515,285,c4047b78601928383e81fd84b2ad56c4a065fede00be8b56e40c56760296cd21
532,285,c4047b78601928383e81fd84b2ad56c4a065fede00be8b56e40c56760296cd21
244,286,c4047b78601928383e81fd84b2ad56c4a065fede00be8b56e40c56760296cd21
271,286,c4047b78601928383e81fd84b2ad56c4a065fede00be8b56e40c56760296cd21
415,286,c4047b78601928383e81fd84b2ad56c4a065fede00be8b56e40c56760296cd21
491,286,c4047b78601928383e81fd84b2ad56c4a065fede00be8b56e40c56760296cd21
532,286,c4047b78601928383e81fd84b2ad56c4a065fede00be8b56e40c56760296cd21
244,287,c4047b78601928383e81fd84b2ad56c4a065fede00be8b56e40c56760296cd21
271,287,c4047b78601928383e81fd84b2ad56c4a065fede00be8b56e40c56760296cd21
415,287,c4047b78601928383e81fd84b2ad56c4a065fede00be8b56e40c56760296cd21
491,287,c4047b78601928383e81fd84b2ad56c4a065fede00be8b56e40c56760296cd21
532,287,c4047b78601928383e81fd84b2ad56c4a065fede00be8b56e40c56760296cd21
244,288,c4047b78601928383e81fd84b2ad56c4a065fede00be8b56e40c56760296cd21
271,288,c4047b78601928383e81fd84b2ad56c4a065fede00be8b56e40c56760296cd21
415,288,c4047b78601928383e81fd84b2ad56c4a065fede00be8b56e40c56760296cd21
491,288,c4047b78601928383e81fd84b2ad56c4a065fede00be8b56e40c56760296cd21
532,288,c4047b78601928383e81fd84b2ad56c4a065fede00be8b56e40c56760296cd21
244,289,c4047b78601928383e81fd84b2ad56c4a065fede00be8b56e40c56760296cd21
271,289,c4047b78601928383e81fd84b2ad56c4a065fede00be8b56e40c56760296cd21
415,289,c4047b78601928383e81fd84b2ad56c4a065fede00be8b56e40c56760296cd21
491,289,c4047b78601928383e81fd84b2ad56c4a065fede00be8b56e40c56760296cd21
532,289,c4047b78601928383e81fd84b2ad56c4a065fede00be8b56e40c56760296cd21
244,290,c4047b78601928383e81fd84b2ad56c4a065fede00be8b56e40c56760296cd21
271,290,c4047b78601928383e81fd84b2ad56c4a065fede00be8b56e40c56760296cd21
350,290,c4047b78601928383e81fd84b2ad56c4a065fede00be8b56e40c56760296cd21
351,290,c4047b78601928383e81fd84b2ad56c4a065fede00be8b56e40c56760296cd21
352,290,c4047b78601928383e81fd84b2ad56c4a065fede00be8b56e40c56760296cd21
353,290,c4047b78601928383e81fd84b2ad56c4a065fede00be8b56e40c56760296cd21
354,290,c4047b78601928383e81fd84b2ad56c4a065fede00be8b56e40c56760296cd21
355,290,c4047b78601928383e81fd84b2ad56c4a065fede00be8b56e40c56760296cd21
356,290,c4047b78601928383e81fd84b2ad56c4a065fede00be8b56e40c56760296cd21
357,290,c4047b78601928383e81fd84b2ad56c4a065fede00be8b56e40c56760296cd21
358,290,c4047b78601928383e81fd84b2ad56c4a065fede00be8b56e40c56760296cd21
359,290,c4047b78601928383e81fd84b2ad56c4a065fede00be8b56e40c56760296cd21
360,290,c4047b78601928383e81fd84b2ad56c4a065fede00be8b56e40c56760296cd21
361,290,c4047b78601928383e81fd84b2ad56c4a065fede00be8b56e40c56760296cd21
362,290,c4047b78601928383e81fd84b2ad56c4a065fede00be8b56e40c56760296cd21
363,290,c4047b78601928383e81fd84b2ad56c4a065fede00be8b56e40c56760296cd21
364,290,c4047b78601928383e81fd84b2ad56c4a065fede00be8b56e40c56760296cd21
365,290,c4047b78601928383e81fd84b2ad56c4a065fede00be8b56e40c56760296cd21
415,290,c4047b78601928383e81fd84b2ad56c4a065fede00be8b56e40c56760296cd21
491,290,c4047b78601928383e81fd84b2ad56c4a065fede00be8b56e40c56760296cd21
532,290,c4047b78601928383e81fd84b2ad56c4a065fede00be8b56e40c56760296cd21
244,291,c4047b78601928383e81fd84b2ad56c4a065fede00be8b56e40c56760296cd21
271,291,c4047b78601928383e81fd84b2ad56c4a065fede00be8b56e40c56760296cd21
350,291,c4047b78601928383e81fd84b2ad56c4a065fede00be8b56e40c56760296cd21
351,291,c4047b78601928383e81fd84b2ad56c4a065fede00be8b56e40c56760296cd21
352,291,c4047b78601928383e81fd84b2ad56c4a065fede00be8b56e40c56760296cd21
353,291,c4047b78601928383e81fd84b2ad56c4a065fede00be8b56e40c56760296cd21
354,291,c4047b78601928383e81fd84b2ad56c4a065fede00be8b56e40c56760296cd21
355,291,c4047b78601928383e81fd84b2ad56c4a065fede00be8b56e40c56760296cd21
356,291,c4047b78601928383e81fd84b2ad56c4a065fede00be8b56e40c56760296cd21
357,291,c4047b78601928383e81fd84b2ad56c4a065fede00be8b56e40c56760296cd21
358,291,c4047b78601928383e81fd84b2ad56c4a065fede00be8b56e40c56760296cd21
359,291,c4047b78601928383e81fd84b2ad56c4a065fede00be8b56e40c56760296cd21
360,291,c4047b78601928383e81fd84b2ad56c4a065fede00be8b56e40c56760296cd21
361,291,c4047b78601928383e81fd84b2ad56c4a065fede00be8b56e40c56760296cd21
362,291,c4047b78601928383e81fd84b2ad56c4a065fede00be8b56e40c56760296cd21
363,291,c4047b78601928383e81fd84b2ad56c4a065fede00be8b56e40c56760296cd21
364,291,c4047b78601928383e81fd84b2ad56c4a065fede00be8b56e40c56760296cd21
365,291,c4047b78601928383e81fd84b2ad56c4a065fede00be8b56e40c56760296cd21
415,291,c4047b78601928383e81fd84b2ad56c4a065fede00be8b56e40c56760296cd21
491,291,c4047b78601928383e81fd84b2ad56c4a065fede00be8b56e40c56760296cd21
532,291,c4047b78601928383e81fd84b2ad56c4a065fede00be8b56e40c56760296cd21
244,292,c4047b78601928383e81fd84b2ad56c4a065fede00be8b56e40c56760296cd21
271,292,c4047b78601928383e81fd84b2ad56c4a065fede00be8b56e40c56760296cd21
350,292,c4047b78601928383e81fd84b2ad56c4a065fede00be8b56e40c56760296cd21
351,292,c4047b78601928383e81fd84b2ad56c4a065fede00be8b56e40c56760296cd21
352,292,c4047b78601928383e81fd84b2ad56c4a065fede00be8b56e40c56760296cd21
353,292,c4047b78601928383e81fd84b2ad56c4a065fede00be8b56e40c56760296cd21
354,292,c4047b78601928383e81fd84b2ad56c4a065fede00be8b56e40c56760296cd21
355,292,c4047b78601928383e81fd84b2ad56c4a065fede00be8b56e40c56760296cd21
356,292,c4047b78601928383e81fd84b2ad56c4a065fede00be8b56e40c56760296cd21
357,292,c4047b78601928383e81fd84b2ad56c4a065fede00be8b56e40c56760296cd21
358,292,c4047b78601928383e81fd84b2ad56c4a065fede00be8b56e40c56760296cd21
359,292,c4047b78601928383e81fd84b2ad56c4a065fede00be8b56e40c56760296cd21
360,292,c4047b78601928383e81fd84b2ad56c4a065fede00be8b56e40c56760296cd21
361,292,c4047b78601928383e81fd84b2ad56c4a065fede00be8b56e40c56760296cd21
362,292,c4047b78601928383e81fd84b2ad56c4a065fede00be8b56e40c56760296cd21
363,292,c4047b78601928383e81fd84b2ad56c4a065fede00be8b56e40c56760296cd21
364,292,c4047b78601928383e81fd84b2ad56c4a065fede00be8b56e40c56760296cd21
365,292,c4047b78601928383e81fd84b2ad56c4a065fede00be8b56e40c56760296cd21
415,292,c4047b78601928383e81fd84b2ad56c4a065fede00be8b56e40c56760296cd21
491,292,c4047b78601928383e81fd84b2ad56c4a065fede00be8b56e40c56760296cd21
532,292,c4047b78601928383e81fd84b2ad56c4a065fede00be8b56e40c56760296cd21
244,293,c4047b78601928383e81fd84b2ad56c4a065fede00be8b56e40c56760296cd21
271,293,c4047b78601928383e81fd84b2ad56c4a065fede00be8b56e40c56760296cd21
350,293,c4047b78601928383e81fd84b2ad56c4a065fede00be8b56e40c56760296cd21
351,293,c4047b78601928383e81fd84b2ad56c4a065fede00be8b56e40c56760296cd21
352,293,c4047b78601928383e81fd84b2ad56c4a065fede00be8b56e40c56760296cd21
353,293,c4047b78601928383e81fd84b2ad56c4a065fede00be8b56e40c56760296cd21
354,293,c4047b78601928383e81fd84b2ad56c4a065fede00be8b56e40c56760296cd21
355,293,c4047b78601928383e81fd84b2ad56c4a065fede00be8b56e40c56760296cd21
356,293,c4047b78601928383e81fd84b2ad56c4a065fede00be8b56e40c56760296cd21
357,293,c4047b78601928383e81fd84b2ad56c4a065fede00be8b56e40c56760296cd21
358,293,c4047b78601928383e81fd84b2ad56c4a065fede00be8b56e40c56760296cd21
359,293,c4047b78601928383e81fd84b2ad56c4a065fede00be8b56e40c56760296cd21
360,293,c4047b78601928383e81fd84b2ad56c4a065fede00be8b56e40c56760296cd21
361,293,c4047b78601928383e81fd84b2ad56c4a065fede00be8b56e40c56760296cd21
362,293,c4047b78601928383e81fd84b2ad56c4a065fede00be8b56e40c56760296cd21
363,293,c4047b78601928383e81fd84b2ad56c4a065fede00be8b56e40c56760296cd21
364,293,c4047b78601928383e81fd84b2ad56c4a065fede00be8b56e40c56760296cd21
365,293,c4047b78601928383e81fd84b2ad56c4a065fede00be8b56e40c56760296cd21
415,293,c4047b78601928383e81fd84b2ad56c4a065fede00be8b56e40c56760296cd21
491,293,c4047b78601928383e81fd84b2ad56c4a065fede00be8b56e40c56760296cd21
532,293,c4047b78601928383e81fd84b2ad56c4a065fede00be8b56e40c56760296cd21
244,294,c4047b78601928383e81fd84b2ad56c4a065fede00be8b56e40c56760296cd21
271,294,c4047b78601928383e81fd84b2ad56c4a065fede00be8b56e40c56760296cd21
350,294,c4047b78601928383e81fd84b2ad56c4a065fede00be8b56e40c56760296cd21
351,294,c4047b78601928383e81fd84b2ad56c4a065fede00be8b56e40c56760296cd21
352,294,c4047b78601928383e81fd84b2ad56c4a065fede00be8b56e40c56760296cd21
353,294,c4047b78601928383e81fd84b2ad56c4a065fede00be8b56e40c56760296cd21
354,294,c4047b78601928383e81fd84b2ad56c4a065fede00be8b56e40c56760296cd21
355,294,c4047b78601928383e81fd84b2ad56c4a065fede00be8b56e40c56760296cd21
356,294,c4047b78601928383e81fd84b2ad56c4a065fede00be8b56e40c56760296cd21
357,294,c4047b78601928383e81fd84b2ad56c4a065fede00be8b56e40c56760296cd21
358,294,c4047b78601928383e81fd84b2ad56c4a065fede00be8b56e40c56760296cd21
359,294,c4047b78601928383e81fd84b2ad56c4a065fede00be8b56e40c56760296cd21
360,294,c4047b78601928383e81fd84b2ad56c4a065fede00be8b56e40c56760296cd21
361,294,c4047b78601928383e81fd84b2ad56c4a065fede00be8b56e40c56760296cd21
362,294,c4047b78601928383e81fd84b2ad56c4a065fede00be8b56e40c56760296cd21
363,294,c4047b78601928383e81fd84b2ad56c4a065fede00be8b56e40c56760296cd21
364,294,c4047b78601928383e81fd84b2ad56c4a065fede00be8b56e40c56760296cd21
365,294,c4047b78601928383e81fd84b2ad56c4a065fede00be8b56e40c56760296cd21
415,294,c4047b78601928383e81fd84b2ad56c4a065fede00be8b56e40c56760296cd21
491,294,c4047b78601928383e81fd84b2ad56c4a065fede00be8b56e40c56760296cd21
532,294,c4047b78601928383e81fd84b2ad56c4a065fede00be8b56e40c56760296cd21
244,295,c4047b78601928383e81fd84b2ad56c4a065fede00be8b56e40c56760296cd21
271,295,c4047b78601928383e81fd84b2ad56c4a065fede00be8b56e40c56760296cd21
349,295,c4047b78601928383e81fd84b2ad56c4a065fede00be8b56e40c56760296cd21
350,295,c4047b78601928383e81fd84b2ad56c4a065fede00be8b56e40c56760296cd21
351,295,c4047b78601928383e81fd84b2ad56c4a065fede00be8b56e40c56760296cd21
352,295,c4047b78601928383e81fd84b2ad56c4a065fede00be8b56e40c56760296cd21
353,295,c4047b78601928383e81fd84b2ad56c4a065fede00be8b56e40c56760296cd21
354,295,c4047b78601928383e81fd84b2ad56c4a065fede00be8b56e40c56760296cd21
355,295,c4047b78601928383e81fd84b2ad56c4a065fede00be8b56e40c56760296cd21
356,295,c4047b78601928383e81fd84b2ad56c4a065fede00be8b56e40c56760296cd21
357,295,c4047b78601928383e81fd84b2ad56c4a065fede00be8b56e40c56760296cd21
358,295,c4047b78601928383e81fd84b2ad56c4a065fede00be8b56e40c56760296cd21
359,295,c4047b78601928383e81fd84b2ad56c4a065fede00be8b56e40c56760296cd21
360,295,c4047b78601928383e81fd84b2ad56c4a065fede00be8b56e40c56760296cd21
361,295,c4047b78601928383e81fd84b2ad56c4a065fede00be8b56e40c56760296cd21
362,295,c4047b78601928383e81fd84b2ad56c4a065fede00be8b56e40c56760296cd21
363,295,c4047b78601928383e81fd84b2ad56c4a065fede00be8b56e40c56760296cd21
364,295,c4047b78601928383e81fd84b2ad56c4a065fede00be8b56e40c56760296cd21
365,295,c4047b78601928383e81fd84b2ad56c4a065fede00be8b56e40c56760296cd21
415,295,c4047b78601928383e81fd84b2ad56c4a065fede00be8b56e40c56760296cd21
491,295,c4047b78601928383e81fd84b2ad56c4a065fede00be8b56e40c56760296cd21
532,295,c4047b78601928383e81fd84b2ad56c4a065fede00be8b56e40c56760296cd21
244,296,c4047b78601928383e81fd84b2ad56c4a065fede00be8b56e40c56760296cd21
271,296,c4047b78601928383e81fd84b2ad56c4a065fede00be8b56e40c56760296cd21
349,296,c4047b78601928383e81fd84b2ad56c4a065fede00be8b56e40c56760296cd21
350,296,c4047b78601928383e81fd84b2ad56c4a065fede00be8b56e40c56760296cd21
351,296,c4047b78601928383e81fd84b2ad56c4a065fede00be8b56e40c56760296cd21
352,296,c4047b78601928383e81fd84b2ad56c4a065fede00be8b56e40c56760296cd21
353,296,c4047b78601928383e81fd84b2ad56c4a065fede00be8b56e40c56760296cd21
354,296,c4047b78601928383e81fd84b2ad56c4a065fede00be8b56e40c56760296cd21
355,296,c4047b78601928383e81fd84b2ad56c4a065fede00be8b56e40c56760296cd21
356,296,c4047b78601928383e81fd84b2ad56c4a065fede00be8b56e40c56760296cd21
357,296,c4047b78601928383e81fd84b2ad56c4a065fede00be8b56e40c56760296cd21
358,296,c4047b78601928383e81fd84b2ad56c4a065fede00be8b56e40c56760296cd21
359,296,c4047b78601928383e81fd84b2ad56c4a065fede00be8b56e40c56760296cd21
360,296,c4047b78601928383e81fd84b2ad56c4a065fede00be8b56e40c56760296cd21
361,296,c4047b78601928383e81fd84b2ad56c4a065fede00be8b56e40c56760296cd21
362,296,c4047b78601928383e81fd84b2ad56c4a065fede00be8b56e40c56760296cd21
363,296,c4047b78601928383e81fd84b2ad56c4a065fede00be8b56e40c56760296cd21
364,296,c4047b78601928383e81fd84b2ad56c4a065fede00be8b56e40c56760296cd21
365,296,c4047b78601928383e81fd84b2ad56c4a065fede00be8b56e40c56760296cd21
415,296,c4047b78601928383e81fd84b2ad56c4a065fede00be8b56e40c56760296cd21
491,296,c4047b78601928383e81fd84b2ad56c4a065fede00be8b56e40c56760296cd21
532,296,c4047b78601928383e81fd84b2ad56c4a065fede00be8b56e40c56760296cd21
244,297,c4047b78601928383e81fd84b2ad56c4a065fede00be8b56e40c56760296cd21
271,297,c4047b78601928383e81fd84b2ad56c4a065fede00be8b56e40c56760296cd21
349,297,c4047b78601928383e81fd84b2ad56c4a065fede00be8b56e40c56760296cd21
350,297,c4047b78601928383e81fd84b2ad56c4a065fede00be8b56e40c56760296cd21
351,297,c4047b78601928383e81fd84b2ad56c4a065fede00be8b56e40c56760296cd21
352,297,c4047b78601928383e81fd84b2ad56c4a065fede00be8b56e40c56760296cd21
353,297,c4047b78601928383e81fd84b2ad56c4a065fede00be8b56e40c56760296cd21
354,297,c4047b78601928383e81fd84b2ad56c4a065fede00be8b56e40c56760296cd21
355,297,c4047b78601928383e81fd84b2ad56c4a065fede00be8b56e40c56760296cd21
356,297,c4047b78601928383e81fd84b2ad56c4a065fede00be8b56e40c56760296cd21
357,297,c4047b78601928383e81fd84b2ad56c4a065fede00be8b56e40c56760296cd21
358,297,c4047b78601928383e81fd84b2ad56c4a065fede00be8b56e40c56760296cd21
359,297,c4047b78601928383e81fd84b2ad56c4a065fede00be8b56e40c56760296cd21
360,297,c4047b78601928383e81fd84b2ad56c4a065fede00be8b56e40c56760296cd21
361,297,c4047b78601928383e81fd84b2ad56c4a065fede00be8b56e40c56760296cd21
362,297,c4047b78601928383e81fd84b2ad56c4a065fede00be8b56e40c56760296cd21
363,297,c4047b78601928383e81fd84b2ad56c4a065fede00be8b56e40c56760296cd21
364,297,c4047b78601928383e81fd84b2ad56c4a065fede00be8b56e40c56760296cd21
365,297,c4047b78601928383e81fd84b2ad56c4a065fede00be8b56e40c56760296cd21
415,297,c4047b78601928383e81fd84b2ad56c4a065fede00be8b56e40c56760296cd21
491,297,c4047b78601928383e81fd84b2ad56c4a065fede00be8b56e40c56760296cd21
532,297,c4047b78601928383e81fd84b2ad56c4a065fede00be8b56e40c56760296cd21
244,298,c4047b78601928383e81fd84b2ad56c4a065fede00be8b56e40c56760296cd21
271,298,c4047b78601928383e81fd84b2ad56c4a065fede00be8b56e40c56760296cd21
349,298,c4047b78601928383e81fd84b2ad56c4a065fede00be8b56e40c56760296cd21
350,298,c4047b78601928383e81fd84b2ad56c4a065fede00be8b56e40c56760296cd21
351,298,c4047b78601928383e81fd84b2ad56c4a065fede00be8b56e40c56760296cd21
352,298,c4047b78601928383e81fd84b2ad56c4a065fede00be8b56e40c56760296cd21
353,298,c4047b78601928383e81fd84b2ad56c4a065fede00be8b56e40c56760296cd21
354,298,c4047b78601928383e81fd84b2ad56c4a065fede00be8b56e40c56760296cd21
355,298,c4047b78601928383e81fd84b2ad56c4a065fede00be8b56e40c56760296cd21
356,298,c4047b78601928383e81fd84b2ad56c4a065fede00be8b56e40c56760296cd21
357,298,c4047b78601928383e81fd84b2ad56c4a065fede00be8b56e40c56760296cd21
358,298,c4047b78601928383e81fd84b2ad56c4a065fede00be8b56e40c56760296cd21
359,298,c4047b78601928383e81fd84b2ad56c4a065fede00be8b56e40c56760296cd21
360,298,c4047b78601928383e81fd84b2ad56c4a065fede00be8b56e40c56760296cd21
361,298,c4047b78601928383e81fd84b2ad56c4a065fede00be8b56e40c56760296cd21
362,298,c4047b78601928383e81fd84b2ad56c4a065fede00be8b56e40c56760296cd21
363,298,c4047b78601928383e81fd84b2ad56c4a065fede00be8b56e40c56760296cd21
364,298,c4047b78601928383e81fd84b2ad56c4a065fede00be8b56e40c56760296cd21
365,298,c4047b78601928383e81fd84b2ad56c4a065fede00be8b56e40c56760296cd21
415,298,c4047b78601928383e81fd84b2ad56c4a065fede00be8b56e40c56760296cd21
491,298,c4047b78601928383e81fd84b2ad56c4a065fede00be8b56e40c56760296cd21
532,298,c4047b78601928383e81fd84b2ad56c4a065fede00be8b56e40c56760296cd21
244,299,c4047b78601928383e81fd84b2ad56c4a065fede00be8b56e40c56760296cd21
271,299,c4047b78601928383e81fd84b2ad56c4a065fede00be8b56e40c56760296cd21
349,299,c4047b78601928383e81fd84b2ad56c4a065fede00be8b56e40c56760296cd21
350,299,c4047b78601928383e81fd84b2ad56c4a065fede00be8b56e40c56760296cd21
351,299,c4047b78601928383e81fd84b2ad56c4a065fede00be8b56e40c56760296cd21
352,299,c4047b78601928383e81fd84b2ad56c4a065fede00be8b56e40c56760296cd21
353,299,c4047b78601928383e81fd84b2ad56c4a065fede00be8b56e40c56760296cd21
354,299,c4047b78601928383e81fd84b2ad56c4a065fede00be8b56e40c56760296cd21
355,299,c4047b78601928383e81fd84b2ad56c4a065fede00be8b56e40c56760296cd21
356,299,c4047b78601928383e81fd84b2ad56c4a065fede00be8b56e40c56760296cd21
357,299,c4047b78601928383e81fd84b2ad56c4a065fede00be8b56e40c56760296cd21
358,299,c4047b78601928383e81fd84b2ad56c4a065fede00be8b56e40c56760296cd21
359,299,c4047b78601928383e81fd84b2ad56c4a065fede00be8b56e40c56760296cd21
360,299,c4047b78601928383e81fd84b2ad56c4a065fede00be8b56e40c56760296cd21
361,299,c4047b78601928383e81fd84b2ad56c4a065fede00be8b56e40c56760296cd21
362,299,c4047b78601928383e81fd84b2ad56c4a065fede00be8b56e40c56760296cd21
363,299,c4047b78601928383e81fd84b2ad56c4a065fede00be8b56e40c56760296cd21
364,299,c4047b78601928383e81fd84b2ad56c4a065fede00be8b56e40c56760296cd21
365,299,c4047b78601928383e81fd84b2ad56c4a065fede00be8b56e40c56760296cd21
415,299,c4047b78601928383e81fd84b2ad56c4a065fede00be8b56e40c56760296cd21
491,299,c4047b78601928383e81fd84b2ad56c4a065fede00be8b56e40c56760296cd21
532,299,c4047b78601928383e81fd84b2ad56c4a065fede00be8b56e40c56760296cd21
244,300,c4047b78601928383e81fd84b2ad56c4a065fede00be8b56e40c56760296cd21
271,300,c4047b78601928383e81fd84b2ad56c4a065fede00be8b56e40c56760296cd21
349,300,c4047b78601928383e81fd84b2ad56c4a065fede00be8b56e40c56760296cd21
350,300,c4047b78601928383e81fd84b2ad56c4a065fede00be8b56e40c56760296cd21
351,300,c4047b78601928383e81fd84b2ad56c4a065fede00be8b56e40c56760296cd21
352,300,c4047b78601928383e81fd84b2ad56c4a065fede00be8b56e40c56760296cd21
353,300,c4047b78601928383e81fd84b2ad56c4a065fede00be8b56e40c56760296cd21
354,300,c4047b78601928383e81fd84b2ad56c4a065fede00be8b56e40c56760296cd21
355,300,c4047b78601928383e81fd84b2ad56c4a065fede00be8b56e40c56760296cd21
356,300,c4047b78601928383e81fd84b2ad56c4a065fede00be8b56e40c56760296cd21
357,300,c4047b78601928383e81fd84b2ad56c4a065fede00be8b56e40c56760296cd21
358,300,c4047b78601928383e81fd84b2ad56c4a065fede00be8b56e40c56760296cd21
359,300,c4047b78601928383e81fd84b2ad56c4a065fede00be8b56e40c56760296cd21
360,300,c4047b78601928383e81fd84b2ad56c4a065fede00be8b56e40c56760296cd21
361,300,c4047b78601928383e81fd84b2ad56c4a065fede00be8b56e40c56760296cd21
362,300,c4047b78601928383e81fd84b2ad56c4a065fede00be8b56e40c56760296cd21
363,300,c4047b78601928383e81fd84b2ad56c4a065fede00be8b56e40c56760296cd21
364,300,c4047b78601928383e81fd84b2ad56c4a065fede00be8b56e40c56760296cd21
365,300,c4047b78601928383e81fd84b2ad56c4a065fede00be8b56e40c56760296cd21
366,300,c4047b78601928383e81fd84b2ad56c4a065fede00be8b56e40c56760296cd21
367,300,c4047b78601928383e81fd84b2ad56c4a065fede00be8b56e40c56760296cd21
368,300,c4047b78601928383e81fd84b2ad56c4a065fede00be8b56e40c56760296cd21
369,300,c4047b78601928383e81fd84b2ad56c4a065fede00be8b56e40c56760296cd21
370,300,c4047b78601928383e81fd84b2ad56c4a065fede00be8b56e40c56760296cd21
371,300,c4047b78601928383e81fd84b2ad56c4a065fede00be8b56e40c56760296cd21
372,300,c4047b78601928383e81fd84b2ad56c4a065fede00be8b56e40c56760296cd21
373,300,c4047b78601928383e81fd84b2ad56c4a065fede00be8b56e40c56760296cd21
374,300,c4047b78601928383e81fd84b2ad56c4a065fede00be8b56e40c56760296cd21
375,300,c4047b78601928383e81fd84b2ad56c4a065fede00be8b56e40c56760296cd21
376,300,c4047b78601928383e81fd84b2ad56c4a065fede00be8b56e40c56760296cd21
377,300,c4047b78601928383e81fd84b2ad56c4a065fede00be8b56e40c56760296cd21
378,300,c4047b78601928383e81fd84b2ad56c4a065fede00be8b56e40c56760296cd21
379,300,c4047b78601928383e81fd84b2ad56c4a065fede00be8b56e40c56760296cd21
380,300,c4047b78601928383e81fd84b2ad56c4a065fede00be8b56e40c56760296cd21
381,300,c4047b78601928383e81fd84b2ad56c4a065fede00be8b56e40c56760296cd21
382,300,c4047b78601928383e81fd84b2ad56c4a065fede00be8b56e40c56760296cd21
383,300,c4047b78601928383e81fd84b2ad56c4a065fede00be8b56e40c56760296cd21
384,300,c4047b78601928383e81fd84b2ad56c4a065fede00be8b56e40c56760296cd21
385,300,c4047b78601928383e81fd84b2ad56c4a065fede00be8b56e40c56760296cd21
386,300,c4047b78601928383e81fd84b2ad56c4a065fede00be8b56e40c56760296cd21
387,300,c4047b78601928383e81fd84b2ad56c4a065fede00be8b56e40c56760296cd21
388,300,c4047b78601928383e81fd84b2ad56c4a065fede00be8b56e40c56760296cd21
389,300,c4047b78601928383e81fd84b2ad56c4a065fede00be8b56e40c56760296cd21
390,300,c4047b78601928383e81fd84b2ad56c4a065fede00be8b56e40c56760296cd21
391,300,c4047b78601928383e81fd84b2ad56c4a065fede00be8b56e40c56760296cd21
392,300,c4047b78601928383e81fd84b2ad56c4a065fede00be8b56e40c56760296cd21
393,300,c4047b78601928383e81fd84b2ad56c4a065fede00be8b56e40c56760296cd21
394,300,c4047b78601928383e81fd84b2ad56c4a065fede00be8b56e40c56760296cd21
395,300,c4047b78601928383e81fd84b2ad56c4a065fede00be8b56e40c56760296cd21
396,300,c4047b78601928383e81fd84b2ad56c4a065fede00be8b56e40c56760296cd21
397,300,c4047b78601928383e81fd84b2ad56c4a065fede00be8b56e40c56760296cd21
398,300,c4047b78601928383e81fd84b2ad56c4a065fede00be8b56e40c56760296cd21
399,300,c4047b78601928383e81fd84b2ad56c4a065fede00be8b56e40c56760296cd21
400,300,c4047b78601928383e81fd84b2ad56c4a065fede00be8b56e40c56760296cd21
401,300,c4047b78601928383e81fd84b2ad56c4a065fede00be8b56e40c56760296cd21
402,300,c4047b78601928383e81fd84b2ad56c4a065fede00be8b56e40c56760296cd21
403,300,c4047b78601928383e81fd84b2ad56c4a065fede00be8b56e40c56760296cd21
404,300,c4047b78601928383e81fd84b2ad56c4a065fede00be8b56e40c56760296cd21
405,300,c4047b78601928383e81fd84b2ad56c4a065fede00be8b56e40c56760296cd21
406,300,c4047b78601928383e81fd84b2ad56c4a065fede00be8b56e40c56760296cd21
407,300,c4047b78601928383e81fd84b2ad56c4a065fede00be8b56e40c56760296cd21
408,300,c4047b78601928383e81fd84b2ad56c4a065fede00be8b56e40c56760296cd21
409,300,c4047b78601928383e81fd84b2ad56c4a065fede00be8b56e40c56760296cd21
410,300,c4047b78601928383e81fd84b2ad56c4a065fede00be8b56e40c56760296cd21
411,300,c4047b78601928383e81fd84b2ad56c4a065fede00be8b56e40c56760296cd21
412,300,c4047b78601928383e81fd84b2ad56c4a065fede00be8b56e40c56760296cd21
413,300,c4047b78601928383e81fd84b2ad56c4a065fede00be8b56e40c56760296cd21
414,300,c4047b78601928383e81fd84b2ad56c4a065fede00be8b56e40c56760296cd21
415,300,c4047b78601928383e81fd84b2ad56c4a065fede00be8b56e40c56760296cd21
416,300,c4047b78601928383e81fd84b2ad56c4a065fede00be8b56e40c56760296cd21
417,300,c4047b78601928383e81fd84b2ad56c4a065fede00be8b56e40c56760296cd21
418,300,c4047b78601928383e81fd84b2ad56c4a065fede00be8b56e40c56760296cd21
419,300,c4047b78601928383e81fd84b2ad56c4a065fede00be8b56e40c56760296cd21
420,300,c4047b78601928383e81fd84b2ad56c4a065fede00be8b56e40c56760296cd21
421,300,c4047b78601928383e81fd84b2ad56c4a065fede00be8b56e40c56760296cd21
422,300,c4047b78601928383e81fd84b2ad56c4a065fede00be8b56e40c56760296cd21
423,300,c4047b78601928383e81fd84b2ad56c4a065fede00be8b56e40c56760296cd21
424,300,c4047b78601928383e81fd84b2ad56c4a065fede00be8b56e40c56760296cd21
425,300,c4047b78601928383e81fd84b2ad56c4a065fede00be8b56e40c56760296cd21
426,300,c4047b78601928383e81fd84b2ad56c4a065fede00be8b56e40c56760296cd21
427,300,c4047b78601928383e81fd84b2ad56c4a065fede00be8b56e40c56760296cd21
428,300,c4047b78601928383e81fd84b2ad56c4a065fede00be8b56e40c56760296cd21
429,300,c4047b78601928383e81fd84b2ad56c4a065fede00be8b56e40c56760296cd21
430,300,c4047b78601928383e81fd84b2ad56c4a065fede00be8b56e40c56760296cd21
431,300,c4047b78601928383e81fd84b2ad56c4a065fede00be8b56e40c56760296cd21
432,300,c4047b78601928383e81fd84b2ad56c4a065fede00be8b56e40c56760296cd21
433,300,c4047b78601928383e81fd84b2ad56c4a065fede00be8b56e40c56760296cd21
434,300,c4047b78601928383e81fd84b2ad56c4a065fede00be8b56e40c56760296cd21
435,300,c4047b78601928383e81fd84b2ad56c4a065fede00be8b56e40c56760296cd21
436,300,c4047b78601928383e81fd84b2ad56c4a065fede00be8b56e40c56760296cd21
437,300,c4047b78601928383e81fd84b2ad56c4a065fede00be8b56e40c56760296cd21
438,300,c4047b78601928383e81fd84b2ad56c4a065fede00be8b56e40c56760296cd21
439,300,c4047b78601928383e81fd84b2ad56c4a065fede00be8b56e40c56760296cd21
440,300,c4047b78601928383e81fd84b2ad56c4a065fede00be8b56e40c56760296cd21
441,300,c4047b78601928383e81fd84b2ad56c4a065fede00be8b56e40c56760296cd21
442,300,c4047b78601928383e81fd84b2ad56c4a065fede00be8b56e40c56760296cd21
443,300,c4047b78601928383e81fd84b2ad56c4a065fede00be8b56e40c56760296cd21
444,300,c4047b78601928383e81fd84b2ad56c4a065fede00be8b56e40c56760296cd21
445,300,c4047b78601928383e81fd84b2ad56c4a065fede00be8b56e40c56760296cd21
446,300,c4047b78601928383e81fd84b2ad56c4a065fede00be8b56e40c56760296cd21
447,300,c4047b78601928383e81fd84b2ad56c4a065fede00be8b56e40c56760296cd21
448,300,c4047b78601928383e81fd84b2ad56c4a065fede00be8b56e40c56760296cd21
449,300,c4047b78601928383e81fd84b2ad56c4a065fede00be8b56e40c56760296cd21
450,300,c4047b78601928383e81fd84b2ad56c4a065fede00be8b56e40c56760296cd21
451,300,c4047b78601928383e81fd84b2ad56c4a065fede00be8b56e40c56760296cd21
452,300,c4047b78601928383e81fd84b2ad56c4a065fede00be8b56e40c56760296cd21
453,300,c4047b78601928383e81fd84b2ad56c4a065fede00be8b56e40c56760296cd21
454,300,c4047b78601928383e81fd84b2ad56c4a065fede00be8b56e40c56760296cd21
455,300,c4047b78601928383e81fd84b2ad56c4a065fede00be8b56e40c56760296cd21
456,300,c4047b78601928383e81fd84b2ad56c4a065fede00be8b56e40c56760296cd21
457,300,c4047b78601928383e81fd84b2ad56c4a065fede00be8b56e40c56760296cd21
458,300,c4047b78601928383e81fd84b2ad56c4a065fede00be8b56e40c56760296cd21
459,300,c4047b78601928383e81fd84b2ad56c4a065fede00be8b56e40c56760296cd21
460,300,c4047b78601928383e81fd84b2ad56c4a065fede00be8b56e40c56760296cd21
461,300,c4047b78601928383e81fd84b2ad56c4a065fede00be8b56e40c56760296cd21
462,300,c4047b78601928383e81fd84b2ad56c4a065fede00be8b56e40c56760296cd21
463,300,c4047b78601928383e81fd84b2ad56c4a065fede00be8b56e40c56760296cd21
464,300,c4047b78601928383e81fd84b2ad56c4a065fede00be8b56e40c56760296cd21
465,300,c4047b78601928383e81fd84b2ad56c4a065fede00be8b56e40c56760296cd21
466,300,c4047b78601928383e81fd84b2ad56c4a065fede00be8b56e40c56760296cd21
467,300,c4047b78601928383e81fd84b2ad56c4a065fede00be8b56e40c56760296cd21
468,300,c4047b78601928383e81fd84b2ad56c4a065fede00be8b56e40c56760296cd21
469,300,c4047b78601928383e81fd84b2ad56c4a065fede00be8b56e40c56760296cd21
470,300,c4047b78601928383e81fd84b2ad56c4a065fede00be8b56e40c56760296cd21
471,300,c4047b78601928383e81fd84b2ad56c4a065fede00be8b56e40c56760296cd21
472,300,c4047b78601928383e81fd84b2ad56c4a065fede00be8b56e40c56760296cd21
473,300,c4047b78601928383e81fd84b2ad56c4a065fede00be8b56e40c56760296cd21
474,300,c4047b78601928383e81fd84b2ad56c4a065fede00be8b56e40c56760296cd21
475,300,c4047b78601928383e81fd84b2ad56c4a065fede00be8b56e40c56760296cd21
476,300,c4047b78601928383e81fd84b2ad56c4a065fede00be8b56e40c56760296cd21
477,300,c4047b78601928383e81fd84b2ad56c4a065fede00be8b56e40c56760296cd21
478,300,c4047b78601928383e81fd84b2ad56c4a065fede00be8b56e40c56760296cd21
479,300,c4047b78601928383e81fd84b2ad56c4a065fede00be8b56e40c56760296cd21
480,300,c4047b78601928383e81fd84b2ad56c4a065fede00be8b56e40c56760296cd21
481,300,c4047b78601928383e81fd84b2ad56c4a065fede00be8b56e40c56760296cd21
482,300,c4047b78601928383e81fd84b2ad56c4a065fede00be8b56e40c56760296cd21
483,300,c4047b78601928383e81fd84b2ad56c4a065fede00be8b56e40c56760296cd21
484,300,c4047b78601928383e81fd84b2ad56c4a065fede00be8b56e40c56760296cd21
485,300,c4047b78601928383e81fd84b2ad56c4a065fede00be8b56e40c56760296cd21
486,300,c4047b78601928383e81fd84b2ad56c4a065fede00be8b56e40c56760296cd21
487,300,c4047b78601928383e81fd84b2ad56c4a065fede00be8b56e40c56760296cd21
488,300,c4047b78601928383e81fd84b2ad56c4a065fede00be8b56e40c56760296cd21
489,300,c4047b78601928383e81fd84b2ad56c4a065fede00be8b56e40c56760296cd21
490,300,c4047b78601928383e81fd84b2ad56c4a065fede00be8b56e40c56760296cd21
491,300,c4047b78601928383e81fd84b2ad56c4a065fede00be8b56e40c56760296cd21
492,300,c4047b78601928383e81fd84b2ad56c4a065fede00be8b56e40c56760296cd21
493,300,c4047b78601928383e81fd84b2ad56c4a065fede00be8b56e40c56760296cd21
494,300,c4047b78601928383e81fd84b2ad56c4a065fede00be8b56e40c56760296cd21
495,300,c4047b78601928383e81fd84b2ad56c4a065fede00be8b56e40c56760296cd21
496,300,c4047b78601928383e81fd84b2ad56c4a065fede00be8b56e40c56760296cd21
497,300,c4047b78601928383e81fd84b2ad56c4a065fede00be8b56e40c56760296cd21
498,300,c4047b78601928383e81fd84b2ad56c4a065fede00be8b56e40c56760296cd21
499,300,c4047b78601928383e81fd84b2ad56c4a065fede00be8b56e40c56760296cd21
500,300,c4047b78601928383e81fd84b2ad56c4a065fede00be8b56e40c56760296cd21
501,300,c4047b78601928383e81fd84b2ad56c4a065fede00be8b56e40c56760296cd21
502,300,c4047b78601928383e81fd84b2ad56c4a065fede00be8b56e40c56760296cd21
503,300,c4047b78601928383e81fd84b2ad56c4a065fede00be8b56e40c56760296cd21
504,300,c4047b78601928383e81fd84b2ad56c4a065fede00be8b56e40c56760296cd21
505,300,c4047b78601928383e81fd84b2ad56c4a065fede00be8b56e40c56760296cd21
506,300,c4047b78601928383e81fd84b2ad56c4a065fede00be8b56e40c56760296cd21
507,300,c4047b78601928383e81fd84b2ad56c4a065fede00be8b56e40c56760296cd21
508,300,c4047b78601928383e81fd84b2ad56c4a065fede00be8b56e40c56760296cd21
509,300,c4047b78601928383e81fd84b2ad56c4a065fede00be8b56e40c56760296cd21
510,300,c4047b78601928383e81fd84b2ad56c4a065fede00be8b56e40c56760296cd21
511,300,c4047b78601928383e81fd84b2ad56c4a065fede00be8b56e40c56760296cd21
512,300,c4047b78601928383e81fd84b2ad56c4a065fede00be8b56e40c56760296cd21
513,300,c4047b78601928383e81fd84b2ad56c4a065fede00be8b56e40c56760296cd21
514,300,c4047b78601928383e81fd84b2ad56c4a065fede00be8b56e40c56760296cd21
515,300,c4047b78601928383e81fd84b2ad56c4a065fede00be8b56e40c56760296cd21
516,300,c4047b78601928383e81fd84b2ad56c4a065fede00be8b56e40c56760296cd21
517,300,c4047b78601928383e81fd84b2ad56c4a065fede00be8b56e40c56760296cd21
518,300,c4047b78601928383e81fd84b2ad56c4a065fede00be8b56e40c56760296cd21
519,300,c4047b78601928383e81fd84b2ad56c4a065fede00be8b56e40c56760296cd21
520,300,c4047b78601928383e81fd84b2ad56c4a065fede00be8b56e40c56760296cd21
521,300,c4047b78601928383e81fd84b2ad56c4a065fede00be8b56e40c56760296cd21
522,300,c4047b78601928383e81fd84b2ad56c4a065fede00be8b56e40c56760296cd21
523,300,c4047b78601928383e81fd84b2ad56c4a065fede00be8b56e40c56760296cd21
524,300,c4047b78601928383e81fd84b2ad56c4a065fede00be8b56e40c56760296cd21
525,300,c4047b78601928383e81fd84b2ad56c4a065fede00be8b56e40c56760296cd21
526,300,c4047b78601928383e81fd84b2ad56c4a065fede00be8b56e40c56760296cd21
527,300,c4047b78601928383e81fd84b2ad56c4a065fede00be8b56e40c56760296cd21
528,300,c4047b78601928383e81fd84b2ad56c4a065fede00be8b56e40c56760296cd21
529,300,c4047b78601928383e81fd84b2ad56c4a065fede00be8b56e40c56760296cd21
530,300,c4047b78601928383e81fd84b2ad56c4a065fede00be8b56e40c56760296cd21
531,300,c4047b78601928383e81fd84b2ad56c4a065fede00be8b56e40c56760296cd21
532,300,c4047b78601928383e81fd84b2ad56c4a065fede00be8b56e40c56760296cd21
533,300,c4047b78601928383e81fd84b2ad56c4a065fede00be8b56e40c56760296cd21
534,300,c4047b78601928383e81fd84b2ad56c4a065fede00be8b56e40c56760296cd21
535,300,c4047b78601928383e81fd84b2ad56c4a065fede00be8b56e40c56760296cd21
536,300,c4047b78601928383e81fd84b2ad56c4a065fede00be8b56e40c56760296cd21
537,300,c4047b78601928383e81fd84b2ad56c4a065fede00be8b56e40c56760296cd21
538,300,c4047b78601928383e81fd84b2ad56c4a065fede00be8b56e40c56760296cd21
539,300,c4047b78601928383e81fd84b2ad56c4a065fede00be8b56e40c56760296cd21
540,300,c4047b78601928383e81fd84b2ad56c4a065fede00be8b56e40c56760296cd21
541,300,c4047b78601928383e81fd84b2ad56c4a065fede00be8b56e40c56760296cd21
542,300,c4047b78601928383e81fd84b2ad56c4a065fede00be8b56e40c56760296cd21
543,300,c4047b78601928383e81fd84b2ad56c4a065fede00be8b56e40c56760296cd21
544,300,c4047b78601928383e81fd84b2ad56c4a065fede00be8b56e40c56760296cd21
545,300,c4047b78601928383e81fd84b2ad56c4a065fede00be8b56e40c56760296cd21
546,300,c4047b78601928383e81fd84b2ad56c4a065fede00be8b56e40c56760296cd21
547,300,c4047b78601928383e81fd84b2ad56c4a065fede00be8b56e40c56760296cd21
548,300,c4047b78601928383e81fd84b2ad56c4a065fede00be8b56e40c56760296cd21
549,300,c4047b78601928383e81fd84b2ad56c4a065fede00be8b56e40c56760296cd21
550,300,c4047b78601928383e81fd84b2ad56c4a065fede00be8b56e40c56760296cd21
551,300,c4047b78601928383e81fd84b2ad56c4a065fede00be8b56e40c56760296cd21
552,300,c4047b78601928383e81fd84b2ad56c4a065fede00be8b56e40c56760296cd21
553,300,c4047b78601928383e81fd84b2ad56c4a065fede00be8b56e40c56760296cd21
554,300,c4047b78601928383e81fd84b2ad56c4a065fede00be8b56e40c56760296cd21
555,300,c4047b78601928383e81fd84b2ad56c4a065fede00be8b56e40c56760296cd21
556,300,c4047b78601928383e81fd84b2ad56c4a065fede00be8b56e40c56760296cd21
557,300,c4047b78601928383e81fd84b2ad56c4a065fede00be8b56e40c56760296cd21
558,300,c4047b78601928383e81fd84b2ad56c4a065fede00be8b56e40c56760296cd21
559,300,c4047b78601928383e81fd84b2ad56c4a065fede00be8b56e40c56760296cd21
560,300,c4047b78601928383e81fd84b2ad56c4a065fede00be8b56e40c56760296cd21
561,300,c4047b78601928383e81fd84b2ad56c4a065fede00be8b56e40c56760296cd21
244,301,c4047b78601928383e81fd84b2ad56c4a065fede00be8b56e40c56760296cd21
271,301,c4047b78601928383e81fd84b2ad56c4a065fede00be8b56e40c56760296cd21
349,301,c4047b78601928383e81fd84b2ad56c4a065fede00be8b56e40c56760296cd21
350,301,c4047b78601928383e81fd84b2ad56c4a065fede00be8b56e40c56760296cd21
351,301,c4047b78601928383e81fd84b2ad56c4a065fede00be8b56e40c56760296cd21
352,301,c4047b78601928383e81fd84b2ad56c4a065fede00be8b56e40c56760296cd21
353,301,c4047b78601928383e81fd84b2ad56c4a065fede00be8b56e40c56760296cd21
354,301,c4047b78601928383e81fd84b2ad56c4a065fede00be8b56e40c56760296cd21
355,301,c4047b78601928383e81fd84b2ad56c4a065fede00be8b56e40c56760296cd21
356,301,c4047b78601928383e81fd84b2ad56c4a065fede00be8b56e40c56760296cd21
357,301,c4047b78601928383e81fd84b2ad56c4a065fede00be8b56e40c56760296cd21
358,301,c4047b78601928383e81fd84b2ad56c4a065fede00be8b56e40c56760296cd21
359,301,c4047b78601928383e81fd84b2ad56c4a065fede00be8b56e40c56760296cd21
360,301,c4047b78601928383e81fd84b2ad56c4a065fede00be8b56e40c56760296cd21
361,301,c4047b78601928383e81fd84b2ad56c4a065fede00be8b56e40c56760296cd21
362,301,c4047b78601928383e81fd84b2ad56c4a065fede00be8b56e40c56760296cd21
363,301,c4047b78601928383e81fd84b2ad56c4a065fede00be8b56e40c56760296cd21
364,301,c4047b78601928383e81fd84b2ad56c4a065fede00be8b56e40c56760296cd21
365,301,c4047b78601928383e81fd84b2ad56c4a065fede00be8b56e40c56760296cd21
366,301,c4047b78601928383e81fd84b2ad56c4a065fede00be8b56e40c56760296cd21
367,301,c4047b78601928383e81fd84b2ad56c4a065fede00be8b56e40c56760296cd21
368,301,c4047b78601928383e81fd84b2ad56c4a065fede00be8b56e40c56760296cd21
369,301,c4047b78601928383e81fd84b2ad56c4a065fede00be8b56e40c56760296cd21
370,301,c4047b78601928383e81fd84b2ad56c4a065fede00be8b56e40c56760296cd21
371,301,c4047b78601928383e81fd84b2ad56c4a065fede00be8b56e40c56760296cd21
372,301,c4047b78601928383e81fd84b2ad56c4a065fede00be8b56e40c56760296cd21
373,301,c4047b78601928383e81fd84b2ad56c4a065fede00be8b56e40c56760296cd21
374,301,c4047b78601928383e81fd84b2ad56c4a065fede00be8b56e40c56760296cd21
375,301,c4047b78601928383e81fd84b2ad56c4a065fede00be8b56e40c56760296cd21
376,301,c4047b78601928383e81fd84b2ad56c4a065fede00be8b56e40c56760296cd21
377,301,c4047b78601928383e81fd84b2ad56c4a065fede00be8b56e40c56760296cd21
378,301,c4047b78601928383e81fd84b2ad56c4a065fede00be8b56e40c56760296cd21
379,301,c4047b78601928383e81fd84b2ad56c4a065fede00be8b56e40c56760296cd21
380,301,c4047b78601928383e81fd84b2ad56c4a065fede00be8b56e40c56760296cd21
381,301,c4047b78601928383e81fd84b2ad56c4a065fede00be8b56e40c56760296cd21
382,301,c4047b78601928383e81fd84b2ad56c4a065fede00be8b56e40c56760296cd21
383,301,c4047b78601928383e81fd84b2ad56c4a065fede00be8b56e40c56760296cd21
384,301,c4047b78601928383e81fd84b2ad56c4a065fede00be8b56e40c56760296cd21
385,301,c4047b78601928383e81fd84b2ad56c4a065fede00be8b56e40c56760296cd21
386,301,c4047b78601928383e81fd84b2ad56c4a065fede00be8b56e40c56760296cd21
387,301,c4047b78601928383e81fd84b2ad56c4a065fede00be8b56e40c56760296cd21
388,301,c4047b78601928383e81fd84b2ad56c4a065fede00be8b56e40c56760296cd21
389,301,c4047b78601928383e81fd84b2ad56c4a065fede00be8b56e40c56760296cd21
390,301,c4047b78601928383e81fd84b2ad56c4a065fede00be8b56e40c56760296cd21
391,301,c4047b78601928383e81fd84b2ad56c4a065fede00be8b56e40c56760296cd21
392,301,c4047b78601928383e81fd84b2ad56c4a065fede00be8b56e40c56760296cd21
393,301,c4047b78601928383e81fd84b2ad56c4a065fede00be8b56e40c56760296cd21
394,301,c4047b78601928383e81fd84b2ad56c4a065fede00be8b56e40c56760296cd21
395,301,c4047b78601928383e81fd84b2ad56c4a065fede00be8b56e40c56760296cd21
396,301,c4047b78601928383e81fd84b2ad56c4a065fede00be8b56e40c56760296cd21
397,301,c4047b78601928383e81fd84b2ad56c4a065fede00be8b56e40c56760296cd21
398,301,c4047b78601928383e81fd84b2ad56c4a065fede00be8b56e40c56760296cd21
399,301,c4047b78601928383e81fd84b2ad56c4a065fede00be8b56e40c56760296cd21
400,301,c4047b78601928383e81fd84b2ad56c4a065fede00be8b56e40c56760296cd21
401,301,c4047b78601928383e81fd84b2ad56c4a065fede00be8b56e40c56760296cd21
402,301,c4047b78601928383e81fd84b2ad56c4a065fede00be8b56e40c56760296cd21
403,301,c4047b78601928383e81fd84b2ad56c4a065fede00be8b56e40c56760296cd21
404,301,c4047b78601928383e81fd84b2ad56c4a065fede00be8b56e40c56760296cd21
405,301,c4047b78601928383e81fd84b2ad56c4a065fede00be8b56e40c56760296cd21
406,301,c4047b78601928383e81fd84b2ad56c4a065fede00be8b56e40c56760296cd21
407,301,c4047b78601928383e81fd84b2ad56c4a065fede00be8b56e40c56760296cd21
408,301,c4047b78601928383e81fd84b2ad56c4a065fede00be8b56e40c56760296cd21
409,301,c4047b78601928383e81fd84b2ad56c4a065fede00be8b56e40c56760296cd21
410,301,c4047b78601928383e81fd84b2ad56c4a065fede00be8b56e40c56760296cd21
411,301,c4047b78601928383e81fd84b2ad56c4a065fede00be8b56e40c56760296cd21
412,301,c4047b78601928383e81fd84b2ad56c4a065fede00be8b56e40c56760296cd21
413,301,c4047b78601928383e81fd84b2ad56c4a065fede00be8b56e40c56760296cd21
414,301,c4047b78601928383e81fd84b2ad56c4a065fede00be8b56e40c56760296cd21
415,301,c4047b78601928383e81fd84b2ad56c4a065fede00be8b56e40c56760296cd21
416,301,c4047b78601928383e81fd84b2ad56c4a065fede00be8b56e40c56760296cd21
417,301,c4047b78601928383e81fd84b2ad56c4a065fede00be8b56e40c56760296cd21
418,301,c4047b78601928383e81fd84b2ad56c4a065fede00be8b56e40c56760296cd21
419,301,c4047b78601928383e81fd84b2ad56c4a065fede00be8b56e40c56760296cd21
420,301,c4047b78601928383e81fd84b2ad56c4a065fede00be8b56e40c56760296cd21
421,301,c4047b78601928383e81fd84b2ad56c4a065fede00be8b56e40c56760296cd21
422,301,c4047b78601928383e81fd84b2ad56c4a065fede00be8b56e40c56760296cd21
423,301,c4047b78601928383e81fd84b2ad56c4a065fede00be8b56e40c56760296cd21
424,301,c4047b78601928383e81fd84b2ad56c4a065fede00be8b56e40c56760296cd21
425,301,c4047b78601928383e81fd84b2ad56c4a065fede00be8b56e40c56760296cd21
426,301,c4047b78601928383e81fd84b2ad56c4a065fede00be8b56e40c56760296cd21
427,301,c4047b78601928383e81fd84b2ad56c4a065fede00be8b56e40c56760296cd21
428,301,c4047b78601928383e81fd84b2ad56c4a065fede00be8b56e40c56760296cd21
429,301,c4047b78601928383e81fd84b2ad56c4a065fede00be8b56e40c56760296cd21
430,301,c4047b78601928383e81fd84b2ad56c4a065fede00be8b56e40c56760296cd21
431,301,c4047b78601928383e81fd84b2ad56c4a065fede00be8b56e40c56760296cd21
432,301,c4047b78601928383e81fd84b2ad56c4a065fede00be8b56e40c56760296cd21
433,301,c4047b78601928383e81fd84b2ad56c4a065fede00be8b56e40c56760296cd21
434,301,c4047b78601928383e81fd84b2ad56c4a065fede00be8b56e40c56760296cd21
435,301,c4047b78601928383e81fd84b2ad56c4a065fede00be8b56e40c56760296cd21
436,301,c4047b78601928383e81fd84b2ad56c4a065fede00be8b56e40c56760296cd21
437,301,c4047b78601928383e81fd84b2ad56c4a065fede00be8b56e40c56760296cd21
438,301,c4047b78601928383e81fd84b2ad56c4a065fede00be8b56e40c56760296cd21
439,301,c4047b78601928383e81fd84b2ad56c4a065fede00be8b56e40c56760296cd21
440,301,c4047b78601928383e81fd84b2ad56c4a065fede00be8b56e40c56760296cd21
441,301,c4047b78601928383e81fd84b2ad56c4a065fede00be8b56e40c56760296cd21
442,301,c4047b78601928383e81fd84b2ad56c4a065fede00be8b56e40c56760296cd21
443,301,c4047b78601928383e81fd84b2ad56c4a065fede00be8b56e40c56760296cd21
444,301,c4047b78601928383e81fd84b2ad56c4a065fede00be8b56e40c56760296cd21
445,301,c4047b78601928383e81fd84b2ad56c4a065fede00be8b56e40c56760296cd21
446,301,c4047b78601928383e81fd84b2ad56c4a065fede00be8b56e40c56760296cd21
447,301,c4047b78601928383e81fd84b2ad56c4a065fede00be8b56e40c56760296cd21
448,301,c4047b78601928383e81fd84b2ad56c4a065fede00be8b56e40c56760296cd21
449,301,c4047b78601928383e81fd84b2ad56c4a065fede00be8b56e40c56760296cd21
450,301,c4047b78601928383e81fd84b2ad56c4a065fede00be8b56e40c56760296cd21
451,301,c4047b78601928383e81fd84b2ad56c4a065fede00be8b56e40c56760296cd21
452,301,c4047b78601928383e81fd84b2ad56c4a065fede00be8b56e40c56760296cd21
453,301,c4047b78601928383e81fd84b2ad56c4a065fede00be8b56e40c56760296cd21
454,301,c4047b78601928383e81fd84b2ad56c4a065fede00be8b56e40c56760296cd21
455,301,c4047b78601928383e81fd84b2ad56c4a065fede00be8b56e40c56760296cd21
456,301,c4047b78601928383e81fd84b2ad56c4a065fede00be8b56e40c56760296cd21
457,301,c4047b78601928383e81fd84b2ad56c4a065fede00be8b56e40c56760296cd21
458,301,c4047b78601928383e81fd84b2ad56c4a065fede00be8b56e40c56760296cd21
459,301,c4047b78601928383e81fd84b2ad56c4a065fede00be8b56e40c56760296cd21
460,301,c4047b78601928383e81fd84b2ad56c4a065fede00be8b56e40c56760296cd21
461,301,c4047b78601928383e81fd84b2ad56c4a065fede00be8b56e40c56760296cd21
462,301,c4047b78601928383e81fd84b2ad56c4a065fede00be8b56e40c56760296cd21
463,301,c4047b78601928383e81fd84b2ad56c4a065fede00be8b56e40c56760296cd21
464,301,c4047b78601928383e81fd84b2ad56c4a065fede00be8b56e40c56760296cd21
465,301,c4047b78601928383e81fd84b2ad56c4a065fede00be8b56e40c56760296cd21
466,301,c4047b78601928383e81fd84b2ad56c4a065fede00be8b56e40c56760296cd21
467,301,c4047b78601928383e81fd84b2ad56c4a065fede00be8b56e40c56760296cd21
468,301,c4047b78601928383e81fd84b2ad56c4a065fede00be8b56e40c56760296cd21
469,301,c4047b78601928383e81fd84b2ad56c4a065fede00be8b56e40c56760296cd21
470,301,c4047b78601928383e81fd84b2ad56c4a065fede00be8b56e40c56760296cd21
471,301,c4047b78601928383e81fd84b2ad56c4a065fede00be8b56e40c56760296cd21
472,301,c4047b78601928383e81fd84b2ad56c4a065fede00be8b56e40c56760296cd21
473,301,c4047b78601928383e81fd84b2ad56c4a065fede00be8b56e40c56760296cd21
474,301,c4047b78601928383e81fd84b2ad56c4a065fede00be8b56e40c56760296cd21
475,301,c4047b78601928383e81fd84b2ad56c4a065fede00be8b56e40c56760296cd21
476,301,c4047b78601928383e81fd84b2ad56c4a065fede00be8b56e40c56760296cd21
477,301,c4047b78601928383e81fd84b2ad56c4a065fede00be8b56e40c56760296cd21
478,301,c4047b78601928383e81fd84b2ad56c4a065fede00be8b56e40c56760296cd21
479,301,c4047b78601928383e81fd84b2ad56c4a065fede00be8b56e40c56760296cd21
480,301,c4047b78601928383e81fd84b2ad56c4a065fede00be8b56e40c56760296cd21
481,301,c4047b78601928383e81fd84b2ad56c4a065fede00be8b56e40c56760296cd21
482,301,c4047b78601928383e81fd84b2ad56c4a065fede00be8b56e40c56760296cd21
483,301,c4047b78601928383e81fd84b2ad56c4a065fede00be8b56e40c56760296cd21
484,301,c4047b78601928383e81fd84b2ad56c4a065fede00be8b56e40c56760296cd21
485,301,c4047b78601928383e81fd84b2ad56c4a065fede00be8b56e40c56760296cd21
486,301,c4047b78601928383e81fd84b2ad56c4a065fede00be8b56e40c56760296cd21
487,301,c4047b78601928383e81fd84b2ad56c4a065fede00be8b56e40c56760296cd21
488,301,c4047b78601928383e81fd84b2ad56c4a065fede00be8b56e40c56760296cd21
489,301,c4047b78601928383e81fd84b2ad56c4a065fede00be8b56e40c56760296cd21
490,301,c4047b78601928383e81fd84b2ad56c4a065fede00be8b56e40c56760296cd21
491,301,c4047b78601928383e81fd84b2ad56c4a065fede00be8b56e40c56760296cd21
492,301,c4047b78601928383e81fd84b2ad56c4a065fede00be8b56e40c56760296cd21
493,301,c4047b78601928383e81fd84b2ad56c4a065fede00be8b56e40c56760296cd21
494,301,c4047b78601928383e81fd84b2ad56c4a065fede00be8b56e40c56760296cd21
495,301,c4047b78601928383e81fd84b2ad56c4a065fede00be8b56e40c56760296cd21
496,301,c4047b78601928383e81fd84b2ad56c4a065fede00be8b56e40c56760296cd21
497,301,c4047b78601928383e81fd84b2ad56c4a065fede00be8b56e40c56760296cd21
498,301,c4047b78601928383e81fd84b2ad56c4a065fede00be8b56e40c56760296cd21
499,301,c4047b78601928383e81fd84b2ad56c4a065fede00be8b56e40c56760296cd21
500,301,c4047b78601928383e81fd84b2ad56c4a065fede00be8b56e40c56760296cd21
501,301,c4047b78601928383e81fd84b2ad56c4a065fede00be8b56e40c56760296cd21
502,301,c4047b78601928383e81fd84b2ad56c4a065fede00be8b56e40c56760296cd21
503,301,c4047b78601928383e81fd84b2ad56c4a065fede00be8b56e40c56760296cd21
504,301,c4047b78601928383e81fd84b2ad56c4a065fede00be8b56e40c56760296cd21
505,301,c4047b78601928383e81fd84b2ad56c4a065fede00be8b56e40c56760296cd21
506,301,c4047b78601928383e81fd84b2ad56c4a065fede00be8b56e40c56760296cd21
507,301,c4047b78601928383e81fd84b2ad56c4a065fede00be8b56e40c56760296cd21
508,301,c4047b78601928383e81fd84b2ad56c4a065fede00be8b56e40c56760296cd21
509,301,c4047b78601928383e81fd84b2ad56c4a065fede00be8b56e40c56760296cd21
510,301,c4047b78601928383e81fd84b2ad56c4a065fede00be8b56e40c56760296cd21
511,301,c4047b78601928383e81fd84b2ad56c4a065fede00be8b56e40c56760296cd21
512,301,c4047b78601928383e81fd84b2ad56c4a065fede00be8b56e40c56760296cd21
513,301,c4047b78601928383e81fd84b2ad56c4a065fede00be8b56e40c56760296cd21
514,301,c4047b78601928383e81fd84b2ad56c4a065fede00be8b56e40c56760296cd21
515,301,c4047b78601928383e81fd84b2ad56c4a065fede00be8b56e40c56760296cd21
516,301,c4047b78601928383e81fd84b2ad56c4a065fede00be8b56e40c56760296cd21
517,301,c4047b78601928383e81fd84b2ad56c4a065fede00be8b56e40c56760296cd21
518,301,c4047b78601928383e81fd84b2ad56c4a065fede00be8b56e40c56760296cd21
519,301,c4047b78601928383e81fd84b2ad56c4a065fede00be8b56e40c56760296cd21
520,301,c4047b78601928383e81fd84b2ad56c4a065fede00be8b56e40c56760296cd21
521,301,c4047b78601928383e81fd84b2ad56c4a065fede00be8b56e40c56760296cd21
522,301,c4047b78601928383e81fd84b2ad56c4a065fede00be8b56e40c56760296cd21
523,301,c4047b78601928383e81fd84b2ad56c4a065fede00be8b56e40c56760296cd21
524,301,c4047b78601928383e81fd84b2ad56c4a065fede00be8b56e40c56760296cd21
525,301,c4047b78601928383e81fd84b2ad56c4a065fede00be8b56e40c56760296cd21
526,301,c4047b78601928383e81fd84b2ad56c4a065fede00be8b56e40c56760296cd21
527,301,c4047b78601928383e81fd84b2ad56c4a065fede00be8b56e40c56760296cd21
528,301,c4047b78601928383e81fd84b2ad56c4a065fede00be8b56e40c56760296cd21
529,301,c4047b78601928383e81fd84b2ad56c4a065fede00be8b56e40c56760296cd21
530,301,c4047b78601928383e81fd84b2ad56c4a065fede00be8b56e40c56760296cd21
531,301,c4047b78601928383e81fd84b2ad56c4a065fede00be8b56e40c56760296cd21
532,301,c4047b78601928383e81fd84b2ad56c4a065fede00be8b56e40c56760296cd21
533,301,c4047b78601928383e81fd84b2ad56c4a065fede00be8b56e40c56760296cd21
534,301,c4047b78601928383e81fd84b2ad56c4a065fede00be8b56e40c56760296cd21
535,301,c4047b78601928383e81fd84b2ad56c4a065fede00be8b56e40c56760296cd21
536,301,c4047b78601928383e81fd84b2ad56c4a065fede00be8b56e40c56760296cd21
537,301,c4047b78601928383e81fd84b2ad56c4a065fede00be8b56e40c56760296cd21
538,301,c4047b78601928383e81fd84b2ad56c4a065fede00be8b56e40c56760296cd21
539,301,c4047b78601928383e81fd84b2ad56c4a065fede00be8b56e40c56760296cd21
540,301,c4047b78601928383e81fd84b2ad56c4a065fede00be8b56e40c56760296cd21
541,301,c4047b78601928383e81fd84b2ad56c4a065fede00be8b56e40c56760296cd21
542,301,c4047b78601928383e81fd84b2ad56c4a065fede00be8b56e40c56760296cd21
543,301,c4047b78601928383e81fd84b2ad56c4a065fede00be8b56e40c56760296cd21
544,301,c4047b78601928383e81fd84b2ad56c4a065fede00be8b56e40c56760296cd21
545,301,c4047b78601928383e81fd84b2ad56c4a065fede00be8b56e40c56760296cd21
546,301,c4047b78601928383e81fd84b2ad56c4a065fede00be8b56e40c56760296cd21
547,301,c4047b78601928383e81fd84b2ad56c4a065fede00be8b56e40c56760296cd21
548,301,c4047b78601928383e81fd84b2ad56c4a065fede00be8b56e40c56760296cd21
549,301,c4047b78601928383e81fd84b2ad56c4a065fede00be8b56e40c56760296cd21
550,301,c4047b78601928383e81fd84b2ad56c4a065fede00be8b56e40c56760296cd21
551,301,c4047b78601928383e81fd84b2ad56c4a065fede00be8b56e40c56760296cd21
552,301,c4047b78601928383e81fd84b2ad56c4a065fede00be8b56e40c56760296cd21
553,301,c4047b78601928383e81fd84b2ad56c4a065fede00be8b56e40c56760296cd21
554,301,c4047b78601928383e81fd84b2ad56c4a065fede00be8b56e40c56760296cd21
555,301,c4047b78601928383e81fd84b2ad56c4a065fede00be8b56e40c56760296cd21
556,301,c4047b78601928383e81fd84b2ad56c4a065fede00be8b56e40c56760296cd21
557,301,c4047b78601928383e81fd84b2ad56c4a065fede00be8b56e40c56760296cd21
558,301,c4047b78601928383e81fd84b2ad56c4a065fede00be8b56e40c56760296cd21
559,301,c4047b78601928383e81fd84b2ad56c4a065fede00be8b56e40c56760296cd21
560,301,c4047b78601928383e81fd84b2ad56c4a065fede00be8b56e40c56760296cd21
561,301,c4047b78601928383e81fd84b2ad56c4a065fede00be8b56e40c56760296cd21
244,302,c4047b78601928383e81fd84b2ad56c4a065fede00be8b56e40c56760296cd21
271,302,c4047b78601928383e81fd84b2ad56c4a065fede00be8b56e40c56760296cd21
349,302,c4047b78601928383e81fd84b2ad56c4a065fede00be8b56e40c56760296cd21
350,302,c4047b78601928383e81fd84b2ad56c4a065fede00be8b56e40c56760296cd21
351,302,c4047b78601928383e81fd84b2ad56c4a065fede00be8b56e40c56760296cd21
352,302,c4047b78601928383e81fd84b2ad56c4a065fede00be8b56e40c56760296cd21
353,302,c4047b78601928383e81fd84b2ad56c4a065fede00be8b56e40c56760296cd21
354,302,c4047b78601928383e81fd84b2ad56c4a065fede00be8b56e40c56760296cd21
355,302,c4047b78601928383e81fd84b2ad56c4a065fede00be8b56e40c56760296cd21
356,302,c4047b78601928383e81fd84b2ad56c4a065fede00be8b56e40c56760296cd21
357,302,c4047b78601928383e81fd84b2ad56c4a065fede00be8b56e40c56760296cd21
358,302,c4047b78601928383e81fd84b2ad56c4a065fede00be8b56e40c56760296cd21
359,302,c4047b78601928383e81fd84b2ad56c4a065fede00be8b56e40c56760296cd21
360,302,c4047b78601928383e81fd84b2ad56c4a065fede00be8b56e40c56760296cd21
361,302,c4047b78601928383e81fd84b2ad56c4a065fede00be8b56e40c56760296cd21
362,302,c4047b78601928383e81fd84b2ad56c4a065fede00be8b56e40c56760296cd21
363,302,c4047b78601928383e81fd84b2ad56c4a065fede00be8b56e40c56760296cd21
364,302,c4047b78601928383e81fd84b2ad56c4a065fede00be8b56e40c56760296cd21
365,302,c4047b78601928383e81fd84b2ad56c4a065fede00be8b56e40c56760296cd21
366,302,c4047b78601928383e81fd84b2ad56c4a065fede00be8b56e40c56760296cd21
367,302,c4047b78601928383e81fd84b2ad56c4a065fede00be8b56e40c56760296cd21
368,302,c4047b78601928383e81fd84b2ad56c4a065fede00be8b56e40c56760296cd21
369,302,c4047b78601928383e81fd84b2ad56c4a065fede00be8b56e40c56760296cd21
370,302,c4047b78601928383e81fd84b2ad56c4a065fede00be8b56e40c56760296cd21
371,302,c4047b78601928383e81fd84b2ad56c4a065fede00be8b56e40c56760296cd21
372,302,c4047b78601928383e81fd84b2ad56c4a065fede00be8b56e40c56760296cd21
373,302,c4047b78601928383e81fd84b2ad56c4a065fede00be8b56e40c56760296cd21
374,302,c4047b78601928383e81fd84b2ad56c4a065fede00be8b56e40c56760296cd21
375,302,c4047b78601928383e81fd84b2ad56c4a065fede00be8b56e40c56760296cd21
376,302,c4047b78601928383e81fd84b2ad56c4a065fede00be8b56e40c56760296cd21
377,302,c4047b78601928383e81fd84b2ad56c4a065fede00be8b56e40c56760296cd21
378,302,c4047b78601928383e81fd84b2ad56c4a065fede00be8b56e40c56760296cd21
379,302,c4047b78601928383e81fd84b2ad56c4a065fede00be8b56e40c56760296cd21
380,302,c4047b78601928383e81fd84b2ad56c4a065fede00be8b56e40c56760296cd21
381,302,c4047b78601928383e81fd84b2ad56c4a065fede00be8b56e40c56760296cd21
382,302,c4047b78601928383e81fd84b2ad56c4a065fede00be8b56e40c56760296cd21
383,302,c4047b78601928383e81fd84b2ad56c4a065fede00be8b56e40c56760296cd21
384,302,c4047b78601928383e81fd84b2ad56c4a065fede00be8b56e40c56760296cd21
385,302,c4047b78601928383e81fd84b2ad56c4a065fede00be8b56e40c56760296cd21
386,302,c4047b78601928383e81fd84b2ad56c4a065fede00be8b56e40c56760296cd21
387,302,c4047b78601928383e81fd84b2ad56c4a065fede00be8b56e40c56760296cd21
388,302,c4047b78601928383e81fd84b2ad56c4a065fede00be8b56e40c56760296cd21
389,302,c4047b78601928383e81fd84b2ad56c4a065fede00be8b56e40c56760296cd21
390,302,c4047b78601928383e81fd84b2ad56c4a065fede00be8b56e40c56760296cd21
391,302,c4047b78601928383e81fd84b2ad56c4a065fede00be8b56e40c56760296cd21
392,302,c4047b78601928383e81fd84b2ad56c4a065fede00be8b56e40c56760296cd21
393,302,c4047b78601928383e81fd84b2ad56c4a065fede00be8b56e40c56760296cd21
394,302,c4047b78601928383e81fd84b2ad56c4a065fede00be8b56e40c56760296cd21
395,302,c4047b78601928383e81fd84b2ad56c4a065fede00be8b56e40c56760296cd21
396,302,c4047b78601928383e81fd84b2ad56c4a065fede00be8b56e40c56760296cd21
397,302,c4047b78601928383e81fd84b2ad56c4a065fede00be8b56e40c56760296cd21
398,302,c4047b78601928383e81fd84b2ad56c4a065fede00be8b56e40c56760296cd21
399,302,c4047b78601928383e81fd84b2ad56c4a065fede00be8b56e40c56760296cd21
400,302,c4047b78601928383e81fd84b2ad56c4a065fede00be8b56e40c56760296cd21
401,302,c4047b78601928383e81fd84b2ad56c4a065fede00be8b56e40c56760296cd21
402,302,c4047b78601928383e81fd84b2ad56c4a065fede00be8b56e40c56760296cd21
403,302,c4047b78601928383e81fd84b2ad56c4a065fede00be8b56e40c56760296cd21
404,302,c4047b78601928383e81fd84b2ad56c4a065fede00be8b56e40c56760296cd21
405,302,c4047b78601928383e81fd84b2ad56c4a065fede00be8b56e40c56760296cd21
406,302,c4047b78601928383e81fd84b2ad56c4a065fede00be8b56e40c56760296cd21
407,302,c4047b78601928383e81fd84b2ad56c4a065fede00be8b56e40c56760296cd21
408,302,c4047b78601928383e81fd84b2ad56c4a065fede00be8b56e40c56760296cd21
409,302,c4047b78601928383e81fd84b2ad56c4a065fede00be8b56e40c56760296cd21
410,302,c4047b78601928383e81fd84b2ad56c4a065fede00be8b56e40c56760296cd21
411,302,c4047b78601928383e81fd84b2ad56c4a065fede00be8b56e40c56760296cd21
412,302,c4047b78601928383e81fd84b2ad56c4a065fede00be8b56e40c56760296cd21
413,302,c4047b78601928383e81fd84b2ad56c4a065fede00be8b56e40c56760296cd21
414,302,c4047b78601928383e81fd84b2ad56c4a065fede00be8b56e40c56760296cd21
415,302,c4047b78601928383e81fd84b2ad56c4a065fede00be8b56e40c56760296cd21
416,302,c4047b78601928383e81fd84b2ad56c4a065fede00be8b56e40c56760296cd21
417,302,c4047b78601928383e81fd84b2ad56c4a065fede00be8b56e40c56760296cd21
418,302,c4047b78601928383e81fd84b2ad56c4a065fede00be8b56e40c56760296cd21
419,302,c4047b78601928383e81fd84b2ad56c4a065fede00be8b56e40c56760296cd21
420,302,c4047b78601928383e81fd84b2ad56c4a065fede00be8b56e40c56760296cd21
421,302,c4047b78601928383e81fd84b2ad56c4a065fede00be8b56e40c56760296cd21
422,302,c4047b78601928383e81fd84b2ad56c4a065fede00be8b56e40c56760296cd21
423,302,c4047b78601928383e81fd84b2ad56c4a065fede00be8b56e40c56760296cd21
424,302,c4047b78601928383e81fd84b2ad56c4a065fede00be8b56e40c56760296cd21
425,302,c4047b78601928383e81fd84b2ad56c4a065fede00be8b56e40c56760296cd21
426,302,c4047b78601928383e81fd84b2ad56c4a065fede00be8b56e40c56760296cd21
427,302,c4047b78601928383e81fd84b2ad56c4a065fede00be8b56e40c56760296cd21
428,302,c4047b78601928383e81fd84b2ad56c4a065fede00be8b56e40c56760296cd21
429,302,c4047b78601928383e81fd84b2ad56c4a065fede00be8b56e40c56760296cd21
430,302,c4047b78601928383e81fd84b2ad56c4a065fede00be8b56e40c56760296cd21
431,302,c4047b78601928383e81fd84b2ad56c4a065fede00be8b56e40c56760296cd21
432,302,c4047b78601928383e81fd84b2ad56c4a065fede00be8b56e40c56760296cd21
433,302,c4047b78601928383e81fd84b2ad56c4a065fede00be8b56e40c56760296cd21
434,302,c4047b78601928383e81fd84b2ad56c4a065fede00be8b56e40c56760296cd21
435,302,c4047b78601928383e81fd84b2ad56c4a065fede00be8b56e40c56760296cd21
436,302,c4047b78601928383e81fd84b2ad56c4a065fede00be8b56e40c56760296cd21
437,302,c4047b78601928383e81fd84b2ad56c4a065fede00be8b56e40c56760296cd21
438,302,c4047b78601928383e81fd84b2ad56c4a065fede00be8b56e40c56760296cd21
439,302,c4047b78601928383e81fd84b2ad56c4a065fede00be8b56e40c56760296cd21
440,302,c4047b78601928383e81fd84b2ad56c4a065fede00be8b56e40c56760296cd21
441,302,c4047b78601928383e81fd84b2ad56c4a065fede00be8b56e40c56760296cd21
442,302,c4047b78601928383e81fd84b2ad56c4a065fede00be8b56e40c56760296cd21
443,302,c4047b78601928383e81fd84b2ad56c4a065fede00be8b56e40c56760296cd21
444,302,c4047b78601928383e81fd84b2ad56c4a065fede00be8b56e40c56760296cd21
445,302,c4047b78601928383e81fd84b2ad56c4a065fede00be8b56e40c56760296cd21
446,302,c4047b78601928383e81fd84b2ad56c4a065fede00be8b56e40c56760296cd21
447,302,c4047b78601928383e81fd84b2ad56c4a065fede00be8b56e40c56760296cd21
448,302,c4047b78601928383e81fd84b2ad56c4a065fede00be8b56e40c56760296cd21
449,302,c4047b78601928383e81fd84b2ad56c4a065fede00be8b56e40c56760296cd21
450,302,c4047b78601928383e81fd84b2ad56c4a065fede00be8b56e40c56760296cd21
451,302,c4047b78601928383e81fd84b2ad56c4a065fede00be8b56e40c56760296cd21
452,302,c4047b78601928383e81fd84b2ad56c4a065fede00be8b56e40c56760296cd21
453,302,c4047b78601928383e81fd84b2ad56c4a065fede00be8b56e40c56760296cd21
454,302,c4047b78601928383e81fd84b2ad56c4a065fede00be8b56e40c56760296cd21
455,302,c4047b78601928383e81fd84b2ad56c4a065fede00be8b56e40c56760296cd21
456,302,c4047b78601928383e81fd84b2ad56c4a065fede00be8b56e40c56760296cd21
457,302,c4047b78601928383e81fd84b2ad56c4a065fede00be8b56e40c56760296cd21
458,302,c4047b78601928383e81fd84b2ad56c4a065fede00be8b56e40c56760296cd21
459,302,c4047b78601928383e81fd84b2ad56c4a065fede00be8b56e40c56760296cd21
460,302,c4047b78601928383e81fd84b2ad56c4a065fede00be8b56e40c56760296cd21
461,302,c4047b78601928383e81fd84b2ad56c4a065fede00be8b56e40c56760296cd21
462,302,c4047b78601928383e81fd84b2ad56c4a065fede00be8b56e40c56760296cd21
463,302,c4047b78601928383e81fd84b2ad56c4a065fede00be8b56e40c56760296cd21
464,302,c4047b78601928383e81fd84b2ad56c4a065fede00be8b56e40c56760296cd21
465,302,c4047b78601928383e81fd84b2ad56c4a065fede00be8b56e40c56760296cd21
466,302,c4047b78601928383e81fd84b2ad56c4a065fede00be8b56e40c56760296cd21
467,302,c4047b78601928383e81fd84b2ad56c4a065fede00be8b56e40c56760296cd21
468,302,c4047b78601928383e81fd84b2ad56c4a065fede00be8b56e40c56760296cd21
469,302,c4047b78601928383e81fd84b2ad56c4a065fede00be8b56e40c56760296cd21
470,302,c4047b78601928383e81fd84b2ad56c4a065fede00be8b56e40c56760296cd21
471,302,c4047b78601928383e81fd84b2ad56c4a065fede00be8b56e40c56760296cd21
472,302,c4047b78601928383e81fd84b2ad56c4a065fede00be8b56e40c56760296cd21
473,302,c4047b78601928383e81fd84b2ad56c4a065fede00be8b56e40c56760296cd21
474,302,c4047b78601928383e81fd84b2ad56c4a065fede00be8b56e40c56760296cd21
475,302,c4047b78601928383e81fd84b2ad56c4a065fede00be8b56e40c56760296cd21
476,302,c4047b78601928383e81fd84b2ad56c4a065fede00be8b56e40c56760296cd21
477,302,c4047b78601928383e81fd84b2ad56c4a065fede00be8b56e40c56760296cd21
478,302,c4047b78601928383e81fd84b2ad56c4a065fede00be8b56e40c56760296cd21
479,302,c4047b78601928383e81fd84b2ad56c4a065fede00be8b56e40c56760296cd21
480,302,c4047b78601928383e81fd84b2ad56c4a065fede00be8b56e40c56760296cd21
481,302,c4047b78601928383e81fd84b2ad56c4a065fede00be8b56e40c56760296cd21
482,302,c4047b78601928383e81fd84b2ad56c4a065fede00be8b56e40c56760296cd21
483,302,c4047b78601928383e81fd84b2ad56c4a065fede00be8b56e40c56760296cd21
484,302,c4047b78601928383e81fd84b2ad56c4a065fede00be8b56e40c56760296cd21
485,302,c4047b78601928383e81fd84b2ad56c4a065fede00be8b56e40c56760296cd21
486,302,c4047b78601928383e81fd84b2ad56c4a065fede00be8b56e40c56760296cd21
487,302,c4047b78601928383e81fd84b2ad56c4a065fede00be8b56e40c56760296cd21
488,302,c4047b78601928383e81fd84b2ad56c4a065fede00be8b56e40c56760296cd21
489,302,c4047b78601928383e81fd84b2ad56c4a065fede00be8b56e40c56760296cd21
490,302,c4047b78601928383e81fd84b2ad56c4a065fede00be8b56e40c56760296cd21
491,302,c4047b78601928383e81fd84b2ad56c4a065fede00be8b56e40c56760296cd21
492,302,c4047b78601928383e81fd84b2ad56c4a065fede00be8b56e40c56760296cd21
493,302,c4047b78601928383e81fd84b2ad56c4a065fede00be8b56e40c56760296cd21
494,302,c4047b78601928383e81fd84b2ad56c4a065fede00be8b56e40c56760296cd21
495,302,c4047b78601928383e81fd84b2ad56c4a065fede00be8b56e40c56760296cd21
496,302,c4047b78601928383e81fd84b2ad56c4a065fede00be8b56e40c56760296cd21
497,302,c4047b78601928383e81fd84b2ad56c4a065fede00be8b56e40c56760296cd21
498,302,c4047b78601928383e81fd84b2ad56c4a065fede00be8b56e40c56760296cd21
499,302,c4047b78601928383e81fd84b2ad56c4a065fede00be8b56e40c56760296cd21
500,302,c4047b78601928383e81fd84b2ad56c4a065fede00be8b56e40c56760296cd21
501,302,c4047b78601928383e81fd84b2ad56c4a065fede00be8b56e40c56760296cd21
502,302,c4047b78601928383e81fd84b2ad56c4a065fede00be8b56e40c56760296cd21
503,302,c4047b78601928383e81fd84b2ad56c4a065fede00be8b56e40c56760296cd21
504,302,c4047b78601928383e81fd84b2ad56c4a065fede00be8b56e40c56760296cd21
505,302,c4047b78601928383e81fd84b2ad56c4a065fede00be8b56e40c56760296cd21
506,302,c4047b78601928383e81fd84b2ad56c4a065fede00be8b56e40c56760296cd21
507,302,c4047b78601928383e81fd84b2ad56c4a065fede00be8b56e40c56760296cd21
508,302,c4047b78601928383e81fd84b2ad56c4a065fede00be8b56e40c56760296cd21
509,302,c4047b78601928383e81fd84b2ad56c4a065fede00be8b56e40c56760296cd21
510,302,c4047b78601928383e81fd84b2ad56c4a065fede00be8b56e40c56760296cd21
511,302,c4047b78601928383e81fd84b2ad56c4a065fede00be8b56e40c56760296cd21
512,302,c4047b78601928383e81fd84b2ad56c4a065fede00be8b56e40c56760296cd21
513,302,c4047b78601928383e81fd84b2ad56c4a065fede00be8b56e40c56760296cd21
514,302,c4047b78601928383e81fd84b2ad56c4a065fede00be8b56e40c56760296cd21
515,302,c4047b78601928383e81fd84b2ad56c4a065fede00be8b56e40c56760296cd21
516,302,c4047b78601928383e81fd84b2ad56c4a065fede00be8b56e40c56760296cd21
517,302,c4047b78601928383e81fd84b2ad56c4a065fede00be8b56e40c56760296cd21
518,302,c4047b78601928383e81fd84b2ad56c4a065fede00be8b56e40c56760296cd21
519,302,c4047b78601928383e81fd84b2ad56c4a065fede00be8b56e40c56760296cd21
520,302,c4047b78601928383e81fd84b2ad56c4a065fede00be8b56e40c56760296cd21
521,302,c4047b78601928383e81fd84b2ad56c4a065fede00be8b56e40c56760296cd21
522,302,c4047b78601928383e81fd84b2ad56c4a065fede00be8b56e40c56760296cd21
523,302,c4047b78601928383e81fd84b2ad56c4a065fede00be8b56e40c56760296cd21
524,302,c4047b78601928383e81fd84b2ad56c4a065fede00be8b56e40c56760296cd21
525,302,c4047b78601928383e81fd84b2ad56c4a065fede00be8b56e40c56760296cd21
526,302,c4047b78601928383e81fd84b2ad56c4a065fede00be8b56e40c56760296cd21
527,302,c4047b78601928383e81fd84b2ad56c4a065fede00be8b56e40c56760296cd21
528,302,c4047b78601928383e81fd84b2ad56c4a065fede00be8b56e40c56760296cd21
529,302,c4047b78601928383e81fd84b2ad56c4a065fede00be8b56e40c56760296cd21
530,302,c4047b78601928383e81fd84b2ad56c4a065fede00be8b56e40c56760296cd21
531,302,c4047b78601928383e81fd84b2ad56c4a065fede00be8b56e40c56760296cd21
532,302,c4047b78601928383e81fd84b2ad56c4a065fede00be8b56e40c56760296cd21
533,302,c4047b78601928383e81fd84b2ad56c4a065fede00be8b56e40c56760296cd21
534,302,c4047b78601928383e81fd84b2ad56c4a065fede00be8b56e40c56760296cd21
535,302,c4047b78601928383e81fd84b2ad56c4a065fede00be8b56e40c56760296cd21
536,302,c4047b78601928383e81fd84b2ad56c4a065fede00be8b56e40c56760296cd21
537,302,c4047b78601928383e81fd84b2ad56c4a065fede00be8b56e40c56760296cd21
538,302,c4047b78601928383e81fd84b2ad56c4a065fede00be8b56e40c56760296cd21
539,302,c4047b78601928383e81fd84b2ad56c4a065fede00be8b56e40c56760296cd21
540,302,c4047b78601928383e81fd84b2ad56c4a065fede00be8b56e40c56760296cd21
541,302,c4047b78601928383e81fd84b2ad56c4a065fede00be8b56e40c56760296cd21
542,302,c4047b78601928383e81fd84b2ad56c4a065fede00be8b56e40c56760296cd21
543,302,c4047b78601928383e81fd84b2ad56c4a065fede00be8b56e40c56760296cd21
544,302,c4047b78601928383e81fd84b2ad56c4a065fede00be8b56e40c56760296cd21
545,302,c4047b78601928383e81fd84b2ad56c4a065fede00be8b56e40c56760296cd21
546,302,c4047b78601928383e81fd84b2ad56c4a065fede00be8b56e40c56760296cd21
547,302,c4047b78601928383e81fd84b2ad56c4a065fede00be8b56e40c56760296cd21
548,302,c4047b78601928383e81fd84b2ad56c4a065fede00be8b56e40c56760296cd21
549,302,c4047b78601928383e81fd84b2ad56c4a065fede00be8b56e40c56760296cd21
550,302,c4047b78601928383e81fd84b2ad56c4a065fede00be8b56e40c56760296cd21
551,302,c4047b78601928383e81fd84b2ad56c4a065fede00be8b56e40c56760296cd21
552,302,c4047b78601928383e81fd84b2ad56c4a065fede00be8b56e40c56760296cd21
553,302,c4047b78601928383e81fd84b2ad56c4a065fede00be8b56e40c56760296cd21
554,302,c4047b78601928383e81fd84b2ad56c4a065fede00be8b56e40c56760296cd21
555,302,c4047b78601928383e81fd84b2ad56c4a065fede00be8b56e40c56760296cd21
556,302,c4047b78601928383e81fd84b2ad56c4a065fede00be8b56e40c56760296cd21
557,302,c4047b78601928383e81fd84b2ad56c4a065fede00be8b56e40c56760296cd21
558,302,c4047b78601928383e81fd84b2ad56c4a065fede00be8b56e40c56760296cd21
559,302,c4047b78601928383e81fd84b2ad56c4a065fede00be8b56e40c56760296cd21
560,302,c4047b78601928383e81fd84b2ad56c4a065fede00be8b56e40c56760296cd21
561,302,c4047b78601928383e81fd84b2ad56c4a065fede00be8b56e40c56760296cd21
244,303,c4047b78601928383e81fd84b2ad56c4a065fede00be8b56e40c56760296cd21
271,303,c4047b78601928383e81fd84b2ad56c4a065fede00be8b56e40c56760296cd21
349,303,c4047b78601928383e81fd84b2ad56c4a065fede00be8b56e40c56760296cd21
350,303,c4047b78601928383e81fd84b2ad56c4a065fede00be8b56e40c56760296cd21
351,303,c4047b78601928383e81fd84b2ad56c4a065fede00be8b56e40c56760296cd21
352,303,c4047b78601928383e81fd84b2ad56c4a065fede00be8b56e40c56760296cd21
353,303,c4047b78601928383e81fd84b2ad56c4a065fede00be8b56e40c56760296cd21
354,303,c4047b78601928383e81fd84b2ad56c4a065fede00be8b56e40c56760296cd21
355,303,c4047b78601928383e81fd84b2ad56c4a065fede00be8b56e40c56760296cd21
356,303,c4047b78601928383e81fd84b2ad56c4a065fede00be8b56e40c56760296cd21
357,303,c4047b78601928383e81fd84b2ad56c4a065fede00be8b56e40c56760296cd21
358,303,c4047b78601928383e81fd84b2ad56c4a065fede00be8b56e40c56760296cd21
359,303,c4047b78601928383e81fd84b2ad56c4a065fede00be8b56e40c56760296cd21
360,303,c4047b78601928383e81fd84b2ad56c4a065fede00be8b56e40c56760296cd21
361,303,c4047b78601928383e81fd84b2ad56c4a065fede00be8b56e40c56760296cd21
362,303,c4047b78601928383e81fd84b2ad56c4a065fede00be8b56e40c56760296cd21
363,303,c4047b78601928383e81fd84b2ad56c4a065fede00be8b56e40c56760296cd21
364,303,c4047b78601928383e81fd84b2ad56c4a065fede00be8b56e40c56760296cd21
365,303,c4047b78601928383e81fd84b2ad56c4a065fede00be8b56e40c56760296cd21
366,303,c4047b78601928383e81fd84b2ad56c4a065fede00be8b56e40c56760296cd21
415,303,c4047b78601928383e81fd84b2ad56c4a065fede00be8b56e40c56760296cd21
491,303,c4047b78601928383e81fd84b2ad56c4a065fede00be8b56e40c56760296cd21
532,303,c4047b78601928383e81fd84b2ad56c4a065fede00be8b56e40c56760296cd21
533,303,c4047b78601928383e81fd84b2ad56c4a065fede00be8b56e40c56760296cd21
534,303,c4047b78601928383e81fd84b2ad56c4a065fede00be8b56e40c56760296cd21
535,303,c4047b78601928383e81fd84b2ad56c4a065fede00be8b56e40c56760296cd21
536,303,c4047b78601928383e81fd84b2ad56c4a065fede00be8b56e40c56760296cd21
537,303,c4047b78601928383e81fd84b2ad56c4a065fede00be8b56e40c56760296cd21
538,303,c4047b78601928383e81fd84b2ad56c4a065fede00be8b56e40c56760296cd21
539,303,c4047b78601928383e81fd84b2ad56c4a065fede00be8b56e40c56760296cd21
540,303,c4047b78601928383e81fd84b2ad56c4a065fede00be8b56e40c56760296cd21
541,303,c4047b78601928383e81fd84b2ad56c4a065fede00be8b56e40c56760296cd21
542,303,c4047b78601928383e81fd84b2ad56c4a065fede00be8b56e40c56760296cd21
543,303,c4047b78601928383e81fd84b2ad56c4a065fede00be8b56e40c56760296cd21
544,303,c4047b78601928383e81fd84b2ad56c4a065fede00be8b56e40c56760296cd21
545,303,c4047b78601928383e81fd84b2ad56c4a065fede00be8b56e40c56760296cd21
546,303,c4047b78601928383e81fd84b2ad56c4a065fede00be8b56e40c56760296cd21
547,303,c4047b78601928383e81fd84b2ad56c4a065fede00be8b56e40c56760296cd21
548,303,c4047b78601928383e81fd84b2ad56c4a065fede00be8b56e40c56760296cd21
549,303,c4047b78601928383e81fd84b2ad56c4a065fede00be8b56e40c56760296cd21
550,303,c4047b78601928383e81fd84b2ad56c4a065fede00be8b56e40c56760296cd21
551,303,c4047b78601928383e81fd84b2ad56c4a065fede00be8b56e40c56760296cd21
552,303,c4047b78601928383e81fd84b2ad56c4a065fede00be8b56e40c56760296cd21
553,303,c4047b78601928383e81fd84b2ad56c4a065fede00be8b56e40c56760296cd21
554,303,c4047b78601928383e81fd84b2ad56c4a065fede00be8b56e40c56760296cd21
555,303,c4047b78601928383e81fd84b2ad56c4a065fede00be8b56e40c56760296cd21
556,303,c4047b78601928383e81fd84b2ad56c4a065fede00be8b56e40c56760296cd21
557,303,c4047b78601928383e81fd84b2ad56c4a065fede00be8b56e40c56760296cd21
558,303,c4047b78601928383e81fd84b2ad56c4a065fede00be8b56e40c56760296cd21
559,303,c4047b78601928383e81fd84b2ad56c4a065fede00be8b56e40c56760296cd21
560,303,c4047b78601928383e81fd84b2ad56c4a065fede00be8b56e40c56760296cd21
561,303,c4047b78601928383e81fd84b2ad56c4a065fede00be8b56e40c56760296cd21
244,304,c4047b78601928383e81fd84b2ad56c4a065fede00be8b56e40c56760296cd21
271,304,c4047b78601928383e81fd84b2ad56c4a065fede00be8b56e40c56760296cd21
415,304,c4047b78601928383e81fd84b2ad56c4a065fede00be8b56e40c56760296cd21
491,304,c4047b78601928383e81fd84b2ad56c4a065fede00be8b56e40c56760296cd21
532,304,c4047b78601928383e81fd84b2ad56c4a065fede00be8b56e40c56760296cd21
533,304,c4047b78601928383e81fd84b2ad56c4a065fede00be8b56e40c56760296cd21
534,304,c4047b78601928383e81fd84b2ad56c4a065fede00be8b56e40c56760296cd21
535,304,c4047b78601928383e81fd84b2ad56c4a065fede00be8b56e40c56760296cd21
536,304,c4047b78601928383e81fd84b2ad56c4a065fede00be8b56e40c56760296cd21
537,304,c4047b78601928383e81fd84b2ad56c4a065fede00be8b56e40c56760296cd21
538,304,c4047b78601928383e81fd84b2ad56c4a065fede00be8b56e40c56760296cd21
539,304,c4047b78601928383e81fd84b2ad56c4a065fede00be8b56e40c56760296cd21
540,304,c4047b78601928383e81fd84b2ad56c4a065fede00be8b56e40c56760296cd21
541,304,c4047b78601928383e81fd84b2ad56c4a065fede00be8b56e40c56760296cd21
542,304,c4047b78601928383e81fd84b2ad56c4a065fede00be8b56e40c56760296cd21
543,304,c4047b78601928383e81fd84b2ad56c4a065fede00be8b56e40c56760296cd21
544,304,c4047b78601928383e81fd84b2ad56c4a065fede00be8b56e40c56760296cd21
545,304,c4047b78601928383e81fd84b2ad56c4a065fede00be8b56e40c56760296cd21
546,304,c4047b78601928383e81fd84b2ad56c4a065fede00be8b56e40c56760296cd21
547,304,c4047b78601928383e81fd84b2ad56c4a065fede00be8b56e40c56760296cd21
548,304,c4047b78601928383e81fd84b2ad56c4a065fede00be8b56e40c56760296cd21
549,304,c4047b78601928383e81fd84b2ad56c4a065fede00be8b56e40c56760296cd21
550,304,c4047b78601928383e81fd84b2ad56c4a065fede00be8b56e40c56760296cd21
551,304,c4047b78601928383e81fd84b2ad56c4a065fede00be8b56e40c56760296cd21
552,304,c4047b78601928383e81fd84b2ad56c4a065fede00be8b56e40c56760296cd21
553,304,c4047b78601928383e81fd84b2ad56c4a065fede00be8b56e40c56760296cd21
554,304,c4047b78601928383e81fd84b2ad56c4a065fede00be8b56e40c56760296cd21
555,304,c4047b78601928383e81fd84b2ad56c4a065fede00be8b56e40c56760296cd21
556,304,c4047b78601928383e81fd84b2ad56c4a065fede00be8b56e40c56760296cd21
557,304,c4047b78601928383e81fd84b2ad56c4a065fede00be8b56e40c56760296cd21
558,304,c4047b78601928383e81fd84b2ad56c4a065fede00be8b56e40c56760296cd21
559,304,c4047b78601928383e81fd84b2ad56c4a065fede00be8b56e40c56760296cd21
560,304,c4047b78601928383e81fd84b2ad56c4a065fede00be8b56e40c56760296cd21
561,304,c4047b78601928383e81fd84b2ad56c4a065fede00be8b56e40c56760296cd21
244,305,c4047b78601928383e81fd84b2ad56c4a065fede00be8b56e40c56760296cd21
271,305,c4047b78601928383e81fd84b2ad56c4a065fede00be8b56e40c56760296cd21
415,305,c4047b78601928383e81fd84b2ad56c4a065fede00be8b56e40c56760296cd21
491,305,c4047b78601928383e81fd84b2ad56c4a065fede00be8b56e40c56760296cd21
532,305,c4047b78601928383e81fd84b2ad56c4a065fede00be8b56e40c56760296cd21
533,305,c4047b78601928383e81fd84b2ad56c4a065fede00be8b56e40c56760296cd21
534,305,c4047b78601928383e81fd84b2ad56c4a065fede00be8b56e40c56760296cd21
535,305,c4047b78601928383e81fd84b2ad56c4a065fede00be8b56e40c56760296cd21
536,305,c4047b78601928383e81fd84b2ad56c4a065fede00be8b56e40c56760296cd21
537,305,c4047b78601928383e81fd84b2ad56c4a065fede00be8b56e40c56760296cd21
538,305,c4047b78601928383e81fd84b2ad56c4a065fede00be8b56e40c56760296cd21
539,305,c4047b78601928383e81fd84b2ad56c4a065fede00be8b56e40c56760296cd21
540,305,c4047b78601928383e81fd84b2ad56c4a065fede00be8b56e40c56760296cd21
541,305,c4047b78601928383e81fd84b2ad56c4a065fede00be8b56e40c56760296cd21
542,305,c4047b78601928383e81fd84b2ad56c4a065fede00be8b56e40c56760296cd21
543,305,c4047b78601928383e81fd84b2ad56c4a065fede00be8b56e40c56760296cd21
544,305,c4047b78601928383e81fd84b2ad56c4a065fede00be8b56e40c56760296cd21
545,305,c4047b78601928383e81fd84b2ad56c4a065fede00be8b56e40c56760296cd21
546,305,c4047b78601928383e81fd84b2ad56c4a065fede00be8b56e40c56760296cd21
547,305,c4047b78601928383e81fd84b2ad56c4a065fede00be8b56e40c56760296cd21
548,305,c4047b78601928383e81fd84b2ad56c4a065fede00be8b56e40c56760296cd21
549,305,c4047b78601928383e81fd84b2ad56c4a065fede00be8b56e40c56760296cd21
550,305,c4047b78601928383e81fd84b2ad56c4a065fede00be8b56e40c56760296cd21
551,305,c4047b78601928383e81fd84b2ad56c4a065fede00be8b56e40c56760296cd21
552,305,c4047b78601928383e81fd84b2ad56c4a065fede00be8b56e40c56760296cd21
553,305,c4047b78601928383e81fd84b2ad56c4a065fede00be8b56e40c56760296cd21
554,305,c4047b78601928383e81fd84b2ad56c4a065fede00be8b56e40c56760296cd21
555,305,c4047b78601928383e81fd84b2ad56c4a065fede00be8b56e40c56760296cd21
556,305,c4047b78601928383e81fd84b2ad56c4a065fede00be8b56e40c56760296cd21
557,305,c4047b78601928383e81fd84b2ad56c4a065fede00be8b56e40c56760296cd21
558,305,c4047b78601928383e81fd84b2ad56c4a065fede00be8b56e40c56760296cd21
559,305,c4047b78601928383e81fd84b2ad56c4a065fede00be8b56e40c56760296cd21
560,305,c4047b78601928383e81fd84b2ad56c4a065fede00be8b56e40c56760296cd21
561,305,c4047b78601928383e81fd84b2ad56c4a065fede00be8b56e40c56760296cd21
244,306,c4047b78601928383e81fd84b2ad56c4a065fede00be8b56e40c56760296cd21
271,306,c4047b78601928383e81fd84b2ad56c4a065fede00be8b56e40c56760296cd21
415,306,c4047b78601928383e81fd84b2ad56c4a065fede00be8b56e40c56760296cd21
491,306,c4047b78601928383e81fd84b2ad56c4a065fede00be8b56e40c56760296cd21
532,306,c4047b78601928383e81fd84b2ad56c4a065fede00be8b56e40c56760296cd21
533,306,c4047b78601928383e81fd84b2ad56c4a065fede00be8b56e40c56760296cd21
534,306,c4047b78601928383e81fd84b2ad56c4a065fede00be8b56e40c56760296cd21
535,306,c4047b78601928383e81fd84b2ad56c4a065fede00be8b56e40c56760296cd21
536,306,c4047b78601928383e81fd84b2ad56c4a065fede00be8b56e40c56760296cd21
537,306,c4047b78601928383e81fd84b2ad56c4a065fede00be8b56e40c56760296cd21
538,306,c4047b78601928383e81fd84b2ad56c4a065fede00be8b56e40c56760296cd21
539,306,c4047b78601928383e81fd84b2ad56c4a065fede00be8b56e40c56760296cd21
540,306,c4047b78601928383e81fd84b2ad56c4a065fede00be8b56e40c56760296cd21
541,306,c4047b78601928383e81fd84b2ad56c4a065fede00be8b56e40c56760296cd21
542,306,c4047b78601928383e81fd84b2ad56c4a065fede00be8b56e40c56760296cd21
543,306,c4047b78601928383e81fd84b2ad56c4a065fede00be8b56e40c56760296cd21
544,306,c4047b78601928383e81fd84b2ad56c4a065fede00be8b56e40c56760296cd21
545,306,c4047b78601928383e81fd84b2ad56c4a065fede00be8b56e40c56760296cd21
546,306,c4047b78601928383e81fd84b2ad56c4a065fede00be8b56e40c56760296cd21
547,306,c4047b78601928383e81fd84b2ad56c4a065fede00be8b56e40c56760296cd21
548,306,c4047b78601928383e81fd84b2ad56c4a065fede00be8b56e40c56760296cd21
549,306,c4047b78601928383e81fd84b2ad56c4a065fede00be8b56e40c56760296cd21
550,306,c4047b78601928383e81fd84b2ad56c4a065fede00be8b56e40c56760296cd21
551,306,c4047b78601928383e81fd84b2ad56c4a065fede00be8b56e40c56760296cd21
552,306,c4047b78601928383e81fd84b2ad56c4a065fede00be8b56e40c56760296cd21
553,306,c4047b78601928383e81fd84b2ad56c4a065fede00be8b56e40c56760296cd21
554,306,c4047b78601928383e81fd84b2ad56c4a065fede00be8b56e40c56760296cd21
555,306,c4047b78601928383e81fd84b2ad56c4a065fede00be8b56e40c56760296cd21
556,306,c4047b78601928383e81fd84b2ad56c4a065fede00be8b56e40c56760296cd21
557,306,c4047b78601928383e81fd84b2ad56c4a065fede00be8b56e40c56760296cd21
558,306,c4047b78601928383e81fd84b2ad56c4a065fede00be8b56e40c56760296cd21
559,306,c4047b78601928383e81fd84b2ad56c4a065fede00be8b56e40c56760296cd21
560,306,c4047b78601928383e81fd84b2ad56c4a065fede00be8b56e40c56760296cd21
561,306,c4047b78601928383e81fd84b2ad56c4a065fede00be8b56e40c56760296cd21
244,307,c4047b78601928383e81fd84b2ad56c4a065fede00be8b56e40c56760296cd21
271,307,c4047b78601928383e81fd84b2ad56c4a065fede00be8b56e40c56760296cd21
415,307,c4047b78601928383e81fd84b2ad56c4a065fede00be8b56e40c56760296cd21
491,307,c4047b78601928383e81fd84b2ad56c4a065fede00be8b56e40c56760296cd21
532,307,c4047b78601928383e81fd84b2ad56c4a065fede00be8b56e40c56760296cd21
533,307,c4047b78601928383e81fd84b2ad56c4a065fede00be8b56e40c56760296cd21
534,307,c4047b78601928383e81fd84b2ad56c4a065fede00be8b56e40c56760296cd21
535,307,c4047b78601928383e81fd84b2ad56c4a065fede00be8b56e40c56760296cd21
536,307,c4047b78601928383e81fd84b2ad56c4a065fede00be8b56e40c56760296cd21
537,307,c4047b78601928383e81fd84b2ad56c4a065fede00be8b56e40c56760296cd21
538,307,c4047b78601928383e81fd84b2ad56c4a065fede00be8b56e40c56760296cd21
539,307,c4047b78601928383e81fd84b2ad56c4a065fede00be8b56e40c56760296cd21
540,307,c4047b78601928383e81fd84b2ad56c4a065fede00be8b56e40c56760296cd21
541,307,c4047b78601928383e81fd84b2ad56c4a065fede00be8b56e40c56760296cd21
542,307,c4047b78601928383e81fd84b2ad56c4a065fede00be8b56e40c56760296cd21
543,307,c4047b78601928383e81fd84b2ad56c4a065fede00be8b56e40c56760296cd21
544,307,c4047b78601928383e81fd84b2ad56c4a065fede00be8b56e40c56760296cd21
545,307,c4047b78601928383e81fd84b2ad56c4a065fede00be8b56e40c56760296cd21
546,307,c4047b78601928383e81fd84b2ad56c4a065fede00be8b56e40c56760296cd21
547,307,c4047b78601928383e81fd84b2ad56c4a065fede00be8b56e40c56760296cd21
548,307,c4047b78601928383e81fd84b2ad56c4a065fede00be8b56e40c56760296cd21
549,307,c4047b78601928383e81fd84b2ad56c4a065fede00be8b56e40c56760296cd21
550,307,c4047b78601928383e81fd84b2ad56c4a065fede00be8b56e40c56760296cd21
551,307,c4047b78601928383e81fd84b2ad56c4a065fede00be8b56e40c56760296cd21
552,307,c4047b78601928383e81fd84b2ad56c4a065fede00be8b56e40c56760296cd21
553,307,c4047b78601928383e81fd84b2ad56c4a065fede00be8b56e40c56760296cd21
554,307,c4047b78601928383e81fd84b2ad56c4a065fede00be8b56e40c56760296cd21
555,307,c4047b78601928383e81fd84b2ad56c4a065fede00be8b56e40c56760296cd21
556,307,c4047b78601928383e81fd84b2ad56c4a065fede00be8b56e40c56760296cd21
557,307,c4047b78601928383e81fd84b2ad56c4a065fede00be8b56e40c56760296cd21
558,307,c4047b78601928383e81fd84b2ad56c4a065fede00be8b56e40c56760296cd21
559,307,c4047b78601928383e81fd84b2ad56c4a065fede00be8b56e40c56760296cd21
560,307,c4047b78601928383e81fd84b2ad56c4a065fede00be8b56e40c56760296cd21
561,307,c4047b78601928383e81fd84b2ad56c4a065fede00be8b56e40c56760296cd21
244,308,c4047b78601928383e81fd84b2ad56c4a065fede00be8b56e40c56760296cd21
271,308,c4047b78601928383e81fd84b2ad56c4a065fede00be8b56e40c56760296cd21
415,308,c4047b78601928383e81fd84b2ad56c4a065fede00be8b56e40c56760296cd21
491,308,c4047b78601928383e81fd84b2ad56c4a065fede00be8b56e40c56760296cd21
532,308,c4047b78601928383e81fd84b2ad56c4a065fede00be8b56e40c56760296cd21
533,308,c4047b78601928383e81fd84b2ad56c4a065fede00be8b56e40c56760296cd21
534,308,c4047b78601928383e81fd84b2ad56c4a065fede00be8b56e40c56760296cd21
535,308,c4047b78601928383e81fd84b2ad56c4a065fede00be8b56e40c56760296cd21
536,308,c4047b78601928383e81fd84b2ad56c4a065fede00be8b56e40c56760296cd21
537,308,c4047b78601928383e81fd84b2ad56c4a065fede00be8b56e40c56760296cd21
538,308,c4047b78601928383e81fd84b2ad56c4a065fede00be8b56e40c56760296cd21
539,308,c4047b78601928383e81fd84b2ad56c4a065fede00be8b56e40c56760296cd21
540,308,c4047b78601928383e81fd84b2ad56c4a065fede00be8b56e40c56760296cd21
541,308,c4047b78601928383e81fd84b2ad56c4a065fede00be8b56e40c56760296cd21
542,308,c4047b78601928383e81fd84b2ad56c4a065fede00be8b56e40c56760296cd21
543,308,c4047b78601928383e81fd84b2ad56c4a065fede00be8b56e40c56760296cd21
544,308,c4047b78601928383e81fd84b2ad56c4a065fede00be8b56e40c56760296cd21
545,308,c4047b78601928383e81fd84b2ad56c4a065fede00be8b56e40c56760296cd21
546,308,c4047b78601928383e81fd84b2ad56c4a065fede00be8b56e40c56760296cd21
547,308,c4047b78601928383e81fd84b2ad56c4a065fede00be8b56e40c56760296cd21
548,308,c4047b78601928383e81fd84b2ad56c4a065fede00be8b56e40c56760296cd21
549,308,c4047b78601928383e81fd84b2ad56c4a065fede00be8b56e40c56760296cd21
550,308,c4047b78601928383e81fd84b2ad56c4a065fede00be8b56e40c56760296cd21
551,308,c4047b78601928383e81fd84b2ad56c4a065fede00be8b56e40c56760296cd21
552,308,c4047b78601928383e81fd84b2ad56c4a065fede00be8b56e40c56760296cd21
553,308,c4047b78601928383e81fd84b2ad56c4a065fede00be8b56e40c56760296cd21
554,308,c4047b78601928383e81fd84b2ad56c4a065fede00be8b56e40c56760296cd21
555,308,c4047b78601928383e81fd84b2ad56c4a065fede00be8b56e40c56760296cd21
556,308,c4047b78601928383e81fd84b2ad56c4a065fede00be8b56e40c56760296cd21
557,308,c4047b78601928383e81fd84b2ad56c4a065fede00be8b56e40c56760296cd21
558,308,c4047b78601928383e81fd84b2ad56c4a065fede00be8b56e40c56760296cd21
559,308,c4047b78601928383e81fd84b2ad56c4a065fede00be8b56e40c56760296cd21
560,308,c4047b78601928383e81fd84b2ad56c4a065fede00be8b56e40c56760296cd21
561,308,c4047b78601928383e81fd84b2ad56c4a065fede00be8b56e40c56760296cd21
244,309,c4047b78601928383e81fd84b2ad56c4a065fede00be8b56e40c56760296cd21
271,309,c4047b78601928383e81fd84b2ad56c4a065fede00be8b56e40c56760296cd21
415,309,c4047b78601928383e81fd84b2ad56c4a065fede00be8b56e40c56760296cd21
491,309,c4047b78601928383e81fd84b2ad56c4a065fede00be8b56e40c56760296cd21
532,309,c4047b78601928383e81fd84b2ad56c4a065fede00be8b56e40c56760296cd21
533,309,c4047b78601928383e81fd84b2ad56c4a065fede00be8b56e40c56760296cd21
534,309,c4047b78601928383e81fd84b2ad56c4a065fede00be8b56e40c56760296cd21
535,309,c4047b78601928383e81fd84b2ad56c4a065fede00be8b56e40c56760296cd21
536,309,c4047b78601928383e81fd84b2ad56c4a065fede00be8b56e40c56760296cd21
537,309,c4047b78601928383e81fd84b2ad56c4a065fede00be8b56e40c56760296cd21
538,309,c4047b78601928383e81fd84b2ad56c4a065fede00be8b56e40c56760296cd21
539,309,c4047b78601928383e81fd84b2ad56c4a065fede00be8b56e40c56760296cd21
540,309,c4047b78601928383e81fd84b2ad56c4a065fede00be8b56e40c56760296cd21
541,309,c4047b78601928383e81fd84b2ad56c4a065fede00be8b56e40c56760296cd21
542,309,c4047b78601928383e81fd84b2ad56c4a065fede00be8b56e40c56760296cd21
543,309,c4047b78601928383e81fd84b2ad56c4a065fede00be8b56e40c56760296cd21
544,309,c4047b78601928383e81fd84b2ad56c4a065fede00be8b56e40c56760296cd21
545,309,c4047b78601928383e81fd84b2ad56c4a065fede00be8b56e40c56760296cd21
546,309,c4047b78601928383e81fd84b2ad56c4a065fede00be8b56e40c56760296cd21
547,309,c4047b78601928383e81fd84b2ad56c4a065fede00be8b56e40c56760296cd21
548,309,c4047b78601928383e81fd84b2ad56c4a065fede00be8b56e40c56760296cd21
549,309,c4047b78601928383e81fd84b2ad56c4a065fede00be8b56e40c56760296cd21
550,309,c4047b78601928383e81fd84b2ad56c4a065fede00be8b56e40c56760296cd21
551,309,c4047b78601928383e81fd84b2ad56c4a065fede00be8b56e40c56760296cd21
552,309,c4047b78601928383e81fd84b2ad56c4a065fede00be8b56e40c56760296cd21
553,309,c4047b78601928383e81fd84b2ad56c4a065fede00be8b56e40c56760296cd21
554,309,c4047b78601928383e81fd84b2ad56c4a065fede00be8b56e40c56760296cd21
555,309,c4047b78601928383e81fd84b2ad56c4a065fede00be8b56e40c56760296cd21
556,309,c4047b78601928383e81fd84b2ad56c4a065fede00be8b56e40c56760296cd21
557,309,c4047b78601928383e81fd84b2ad56c4a065fede00be8b56e40c56760296cd21
558,309,c4047b78601928383e81fd84b2ad56c4a065fede00be8b56e40c56760296cd21
559,309,c4047b78601928383e81fd84b2ad56c4a065fede00be8b56e40c56760296cd21
560,309,c4047b78601928383e81fd84b2ad56c4a065fede00be8b56e40c56760296cd21
561,309,c4047b78601928383e81fd84b2ad56c4a065fede00be8b56e40c56760296cd21
244,310,c4047b78601928383e81fd84b2ad56c4a065fede00be8b56e40c56760296cd21
271,310,c4047b78601928383e81fd84b2ad56c4a065fede00be8b56e40c56760296cd21
415,310,c4047b78601928383e81fd84b2ad56c4a065fede00be8b56e40c56760296cd21
491,310,c4047b78601928383e81fd84b2ad56c4a065fede00be8b56e40c56760296cd21
532,310,c4047b78601928383e81fd84b2ad56c4a065fede00be8b56e40c56760296cd21
533,310,c4047b78601928383e81fd84b2ad56c4a065fede00be8b56e40c56760296cd21
534,310,c4047b78601928383e81fd84b2ad56c4a065fede00be8b56e40c56760296cd21
535,310,c4047b78601928383e81fd84b2ad56c4a065fede00be8b56e40c56760296cd21
536,310,c4047b78601928383e81fd84b2ad56c4a065fede00be8b56e40c56760296cd21
537,310,c4047b78601928383e81fd84b2ad56c4a065fede00be8b56e40c56760296cd21
538,310,c4047b78601928383e81fd84b2ad56c4a065fede00be8b56e40c56760296cd21
539,310,c4047b78601928383e81fd84b2ad56c4a065fede00be8b56e40c56760296cd21
540,310,c4047b78601928383e81fd84b2ad56c4a065fede00be8b56e40c56760296cd21
541,310,c4047b78601928383e81fd84b2ad56c4a065fede00be8b56e40c56760296cd21
542,310,c4047b78601928383e81fd84b2ad56c4a065fede00be8b56e40c56760296cd21
543,310,c4047b78601928383e81fd84b2ad56c4a065fede00be8b56e40c56760296cd21
544,310,c4047b78601928383e81fd84b2ad56c4a065fede00be8b56e40c56760296cd21
545,310,c4047b78601928383e81fd84b2ad56c4a065fede00be8b56e40c56760296cd21
546,310,c4047b78601928383e81fd84b2ad56c4a065fede00be8b56e40c56760296cd21
547,310,c4047b78601928383e81fd84b2ad56c4a065fede00be8b56e40c56760296cd21
548,310,c4047b78601928383e81fd84b2ad56c4a065fede00be8b56e40c56760296cd21
549,310,c4047b78601928383e81fd84b2ad56c4a065fede00be8b56e40c56760296cd21
550,310,c4047b78601928383e81fd84b2ad56c4a065fede00be8b56e40c56760296cd21
551,310,c4047b78601928383e81fd84b2ad56c4a065fede00be8b56e40c56760296cd21
552,310,c4047b78601928383e81fd84b2ad56c4a065fede00be8b56e40c56760296cd21
553,310,c4047b78601928383e81fd84b2ad56c4a065fede00be8b56e40c56760296cd21
554,310,c4047b78601928383e81fd84b2ad56c4a065fede00be8b56e40c56760296cd21
555,310,c4047b78601928383e81fd84b2ad56c4a065fede00be8b56e40c56760296cd21
556,310,c4047b78601928383e81fd84b2ad56c4a065fede00be8b56e40c56760296cd21
557,310,c4047b78601928383e81fd84b2ad56c4a065fede00be8b56e40c56760296cd21
558,310,c4047b78601928383e81fd84b2ad56c4a065fede00be8b56e40c56760296cd21
559,310,c4047b78601928383e81fd84b2ad56c4a065fede00be8b56e40c56760296cd21
560,310,c4047b78601928383e81fd84b2ad56c4a065fede00be8b56e40c56760296cd21
561,310,c4047b78601928383e81fd84b2ad56c4a065fede00be8b56e40c56760296cd21
244,311,c4047b78601928383e81fd84b2ad56c4a065fede00be8b56e40c56760296cd21
271,311,c4047b78601928383e81fd84b2ad56c4a065fede00be8b56e40c56760296cd21
415,311,c4047b78601928383e81fd84b2ad56c4a065fede00be8b56e40c56760296cd21
491,311,c4047b78601928383e81fd84b2ad56c4a065fede00be8b56e40c56760296cd21
532,311,c4047b78601928383e81fd84b2ad56c4a065fede00be8b56e40c56760296cd21
533,311,c4047b78601928383e81fd84b2ad56c4a065fede00be8b56e40c56760296cd21
534,311,c4047b78601928383e81fd84b2ad56c4a065fede00be8b56e40c56760296cd21
535,311,c4047b78601928383e81fd84b2ad56c4a065fede00be8b56e40c56760296cd21
536,311,c4047b78601928383e81fd84b2ad56c4a065fede00be8b56e40c56760296cd21
537,311,c4047b78601928383e81fd84b2ad56c4a065fede00be8b56e40c56760296cd21
538,311,c4047b78601928383e81fd84b2ad56c4a065fede00be8b56e40c56760296cd21
539,311,c4047b78601928383e81fd84b2ad56c4a065fede00be8b56e40c56760296cd21
540,311,c4047b78601928383e81fd84b2ad56c4a065fede00be8b56e40c56760296cd21
541,311,c4047b78601928383e81fd84b2ad56c4a065fede00be8b56e40c56760296cd21
542,311,c4047b78601928383e81fd84b2ad56c4a065fede00be8b56e40c56760296cd21
543,311,c4047b78601928383e81fd84b2ad56c4a065fede00be8b56e40c56760296cd21
544,311,c4047b78601928383e81fd84b2ad56c4a065fede00be8b56e40c56760296cd21
545,311,c4047b78601928383e81fd84b2ad56c4a065fede00be8b56e40c56760296cd21
546,311,c4047b78601928383e81fd84b2ad56c4a065fede00be8b56e40c56760296cd21
547,311,c4047b78601928383e81fd84b2ad56c4a065fede00be8b56e40c56760296cd21
548,311,c4047b78601928383e81fd84b2ad56c4a065fede00be8b56e40c56760296cd21
549,311,c4047b78601928383e81fd84b2ad56c4a065fede00be8b56e40c56760296cd21
550,311,c4047b78601928383e81fd84b2ad56c4a065fede00be8b56e40c56760296cd21
551,311,c4047b78601928383e81fd84b2ad56c4a065fede00be8b56e40c56760296cd21
552,311,c4047b78601928383e81fd84b2ad56c4a065fede00be8b56e40c56760296cd21
553,311,c4047b78601928383e81fd84b2ad56c4a065fede00be8b56e40c56760296cd21
554,311,c4047b78601928383e81fd84b2ad56c4a065fede00be8b56e40c56760296cd21
555,311,c4047b78601928383e81fd84b2ad56c4a065fede00be8b56e40c56760296cd21
556,311,c4047b78601928383e81fd84b2ad56c4a065fede00be8b56e40c56760296cd21
557,311,c4047b78601928383e81fd84b2ad56c4a065fede00be8b56e40c56760296cd21
558,311,c4047b78601928383e81fd84b2ad56c4a065fede00be8b56e40c56760296cd21
559,311,c4047b78601928383e81fd84b2ad56c4a065fede00be8b56e40c56760296cd21
560,311,c4047b78601928383e81fd84b2ad56c4a065fede00be8b56e40c56760296cd21
561,311,c4047b78601928383e81fd84b2ad56c4a065fede00be8b56e40c56760296cd21
244,312,c4047b78601928383e81fd84b2ad56c4a065fede00be8b56e40c56760296cd21
271,312,c4047b78601928383e81fd84b2ad56c4a065fede00be8b56e40c56760296cd21
415,312,c4047b78601928383e81fd84b2ad56c4a065fede00be8b56e40c56760296cd21
491,312,c4047b78601928383e81fd84b2ad56c4a065fede00be8b56e40c56760296cd21
532,312,c4047b78601928383e81fd84b2ad56c4a065fede00be8b56e40c56760296cd21
533,312,c4047b78601928383e81fd84b2ad56c4a065fede00be8b56e40c56760296cd21
534,312,c4047b78601928383e81fd84b2ad56c4a065fede00be8b56e40c56760296cd21
535,312,c4047b78601928383e81fd84b2ad56c4a065fede00be8b56e40c56760296cd21
536,312,c4047b78601928383e81fd84b2ad56c4a065fede00be8b56e40c56760296cd21
537,312,c4047b78601928383e81fd84b2ad56c4a065fede00be8b56e40c56760296cd21
538,312,c4047b78601928383e81fd84b2ad56c4a065fede00be8b56e40c56760296cd21
539,312,c4047b78601928383e81fd84b2ad56c4a065fede00be8b56e40c56760296cd21
540,312,c4047b78601928383e81fd84b2ad56c4a065fede00be8b56e40c56760296cd21
541,312,c4047b78601928383e81fd84b2ad56c4a065fede00be8b56e40c56760296cd21
542,312,c4047b78601928383e81fd84b2ad56c4a065fede00be8b56e40c56760296cd21
543,312,c4047b78601928383e81fd84b2ad56c4a065fede00be8b56e40c56760296cd21
544,312,c4047b78601928383e81fd84b2ad56c4a065fede00be8b56e40c56760296cd21
545,312,c4047b78601928383e81fd84b2ad56c4a065fede00be8b56e40c56760296cd21
546,312,c4047b78601928383e81fd84b2ad56c4a065fede00be8b56e40c56760296cd21
547,312,c4047b78601928383e81fd84b2ad56c4a065fede00be8b56e40c56760296cd21
548,312,c4047b78601928383e81fd84b2ad56c4a065fede00be8b56e40c56760296cd21
549,312,c4047b78601928383e81fd84b2ad56c4a065fede00be8b56e40c56760296cd21
550,312,c4047b78601928383e81fd84b2ad56c4a065fede00be8b56e40c56760296cd21
551,312,c4047b78601928383e81fd84b2ad56c4a065fede00be8b56e40c56760296cd21
552,312,c4047b78601928383e81fd84b2ad56c4a065fede00be8b56e40c56760296cd21
553,312,c4047b78601928383e81fd84b2ad56c4a065fede00be8b56e40c56760296cd21
554,312,c4047b78601928383e81fd84b2ad56c4a065fede00be8b56e40c56760296cd21
555,312,c4047b78601928383e81fd84b2ad56c4a065fede00be8b56e40c56760296cd21
556,312,c4047b78601928383e81fd84b2ad56c4a065fede00be8b56e40c56760296cd21
557,312,c4047b78601928383e81fd84b2ad56c4a065fede00be8b56e40c56760296cd21
558,312,c4047b78601928383e81fd84b2ad56c4a065fede00be8b56e40c56760296cd21
559,312,c4047b78601928383e81fd84b2ad56c4a065fede00be8b56e40c56760296cd21
560,312,c4047b78601928383e81fd84b2ad56c4a065fede00be8b56e40c56760296cd21
561,312,c4047b78601928383e81fd84b2ad56c4a065fede00be8b56e40c56760296cd21
244,313,c4047b78601928383e81fd84b2ad56c4a065fede00be8b56e40c56760296cd21
271,313,c4047b78601928383e81fd84b2ad56c4a065fede00be8b56e40c56760296cd21
415,313,c4047b78601928383e81fd84b2ad56c4a065fede00be8b56e40c56760296cd21
491,313,c4047b78601928383e81fd84b2ad56c4a065fede00be8b56e40c56760296cd21
532,313,c4047b78601928383e81fd84b2ad56c4a065fede00be8b56e40c56760296cd21
533,313,c4047b78601928383e81fd84b2ad56c4a065fede00be8b56e40c56760296cd21
534,313,c4047b78601928383e81fd84b2ad56c4a065fede00be8b56e40c56760296cd21
535,313,c4047b78601928383e81fd84b2ad56c4a065fede00be8b56e40c56760296cd21
536,313,c4047b78601928383e81fd84b2ad56c4a065fede00be8b56e40c56760296cd21
537,313,c4047b78601928383e81fd84b2ad56c4a065fede00be8b56e40c56760296cd21
538,313,c4047b78601928383e81fd84b2ad56c4a065fede00be8b56e40c56760296cd21
539,313,c4047b78601928383e81fd84b2ad56c4a065fede00be8b56e40c56760296cd21
540,313,c4047b78601928383e81fd84b2ad56c4a065fede00be8b56e40c56760296cd21
541,313,c4047b78601928383e81fd84b2ad56c4a065fede00be8b56e40c56760296cd21
542,313,c4047b78601928383e81fd84b2ad56c4a065fede00be8b56e40c56760296cd21
543,313,c4047b78601928383e81fd84b2ad56c4a065fede00be8b56e40c56760296cd21
544,313,c4047b78601928383e81fd84b2ad56c4a065fede00be8b56e40c56760296cd21
545,313,c4047b78601928383e81fd84b2ad56c4a065fede00be8b56e40c56760296cd21
546,313,c4047b78601928383e81fd84b2ad56c4a065fede00be8b56e40c56760296cd21
547,313,c4047b78601928383e81fd84b2ad56c4a065fede00be8b56e40c56760296cd21
548,313,c4047b78601928383e81fd84b2ad56c4a065fede00be8b56e40c56760296cd21
549,313,c4047b78601928383e81fd84b2ad56c4a065fede00be8b56e40c56760296cd21
550,313,c4047b78601928383e81fd84b2ad56c4a065fede00be8b56e40c56760296cd21
551,313,c4047b78601928383e81fd84b2ad56c4a065fede00be8b56e40c56760296cd21
552,313,c4047b78601928383e81fd84b2ad56c4a065fede00be8b56e40c56760296cd21
553,313,c4047b78601928383e81fd84b2ad56c4a065fede00be8b56e40c56760296cd21
554,313,c4047b78601928383e81fd84b2ad56c4a065fede00be8b56e40c56760296cd21
555,313,c4047b78601928383e81fd84b2ad56c4a065fede00be8b56e40c56760296cd21
556,313,c4047b78601928383e81fd84b2ad56c4a065fede00be8b56e40c56760296cd21
557,313,c4047b78601928383e81fd84b2ad56c4a065fede00be8b56e40c56760296cd21
558,313,c4047b78601928383e81fd84b2ad56c4a065fede00be8b56e40c56760296cd21
559,313,c4047b78601928383e81fd84b2ad56c4a065fede00be8b56e40c56760296cd21
560,313,c4047b78601928383e81fd84b2ad56c4a065fede00be8b56e40c56760296cd21
561,313,c4047b78601928383e81fd84b2ad56c4a065fede00be8b56e40c56760296cd21
244,314,c4047b78601928383e81fd84b2ad56c4a065fede00be8b56e40c56760296cd21
271,314,c4047b78601928383e81fd84b2ad56c4a065fede00be8b56e40c56760296cd21
415,314,c4047b78601928383e81fd84b2ad56c4a065fede00be8b56e40c56760296cd21
491,314,c4047b78601928383e81fd84b2ad56c4a065fede00be8b56e40c56760296cd21
532,314,c4047b78601928383e81fd84b2ad56c4a065fede00be8b56e40c56760296cd21
533,314,c4047b78601928383e81fd84b2ad56c4a065fede00be8b56e40c56760296cd21
534,314,c4047b78601928383e81fd84b2ad56c4a065fede00be8b56e40c56760296cd21
535,314,c4047b78601928383e81fd84b2ad56c4a065fede00be8b56e40c56760296cd21
536,314,c4047b78601928383e81fd84b2ad56c4a065fede00be8b56e40c56760296cd21
537,314,c4047b78601928383e81fd84b2ad56c4a065fede00be8b56e40c56760296cd21
538,314,c4047b78601928383e81fd84b2ad56c4a065fede00be8b56e40c56760296cd21
539,314,c4047b78601928383e81fd84b2ad56c4a065fede00be8b56e40c56760296cd21
540,314,c4047b78601928383e81fd84b2ad56c4a065fede00be8b56e40c56760296cd21
541,314,c4047b78601928383e81fd84b2ad56c4a065fede00be8b56e40c56760296cd21
542,314,c4047b78601928383e81fd84b2ad56c4a065fede00be8b56e40c56760296cd21
543,314,c4047b78601928383e81fd84b2ad56c4a065fede00be8b56e40c56760296cd21
544,314,c4047b78601928383e81fd84b2ad56c4a065fede00be8b56e40c56760296cd21
545,314,c4047b78601928383e81fd84b2ad56c4a065fede00be8b56e40c56760296cd21
546,314,c4047b78601928383e81fd84b2ad56c4a065fede00be8b56e40c56760296cd21
547,314,c4047b78601928383e81fd84b2ad56c4a065fede00be8b56e40c56760296cd21
548,314,c4047b78601928383e81fd84b2ad56c4a065fede00be8b56e40c56760296cd21
549,314,c4047b78601928383e81fd84b2ad56c4a065fede00be8b56e40c56760296cd21
550,314,c4047b78601928383e81fd84b2ad56c4a065fede00be8b56e40c56760296cd21
551,314,c4047b78601928383e81fd84b2ad56c4a065fede00be8b56e40c56760296cd21
552,314,c4047b78601928383e81fd84b2ad56c4a065fede00be8b56e40c56760296cd21
553,314,c4047b78601928383e81fd84b2ad56c4a065fede00be8b56e40c56760296cd21
554,314,c4047b78601928383e81fd84b2ad56c4a065fede00be8b56e40c56760296cd21
555,314,c4047b78601928383e81fd84b2ad56c4a065fede00be8b56e40c56760296cd21
556,314,c4047b78601928383e81fd84b2ad56c4a065fede00be8b56e40c56760296cd21
557,314,c4047b78601928383e81fd84b2ad56c4a065fede00be8b56e40c56760296cd21
558,314,c4047b78601928383e81fd84b2ad56c4a065fede00be8b56e40c56760296cd21
559,314,c4047b78601928383e81fd84b2ad56c4a065fede00be8b56e40c56760296cd21
560,314,c4047b78601928383e81fd84b2ad56c4a065fede00be8b56e40c56760296cd21
561,314,c4047b78601928383e81fd84b2ad56c4a065fede00be8b56e40c56760296cd21
244,315,c4047b78601928383e81fd84b2ad56c4a065fede00be8b56e40c56760296cd21
271,315,c4047b78601928383e81fd84b2ad56c4a065fede00be8b56e40c56760296cd21
415,315,c4047b78601928383e81fd84b2ad56c4a065fede00be8b56e40c56760296cd21
491,315,c4047b78601928383e81fd84b2ad56c4a065fede00be8b56e40c56760296cd21
532,315,c4047b78601928383e81fd84b2ad56c4a065fede00be8b56e40c56760296cd21
533,315,c4047b78601928383e81fd84b2ad56c4a065fede00be8b56e40c56760296cd21
534,315,c4047b78601928383e81fd84b2ad56c4a065fede00be8b56e40c56760296cd21
535,315,c4047b78601928383e81fd84b2ad56c4a065fede00be8b56e40c56760296cd21
536,315,c4047b78601928383e81fd84b2ad56c4a065fede00be8b56e40c56760296cd21
537,315,c4047b78601928383e81fd84b2ad56c4a065fede00be8b56e40c56760296cd21
538,315,c4047b78601928383e81fd84b2ad56c4a065fede00be8b56e40c56760296cd21
539,315,c4047b78601928383e81fd84b2ad56c4a065fede00be8b56e40c56760296cd21
540,315,c4047b78601928383e81fd84b2ad56c4a065fede00be8b56e40c56760296cd21
541,315,c4047b78601928383e81fd84b2ad56c4a065fede00be8b56e40c56760296cd21
542,315,c4047b78601928383e81fd84b2ad56c4a065fede00be8b56e40c56760296cd21
543,315,c4047b78601928383e81fd84b2ad56c4a065fede00be8b56e40c56760296cd21
544,315,c4047b78601928383e81fd84b2ad56c4a065fede00be8b56e40c56760296cd21
545,315,c4047b78601928383e81fd84b2ad56c4a065fede00be8b56e40c56760296cd21
546,315,c4047b78601928383e81fd84b2ad56c4a065fede00be8b56e40c56760296cd21
547,315,c4047b78601928383e81fd84b2ad56c4a065fede00be8b56e40c56760296cd21
548,315,c4047b78601928383e81fd84b2ad56c4a065fede00be8b56e40c56760296cd21
549,315,c4047b78601928383e81fd84b2ad56c4a065fede00be8b56e40c56760296cd21
550,315,c4047b78601928383e81fd84b2ad56c4a065fede00be8b56e40c56760296cd21
551,315,c4047b78601928383e81fd84b2ad56c4a065fede00be8b56e40c56760296cd21
552,315,c4047b78601928383e81fd84b2ad56c4a065fede00be8b56e40c56760296cd21
553,315,c4047b78601928383e81fd84b2ad56c4a065fede00be8b56e40c56760296cd21
554,315,c4047b78601928383e81fd84b2ad56c4a065fede00be8b56e40c56760296cd21
555,315,c4047b78601928383e81fd84b2ad56c4a065fede00be8b56e40c56760296cd21
556,315,c4047b78601928383e81fd84b2ad56c4a065fede00be8b56e40c56760296cd21
557,315,c4047b78601928383e81fd84b2ad56c4a065fede00be8b56e40c56760296cd21
558,315,c4047b78601928383e81fd84b2ad56c4a065fede00be8b56e40c56760296cd21
559,315,c4047b78601928383e81fd84b2ad56c4a065fede00be8b56e40c56760296cd21
560,315,c4047b78601928383e81fd84b2ad56c4a065fede00be8b56e40c56760296cd21
561,315,c4047b78601928383e81fd84b2ad56c4a065fede00be8b56e40c56760296cd21
244,316,c4047b78601928383e81fd84b2ad56c4a065fede00be8b56e40c56760296cd21
271,316,c4047b78601928383e81fd84b2ad56c4a065fede00be8b56e40c56760296cd21
415,316,c4047b78601928383e81fd84b2ad56c4a065fede00be8b56e40c56760296cd21
491,316,c4047b78601928383e81fd84b2ad56c4a065fede00be8b56e40c56760296cd21
530,316,c4047b78601928383e81fd84b2ad56c4a065fede00be8b56e40c56760296cd21
532,316,c4047b78601928383e81fd84b2ad56c4a065fede00be8b56e40c56760296cd21
533,316,c4047b78601928383e81fd84b2ad56c4a065fede00be8b56e40c56760296cd21
534,316,c4047b78601928383e81fd84b2ad56c4a065fede00be8b56e40c56760296cd21
535,316,c4047b78601928383e81fd84b2ad56c4a065fede00be8b56e40c56760296cd21
536,316,c4047b78601928383e81fd84b2ad56c4a065fede00be8b56e40c56760296cd21
537,316,c4047b78601928383e81fd84b2ad56c4a065fede00be8b56e40c56760296cd21
538,316,c4047b78601928383e81fd84b2ad56c4a065fede00be8b56e40c56760296cd21
539,316,c4047b78601928383e81fd84b2ad56c4a065fede00be8b56e40c56760296cd21
540,316,c4047b78601928383e81fd84b2ad56c4a065fede00be8b56e40c56760296cd21
541,316,c4047b78601928383e81fd84b2ad56c4a065fede00be8b56e40c56760296cd21
542,316,c4047b78601928383e81fd84b2ad56c4a065fede00be8b56e40c56760296cd21
543,316,c4047b78601928383e81fd84b2ad56c4a065fede00be8b56e40c56760296cd21
544,316,c4047b78601928383e81fd84b2ad56c4a065fede00be8b56e40c56760296cd21
545,316,c4047b78601928383e81fd84b2ad56c4a065fede00be8b56e40c56760296cd21
546,316,c4047b78601928383e81fd84b2ad56c4a065fede00be8b56e40c56760296cd21
547,316,c4047b78601928383e81fd84b2ad56c4a065fede00be8b56e40c56760296cd21
548,316,c4047b78601928383e81fd84b2ad56c4a065fede00be8b56e40c56760296cd21
549,316,c4047b78601928383e81fd84b2ad56c4a065fede00be8b56e40c56760296cd21
550,316,c4047b78601928383e81fd84b2ad56c4a065fede00be8b56e40c56760296cd21
551,316,c4047b78601928383e81fd84b2ad56c4a065fede00be8b56e40c56760296cd21
552,316,c4047b78601928383e81fd84b2ad56c4a065fede00be8b56e40c56760296cd21
553,316,c4047b78601928383e81fd84b2ad56c4a065fede00be8b56e40c56760296cd21
554,316,c4047b78601928383e81fd84b2ad56c4a065fede00be8b56e40c56760296cd21
555,316,c4047b78601928383e81fd84b2ad56c4a065fede00be8b56e40c56760296cd21
556,316,c4047b78601928383e81fd84b2ad56c4a065fede00be8b56e40c56760296cd21
557,316,c4047b78601928383e81fd84b2ad56c4a065fede00be8b56e40c56760296cd21
558,316,c4047b78601928383e81fd84b2ad56c4a065fede00be8b56e40c56760296cd21
559,316,c4047b78601928383e81fd84b2ad56c4a065fede00be8b56e40c56760296cd21
560,316,c4047b78601928383e81fd84b2ad56c4a065fede00be8b56e40c56760296cd21
561,316,c4047b78601928383e81fd84b2ad56c4a065fede00be8b56e40c56760296cd21
244,317,c4047b78601928383e81fd84b2ad56c4a065fede00be8b56e40c56760296cd21
271,317,c4047b78601928383e81fd84b2ad56c4a065fede00be8b56e40c56760296cd21
415,317,c4047b78601928383e81fd84b2ad56c4a065fede00be8b56e40c56760296cd21
491,317,c4047b78601928383e81fd84b2ad56c4a065fede00be8b56e40c56760296cd21
530,317,c4047b78601928383e81fd84b2ad56c4a065fede00be8b56e40c56760296cd21
532,317,c4047b78601928383e81fd84b2ad56c4a065fede00be8b56e40c56760296cd21
533,317,c4047b78601928383e81fd84b2ad56c4a065fede00be8b56e40c56760296cd21
534,317,c4047b78601928383e81fd84b2ad56c4a065fede00be8b56e40c56760296cd21
535,317,c4047b78601928383e81fd84b2ad56c4a065fede00be8b56e40c56760296cd21
536,317,c4047b78601928383e81fd84b2ad56c4a065fede00be8b56e40c56760296cd21
537,317,c4047b78601928383e81fd84b2ad56c4a065fede00be8b56e40c56760296cd21
538,317,c4047b78601928383e81fd84b2ad56c4a065fede00be8b56e40c56760296cd21
539,317,c4047b78601928383e81fd84b2ad56c4a065fede00be8b56e40c56760296cd21
540,317,c4047b78601928383e81fd84b2ad56c4a065fede00be8b56e40c56760296cd21
541,317,c4047b78601928383e81fd84b2ad56c4a065fede00be8b56e40c56760296cd21
542,317,c4047b78601928383e81fd84b2ad56c4a065fede00be8b56e40c56760296cd21
543,317,c4047b78601928383e81fd84b2ad56c4a065fede00be8b56e40c56760296cd21
544,317,c4047b78601928383e81fd84b2ad56c4a065fede00be8b56e40c56760296cd21
545,317,c4047b78601928383e81fd84b2ad56c4a065fede00be8b56e40c56760296cd21
546,317,c4047b78601928383e81fd84b2ad56c4a065fede00be8b56e40c56760296cd21
547,317,c4047b78601928383e81fd84b2ad56c4a065fede00be8b56e40c56760296cd21
548,317,c4047b78601928383e81fd84b2ad56c4a065fede00be8b56e40c56760296cd21
549,317,c4047b78601928383e81fd84b2ad56c4a065fede00be8b56e40c56760296cd21
550,317,c4047b78601928383e81fd84b2ad56c4a065fede00be8b56e40c56760296cd21
551,317,c4047b78601928383e81fd84b2ad56c4a065fede00be8b56e40c56760296cd21
552,317,c4047b78601928383e81fd84b2ad56c4a065fede00be8b56e40c56760296cd21
553,317,c4047b78601928383e81fd84b2ad56c4a065fede00be8b56e40c56760296cd21
554,317,c4047b78601928383e81fd84b2ad56c4a065fede00be8b56e40c56760296cd21
555,317,c4047b78601928383e81fd84b2ad56c4a065fede00be8b56e40c56760296cd21
556,317,c4047b78601928383e81fd84b2ad56c4a065fede00be8b56e40c56760296cd21
557,317,c4047b78601928383e81fd84b2ad56c4a065fede00be8b56e40c56760296cd21
558,317,c4047b78601928383e81fd84b2ad56c4a065fede00be8b56e40c56760296cd21
559,317,c4047b78601928383e81fd84b2ad56c4a065fede00be8b56e40c56760296cd21
560,317,c4047b78601928383e81fd84b2ad56c4a065fede00be8b56e40c56760296cd21
561,317,c4047b78601928383e81fd84b2ad56c4a065fede00be8b56e40c56760296cd21
244,318,c4047b78601928383e81fd84b2ad56c4a065fede00be8b56e40c56760296cd21
271,318,c4047b78601928383e81fd84b2ad56c4a065fede00be8b56e40c56760296cd21
415,318,c4047b78601928383e81fd84b2ad56c4a065fede00be8b56e40c56760296cd21
491,318,c4047b78601928383e81fd84b2ad56c4a065fede00be8b56e40c56760296cd21
532,318,c4047b78601928383e81fd84b2ad56c4a065fede00be8b56e40c56760296cd21
533,318,c4047b78601928383e81fd84b2ad56c4a065fede00be8b56e40c56760296cd21
534,318,c4047b78601928383e81fd84b2ad56c4a065fede00be8b56e40c56760296cd21
535,318,c4047b78601928383e81fd84b2ad56c4a065fede00be8b56e40c56760296cd21
536,318,c4047b78601928383e81fd84b2ad56c4a065fede00be8b56e40c56760296cd21
537,318,c4047b78601928383e81fd84b2ad56c4a065fede00be8b56e40c56760296cd21
538,318,c4047b78601928383e81fd84b2ad56c4a065fede00be8b56e40c56760296cd21
539,318,c4047b78601928383e81fd84b2ad56c4a065fede00be8b56e40c56760296cd21
540,318,c4047b78601928383e81fd84b2ad56c4a065fede00be8b56e40c56760296cd21
541,318,c4047b78601928383e81fd84b2ad56c4a065fede00be8b56e40c56760296cd21
542,318,c4047b78601928383e81fd84b2ad56c4a065fede00be8b56e40c56760296cd21
543,318,c4047b78601928383e81fd84b2ad56c4a065fede00be8b56e40c56760296cd21
544,318,c4047b78601928383e81fd84b2ad56c4a065fede00be8b56e40c56760296cd21
545,318,c4047b78601928383e81fd84b2ad56c4a065fede00be8b56e40c56760296cd21
546,318,c4047b78601928383e81fd84b2ad56c4a065fede00be8b56e40c56760296cd21
547,318,c4047b78601928383e81fd84b2ad56c4a065fede00be8b56e40c56760296cd21
548,318,c4047b78601928383e81fd84b2ad56c4a065fede00be8b56e40c56760296cd21
549,318,c4047b78601928383e81fd84b2ad56c4a065fede00be8b56e40c56760296cd21
550,318,c4047b78601928383e81fd84b2ad56c4a065fede00be8b56e40c56760296cd21
551,318,c4047b78601928383e81fd84b2ad56c4a065fede00be8b56e40c56760296cd21
552,318,c4047b78601928383e81fd84b2ad56c4a065fede00be8b56e40c56760296cd21
553,318,c4047b78601928383e81fd84b2ad56c4a065fede00be8b56e40c56760296cd21
554,318,c4047b78601928383e81fd84b2ad56c4a065fede00be8b56e40c56760296cd21
555,318,c4047b78601928383e81fd84b2ad56c4a065fede00be8b56e40c56760296cd21
556,318,c4047b78601928383e81fd84b2ad56c4a065fede00be8b56e40c56760296cd21
557,318,c4047b78601928383e81fd84b2ad56c4a065fede00be8b56e40c56760296cd21
558,318,c4047b78601928383e81fd84b2ad56c4a065fede00be8b56e40c56760296cd21
559,318,c4047b78601928383e81fd84b2ad56c4a065fede00be8b56e40c56760296cd21
560,318,c4047b78601928383e81fd84b2ad56c4a065fede00be8b56e40c56760296cd21
561,318,c4047b78601928383e81fd84b2ad56c4a065fede00be8b56e40c56760296cd21
244,319,c4047b78601928383e81fd84b2ad56c4a065fede00be8b56e40c56760296cd21
271,319,c4047b78601928383e81fd84b2ad56c4a065fede00be8b56e40c56760296cd21
415,319,c4047b78601928383e81fd84b2ad56c4a065fede00be8b56e40c56760296cd21
491,319,c4047b78601928383e81fd84b2ad56c4a065fede00be8b56e40c56760296cd21
532,319,c4047b78601928383e81fd84b2ad56c4a065fede00be8b56e40c56760296cd21
533,319,c4047b78601928383e81fd84b2ad56c4a065fede00be8b56e40c56760296cd21
534,319,c4047b78601928383e81fd84b2ad56c4a065fede00be8b56e40c56760296cd21
535,319,c4047b78601928383e81fd84b2ad56c4a065fede00be8b56e40c56760296cd21
536,319,c4047b78601928383e81fd84b2ad56c4a065fede00be8b56e40c56760296cd21
537,319,c4047b78601928383e81fd84b2ad56c4a065fede00be8b56e40c56760296cd21
538,319,c4047b78601928383e81fd84b2ad56c4a065fede00be8b56e40c56760296cd21
539,319,c4047b78601928383e81fd84b2ad56c4a065fede00be8b56e40c56760296cd21
540,319,c4047b78601928383e81fd84b2ad56c4a065fede00be8b56e40c56760296cd21
541,319,c4047b78601928383e81fd84b2ad56c4a065fede00be8b56e40c56760296cd21
542,319,c4047b78601928383e81fd84b2ad56c4a065fede00be8b56e40c56760296cd21
543,319,c4047b78601928383e81fd84b2ad56c4a065fede00be8b56e40c56760296cd21
544,319,c4047b78601928383e81fd84b2ad56c4a065fede00be8b56e40c56760296cd21
545,319,c4047b78601928383e81fd84b2ad56c4a065fede00be8b56e40c56760296cd21
546,319,c4047b78601928383e81fd84b2ad56c4a065fede00be8b56e40c56760296cd21
547,319,c4047b78601928383e81fd84b2ad56c4a065fede00be8b56e40c56760296cd21
548,319,c4047b78601928383e81fd84b2ad56c4a065fede00be8b56e40c56760296cd21
549,319,c4047b78601928383e81fd84b2ad56c4a065fede00be8b56e40c56760296cd21
550,319,c4047b78601928383e81fd84b2ad56c4a065fede00be8b56e40c56760296cd21
551,319,c4047b78601928383e81fd84b2ad56c4a065fede00be8b56e40c56760296cd21
552,319,c4047b78601928383e81fd84b2ad56c4a065fede00be8b56e40c56760296cd21
553,319,c4047b78601928383e81fd84b2ad56c4a065fede00be8b56e40c56760296cd21
554,319,c4047b78601928383e81fd84b2ad56c4a065fede00be8b56e40c56760296cd21
555,319,c4047b78601928383e81fd84b2ad56c4a065fede00be8b56e40c56760296cd21
556,319,c4047b78601928383e81fd84b2ad56c4a065fede00be8b56e40c56760296cd21
557,319,c4047b78601928383e81fd84b2ad56c4a065fede00be8b56e40c56760296cd21
558,319,c4047b78601928383e81fd84b2ad56c4a065fede00be8b56e40c56760296cd21
559,319,c4047b78601928383e81fd84b2ad56c4a065fede00be8b56e40c56760296cd21
560,319,c4047b78601928383e81fd84b2ad56c4a065fede00be8b56e40c56760296cd21
561,319,c4047b78601928383e81fd84b2ad56c4a065fede00be8b56e40c56760296cd21
244,320,c4047b78601928383e81fd84b2ad56c4a065fede00be8b56e40c56760296cd21
271,320,c4047b78601928383e81fd84b2ad56c4a065fede00be8b56e40c56760296cd21
415,320,c4047b78601928383e81fd84b2ad56c4a065fede00be8b56e40c56760296cd21
491,320,c4047b78601928383e81fd84b2ad56c4a065fede00be8b56e40c56760296cd21
532,320,c4047b78601928383e81fd84b2ad56c4a065fede00be8b56e40c56760296cd21
533,320,c4047b78601928383e81fd84b2ad56c4a065fede00be8b56e40c56760296cd21
534,320,c4047b78601928383e81fd84b2ad56c4a065fede00be8b56e40c56760296cd21
535,320,c4047b78601928383e81fd84b2ad56c4a065fede00be8b56e40c56760296cd21
536,320,c4047b78601928383e81fd84b2ad56c4a065fede00be8b56e40c56760296cd21
537,320,c4047b78601928383e81fd84b2ad56c4a065fede00be8b56e40c56760296cd21
538,320,c4047b78601928383e81fd84b2ad56c4a065fede00be8b56e40c56760296cd21
539,320,c4047b78601928383e81fd84b2ad56c4a065fede00be8b56e40c56760296cd21
540,320,c4047b78601928383e81fd84b2ad56c4a065fede00be8b56e40c56760296cd21
541,320,c4047b78601928383e81fd84b2ad56c4a065fede00be8b56e40c56760296cd21
542,320,c4047b78601928383e81fd84b2ad56c4a065fede00be8b56e40c56760296cd21
543,320,c4047b78601928383e81fd84b2ad56c4a065fede00be8b56e40c56760296cd21
544,320,c4047b78601928383e81fd84b2ad56c4a065fede00be8b56e40c56760296cd21
545,320,c4047b78601928383e81fd84b2ad56c4a065fede00be8b56e40c56760296cd21
546,320,c4047b78601928383e81fd84b2ad56c4a065fede00be8b56e40c56760296cd21
547,320,c4047b78601928383e81fd84b2ad56c4a065fede00be8b56e40c56760296cd21
548,320,c4047b78601928383e81fd84b2ad56c4a065fede00be8b56e40c56760296cd21
549,320,c4047b78601928383e81fd84b2ad56c4a065fede00be8b56e40c56760296cd21
550,320,c4047b78601928383e81fd84b2ad56c4a065fede00be8b56e40c56760296cd21
551,320,c4047b78601928383e81fd84b2ad56c4a065fede00be8b56e40c56760296cd21
552,320,c4047b78601928383e81fd84b2ad56c4a065fede00be8b56e40c56760296cd21
553,320,c4047b78601928383e81fd84b2ad56c4a065fede00be8b56e40c56760296cd21
554,320,c4047b78601928383e81fd84b2ad56c4a065fede00be8b56e40c56760296cd21
555,320,c4047b78601928383e81fd84b2ad56c4a065fede00be8b56e40c56760296cd21
556,320,c4047b78601928383e81fd84b2ad56c4a065fede00be8b56e40c56760296cd21
557,320,c4047b78601928383e81fd84b2ad56c4a065fede00be8b56e40c56760296cd21
558,320,c4047b78601928383e81fd84b2ad56c4a065fede00be8b56e40c56760296cd21
559,320,c4047b78601928383e81fd84b2ad56c4a065fede00be8b56e40c56760296cd21
560,320,c4047b78601928383e81fd84b2ad56c4a065fede00be8b56e40c56760296cd21
561,320,c4047b78601928383e81fd84b2ad56c4a065fede00be8b56e40c56760296cd21
244,321,c4047b78601928383e81fd84b2ad56c4a065fede00be8b56e40c56760296cd21
271,321,c4047b78601928383e81fd84b2ad56c4a065fede00be8b56e40c56760296cd21
415,321,c4047b78601928383e81fd84b2ad56c4a065fede00be8b56e40c56760296cd21
491,321,c4047b78601928383e81fd84b2ad56c4a065fede00be8b56e40c56760296cd21
532,321,c4047b78601928383e81fd84b2ad56c4a065fede00be8b56e40c56760296cd21
533,321,c4047b78601928383e81fd84b2ad56c4a065fede00be8b56e40c56760296cd21
534,321,c4047b78601928383e81fd84b2ad56c4a065fede00be8b56e40c56760296cd21
535,321,c4047b78601928383e81fd84b2ad56c4a065fede00be8b56e40c56760296cd21
536,321,c4047b78601928383e81fd84b2ad56c4a065fede00be8b56e40c56760296cd21
537,321,c4047b78601928383e81fd84b2ad56c4a065fede00be8b56e40c56760296cd21
538,321,c4047b78601928383e81fd84b2ad56c4a065fede00be8b56e40c56760296cd21
539,321,c4047b78601928383e81fd84b2ad56c4a065fede00be8b56e40c56760296cd21
540,321,c4047b78601928383e81fd84b2ad56c4a065fede00be8b56e40c56760296cd21
541,321,c4047b78601928383e81fd84b2ad56c4a065fede00be8b56e40c56760296cd21
542,321,c4047b78601928383e81fd84b2ad56c4a065fede00be8b56e40c56760296cd21
543,321,c4047b78601928383e81fd84b2ad56c4a065fede00be8b56e40c56760296cd21
544,321,c4047b78601928383e81fd84b2ad56c4a065fede00be8b56e40c56760296cd21
545,321,c4047b78601928383e81fd84b2ad56c4a065fede00be8b56e40c56760296cd21
546,321,c4047b78601928383e81fd84b2ad56c4a065fede00be8b56e40c56760296cd21
547,321,c4047b78601928383e81fd84b2ad56c4a065fede00be8b56e40c56760296cd21
548,321,c4047b78601928383e81fd84b2ad56c4a065fede00be8b56e40c56760296cd21
549,321,c4047b78601928383e81fd84b2ad56c4a065fede00be8b56e40c56760296cd21
550,321,c4047b78601928383e81fd84b2ad56c4a065fede00be8b56e40c56760296cd21
551,321,c4047b78601928383e81fd84b2ad56c4a065fede00be8b56e40c56760296cd21
552,321,c4047b78601928383e81fd84b2ad56c4a065fede00be8b56e40c56760296cd21
553,321,c4047b78601928383e81fd84b2ad56c4a065fede00be8b56e40c56760296cd21
554,321,c4047b78601928383e81fd84b2ad56c4a065fede00be8b56e40c56760296cd21
555,321,c4047b78601928383e81fd84b2ad56c4a065fede00be8b56e40c56760296cd21
556,321,c4047b78601928383e81fd84b2ad56c4a065fede00be8b56e40c56760296cd21
557,321,c4047b78601928383e81fd84b2ad56c4a065fede00be8b56e40c56760296cd21
558,321,c4047b78601928383e81fd84b2ad56c4a065fede00be8b56e40c56760296cd21
559,321,c4047b78601928383e81fd84b2ad56c4a065fede00be8b56e40c56760296cd21
560,321,c4047b78601928383e81fd84b2ad56c4a065fede00be8b56e40c56760296cd21
561,321,c4047b78601928383e81fd84b2ad56c4a065fede00be8b56e40c56760296cd21
244,322,c4047b78601928383e81fd84b2ad56c4a065fede00be8b56e40c56760296cd21
271,322,c4047b78601928383e81fd84b2ad56c4a065fede00be8b56e40c56760296cd21
415,322,c4047b78601928383e81fd84b2ad56c4a065fede00be8b56e40c56760296cd21
491,322,c4047b78601928383e81fd84b2ad56c4a065fede00be8b56e40c56760296cd21
532,322,c4047b78601928383e81fd84b2ad56c4a065fede00be8b56e40c56760296cd21
533,322,c4047b78601928383e81fd84b2ad56c4a065fede00be8b56e40c56760296cd21
534,322,c4047b78601928383e81fd84b2ad56c4a065fede00be8b56e40c56760296cd21
535,322,c4047b78601928383e81fd84b2ad56c4a065fede00be8b56e40c56760296cd21
536,322,c4047b78601928383e81fd84b2ad56c4a065fede00be8b56e40c56760296cd21
537,322,c4047b78601928383e81fd84b2ad56c4a065fede00be8b56e40c56760296cd21
538,322,c4047b78601928383e81fd84b2ad56c4a065fede00be8b56e40c56760296cd21
539,322,c4047b78601928383e81fd84b2ad56c4a065fede00be8b56e40c56760296cd21
540,322,c4047b78601928383e81fd84b2ad56c4a065fede00be8b56e40c56760296cd21
541,322,c4047b78601928383e81fd84b2ad56c4a065fede00be8b56e40c56760296cd21
542,322,c4047b78601928383e81fd84b2ad56c4a065fede00be8b56e40c56760296cd21
543,322,c4047b78601928383e81fd84b2ad56c4a065fede00be8b56e40c56760296cd21
544,322,c4047b78601928383e81fd84b2ad56c4a065fede00be8b56e40c56760296cd21
545,322,c4047b78601928383e81fd84b2ad56c4a065fede00be8b56e40c56760296cd21
546,322,c4047b78601928383e81fd84b2ad56c4a065fede00be8b56e40c56760296cd21
547,322,c4047b78601928383e81fd84b2ad56c4a065fede00be8b56e40c56760296cd21
548,322,c4047b78601928383e81fd84b2ad56c4a065fede00be8b56e40c56760296cd21
549,322,c4047b78601928383e81fd84b2ad56c4a065fede00be8b56e40c56760296cd21
550,322,c4047b78601928383e81fd84b2ad56c4a065fede00be8b56e40c56760296cd21
551,322,c4047b78601928383e81fd84b2ad56c4a065fede00be8b56e40c56760296cd21
552,322,c4047b78601928383e81fd84b2ad56c4a065fede00be8b56e40c56760296cd21
553,322,c4047b78601928383e81fd84b2ad56c4a065fede00be8b56e40c56760296cd21
554,322,c4047b78601928383e81fd84b2ad56c4a065fede00be8b56e40c56760296cd21
555,322,c4047b78601928383e81fd84b2ad56c4a065fede00be8b56e40c56760296cd21
556,322,c4047b78601928383e81fd84b2ad56c4a065fede00be8b56e40c56760296cd21
557,322,c4047b78601928383e81fd84b2ad56c4a065fede00be8b56e40c56760296cd21
558,322,c4047b78601928383e81fd84b2ad56c4a065fede00be8b56e40c56760296cd21
559,322,c4047b78601928383e81fd84b2ad56c4a065fede00be8b56e40c56760296cd21
560,322,c4047b78601928383e81fd84b2ad56c4a065fede00be8b56e40c56760296cd21
561,322,c4047b78601928383e81fd84b2ad56c4a065fede00be8b56e40c56760296cd21
244,323,c4047b78601928383e81fd84b2ad56c4a065fede00be8b56e40c56760296cd21
271,323,c4047b78601928383e81fd84b2ad56c4a065fede00be8b56e40c56760296cd21
415,323,c4047b78601928383e81fd84b2ad56c4a065fede00be8b56e40c56760296cd21
491,323,c4047b78601928383e81fd84b2ad56c4a065fede00be8b56e40c56760296cd21
244,324,c4047b78601928383e81fd84b2ad56c4a065fede00be8b56e40c56760296cd21
271,324,c4047b78601928383e81fd84b2ad56c4a065fede00be8b56e40c56760296cd21
415,324,c4047b78601928383e81fd84b2ad56c4a065fede00be8b56e40c56760296cd21
491,324,c4047b78601928383e81fd84b2ad56c4a065fede00be8b56e40c56760296cd21
244,325,c4047b78601928383e81fd84b2ad56c4a065fede00be8b56e40c56760296cd21
271,325,c4047b78601928383e81fd84b2ad56c4a065fede00be8b56e40c56760296cd21
415,325,c4047b78601928383e81fd84b2ad56c4a065fede00be8b56e40c56760296cd21
491,325,c4047b78601928383e81fd84b2ad56c4a065fede00be8b56e40c56760296cd21
244,326,c4047b78601928383e81fd84b2ad56c4a065fede00be8b56e40c56760296cd21
271,326,c4047b78601928383e81fd84b2ad56c4a065fede00be8b56e40c56760296cd21
415,326,c4047b78601928383e81fd84b2ad56c4a065fede00be8b56e40c56760296cd21
491,326,c4047b78601928383e81fd84b2ad56c4a065fede00be8b56e40c56760296cd21
244,327,c4047b78601928383e81fd84b2ad56c4a065fede00be8b56e40c56760296cd21
271,327,c4047b78601928383e81fd84b2ad56c4a065fede00be8b56e40c56760296cd21
415,327,c4047b78601928383e81fd84b2ad56c4a065fede00be8b56e40c56760296cd21
491,327,c4047b78601928383e81fd84b2ad56c4a065fede00be8b56e40c56760296cd21
581,327,c4047b78601928383e81fd84b2ad56c4a065fede00be8b56e40c56760296cd21
582,327,c4047b78601928383e81fd84b2ad56c4a065fede00be8b56e40c56760296cd21
583,327,c4047b78601928383e81fd84b2ad56c4a065fede00be8b56e40c56760296cd21
584,327,c4047b78601928383e81fd84b2ad56c4a065fede00be8b56e40c56760296cd21
585,327,c4047b78601928383e81fd84b2ad56c4a065fede00be8b56e40c56760296cd21
586,327,c4047b78601928383e81fd84b2ad56c4a065fede00be8b56e40c56760296cd21
587,327,c4047b78601928383e81fd84b2ad56c4a065fede00be8b56e40c56760296cd21
588,327,c4047b78601928383e81fd84b2ad56c4a065fede00be8b56e40c56760296cd21
589,327,c4047b78601928383e81fd84b2ad56c4a065fede00be8b56e40c56760296cd21
590,327,c4047b78601928383e81fd84b2ad56c4a065fede00be8b56e40c56760296cd21
591,327,c4047b78601928383e81fd84b2ad56c4a065fede00be8b56e40c56760296cd21
592,327,c4047b78601928383e81fd84b2ad56c4a065fede00be8b56e40c56760296cd21
593,327,c4047b78601928383e81fd84b2ad56c4a065fede00be8b56e40c56760296cd21
594,327,c4047b78601928383e81fd84b2ad56c4a065fede00be8b56e40c56760296cd21
595,327,c4047b78601928383e81fd84b2ad56c4a065fede00be8b56e40c56760296cd21
596,327,c4047b78601928383e81fd84b2ad56c4a065fede00be8b56e40c56760296cd21
597,327,c4047b78601928383e81fd84b2ad56c4a065fede00be8b56e40c56760296cd21
598,327,c4047b78601928383e81fd84b2ad56c4a065fede00be8b56e40c56760296cd21
599,327,c4047b78601928383e81fd84b2ad56c4a065fede00be8b56e40c56760296cd21
600,327,c4047b78601928383e81fd84b2ad56c4a065fede00be8b56e40c56760296cd21
244,328,c4047b78601928383e81fd84b2ad56c4a065fede00be8b56e40c56760296cd21
271,328,c4047b78601928383e81fd84b2ad56c4a065fede00be8b56e40c56760296cd21
415,328,c4047b78601928383e81fd84b2ad56c4a065fede00be8b56e40c56760296cd21
491,328,c4047b78601928383e81fd84b2ad56c4a065fede00be8b56e40c56760296cd21
581,328,c4047b78601928383e81fd84b2ad56c4a065fede00be8b56e40c56760296cd21
582,328,c4047b78601928383e81fd84b2ad56c4a065fede00be8b56e40c56760296cd21
583,328,c4047b78601928383e81fd84b2ad56c4a065fede00be8b56e40c56760296cd21
584,328,c4047b78601928383e81fd84b2ad56c4a065fede00be8b56e40c56760296cd21
585,328,c4047b78601928383e81fd84b2ad56c4a065fede00be8b56e40c56760296cd21
586,328,c4047b78601928383e81fd84b2ad56c4a065fede00be8b56e40c56760296cd21
587,328,c4047b78601928383e81fd84b2ad56c4a065fede00be8b56e40c56760296cd21
588,328,c4047b78601928383e81fd84b2ad56c4a065fede00be8b56e40c56760296cd21
589,328,c4047b78601928383e81fd84b2ad56c4a065fede00be8b56e40c56760296cd21
590,328,c4047b78601928383e81fd84b2ad56c4a065fede00be8b56e40c56760296cd21
591,328,c4047b78601928383e81fd84b2ad56c4a065fede00be8b56e40c56760296cd21
592,328,c4047b78601928383e81fd84b2ad56c4a065fede00be8b56e40c56760296cd21
593,328,c4047b78601928383e81fd84b2ad56c4a065fede00be8b56e40c56760296cd21
594,328,c4047b78601928383e81fd84b2ad56c4a065fede00be8b56e40c56760296cd21
595,328,c4047b78601928383e81fd84b2ad56c4a065fede00be8b56e40c56760296cd21
596,328,c4047b78601928383e81fd84b2ad56c4a065fede00be8b56e40c56760296cd21
597,328,c4047b78601928383e81fd84b2ad56c4a065fede00be8b56e40c56760296cd21
598,328,c4047b78601928383e81fd84b2ad56c4a065fede00be8b56e40c56760296cd21
599,328,c4047b78601928383e81fd84b2ad56c4a065fede00be8b56e40c56760296cd21
600,328,c4047b78601928383e81fd84b2ad56c4a065fede00be8b56e40c56760296cd21
244,329,c4047b78601928383e81fd84b2ad56c4a065fede00be8b56e40c56760296cd21
271,329,c4047b78601928383e81fd84b2ad56c4a065fede00be8b56e40c56760296cd21
415,329,c4047b78601928383e81fd84b2ad56c4a065fede00be8b56e40c56760296cd21
491,329,c4047b78601928383e81fd84b2ad56c4a065fede00be8b56e40c56760296cd21
581,329,c4047b78601928383e81fd84b2ad56c4a065fede00be8b56e40c56760296cd21
582,329,c4047b78601928383e81fd84b2ad56c4a065fede00be8b56e40c56760296cd21
583,329,c4047b78601928383e81fd84b2ad56c4a065fede00be8b56e40c56760296cd21
584,329,c4047b78601928383e81fd84b2ad56c4a065fede00be8b56e40c56760296cd21
585,329,c4047b78601928383e81fd84b2ad56c4a065fede00be8b56e40c56760296cd21
586,329,c4047b78601928383e81fd84b2ad56c4a065fede00be8b56e40c56760296cd21
587,329,c4047b78601928383e81fd84b2ad56c4a065fede00be8b56e40c56760296cd21
588,329,c4047b78601928383e81fd84b2ad56c4a065fede00be8b56e40c56760296cd21
589,329,c4047b78601928383e81fd84b2ad56c4a065fede00be8b56e40c56760296cd21
590,329,c4047b78601928383e81fd84b2ad56c4a065fede00be8b56e40c56760296cd21
591,329,c4047b78601928383e81fd84b2ad56c4a065fede00be8b56e40c56760296cd21
592,329,c4047b78601928383e81fd84b2ad56c4a065fede00be8b56e40c56760296cd21
593,329,c4047b78601928383e81fd84b2ad56c4a065fede00be8b56e40c56760296cd21
594,329,c4047b78601928383e81fd84b2ad56c4a065fede00be8b56e40c56760296cd21
595,329,c4047b78601928383e81fd84b2ad56c4a065fede00be8b56e40c56760296cd21
596,329,c4047b78601928383e81fd84b2ad56c4a065fede00be8b56e40c56760296cd21
597,329,c4047b78601928383e81fd84b2ad56c4a065fede00be8b56e40c56760296cd21
598,329,c4047b78601928383e81fd84b2ad56c4a065fede00be8b56e40c56760296cd21
599,329,c4047b78601928383e81fd84b2ad56c4a065fede00be8b56e40c56760296cd21
600,329,c4047b78601928383e81fd84b2ad56c4a065fede00be8b56e40c56760296cd21
244,330,c4047b78601928383e81fd84b2ad56c4a065fede00be8b56e40c56760296cd21
271,330,c4047b78601928383e81fd84b2ad56c4a065fede00be8b56e40c56760296cd21
415,330,c4047b78601928383e81fd84b2ad56c4a065fede00be8b56e40c56760296cd21
491,330,c4047b78601928383e81fd84b2ad56c4a065fede00be8b56e40c56760296cd21
581,330,c4047b78601928383e81fd84b2ad56c4a065fede00be8b56e40c56760296cd21
582,330,c4047b78601928383e81fd84b2ad56c4a065fede00be8b56e40c56760296cd21
583,330,c4047b78601928383e81fd84b2ad56c4a065fede00be8b56e40c56760296cd21
584,330,c4047b78601928383e81fd84b2ad56c4a065fede00be8b56e40c56760296cd21
585,330,c4047b78601928383e81fd84b2ad56c4a065fede00be8b56e40c56760296cd21
586,330,c4047b78601928383e81fd84b2ad56c4a065fede00be8b56e40c56760296cd21
587,330,c4047b78601928383e81fd84b2ad56c4a065fede00be8b56e40c56760296cd21
588,330,c4047b78601928383e81fd84b2ad56c4a065fede00be8b56e40c56760296cd21
589,330,c4047b78601928383e81fd84b2ad56c4a065fede00be8b56e40c56760296cd21
590,330,c4047b78601928383e81fd84b2ad56c4a065fede00be8b56e40c56760296cd21
591,330,c4047b78601928383e81fd84b2ad56c4a065fede00be8b56e40c56760296cd21
592,330,c4047b78601928383e81fd84b2ad56c4a065fede00be8b56e40c56760296cd21
593,330,c4047b78601928383e81fd84b2ad56c4a065fede00be8b56e40c56760296cd21
594,330,c4047b78601928383e81fd84b2ad56c4a065fede00be8b56e40c56760296cd21
595,330,c4047b78601928383e81fd84b2ad56c4a065fede00be8b56e40c56760296cd21
596,330,c4047b78601928383e81fd84b2ad56c4a065fede00be8b56e40c56760296cd21
597,330,c4047b78601928383e81fd84b2ad56c4a065fede00be8b56e40c56760296cd21
598,330,c4047b78601928383e81fd84b2ad56c4a065fede00be8b56e40c56760296cd21
599,330,c4047b78601928383e81fd84b2ad56c4a065fede00be8b56e40c56760296cd21
600,330,c4047b78601928383e81fd84b2ad56c4a065fede00be8b56e40c56760296cd21
244,331,c4047b78601928383e81fd84b2ad56c4a065fede00be8b56e40c56760296cd21
271,331,c4047b78601928383e81fd84b2ad56c4a065fede00be8b56e40c56760296cd21
415,331,c4047b78601928383e81fd84b2ad56c4a065fede00be8b56e40c56760296cd21
491,331,c4047b78601928383e81fd84b2ad56c4a065fede00be8b56e40c56760296cd21
581,331,c4047b78601928383e81fd84b2ad56c4a065fede00be8b56e40c56760296cd21
582,331,c4047b78601928383e81fd84b2ad56c4a065fede00be8b56e40c56760296cd21
583,331,c4047b78601928383e81fd84b2ad56c4a065fede00be8b56e40c56760296cd21
584,331,c4047b78601928383e81fd84b2ad56c4a065fede00be8b56e40c56760296cd21
585,331,c4047b78601928383e81fd84b2ad56c4a065fede00be8b56e40c56760296cd21
586,331,c4047b78601928383e81fd84b2ad56c4a065fede00be8b56e40c56760296cd21
587,331,c4047b78601928383e81fd84b2ad56c4a065fede00be8b56e40c56760296cd21
588,331,c4047b78601928383e81fd84b2ad56c4a065fede00be8b56e40c56760296cd21
589,331,c4047b78601928383e81fd84b2ad56c4a065fede00be8b56e40c56760296cd21
590,331,c4047b78601928383e81fd84b2ad56c4a065fede00be8b56e40c56760296cd21
591,331,c4047b78601928383e81fd84b2ad56c4a065fede00be8b56e40c56760296cd21
592,331,c4047b78601928383e81fd84b2ad56c4a065fede00be8b56e40c56760296cd21
593,331,c4047b78601928383e81fd84b2ad56c4a065fede00be8b56e40c56760296cd21
594,331,c4047b78601928383e81fd84b2ad56c4a065fede00be8b56e40c56760296cd21
595,331,c4047b78601928383e81fd84b2ad56c4a065fede00be8b56e40c56760296cd21
596,331,c4047b78601928383e81fd84b2ad56c4a065fede00be8b56e40c56760296cd21
597,331,c4047b78601928383e81fd84b2ad56c4a065fede00be8b56e40c56760296cd21
598,331,c4047b78601928383e81fd84b2ad56c4a065fede00be8b56e40c56760296cd21
599,331,c4047b78601928383e81fd84b2ad56c4a065fede00be8b56e40c56760296cd21
600,331,c4047b78601928383e81fd84b2ad56c4a065fede00be8b56e40c56760296cd21
244,332,c4047b78601928383e81fd84b2ad56c4a065fede00be8b56e40c56760296cd21
271,332,c4047b78601928383e81fd84b2ad56c4a065fede00be8b56e40c56760296cd21
415,332,c4047b78601928383e81fd84b2ad56c4a065fede00be8b56e40c56760296cd21
416,332,c4047b78601928383e81fd84b2ad56c4a065fede00be8b56e40c56760296cd21
417,332,c4047b78601928383e81fd84b2ad56c4a065fede00be8b56e40c56760296cd21
418,332,c4047b78601928383e81fd84b2ad56c4a065fede00be8b56e40c56760296cd21
419,332,c4047b78601928383e81fd84b2ad56c4a065fede00be8b56e40c56760296cd21
420,332,c4047b78601928383e81fd84b2ad56c4a065fede00be8b56e40c56760296cd21
421,332,c4047b78601928383e81fd84b2ad56c4a065fede00be8b56e40c56760296cd21
422,332,c4047b78601928383e81fd84b2ad56c4a065fede00be8b56e40c56760296cd21
423,332,c4047b78601928383e81fd84b2ad56c4a065fede00be8b56e40c56760296cd21
424,332,c4047b78601928383e81fd84b2ad56c4a065fede00be8b56e40c56760296cd21
425,332,c4047b78601928383e81fd84b2ad56c4a065fede00be8b56e40c56760296cd21
426,332,c4047b78601928383e81fd84b2ad56c4a065fede00be8b56e40c56760296cd21
427,332,c4047b78601928383e81fd84b2ad56c4a065fede00be8b56e40c56760296cd21
428,332,c4047b78601928383e81fd84b2ad56c4a065fede00be8b56e40c56760296cd21
429,332,c4047b78601928383e81fd84b2ad56c4a065fede00be8b56e40c56760296cd21
430,332,c4047b78601928383e81fd84b2ad56c4a065fede00be8b56e40c56760296cd21
431,332,c4047b78601928383e81fd84b2ad56c4a065fede00be8b56e40c56760296cd21
432,332,c4047b78601928383e81fd84b2ad56c4a065fede00be8b56e40c56760296cd21
433,332,c4047b78601928383e81fd84b2ad56c4a065fede00be8b56e40c56760296cd21
434,332,c4047b78601928383e81fd84b2ad56c4a065fede00be8b56e40c56760296cd21
435,332,c4047b78601928383e81fd84b2ad56c4a065fede00be8b56e40c56760296cd21
436,332,c4047b78601928383e81fd84b2ad56c4a065fede00be8b56e40c56760296cd21
437,332,c4047b78601928383e81fd84b2ad56c4a065fede00be8b56e40c56760296cd21
438,332,c4047b78601928383e81fd84b2ad56c4a065fede00be8b56e40c56760296cd21
439,332,c4047b78601928383e81fd84b2ad56c4a065fede00be8b56e40c56760296cd21
440,332,c4047b78601928383e81fd84b2ad56c4a065fede00be8b56e40c56760296cd21
441,332,c4047b78601928383e81fd84b2ad56c4a065fede00be8b56e40c56760296cd21
442,332,c4047b78601928383e81fd84b2ad56c4a065fede00be8b56e40c56760296cd21
443,332,c4047b78601928383e81fd84b2ad56c4a065fede00be8b56e40c56760296cd21
444,332,c4047b78601928383e81fd84b2ad56c4a065fede00be8b56e40c56760296cd21
445,332,c4047b78601928383e81fd84b2ad56c4a065fede00be8b56e40c56760296cd21
446,332,c4047b78601928383e81fd84b2ad56c4a065fede00be8b56e40c56760296cd21
447,332,c4047b78601928383e81fd84b2ad56c4a065fede00be8b56e40c56760296cd21
448,332,c4047b78601928383e81fd84b2ad56c4a065fede00be8b56e40c56760296cd21
449,332,c4047b78601928383e81fd84b2ad56c4a065fede00be8b56e40c56760296cd21
450,332,c4047b78601928383e81fd84b2ad56c4a065fede00be8b56e40c56760296cd21
451,332,c4047b78601928383e81fd84b2ad56c4a065fede00be8b56e40c56760296cd21
452,332,c4047b78601928383e81fd84b2ad56c4a065fede00be8b56e40c56760296cd21
453,332,c4047b78601928383e81fd84b2ad56c4a065fede00be8b56e40c56760296cd21
454,332,c4047b78601928383e81fd84b2ad56c4a065fede00be8b56e40c56760296cd21
455,332,c4047b78601928383e81fd84b2ad56c4a065fede00be8b56e40c56760296cd21
456,332,c4047b78601928383e81fd84b2ad56c4a065fede00be8b56e40c56760296cd21
457,332,c4047b78601928383e81fd84b2ad56c4a065fede00be8b56e40c56760296cd21
458,332,c4047b78601928383e81fd84b2ad56c4a065fede00be8b56e40c56760296cd21
459,332,c4047b78601928383e81fd84b2ad56c4a065fede00be8b56e40c56760296cd21
460,332,c4047b78601928383e81fd84b2ad56c4a065fede00be8b56e40c56760296cd21
461,332,c4047b78601928383e81fd84b2ad56c4a065fede00be8b56e40c56760296cd21
462,332,c4047b78601928383e81fd84b2ad56c4a065fede00be8b56e40c56760296cd21
463,332,c4047b78601928383e81fd84b2ad56c4a065fede00be8b56e40c56760296cd21
464,332,c4047b78601928383e81fd84b2ad56c4a065fede00be8b56e40c56760296cd21
465,332,c4047b78601928383e81fd84b2ad56c4a065fede00be8b56e40c56760296cd21
466,332,c4047b78601928383e81fd84b2ad56c4a065fede00be8b56e40c56760296cd21
467,332,c4047b78601928383e81fd84b2ad56c4a065fede00be8b56e40c56760296cd21
468,332,c4047b78601928383e81fd84b2ad56c4a065fede00be8b56e40c56760296cd21
469,332,c4047b78601928383e81fd84b2ad56c4a065fede00be8b56e40c56760296cd21
470,332,c4047b78601928383e81fd84b2ad56c4a065fede00be8b56e40c56760296cd21
471,332,c4047b78601928383e81fd84b2ad56c4a065fede00be8b56e40c56760296cd21
472,332,c4047b78601928383e81fd84b2ad56c4a065fede00be8b56e40c56760296cd21
473,332,c4047b78601928383e81fd84b2ad56c4a065fede00be8b56e40c56760296cd21
474,332,c4047b78601928383e81fd84b2ad56c4a065fede00be8b56e40c56760296cd21
475,332,c4047b78601928383e81fd84b2ad56c4a065fede00be8b56e40c56760296cd21
476,332,c4047b78601928383e81fd84b2ad56c4a065fede00be8b56e40c56760296cd21
477,332,c4047b78601928383e81fd84b2ad56c4a065fede00be8b56e40c56760296cd21
478,332,c4047b78601928383e81fd84b2ad56c4a065fede00be8b56e40c56760296cd21
479,332,c4047b78601928383e81fd84b2ad56c4a065fede00be8b56e40c56760296cd21
480,332,c4047b78601928383e81fd84b2ad56c4a065fede00be8b56e40c56760296cd21
481,332,c4047b78601928383e81fd84b2ad56c4a065fede00be8b56e40c56760296cd21
482,332,c4047b78601928383e81fd84b2ad56c4a065fede00be8b56e40c56760296cd21
483,332,c4047b78601928383e81fd84b2ad56c4a065fede00be8b56e40c56760296cd21
484,332,c4047b78601928383e81fd84b2ad56c4a065fede00be8b56e40c56760296cd21
485,332,c4047b78601928383e81fd84b2ad56c4a065fede00be8b56e40c56760296cd21
486,332,c4047b78601928383e81fd84b2ad56c4a065fede00be8b56e40c56760296cd21
487,332,c4047b78601928383e81fd84b2ad56c4a065fede00be8b56e40c56760296cd21
488,332,c4047b78601928383e81fd84b2ad56c4a065fede00be8b56e40c56760296cd21
489,332,c4047b78601928383e81fd84b2ad56c4a065fede00be8b56e40c56760296cd21
490,332,c4047b78601928383e81fd84b2ad56c4a065fede00be8b56e40c56760296cd21
491,332,c4047b78601928383e81fd84b2ad56c4a065fede00be8b56e40c56760296cd21
492,332,c4047b78601928383e81fd84b2ad56c4a065fede00be8b56e40c56760296cd21
493,332,c4047b78601928383e81fd84b2ad56c4a065fede00be8b56e40c56760296cd21
494,332,c4047b78601928383e81fd84b2ad56c4a065fede00be8b56e40c56760296cd21
495,332,c4047b78601928383e81fd84b2ad56c4a065fede00be8b56e40c56760296cd21
496,332,c4047b78601928383e81fd84b2ad56c4a065fede00be8b56e40c56760296cd21
497,332,c4047b78601928383e81fd84b2ad56c4a065fede00be8b56e40c56760296cd21
498,332,c4047b78601928383e81fd84b2ad56c4a065fede00be8b56e40c56760296cd21
499,332,c4047b78601928383e81fd84b2ad56c4a065fede00be8b56e40c56760296cd21
500,332,c4047b78601928383e81fd84b2ad56c4a065fede00be8b56e40c56760296cd21
501,332,c4047b78601928383e81fd84b2ad56c4a065fede00be8b56e40c56760296cd21
502,332,c4047b78601928383e81fd84b2ad56c4a065fede00be8b56e40c56760296cd21
503,332,c4047b78601928383e81fd84b2ad56c4a065fede00be8b56e40c56760296cd21
504,332,c4047b78601928383e81fd84b2ad56c4a065fede00be8b56e40c56760296cd21
505,332,c4047b78601928383e81fd84b2ad56c4a065fede00be8b56e40c56760296cd21
506,332,c4047b78601928383e81fd84b2ad56c4a065fede00be8b56e40c56760296cd21
507,332,c4047b78601928383e81fd84b2ad56c4a065fede00be8b56e40c56760296cd21
508,332,c4047b78601928383e81fd84b2ad56c4a065fede00be8b56e40c56760296cd21
509,332,c4047b78601928383e81fd84b2ad56c4a065fede00be8b56e40c56760296cd21
510,332,c4047b78601928383e81fd84b2ad56c4a065fede00be8b56e40c56760296cd21
511,332,c4047b78601928383e81fd84b2ad56c4a065fede00be8b56e40c56760296cd21
512,332,c4047b78601928383e81fd84b2ad56c4a065fede00be8b56e40c56760296cd21
513,332,c4047b78601928383e81fd84b2ad56c4a065fede00be8b56e40c56760296cd21
514,332,c4047b78601928383e81fd84b2ad56c4a065fede00be8b56e40c56760296cd21
515,332,c4047b78601928383e81fd84b2ad56c4a065fede00be8b56e40c56760296cd21
516,332,c4047b78601928383e81fd84b2ad56c4a065fede00be8b56e40c56760296cd21
517,332,c4047b78601928383e81fd84b2ad56c4a065fede00be8b56e40c56760296cd21
518,332,c4047b78601928383e81fd84b2ad56c4a065fede00be8b56e40c56760296cd21
519,332,c4047b78601928383e81fd84b2ad56c4a065fede00be8b56e40c56760296cd21
520,332,c4047b78601928383e81fd84b2ad56c4a065fede00be8b56e40c56760296cd21
521,332,c4047b78601928383e81fd84b2ad56c4a065fede00be8b56e40c56760296cd21
522,332,c4047b78601928383e81fd84b2ad56c4a065fede00be8b56e40c56760296cd21
523,332,c4047b78601928383e81fd84b2ad56c4a065fede00be8b56e40c56760296cd21
524,332,c4047b78601928383e81fd84b2ad56c4a065fede00be8b56e40c56760296cd21
525,332,c4047b78601928383e81fd84b2ad56c4a065fede00be8b56e40c56760296cd21
526,332,c4047b78601928383e81fd84b2ad56c4a065fede00be8b56e40c56760296cd21
527,332,c4047b78601928383e81fd84b2ad56c4a065fede00be8b56e40c56760296cd21
528,332,c4047b78601928383e81fd84b2ad56c4a065fede00be8b56e40c56760296cd21
529,332,c4047b78601928383e81fd84b2ad56c4a065fede00be8b56e40c56760296cd21
530,332,c4047b78601928383e81fd84b2ad56c4a065fede00be8b56e40c56760296cd21
531,332,c4047b78601928383e81fd84b2ad56c4a065fede00be8b56e40c56760296cd21
532,332,c4047b78601928383e81fd84b2ad56c4a065fede00be8b56e40c56760296cd21
533,332,c4047b78601928383e81fd84b2ad56c4a065fede00be8b56e40c56760296cd21
534,332,c4047b78601928383e81fd84b2ad56c4a065fede00be8b56e40c56760296cd21
535,332,c4047b78601928383e81fd84b2ad56c4a065fede00be8b56e40c56760296cd21
536,332,c4047b78601928383e81fd84b2ad56c4a065fede00be8b56e40c56760296cd21
537,332,c4047b78601928383e81fd84b2ad56c4a065fede00be8b56e40c56760296cd21
538,332,c4047b78601928383e81fd84b2ad56c4a065fede00be8b56e40c56760296cd21
539,332,c4047b78601928383e81fd84b2ad56c4a065fede00be8b56e40c56760296cd21
540,332,c4047b78601928383e81fd84b2ad56c4a065fede00be8b56e40c56760296cd21
541,332,c4047b78601928383e81fd84b2ad56c4a065fede00be8b56e40c56760296cd21
542,332,c4047b78601928383e81fd84b2ad56c4a065fede00be8b56e40c56760296cd21
543,332,c4047b78601928383e81fd84b2ad56c4a065fede00be8b56e40c56760296cd21
544,332,c4047b78601928383e81fd84b2ad56c4a065fede00be8b56e40c56760296cd21
545,332,c4047b78601928383e81fd84b2ad56c4a065fede00be8b56e40c56760296cd21
546,332,c4047b78601928383e81fd84b2ad56c4a065fede00be8b56e40c56760296cd21
547,332,c4047b78601928383e81fd84b2ad56c4a065fede00be8b56e40c56760296cd21
548,332,c4047b78601928383e81fd84b2ad56c4a065fede00be8b56e40c56760296cd21
549,332,c4047b78601928383e81fd84b2ad56c4a065fede00be8b56e40c56760296cd21
550,332,c4047b78601928383e81fd84b2ad56c4a065fede00be8b56e40c56760296cd21
551,332,c4047b78601928383e81fd84b2ad56c4a065fede00be8b56e40c56760296cd21
552,332,c4047b78601928383e81fd84b2ad56c4a065fede00be8b56e40c56760296cd21
553,332,c4047b78601928383e81fd84b2ad56c4a065fede00be8b56e40c56760296cd21
554,332,c4047b78601928383e81fd84b2ad56c4a065fede00be8b56e40c56760296cd21
555,332,c4047b78601928383e81fd84b2ad56c4a065fede00be8b56e40c56760296cd21
556,332,c4047b78601928383e81fd84b2ad56c4a065fede00be8b56e40c56760296cd21
557,332,c4047b78601928383e81fd84b2ad56c4a065fede00be8b56e40c56760296cd21
558,332,c4047b78601928383e81fd84b2ad56c4a065fede00be8b56e40c56760296cd21
559,332,c4047b78601928383e81fd84b2ad56c4a065fede00be8b56e40c56760296cd21
560,332,c4047b78601928383e81fd84b2ad56c4a065fede00be8b56e40c56760296cd21
561,332,c4047b78601928383e81fd84b2ad56c4a065fede00be8b56e40c56760296cd21
562,332,c4047b78601928383e81fd84b2ad56c4a065fede00be8b56e40c56760296cd21
563,332,c4047b78601928383e81fd84b2ad56c4a065fede00be8b56e40c56760296cd21
564,332,c4047b78601928383e81fd84b2ad56c4a065fede00be8b56e40c56760296cd21
565,332,c4047b78601928383e81fd84b2ad56c4a065fede00be8b56e40c56760296cd21
566,332,c4047b78601928383e81fd84b2ad56c4a065fede00be8b56e40c56760296cd21
567,332,c4047b78601928383e81fd84b2ad56c4a065fede00be8b56e40c56760296cd21
568,332,c4047b78601928383e81fd84b2ad56c4a065fede00be8b56e40c56760296cd21
569,332,c4047b78601928383e81fd84b2ad56c4a065fede00be8b56e40c56760296cd21
570,332,c4047b78601928383e81fd84b2ad56c4a065fede00be8b56e40c56760296cd21
571,332,c4047b78601928383e81fd84b2ad56c4a065fede00be8b56e40c56760296cd21
572,332,c4047b78601928383e81fd84b2ad56c4a065fede00be8b56e40c56760296cd21
573,332,c4047b78601928383e81fd84b2ad56c4a065fede00be8b56e40c56760296cd21
574,332,c4047b78601928383e81fd84b2ad56c4a065fede00be8b56e40c56760296cd21
575,332,c4047b78601928383e81fd84b2ad56c4a065fede00be8b56e40c56760296cd21
576,332,c4047b78601928383e81fd84b2ad56c4a065fede00be8b56e40c56760296cd21
577,332,c4047b78601928383e81fd84b2ad56c4a065fede00be8b56e40c56760296cd21
578,332,c4047b78601928383e81fd84b2ad56c4a065fede00be8b56e40c56760296cd21
579,332,c4047b78601928383e81fd84b2ad56c4a065fede00be8b56e40c56760296cd21
580,332,c4047b78601928383e81fd84b2ad56c4a065fede00be8b56e40c56760296cd21
581,332,c4047b78601928383e81fd84b2ad56c4a065fede00be8b56e40c56760296cd21
582,332,c4047b78601928383e81fd84b2ad56c4a065fede00be8b56e40c56760296cd21
583,332,c4047b78601928383e81fd84b2ad56c4a065fede00be8b56e40c56760296cd21
584,332,c4047b78601928383e81fd84b2ad56c4a065fede00be8b56e40c56760296cd21
585,332,c4047b78601928383e81fd84b2ad56c4a065fede00be8b56e40c56760296cd21
586,332,c4047b78601928383e81fd84b2ad56c4a065fede00be8b56e40c56760296cd21
587,332,c4047b78601928383e81fd84b2ad56c4a065fede00be8b56e40c56760296cd21
588,332,c4047b78601928383e81fd84b2ad56c4a065fede00be8b56e40c56760296cd21
589,332,c4047b78601928383e81fd84b2ad56c4a065fede00be8b56e40c56760296cd21
590,332,c4047b78601928383e81fd84b2ad56c4a065fede00be8b56e40c56760296cd21
591,332,c4047b78601928383e81fd84b2ad56c4a065fede00be8b56e40c56760296cd21
592,332,c4047b78601928383e81fd84b2ad56c4a065fede00be8b56e40c56760296cd21
593,332,c4047b78601928383e81fd84b2ad56c4a065fede00be8b56e40c56760296cd21
594,332,c4047b78601928383e81fd84b2ad56c4a065fede00be8b56e40c56760296cd21
595,332,c4047b78601928383e81fd84b2ad56c4a065fede00be8b56e40c56760296cd21
596,332,c4047b78601928383e81fd84b2ad56c4a065fede00be8b56e40c56760296cd21
597,332,c4047b78601928383e81fd84b2ad56c4a065fede00be8b56e40c56760296cd21
598,332,c4047b78601928383e81fd84b2ad56c4a065fede00be8b56e40c56760296cd21
599,332,c4047b78601928383e81fd84b2ad56c4a065fede00be8b56e40c56760296cd21
600,332,c4047b78601928383e81fd84b2ad56c4a065fede00be8b56e40c56760296cd21
244,333,c4047b78601928383e81fd84b2ad56c4a065fede00be8b56e40c56760296cd21
271,333,c4047b78601928383e81fd84b2ad56c4a065fede00be8b56e40c56760296cd21
415,333,c4047b78601928383e81fd84b2ad56c4a065fede00be8b56e40c56760296cd21
416,333,c4047b78601928383e81fd84b2ad56c4a065fede00be8b56e40c56760296cd21
417,333,c4047b78601928383e81fd84b2ad56c4a065fede00be8b56e40c56760296cd21
418,333,c4047b78601928383e81fd84b2ad56c4a065fede00be8b56e40c56760296cd21
419,333,c4047b78601928383e81fd84b2ad56c4a065fede00be8b56e40c56760296cd21
420,333,c4047b78601928383e81fd84b2ad56c4a065fede00be8b56e40c56760296cd21
421,333,c4047b78601928383e81fd84b2ad56c4a065fede00be8b56e40c56760296cd21
422,333,c4047b78601928383e81fd84b2ad56c4a065fede00be8b56e40c56760296cd21
423,333,c4047b78601928383e81fd84b2ad56c4a065fede00be8b56e40c56760296cd21
424,333,c4047b78601928383e81fd84b2ad56c4a065fede00be8b56e40c56760296cd21
425,333,c4047b78601928383e81fd84b2ad56c4a065fede00be8b56e40c56760296cd21
426,333,c4047b78601928383e81fd84b2ad56c4a065fede00be8b56e40c56760296cd21
427,333,c4047b78601928383e81fd84b2ad56c4a065fede00be8b56e40c56760296cd21
428,333,c4047b78601928383e81fd84b2ad56c4a065fede00be8b56e40c56760296cd21
429,333,c4047b78601928383e81fd84b2ad56c4a065fede00be8b56e40c56760296cd21
430,333,c4047b78601928383e81fd84b2ad56c4a065fede00be8b56e40c56760296cd21
431,333,c4047b78601928383e81fd84b2ad56c4a065fede00be8b56e40c56760296cd21
432,333,c4047b78601928383e81fd84b2ad56c4a065fede00be8b56e40c56760296cd21
433,333,c4047b78601928383e81fd84b2ad56c4a065fede00be8b56e40c56760296cd21
434,333,c4047b78601928383e81fd84b2ad56c4a065fede00be8b56e40c56760296cd21
435,333,c4047b78601928383e81fd84b2ad56c4a065fede00be8b56e40c56760296cd21
436,333,c4047b78601928383e81fd84b2ad56c4a065fede00be8b56e40c56760296cd21
437,333,c4047b78601928383e81fd84b2ad56c4a065fede00be8b56e40c56760296cd21
438,333,c4047b78601928383e81fd84b2ad56c4a065fede00be8b56e40c56760296cd21
439,333,c4047b78601928383e81fd84b2ad56c4a065fede00be8b56e40c56760296cd21
440,333,c4047b78601928383e81fd84b2ad56c4a065fede00be8b56e40c56760296cd21
441,333,c4047b78601928383e81fd84b2ad56c4a065fede00be8b56e40c56760296cd21
442,333,c4047b78601928383e81fd84b2ad56c4a065fede00be8b56e40c56760296cd21
443,333,c4047b78601928383e81fd84b2ad56c4a065fede00be8b56e40c56760296cd21
444,333,c4047b78601928383e81fd84b2ad56c4a065fede00be8b56e40c56760296cd21
445,333,c4047b78601928383e81fd84b2ad56c4a065fede00be8b56e40c56760296cd21
446,333,c4047b78601928383e81fd84b2ad56c4a065fede00be8b56e40c56760296cd21
447,333,c4047b78601928383e81fd84b2ad56c4a065fede00be8b56e40c56760296cd21
448,333,c4047b78601928383e81fd84b2ad56c4a065fede00be8b56e40c56760296cd21
449,333,c4047b78601928383e81fd84b2ad56c4a065fede00be8b56e40c56760296cd21
450,333,c4047b78601928383e81fd84b2ad56c4a065fede00be8b56e40c56760296cd21
451,333,c4047b78601928383e81fd84b2ad56c4a065fede00be8b56e40c56760296cd21
452,333,c4047b78601928383e81fd84b2ad56c4a065fede00be8b56e40c56760296cd21
453,333,c4047b78601928383e81fd84b2ad56c4a065fede00be8b56e40c56760296cd21
454,333,c4047b78601928383e81fd84b2ad56c4a065fede00be8b56e40c56760296cd21
455,333,c4047b78601928383e81fd84b2ad56c4a065fede00be8b56e40c56760296cd21
456,333,c4047b78601928383e81fd84b2ad56c4a065fede00be8b56e40c56760296cd21
457,333,c4047b78601928383e81fd84b2ad56c4a065fede00be8b56e40c56760296cd21
458,333,c4047b78601928383e81fd84b2ad56c4a065fede00be8b56e40c56760296cd21
459,333,c4047b78601928383e81fd84b2ad56c4a065fede00be8b56e40c56760296cd21
460,333,c4047b78601928383e81fd84b2ad56c4a065fede00be8b56e40c56760296cd21
461,333,c4047b78601928383e81fd84b2ad56c4a065fede00be8b56e40c56760296cd21
462,333,c4047b78601928383e81fd84b2ad56c4a065fede00be8b56e40c56760296cd21
463,333,c4047b78601928383e81fd84b2ad56c4a065fede00be8b56e40c56760296cd21
464,333,c4047b78601928383e81fd84b2ad56c4a065fede00be8b56e40c56760296cd21
465,333,c4047b78601928383e81fd84b2ad56c4a065fede00be8b56e40c56760296cd21
466,333,c4047b78601928383e81fd84b2ad56c4a065fede00be8b56e40c56760296cd21
467,333,c4047b78601928383e81fd84b2ad56c4a065fede00be8b56e40c56760296cd21
468,333,c4047b78601928383e81fd84b2ad56c4a065fede00be8b56e40c56760296cd21
469,333,c4047b78601928383e81fd84b2ad56c4a065fede00be8b56e40c56760296cd21
470,333,c4047b78601928383e81fd84b2ad56c4a065fede00be8b56e40c56760296cd21
471,333,c4047b78601928383e81fd84b2ad56c4a065fede00be8b56e40c56760296cd21
472,333,c4047b78601928383e81fd84b2ad56c4a065fede00be8b56e40c56760296cd21
473,333,c4047b78601928383e81fd84b2ad56c4a065fede00be8b56e40c56760296cd21
474,333,c4047b78601928383e81fd84b2ad56c4a065fede00be8b56e40c56760296cd21
475,333,c4047b78601928383e81fd84b2ad56c4a065fede00be8b56e40c56760296cd21
476,333,c4047b78601928383e81fd84b2ad56c4a065fede00be8b56e40c56760296cd21
477,333,c4047b78601928383e81fd84b2ad56c4a065fede00be8b56e40c56760296cd21
478,333,c4047b78601928383e81fd84b2ad56c4a065fede00be8b56e40c56760296cd21
479,333,c4047b78601928383e81fd84b2ad56c4a065fede00be8b56e40c56760296cd21
480,333,c4047b78601928383e81fd84b2ad56c4a065fede00be8b56e40c56760296cd21
481,333,c4047b78601928383e81fd84b2ad56c4a065fede00be8b56e40c56760296cd21
482,333,c4047b78601928383e81fd84b2ad56c4a065fede00be8b56e40c56760296cd21
483,333,c4047b78601928383e81fd84b2ad56c4a065fede00be8b56e40c56760296cd21
484,333,c4047b78601928383e81fd84b2ad56c4a065fede00be8b56e40c56760296cd21
485,333,c4047b78601928383e81fd84b2ad56c4a065fede00be8b56e40c56760296cd21
486,333,c4047b78601928383e81fd84b2ad56c4a065fede00be8b56e40c56760296cd21
487,333,c4047b78601928383e81fd84b2ad56c4a065fede00be8b56e40c56760296cd21
488,333,c4047b78601928383e81fd84b2ad56c4a065fede00be8b56e40c56760296cd21
489,333,c4047b78601928383e81fd84b2ad56c4a065fede00be8b56e40c56760296cd21
490,333,c4047b78601928383e81fd84b2ad56c4a065fede00be8b56e40c56760296cd21
491,333,c4047b78601928383e81fd84b2ad56c4a065fede00be8b56e40c56760296cd21
492,333,c4047b78601928383e81fd84b2ad56c4a065fede00be8b56e40c56760296cd21
493,333,c4047b78601928383e81fd84b2ad56c4a065fede00be8b56e40c56760296cd21
494,333,c4047b78601928383e81fd84b2ad56c4a065fede00be8b56e40c56760296cd21
495,333,c4047b78601928383e81fd84b2ad56c4a065fede00be8b56e40c56760296cd21
496,333,c4047b78601928383e81fd84b2ad56c4a065fede00be8b56e40c56760296cd21
497,333,c4047b78601928383e81fd84b2ad56c4a065fede00be8b56e40c56760296cd21
498,333,c4047b78601928383e81fd84b2ad56c4a065fede00be8b56e40c56760296cd21
499,333,c4047b78601928383e81fd84b2ad56c4a065fede00be8b56e40c56760296cd21
500,333,c4047b78601928383e81fd84b2ad56c4a065fede00be8b56e40c56760296cd21
501,333,c4047b78601928383e81fd84b2ad56c4a065fede00be8b56e40c56760296cd21
502,333,c4047b78601928383e81fd84b2ad56c4a065fede00be8b56e40c56760296cd21
503,333,c4047b78601928383e81fd84b2ad56c4a065fede00be8b56e40c56760296cd21
504,333,c4047b78601928383e81fd84b2ad56c4a065fede00be8b56e40c56760296cd21
505,333,c4047b78601928383e81fd84b2ad56c4a065fede00be8b56e40c56760296cd21
506,333,c4047b78601928383e81fd84b2ad56c4a065fede00be8b56e40c56760296cd21
507,333,c4047b78601928383e81fd84b2ad56c4a065fede00be8b56e40c56760296cd21
508,333,c4047b78601928383e81fd84b2ad56c4a065fede00be8b56e40c56760296cd21
509,333,c4047b78601928383e81fd84b2ad56c4a065fede00be8b56e40c56760296cd21
510,333,c4047b78601928383e81fd84b2ad56c4a065fede00be8b56e40c56760296cd21
511,333,c4047b78601928383e81fd84b2ad56c4a065fede00be8b56e40c56760296cd21
512,333,c4047b78601928383e81fd84b2ad56c4a065fede00be8b56e40c56760296cd21
513,333,c4047b78601928383e81fd84b2ad56c4a065fede00be8b56e40c56760296cd21
514,333,c4047b78601928383e81fd84b2ad56c4a065fede00be8b56e40c56760296cd21
515,333,c4047b78601928383e81fd84b2ad56c4a065fede00be8b56e40c56760296cd21
516,333,c4047b78601928383e81fd84b2ad56c4a065fede00be8b56e40c56760296cd21
517,333,c4047b78601928383e81fd84b2ad56c4a065fede00be8b56e40c56760296cd21
518,333,c4047b78601928383e81fd84b2ad56c4a065fede00be8b56e40c56760296cd21
519,333,c4047b78601928383e81fd84b2ad56c4a065fede00be8b56e40c56760296cd21
520,333,c4047b78601928383e81fd84b2ad56c4a065fede00be8b56e40c56760296cd21
521,333,c4047b78601928383e81fd84b2ad56c4a065fede00be8b56e40c56760296cd21
522,333,c4047b78601928383e81fd84b2ad56c4a065fede00be8b56e40c56760296cd21
523,333,c4047b78601928383e81fd84b2ad56c4a065fede00be8b56e40c56760296cd21
524,333,c4047b78601928383e81fd84b2ad56c4a065fede00be8b56e40c56760296cd21
525,333,c4047b78601928383e81fd84b2ad56c4a065fede00be8b56e40c56760296cd21
526,333,c4047b78601928383e81fd84b2ad56c4a065fede00be8b56e40c56760296cd21
527,333,c4047b78601928383e81fd84b2ad56c4a065fede00be8b56e40c56760296cd21
528,333,c4047b78601928383e81fd84b2ad56c4a065fede00be8b56e40c56760296cd21
529,333,c4047b78601928383e81fd84b2ad56c4a065fede00be8b56e40c56760296cd21
530,333,c4047b78601928383e81fd84b2ad56c4a065fede00be8b56e40c56760296cd21
531,333,c4047b78601928383e81fd84b2ad56c4a065fede00be8b56e40c56760296cd21
532,333,c4047b78601928383e81fd84b2ad56c4a065fede00be8b56e40c56760296cd21
533,333,c4047b78601928383e81fd84b2ad56c4a065fede00be8b56e40c56760296cd21
534,333,c4047b78601928383e81fd84b2ad56c4a065fede00be8b56e40c56760296cd21
535,333,c4047b78601928383e81fd84b2ad56c4a065fede00be8b56e40c56760296cd21
536,333,c4047b78601928383e81fd84b2ad56c4a065fede00be8b56e40c56760296cd21
537,333,c4047b78601928383e81fd84b2ad56c4a065fede00be8b56e40c56760296cd21
538,333,c4047b78601928383e81fd84b2ad56c4a065fede00be8b56e40c56760296cd21
539,333,c4047b78601928383e81fd84b2ad56c4a065fede00be8b56e40c56760296cd21
540,333,c4047b78601928383e81fd84b2ad56c4a065fede00be8b56e40c56760296cd21
541,333,c4047b78601928383e81fd84b2ad56c4a065fede00be8b56e40c56760296cd21
542,333,c4047b78601928383e81fd84b2ad56c4a065fede00be8b56e40c56760296cd21
543,333,c4047b78601928383e81fd84b2ad56c4a065fede00be8b56e40c56760296cd21
544,333,c4047b78601928383e81fd84b2ad56c4a065fede00be8b56e40c56760296cd21
545,333,c4047b78601928383e81fd84b2ad56c4a065fede00be8b56e40c56760296cd21
546,333,c4047b78601928383e81fd84b2ad56c4a065fede00be8b56e40c56760296cd21
547,333,c4047b78601928383e81fd84b2ad56c4a065fede00be8b56e40c56760296cd21
548,333,c4047b78601928383e81fd84b2ad56c4a065fede00be8b56e40c56760296cd21
549,333,c4047b78601928383e81fd84b2ad56c4a065fede00be8b56e40c56760296cd21
550,333,c4047b78601928383e81fd84b2ad56c4a065fede00be8b56e40c56760296cd21
551,333,c4047b78601928383e81fd84b2ad56c4a065fede00be8b56e40c56760296cd21
552,333,c4047b78601928383e81fd84b2ad56c4a065fede00be8b56e40c56760296cd21
553,333,c4047b78601928383e81fd84b2ad56c4a065fede00be8b56e40c56760296cd21
554,333,c4047b78601928383e81fd84b2ad56c4a065fede00be8b56e40c56760296cd21
555,333,c4047b78601928383e81fd84b2ad56c4a065fede00be8b56e40c56760296cd21
556,333,c4047b78601928383e81fd84b2ad56c4a065fede00be8b56e40c56760296cd21
557,333,c4047b78601928383e81fd84b2ad56c4a065fede00be8b56e40c56760296cd21
558,333,c4047b78601928383e81fd84b2ad56c4a065fede00be8b56e40c56760296cd21
559,333,c4047b78601928383e81fd84b2ad56c4a065fede00be8b56e40c56760296cd21
560,333,c4047b78601928383e81fd84b2ad56c4a065fede00be8b56e40c56760296cd21
561,333,c4047b78601928383e81fd84b2ad56c4a065fede00be8b56e40c56760296cd21
562,333,c4047b78601928383e81fd84b2ad56c4a065fede00be8b56e40c56760296cd21
563,333,c4047b78601928383e81fd84b2ad56c4a065fede00be8b56e40c56760296cd21
564,333,c4047b78601928383e81fd84b2ad56c4a065fede00be8b56e40c56760296cd21
565,333,c4047b78601928383e81fd84b2ad56c4a065fede00be8b56e40c56760296cd21
566,333,c4047b78601928383e81fd84b2ad56c4a065fede00be8b56e40c56760296cd21
567,333,c4047b78601928383e81fd84b2ad56c4a065fede00be8b56e40c56760296cd21
568,333,c4047b78601928383e81fd84b2ad56c4a065fede00be8b56e40c56760296cd21
569,333,c4047b78601928383e81fd84b2ad56c4a065fede00be8b56e40c56760296cd21
570,333,c4047b78601928383e81fd84b2ad56c4a065fede00be8b56e40c56760296cd21
571,333,c4047b78601928383e81fd84b2ad56c4a065fede00be8b56e40c56760296cd21
572,333,c4047b78601928383e81fd84b2ad56c4a065fede00be8b56e40c56760296cd21
573,333,c4047b78601928383e81fd84b2ad56c4a065fede00be8b56e40c56760296cd21
574,333,c4047b78601928383e81fd84b2ad56c4a065fede00be8b56e40c56760296cd21
575,333,c4047b78601928383e81fd84b2ad56c4a065fede00be8b56e40c56760296cd21
576,333,c4047b78601928383e81fd84b2ad56c4a065fede00be8b56e40c56760296cd21
577,333,c4047b78601928383e81fd84b2ad56c4a065fede00be8b56e40c56760296cd21
578,333,c4047b78601928383e81fd84b2ad56c4a065fede00be8b56e40c56760296cd21
579,333,c4047b78601928383e81fd84b2ad56c4a065fede00be8b56e40c56760296cd21
580,333,c4047b78601928383e81fd84b2ad56c4a065fede00be8b56e40c56760296cd21
581,333,c4047b78601928383e81fd84b2ad56c4a065fede00be8b56e40c56760296cd21
582,333,c4047b78601928383e81fd84b2ad56c4a065fede00be8b56e40c56760296cd21
583,333,c4047b78601928383e81fd84b2ad56c4a065fede00be8b56e40c56760296cd21
584,333,c4047b78601928383e81fd84b2ad56c4a065fede00be8b56e40c56760296cd21
585,333,c4047b78601928383e81fd84b2ad56c4a065fede00be8b56e40c56760296cd21
586,333,c4047b78601928383e81fd84b2ad56c4a065fede00be8b56e40c56760296cd21
587,333,c4047b78601928383e81fd84b2ad56c4a065fede00be8b56e40c56760296cd21
588,333,c4047b78601928383e81fd84b2ad56c4a065fede00be8b56e40c56760296cd21
589,333,c4047b78601928383e81fd84b2ad56c4a065fede00be8b56e40c56760296cd21
590,333,c4047b78601928383e81fd84b2ad56c4a065fede00be8b56e40c56760296cd21
591,333,c4047b78601928383e81fd84b2ad56c4a065fede00be8b56e40c56760296cd21
592,333,c4047b78601928383e81fd84b2ad56c4a065fede00be8b56e40c56760296cd21
593,333,c4047b78601928383e81fd84b2ad56c4a065fede00be8b56e40c56760296cd21
594,333,c4047b78601928383e81fd84b2ad56c4a065fede00be8b56e40c56760296cd21
595,333,c4047b78601928383e81fd84b2ad56c4a065fede00be8b56e40c56760296cd21
596,333,c4047b78601928383e81fd84b2ad56c4a065fede00be8b56e40c56760296cd21
597,333,c4047b78601928383e81fd84b2ad56c4a065fede00be8b56e40c56760296cd21
598,333,c4047b78601928383e81fd84b2ad56c4a065fede00be8b56e40c56760296cd21
599,333,c4047b78601928383e81fd84b2ad56c4a065fede00be8b56e40c56760296cd21
600,333,c4047b78601928383e81fd84b2ad56c4a065fede00be8b56e40c56760296cd21
601,333,c4047b78601928383e81fd84b2ad56c4a065fede00be8b56e40c56760296cd21
244,334,c4047b78601928383e81fd84b2ad56c4a065fede00be8b56e40c56760296cd21
271,334,c4047b78601928383e81fd84b2ad56c4a065fede00be8b56e40c56760296cd21
415,334,c4047b78601928383e81fd84b2ad56c4a065fede00be8b56e40c56760296cd21
416,334,c4047b78601928383e81fd84b2ad56c4a065fede00be8b56e40c56760296cd21
417,334,c4047b78601928383e81fd84b2ad56c4a065fede00be8b56e40c56760296cd21
418,334,c4047b78601928383e81fd84b2ad56c4a065fede00be8b56e40c56760296cd21
419,334,c4047b78601928383e81fd84b2ad56c4a065fede00be8b56e40c56760296cd21
420,334,c4047b78601928383e81fd84b2ad56c4a065fede00be8b56e40c56760296cd21
421,334,c4047b78601928383e81fd84b2ad56c4a065fede00be8b56e40c56760296cd21
422,334,c4047b78601928383e81fd84b2ad56c4a065fede00be8b56e40c56760296cd21
423,334,c4047b78601928383e81fd84b2ad56c4a065fede00be8b56e40c56760296cd21
424,334,c4047b78601928383e81fd84b2ad56c4a065fede00be8b56e40c56760296cd21
425,334,c4047b78601928383e81fd84b2ad56c4a065fede00be8b56e40c56760296cd21
426,334,c4047b78601928383e81fd84b2ad56c4a065fede00be8b56e40c56760296cd21
427,334,c4047b78601928383e81fd84b2ad56c4a065fede00be8b56e40c56760296cd21
428,334,c4047b78601928383e81fd84b2ad56c4a065fede00be8b56e40c56760296cd21
429,334,c4047b78601928383e81fd84b2ad56c4a065fede00be8b56e40c56760296cd21
430,334,c4047b78601928383e81fd84b2ad56c4a065fede00be8b56e40c56760296cd21
431,334,c4047b78601928383e81fd84b2ad56c4a065fede00be8b56e40c56760296cd21
432,334,c4047b78601928383e81fd84b2ad56c4a065fede00be8b56e40c56760296cd21
433,334,c4047b78601928383e81fd84b2ad56c4a065fede00be8b56e40c56760296cd21
434,334,c4047b78601928383e81fd84b2ad56c4a065fede00be8b56e40c56760296cd21
435,334,c4047b78601928383e81fd84b2ad56c4a065fede00be8b56e40c56760296cd21
436,334,c4047b78601928383e81fd84b2ad56c4a065fede00be8b56e40c56760296cd21
437,334,c4047b78601928383e81fd84b2ad56c4a065fede00be8b56e40c56760296cd21
438,334,c4047b78601928383e81fd84b2ad56c4a065fede00be8b56e40c56760296cd21
439,334,c4047b78601928383e81fd84b2ad56c4a065fede00be8b56e40c56760296cd21
440,334,c4047b78601928383e81fd84b2ad56c4a065fede00be8b56e40c56760296cd21
441,334,c4047b78601928383e81fd84b2ad56c4a065fede00be8b56e40c56760296cd21
442,334,c4047b78601928383e81fd84b2ad56c4a065fede00be8b56e40c56760296cd21
443,334,c4047b78601928383e81fd84b2ad56c4a065fede00be8b56e40c56760296cd21
444,334,c4047b78601928383e81fd84b2ad56c4a065fede00be8b56e40c56760296cd21
445,334,c4047b78601928383e81fd84b2ad56c4a065fede00be8b56e40c56760296cd21
446,334,c4047b78601928383e81fd84b2ad56c4a065fede00be8b56e40c56760296cd21
447,334,c4047b78601928383e81fd84b2ad56c4a065fede00be8b56e40c56760296cd21
448,334,c4047b78601928383e81fd84b2ad56c4a065fede00be8b56e40c56760296cd21
449,334,c4047b78601928383e81fd84b2ad56c4a065fede00be8b56e40c56760296cd21
450,334,c4047b78601928383e81fd84b2ad56c4a065fede00be8b56e40c56760296cd21
451,334,c4047b78601928383e81fd84b2ad56c4a065fede00be8b56e40c56760296cd21
452,334,c4047b78601928383e81fd84b2ad56c4a065fede00be8b56e40c56760296cd21
453,334,c4047b78601928383e81fd84b2ad56c4a065fede00be8b56e40c56760296cd21
454,334,c4047b78601928383e81fd84b2ad56c4a065fede00be8b56e40c56760296cd21
455,334,c4047b78601928383e81fd84b2ad56c4a065fede00be8b56e40c56760296cd21
456,334,c4047b78601928383e81fd84b2ad56c4a065fede00be8b56e40c56760296cd21
457,334,c4047b78601928383e81fd84b2ad56c4a065fede00be8b56e40c56760296cd21
458,334,c4047b78601928383e81fd84b2ad56c4a065fede00be8b56e40c56760296cd21
459,334,c4047b78601928383e81fd84b2ad56c4a065fede00be8b56e40c56760296cd21
460,334,c4047b78601928383e81fd84b2ad56c4a065fede00be8b56e40c56760296cd21
461,334,c4047b78601928383e81fd84b2ad56c4a065fede00be8b56e40c56760296cd21
462,334,c4047b78601928383e81fd84b2ad56c4a065fede00be8b56e40c56760296cd21
463,334,c4047b78601928383e81fd84b2ad56c4a065fede00be8b56e40c56760296cd21
464,334,c4047b78601928383e81fd84b2ad56c4a065fede00be8b56e40c56760296cd21
465,334,c4047b78601928383e81fd84b2ad56c4a065fede00be8b56e40c56760296cd21
466,334,c4047b78601928383e81fd84b2ad56c4a065fede00be8b56e40c56760296cd21
467,334,c4047b78601928383e81fd84b2ad56c4a065fede00be8b56e40c56760296cd21
468,334,c4047b78601928383e81fd84b2ad56c4a065fede00be8b56e40c56760296cd21
469,334,c4047b78601928383e81fd84b2ad56c4a065fede00be8b56e40c56760296cd21
470,334,c4047b78601928383e81fd84b2ad56c4a065fede00be8b56e40c56760296cd21
471,334,c4047b78601928383e81fd84b2ad56c4a065fede00be8b56e40c56760296cd21
472,334,c4047b78601928383e81fd84b2ad56c4a065fede00be8b56e40c56760296cd21
473,334,c4047b78601928383e81fd84b2ad56c4a065fede00be8b56e40c56760296cd21
474,334,c4047b78601928383e81fd84b2ad56c4a065fede00be8b56e40c56760296cd21
475,334,c4047b78601928383e81fd84b2ad56c4a065fede00be8b56e40c56760296cd21
476,334,c4047b78601928383e81fd84b2ad56c4a065fede00be8b56e40c56760296cd21
477,334,c4047b78601928383e81fd84b2ad56c4a065fede00be8b56e40c56760296cd21
478,334,c4047b78601928383e81fd84b2ad56c4a065fede00be8b56e40c56760296cd21
479,334,c4047b78601928383e81fd84b2ad56c4a065fede00be8b56e40c56760296cd21
480,334,c4047b78601928383e81fd84b2ad56c4a065fede00be8b56e40c56760296cd21
481,334,c4047b78601928383e81fd84b2ad56c4a065fede00be8b56e40c56760296cd21
482,334,c4047b78601928383e81fd84b2ad56c4a065fede00be8b56e40c56760296cd21
483,334,c4047b78601928383e81fd84b2ad56c4a065fede00be8b56e40c56760296cd21
484,334,c4047b78601928383e81fd84b2ad56c4a065fede00be8b56e40c56760296cd21
485,334,c4047b78601928383e81fd84b2ad56c4a065fede00be8b56e40c56760296cd21
486,334,c4047b78601928383e81fd84b2ad56c4a065fede00be8b56e40c56760296cd21
487,334,c4047b78601928383e81fd84b2ad56c4a065fede00be8b56e40c56760296cd21
488,334,c4047b78601928383e81fd84b2ad56c4a065fede00be8b56e40c56760296cd21
489,334,c4047b78601928383e81fd84b2ad56c4a065fede00be8b56e40c56760296cd21
490,334,c4047b78601928383e81fd84b2ad56c4a065fede00be8b56e40c56760296cd21
491,334,c4047b78601928383e81fd84b2ad56c4a065fede00be8b56e40c56760296cd21
492,334,c4047b78601928383e81fd84b2ad56c4a065fede00be8b56e40c56760296cd21
493,334,c4047b78601928383e81fd84b2ad56c4a065fede00be8b56e40c56760296cd21
494,334,c4047b78601928383e81fd84b2ad56c4a065fede00be8b56e40c56760296cd21
495,334,c4047b78601928383e81fd84b2ad56c4a065fede00be8b56e40c56760296cd21
496,334,c4047b78601928383e81fd84b2ad56c4a065fede00be8b56e40c56760296cd21
497,334,c4047b78601928383e81fd84b2ad56c4a065fede00be8b56e40c56760296cd21
498,334,c4047b78601928383e81fd84b2ad56c4a065fede00be8b56e40c56760296cd21
499,334,c4047b78601928383e81fd84b2ad56c4a065fede00be8b56e40c56760296cd21
500,334,c4047b78601928383e81fd84b2ad56c4a065fede00be8b56e40c56760296cd21
501,334,c4047b78601928383e81fd84b2ad56c4a065fede00be8b56e40c56760296cd21
502,334,c4047b78601928383e81fd84b2ad56c4a065fede00be8b56e40c56760296cd21
503,334,c4047b78601928383e81fd84b2ad56c4a065fede00be8b56e40c56760296cd21
504,334,c4047b78601928383e81fd84b2ad56c4a065fede00be8b56e40c56760296cd21
505,334,c4047b78601928383e81fd84b2ad56c4a065fede00be8b56e40c56760296cd21
506,334,c4047b78601928383e81fd84b2ad56c4a065fede00be8b56e40c56760296cd21
507,334,c4047b78601928383e81fd84b2ad56c4a065fede00be8b56e40c56760296cd21
508,334,c4047b78601928383e81fd84b2ad56c4a065fede00be8b56e40c56760296cd21
509,334,c4047b78601928383e81fd84b2ad56c4a065fede00be8b56e40c56760296cd21
510,334,c4047b78601928383e81fd84b2ad56c4a065fede00be8b56e40c56760296cd21
511,334,c4047b78601928383e81fd84b2ad56c4a065fede00be8b56e40c56760296cd21
512,334,c4047b78601928383e81fd84b2ad56c4a065fede00be8b56e40c56760296cd21
513,334,c4047b78601928383e81fd84b2ad56c4a065fede00be8b56e40c56760296cd21
514,334,c4047b78601928383e81fd84b2ad56c4a065fede00be8b56e40c56760296cd21
515,334,c4047b78601928383e81fd84b2ad56c4a065fede00be8b56e40c56760296cd21
516,334,c4047b78601928383e81fd84b2ad56c4a065fede00be8b56e40c56760296cd21
517,334,c4047b78601928383e81fd84b2ad56c4a065fede00be8b56e40c56760296cd21
518,334,c4047b78601928383e81fd84b2ad56c4a065fede00be8b56e40c56760296cd21
519,334,c4047b78601928383e81fd84b2ad56c4a065fede00be8b56e40c56760296cd21
520,334,c4047b78601928383e81fd84b2ad56c4a065fede00be8b56e40c56760296cd21
521,334,c4047b78601928383e81fd84b2ad56c4a065fede00be8b56e40c56760296cd21
522,334,c4047b78601928383e81fd84b2ad56c4a065fede00be8b56e40c56760296cd21
523,334,c4047b78601928383e81fd84b2ad56c4a065fede00be8b56e40c56760296cd21
524,334,c4047b78601928383e81fd84b2ad56c4a065fede00be8b56e40c56760296cd21
525,334,c4047b78601928383e81fd84b2ad56c4a065fede00be8b56e40c56760296cd21
526,334,c4047b78601928383e81fd84b2ad56c4a065fede00be8b56e40c56760296cd21
527,334,c4047b78601928383e81fd84b2ad56c4a065fede00be8b56e40c56760296cd21
528,334,c4047b78601928383e81fd84b2ad56c4a065fede00be8b56e40c56760296cd21
529,334,c4047b78601928383e81fd84b2ad56c4a065fede00be8b56e40c56760296cd21
530,334,c4047b78601928383e81fd84b2ad56c4a065fede00be8b56e40c56760296cd21
531,334,c4047b78601928383e81fd84b2ad56c4a065fede00be8b56e40c56760296cd21
532,334,c4047b78601928383e81fd84b2ad56c4a065fede00be8b56e40c56760296cd21
533,334,c4047b78601928383e81fd84b2ad56c4a065fede00be8b56e40c56760296cd21
534,334,c4047b78601928383e81fd84b2ad56c4a065fede00be8b56e40c56760296cd21
535,334,c4047b78601928383e81fd84b2ad56c4a065fede00be8b56e40c56760296cd21
536,334,c4047b78601928383e81fd84b2ad56c4a065fede00be8b56e40c56760296cd21
537,334,c4047b78601928383e81fd84b2ad56c4a065fede00be8b56e40c56760296cd21
538,334,c4047b78601928383e81fd84b2ad56c4a065fede00be8b56e40c56760296cd21
539,334,c4047b78601928383e81fd84b2ad56c4a065fede00be8b56e40c56760296cd21
540,334,c4047b78601928383e81fd84b2ad56c4a065fede00be8b56e40c56760296cd21
541,334,c4047b78601928383e81fd84b2ad56c4a065fede00be8b56e40c56760296cd21
542,334,c4047b78601928383e81fd84b2ad56c4a065fede00be8b56e40c56760296cd21
543,334,c4047b78601928383e81fd84b2ad56c4a065fede00be8b56e40c56760296cd21
544,334,c4047b78601928383e81fd84b2ad56c4a065fede00be8b56e40c56760296cd21
545,334,c4047b78601928383e81fd84b2ad56c4a065fede00be8b56e40c56760296cd21
546,334,c4047b78601928383e81fd84b2ad56c4a065fede00be8b56e40c56760296cd21
547,334,c4047b78601928383e81fd84b2ad56c4a065fede00be8b56e40c56760296cd21
548,334,c4047b78601928383e81fd84b2ad56c4a065fede00be8b56e40c56760296cd21
549,334,c4047b78601928383e81fd84b2ad56c4a065fede00be8b56e40c56760296cd21
550,334,c4047b78601928383e81fd84b2ad56c4a065fede00be8b56e40c56760296cd21
551,334,c4047b78601928383e81fd84b2ad56c4a065fede00be8b56e40c56760296cd21
552,334,c4047b78601928383e81fd84b2ad56c4a065fede00be8b56e40c56760296cd21
553,334,c4047b78601928383e81fd84b2ad56c4a065fede00be8b56e40c56760296cd21
554,334,c4047b78601928383e81fd84b2ad56c4a065fede00be8b56e40c56760296cd21
555,334,c4047b78601928383e81fd84b2ad56c4a065fede00be8b56e40c56760296cd21
556,334,c4047b78601928383e81fd84b2ad56c4a065fede00be8b56e40c56760296cd21
557,334,c4047b78601928383e81fd84b2ad56c4a065fede00be8b56e40c56760296cd21
558,334,c4047b78601928383e81fd84b2ad56c4a065fede00be8b56e40c56760296cd21
559,334,c4047b78601928383e81fd84b2ad56c4a065fede00be8b56e40c56760296cd21
560,334,c4047b78601928383e81fd84b2ad56c4a065fede00be8b56e40c56760296cd21
561,334,c4047b78601928383e81fd84b2ad56c4a065fede00be8b56e40c56760296cd21
562,334,c4047b78601928383e81fd84b2ad56c4a065fede00be8b56e40c56760296cd21
563,334,c4047b78601928383e81fd84b2ad56c4a065fede00be8b56e40c56760296cd21
564,334,c4047b78601928383e81fd84b2ad56c4a065fede00be8b56e40c56760296cd21
565,334,c4047b78601928383e81fd84b2ad56c4a065fede00be8b56e40c56760296cd21
566,334,c4047b78601928383e81fd84b2ad56c4a065fede00be8b56e40c56760296cd21
567,334,c4047b78601928383e81fd84b2ad56c4a065fede00be8b56e40c56760296cd21
568,334,c4047b78601928383e81fd84b2ad56c4a065fede00be8b56e40c56760296cd21
569,334,c4047b78601928383e81fd84b2ad56c4a065fede00be8b56e40c56760296cd21
570,334,c4047b78601928383e81fd84b2ad56c4a065fede00be8b56e40c56760296cd21
571,334,c4047b78601928383e81fd84b2ad56c4a065fede00be8b56e40c56760296cd21
572,334,c4047b78601928383e81fd84b2ad56c4a065fede00be8b56e40c56760296cd21
573,334,c4047b78601928383e81fd84b2ad56c4a065fede00be8b56e40c56760296cd21
574,334,c4047b78601928383e81fd84b2ad56c4a065fede00be8b56e40c56760296cd21
575,334,c4047b78601928383e81fd84b2ad56c4a065fede00be8b56e40c56760296cd21
576,334,c4047b78601928383e81fd84b2ad56c4a065fede00be8b56e40c56760296cd21
577,334,c4047b78601928383e81fd84b2ad56c4a065fede00be8b56e40c56760296cd21
578,334,c4047b78601928383e81fd84b2ad56c4a065fede00be8b56e40c56760296cd21
579,334,c4047b78601928383e81fd84b2ad56c4a065fede00be8b56e40c56760296cd21
580,334,c4047b78601928383e81fd84b2ad56c4a065fede00be8b56e40c56760296cd21
581,334,c4047b78601928383e81fd84b2ad56c4a065fede00be8b56e40c56760296cd21
582,334,c4047b78601928383e81fd84b2ad56c4a065fede00be8b56e40c56760296cd21
583,334,c4047b78601928383e81fd84b2ad56c4a065fede00be8b56e40c56760296cd21
584,334,c4047b78601928383e81fd84b2ad56c4a065fede00be8b56e40c56760296cd21
585,334,c4047b78601928383e81fd84b2ad56c4a065fede00be8b56e40c56760296cd21
586,334,c4047b78601928383e81fd84b2ad56c4a065fede00be8b56e40c56760296cd21
587,334,c4047b78601928383e81fd84b2ad56c4a065fede00be8b56e40c56760296cd21
588,334,c4047b78601928383e81fd84b2ad56c4a065fede00be8b56e40c56760296cd21
589,334,c4047b78601928383e81fd84b2ad56c4a065fede00be8b56e40c56760296cd21
590,334,c4047b78601928383e81fd84b2ad56c4a065fede00be8b56e40c56760296cd21
591,334,c4047b78601928383e81fd84b2ad56c4a065fede00be8b56e40c56760296cd21
592,334,c4047b78601928383e81fd84b2ad56c4a065fede00be8b56e40c56760296cd21
593,334,c4047b78601928383e81fd84b2ad56c4a065fede00be8b56e40c56760296cd21
594,334,c4047b78601928383e81fd84b2ad56c4a065fede00be8b56e40c56760296cd21
595,334,c4047b78601928383e81fd84b2ad56c4a065fede00be8b56e40c56760296cd21
596,334,c4047b78601928383e81fd84b2ad56c4a065fede00be8b56e40c56760296cd21
597,334,c4047b78601928383e81fd84b2ad56c4a065fede00be8b56e40c56760296cd21
598,334,c4047b78601928383e81fd84b2ad56c4a065fede00be8b56e40c56760296cd21
599,334,c4047b78601928383e81fd84b2ad56c4a065fede00be8b56e40c56760296cd21
600,334,c4047b78601928383e81fd84b2ad56c4a065fede00be8b56e40c56760296cd21
601,334,c4047b78601928383e81fd84b2ad56c4a065fede00be8b56e40c56760296cd21
244,335,c4047b78601928383e81fd84b2ad56c4a065fede00be8b56e40c56760296cd21
271,335,c4047b78601928383e81fd84b2ad56c4a065fede00be8b56e40c56760296cd21
415,335,c4047b78601928383e81fd84b2ad56c4a065fede00be8b56e40c56760296cd21
416,335,c4047b78601928383e81fd84b2ad56c4a065fede00be8b56e40c56760296cd21
417,335,c4047b78601928383e81fd84b2ad56c4a065fede00be8b56e40c56760296cd21
418,335,c4047b78601928383e81fd84b2ad56c4a065fede00be8b56e40c56760296cd21
419,335,c4047b78601928383e81fd84b2ad56c4a065fede00be8b56e40c56760296cd21
420,335,c4047b78601928383e81fd84b2ad56c4a065fede00be8b56e40c56760296cd21
421,335,c4047b78601928383e81fd84b2ad56c4a065fede00be8b56e40c56760296cd21
422,335,c4047b78601928383e81fd84b2ad56c4a065fede00be8b56e40c56760296cd21
423,335,c4047b78601928383e81fd84b2ad56c4a065fede00be8b56e40c56760296cd21
424,335,c4047b78601928383e81fd84b2ad56c4a065fede00be8b56e40c56760296cd21
425,335,c4047b78601928383e81fd84b2ad56c4a065fede00be8b56e40c56760296cd21
426,335,c4047b78601928383e81fd84b2ad56c4a065fede00be8b56e40c56760296cd21
427,335,c4047b78601928383e81fd84b2ad56c4a065fede00be8b56e40c56760296cd21
428,335,c4047b78601928383e81fd84b2ad56c4a065fede00be8b56e40c56760296cd21
429,335,c4047b78601928383e81fd84b2ad56c4a065fede00be8b56e40c56760296cd21
430,335,c4047b78601928383e81fd84b2ad56c4a065fede00be8b56e40c56760296cd21
431,335,c4047b78601928383e81fd84b2ad56c4a065fede00be8b56e40c56760296cd21
580,335,c4047b78601928383e81fd84b2ad56c4a065fede00be8b56e40c56760296cd21
581,335,c4047b78601928383e81fd84b2ad56c4a065fede00be8b56e40c56760296cd21
582,335,c4047b78601928383e81fd84b2ad56c4a065fede00be8b56e40c56760296cd21
583,335,c4047b78601928383e81fd84b2ad56c4a065fede00be8b56e40c56760296cd21
584,335,c4047b78601928383e81fd84b2ad56c4a065fede00be8b56e40c56760296cd21
585,335,c4047b78601928383e81fd84b2ad56c4a065fede00be8b56e40c56760296cd21
586,335,c4047b78601928383e81fd84b2ad56c4a065fede00be8b56e40c56760296cd21
587,335,c4047b78601928383e81fd84b2ad56c4a065fede00be8b56e40c56760296cd21
588,335,c4047b78601928383e81fd84b2ad56c4a065fede00be8b56e40c56760296cd21
589,335,c4047b78601928383e81fd84b2ad56c4a065fede00be8b56e40c56760296cd21
590,335,c4047b78601928383e81fd84b2ad56c4a065fede00be8b56e40c56760296cd21
591,335,c4047b78601928383e81fd84b2ad56c4a065fede00be8b56e40c56760296cd21
592,335,c4047b78601928383e81fd84b2ad56c4a065fede00be8b56e40c56760296cd21
593,335,c4047b78601928383e81fd84b2ad56c4a065fede00be8b56e40c56760296cd21
594,335,c4047b78601928383e81fd84b2ad56c4a065fede00be8b56e40c56760296cd21
595,335,c4047b78601928383e81fd84b2ad56c4a065fede00be8b56e40c56760296cd21
596,335,c4047b78601928383e81fd84b2ad56c4a065fede00be8b56e40c56760296cd21
597,335,c4047b78601928383e81fd84b2ad56c4a065fede00be8b56e40c56760296cd21
598,335,c4047b78601928383e81fd84b2ad56c4a065fede00be8b56e40c56760296cd21
599,335,c4047b78601928383e81fd84b2ad56c4a065fede00be8b56e40c56760296cd21
600,335,c4047b78601928383e81fd84b2ad56c4a065fede00be8b56e40c56760296cd21
601,335,c4047b78601928383e81fd84b2ad56c4a065fede00be8b56e40c56760296cd21
244,336,c4047b78601928383e81fd84b2ad56c4a065fede00be8b56e40c56760296cd21
271,336,c4047b78601928383e81fd84b2ad56c4a065fede00be8b56e40c56760296cd21
415,336,c4047b78601928383e81fd84b2ad56c4a065fede00be8b56e40c56760296cd21
416,336,c4047b78601928383e81fd84b2ad56c4a065fede00be8b56e40c56760296cd21
417,336,c4047b78601928383e81fd84b2ad56c4a065fede00be8b56e40c56760296cd21
418,336,c4047b78601928383e81fd84b2ad56c4a065fede00be8b56e40c56760296cd21
419,336,c4047b78601928383e81fd84b2ad56c4a065fede00be8b56e40c56760296cd21
420,336,c4047b78601928383e81fd84b2ad56c4a065fede00be8b56e40c56760296cd21
421,336,c4047b78601928383e81fd84b2ad56c4a065fede00be8b56e40c56760296cd21
422,336,c4047b78601928383e81fd84b2ad56c4a065fede00be8b56e40c56760296cd21
423,336,c4047b78601928383e81fd84b2ad56c4a065fede00be8b56e40c56760296cd21
424,336,c4047b78601928383e81fd84b2ad56c4a065fede00be8b56e40c56760296cd21
425,336,c4047b78601928383e81fd84b2ad56c4a065fede00be8b56e40c56760296cd21
426,336,c4047b78601928383e81fd84b2ad56c4a065fede00be8b56e40c56760296cd21
427,336,c4047b78601928383e81fd84b2ad56c4a065fede00be8b56e40c56760296cd21
428,336,c4047b78601928383e81fd84b2ad56c4a065fede00be8b56e40c56760296cd21
429,336,c4047b78601928383e81fd84b2ad56c4a065fede00be8b56e40c56760296cd21
430,336,c4047b78601928383e81fd84b2ad56c4a065fede00be8b56e40c56760296cd21
431,336,c4047b78601928383e81fd84b2ad56c4a065fede00be8b56e40c56760296cd21
581,336,c4047b78601928383e81fd84b2ad56c4a065fede00be8b56e40c56760296cd21
582,336,c4047b78601928383e81fd84b2ad56c4a065fede00be8b56e40c56760296cd21
583,336,c4047b78601928383e81fd84b2ad56c4a065fede00be8b56e40c56760296cd21
584,336,c4047b78601928383e81fd84b2ad56c4a065fede00be8b56e40c56760296cd21
585,336,c4047b78601928383e81fd84b2ad56c4a065fede00be8b56e40c56760296cd21
586,336,c4047b78601928383e81fd84b2ad56c4a065fede00be8b56e40c56760296cd21
587,336,c4047b78601928383e81fd84b2ad56c4a065fede00be8b56e40c56760296cd21
588,336,c4047b78601928383e81fd84b2ad56c4a065fede00be8b56e40c56760296cd21
589,336,c4047b78601928383e81fd84b2ad56c4a065fede00be8b56e40c56760296cd21
590,336,c4047b78601928383e81fd84b2ad56c4a065fede00be8b56e40c56760296cd21
591,336,c4047b78601928383e81fd84b2ad56c4a065fede00be8b56e40c56760296cd21
592,336,c4047b78601928383e81fd84b2ad56c4a065fede00be8b56e40c56760296cd21
593,336,c4047b78601928383e81fd84b2ad56c4a065fede00be8b56e40c56760296cd21
594,336,c4047b78601928383e81fd84b2ad56c4a065fede00be8b56e40c56760296cd21
595,336,c4047b78601928383e81fd84b2ad56c4a065fede00be8b56e40c56760296cd21
596,336,c4047b78601928383e81fd84b2ad56c4a065fede00be8b56e40c56760296cd21
597,336,c4047b78601928383e81fd84b2ad56c4a065fede00be8b56e40c56760296cd21
598,336,c4047b78601928383e81fd84b2ad56c4a065fede00be8b56e40c56760296cd21
599,336,c4047b78601928383e81fd84b2ad56c4a065fede00be8b56e40c56760296cd21
600,336,c4047b78601928383e81fd84b2ad56c4a065fede00be8b56e40c56760296cd21
601,336,c4047b78601928383e81fd84b2ad56c4a065fede00be8b56e40c56760296cd21
244,337,c4047b78601928383e81fd84b2ad56c4a065fede00be8b56e40c56760296cd21
271,337,c4047b78601928383e81fd84b2ad56c4a065fede00be8b56e40c56760296cd21
415,337,c4047b78601928383e81fd84b2ad56c4a065fede00be8b56e40c56760296cd21
416,337,c4047b78601928383e81fd84b2ad56c4a065fede00be8b56e40c56760296cd21
417,337,c4047b78601928383e81fd84b2ad56c4a065fede00be8b56e40c56760296cd21
418,337,c4047b78601928383e81fd84b2ad56c4a065fede00be8b56e40c56760296cd21
419,337,c4047b78601928383e81fd84b2ad56c4a065fede00be8b56e40c56760296cd21
420,337,c4047b78601928383e81fd84b2ad56c4a065fede00be8b56e40c56760296cd21
421,337,c4047b78601928383e81fd84b2ad56c4a065fede00be8b56e40c56760296cd21
422,337,c4047b78601928383e81fd84b2ad56c4a065fede00be8b56e40c56760296cd21
423,337,c4047b78601928383e81fd84b2ad56c4a065fede00be8b56e40c56760296cd21
424,337,c4047b78601928383e81fd84b2ad56c4a065fede00be8b56e40c56760296cd21
425,337,c4047b78601928383e81fd84b2ad56c4a065fede00be8b56e40c56760296cd21
426,337,c4047b78601928383e81fd84b2ad56c4a065fede00be8b56e40c56760296cd21
427,337,c4047b78601928383e81fd84b2ad56c4a065fede00be8b56e40c56760296cd21
428,337,c4047b78601928383e81fd84b2ad56c4a065fede00be8b56e40c56760296cd21
429,337,c4047b78601928383e81fd84b2ad56c4a065fede00be8b56e40c56760296cd21
430,337,c4047b78601928383e81fd84b2ad56c4a065fede00be8b56e40c56760296cd21
431,337,c4047b78601928383e81fd84b2ad56c4a065fede00be8b56e40c56760296cd21
581,337,c4047b78601928383e81fd84b2ad56c4a065fede00be8b56e40c56760296cd21
582,337,c4047b78601928383e81fd84b2ad56c4a065fede00be8b56e40c56760296cd21
583,337,c4047b78601928383e81fd84b2ad56c4a065fede00be8b56e40c56760296cd21
584,337,c4047b78601928383e81fd84b2ad56c4a065fede00be8b56e40c56760296cd21
585,337,c4047b78601928383e81fd84b2ad56c4a065fede00be8b56e40c56760296cd21
586,337,c4047b78601928383e81fd84b2ad56c4a065fede00be8b56e40c56760296cd21
587,337,c4047b78601928383e81fd84b2ad56c4a065fede00be8b56e40c56760296cd21
588,337,c4047b78601928383e81fd84b2ad56c4a065fede00be8b56e40c56760296cd21
589,337,c4047b78601928383e81fd84b2ad56c4a065fede00be8b56e40c56760296cd21
590,337,c4047b78601928383e81fd84b2ad56c4a065fede00be8b56e40c56760296cd21
591,337,c4047b78601928383e81fd84b2ad56c4a065fede00be8b56e40c56760296cd21
592,337,c4047b78601928383e81fd84b2ad56c4a065fede00be8b56e40c56760296cd21
593,337,c4047b78601928383e81fd84b2ad56c4a065fede00be8b56e40c56760296cd21
594,337,c4047b78601928383e81fd84b2ad56c4a065fede00be8b56e40c56760296cd21
595,337,c4047b78601928383e81fd84b2ad56c4a065fede00be8b56e40c56760296cd21
596,337,c4047b78601928383e81fd84b2ad56c4a065fede00be8b56e40c56760296cd21
597,337,c4047b78601928383e81fd84b2ad56c4a065fede00be8b56e40c56760296cd21
598,337,c4047b78601928383e81fd84b2ad56c4a065fede00be8b56e40c56760296cd21
599,337,c4047b78601928383e81fd84b2ad56c4a065fede00be8b56e40c56760296cd21
600,337,c4047b78601928383e81fd84b2ad56c4a065fede00be8b56e40c56760296cd21
601,337,c4047b78601928383e81fd84b2ad56c4a065fede00be8b56e40c56760296cd21
244,338,c4047b78601928383e81fd84b2ad56c4a065fede00be8b56e40c56760296cd21
271,338,c4047b78601928383e81fd84b2ad56c4a065fede00be8b56e40c56760296cd21
415,338,c4047b78601928383e81fd84b2ad56c4a065fede00be8b56e40c56760296cd21
416,338,c4047b78601928383e81fd84b2ad56c4a065fede00be8b56e40c56760296cd21
417,338,c4047b78601928383e81fd84b2ad56c4a065fede00be8b56e40c56760296cd21
418,338,c4047b78601928383e81fd84b2ad56c4a065fede00be8b56e40c56760296cd21
419,338,c4047b78601928383e81fd84b2ad56c4a065fede00be8b56e40c56760296cd21
420,338,c4047b78601928383e81fd84b2ad56c4a065fede00be8b56e40c56760296cd21
421,338,c4047b78601928383e81fd84b2ad56c4a065fede00be8b56e40c56760296cd21
422,338,c4047b78601928383e81fd84b2ad56c4a065fede00be8b56e40c56760296cd21
423,338,c4047b78601928383e81fd84b2ad56c4a065fede00be8b56e40c56760296cd21
424,338,c4047b78601928383e81fd84b2ad56c4a065fede00be8b56e40c56760296cd21
425,338,c4047b78601928383e81fd84b2ad56c4a065fede00be8b56e40c56760296cd21
426,338,c4047b78601928383e81fd84b2ad56c4a065fede00be8b56e40c56760296cd21
427,338,c4047b78601928383e81fd84b2ad56c4a065fede00be8b56e40c56760296cd21
428,338,c4047b78601928383e81fd84b2ad56c4a065fede00be8b56e40c56760296cd21
429,338,c4047b78601928383e81fd84b2ad56c4a065fede00be8b56e40c56760296cd21
430,338,c4047b78601928383e81fd84b2ad56c4a065fede00be8b56e40c56760296cd21
431,338,c4047b78601928383e81fd84b2ad56c4a065fede00be8b56e40c56760296cd21
581,338,c4047b78601928383e81fd84b2ad56c4a065fede00be8b56e40c56760296cd21
582,338,c4047b78601928383e81fd84b2ad56c4a065fede00be8b56e40c56760296cd21
583,338,c4047b78601928383e81fd84b2ad56c4a065fede00be8b56e40c56760296cd21
584,338,c4047b78601928383e81fd84b2ad56c4a065fede00be8b56e40c56760296cd21
585,338,c4047b78601928383e81fd84b2ad56c4a065fede00be8b56e40c56760296cd21
586,338,c4047b78601928383e81fd84b2ad56c4a065fede00be8b56e40c56760296cd21
587,338,c4047b78601928383e81fd84b2ad56c4a065fede00be8b56e40c56760296cd21
588,338,c4047b78601928383e81fd84b2ad56c4a065fede00be8b56e40c56760296cd21
589,338,c4047b78601928383e81fd84b2ad56c4a065fede00be8b56e40c56760296cd21
590,338,c4047b78601928383e81fd84b2ad56c4a065fede00be8b56e40c56760296cd21
591,338,c4047b78601928383e81fd84b2ad56c4a065fede00be8b56e40c56760296cd21
592,338,c4047b78601928383e81fd84b2ad56c4a065fede00be8b56e40c56760296cd21
593,338,c4047b78601928383e81fd84b2ad56c4a065fede00be8b56e40c56760296cd21
594,338,c4047b78601928383e81fd84b2ad56c4a065fede00be8b56e40c56760296cd21
595,338,c4047b78601928383e81fd84b2ad56c4a065fede00be8b56e40c56760296cd21
596,338,c4047b78601928383e81fd84b2ad56c4a065fede00be8b56e40c56760296cd21
597,338,c4047b78601928383e81fd84b2ad56c4a065fede00be8b56e40c56760296cd21
598,338,c4047b78601928383e81fd84b2ad56c4a065fede00be8b56e40c56760296cd21
599,338,c4047b78601928383e81fd84b2ad56c4a065fede00be8b56e40c56760296cd21
600,338,c4047b78601928383e81fd84b2ad56c4a065fede00be8b56e40c56760296cd21
601,338,c4047b78601928383e81fd84b2ad56c4a065fede00be8b56e40c56760296cd21
244,339,c4047b78601928383e81fd84b2ad56c4a065fede00be8b56e40c56760296cd21
271,339,c4047b78601928383e81fd84b2ad56c4a065fede00be8b56e40c56760296cd21
415,339,c4047b78601928383e81fd84b2ad56c4a065fede00be8b56e40c56760296cd21
416,339,c4047b78601928383e81fd84b2ad56c4a065fede00be8b56e40c56760296cd21
417,339,c4047b78601928383e81fd84b2ad56c4a065fede00be8b56e40c56760296cd21
418,339,c4047b78601928383e81fd84b2ad56c4a065fede00be8b56e40c56760296cd21
419,339,c4047b78601928383e81fd84b2ad56c4a065fede00be8b56e40c56760296cd21
420,339,c4047b78601928383e81fd84b2ad56c4a065fede00be8b56e40c56760296cd21
421,339,c4047b78601928383e81fd84b2ad56c4a065fede00be8b56e40c56760296cd21
422,339,c4047b78601928383e81fd84b2ad56c4a065fede00be8b56e40c56760296cd21
423,339,c4047b78601928383e81fd84b2ad56c4a065fede00be8b56e40c56760296cd21
424,339,c4047b78601928383e81fd84b2ad56c4a065fede00be8b56e40c56760296cd21
425,339,c4047b78601928383e81fd84b2ad56c4a065fede00be8b56e40c56760296cd21
426,339,c4047b78601928383e81fd84b2ad56c4a065fede00be8b56e40c56760296cd21
427,339,c4047b78601928383e81fd84b2ad56c4a065fede00be8b56e40c56760296cd21
428,339,c4047b78601928383e81fd84b2ad56c4a065fede00be8b56e40c56760296cd21
429,339,c4047b78601928383e81fd84b2ad56c4a065fede00be8b56e40c56760296cd21
430,339,c4047b78601928383e81fd84b2ad56c4a065fede00be8b56e40c56760296cd21
431,339,c4047b78601928383e81fd84b2ad56c4a065fede00be8b56e40c56760296cd21
581,339,c4047b78601928383e81fd84b2ad56c4a065fede00be8b56e40c56760296cd21
582,339,c4047b78601928383e81fd84b2ad56c4a065fede00be8b56e40c56760296cd21
583,339,c4047b78601928383e81fd84b2ad56c4a065fede00be8b56e40c56760296cd21
584,339,c4047b78601928383e81fd84b2ad56c4a065fede00be8b56e40c56760296cd21
585,339,c4047b78601928383e81fd84b2ad56c4a065fede00be8b56e40c56760296cd21
586,339,c4047b78601928383e81fd84b2ad56c4a065fede00be8b56e40c56760296cd21
587,339,c4047b78601928383e81fd84b2ad56c4a065fede00be8b56e40c56760296cd21
588,339,c4047b78601928383e81fd84b2ad56c4a065fede00be8b56e40c56760296cd21
589,339,c4047b78601928383e81fd84b2ad56c4a065fede00be8b56e40c56760296cd21
590,339,c4047b78601928383e81fd84b2ad56c4a065fede00be8b56e40c56760296cd21
591,339,c4047b78601928383e81fd84b2ad56c4a065fede00be8b56e40c56760296cd21
592,339,c4047b78601928383e81fd84b2ad56c4a065fede00be8b56e40c56760296cd21
593,339,c4047b78601928383e81fd84b2ad56c4a065fede00be8b56e40c56760296cd21
594,339,c4047b78601928383e81fd84b2ad56c4a065fede00be8b56e40c56760296cd21
595,339,c4047b78601928383e81fd84b2ad56c4a065fede00be8b56e40c56760296cd21
596,339,c4047b78601928383e81fd84b2ad56c4a065fede00be8b56e40c56760296cd21
597,339,c4047b78601928383e81fd84b2ad56c4a065fede00be8b56e40c56760296cd21
598,339,c4047b78601928383e81fd84b2ad56c4a065fede00be8b56e40c56760296cd21
599,339,c4047b78601928383e81fd84b2ad56c4a065fede00be8b56e40c56760296cd21
600,339,c4047b78601928383e81fd84b2ad56c4a065fede00be8b56e40c56760296cd21
601,339,c4047b78601928383e81fd84b2ad56c4a065fede00be8b56e40c56760296cd21
244,340,c4047b78601928383e81fd84b2ad56c4a065fede00be8b56e40c56760296cd21
245,340,c4047b78601928383e81fd84b2ad56c4a065fede00be8b56e40c56760296cd21
246,340,c4047b78601928383e81fd84b2ad56c4a065fede00be8b56e40c56760296cd21
247,340,c4047b78601928383e81fd84b2ad56c4a065fede00be8b56e40c56760296cd21
248,340,c4047b78601928383e81fd84b2ad56c4a065fede00be8b56e40c56760296cd21
249,340,c4047b78601928383e81fd84b2ad56c4a065fede00be8b56e40c56760296cd21
250,340,c4047b78601928383e81fd84b2ad56c4a065fede00be8b56e40c56760296cd21
251,340,c4047b78601928383e81fd84b2ad56c4a065fede00be8b56e40c56760296cd21
252,340,c4047b78601928383e81fd84b2ad56c4a065fede00be8b56e40c56760296cd21
253,340,c4047b78601928383e81fd84b2ad56c4a065fede00be8b56e40c56760296cd21
254,340,c4047b78601928383e81fd84b2ad56c4a065fede00be8b56e40c56760296cd21
255,340,c4047b78601928383e81fd84b2ad56c4a065fede00be8b56e40c56760296cd21
256,340,c4047b78601928383e81fd84b2ad56c4a065fede00be8b56e40c56760296cd21
257,340,c4047b78601928383e81fd84b2ad56c4a065fede00be8b56e40c56760296cd21
258,340,c4047b78601928383e81fd84b2ad56c4a065fede00be8b56e40c56760296cd21
259,340,c4047b78601928383e81fd84b2ad56c4a065fede00be8b56e40c56760296cd21
260,340,c4047b78601928383e81fd84b2ad56c4a065fede00be8b56e40c56760296cd21
261,340,c4047b78601928383e81fd84b2ad56c4a065fede00be8b56e40c56760296cd21
262,340,c4047b78601928383e81fd84b2ad56c4a065fede00be8b56e40c56760296cd21
263,340,c4047b78601928383e81fd84b2ad56c4a065fede00be8b56e40c56760296cd21
264,340,c4047b78601928383e81fd84b2ad56c4a065fede00be8b56e40c56760296cd21
265,340,c4047b78601928383e81fd84b2ad56c4a065fede00be8b56e40c56760296cd21
266,340,c4047b78601928383e81fd84b2ad56c4a065fede00be8b56e40c56760296cd21
267,340,c4047b78601928383e81fd84b2ad56c4a065fede00be8b56e40c56760296cd21
268,340,c4047b78601928383e81fd84b2ad56c4a065fede00be8b56e40c56760296cd21
269,340,c4047b78601928383e81fd84b2ad56c4a065fede00be8b56e40c56760296cd21
270,340,c4047b78601928383e81fd84b2ad56c4a065fede00be8b56e40c56760296cd21
271,340,c4047b78601928383e81fd84b2ad56c4a065fede00be8b56e40c56760296cd21
272,340,c4047b78601928383e81fd84b2ad56c4a065fede00be8b56e40c56760296cd21
273,340,c4047b78601928383e81fd84b2ad56c4a065fede00be8b56e40c56760296cd21
274,340,c4047b78601928383e81fd84b2ad56c4a065fede00be8b56e40c56760296cd21
275,340,c4047b78601928383e81fd84b2ad56c4a065fede00be8b56e40c56760296cd21
276,340,c4047b78601928383e81fd84b2ad56c4a065fede00be8b56e40c56760296cd21
277,340,c4047b78601928383e81fd84b2ad56c4a065fede00be8b56e40c56760296cd21
278,340,c4047b78601928383e81fd84b2ad56c4a065fede00be8b56e40c56760296cd21
279,340,c4047b78601928383e81fd84b2ad56c4a065fede00be8b56e40c56760296cd21
280,340,c4047b78601928383e81fd84b2ad56c4a065fede00be8b56e40c56760296cd21
281,340,c4047b78601928383e81fd84b2ad56c4a065fede00be8b56e40c56760296cd21
282,340,c4047b78601928383e81fd84b2ad56c4a065fede00be8b56e40c56760296cd21
283,340,c4047b78601928383e81fd84b2ad56c4a065fede00be8b56e40c56760296cd21
284,340,c4047b78601928383e81fd84b2ad56c4a065fede00be8b56e40c56760296cd21
285,340,c4047b78601928383e81fd84b2ad56c4a065fede00be8b56e40c56760296cd21
286,340,c4047b78601928383e81fd84b2ad56c4a065fede00be8b56e40c56760296cd21
287,340,c4047b78601928383e81fd84b2ad56c4a065fede00be8b56e40c56760296cd21
288,340,c4047b78601928383e81fd84b2ad56c4a065fede00be8b56e40c56760296cd21
289,340,c4047b78601928383e81fd84b2ad56c4a065fede00be8b56e40c56760296cd21
290,340,c4047b78601928383e81fd84b2ad56c4a065fede00be8b56e40c56760296cd21
291,340,c4047b78601928383e81fd84b2ad56c4a065fede00be8b56e40c56760296cd21
292,340,c4047b78601928383e81fd84b2ad56c4a065fede00be8b56e40c56760296cd21
293,340,c4047b78601928383e81fd84b2ad56c4a065fede00be8b56e40c56760296cd21
294,340,c4047b78601928383e81fd84b2ad56c4a065fede00be8b56e40c56760296cd21
295,340,c4047b78601928383e81fd84b2ad56c4a065fede00be8b56e40c56760296cd21
296,340,c4047b78601928383e81fd84b2ad56c4a065fede00be8b56e40c56760296cd21
297,340,c4047b78601928383e81fd84b2ad56c4a065fede00be8b56e40c56760296cd21
298,340,c4047b78601928383e81fd84b2ad56c4a065fede00be8b56e40c56760296cd21
299,340,c4047b78601928383e81fd84b2ad56c4a065fede00be8b56e40c56760296cd21
300,340,c4047b78601928383e81fd84b2ad56c4a065fede00be8b56e40c56760296cd21
301,340,c4047b78601928383e81fd84b2ad56c4a065fede00be8b56e40c56760296cd21
302,340,c4047b78601928383e81fd84b2ad56c4a065fede00be8b56e40c56760296cd21
303,340,c4047b78601928383e81fd84b2ad56c4a065fede00be8b56e40c56760296cd21
304,340,c4047b78601928383e81fd84b2ad56c4a065fede00be8b56e40c56760296cd21
305,340,c4047b78601928383e81fd84b2ad56c4a065fede00be8b56e40c56760296cd21
306,340,c4047b78601928383e81fd84b2ad56c4a065fede00be8b56e40c56760296cd21
307,340,c4047b78601928383e81fd84b2ad56c4a065fede00be8b56e40c56760296cd21
308,340,c4047b78601928383e81fd84b2ad56c4a065fede00be8b56e40c56760296cd21
309,340,c4047b78601928383e81fd84b2ad56c4a065fede00be8b56e40c56760296cd21
310,340,c4047b78601928383e81fd84b2ad56c4a065fede00be8b56e40c56760296cd21
311,340,c4047b78601928383e81fd84b2ad56c4a065fede00be8b56e40c56760296cd21
312,340,c4047b78601928383e81fd84b2ad56c4a065fede00be8b56e40c56760296cd21
313,340,c4047b78601928383e81fd84b2ad56c4a065fede00be8b56e40c56760296cd21
314,340,c4047b78601928383e81fd84b2ad56c4a065fede00be8b56e40c56760296cd21
315,340,c4047b78601928383e81fd84b2ad56c4a065fede00be8b56e40c56760296cd21
316,340,c4047b78601928383e81fd84b2ad56c4a065fede00be8b56e40c56760296cd21
317,340,c4047b78601928383e81fd84b2ad56c4a065fede00be8b56e40c56760296cd21
318,340,c4047b78601928383e81fd84b2ad56c4a065fede00be8b56e40c56760296cd21
319,340,c4047b78601928383e81fd84b2ad56c4a065fede00be8b56e40c56760296cd21
320,340,c4047b78601928383e81fd84b2ad56c4a065fede00be8b56e40c56760296cd21
321,340,c4047b78601928383e81fd84b2ad56c4a065fede00be8b56e40c56760296cd21
322,340,c4047b78601928383e81fd84b2ad56c4a065fede00be8b56e40c56760296cd21
323,340,c4047b78601928383e81fd84b2ad56c4a065fede00be8b56e40c56760296cd21
324,340,c4047b78601928383e81fd84b2ad56c4a065fede00be8b56e40c56760296cd21
325,340,c4047b78601928383e81fd84b2ad56c4a065fede00be8b56e40c56760296cd21
326,340,c4047b78601928383e81fd84b2ad56c4a065fede00be8b56e40c56760296cd21
327,340,c4047b78601928383e81fd84b2ad56c4a065fede00be8b56e40c56760296cd21
328,340,c4047b78601928383e81fd84b2ad56c4a065fede00be8b56e40c56760296cd21
329,340,c4047b78601928383e81fd84b2ad56c4a065fede00be8b56e40c56760296cd21
330,340,c4047b78601928383e81fd84b2ad56c4a065fede00be8b56e40c56760296cd21
331,340,c4047b78601928383e81fd84b2ad56c4a065fede00be8b56e40c56760296cd21
332,340,c4047b78601928383e81fd84b2ad56c4a065fede00be8b56e40c56760296cd21
333,340,c4047b78601928383e81fd84b2ad56c4a065fede00be8b56e40c56760296cd21
334,340,c4047b78601928383e81fd84b2ad56c4a065fede00be8b56e40c56760296cd21
335,340,c4047b78601928383e81fd84b2ad56c4a065fede00be8b56e40c56760296cd21
336,340,c4047b78601928383e81fd84b2ad56c4a065fede00be8b56e40c56760296cd21
337,340,c4047b78601928383e81fd84b2ad56c4a065fede00be8b56e40c56760296cd21
338,340,c4047b78601928383e81fd84b2ad56c4a065fede00be8b56e40c56760296cd21
339,340,c4047b78601928383e81fd84b2ad56c4a065fede00be8b56e40c56760296cd21
340,340,c4047b78601928383e81fd84b2ad56c4a065fede00be8b56e40c56760296cd21
341,340,c4047b78601928383e81fd84b2ad56c4a065fede00be8b56e40c56760296cd21
342,340,c4047b78601928383e81fd84b2ad56c4a065fede00be8b56e40c56760296cd21
343,340,c4047b78601928383e81fd84b2ad56c4a065fede00be8b56e40c56760296cd21
344,340,c4047b78601928383e81fd84b2ad56c4a065fede00be8b56e40c56760296cd21
345,340,c4047b78601928383e81fd84b2ad56c4a065fede00be8b56e40c56760296cd21
346,340,c4047b78601928383e81fd84b2ad56c4a065fede00be8b56e40c56760296cd21
347,340,c4047b78601928383e81fd84b2ad56c4a065fede00be8b56e40c56760296cd21
348,340,c4047b78601928383e81fd84b2ad56c4a065fede00be8b56e40c56760296cd21
349,340,c4047b78601928383e81fd84b2ad56c4a065fede00be8b56e40c56760296cd21
350,340,c4047b78601928383e81fd84b2ad56c4a065fede00be8b56e40c56760296cd21
351,340,c4047b78601928383e81fd84b2ad56c4a065fede00be8b56e40c56760296cd21
352,340,c4047b78601928383e81fd84b2ad56c4a065fede00be8b56e40c56760296cd21
353,340,c4047b78601928383e81fd84b2ad56c4a065fede00be8b56e40c56760296cd21
354,340,c4047b78601928383e81fd84b2ad56c4a065fede00be8b56e40c56760296cd21
355,340,c4047b78601928383e81fd84b2ad56c4a065fede00be8b56e40c56760296cd21
356,340,c4047b78601928383e81fd84b2ad56c4a065fede00be8b56e40c56760296cd21
357,340,c4047b78601928383e81fd84b2ad56c4a065fede00be8b56e40c56760296cd21
358,340,c4047b78601928383e81fd84b2ad56c4a065fede00be8b56e40c56760296cd21
359,340,c4047b78601928383e81fd84b2ad56c4a065fede00be8b56e40c56760296cd21
384,340,c4047b78601928383e81fd84b2ad56c4a065fede00be8b56e40c56760296cd21
385,340,c4047b78601928383e81fd84b2ad56c4a065fede00be8b56e40c56760296cd21
386,340,c4047b78601928383e81fd84b2ad56c4a065fede00be8b56e40c56760296cd21
387,340,c4047b78601928383e81fd84b2ad56c4a065fede00be8b56e40c56760296cd21
388,340,c4047b78601928383e81fd84b2ad56c4a065fede00be8b56e40c56760296cd21
389,340,c4047b78601928383e81fd84b2ad56c4a065fede00be8b56e40c56760296cd21
390,340,c4047b78601928383e81fd84b2ad56c4a065fede00be8b56e40c56760296cd21
391,340,c4047b78601928383e81fd84b2ad56c4a065fede00be8b56e40c56760296cd21
392,340,c4047b78601928383e81fd84b2ad56c4a065fede00be8b56e40c56760296cd21
393,340,c4047b78601928383e81fd84b2ad56c4a065fede00be8b56e40c56760296cd21
394,340,c4047b78601928383e81fd84b2ad56c4a065fede00be8b56e40c56760296cd21
395,340,c4047b78601928383e81fd84b2ad56c4a065fede00be8b56e40c56760296cd21
396,340,c4047b78601928383e81fd84b2ad56c4a065fede00be8b56e40c56760296cd21
397,340,c4047b78601928383e81fd84b2ad56c4a065fede00be8b56e40c56760296cd21
398,340,c4047b78601928383e81fd84b2ad56c4a065fede00be8b56e40c56760296cd21
399,340,c4047b78601928383e81fd84b2ad56c4a065fede00be8b56e40c56760296cd21
400,340,c4047b78601928383e81fd84b2ad56c4a065fede00be8b56e40c56760296cd21
401,340,c4047b78601928383e81fd84b2ad56c4a065fede00be8b56e40c56760296cd21
402,340,c4047b78601928383e81fd84b2ad56c4a065fede00be8b56e40c56760296cd21
403,340,c4047b78601928383e81fd84b2ad56c4a065fede00be8b56e40c56760296cd21
404,340,c4047b78601928383e81fd84b2ad56c4a065fede00be8b56e40c56760296cd21
405,340,c4047b78601928383e81fd84b2ad56c4a065fede00be8b56e40c56760296cd21
406,340,c4047b78601928383e81fd84b2ad56c4a065fede00be8b56e40c56760296cd21
407,340,c4047b78601928383e81fd84b2ad56c4a065fede00be8b56e40c56760296cd21
408,340,c4047b78601928383e81fd84b2ad56c4a065fede00be8b56e40c56760296cd21
409,340,c4047b78601928383e81fd84b2ad56c4a065fede00be8b56e40c56760296cd21
410,340,c4047b78601928383e81fd84b2ad56c4a065fede00be8b56e40c56760296cd21
411,340,c4047b78601928383e81fd84b2ad56c4a065fede00be8b56e40c56760296cd21
412,340,c4047b78601928383e81fd84b2ad56c4a065fede00be8b56e40c56760296cd21
413,340,c4047b78601928383e81fd84b2ad56c4a065fede00be8b56e40c56760296cd21
414,340,c4047b78601928383e81fd84b2ad56c4a065fede00be8b56e40c56760296cd21
415,340,c4047b78601928383e81fd84b2ad56c4a065fede00be8b56e40c56760296cd21
416,340,c4047b78601928383e81fd84b2ad56c4a065fede00be8b56e40c56760296cd21
417,340,c4047b78601928383e81fd84b2ad56c4a065fede00be8b56e40c56760296cd21
418,340,c4047b78601928383e81fd84b2ad56c4a065fede00be8b56e40c56760296cd21
419,340,c4047b78601928383e81fd84b2ad56c4a065fede00be8b56e40c56760296cd21
420,340,c4047b78601928383e81fd84b2ad56c4a065fede00be8b56e40c56760296cd21
421,340,c4047b78601928383e81fd84b2ad56c4a065fede00be8b56e40c56760296cd21
422,340,c4047b78601928383e81fd84b2ad56c4a065fede00be8b56e40c56760296cd21
423,340,c4047b78601928383e81fd84b2ad56c4a065fede00be8b56e40c56760296cd21
424,340,c4047b78601928383e81fd84b2ad56c4a065fede00be8b56e40c56760296cd21
425,340,c4047b78601928383e81fd84b2ad56c4a065fede00be8b56e40c56760296cd21
426,340,c4047b78601928383e81fd84b2ad56c4a065fede00be8b56e40c56760296cd21
427,340,c4047b78601928383e81fd84b2ad56c4a065fede00be8b56e40c56760296cd21
428,340,c4047b78601928383e81fd84b2ad56c4a065fede00be8b56e40c56760296cd21
429,340,c4047b78601928383e81fd84b2ad56c4a065fede00be8b56e40c56760296cd21
430,340,c4047b78601928383e81fd84b2ad56c4a065fede00be8b56e40c56760296cd21
431,340,c4047b78601928383e81fd84b2ad56c4a065fede00be8b56e40c56760296cd21
432,340,c4047b78601928383e81fd84b2ad56c4a065fede00be8b56e40c56760296cd21
433,340,c4047b78601928383e81fd84b2ad56c4a065fede00be8b56e40c56760296cd21
434,340,c4047b78601928383e81fd84b2ad56c4a065fede00be8b56e40c56760296cd21
435,340,c4047b78601928383e81fd84b2ad56c4a065fede00be8b56e40c56760296cd21
436,340,c4047b78601928383e81fd84b2ad56c4a065fede00be8b56e40c56760296cd21
437,340,c4047b78601928383e81fd84b2ad56c4a065fede00be8b56e40c56760296cd21
438,340,c4047b78601928383e81fd84b2ad56c4a065fede00be8b56e40c56760296cd21
439,340,c4047b78601928383e81fd84b2ad56c4a065fede00be8b56e40c56760296cd21
440,340,c4047b78601928383e81fd84b2ad56c4a065fede00be8b56e40c56760296cd21
441,340,c4047b78601928383e81fd84b2ad56c4a065fede00be8b56e40c56760296cd21
442,340,c4047b78601928383e81fd84b2ad56c4a065fede00be8b56e40c56760296cd21
443,340,c4047b78601928383e81fd84b2ad56c4a065fede00be8b56e40c56760296cd21
444,340,c4047b78601928383e81fd84b2ad56c4a065fede00be8b56e40c56760296cd21
445,340,c4047b78601928383e81fd84b2ad56c4a065fede00be8b56e40c56760296cd21
446,340,c4047b78601928383e81fd84b2ad56c4a065fede00be8b56e40c56760296cd21
447,340,c4047b78601928383e81fd84b2ad56c4a065fede00be8b56e40c56760296cd21
448,340,c4047b78601928383e81fd84b2ad56c4a065fede00be8b56e40c56760296cd21
449,340,c4047b78601928383e81fd84b2ad56c4a065fede00be8b56e40c56760296cd21
450,340,c4047b78601928383e81fd84b2ad56c4a065fede00be8b56e40c56760296cd21
451,340,c4047b78601928383e81fd84b2ad56c4a065fede00be8b56e40c56760296cd21
452,340,c4047b78601928383e81fd84b2ad56c4a065fede00be8b56e40c56760296cd21
453,340,c4047b78601928383e81fd84b2ad56c4a065fede00be8b56e40c56760296cd21
454,340,c4047b78601928383e81fd84b2ad56c4a065fede00be8b56e40c56760296cd21
455,340,c4047b78601928383e81fd84b2ad56c4a065fede00be8b56e40c56760296cd21
456,340,c4047b78601928383e81fd84b2ad56c4a065fede00be8b56e40c56760296cd21
457,340,c4047b78601928383e81fd84b2ad56c4a065fede00be8b56e40c56760296cd21
458,340,c4047b78601928383e81fd84b2ad56c4a065fede00be8b56e40c56760296cd21
459,340,c4047b78601928383e81fd84b2ad56c4a065fede00be8b56e40c56760296cd21
460,340,c4047b78601928383e81fd84b2ad56c4a065fede00be8b56e40c56760296cd21
461,340,c4047b78601928383e81fd84b2ad56c4a065fede00be8b56e40c56760296cd21
462,340,c4047b78601928383e81fd84b2ad56c4a065fede00be8b56e40c56760296cd21
463,340,c4047b78601928383e81fd84b2ad56c4a065fede00be8b56e40c56760296cd21
464,340,c4047b78601928383e81fd84b2ad56c4a065fede00be8b56e40c56760296cd21
465,340,c4047b78601928383e81fd84b2ad56c4a065fede00be8b56e40c56760296cd21
466,340,c4047b78601928383e81fd84b2ad56c4a065fede00be8b56e40c56760296cd21
467,340,c4047b78601928383e81fd84b2ad56c4a065fede00be8b56e40c56760296cd21
468,340,c4047b78601928383e81fd84b2ad56c4a065fede00be8b56e40c56760296cd21
469,340,c4047b78601928383e81fd84b2ad56c4a065fede00be8b56e40c56760296cd21
470,340,c4047b78601928383e81fd84b2ad56c4a065fede00be8b56e40c56760296cd21
471,340,c4047b78601928383e81fd84b2ad56c4a065fede00be8b56e40c56760296cd21
472,340,c4047b78601928383e81fd84b2ad56c4a065fede00be8b56e40c56760296cd21
473,340,c4047b78601928383e81fd84b2ad56c4a065fede00be8b56e40c56760296cd21
474,340,c4047b78601928383e81fd84b2ad56c4a065fede00be8b56e40c56760296cd21
475,340,c4047b78601928383e81fd84b2ad56c4a065fede00be8b56e40c56760296cd21
476,340,c4047b78601928383e81fd84b2ad56c4a065fede00be8b56e40c56760296cd21
477,340,c4047b78601928383e81fd84b2ad56c4a065fede00be8b56e40c56760296cd21
478,340,c4047b78601928383e81fd84b2ad56c4a065fede00be8b56e40c56760296cd21
479,340,c4047b78601928383e81fd84b2ad56c4a065fede00be8b56e40c56760296cd21
480,340,c4047b78601928383e81fd84b2ad56c4a065fede00be8b56e40c56760296cd21
481,340,c4047b78601928383e81fd84b2ad56c4a065fede00be8b56e40c56760296cd21
482,340,c4047b78601928383e81fd84b2ad56c4a065fede00be8b56e40c56760296cd21
483,340,c4047b78601928383e81fd84b2ad56c4a065fede00be8b56e40c56760296cd21
484,340,c4047b78601928383e81fd84b2ad56c4a065fede00be8b56e40c56760296cd21
485,340,c4047b78601928383e81fd84b2ad56c4a065fede00be8b56e40c56760296cd21
486,340,c4047b78601928383e81fd84b2ad56c4a065fede00be8b56e40c56760296cd21
487,340,c4047b78601928383e81fd84b2ad56c4a065fede00be8b56e40c56760296cd21
488,340,c4047b78601928383e81fd84b2ad56c4a065fede00be8b56e40c56760296cd21
489,340,c4047b78601928383e81fd84b2ad56c4a065fede00be8b56e40c56760296cd21
490,340,c4047b78601928383e81fd84b2ad56c4a065fede00be8b56e40c56760296cd21
491,340,c4047b78601928383e81fd84b2ad56c4a065fede00be8b56e40c56760296cd21
492,340,c4047b78601928383e81fd84b2ad56c4a065fede00be8b56e40c56760296cd21
493,340,c4047b78601928383e81fd84b2ad56c4a065fede00be8b56e40c56760296cd21
494,340,c4047b78601928383e81fd84b2ad56c4a065fede00be8b56e40c56760296cd21
495,340,c4047b78601928383e81fd84b2ad56c4a065fede00be8b56e40c56760296cd21
496,340,c4047b78601928383e81fd84b2ad56c4a065fede00be8b56e40c56760296cd21
497,340,c4047b78601928383e81fd84b2ad56c4a065fede00be8b56e40c56760296cd21
498,340,c4047b78601928383e81fd84b2ad56c4a065fede00be8b56e40c56760296cd21
499,340,c4047b78601928383e81fd84b2ad56c4a065fede00be8b56e40c56760296cd21
500,340,c4047b78601928383e81fd84b2ad56c4a065fede00be8b56e40c56760296cd21
501,340,c4047b78601928383e81fd84b2ad56c4a065fede00be8b56e40c56760296cd21
502,340,c4047b78601928383e81fd84b2ad56c4a065fede00be8b56e40c56760296cd21
503,340,c4047b78601928383e81fd84b2ad56c4a065fede00be8b56e40c56760296cd21
504,340,c4047b78601928383e81fd84b2ad56c4a065fede00be8b56e40c56760296cd21
505,340,c4047b78601928383e81fd84b2ad56c4a065fede00be8b56e40c56760296cd21
506,340,c4047b78601928383e81fd84b2ad56c4a065fede00be8b56e40c56760296cd21
507,340,c4047b78601928383e81fd84b2ad56c4a065fede00be8b56e40c56760296cd21
508,340,c4047b78601928383e81fd84b2ad56c4a065fede00be8b56e40c56760296cd21
509,340,c4047b78601928383e81fd84b2ad56c4a065fede00be8b56e40c56760296cd21
510,340,c4047b78601928383e81fd84b2ad56c4a065fede00be8b56e40c56760296cd21
511,340,c4047b78601928383e81fd84b2ad56c4a065fede00be8b56e40c56760296cd21
512,340,c4047b78601928383e81fd84b2ad56c4a065fede00be8b56e40c56760296cd21
513,340,c4047b78601928383e81fd84b2ad56c4a065fede00be8b56e40c56760296cd21
514,340,c4047b78601928383e81fd84b2ad56c4a065fede00be8b56e40c56760296cd21
515,340,c4047b78601928383e81fd84b2ad56c4a065fede00be8b56e40c56760296cd21
516,340,c4047b78601928383e81fd84b2ad56c4a065fede00be8b56e40c56760296cd21
517,340,c4047b78601928383e81fd84b2ad56c4a065fede00be8b56e40c56760296cd21
518,340,c4047b78601928383e81fd84b2ad56c4a065fede00be8b56e40c56760296cd21
519,340,c4047b78601928383e81fd84b2ad56c4a065fede00be8b56e40c56760296cd21
520,340,c4047b78601928383e81fd84b2ad56c4a065fede00be8b56e40c56760296cd21
521,340,c4047b78601928383e81fd84b2ad56c4a065fede00be8b56e40c56760296cd21
522,340,c4047b78601928383e81fd84b2ad56c4a065fede00be8b56e40c56760296cd21
523,340,c4047b78601928383e81fd84b2ad56c4a065fede00be8b56e40c56760296cd21
524,340,c4047b78601928383e81fd84b2ad56c4a065fede00be8b56e40c56760296cd21
525,340,c4047b78601928383e81fd84b2ad56c4a065fede00be8b56e40c56760296cd21
526,340,c4047b78601928383e81fd84b2ad56c4a065fede00be8b56e40c56760296cd21
527,340,c4047b78601928383e81fd84b2ad56c4a065fede00be8b56e40c56760296cd21
528,340,c4047b78601928383e81fd84b2ad56c4a065fede00be8b56e40c56760296cd21
529,340,c4047b78601928383e81fd84b2ad56c4a065fede00be8b56e40c56760296cd21
530,340,c4047b78601928383e81fd84b2ad56c4a065fede00be8b56e40c56760296cd21
531,340,c4047b78601928383e81fd84b2ad56c4a065fede00be8b56e40c56760296cd21
532,340,c4047b78601928383e81fd84b2ad56c4a065fede00be8b56e40c56760296cd21
533,340,c4047b78601928383e81fd84b2ad56c4a065fede00be8b56e40c56760296cd21
534,340,c4047b78601928383e81fd84b2ad56c4a065fede00be8b56e40c56760296cd21
535,340,c4047b78601928383e81fd84b2ad56c4a065fede00be8b56e40c56760296cd21
536,340,c4047b78601928383e81fd84b2ad56c4a065fede00be8b56e40c56760296cd21
537,340,c4047b78601928383e81fd84b2ad56c4a065fede00be8b56e40c56760296cd21
538,340,c4047b78601928383e81fd84b2ad56c4a065fede00be8b56e40c56760296cd21
539,340,c4047b78601928383e81fd84b2ad56c4a065fede00be8b56e40c56760296cd21
540,340,c4047b78601928383e81fd84b2ad56c4a065fede00be8b56e40c56760296cd21
541,340,c4047b78601928383e81fd84b2ad56c4a065fede00be8b56e40c56760296cd21
542,340,c4047b78601928383e81fd84b2ad56c4a065fede00be8b56e40c56760296cd21
543,340,c4047b78601928383e81fd84b2ad56c4a065fede00be8b56e40c56760296cd21
544,340,c4047b78601928383e81fd84b2ad56c4a065fede00be8b56e40c56760296cd21
545,340,c4047b78601928383e81fd84b2ad56c4a065fede00be8b56e40c56760296cd21
546,340,c4047b78601928383e81fd84b2ad56c4a065fede00be8b56e40c56760296cd21
547,340,c4047b78601928383e81fd84b2ad56c4a065fede00be8b56e40c56760296cd21
548,340,c4047b78601928383e81fd84b2ad56c4a065fede00be8b56e40c56760296cd21
549,340,c4047b78601928383e81fd84b2ad56c4a065fede00be8b56e40c56760296cd21
550,340,c4047b78601928383e81fd84b2ad56c4a065fede00be8b56e40c56760296cd21
551,340,c4047b78601928383e81fd84b2ad56c4a065fede00be8b56e40c56760296cd21
552,340,c4047b78601928383e81fd84b2ad56c4a065fede00be8b56e40c56760296cd21
553,340,c4047b78601928383e81fd84b2ad56c4a065fede00be8b56e40c56760296cd21
554,340,c4047b78601928383e81fd84b2ad56c4a065fede00be8b56e40c56760296cd21
555,340,c4047b78601928383e81fd84b2ad56c4a065fede00be8b56e40c56760296cd21
556,340,c4047b78601928383e81fd84b2ad56c4a065fede00be8b56e40c56760296cd21
557,340,c4047b78601928383e81fd84b2ad56c4a065fede00be8b56e40c56760296cd21
558,340,c4047b78601928383e81fd84b2ad56c4a065fede00be8b56e40c56760296cd21
559,340,c4047b78601928383e81fd84b2ad56c4a065fede00be8b56e40c56760296cd21
560,340,c4047b78601928383e81fd84b2ad56c4a065fede00be8b56e40c56760296cd21
561,340,c4047b78601928383e81fd84b2ad56c4a065fede00be8b56e40c56760296cd21
562,340,c4047b78601928383e81fd84b2ad56c4a065fede00be8b56e40c56760296cd21
563,340,c4047b78601928383e81fd84b2ad56c4a065fede00be8b56e40c56760296cd21
564,340,c4047b78601928383e81fd84b2ad56c4a065fede00be8b56e40c56760296cd21
565,340,c4047b78601928383e81fd84b2ad56c4a065fede00be8b56e40c56760296cd21
566,340,c4047b78601928383e81fd84b2ad56c4a065fede00be8b56e40c56760296cd21
567,340,c4047b78601928383e81fd84b2ad56c4a065fede00be8b56e40c56760296cd21
568,340,c4047b78601928383e81fd84b2ad56c4a065fede00be8b56e40c56760296cd21
569,340,c4047b78601928383e81fd84b2ad56c4a065fede00be8b56e40c56760296cd21
570,340,c4047b78601928383e81fd84b2ad56c4a065fede00be8b56e40c56760296cd21
571,340,c4047b78601928383e81fd84b2ad56c4a065fede00be8b56e40c56760296cd21
572,340,c4047b78601928383e81fd84b2ad56c4a065fede00be8b56e40c56760296cd21
573,340,c4047b78601928383e81fd84b2ad56c4a065fede00be8b56e40c56760296cd21
574,340,c4047b78601928383e81fd84b2ad56c4a065fede00be8b56e40c56760296cd21
575,340,c4047b78601928383e81fd84b2ad56c4a065fede00be8b56e40c56760296cd21
576,340,c4047b78601928383e81fd84b2ad56c4a065fede00be8b56e40c56760296cd21
577,340,c4047b78601928383e81fd84b2ad56c4a065fede00be8b56e40c56760296cd21
578,340,c4047b78601928383e81fd84b2ad56c4a065fede00be8b56e40c56760296cd21
579,340,c4047b78601928383e81fd84b2ad56c4a065fede00be8b56e40c56760296cd21
580,340,c4047b78601928383e81fd84b2ad56c4a065fede00be8b56e40c56760296cd21
581,340,c4047b78601928383e81fd84b2ad56c4a065fede00be8b56e40c56760296cd21
582,340,c4047b78601928383e81fd84b2ad56c4a065fede00be8b56e40c56760296cd21
583,340,c4047b78601928383e81fd84b2ad56c4a065fede00be8b56e40c56760296cd21
584,340,c4047b78601928383e81fd84b2ad56c4a065fede00be8b56e40c56760296cd21
585,340,c4047b78601928383e81fd84b2ad56c4a065fede00be8b56e40c56760296cd21
586,340,c4047b78601928383e81fd84b2ad56c4a065fede00be8b56e40c56760296cd21
587,340,c4047b78601928383e81fd84b2ad56c4a065fede00be8b56e40c56760296cd21
588,340,c4047b78601928383e81fd84b2ad56c4a065fede00be8b56e40c56760296cd21
589,340,c4047b78601928383e81fd84b2ad56c4a065fede00be8b56e40c56760296cd21
590,340,c4047b78601928383e81fd84b2ad56c4a065fede00be8b56e40c56760296cd21
591,340,c4047b78601928383e81fd84b2ad56c4a065fede00be8b56e40c56760296cd21
592,340,c4047b78601928383e81fd84b2ad56c4a065fede00be8b56e40c56760296cd21
593,340,c4047b78601928383e81fd84b2ad56c4a065fede00be8b56e40c56760296cd21
594,340,c4047b78601928383e81fd84b2ad56c4a065fede00be8b56e40c56760296cd21
595,340,c4047b78601928383e81fd84b2ad56c4a065fede00be8b56e40c56760296cd21
596,340,c4047b78601928383e81fd84b2ad56c4a065fede00be8b56e40c56760296cd21
597,340,c4047b78601928383e81fd84b2ad56c4a065fede00be8b56e40c56760296cd21
598,340,c4047b78601928383e81fd84b2ad56c4a065fede00be8b56e40c56760296cd21
599,340,c4047b78601928383e81fd84b2ad56c4a065fede00be8b56e40c56760296cd21
600,340,c4047b78601928383e81fd84b2ad56c4a065fede00be8b56e40c56760296cd21
601,340,c4047b78601928383e81fd84b2ad56c4a065fede00be8b56e40c56760296cd21
244,341,c4047b78601928383e81fd84b2ad56c4a065fede00be8b56e40c56760296cd21
245,341,c4047b78601928383e81fd84b2ad56c4a065fede00be8b56e40c56760296cd21
246,341,c4047b78601928383e81fd84b2ad56c4a065fede00be8b56e40c56760296cd21
247,341,c4047b78601928383e81fd84b2ad56c4a065fede00be8b56e40c56760296cd21
248,341,c4047b78601928383e81fd84b2ad56c4a065fede00be8b56e40c56760296cd21
249,341,c4047b78601928383e81fd84b2ad56c4a065fede00be8b56e40c56760296cd21
250,341,c4047b78601928383e81fd84b2ad56c4a065fede00be8b56e40c56760296cd21
251,341,c4047b78601928383e81fd84b2ad56c4a065fede00be8b56e40c56760296cd21
252,341,c4047b78601928383e81fd84b2ad56c4a065fede00be8b56e40c56760296cd21
253,341,c4047b78601928383e81fd84b2ad56c4a065fede00be8b56e40c56760296cd21
254,341,c4047b78601928383e81fd84b2ad56c4a065fede00be8b56e40c56760296cd21
255,341,c4047b78601928383e81fd84b2ad56c4a065fede00be8b56e40c56760296cd21
256,341,c4047b78601928383e81fd84b2ad56c4a065fede00be8b56e40c56760296cd21
257,341,c4047b78601928383e81fd84b2ad56c4a065fede00be8b56e40c56760296cd21
258,341,c4047b78601928383e81fd84b2ad56c4a065fede00be8b56e40c56760296cd21
259,341,c4047b78601928383e81fd84b2ad56c4a065fede00be8b56e40c56760296cd21
260,341,c4047b78601928383e81fd84b2ad56c4a065fede00be8b56e40c56760296cd21
261,341,c4047b78601928383e81fd84b2ad56c4a065fede00be8b56e40c56760296cd21
262,341,c4047b78601928383e81fd84b2ad56c4a065fede00be8b56e40c56760296cd21
263,341,c4047b78601928383e81fd84b2ad56c4a065fede00be8b56e40c56760296cd21
264,341,c4047b78601928383e81fd84b2ad56c4a065fede00be8b56e40c56760296cd21
265,341,c4047b78601928383e81fd84b2ad56c4a065fede00be8b56e40c56760296cd21
266,341,c4047b78601928383e81fd84b2ad56c4a065fede00be8b56e40c56760296cd21
267,341,c4047b78601928383e81fd84b2ad56c4a065fede00be8b56e40c56760296cd21
268,341,c4047b78601928383e81fd84b2ad56c4a065fede00be8b56e40c56760296cd21
269,341,c4047b78601928383e81fd84b2ad56c4a065fede00be8b56e40c56760296cd21
270,341,c4047b78601928383e81fd84b2ad56c4a065fede00be8b56e40c56760296cd21
271,341,c4047b78601928383e81fd84b2ad56c4a065fede00be8b56e40c56760296cd21
272,341,c4047b78601928383e81fd84b2ad56c4a065fede00be8b56e40c56760296cd21
273,341,c4047b78601928383e81fd84b2ad56c4a065fede00be8b56e40c56760296cd21
274,341,c4047b78601928383e81fd84b2ad56c4a065fede00be8b56e40c56760296cd21
275,341,c4047b78601928383e81fd84b2ad56c4a065fede00be8b56e40c56760296cd21
276,341,c4047b78601928383e81fd84b2ad56c4a065fede00be8b56e40c56760296cd21
277,341,c4047b78601928383e81fd84b2ad56c4a065fede00be8b56e40c56760296cd21
278,341,c4047b78601928383e81fd84b2ad56c4a065fede00be8b56e40c56760296cd21
279,341,c4047b78601928383e81fd84b2ad56c4a065fede00be8b56e40c56760296cd21
280,341,c4047b78601928383e81fd84b2ad56c4a065fede00be8b56e40c56760296cd21
281,341,c4047b78601928383e81fd84b2ad56c4a065fede00be8b56e40c56760296cd21
282,341,c4047b78601928383e81fd84b2ad56c4a065fede00be8b56e40c56760296cd21
283,341,c4047b78601928383e81fd84b2ad56c4a065fede00be8b56e40c56760296cd21
284,341,c4047b78601928383e81fd84b2ad56c4a065fede00be8b56e40c56760296cd21
285,341,c4047b78601928383e81fd84b2ad56c4a065fede00be8b56e40c56760296cd21
286,341,c4047b78601928383e81fd84b2ad56c4a065fede00be8b56e40c56760296cd21
287,341,c4047b78601928383e81fd84b2ad56c4a065fede00be8b56e40c56760296cd21
288,341,c4047b78601928383e81fd84b2ad56c4a065fede00be8b56e40c56760296cd21
289,341,c4047b78601928383e81fd84b2ad56c4a065fede00be8b56e40c56760296cd21
290,341,c4047b78601928383e81fd84b2ad56c4a065fede00be8b56e40c56760296cd21
291,341,c4047b78601928383e81fd84b2ad56c4a065fede00be8b56e40c56760296cd21
292,341,c4047b78601928383e81fd84b2ad56c4a065fede00be8b56e40c56760296cd21
293,341,c4047b78601928383e81fd84b2ad56c4a065fede00be8b56e40c56760296cd21
294,341,c4047b78601928383e81fd84b2ad56c4a065fede00be8b56e40c56760296cd21
295,341,c4047b78601928383e81fd84b2ad56c4a065fede00be8b56e40c56760296cd21
296,341,c4047b78601928383e81fd84b2ad56c4a065fede00be8b56e40c56760296cd21
297,341,c4047b78601928383e81fd84b2ad56c4a065fede00be8b56e40c56760296cd21
298,341,c4047b78601928383e81fd84b2ad56c4a065fede00be8b56e40c56760296cd21
299,341,c4047b78601928383e81fd84b2ad56c4a065fede00be8b56e40c56760296cd21
300,341,c4047b78601928383e81fd84b2ad56c4a065fede00be8b56e40c56760296cd21
301,341,c4047b78601928383e81fd84b2ad56c4a065fede00be8b56e40c56760296cd21
302,341,c4047b78601928383e81fd84b2ad56c4a065fede00be8b56e40c56760296cd21
303,341,c4047b78601928383e81fd84b2ad56c4a065fede00be8b56e40c56760296cd21
304,341,c4047b78601928383e81fd84b2ad56c4a065fede00be8b56e40c56760296cd21
305,341,c4047b78601928383e81fd84b2ad56c4a065fede00be8b56e40c56760296cd21
306,341,c4047b78601928383e81fd84b2ad56c4a065fede00be8b56e40c56760296cd21
307,341,c4047b78601928383e81fd84b2ad56c4a065fede00be8b56e40c56760296cd21
308,341,c4047b78601928383e81fd84b2ad56c4a065fede00be8b56e40c56760296cd21
309,341,c4047b78601928383e81fd84b2ad56c4a065fede00be8b56e40c56760296cd21
310,341,c4047b78601928383e81fd84b2ad56c4a065fede00be8b56e40c56760296cd21
311,341,c4047b78601928383e81fd84b2ad56c4a065fede00be8b56e40c56760296cd21
312,341,c4047b78601928383e81fd84b2ad56c4a065fede00be8b56e40c56760296cd21
313,341,c4047b78601928383e81fd84b2ad56c4a065fede00be8b56e40c56760296cd21
314,341,c4047b78601928383e81fd84b2ad56c4a065fede00be8b56e40c56760296cd21
315,341,c4047b78601928383e81fd84b2ad56c4a065fede00be8b56e40c56760296cd21
316,341,c4047b78601928383e81fd84b2ad56c4a065fede00be8b56e40c56760296cd21
317,341,c4047b78601928383e81fd84b2ad56c4a065fede00be8b56e40c56760296cd21
318,341,c4047b78601928383e81fd84b2ad56c4a065fede00be8b56e40c56760296cd21
319,341,c4047b78601928383e81fd84b2ad56c4a065fede00be8b56e40c56760296cd21
320,341,c4047b78601928383e81fd84b2ad56c4a065fede00be8b56e40c56760296cd21
321,341,c4047b78601928383e81fd84b2ad56c4a065fede00be8b56e40c56760296cd21
322,341,c4047b78601928383e81fd84b2ad56c4a065fede00be8b56e40c56760296cd21
323,341,c4047b78601928383e81fd84b2ad56c4a065fede00be8b56e40c56760296cd21
324,341,c4047b78601928383e81fd84b2ad56c4a065fede00be8b56e40c56760296cd21
325,341,c4047b78601928383e81fd84b2ad56c4a065fede00be8b56e40c56760296cd21
326,341,c4047b78601928383e81fd84b2ad56c4a065fede00be8b56e40c56760296cd21
327,341,c4047b78601928383e81fd84b2ad56c4a065fede00be8b56e40c56760296cd21
328,341,c4047b78601928383e81fd84b2ad56c4a065fede00be8b56e40c56760296cd21
329,341,c4047b78601928383e81fd84b2ad56c4a065fede00be8b56e40c56760296cd21
330,341,c4047b78601928383e81fd84b2ad56c4a065fede00be8b56e40c56760296cd21
331,341,c4047b78601928383e81fd84b2ad56c4a065fede00be8b56e40c56760296cd21
332,341,c4047b78601928383e81fd84b2ad56c4a065fede00be8b56e40c56760296cd21
333,341,c4047b78601928383e81fd84b2ad56c4a065fede00be8b56e40c56760296cd21
334,341,c4047b78601928383e81fd84b2ad56c4a065fede00be8b56e40c56760296cd21
335,341,c4047b78601928383e81fd84b2ad56c4a065fede00be8b56e40c56760296cd21
336,341,c4047b78601928383e81fd84b2ad56c4a065fede00be8b56e40c56760296cd21
337,341,c4047b78601928383e81fd84b2ad56c4a065fede00be8b56e40c56760296cd21
338,341,c4047b78601928383e81fd84b2ad56c4a065fede00be8b56e40c56760296cd21
339,341,c4047b78601928383e81fd84b2ad56c4a065fede00be8b56e40c56760296cd21
340,341,c4047b78601928383e81fd84b2ad56c4a065fede00be8b56e40c56760296cd21
341,341,c4047b78601928383e81fd84b2ad56c4a065fede00be8b56e40c56760296cd21
342,341,c4047b78601928383e81fd84b2ad56c4a065fede00be8b56e40c56760296cd21
343,341,c4047b78601928383e81fd84b2ad56c4a065fede00be8b56e40c56760296cd21
344,341,c4047b78601928383e81fd84b2ad56c4a065fede00be8b56e40c56760296cd21
345,341,c4047b78601928383e81fd84b2ad56c4a065fede00be8b56e40c56760296cd21
346,341,c4047b78601928383e81fd84b2ad56c4a065fede00be8b56e40c56760296cd21
347,341,c4047b78601928383e81fd84b2ad56c4a065fede00be8b56e40c56760296cd21
348,341,c4047b78601928383e81fd84b2ad56c4a065fede00be8b56e40c56760296cd21
349,341,c4047b78601928383e81fd84b2ad56c4a065fede00be8b56e40c56760296cd21
350,341,c4047b78601928383e81fd84b2ad56c4a065fede00be8b56e40c56760296cd21
351,341,c4047b78601928383e81fd84b2ad56c4a065fede00be8b56e40c56760296cd21
352,341,c4047b78601928383e81fd84b2ad56c4a065fede00be8b56e40c56760296cd21
353,341,c4047b78601928383e81fd84b2ad56c4a065fede00be8b56e40c56760296cd21
354,341,c4047b78601928383e81fd84b2ad56c4a065fede00be8b56e40c56760296cd21
355,341,c4047b78601928383e81fd84b2ad56c4a065fede00be8b56e40c56760296cd21
356,341,c4047b78601928383e81fd84b2ad56c4a065fede00be8b56e40c56760296cd21
357,341,c4047b78601928383e81fd84b2ad56c4a065fede00be8b56e40c56760296cd21
358,341,c4047b78601928383e81fd84b2ad56c4a065fede00be8b56e40c56760296cd21
359,341,c4047b78601928383e81fd84b2ad56c4a065fede00be8b56e40c56760296cd21
360,341,c4047b78601928383e81fd84b2ad56c4a065fede00be8b56e40c56760296cd21
361,341,c4047b78601928383e81fd84b2ad56c4a065fede00be8b56e40c56760296cd21
362,341,c4047b78601928383e81fd84b2ad56c4a065fede00be8b56e40c56760296cd21
363,341,c4047b78601928383e81fd84b2ad56c4a065fede00be8b56e40c56760296cd21
364,341,c4047b78601928383e81fd84b2ad56c4a065fede00be8b56e40c56760296cd21
365,341,c4047b78601928383e81fd84b2ad56c4a065fede00be8b56e40c56760296cd21
366,341,c4047b78601928383e81fd84b2ad56c4a065fede00be8b56e40c56760296cd21
367,341,c4047b78601928383e81fd84b2ad56c4a065fede00be8b56e40c56760296cd21
368,341,c4047b78601928383e81fd84b2ad56c4a065fede00be8b56e40c56760296cd21
369,341,c4047b78601928383e81fd84b2ad56c4a065fede00be8b56e40c56760296cd21
370,341,c4047b78601928383e81fd84b2ad56c4a065fede00be8b56e40c56760296cd21
371,341,c4047b78601928383e81fd84b2ad56c4a065fede00be8b56e40c56760296cd21
372,341,c4047b78601928383e81fd84b2ad56c4a065fede00be8b56e40c56760296cd21
373,341,c4047b78601928383e81fd84b2ad56c4a065fede00be8b56e40c56760296cd21
374,341,c4047b78601928383e81fd84b2ad56c4a065fede00be8b56e40c56760296cd21
375,341,c4047b78601928383e81fd84b2ad56c4a065fede00be8b56e40c56760296cd21
376,341,c4047b78601928383e81fd84b2ad56c4a065fede00be8b56e40c56760296cd21
377,341,c4047b78601928383e81fd84b2ad56c4a065fede00be8b56e40c56760296cd21
378,341,c4047b78601928383e81fd84b2ad56c4a065fede00be8b56e40c56760296cd21
379,341,c4047b78601928383e81fd84b2ad56c4a065fede00be8b56e40c56760296cd21
380,341,c4047b78601928383e81fd84b2ad56c4a065fede00be8b56e40c56760296cd21
381,341,c4047b78601928383e81fd84b2ad56c4a065fede00be8b56e40c56760296cd21
382,341,c4047b78601928383e81fd84b2ad56c4a065fede00be8b56e40c56760296cd21
383,341,c4047b78601928383e81fd84b2ad56c4a065fede00be8b56e40c56760296cd21
384,341,c4047b78601928383e81fd84b2ad56c4a065fede00be8b56e40c56760296cd21
385,341,c4047b78601928383e81fd84b2ad56c4a065fede00be8b56e40c56760296cd21
386,341,c4047b78601928383e81fd84b2ad56c4a065fede00be8b56e40c56760296cd21
387,341,c4047b78601928383e81fd84b2ad56c4a065fede00be8b56e40c56760296cd21
388,341,c4047b78601928383e81fd84b2ad56c4a065fede00be8b56e40c56760296cd21
389,341,c4047b78601928383e81fd84b2ad56c4a065fede00be8b56e40c56760296cd21
390,341,c4047b78601928383e81fd84b2ad56c4a065fede00be8b56e40c56760296cd21
391,341,c4047b78601928383e81fd84b2ad56c4a065fede00be8b56e40c56760296cd21
392,341,c4047b78601928383e81fd84b2ad56c4a065fede00be8b56e40c56760296cd21
393,341,c4047b78601928383e81fd84b2ad56c4a065fede00be8b56e40c56760296cd21
394,341,c4047b78601928383e81fd84b2ad56c4a065fede00be8b56e40c56760296cd21
395,341,c4047b78601928383e81fd84b2ad56c4a065fede00be8b56e40c56760296cd21
396,341,c4047b78601928383e81fd84b2ad56c4a065fede00be8b56e40c56760296cd21
397,341,c4047b78601928383e81fd84b2ad56c4a065fede00be8b56e40c56760296cd21
398,341,c4047b78601928383e81fd84b2ad56c4a065fede00be8b56e40c56760296cd21
399,341,c4047b78601928383e81fd84b2ad56c4a065fede00be8b56e40c56760296cd21
400,341,c4047b78601928383e81fd84b2ad56c4a065fede00be8b56e40c56760296cd21
401,341,c4047b78601928383e81fd84b2ad56c4a065fede00be8b56e40c56760296cd21
402,341,c4047b78601928383e81fd84b2ad56c4a065fede00be8b56e40c56760296cd21
403,341,c4047b78601928383e81fd84b2ad56c4a065fede00be8b56e40c56760296cd21
404,341,c4047b78601928383e81fd84b2ad56c4a065fede00be8b56e40c56760296cd21
405,341,c4047b78601928383e81fd84b2ad56c4a065fede00be8b56e40c56760296cd21
406,341,c4047b78601928383e81fd84b2ad56c4a065fede00be8b56e40c56760296cd21
407,341,c4047b78601928383e81fd84b2ad56c4a065fede00be8b56e40c56760296cd21
408,341,c4047b78601928383e81fd84b2ad56c4a065fede00be8b56e40c56760296cd21
409,341,c4047b78601928383e81fd84b2ad56c4a065fede00be8b56e40c56760296cd21
410,341,c4047b78601928383e81fd84b2ad56c4a065fede00be8b56e40c56760296cd21
411,341,c4047b78601928383e81fd84b2ad56c4a065fede00be8b56e40c56760296cd21
412,341,c4047b78601928383e81fd84b2ad56c4a065fede00be8b56e40c56760296cd21
413,341,c4047b78601928383e81fd84b2ad56c4a065fede00be8b56e40c56760296cd21
414,341,c4047b78601928383e81fd84b2ad56c4a065fede00be8b56e40c56760296cd21
415,341,c4047b78601928383e81fd84b2ad56c4a065fede00be8b56e40c56760296cd21
416,341,c4047b78601928383e81fd84b2ad56c4a065fede00be8b56e40c56760296cd21
417,341,c4047b78601928383e81fd84b2ad56c4a065fede00be8b56e40c56760296cd21
418,341,c4047b78601928383e81fd84b2ad56c4a065fede00be8b56e40c56760296cd21
419,341,c4047b78601928383e81fd84b2ad56c4a065fede00be8b56e40c56760296cd21
420,341,c4047b78601928383e81fd84b2ad56c4a065fede00be8b56e40c56760296cd21
421,341,c4047b78601928383e81fd84b2ad56c4a065fede00be8b56e40c56760296cd21
422,341,c4047b78601928383e81fd84b2ad56c4a065fede00be8b56e40c56760296cd21
423,341,c4047b78601928383e81fd84b2ad56c4a065fede00be8b56e40c56760296cd21
424,341,c4047b78601928383e81fd84b2ad56c4a065fede00be8b56e40c56760296cd21
425,341,c4047b78601928383e81fd84b2ad56c4a065fede00be8b56e40c56760296cd21
426,341,c4047b78601928383e81fd84b2ad56c4a065fede00be8b56e40c56760296cd21
427,341,c4047b78601928383e81fd84b2ad56c4a065fede00be8b56e40c56760296cd21
428,341,c4047b78601928383e81fd84b2ad56c4a065fede00be8b56e40c56760296cd21
429,341,c4047b78601928383e81fd84b2ad56c4a065fede00be8b56e40c56760296cd21
430,341,c4047b78601928383e81fd84b2ad56c4a065fede00be8b56e40c56760296cd21
431,341,c4047b78601928383e81fd84b2ad56c4a065fede00be8b56e40c56760296cd21
432,341,c4047b78601928383e81fd84b2ad56c4a065fede00be8b56e40c56760296cd21
433,341,c4047b78601928383e81fd84b2ad56c4a065fede00be8b56e40c56760296cd21
434,341,c4047b78601928383e81fd84b2ad56c4a065fede00be8b56e40c56760296cd21
435,341,c4047b78601928383e81fd84b2ad56c4a065fede00be8b56e40c56760296cd21
436,341,c4047b78601928383e81fd84b2ad56c4a065fede00be8b56e40c56760296cd21
437,341,c4047b78601928383e81fd84b2ad56c4a065fede00be8b56e40c56760296cd21
438,341,c4047b78601928383e81fd84b2ad56c4a065fede00be8b56e40c56760296cd21
439,341,c4047b78601928383e81fd84b2ad56c4a065fede00be8b56e40c56760296cd21
440,341,c4047b78601928383e81fd84b2ad56c4a065fede00be8b56e40c56760296cd21
441,341,c4047b78601928383e81fd84b2ad56c4a065fede00be8b56e40c56760296cd21
442,341,c4047b78601928383e81fd84b2ad56c4a065fede00be8b56e40c56760296cd21
443,341,c4047b78601928383e81fd84b2ad56c4a065fede00be8b56e40c56760296cd21
444,341,c4047b78601928383e81fd84b2ad56c4a065fede00be8b56e40c56760296cd21
445,341,c4047b78601928383e81fd84b2ad56c4a065fede00be8b56e40c56760296cd21
446,341,c4047b78601928383e81fd84b2ad56c4a065fede00be8b56e40c56760296cd21
447,341,c4047b78601928383e81fd84b2ad56c4a065fede00be8b56e40c56760296cd21
448,341,c4047b78601928383e81fd84b2ad56c4a065fede00be8b56e40c56760296cd21
449,341,c4047b78601928383e81fd84b2ad56c4a065fede00be8b56e40c56760296cd21
450,341,c4047b78601928383e81fd84b2ad56c4a065fede00be8b56e40c56760296cd21
451,341,c4047b78601928383e81fd84b2ad56c4a065fede00be8b56e40c56760296cd21
452,341,c4047b78601928383e81fd84b2ad56c4a065fede00be8b56e40c56760296cd21
453,341,c4047b78601928383e81fd84b2ad56c4a065fede00be8b56e40c56760296cd21
454,341,c4047b78601928383e81fd84b2ad56c4a065fede00be8b56e40c56760296cd21
455,341,c4047b78601928383e81fd84b2ad56c4a065fede00be8b56e40c56760296cd21
456,341,c4047b78601928383e81fd84b2ad56c4a065fede00be8b56e40c56760296cd21
457,341,c4047b78601928383e81fd84b2ad56c4a065fede00be8b56e40c56760296cd21
458,341,c4047b78601928383e81fd84b2ad56c4a065fede00be8b56e40c56760296cd21
459,341,c4047b78601928383e81fd84b2ad56c4a065fede00be8b56e40c56760296cd21
460,341,c4047b78601928383e81fd84b2ad56c4a065fede00be8b56e40c56760296cd21
461,341,c4047b78601928383e81fd84b2ad56c4a065fede00be8b56e40c56760296cd21
462,341,c4047b78601928383e81fd84b2ad56c4a065fede00be8b56e40c56760296cd21
463,341,c4047b78601928383e81fd84b2ad56c4a065fede00be8b56e40c56760296cd21
464,341,c4047b78601928383e81fd84b2ad56c4a065fede00be8b56e40c56760296cd21
465,341,c4047b78601928383e81fd84b2ad56c4a065fede00be8b56e40c56760296cd21
466,341,c4047b78601928383e81fd84b2ad56c4a065fede00be8b56e40c56760296cd21
467,341,c4047b78601928383e81fd84b2ad56c4a065fede00be8b56e40c56760296cd21
468,341,c4047b78601928383e81fd84b2ad56c4a065fede00be8b56e40c56760296cd21
469,341,c4047b78601928383e81fd84b2ad56c4a065fede00be8b56e40c56760296cd21
470,341,c4047b78601928383e81fd84b2ad56c4a065fede00be8b56e40c56760296cd21
471,341,c4047b78601928383e81fd84b2ad56c4a065fede00be8b56e40c56760296cd21
472,341,c4047b78601928383e81fd84b2ad56c4a065fede00be8b56e40c56760296cd21
473,341,c4047b78601928383e81fd84b2ad56c4a065fede00be8b56e40c56760296cd21
474,341,c4047b78601928383e81fd84b2ad56c4a065fede00be8b56e40c56760296cd21
475,341,c4047b78601928383e81fd84b2ad56c4a065fede00be8b56e40c56760296cd21
476,341,c4047b78601928383e81fd84b2ad56c4a065fede00be8b56e40c56760296cd21
477,341,c4047b78601928383e81fd84b2ad56c4a065fede00be8b56e40c56760296cd21
478,341,c4047b78601928383e81fd84b2ad56c4a065fede00be8b56e40c56760296cd21
479,341,c4047b78601928383e81fd84b2ad56c4a065fede00be8b56e40c56760296cd21
480,341,c4047b78601928383e81fd84b2ad56c4a065fede00be8b56e40c56760296cd21
481,341,c4047b78601928383e81fd84b2ad56c4a065fede00be8b56e40c56760296cd21
482,341,c4047b78601928383e81fd84b2ad56c4a065fede00be8b56e40c56760296cd21
483,341,c4047b78601928383e81fd84b2ad56c4a065fede00be8b56e40c56760296cd21
484,341,c4047b78601928383e81fd84b2ad56c4a065fede00be8b56e40c56760296cd21
485,341,c4047b78601928383e81fd84b2ad56c4a065fede00be8b56e40c56760296cd21
486,341,c4047b78601928383e81fd84b2ad56c4a065fede00be8b56e40c56760296cd21
487,341,c4047b78601928383e81fd84b2ad56c4a065fede00be8b56e40c56760296cd21
488,341,c4047b78601928383e81fd84b2ad56c4a065fede00be8b56e40c56760296cd21
489,341,c4047b78601928383e81fd84b2ad56c4a065fede00be8b56e40c56760296cd21
490,341,c4047b78601928383e81fd84b2ad56c4a065fede00be8b56e40c56760296cd21
491,341,c4047b78601928383e81fd84b2ad56c4a065fede00be8b56e40c56760296cd21
492,341,c4047b78601928383e81fd84b2ad56c4a065fede00be8b56e40c56760296cd21
493,341,c4047b78601928383e81fd84b2ad56c4a065fede00be8b56e40c56760296cd21
494,341,c4047b78601928383e81fd84b2ad56c4a065fede00be8b56e40c56760296cd21
495,341,c4047b78601928383e81fd84b2ad56c4a065fede00be8b56e40c56760296cd21
496,341,c4047b78601928383e81fd84b2ad56c4a065fede00be8b56e40c56760296cd21
497,341,c4047b78601928383e81fd84b2ad56c4a065fede00be8b56e40c56760296cd21
498,341,c4047b78601928383e81fd84b2ad56c4a065fede00be8b56e40c56760296cd21
499,341,c4047b78601928383e81fd84b2ad56c4a065fede00be8b56e40c56760296cd21
500,341,c4047b78601928383e81fd84b2ad56c4a065fede00be8b56e40c56760296cd21
501,341,c4047b78601928383e81fd84b2ad56c4a065fede00be8b56e40c56760296cd21
502,341,c4047b78601928383e81fd84b2ad56c4a065fede00be8b56e40c56760296cd21
503,341,c4047b78601928383e81fd84b2ad56c4a065fede00be8b56e40c56760296cd21
504,341,c4047b78601928383e81fd84b2ad56c4a065fede00be8b56e40c56760296cd21
505,341,c4047b78601928383e81fd84b2ad56c4a065fede00be8b56e40c56760296cd21
506,341,c4047b78601928383e81fd84b2ad56c4a065fede00be8b56e40c56760296cd21
507,341,c4047b78601928383e81fd84b2ad56c4a065fede00be8b56e40c56760296cd21
508,341,c4047b78601928383e81fd84b2ad56c4a065fede00be8b56e40c56760296cd21
509,341,c4047b78601928383e81fd84b2ad56c4a065fede00be8b56e40c56760296cd21
510,341,c4047b78601928383e81fd84b2ad56c4a065fede00be8b56e40c56760296cd21
511,341,c4047b78601928383e81fd84b2ad56c4a065fede00be8b56e40c56760296cd21
512,341,c4047b78601928383e81fd84b2ad56c4a065fede00be8b56e40c56760296cd21
513,341,c4047b78601928383e81fd84b2ad56c4a065fede00be8b56e40c56760296cd21
514,341,c4047b78601928383e81fd84b2ad56c4a065fede00be8b56e40c56760296cd21
515,341,c4047b78601928383e81fd84b2ad56c4a065fede00be8b56e40c56760296cd21
516,341,c4047b78601928383e81fd84b2ad56c4a065fede00be8b56e40c56760296cd21
517,341,c4047b78601928383e81fd84b2ad56c4a065fede00be8b56e40c56760296cd21
518,341,c4047b78601928383e81fd84b2ad56c4a065fede00be8b56e40c56760296cd21
519,341,c4047b78601928383e81fd84b2ad56c4a065fede00be8b56e40c56760296cd21
520,341,c4047b78601928383e81fd84b2ad56c4a065fede00be8b56e40c56760296cd21
521,341,c4047b78601928383e81fd84b2ad56c4a065fede00be8b56e40c56760296cd21
522,341,c4047b78601928383e81fd84b2ad56c4a065fede00be8b56e40c56760296cd21
523,341,c4047b78601928383e81fd84b2ad56c4a065fede00be8b56e40c56760296cd21
524,341,c4047b78601928383e81fd84b2ad56c4a065fede00be8b56e40c56760296cd21
525,341,c4047b78601928383e81fd84b2ad56c4a065fede00be8b56e40c56760296cd21
526,341,c4047b78601928383e81fd84b2ad56c4a065fede00be8b56e40c56760296cd21
527,341,c4047b78601928383e81fd84b2ad56c4a065fede00be8b56e40c56760296cd21
528,341,c4047b78601928383e81fd84b2ad56c4a065fede00be8b56e40c56760296cd21
529,341,c4047b78601928383e81fd84b2ad56c4a065fede00be8b56e40c56760296cd21
530,341,c4047b78601928383e81fd84b2ad56c4a065fede00be8b56e40c56760296cd21
531,341,c4047b78601928383e81fd84b2ad56c4a065fede00be8b56e40c56760296cd21
532,341,c4047b78601928383e81fd84b2ad56c4a065fede00be8b56e40c56760296cd21
533,341,c4047b78601928383e81fd84b2ad56c4a065fede00be8b56e40c56760296cd21
534,341,c4047b78601928383e81fd84b2ad56c4a065fede00be8b56e40c56760296cd21
535,341,c4047b78601928383e81fd84b2ad56c4a065fede00be8b56e40c56760296cd21
536,341,c4047b78601928383e81fd84b2ad56c4a065fede00be8b56e40c56760296cd21
537,341,c4047b78601928383e81fd84b2ad56c4a065fede00be8b56e40c56760296cd21
538,341,c4047b78601928383e81fd84b2ad56c4a065fede00be8b56e40c56760296cd21
539,341,c4047b78601928383e81fd84b2ad56c4a065fede00be8b56e40c56760296cd21
540,341,c4047b78601928383e81fd84b2ad56c4a065fede00be8b56e40c56760296cd21
541,341,c4047b78601928383e81fd84b2ad56c4a065fede00be8b56e40c56760296cd21
542,341,c4047b78601928383e81fd84b2ad56c4a065fede00be8b56e40c56760296cd21
543,341,c4047b78601928383e81fd84b2ad56c4a065fede00be8b56e40c56760296cd21
544,341,c4047b78601928383e81fd84b2ad56c4a065fede00be8b56e40c56760296cd21
545,341,c4047b78601928383e81fd84b2ad56c4a065fede00be8b56e40c56760296cd21
546,341,c4047b78601928383e81fd84b2ad56c4a065fede00be8b56e40c56760296cd21
547,341,c4047b78601928383e81fd84b2ad56c4a065fede00be8b56e40c56760296cd21
548,341,c4047b78601928383e81fd84b2ad56c4a065fede00be8b56e40c56760296cd21
549,341,c4047b78601928383e81fd84b2ad56c4a065fede00be8b56e40c56760296cd21
550,341,c4047b78601928383e81fd84b2ad56c4a065fede00be8b56e40c56760296cd21
551,341,c4047b78601928383e81fd84b2ad56c4a065fede00be8b56e40c56760296cd21
552,341,c4047b78601928383e81fd84b2ad56c4a065fede00be8b56e40c56760296cd21
553,341,c4047b78601928383e81fd84b2ad56c4a065fede00be8b56e40c56760296cd21
554,341,c4047b78601928383e81fd84b2ad56c4a065fede00be8b56e40c56760296cd21
555,341,c4047b78601928383e81fd84b2ad56c4a065fede00be8b56e40c56760296cd21
556,341,c4047b78601928383e81fd84b2ad56c4a065fede00be8b56e40c56760296cd21
557,341,c4047b78601928383e81fd84b2ad56c4a065fede00be8b56e40c56760296cd21
558,341,c4047b78601928383e81fd84b2ad56c4a065fede00be8b56e40c56760296cd21
559,341,c4047b78601928383e81fd84b2ad56c4a065fede00be8b56e40c56760296cd21
560,341,c4047b78601928383e81fd84b2ad56c4a065fede00be8b56e40c56760296cd21
561,341,c4047b78601928383e81fd84b2ad56c4a065fede00be8b56e40c56760296cd21
562,341,c4047b78601928383e81fd84b2ad56c4a065fede00be8b56e40c56760296cd21
563,341,c4047b78601928383e81fd84b2ad56c4a065fede00be8b56e40c56760296cd21
564,341,c4047b78601928383e81fd84b2ad56c4a065fede00be8b56e40c56760296cd21
565,341,c4047b78601928383e81fd84b2ad56c4a065fede00be8b56e40c56760296cd21
566,341,c4047b78601928383e81fd84b2ad56c4a065fede00be8b56e40c56760296cd21
567,341,c4047b78601928383e81fd84b2ad56c4a065fede00be8b56e40c56760296cd21
568,341,c4047b78601928383e81fd84b2ad56c4a065fede00be8b56e40c56760296cd21
569,341,c4047b78601928383e81fd84b2ad56c4a065fede00be8b56e40c56760296cd21
570,341,c4047b78601928383e81fd84b2ad56c4a065fede00be8b56e40c56760296cd21
571,341,c4047b78601928383e81fd84b2ad56c4a065fede00be8b56e40c56760296cd21
572,341,c4047b78601928383e81fd84b2ad56c4a065fede00be8b56e40c56760296cd21
573,341,c4047b78601928383e81fd84b2ad56c4a065fede00be8b56e40c56760296cd21
574,341,c4047b78601928383e81fd84b2ad56c4a065fede00be8b56e40c56760296cd21
575,341,c4047b78601928383e81fd84b2ad56c4a065fede00be8b56e40c56760296cd21
576,341,c4047b78601928383e81fd84b2ad56c4a065fede00be8b56e40c56760296cd21
577,341,c4047b78601928383e81fd84b2ad56c4a065fede00be8b56e40c56760296cd21
578,341,c4047b78601928383e81fd84b2ad56c4a065fede00be8b56e40c56760296cd21
579,341,c4047b78601928383e81fd84b2ad56c4a065fede00be8b56e40c56760296cd21
580,341,c4047b78601928383e81fd84b2ad56c4a065fede00be8b56e40c56760296cd21
581,341,c4047b78601928383e81fd84b2ad56c4a065fede00be8b56e40c56760296cd21
582,341,c4047b78601928383e81fd84b2ad56c4a065fede00be8b56e40c56760296cd21
583,341,c4047b78601928383e81fd84b2ad56c4a065fede00be8b56e40c56760296cd21
584,341,c4047b78601928383e81fd84b2ad56c4a065fede00be8b56e40c56760296cd21
585,341,c4047b78601928383e81fd84b2ad56c4a065fede00be8b56e40c56760296cd21
586,341,c4047b78601928383e81fd84b2ad56c4a065fede00be8b56e40c56760296cd21
587,341,c4047b78601928383e81fd84b2ad56c4a065fede00be8b56e40c56760296cd21
588,341,c4047b78601928383e81fd84b2ad56c4a065fede00be8b56e40c56760296cd21
589,341,c4047b78601928383e81fd84b2ad56c4a065fede00be8b56e40c56760296cd21
590,341,c4047b78601928383e81fd84b2ad56c4a065fede00be8b56e40c56760296cd21
591,341,c4047b78601928383e81fd84b2ad56c4a065fede00be8b56e40c56760296cd21
592,341,c4047b78601928383e81fd84b2ad56c4a065fede00be8b56e40c56760296cd21
593,341,c4047b78601928383e81fd84b2ad56c4a065fede00be8b56e40c56760296cd21
594,341,c4047b78601928383e81fd84b2ad56c4a065fede00be8b56e40c56760296cd21
595,341,c4047b78601928383e81fd84b2ad56c4a065fede00be8b56e40c56760296cd21
596,341,c4047b78601928383e81fd84b2ad56c4a065fede00be8b56e40c56760296cd21
597,341,c4047b78601928383e81fd84b2ad56c4a065fede00be8b56e40c56760296cd21
598,341,c4047b78601928383e81fd84b2ad56c4a065fede00be8b56e40c56760296cd21
599,341,c4047b78601928383e81fd84b2ad56c4a065fede00be8b56e40c56760296cd21
600,341,c4047b78601928383e81fd84b2ad56c4a065fede00be8b56e40c56760296cd21
601,341,c4047b78601928383e81fd84b2ad56c4a065fede00be8b56e40c56760296cd21
244,342,c4047b78601928383e81fd84b2ad56c4a065fede00be8b56e40c56760296cd21
245,342,c4047b78601928383e81fd84b2ad56c4a065fede00be8b56e40c56760296cd21
246,342,c4047b78601928383e81fd84b2ad56c4a065fede00be8b56e40c56760296cd21
247,342,c4047b78601928383e81fd84b2ad56c4a065fede00be8b56e40c56760296cd21
248,342,c4047b78601928383e81fd84b2ad56c4a065fede00be8b56e40c56760296cd21
249,342,c4047b78601928383e81fd84b2ad56c4a065fede00be8b56e40c56760296cd21
250,342,c4047b78601928383e81fd84b2ad56c4a065fede00be8b56e40c56760296cd21
251,342,c4047b78601928383e81fd84b2ad56c4a065fede00be8b56e40c56760296cd21
252,342,c4047b78601928383e81fd84b2ad56c4a065fede00be8b56e40c56760296cd21
253,342,c4047b78601928383e81fd84b2ad56c4a065fede00be8b56e40c56760296cd21
254,342,c4047b78601928383e81fd84b2ad56c4a065fede00be8b56e40c56760296cd21
255,342,c4047b78601928383e81fd84b2ad56c4a065fede00be8b56e40c56760296cd21
256,342,c4047b78601928383e81fd84b2ad56c4a065fede00be8b56e40c56760296cd21
257,342,c4047b78601928383e81fd84b2ad56c4a065fede00be8b56e40c56760296cd21
258,342,c4047b78601928383e81fd84b2ad56c4a065fede00be8b56e40c56760296cd21
259,342,c4047b78601928383e81fd84b2ad56c4a065fede00be8b56e40c56760296cd21
260,342,c4047b78601928383e81fd84b2ad56c4a065fede00be8b56e40c56760296cd21
261,342,c4047b78601928383e81fd84b2ad56c4a065fede00be8b56e40c56760296cd21
262,342,c4047b78601928383e81fd84b2ad56c4a065fede00be8b56e40c56760296cd21
263,342,c4047b78601928383e81fd84b2ad56c4a065fede00be8b56e40c56760296cd21
264,342,c4047b78601928383e81fd84b2ad56c4a065fede00be8b56e40c56760296cd21
265,342,c4047b78601928383e81fd84b2ad56c4a065fede00be8b56e40c56760296cd21
266,342,c4047b78601928383e81fd84b2ad56c4a065fede00be8b56e40c56760296cd21
267,342,c4047b78601928383e81fd84b2ad56c4a065fede00be8b56e40c56760296cd21
268,342,c4047b78601928383e81fd84b2ad56c4a065fede00be8b56e40c56760296cd21
269,342,c4047b78601928383e81fd84b2ad56c4a065fede00be8b56e40c56760296cd21
270,342,c4047b78601928383e81fd84b2ad56c4a065fede00be8b56e40c56760296cd21
271,342,c4047b78601928383e81fd84b2ad56c4a065fede00be8b56e40c56760296cd21
272,342,c4047b78601928383e81fd84b2ad56c4a065fede00be8b56e40c56760296cd21
273,342,c4047b78601928383e81fd84b2ad56c4a065fede00be8b56e40c56760296cd21
274,342,c4047b78601928383e81fd84b2ad56c4a065fede00be8b56e40c56760296cd21
275,342,c4047b78601928383e81fd84b2ad56c4a065fede00be8b56e40c56760296cd21
276,342,c4047b78601928383e81fd84b2ad56c4a065fede00be8b56e40c56760296cd21
277,342,c4047b78601928383e81fd84b2ad56c4a065fede00be8b56e40c56760296cd21
278,342,c4047b78601928383e81fd84b2ad56c4a065fede00be8b56e40c56760296cd21
279,342,c4047b78601928383e81fd84b2ad56c4a065fede00be8b56e40c56760296cd21
280,342,c4047b78601928383e81fd84b2ad56c4a065fede00be8b56e40c56760296cd21
281,342,c4047b78601928383e81fd84b2ad56c4a065fede00be8b56e40c56760296cd21
282,342,c4047b78601928383e81fd84b2ad56c4a065fede00be8b56e40c56760296cd21
283,342,c4047b78601928383e81fd84b2ad56c4a065fede00be8b56e40c56760296cd21
284,342,c4047b78601928383e81fd84b2ad56c4a065fede00be8b56e40c56760296cd21
285,342,c4047b78601928383e81fd84b2ad56c4a065fede00be8b56e40c56760296cd21
286,342,c4047b78601928383e81fd84b2ad56c4a065fede00be8b56e40c56760296cd21
287,342,c4047b78601928383e81fd84b2ad56c4a065fede00be8b56e40c56760296cd21
288,342,c4047b78601928383e81fd84b2ad56c4a065fede00be8b56e40c56760296cd21
289,342,c4047b78601928383e81fd84b2ad56c4a065fede00be8b56e40c56760296cd21
290,342,c4047b78601928383e81fd84b2ad56c4a065fede00be8b56e40c56760296cd21
291,342,c4047b78601928383e81fd84b2ad56c4a065fede00be8b56e40c56760296cd21
292,342,c4047b78601928383e81fd84b2ad56c4a065fede00be8b56e40c56760296cd21
293,342,c4047b78601928383e81fd84b2ad56c4a065fede00be8b56e40c56760296cd21
294,342,c4047b78601928383e81fd84b2ad56c4a065fede00be8b56e40c56760296cd21
295,342,c4047b78601928383e81fd84b2ad56c4a065fede00be8b56e40c56760296cd21
296,342,c4047b78601928383e81fd84b2ad56c4a065fede00be8b56e40c56760296cd21
297,342,c4047b78601928383e81fd84b2ad56c4a065fede00be8b56e40c56760296cd21
298,342,c4047b78601928383e81fd84b2ad56c4a065fede00be8b56e40c56760296cd21
299,342,c4047b78601928383e81fd84b2ad56c4a065fede00be8b56e40c56760296cd21
300,342,c4047b78601928383e81fd84b2ad56c4a065fede00be8b56e40c56760296cd21
301,342,c4047b78601928383e81fd84b2ad56c4a065fede00be8b56e40c56760296cd21
302,342,c4047b78601928383e81fd84b2ad56c4a065fede00be8b56e40c56760296cd21
303,342,c4047b78601928383e81fd84b2ad56c4a065fede00be8b56e40c56760296cd21
304,342,c4047b78601928383e81fd84b2ad56c4a065fede00be8b56e40c56760296cd21
305,342,c4047b78601928383e81fd84b2ad56c4a065fede00be8b56e40c56760296cd21
306,342,c4047b78601928383e81fd84b2ad56c4a065fede00be8b56e40c56760296cd21
307,342,c4047b78601928383e81fd84b2ad56c4a065fede00be8b56e40c56760296cd21
308,342,c4047b78601928383e81fd84b2ad56c4a065fede00be8b56e40c56760296cd21
309,342,c4047b78601928383e81fd84b2ad56c4a065fede00be8b56e40c56760296cd21
310,342,c4047b78601928383e81fd84b2ad56c4a065fede00be8b56e40c56760296cd21
311,342,c4047b78601928383e81fd84b2ad56c4a065fede00be8b56e40c56760296cd21
312,342,c4047b78601928383e81fd84b2ad56c4a065fede00be8b56e40c56760296cd21
313,342,c4047b78601928383e81fd84b2ad56c4a065fede00be8b56e40c56760296cd21
314,342,c4047b78601928383e81fd84b2ad56c4a065fede00be8b56e40c56760296cd21
315,342,c4047b78601928383e81fd84b2ad56c4a065fede00be8b56e40c56760296cd21
316,342,c4047b78601928383e81fd84b2ad56c4a065fede00be8b56e40c56760296cd21
317,342,c4047b78601928383e81fd84b2ad56c4a065fede00be8b56e40c56760296cd21
318,342,c4047b78601928383e81fd84b2ad56c4a065fede00be8b56e40c56760296cd21
319,342,c4047b78601928383e81fd84b2ad56c4a065fede00be8b56e40c56760296cd21
320,342,c4047b78601928383e81fd84b2ad56c4a065fede00be8b56e40c56760296cd21
321,342,c4047b78601928383e81fd84b2ad56c4a065fede00be8b56e40c56760296cd21
322,342,c4047b78601928383e81fd84b2ad56c4a065fede00be8b56e40c56760296cd21
323,342,c4047b78601928383e81fd84b2ad56c4a065fede00be8b56e40c56760296cd21
324,342,c4047b78601928383e81fd84b2ad56c4a065fede00be8b56e40c56760296cd21
325,342,c4047b78601928383e81fd84b2ad56c4a065fede00be8b56e40c56760296cd21
326,342,c4047b78601928383e81fd84b2ad56c4a065fede00be8b56e40c56760296cd21
327,342,c4047b78601928383e81fd84b2ad56c4a065fede00be8b56e40c56760296cd21
328,342,c4047b78601928383e81fd84b2ad56c4a065fede00be8b56e40c56760296cd21
329,342,c4047b78601928383e81fd84b2ad56c4a065fede00be8b56e40c56760296cd21
330,342,c4047b78601928383e81fd84b2ad56c4a065fede00be8b56e40c56760296cd21
331,342,c4047b78601928383e81fd84b2ad56c4a065fede00be8b56e40c56760296cd21
332,342,c4047b78601928383e81fd84b2ad56c4a065fede00be8b56e40c56760296cd21
333,342,c4047b78601928383e81fd84b2ad56c4a065fede00be8b56e40c56760296cd21
334,342,c4047b78601928383e81fd84b2ad56c4a065fede00be8b56e40c56760296cd21
335,342,c4047b78601928383e81fd84b2ad56c4a065fede00be8b56e40c56760296cd21
336,342,c4047b78601928383e81fd84b2ad56c4a065fede00be8b56e40c56760296cd21
337,342,c4047b78601928383e81fd84b2ad56c4a065fede00be8b56e40c56760296cd21
338,342,c4047b78601928383e81fd84b2ad56c4a065fede00be8b56e40c56760296cd21
339,342,c4047b78601928383e81fd84b2ad56c4a065fede00be8b56e40c56760296cd21
340,342,c4047b78601928383e81fd84b2ad56c4a065fede00be8b56e40c56760296cd21
341,342,c4047b78601928383e81fd84b2ad56c4a065fede00be8b56e40c56760296cd21
342,342,c4047b78601928383e81fd84b2ad56c4a065fede00be8b56e40c56760296cd21
343,342,c4047b78601928383e81fd84b2ad56c4a065fede00be8b56e40c56760296cd21
344,342,c4047b78601928383e81fd84b2ad56c4a065fede00be8b56e40c56760296cd21
345,342,c4047b78601928383e81fd84b2ad56c4a065fede00be8b56e40c56760296cd21
346,342,c4047b78601928383e81fd84b2ad56c4a065fede00be8b56e40c56760296cd21
347,342,c4047b78601928383e81fd84b2ad56c4a065fede00be8b56e40c56760296cd21
348,342,c4047b78601928383e81fd84b2ad56c4a065fede00be8b56e40c56760296cd21
349,342,c4047b78601928383e81fd84b2ad56c4a065fede00be8b56e40c56760296cd21
350,342,c4047b78601928383e81fd84b2ad56c4a065fede00be8b56e40c56760296cd21
351,342,c4047b78601928383e81fd84b2ad56c4a065fede00be8b56e40c56760296cd21
352,342,c4047b78601928383e81fd84b2ad56c4a065fede00be8b56e40c56760296cd21
353,342,c4047b78601928383e81fd84b2ad56c4a065fede00be8b56e40c56760296cd21
354,342,c4047b78601928383e81fd84b2ad56c4a065fede00be8b56e40c56760296cd21
355,342,c4047b78601928383e81fd84b2ad56c4a065fede00be8b56e40c56760296cd21
356,342,c4047b78601928383e81fd84b2ad56c4a065fede00be8b56e40c56760296cd21
357,342,c4047b78601928383e81fd84b2ad56c4a065fede00be8b56e40c56760296cd21
358,342,c4047b78601928383e81fd84b2ad56c4a065fede00be8b56e40c56760296cd21
359,342,c4047b78601928383e81fd84b2ad56c4a065fede00be8b56e40c56760296cd21
360,342,c4047b78601928383e81fd84b2ad56c4a065fede00be8b56e40c56760296cd21
361,342,c4047b78601928383e81fd84b2ad56c4a065fede00be8b56e40c56760296cd21
362,342,c4047b78601928383e81fd84b2ad56c4a065fede00be8b56e40c56760296cd21
363,342,c4047b78601928383e81fd84b2ad56c4a065fede00be8b56e40c56760296cd21
364,342,c4047b78601928383e81fd84b2ad56c4a065fede00be8b56e40c56760296cd21
365,342,c4047b78601928383e81fd84b2ad56c4a065fede00be8b56e40c56760296cd21
366,342,c4047b78601928383e81fd84b2ad56c4a065fede00be8b56e40c56760296cd21
367,342,c4047b78601928383e81fd84b2ad56c4a065fede00be8b56e40c56760296cd21
368,342,c4047b78601928383e81fd84b2ad56c4a065fede00be8b56e40c56760296cd21
369,342,c4047b78601928383e81fd84b2ad56c4a065fede00be8b56e40c56760296cd21
370,342,c4047b78601928383e81fd84b2ad56c4a065fede00be8b56e40c56760296cd21
371,342,c4047b78601928383e81fd84b2ad56c4a065fede00be8b56e40c56760296cd21
372,342,c4047b78601928383e81fd84b2ad56c4a065fede00be8b56e40c56760296cd21
373,342,c4047b78601928383e81fd84b2ad56c4a065fede00be8b56e40c56760296cd21
374,342,c4047b78601928383e81fd84b2ad56c4a065fede00be8b56e40c56760296cd21
375,342,c4047b78601928383e81fd84b2ad56c4a065fede00be8b56e40c56760296cd21
376,342,c4047b78601928383e81fd84b2ad56c4a065fede00be8b56e40c56760296cd21
377,342,c4047b78601928383e81fd84b2ad56c4a065fede00be8b56e40c56760296cd21
378,342,c4047b78601928383e81fd84b2ad56c4a065fede00be8b56e40c56760296cd21
379,342,c4047b78601928383e81fd84b2ad56c4a065fede00be8b56e40c56760296cd21
380,342,c4047b78601928383e81fd84b2ad56c4a065fede00be8b56e40c56760296cd21
381,342,c4047b78601928383e81fd84b2ad56c4a065fede00be8b56e40c56760296cd21
382,342,c4047b78601928383e81fd84b2ad56c4a065fede00be8b56e40c56760296cd21
383,342,c4047b78601928383e81fd84b2ad56c4a065fede00be8b56e40c56760296cd21
384,342,c4047b78601928383e81fd84b2ad56c4a065fede00be8b56e40c56760296cd21
385,342,c4047b78601928383e81fd84b2ad56c4a065fede00be8b56e40c56760296cd21
386,342,c4047b78601928383e81fd84b2ad56c4a065fede00be8b56e40c56760296cd21
387,342,c4047b78601928383e81fd84b2ad56c4a065fede00be8b56e40c56760296cd21
388,342,c4047b78601928383e81fd84b2ad56c4a065fede00be8b56e40c56760296cd21
389,342,c4047b78601928383e81fd84b2ad56c4a065fede00be8b56e40c56760296cd21
390,342,c4047b78601928383e81fd84b2ad56c4a065fede00be8b56e40c56760296cd21
391,342,c4047b78601928383e81fd84b2ad56c4a065fede00be8b56e40c56760296cd21
392,342,c4047b78601928383e81fd84b2ad56c4a065fede00be8b56e40c56760296cd21
393,342,c4047b78601928383e81fd84b2ad56c4a065fede00be8b56e40c56760296cd21
394,342,c4047b78601928383e81fd84b2ad56c4a065fede00be8b56e40c56760296cd21
395,342,c4047b78601928383e81fd84b2ad56c4a065fede00be8b56e40c56760296cd21
396,342,c4047b78601928383e81fd84b2ad56c4a065fede00be8b56e40c56760296cd21
397,342,c4047b78601928383e81fd84b2ad56c4a065fede00be8b56e40c56760296cd21
398,342,c4047b78601928383e81fd84b2ad56c4a065fede00be8b56e40c56760296cd21
399,342,c4047b78601928383e81fd84b2ad56c4a065fede00be8b56e40c56760296cd21
400,342,c4047b78601928383e81fd84b2ad56c4a065fede00be8b56e40c56760296cd21
401,342,c4047b78601928383e81fd84b2ad56c4a065fede00be8b56e40c56760296cd21
402,342,c4047b78601928383e81fd84b2ad56c4a065fede00be8b56e40c56760296cd21
403,342,c4047b78601928383e81fd84b2ad56c4a065fede00be8b56e40c56760296cd21
404,342,c4047b78601928383e81fd84b2ad56c4a065fede00be8b56e40c56760296cd21
405,342,c4047b78601928383e81fd84b2ad56c4a065fede00be8b56e40c56760296cd21
406,342,c4047b78601928383e81fd84b2ad56c4a065fede00be8b56e40c56760296cd21
407,342,c4047b78601928383e81fd84b2ad56c4a065fede00be8b56e40c56760296cd21
408,342,c4047b78601928383e81fd84b2ad56c4a065fede00be8b56e40c56760296cd21
409,342,c4047b78601928383e81fd84b2ad56c4a065fede00be8b56e40c56760296cd21
410,342,c4047b78601928383e81fd84b2ad56c4a065fede00be8b56e40c56760296cd21
411,342,c4047b78601928383e81fd84b2ad56c4a065fede00be8b56e40c56760296cd21
412,342,c4047b78601928383e81fd84b2ad56c4a065fede00be8b56e40c56760296cd21
413,342,c4047b78601928383e81fd84b2ad56c4a065fede00be8b56e40c56760296cd21
414,342,c4047b78601928383e81fd84b2ad56c4a065fede00be8b56e40c56760296cd21
415,342,c4047b78601928383e81fd84b2ad56c4a065fede00be8b56e40c56760296cd21
416,342,c4047b78601928383e81fd84b2ad56c4a065fede00be8b56e40c56760296cd21
417,342,c4047b78601928383e81fd84b2ad56c4a065fede00be8b56e40c56760296cd21
418,342,c4047b78601928383e81fd84b2ad56c4a065fede00be8b56e40c56760296cd21
419,342,c4047b78601928383e81fd84b2ad56c4a065fede00be8b56e40c56760296cd21
420,342,c4047b78601928383e81fd84b2ad56c4a065fede00be8b56e40c56760296cd21
421,342,c4047b78601928383e81fd84b2ad56c4a065fede00be8b56e40c56760296cd21
422,342,c4047b78601928383e81fd84b2ad56c4a065fede00be8b56e40c56760296cd21
423,342,c4047b78601928383e81fd84b2ad56c4a065fede00be8b56e40c56760296cd21
424,342,c4047b78601928383e81fd84b2ad56c4a065fede00be8b56e40c56760296cd21
425,342,c4047b78601928383e81fd84b2ad56c4a065fede00be8b56e40c56760296cd21
426,342,c4047b78601928383e81fd84b2ad56c4a065fede00be8b56e40c56760296cd21
427,342,c4047b78601928383e81fd84b2ad56c4a065fede00be8b56e40c56760296cd21
428,342,c4047b78601928383e81fd84b2ad56c4a065fede00be8b56e40c56760296cd21
429,342,c4047b78601928383e81fd84b2ad56c4a065fede00be8b56e40c56760296cd21
430,342,c4047b78601928383e81fd84b2ad56c4a065fede00be8b56e40c56760296cd21
431,342,c4047b78601928383e81fd84b2ad56c4a065fede00be8b56e40c56760296cd21
432,342,c4047b78601928383e81fd84b2ad56c4a065fede00be8b56e40c56760296cd21
433,342,c4047b78601928383e81fd84b2ad56c4a065fede00be8b56e40c56760296cd21
434,342,c4047b78601928383e81fd84b2ad56c4a065fede00be8b56e40c56760296cd21
435,342,c4047b78601928383e81fd84b2ad56c4a065fede00be8b56e40c56760296cd21
436,342,c4047b78601928383e81fd84b2ad56c4a065fede00be8b56e40c56760296cd21
437,342,c4047b78601928383e81fd84b2ad56c4a065fede00be8b56e40c56760296cd21
438,342,c4047b78601928383e81fd84b2ad56c4a065fede00be8b56e40c56760296cd21
439,342,c4047b78601928383e81fd84b2ad56c4a065fede00be8b56e40c56760296cd21
440,342,c4047b78601928383e81fd84b2ad56c4a065fede00be8b56e40c56760296cd21
441,342,c4047b78601928383e81fd84b2ad56c4a065fede00be8b56e40c56760296cd21
442,342,c4047b78601928383e81fd84b2ad56c4a065fede00be8b56e40c56760296cd21
443,342,c4047b78601928383e81fd84b2ad56c4a065fede00be8b56e40c56760296cd21
444,342,c4047b78601928383e81fd84b2ad56c4a065fede00be8b56e40c56760296cd21
445,342,c4047b78601928383e81fd84b2ad56c4a065fede00be8b56e40c56760296cd21
446,342,c4047b78601928383e81fd84b2ad56c4a065fede00be8b56e40c56760296cd21
447,342,c4047b78601928383e81fd84b2ad56c4a065fede00be8b56e40c56760296cd21
448,342,c4047b78601928383e81fd84b2ad56c4a065fede00be8b56e40c56760296cd21
449,342,c4047b78601928383e81fd84b2ad56c4a065fede00be8b56e40c56760296cd21
450,342,c4047b78601928383e81fd84b2ad56c4a065fede00be8b56e40c56760296cd21
451,342,c4047b78601928383e81fd84b2ad56c4a065fede00be8b56e40c56760296cd21
452,342,c4047b78601928383e81fd84b2ad56c4a065fede00be8b56e40c56760296cd21
453,342,c4047b78601928383e81fd84b2ad56c4a065fede00be8b56e40c56760296cd21
454,342,c4047b78601928383e81fd84b2ad56c4a065fede00be8b56e40c56760296cd21
455,342,c4047b78601928383e81fd84b2ad56c4a065fede00be8b56e40c56760296cd21
456,342,c4047b78601928383e81fd84b2ad56c4a065fede00be8b56e40c56760296cd21
457,342,c4047b78601928383e81fd84b2ad56c4a065fede00be8b56e40c56760296cd21
458,342,c4047b78601928383e81fd84b2ad56c4a065fede00be8b56e40c56760296cd21
459,342,c4047b78601928383e81fd84b2ad56c4a065fede00be8b56e40c56760296cd21
460,342,c4047b78601928383e81fd84b2ad56c4a065fede00be8b56e40c56760296cd21
461,342,c4047b78601928383e81fd84b2ad56c4a065fede00be8b56e40c56760296cd21
462,342,c4047b78601928383e81fd84b2ad56c4a065fede00be8b56e40c56760296cd21
463,342,c4047b78601928383e81fd84b2ad56c4a065fede00be8b56e40c56760296cd21
464,342,c4047b78601928383e81fd84b2ad56c4a065fede00be8b56e40c56760296cd21
465,342,c4047b78601928383e81fd84b2ad56c4a065fede00be8b56e40c56760296cd21
466,342,c4047b78601928383e81fd84b2ad56c4a065fede00be8b56e40c56760296cd21
467,342,c4047b78601928383e81fd84b2ad56c4a065fede00be8b56e40c56760296cd21
468,342,c4047b78601928383e81fd84b2ad56c4a065fede00be8b56e40c56760296cd21
469,342,c4047b78601928383e81fd84b2ad56c4a065fede00be8b56e40c56760296cd21
470,342,c4047b78601928383e81fd84b2ad56c4a065fede00be8b56e40c56760296cd21
471,342,c4047b78601928383e81fd84b2ad56c4a065fede00be8b56e40c56760296cd21
472,342,c4047b78601928383e81fd84b2ad56c4a065fede00be8b56e40c56760296cd21
473,342,c4047b78601928383e81fd84b2ad56c4a065fede00be8b56e40c56760296cd21
474,342,c4047b78601928383e81fd84b2ad56c4a065fede00be8b56e40c56760296cd21
475,342,c4047b78601928383e81fd84b2ad56c4a065fede00be8b56e40c56760296cd21
476,342,c4047b78601928383e81fd84b2ad56c4a065fede00be8b56e40c56760296cd21
477,342,c4047b78601928383e81fd84b2ad56c4a065fede00be8b56e40c56760296cd21
478,342,c4047b78601928383e81fd84b2ad56c4a065fede00be8b56e40c56760296cd21
479,342,c4047b78601928383e81fd84b2ad56c4a065fede00be8b56e40c56760296cd21
480,342,c4047b78601928383e81fd84b2ad56c4a065fede00be8b56e40c56760296cd21
481,342,c4047b78601928383e81fd84b2ad56c4a065fede00be8b56e40c56760296cd21
482,342,c4047b78601928383e81fd84b2ad56c4a065fede00be8b56e40c56760296cd21
483,342,c4047b78601928383e81fd84b2ad56c4a065fede00be8b56e40c56760296cd21
484,342,c4047b78601928383e81fd84b2ad56c4a065fede00be8b56e40c56760296cd21
485,342,c4047b78601928383e81fd84b2ad56c4a065fede00be8b56e40c56760296cd21
486,342,c4047b78601928383e81fd84b2ad56c4a065fede00be8b56e40c56760296cd21
487,342,c4047b78601928383e81fd84b2ad56c4a065fede00be8b56e40c56760296cd21
488,342,c4047b78601928383e81fd84b2ad56c4a065fede00be8b56e40c56760296cd21
489,342,c4047b78601928383e81fd84b2ad56c4a065fede00be8b56e40c56760296cd21
490,342,c4047b78601928383e81fd84b2ad56c4a065fede00be8b56e40c56760296cd21
491,342,c4047b78601928383e81fd84b2ad56c4a065fede00be8b56e40c56760296cd21
492,342,c4047b78601928383e81fd84b2ad56c4a065fede00be8b56e40c56760296cd21
493,342,c4047b78601928383e81fd84b2ad56c4a065fede00be8b56e40c56760296cd21
494,342,c4047b78601928383e81fd84b2ad56c4a065fede00be8b56e40c56760296cd21
495,342,c4047b78601928383e81fd84b2ad56c4a065fede00be8b56e40c56760296cd21
496,342,c4047b78601928383e81fd84b2ad56c4a065fede00be8b56e40c56760296cd21
497,342,c4047b78601928383e81fd84b2ad56c4a065fede00be8b56e40c56760296cd21
498,342,c4047b78601928383e81fd84b2ad56c4a065fede00be8b56e40c56760296cd21
499,342,c4047b78601928383e81fd84b2ad56c4a065fede00be8b56e40c56760296cd21
500,342,c4047b78601928383e81fd84b2ad56c4a065fede00be8b56e40c56760296cd21
501,342,c4047b78601928383e81fd84b2ad56c4a065fede00be8b56e40c56760296cd21
502,342,c4047b78601928383e81fd84b2ad56c4a065fede00be8b56e40c56760296cd21
503,342,c4047b78601928383e81fd84b2ad56c4a065fede00be8b56e40c56760296cd21
504,342,c4047b78601928383e81fd84b2ad56c4a065fede00be8b56e40c56760296cd21
505,342,c4047b78601928383e81fd84b2ad56c4a065fede00be8b56e40c56760296cd21
506,342,c4047b78601928383e81fd84b2ad56c4a065fede00be8b56e40c56760296cd21
507,342,c4047b78601928383e81fd84b2ad56c4a065fede00be8b56e40c56760296cd21
508,342,c4047b78601928383e81fd84b2ad56c4a065fede00be8b56e40c56760296cd21
509,342,c4047b78601928383e81fd84b2ad56c4a065fede00be8b56e40c56760296cd21
510,342,c4047b78601928383e81fd84b2ad56c4a065fede00be8b56e40c56760296cd21
511,342,c4047b78601928383e81fd84b2ad56c4a065fede00be8b56e40c56760296cd21
512,342,c4047b78601928383e81fd84b2ad56c4a065fede00be8b56e40c56760296cd21
513,342,c4047b78601928383e81fd84b2ad56c4a065fede00be8b56e40c56760296cd21
514,342,c4047b78601928383e81fd84b2ad56c4a065fede00be8b56e40c56760296cd21
515,342,c4047b78601928383e81fd84b2ad56c4a065fede00be8b56e40c56760296cd21
516,342,c4047b78601928383e81fd84b2ad56c4a065fede00be8b56e40c56760296cd21
517,342,c4047b78601928383e81fd84b2ad56c4a065fede00be8b56e40c56760296cd21
518,342,c4047b78601928383e81fd84b2ad56c4a065fede00be8b56e40c56760296cd21
519,342,c4047b78601928383e81fd84b2ad56c4a065fede00be8b56e40c56760296cd21
520,342,c4047b78601928383e81fd84b2ad56c4a065fede00be8b56e40c56760296cd21
521,342,c4047b78601928383e81fd84b2ad56c4a065fede00be8b56e40c56760296cd21
522,342,c4047b78601928383e81fd84b2ad56c4a065fede00be8b56e40c56760296cd21
523,342,c4047b78601928383e81fd84b2ad56c4a065fede00be8b56e40c56760296cd21
524,342,c4047b78601928383e81fd84b2ad56c4a065fede00be8b56e40c56760296cd21
525,342,c4047b78601928383e81fd84b2ad56c4a065fede00be8b56e40c56760296cd21
526,342,c4047b78601928383e81fd84b2ad56c4a065fede00be8b56e40c56760296cd21
527,342,c4047b78601928383e81fd84b2ad56c4a065fede00be8b56e40c56760296cd21
528,342,c4047b78601928383e81fd84b2ad56c4a065fede00be8b56e40c56760296cd21
529,342,c4047b78601928383e81fd84b2ad56c4a065fede00be8b56e40c56760296cd21
530,342,c4047b78601928383e81fd84b2ad56c4a065fede00be8b56e40c56760296cd21
531,342,c4047b78601928383e81fd84b2ad56c4a065fede00be8b56e40c56760296cd21
532,342,c4047b78601928383e81fd84b2ad56c4a065fede00be8b56e40c56760296cd21
533,342,c4047b78601928383e81fd84b2ad56c4a065fede00be8b56e40c56760296cd21
534,342,c4047b78601928383e81fd84b2ad56c4a065fede00be8b56e40c56760296cd21
535,342,c4047b78601928383e81fd84b2ad56c4a065fede00be8b56e40c56760296cd21
536,342,c4047b78601928383e81fd84b2ad56c4a065fede00be8b56e40c56760296cd21
537,342,c4047b78601928383e81fd84b2ad56c4a065fede00be8b56e40c56760296cd21
538,342,c4047b78601928383e81fd84b2ad56c4a065fede00be8b56e40c56760296cd21
539,342,c4047b78601928383e81fd84b2ad56c4a065fede00be8b56e40c56760296cd21
540,342,c4047b78601928383e81fd84b2ad56c4a065fede00be8b56e40c56760296cd21
541,342,c4047b78601928383e81fd84b2ad56c4a065fede00be8b56e40c56760296cd21
542,342,c4047b78601928383e81fd84b2ad56c4a065fede00be8b56e40c56760296cd21
543,342,c4047b78601928383e81fd84b2ad56c4a065fede00be8b56e40c56760296cd21
544,342,c4047b78601928383e81fd84b2ad56c4a065fede00be8b56e40c56760296cd21
545,342,c4047b78601928383e81fd84b2ad56c4a065fede00be8b56e40c56760296cd21
546,342,c4047b78601928383e81fd84b2ad56c4a065fede00be8b56e40c56760296cd21
547,342,c4047b78601928383e81fd84b2ad56c4a065fede00be8b56e40c56760296cd21
548,342,c4047b78601928383e81fd84b2ad56c4a065fede00be8b56e40c56760296cd21
549,342,c4047b78601928383e81fd84b2ad56c4a065fede00be8b56e40c56760296cd21
550,342,c4047b78601928383e81fd84b2ad56c4a065fede00be8b56e40c56760296cd21
551,342,c4047b78601928383e81fd84b2ad56c4a065fede00be8b56e40c56760296cd21
552,342,c4047b78601928383e81fd84b2ad56c4a065fede00be8b56e40c56760296cd21
553,342,c4047b78601928383e81fd84b2ad56c4a065fede00be8b56e40c56760296cd21
554,342,c4047b78601928383e81fd84b2ad56c4a065fede00be8b56e40c56760296cd21
555,342,c4047b78601928383e81fd84b2ad56c4a065fede00be8b56e40c56760296cd21
556,342,c4047b78601928383e81fd84b2ad56c4a065fede00be8b56e40c56760296cd21
557,342,c4047b78601928383e81fd84b2ad56c4a065fede00be8b56e40c56760296cd21
558,342,c4047b78601928383e81fd84b2ad56c4a065fede00be8b56e40c56760296cd21
559,342,c4047b78601928383e81fd84b2ad56c4a065fede00be8b56e40c56760296cd21
560,342,c4047b78601928383e81fd84b2ad56c4a065fede00be8b56e40c56760296cd21
561,342,c4047b78601928383e81fd84b2ad56c4a065fede00be8b56e40c56760296cd21
562,342,c4047b78601928383e81fd84b2ad56c4a065fede00be8b56e40c56760296cd21
563,342,c4047b78601928383e81fd84b2ad56c4a065fede00be8b56e40c56760296cd21
564,342,c4047b78601928383e81fd84b2ad56c4a065fede00be8b56e40c56760296cd21
565,342,c4047b78601928383e81fd84b2ad56c4a065fede00be8b56e40c56760296cd21
566,342,c4047b78601928383e81fd84b2ad56c4a065fede00be8b56e40c56760296cd21
567,342,c4047b78601928383e81fd84b2ad56c4a065fede00be8b56e40c56760296cd21
568,342,c4047b78601928383e81fd84b2ad56c4a065fede00be8b56e40c56760296cd21
569,342,c4047b78601928383e81fd84b2ad56c4a065fede00be8b56e40c56760296cd21
570,342,c4047b78601928383e81fd84b2ad56c4a065fede00be8b56e40c56760296cd21
571,342,c4047b78601928383e81fd84b2ad56c4a065fede00be8b56e40c56760296cd21
572,342,c4047b78601928383e81fd84b2ad56c4a065fede00be8b56e40c56760296cd21
573,342,c4047b78601928383e81fd84b2ad56c4a065fede00be8b56e40c56760296cd21
574,342,c4047b78601928383e81fd84b2ad56c4a065fede00be8b56e40c56760296cd21
575,342,c4047b78601928383e81fd84b2ad56c4a065fede00be8b56e40c56760296cd21
576,342,c4047b78601928383e81fd84b2ad56c4a065fede00be8b56e40c56760296cd21
577,342,c4047b78601928383e81fd84b2ad56c4a065fede00be8b56e40c56760296cd21
578,342,c4047b78601928383e81fd84b2ad56c4a065fede00be8b56e40c56760296cd21
579,342,c4047b78601928383e81fd84b2ad56c4a065fede00be8b56e40c56760296cd21
580,342,c4047b78601928383e81fd84b2ad56c4a065fede00be8b56e40c56760296cd21
581,342,c4047b78601928383e81fd84b2ad56c4a065fede00be8b56e40c56760296cd21
582,342,c4047b78601928383e81fd84b2ad56c4a065fede00be8b56e40c56760296cd21
583,342,c4047b78601928383e81fd84b2ad56c4a065fede00be8b56e40c56760296cd21
584,342,c4047b78601928383e81fd84b2ad56c4a065fede00be8b56e40c56760296cd21
585,342,c4047b78601928383e81fd84b2ad56c4a065fede00be8b56e40c56760296cd21
586,342,c4047b78601928383e81fd84b2ad56c4a065fede00be8b56e40c56760296cd21
587,342,c4047b78601928383e81fd84b2ad56c4a065fede00be8b56e40c56760296cd21
588,342,c4047b78601928383e81fd84b2ad56c4a065fede00be8b56e40c56760296cd21
589,342,c4047b78601928383e81fd84b2ad56c4a065fede00be8b56e40c56760296cd21
590,342,c4047b78601928383e81fd84b2ad56c4a065fede00be8b56e40c56760296cd21
591,342,c4047b78601928383e81fd84b2ad56c4a065fede00be8b56e40c56760296cd21
592,342,c4047b78601928383e81fd84b2ad56c4a065fede00be8b56e40c56760296cd21
593,342,c4047b78601928383e81fd84b2ad56c4a065fede00be8b56e40c56760296cd21
594,342,c4047b78601928383e81fd84b2ad56c4a065fede00be8b56e40c56760296cd21
595,342,c4047b78601928383e81fd84b2ad56c4a065fede00be8b56e40c56760296cd21
596,342,c4047b78601928383e81fd84b2ad56c4a065fede00be8b56e40c56760296cd21
597,342,c4047b78601928383e81fd84b2ad56c4a065fede00be8b56e40c56760296cd21
598,342,c4047b78601928383e81fd84b2ad56c4a065fede00be8b56e40c56760296cd21
599,342,c4047b78601928383e81fd84b2ad56c4a065fede00be8b56e40c56760296cd21
600,342,c4047b78601928383e81fd84b2ad56c4a065fede00be8b56e40c56760296cd21
601,342,c4047b78601928383e81fd84b2ad56c4a065fede00be8b56e40c56760296cd21
415,343,c4047b78601928383e81fd84b2ad56c4a065fede00be8b56e40c56760296cd21
416,343,c4047b78601928383e81fd84b2ad56c4a065fede00be8b56e40c56760296cd21
417,343,c4047b78601928383e81fd84b2ad56c4a065fede00be8b56e40c56760296cd21
418,343,c4047b78601928383e81fd84b2ad56c4a065fede00be8b56e40c56760296cd21
419,343,c4047b78601928383e81fd84b2ad56c4a065fede00be8b56e40c56760296cd21
420,343,c4047b78601928383e81fd84b2ad56c4a065fede00be8b56e40c56760296cd21
421,343,c4047b78601928383e81fd84b2ad56c4a065fede00be8b56e40c56760296cd21
422,343,c4047b78601928383e81fd84b2ad56c4a065fede00be8b56e40c56760296cd21
423,343,c4047b78601928383e81fd84b2ad56c4a065fede00be8b56e40c56760296cd21
424,343,c4047b78601928383e81fd84b2ad56c4a065fede00be8b56e40c56760296cd21
425,343,c4047b78601928383e81fd84b2ad56c4a065fede00be8b56e40c56760296cd21
426,343,c4047b78601928383e81fd84b2ad56c4a065fede00be8b56e40c56760296cd21
427,343,c4047b78601928383e81fd84b2ad56c4a065fede00be8b56e40c56760296cd21
428,343,c4047b78601928383e81fd84b2ad56c4a065fede00be8b56e40c56760296cd21
429,343,c4047b78601928383e81fd84b2ad56c4a065fede00be8b56e40c56760296cd21
430,343,c4047b78601928383e81fd84b2ad56c4a065fede00be8b56e40c56760296cd21
431,343,c4047b78601928383e81fd84b2ad56c4a065fede00be8b56e40c56760296cd21
432,343,c4047b78601928383e81fd84b2ad56c4a065fede00be8b56e40c56760296cd21
415,344,c4047b78601928383e81fd84b2ad56c4a065fede00be8b56e40c56760296cd21
416,344,c4047b78601928383e81fd84b2ad56c4a065fede00be8b56e40c56760296cd21
417,344,c4047b78601928383e81fd84b2ad56c4a065fede00be8b56e40c56760296cd21
418,344,c4047b78601928383e81fd84b2ad56c4a065fede00be8b56e40c56760296cd21
419,344,c4047b78601928383e81fd84b2ad56c4a065fede00be8b56e40c56760296cd21
420,344,c4047b78601928383e81fd84b2ad56c4a065fede00be8b56e40c56760296cd21
421,344,c4047b78601928383e81fd84b2ad56c4a065fede00be8b56e40c56760296cd21
422,344,c4047b78601928383e81fd84b2ad56c4a065fede00be8b56e40c56760296cd21
423,344,c4047b78601928383e81fd84b2ad56c4a065fede00be8b56e40c56760296cd21
424,344,c4047b78601928383e81fd84b2ad56c4a065fede00be8b56e40c56760296cd21
425,344,c4047b78601928383e81fd84b2ad56c4a065fede00be8b56e40c56760296cd21
426,344,c4047b78601928383e81fd84b2ad56c4a065fede00be8b56e40c56760296cd21
427,344,c4047b78601928383e81fd84b2ad56c4a065fede00be8b56e40c56760296cd21
428,344,c4047b78601928383e81fd84b2ad56c4a065fede00be8b56e40c56760296cd21
429,344,c4047b78601928383e81fd84b2ad56c4a065fede00be8b56e40c56760296cd21
430,344,c4047b78601928383e81fd84b2ad56c4a065fede00be8b56e40c56760296cd21
431,344,c4047b78601928383e81fd84b2ad56c4a065fede00be8b56e40c56760296cd21
432,344,c4047b78601928383e81fd84b2ad56c4a065fede00be8b56e40c56760296cd21
415,345,c4047b78601928383e81fd84b2ad56c4a065fede00be8b56e40c56760296cd21
416,345,c4047b78601928383e81fd84b2ad56c4a065fede00be8b56e40c56760296cd21
417,345,c4047b78601928383e81fd84b2ad56c4a065fede00be8b56e40c56760296cd21
418,345,c4047b78601928383e81fd84b2ad56c4a065fede00be8b56e40c56760296cd21
419,345,c4047b78601928383e81fd84b2ad56c4a065fede00be8b56e40c56760296cd21
420,345,c4047b78601928383e81fd84b2ad56c4a065fede00be8b56e40c56760296cd21
421,345,c4047b78601928383e81fd84b2ad56c4a065fede00be8b56e40c56760296cd21
422,345,c4047b78601928383e81fd84b2ad56c4a065fede00be8b56e40c56760296cd21
423,345,c4047b78601928383e81fd84b2ad56c4a065fede00be8b56e40c56760296cd21
424,345,c4047b78601928383e81fd84b2ad56c4a065fede00be8b56e40c56760296cd21
425,345,c4047b78601928383e81fd84b2ad56c4a065fede00be8b56e40c56760296cd21
426,345,c4047b78601928383e81fd84b2ad56c4a065fede00be8b56e40c56760296cd21
427,345,c4047b78601928383e81fd84b2ad56c4a065fede00be8b56e40c56760296cd21
428,345,c4047b78601928383e81fd84b2ad56c4a065fede00be8b56e40c56760296cd21
429,345,c4047b78601928383e81fd84b2ad56c4a065fede00be8b56e40c56760296cd21
430,345,c4047b78601928383e81fd84b2ad56c4a065fede00be8b56e40c56760296cd21
431,345,c4047b78601928383e81fd84b2ad56c4a065fede00be8b56e40c56760296cd21
432,345,c4047b78601928383e81fd84b2ad56c4a065fede00be8b56e40c56760296cd21
415,346,c4047b78601928383e81fd84b2ad56c4a065fede00be8b56e40c56760296cd21
416,346,c4047b78601928383e81fd84b2ad56c4a065fede00be8b56e40c56760296cd21
417,346,c4047b78601928383e81fd84b2ad56c4a065fede00be8b56e40c56760296cd21
418,346,c4047b78601928383e81fd84b2ad56c4a065fede00be8b56e40c56760296cd21
419,346,c4047b78601928383e81fd84b2ad56c4a065fede00be8b56e40c56760296cd21
420,346,c4047b78601928383e81fd84b2ad56c4a065fede00be8b56e40c56760296cd21
421,346,c4047b78601928383e81fd84b2ad56c4a065fede00be8b56e40c56760296cd21
422,346,c4047b78601928383e81fd84b2ad56c4a065fede00be8b56e40c56760296cd21
423,346,c4047b78601928383e81fd84b2ad56c4a065fede00be8b56e40c56760296cd21
424,346,c4047b78601928383e81fd84b2ad56c4a065fede00be8b56e40c56760296cd21
425,346,c4047b78601928383e81fd84b2ad56c4a065fede00be8b56e40c56760296cd21
426,346,c4047b78601928383e81fd84b2ad56c4a065fede00be8b56e40c56760296cd21
427,346,c4047b78601928383e81fd84b2ad56c4a065fede00be8b56e40c56760296cd21
428,346,c4047b78601928383e81fd84b2ad56c4a065fede00be8b56e40c56760296cd21
429,346,c4047b78601928383e81fd84b2ad56c4a065fede00be8b56e40c56760296cd21
430,346,c4047b78601928383e81fd84b2ad56c4a065fede00be8b56e40c56760296cd21
431,346,c4047b78601928383e81fd84b2ad56c4a065fede00be8b56e40c56760296cd21
432,346,c4047b78601928383e81fd84b2ad56c4a065fede00be8b56e40c56760296cd21
415,347,c4047b78601928383e81fd84b2ad56c4a065fede00be8b56e40c56760296cd21
416,347,c4047b78601928383e81fd84b2ad56c4a065fede00be8b56e40c56760296cd21
417,347,c4047b78601928383e81fd84b2ad56c4a065fede00be8b56e40c56760296cd21
418,347,c4047b78601928383e81fd84b2ad56c4a065fede00be8b56e40c56760296cd21
419,347,c4047b78601928383e81fd84b2ad56c4a065fede00be8b56e40c56760296cd21
420,347,c4047b78601928383e81fd84b2ad56c4a065fede00be8b56e40c56760296cd21
421,347,c4047b78601928383e81fd84b2ad56c4a065fede00be8b56e40c56760296cd21
422,347,c4047b78601928383e81fd84b2ad56c4a065fede00be8b56e40c56760296cd21
423,347,c4047b78601928383e81fd84b2ad56c4a065fede00be8b56e40c56760296cd21
424,347,c4047b78601928383e81fd84b2ad56c4a065fede00be8b56e40c56760296cd21
425,347,c4047b78601928383e81fd84b2ad56c4a065fede00be8b56e40c56760296cd21
426,347,c4047b78601928383e81fd84b2ad56c4a065fede00be8b56e40c56760296cd21
427,347,c4047b78601928383e81fd84b2ad56c4a065fede00be8b56e40c56760296cd21
428,347,c4047b78601928383e81fd84b2ad56c4a065fede00be8b56e40c56760296cd21
429,347,c4047b78601928383e81fd84b2ad56c4a065fede00be8b56e40c56760296cd21
430,347,c4047b78601928383e81fd84b2ad56c4a065fede00be8b56e40c56760296cd21
431,347,c4047b78601928383e81fd84b2ad56c4a065fede00be8b56e40c56760296cd21
432,347,c4047b78601928383e81fd84b2ad56c4a065fede00be8b56e40c56760296cd21
415,348,c4047b78601928383e81fd84b2ad56c4a065fede00be8b56e40c56760296cd21
416,348,c4047b78601928383e81fd84b2ad56c4a065fede00be8b56e40c56760296cd21
417,348,c4047b78601928383e81fd84b2ad56c4a065fede00be8b56e40c56760296cd21
418,348,c4047b78601928383e81fd84b2ad56c4a065fede00be8b56e40c56760296cd21
419,348,c4047b78601928383e81fd84b2ad56c4a065fede00be8b56e40c56760296cd21
420,348,c4047b78601928383e81fd84b2ad56c4a065fede00be8b56e40c56760296cd21
421,348,c4047b78601928383e81fd84b2ad56c4a065fede00be8b56e40c56760296cd21
422,348,c4047b78601928383e81fd84b2ad56c4a065fede00be8b56e40c56760296cd21
423,348,c4047b78601928383e81fd84b2ad56c4a065fede00be8b56e40c56760296cd21
424,348,c4047b78601928383e81fd84b2ad56c4a065fede00be8b56e40c56760296cd21
425,348,c4047b78601928383e81fd84b2ad56c4a065fede00be8b56e40c56760296cd21
426,348,c4047b78601928383e81fd84b2ad56c4a065fede00be8b56e40c56760296cd21
427,348,c4047b78601928383e81fd84b2ad56c4a065fede00be8b56e40c56760296cd21
428,348,c4047b78601928383e81fd84b2ad56c4a065fede00be8b56e40c56760296cd21
429,348,c4047b78601928383e81fd84b2ad56c4a065fede00be8b56e40c56760296cd21
430,348,c4047b78601928383e81fd84b2ad56c4a065fede00be8b56e40c56760296cd21
431,348,c4047b78601928383e81fd84b2ad56c4a065fede00be8b56e40c56760296cd21
432,348,c4047b78601928383e81fd84b2ad56c4a065fede00be8b56e40c56760296cd21
532,364,c4047b78601928383e81fd84b2ad56c4a065fede00be8b56e40c56760296cd21
555,364,c4047b78601928383e81fd84b2ad56c4a065fede00be8b56e40c56760296cd21
44,396,c4047b78601928383e81fd84b2ad56c4a065fede00be8b56e40c56760296cd21
79,396,c4047b78601928383e81fd84b2ad56c4a065fede00be8b56e40c56760296cd21
388,396,c4047b78601928383e81fd84b2ad56c4a065fede00be8b56e40c56760296cd21
423,396,c4047b78601928383e81fd84b2ad56c4a065fede00be8b56e40c56760296cd21
248,400,c4047b78601928383e81fd84b2ad56c4a065fede00be8b56e40c56760296cd21
271,400,c4047b78601928383e81fd84b2ad56c4a065fede00be8b56e40c56760296cd21
