room_id,parent,host,ordered_cardinal_air_path,host_access,external_cardinal_air,external_cell_count,opening_faces,support_cells,approach,return,success,qualification,plan_digest
"SV5_INFILL_ROOM_0009256b2ee54633b586","SV5_OPTIONAL_14","SV5_OPTIONAL_14","[[62,335],[62,336],[63,336],[63,337],[64,337],[64,338],[65,338],[66,338],[67,338],[67,339],[68,339]]","[[60,335],[61,335],[62,335]]","[[61,335],[62,335],[62,336],[63,336],[63,337],[64,337],[64,338],[65,338],[66,338],[67,338],[67,339]]","11","60,335>61,335|60,336>61,336","[[62,334],[63,335],[64,336],[65,337],[66,337],[67,337],[68,338],[69,338],[70,338],[71,338],[72,338],[73,338],[74,338],[75,338],[76,338],[77,338],[78,338],[79,338],[80,338]]","[[62,335],[63,336],[64,337],[65,338],[66,338],[67,338],[68,339],[69,339],[70,339],[71,339],[72,339],[73,339],[74,339],[75,339],[76,339],[77,339],[78,339],[79,339],[80,339]]","[[80,339],[79,339],[78,339],[77,339],[76,339],[75,339],[74,339],[73,339],[72,339],[71,339],[70,339],[69,339],[68,339],[67,338],[66,338],[65,338],[64,337],[63,336],[62,335]]","True","STATIC_SCREEN_SUPPORTED_PLUS_ONE_AABB_0.4x0.8_HEADROOM_2;NOT_PLAYER_VERIFIED","82c31034ea601389a257e773caf96fe146abde1b3016018ff3aeae60115f73eb"
"SV5_INFILL_ROOM_000c3495817d6dc43df6","SV5_OPTIONAL_14","SV5_OPTIONAL_14","[[85,387],[85,388],[86,388],[86,389],[87,389],[87,390],[88,390],[89,390],[90,390],[91,390],[91,391],[92,391]]","[[83,387],[84,387],[85,387]]","[[84,387],[85,387],[85,388],[86,388],[86,389],[87,389],[87,390],[88,390],[89,390],[90,390],[91,390],[91,391]]","12","83,387>84,387|83,388>84,388","[[85,386],[86,387],[87,388],[88,389],[89,389],[90,389],[91,389],[92,390],[93,390],[94,390],[95,390],[96,390],[97,390],[98,390],[99,390],[100,390],[101,390],[102,390],[103,390],[104,390],[105,390],[106,390],[107,390],[108,390]]","[[85,387],[86,388],[87,389],[88,390],[89,390],[90,390],[91,390],[92,391],[93,391],[94,391],[95,391],[96,391],[97,391],[98,391],[99,391],[100,391],[101,391],[102,391],[103,391],[104,391],[105,391],[106,391],[107,391],[108,391]]","[[108,391],[107,391],[106,391],[105,391],[104,391],[103,391],[102,391],[101,391],[100,391],[99,391],[98,391],[97,391],[96,391],[95,391],[94,391],[93,391],[92,391],[91,390],[90,390],[89,390],[88,390],[87,389],[86,388],[85,387]]","True","STATIC_SCREEN_SUPPORTED_PLUS_ONE_AABB_0.4x0.8_HEADROOM_2;NOT_PLAYER_VERIFIED","82c31034ea601389a257e773caf96fe146abde1b3016018ff3aeae60115f73eb"
"SV5_INFILL_ROOM_0011e72c7b31be6472c3","SV5_INFILL_ROOM_007d4b680e990cd2b2e3","SV5_OPTIONAL_09","[[32,175],[32,176],[31,176],[31,177],[30,177],[30,178],[29,178],[28,178],[28,179],[27,179]]","[]","[[31,176],[31,177],[30,177],[30,178],[29,178],[28,178],[28,179]]","7","31,176>32,176","[[47,174],[46,174],[45,174],[44,174],[43,174],[42,174],[41,174],[40,174],[39,174],[38,174],[37,174],[36,174],[35,174],[34,174],[33,174],[32,174],[31,175],[30,176],[29,177],[28,177],[27,178],[26,178],[25,178],[24,178],[23,178],[22,178],[21,178],[20,178],[19,178],[18,178],[17,178],[16,178],[15,178]]","[[47,175],[46,175],[45,175],[44,175],[43,175],[42,175],[41,175],[40,175],[39,175],[38,175],[37,175],[36,175],[35,175],[34,175],[33,175],[32,175],[31,176],[30,177],[29,178],[28,178],[27,179],[26,179],[25,179],[24,179],[23,179],[22,179],[21,179],[20,179],[19,179],[18,179],[17,179],[16,179],[15,179]]","[[15,179],[16,179],[17,179],[18,179],[19,179],[20,179],[21,179],[22,179],[23,179],[24,179],[25,179],[26,179],[27,179],[28,178],[29,178],[30,177],[31,176],[32,175],[33,175],[34,175],[35,175],[36,175],[37,175],[38,175],[39,175],[40,175],[41,175],[42,175],[43,175],[44,175],[45,175],[46,175],[47,175]]","True","STATIC_SCREEN_SUPPORTED_PLUS_ONE_AABB_0.4x0.8_HEADROOM_2;NOT_PLAYER_VERIFIED","82c31034ea601389a257e773caf96fe146abde1b3016018ff3aeae60115f73eb"
"SV5_INFILL_ROOM_001fbc81fb72bc0c659e","SV5_INFILL_ROOM_0446d8ee63eecabdb00b","SV5_OPTIONAL_01","[[571,399],[572,399],[572,398],[573,398],[573,397],[574,397],[574,396],[575,396],[575,395],[576,395],[576,394],[577,394],[577,393],[578,393],[578,392],[579,392],[579,391],[580,391],[581,391],[582,391],[583,391],[584,391],[585,391],[586,391],[587,391],[588,391]]","[]","[[572,399],[572,398],[573,398],[573,397],[574,397],[574,396],[575,396],[575,395],[576,395],[576,394],[577,394],[577,393],[578,393],[578,392],[579,392],[579,391],[580,391],[581,391],[582,391],[583,391],[584,391],[585,391],[586,391],[587,391]]","24","571,399>572,399","[[552,398],[553,398],[554,398],[555,398],[556,398],[557,398],[558,398],[559,398],[560,398],[561,398],[562,398],[563,398],[564,398],[565,398],[566,398],[567,398],[568,398],[569,398],[570,398],[571,398],[572,397],[573,396],[574,395],[575,394],[576,393],[577,392],[578,391],[579,390],[580,390],[581,390],[582,390],[583,390],[584,390],[585,390],[586,390],[587,390],[588,390],[589,390],[590,390],[591,390],[592,390],[593,390],[594,390],[595,390],[596,390],[597,390],[598,390],[599,390],[600,390],[601,390],[602,390],[603,390],[604,390]]","[[552,399],[553,399],[554,399],[555,399],[556,399],[557,399],[558,399],[559,399],[560,399],[561,399],[562,399],[563,399],[564,399],[565,399],[566,399],[567,399],[568,399],[569,399],[570,399],[571,399],[572,398],[573,397],[574,396],[575,395],[576,394],[577,393],[578,392],[579,391],[580,391],[581,391],[582,391],[583,391],[584,391],[585,391],[586,391],[587,391],[588,391],[589,391],[590,391],[591,391],[592,391],[593,391],[594,391],[595,391],[596,391],[597,391],[598,391],[599,391],[600,391],[601,391],[602,391],[603,391],[604,391]]","[[604,391],[603,391],[602,391],[601,391],[600,391],[599,391],[598,391],[597,391],[596,391],[595,391],[594,391],[593,391],[592,391],[591,391],[590,391],[589,391],[588,391],[587,391],[586,391],[585,391],[584,391],[583,391],[582,391],[581,391],[580,391],[579,391],[578,392],[577,393],[576,394],[575,395],[574,396],[573,397],[572,398],[571,399],[570,399],[569,399],[568,399],[567,399],[566,399],[565,399],[564,399],[563,399],[562,399],[561,399],[560,399],[559,399],[558,399],[557,399],[556,399],[555,399],[554,399],[553,399],[552,399]]","True","STATIC_SCREEN_SUPPORTED_PLUS_ONE_AABB_0.4x0.8_HEADROOM_2;NOT_PLAYER_VERIFIED","82c31034ea601389a257e773caf96fe146abde1b3016018ff3aeae60115f73eb"
"SV5_INFILL_ROOM_0024793eb465e7cf43f8","SV5_INFILL_ROOM_019f7dfb6c5038fd6bbb","SV5_OPTIONAL_06","[[184,11],[184,12],[183,12],[183,13],[182,13],[182,14],[181,14],[180,14],[180,15],[179,15]]","[]","[[183,12],[183,13],[182,13],[182,14],[181,14],[180,14],[180,15]]","7","183,12>184,12","[[199,10],[198,10],[197,10],[196,10],[195,10],[194,10],[193,10],[192,10],[191,10],[190,10],[189,10],[188,10],[187,10],[186,10],[185,10],[184,10],[183,11],[182,12],[181,13],[180,13],[179,14],[178,14],[177,14],[176,14],[175,14],[174,14],[173,14],[172,14],[171,14],[170,14],[169,14],[168,14],[167,14]]","[[199,11],[198,11],[197,11],[196,11],[195,11],[194,11],[193,11],[192,11],[191,11],[190,11],[189,11],[188,11],[187,11],[186,11],[185,11],[184,11],[183,12],[182,13],[181,14],[180,14],[179,15],[178,15],[177,15],[176,15],[175,15],[174,15],[173,15],[172,15],[171,15],[170,15],[169,15],[168,15],[167,15]]","[[167,15],[168,15],[169,15],[170,15],[171,15],[172,15],[173,15],[174,15],[175,15],[176,15],[177,15],[178,15],[179,15],[180,14],[181,14],[182,13],[183,12],[184,11],[185,11],[186,11],[187,11],[188,11],[189,11],[190,11],[191,11],[192,11],[193,11],[194,11],[195,11],[196,11],[197,11],[198,11],[199,11]]","True","STATIC_SCREEN_SUPPORTED_PLUS_ONE_AABB_0.4x0.8_HEADROOM_2;NOT_PLAYER_VERIFIED","82c31034ea601389a257e773caf96fe146abde1b3016018ff3aeae60115f73eb"
"SV5_INFILL_ROOM_0026720c34abcbf94ac5","SV5_INFILL_ROOM_035798141bd571f529ac","SV5_OPTIONAL_00","[[332,387],[332,388],[331,388],[331,389],[330,389],[330,390],[329,390],[328,390],[327,390],[326,390],[325,390],[324,390],[323,390],[322,390],[321,390],[320,390],[319,390],[318,390],[317,390],[316,390],[315,390],[314,390],[313,390],[312,390],[312,391],[311,391]]","[]","[[331,388],[331,389],[330,389],[330,390],[329,390],[328,390],[327,390],[326,390],[325,390],[324,390],[323,390],[322,390],[321,390],[320,390],[319,390],[318,390],[317,390],[316,390],[315,390],[314,390],[313,390],[312,390],[312,391]]","23","331,388>332,388","[[347,386],[346,386],[345,386],[344,386],[343,386],[342,386],[341,386],[340,386],[339,386],[338,386],[337,386],[336,386],[335,386],[334,386],[333,386],[332,386],[331,387],[330,388],[329,389],[328,389],[327,389],[326,389],[325,389],[324,389],[323,389],[322,389],[321,389],[320,389],[319,389],[318,389],[317,389],[316,389],[315,389],[314,389],[313,389],[312,389],[311,390],[310,390],[309,390],[308,390],[307,390],[306,390],[305,390],[304,390],[303,390],[302,390],[301,390],[300,390],[299,390]]","[[347,387],[346,387],[345,387],[344,387],[343,387],[342,387],[341,387],[340,387],[339,387],[338,387],[337,387],[336,387],[335,387],[334,387],[333,387],[332,387],[331,388],[330,389],[329,390],[328,390],[327,390],[326,390],[325,390],[324,390],[323,390],[322,390],[321,390],[320,390],[319,390],[318,390],[317,390],[316,390],[315,390],[314,390],[313,390],[312,390],[311,391],[310,391],[309,391],[308,391],[307,391],[306,391],[305,391],[304,391],[303,391],[302,391],[301,391],[300,391],[299,391]]","[[299,391],[300,391],[301,391],[302,391],[303,391],[304,391],[305,391],[306,391],[307,391],[308,391],[309,391],[310,391],[311,391],[312,390],[313,390],[314,390],[315,390],[316,390],[317,390],[318,390],[319,390],[320,390],[321,390],[322,390],[323,390],[324,390],[325,390],[326,390],[327,390],[328,390],[329,390],[330,389],[331,388],[332,387],[333,387],[334,387],[335,387],[336,387],[337,387],[338,387],[339,387],[340,387],[341,387],[342,387],[343,387],[344,387],[345,387],[346,387],[347,387]]","True","STATIC_SCREEN_SUPPORTED_PLUS_ONE_AABB_0.4x0.8_HEADROOM_2;NOT_PLAYER_VERIFIED","82c31034ea601389a257e773caf96fe146abde1b3016018ff3aeae60115f73eb"
"SV5_INFILL_ROOM_002847beba22c27fafc7","SV5_OPTIONAL_00","SV5_OPTIONAL_00","[[386,351],[386,352],[387,352],[387,353],[388,353],[388,354],[389,354],[390,354],[391,354],[392,354],[393,354],[394,354],[395,354],[396,354],[397,354],[398,354],[399,354],[400,354],[401,354],[402,354],[403,354],[403,355],[404,355]]","[[384,351],[385,351],[386,351]]","[[385,351],[386,351],[386,352],[387,352],[387,353],[388,353],[388,354],[389,354],[390,354],[391,354],[392,354],[393,354],[394,354],[395,354],[396,354],[397,354],[398,354],[399,354],[400,354],[401,354],[402,354],[403,354],[403,355]]","23","384,351>385,351|384,352>385,352","[[386,350],[387,351],[388,352],[389,353],[390,353],[391,353],[392,353],[393,353],[394,353],[395,353],[396,353],[397,353],[398,353],[399,353],[400,353],[401,353],[402,353],[403,353],[404,354],[405,354],[406,354],[407,354],[408,354],[409,355],[410,355],[411,356],[412,356],[413,356],[414,356],[415,356],[416,356]]","[[386,351],[387,352],[388,353],[389,354],[390,354],[391,354],[392,354],[393,354],[394,354],[395,354],[396,354],[397,354],[398,354],[399,354],[400,354],[401,354],[402,354],[403,354],[404,355],[405,355],[406,355],[407,355],[408,355],[409,356],[410,356],[411,357],[412,357],[413,357],[414,357],[415,357],[416,357]]","[[416,357],[415,357],[414,357],[413,357],[412,357],[411,357],[410,356],[409,356],[408,355],[407,355],[406,355],[405,355],[404,355],[403,354],[402,354],[401,354],[400,354],[399,354],[398,354],[397,354],[396,354],[395,354],[394,354],[393,354],[392,354],[391,354],[390,354],[389,354],[388,353],[387,352],[386,351]]","True","STATIC_SCREEN_SUPPORTED_PLUS_ONE_AABB_0.4x0.8_HEADROOM_2;NOT_PLAYER_VERIFIED","82c31034ea601389a257e773caf96fe146abde1b3016018ff3aeae60115f73eb"
"SV5_INFILL_ROOM_002b1fdb38d3b5d62912","SV5_OPTIONAL_04","SV5_OPTIONAL_04","[[558,23],[559,23],[560,23]]","[[556,23],[557,23],[558,23]]","[[557,23],[558,23],[559,23]]","3","556,23>557,23|556,24>557,24","[[558,22],[559,22],[560,22],[561,22],[562,22],[563,22],[564,22],[565,22],[566,22],[567,22],[568,22],[569,22],[570,22],[571,22],[572,22],[573,22],[574,22],[575,22],[576,22]]","[[558,23],[559,23],[560,23],[561,23],[562,23],[563,23],[564,23],[565,23],[566,23],[567,23],[568,23],[569,23],[570,23],[571,23],[572,23],[573,23],[574,23],[575,23],[576,23]]","[[576,23],[575,23],[574,23],[573,23],[572,23],[571,23],[570,23],[569,23],[568,23],[567,23],[566,23],[565,23],[564,23],[563,23],[562,23],[561,23],[560,23],[559,23],[558,23]]","True","STATIC_SCREEN_SUPPORTED_PLUS_ONE_AABB_0.4x0.8_HEADROOM_2;NOT_PLAYER_VERIFIED","82c31034ea601389a257e773caf96fe146abde1b3016018ff3aeae60115f73eb"
"SV5_INFILL_ROOM_002d50d3e085b1033ac2","SV5_INFILL_ROOM_01d7ff7bb18fc9fc6231","SV5_OPTIONAL_04","[[508,79],[508,80],[507,80],[507,81],[506,81],[506,82],[505,82],[504,82],[503,82],[502,82],[501,82],[500,82],[500,83],[499,83]]","[]","[[507,80],[507,81],[506,81],[506,82],[505,82],[504,82],[503,82],[502,82],[501,82],[500,82],[500,83]]","11","507,80>508,80","[[523,78],[522,78],[521,78],[520,78],[519,78],[518,78],[517,78],[516,78],[515,78],[514,78],[513,78],[512,78],[511,78],[510,78],[509,78],[508,78],[507,79],[506,80],[505,81],[504,81],[503,81],[502,81],[501,81],[500,81],[499,82],[498,82],[497,82],[496,82],[495,82],[494,82],[493,82],[492,82],[491,82],[490,82],[489,82],[488,82],[487,82],[486,82],[485,82],[484,82],[483,82]]","[[523,79],[522,79],[521,79],[520,79],[519,79],[518,79],[517,79],[516,79],[515,79],[514,79],[513,79],[512,79],[511,79],[510,79],[509,79],[508,79],[507,80],[506,81],[505,82],[504,82],[503,82],[502,82],[501,82],[500,82],[499,83],[498,83],[497,83],[496,83],[495,83],[494,83],[493,83],[492,83],[491,83],[490,83],[489,83],[488,83],[487,83],[486,83],[485,83],[484,83],[483,83]]","[[483,83],[484,83],[485,83],[486,83],[487,83],[488,83],[489,83],[490,83],[491,83],[492,83],[493,83],[494,83],[495,83],[496,83],[497,83],[498,83],[499,83],[500,82],[501,82],[502,82],[503,82],[504,82],[505,82],[506,81],[507,80],[508,79],[509,79],[510,79],[511,79],[512,79],[513,79],[514,79],[515,79],[516,79],[517,79],[518,79],[519,79],[520,79],[521,79],[522,79],[523,79]]","True","STATIC_SCREEN_SUPPORTED_PLUS_ONE_AABB_0.4x0.8_HEADROOM_2;NOT_PLAYER_VERIFIED","82c31034ea601389a257e773caf96fe146abde1b3016018ff3aeae60115f73eb"
"SV5_INFILL_ROOM_0033f24aa202678fd527","SV5_OPTIONAL_10","SV5_OPTIONAL_10","[[170,207],[170,208],[171,208],[171,209],[172,209],[172,210],[173,210],[174,210],[175,210],[175,211],[176,211]]","[[168,207],[169,207],[170,207]]","[[169,207],[170,207],[170,208],[171,208],[171,209],[172,209],[172,210],[173,210],[174,210],[175,210],[175,211]]","11","168,207>169,207|168,208>169,208","[[170,206],[171,207],[172,208],[173,209],[174,209],[175,209],[176,210],[177,210],[178,210],[179,210],[180,210],[181,210],[182,210],[183,210],[184,210],[185,210],[186,210],[187,210],[188,210]]","[[170,207],[171,208],[172,209],[173,210],[174,210],[175,210],[176,211],[177,211],[178,211],[179,211],[180,211],[181,211],[182,211],[183,211],[184,211],[185,211],[186,211],[187,211],[188,211]]","[[188,211],[187,211],[186,211],[185,211],[184,211],[183,211],[182,211],[181,211],[180,211],[179,211],[178,211],[177,211],[176,211],[175,210],[174,210],[173,210],[172,209],[171,208],[170,207]]","True","STATIC_SCREEN_SUPPORTED_PLUS_ONE_AABB_0.4x0.8_HEADROOM_2;NOT_PLAYER_VERIFIED","82c31034ea601389a257e773caf96fe146abde1b3016018ff3aeae60115f73eb"
"SV5_INFILL_ROOM_0037657b0551ee1b06a5","SV5_OPTIONAL_15","SV5_OPTIONAL_15","[[47,251],[46,251],[46,250],[45,250],[45,249],[44,249],[44,248],[43,248],[43,247],[42,247],[42,246],[41,246],[41,245],[40,245],[40,244],[39,244],[39,243],[38,243],[38,242],[37,242],[37,241],[36,241],[36,240],[35,240],[35,239]]","[[47,252],[47,251]]","[[47,252],[47,251],[46,251],[46,250],[45,250],[45,249],[44,249],[44,248],[43,248],[43,247],[42,247],[42,246],[41,246],[41,245],[40,245],[40,244],[39,244],[39,243],[38,243],[38,242],[37,242],[37,241],[36,241],[36,240]]","24","47,251>47,252|46,252>47,252|47,252>48,252|46,251>46,252","[[47,250],[46,249],[45,248],[44,247],[43,246],[42,245],[41,244],[40,243],[39,242],[38,241],[37,240],[36,239],[35,238],[34,238],[33,238],[32,238],[31,238],[30,238],[29,238],[28,238],[27,238],[26,238],[25,238],[24,238],[23,238],[22,238],[21,238],[20,238],[19,238]]","[[47,251],[46,250],[45,249],[44,248],[43,247],[42,246],[41,245],[40,244],[39,243],[38,242],[37,241],[36,240],[35,239],[34,239],[33,239],[32,239],[31,239],[30,239],[29,239],[28,239],[27,239],[26,239],[25,239],[24,239],[23,239],[22,239],[21,239],[20,239],[19,239]]","[[19,239],[20,239],[21,239],[22,239],[23,239],[24,239],[25,239],[26,239],[27,239],[28,239],[29,239],[30,239],[31,239],[32,239],[33,239],[34,239],[35,239],[36,240],[37,241],[38,242],[39,243],[40,244],[41,245],[42,246],[43,247],[44,248],[45,249],[46,250],[47,251]]","True","STATIC_SCREEN_SUPPORTED_PLUS_ONE_AABB_0.4x0.8_HEADROOM_2;NOT_PLAYER_VERIFIED","82c31034ea601389a257e773caf96fe146abde1b3016018ff3aeae60115f73eb"
"SV5_INFILL_ROOM_003c64be23db80287d41","SV5_INFILL_ROOM_002b1fdb38d3b5d62912","SV5_OPTIONAL_04","[[579,23],[580,23],[581,23],[582,23],[583,23],[584,23],[585,23],[586,23],[587,23],[588,23],[589,23],[590,23],[591,23],[592,23],[593,23],[594,23],[595,23],[596,23],[597,23],[598,23],[599,23],[600,23]]","[]","[[580,23],[581,23],[582,23],[583,23],[584,23],[585,23],[586,23],[587,23],[588,23],[589,23],[590,23],[591,23],[592,23],[593,23],[594,23],[595,23],[596,23],[597,23],[598,23],[599,23]]","20","579,23>580,23|579,24>580,24","[[560,22],[561,22],[562,22],[563,22],[564,22],[565,22],[566,22],[567,22],[568,22],[569,22],[570,22],[571,22],[572,22],[573,22],[574,22],[575,22],[576,22],[577,22],[578,22],[579,22],[580,22],[581,22],[582,22],[583,22],[584,22],[585,22],[586,22],[587,22],[588,22],[589,22],[590,22],[591,22],[592,22],[593,22],[594,22],[595,22],[596,22],[597,22],[598,22],[599,22],[600,22],[601,22],[602,22],[603,22],[604,22],[605,22],[606,22],[607,22],[608,22],[609,22],[610,22],[611,22],[612,22]]","[[560,23],[561,23],[562,23],[563,23],[564,23],[565,23],[566,23],[567,23],[568,23],[569,23],[570,23],[571,23],[572,23],[573,23],[574,23],[575,23],[576,23],[577,23],[578,23],[579,23],[580,23],[581,23],[582,23],[583,23],[584,23],[585,23],[586,23],[587,23],[588,23],[589,23],[590,23],[591,23],[592,23],[593,23],[594,23],[595,23],[596,23],[597,23],[598,23],[599,23],[600,23],[601,23],[602,23],[603,23],[604,23],[605,23],[606,23],[607,23],[608,23],[609,23],[610,23],[611,23],[612,23]]","[[612,23],[611,23],[610,23],[609,23],[608,23],[607,23],[606,23],[605,23],[604,23],[603,23],[602,23],[601,23],[600,23],[599,23],[598,23],[597,23],[596,23],[595,23],[594,23],[593,23],[592,23],[591,23],[590,23],[589,23],[588,23],[587,23],[586,23],[585,23],[584,23],[583,23],[582,23],[581,23],[580,23],[579,23],[578,23],[577,23],[576,23],[575,23],[574,23],[573,23],[572,23],[571,23],[570,23],[569,23],[568,23],[567,23],[566,23],[565,23],[564,23],[563,23],[562,23],[561,23],[560,23]]","True","STATIC_SCREEN_SUPPORTED_PLUS_ONE_AABB_0.4x0.8_HEADROOM_2;NOT_PLAYER_VERIFIED","82c31034ea601389a257e773caf96fe146abde1b3016018ff3aeae60115f73eb"
"SV5_INFILL_ROOM_0042f49ea66c74b34fe7","SV5_INFILL_ROOM_0e7232f551c998f79b45","SV5_OPTIONAL_10","[[148,211],[147,211],[146,211],[145,211],[144,211],[143,211],[142,211],[141,211],[140,211],[139,211],[138,211],[137,211],[136,211],[135,211],[134,211],[133,211],[132,211],[131,211],[130,211],[129,211],[128,211],[127,211]]","[]","[[147,211],[146,211],[145,211],[144,211],[143,211],[142,211],[141,211],[140,211],[139,211],[138,211],[137,211],[136,211],[135,211],[134,211],[133,211],[132,211],[131,211],[130,211],[129,211],[128,211]]","20","147,211>148,211|147,212>148,212","[[163,210],[162,210],[161,210],[160,210],[159,210],[158,210],[157,210],[156,210],[155,210],[154,210],[153,210],[152,210],[151,210],[150,210],[149,210],[148,210],[147,210],[146,210],[145,210],[144,210],[143,210],[142,210],[141,210],[140,210],[139,210],[138,210],[137,210],[136,210],[135,210],[134,210],[133,210],[132,210],[131,210],[130,210],[129,210],[128,210],[127,210],[126,210],[125,210],[124,210],[123,210],[122,210],[121,210],[120,210],[119,210],[118,210],[117,210],[116,210],[115,210],[114,210],[113,210],[112,210],[111,210]]","[[163,211],[162,211],[161,211],[160,211],[159,211],[158,211],[157,211],[156,211],[155,211],[154,211],[153,211],[152,211],[151,211],[150,211],[149,211],[148,211],[147,211],[146,211],[145,211],[144,211],[143,211],[142,211],[141,211],[140,211],[139,211],[138,211],[137,211],[136,211],[135,211],[134,211],[133,211],[132,211],[131,211],[130,211],[129,211],[128,211],[127,211],[126,211],[125,211],[124,211],[123,211],[122,211],[121,211],[120,211],[119,211],[118,211],[117,211],[116,211],[115,211],[114,211],[113,211],[112,211],[111,211]]","[[111,211],[112,211],[113,211],[114,211],[115,211],[116,211],[117,211],[118,211],[119,211],[120,211],[121,211],[122,211],[123,211],[124,211],[125,211],[126,211],[127,211],[128,211],[129,211],[130,211],[131,211],[132,211],[133,211],[134,211],[135,211],[136,211],[137,211],[138,211],[139,211],[140,211],[141,211],[142,211],[143,211],[144,211],[145,211],[146,211],[147,211],[148,211],[149,211],[150,211],[151,211],[152,211],[153,211],[154,211],[155,211],[156,211],[157,211],[158,211],[159,211],[160,211],[161,211],[162,211],[163,211]]","True","STATIC_SCREEN_SUPPORTED_PLUS_ONE_AABB_0.4x0.8_HEADROOM_2;NOT_PLAYER_VERIFIED","82c31034ea601389a257e773caf96fe146abde1b3016018ff3aeae60115f73eb"
"SV5_INFILL_ROOM_0051000692d8e452ab1f","SV5_INFILL_ROOM_04e7f66dbff892010bd0","SV5_OPTIONAL_TO_VILLAGE","[[375,251],[376,251],[376,250],[377,250],[377,249],[378,249],[378,248],[379,248],[379,247],[380,247]]","[]","[[376,251],[376,250],[377,250],[377,249],[378,249],[378,248],[379,248],[379,247]]","8","375,251>376,251","[[360,250],[361,250],[362,250],[363,250],[364,250],[365,250],[366,250],[367,250],[368,250],[369,250],[370,250],[371,250],[372,250],[373,250],[374,250],[375,250],[376,249],[377,248],[378,247],[379,246],[380,246],[381,246],[382,246],[383,246],[384,246],[385,246],[386,246],[387,246],[388,246],[389,246],[390,246],[391,246],[392,246],[393,246],[394,246],[395,246],[396,246]]","[[360,251],[361,251],[362,251],[363,251],[364,251],[365,251],[366,251],[367,251],[368,251],[369,251],[370,251],[371,251],[372,251],[373,251],[374,251],[375,251],[376,250],[377,249],[378,248],[379,247],[380,247],[381,247],[382,247],[383,247],[384,247],[385,247],[386,247],[387,247],[388,247],[389,247],[390,247],[391,247],[392,247],[393,247],[394,247],[395,247],[396,247]]","[[396,247],[395,247],[394,247],[393,247],[392,247],[391,247],[390,247],[389,247],[388,247],[387,247],[386,247],[385,247],[384,247],[383,247],[382,247],[381,247],[380,247],[379,247],[378,248],[377,249],[376,250],[375,251],[374,251],[373,251],[372,251],[371,251],[370,251],[369,251],[368,251],[367,251],[366,251],[365,251],[364,251],[363,251],[362,251],[361,251],[360,251]]","True","STATIC_SCREEN_SUPPORTED_PLUS_ONE_AABB_0.4x0.8_HEADROOM_2;NOT_PLAYER_VERIFIED","82c31034ea601389a257e773caf96fe146abde1b3016018ff3aeae60115f73eb"
"SV5_INFILL_ROOM_00567d25c8515283ea43","SV5_OPTIONAL_15","SV5_OPTIONAL_15","[[42,259],[41,259],[40,259],[39,259]]","[[44,259],[43,259],[42,259]]","[[43,259],[42,259],[41,259],[40,259]]","4","43,259>44,259|43,260>44,260","[[42,258],[41,258],[40,258],[39,258],[38,258],[37,258],[36,258],[35,258],[34,258],[33,258],[32,258],[31,258],[30,258],[29,258],[28,258],[27,258]]","[[42,259],[41,259],[40,259],[39,259],[38,259],[37,259],[36,259],[35,259],[34,259],[33,259],[32,259],[31,259],[30,259],[29,259],[28,259],[27,259]]","[[27,259],[28,259],[29,259],[30,259],[31,259],[32,259],[33,259],[34,259],[35,259],[36,259],[37,259],[38,259],[39,259],[40,259],[41,259],[42,259]]","True","STATIC_SCREEN_SUPPORTED_PLUS_ONE_AABB_0.4x0.8_HEADROOM_2;NOT_PLAYER_VERIFIED","82c31034ea601389a257e773caf96fe146abde1b3016018ff3aeae60115f73eb"
"SV5_INFILL_ROOM_0056e97b4d1cbbcc6c74","SV5_INFILL_ROOM_0a3edb35f0471f0ffe49","SV5_OPTIONAL_04","[[504,51],[503,51],[502,51],[501,51],[500,51],[499,51],[498,51],[497,51],[496,51],[495,51],[494,51],[493,51],[492,51],[491,51],[490,51],[489,51],[488,51],[487,51]]","[]","[[503,51],[502,51],[501,51],[500,51],[499,51],[498,51],[497,51],[496,51],[495,51],[494,51],[493,51],[492,51],[491,51],[490,51],[489,51],[488,51]]","16","503,51>504,51|503,52>504,52","[[519,50],[518,50],[517,50],[516,50],[515,50],[514,50],[513,50],[512,50],[511,50],[510,50],[509,50],[508,50],[507,50],[506,50],[505,50],[504,50],[503,50],[502,50],[501,50],[500,50],[499,50],[498,50],[497,50],[496,50],[495,50],[494,50],[493,50],[492,50],[491,50],[490,50],[489,50],[488,50],[487,50],[486,50],[485,50],[484,50],[483,50],[482,50],[481,50],[480,50],[479,50],[478,50],[477,50],[476,50],[475,50],[474,50],[473,50],[472,50],[471,50]]","[[519,51],[518,51],[517,51],[516,51],[515,51],[514,51],[513,51],[512,51],[511,51],[510,51],[509,51],[508,51],[507,51],[506,51],[505,51],[504,51],[503,51],[502,51],[501,51],[500,51],[499,51],[498,51],[497,51],[496,51],[495,51],[494,51],[493,51],[492,51],[491,51],[490,51],[489,51],[488,51],[487,51],[486,51],[485,51],[484,51],[483,51],[482,51],[481,51],[480,51],[479,51],[478,51],[477,51],[476,51],[475,51],[474,51],[473,51],[472,51],[471,51]]","[[471,51],[472,51],[473,51],[474,51],[475,51],[476,51],[477,51],[478,51],[479,51],[480,51],[481,51],[482,51],[483,51],[484,51],[485,51],[486,51],[487,51],[488,51],[489,51],[490,51],[491,51],[492,51],[493,51],[494,51],[495,51],[496,51],[497,51],[498,51],[499,51],[500,51],[501,51],[502,51],[503,51],[504,51],[505,51],[506,51],[507,51],[508,51],[509,51],[510,51],[511,51],[512,51],[513,51],[514,51],[515,51],[516,51],[517,51],[518,51],[519,51]]","True","STATIC_SCREEN_SUPPORTED_PLUS_ONE_AABB_0.4x0.8_HEADROOM_2;NOT_PLAYER_VERIFIED","82c31034ea601389a257e773caf96fe146abde1b3016018ff3aeae60115f73eb"
"SV5_INFILL_ROOM_005a04bda9ede05b1190","SV5_OPTIONAL_09","SV5_OPTIONAL_09","[[126,127],[126,128],[125,128],[125,129],[124,129],[124,130],[123,130],[122,130],[121,130],[120,130],[119,130],[118,130],[117,130],[116,130],[115,130],[114,130],[113,130],[112,130],[111,130],[110,130],[109,130],[108,130],[108,131],[107,131]]","[[128,127],[127,127],[126,127]]","[[127,127],[126,127],[126,128],[125,128],[125,129],[124,129],[124,130],[123,130],[122,130],[121,130],[120,130],[119,130],[118,130],[117,130],[116,130],[115,130],[114,130],[113,130],[112,130],[111,130],[110,130],[109,130],[108,130],[108,131]]","24","127,127>128,127|127,128>128,128","[[126,126],[125,127],[124,128],[123,129],[122,129],[121,129],[120,129],[119,129],[118,129],[117,129],[116,129],[115,129],[114,129],[113,129],[112,129],[111,129],[110,129],[109,129],[108,129],[107,130],[106,130],[105,130],[104,130],[103,130],[102,130],[101,130],[100,130],[99,130],[98,130],[97,130],[96,130],[95,130]]","[[126,127],[125,128],[124,129],[123,130],[122,130],[121,130],[120,130],[119,130],[118,130],[117,130],[116,130],[115,130],[114,130],[113,130],[112,130],[111,130],[110,130],[109,130],[108,130],[107,131],[106,131],[105,131],[104,131],[103,131],[102,131],[101,131],[100,131],[99,131],[98,131],[97,131],[96,131],[95,131]]","[[95,131],[96,131],[97,131],[98,131],[99,131],[100,131],[101,131],[102,131],[103,131],[104,131],[105,131],[106,131],[107,131],[108,130],[109,130],[110,130],[111,130],[112,130],[113,130],[114,130],[115,130],[116,130],[117,130],[118,130],[119,130],[120,130],[121,130],[122,130],[123,130],[124,129],[125,128],[126,127]]","True","STATIC_SCREEN_SUPPORTED_PLUS_ONE_AABB_0.4x0.8_HEADROOM_2;NOT_PLAYER_VERIFIED","82c31034ea601389a257e773caf96fe146abde1b3016018ff3aeae60115f73eb"
"SV5_INFILL_ROOM_00636997b68d562b57db","SV5_OPTIONAL_07","SV5_OPTIONAL_07","[[174,99],[174,100],[173,100],[173,101],[172,101],[172,102],[171,102],[170,102],[169,102],[168,102],[168,103],[167,103]]","[[176,99],[175,99],[174,99]]","[[175,99],[174,99],[174,100],[173,100],[173,101],[172,101],[172,102],[171,102],[170,102],[169,102],[168,102],[168,103]]","12","175,99>176,99|175,100>176,100","[[174,98],[173,99],[172,100],[171,101],[170,101],[169,101],[168,101],[167,102],[166,102],[165,102],[164,102],[163,102],[162,102],[161,102],[160,102],[159,102],[158,102],[157,102],[156,102],[155,102],[154,102],[153,102],[152,102],[151,102]]","[[174,99],[173,100],[172,101],[171,102],[170,102],[169,102],[168,102],[167,103],[166,103],[165,103],[164,103],[163,103],[162,103],[161,103],[160,103],[159,103],[158,103],[157,103],[156,103],[155,103],[154,103],[153,103],[152,103],[151,103]]","[[151,103],[152,103],[153,103],[154,103],[155,103],[156,103],[157,103],[158,103],[159,103],[160,103],[161,103],[162,103],[163,103],[164,103],[165,103],[166,103],[167,103],[168,102],[169,102],[170,102],[171,102],[172,101],[173,100],[174,99]]","True","STATIC_SCREEN_SUPPORTED_PLUS_ONE_AABB_0.4x0.8_HEADROOM_2;NOT_PLAYER_VERIFIED","82c31034ea601389a257e773caf96fe146abde1b3016018ff3aeae60115f73eb"
"SV5_INFILL_ROOM_0064031756dd2be8210e","SV5_OPTIONAL_01","SV5_OPTIONAL_01","[[429,395],[430,395],[431,395],[432,395],[433,395],[434,395],[435,395],[436,395],[437,395],[438,395],[439,395],[440,395],[441,395],[442,395],[443,395],[444,395],[445,395],[446,395],[447,395],[448,395],[449,395],[450,395],[451,395],[452,395]]","[[427,395],[428,395],[429,395]]","[[428,395],[429,395],[430,395],[431,395],[432,395],[433,395],[434,395],[435,395],[436,395],[437,395],[438,395],[439,395],[440,395],[441,395],[442,395],[443,395],[444,395],[445,395],[446,395],[447,395],[448,395],[449,395],[450,395],[451,395]]","24","427,395>428,395|427,396>428,396","[[429,394],[430,394],[431,394],[432,394],[433,394],[434,394],[435,394],[436,394],[437,394],[438,394],[439,394],[440,394],[441,394],[442,394],[443,394],[444,394],[445,394],[446,394],[447,394],[448,394],[449,394],[450,394],[451,394],[452,394],[453,394],[454,394],[455,394],[456,394],[457,394],[458,394],[459,394],[460,394],[461,394],[462,394],[463,394],[464,394],[465,394],[466,394],[467,394],[468,394]]","[[429,395],[430,395],[431,395],[432,395],[433,395],[434,395],[435,395],[436,395],[437,395],[438,395],[439,395],[440,395],[441,395],[442,395],[443,395],[444,395],[445,395],[446,395],[447,395],[448,395],[449,395],[450,395],[451,395],[452,395],[453,395],[454,395],[455,395],[456,395],[457,395],[458,395],[459,395],[460,395],[461,395],[462,395],[463,395],[464,395],[465,395],[466,395],[467,395],[468,395]]","[[468,395],[467,395],[466,395],[465,395],[464,395],[463,395],[462,395],[461,395],[460,395],[459,395],[458,395],[457,395],[456,395],[455,395],[454,395],[453,395],[452,395],[451,395],[450,395],[449,395],[448,395],[447,395],[446,395],[445,395],[444,395],[443,395],[442,395],[441,395],[440,395],[439,395],[438,395],[437,395],[436,395],[435,395],[434,395],[433,395],[432,395],[431,395],[430,395],[429,395]]","True","STATIC_SCREEN_SUPPORTED_PLUS_ONE_AABB_0.4x0.8_HEADROOM_2;NOT_PLAYER_VERIFIED","82c31034ea601389a257e773caf96fe146abde1b3016018ff3aeae60115f73eb"
"SV5_INFILL_ROOM_00679c9fe501a9fe506a","SV5_INFILL_ROOM_0275430ac9d64999ad31","SV5_OPTIONAL_04","[[476,107],[475,107],[475,106],[474,106],[474,105],[473,105],[473,104],[472,104],[472,103],[471,103],[470,103],[469,103],[468,103],[467,103],[466,103],[465,103],[464,103],[463,103],[462,103],[461,103],[460,103],[459,103]]","[]","[[475,107],[475,106],[474,106],[474,105],[473,105],[473,104],[472,104],[472,103],[471,103],[470,103],[469,103],[468,103],[467,103],[466,103],[465,103],[464,103],[463,103],[462,103],[461,103],[460,103]]","20","475,107>476,107","[[491,106],[490,106],[489,106],[488,106],[487,106],[486,106],[485,106],[484,106],[483,106],[482,106],[481,106],[480,106],[479,106],[478,106],[477,106],[476,106],[475,105],[474,104],[473,103],[472,102],[471,102],[470,102],[469,102],[468,102],[467,102],[466,102],[465,102],[464,102],[463,102],[462,102],[461,102],[460,102],[459,102],[458,102],[457,102],[456,102],[455,102],[454,102],[453,102],[452,102],[451,102],[450,102],[449,102],[448,102],[447,102]]","[[491,107],[490,107],[489,107],[488,107],[487,107],[486,107],[485,107],[484,107],[483,107],[482,107],[481,107],[480,107],[479,107],[478,107],[477,107],[476,107],[475,106],[474,105],[473,104],[472,103],[471,103],[470,103],[469,103],[468,103],[467,103],[466,103],[465,103],[464,103],[463,103],[462,103],[461,103],[460,103],[459,103],[458,103],[457,103],[456,103],[455,103],[454,103],[453,103],[452,103],[451,103],[450,103],[449,103],[448,103],[447,103]]","[[447,103],[448,103],[449,103],[450,103],[451,103],[452,103],[453,103],[454,103],[455,103],[456,103],[457,103],[458,103],[459,103],[460,103],[461,103],[462,103],[463,103],[464,103],[465,103],[466,103],[467,103],[468,103],[469,103],[470,103],[471,103],[472,103],[473,104],[474,105],[475,106],[476,107],[477,107],[478,107],[479,107],[480,107],[481,107],[482,107],[483,107],[484,107],[485,107],[486,107],[487,107],[488,107],[489,107],[490,107],[491,107]]","True","STATIC_SCREEN_SUPPORTED_PLUS_ONE_AABB_0.4x0.8_HEADROOM_2;NOT_PLAYER_VERIFIED","82c31034ea601389a257e773caf96fe146abde1b3016018ff3aeae60115f73eb"
"SV5_INFILL_ROOM_0069d277ac5c3e8fb6f9","SV5_INFILL_ROOM_02ce24c34efdbef4d4c4","SV5_OPTIONAL_06","[[48,25],[48,26],[47,26],[46,26],[45,26],[44,26],[43,26],[42,26],[41,26],[40,26],[39,26],[38,26],[37,26],[36,26],[36,27],[35,27]]","[]","[[47,26],[46,26],[45,26],[44,26],[43,26],[42,26],[41,26],[40,26],[39,26],[38,26],[37,26],[36,26],[36,27]]","13","47,26>48,26","[[63,22],[62,22],[61,22],[60,22],[59,22],[58,23],[57,23],[56,24],[55,24],[54,24],[53,24],[52,24],[51,24],[50,24],[49,24],[48,24],[47,25],[46,25],[45,25],[44,25],[43,25],[42,25],[41,25],[40,25],[39,25],[38,25],[37,25],[36,25],[35,26],[34,26],[33,26],[32,26],[31,26],[30,26],[29,26],[28,26],[27,26],[26,26],[25,26],[24,26],[23,26]]","[[63,23],[62,23],[61,23],[60,23],[59,23],[58,24],[57,24],[56,25],[55,25],[54,25],[53,25],[52,25],[51,25],[50,25],[49,25],[48,25],[47,26],[46,26],[45,26],[44,26],[43,26],[42,26],[41,26],[40,26],[39,26],[38,26],[37,26],[36,26],[35,27],[34,27],[33,27],[32,27],[31,27],[30,27],[29,27],[28,27],[27,27],[26,27],[25,27],[24,27],[23,27]]","[[23,27],[24,27],[25,27],[26,27],[27,27],[28,27],[29,27],[30,27],[31,27],[32,27],[33,27],[34,27],[35,27],[36,26],[37,26],[38,26],[39,26],[40,26],[41,26],[42,26],[43,26],[44,26],[45,26],[46,26],[47,26],[48,25],[49,25],[50,25],[51,25],[52,25],[53,25],[54,25],[55,25],[56,25],[57,24],[58,24],[59,23],[60,23],[61,23],[62,23],[63,23]]","True","STATIC_SCREEN_SUPPORTED_PLUS_ONE_AABB_0.4x0.8_HEADROOM_2;NOT_PLAYER_VERIFIED","82c31034ea601389a257e773caf96fe146abde1b3016018ff3aeae60115f73eb"
"SV5_INFILL_ROOM_006a041e813dab7d126c","SV5_INFILL_ROOM_050904725fdcd82ff28e","SV5_OPTIONAL_04","[[591,75],[592,75],[592,74],[593,74],[593,73],[594,73],[594,72],[595,72],[595,71],[596,71],[596,70],[597,70],[597,69],[598,69],[598,68],[599,68],[599,67],[600,67],[600,66],[601,66],[601,65],[602,65],[602,64],[603,64],[603,63],[604,63]]","[]","[[592,75],[592,74],[593,74],[593,73],[594,73],[594,72],[595,72],[595,71],[596,71],[596,70],[597,70],[597,69],[598,69],[598,68],[599,68],[599,67],[600,67],[600,66],[601,66],[601,65],[602,65],[602,64],[603,64],[603,63]]","24","591,75>592,75","[[572,74],[573,74],[574,74],[575,74],[576,74],[577,74],[578,74],[579,74],[580,74],[581,74],[582,74],[583,74],[584,74],[585,74],[586,74],[587,74],[588,74],[589,74],[590,74],[591,74],[592,73],[593,72],[594,71],[595,70],[596,69],[597,68],[598,67],[599,66],[600,65],[601,64],[602,63],[603,62],[604,62],[605,62],[606,62],[607,62],[608,62],[609,63],[610,63],[611,64],[612,64],[613,64],[614,64],[615,64],[616,64]]","[[572,75],[573,75],[574,75],[575,75],[576,75],[577,75],[578,75],[579,75],[580,75],[581,75],[582,75],[583,75],[584,75],[585,75],[586,75],[587,75],[588,75],[589,75],[590,75],[591,75],[592,74],[593,73],[594,72],[595,71],[596,70],[597,69],[598,68],[599,67],[600,66],[601,65],[602,64],[603,63],[604,63],[605,63],[606,63],[607,63],[608,63],[609,64],[610,64],[611,65],[612,65],[613,65],[614,65],[615,65],[616,65]]","[[616,65],[615,65],[614,65],[613,65],[612,65],[611,65],[610,64],[609,64],[608,63],[607,63],[606,63],[605,63],[604,63],[603,63],[602,64],[601,65],[600,66],[599,67],[598,68],[597,69],[596,70],[595,71],[594,72],[593,73],[592,74],[591,75],[590,75],[589,75],[588,75],[587,75],[586,75],[585,75],[584,75],[583,75],[582,75],[581,75],[580,75],[579,75],[578,75],[577,75],[576,75],[575,75],[574,75],[573,75],[572,75]]","True","STATIC_SCREEN_SUPPORTED_PLUS_ONE_AABB_0.4x0.8_HEADROOM_2;NOT_PLAYER_VERIFIED","82c31034ea601389a257e773caf96fe146abde1b3016018ff3aeae60115f73eb"
"SV5_INFILL_ROOM_006e09773eb20b7351b0","SV5_OPTIONAL_06","SV5_OPTIONAL_06","[[218,111],[217,111],[216,111],[215,111],[214,111],[213,111],[212,111],[211,111],[210,111],[209,111],[208,111],[207,111]]","[[220,111],[219,111],[218,111]]","[[219,111],[218,111],[217,111],[216,111],[215,111],[214,111],[213,111],[212,111],[211,111],[210,111],[209,111],[208,111]]","12","219,111>220,111|219,112>220,112","[[218,110],[217,110],[216,110],[215,110],[214,110],[213,110],[212,110],[211,110],[210,110],[209,110],[208,110],[207,110],[206,110],[205,110],[204,110],[203,110],[202,110],[201,110],[200,110],[199,110],[198,110],[197,110],[196,110],[195,110]]","[[218,111],[217,111],[216,111],[215,111],[214,111],[213,111],[212,111],[211,111],[210,111],[209,111],[208,111],[207,111],[206,111],[205,111],[204,111],[203,111],[202,111],[201,111],[200,111],[199,111],[198,111],[197,111],[196,111],[195,111]]","[[195,111],[196,111],[197,111],[198,111],[199,111],[200,111],[201,111],[202,111],[203,111],[204,111],[205,111],[206,111],[207,111],[208,111],[209,111],[210,111],[211,111],[212,111],[213,111],[214,111],[215,111],[216,111],[217,111],[218,111]]","True","STATIC_SCREEN_SUPPORTED_PLUS_ONE_AABB_0.4x0.8_HEADROOM_2;NOT_PLAYER_VERIFIED","82c31034ea601389a257e773caf96fe146abde1b3016018ff3aeae60115f73eb"
"SV5_INFILL_ROOM_00770d84603537e7e6da","SV5_OPTIONAL_03","SV5_OPTIONAL_03","[[582,231],[583,231],[584,231],[585,231],[586,231],[587,231],[588,231],[589,231],[590,231],[591,231],[592,231],[593,231],[594,231],[595,231],[596,231],[597,231],[598,231],[599,231],[600,231],[601,231],[602,231],[603,231],[604,231]]","[[580,231],[581,231],[582,231]]","[[581,231],[582,231],[583,231],[584,231],[585,231],[586,231],[587,231],[588,231],[589,231],[590,231],[591,231],[592,231],[593,231],[594,231],[595,231],[596,231],[597,231],[598,231],[599,231],[600,231],[601,231],[602,231],[603,231]]","23","580,231>581,231|580,232>581,232","[[582,230],[583,230],[584,230],[585,230],[586,230],[587,230],[588,230],[589,230],[590,230],[591,230],[592,230],[593,230],[594,230],[595,230],[596,230],[597,230],[598,230],[599,230],[600,230],[601,230],[602,230],[603,230],[604,230],[605,230],[606,230],[607,230],[608,230],[609,231],[610,231],[611,232],[612,232],[613,232],[614,232],[615,232],[616,232]]","[[582,231],[583,231],[584,231],[585,231],[586,231],[587,231],[588,231],[589,231],[590,231],[591,231],[592,231],[593,231],[594,231],[595,231],[596,231],[597,231],[598,231],[599,231],[600,231],[601,231],[602,231],[603,231],[604,231],[605,231],[606,231],[607,231],[608,231],[609,232],[610,232],[611,233],[612,233],[613,233],[614,233],[615,233],[616,233]]","[[616,233],[615,233],[614,233],[613,233],[612,233],[611,233],[610,232],[609,232],[608,231],[607,231],[606,231],[605,231],[604,231],[603,231],[602,231],[601,231],[600,231],[599,231],[598,231],[597,231],[596,231],[595,231],[594,231],[593,231],[592,231],[591,231],[590,231],[589,231],[588,231],[587,231],[586,231],[585,231],[584,231],[583,231],[582,231]]","True","STATIC_SCREEN_SUPPORTED_PLUS_ONE_AABB_0.4x0.8_HEADROOM_2;NOT_PLAYER_VERIFIED","82c31034ea601389a257e773caf96fe146abde1b3016018ff3aeae60115f73eb"
"SV5_INFILL_ROOM_007c17890d68e31350a9","SV5_INFILL_ROOM_00e46d5d0ba666a9579a","SV5_OPTIONAL_06","[[144,27],[144,28],[143,28],[143,29],[142,29],[142,30],[141,30],[140,30],[139,30],[138,30],[137,30],[136,30],[135,30],[134,30],[133,30],[132,30],[131,30],[130,30],[129,30],[128,30],[128,31],[127,31]]","[]","[[143,28],[143,29],[142,29],[142,30],[141,30],[140,30],[139,30],[138,30],[137,30],[136,30],[135,30],[134,30],[133,30],[132,30],[131,30],[130,30],[129,30],[128,30],[128,31]]","19","143,28>144,28","[[159,26],[158,26],[157,26],[156,26],[155,26],[154,26],[153,26],[152,26],[151,26],[150,26],[149,26],[148,26],[147,26],[146,26],[145,26],[144,26],[143,27],[142,28],[141,29],[140,29],[139,29],[138,29],[137,29],[136,29],[135,29],[134,29],[133,29],[132,29],[131,29],[130,29],[129,29],[128,29],[127,30],[126,30],[125,30],[124,30],[123,30],[122,30],[121,30],[120,30],[119,30],[118,30],[117,30],[116,30],[115,30]]","[[159,27],[158,27],[157,27],[156,27],[155,27],[154,27],[153,27],[152,27],[151,27],[150,27],[149,27],[148,27],[147,27],[146,27],[145,27],[144,27],[143,28],[142,29],[141,30],[140,30],[139,30],[138,30],[137,30],[136,30],[135,30],[134,30],[133,30],[132,30],[131,30],[130,30],[129,30],[128,30],[127,31],[126,31],[125,31],[124,31],[123,31],[122,31],[121,31],[120,31],[119,31],[118,31],[117,31],[116,31],[115,31]]","[[115,31],[116,31],[117,31],[118,31],[119,31],[120,31],[121,31],[122,31],[123,31],[124,31],[125,31],[126,31],[127,31],[128,30],[129,30],[130,30],[131,30],[132,30],[133,30],[134,30],[135,30],[136,30],[137,30],[138,30],[139,30],[140,30],[141,30],[142,29],[143,28],[144,27],[145,27],[146,27],[147,27],[148,27],[149,27],[150,27],[151,27],[152,27],[153,27],[154,27],[155,27],[156,27],[157,27],[158,27],[159,27]]","True","STATIC_SCREEN_SUPPORTED_PLUS_ONE_AABB_0.4x0.8_HEADROOM_2;NOT_PLAYER_VERIFIED","82c31034ea601389a257e773caf96fe146abde1b3016018ff3aeae60115f73eb"
"SV5_INFILL_ROOM_007d4b680e990cd2b2e3","SV5_INFILL_ROOM_0b6214f7951ed58db4f7","SV5_OPTIONAL_09","[[56,171],[56,172],[55,172],[55,173],[54,173],[54,174],[53,174],[52,174],[51,174],[50,174],[49,174],[48,174],[48,175],[47,175]]","[]","[[55,172],[55,173],[54,173],[54,174],[53,174],[52,174],[51,174],[50,174],[49,174],[48,174],[48,175]]","11","55,172>56,172","[[71,170],[70,170],[69,170],[68,170],[67,170],[66,170],[65,170],[64,170],[63,170],[62,170],[61,170],[60,170],[59,170],[58,170],[57,170],[56,170],[55,171],[54,172],[53,173],[52,173],[51,173],[50,173],[49,173],[48,173],[47,174],[46,174],[45,174],[44,174],[43,174],[42,174],[41,174],[40,174],[39,174],[38,174],[37,174],[36,174],[35,174]]","[[71,171],[70,171],[69,171],[68,171],[67,171],[66,171],[65,171],[64,171],[63,171],[62,171],[61,171],[60,171],[59,171],[58,171],[57,171],[56,171],[55,172],[54,173],[53,174],[52,174],[51,174],[50,174],[49,174],[48,174],[47,175],[46,175],[45,175],[44,175],[43,175],[42,175],[41,175],[40,175],[39,175],[38,175],[37,175],[36,175],[35,175]]","[[35,175],[36,175],[37,175],[38,175],[39,175],[40,175],[41,175],[42,175],[43,175],[44,175],[45,175],[46,175],[47,175],[48,174],[49,174],[50,174],[51,174],[52,174],[53,174],[54,173],[55,172],[56,171],[57,171],[58,171],[59,171],[60,171],[61,171],[62,171],[63,171],[64,171],[65,171],[66,171],[67,171],[68,171],[69,171],[70,171],[71,171]]","True","STATIC_SCREEN_SUPPORTED_PLUS_ONE_AABB_0.4x0.8_HEADROOM_2;NOT_PLAYER_VERIFIED","82c31034ea601389a257e773caf96fe146abde1b3016018ff3aeae60115f73eb"
"SV5_INFILL_ROOM_00831d9bbdd634259e36","SV5_INFILL_ROOM_0172fae7eed3ae487f8f","SV5_OPTIONAL_09","[[163,163],[164,163],[164,162],[165,162],[165,161],[166,161],[166,160],[167,160],[167,159],[168,159],[168,158],[169,158],[169,157],[170,157],[170,156],[171,156],[171,155],[172,155],[173,155],[174,155],[175,155],[176,155],[177,155],[178,155],[179,155],[180,155]]","[]","[[164,163],[164,162],[165,162],[165,161],[166,161],[166,160],[167,160],[167,159],[168,159],[168,158],[169,158],[169,157],[170,157],[170,156],[171,156],[171,155],[172,155],[173,155],[174,155],[175,155],[176,155],[177,155],[178,155],[179,155]]","24","163,163>164,163","[[144,162],[145,162],[146,162],[147,162],[148,162],[149,162],[150,162],[151,162],[152,162],[153,162],[154,162],[155,162],[156,162],[157,162],[158,162],[159,162],[160,162],[161,162],[162,162],[163,162],[164,161],[165,160],[166,159],[167,158],[168,157],[169,156],[170,155],[171,154],[172,154],[173,154],[174,154],[175,154],[176,154],[177,154],[178,154],[179,154],[180,154],[181,154],[182,154],[183,154],[184,154],[185,154],[186,154],[187,154],[188,154],[189,154],[190,154],[191,154],[192,154]]","[[144,163],[145,163],[146,163],[147,163],[148,163],[149,163],[150,163],[151,163],[152,163],[153,163],[154,163],[155,163],[156,163],[157,163],[158,163],[159,163],[160,163],[161,163],[162,163],[163,163],[164,162],[165,161],[166,160],[167,159],[168,158],[169,157],[170,156],[171,155],[172,155],[173,155],[174,155],[175,155],[176,155],[177,155],[178,155],[179,155],[180,155],[181,155],[182,155],[183,155],[184,155],[185,155],[186,155],[187,155],[188,155],[189,155],[190,155],[191,155],[192,155]]","[[192,155],[191,155],[190,155],[189,155],[188,155],[187,155],[186,155],[185,155],[184,155],[183,155],[182,155],[181,155],[180,155],[179,155],[178,155],[177,155],[176,155],[175,155],[174,155],[173,155],[172,155],[171,155],[170,156],[169,157],[168,158],[167,159],[166,160],[165,161],[164,162],[163,163],[162,163],[161,163],[160,163],[159,163],[158,163],[157,163],[156,163],[155,163],[154,163],[153,163],[152,163],[151,163],[150,163],[149,163],[148,163],[147,163],[146,163],[145,163],[144,163]]","True","STATIC_SCREEN_SUPPORTED_PLUS_ONE_AABB_0.4x0.8_HEADROOM_2;NOT_PLAYER_VERIFIED","82c31034ea601389a257e773caf96fe146abde1b3016018ff3aeae60115f73eb"
"SV5_INFILL_ROOM_008612738e348fea12fd","SV5_OPTIONAL_14","SV5_OPTIONAL_14","[[58,367],[58,368],[57,368],[57,369],[56,369],[56,370],[55,370],[54,370],[53,370],[52,370],[52,371],[51,371]]","[[60,367],[59,367],[58,367]]","[[59,367],[58,367],[58,368],[57,368],[57,369],[56,369],[56,370],[55,370],[54,370],[53,370],[52,370],[52,371]]","12","59,367>60,367|59,368>60,368","[[58,366],[57,367],[56,368],[55,369],[54,369],[53,369],[52,369],[51,370],[50,370],[49,370],[48,370],[47,370],[46,371],[45,371],[44,372],[43,372],[42,372],[41,372],[40,372],[39,372]]","[[58,367],[57,368],[56,369],[55,370],[54,370],[53,370],[52,370],[51,371],[50,371],[49,371],[48,371],[47,371],[46,372],[45,372],[44,373],[43,373],[42,373],[41,373],[40,373],[39,373]]","[[39,373],[40,373],[41,373],[42,373],[43,373],[44,373],[45,372],[46,372],[47,371],[48,371],[49,371],[50,371],[51,371],[52,370],[53,370],[54,370],[55,370],[56,369],[57,368],[58,367]]","True","STATIC_SCREEN_SUPPORTED_PLUS_ONE_AABB_0.4x0.8_HEADROOM_2;NOT_PLAYER_VERIFIED","82c31034ea601389a257e773caf96fe146abde1b3016018ff3aeae60115f73eb"
"SV5_INFILL_ROOM_008784ed882cfab2d029","SV5_OPTIONAL_01","SV5_OPTIONAL_01","[[359,363],[359,364],[358,364],[358,365],[357,365],[357,366],[356,366],[356,367],[355,367]]","[[361,363],[360,363],[359,363]]","[[360,363],[359,363],[359,364],[358,364],[358,365],[357,365],[357,366],[356,366],[356,367]]","9","360,363>361,363|360,364>361,364","[[359,362],[358,363],[357,364],[356,365],[355,366],[354,366],[353,366],[352,366],[351,366],[350,367],[349,367],[348,368],[347,368],[346,368],[345,368],[344,368],[343,368]]","[[359,363],[358,364],[357,365],[356,366],[355,367],[354,367],[353,367],[352,367],[351,367],[350,368],[349,368],[348,369],[347,369],[346,369],[345,369],[344,369],[343,369]]","[[343,369],[344,369],[345,369],[346,369],[347,369],[348,369],[349,368],[350,368],[351,367],[352,367],[353,367],[354,367],[355,367],[356,366],[357,365],[358,364],[359,363]]","True","STATIC_SCREEN_SUPPORTED_PLUS_ONE_AABB_0.4x0.8_HEADROOM_2;NOT_PLAYER_VERIFIED","82c31034ea601389a257e773caf96fe146abde1b3016018ff3aeae60115f73eb"
"SV5_INFILL_ROOM_008dd29754a6056014e3","SV5_INFILL_ROOM_057bf90d15626a0398cb","SV5_OPTIONAL_01","[[308,303],[307,303],[307,302],[306,302],[306,301],[305,301],[305,300],[304,300],[304,299],[303,299]]","[]","[[307,303],[307,302],[306,302],[306,301],[305,301],[305,300],[304,300],[304,299]]","8","307,303>308,303","[[323,302],[322,302],[321,302],[320,302],[319,302],[318,302],[317,302],[316,302],[315,302],[314,302],[313,302],[312,302],[311,302],[310,302],[309,302],[308,302],[307,301],[306,300],[305,299],[304,298],[303,298],[302,298],[301,298],[300,298],[299,298],[298,298],[297,298],[296,298],[295,298],[294,298],[293,298],[292,298],[291,298]]","[[323,303],[322,303],[321,303],[320,303],[319,303],[318,303],[317,303],[316,303],[315,303],[314,303],[313,303],[312,303],[311,303],[310,303],[309,303],[308,303],[307,302],[306,301],[305,300],[304,299],[303,299],[302,299],[301,299],[300,299],[299,299],[298,299],[297,299],[296,299],[295,299],[294,299],[293,299],[292,299],[291,299]]","[[291,299],[292,299],[293,299],[294,299],[295,299],[296,299],[297,299],[298,299],[299,299],[300,299],[301,299],[302,299],[303,299],[304,299],[305,300],[306,301],[307,302],[308,303],[309,303],[310,303],[311,303],[312,303],[313,303],[314,303],[315,303],[316,303],[317,303],[318,303],[319,303],[320,303],[321,303],[322,303],[323,303]]","True","STATIC_SCREEN_SUPPORTED_PLUS_ONE_AABB_0.4x0.8_HEADROOM_2;NOT_PLAYER_VERIFIED","82c31034ea601389a257e773caf96fe146abde1b3016018ff3aeae60115f73eb"
"SV5_INFILL_ROOM_0093829c5033366c54f2","SV5_OPTIONAL_14","SV5_OPTIONAL_14","[[58,327],[58,328],[57,328],[57,329],[56,329],[56,330],[55,330],[55,331],[54,331],[54,332],[53,332],[53,333],[52,333],[52,334],[51,334],[50,334],[49,334],[48,334],[47,334],[46,334],[45,334],[44,334],[44,335],[43,335]]","[[60,327],[59,327],[58,327]]","[[59,327],[58,327],[58,328],[57,328],[57,329],[56,329],[56,330],[55,330],[55,331],[54,331],[54,332],[53,332],[53,333],[52,333],[52,334],[51,334],[50,334],[49,334],[48,334],[47,334],[46,334],[45,334],[44,334],[44,335]]","24","59,327>60,327|59,328>60,328","[[58,326],[57,327],[56,328],[55,329],[54,330],[53,331],[52,332],[51,333],[50,333],[49,333],[48,333],[47,333],[46,333],[45,333],[44,333],[43,334],[42,334],[41,334],[40,334],[39,334],[38,334],[37,334],[36,334],[35,334],[34,334],[33,334],[32,334],[31,334],[30,334],[29,334],[28,334],[27,334]]","[[58,327],[57,328],[56,329],[55,330],[54,331],[53,332],[52,333],[51,334],[50,334],[49,334],[48,334],[47,334],[46,334],[45,334],[44,334],[43,335],[42,335],[41,335],[40,335],[39,335],[38,335],[37,335],[36,335],[35,335],[34,335],[33,335],[32,335],[31,335],[30,335],[29,335],[28,335],[27,335]]","[[27,335],[28,335],[29,335],[30,335],[31,335],[32,335],[33,335],[34,335],[35,335],[36,335],[37,335],[38,335],[39,335],[40,335],[41,335],[42,335],[43,335],[44,334],[45,334],[46,334],[47,334],[48,334],[49,334],[50,334],[51,334],[52,333],[53,332],[54,331],[55,330],[56,329],[57,328],[58,327]]","True","STATIC_SCREEN_SUPPORTED_PLUS_ONE_AABB_0.4x0.8_HEADROOM_2;NOT_PLAYER_VERIFIED","82c31034ea601389a257e773caf96fe146abde1b3016018ff3aeae60115f73eb"
"SV5_INFILL_ROOM_0095f2cd9397d7449301","SV5_INFILL_ROOM_0108716504300c53c5c2","SV5_OPTIONAL_14","[[183,307],[184,307],[185,307],[186,307],[187,307],[188,307],[189,307],[190,307],[191,307],[192,307],[193,307],[194,307],[195,307],[196,307],[197,307],[198,307],[199,307],[200,307],[201,307],[202,307],[203,307],[204,307]]","[]","[[184,307],[185,307],[186,307],[187,307],[188,307],[189,307],[190,307],[191,307],[192,307],[193,307],[194,307],[195,307],[196,307],[197,307],[198,307],[199,307],[200,307],[201,307],[202,307],[203,307]]","20","183,307>184,307|183,308>184,308","[[164,306],[165,306],[166,306],[167,306],[168,306],[169,306],[170,306],[171,306],[172,306],[173,306],[174,306],[175,306],[176,306],[177,306],[178,306],[179,306],[180,306],[181,306],[182,306],[183,306],[184,306],[185,306],[186,306],[187,306],[188,306],[189,306],[190,306],[191,306],[192,306],[193,306],[194,306],[195,306],[196,306],[197,306],[198,306],[199,306],[200,306],[201,306],[202,306],[203,306],[204,306],[205,306],[206,306],[207,306],[208,306],[209,307],[210,307],[211,308],[212,308],[213,308],[214,308],[215,308],[216,308]]","[[164,307],[165,307],[166,307],[167,307],[168,307],[169,307],[170,307],[171,307],[172,307],[173,307],[174,307],[175,307],[176,307],[177,307],[178,307],[179,307],[180,307],[181,307],[182,307],[183,307],[184,307],[185,307],[186,307],[187,307],[188,307],[189,307],[190,307],[191,307],[192,307],[193,307],[194,307],[195,307],[196,307],[197,307],[198,307],[199,307],[200,307],[201,307],[202,307],[203,307],[204,307],[205,307],[206,307],[207,307],[208,307],[209,308],[210,308],[211,309],[212,309],[213,309],[214,309],[215,309],[216,309]]","[[216,309],[215,309],[214,309],[213,309],[212,309],[211,309],[210,308],[209,308],[208,307],[207,307],[206,307],[205,307],[204,307],[203,307],[202,307],[201,307],[200,307],[199,307],[198,307],[197,307],[196,307],[195,307],[194,307],[193,307],[192,307],[191,307],[190,307],[189,307],[188,307],[187,307],[186,307],[185,307],[184,307],[183,307],[182,307],[181,307],[180,307],[179,307],[178,307],[177,307],[176,307],[175,307],[174,307],[173,307],[172,307],[171,307],[170,307],[169,307],[168,307],[167,307],[166,307],[165,307],[164,307]]","True","STATIC_SCREEN_SUPPORTED_PLUS_ONE_AABB_0.4x0.8_HEADROOM_2;NOT_PLAYER_VERIFIED","82c31034ea601389a257e773caf96fe146abde1b3016018ff3aeae60115f73eb"
"SV5_INFILL_ROOM_0096ec3a665cb4efc92b","SV5_OPTIONAL_10","SV5_OPTIONAL_10","[[155,195],[156,195],[156,194],[157,194],[157,193],[158,193],[158,192],[159,192],[159,191],[160,191],[161,191],[161,190],[162,190],[163,190],[164,190],[165,190],[166,190],[167,190],[168,190],[169,190],[170,190],[171,190],[171,191],[172,191]]","[[155,196],[155,195]]","[[155,196],[155,195],[156,195],[156,194],[157,194],[157,193],[158,193],[158,192],[159,192],[159,191],[160,191],[161,191],[161,190],[162,190],[163,190],[164,190],[165,190],[166,190],[167,190],[168,190],[169,190],[170,190],[171,190],[171,191]]","24","155,195>155,196|154,196>155,196|155,196>156,196|156,195>156,196","[[155,194],[156,193],[157,192],[158,191],[159,190],[160,190],[161,189],[162,189],[163,189],[164,189],[165,189],[166,189],[167,189],[168,189],[169,189],[170,189],[171,189],[172,190],[173,190],[174,190],[175,190],[176,190],[177,190],[178,190],[179,190],[180,190],[181,190],[182,190],[183,190],[184,190]]","[[155,195],[156,194],[157,193],[158,192],[159,191],[160,191],[161,190],[162,190],[163,190],[164,190],[165,190],[166,190],[167,190],[168,190],[169,190],[170,190],[171,190],[172,191],[173,191],[174,191],[175,191],[176,191],[177,191],[178,191],[179,191],[180,191],[181,191],[182,191],[183,191],[184,191]]","[[184,191],[183,191],[182,191],[181,191],[180,191],[179,191],[178,191],[177,191],[176,191],[175,191],[174,191],[173,191],[172,191],[171,190],[170,190],[169,190],[168,190],[167,190],[166,190],[165,190],[164,190],[163,190],[162,190],[161,190],[160,191],[159,191],[158,192],[157,193],[156,194],[155,195]]","True","STATIC_SCREEN_SUPPORTED_PLUS_ONE_AABB_0.4x0.8_HEADROOM_2;NOT_PLAYER_VERIFIED","82c31034ea601389a257e773caf96fe146abde1b3016018ff3aeae60115f73eb"
"SV5_INFILL_ROOM_0097a6b558d6e61e58f5","SV5_OPTIONAL_RETURN_TO_START","SV5_OPTIONAL_RETURN_TO_START","[[380,315],[380,316],[379,316],[379,317],[378,317],[378,318],[377,318],[377,319],[376,319],[376,320],[375,320],[375,321],[374,321],[374,322],[373,322],[372,322],[372,323],[371,323]]","[[382,315],[381,315],[380,315]]","[[381,315],[380,315],[380,316],[379,316],[379,317],[378,317],[378,318],[377,318],[377,319],[376,319],[376,320],[375,320],[375,321],[374,321],[374,322],[373,322],[372,322],[372,323]]","18","381,315>382,315|381,316>382,316","[[380,314],[379,315],[378,316],[377,317],[376,318],[375,319],[374,320],[373,321],[372,321],[371,322],[370,322],[369,322],[368,322],[367,322],[366,322],[365,322],[364,322],[363,322],[362,322],[361,322],[360,322],[359,322]]","[[380,315],[379,316],[378,317],[377,318],[376,319],[375,320],[374,321],[373,322],[372,322],[371,323],[370,323],[369,323],[368,323],[367,323],[366,323],[365,323],[364,323],[363,323],[362,323],[361,323],[360,323],[359,323]]","[[359,323],[360,323],[361,323],[362,323],[363,323],[364,323],[365,323],[366,323],[367,323],[368,323],[369,323],[370,323],[371,323],[372,322],[373,322],[374,321],[375,320],[376,319],[377,318],[378,317],[379,316],[380,315]]","True","STATIC_SCREEN_SUPPORTED_PLUS_ONE_AABB_0.4x0.8_HEADROOM_2;NOT_PLAYER_VERIFIED","82c31034ea601389a257e773caf96fe146abde1b3016018ff3aeae60115f73eb"
"SV5_INFILL_ROOM_009f4a730f7066cbd39f","SV5_OPTIONAL_04","SV5_OPTIONAL_04","[[554,31],[553,31],[552,31],[551,31],[550,31],[549,31],[548,31],[547,31],[546,31],[545,31],[544,31],[543,31],[542,31],[541,31],[540,31],[539,31],[538,31],[537,31],[536,31],[535,31],[534,31],[533,31],[532,31],[531,31]]","[[556,31],[555,31],[554,31]]","[[555,31],[554,31],[553,31],[552,31],[551,31],[550,31],[549,31],[548,31],[547,31],[546,31],[545,31],[544,31],[543,31],[542,31],[541,31],[540,31],[539,31],[538,31],[537,31],[536,31],[535,31],[534,31],[533,31],[532,31]]","24","555,31>556,31|555,32>556,32","[[554,30],[553,30],[552,30],[551,30],[550,30],[549,30],[548,30],[547,30],[546,30],[545,30],[544,30],[543,30],[542,30],[541,30],[540,30],[539,30],[538,30],[537,30],[536,30],[535,30],[534,30],[533,30],[532,30],[531,30],[530,30],[529,30],[528,30],[527,30],[526,30],[525,30],[524,30],[523,30],[522,30],[521,30],[520,30],[519,30]]","[[554,31],[553,31],[552,31],[551,31],[550,31],[549,31],[548,31],[547,31],[546,31],[545,31],[544,31],[543,31],[542,31],[541,31],[540,31],[539,31],[538,31],[537,31],[536,31],[535,31],[534,31],[533,31],[532,31],[531,31],[530,31],[529,31],[528,31],[527,31],[526,31],[525,31],[524,31],[523,31],[522,31],[521,31],[520,31],[519,31]]","[[519,31],[520,31],[521,31],[522,31],[523,31],[524,31],[525,31],[526,31],[527,31],[528,31],[529,31],[530,31],[531,31],[532,31],[533,31],[534,31],[535,31],[536,31],[537,31],[538,31],[539,31],[540,31],[541,31],[542,31],[543,31],[544,31],[545,31],[546,31],[547,31],[548,31],[549,31],[550,31],[551,31],[552,31],[553,31],[554,31]]","True","STATIC_SCREEN_SUPPORTED_PLUS_ONE_AABB_0.4x0.8_HEADROOM_2;NOT_PLAYER_VERIFIED","82c31034ea601389a257e773caf96fe146abde1b3016018ff3aeae60115f73eb"
"SV5_INFILL_ROOM_00a186247b0260f5cda2","SV5_OPTIONAL_09","SV5_OPTIONAL_09","[[126,171],[125,171],[124,171],[123,171],[122,171],[121,171],[120,171],[119,171],[118,171],[117,171],[116,171],[115,171],[114,171],[113,171],[112,171],[111,171],[110,171],[109,171],[108,171],[107,171],[106,171],[105,171],[104,171],[103,171]]","[[128,171],[127,171],[126,171]]","[[127,171],[126,171],[125,171],[124,171],[123,171],[122,171],[121,171],[120,171],[119,171],[118,171],[117,171],[116,171],[115,171],[114,171],[113,171],[112,171],[111,171],[110,171],[109,171],[108,171],[107,171],[106,171],[105,171],[104,171]]","24","127,171>128,171|127,172>128,172","[[126,170],[125,170],[124,170],[123,170],[122,170],[121,170],[120,170],[119,170],[118,170],[117,170],[116,170],[115,170],[114,170],[113,170],[112,170],[111,170],[110,170],[109,170],[108,170],[107,170],[106,170],[105,170],[104,170],[103,170],[102,170],[101,170],[100,170],[99,170],[98,171],[97,171],[96,172],[95,172],[94,172],[93,172],[92,172],[91,172]]","[[126,171],[125,171],[124,171],[123,171],[122,171],[121,171],[120,171],[119,171],[118,171],[117,171],[116,171],[115,171],[114,171],[113,171],[112,171],[111,171],[110,171],[109,171],[108,171],[107,171],[106,171],[105,171],[104,171],[103,171],[102,171],[101,171],[100,171],[99,171],[98,172],[97,172],[96,173],[95,173],[94,173],[93,173],[92,173],[91,173]]","[[91,173],[92,173],[93,173],[94,173],[95,173],[96,173],[97,172],[98,172],[99,171],[100,171],[101,171],[102,171],[103,171],[104,171],[105,171],[106,171],[107,171],[108,171],[109,171],[110,171],[111,171],[112,171],[113,171],[114,171],[115,171],[116,171],[117,171],[118,171],[119,171],[120,171],[121,171],[122,171],[123,171],[124,171],[125,171],[126,171]]","True","STATIC_SCREEN_SUPPORTED_PLUS_ONE_AABB_0.4x0.8_HEADROOM_2;NOT_PLAYER_VERIFIED","82c31034ea601389a257e773caf96fe146abde1b3016018ff3aeae60115f73eb"
"SV5_INFILL_ROOM_00a332b4846d1f39b732","SV5_INFILL_ROOM_114c98f058f823fb3a25","SV5_OPTIONAL_08","[[64,91],[63,91],[63,90],[62,90],[62,89],[61,89],[61,88],[60,88],[60,87],[59,87],[58,87],[57,87],[56,87],[55,87],[54,87],[53,87],[52,87],[51,87]]","[]","[[63,91],[63,90],[62,90],[62,89],[61,89],[61,88],[60,88],[60,87],[59,87],[58,87],[57,87],[56,87],[55,87],[54,87],[53,87],[52,87]]","16","63,91>64,91","[[83,90],[82,90],[81,90],[80,90],[79,90],[78,90],[77,90],[76,90],[75,90],[74,90],[73,90],[72,90],[71,90],[70,90],[69,90],[68,90],[67,90],[66,90],[65,90],[64,90],[63,89],[62,88],[61,87],[60,86],[59,86],[58,86],[57,86],[56,86],[55,86],[54,86],[53,86],[52,86],[51,86],[50,86],[49,86],[48,86],[47,86],[46,86],[45,86],[44,86],[43,86],[42,86],[41,86],[40,86],[39,86]]","[[83,91],[82,91],[81,91],[80,91],[79,91],[78,91],[77,91],[76,91],[75,91],[74,91],[73,91],[72,91],[71,91],[70,91],[69,91],[68,91],[67,91],[66,91],[65,91],[64,91],[63,90],[62,89],[61,88],[60,87],[59,87],[58,87],[57,87],[56,87],[55,87],[54,87],[53,87],[52,87],[51,87],[50,87],[49,87],[48,87],[47,87],[46,87],[45,87],[44,87],[43,87],[42,87],[41,87],[40,87],[39,87]]","[[39,87],[40,87],[41,87],[42,87],[43,87],[44,87],[45,87],[46,87],[47,87],[48,87],[49,87],[50,87],[51,87],[52,87],[53,87],[54,87],[55,87],[56,87],[57,87],[58,87],[59,87],[60,87],[61,88],[62,89],[63,90],[64,91],[65,91],[66,91],[67,91],[68,91],[69,91],[70,91],[71,91],[72,91],[73,91],[74,91],[75,91],[76,91],[77,91],[78,91],[79,91],[80,91],[81,91],[82,91],[83,91]]","True","STATIC_SCREEN_SUPPORTED_PLUS_ONE_AABB_0.4x0.8_HEADROOM_2;NOT_PLAYER_VERIFIED","82c31034ea601389a257e773caf96fe146abde1b3016018ff3aeae60115f73eb"
"SV5_INFILL_ROOM_00b4a4fe56b192880b8c","SV5_OPTIONAL_04","SV5_OPTIONAL_04","[[558,43],[558,44],[559,44],[559,45],[560,45],[560,46],[561,46],[561,47],[562,47],[562,48],[563,48],[563,49],[564,49],[564,50],[565,50],[566,50],[567,50],[567,51],[568,51]]","[[556,43],[557,43],[558,43]]","[[557,43],[558,43],[558,44],[559,44],[559,45],[560,45],[560,46],[561,46],[561,47],[562,47],[562,48],[563,48],[563,49],[564,49],[564,50],[565,50],[566,50],[567,50],[567,51]]","19","556,43>557,43|556,44>557,44","[[558,42],[559,43],[560,44],[561,45],[562,46],[563,47],[564,48],[565,49],[566,49],[567,49],[568,50],[569,50],[570,50],[571,50],[572,50],[573,51],[574,51],[575,52],[576,52],[577,52],[578,52],[579,52],[580,52]]","[[558,43],[559,44],[560,45],[561,46],[562,47],[563,48],[564,49],[565,50],[566,50],[567,50],[568,51],[569,51],[570,51],[571,51],[572,51],[573,52],[574,52],[575,53],[576,53],[577,53],[578,53],[579,53],[580,53]]","[[580,53],[579,53],[578,53],[577,53],[576,53],[575,53],[574,52],[573,52],[572,51],[571,51],[570,51],[569,51],[568,51],[567,50],[566,50],[565,50],[564,49],[563,48],[562,47],[561,46],[560,45],[559,44],[558,43]]","True","STATIC_SCREEN_SUPPORTED_PLUS_ONE_AABB_0.4x0.8_HEADROOM_2;NOT_PLAYER_VERIFIED","82c31034ea601389a257e773caf96fe146abde1b3016018ff3aeae60115f73eb"
"SV5_INFILL_ROOM_00b67823c062c775820a","SV5_INFILL_ROOM_0302951adf56016fc5e5","SV5_OPTIONAL_14","[[79,313],[80,313],[80,312],[81,312],[81,311],[82,311],[83,311],[84,311],[85,311],[86,311],[87,311],[88,311],[89,311],[90,311],[91,311],[92,311],[93,311],[94,311],[95,311],[96,311],[97,311],[98,311],[99,311],[100,311]]","[]","[[80,313],[80,312],[81,312],[81,311],[82,311],[83,311],[84,311],[85,311],[86,311],[87,311],[88,311],[89,311],[90,311],[91,311],[92,311],[93,311],[94,311],[95,311],[96,311],[97,311],[98,311],[99,311]]","22","79,313>80,313","[[64,310],[65,310],[66,310],[67,310],[68,310],[69,311],[70,311],[71,312],[72,312],[73,312],[74,312],[75,312],[76,312],[77,312],[78,312],[79,312],[80,311],[81,310],[82,310],[83,310],[84,310],[85,310],[86,310],[87,310],[88,310],[89,310],[90,310],[91,310],[92,310],[93,310],[94,310],[95,310],[96,310],[97,310],[98,310],[99,310],[100,310],[101,310],[102,310],[103,310],[104,310],[105,310],[106,310],[107,310],[108,310],[109,310],[110,310],[111,310],[112,310]]","[[64,311],[65,311],[66,311],[67,311],[68,311],[69,312],[70,312],[71,313],[72,313],[73,313],[74,313],[75,313],[76,313],[77,313],[78,313],[79,313],[80,312],[81,311],[82,311],[83,311],[84,311],[85,311],[86,311],[87,311],[88,311],[89,311],[90,311],[91,311],[92,311],[93,311],[94,311],[95,311],[96,311],[97,311],[98,311],[99,311],[100,311],[101,311],[102,311],[103,311],[104,311],[105,311],[106,311],[107,311],[108,311],[109,311],[110,311],[111,311],[112,311]]","[[112,311],[111,311],[110,311],[109,311],[108,311],[107,311],[106,311],[105,311],[104,311],[103,311],[102,311],[101,311],[100,311],[99,311],[98,311],[97,311],[96,311],[95,311],[94,311],[93,311],[92,311],[91,311],[90,311],[89,311],[88,311],[87,311],[86,311],[85,311],[84,311],[83,311],[82,311],[81,311],[80,312],[79,313],[78,313],[77,313],[76,313],[75,313],[74,313],[73,313],[72,313],[71,313],[70,312],[69,312],[68,311],[67,311],[66,311],[65,311],[64,311]]","True","STATIC_SCREEN_SUPPORTED_PLUS_ONE_AABB_0.4x0.8_HEADROOM_2;NOT_PLAYER_VERIFIED","82c31034ea601389a257e773caf96fe146abde1b3016018ff3aeae60115f73eb"
"SV5_INFILL_ROOM_00c18a953b0a68c4097f","SV5_OPTIONAL_02","SV5_OPTIONAL_02","[[584,286],[585,286],[585,285],[586,285],[586,284],[587,284],[587,283],[588,283],[588,282],[589,282],[589,281],[590,281],[590,280],[591,280],[591,279],[592,279],[592,278],[593,278],[593,277],[594,277],[594,276],[595,276],[595,275],[596,275]]","[[584,287],[584,286]]","[[584,287],[584,286],[585,286],[585,285],[586,285],[586,284],[587,284],[587,283],[588,283],[588,282],[589,282],[589,281],[590,281],[590,280],[591,280],[591,279],[592,279],[592,278],[593,278],[593,277],[594,277],[594,276],[595,276],[595,275]]","24","584,286>584,287|583,287>584,287|584,287>585,287|585,286>585,287","[[584,285],[585,284],[586,283],[587,282],[588,281],[589,280],[590,279],[591,278],[592,277],[593,276],[594,275],[595,274],[596,274],[597,274],[598,274],[599,274],[600,274],[601,274],[602,274],[603,274],[604,274],[605,274],[606,274],[607,274],[608,274]]","[[584,286],[585,285],[586,284],[587,283],[588,282],[589,281],[590,280],[591,279],[592,278],[593,277],[594,276],[595,275],[596,275],[597,275],[598,275],[599,275],[600,275],[601,275],[602,275],[603,275],[604,275],[605,275],[606,275],[607,275],[608,275]]","[[608,275],[607,275],[606,275],[605,275],[604,275],[603,275],[602,275],[601,275],[600,275],[599,275],[598,275],[597,275],[596,275],[595,275],[594,276],[593,277],[592,278],[591,279],[590,280],[589,281],[588,282],[587,283],[586,284],[585,285],[584,286]]","True","STATIC_SCREEN_SUPPORTED_PLUS_ONE_AABB_0.4x0.8_HEADROOM_2;NOT_PLAYER_VERIFIED","82c31034ea601389a257e773caf96fe146abde1b3016018ff3aeae60115f73eb"
"SV5_INFILL_ROOM_00c61c875a4a1efe8fbd","SV5_INFILL_ROOM_007c17890d68e31350a9","SV5_OPTIONAL_06","[[112,31],[112,32],[111,32],[111,33],[110,33],[110,34],[109,34],[108,34],[107,34],[106,34],[105,34],[104,34],[103,34],[102,34],[101,34],[100,34],[99,34],[98,34],[97,34],[96,34],[95,34],[94,34],[93,34],[92,34],[92,35],[91,35]]","[]","[[111,32],[111,33],[110,33],[110,34],[109,34],[108,34],[107,34],[106,34],[105,34],[104,34],[103,34],[102,34],[101,34],[100,34],[99,34],[98,34],[97,34],[96,34],[95,34],[94,34],[93,34],[92,34],[92,35]]","23","111,32>112,32","[[127,30],[126,30],[125,30],[124,30],[123,30],[122,30],[121,30],[120,30],[119,30],[118,30],[117,30],[116,30],[115,30],[114,30],[113,30],[112,30],[111,31],[110,32],[109,33],[108,33],[107,33],[106,33],[105,33],[104,33],[103,33],[102,33],[101,33],[100,33],[99,33],[98,33],[97,33],[96,33],[95,33],[94,33],[93,33],[92,33],[91,34],[90,34],[89,34],[88,34],[87,34],[86,34],[85,34],[84,34],[83,34],[82,34],[81,34],[80,34],[79,34]]","[[127,31],[126,31],[125,31],[124,31],[123,31],[122,31],[121,31],[120,31],[119,31],[118,31],[117,31],[116,31],[115,31],[114,31],[113,31],[112,31],[111,32],[110,33],[109,34],[108,34],[107,34],[106,34],[105,34],[104,34],[103,34],[102,34],[101,34],[100,34],[99,34],[98,34],[97,34],[96,34],[95,34],[94,34],[93,34],[92,34],[91,35],[90,35],[89,35],[88,35],[87,35],[86,35],[85,35],[84,35],[83,35],[82,35],[81,35],[80,35],[79,35]]","[[79,35],[80,35],[81,35],[82,35],[83,35],[84,35],[85,35],[86,35],[87,35],[88,35],[89,35],[90,35],[91,35],[92,34],[93,34],[94,34],[95,34],[96,34],[97,34],[98,34],[99,34],[100,34],[101,34],[102,34],[103,34],[104,34],[105,34],[106,34],[107,34],[108,34],[109,34],[110,33],[111,32],[112,31],[113,31],[114,31],[115,31],[116,31],[117,31],[118,31],[119,31],[120,31],[121,31],[122,31],[123,31],[124,31],[125,31],[126,31],[127,31]]","True","STATIC_SCREEN_SUPPORTED_PLUS_ONE_AABB_0.4x0.8_HEADROOM_2;NOT_PLAYER_VERIFIED","82c31034ea601389a257e773caf96fe146abde1b3016018ff3aeae60115f73eb"
"SV5_INFILL_ROOM_00cf93b8e5daaa4b04e1","SV5_OPTIONAL_09","SV5_OPTIONAL_09","[[126,103],[125,103],[124,103],[123,103]]","[[128,103],[127,103],[126,103]]","[[127,103],[126,103],[125,103],[124,103]]","4","127,103>128,103|127,104>128,104","[[126,102],[125,102],[124,102],[123,102],[122,102],[121,102],[120,102],[119,102],[118,102],[117,102],[116,102],[115,102],[114,102],[113,102],[112,102],[111,102],[110,102],[109,102],[108,102],[107,102]]","[[126,103],[125,103],[124,103],[123,103],[122,103],[121,103],[120,103],[119,103],[118,103],[117,103],[116,103],[115,103],[114,103],[113,103],[112,103],[111,103],[110,103],[109,103],[108,103],[107,103]]","[[107,103],[108,103],[109,103],[110,103],[111,103],[112,103],[113,103],[114,103],[115,103],[116,103],[117,103],[118,103],[119,103],[120,103],[121,103],[122,103],[123,103],[124,103],[125,103],[126,103]]","True","STATIC_SCREEN_SUPPORTED_PLUS_ONE_AABB_0.4x0.8_HEADROOM_2;NOT_PLAYER_VERIFIED","82c31034ea601389a257e773caf96fe146abde1b3016018ff3aeae60115f73eb"
"SV5_INFILL_ROOM_00d2455ea8bdf900b553","SV5_OPTIONAL_12","SV5_OPTIONAL_12","[[246,359],[246,360],[247,360],[247,361],[248,361],[248,362],[249,362],[250,362],[251,362],[251,363],[252,363]]","[[244,359],[245,359],[246,359]]","[[245,359],[246,359],[246,360],[247,360],[247,361],[248,361],[248,362],[249,362],[250,362],[251,362],[251,363]]","11","244,359>245,359|244,360>245,360","[[246,358],[247,359],[248,360],[249,361],[250,361],[251,361],[252,362],[253,362],[254,362],[255,362],[256,362],[257,362],[258,362],[259,362],[260,362],[261,362],[262,362],[263,362],[264,362]]","[[246,359],[247,360],[248,361],[249,362],[250,362],[251,362],[252,363],[253,363],[254,363],[255,363],[256,363],[257,363],[258,363],[259,363],[260,363],[261,363],[262,363],[263,363],[264,363]]","[[264,363],[263,363],[262,363],[261,363],[260,363],[259,363],[258,363],[257,363],[256,363],[255,363],[254,363],[253,363],[252,363],[251,362],[250,362],[249,362],[248,361],[247,360],[246,359]]","True","STATIC_SCREEN_SUPPORTED_PLUS_ONE_AABB_0.4x0.8_HEADROOM_2;NOT_PLAYER_VERIFIED","82c31034ea601389a257e773caf96fe146abde1b3016018ff3aeae60115f73eb"
"SV5_INFILL_ROOM_00d2b967a3d3b2f6b4b1","SV5_OPTIONAL_06","SV5_OPTIONAL_06","[[218,23],[218,24],[217,24],[217,25],[216,25],[216,26],[215,26],[214,26],[213,26],[212,26],[212,27],[211,27]]","[[220,23],[219,23],[218,23]]","[[219,23],[218,23],[218,24],[217,24],[217,25],[216,25],[216,26],[215,26],[214,26],[213,26],[212,26],[212,27]]","12","219,23>220,23|219,24>220,24","[[218,22],[217,23],[216,24],[215,25],[214,25],[213,25],[212,25],[211,26],[210,26],[209,26],[208,26],[207,26],[206,27],[205,27],[204,28],[203,28],[202,28],[201,28],[200,28],[199,28]]","[[218,23],[217,24],[216,25],[215,26],[214,26],[213,26],[212,26],[211,27],[210,27],[209,27],[208,27],[207,27],[206,28],[205,28],[204,29],[203,29],[202,29],[201,29],[200,29],[199,29]]","[[199,29],[200,29],[201,29],[202,29],[203,29],[204,29],[205,28],[206,28],[207,27],[208,27],[209,27],[210,27],[211,27],[212,26],[213,26],[214,26],[215,26],[216,25],[217,24],[218,23]]","True","STATIC_SCREEN_SUPPORTED_PLUS_ONE_AABB_0.4x0.8_HEADROOM_2;NOT_PLAYER_VERIFIED","82c31034ea601389a257e773caf96fe146abde1b3016018ff3aeae60115f73eb"
"SV5_INFILL_ROOM_00d4966768776d94d554","SV5_INFILL_ROOM_032723ec76224555dc3f","SV5_OPTIONAL_01","[[336,351],[335,351],[334,351],[333,351],[332,351],[331,351],[330,351],[329,351],[328,351],[327,351],[326,351],[325,351],[324,351],[323,351]]","[]","[[335,351],[334,351],[333,351],[332,351],[331,351],[330,351],[329,351],[328,351],[327,351],[326,351],[325,351],[324,351]]","12","335,351>336,351|335,352>336,352","[[355,350],[354,350],[353,350],[352,350],[351,350],[350,350],[349,350],[348,350],[347,350],[346,350],[345,350],[344,350],[343,350],[342,350],[341,350],[340,350],[339,350],[338,350],[337,350],[336,350],[335,350],[334,350],[333,350],[332,350],[331,350],[330,350],[329,350],[328,350],[327,350],[326,350],[325,350],[324,350],[323,350],[322,350],[321,350],[320,350],[319,350],[318,350],[317,350],[316,350],[315,350],[314,350],[313,350],[312,350],[311,350],[310,350],[309,350],[308,350],[307,350]]","[[355,351],[354,351],[353,351],[352,351],[351,351],[350,351],[349,351],[348,351],[347,351],[346,351],[345,351],[344,351],[343,351],[342,351],[341,351],[340,351],[339,351],[338,351],[337,351],[336,351],[335,351],[334,351],[333,351],[332,351],[331,351],[330,351],[329,351],[328,351],[327,351],[326,351],[325,351],[324,351],[323,351],[322,351],[321,351],[320,351],[319,351],[318,351],[317,351],[316,351],[315,351],[314,351],[313,351],[312,351],[311,351],[310,351],[309,351],[308,351],[307,351]]","[[307,351],[308,351],[309,351],[310,351],[311,351],[312,351],[313,351],[314,351],[315,351],[316,351],[317,351],[318,351],[319,351],[320,351],[321,351],[322,351],[323,351],[324,351],[325,351],[326,351],[327,351],[328,351],[329,351],[330,351],[331,351],[332,351],[333,351],[334,351],[335,351],[336,351],[337,351],[338,351],[339,351],[340,351],[341,351],[342,351],[343,351],[344,351],[345,351],[346,351],[347,351],[348,351],[349,351],[350,351],[351,351],[352,351],[353,351],[354,351],[355,351]]","True","STATIC_SCREEN_SUPPORTED_PLUS_ONE_AABB_0.4x0.8_HEADROOM_2;NOT_PLAYER_VERIFIED","82c31034ea601389a257e773caf96fe146abde1b3016018ff3aeae60115f73eb"
"SV5_INFILL_ROOM_00d95ebbcbbc57b52e0a","SV5_INFILL_ROOM_04a09a81b1cf9f7b40f0","SV5_OPTIONAL_12","[[144,363],[143,363],[142,363],[141,363],[140,363],[139,363],[138,363],[137,363],[136,363],[135,363]]","[]","[[143,363],[142,363],[141,363],[140,363],[139,363],[138,363],[137,363],[136,363]]","8","143,363>144,363|143,364>144,364","[[159,362],[158,362],[157,362],[156,362],[155,362],[154,362],[153,362],[152,362],[151,362],[150,362],[149,362],[148,362],[147,362],[146,362],[145,362],[144,362],[143,362],[142,362],[141,362],[140,362],[139,362],[138,362],[137,362],[136,362],[135,362],[134,362],[133,362],[132,362],[131,362],[130,362],[129,362],[128,362],[127,362],[126,362],[125,362],[124,362],[123,362]]","[[159,363],[158,363],[157,363],[156,363],[155,363],[154,363],[153,363],[152,363],[151,363],[150,363],[149,363],[148,363],[147,363],[146,363],[145,363],[144,363],[143,363],[142,363],[141,363],[140,363],[139,363],[138,363],[137,363],[136,363],[135,363],[134,363],[133,363],[132,363],[131,363],[130,363],[129,363],[128,363],[127,363],[126,363],[125,363],[124,363],[123,363]]","[[123,363],[124,363],[125,363],[126,363],[127,363],[128,363],[129,363],[130,363],[131,363],[132,363],[133,363],[134,363],[135,363],[136,363],[137,363],[138,363],[139,363],[140,363],[141,363],[142,363],[143,363],[144,363],[145,363],[146,363],[147,363],[148,363],[149,363],[150,363],[151,363],[152,363],[153,363],[154,363],[155,363],[156,363],[157,363],[158,363],[159,363]]","True","STATIC_SCREEN_SUPPORTED_PLUS_ONE_AABB_0.4x0.8_HEADROOM_2;NOT_PLAYER_VERIFIED","82c31034ea601389a257e773caf96fe146abde1b3016018ff3aeae60115f73eb"
"SV5_INFILL_ROOM_00e46d5d0ba666a9579a","SV5_INFILL_ROOM_03f794e9844c481d8faa","SV5_OPTIONAL_06","[[168,31],[167,31],[167,30],[166,30],[166,29],[165,29],[165,28],[164,28],[164,27],[163,27],[162,27],[161,27],[160,27],[159,27]]","[]","[[167,31],[167,30],[166,30],[166,29],[165,29],[165,28],[164,28],[164,27],[163,27],[162,27],[161,27],[160,27]]","12","167,31>168,31","[[187,30],[186,30],[185,30],[184,30],[183,30],[182,30],[181,30],[180,30],[179,30],[178,30],[177,30],[176,30],[175,30],[174,30],[173,30],[172,30],[171,30],[170,30],[169,30],[168,30],[167,29],[166,28],[165,27],[164,26],[163,26],[162,26],[161,26],[160,26],[159,26],[158,26],[157,26],[156,26],[155,26],[154,26],[153,26],[152,26],[151,26],[150,26],[149,26],[148,26],[147,26]]","[[187,31],[186,31],[185,31],[184,31],[183,31],[182,31],[181,31],[180,31],[179,31],[178,31],[177,31],[176,31],[175,31],[174,31],[173,31],[172,31],[171,31],[170,31],[169,31],[168,31],[167,30],[166,29],[165,28],[164,27],[163,27],[162,27],[161,27],[160,27],[159,27],[158,27],[157,27],[156,27],[155,27],[154,27],[153,27],[152,27],[151,27],[150,27],[149,27],[148,27],[147,27]]","[[147,27],[148,27],[149,27],[150,27],[151,27],[152,27],[153,27],[154,27],[155,27],[156,27],[157,27],[158,27],[159,27],[160,27],[161,27],[162,27],[163,27],[164,27],[165,28],[166,29],[167,30],[168,31],[169,31],[170,31],[171,31],[172,31],[173,31],[174,31],[175,31],[176,31],[177,31],[178,31],[179,31],[180,31],[181,31],[182,31],[183,31],[184,31],[185,31],[186,31],[187,31]]","True","STATIC_SCREEN_SUPPORTED_PLUS_ONE_AABB_0.4x0.8_HEADROOM_2;NOT_PLAYER_VERIFIED","82c31034ea601389a257e773caf96fe146abde1b3016018ff3aeae60115f73eb"
"SV5_INFILL_ROOM_00e5c1799c48f53348c3","SV5_OPTIONAL_04","SV5_OPTIONAL_04","[[554,91],[553,91],[552,91],[551,91]]","[[556,91],[555,91],[554,91]]","[[555,91],[554,91],[553,91],[552,91]]","4","555,91>556,91|555,92>556,92","[[554,90],[553,90],[552,90],[551,90],[550,90],[549,90],[548,90],[547,90],[546,90],[545,90],[544,90],[543,90],[542,90],[541,90],[540,90],[539,90]]","[[554,91],[553,91],[552,91],[551,91],[550,91],[549,91],[548,91],[547,91],[546,91],[545,91],[544,91],[543,91],[542,91],[541,91],[540,91],[539,91]]","[[539,91],[540,91],[541,91],[542,91],[543,91],[544,91],[545,91],[546,91],[547,91],[548,91],[549,91],[550,91],[551,91],[552,91],[553,91],[554,91]]","True","STATIC_SCREEN_SUPPORTED_PLUS_ONE_AABB_0.4x0.8_HEADROOM_2;NOT_PLAYER_VERIFIED","82c31034ea601389a257e773caf96fe146abde1b3016018ff3aeae60115f73eb"
"SV5_INFILL_ROOM_00ed111585f36034852b","SV5_INFILL_ROOM_09f929c522f2c937978b","SV5_OPTIONAL_10","[[48,209],[47,209],[47,208],[46,208],[46,207],[45,207],[44,207],[43,207],[42,207],[41,207],[40,207],[39,207],[38,207],[37,207],[36,207],[35,207],[34,207],[33,207],[32,207],[31,207],[30,207],[29,207],[28,207],[27,207]]","[]","[[47,209],[47,208],[46,208],[46,207],[45,207],[44,207],[43,207],[42,207],[41,207],[40,207],[39,207],[38,207],[37,207],[36,207],[35,207],[34,207],[33,207],[32,207],[31,207],[30,207],[29,207],[28,207]]","22","47,209>48,209","[[63,206],[62,206],[61,206],[60,206],[59,206],[58,207],[57,207],[56,208],[55,208],[54,208],[53,208],[52,208],[51,208],[50,208],[49,208],[48,208],[47,207],[46,206],[45,206],[44,206],[43,206],[42,206],[41,206],[40,206],[39,206],[38,206],[37,206],[36,206],[35,206],[34,206],[33,206],[32,206],[31,206],[30,206],[29,206],[28,206],[27,206],[26,206],[25,206],[24,206],[23,206],[22,206],[21,206],[20,206],[19,206],[18,206],[17,206],[16,206],[15,206]]","[[63,207],[62,207],[61,207],[60,207],[59,207],[58,208],[57,208],[56,209],[55,209],[54,209],[53,209],[52,209],[51,209],[50,209],[49,209],[48,209],[47,208],[46,207],[45,207],[44,207],[43,207],[42,207],[41,207],[40,207],[39,207],[38,207],[37,207],[36,207],[35,207],[34,207],[33,207],[32,207],[31,207],[30,207],[29,207],[28,207],[27,207],[26,207],[25,207],[24,207],[23,207],[22,207],[21,207],[20,207],[19,207],[18,207],[17,207],[16,207],[15,207]]","[[15,207],[16,207],[17,207],[18,207],[19,207],[20,207],[21,207],[22,207],[23,207],[24,207],[25,207],[26,207],[27,207],[28,207],[29,207],[30,207],[31,207],[32,207],[33,207],[34,207],[35,207],[36,207],[37,207],[38,207],[39,207],[40,207],[41,207],[42,207],[43,207],[44,207],[45,207],[46,207],[47,208],[48,209],[49,209],[50,209],[51,209],[52,209],[53,209],[54,209],[55,209],[56,209],[57,208],[58,208],[59,207],[60,207],[61,207],[62,207],[63,207]]","True","STATIC_SCREEN_SUPPORTED_PLUS_ONE_AABB_0.4x0.8_HEADROOM_2;NOT_PLAYER_VERIFIED","82c31034ea601389a257e773caf96fe146abde1b3016018ff3aeae60115f73eb"
"SV5_INFILL_ROOM_00fe6dfb4eef486a889c","SV5_OPTIONAL_04","SV5_OPTIONAL_04","[[558,83],[558,84],[559,84],[559,85],[560,85],[560,86],[561,86],[561,87],[562,87],[562,88],[563,88],[563,89],[564,89],[564,90],[565,90],[566,90],[567,90],[568,90],[569,90],[570,90],[571,90],[571,91],[572,91]]","[[556,83],[557,83],[558,83]]","[[557,83],[558,83],[558,84],[559,84],[559,85],[560,85],[560,86],[561,86],[561,87],[562,87],[562,88],[563,88],[563,89],[564,89],[564,90],[565,90],[566,90],[567,90],[568,90],[569,90],[570,90],[571,90],[571,91]]","23","556,83>557,83|556,84>557,84","[[558,82],[559,83],[560,84],[561,85],[562,86],[563,87],[564,88],[565,89],[566,89],[567,89],[568,89],[569,89],[570,89],[571,89],[572,90],[573,90],[574,90],[575,90],[576,90],[577,91],[578,91],[579,92],[580,92],[581,92],[582,92],[583,92],[584,92]]","[[558,83],[559,84],[560,85],[561,86],[562,87],[563,88],[564,89],[565,90],[566,90],[567,90],[568,90],[569,90],[570,90],[571,90],[572,91],[573,91],[574,91],[575,91],[576,91],[577,92],[578,92],[579,93],[580,93],[581,93],[582,93],[583,93],[584,93]]","[[584,93],[583,93],[582,93],[581,93],[580,93],[579,93],[578,92],[577,92],[576,91],[575,91],[574,91],[573,91],[572,91],[571,90],[570,90],[569,90],[568,90],[567,90],[566,90],[565,90],[564,89],[563,88],[562,87],[561,86],[560,85],[559,84],[558,83]]","True","STATIC_SCREEN_SUPPORTED_PLUS_ONE_AABB_0.4x0.8_HEADROOM_2;NOT_PLAYER_VERIFIED","82c31034ea601389a257e773caf96fe146abde1b3016018ff3aeae60115f73eb"
"SV5_INFILL_ROOM_01069c007d0c5078e6c2","SV5_INFILL_ROOM_0e2dfe7267fa2c3f0347","SV5_OPTIONAL_02","[[508,349],[507,349],[507,348],[506,348],[506,347],[505,347],[504,347],[503,347]]","[]","[[507,349],[507,348],[506,348],[506,347],[505,347],[504,347]]","6","507,349>508,349","[[523,346],[522,346],[521,346],[520,346],[519,346],[518,347],[517,347],[516,348],[515,348],[514,348],[513,348],[512,348],[511,348],[510,348],[509,348],[508,348],[507,347],[506,346],[505,346],[504,346],[503,346],[502,346],[501,346],[500,346],[499,346],[498,346],[497,346],[496,346],[495,346],[494,346],[493,346],[492,346],[491,346],[490,346],[489,346],[488,346],[487,346]]","[[523,347],[522,347],[521,347],[520,347],[519,347],[518,348],[517,348],[516,349],[515,349],[514,349],[513,349],[512,349],[511,349],[510,349],[509,349],[508,349],[507,348],[506,347],[505,347],[504,347],[503,347],[502,347],[501,347],[500,347],[499,347],[498,347],[497,347],[496,347],[495,347],[494,347],[493,347],[492,347],[491,347],[490,347],[489,347],[488,347],[487,347]]","[[487,347],[488,347],[489,347],[490,347],[491,347],[492,347],[493,347],[494,347],[495,347],[496,347],[497,347],[498,347],[499,347],[500,347],[501,347],[502,347],[503,347],[504,347],[505,347],[506,347],[507,348],[508,349],[509,349],[510,349],[511,349],[512,349],[513,349],[514,349],[515,349],[516,349],[517,348],[518,348],[519,347],[520,347],[521,347],[522,347],[523,347]]","True","STATIC_SCREEN_SUPPORTED_PLUS_ONE_AABB_0.4x0.8_HEADROOM_2;NOT_PLAYER_VERIFIED","82c31034ea601389a257e773caf96fe146abde1b3016018ff3aeae60115f73eb"
"SV5_INFILL_ROOM_0108716504300c53c5c2","SV5_INFILL_ROOM_046deef53a11e881349e","SV5_OPTIONAL_14","[[139,307],[140,307],[141,307],[142,307],[143,307],[144,307],[145,307],[146,307],[147,307],[148,307],[149,307],[150,307],[151,307],[152,307],[153,307],[154,307],[155,307],[156,307],[157,307],[158,307],[159,307],[160,307],[161,307],[162,307],[163,307],[164,307]]","[]","[[140,307],[141,307],[142,307],[143,307],[144,307],[145,307],[146,307],[147,307],[148,307],[149,307],[150,307],[151,307],[152,307],[153,307],[154,307],[155,307],[156,307],[157,307],[158,307],[159,307],[160,307],[161,307],[162,307],[163,307]]","24","139,307>140,307|139,308>140,308","[[120,306],[121,306],[122,306],[123,306],[124,306],[125,306],[126,306],[127,306],[128,306],[129,306],[130,306],[131,306],[132,306],[133,306],[134,306],[135,306],[136,306],[137,306],[138,306],[139,306],[140,306],[141,306],[142,306],[143,306],[144,306],[145,306],[146,306],[147,306],[148,306],[149,306],[150,306],[151,306],[152,306],[153,306],[154,306],[155,306],[156,306],[157,306],[158,306],[159,306],[160,306],[161,306],[162,306],[163,306],[164,306],[165,306],[166,306],[167,306],[168,306],[169,306],[170,306],[171,306],[172,306],[173,306],[174,306],[175,306],[176,306],[177,306],[178,306],[179,306],[180,306]]","[[120,307],[121,307],[122,307],[123,307],[124,307],[125,307],[126,307],[127,307],[128,307],[129,307],[130,307],[131,307],[132,307],[133,307],[134,307],[135,307],[136,307],[137,307],[138,307],[139,307],[140,307],[141,307],[142,307],[143,307],[144,307],[145,307],[146,307],[147,307],[148,307],[149,307],[150,307],[151,307],[152,307],[153,307],[154,307],[155,307],[156,307],[157,307],[158,307],[159,307],[160,307],[161,307],[162,307],[163,307],[164,307],[165,307],[166,307],[167,307],[168,307],[169,307],[170,307],[171,307],[172,307],[173,307],[174,307],[175,307],[176,307],[177,307],[178,307],[179,307],[180,307]]","[[180,307],[179,307],[178,307],[177,307],[176,307],[175,307],[174,307],[173,307],[172,307],[171,307],[170,307],[169,307],[168,307],[167,307],[166,307],[165,307],[164,307],[163,307],[162,307],[161,307],[160,307],[159,307],[158,307],[157,307],[156,307],[155,307],[154,307],[153,307],[152,307],[151,307],[150,307],[149,307],[148,307],[147,307],[146,307],[145,307],[144,307],[143,307],[142,307],[141,307],[140,307],[139,307],[138,307],[137,307],[136,307],[135,307],[134,307],[133,307],[132,307],[131,307],[130,307],[129,307],[128,307],[127,307],[126,307],[125,307],[124,307],[123,307],[122,307],[121,307],[120,307]]","True","STATIC_SCREEN_SUPPORTED_PLUS_ONE_AABB_0.4x0.8_HEADROOM_2;NOT_PLAYER_VERIFIED","82c31034ea601389a257e773caf96fe146abde1b3016018ff3aeae60115f73eb"
"SV5_INFILL_ROOM_010b8263d27bde49eb3b","SV5_INFILL_ROOM_008784ed882cfab2d029","SV5_OPTIONAL_01","[[340,369],[340,370],[339,370],[338,370],[337,370],[336,370],[336,371],[335,371]]","[]","[[339,370],[338,370],[337,370],[336,370],[336,371]]","5","339,370>340,370","[[355,366],[354,366],[353,366],[352,366],[351,366],[350,367],[349,367],[348,368],[347,368],[346,368],[345,368],[344,368],[343,368],[342,368],[341,368],[340,368],[339,369],[338,369],[337,369],[336,369],[335,370],[334,370],[333,370],[332,370],[331,370],[330,370],[329,370],[328,370],[327,370],[326,370],[325,370],[324,370],[323,370],[322,370],[321,370],[320,370],[319,370]]","[[355,367],[354,367],[353,367],[352,367],[351,367],[350,368],[349,368],[348,369],[347,369],[346,369],[345,369],[344,369],[343,369],[342,369],[341,369],[340,369],[339,370],[338,370],[337,370],[336,370],[335,371],[334,371],[333,371],[332,371],[331,371],[330,371],[329,371],[328,371],[327,371],[326,371],[325,371],[324,371],[323,371],[322,371],[321,371],[320,371],[319,371]]","[[319,371],[320,371],[321,371],[322,371],[323,371],[324,371],[325,371],[326,371],[327,371],[328,371],[329,371],[330,371],[331,371],[332,371],[333,371],[334,371],[335,371],[336,370],[337,370],[338,370],[339,370],[340,369],[341,369],[342,369],[343,369],[344,369],[345,369],[346,369],[347,369],[348,369],[349,368],[350,368],[351,367],[352,367],[353,367],[354,367],[355,367]]","True","STATIC_SCREEN_SUPPORTED_PLUS_ONE_AABB_0.4x0.8_HEADROOM_2;NOT_PLAYER_VERIFIED","82c31034ea601389a257e773caf96fe146abde1b3016018ff3aeae60115f73eb"
"SV5_INFILL_ROOM_011090d282560d8c79a1","SV5_INFILL_ROOM_018ed3e9158d726fe3ab","SV5_OPTIONAL_12","[[180,393],[180,394],[179,394],[178,394],[177,394],[176,394],[175,394],[174,394],[173,394],[172,394],[172,395],[171,395]]","[]","[[179,394],[178,394],[177,394],[176,394],[175,394],[174,394],[173,394],[172,394],[172,395]]","9","179,394>180,394","[[195,390],[194,390],[193,390],[192,390],[191,390],[190,391],[189,391],[188,392],[187,392],[186,392],[185,392],[184,392],[183,392],[182,392],[181,392],[180,392],[179,393],[178,393],[177,393],[176,393],[175,393],[174,393],[173,393],[172,393],[171,394],[170,394],[169,394],[168,394],[167,394],[166,394],[165,394],[164,394],[163,394],[162,394],[161,394],[160,394],[159,394],[158,394],[157,394],[156,394],[155,394]]","[[195,391],[194,391],[193,391],[192,391],[191,391],[190,392],[189,392],[188,393],[187,393],[186,393],[185,393],[184,393],[183,393],[182,393],[181,393],[180,393],[179,394],[178,394],[177,394],[176,394],[175,394],[174,394],[173,394],[172,394],[171,395],[170,395],[169,395],[168,395],[167,395],[166,395],[165,395],[164,395],[163,395],[162,395],[161,395],[160,395],[159,395],[158,395],[157,395],[156,395],[155,395]]","[[155,395],[156,395],[157,395],[158,395],[159,395],[160,395],[161,395],[162,395],[163,395],[164,395],[165,395],[166,395],[167,395],[168,395],[169,395],[170,395],[171,395],[172,394],[173,394],[174,394],[175,394],[176,394],[177,394],[178,394],[179,394],[180,393],[181,393],[182,393],[183,393],[184,393],[185,393],[186,393],[187,393],[188,393],[189,392],[190,392],[191,391],[192,391],[193,391],[194,391],[195,391]]","True","STATIC_SCREEN_SUPPORTED_PLUS_ONE_AABB_0.4x0.8_HEADROOM_2;NOT_PLAYER_VERIFIED","82c31034ea601389a257e773caf96fe146abde1b3016018ff3aeae60115f73eb"
"SV5_INFILL_ROOM_0126187edf0338c47579","SV5_OPTIONAL_TO_VILLAGE","SV5_OPTIONAL_TO_VILLAGE","[[280,262],[281,262],[281,261],[282,261],[282,260],[283,260],[283,259],[284,259],[284,258],[285,258],[285,257],[286,257],[286,256],[287,256],[287,255],[288,255],[288,254],[289,254],[289,253],[290,253],[290,252],[291,252],[291,251],[292,251]]","[[280,263],[280,262]]","[[280,263],[280,262],[281,262],[281,261],[282,261],[282,260],[283,260],[283,259],[284,259],[284,258],[285,258],[285,257],[286,257],[286,256],[287,256],[287,255],[288,255],[288,254],[289,254],[289,253],[290,253],[290,252],[291,252],[291,251]]","24","280,262>280,263|279,263>280,263|280,263>281,263|281,262>281,263","[[280,261],[281,260],[282,259],[283,258],[284,257],[285,256],[286,255],[287,254],[288,253],[289,252],[290,251],[291,250],[292,250],[293,250],[294,250],[295,250],[296,250],[297,250],[298,250],[299,250],[300,250],[301,250],[302,250],[303,250],[304,250],[305,250],[306,250],[307,250],[308,250]]","[[280,262],[281,261],[282,260],[283,259],[284,258],[285,257],[286,256],[287,255],[288,254],[289,253],[290,252],[291,251],[292,251],[293,251],[294,251],[295,251],[296,251],[297,251],[298,251],[299,251],[300,251],[301,251],[302,251],[303,251],[304,251],[305,251],[306,251],[307,251],[308,251]]","[[308,251],[307,251],[306,251],[305,251],[304,251],[303,251],[302,251],[301,251],[300,251],[299,251],[298,251],[297,251],[296,251],[295,251],[294,251],[293,251],[292,251],[291,251],[290,252],[289,253],[288,254],[287,255],[286,256],[285,257],[284,258],[283,259],[282,260],[281,261],[280,262]]","True","STATIC_SCREEN_SUPPORTED_PLUS_ONE_AABB_0.4x0.8_HEADROOM_2;NOT_PLAYER_VERIFIED","82c31034ea601389a257e773caf96fe146abde1b3016018ff3aeae60115f73eb"
"SV5_INFILL_ROOM_012c44d357554e3840ba","SV5_INFILL_ROOM_021303ac4db4360eed8c","SV5_OPTIONAL_01","[[499,391],[499,392],[500,392],[500,393],[501,393],[501,394],[502,394],[503,394],[504,394],[505,394],[506,394],[507,394],[508,394],[509,394],[510,394],[511,394],[512,394],[513,394],[514,394],[515,394],[515,395],[516,395]]","[]","[[500,392],[500,393],[501,393],[501,394],[502,394],[503,394],[504,394],[505,394],[506,394],[507,394],[508,394],[509,394],[510,394],[511,394],[512,394],[513,394],[514,394],[515,394],[515,395]]","19","499,392>500,392","[[484,390],[485,390],[486,390],[487,390],[488,390],[489,390],[490,390],[491,390],[492,390],[493,390],[494,390],[495,390],[496,390],[497,390],[498,390],[499,390],[500,391],[501,392],[502,393],[503,393],[504,393],[505,393],[506,393],[507,393],[508,393],[509,393],[510,393],[511,393],[512,393],[513,393],[514,393],[515,393],[516,394],[517,394],[518,394],[519,394],[520,394],[521,394],[522,394],[523,394],[524,394],[525,394],[526,394],[527,394],[528,394]]","[[484,391],[485,391],[486,391],[487,391],[488,391],[489,391],[490,391],[491,391],[492,391],[493,391],[494,391],[495,391],[496,391],[497,391],[498,391],[499,391],[500,392],[501,393],[502,394],[503,394],[504,394],[505,394],[506,394],[507,394],[508,394],[509,394],[510,394],[511,394],[512,394],[513,394],[514,394],[515,394],[516,395],[517,395],[518,395],[519,395],[520,395],[521,395],[522,395],[523,395],[524,395],[525,395],[526,395],[527,395],[528,395]]","[[528,395],[527,395],[526,395],[525,395],[524,395],[523,395],[522,395],[521,395],[520,395],[519,395],[518,395],[517,395],[516,395],[515,394],[514,394],[513,394],[512,394],[511,394],[510,394],[509,394],[508,394],[507,394],[506,394],[505,394],[504,394],[503,394],[502,394],[501,393],[500,392],[499,391],[498,391],[497,391],[496,391],[495,391],[494,391],[493,391],[492,391],[491,391],[490,391],[489,391],[488,391],[487,391],[486,391],[485,391],[484,391]]","True","STATIC_SCREEN_SUPPORTED_PLUS_ONE_AABB_0.4x0.8_HEADROOM_2;NOT_PLAYER_VERIFIED","82c31034ea601389a257e773caf96fe146abde1b3016018ff3aeae60115f73eb"
"SV5_INFILL_ROOM_01436909100db22b451e","SV5_OPTIONAL_10","SV5_OPTIONAL_10","[[166,235],[166,236],[165,236],[165,237],[164,237],[164,238],[163,238],[162,238],[161,238],[160,238],[160,239],[159,239]]","[[168,235],[167,235],[166,235]]","[[167,235],[166,235],[166,236],[165,236],[165,237],[164,237],[164,238],[163,238],[162,238],[161,238],[160,238],[160,239]]","12","167,235>168,235|167,236>168,236","[[166,234],[165,235],[164,236],[163,237],[162,237],[161,237],[160,237],[159,238],[158,238],[157,238],[156,238],[155,238],[154,238],[153,238],[152,238],[151,238],[150,238],[149,238],[148,238],[147,238]]","[[166,235],[165,236],[164,237],[163,238],[162,238],[161,238],[160,238],[159,239],[158,239],[157,239],[156,239],[155,239],[154,239],[153,239],[152,239],[151,239],[150,239],[149,239],[148,239],[147,239]]","[[147,239],[148,239],[149,239],[150,239],[151,239],[152,239],[153,239],[154,239],[155,239],[156,239],[157,239],[158,239],[159,239],[160,238],[161,238],[162,238],[163,238],[164,237],[165,236],[166,235]]","True","STATIC_SCREEN_SUPPORTED_PLUS_ONE_AABB_0.4x0.8_HEADROOM_2;NOT_PLAYER_VERIFIED","82c31034ea601389a257e773caf96fe146abde1b3016018ff3aeae60115f73eb"
"SV5_INFILL_ROOM_014900279cc1ebc8f1c2","SV5_OPTIONAL_02","SV5_OPTIONAL_02","[[601,311],[600,311],[599,311]]","[[603,311],[602,311],[601,311]]","[[602,311],[601,311],[600,311]]","3","602,311>603,311|602,312>603,312","[[601,310],[600,310],[599,310],[598,310],[597,310],[596,310],[595,310],[594,310],[593,310],[592,310],[591,310],[590,310],[589,310],[588,310],[587,310]]","[[601,311],[600,311],[599,311],[598,311],[597,311],[596,311],[595,311],[594,311],[593,311],[592,311],[591,311],[590,311],[589,311],[588,311],[587,311]]","[[587,311],[588,311],[589,311],[590,311],[591,311],[592,311],[593,311],[594,311],[595,311],[596,311],[597,311],[598,311],[599,311],[600,311],[601,311]]","True","STATIC_SCREEN_SUPPORTED_PLUS_ONE_AABB_0.4x0.8_HEADROOM_2;NOT_PLAYER_VERIFIED","82c31034ea601389a257e773caf96fe146abde1b3016018ff3aeae60115f73eb"
"SV5_INFILL_ROOM_01492d75910c4c5fcc30","SV5_OPTIONAL_12","SV5_OPTIONAL_12","[[242,387],[242,388],[241,388],[241,389],[240,389],[240,390],[239,390],[239,391],[238,391],[238,392],[237,392],[237,393],[236,393],[236,394],[235,394],[234,394],[233,394],[232,394],[231,394],[230,394],[229,394],[228,394],[228,395],[227,395]]","[[244,387],[243,387],[242,387]]","[[243,387],[242,387],[242,388],[241,388],[241,389],[240,389],[240,390],[239,390],[239,391],[238,391],[238,392],[237,392],[237,393],[236,393],[236,394],[235,394],[234,394],[233,394],[232,394],[231,394],[230,394],[229,394],[228,394],[228,395]]","24","243,387>244,387|243,388>244,388","[[242,386],[241,387],[240,388],[239,389],[238,390],[237,391],[236,392],[235,393],[234,393],[233,393],[232,393],[231,393],[230,393],[229,393],[228,393],[227,394],[226,394],[225,394],[224,394],[223,394],[222,394],[221,394],[220,394],[219,394],[218,394],[217,394],[216,394],[215,394]]","[[242,387],[241,388],[240,389],[239,390],[238,391],[237,392],[236,393],[235,394],[234,394],[233,394],[232,394],[231,394],[230,394],[229,394],[228,394],[227,395],[226,395],[225,395],[224,395],[223,395],[222,395],[221,395],[220,395],[219,395],[218,395],[217,395],[216,395],[215,395]]","[[215,395],[216,395],[217,395],[218,395],[219,395],[220,395],[221,395],[222,395],[223,395],[224,395],[225,395],[226,395],[227,395],[228,394],[229,394],[230,394],[231,394],[232,394],[233,394],[234,394],[235,394],[236,393],[237,392],[238,391],[239,390],[240,389],[241,388],[242,387]]","True","STATIC_SCREEN_SUPPORTED_PLUS_ONE_AABB_0.4x0.8_HEADROOM_2;NOT_PLAYER_VERIFIED","82c31034ea601389a257e773caf96fe146abde1b3016018ff3aeae60115f73eb"
"SV5_INFILL_ROOM_014bf1cd48e559dd8eb5","SV5_INFILL_ROOM_00a332b4846d1f39b732","SV5_OPTIONAL_08","[[36,87],[35,87],[35,86],[34,86],[34,85],[33,85],[33,84],[32,84],[32,83],[31,83],[31,82],[30,82],[30,81],[29,81],[29,80],[28,80],[28,79],[27,79],[27,78],[26,78],[26,77],[25,77],[25,76],[24,76],[24,75],[23,75]]","[]","[[35,87],[35,86],[34,86],[34,85],[33,85],[33,84],[32,84],[32,83],[31,83],[31,82],[30,82],[30,81],[29,81],[29,80],[28,80],[28,79],[27,79],[27,78],[26,78],[26,77],[25,77],[25,76],[24,76],[24,75]]","24","35,87>36,87","[[51,86],[50,86],[49,86],[48,86],[47,86],[46,86],[45,86],[44,86],[43,86],[42,86],[41,86],[40,86],[39,86],[38,86],[37,86],[36,86],[35,85],[34,84],[33,83],[32,82],[31,81],[30,80],[29,79],[28,78],[27,77],[26,76],[25,75],[24,74],[23,74],[22,74],[21,74],[20,74],[19,74],[18,74],[17,74],[16,74],[15,74],[14,74],[13,74],[12,74],[11,74]]","[[51,87],[50,87],[49,87],[48,87],[47,87],[46,87],[45,87],[44,87],[43,87],[42,87],[41,87],[40,87],[39,87],[38,87],[37,87],[36,87],[35,86],[34,85],[33,84],[32,83],[31,82],[30,81],[29,80],[28,79],[27,78],[26,77],[25,76],[24,75],[23,75],[22,75],[21,75],[20,75],[19,75],[18,75],[17,75],[16,75],[15,75],[14,75],[13,75],[12,75],[11,75]]","[[11,75],[12,75],[13,75],[14,75],[15,75],[16,75],[17,75],[18,75],[19,75],[20,75],[21,75],[22,75],[23,75],[24,75],[25,76],[26,77],[27,78],[28,79],[29,80],[30,81],[31,82],[32,83],[33,84],[34,85],[35,86],[36,87],[37,87],[38,87],[39,87],[40,87],[41,87],[42,87],[43,87],[44,87],[45,87],[46,87],[47,87],[48,87],[49,87],[50,87],[51,87]]","True","STATIC_SCREEN_SUPPORTED_PLUS_ONE_AABB_0.4x0.8_HEADROOM_2;NOT_PLAYER_VERIFIED","82c31034ea601389a257e773caf96fe146abde1b3016018ff3aeae60115f73eb"
"SV5_INFILL_ROOM_014ea698f88348a9d9a6","SV5_OPTIONAL_03","SV5_OPTIONAL_03","[[582,247],[583,247],[584,247]]","[[580,247],[581,247],[582,247]]","[[581,247],[582,247],[583,247]]","3","580,247>581,247|580,248>581,248","[[582,246],[583,246],[584,246],[585,246],[586,246],[587,246],[588,246],[589,246],[590,246],[591,246],[592,246],[593,246],[594,246],[595,246],[596,246]]","[[582,247],[583,247],[584,247],[585,247],[586,247],[587,247],[588,247],[589,247],[590,247],[591,247],[592,247],[593,247],[594,247],[595,247],[596,247]]","[[596,247],[595,247],[594,247],[593,247],[592,247],[591,247],[590,247],[589,247],[588,247],[587,247],[586,247],[585,247],[584,247],[583,247],[582,247]]","True","STATIC_SCREEN_SUPPORTED_PLUS_ONE_AABB_0.4x0.8_HEADROOM_2;NOT_PLAYER_VERIFIED","82c31034ea601389a257e773caf96fe146abde1b3016018ff3aeae60115f73eb"
"SV5_INFILL_ROOM_014ff8b35cb7a06ee610","SV5_OPTIONAL_09","SV5_OPTIONAL_09","[[126,183],[126,184],[125,184],[125,185],[124,185],[124,186],[123,186],[123,187],[122,187],[122,188],[121,188],[121,189],[120,189],[120,190],[119,190],[118,190],[117,190],[116,190],[115,190],[114,190],[113,190],[112,190],[112,191],[111,191]]","[[128,183],[127,183],[126,183]]","[[127,183],[126,183],[126,184],[125,184],[125,185],[124,185],[124,186],[123,186],[123,187],[122,187],[122,188],[121,188],[121,189],[120,189],[120,190],[119,190],[118,190],[117,190],[116,190],[115,190],[114,190],[113,190],[112,190],[112,191]]","24","127,183>128,183|127,184>128,184","[[126,182],[125,183],[124,184],[123,185],[122,186],[121,187],[120,188],[119,189],[118,189],[117,189],[116,189],[115,189],[114,189],[113,189],[112,189],[111,190],[110,190],[109,190],[108,190],[107,190],[106,191],[105,191],[104,192],[103,192],[102,192],[101,192],[100,192],[99,192]]","[[126,183],[125,184],[124,185],[123,186],[122,187],[121,188],[120,189],[119,190],[118,190],[117,190],[116,190],[115,190],[114,190],[113,190],[112,190],[111,191],[110,191],[109,191],[108,191],[107,191],[106,192],[105,192],[104,193],[103,193],[102,193],[101,193],[100,193],[99,193]]","[[99,193],[100,193],[101,193],[102,193],[103,193],[104,193],[105,192],[106,192],[107,191],[108,191],[109,191],[110,191],[111,191],[112,190],[113,190],[114,190],[115,190],[116,190],[117,190],[118,190],[119,190],[120,189],[121,188],[122,187],[123,186],[124,185],[125,184],[126,183]]","True","STATIC_SCREEN_SUPPORTED_PLUS_ONE_AABB_0.4x0.8_HEADROOM_2;NOT_PLAYER_VERIFIED","82c31034ea601389a257e773caf96fe146abde1b3016018ff3aeae60115f73eb"
"SV5_INFILL_ROOM_015e047734bb1781d7ff","SV5_INFILL_ROOM_0cf3150abb2be197bdc3","SV5_OPTIONAL_09","[[76,111],[75,111],[75,110],[74,110],[74,109],[73,109],[73,108],[72,108],[72,107],[71,107],[70,107],[69,107],[68,107],[67,107],[66,107],[65,107],[64,107],[63,107]]","[]","[[75,111],[75,110],[74,110],[74,109],[73,109],[73,108],[72,108],[72,107],[71,107],[70,107],[69,107],[68,107],[67,107],[66,107],[65,107],[64,107]]","16","75,111>76,111","[[95,110],[94,110],[93,110],[92,110],[91,110],[90,110],[89,110],[88,110],[87,110],[86,110],[85,110],[84,110],[83,110],[82,110],[81,110],[80,110],[79,110],[78,110],[77,110],[76,110],[75,109],[74,108],[73,107],[72,106],[71,106],[70,106],[69,106],[68,106],[67,106],[66,106],[65,106],[64,106],[63,106],[62,106],[61,106],[60,106],[59,106],[58,107],[57,107],[56,108],[55,108],[54,108],[53,108],[52,108],[51,108]]","[[95,111],[94,111],[93,111],[92,111],[91,111],[90,111],[89,111],[88,111],[87,111],[86,111],[85,111],[84,111],[83,111],[82,111],[81,111],[80,111],[79,111],[78,111],[77,111],[76,111],[75,110],[74,109],[73,108],[72,107],[71,107],[70,107],[69,107],[68,107],[67,107],[66,107],[65,107],[64,107],[63,107],[62,107],[61,107],[60,107],[59,107],[58,108],[57,108],[56,109],[55,109],[54,109],[53,109],[52,109],[51,109]]","[[51,109],[52,109],[53,109],[54,109],[55,109],[56,109],[57,108],[58,108],[59,107],[60,107],[61,107],[62,107],[63,107],[64,107],[65,107],[66,107],[67,107],[68,107],[69,107],[70,107],[71,107],[72,107],[73,108],[74,109],[75,110],[76,111],[77,111],[78,111],[79,111],[80,111],[81,111],[82,111],[83,111],[84,111],[85,111],[86,111],[87,111],[88,111],[89,111],[90,111],[91,111],[92,111],[93,111],[94,111],[95,111]]","True","STATIC_SCREEN_SUPPORTED_PLUS_ONE_AABB_0.4x0.8_HEADROOM_2;NOT_PLAYER_VERIFIED","82c31034ea601389a257e773caf96fe146abde1b3016018ff3aeae60115f73eb"
"SV5_INFILL_ROOM_016e566fdda939779b86","SV5_OPTIONAL_03","SV5_OPTIONAL_03","[[601,351],[600,351],[599,351]]","[[603,351],[602,351],[601,351]]","[[602,351],[601,351],[600,351]]","3","602,351>603,351|602,352>603,352","[[601,350],[600,350],[599,350],[598,350],[597,350],[596,350],[595,350],[594,350],[593,350],[592,350],[591,350],[590,350],[589,350],[588,350],[587,350]]","[[601,351],[600,351],[599,351],[598,351],[597,351],[596,351],[595,351],[594,351],[593,351],[592,351],[591,351],[590,351],[589,351],[588,351],[587,351]]","[[587,351],[588,351],[589,351],[590,351],[591,351],[592,351],[593,351],[594,351],[595,351],[596,351],[597,351],[598,351],[599,351],[600,351],[601,351]]","True","STATIC_SCREEN_SUPPORTED_PLUS_ONE_AABB_0.4x0.8_HEADROOM_2;NOT_PLAYER_VERIFIED","82c31034ea601389a257e773caf96fe146abde1b3016018ff3aeae60115f73eb"
"SV5_INFILL_ROOM_0172fae7eed3ae487f8f","SV5_OPTIONAL_09","SV5_OPTIONAL_09","[[130,155],[130,156],[131,156],[131,157],[132,157],[132,158],[133,158],[133,159],[134,159],[134,160],[135,160],[135,161],[136,161],[136,162],[137,162],[138,162],[139,162],[140,162],[141,162],[142,162],[143,162],[143,163],[144,163]]","[[128,155],[129,155],[130,155]]","[[129,155],[130,155],[130,156],[131,156],[131,157],[132,157],[132,158],[133,158],[133,159],[134,159],[134,160],[135,160],[135,161],[136,161],[136,162],[137,162],[138,162],[139,162],[140,162],[141,162],[142,162],[143,162],[143,163]]","23","128,155>129,155|128,156>129,156","[[130,154],[131,155],[132,156],[133,157],[134,158],[135,159],[136,160],[137,161],[138,161],[139,161],[140,161],[141,161],[142,161],[143,161],[144,162],[145,162],[146,162],[147,162],[148,162],[149,162],[150,162],[151,162],[152,162],[153,162],[154,162],[155,162],[156,162],[157,162],[158,162],[159,162],[160,162]]","[[130,155],[131,156],[132,157],[133,158],[134,159],[135,160],[136,161],[137,162],[138,162],[139,162],[140,162],[141,162],[142,162],[143,162],[144,163],[145,163],[146,163],[147,163],[148,163],[149,163],[150,163],[151,163],[152,163],[153,163],[154,163],[155,163],[156,163],[157,163],[158,163],[159,163],[160,163]]","[[160,163],[159,163],[158,163],[157,163],[156,163],[155,163],[154,163],[153,163],[152,163],[151,163],[150,163],[149,163],[148,163],[147,163],[146,163],[145,163],[144,163],[143,162],[142,162],[141,162],[140,162],[139,162],[138,162],[137,162],[136,161],[135,160],[134,159],[133,158],[132,157],[131,156],[130,155]]","True","STATIC_SCREEN_SUPPORTED_PLUS_ONE_AABB_0.4x0.8_HEADROOM_2;NOT_PLAYER_VERIFIED","82c31034ea601389a257e773caf96fe146abde1b3016018ff3aeae60115f73eb"
"SV5_INFILL_ROOM_0185002ddaf865f0355b","SV5_INFILL_ROOM_029b432f4140a9c49192","SV5_OPTIONAL_09","[[36,131],[36,132],[35,132],[35,133],[34,133],[34,134],[33,134],[32,134],[31,134],[30,134],[29,134],[28,134],[27,134],[26,134],[25,134],[24,134],[23,134],[22,134],[21,134],[20,134],[20,135],[19,135]]","[]","[[35,132],[35,133],[34,133],[34,134],[33,134],[32,134],[31,134],[30,134],[29,134],[28,134],[27,134],[26,134],[25,134],[24,134],[23,134],[22,134],[21,134],[20,134],[20,135]]","19","35,132>36,132","[[51,130],[50,130],[49,130],[48,130],[47,130],[46,130],[45,130],[44,130],[43,130],[42,130],[41,130],[40,130],[39,130],[38,130],[37,130],[36,130],[35,131],[34,132],[33,133],[32,133],[31,133],[30,133],[29,133],[28,133],[27,133],[26,133],[25,133],[24,133],[23,133],[22,133],[21,133],[20,133],[19,134],[18,134],[17,134],[16,134],[15,134],[14,134],[13,134],[12,134],[11,134],[10,134],[9,134],[8,134],[7,134]]","[[51,131],[50,131],[49,131],[48,131],[47,131],[46,131],[45,131],[44,131],[43,131],[42,131],[41,131],[40,131],[39,131],[38,131],[37,131],[36,131],[35,132],[34,133],[33,134],[32,134],[31,134],[30,134],[29,134],[28,134],[27,134],[26,134],[25,134],[24,134],[23,134],[22,134],[21,134],[20,134],[19,135],[18,135],[17,135],[16,135],[15,135],[14,135],[13,135],[12,135],[11,135],[10,135],[9,135],[8,135],[7,135]]","[[7,135],[8,135],[9,135],[10,135],[11,135],[12,135],[13,135],[14,135],[15,135],[16,135],[17,135],[18,135],[19,135],[20,134],[21,134],[22,134],[23,134],[24,134],[25,134],[26,134],[27,134],[28,134],[29,134],[30,134],[31,134],[32,134],[33,134],[34,133],[35,132],[36,131],[37,131],[38,131],[39,131],[40,131],[41,131],[42,131],[43,131],[44,131],[45,131],[46,131],[47,131],[48,131],[49,131],[50,131],[51,131]]","True","STATIC_SCREEN_SUPPORTED_PLUS_ONE_AABB_0.4x0.8_HEADROOM_2;NOT_PLAYER_VERIFIED","82c31034ea601389a257e773caf96fe146abde1b3016018ff3aeae60115f73eb"
"SV5_INFILL_ROOM_0186b28fa0b2a39be20e","SV5_OPTIONAL_00","SV5_OPTIONAL_00","[[382,387],[382,388],[381,388],[381,389],[380,389],[380,390],[379,390],[378,390],[377,390],[376,390],[376,391],[375,391]]","[[384,387],[383,387],[382,387]]","[[383,387],[382,387],[382,388],[381,388],[381,389],[380,389],[380,390],[379,390],[378,390],[377,390],[376,390],[376,391]]","12","383,387>384,387|383,388>384,388","[[382,386],[381,387],[380,388],[379,389],[378,389],[377,389],[376,389],[375,390],[374,390],[373,390],[372,390],[371,390],[370,390],[369,390],[368,390],[367,390],[366,390],[365,390],[364,390],[363,390],[362,390],[361,390],[360,390],[359,390]]","[[382,387],[381,388],[380,389],[379,390],[378,390],[377,390],[376,390],[375,391],[374,391],[373,391],[372,391],[371,391],[370,391],[369,391],[368,391],[367,391],[366,391],[365,391],[364,391],[363,391],[362,391],[361,391],[360,391],[359,391]]","[[359,391],[360,391],[361,391],[362,391],[363,391],[364,391],[365,391],[366,391],[367,391],[368,391],[369,391],[370,391],[371,391],[372,391],[373,391],[374,391],[375,391],[376,390],[377,390],[378,390],[379,390],[380,389],[381,388],[382,387]]","True","STATIC_SCREEN_SUPPORTED_PLUS_ONE_AABB_0.4x0.8_HEADROOM_2;NOT_PLAYER_VERIFIED","82c31034ea601389a257e773caf96fe146abde1b3016018ff3aeae60115f73eb"
"SV5_INFILL_ROOM_018d9ff4029f4f7783b0","SV5_INFILL_ROOM_00679c9fe501a9fe506a","SV5_OPTIONAL_04","[[444,103],[444,104],[443,104],[443,105],[442,105],[442,106],[441,106],[440,106],[439,106],[438,106],[437,106],[436,106],[436,107],[435,107]]","[]","[[443,104],[443,105],[442,105],[442,106],[441,106],[440,106],[439,106],[438,106],[437,106],[436,106],[436,107]]","11","443,104>444,104","[[459,102],[458,102],[457,102],[456,102],[455,102],[454,102],[453,102],[452,102],[451,102],[450,102],[449,102],[448,102],[447,102],[446,102],[445,102],[444,102],[443,103],[442,104],[441,105],[440,105],[439,105],[438,105],[437,105],[436,105],[435,106],[434,106],[433,106],[432,106],[431,106],[430,106],[429,106],[428,106],[427,106],[426,106],[425,106],[424,106],[423,106]]","[[459,103],[458,103],[457,103],[456,103],[455,103],[454,103],[453,103],[452,103],[451,103],[450,103],[449,103],[448,103],[447,103],[446,103],[445,103],[444,103],[443,104],[442,105],[441,106],[440,106],[439,106],[438,106],[437,106],[436,106],[435,107],[434,107],[433,107],[432,107],[431,107],[430,107],[429,107],[428,107],[427,107],[426,107],[425,107],[424,107],[423,107]]","[[423,107],[424,107],[425,107],[426,107],[427,107],[428,107],[429,107],[430,107],[431,107],[432,107],[433,107],[434,107],[435,107],[436,106],[437,106],[438,106],[439,106],[440,106],[441,106],[442,105],[443,104],[444,103],[445,103],[446,103],[447,103],[448,103],[449,103],[450,103],[451,103],[452,103],[453,103],[454,103],[455,103],[456,103],[457,103],[458,103],[459,103]]","True","STATIC_SCREEN_SUPPORTED_PLUS_ONE_AABB_0.4x0.8_HEADROOM_2;NOT_PLAYER_VERIFIED","82c31034ea601389a257e773caf96fe146abde1b3016018ff3aeae60115f73eb"
"SV5_INFILL_ROOM_018ed3e9158d726fe3ab","SV5_INFILL_ROOM_01492d75910c4c5fcc30","SV5_OPTIONAL_12","[[212,395],[211,395],[211,394],[210,394],[210,393],[209,393],[209,392],[208,392],[208,391],[207,391],[206,391],[205,391],[204,391],[203,391],[202,391],[201,391],[200,391],[199,391],[198,391],[197,391],[196,391],[195,391]]","[]","[[211,395],[211,394],[210,394],[210,393],[209,393],[209,392],[208,392],[208,391],[207,391],[206,391],[205,391],[204,391],[203,391],[202,391],[201,391],[200,391],[199,391],[198,391],[197,391],[196,391]]","20","211,395>212,395","[[227,394],[226,394],[225,394],[224,394],[223,394],[222,394],[221,394],[220,394],[219,394],[218,394],[217,394],[216,394],[215,394],[214,394],[213,394],[212,394],[211,393],[210,392],[209,391],[208,390],[207,390],[206,390],[205,390],[204,390],[203,390],[202,390],[201,390],[200,390],[199,390],[198,390],[197,390],[196,390],[195,390],[194,390],[193,390],[192,390],[191,390],[190,391],[189,391],[188,392],[187,392],[186,392],[185,392],[184,392],[183,392]]","[[227,395],[226,395],[225,395],[224,395],[223,395],[222,395],[221,395],[220,395],[219,395],[218,395],[217,395],[216,395],[215,395],[214,395],[213,395],[212,395],[211,394],[210,393],[209,392],[208,391],[207,391],[206,391],[205,391],[204,391],[203,391],[202,391],[201,391],[200,391],[199,391],[198,391],[197,391],[196,391],[195,391],[194,391],[193,391],[192,391],[191,391],[190,392],[189,392],[188,393],[187,393],[186,393],[185,393],[184,393],[183,393]]","[[183,393],[184,393],[185,393],[186,393],[187,393],[188,393],[189,392],[190,392],[191,391],[192,391],[193,391],[194,391],[195,391],[196,391],[197,391],[198,391],[199,391],[200,391],[201,391],[202,391],[203,391],[204,391],[205,391],[206,391],[207,391],[208,391],[209,392],[210,393],[211,394],[212,395],[213,395],[214,395],[215,395],[216,395],[217,395],[218,395],[219,395],[220,395],[221,395],[222,395],[223,395],[224,395],[225,395],[226,395],[227,395]]","True","STATIC_SCREEN_SUPPORTED_PLUS_ONE_AABB_0.4x0.8_HEADROOM_2;NOT_PLAYER_VERIFIED","82c31034ea601389a257e773caf96fe146abde1b3016018ff3aeae60115f73eb"
"SV5_INFILL_ROOM_0190d41e154eefdb6547","SV5_INFILL_ROOM_010b8263d27bde49eb3b","SV5_OPTIONAL_01","[[316,371],[315,371],[315,370],[314,370],[314,369],[313,369],[313,368],[312,368],[312,367],[311,367],[310,367],[309,367],[308,367],[307,367],[306,367],[305,367],[304,367],[303,367]]","[]","[[315,371],[315,370],[314,370],[314,369],[313,369],[313,368],[312,368],[312,367],[311,367],[310,367],[309,367],[308,367],[307,367],[306,367],[305,367],[304,367]]","16","315,371>316,371","[[335,370],[334,370],[333,370],[332,370],[331,370],[330,370],[329,370],[328,370],[327,370],[326,370],[325,370],[324,370],[323,370],[322,370],[321,370],[320,370],[319,370],[318,370],[317,370],[316,370],[315,369],[314,368],[313,367],[312,366],[311,366],[310,366],[309,366],[308,366],[307,366],[306,366],[305,366],[304,366],[303,366],[302,366],[301,366],[300,366],[299,366],[298,367],[297,367],[296,368],[295,368],[294,368],[293,368],[292,368],[291,368]]","[[335,371],[334,371],[333,371],[332,371],[331,371],[330,371],[329,371],[328,371],[327,371],[326,371],[325,371],[324,371],[323,371],[322,371],[321,371],[320,371],[319,371],[318,371],[317,371],[316,371],[315,370],[314,369],[313,368],[312,367],[311,367],[310,367],[309,367],[308,367],[307,367],[306,367],[305,367],[304,367],[303,367],[302,367],[301,367],[300,367],[299,367],[298,368],[297,368],[296,369],[295,369],[294,369],[293,369],[292,369],[291,369]]","[[291,369],[292,369],[293,369],[294,369],[295,369],[296,369],[297,368],[298,368],[299,367],[300,367],[301,367],[302,367],[303,367],[304,367],[305,367],[306,367],[307,367],[308,367],[309,367],[310,367],[311,367],[312,367],[313,368],[314,369],[315,370],[316,371],[317,371],[318,371],[319,371],[320,371],[321,371],[322,371],[323,371],[324,371],[325,371],[326,371],[327,371],[328,371],[329,371],[330,371],[331,371],[332,371],[333,371],[334,371],[335,371]]","True","STATIC_SCREEN_SUPPORTED_PLUS_ONE_AABB_0.4x0.8_HEADROOM_2;NOT_PLAYER_VERIFIED","82c31034ea601389a257e773caf96fe146abde1b3016018ff3aeae60115f73eb"
"SV5_INFILL_ROOM_019f7dfb6c5038fd6bbb","SV5_OPTIONAL_06","SV5_OPTIONAL_06","[[221,11],[220,11],[219,11],[218,11],[217,11],[216,11],[215,11],[214,11],[213,11],[212,11],[211,11],[210,11],[209,11],[208,11],[207,11],[206,11],[205,11],[204,11],[203,11],[202,11],[201,11],[200,11],[199,11]]","[[221,12],[221,11]]","[[221,12],[221,11],[220,11],[219,11],[218,11],[217,11],[216,11],[215,11],[214,11],[213,11],[212,11],[211,11],[210,11],[209,11],[208,11],[207,11],[206,11],[205,11],[204,11],[203,11],[202,11],[201,11],[200,11]]","23","221,11>221,12|220,12>221,12|221,12>222,12|220,11>220,12|220,12>221,12|220,12>220,13|219,12>220,12","[[221,10],[220,10],[219,10],[218,10],[217,10],[216,10],[215,10],[214,10],[213,10],[212,10],[211,10],[210,10],[209,10],[208,10],[207,10],[206,10],[205,10],[204,10],[203,10],[202,10],[201,10],[200,10],[199,10],[198,10],[197,10],[196,10],[195,10],[194,10],[193,10],[192,10],[191,10],[190,10],[189,10],[188,10],[187,10]]","[[221,11],[220,11],[219,11],[218,11],[217,11],[216,11],[215,11],[214,11],[213,11],[212,11],[211,11],[210,11],[209,11],[208,11],[207,11],[206,11],[205,11],[204,11],[203,11],[202,11],[201,11],[200,11],[199,11],[198,11],[197,11],[196,11],[195,11],[194,11],[193,11],[192,11],[191,11],[190,11],[189,11],[188,11],[187,11]]","[[187,11],[188,11],[189,11],[190,11],[191,11],[192,11],[193,11],[194,11],[195,11],[196,11],[197,11],[198,11],[199,11],[200,11],[201,11],[202,11],[203,11],[204,11],[205,11],[206,11],[207,11],[208,11],[209,11],[210,11],[211,11],[212,11],[213,11],[214,11],[215,11],[216,11],[217,11],[218,11],[219,11],[220,11],[221,11]]","True","STATIC_SCREEN_SUPPORTED_PLUS_ONE_AABB_0.4x0.8_HEADROOM_2;NOT_PLAYER_VERIFIED","82c31034ea601389a257e773caf96fe146abde1b3016018ff3aeae60115f73eb"
"SV5_INFILL_ROOM_01ab4f357f1a1a51e05d","SV5_OPTIONAL_06","SV5_OPTIONAL_06","[[222,23],[223,23],[224,23]]","[[220,23],[221,23],[222,23]]","[[221,23],[222,23],[223,23]]","3","220,23>221,23|220,24>221,24","[[222,22],[223,22],[224,22],[225,22],[226,22],[227,22],[228,22],[229,22],[230,22],[231,22],[232,22],[233,22],[234,22],[235,22],[236,22]]","[[222,23],[223,23],[224,23],[225,23],[226,23],[227,23],[228,23],[229,23],[230,23],[231,23],[232,23],[233,23],[234,23],[235,23],[236,23]]","[[236,23],[235,23],[234,23],[233,23],[232,23],[231,23],[230,23],[229,23],[228,23],[227,23],[226,23],[225,23],[224,23],[223,23],[222,23]]","True","STATIC_SCREEN_SUPPORTED_PLUS_ONE_AABB_0.4x0.8_HEADROOM_2;NOT_PLAYER_VERIFIED","82c31034ea601389a257e773caf96fe146abde1b3016018ff3aeae60115f73eb"
"SV5_INFILL_ROOM_01bcc46b717772455d33","SV5_OPTIONAL_04","SV5_OPTIONAL_04","[[619,207],[618,207],[618,206],[617,206],[617,205],[616,205],[616,204],[615,204],[615,203],[614,203],[614,202],[613,202],[613,201],[612,201],[612,200],[611,200],[611,199],[610,199],[610,198],[609,198],[609,197],[608,197],[608,196],[607,196],[607,195]]","[[619,208],[619,207]]","[[619,208],[619,207],[618,207],[618,206],[617,206],[617,205],[616,205],[616,204],[615,204],[615,203],[614,203],[614,202],[613,202],[613,201],[612,201],[612,200],[611,200],[611,199],[610,199],[610,198],[609,198],[609,197],[608,197],[608,196]]","24","619,207>619,208|618,208>619,208|619,208>620,208|618,207>618,208","[[619,206],[618,205],[617,204],[616,203],[615,202],[614,201],[613,200],[612,199],[611,198],[610,197],[609,196],[608,195],[607,194],[606,194],[605,194],[604,194],[603,194],[602,194],[601,194],[600,194],[599,194],[598,194],[597,194],[596,194],[595,194]]","[[619,207],[618,206],[617,205],[616,204],[615,203],[614,202],[613,201],[612,200],[611,199],[610,198],[609,197],[608,196],[607,195],[606,195],[605,195],[604,195],[603,195],[602,195],[601,195],[600,195],[599,195],[598,195],[597,195],[596,195],[595,195]]","[[595,195],[596,195],[597,195],[598,195],[599,195],[600,195],[601,195],[602,195],[603,195],[604,195],[605,195],[606,195],[607,195],[608,196],[609,197],[610,198],[611,199],[612,200],[613,201],[614,202],[615,203],[616,204],[617,205],[618,206],[619,207]]","True","STATIC_SCREEN_SUPPORTED_PLUS_ONE_AABB_0.4x0.8_HEADROOM_2;NOT_PLAYER_VERIFIED","82c31034ea601389a257e773caf96fe146abde1b3016018ff3aeae60115f73eb"
"SV5_INFILL_ROOM_01ca61b13471c905122c","SV5_INFILL_ROOM_0190d41e154eefdb6547","SV5_OPTIONAL_01","[[288,369],[288,370],[287,370],[287,371],[286,371],[286,372],[285,372],[285,373],[284,373],[284,374],[283,374],[282,374],[281,374],[280,374],[280,375],[279,375]]","[]","[[287,370],[287,371],[286,371],[286,372],[285,372],[285,373],[284,373],[284,374],[283,374],[282,374],[281,374],[280,374],[280,375]]","13","287,370>288,370","[[303,366],[302,366],[301,366],[300,366],[299,366],[298,367],[297,367],[296,368],[295,368],[294,368],[293,368],[292,368],[291,368],[290,368],[289,368],[288,368],[287,369],[286,370],[285,371],[284,372],[283,373],[282,373],[281,373],[280,373],[279,374],[278,374],[277,374],[276,374],[275,374],[274,375],[273,375],[272,376],[271,376],[270,376],[269,376],[268,376],[267,376]]","[[303,367],[302,367],[301,367],[300,367],[299,367],[298,368],[297,368],[296,369],[295,369],[294,369],[293,369],[292,369],[291,369],[290,369],[289,369],[288,369],[287,370],[286,371],[285,372],[284,373],[283,374],[282,374],[281,374],[280,374],[279,375],[278,375],[277,375],[276,375],[275,375],[274,376],[273,376],[272,377],[271,377],[270,377],[269,377],[268,377],[267,377]]","[[267,377],[268,377],[269,377],[270,377],[271,377],[272,377],[273,376],[274,376],[275,375],[276,375],[277,375],[278,375],[279,375],[280,374],[281,374],[282,374],[283,374],[284,373],[285,372],[286,371],[287,370],[288,369],[289,369],[290,369],[291,369],[292,369],[293,369],[294,369],[295,369],[296,369],[297,368],[298,368],[299,367],[300,367],[301,367],[302,367],[303,367]]","True","STATIC_SCREEN_SUPPORTED_PLUS_ONE_AABB_0.4x0.8_HEADROOM_2;NOT_PLAYER_VERIFIED","82c31034ea601389a257e773caf96fe146abde1b3016018ff3aeae60115f73eb"
"SV5_INFILL_ROOM_01d0bc2f676c3532c7ce","SV5_OPTIONAL_14","SV5_OPTIONAL_14","[[61,283],[60,283],[60,282],[59,282],[59,281],[58,281],[58,280],[57,280],[57,279],[56,279],[55,279],[54,279],[53,279],[52,279],[51,279],[50,279],[49,279],[48,279],[47,279],[46,279],[45,279],[44,279],[43,279]]","[[61,284],[61,283]]","[[61,284],[61,283],[60,283],[60,282],[59,282],[59,281],[58,281],[58,280],[57,280],[57,279],[56,279],[55,279],[54,279],[53,279],[52,279],[51,279],[50,279],[49,279],[48,279],[47,279],[46,279],[45,279],[44,279]]","23","61,283>61,284|60,284>61,284|61,284>62,284|60,283>60,284","[[61,282],[60,281],[59,280],[58,279],[57,278],[56,278],[55,278],[54,278],[53,278],[52,278],[51,278],[50,278],[49,278],[48,278],[47,278],[46,278],[45,278],[44,278],[43,278],[42,278],[41,278],[40,278],[39,278],[38,278],[37,278],[36,278],[35,278],[34,278],[33,278],[32,278],[31,278]]","[[61,283],[60,282],[59,281],[58,280],[57,279],[56,279],[55,279],[54,279],[53,279],[52,279],[51,279],[50,279],[49,279],[48,279],[47,279],[46,279],[45,279],[44,279],[43,279],[42,279],[41,279],[40,279],[39,279],[38,279],[37,279],[36,279],[35,279],[34,279],[33,279],[32,279],[31,279]]","[[31,279],[32,279],[33,279],[34,279],[35,279],[36,279],[37,279],[38,279],[39,279],[40,279],[41,279],[42,279],[43,279],[44,279],[45,279],[46,279],[47,279],[48,279],[49,279],[50,279],[51,279],[52,279],[53,279],[54,279],[55,279],[56,279],[57,279],[58,280],[59,281],[60,282],[61,283]]","True","STATIC_SCREEN_SUPPORTED_PLUS_ONE_AABB_0.4x0.8_HEADROOM_2;NOT_PLAYER_VERIFIED","82c31034ea601389a257e773caf96fe146abde1b3016018ff3aeae60115f73eb"
"SV5_INFILL_ROOM_01d7ff7bb18fc9fc6231","SV5_INFILL_ROOM_00e5c1799c48f53348c3","SV5_OPTIONAL_04","[[536,91],[535,91],[535,90],[534,90],[534,89],[533,89],[533,88],[532,88],[532,87],[531,87],[531,86],[530,86],[530,85],[529,85],[529,84],[528,84],[528,83],[527,83],[527,82],[526,82],[526,81],[525,81],[525,80],[524,80],[524,79],[523,79]]","[]","[[535,91],[535,90],[534,90],[534,89],[533,89],[533,88],[532,88],[532,87],[531,87],[531,86],[530,86],[530,85],[529,85],[529,84],[528,84],[528,83],[527,83],[527,82],[526,82],[526,81],[525,81],[525,80],[524,80],[524,79]]","24","535,91>536,91","[[551,90],[550,90],[549,90],[548,90],[547,90],[546,90],[545,90],[544,90],[543,90],[542,90],[541,90],[540,90],[539,90],[538,90],[537,90],[536,90],[535,89],[534,88],[533,87],[532,86],[531,85],[530,84],[529,83],[528,82],[527,81],[526,80],[525,79],[524,78],[523,78],[522,78],[521,78],[520,78],[519,78],[518,78],[517,78],[516,78],[515,78],[514,78],[513,78],[512,78],[511,78]]","[[551,91],[550,91],[549,91],[548,91],[547,91],[546,91],[545,91],[544,91],[543,91],[542,91],[541,91],[540,91],[539,91],[538,91],[537,91],[536,91],[535,90],[534,89],[533,88],[532,87],[531,86],[530,85],[529,84],[528,83],[527,82],[526,81],[525,80],[524,79],[523,79],[522,79],[521,79],[520,79],[519,79],[518,79],[517,79],[516,79],[515,79],[514,79],[513,79],[512,79],[511,79]]","[[511,79],[512,79],[513,79],[514,79],[515,79],[516,79],[517,79],[518,79],[519,79],[520,79],[521,79],[522,79],[523,79],[524,79],[525,80],[526,81],[527,82],[528,83],[529,84],[530,85],[531,86],[532,87],[533,88],[534,89],[535,90],[536,91],[537,91],[538,91],[539,91],[540,91],[541,91],[542,91],[543,91],[544,91],[545,91],[546,91],[547,91],[548,91],[549,91],[550,91],[551,91]]","True","STATIC_SCREEN_SUPPORTED_PLUS_ONE_AABB_0.4x0.8_HEADROOM_2;NOT_PLAYER_VERIFIED","82c31034ea601389a257e773caf96fe146abde1b3016018ff3aeae60115f73eb"
"SV5_INFILL_ROOM_01e0520d3ec47d7e1bbf","SV5_INFILL_ROOM_040e3874815fd7672a9f","SV5_OPTIONAL_04","[[599,127],[599,128],[600,128],[600,129],[601,129],[601,130],[602,130],[603,130],[603,131],[604,131]]","[]","[[600,128],[600,129],[601,129],[601,130],[602,130],[603,130],[603,131]]","7","599,128>600,128","[[580,126],[581,126],[582,126],[583,126],[584,126],[585,126],[586,126],[587,126],[588,126],[589,126],[590,126],[591,126],[592,126],[593,126],[594,126],[595,126],[596,126],[597,126],[598,126],[599,126],[600,127],[601,128],[602,129],[603,129],[604,130],[605,130],[606,130],[607,130],[608,130],[609,130],[610,130],[611,130],[612,130],[613,130],[614,130],[615,130],[616,130]]","[[580,127],[581,127],[582,127],[583,127],[584,127],[585,127],[586,127],[587,127],[588,127],[589,127],[590,127],[591,127],[592,127],[593,127],[594,127],[595,127],[596,127],[597,127],[598,127],[599,127],[600,128],[601,129],[602,130],[603,130],[604,131],[605,131],[606,131],[607,131],[608,131],[609,131],[610,131],[611,131],[612,131],[613,131],[614,131],[615,131],[616,131]]","[[616,131],[615,131],[614,131],[613,131],[612,131],[611,131],[610,131],[609,131],[608,131],[607,131],[606,131],[605,131],[604,131],[603,130],[602,130],[601,129],[600,128],[599,127],[598,127],[597,127],[596,127],[595,127],[594,127],[593,127],[592,127],[591,127],[590,127],[589,127],[588,127],[587,127],[586,127],[585,127],[584,127],[583,127],[582,127],[581,127],[580,127]]","True","STATIC_SCREEN_SUPPORTED_PLUS_ONE_AABB_0.4x0.8_HEADROOM_2;NOT_PLAYER_VERIFIED","82c31034ea601389a257e773caf96fe146abde1b3016018ff3aeae60115f73eb"
"SV5_INFILL_ROOM_01ed7b7c5925bf37dc1e","SV5_INFILL_ROOM_04258432ab0f33139931","SV5_OPTIONAL_12","[[212,363],[211,363],[211,362],[210,362],[210,361],[209,361],[209,360],[208,360],[208,359],[207,359],[206,359],[205,359],[204,359],[203,359],[202,359],[201,359],[200,359],[199,359],[198,359],[197,359],[196,359],[195,359]]","[]","[[211,363],[211,362],[210,362],[210,361],[209,361],[209,360],[208,360],[208,359],[207,359],[206,359],[205,359],[204,359],[203,359],[202,359],[201,359],[200,359],[199,359],[198,359],[197,359],[196,359]]","20","211,363>212,363","[[231,362],[230,362],[229,362],[228,362],[227,362],[226,362],[225,362],[224,362],[223,362],[222,362],[221,362],[220,362],[219,362],[218,362],[217,362],[216,362],[215,362],[214,362],[213,362],[212,362],[211,361],[210,360],[209,359],[208,358],[207,358],[206,358],[205,358],[204,358],[203,358],[202,358],[201,358],[200,358],[199,358],[198,358],[197,358],[196,358],[195,358],[194,358],[193,358],[192,358],[191,358],[190,359],[189,359],[188,360],[187,360],[186,360],[185,360],[184,360],[183,360]]","[[231,363],[230,363],[229,363],[228,363],[227,363],[226,363],[225,363],[224,363],[223,363],[222,363],[221,363],[220,363],[219,363],[218,363],[217,363],[216,363],[215,363],[214,363],[213,363],[212,363],[211,362],[210,361],[209,360],[208,359],[207,359],[206,359],[205,359],[204,359],[203,359],[202,359],[201,359],[200,359],[199,359],[198,359],[197,359],[196,359],[195,359],[194,359],[193,359],[192,359],[191,359],[190,360],[189,360],[188,361],[187,361],[186,361],[185,361],[184,361],[183,361]]","[[183,361],[184,361],[185,361],[186,361],[187,361],[188,361],[189,360],[190,360],[191,359],[192,359],[193,359],[194,359],[195,359],[196,359],[197,359],[198,359],[199,359],[200,359],[201,359],[202,359],[203,359],[204,359],[205,359],[206,359],[207,359],[208,359],[209,360],[210,361],[211,362],[212,363],[213,363],[214,363],[215,363],[216,363],[217,363],[218,363],[219,363],[220,363],[221,363],[222,363],[223,363],[224,363],[225,363],[226,363],[227,363],[228,363],[229,363],[230,363],[231,363]]","True","STATIC_SCREEN_SUPPORTED_PLUS_ONE_AABB_0.4x0.8_HEADROOM_2;NOT_PLAYER_VERIFIED","82c31034ea601389a257e773caf96fe146abde1b3016018ff3aeae60115f73eb"
"SV5_INFILL_ROOM_01f011ced317448a2ef6","SV5_INFILL_ROOM_02a4c664ee4847b5421f","SV5_OPTIONAL_09","[[203,127],[203,128],[204,128],[204,129],[205,129],[205,130],[206,130],[207,130],[208,130],[209,130],[210,130],[211,130],[212,130],[213,130],[214,130],[215,130],[216,130],[217,130],[218,130],[219,130],[219,131],[220,131]]","[]","[[204,128],[204,129],[205,129],[205,130],[206,130],[207,130],[208,130],[209,130],[210,130],[211,130],[212,130],[213,130],[214,130],[215,130],[216,130],[217,130],[218,130],[219,130],[219,131]]","19","203,128>204,128","[[184,126],[185,126],[186,126],[187,126],[188,126],[189,126],[190,126],[191,126],[192,126],[193,126],[194,126],[195,126],[196,126],[197,126],[198,126],[199,126],[200,126],[201,126],[202,126],[203,126],[204,127],[205,128],[206,129],[207,129],[208,129],[209,129],[210,129],[211,129],[212,129],[213,129],[214,129],[215,129],[216,129],[217,129],[218,129],[219,129],[220,130],[221,130],[222,130],[223,130],[224,130],[225,130],[226,130],[227,130],[228,130],[229,130],[230,130],[231,130],[232,130]]","[[184,127],[185,127],[186,127],[187,127],[188,127],[189,127],[190,127],[191,127],[192,127],[193,127],[194,127],[195,127],[196,127],[197,127],[198,127],[199,127],[200,127],[201,127],[202,127],[203,127],[204,128],[205,129],[206,130],[207,130],[208,130],[209,130],[210,130],[211,130],[212,130],[213,130],[214,130],[215,130],[216,130],[217,130],[218,130],[219,130],[220,131],[221,131],[222,131],[223,131],[224,131],[225,131],[226,131],[227,131],[228,131],[229,131],[230,131],[231,131],[232,131]]","[[232,131],[231,131],[230,131],[229,131],[228,131],[227,131],[226,131],[225,131],[224,131],[223,131],[222,131],[221,131],[220,131],[219,130],[218,130],[217,130],[216,130],[215,130],[214,130],[213,130],[212,130],[211,130],[210,130],[209,130],[208,130],[207,130],[206,130],[205,129],[204,128],[203,127],[202,127],[201,127],[200,127],[199,127],[198,127],[197,127],[196,127],[195,127],[194,127],[193,127],[192,127],[191,127],[190,127],[189,127],[188,127],[187,127],[186,127],[185,127],[184,127]]","True","STATIC_SCREEN_SUPPORTED_PLUS_ONE_AABB_0.4x0.8_HEADROOM_2;NOT_PLAYER_VERIFIED","82c31034ea601389a257e773caf96fe146abde1b3016018ff3aeae60115f73eb"
"SV5_INFILL_ROOM_01f0cdc1039548013f6c","SV5_INFILL_ROOM_0a6db9b614a8ee46ddda","SV5_OPTIONAL_06","[[64,11],[63,11],[62,11],[61,11],[60,11],[59,11],[58,11],[57,11],[56,11],[55,11],[54,11],[53,11],[52,11],[51,11],[50,11],[49,11],[48,11],[47,11],[46,11],[45,11],[44,11],[43,11]]","[]","[[63,11],[62,11],[61,11],[60,11],[59,11],[58,11],[57,11],[56,11],[55,11],[54,11],[53,11],[52,11],[51,11],[50,11],[49,11],[48,11],[47,11],[46,11],[45,11],[44,11]]","20","63,11>64,11|63,12>64,12","[[79,10],[78,10],[77,10],[76,10],[75,10],[74,10],[73,10],[72,10],[71,10],[70,10],[69,10],[68,10],[67,10],[66,10],[65,10],[64,10],[63,10],[62,10],[61,10],[60,10],[59,10],[58,10],[57,10],[56,10],[55,10],[54,10],[53,10],[52,10],[51,10],[50,10],[49,10],[48,10],[47,10],[46,10],[45,10],[44,10],[43,10],[42,10],[41,10],[40,10],[39,10],[38,10],[37,10],[36,10],[35,10],[34,10],[33,10],[32,10],[31,10]]","[[79,11],[78,11],[77,11],[76,11],[75,11],[74,11],[73,11],[72,11],[71,11],[70,11],[69,11],[68,11],[67,11],[66,11],[65,11],[64,11],[63,11],[62,11],[61,11],[60,11],[59,11],[58,11],[57,11],[56,11],[55,11],[54,11],[53,11],[52,11],[51,11],[50,11],[49,11],[48,11],[47,11],[46,11],[45,11],[44,11],[43,11],[42,11],[41,11],[40,11],[39,11],[38,11],[37,11],[36,11],[35,11],[34,11],[33,11],[32,11],[31,11]]","[[31,11],[32,11],[33,11],[34,11],[35,11],[36,11],[37,11],[38,11],[39,11],[40,11],[41,11],[42,11],[43,11],[44,11],[45,11],[46,11],[47,11],[48,11],[49,11],[50,11],[51,11],[52,11],[53,11],[54,11],[55,11],[56,11],[57,11],[58,11],[59,11],[60,11],[61,11],[62,11],[63,11],[64,11],[65,11],[66,11],[67,11],[68,11],[69,11],[70,11],[71,11],[72,11],[73,11],[74,11],[75,11],[76,11],[77,11],[78,11],[79,11]]","True","STATIC_SCREEN_SUPPORTED_PLUS_ONE_AABB_0.4x0.8_HEADROOM_2;NOT_PLAYER_VERIFIED","82c31034ea601389a257e773caf96fe146abde1b3016018ff3aeae60115f73eb"
"SV5_INFILL_ROOM_01f37ec13c67cfe52b6c","SV5_INFILL_ROOM_01069c007d0c5078e6c2","SV5_OPTIONAL_02","[[484,347],[484,348],[483,348],[483,349],[482,349],[482,350],[481,350],[480,350],[479,350],[478,350],[477,350],[476,350],[475,350],[474,350],[473,350],[472,350],[471,350],[470,350],[469,350],[468,350],[468,351],[467,351]]","[]","[[483,348],[483,349],[482,349],[482,350],[481,350],[480,350],[479,350],[478,350],[477,350],[476,350],[475,350],[474,350],[473,350],[472,350],[471,350],[470,350],[469,350],[468,350],[468,351]]","19","483,348>484,348","[[503,346],[502,346],[501,346],[500,346],[499,346],[498,346],[497,346],[496,346],[495,346],[494,346],[493,346],[492,346],[491,346],[490,346],[489,346],[488,346],[487,346],[486,346],[485,346],[484,346],[483,347],[482,348],[481,349],[480,349],[479,349],[478,349],[477,349],[476,349],[475,349],[474,349],[473,349],[472,349],[471,349],[470,349],[469,349],[468,349],[467,350],[466,350],[465,350],[464,350],[463,350],[462,350],[461,350],[460,350],[459,350],[458,350],[457,350],[456,350],[455,350],[454,350],[453,350],[452,350],[451,350]]","[[503,347],[502,347],[501,347],[500,347],[499,347],[498,347],[497,347],[496,347],[495,347],[494,347],[493,347],[492,347],[491,347],[490,347],[489,347],[488,347],[487,347],[486,347],[485,347],[484,347],[483,348],[482,349],[481,350],[480,350],[479,350],[478,350],[477,350],[476,350],[475,350],[474,350],[473,350],[472,350],[471,350],[470,350],[469,350],[468,350],[467,351],[466,351],[465,351],[464,351],[463,351],[462,351],[461,351],[460,351],[459,351],[458,351],[457,351],[456,351],[455,351],[454,351],[453,351],[452,351],[451,351]]","[[451,351],[452,351],[453,351],[454,351],[455,351],[456,351],[457,351],[458,351],[459,351],[460,351],[461,351],[462,351],[463,351],[464,351],[465,351],[466,351],[467,351],[468,350],[469,350],[470,350],[471,350],[472,350],[473,350],[474,350],[475,350],[476,350],[477,350],[478,350],[479,350],[480,350],[481,350],[482,349],[483,348],[484,347],[485,347],[486,347],[487,347],[488,347],[489,347],[490,347],[491,347],[492,347],[493,347],[494,347],[495,347],[496,347],[497,347],[498,347],[499,347],[500,347],[501,347],[502,347],[503,347]]","True","STATIC_SCREEN_SUPPORTED_PLUS_ONE_AABB_0.4x0.8_HEADROOM_2;NOT_PLAYER_VERIFIED","82c31034ea601389a257e773caf96fe146abde1b3016018ff3aeae60115f73eb"
"SV5_INFILL_ROOM_0211dda6690845617294","SV5_OPTIONAL_06","SV5_OPTIONAL_06","[[218,47],[218,48],[217,48],[217,49],[216,49],[216,50],[215,50],[215,51],[214,51],[214,52],[213,52],[213,53],[212,53],[212,54],[211,54],[210,54],[209,54],[208,54],[207,54],[206,54],[205,54],[204,54],[204,55],[203,55]]","[[220,47],[219,47],[218,47]]","[[219,47],[218,47],[218,48],[217,48],[217,49],[216,49],[216,50],[215,50],[215,51],[214,51],[214,52],[213,52],[213,53],[212,53],[212,54],[211,54],[210,54],[209,54],[208,54],[207,54],[206,54],[205,54],[204,54],[204,55]]","24","219,47>220,47|219,48>220,48","[[218,46],[217,47],[216,48],[215,49],[214,50],[213,51],[212,52],[211,53],[210,53],[209,53],[208,53],[207,53],[206,53],[205,53],[204,53],[203,54],[202,54],[201,54],[200,54],[199,54],[198,54],[197,54],[196,54],[195,54],[194,54],[193,54],[192,54],[191,54]]","[[218,47],[217,48],[216,49],[215,50],[214,51],[213,52],[212,53],[211,54],[210,54],[209,54],[208,54],[207,54],[206,54],[205,54],[204,54],[203,55],[202,55],[201,55],[200,55],[199,55],[198,55],[197,55],[196,55],[195,55],[194,55],[193,55],[192,55],[191,55]]","[[191,55],[192,55],[193,55],[194,55],[195,55],[196,55],[197,55],[198,55],[199,55],[200,55],[201,55],[202,55],[203,55],[204,54],[205,54],[206,54],[207,54],[208,54],[209,54],[210,54],[211,54],[212,53],[213,52],[214,51],[215,50],[216,49],[217,48],[218,47]]","True","STATIC_SCREEN_SUPPORTED_PLUS_ONE_AABB_0.4x0.8_HEADROOM_2;NOT_PLAYER_VERIFIED","82c31034ea601389a257e773caf96fe146abde1b3016018ff3aeae60115f73eb"
"SV5_INFILL_ROOM_021303ac4db4360eed8c","SV5_INFILL_ROOM_0064031756dd2be8210e","SV5_OPTIONAL_01","[[471,395],[472,395],[472,394],[473,394],[473,393],[474,393],[474,392],[475,392],[475,391],[476,391],[477,391],[478,391],[479,391],[480,391],[481,391],[482,391],[483,391],[484,391]]","[]","[[472,395],[472,394],[473,394],[473,393],[474,393],[474,392],[475,392],[475,391],[476,391],[477,391],[478,391],[479,391],[480,391],[481,391],[482,391],[483,391]]","16","471,395>472,395","[[452,394],[453,394],[454,394],[455,394],[456,394],[457,394],[458,394],[459,394],[460,394],[461,394],[462,394],[463,394],[464,394],[465,394],[466,394],[467,394],[468,394],[469,394],[470,394],[471,394],[472,393],[473,392],[474,391],[475,390],[476,390],[477,390],[478,390],[479,390],[480,390],[481,390],[482,390],[483,390],[484,390],[485,390],[486,390],[487,390],[488,390],[489,390],[490,390],[491,390],[492,390],[493,390],[494,390],[495,390],[496,390]]","[[452,395],[453,395],[454,395],[455,395],[456,395],[457,395],[458,395],[459,395],[460,395],[461,395],[462,395],[463,395],[464,395],[465,395],[466,395],[467,395],[468,395],[469,395],[470,395],[471,395],[472,394],[473,393],[474,392],[475,391],[476,391],[477,391],[478,391],[479,391],[480,391],[481,391],[482,391],[483,391],[484,391],[485,391],[486,391],[487,391],[488,391],[489,391],[490,391],[491,391],[492,391],[493,391],[494,391],[495,391],[496,391]]","[[496,391],[495,391],[494,391],[493,391],[492,391],[491,391],[490,391],[489,391],[488,391],[487,391],[486,391],[485,391],[484,391],[483,391],[482,391],[481,391],[480,391],[479,391],[478,391],[477,391],[476,391],[475,391],[474,392],[473,393],[472,394],[471,395],[470,395],[469,395],[468,395],[467,395],[466,395],[465,395],[464,395],[463,395],[462,395],[461,395],[460,395],[459,395],[458,395],[457,395],[456,395],[455,395],[454,395],[453,395],[452,395]]","True","STATIC_SCREEN_SUPPORTED_PLUS_ONE_AABB_0.4x0.8_HEADROOM_2;NOT_PLAYER_VERIFIED","82c31034ea601389a257e773caf96fe146abde1b3016018ff3aeae60115f73eb"
"SV5_INFILL_ROOM_02131663b956c4b63225","SV5_INFILL_ROOM_0024793eb465e7cf43f8","SV5_OPTIONAL_06","[[164,15],[163,15],[163,14],[162,14],[162,13],[161,13],[161,12],[160,12],[160,11],[159,11],[159,10],[158,10],[158,9],[157,9],[157,8],[156,8],[156,7],[155,7]]","[]","[[163,15],[163,14],[162,14],[162,13],[161,13],[161,12],[160,12],[160,11],[159,11],[159,10],[158,10],[158,9],[157,9],[157,8],[156,8],[156,7]]","16","163,15>164,15","[[179,14],[178,14],[177,14],[176,14],[175,14],[174,14],[173,14],[172,14],[171,14],[170,14],[169,14],[168,14],[167,14],[166,14],[165,14],[164,14],[163,13],[162,12],[161,11],[160,10],[159,9],[158,8],[157,7],[156,6],[155,6],[154,6],[153,6],[152,6],[151,6],[150,7],[149,7],[148,8],[147,8],[146,8],[145,8],[144,8],[143,8]]","[[179,15],[178,15],[177,15],[176,15],[175,15],[174,15],[173,15],[172,15],[171,15],[170,15],[169,15],[168,15],[167,15],[166,15],[165,15],[164,15],[163,14],[162,13],[161,12],[160,11],[159,10],[158,9],[157,8],[156,7],[155,7],[154,7],[153,7],[152,7],[151,7],[150,8],[149,8],[148,9],[147,9],[146,9],[145,9],[144,9],[143,9]]","[[143,9],[144,9],[145,9],[146,9],[147,9],[148,9],[149,8],[150,8],[151,7],[152,7],[153,7],[154,7],[155,7],[156,7],[157,8],[158,9],[159,10],[160,11],[161,12],[162,13],[163,14],[164,15],[165,15],[166,15],[167,15],[168,15],[169,15],[170,15],[171,15],[172,15],[173,15],[174,15],[175,15],[176,15],[177,15],[178,15],[179,15]]","True","STATIC_SCREEN_SUPPORTED_PLUS_ONE_AABB_0.4x0.8_HEADROOM_2;NOT_PLAYER_VERIFIED","82c31034ea601389a257e773caf96fe146abde1b3016018ff3aeae60115f73eb"
"SV5_INFILL_ROOM_021416edcede730f39c2","SV5_OPTIONAL_12","SV5_OPTIONAL_12","[[246,347],[247,347],[248,347],[249,347],[250,347],[251,347],[252,347]]","[[244,347],[245,347],[246,347]]","[[245,347],[246,347],[247,347],[248,347],[249,347],[250,347],[251,347]]","7","244,347>245,347|244,348>245,348","[[246,346],[247,346],[248,346],[249,346],[250,346],[251,346],[252,346],[253,346],[254,346],[255,346],[256,346],[257,346],[258,346],[259,346],[260,346],[261,346],[262,346],[263,346],[264,346]]","[[246,347],[247,347],[248,347],[249,347],[250,347],[251,347],[252,347],[253,347],[254,347],[255,347],[256,347],[257,347],[258,347],[259,347],[260,347],[261,347],[262,347],[263,347],[264,347]]","[[264,347],[263,347],[262,347],[261,347],[260,347],[259,347],[258,347],[257,347],[256,347],[255,347],[254,347],[253,347],[252,347],[251,347],[250,347],[249,347],[248,347],[247,347],[246,347]]","True","STATIC_SCREEN_SUPPORTED_PLUS_ONE_AABB_0.4x0.8_HEADROOM_2;NOT_PLAYER_VERIFIED","82c31034ea601389a257e773caf96fe146abde1b3016018ff3aeae60115f73eb"
"SV5_INFILL_ROOM_0223a5d0da8b203d1f30","SV5_INFILL_ROOM_0095f2cd9397d7449301","SV5_OPTIONAL_14","[[219,309],[219,310],[220,310],[221,310],[222,310],[223,310],[223,311],[224,311]]","[]","[[220,310],[221,310],[222,310],[223,310],[223,311]]","5","219,310>220,310","[[204,306],[205,306],[206,306],[207,306],[208,306],[209,307],[210,307],[211,308],[212,308],[213,308],[214,308],[215,308],[216,308],[217,308],[218,308],[219,308],[220,309],[221,309],[222,309],[223,309],[224,310],[225,310],[226,310],[227,310],[228,310],[229,310],[230,310],[231,310],[232,310],[233,310],[234,310],[235,310],[236,310]]","[[204,307],[205,307],[206,307],[207,307],[208,307],[209,308],[210,308],[211,309],[212,309],[213,309],[214,309],[215,309],[216,309],[217,309],[218,309],[219,309],[220,310],[221,310],[222,310],[223,310],[224,311],[225,311],[226,311],[227,311],[228,311],[229,311],[230,311],[231,311],[232,311],[233,311],[234,311],[235,311],[236,311]]","[[236,311],[235,311],[234,311],[233,311],[232,311],[231,311],[230,311],[229,311],[228,311],[227,311],[226,311],[225,311],[224,311],[223,310],[222,310],[221,310],[220,310],[219,309],[218,309],[217,309],[216,309],[215,309],[214,309],[213,309],[212,309],[211,309],[210,308],[209,308],[208,307],[207,307],[206,307],[205,307],[204,307]]","True","STATIC_SCREEN_SUPPORTED_PLUS_ONE_AABB_0.4x0.8_HEADROOM_2;NOT_PLAYER_VERIFIED","82c31034ea601389a257e773caf96fe146abde1b3016018ff3aeae60115f73eb"
"SV5_INFILL_ROOM_0226d4b2d11164e9e339","SV5_OPTIONAL_01","SV5_OPTIONAL_01","[[345,319],[345,320],[344,320],[344,321],[343,321],[343,322],[342,322],[342,323],[341,323],[341,324],[340,324],[340,325],[339,325],[339,326],[338,326],[337,326],[336,326],[336,327],[335,327]]","[[347,319],[346,319],[345,319]]","[[346,319],[345,319],[345,320],[344,320],[344,321],[343,321],[343,322],[342,322],[342,323],[341,323],[341,324],[340,324],[340,325],[339,325],[339,326],[338,326],[337,326],[336,326],[336,327]]","19","346,319>347,319|346,320>347,320","[[345,318],[344,319],[343,320],[342,321],[341,322],[340,323],[339,324],[338,325],[337,325],[336,325],[335,326],[334,326],[333,326],[332,326],[331,326],[330,326],[329,326],[328,326],[327,326],[326,326],[325,326],[324,326],[323,326]]","[[345,319],[344,320],[343,321],[342,322],[341,323],[340,324],[339,325],[338,326],[337,326],[336,326],[335,327],[334,327],[333,327],[332,327],[331,327],[330,327],[329,327],[328,327],[327,327],[326,327],[325,327],[324,327],[323,327]]","[[323,327],[324,327],[325,327],[326,327],[327,327],[328,327],[329,327],[330,327],[331,327],[332,327],[333,327],[334,327],[335,327],[336,326],[337,326],[338,326],[339,325],[340,324],[341,323],[342,322],[343,321],[344,320],[345,319]]","True","STATIC_SCREEN_SUPPORTED_PLUS_ONE_AABB_0.4x0.8_HEADROOM_2;NOT_PLAYER_VERIFIED","82c31034ea601389a257e773caf96fe146abde1b3016018ff3aeae60115f73eb"
"SV5_INFILL_ROOM_0249a8d4b3775d965893","SV5_OPTIONAL_06","SV5_OPTIONAL_06","[[222,79],[223,79],[224,79]]","[[220,79],[221,79],[222,79]]","[[221,79],[222,79],[223,79]]","3","220,79>221,79|220,80>221,80","[[222,78],[223,78],[224,78],[225,78],[226,78],[227,78],[228,78],[229,78],[230,78],[231,78],[232,78],[233,78],[234,78],[235,78],[236,78]]","[[222,79],[223,79],[224,79],[225,79],[226,79],[227,79],[228,79],[229,79],[230,79],[231,79],[232,79],[233,79],[234,79],[235,79],[236,79]]","[[236,79],[235,79],[234,79],[233,79],[232,79],[231,79],[230,79],[229,79],[228,79],[227,79],[226,79],[225,79],[224,79],[223,79],[222,79]]","True","STATIC_SCREEN_SUPPORTED_PLUS_ONE_AABB_0.4x0.8_HEADROOM_2;NOT_PLAYER_VERIFIED","82c31034ea601389a257e773caf96fe146abde1b3016018ff3aeae60115f73eb"
"SV5_INFILL_ROOM_02515634e73d42bbbebe","SV5_INFILL_ROOM_0096ec3a665cb4efc92b","SV5_OPTIONAL_10","[[187,191],[187,192],[188,192],[188,193],[189,193],[189,194],[190,194],[191,194],[192,194],[193,194],[194,194],[195,194],[195,195],[196,195]]","[]","[[188,192],[188,193],[189,193],[189,194],[190,194],[191,194],[192,194],[193,194],[194,194],[195,194],[195,195]]","11","187,192>188,192","[[172,190],[173,190],[174,190],[175,190],[176,190],[177,190],[178,190],[179,190],[180,190],[181,190],[182,190],[183,190],[184,190],[185,190],[186,190],[187,190],[188,191],[189,192],[190,193],[191,193],[192,193],[193,193],[194,193],[195,193],[196,194],[197,194],[198,194],[199,194],[200,194],[201,194],[202,194],[203,194],[204,194],[205,194],[206,194],[207,194],[208,194]]","[[172,191],[173,191],[174,191],[175,191],[176,191],[177,191],[178,191],[179,191],[180,191],[181,191],[182,191],[183,191],[184,191],[185,191],[186,191],[187,191],[188,192],[189,193],[190,194],[191,194],[192,194],[193,194],[194,194],[195,194],[196,195],[197,195],[198,195],[199,195],[200,195],[201,195],[202,195],[203,195],[204,195],[205,195],[206,195],[207,195],[208,195]]","[[208,195],[207,195],[206,195],[205,195],[204,195],[203,195],[202,195],[201,195],[200,195],[199,195],[198,195],[197,195],[196,195],[195,194],[194,194],[193,194],[192,194],[191,194],[190,194],[189,193],[188,192],[187,191],[186,191],[185,191],[184,191],[183,191],[182,191],[181,191],[180,191],[179,191],[178,191],[177,191],[176,191],[175,191],[174,191],[173,191],[172,191]]","True","STATIC_SCREEN_SUPPORTED_PLUS_ONE_AABB_0.4x0.8_HEADROOM_2;NOT_PLAYER_VERIFIED","82c31034ea601389a257e773caf96fe146abde1b3016018ff3aeae60115f73eb"
"SV5_INFILL_ROOM_0266989f5dfc6ff89371","SV5_OPTIONAL_01","SV5_OPTIONAL_01","[[425,379],[426,379],[426,378],[427,378],[427,377],[428,377],[428,376],[429,376],[429,375],[430,375],[431,375],[432,375],[433,375],[434,375],[435,375],[436,375],[437,375],[438,375],[439,375],[440,375],[441,375],[442,375],[443,375],[444,375]]","[[425,380],[425,379]]","[[425,380],[425,379],[426,379],[426,378],[427,378],[427,377],[428,377],[428,376],[429,376],[429,375],[430,375],[431,375],[432,375],[433,375],[434,375],[435,375],[436,375],[437,375],[438,375],[439,375],[440,375],[441,375],[442,375],[443,375]]","24","425,379>425,380|424,380>425,380|425,380>426,380|426,379>426,380","[[425,378],[426,377],[427,376],[428,375],[429,374],[430,374],[431,374],[432,374],[433,374],[434,374],[435,374],[436,374],[437,374],[438,374],[439,374],[440,374],[441,374],[442,374],[443,374],[444,374],[445,374],[446,374],[447,374],[448,374],[449,374],[450,374],[451,374],[452,374],[453,374],[454,374],[455,374],[456,374],[457,374],[458,374],[459,374],[460,374]]","[[425,379],[426,378],[427,377],[428,376],[429,375],[430,375],[431,375],[432,375],[433,375],[434,375],[435,375],[436,375],[437,375],[438,375],[439,375],[440,375],[441,375],[442,375],[443,375],[444,375],[445,375],[446,375],[447,375],[448,375],[449,375],[450,375],[451,375],[452,375],[453,375],[454,375],[455,375],[456,375],[457,375],[458,375],[459,375],[460,375]]","[[460,375],[459,375],[458,375],[457,375],[456,375],[455,375],[454,375],[453,375],[452,375],[451,375],[450,375],[449,375],[448,375],[447,375],[446,375],[445,375],[444,375],[443,375],[442,375],[441,375],[440,375],[439,375],[438,375],[437,375],[436,375],[435,375],[434,375],[433,375],[432,375],[431,375],[430,375],[429,375],[428,376],[427,377],[426,378],[425,379]]","True","STATIC_SCREEN_SUPPORTED_PLUS_ONE_AABB_0.4x0.8_HEADROOM_2;NOT_PLAYER_VERIFIED","82c31034ea601389a257e773caf96fe146abde1b3016018ff3aeae60115f73eb"
"SV5_INFILL_ROOM_026b4248321dee685078","SV5_INFILL_ROOM_00fe6dfb4eef486a889c","SV5_OPTIONAL_04","[[587,93],[587,94],[588,94],[588,95],[589,95],[589,96],[590,96],[590,97],[591,97],[591,98],[592,98],[592,99],[593,99],[593,100],[594,100],[594,101],[595,101],[595,102],[596,102],[597,102],[598,102],[599,102],[599,103],[600,103]]","[]","[[588,94],[588,95],[589,95],[589,96],[590,96],[590,97],[591,97],[591,98],[592,98],[592,99],[593,99],[593,100],[594,100],[594,101],[595,101],[595,102],[596,102],[597,102],[598,102],[599,102],[599,103]]","21","587,94>588,94","[[572,90],[573,90],[574,90],[575,90],[576,90],[577,91],[578,91],[579,92],[580,92],[581,92],[582,92],[583,92],[584,92],[585,92],[586,92],[587,92],[588,93],[589,94],[590,95],[591,96],[592,97],[593,98],[594,99],[595,100],[596,101],[597,101],[598,101],[599,101],[600,102],[601,102],[602,102],[603,102],[604,102],[605,102],[606,102],[607,102],[608,102],[609,102],[610,102],[611,102],[612,102],[613,102],[614,102],[615,102],[616,102]]","[[572,91],[573,91],[574,91],[575,91],[576,91],[577,92],[578,92],[579,93],[580,93],[581,93],[582,93],[583,93],[584,93],[585,93],[586,93],[587,93],[588,94],[589,95],[590,96],[591,97],[592,98],[593,99],[594,100],[595,101],[596,102],[597,102],[598,102],[599,102],[600,103],[601,103],[602,103],[603,103],[604,103],[605,103],[606,103],[607,103],[608,103],[609,103],[610,103],[611,103],[612,103],[613,103],[614,103],[615,103],[616,103]]","[[616,103],[615,103],[614,103],[613,103],[612,103],[611,103],[610,103],[609,103],[608,103],[607,103],[606,103],[605,103],[604,103],[603,103],[602,103],[601,103],[600,103],[599,102],[598,102],[597,102],[596,102],[595,101],[594,100],[593,99],[592,98],[591,97],[590,96],[589,95],[588,94],[587,93],[586,93],[585,93],[584,93],[583,93],[582,93],[581,93],[580,93],[579,93],[578,92],[577,92],[576,91],[575,91],[574,91],[573,91],[572,91]]","True","STATIC_SCREEN_SUPPORTED_PLUS_ONE_AABB_0.4x0.8_HEADROOM_2;NOT_PLAYER_VERIFIED","82c31034ea601389a257e773caf96fe146abde1b3016018ff3aeae60115f73eb"
"SV5_INFILL_ROOM_0274815fcd6818f05a6a","SV5_OPTIONAL_09","SV5_OPTIONAL_09","[[126,147],[126,148],[125,148],[125,149],[124,149],[124,150],[123,150],[122,150],[121,150],[120,150],[119,150],[118,150],[117,150],[116,150],[115,150],[114,150],[113,150],[112,150],[111,150],[110,150],[109,150],[108,150],[108,151],[107,151]]","[[128,147],[127,147],[126,147]]","[[127,147],[126,147],[126,148],[125,148],[125,149],[124,149],[124,150],[123,150],[122,150],[121,150],[120,150],[119,150],[118,150],[117,150],[116,150],[115,150],[114,150],[113,150],[112,150],[111,150],[110,150],[109,150],[108,150],[108,151]]","24","127,147>128,147|127,148>128,148","[[126,146],[125,147],[124,148],[123,149],[122,149],[121,149],[120,149],[119,149],[118,149],[117,149],[116,149],[115,149],[114,149],[113,149],[112,149],[111,149],[110,149],[109,149],[108,149],[107,150],[106,150],[105,150],[104,150],[103,150],[102,150],[101,150],[100,150],[99,150],[98,150],[97,150],[96,150],[95,150],[94,150],[93,150],[92,150],[91,150]]","[[126,147],[125,148],[124,149],[123,150],[122,150],[121,150],[120,150],[119,150],[118,150],[117,150],[116,150],[115,150],[114,150],[113,150],[112,150],[111,150],[110,150],[109,150],[108,150],[107,151],[106,151],[105,151],[104,151],[103,151],[102,151],[101,151],[100,151],[99,151],[98,151],[97,151],[96,151],[95,151],[94,151],[93,151],[92,151],[91,151]]","[[91,151],[92,151],[93,151],[94,151],[95,151],[96,151],[97,151],[98,151],[99,151],[100,151],[101,151],[102,151],[103,151],[104,151],[105,151],[106,151],[107,151],[108,150],[109,150],[110,150],[111,150],[112,150],[113,150],[114,150],[115,150],[116,150],[117,150],[118,150],[119,150],[120,150],[121,150],[122,150],[123,150],[124,149],[125,148],[126,147]]","True","STATIC_SCREEN_SUPPORTED_PLUS_ONE_AABB_0.4x0.8_HEADROOM_2;NOT_PLAYER_VERIFIED","82c31034ea601389a257e773caf96fe146abde1b3016018ff3aeae60115f73eb"
"SV5_INFILL_ROOM_0275430ac9d64999ad31","SV5_INFILL_ROOM_1073f0f69e35494198ef","SV5_OPTIONAL_04","[[512,111],[511,111],[511,110],[510,110],[510,109],[509,109],[509,108],[508,108],[508,107],[507,107],[506,107],[505,107],[504,107],[503,107],[502,107],[501,107],[500,107],[499,107],[498,107],[497,107],[496,107],[495,107],[494,107],[493,107],[492,107],[491,107]]","[]","[[511,111],[511,110],[510,110],[510,109],[509,109],[509,108],[508,108],[508,107],[507,107],[506,107],[505,107],[504,107],[503,107],[502,107],[501,107],[500,107],[499,107],[498,107],[497,107],[496,107],[495,107],[494,107],[493,107],[492,107]]","24","511,111>512,111","[[531,110],[530,110],[529,110],[528,110],[527,110],[526,110],[525,110],[524,110],[523,110],[522,110],[521,110],[520,110],[519,110],[518,110],[517,110],[516,110],[515,110],[514,110],[513,110],[512,110],[511,109],[510,108],[509,107],[508,106],[507,106],[506,106],[505,106],[504,106],[503,106],[502,106],[501,106],[500,106],[499,106],[498,106],[497,106],[496,106],[495,106],[494,106],[493,106],[492,106],[491,106],[490,106],[489,106],[488,106],[487,106],[486,106],[485,106],[484,106],[483,106],[482,106],[481,106],[480,106],[479,106]]","[[531,111],[530,111],[529,111],[528,111],[527,111],[526,111],[525,111],[524,111],[523,111],[522,111],[521,111],[520,111],[519,111],[518,111],[517,111],[516,111],[515,111],[514,111],[513,111],[512,111],[511,110],[510,109],[509,108],[508,107],[507,107],[506,107],[505,107],[504,107],[503,107],[502,107],[501,107],[500,107],[499,107],[498,107],[497,107],[496,107],[495,107],[494,107],[493,107],[492,107],[491,107],[490,107],[489,107],[488,107],[487,107],[486,107],[485,107],[484,107],[483,107],[482,107],[481,107],[480,107],[479,107]]","[[479,107],[480,107],[481,107],[482,107],[483,107],[484,107],[485,107],[486,107],[487,107],[488,107],[489,107],[490,107],[491,107],[492,107],[493,107],[494,107],[495,107],[496,107],[497,107],[498,107],[499,107],[500,107],[501,107],[502,107],[503,107],[504,107],[505,107],[506,107],[507,107],[508,107],[509,108],[510,109],[511,110],[512,111],[513,111],[514,111],[515,111],[516,111],[517,111],[518,111],[519,111],[520,111],[521,111],[522,111],[523,111],[524,111],[525,111],[526,111],[527,111],[528,111],[529,111],[530,111],[531,111]]","True","STATIC_SCREEN_SUPPORTED_PLUS_ONE_AABB_0.4x0.8_HEADROOM_2;NOT_PLAYER_VERIFIED","82c31034ea601389a257e773caf96fe146abde1b3016018ff3aeae60115f73eb"
"SV5_INFILL_ROOM_0277e37d8a1cd7afd435","SV5_INFILL_ROOM_01d0bc2f676c3532c7ce","SV5_OPTIONAL_14","[[28,279],[28,280],[27,280],[27,281],[26,281],[26,282],[25,282],[24,282],[24,283],[23,283]]","[]","[[27,280],[27,281],[26,281],[26,282],[25,282],[24,282],[24,283]]","7","27,280>28,280","[[43,278],[42,278],[41,278],[40,278],[39,278],[38,278],[37,278],[36,278],[35,278],[34,278],[33,278],[32,278],[31,278],[30,278],[29,278],[28,278],[27,279],[26,280],[25,281],[24,281],[23,282],[22,282],[21,282],[20,282],[19,282],[18,282],[17,282],[16,282],[15,282],[14,282],[13,282],[12,282],[11,282]]","[[43,279],[42,279],[41,279],[40,279],[39,279],[38,279],[37,279],[36,279],[35,279],[34,279],[33,279],[32,279],[31,279],[30,279],[29,279],[28,279],[27,280],[26,281],[25,282],[24,282],[23,283],[22,283],[21,283],[20,283],[19,283],[18,283],[17,283],[16,283],[15,283],[14,283],[13,283],[12,283],[11,283]]","[[11,283],[12,283],[13,283],[14,283],[15,283],[16,283],[17,283],[18,283],[19,283],[20,283],[21,283],[22,283],[23,283],[24,282],[25,282],[26,281],[27,280],[28,279],[29,279],[30,279],[31,279],[32,279],[33,279],[34,279],[35,279],[36,279],[37,279],[38,279],[39,279],[40,279],[41,279],[42,279],[43,279]]","True","STATIC_SCREEN_SUPPORTED_PLUS_ONE_AABB_0.4x0.8_HEADROOM_2;NOT_PLAYER_VERIFIED","82c31034ea601389a257e773caf96fe146abde1b3016018ff3aeae60115f73eb"
"SV5_INFILL_ROOM_0282f0dabf4912108d47","SV5_INFILL_ROOM_021416edcede730f39c2","SV5_OPTIONAL_12","[[267,347],[267,348],[268,348],[268,349],[269,349],[269,350],[270,350],[271,350],[272,350],[273,350],[274,350],[275,350],[276,350],[277,350],[278,350],[279,350],[280,350],[281,350],[282,350],[283,350],[283,351],[284,351]]","[]","[[268,348],[268,349],[269,349],[269,350],[270,350],[271,350],[272,350],[273,350],[274,350],[275,350],[276,350],[277,350],[278,350],[279,350],[280,350],[281,350],[282,350],[283,350],[283,351]]","19","267,348>268,348","[[252,346],[253,346],[254,346],[255,346],[256,346],[257,346],[258,346],[259,346],[260,346],[261,346],[262,346],[263,346],[264,346],[265,346],[266,346],[267,346],[268,347],[269,348],[270,349],[271,349],[272,349],[273,349],[274,349],[275,349],[276,349],[277,349],[278,349],[279,349],[280,349],[281,349],[282,349],[283,349],[284,350],[285,350],[286,350],[287,350],[288,350],[289,350],[290,350],[291,350],[292,350],[293,350],[294,350],[295,350],[296,350]]","[[252,347],[253,347],[254,347],[255,347],[256,347],[257,347],[258,347],[259,347],[260,347],[261,347],[262,347],[263,347],[264,347],[265,347],[266,347],[267,347],[268,348],[269,349],[270,350],[271,350],[272,350],[273,350],[274,350],[275,350],[276,350],[277,350],[278,350],[279,350],[280,350],[281,350],[282,350],[283,350],[284,351],[285,351],[286,351],[287,351],[288,351],[289,351],[290,351],[291,351],[292,351],[293,351],[294,351],[295,351],[296,351]]","[[296,351],[295,351],[294,351],[293,351],[292,351],[291,351],[290,351],[289,351],[288,351],[287,351],[286,351],[285,351],[284,351],[283,350],[282,350],[281,350],[280,350],[279,350],[278,350],[277,350],[276,350],[275,350],[274,350],[273,350],[272,350],[271,350],[270,350],[269,349],[268,348],[267,347],[266,347],[265,347],[264,347],[263,347],[262,347],[261,347],[260,347],[259,347],[258,347],[257,347],[256,347],[255,347],[254,347],[253,347],[252,347]]","True","STATIC_SCREEN_SUPPORTED_PLUS_ONE_AABB_0.4x0.8_HEADROOM_2;NOT_PLAYER_VERIFIED","82c31034ea601389a257e773caf96fe146abde1b3016018ff3aeae60115f73eb"
"SV5_INFILL_ROOM_029b432f4140a9c49192","SV5_INFILL_ROOM_055856717f4139baf16b","SV5_OPTIONAL_09","[[68,129],[68,130],[67,130],[66,130],[65,130],[64,130],[63,130],[62,130],[61,130],[60,130],[59,130],[58,130],[57,130],[56,130],[55,130],[54,130],[53,130],[52,130],[52,131],[51,131]]","[]","[[67,130],[66,130],[65,130],[64,130],[63,130],[62,130],[61,130],[60,130],[59,130],[58,130],[57,130],[56,130],[55,130],[54,130],[53,130],[52,130],[52,131]]","17","67,130>68,130","[[83,126],[82,126],[81,126],[80,126],[79,126],[78,127],[77,127],[76,128],[75,128],[74,128],[73,128],[72,128],[71,128],[70,128],[69,128],[68,128],[67,129],[66,129],[65,129],[64,129],[63,129],[62,129],[61,129],[60,129],[59,129],[58,129],[57,129],[56,129],[55,129],[54,129],[53,129],[52,129],[51,130],[50,130],[49,130],[48,130],[47,130],[46,130],[45,130],[44,130],[43,130],[42,130],[41,130],[40,130],[39,130]]","[[83,127],[82,127],[81,127],[80,127],[79,127],[78,128],[77,128],[76,129],[75,129],[74,129],[73,129],[72,129],[71,129],[70,129],[69,129],[68,129],[67,130],[66,130],[65,130],[64,130],[63,130],[62,130],[61,130],[60,130],[59,130],[58,130],[57,130],[56,130],[55,130],[54,130],[53,130],[52,130],[51,131],[50,131],[49,131],[48,131],[47,131],[46,131],[45,131],[44,131],[43,131],[42,131],[41,131],[40,131],[39,131]]","[[39,131],[40,131],[41,131],[42,131],[43,131],[44,131],[45,131],[46,131],[47,131],[48,131],[49,131],[50,131],[51,131],[52,130],[53,130],[54,130],[55,130],[56,130],[57,130],[58,130],[59,130],[60,130],[61,130],[62,130],[63,130],[64,130],[65,130],[66,130],[67,130],[68,129],[69,129],[70,129],[71,129],[72,129],[73,129],[74,129],[75,129],[76,129],[77,128],[78,128],[79,127],[80,127],[81,127],[82,127],[83,127]]","True","STATIC_SCREEN_SUPPORTED_PLUS_ONE_AABB_0.4x0.8_HEADROOM_2;NOT_PLAYER_VERIFIED","82c31034ea601389a257e773caf96fe146abde1b3016018ff3aeae60115f73eb"
"SV5_INFILL_ROOM_02a4c664ee4847b5421f","SV5_INFILL_ROOM_02acfc29539f9349ff17","SV5_OPTIONAL_09","[[167,125],[167,126],[168,126],[169,126],[170,126],[171,126],[172,126],[173,126],[174,126],[175,126],[176,126],[177,126],[178,126],[179,126],[180,126],[181,126],[182,126],[183,126],[183,127],[184,127]]","[]","[[168,126],[169,126],[170,126],[171,126],[172,126],[173,126],[174,126],[175,126],[176,126],[177,126],[178,126],[179,126],[180,126],[181,126],[182,126],[183,126],[183,127]]","17","167,126>168,126","[[152,122],[153,122],[154,122],[155,122],[156,122],[157,123],[158,123],[159,124],[160,124],[161,124],[162,124],[163,124],[164,124],[165,124],[166,124],[167,124],[168,125],[169,125],[170,125],[171,125],[172,125],[173,125],[174,125],[175,125],[176,125],[177,125],[178,125],[179,125],[180,125],[181,125],[182,125],[183,125],[184,126],[185,126],[186,126],[187,126],[188,126],[189,126],[190,126],[191,126],[192,126],[193,126],[194,126],[195,126],[196,126],[197,126],[198,126],[199,126],[200,126]]","[[152,123],[153,123],[154,123],[155,123],[156,123],[157,124],[158,124],[159,125],[160,125],[161,125],[162,125],[163,125],[164,125],[165,125],[166,125],[167,125],[168,126],[169,126],[170,126],[171,126],[172,126],[173,126],[174,126],[175,126],[176,126],[177,126],[178,126],[179,126],[180,126],[181,126],[182,126],[183,126],[184,127],[185,127],[186,127],[187,127],[188,127],[189,127],[190,127],[191,127],[192,127],[193,127],[194,127],[195,127],[196,127],[197,127],[198,127],[199,127],[200,127]]","[[200,127],[199,127],[198,127],[197,127],[196,127],[195,127],[194,127],[193,127],[192,127],[191,127],[190,127],[189,127],[188,127],[187,127],[186,127],[185,127],[184,127],[183,126],[182,126],[181,126],[180,126],[179,126],[178,126],[177,126],[176,126],[175,126],[174,126],[173,126],[172,126],[171,126],[170,126],[169,126],[168,126],[167,125],[166,125],[165,125],[164,125],[163,125],[162,125],[161,125],[160,125],[159,125],[158,124],[157,124],[156,123],[155,123],[154,123],[153,123],[152,123]]","True","STATIC_SCREEN_SUPPORTED_PLUS_ONE_AABB_0.4x0.8_HEADROOM_2;NOT_PLAYER_VERIFIED","82c31034ea601389a257e773caf96fe146abde1b3016018ff3aeae60115f73eb"
"SV5_INFILL_ROOM_02acfc29539f9349ff17","SV5_OPTIONAL_09","SV5_OPTIONAL_09","[[130,123],[131,123],[132,123],[133,123],[134,123],[135,123],[136,123],[137,123],[138,123],[139,123],[140,123],[141,123],[142,123],[143,123],[144,123],[145,123],[146,123],[147,123],[148,123],[149,123],[150,123],[151,123],[152,123]]","[[128,123],[129,123],[130,123]]","[[129,123],[130,123],[131,123],[132,123],[133,123],[134,123],[135,123],[136,123],[137,123],[138,123],[139,123],[140,123],[141,123],[142,123],[143,123],[144,123],[145,123],[146,123],[147,123],[148,123],[149,123],[150,123],[151,123]]","23","128,123>129,123|128,124>129,124","[[130,122],[131,122],[132,122],[133,122],[134,122],[135,122],[136,122],[137,122],[138,122],[139,122],[140,122],[141,122],[142,122],[143,122],[144,122],[145,122],[146,122],[147,122],[148,122],[149,122],[150,122],[151,122],[152,122],[153,122],[154,122],[155,122],[156,122],[157,123],[158,123],[159,124],[160,124],[161,124],[162,124],[163,124],[164,124]]","[[130,123],[131,123],[132,123],[133,123],[134,123],[135,123],[136,123],[137,123],[138,123],[139,123],[140,123],[141,123],[142,123],[143,123],[144,123],[145,123],[146,123],[147,123],[148,123],[149,123],[150,123],[151,123],[152,123],[153,123],[154,123],[155,123],[156,123],[157,124],[158,124],[159,125],[160,125],[161,125],[162,125],[163,125],[164,125]]","[[164,125],[163,125],[162,125],[161,125],[160,125],[159,125],[158,124],[157,124],[156,123],[155,123],[154,123],[153,123],[152,123],[151,123],[150,123],[149,123],[148,123],[147,123],[146,123],[145,123],[144,123],[143,123],[142,123],[141,123],[140,123],[139,123],[138,123],[137,123],[136,123],[135,123],[134,123],[133,123],[132,123],[131,123],[130,123]]","True","STATIC_SCREEN_SUPPORTED_PLUS_ONE_AABB_0.4x0.8_HEADROOM_2;NOT_PLAYER_VERIFIED","82c31034ea601389a257e773caf96fe146abde1b3016018ff3aeae60115f73eb"
"SV5_INFILL_ROOM_02bb145ab70126550c47","SV5_OPTIONAL_11","SV5_OPTIONAL_11","[[208,243],[209,243],[209,242],[210,242],[210,241],[211,241],[211,240],[212,240],[212,239],[213,239],[213,238],[214,238],[214,237],[215,237],[215,236],[216,236],[216,235]]","[[208,244],[208,243]]","[[208,244],[208,243],[209,243],[209,242],[210,242],[210,241],[211,241],[211,240],[212,240],[212,239],[213,239],[213,238],[214,238],[214,237],[215,237],[215,236]]","16","208,243>208,244|207,244>208,244|208,244>209,244|209,243>209,244","[[208,242],[209,241],[210,240],[211,239],[212,238],[213,237],[214,236],[215,235],[216,234],[217,234],[218,234],[219,234],[220,234],[221,234],[222,234],[223,234],[224,234],[225,234],[226,234],[227,234],[228,234]]","[[208,243],[209,242],[210,241],[211,240],[212,239],[213,238],[214,237],[215,236],[216,235],[217,235],[218,235],[219,235],[220,235],[221,235],[222,235],[223,235],[224,235],[225,235],[226,235],[227,235],[228,235]]","[[228,235],[227,235],[226,235],[225,235],[224,235],[223,235],[222,235],[221,235],[220,235],[219,235],[218,235],[217,235],[216,235],[215,236],[214,237],[213,238],[212,239],[211,240],[210,241],[209,242],[208,243]]","True","STATIC_SCREEN_SUPPORTED_PLUS_ONE_AABB_0.4x0.8_HEADROOM_2;NOT_PLAYER_VERIFIED","82c31034ea601389a257e773caf96fe146abde1b3016018ff3aeae60115f73eb"
"SV5_INFILL_ROOM_02c450bd7f02577d51cc","SV5_INFILL_ROOM_015e047734bb1781d7ff","SV5_OPTIONAL_09","[[48,109],[47,109],[47,108],[46,108],[46,107],[45,107],[45,106],[44,106],[44,105],[43,105],[43,104],[42,104],[42,103],[41,103],[41,102],[40,102],[40,101],[39,101],[39,100],[38,100],[38,99],[37,99],[36,99],[35,99]]","[]","[[47,109],[47,108],[46,108],[46,107],[45,107],[45,106],[44,106],[44,105],[43,105],[43,104],[42,104],[42,103],[41,103],[41,102],[40,102],[40,101],[39,101],[39,100],[38,100],[38,99],[37,99],[36,99]]","22","47,109>48,109","[[63,106],[62,106],[61,106],[60,106],[59,106],[58,107],[57,107],[56,108],[55,108],[54,108],[53,108],[52,108],[51,108],[50,108],[49,108],[48,108],[47,107],[46,106],[45,105],[44,104],[43,103],[42,102],[41,101],[40,100],[39,99],[38,98],[37,98],[36,98],[35,98],[34,98],[33,98],[32,98],[31,98],[30,98],[29,98],[28,98],[27,98],[26,98],[25,98],[24,98],[23,98],[22,98],[21,98],[20,98],[19,98]]","[[63,107],[62,107],[61,107],[60,107],[59,107],[58,108],[57,108],[56,109],[55,109],[54,109],[53,109],[52,109],[51,109],[50,109],[49,109],[48,109],[47,108],[46,107],[45,106],[44,105],[43,104],[42,103],[41,102],[40,101],[39,100],[38,99],[37,99],[36,99],[35,99],[34,99],[33,99],[32,99],[31,99],[30,99],[29,99],[28,99],[27,99],[26,99],[25,99],[24,99],[23,99],[22,99],[21,99],[20,99],[19,99]]","[[19,99],[20,99],[21,99],[22,99],[23,99],[24,99],[25,99],[26,99],[27,99],[28,99],[29,99],[30,99],[31,99],[32,99],[33,99],[34,99],[35,99],[36,99],[37,99],[38,99],[39,100],[40,101],[41,102],[42,103],[43,104],[44,105],[45,106],[46,107],[47,108],[48,109],[49,109],[50,109],[51,109],[52,109],[53,109],[54,109],[55,109],[56,109],[57,108],[58,108],[59,107],[60,107],[61,107],[62,107],[63,107]]","True","STATIC_SCREEN_SUPPORTED_PLUS_ONE_AABB_0.4x0.8_HEADROOM_2;NOT_PLAYER_VERIFIED","82c31034ea601389a257e773caf96fe146abde1b3016018ff3aeae60115f73eb"
"SV5_INFILL_ROOM_02ce24c34efdbef4d4c4","SV5_INFILL_ROOM_00c61c875a4a1efe8fbd","SV5_OPTIONAL_06","[[76,35],[75,35],[75,34],[74,34],[74,33],[73,33],[73,32],[72,32],[72,31],[71,31],[71,30],[70,30],[70,29],[69,29],[69,28],[68,28],[68,27],[67,27],[67,26],[66,26],[66,25],[65,25],[65,24],[64,24],[64,23],[63,23]]","[]","[[75,35],[75,34],[74,34],[74,33],[73,33],[73,32],[72,32],[72,31],[71,31],[71,30],[70,30],[70,29],[69,29],[69,28],[68,28],[68,27],[67,27],[67,26],[66,26],[66,25],[65,25],[65,24],[64,24],[64,23]]","24","75,35>76,35","[[91,34],[90,34],[89,34],[88,34],[87,34],[86,34],[85,34],[84,34],[83,34],[82,34],[81,34],[80,34],[79,34],[78,34],[77,34],[76,34],[75,33],[74,32],[73,31],[72,30],[71,29],[70,28],[69,27],[68,26],[67,25],[66,24],[65,23],[64,22],[63,22],[62,22],[61,22],[60,22],[59,22],[58,23],[57,23],[56,24],[55,24],[54,24],[53,24],[52,24],[51,24]]","[[91,35],[90,35],[89,35],[88,35],[87,35],[86,35],[85,35],[84,35],[83,35],[82,35],[81,35],[80,35],[79,35],[78,35],[77,35],[76,35],[75,34],[74,33],[73,32],[72,31],[71,30],[70,29],[69,28],[68,27],[67,26],[66,25],[65,24],[64,23],[63,23],[62,23],[61,23],[60,23],[59,23],[58,24],[57,24],[56,25],[55,25],[54,25],[53,25],[52,25],[51,25]]","[[51,25],[52,25],[53,25],[54,25],[55,25],[56,25],[57,24],[58,24],[59,23],[60,23],[61,23],[62,23],[63,23],[64,23],[65,24],[66,25],[67,26],[68,27],[69,28],[70,29],[71,30],[72,31],[73,32],[74,33],[75,34],[76,35],[77,35],[78,35],[79,35],[80,35],[81,35],[82,35],[83,35],[84,35],[85,35],[86,35],[87,35],[88,35],[89,35],[90,35],[91,35]]","True","STATIC_SCREEN_SUPPORTED_PLUS_ONE_AABB_0.4x0.8_HEADROOM_2;NOT_PLAYER_VERIFIED","82c31034ea601389a257e773caf96fe146abde1b3016018ff3aeae60115f73eb"
"SV5_INFILL_ROOM_02cee82ac322e9d0991e","SV5_INFILL_ROOM_002d50d3e085b1033ac2","SV5_OPTIONAL_04","[[480,83],[479,83],[478,83],[477,83],[476,83],[475,83],[474,83],[473,83],[472,83],[471,83],[470,83],[469,83],[468,83],[467,83],[466,83],[465,83],[464,83],[463,83],[462,83],[461,83],[460,83],[459,83]]","[]","[[479,83],[478,83],[477,83],[476,83],[475,83],[474,83],[473,83],[472,83],[471,83],[470,83],[469,83],[468,83],[467,83],[466,83],[465,83],[464,83],[463,83],[462,83],[461,83],[460,83]]","20","479,83>480,83|479,84>480,84","[[499,82],[498,82],[497,82],[496,82],[495,82],[494,82],[493,82],[492,82],[491,82],[490,82],[489,82],[488,82],[487,82],[486,82],[485,82],[484,82],[483,82],[482,82],[481,82],[480,82],[479,82],[478,82],[477,82],[476,82],[475,82],[474,82],[473,82],[472,82],[471,82],[470,82],[469,82],[468,82],[467,82],[466,82],[465,82],[464,82],[463,82],[462,82],[461,82],[460,82],[459,82],[458,82],[457,82],[456,82],[455,82],[454,83],[453,83],[452,84],[451,84],[450,84],[449,84],[448,84],[447,84]]","[[499,83],[498,83],[497,83],[496,83],[495,83],[494,83],[493,83],[492,83],[491,83],[490,83],[489,83],[488,83],[487,83],[486,83],[485,83],[484,83],[483,83],[482,83],[481,83],[480,83],[479,83],[478,83],[477,83],[476,83],[475,83],[474,83],[473,83],[472,83],[471,83],[470,83],[469,83],[468,83],[467,83],[466,83],[465,83],[464,83],[463,83],[462,83],[461,83],[460,83],[459,83],[458,83],[457,83],[456,83],[455,83],[454,84],[453,84],[452,85],[451,85],[450,85],[449,85],[448,85],[447,85]]","[[447,85],[448,85],[449,85],[450,85],[451,85],[452,85],[453,84],[454,84],[455,83],[456,83],[457,83],[458,83],[459,83],[460,83],[461,83],[462,83],[463,83],[464,83],[465,83],[466,83],[467,83],[468,83],[469,83],[470,83],[471,83],[472,83],[473,83],[474,83],[475,83],[476,83],[477,83],[478,83],[479,83],[480,83],[481,83],[482,83],[483,83],[484,83],[485,83],[486,83],[487,83],[488,83],[489,83],[490,83],[491,83],[492,83],[493,83],[494,83],[495,83],[496,83],[497,83],[498,83],[499,83]]","True","STATIC_SCREEN_SUPPORTED_PLUS_ONE_AABB_0.4x0.8_HEADROOM_2;NOT_PLAYER_VERIFIED","82c31034ea601389a257e773caf96fe146abde1b3016018ff3aeae60115f73eb"
"SV5_INFILL_ROOM_02eb000c5def9fe17f6c","SV5_OPTIONAL_14","SV5_OPTIONAL_14","[[58,303],[58,304],[57,304],[57,305],[56,305],[56,306],[55,306],[55,307],[54,307],[54,308],[53,308],[53,309],[52,309],[52,310],[51,310],[50,310],[49,310],[48,310],[48,311],[47,311]]","[[60,303],[59,303],[58,303]]","[[59,303],[58,303],[58,304],[57,304],[57,305],[56,305],[56,306],[55,306],[55,307],[54,307],[54,308],[53,308],[53,309],[52,309],[52,310],[51,310],[50,310],[49,310],[48,310],[48,311]]","20","59,303>60,303|59,304>60,304","[[58,302],[57,303],[56,304],[55,305],[54,306],[53,307],[52,308],[51,309],[50,309],[49,309],[48,309],[47,310],[46,310],[45,310],[44,310],[43,310],[42,311],[41,311],[40,312],[39,312],[38,312],[37,312],[36,312],[35,312]]","[[58,303],[57,304],[56,305],[55,306],[54,307],[53,308],[52,309],[51,310],[50,310],[49,310],[48,310],[47,311],[46,311],[45,311],[44,311],[43,311],[42,312],[41,312],[40,313],[39,313],[38,313],[37,313],[36,313],[35,313]]","[[35,313],[36,313],[37,313],[38,313],[39,313],[40,313],[41,312],[42,312],[43,311],[44,311],[45,311],[46,311],[47,311],[48,310],[49,310],[50,310],[51,310],[52,309],[53,308],[54,307],[55,306],[56,305],[57,304],[58,303]]","True","STATIC_SCREEN_SUPPORTED_PLUS_ONE_AABB_0.4x0.8_HEADROOM_2;NOT_PLAYER_VERIFIED","82c31034ea601389a257e773caf96fe146abde1b3016018ff3aeae60115f73eb"
"SV5_INFILL_ROOM_0302951adf56016fc5e5","SV5_OPTIONAL_14","SV5_OPTIONAL_14","[[62,311],[63,311],[64,311]]","[[60,311],[61,311],[62,311]]","[[61,311],[62,311],[63,311]]","3","60,311>61,311|60,312>61,312","[[62,310],[63,310],[64,310],[65,310],[66,310],[67,310],[68,310],[69,311],[70,311],[71,312],[72,312],[73,312],[74,312],[75,312],[76,312]]","[[62,311],[63,311],[64,311],[65,311],[66,311],[67,311],[68,311],[69,312],[70,312],[71,313],[72,313],[73,313],[74,313],[75,313],[76,313]]","[[76,313],[75,313],[74,313],[73,313],[72,313],[71,313],[70,312],[69,312],[68,311],[67,311],[66,311],[65,311],[64,311],[63,311],[62,311]]","True","STATIC_SCREEN_SUPPORTED_PLUS_ONE_AABB_0.4x0.8_HEADROOM_2;NOT_PLAYER_VERIFIED","82c31034ea601389a257e773caf96fe146abde1b3016018ff3aeae60115f73eb"
"SV5_INFILL_ROOM_030e2c8bdc7cfe6e522e","SV5_INFILL_ROOM_03ee33e4c7f9ee567e47","SV5_OPTIONAL_12","[[116,323],[116,324],[115,324],[115,325],[114,325],[114,326],[113,326],[112,326],[111,326],[110,326],[109,326],[108,326],[107,326],[106,326],[105,326],[104,326],[103,326],[102,326],[101,326],[100,326],[99,326],[98,326],[97,326],[96,326],[96,327],[95,327]]","[]","[[115,324],[115,325],[114,325],[114,326],[113,326],[112,326],[111,326],[110,326],[109,326],[108,326],[107,326],[106,326],[105,326],[104,326],[103,326],[102,326],[101,326],[100,326],[99,326],[98,326],[97,326],[96,326],[96,327]]","23","115,324>116,324","[[131,322],[130,322],[129,322],[128,322],[127,322],[126,322],[125,322],[124,322],[123,322],[122,322],[121,322],[120,322],[119,322],[118,322],[117,322],[116,322],[115,323],[114,324],[113,325],[112,325],[111,325],[110,325],[109,325],[108,325],[107,325],[106,325],[105,325],[104,325],[103,325],[102,325],[101,325],[100,325],[99,325],[98,325],[97,325],[96,325],[95,326],[94,326],[93,326],[92,326],[91,326],[90,326],[89,326],[88,326],[87,326],[86,326],[85,326],[84,326],[83,326]]","[[131,323],[130,323],[129,323],[128,323],[127,323],[126,323],[125,323],[124,323],[123,323],[122,323],[121,323],[120,323],[119,323],[118,323],[117,323],[116,323],[115,324],[114,325],[113,326],[112,326],[111,326],[110,326],[109,326],[108,326],[107,326],[106,326],[105,326],[104,326],[103,326],[102,326],[101,326],[100,326],[99,326],[98,326],[97,326],[96,326],[95,327],[94,327],[93,327],[92,327],[91,327],[90,327],[89,327],[88,327],[87,327],[86,327],[85,327],[84,327],[83,327]]","[[83,327],[84,327],[85,327],[86,327],[87,327],[88,327],[89,327],[90,327],[91,327],[92,327],[93,327],[94,327],[95,327],[96,326],[97,326],[98,326],[99,326],[100,326],[101,326],[102,326],[103,326],[104,326],[105,326],[106,326],[107,326],[108,326],[109,326],[110,326],[111,326],[112,326],[113,326],[114,325],[115,324],[116,323],[117,323],[118,323],[119,323],[120,323],[121,323],[122,323],[123,323],[124,323],[125,323],[126,323],[127,323],[128,323],[129,323],[130,323],[131,323]]","True","STATIC_SCREEN_SUPPORTED_PLUS_ONE_AABB_0.4x0.8_HEADROOM_2;NOT_PLAYER_VERIFIED","82c31034ea601389a257e773caf96fe146abde1b3016018ff3aeae60115f73eb"
"SV5_INFILL_ROOM_0310fd33e5407eb0d4ef","SV5_INFILL_ROOM_0056e97b4d1cbbcc6c74","SV5_OPTIONAL_04","[[468,51],[467,51],[466,51],[465,51],[464,51],[463,51],[462,51],[461,51],[460,51],[459,51],[458,51],[457,51],[456,51],[455,51],[454,51],[453,51],[452,51],[451,51],[450,51],[449,51],[448,51],[447,51]]","[]","[[467,51],[466,51],[465,51],[464,51],[463,51],[462,51],[461,51],[460,51],[459,51],[458,51],[457,51],[456,51],[455,51],[454,51],[453,51],[452,51],[451,51],[450,51],[449,51],[448,51]]","20","467,51>468,51|467,52>468,52","[[487,50],[486,50],[485,50],[484,50],[483,50],[482,50],[481,50],[480,50],[479,50],[478,50],[477,50],[476,50],[475,50],[474,50],[473,50],[472,50],[471,50],[470,50],[469,50],[468,50],[467,50],[466,50],[465,50],[464,50],[463,50],[462,50],[461,50],[460,50],[459,50],[458,50],[457,50],[456,50],[455,50],[454,50],[453,50],[452,50],[451,50],[450,50],[449,50],[448,50],[447,50],[446,50],[445,50],[444,50],[443,50],[442,50],[441,50],[440,50],[439,50],[438,50],[437,50],[436,50],[435,50]]","[[487,51],[486,51],[485,51],[484,51],[483,51],[482,51],[481,51],[480,51],[479,51],[478,51],[477,51],[476,51],[475,51],[474,51],[473,51],[472,51],[471,51],[470,51],[469,51],[468,51],[467,51],[466,51],[465,51],[464,51],[463,51],[462,51],[461,51],[460,51],[459,51],[458,51],[457,51],[456,51],[455,51],[454,51],[453,51],[452,51],[451,51],[450,51],[449,51],[448,51],[447,51],[446,51],[445,51],[444,51],[443,51],[442,51],[441,51],[440,51],[439,51],[438,51],[437,51],[436,51],[435,51]]","[[435,51],[436,51],[437,51],[438,51],[439,51],[440,51],[441,51],[442,51],[443,51],[444,51],[445,51],[446,51],[447,51],[448,51],[449,51],[450,51],[451,51],[452,51],[453,51],[454,51],[455,51],[456,51],[457,51],[458,51],[459,51],[460,51],[461,51],[462,51],[463,51],[464,51],[465,51],[466,51],[467,51],[468,51],[469,51],[470,51],[471,51],[472,51],[473,51],[474,51],[475,51],[476,51],[477,51],[478,51],[479,51],[480,51],[481,51],[482,51],[483,51],[484,51],[485,51],[486,51],[487,51]]","True","STATIC_SCREEN_SUPPORTED_PLUS_ONE_AABB_0.4x0.8_HEADROOM_2;NOT_PLAYER_VERIFIED","82c31034ea601389a257e773caf96fe146abde1b3016018ff3aeae60115f73eb"
"SV5_INFILL_ROOM_0322e0531b095ccb7e07","SV5_INFILL_ROOM_011090d282560d8c79a1","SV5_OPTIONAL_12","[[152,395],[151,395],[151,394],[150,394],[150,393],[149,393],[149,392],[148,392],[148,391],[147,391],[147,390],[146,390],[146,389],[145,389],[145,388],[144,388],[144,387],[143,387],[143,386],[142,386],[142,385],[141,385],[141,384],[140,384],[140,383],[139,383]]","[]","[[151,395],[151,394],[150,394],[150,393],[149,393],[149,392],[148,392],[148,391],[147,391],[147,390],[146,390],[146,389],[145,389],[145,388],[144,388],[144,387],[143,387],[143,386],[142,386],[142,385],[141,385],[141,384],[140,384],[140,383]]","24","151,395>152,395","[[171,394],[170,394],[169,394],[168,394],[167,394],[166,394],[165,394],[164,394],[163,394],[162,394],[161,394],[160,394],[159,394],[158,394],[157,394],[156,394],[155,394],[154,394],[153,394],[152,394],[151,393],[150,392],[149,391],[148,390],[147,389],[146,388],[145,387],[144,386],[143,385],[142,384],[141,383],[140,382],[139,382],[138,382],[137,382],[136,382],[135,382],[134,382],[133,382],[132,382],[131,382],[130,382],[129,382],[128,382],[127,382]]","[[171,395],[170,395],[169,395],[168,395],[167,395],[166,395],[165,395],[164,395],[163,395],[162,395],[161,395],[160,395],[159,395],[158,395],[157,395],[156,395],[155,395],[154,395],[153,395],[152,395],[151,394],[150,393],[149,392],[148,391],[147,390],[146,389],[145,388],[144,387],[143,386],[142,385],[141,384],[140,383],[139,383],[138,383],[137,383],[136,383],[135,383],[134,383],[133,383],[132,383],[131,383],[130,383],[129,383],[128,383],[127,383]]","[[127,383],[128,383],[129,383],[130,383],[131,383],[132,383],[133,383],[134,383],[135,383],[136,383],[137,383],[138,383],[139,383],[140,383],[141,384],[142,385],[143,386],[144,387],[145,388],[146,389],[147,390],[148,391],[149,392],[150,393],[151,394],[152,395],[153,395],[154,395],[155,395],[156,395],[157,395],[158,395],[159,395],[160,395],[161,395],[162,395],[163,395],[164,395],[165,395],[166,395],[167,395],[168,395],[169,395],[170,395],[171,395]]","True","STATIC_SCREEN_SUPPORTED_PLUS_ONE_AABB_0.4x0.8_HEADROOM_2;NOT_PLAYER_VERIFIED","82c31034ea601389a257e773caf96fe146abde1b3016018ff3aeae60115f73eb"
"SV5_INFILL_ROOM_032723ec76224555dc3f","SV5_OPTIONAL_01","SV5_OPTIONAL_01","[[359,347],[359,348],[358,348],[358,349],[357,349],[357,350],[356,350],[356,351],[355,351]]","[[361,347],[360,347],[359,347]]","[[360,347],[359,347],[359,348],[358,348],[358,349],[357,349],[357,350],[356,350],[356,351]]","9","360,347>361,347|360,348>361,348","[[359,346],[358,347],[357,348],[356,349],[355,350],[354,350],[353,350],[352,350],[351,350],[350,350],[349,350],[348,350],[347,350],[346,350],[345,350],[344,350],[343,350],[342,350],[341,350],[340,350],[339,350]]","[[359,347],[358,348],[357,349],[356,350],[355,351],[354,351],[353,351],[352,351],[351,351],[350,351],[349,351],[348,351],[347,351],[346,351],[345,351],[344,351],[343,351],[342,351],[341,351],[340,351],[339,351]]","[[339,351],[340,351],[341,351],[342,351],[343,351],[344,351],[345,351],[346,351],[347,351],[348,351],[349,351],[350,351],[351,351],[352,351],[353,351],[354,351],[355,351],[356,350],[357,349],[358,348],[359,347]]","True","STATIC_SCREEN_SUPPORTED_PLUS_ONE_AABB_0.4x0.8_HEADROOM_2;NOT_PLAYER_VERIFIED","82c31034ea601389a257e773caf96fe146abde1b3016018ff3aeae60115f73eb"
"SV5_INFILL_ROOM_0336ae99bc580abe01f7","SV5_OPTIONAL_14","SV5_OPTIONAL_14","[[58,355],[58,356],[57,356],[57,357],[56,357],[56,358],[55,358],[54,358],[53,358],[52,358],[51,358],[50,358],[49,358],[48,358],[47,358],[46,358],[45,358],[44,358],[43,358],[42,358],[41,358],[40,358],[40,359],[39,359]]","[[60,355],[59,355],[58,355]]","[[59,355],[58,355],[58,356],[57,356],[57,357],[56,357],[56,358],[55,358],[54,358],[53,358],[52,358],[51,358],[50,358],[49,358],[48,358],[47,358],[46,358],[45,358],[44,358],[43,358],[42,358],[41,358],[40,358],[40,359]]","24","59,355>60,355|59,356>60,356","[[58,354],[57,355],[56,356],[55,357],[54,357],[53,357],[52,357],[51,357],[50,357],[49,357],[48,357],[47,357],[46,357],[45,357],[44,357],[43,357],[42,357],[41,357],[40,357],[39,358],[38,358],[37,358],[36,358],[35,358],[34,358],[33,358],[32,358],[31,358],[30,358],[29,358],[28,358],[27,358]]","[[58,355],[57,356],[56,357],[55,358],[54,358],[53,358],[52,358],[51,358],[50,358],[49,358],[48,358],[47,358],[46,358],[45,358],[44,358],[43,358],[42,358],[41,358],[40,358],[39,359],[38,359],[37,359],[36,359],[35,359],[34,359],[33,359],[32,359],[31,359],[30,359],[29,359],[28,359],[27,359]]","[[27,359],[28,359],[29,359],[30,359],[31,359],[32,359],[33,359],[34,359],[35,359],[36,359],[37,359],[38,359],[39,359],[40,358],[41,358],[42,358],[43,358],[44,358],[45,358],[46,358],[47,358],[48,358],[49,358],[50,358],[51,358],[52,358],[53,358],[54,358],[55,358],[56,357],[57,356],[58,355]]","True","STATIC_SCREEN_SUPPORTED_PLUS_ONE_AABB_0.4x0.8_HEADROOM_2;NOT_PLAYER_VERIFIED","82c31034ea601389a257e773caf96fe146abde1b3016018ff3aeae60115f73eb"
"SV5_INFILL_ROOM_03377aa890c9dd228757","SV5_INFILL_ROOM_02cee82ac322e9d0991e","SV5_OPTIONAL_04","[[444,85],[443,85],[443,84],[442,84],[442,83],[441,83],[441,82],[440,82],[440,81],[439,81],[439,80],[438,80],[438,79],[437,79],[437,78],[436,78],[436,77],[435,77],[435,76],[434,76],[434,75],[433,75],[432,75],[431,75]]","[]","[[443,85],[443,84],[442,84],[442,83],[441,83],[441,82],[440,82],[440,81],[439,81],[439,80],[438,80],[438,79],[437,79],[437,78],[436,78],[436,77],[435,77],[435,76],[434,76],[434,75],[433,75],[432,75]]","22","443,85>444,85","[[459,82],[458,82],[457,82],[456,82],[455,82],[454,83],[453,83],[452,84],[451,84],[450,84],[449,84],[448,84],[447,84],[446,84],[445,84],[444,84],[443,83],[442,82],[441,81],[440,80],[439,79],[438,78],[437,77],[436,76],[435,75],[434,74],[433,74],[432,74],[431,74],[430,74],[429,74],[428,74],[427,74],[426,75],[425,75],[424,76],[423,76],[422,76],[421,76],[420,76],[419,76]]","[[459,83],[458,83],[457,83],[456,83],[455,83],[454,84],[453,84],[452,85],[451,85],[450,85],[449,85],[448,85],[447,85],[446,85],[445,85],[444,85],[443,84],[442,83],[441,82],[440,81],[439,80],[438,79],[437,78],[436,77],[435,76],[434,75],[433,75],[432,75],[431,75],[430,75],[429,75],[428,75],[427,75],[426,76],[425,76],[424,77],[423,77],[422,77],[421,77],[420,77],[419,77]]","[[419,77],[420,77],[421,77],[422,77],[423,77],[424,77],[425,76],[426,76],[427,75],[428,75],[429,75],[430,75],[431,75],[432,75],[433,75],[434,75],[435,76],[436,77],[437,78],[438,79],[439,80],[440,81],[441,82],[442,83],[443,84],[444,85],[445,85],[446,85],[447,85],[448,85],[449,85],[450,85],[451,85],[452,85],[453,84],[454,84],[455,83],[456,83],[457,83],[458,83],[459,83]]","True","STATIC_SCREEN_SUPPORTED_PLUS_ONE_AABB_0.4x0.8_HEADROOM_2;NOT_PLAYER_VERIFIED","82c31034ea601389a257e773caf96fe146abde1b3016018ff3aeae60115f73eb"
"SV5_INFILL_ROOM_03478da32c0dc222502b","SV5_INFILL_ROOM_07a977e813d06841144e","SV5_OPTIONAL_09","[[48,151],[48,152],[47,152],[47,153],[46,153],[46,154],[45,154],[44,154],[43,154],[42,154],[41,154],[40,154],[39,154],[38,154],[37,154],[36,154],[36,155],[35,155]]","[]","[[47,152],[47,153],[46,153],[46,154],[45,154],[44,154],[43,154],[42,154],[41,154],[40,154],[39,154],[38,154],[37,154],[36,154],[36,155]]","15","47,152>48,152","[[63,150],[62,150],[61,150],[60,150],[59,150],[58,150],[57,150],[56,150],[55,150],[54,150],[53,150],[52,150],[51,150],[50,150],[49,150],[48,150],[47,151],[46,152],[45,153],[44,153],[43,153],[42,153],[41,153],[40,153],[39,153],[38,153],[37,153],[36,153],[35,154],[34,154],[33,154],[32,154],[31,154],[30,154],[29,154],[28,154],[27,154],[26,154],[25,154],[24,154],[23,154],[22,154],[21,154],[20,154],[19,154]]","[[63,151],[62,151],[61,151],[60,151],[59,151],[58,151],[57,151],[56,151],[55,151],[54,151],[53,151],[52,151],[51,151],[50,151],[49,151],[48,151],[47,152],[46,153],[45,154],[44,154],[43,154],[42,154],[41,154],[40,154],[39,154],[38,154],[37,154],[36,154],[35,155],[34,155],[33,155],[32,155],[31,155],[30,155],[29,155],[28,155],[27,155],[26,155],[25,155],[24,155],[23,155],[22,155],[21,155],[20,155],[19,155]]","[[19,155],[20,155],[21,155],[22,155],[23,155],[24,155],[25,155],[26,155],[27,155],[28,155],[29,155],[30,155],[31,155],[32,155],[33,155],[34,155],[35,155],[36,154],[37,154],[38,154],[39,154],[40,154],[41,154],[42,154],[43,154],[44,154],[45,154],[46,153],[47,152],[48,151],[49,151],[50,151],[51,151],[52,151],[53,151],[54,151],[55,151],[56,151],[57,151],[58,151],[59,151],[60,151],[61,151],[62,151],[63,151]]","True","STATIC_SCREEN_SUPPORTED_PLUS_ONE_AABB_0.4x0.8_HEADROOM_2;NOT_PLAYER_VERIFIED","82c31034ea601389a257e773caf96fe146abde1b3016018ff3aeae60115f73eb"
"SV5_INFILL_ROOM_0348461d960659e46de4","SV5_INFILL_ROOM_02131663b956c4b63225","SV5_OPTIONAL_06","[[140,9],[139,9],[139,8],[138,8],[138,7],[137,7],[136,7],[135,7],[134,7],[133,7],[132,7],[131,7],[130,7],[129,7],[128,7],[127,7],[126,7],[125,7],[124,7],[123,7],[122,7],[121,7],[120,7],[119,7]]","[]","[[139,9],[139,8],[138,8],[138,7],[137,7],[136,7],[135,7],[134,7],[133,7],[132,7],[131,7],[130,7],[129,7],[128,7],[127,7],[126,7],[125,7],[124,7],[123,7],[122,7],[121,7],[120,7]]","22","139,9>140,9","[[155,6],[154,6],[153,6],[152,6],[151,6],[150,7],[149,7],[148,8],[147,8],[146,8],[145,8],[144,8],[143,8],[142,8],[141,8],[140,8],[139,7],[138,6],[137,6],[136,6],[135,6],[134,6],[133,6],[132,6],[131,6],[130,6],[129,6],[128,6],[127,6],[126,6],[125,6],[124,6],[123,6],[122,6],[121,6],[120,6],[119,6],[118,6],[117,6],[116,6],[115,6],[114,6],[113,6],[112,6],[111,6],[110,6],[109,6],[108,6],[107,6],[106,6],[105,6],[104,6],[103,6]]","[[155,7],[154,7],[153,7],[152,7],[151,7],[150,8],[149,8],[148,9],[147,9],[146,9],[145,9],[144,9],[143,9],[142,9],[141,9],[140,9],[139,8],[138,7],[137,7],[136,7],[135,7],[134,7],[133,7],[132,7],[131,7],[130,7],[129,7],[128,7],[127,7],[126,7],[125,7],[124,7],[123,7],[122,7],[121,7],[120,7],[119,7],[118,7],[117,7],[116,7],[115,7],[114,7],[113,7],[112,7],[111,7],[110,7],[109,7],[108,7],[107,7],[106,7],[105,7],[104,7],[103,7]]","[[103,7],[104,7],[105,7],[106,7],[107,7],[108,7],[109,7],[110,7],[111,7],[112,7],[113,7],[114,7],[115,7],[116,7],[117,7],[118,7],[119,7],[120,7],[121,7],[122,7],[123,7],[124,7],[125,7],[126,7],[127,7],[128,7],[129,7],[130,7],[131,7],[132,7],[133,7],[134,7],[135,7],[136,7],[137,7],[138,7],[139,8],[140,9],[141,9],[142,9],[143,9],[144,9],[145,9],[146,9],[147,9],[148,9],[149,8],[150,8],[151,7],[152,7],[153,7],[154,7],[155,7]]","True","STATIC_SCREEN_SUPPORTED_PLUS_ONE_AABB_0.4x0.8_HEADROOM_2;NOT_PLAYER_VERIFIED","82c31034ea601389a257e773caf96fe146abde1b3016018ff3aeae60115f73eb"
"SV5_INFILL_ROOM_034e96ec4b59b2e7de89","SV5_INFILL_ROOM_0336ae99bc580abe01f7","SV5_OPTIONAL_14","[[24,359],[23,359],[23,358],[22,358],[22,357],[21,357],[21,356],[20,356],[20,355],[19,355]]","[]","[[23,359],[23,358],[22,358],[22,357],[21,357],[21,356],[20,356],[20,355]]","8","23,359>24,359","[[39,358],[38,358],[37,358],[36,358],[35,358],[34,358],[33,358],[32,358],[31,358],[30,358],[29,358],[28,358],[27,358],[26,358],[25,358],[24,358],[23,357],[22,356],[21,355],[20,354],[19,354],[18,354],[17,354],[16,354],[15,354],[14,354],[13,354],[12,354],[11,354],[10,354],[9,354],[8,354],[7,354]]","[[39,359],[38,359],[37,359],[36,359],[35,359],[34,359],[33,359],[32,359],[31,359],[30,359],[29,359],[28,359],[27,359],[26,359],[25,359],[24,359],[23,358],[22,357],[21,356],[20,355],[19,355],[18,355],[17,355],[16,355],[15,355],[14,355],[13,355],[12,355],[11,355],[10,355],[9,355],[8,355],[7,355]]","[[7,355],[8,355],[9,355],[10,355],[11,355],[12,355],[13,355],[14,355],[15,355],[16,355],[17,355],[18,355],[19,355],[20,355],[21,356],[22,357],[23,358],[24,359],[25,359],[26,359],[27,359],[28,359],[29,359],[30,359],[31,359],[32,359],[33,359],[34,359],[35,359],[36,359],[37,359],[38,359],[39,359]]","True","STATIC_SCREEN_SUPPORTED_PLUS_ONE_AABB_0.4x0.8_HEADROOM_2;NOT_PLAYER_VERIFIED","82c31034ea601389a257e773caf96fe146abde1b3016018ff3aeae60115f73eb"
"SV5_INFILL_ROOM_0354acb861133e6c9a2e","SV5_INFILL_ROOM_0009256b2ee54633b586","SV5_OPTIONAL_14","[[83,339],[83,340],[84,340],[84,341],[85,341],[85,342],[86,342],[87,342],[88,342],[89,342],[90,342],[91,342],[92,342],[93,342],[94,342],[95,342],[96,342],[97,342],[98,342],[99,342],[100,342],[101,342],[102,342],[103,342],[103,343],[104,343]]","[]","[[84,340],[84,341],[85,341],[85,342],[86,342],[87,342],[88,342],[89,342],[90,342],[91,342],[92,342],[93,342],[94,342],[95,342],[96,342],[97,342],[98,342],[99,342],[100,342],[101,342],[102,342],[103,342],[103,343]]","23","83,340>84,340","[[68,338],[69,338],[70,338],[71,338],[72,338],[73,338],[74,338],[75,338],[76,338],[77,338],[78,338],[79,338],[80,338],[81,338],[82,338],[83,338],[84,339],[85,340],[86,341],[87,341],[88,341],[89,341],[90,341],[91,341],[92,341],[93,341],[94,341],[95,341],[96,341],[97,341],[98,341],[99,341],[100,341],[101,341],[102,341],[103,341],[104,342],[105,342],[106,342],[107,342],[108,342],[109,342],[110,342],[111,342],[112,342],[113,342],[114,342],[115,342],[116,342]]","[[68,339],[69,339],[70,339],[71,339],[72,339],[73,339],[74,339],[75,339],[76,339],[77,339],[78,339],[79,339],[80,339],[81,339],[82,339],[83,339],[84,340],[85,341],[86,342],[87,342],[88,342],[89,342],[90,342],[91,342],[92,342],[93,342],[94,342],[95,342],[96,342],[97,342],[98,342],[99,342],[100,342],[101,342],[102,342],[103,342],[104,343],[105,343],[106,343],[107,343],[108,343],[109,343],[110,343],[111,343],[112,343],[113,343],[114,343],[115,343],[116,343]]","[[116,343],[115,343],[114,343],[113,343],[112,343],[111,343],[110,343],[109,343],[108,343],[107,343],[106,343],[105,343],[104,343],[103,342],[102,342],[101,342],[100,342],[99,342],[98,342],[97,342],[96,342],[95,342],[94,342],[93,342],[92,342],[91,342],[90,342],[89,342],[88,342],[87,342],[86,342],[85,341],[84,340],[83,339],[82,339],[81,339],[80,339],[79,339],[78,339],[77,339],[76,339],[75,339],[74,339],[73,339],[72,339],[71,339],[70,339],[69,339],[68,339]]","True","STATIC_SCREEN_SUPPORTED_PLUS_ONE_AABB_0.4x0.8_HEADROOM_2;NOT_PLAYER_VERIFIED","82c31034ea601389a257e773caf96fe146abde1b3016018ff3aeae60115f73eb"
"SV5_INFILL_ROOM_035798141bd571f529ac","SV5_INFILL_ROOM_0186b28fa0b2a39be20e","SV5_OPTIONAL_00","[[356,391],[355,391],[355,390],[354,390],[354,389],[353,389],[353,388],[352,388],[352,387],[351,387],[350,387],[349,387],[348,387],[347,387]]","[]","[[355,391],[355,390],[354,390],[354,389],[353,389],[353,388],[352,388],[352,387],[351,387],[350,387],[349,387],[348,387]]","12","355,391>356,391","[[375,390],[374,390],[373,390],[372,390],[371,390],[370,390],[369,390],[368,390],[367,390],[366,390],[365,390],[364,390],[363,390],[362,390],[361,390],[360,390],[359,390],[358,390],[357,390],[356,390],[355,389],[354,388],[353,387],[352,386],[351,386],[350,386],[349,386],[348,386],[347,386],[346,386],[345,386],[344,386],[343,386],[342,386],[341,386],[340,386],[339,386],[338,386],[337,386],[336,386],[335,386]]","[[375,391],[374,391],[373,391],[372,391],[371,391],[370,391],[369,391],[368,391],[367,391],[366,391],[365,391],[364,391],[363,391],[362,391],[361,391],[360,391],[359,391],[358,391],[357,391],[356,391],[355,390],[354,389],[353,388],[352,387],[351,387],[350,387],[349,387],[348,387],[347,387],[346,387],[345,387],[344,387],[343,387],[342,387],[341,387],[340,387],[339,387],[338,387],[337,387],[336,387],[335,387]]","[[335,387],[336,387],[337,387],[338,387],[339,387],[340,387],[341,387],[342,387],[343,387],[344,387],[345,387],[346,387],[347,387],[348,387],[349,387],[350,387],[351,387],[352,387],[353,388],[354,389],[355,390],[356,391],[357,391],[358,391],[359,391],[360,391],[361,391],[362,391],[363,391],[364,391],[365,391],[366,391],[367,391],[368,391],[369,391],[370,391],[371,391],[372,391],[373,391],[374,391],[375,391]]","True","STATIC_SCREEN_SUPPORTED_PLUS_ONE_AABB_0.4x0.8_HEADROOM_2;NOT_PLAYER_VERIFIED","82c31034ea601389a257e773caf96fe146abde1b3016018ff3aeae60115f73eb"
"SV5_INFILL_ROOM_036e975df591ef121fe9","SV5_INFILL_ROOM_04cc6f247c23444a21e8","SV5_OPTIONAL_10","[[112,231],[111,231],[111,230],[110,230],[110,229],[109,229],[109,228],[108,228],[108,227],[107,227],[106,227],[105,227],[104,227],[103,227],[102,227],[101,227],[100,227],[99,227],[98,227],[97,227],[96,227],[95,227],[94,227],[93,227],[92,227],[91,227]]","[]","[[111,231],[111,230],[110,230],[110,229],[109,229],[109,228],[108,228],[108,227],[107,227],[106,227],[105,227],[104,227],[103,227],[102,227],[101,227],[100,227],[99,227],[98,227],[97,227],[96,227],[95,227],[94,227],[93,227],[92,227]]","24","111,231>112,231","[[127,230],[126,230],[125,230],[124,230],[123,230],[122,230],[121,230],[120,230],[119,230],[118,230],[117,230],[116,230],[115,230],[114,230],[113,230],[112,230],[111,229],[110,228],[109,227],[108,226],[107,226],[106,226],[105,226],[104,226],[103,226],[102,226],[101,226],[100,226],[99,226],[98,226],[97,226],[96,226],[95,226],[94,226],[93,226],[92,226],[91,226],[90,226],[89,226],[88,226],[87,226],[86,227],[85,227],[84,228],[83,228],[82,228],[81,228],[80,228],[79,228]]","[[127,231],[126,231],[125,231],[124,231],[123,231],[122,231],[121,231],[120,231],[119,231],[118,231],[117,231],[116,231],[115,231],[114,231],[113,231],[112,231],[111,230],[110,229],[109,228],[108,227],[107,227],[106,227],[105,227],[104,227],[103,227],[102,227],[101,227],[100,227],[99,227],[98,227],[97,227],[96,227],[95,227],[94,227],[93,227],[92,227],[91,227],[90,227],[89,227],[88,227],[87,227],[86,228],[85,228],[84,229],[83,229],[82,229],[81,229],[80,229],[79,229]]","[[79,229],[80,229],[81,229],[82,229],[83,229],[84,229],[85,228],[86,228],[87,227],[88,227],[89,227],[90,227],[91,227],[92,227],[93,227],[94,227],[95,227],[96,227],[97,227],[98,227],[99,227],[100,227],[101,227],[102,227],[103,227],[104,227],[105,227],[106,227],[107,227],[108,227],[109,228],[110,229],[111,230],[112,231],[113,231],[114,231],[115,231],[116,231],[117,231],[118,231],[119,231],[120,231],[121,231],[122,231],[123,231],[124,231],[125,231],[126,231],[127,231]]","True","STATIC_SCREEN_SUPPORTED_PLUS_ONE_AABB_0.4x0.8_HEADROOM_2;NOT_PLAYER_VERIFIED","82c31034ea601389a257e773caf96fe146abde1b3016018ff3aeae60115f73eb"
"SV5_INFILL_ROOM_0387c366e6d1242b2e98","SV5_INFILL_ROOM_0412355c8a32b60e3576","SV5_OPTIONAL_08","[[56,51],[55,51],[54,51],[53,51],[52,51],[51,51],[50,51],[49,51],[48,51],[47,51],[46,51],[45,51],[44,51],[43,51]]","[]","[[55,51],[54,51],[53,51],[52,51],[51,51],[50,51],[49,51],[48,51],[47,51],[46,51],[45,51],[44,51]]","12","55,51>56,51|55,52>56,52","[[71,50],[70,50],[69,50],[68,50],[67,50],[66,50],[65,50],[64,50],[63,50],[62,50],[61,50],[60,50],[59,50],[58,50],[57,50],[56,50],[55,50],[54,50],[53,50],[52,50],[51,50],[50,50],[49,50],[48,50],[47,50],[46,50],[45,50],[44,50],[43,50],[42,50],[41,50],[40,50],[39,50],[38,51],[37,51],[36,52],[35,52],[34,52],[33,52],[32,52],[31,52]]","[[71,51],[70,51],[69,51],[68,51],[67,51],[66,51],[65,51],[64,51],[63,51],[62,51],[61,51],[60,51],[59,51],[58,51],[57,51],[56,51],[55,51],[54,51],[53,51],[52,51],[51,51],[50,51],[49,51],[48,51],[47,51],[46,51],[45,51],[44,51],[43,51],[42,51],[41,51],[40,51],[39,51],[38,52],[37,52],[36,53],[35,53],[34,53],[33,53],[32,53],[31,53]]","[[31,53],[32,53],[33,53],[34,53],[35,53],[36,53],[37,52],[38,52],[39,51],[40,51],[41,51],[42,51],[43,51],[44,51],[45,51],[46,51],[47,51],[48,51],[49,51],[50,51],[51,51],[52,51],[53,51],[54,51],[55,51],[56,51],[57,51],[58,51],[59,51],[60,51],[61,51],[62,51],[63,51],[64,51],[65,51],[66,51],[67,51],[68,51],[69,51],[70,51],[71,51]]","True","STATIC_SCREEN_SUPPORTED_PLUS_ONE_AABB_0.4x0.8_HEADROOM_2;NOT_PLAYER_VERIFIED","82c31034ea601389a257e773caf96fe146abde1b3016018ff3aeae60115f73eb"
"SV5_INFILL_ROOM_038bab3afecb4ae774c8","SV5_INFILL_ROOM_06032e7a69ef56e8fe45","SV5_OPTIONAL_04","[[452,27],[451,27],[450,27],[449,27],[448,27],[447,27]]","[]","[[451,27],[450,27],[449,27],[448,27]]","4","451,27>452,27|451,28>452,28","[[467,26],[466,26],[465,26],[464,26],[463,26],[462,26],[461,26],[460,26],[459,26],[458,26],[457,26],[456,26],[455,26],[454,26],[453,26],[452,26],[451,26],[450,26],[449,26],[448,26],[447,26],[446,26],[445,26],[444,26],[443,26],[442,27],[441,27],[440,28],[439,28],[438,28],[437,28],[436,28],[435,28]]","[[467,27],[466,27],[465,27],[464,27],[463,27],[462,27],[461,27],[460,27],[459,27],[458,27],[457,27],[456,27],[455,27],[454,27],[453,27],[452,27],[451,27],[450,27],[449,27],[448,27],[447,27],[446,27],[445,27],[444,27],[443,27],[442,28],[441,28],[440,29],[439,29],[438,29],[437,29],[436,29],[435,29]]","[[435,29],[436,29],[437,29],[438,29],[439,29],[440,29],[441,28],[442,28],[443,27],[444,27],[445,27],[446,27],[447,27],[448,27],[449,27],[450,27],[451,27],[452,27],[453,27],[454,27],[455,27],[456,27],[457,27],[458,27],[459,27],[460,27],[461,27],[462,27],[463,27],[464,27],[465,27],[466,27],[467,27]]","True","STATIC_SCREEN_SUPPORTED_PLUS_ONE_AABB_0.4x0.8_HEADROOM_2;NOT_PLAYER_VERIFIED","82c31034ea601389a257e773caf96fe146abde1b3016018ff3aeae60115f73eb"
"SV5_INFILL_ROOM_039382eb9614b75fd49c","SV5_OPTIONAL_15","SV5_OPTIONAL_15","[[129,275],[130,275],[131,275],[132,275]]","[[127,275],[128,275],[129,275]]","[[128,275],[129,275],[130,275],[131,275]]","4","127,275>128,275|127,276>128,276","[[129,274],[130,274],[131,274],[132,274],[133,274],[134,274],[135,274],[136,274],[137,274],[138,274],[139,274],[140,274],[141,274],[142,274],[143,274],[144,274],[145,274],[146,274],[147,274],[148,274]]","[[129,275],[130,275],[131,275],[132,275],[133,275],[134,275],[135,275],[136,275],[137,275],[138,275],[139,275],[140,275],[141,275],[142,275],[143,275],[144,275],[145,275],[146,275],[147,275],[148,275]]","[[148,275],[147,275],[146,275],[145,275],[144,275],[143,275],[142,275],[141,275],[140,275],[139,275],[138,275],[137,275],[136,275],[135,275],[134,275],[133,275],[132,275],[131,275],[130,275],[129,275]]","True","STATIC_SCREEN_SUPPORTED_PLUS_ONE_AABB_0.4x0.8_HEADROOM_2;NOT_PLAYER_VERIFIED","82c31034ea601389a257e773caf96fe146abde1b3016018ff3aeae60115f73eb"
"SV5_INFILL_ROOM_03b1094364501f71c581","SV5_OPTIONAL_TO_VILLAGE","SV5_OPTIONAL_TO_VILLAGE","[[443,259],[442,259],[442,258],[441,258],[441,257],[440,257],[440,256],[439,256],[439,255],[438,255],[438,254],[437,254],[437,253],[436,253],[436,252],[435,252],[435,251],[434,251],[434,250],[433,250],[433,249],[432,249],[432,248],[431,248],[431,247]]","[[443,260],[443,259]]","[[443,260],[443,259],[442,259],[442,258],[441,258],[441,257],[440,257],[440,256],[439,256],[439,255],[438,255],[438,254],[437,254],[437,253],[436,253],[436,252],[435,252],[435,251],[434,251],[434,250],[433,250],[433,249],[432,249],[432,248]]","24","443,259>443,260|442,260>443,260|443,260>444,260|442,259>442,260","[[443,258],[442,257],[441,256],[440,255],[439,254],[438,253],[437,252],[436,251],[435,250],[434,249],[433,248],[432,247],[431,246],[430,246],[429,246],[428,246],[427,246],[426,246],[425,246],[424,246],[423,246],[422,246],[421,246],[420,246],[419,246]]","[[443,259],[442,258],[441,257],[440,256],[439,255],[438,254],[437,253],[436,252],[435,251],[434,250],[433,249],[432,248],[431,247],[430,247],[429,247],[428,247],[427,247],[426,247],[425,247],[424,247],[423,247],[422,247],[421,247],[420,247],[419,247]]","[[419,247],[420,247],[421,247],[422,247],[423,247],[424,247],[425,247],[426,247],[427,247],[428,247],[429,247],[430,247],[431,247],[432,248],[433,249],[434,250],[435,251],[436,252],[437,253],[438,254],[439,255],[440,256],[441,257],[442,258],[443,259]]","True","STATIC_SCREEN_SUPPORTED_PLUS_ONE_AABB_0.4x0.8_HEADROOM_2;NOT_PLAYER_VERIFIED","82c31034ea601389a257e773caf96fe146abde1b3016018ff3aeae60115f73eb"
"SV5_INFILL_ROOM_03bff8d63e21cbc62be9","SV5_OPTIONAL_06","SV5_OPTIONAL_06","[[222,51],[223,51],[224,51]]","[[220,51],[221,51],[222,51]]","[[221,51],[222,51],[223,51]]","3","220,51>221,51|220,52>221,52","[[222,50],[223,50],[224,50],[225,50],[226,50],[227,50],[228,50],[229,51],[230,51],[231,52],[232,52],[233,52],[234,52],[235,52],[236,52]]","[[222,51],[223,51],[224,51],[225,51],[226,51],[227,51],[228,51],[229,52],[230,52],[231,53],[232,53],[233,53],[234,53],[235,53],[236,53]]","[[236,53],[235,53],[234,53],[233,53],[232,53],[231,53],[230,52],[229,52],[228,51],[227,51],[226,51],[225,51],[224,51],[223,51],[222,51]]","True","STATIC_SCREEN_SUPPORTED_PLUS_ONE_AABB_0.4x0.8_HEADROOM_2;NOT_PLAYER_VERIFIED","82c31034ea601389a257e773caf96fe146abde1b3016018ff3aeae60115f73eb"
"SV5_INFILL_ROOM_03d84283017b5d788d9b","SV5_INFILL_ROOM_009f4a730f7066cbd39f","SV5_OPTIONAL_04","[[516,31],[515,31],[514,31],[513,31],[512,31],[511,31],[510,31],[509,31],[508,31],[507,31],[506,31],[505,31],[504,31],[503,31],[502,31],[501,31],[500,31],[499,31],[498,31],[497,31],[496,31],[495,31]]","[]","[[515,31],[514,31],[513,31],[512,31],[511,31],[510,31],[509,31],[508,31],[507,31],[506,31],[505,31],[504,31],[503,31],[502,31],[501,31],[500,31],[499,31],[498,31],[497,31],[496,31]]","20","515,31>516,31|515,32>516,32","[[531,30],[530,30],[529,30],[528,30],[527,30],[526,30],[525,30],[524,30],[523,30],[522,30],[521,30],[520,30],[519,30],[518,30],[517,30],[516,30],[515,30],[514,30],[513,30],[512,30],[511,30],[510,30],[509,30],[508,30],[507,30],[506,30],[505,30],[504,30],[503,30],[502,30],[501,30],[500,30],[499,30],[498,30],[497,30],[496,30],[495,30],[494,30],[493,30],[492,30],[491,30],[490,31],[489,31],[488,32],[487,32],[486,32],[485,32],[484,32],[483,32]]","[[531,31],[530,31],[529,31],[528,31],[527,31],[526,31],[525,31],[524,31],[523,31],[522,31],[521,31],[520,31],[519,31],[518,31],[517,31],[516,31],[515,31],[514,31],[513,31],[512,31],[511,31],[510,31],[509,31],[508,31],[507,31],[506,31],[505,31],[504,31],[503,31],[502,31],[501,31],[500,31],[499,31],[498,31],[497,31],[496,31],[495,31],[494,31],[493,31],[492,31],[491,31],[490,32],[489,32],[488,33],[487,33],[486,33],[485,33],[484,33],[483,33]]","[[483,33],[484,33],[485,33],[486,33],[487,33],[488,33],[489,32],[490,32],[491,31],[492,31],[493,31],[494,31],[495,31],[496,31],[497,31],[498,31],[499,31],[500,31],[501,31],[502,31],[503,31],[504,31],[505,31],[506,31],[507,31],[508,31],[509,31],[510,31],[511,31],[512,31],[513,31],[514,31],[515,31],[516,31],[517,31],[518,31],[519,31],[520,31],[521,31],[522,31],[523,31],[524,31],[525,31],[526,31],[527,31],[528,31],[529,31],[530,31],[531,31]]","True","STATIC_SCREEN_SUPPORTED_PLUS_ONE_AABB_0.4x0.8_HEADROOM_2;NOT_PLAYER_VERIFIED","82c31034ea601389a257e773caf96fe146abde1b3016018ff3aeae60115f73eb"
"SV5_INFILL_ROOM_03e009d59a50bdf34915","SV5_INFILL_ROOM_0226d4b2d11164e9e339","SV5_OPTIONAL_01","[[320,327],[319,327],[318,327],[317,327],[316,327],[315,327],[314,327],[313,327],[312,327],[311,327],[310,327],[309,327],[308,327],[307,327],[306,327],[305,327],[304,327],[303,327]]","[]","[[319,327],[318,327],[317,327],[316,327],[315,327],[314,327],[313,327],[312,327],[311,327],[310,327],[309,327],[308,327],[307,327],[306,327],[305,327],[304,327]]","16","319,327>320,327|319,328>320,328","[[335,326],[334,326],[333,326],[332,326],[331,326],[330,326],[329,326],[328,326],[327,326],[326,326],[325,326],[324,326],[323,326],[322,326],[321,326],[320,326],[319,326],[318,326],[317,326],[316,326],[315,326],[314,326],[313,326],[312,326],[311,326],[310,326],[309,326],[308,326],[307,326],[306,326],[305,326],[304,326],[303,326],[302,326],[301,326],[300,326],[299,326],[298,326],[297,326],[296,326],[295,326],[294,326],[293,326],[292,326],[291,326]]","[[335,327],[334,327],[333,327],[332,327],[331,327],[330,327],[329,327],[328,327],[327,327],[326,327],[325,327],[324,327],[323,327],[322,327],[321,327],[320,327],[319,327],[318,327],[317,327],[316,327],[315,327],[314,327],[313,327],[312,327],[311,327],[310,327],[309,327],[308,327],[307,327],[306,327],[305,327],[304,327],[303,327],[302,327],[301,327],[300,327],[299,327],[298,327],[297,327],[296,327],[295,327],[294,327],[293,327],[292,327],[291,327]]","[[291,327],[292,327],[293,327],[294,327],[295,327],[296,327],[297,327],[298,327],[299,327],[300,327],[301,327],[302,327],[303,327],[304,327],[305,327],[306,327],[307,327],[308,327],[309,327],[310,327],[311,327],[312,327],[313,327],[314,327],[315,327],[316,327],[317,327],[318,327],[319,327],[320,327],[321,327],[322,327],[323,327],[324,327],[325,327],[326,327],[327,327],[328,327],[329,327],[330,327],[331,327],[332,327],[333,327],[334,327],[335,327]]","True","STATIC_SCREEN_SUPPORTED_PLUS_ONE_AABB_0.4x0.8_HEADROOM_2;NOT_PLAYER_VERIFIED","82c31034ea601389a257e773caf96fe146abde1b3016018ff3aeae60115f73eb"
"SV5_INFILL_ROOM_03e9854a823531fd8709","SV5_OPTIONAL_01","SV5_OPTIONAL_01","[[345,307],[344,307],[343,307]]","[[347,307],[346,307],[345,307]]","[[346,307],[345,307],[344,307]]","3","346,307>347,307|346,308>347,308","[[345,306],[344,306],[343,306],[342,306],[341,306],[340,306],[339,306],[338,306],[337,306],[336,306],[335,306],[334,306],[333,306],[332,306],[331,306]]","[[345,307],[344,307],[343,307],[342,307],[341,307],[340,307],[339,307],[338,307],[337,307],[336,307],[335,307],[334,307],[333,307],[332,307],[331,307]]","[[331,307],[332,307],[333,307],[334,307],[335,307],[336,307],[337,307],[338,307],[339,307],[340,307],[341,307],[342,307],[343,307],[344,307],[345,307]]","True","STATIC_SCREEN_SUPPORTED_PLUS_ONE_AABB_0.4x0.8_HEADROOM_2;NOT_PLAYER_VERIFIED","82c31034ea601389a257e773caf96fe146abde1b3016018ff3aeae60115f73eb"
"SV5_INFILL_ROOM_03ee33e4c7f9ee567e47","SV5_INFILL_ROOM_041094d7ac0ff4187406","SV5_OPTIONAL_12","[[144,323],[143,323],[142,323],[141,323],[140,323],[139,323],[138,323],[137,323],[136,323],[135,323],[134,323],[133,323],[132,323],[131,323]]","[]","[[143,323],[142,323],[141,323],[140,323],[139,323],[138,323],[137,323],[136,323],[135,323],[134,323],[133,323],[132,323]]","12","143,323>144,323|143,324>144,324","[[163,322],[162,322],[161,322],[160,322],[159,322],[158,322],[157,322],[156,322],[155,322],[154,322],[153,322],[152,322],[151,322],[150,322],[149,322],[148,322],[147,322],[146,322],[145,322],[144,322],[143,322],[142,322],[141,322],[140,322],[139,322],[138,322],[137,322],[136,322],[135,322],[134,322],[133,322],[132,322],[131,322],[130,322],[129,322],[128,322],[127,322],[126,322],[125,322],[124,322],[123,322],[122,322],[121,322],[120,322],[119,322]]","[[163,323],[162,323],[161,323],[160,323],[159,323],[158,323],[157,323],[156,323],[155,323],[154,323],[153,323],[152,323],[151,323],[150,323],[149,323],[148,323],[147,323],[146,323],[145,323],[144,323],[143,323],[142,323],[141,323],[140,323],[139,323],[138,323],[137,323],[136,323],[135,323],[134,323],[133,323],[132,323],[131,323],[130,323],[129,323],[128,323],[127,323],[126,323],[125,323],[124,323],[123,323],[122,323],[121,323],[120,323],[119,323]]","[[119,323],[120,323],[121,323],[122,323],[123,323],[124,323],[125,323],[126,323],[127,323],[128,323],[129,323],[130,323],[131,323],[132,323],[133,323],[134,323],[135,323],[136,323],[137,323],[138,323],[139,323],[140,323],[141,323],[142,323],[143,323],[144,323],[145,323],[146,323],[147,323],[148,323],[149,323],[150,323],[151,323],[152,323],[153,323],[154,323],[155,323],[156,323],[157,323],[158,323],[159,323],[160,323],[161,323],[162,323],[163,323]]","True","STATIC_SCREEN_SUPPORTED_PLUS_ONE_AABB_0.4x0.8_HEADROOM_2;NOT_PLAYER_VERIFIED","82c31034ea601389a257e773caf96fe146abde1b3016018ff3aeae60115f73eb"
"SV5_INFILL_ROOM_03f794e9844c481d8faa","SV5_INFILL_ROOM_00d2b967a3d3b2f6b4b1","SV5_OPTIONAL_06","[[196,29],[196,30],[195,30],[194,30],[193,30],[192,30],[191,30],[190,30],[189,30],[188,30],[188,31],[187,31]]","[]","[[195,30],[194,30],[193,30],[192,30],[191,30],[190,30],[189,30],[188,30],[188,31]]","9","195,30>196,30","[[211,26],[210,26],[209,26],[208,26],[207,26],[206,27],[205,27],[204,28],[203,28],[202,28],[201,28],[200,28],[199,28],[198,28],[197,28],[196,28],[195,29],[194,29],[193,29],[192,29],[191,29],[190,29],[189,29],[188,29],[187,30],[186,30],[185,30],[184,30],[183,30],[182,30],[181,30],[180,30],[179,30],[178,30],[177,30],[176,30],[175,30],[174,30],[173,30],[172,30],[171,30]]","[[211,27],[210,27],[209,27],[208,27],[207,27],[206,28],[205,28],[204,29],[203,29],[202,29],[201,29],[200,29],[199,29],[198,29],[197,29],[196,29],[195,30],[194,30],[193,30],[192,30],[191,30],[190,30],[189,30],[188,30],[187,31],[186,31],[185,31],[184,31],[183,31],[182,31],[181,31],[180,31],[179,31],[178,31],[177,31],[176,31],[175,31],[174,31],[173,31],[172,31],[171,31]]","[[171,31],[172,31],[173,31],[174,31],[175,31],[176,31],[177,31],[178,31],[179,31],[180,31],[181,31],[182,31],[183,31],[184,31],[185,31],[186,31],[187,31],[188,30],[189,30],[190,30],[191,30],[192,30],[193,30],[194,30],[195,30],[196,29],[197,29],[198,29],[199,29],[200,29],[201,29],[202,29],[203,29],[204,29],[205,28],[206,28],[207,27],[208,27],[209,27],[210,27],[211,27]]","True","STATIC_SCREEN_SUPPORTED_PLUS_ONE_AABB_0.4x0.8_HEADROOM_2;NOT_PLAYER_VERIFIED","82c31034ea601389a257e773caf96fe146abde1b3016018ff3aeae60115f73eb"
"SV5_INFILL_ROOM_040e3874815fd7672a9f","SV5_OPTIONAL_04","SV5_OPTIONAL_04","[[558,127],[559,127],[560,127],[561,127],[562,127],[563,127],[564,127],[565,127],[566,127],[567,127],[568,127],[569,127],[570,127],[571,127],[572,127],[573,127],[574,127],[575,127],[576,127],[577,127],[578,127],[579,127],[580,127]]","[[556,127],[557,127],[558,127]]","[[557,127],[558,127],[559,127],[560,127],[561,127],[562,127],[563,127],[564,127],[565,127],[566,127],[567,127],[568,127],[569,127],[570,127],[571,127],[572,127],[573,127],[574,127],[575,127],[576,127],[577,127],[578,127],[579,127]]","23","556,127>557,127|556,128>557,128","[[558,126],[559,126],[560,126],[561,126],[562,126],[563,126],[564,126],[565,126],[566,126],[567,126],[568,126],[569,126],[570,126],[571,126],[572,126],[573,126],[574,126],[575,126],[576,126],[577,126],[578,126],[579,126],[580,126],[581,126],[582,126],[583,126],[584,126],[585,126],[586,126],[587,126],[588,126],[589,126],[590,126],[591,126],[592,126],[593,126],[594,126],[595,126],[596,126]]","[[558,127],[559,127],[560,127],[561,127],[562,127],[563,127],[564,127],[565,127],[566,127],[567,127],[568,127],[569,127],[570,127],[571,127],[572,127],[573,127],[574,127],[575,127],[576,127],[577,127],[578,127],[579,127],[580,127],[581,127],[582,127],[583,127],[584,127],[585,127],[586,127],[587,127],[588,127],[589,127],[590,127],[591,127],[592,127],[593,127],[594,127],[595,127],[596,127]]","[[596,127],[595,127],[594,127],[593,127],[592,127],[591,127],[590,127],[589,127],[588,127],[587,127],[586,127],[585,127],[584,127],[583,127],[582,127],[581,127],[580,127],[579,127],[578,127],[577,127],[576,127],[575,127],[574,127],[573,127],[572,127],[571,127],[570,127],[569,127],[568,127],[567,127],[566,127],[565,127],[564,127],[563,127],[562,127],[561,127],[560,127],[559,127],[558,127]]","True","STATIC_SCREEN_SUPPORTED_PLUS_ONE_AABB_0.4x0.8_HEADROOM_2;NOT_PLAYER_VERIFIED","82c31034ea601389a257e773caf96fe146abde1b3016018ff3aeae60115f73eb"
"SV5_INFILL_ROOM_041094d7ac0ff4187406","SV5_INFILL_ROOM_049d36d0b34abe032678","SV5_OPTIONAL_12","[[176,323],[175,323],[174,323],[173,323],[172,323],[171,323],[170,323],[169,323],[168,323],[167,323],[166,323],[165,323],[164,323],[163,323]]","[]","[[175,323],[174,323],[173,323],[172,323],[171,323],[170,323],[169,323],[168,323],[167,323],[166,323],[165,323],[164,323]]","12","175,323>176,323|175,324>176,324","[[191,322],[190,322],[189,322],[188,322],[187,322],[186,322],[185,322],[184,322],[183,322],[182,322],[181,322],[180,322],[179,322],[178,322],[177,322],[176,322],[175,322],[174,322],[173,322],[172,322],[171,322],[170,322],[169,322],[168,322],[167,322],[166,322],[165,322],[164,322],[163,322],[162,322],[161,322],[160,322],[159,322],[158,322],[157,322],[156,322],[155,322],[154,322],[153,322],[152,322],[151,322],[150,322],[149,322],[148,322],[147,322]]","[[191,323],[190,323],[189,323],[188,323],[187,323],[186,323],[185,323],[184,323],[183,323],[182,323],[181,323],[180,323],[179,323],[178,323],[177,323],[176,323],[175,323],[174,323],[173,323],[172,323],[171,323],[170,323],[169,323],[168,323],[167,323],[166,323],[165,323],[164,323],[163,323],[162,323],[161,323],[160,323],[159,323],[158,323],[157,323],[156,323],[155,323],[154,323],[153,323],[152,323],[151,323],[150,323],[149,323],[148,323],[147,323]]","[[147,323],[148,323],[149,323],[150,323],[151,323],[152,323],[153,323],[154,323],[155,323],[156,323],[157,323],[158,323],[159,323],[160,323],[161,323],[162,323],[163,323],[164,323],[165,323],[166,323],[167,323],[168,323],[169,323],[170,323],[171,323],[172,323],[173,323],[174,323],[175,323],[176,323],[177,323],[178,323],[179,323],[180,323],[181,323],[182,323],[183,323],[184,323],[185,323],[186,323],[187,323],[188,323],[189,323],[190,323],[191,323]]","True","STATIC_SCREEN_SUPPORTED_PLUS_ONE_AABB_0.4x0.8_HEADROOM_2;NOT_PLAYER_VERIFIED","82c31034ea601389a257e773caf96fe146abde1b3016018ff3aeae60115f73eb"
"SV5_INFILL_ROOM_0412355c8a32b60e3576","SV5_INFILL_ROOM_04837cbd081bd28af8a9","SV5_OPTIONAL_08","[[84,61],[83,61],[83,60],[82,60],[82,59],[81,59],[81,58],[80,58],[80,57],[79,57],[79,56],[78,56],[78,55],[77,55],[77,54],[76,54],[76,53],[75,53],[75,52],[74,52],[74,51],[73,51],[72,51],[71,51]]","[]","[[83,61],[83,60],[82,60],[82,59],[81,59],[81,58],[80,58],[80,57],[79,57],[79,56],[78,56],[78,55],[77,55],[77,54],[76,54],[76,53],[75,53],[75,52],[74,52],[74,51],[73,51],[72,51]]","22","83,61>84,61","[[99,58],[98,58],[97,58],[96,58],[95,58],[94,59],[93,59],[92,60],[91,60],[90,60],[89,60],[88,60],[87,60],[86,60],[85,60],[84,60],[83,59],[82,58],[81,57],[80,56],[79,55],[78,54],[77,53],[76,52],[75,51],[74,50],[73,50],[72,50],[71,50],[70,50],[69,50],[68,50],[67,50],[66,50],[65,50],[64,50],[63,50],[62,50],[61,50],[60,50],[59,50]]","[[99,59],[98,59],[97,59],[96,59],[95,59],[94,60],[93,60],[92,61],[91,61],[90,61],[89,61],[88,61],[87,61],[86,61],[85,61],[84,61],[83,60],[82,59],[81,58],[80,57],[79,56],[78,55],[77,54],[76,53],[75,52],[74,51],[73,51],[72,51],[71,51],[70,51],[69,51],[68,51],[67,51],[66,51],[65,51],[64,51],[63,51],[62,51],[61,51],[60,51],[59,51]]","[[59,51],[60,51],[61,51],[62,51],[63,51],[64,51],[65,51],[66,51],[67,51],[68,51],[69,51],[70,51],[71,51],[72,51],[73,51],[74,51],[75,52],[76,53],[77,54],[78,55],[79,56],[80,57],[81,58],[82,59],[83,60],[84,61],[85,61],[86,61],[87,61],[88,61],[89,61],[90,61],[91,61],[92,61],[93,60],[94,60],[95,59],[96,59],[97,59],[98,59],[99,59]]","True","STATIC_SCREEN_SUPPORTED_PLUS_ONE_AABB_0.4x0.8_HEADROOM_2;NOT_PLAYER_VERIFIED","82c31034ea601389a257e773caf96fe146abde1b3016018ff3aeae60115f73eb"
"SV5_INFILL_ROOM_04258432ab0f33139931","SV5_OPTIONAL_12","SV5_OPTIONAL_12","[[242,355],[242,356],[241,356],[241,357],[240,357],[240,358],[239,358],[239,359],[238,359],[238,360],[237,360],[237,361],[236,361],[236,362],[235,362],[234,362],[233,362],[232,362],[232,363],[231,363]]","[[244,355],[243,355],[242,355]]","[[243,355],[242,355],[242,356],[241,356],[241,357],[240,357],[240,358],[239,358],[239,359],[238,359],[238,360],[237,360],[237,361],[236,361],[236,362],[235,362],[234,362],[233,362],[232,362],[232,363]]","20","243,355>244,355|243,356>244,356","[[242,354],[241,355],[240,356],[239,357],[238,358],[237,359],[236,360],[235,361],[234,361],[233,361],[232,361],[231,362],[230,362],[229,362],[228,362],[227,362],[226,362],[225,362],[224,362],[223,362],[222,362],[221,362],[220,362],[219,362],[218,362],[217,362],[216,362],[215,362]]","[[242,355],[241,356],[240,357],[239,358],[238,359],[237,360],[236,361],[235,362],[234,362],[233,362],[232,362],[231,363],[230,363],[229,363],[228,363],[227,363],[226,363],[225,363],[224,363],[223,363],[222,363],[221,363],[220,363],[219,363],[218,363],[217,363],[216,363],[215,363]]","[[215,363],[216,363],[217,363],[218,363],[219,363],[220,363],[221,363],[222,363],[223,363],[224,363],[225,363],[226,363],[227,363],[228,363],[229,363],[230,363],[231,363],[232,362],[233,362],[234,362],[235,362],[236,361],[237,360],[238,359],[239,358],[240,357],[241,356],[242,355]]","True","STATIC_SCREEN_SUPPORTED_PLUS_ONE_AABB_0.4x0.8_HEADROOM_2;NOT_PLAYER_VERIFIED","82c31034ea601389a257e773caf96fe146abde1b3016018ff3aeae60115f73eb"
"SV5_INFILL_ROOM_04293b0a047fb37a89b1","SV5_OPTIONAL_02","SV5_OPTIONAL_02","[[526,363],[526,364],[525,364],[525,365],[524,365],[524,366],[523,366],[522,366],[521,366],[520,366],[519,366],[518,366],[517,366],[516,366],[515,366],[514,366],[513,366],[512,366],[511,366],[510,366],[509,366],[508,366],[508,367],[507,367]]","[[528,363],[527,363],[526,363]]","[[527,363],[526,363],[526,364],[525,364],[525,365],[524,365],[524,366],[523,366],[522,366],[521,366],[520,366],[519,366],[518,366],[517,366],[516,366],[515,366],[514,366],[513,366],[512,366],[511,366],[510,366],[509,366],[508,366],[508,367]]","24","527,363>528,363|527,364>528,364","[[526,362],[525,363],[524,364],[523,365],[522,365],[521,365],[520,365],[519,365],[518,365],[517,365],[516,365],[515,365],[514,365],[513,365],[512,365],[511,365],[510,365],[509,365],[508,365],[507,366],[506,366],[505,366],[504,366],[503,366],[502,367],[501,367],[500,368],[499,368],[498,368],[497,368],[496,368],[495,368]]","[[526,363],[525,364],[524,365],[523,366],[522,366],[521,366],[520,366],[519,366],[518,366],[517,366],[516,366],[515,366],[514,366],[513,366],[512,366],[511,366],[510,366],[509,366],[508,366],[507,367],[506,367],[505,367],[504,367],[503,367],[502,368],[501,368],[500,369],[499,369],[498,369],[497,369],[496,369],[495,369]]","[[495,369],[496,369],[497,369],[498,369],[499,369],[500,369],[501,368],[502,368],[503,367],[504,367],[505,367],[506,367],[507,367],[508,366],[509,366],[510,366],[511,366],[512,366],[513,366],[514,366],[515,366],[516,366],[517,366],[518,366],[519,366],[520,366],[521,366],[522,366],[523,366],[524,365],[525,364],[526,363]]","True","STATIC_SCREEN_SUPPORTED_PLUS_ONE_AABB_0.4x0.8_HEADROOM_2;NOT_PLAYER_VERIFIED","82c31034ea601389a257e773caf96fe146abde1b3016018ff3aeae60115f73eb"
"SV5_INFILL_ROOM_0429677801e88b2cb560","SV5_OPTIONAL_08","SV5_OPTIONAL_08","[[130,83],[129,83],[128,83],[127,83],[126,83],[125,83],[124,83],[123,83],[122,83],[121,83],[120,83],[119,83],[118,83],[117,83],[116,83],[115,83],[114,83],[113,83],[112,83],[111,83],[110,83],[109,83],[108,83],[107,83]]","[[132,83],[131,83],[130,83]]","[[131,83],[130,83],[129,83],[128,83],[127,83],[126,83],[125,83],[124,83],[123,83],[122,83],[121,83],[120,83],[119,83],[118,83],[117,83],[116,83],[115,83],[114,83],[113,83],[112,83],[111,83],[110,83],[109,83],[108,83]]","24","131,83>132,83|131,84>132,84","[[130,82],[129,82],[128,82],[127,82],[126,82],[125,82],[124,82],[123,82],[122,82],[121,82],[120,82],[119,82],[118,82],[117,82],[116,82],[115,82],[114,82],[113,82],[112,82],[111,82],[110,82],[109,82],[108,82],[107,82],[106,82],[105,82],[104,82],[103,82],[102,83],[101,83],[100,84],[99,84],[98,84],[97,84],[96,84],[95,84]]","[[130,83],[129,83],[128,83],[127,83],[126,83],[125,83],[124,83],[123,83],[122,83],[121,83],[120,83],[119,83],[118,83],[117,83],[116,83],[115,83],[114,83],[113,83],[112,83],[111,83],[110,83],[109,83],[108,83],[107,83],[106,83],[105,83],[104,83],[103,83],[102,84],[101,84],[100,85],[99,85],[98,85],[97,85],[96,85],[95,85]]","[[95,85],[96,85],[97,85],[98,85],[99,85],[100,85],[101,84],[102,84],[103,83],[104,83],[105,83],[106,83],[107,83],[108,83],[109,83],[110,83],[111,83],[112,83],[113,83],[114,83],[115,83],[116,83],[117,83],[118,83],[119,83],[120,83],[121,83],[122,83],[123,83],[124,83],[125,83],[126,83],[127,83],[128,83],[129,83],[130,83]]","True","STATIC_SCREEN_SUPPORTED_PLUS_ONE_AABB_0.4x0.8_HEADROOM_2;NOT_PLAYER_VERIFIED","82c31034ea601389a257e773caf96fe146abde1b3016018ff3aeae60115f73eb"
"SV5_INFILL_ROOM_04306d96a9442be86a73","SV5_INFILL_ROOM_0033f24aa202678fd527","SV5_OPTIONAL_10","[[191,211],[192,211],[193,211],[194,211],[195,211],[196,211],[197,211],[198,211],[199,211],[200,211],[201,211],[202,211],[203,211],[204,211],[205,211],[206,211],[207,211],[208,211]]","[]","[[192,211],[193,211],[194,211],[195,211],[196,211],[197,211],[198,211],[199,211],[200,211],[201,211],[202,211],[203,211],[204,211],[205,211],[206,211],[207,211]]","16","191,211>192,211|191,212>192,212","[[176,210],[177,210],[178,210],[179,210],[180,210],[181,210],[182,210],[183,210],[184,210],[185,210],[186,210],[187,210],[188,210],[189,210],[190,210],[191,210],[192,210],[193,210],[194,210],[195,210],[196,210],[197,210],[198,210],[199,210],[200,210],[201,210],[202,210],[203,210],[204,210],[205,210],[206,210],[207,210],[208,210],[209,210],[210,210],[211,210],[212,210],[213,210],[214,210],[215,210],[216,210],[217,210],[218,210],[219,210],[220,210]]","[[176,211],[177,211],[178,211],[179,211],[180,211],[181,211],[182,211],[183,211],[184,211],[185,211],[186,211],[187,211],[188,211],[189,211],[190,211],[191,211],[192,211],[193,211],[194,211],[195,211],[196,211],[197,211],[198,211],[199,211],[200,211],[201,211],[202,211],[203,211],[204,211],[205,211],[206,211],[207,211],[208,211],[209,211],[210,211],[211,211],[212,211],[213,211],[214,211],[215,211],[216,211],[217,211],[218,211],[219,211],[220,211]]","[[220,211],[219,211],[218,211],[217,211],[216,211],[215,211],[214,211],[213,211],[212,211],[211,211],[210,211],[209,211],[208,211],[207,211],[206,211],[205,211],[204,211],[203,211],[202,211],[201,211],[200,211],[199,211],[198,211],[197,211],[196,211],[195,211],[194,211],[193,211],[192,211],[191,211],[190,211],[189,211],[188,211],[187,211],[186,211],[185,211],[184,211],[183,211],[182,211],[181,211],[180,211],[179,211],[178,211],[177,211],[176,211]]","True","STATIC_SCREEN_SUPPORTED_PLUS_ONE_AABB_0.4x0.8_HEADROOM_2;NOT_PLAYER_VERIFIED","82c31034ea601389a257e773caf96fe146abde1b3016018ff3aeae60115f73eb"
"SV5_INFILL_ROOM_04458846b0c9a081817d","SV5_OPTIONAL_07","SV5_OPTIONAL_07","[[178,87],[179,87],[180,87],[181,87],[182,87],[183,87],[184,87],[185,87],[186,87],[187,87],[188,87]]","[[176,87],[177,87],[178,87]]","[[177,87],[178,87],[179,87],[180,87],[181,87],[182,87],[183,87],[184,87],[185,87],[186,87],[187,87]]","11","176,87>177,87|176,88>177,88","[[178,86],[179,86],[180,86],[181,86],[182,86],[183,86],[184,86],[185,86],[186,86],[187,86],[188,86],[189,86],[190,86],[191,86],[192,86],[193,86],[194,86],[195,86],[196,86],[197,86],[198,86],[199,86],[200,86],[201,86],[202,86],[203,86],[204,86]]","[[178,87],[179,87],[180,87],[181,87],[182,87],[183,87],[184,87],[185,87],[186,87],[187,87],[188,87],[189,87],[190,87],[191,87],[192,87],[193,87],[194,87],[195,87],[196,87],[197,87],[198,87],[199,87],[200,87],[201,87],[202,87],[203,87],[204,87]]","[[204,87],[203,87],[202,87],[201,87],[200,87],[199,87],[198,87],[197,87],[196,87],[195,87],[194,87],[193,87],[192,87],[191,87],[190,87],[189,87],[188,87],[187,87],[186,87],[185,87],[184,87],[183,87],[182,87],[181,87],[180,87],[179,87],[178,87]]","True","STATIC_SCREEN_SUPPORTED_PLUS_ONE_AABB_0.4x0.8_HEADROOM_2;NOT_PLAYER_VERIFIED","82c31034ea601389a257e773caf96fe146abde1b3016018ff3aeae60115f73eb"
"SV5_INFILL_ROOM_0446d8ee63eecabdb00b","SV5_INFILL_ROOM_012c44d357554e3840ba","SV5_OPTIONAL_01","[[531,395],[531,396],[532,396],[532,397],[533,397],[533,398],[534,398],[535,398],[536,398],[537,398],[538,398],[539,398],[540,398],[541,398],[542,398],[543,398],[544,398],[545,398],[546,398],[547,398],[548,398],[549,398],[550,398],[551,398],[551,399],[552,399]]","[]","[[532,396],[532,397],[533,397],[533,398],[534,398],[535,398],[536,398],[537,398],[538,398],[539,398],[540,398],[541,398],[542,398],[543,398],[544,398],[545,398],[546,398],[547,398],[548,398],[549,398],[550,398],[551,398],[551,399]]","23","531,396>532,396","[[516,394],[517,394],[518,394],[519,394],[520,394],[521,394],[522,394],[523,394],[524,394],[525,394],[526,394],[527,394],[528,394],[529,394],[530,394],[531,394],[532,395],[533,396],[534,397],[535,397],[536,397],[537,397],[538,397],[539,397],[540,397],[541,397],[542,397],[543,397],[544,397],[545,397],[546,397],[547,397],[548,397],[549,397],[550,397],[551,397],[552,398],[553,398],[554,398],[555,398],[556,398],[557,398],[558,398],[559,398],[560,398],[561,398],[562,398],[563,398],[564,398],[565,398],[566,398],[567,398],[568,398]]","[[516,395],[517,395],[518,395],[519,395],[520,395],[521,395],[522,395],[523,395],[524,395],[525,395],[526,395],[527,395],[528,395],[529,395],[530,395],[531,395],[532,396],[533,397],[534,398],[535,398],[536,398],[537,398],[538,398],[539,398],[540,398],[541,398],[542,398],[543,398],[544,398],[545,398],[546,398],[547,398],[548,398],[549,398],[550,398],[551,398],[552,399],[553,399],[554,399],[555,399],[556,399],[557,399],[558,399],[559,399],[560,399],[561,399],[562,399],[563,399],[564,399],[565,399],[566,399],[567,399],[568,399]]","[[568,399],[567,399],[566,399],[565,399],[564,399],[563,399],[562,399],[561,399],[560,399],[559,399],[558,399],[557,399],[556,399],[555,399],[554,399],[553,399],[552,399],[551,398],[550,398],[549,398],[548,398],[547,398],[546,398],[545,398],[544,398],[543,398],[542,398],[541,398],[540,398],[539,398],[538,398],[537,398],[536,398],[535,398],[534,398],[533,397],[532,396],[531,395],[530,395],[529,395],[528,395],[527,395],[526,395],[525,395],[524,395],[523,395],[522,395],[521,395],[520,395],[519,395],[518,395],[517,395],[516,395]]","True","STATIC_SCREEN_SUPPORTED_PLUS_ONE_AABB_0.4x0.8_HEADROOM_2;NOT_PLAYER_VERIFIED","82c31034ea601389a257e773caf96fe146abde1b3016018ff3aeae60115f73eb"
"SV5_INFILL_ROOM_046deef53a11e881349e","SV5_INFILL_ROOM_00b67823c062c775820a","SV5_OPTIONAL_14","[[115,311],[116,311],[116,310],[117,310],[117,309],[118,309],[118,308],[119,308],[119,307],[120,307]]","[]","[[116,311],[116,310],[117,310],[117,309],[118,309],[118,308],[119,308],[119,307]]","8","115,311>116,311","[[100,310],[101,310],[102,310],[103,310],[104,310],[105,310],[106,310],[107,310],[108,310],[109,310],[110,310],[111,310],[112,310],[113,310],[114,310],[115,310],[116,309],[117,308],[118,307],[119,306],[120,306],[121,306],[122,306],[123,306],[124,306],[125,306],[126,306],[127,306],[128,306],[129,306],[130,306],[131,306],[132,306],[133,306],[134,306],[135,306],[136,306]]","[[100,311],[101,311],[102,311],[103,311],[104,311],[105,311],[106,311],[107,311],[108,311],[109,311],[110,311],[111,311],[112,311],[113,311],[114,311],[115,311],[116,310],[117,309],[118,308],[119,307],[120,307],[121,307],[122,307],[123,307],[124,307],[125,307],[126,307],[127,307],[128,307],[129,307],[130,307],[131,307],[132,307],[133,307],[134,307],[135,307],[136,307]]","[[136,307],[135,307],[134,307],[133,307],[132,307],[131,307],[130,307],[129,307],[128,307],[127,307],[126,307],[125,307],[124,307],[123,307],[122,307],[121,307],[120,307],[119,307],[118,308],[117,309],[116,310],[115,311],[114,311],[113,311],[112,311],[111,311],[110,311],[109,311],[108,311],[107,311],[106,311],[105,311],[104,311],[103,311],[102,311],[101,311],[100,311]]","True","STATIC_SCREEN_SUPPORTED_PLUS_ONE_AABB_0.4x0.8_HEADROOM_2;NOT_PLAYER_VERIFIED","82c31034ea601389a257e773caf96fe146abde1b3016018ff3aeae60115f73eb"
"SV5_INFILL_ROOM_047362fa7292191c9238","SV5_INFILL_ROOM_0c77a55869caf038b868","SV5_OPTIONAL_12","[[180,343],[180,344],[179,344],[179,345],[178,345],[178,346],[177,346],[176,346],[175,346],[174,346],[173,346],[172,346],[171,346],[170,346],[169,346],[168,346],[167,346],[166,346],[165,346],[164,346],[163,346],[162,346],[161,346],[160,346],[160,347],[159,347]]","[]","[[179,344],[179,345],[178,345],[178,346],[177,346],[176,346],[175,346],[174,346],[173,346],[172,346],[171,346],[170,346],[169,346],[168,346],[167,346],[166,346],[165,346],[164,346],[163,346],[162,346],[161,346],[160,346],[160,347]]","23","179,344>180,344","[[195,342],[194,342],[193,342],[192,342],[191,342],[190,342],[189,342],[188,342],[187,342],[186,342],[185,342],[184,342],[183,342],[182,342],[181,342],[180,342],[179,343],[178,344],[177,345],[176,345],[175,345],[174,345],[173,345],[172,345],[171,345],[170,345],[169,345],[168,345],[167,345],[166,345],[165,345],[164,345],[163,345],[162,345],[161,345],[160,345],[159,346],[158,346],[157,346],[156,346],[155,346],[154,346],[153,346],[152,346],[151,346],[150,346],[149,346],[148,346],[147,346],[146,346],[145,346],[144,346],[143,346]]","[[195,343],[194,343],[193,343],[192,343],[191,343],[190,343],[189,343],[188,343],[187,343],[186,343],[185,343],[184,343],[183,343],[182,343],[181,343],[180,343],[179,344],[178,345],[177,346],[176,346],[175,346],[174,346],[173,346],[172,346],[171,346],[170,346],[169,346],[168,346],[167,346],[166,346],[165,346],[164,346],[163,346],[162,346],[161,346],[160,346],[159,347],[158,347],[157,347],[156,347],[155,347],[154,347],[153,347],[152,347],[151,347],[150,347],[149,347],[148,347],[147,347],[146,347],[145,347],[144,347],[143,347]]","[[143,347],[144,347],[145,347],[146,347],[147,347],[148,347],[149,347],[150,347],[151,347],[152,347],[153,347],[154,347],[155,347],[156,347],[157,347],[158,347],[159,347],[160,346],[161,346],[162,346],[163,346],[164,346],[165,346],[166,346],[167,346],[168,346],[169,346],[170,346],[171,346],[172,346],[173,346],[174,346],[175,346],[176,346],[177,346],[178,345],[179,344],[180,343],[181,343],[182,343],[183,343],[184,343],[185,343],[186,343],[187,343],[188,343],[189,343],[190,343],[191,343],[192,343],[193,343],[194,343],[195,343]]","True","STATIC_SCREEN_SUPPORTED_PLUS_ONE_AABB_0.4x0.8_HEADROOM_2;NOT_PLAYER_VERIFIED","82c31034ea601389a257e773caf96fe146abde1b3016018ff3aeae60115f73eb"
"SV5_INFILL_ROOM_04837cbd081bd28af8a9","SV5_INFILL_ROOM_0d7a2f9bda44b4a744bd","SV5_OPTIONAL_08","[[108,63],[107,63],[107,62],[106,62],[106,61],[105,61],[105,60],[104,60],[104,59],[103,59],[102,59],[101,59],[100,59],[99,59]]","[]","[[107,63],[107,62],[106,62],[106,61],[105,61],[105,60],[104,60],[104,59],[103,59],[102,59],[101,59],[100,59]]","12","107,63>108,63","[[123,62],[122,62],[121,62],[120,62],[119,62],[118,62],[117,62],[116,62],[115,62],[114,62],[113,62],[112,62],[111,62],[110,62],[109,62],[108,62],[107,61],[106,60],[105,59],[104,58],[103,58],[102,58],[101,58],[100,58],[99,58],[98,58],[97,58],[96,58],[95,58],[94,59],[93,59],[92,60],[91,60],[90,60],[89,60],[88,60],[87,60]]","[[123,63],[122,63],[121,63],[120,63],[119,63],[118,63],[117,63],[116,63],[115,63],[114,63],[113,63],[112,63],[111,63],[110,63],[109,63],[108,63],[107,62],[106,61],[105,60],[104,59],[103,59],[102,59],[101,59],[100,59],[99,59],[98,59],[97,59],[96,59],[95,59],[94,60],[93,60],[92,61],[91,61],[90,61],[89,61],[88,61],[87,61]]","[[87,61],[88,61],[89,61],[90,61],[91,61],[92,61],[93,60],[94,60],[95,59],[96,59],[97,59],[98,59],[99,59],[100,59],[101,59],[102,59],[103,59],[104,59],[105,60],[106,61],[107,62],[108,63],[109,63],[110,63],[111,63],[112,63],[113,63],[114,63],[115,63],[116,63],[117,63],[118,63],[119,63],[120,63],[121,63],[122,63],[123,63]]","True","STATIC_SCREEN_SUPPORTED_PLUS_ONE_AABB_0.4x0.8_HEADROOM_2;NOT_PLAYER_VERIFIED","82c31034ea601389a257e773caf96fe146abde1b3016018ff3aeae60115f73eb"
"SV5_INFILL_ROOM_0496c8692f6450167db1","SV5_OPTIONAL_14","SV5_OPTIONAL_14","[[62,355],[62,356],[63,356],[63,357],[64,357],[64,358],[65,358],[66,358],[67,358],[68,358],[69,358],[70,358],[71,358],[72,358],[73,358],[74,358],[75,358],[76,358],[77,358],[78,358],[79,358],[79,359],[80,359]]","[[60,355],[61,355],[62,355]]","[[61,355],[62,355],[62,356],[63,356],[63,357],[64,357],[64,358],[65,358],[66,358],[67,358],[68,358],[69,358],[70,358],[71,358],[72,358],[73,358],[74,358],[75,358],[76,358],[77,358],[78,358],[79,358],[79,359]]","23","60,355>61,355|60,356>61,356","[[62,354],[63,355],[64,356],[65,357],[66,357],[67,357],[68,357],[69,357],[70,357],[71,357],[72,357],[73,357],[74,357],[75,357],[76,357],[77,357],[78,357],[79,357],[80,358],[81,358],[82,358],[83,358],[84,358],[85,359],[86,359],[87,360],[88,360],[89,360],[90,360],[91,360],[92,360]]","[[62,355],[63,356],[64,357],[65,358],[66,358],[67,358],[68,358],[69,358],[70,358],[71,358],[72,358],[73,358],[74,358],[75,358],[76,358],[77,358],[78,358],[79,358],[80,359],[81,359],[82,359],[83,359],[84,359],[85,360],[86,360],[87,361],[88,361],[89,361],[90,361],[91,361],[92,361]]","[[92,361],[91,361],[90,361],[89,361],[88,361],[87,361],[86,360],[85,360],[84,359],[83,359],[82,359],[81,359],[80,359],[79,358],[78,358],[77,358],[76,358],[75,358],[74,358],[73,358],[72,358],[71,358],[70,358],[69,358],[68,358],[67,358],[66,358],[65,358],[64,357],[63,356],[62,355]]","True","STATIC_SCREEN_SUPPORTED_PLUS_ONE_AABB_0.4x0.8_HEADROOM_2;NOT_PLAYER_VERIFIED","82c31034ea601389a257e773caf96fe146abde1b3016018ff3aeae60115f73eb"
"SV5_INFILL_ROOM_049d36d0b34abe032678","SV5_INFILL_ROOM_04c0756f9129041656e6","SV5_OPTIONAL_12","[[200,327],[199,327],[199,326],[198,326],[198,325],[197,325],[197,324],[196,324],[196,323],[195,323],[194,323],[193,323],[192,323],[191,323]]","[]","[[199,327],[199,326],[198,326],[198,325],[197,325],[197,324],[196,324],[196,323],[195,323],[194,323],[193,323],[192,323]]","12","199,327>200,327","[[219,326],[218,326],[217,326],[216,326],[215,326],[214,326],[213,326],[212,326],[211,326],[210,326],[209,326],[208,326],[207,326],[206,326],[205,326],[204,326],[203,326],[202,326],[201,326],[200,326],[199,325],[198,324],[197,323],[196,322],[195,322],[194,322],[193,322],[192,322],[191,322],[190,322],[189,322],[188,322],[187,322],[186,322],[185,322],[184,322],[183,322],[182,322],[181,322],[180,322],[179,322]]","[[219,327],[218,327],[217,327],[216,327],[215,327],[214,327],[213,327],[212,327],[211,327],[210,327],[209,327],[208,327],[207,327],[206,327],[205,327],[204,327],[203,327],[202,327],[201,327],[200,327],[199,326],[198,325],[197,324],[196,323],[195,323],[194,323],[193,323],[192,323],[191,323],[190,323],[189,323],[188,323],[187,323],[186,323],[185,323],[184,323],[183,323],[182,323],[181,323],[180,323],[179,323]]","[[179,323],[180,323],[181,323],[182,323],[183,323],[184,323],[185,323],[186,323],[187,323],[188,323],[189,323],[190,323],[191,323],[192,323],[193,323],[194,323],[195,323],[196,323],[197,324],[198,325],[199,326],[200,327],[201,327],[202,327],[203,327],[204,327],[205,327],[206,327],[207,327],[208,327],[209,327],[210,327],[211,327],[212,327],[213,327],[214,327],[215,327],[216,327],[217,327],[218,327],[219,327]]","True","STATIC_SCREEN_SUPPORTED_PLUS_ONE_AABB_0.4x0.8_HEADROOM_2;NOT_PLAYER_VERIFIED","82c31034ea601389a257e773caf96fe146abde1b3016018ff3aeae60115f73eb"
"SV5_INFILL_ROOM_04a09a81b1cf9f7b40f0","SV5_INFILL_ROOM_01ed7b7c5925bf37dc1e","SV5_OPTIONAL_12","[[180,361],[180,362],[179,362],[178,362],[177,362],[176,362],[175,362],[174,362],[173,362],[172,362],[171,362],[170,362],[169,362],[168,362],[167,362],[166,362],[165,362],[164,362],[163,362],[162,362],[161,362],[160,362],[160,363],[159,363]]","[]","[[179,362],[178,362],[177,362],[176,362],[175,362],[174,362],[173,362],[172,362],[171,362],[170,362],[169,362],[168,362],[167,362],[166,362],[165,362],[164,362],[163,362],[162,362],[161,362],[160,362],[160,363]]","21","179,362>180,362","[[195,358],[194,358],[193,358],[192,358],[191,358],[190,359],[189,359],[188,360],[187,360],[186,360],[185,360],[184,360],[183,360],[182,360],[181,360],[180,360],[179,361],[178,361],[177,361],[176,361],[175,361],[174,361],[173,361],[172,361],[171,361],[170,361],[169,361],[168,361],[167,361],[166,361],[165,361],[164,361],[163,361],[162,361],[161,361],[160,361],[159,362],[158,362],[157,362],[156,362],[155,362],[154,362],[153,362],[152,362],[151,362],[150,362],[149,362],[148,362],[147,362]]","[[195,359],[194,359],[193,359],[192,359],[191,359],[190,360],[189,360],[188,361],[187,361],[186,361],[185,361],[184,361],[183,361],[182,361],[181,361],[180,361],[179,362],[178,362],[177,362],[176,362],[175,362],[174,362],[173,362],[172,362],[171,362],[170,362],[169,362],[168,362],[167,362],[166,362],[165,362],[164,362],[163,362],[162,362],[161,362],[160,362],[159,363],[158,363],[157,363],[156,363],[155,363],[154,363],[153,363],[152,363],[151,363],[150,363],[149,363],[148,363],[147,363]]","[[147,363],[148,363],[149,363],[150,363],[151,363],[152,363],[153,363],[154,363],[155,363],[156,363],[157,363],[158,363],[159,363],[160,362],[161,362],[162,362],[163,362],[164,362],[165,362],[166,362],[167,362],[168,362],[169,362],[170,362],[171,362],[172,362],[173,362],[174,362],[175,362],[176,362],[177,362],[178,362],[179,362],[180,361],[181,361],[182,361],[183,361],[184,361],[185,361],[186,361],[187,361],[188,361],[189,360],[190,360],[191,359],[192,359],[193,359],[194,359],[195,359]]","True","STATIC_SCREEN_SUPPORTED_PLUS_ONE_AABB_0.4x0.8_HEADROOM_2;NOT_PLAYER_VERIFIED","82c31034ea601389a257e773caf96fe146abde1b3016018ff3aeae60115f73eb"
"SV5_INFILL_ROOM_04ad25dcb101169f2db9","SV5_OPTIONAL_12","SV5_OPTIONAL_12","[[242,375],[242,376],[241,376],[241,377],[240,377],[240,378],[239,378],[238,378],[237,378],[236,378],[236,379],[235,379]]","[[244,375],[243,375],[242,375]]","[[243,375],[242,375],[242,376],[241,376],[241,377],[240,377],[240,378],[239,378],[238,378],[237,378],[236,378],[236,379]]","12","243,375>244,375|243,376>244,376","[[242,374],[241,375],[240,376],[239,377],[238,377],[237,377],[236,377],[235,378],[234,378],[233,378],[232,378],[231,378],[230,378],[229,378],[228,378],[227,378],[226,378],[225,378],[224,378],[223,378],[222,378],[221,378],[220,378],[219,378]]","[[242,375],[241,376],[240,377],[239,378],[238,378],[237,378],[236,378],[235,379],[234,379],[233,379],[232,379],[231,379],[230,379],[229,379],[228,379],[227,379],[226,379],[225,379],[224,379],[223,379],[222,379],[221,379],[220,379],[219,379]]","[[219,379],[220,379],[221,379],[222,379],[223,379],[224,379],[225,379],[226,379],[227,379],[228,379],[229,379],[230,379],[231,379],[232,379],[233,379],[234,379],[235,379],[236,378],[237,378],[238,378],[239,378],[240,377],[241,376],[242,375]]","True","STATIC_SCREEN_SUPPORTED_PLUS_ONE_AABB_0.4x0.8_HEADROOM_2;NOT_PLAYER_VERIFIED","82c31034ea601389a257e773caf96fe146abde1b3016018ff3aeae60115f73eb"
"SV5_INFILL_ROOM_04c0756f9129041656e6","SV5_OPTIONAL_12","SV5_OPTIONAL_12","[[241,327],[240,327],[239,327],[238,327],[237,327],[236,327],[235,327],[234,327],[233,327],[232,327],[231,327],[230,327],[229,327],[228,327],[227,327],[226,327],[225,327],[224,327],[223,327],[222,327],[221,327],[220,327],[219,327]]","[[243,327],[242,327],[241,327]]","[[242,327],[241,327],[240,327],[239,327],[238,327],[237,327],[236,327],[235,327],[234,327],[233,327],[232,327],[231,327],[230,327],[229,327],[228,327],[227,327],[226,327],[225,327],[224,327],[223,327],[222,327],[221,327],[220,327]]","23","242,327>243,327|242,328>243,328","[[241,326],[240,326],[239,326],[238,326],[237,326],[236,326],[235,326],[234,326],[233,326],[232,326],[231,326],[230,326],[229,326],[228,326],[227,326],[226,326],[225,326],[224,326],[223,326],[222,326],[221,326],[220,326],[219,326],[218,326],[217,326],[216,326],[215,326],[214,326],[213,326],[212,326],[211,326],[210,326],[209,326],[208,326],[207,326],[206,326],[205,326],[204,326],[203,326]]","[[241,327],[240,327],[239,327],[238,327],[237,327],[236,327],[235,327],[234,327],[233,327],[232,327],[231,327],[230,327],[229,327],[228,327],[227,327],[226,327],[225,327],[224,327],[223,327],[222,327],[221,327],[220,327],[219,327],[218,327],[217,327],[216,327],[215,327],[214,327],[213,327],[212,327],[211,327],[210,327],[209,327],[208,327],[207,327],[206,327],[205,327],[204,327],[203,327]]","[[203,327],[204,327],[205,327],[206,327],[207,327],[208,327],[209,327],[210,327],[211,327],[212,327],[213,327],[214,327],[215,327],[216,327],[217,327],[218,327],[219,327],[220,327],[221,327],[222,327],[223,327],[224,327],[225,327],[226,327],[227,327],[228,327],[229,327],[230,327],[231,327],[232,327],[233,327],[234,327],[235,327],[236,327],[237,327],[238,327],[239,327],[240,327],[241,327]]","True","STATIC_SCREEN_SUPPORTED_PLUS_ONE_AABB_0.4x0.8_HEADROOM_2;NOT_PLAYER_VERIFIED","82c31034ea601389a257e773caf96fe146abde1b3016018ff3aeae60115f73eb"
"SV5_INFILL_ROOM_04cc6f247c23444a21e8","SV5_INFILL_ROOM_01436909100db22b451e","SV5_OPTIONAL_10","[[144,239],[143,239],[143,238],[142,238],[142,237],[141,237],[141,236],[140,236],[140,235],[139,235],[139,234],[138,234],[138,233],[137,233],[137,232],[136,232],[136,231],[135,231],[134,231],[133,231],[132,231],[131,231],[130,231],[129,231],[128,231],[127,231]]","[]","[[143,239],[143,238],[142,238],[142,237],[141,237],[141,236],[140,236],[140,235],[139,235],[139,234],[138,234],[138,233],[137,233],[137,232],[136,232],[136,231],[135,231],[134,231],[133,231],[132,231],[131,231],[130,231],[129,231],[128,231]]","24","143,239>144,239","[[159,238],[158,238],[157,238],[156,238],[155,238],[154,238],[153,238],[152,238],[151,238],[150,238],[149,238],[148,238],[147,238],[146,238],[145,238],[144,238],[143,237],[142,236],[141,235],[140,234],[139,233],[138,232],[137,231],[136,230],[135,230],[134,230],[133,230],[132,230],[131,230],[130,230],[129,230],[128,230],[127,230],[126,230],[125,230],[124,230],[123,230],[122,230],[121,230],[120,230],[119,230],[118,230],[117,230],[116,230],[115,230]]","[[159,239],[158,239],[157,239],[156,239],[155,239],[154,239],[153,239],[152,239],[151,239],[150,239],[149,239],[148,239],[147,239],[146,239],[145,239],[144,239],[143,238],[142,237],[141,236],[140,235],[139,234],[138,233],[137,232],[136,231],[135,231],[134,231],[133,231],[132,231],[131,231],[130,231],[129,231],[128,231],[127,231],[126,231],[125,231],[124,231],[123,231],[122,231],[121,231],[120,231],[119,231],[118,231],[117,231],[116,231],[115,231]]","[[115,231],[116,231],[117,231],[118,231],[119,231],[120,231],[121,231],[122,231],[123,231],[124,231],[125,231],[126,231],[127,231],[128,231],[129,231],[130,231],[131,231],[132,231],[133,231],[134,231],[135,231],[136,231],[137,232],[138,233],[139,234],[140,235],[141,236],[142,237],[143,238],[144,239],[145,239],[146,239],[147,239],[148,239],[149,239],[150,239],[151,239],[152,239],[153,239],[154,239],[155,239],[156,239],[157,239],[158,239],[159,239]]","True","STATIC_SCREEN_SUPPORTED_PLUS_ONE_AABB_0.4x0.8_HEADROOM_2;NOT_PLAYER_VERIFIED","82c31034ea601389a257e773caf96fe146abde1b3016018ff3aeae60115f73eb"
"SV5_INFILL_ROOM_04e7f66dbff892010bd0","SV5_OPTIONAL_TO_VILLAGE","SV5_OPTIONAL_TO_VILLAGE","[[349,262],[350,262],[350,261],[351,261],[351,260],[352,260],[352,259],[353,259],[353,258],[354,258],[354,257],[355,257],[355,256],[356,256],[356,255],[357,255],[357,254],[358,254],[358,253],[359,253],[359,252],[360,252],[360,251]]","[[349,263],[349,262]]","[[349,263],[349,262],[350,262],[350,261],[351,261],[351,260],[352,260],[352,259],[353,259],[353,258],[354,258],[354,257],[355,257],[355,256],[356,256],[356,255],[357,255],[357,254],[358,254],[358,253],[359,253],[359,252]]","22","349,262>349,263|348,263>349,263|349,263>350,263|350,262>350,263","[[349,261],[350,260],[351,259],[352,258],[353,257],[354,256],[355,255],[356,254],[357,253],[358,252],[359,251],[360,250],[361,250],[362,250],[363,250],[364,250],[365,250],[366,250],[367,250],[368,250],[369,250],[370,250],[371,250],[372,250]]","[[349,262],[350,261],[351,260],[352,259],[353,258],[354,257],[355,256],[356,255],[357,254],[358,253],[359,252],[360,251],[361,251],[362,251],[363,251],[364,251],[365,251],[366,251],[367,251],[368,251],[369,251],[370,251],[371,251],[372,251]]","[[372,251],[371,251],[370,251],[369,251],[368,251],[367,251],[366,251],[365,251],[364,251],[363,251],[362,251],[361,251],[360,251],[359,252],[358,253],[357,254],[356,255],[355,256],[354,257],[353,258],[352,259],[351,260],[350,261],[349,262]]","True","STATIC_SCREEN_SUPPORTED_PLUS_ONE_AABB_0.4x0.8_HEADROOM_2;NOT_PLAYER_VERIFIED","82c31034ea601389a257e773caf96fe146abde1b3016018ff3aeae60115f73eb"
"SV5_INFILL_ROOM_04ed135bc0ea044996b2","SV5_OPTIONAL_12","SV5_OPTIONAL_12","[[241,291],[241,292],[240,292],[240,293],[239,293],[239,294],[238,294],[237,294],[236,294],[236,295],[235,295]]","[[243,291],[242,291],[241,291]]","[[242,291],[241,291],[241,292],[240,292],[240,293],[239,293],[239,294],[238,294],[237,294],[236,294],[236,295]]","11","242,291>243,291|242,292>243,292","[[241,290],[240,291],[239,292],[238,293],[237,293],[236,293],[235,294],[234,294],[233,294],[232,294],[231,294],[230,294],[229,294],[228,294],[227,294],[226,294],[225,294],[224,294],[223,294]]","[[241,291],[240,292],[239,293],[238,294],[237,294],[236,294],[235,295],[234,295],[233,295],[232,295],[231,295],[230,295],[229,295],[228,295],[227,295],[226,295],[225,295],[224,295],[223,295]]","[[223,295],[224,295],[225,295],[226,295],[227,295],[228,295],[229,295],[230,295],[231,295],[232,295],[233,295],[234,295],[235,295],[236,294],[237,294],[238,294],[239,293],[240,292],[241,291]]","True","STATIC_SCREEN_SUPPORTED_PLUS_ONE_AABB_0.4x0.8_HEADROOM_2;NOT_PLAYER_VERIFIED","82c31034ea601389a257e773caf96fe146abde1b3016018ff3aeae60115f73eb"
"SV5_INFILL_ROOM_050904725fdcd82ff28e","SV5_OPTIONAL_04","SV5_OPTIONAL_04","[[558,67],[558,68],[559,68],[559,69],[560,69],[560,70],[561,70],[561,71],[562,71],[562,72],[563,72],[563,73],[564,73],[564,74],[565,74],[566,74],[567,74],[568,74],[569,74],[570,74],[571,74],[571,75],[572,75]]","[[556,67],[557,67],[558,67]]","[[557,67],[558,67],[558,68],[559,68],[559,69],[560,69],[560,70],[561,70],[561,71],[562,71],[562,72],[563,72],[563,73],[564,73],[564,74],[565,74],[566,74],[567,74],[568,74],[569,74],[570,74],[571,74],[571,75]]","23","556,67>557,67|556,68>557,68","[[558,66],[559,67],[560,68],[561,69],[562,70],[563,71],[564,72],[565,73],[566,73],[567,73],[568,73],[569,73],[570,73],[571,73],[572,74],[573,74],[574,74],[575,74],[576,74],[577,74],[578,74],[579,74],[580,74],[581,74],[582,74],[583,74],[584,74],[585,74],[586,74],[587,74],[588,74]]","[[558,67],[559,68],[560,69],[561,70],[562,71],[563,72],[564,73],[565,74],[566,74],[567,74],[568,74],[569,74],[570,74],[571,74],[572,75],[573,75],[574,75],[575,75],[576,75],[577,75],[578,75],[579,75],[580,75],[581,75],[582,75],[583,75],[584,75],[585,75],[586,75],[587,75],[588,75]]","[[588,75],[587,75],[586,75],[585,75],[584,75],[583,75],[582,75],[581,75],[580,75],[579,75],[578,75],[577,75],[576,75],[575,75],[574,75],[573,75],[572,75],[571,74],[570,74],[569,74],[568,74],[567,74],[566,74],[565,74],[564,73],[563,72],[562,71],[561,70],[560,69],[559,68],[558,67]]","True","STATIC_SCREEN_SUPPORTED_PLUS_ONE_AABB_0.4x0.8_HEADROOM_2;NOT_PLAYER_VERIFIED","82c31034ea601389a257e773caf96fe146abde1b3016018ff3aeae60115f73eb"
"SV5_INFILL_ROOM_055856717f4139baf16b","SV5_INFILL_ROOM_005a04bda9ede05b1190","SV5_OPTIONAL_09","[[92,131],[91,131],[91,130],[90,130],[90,129],[89,129],[89,128],[88,128],[88,127],[87,127],[86,127],[85,127],[84,127],[83,127]]","[]","[[91,131],[91,130],[90,130],[90,129],[89,129],[89,128],[88,128],[88,127],[87,127],[86,127],[85,127],[84,127]]","12","91,131>92,131","[[107,130],[106,130],[105,130],[104,130],[103,130],[102,130],[101,130],[100,130],[99,130],[98,130],[97,130],[96,130],[95,130],[94,130],[93,130],[92,130],[91,129],[90,128],[89,127],[88,126],[87,126],[86,126],[85,126],[84,126],[83,126],[82,126],[81,126],[80,126],[79,126],[78,127],[77,127],[76,128],[75,128],[74,128],[73,128],[72,128],[71,128]]","[[107,131],[106,131],[105,131],[104,131],[103,131],[102,131],[101,131],[100,131],[99,131],[98,131],[97,131],[96,131],[95,131],[94,131],[93,131],[92,131],[91,130],[90,129],[89,128],[88,127],[87,127],[86,127],[85,127],[84,127],[83,127],[82,127],[81,127],[80,127],[79,127],[78,128],[77,128],[76,129],[75,129],[74,129],[73,129],[72,129],[71,129]]","[[71,129],[72,129],[73,129],[74,129],[75,129],[76,129],[77,128],[78,128],[79,127],[80,127],[81,127],[82,127],[83,127],[84,127],[85,127],[86,127],[87,127],[88,127],[89,128],[90,129],[91,130],[92,131],[93,131],[94,131],[95,131],[96,131],[97,131],[98,131],[99,131],[100,131],[101,131],[102,131],[103,131],[104,131],[105,131],[106,131],[107,131]]","True","STATIC_SCREEN_SUPPORTED_PLUS_ONE_AABB_0.4x0.8_HEADROOM_2;NOT_PLAYER_VERIFIED","82c31034ea601389a257e773caf96fe146abde1b3016018ff3aeae60115f73eb"
"SV5_INFILL_ROOM_057bf90d15626a0398cb","SV5_INFILL_ROOM_03e9854a823531fd8709","SV5_OPTIONAL_01","[[328,307],[327,307],[327,306],[326,306],[326,305],[325,305],[325,304],[324,304],[324,303],[323,303]]","[]","[[327,307],[327,306],[326,306],[326,305],[325,305],[325,304],[324,304],[324,303]]","8","327,307>328,307","[[343,306],[342,306],[341,306],[340,306],[339,306],[338,306],[337,306],[336,306],[335,306],[334,306],[333,306],[332,306],[331,306],[330,306],[329,306],[328,306],[327,305],[326,304],[325,303],[324,302],[323,302],[322,302],[321,302],[320,302],[319,302],[318,302],[317,302],[316,302],[315,302],[314,302],[313,302],[312,302],[311,302]]","[[343,307],[342,307],[341,307],[340,307],[339,307],[338,307],[337,307],[336,307],[335,307],[334,307],[333,307],[332,307],[331,307],[330,307],[329,307],[328,307],[327,306],[326,305],[325,304],[324,303],[323,303],[322,303],[321,303],[320,303],[319,303],[318,303],[317,303],[316,303],[315,303],[314,303],[313,303],[312,303],[311,303]]","[[311,303],[312,303],[313,303],[314,303],[315,303],[316,303],[317,303],[318,303],[319,303],[320,303],[321,303],[322,303],[323,303],[324,303],[325,304],[326,305],[327,306],[328,307],[329,307],[330,307],[331,307],[332,307],[333,307],[334,307],[335,307],[336,307],[337,307],[338,307],[339,307],[340,307],[341,307],[342,307],[343,307]]","True","STATIC_SCREEN_SUPPORTED_PLUS_ONE_AABB_0.4x0.8_HEADROOM_2;NOT_PLAYER_VERIFIED","82c31034ea601389a257e773caf96fe146abde1b3016018ff3aeae60115f73eb"
"SV5_INFILL_ROOM_057f4cde4560023e146d","SV5_OPTIONAL_04","SV5_OPTIONAL_04","[[554,71],[554,72],[553,72],[553,73],[552,73],[552,74],[551,74],[550,74],[549,74],[548,74],[548,75],[547,75]]","[[556,71],[555,71],[554,71]]","[[555,71],[554,71],[554,72],[553,72],[553,73],[552,73],[552,74],[551,74],[550,74],[549,74],[548,74],[548,75]]","12","555,71>556,71|555,72>556,72","[[554,70],[553,71],[552,72],[551,73],[550,73],[549,73],[548,73],[547,74],[546,74],[545,74],[544,74],[543,74],[542,74],[541,74],[540,74],[539,74],[538,74],[537,74],[536,74],[535,74]]","[[554,71],[553,72],[552,73],[551,74],[550,74],[549,74],[548,74],[547,75],[546,75],[545,75],[544,75],[543,75],[542,75],[541,75],[540,75],[539,75],[538,75],[537,75],[536,75],[535,75]]","[[535,75],[536,75],[537,75],[538,75],[539,75],[540,75],[541,75],[542,75],[543,75],[544,75],[545,75],[546,75],[547,75],[548,74],[549,74],[550,74],[551,74],[552,73],[553,72],[554,71]]","True","STATIC_SCREEN_SUPPORTED_PLUS_ONE_AABB_0.4x0.8_HEADROOM_2;NOT_PLAYER_VERIFIED","82c31034ea601389a257e773caf96fe146abde1b3016018ff3aeae60115f73eb"
"SV5_INFILL_ROOM_0584c23697100b09d0ae","SV5_INFILL_ROOM_0211dda6690845617294","SV5_OPTIONAL_06","[[188,55],[187,55],[187,54],[186,54],[186,53],[185,53],[185,52],[184,52],[184,51],[183,51]]","[]","[[187,55],[187,54],[186,54],[186,53],[185,53],[185,52],[184,52],[184,51]]","8","187,55>188,55","[[203,54],[202,54],[201,54],[200,54],[199,54],[198,54],[197,54],[196,54],[195,54],[194,54],[193,54],[192,54],[191,54],[190,54],[189,54],[188,54],[187,53],[186,52],[185,51],[184,50],[183,50],[182,50],[181,50],[180,50],[179,50],[178,50],[177,50],[176,50],[175,50],[174,50],[173,50],[172,50],[171,50],[170,50],[169,50],[168,50],[167,50]]","[[203,55],[202,55],[201,55],[200,55],[199,55],[198,55],[197,55],[196,55],[195,55],[194,55],[193,55],[192,55],[191,55],[190,55],[189,55],[188,55],[187,54],[186,53],[185,52],[184,51],[183,51],[182,51],[181,51],[180,51],[179,51],[178,51],[177,51],[176,51],[175,51],[174,51],[173,51],[172,51],[171,51],[170,51],[169,51],[168,51],[167,51]]","[[167,51],[168,51],[169,51],[170,51],[171,51],[172,51],[173,51],[174,51],[175,51],[176,51],[177,51],[178,51],[179,51],[180,51],[181,51],[182,51],[183,51],[184,51],[185,52],[186,53],[187,54],[188,55],[189,55],[190,55],[191,55],[192,55],[193,55],[194,55],[195,55],[196,55],[197,55],[198,55],[199,55],[200,55],[201,55],[202,55],[203,55]]","True","STATIC_SCREEN_SUPPORTED_PLUS_ONE_AABB_0.4x0.8_HEADROOM_2;NOT_PLAYER_VERIFIED","82c31034ea601389a257e773caf96fe146abde1b3016018ff3aeae60115f73eb"
"SV5_INFILL_ROOM_05885ce148e473a135b3","SV5_OPTIONAL_04","SV5_OPTIONAL_04","[[554,155],[553,155],[552,155],[551,155]]","[[556,155],[555,155],[554,155]]","[[555,155],[554,155],[553,155],[552,155]]","4","555,155>556,155|555,156>556,156","[[554,154],[553,154],[552,154],[551,154],[550,154],[549,154],[548,154],[547,154],[546,154],[545,154],[544,154],[543,154],[542,154],[541,154],[540,154],[539,154]]","[[554,155],[553,155],[552,155],[551,155],[550,155],[549,155],[548,155],[547,155],[546,155],[545,155],[544,155],[543,155],[542,155],[541,155],[540,155],[539,155]]","[[539,155],[540,155],[541,155],[542,155],[543,155],[544,155],[545,155],[546,155],[547,155],[548,155],[549,155],[550,155],[551,155],[552,155],[553,155],[554,155]]","True","STATIC_SCREEN_SUPPORTED_PLUS_ONE_AABB_0.4x0.8_HEADROOM_2;NOT_PLAYER_VERIFIED","82c31034ea601389a257e773caf96fe146abde1b3016018ff3aeae60115f73eb"
"SV5_INFILL_ROOM_0591ab8eb2a9227b48a9","SV5_OPTIONAL_03","SV5_OPTIONAL_03","[[582,295],[583,295],[584,295]]","[[580,295],[581,295],[582,295]]","[[581,295],[582,295],[583,295]]","3","580,295>581,295|580,296>581,296","[[582,294],[583,294],[584,294],[585,294],[586,294],[587,294],[588,294],[589,294],[590,294],[591,294],[592,294],[593,294],[594,294],[595,294],[596,294]]","[[582,295],[583,295],[584,295],[585,295],[586,295],[587,295],[588,295],[589,295],[590,295],[591,295],[592,295],[593,295],[594,295],[595,295],[596,295]]","[[596,295],[595,295],[594,295],[593,295],[592,295],[591,295],[590,295],[589,295],[588,295],[587,295],[586,295],[585,295],[584,295],[583,295],[582,295]]","True","STATIC_SCREEN_SUPPORTED_PLUS_ONE_AABB_0.4x0.8_HEADROOM_2;NOT_PLAYER_VERIFIED","82c31034ea601389a257e773caf96fe146abde1b3016018ff3aeae60115f73eb"
"SV5_INFILL_ROOM_06032e7a69ef56e8fe45","SV5_INFILL_ROOM_03d84283017b5d788d9b","SV5_OPTIONAL_04","[[480,33],[479,33],[479,32],[478,32],[478,31],[477,31],[477,30],[476,30],[476,29],[475,29],[475,28],[474,28],[474,27],[473,27],[472,27],[471,27],[470,27],[469,27],[468,27],[467,27]]","[]","[[479,33],[479,32],[478,32],[478,31],[477,31],[477,30],[476,30],[476,29],[475,29],[475,28],[474,28],[474,27],[473,27],[472,27],[471,27],[470,27],[469,27],[468,27]]","18","479,33>480,33","[[495,30],[494,30],[493,30],[492,30],[491,30],[490,31],[489,31],[488,32],[487,32],[486,32],[485,32],[484,32],[483,32],[482,32],[481,32],[480,32],[479,31],[478,30],[477,29],[476,28],[475,27],[474,26],[473,26],[472,26],[471,26],[470,26],[469,26],[468,26],[467,26],[466,26],[465,26],[464,26],[463,26],[462,26],[461,26],[460,26],[459,26],[458,26],[457,26],[456,26],[455,26]]","[[495,31],[494,31],[493,31],[492,31],[491,31],[490,32],[489,32],[488,33],[487,33],[486,33],[485,33],[484,33],[483,33],[482,33],[481,33],[480,33],[479,32],[478,31],[477,30],[476,29],[475,28],[474,27],[473,27],[472,27],[471,27],[470,27],[469,27],[468,27],[467,27],[466,27],[465,27],[464,27],[463,27],[462,27],[461,27],[460,27],[459,27],[458,27],[457,27],[456,27],[455,27]]","[[455,27],[456,27],[457,27],[458,27],[459,27],[460,27],[461,27],[462,27],[463,27],[464,27],[465,27],[466,27],[467,27],[468,27],[469,27],[470,27],[471,27],[472,27],[473,27],[474,27],[475,28],[476,29],[477,30],[478,31],[479,32],[480,33],[481,33],[482,33],[483,33],[484,33],[485,33],[486,33],[487,33],[488,33],[489,32],[490,32],[491,31],[492,31],[493,31],[494,31],[495,31]]","True","STATIC_SCREEN_SUPPORTED_PLUS_ONE_AABB_0.4x0.8_HEADROOM_2;NOT_PLAYER_VERIFIED","82c31034ea601389a257e773caf96fe146abde1b3016018ff3aeae60115f73eb"
"SV5_INFILL_ROOM_06221a856d3548df6440","SV5_OPTIONAL_04","SV5_OPTIONAL_04","[[554,47],[553,47],[552,47],[551,47]]","[[556,47],[555,47],[554,47]]","[[555,47],[554,47],[553,47],[552,47]]","4","555,47>556,47|555,48>556,48","[[554,46],[553,46],[552,46],[551,46],[550,46],[549,46],[548,46],[547,46],[546,46],[545,46],[544,46],[543,46],[542,46],[541,46],[540,46],[539,46]]","[[554,47],[553,47],[552,47],[551,47],[550,47],[549,47],[548,47],[547,47],[546,47],[545,47],[544,47],[543,47],[542,47],[541,47],[540,47],[539,47]]","[[539,47],[540,47],[541,47],[542,47],[543,47],[544,47],[545,47],[546,47],[547,47],[548,47],[549,47],[550,47],[551,47],[552,47],[553,47],[554,47]]","True","STATIC_SCREEN_SUPPORTED_PLUS_ONE_AABB_0.4x0.8_HEADROOM_2;NOT_PLAYER_VERIFIED","82c31034ea601389a257e773caf96fe146abde1b3016018ff3aeae60115f73eb"
"SV5_INFILL_ROOM_063a2d67d95ef1981e29","SV5_OPTIONAL_12","SV5_OPTIONAL_12","[[241,339],[241,340],[240,340],[240,341],[239,341],[239,342],[238,342],[237,342],[236,342],[235,342],[234,342],[233,342],[232,342],[231,342],[230,342],[229,342],[228,342],[227,342],[226,342],[225,342],[224,342],[224,343],[223,343]]","[[243,339],[242,339],[241,339]]","[[242,339],[241,339],[241,340],[240,340],[240,341],[239,341],[239,342],[238,342],[237,342],[236,342],[235,342],[234,342],[233,342],[232,342],[231,342],[230,342],[229,342],[228,342],[227,342],[226,342],[225,342],[224,342],[224,343]]","23","242,339>243,339|242,340>243,340","[[241,338],[240,339],[239,340],[238,341],[237,341],[236,341],[235,341],[234,341],[233,341],[232,341],[231,341],[230,341],[229,341],[228,341],[227,341],[226,341],[225,341],[224,341],[223,342],[222,342],[221,342],[220,342],[219,342],[218,343],[217,343],[216,344],[215,344],[214,344],[213,344],[212,344],[211,344]]","[[241,339],[240,340],[239,341],[238,342],[237,342],[236,342],[235,342],[234,342],[233,342],[232,342],[231,342],[230,342],[229,342],[228,342],[227,342],[226,342],[225,342],[224,342],[223,343],[222,343],[221,343],[220,343],[219,343],[218,344],[217,344],[216,345],[215,345],[214,345],[213,345],[212,345],[211,345]]","[[211,345],[212,345],[213,345],[214,345],[215,345],[216,345],[217,344],[218,344],[219,343],[220,343],[221,343],[222,343],[223,343],[224,342],[225,342],[226,342],[227,342],[228,342],[229,342],[230,342],[231,342],[232,342],[233,342],[234,342],[235,342],[236,342],[237,342],[238,342],[239,341],[240,340],[241,339]]","True","STATIC_SCREEN_SUPPORTED_PLUS_ONE_AABB_0.4x0.8_HEADROOM_2;NOT_PLAYER_VERIFIED","82c31034ea601389a257e773caf96fe146abde1b3016018ff3aeae60115f73eb"
"SV5_INFILL_ROOM_066b1d1a12bca83a88bb","SV5_INFILL_ROOM_081009b74534c906e23b","SV5_OPTIONAL_10","[[40,229],[39,229],[39,228],[38,228],[38,227],[37,227],[37,226],[36,226],[36,225],[35,225],[35,224],[34,224],[34,223],[33,223],[32,223],[31,223],[30,223],[29,223],[28,223],[27,223]]","[]","[[39,229],[39,228],[38,228],[38,227],[37,227],[37,226],[36,226],[36,225],[35,225],[35,224],[34,224],[34,223],[33,223],[32,223],[31,223],[30,223],[29,223],[28,223]]","18","39,229>40,229","[[55,226],[54,226],[53,226],[52,226],[51,226],[50,227],[49,227],[48,228],[47,228],[46,228],[45,228],[44,228],[43,228],[42,228],[41,228],[40,228],[39,227],[38,226],[37,225],[36,224],[35,223],[34,222],[33,222],[32,222],[31,222],[30,222],[29,222],[28,222],[27,222],[26,222],[25,222],[24,222],[23,222],[22,222],[21,222],[20,222],[19,222],[18,222],[17,222],[16,222],[15,222],[14,222],[13,222],[12,222],[11,222]]","[[55,227],[54,227],[53,227],[52,227],[51,227],[50,228],[49,228],[48,229],[47,229],[46,229],[45,229],[44,229],[43,229],[42,229],[41,229],[40,229],[39,228],[38,227],[37,226],[36,225],[35,224],[34,223],[33,223],[32,223],[31,223],[30,223],[29,223],[28,223],[27,223],[26,223],[25,223],[24,223],[23,223],[22,223],[21,223],[20,223],[19,223],[18,223],[17,223],[16,223],[15,223],[14,223],[13,223],[12,223],[11,223]]","[[11,223],[12,223],[13,223],[14,223],[15,223],[16,223],[17,223],[18,223],[19,223],[20,223],[21,223],[22,223],[23,223],[24,223],[25,223],[26,223],[27,223],[28,223],[29,223],[30,223],[31,223],[32,223],[33,223],[34,223],[35,224],[36,225],[37,226],[38,227],[39,228],[40,229],[41,229],[42,229],[43,229],[44,229],[45,229],[46,229],[47,229],[48,229],[49,228],[50,228],[51,227],[52,227],[53,227],[54,227],[55,227]]","True","STATIC_SCREEN_SUPPORTED_PLUS_ONE_AABB_0.4x0.8_HEADROOM_2;NOT_PLAYER_VERIFIED","82c31034ea601389a257e773caf96fe146abde1b3016018ff3aeae60115f73eb"
"SV5_INFILL_ROOM_066b4072c675a9f1eb89","SV5_INFILL_ROOM_000c3495817d6dc43df6","SV5_OPTIONAL_14","[[111,391],[111,392],[112,392],[112,393],[113,393],[113,394],[114,394],[114,395],[115,395],[115,396],[116,396],[116,397],[117,397],[117,398],[118,398],[119,398],[119,399],[120,399]]","[]","[[112,392],[112,393],[113,393],[113,394],[114,394],[114,395],[115,395],[115,396],[116,396],[116,397],[117,397],[117,398],[118,398],[119,398],[119,399]]","15","111,392>112,392","[[92,390],[93,390],[94,390],[95,390],[96,390],[97,390],[98,390],[99,390],[100,390],[101,390],[102,390],[103,390],[104,390],[105,390],[106,390],[107,390],[108,390],[109,390],[110,390],[111,390],[112,391],[113,392],[114,393],[115,394],[116,395],[117,396],[118,397],[119,397],[120,398],[121,398],[122,398],[123,398],[124,398],[125,398],[126,398],[127,398],[128,398],[129,398],[130,398],[131,398],[132,398]]","[[92,391],[93,391],[94,391],[95,391],[96,391],[97,391],[98,391],[99,391],[100,391],[101,391],[102,391],[103,391],[104,391],[105,391],[106,391],[107,391],[108,391],[109,391],[110,391],[111,391],[112,392],[113,393],[114,394],[115,395],[116,396],[117,397],[118,398],[119,398],[120,399],[121,399],[122,399],[123,399],[124,399],[125,399],[126,399],[127,399],[128,399],[129,399],[130,399],[131,399],[132,399]]","[[132,399],[131,399],[130,399],[129,399],[128,399],[127,399],[126,399],[125,399],[124,399],[123,399],[122,399],[121,399],[120,399],[119,398],[118,398],[117,397],[116,396],[115,395],[114,394],[113,393],[112,392],[111,391],[110,391],[109,391],[108,391],[107,391],[106,391],[105,391],[104,391],[103,391],[102,391],[101,391],[100,391],[99,391],[98,391],[97,391],[96,391],[95,391],[94,391],[93,391],[92,391]]","True","STATIC_SCREEN_SUPPORTED_PLUS_ONE_AABB_0.4x0.8_HEADROOM_2;NOT_PLAYER_VERIFIED","82c31034ea601389a257e773caf96fe146abde1b3016018ff3aeae60115f73eb"
"SV5_INFILL_ROOM_066d680be4ccb704b181","SV5_OPTIONAL_11","SV5_OPTIONAL_11","[[157,262],[156,262],[156,261],[155,261],[155,260],[154,260],[154,259],[153,259],[152,259],[151,259],[150,259],[149,259],[148,259],[147,259]]","[[157,263],[157,262]]","[[157,263],[157,262],[156,262],[156,261],[155,261],[155,260],[154,260],[154,259],[153,259],[152,259],[151,259],[150,259],[149,259],[148,259]]","14","157,262>157,263|156,263>157,263|157,263>158,263|156,262>156,263","[[157,261],[156,260],[155,259],[154,258],[153,258],[152,258],[151,258],[150,258],[149,258],[148,258],[147,258],[146,258],[145,258],[144,258],[143,258],[142,258],[141,258],[140,258],[139,258],[138,258],[137,258],[136,258],[135,258]]","[[157,262],[156,261],[155,260],[154,259],[153,259],[152,259],[151,259],[150,259],[149,259],[148,259],[147,259],[146,259],[145,259],[144,259],[143,259],[142,259],[141,259],[140,259],[139,259],[138,259],[137,259],[136,259],[135,259]]","[[135,259],[136,259],[137,259],[138,259],[139,259],[140,259],[141,259],[142,259],[143,259],[144,259],[145,259],[146,259],[147,259],[148,259],[149,259],[150,259],[151,259],[152,259],[153,259],[154,259],[155,260],[156,261],[157,262]]","True","STATIC_SCREEN_SUPPORTED_PLUS_ONE_AABB_0.4x0.8_HEADROOM_2;NOT_PLAYER_VERIFIED","82c31034ea601389a257e773caf96fe146abde1b3016018ff3aeae60115f73eb"
"SV5_INFILL_ROOM_069f7a11e405cf664447","SV5_INFILL_ROOM_3c9f6173f964136cea44","SV5_OPTIONAL_04","[[484,67],[483,67],[482,67],[481,67],[480,67],[479,67],[478,67],[477,67],[476,67],[475,67],[474,67],[473,67],[472,67],[471,67]]","[]","[[483,67],[482,67],[481,67],[480,67],[479,67],[478,67],[477,67],[476,67],[475,67],[474,67],[473,67],[472,67]]","12","483,67>484,67|483,68>484,68","[[499,66],[498,66],[497,66],[496,66],[495,66],[494,66],[493,66],[492,66],[491,66],[490,66],[489,66],[488,66],[487,66],[486,66],[485,66],[484,66],[483,66],[482,66],[481,66],[480,66],[479,66],[478,66],[477,66],[476,66],[475,66],[474,66],[473,66],[472,66],[471,66],[470,66],[469,66],[468,66],[467,66],[466,66],[465,66],[464,66],[463,66],[462,66],[461,66],[460,66],[459,66]]","[[499,67],[498,67],[497,67],[496,67],[495,67],[494,67],[493,67],[492,67],[491,67],[490,67],[489,67],[488,67],[487,67],[486,67],[485,67],[484,67],[483,67],[482,67],[481,67],[480,67],[479,67],[478,67],[477,67],[476,67],[475,67],[474,67],[473,67],[472,67],[471,67],[470,67],[469,67],[468,67],[467,67],[466,67],[465,67],[464,67],[463,67],[462,67],[461,67],[460,67],[459,67]]","[[459,67],[460,67],[461,67],[462,67],[463,67],[464,67],[465,67],[466,67],[467,67],[468,67],[469,67],[470,67],[471,67],[472,67],[473,67],[474,67],[475,67],[476,67],[477,67],[478,67],[479,67],[480,67],[481,67],[482,67],[483,67],[484,67],[485,67],[486,67],[487,67],[488,67],[489,67],[490,67],[491,67],[492,67],[493,67],[494,67],[495,67],[496,67],[497,67],[498,67],[499,67]]","True","STATIC_SCREEN_SUPPORTED_PLUS_ONE_AABB_0.4x0.8_HEADROOM_2;NOT_PLAYER_VERIFIED","82c31034ea601389a257e773caf96fe146abde1b3016018ff3aeae60115f73eb"
"SV5_INFILL_ROOM_06c80ac83ea67dd91f81","SV5_INFILL_ROOM_00831d9bbdd634259e36","SV5_OPTIONAL_09","[[195,155],[196,155],[196,154],[197,154],[197,153],[198,153],[198,152],[199,152],[199,151],[200,151],[200,150],[201,150],[201,149],[202,149],[202,148],[203,148],[203,147],[204,147],[205,147],[206,147],[207,147],[208,147],[209,147],[210,147],[211,147],[212,147]]","[]","[[196,155],[196,154],[197,154],[197,153],[198,153],[198,152],[199,152],[199,151],[200,151],[200,150],[201,150],[201,149],[202,149],[202,148],[203,148],[203,147],[204,147],[205,147],[206,147],[207,147],[208,147],[209,147],[210,147],[211,147]]","24","195,155>196,155","[[180,154],[181,154],[182,154],[183,154],[184,154],[185,154],[186,154],[187,154],[188,154],[189,154],[190,154],[191,154],[192,154],[193,154],[194,154],[195,154],[196,153],[197,152],[198,151],[199,150],[200,149],[201,148],[202,147],[203,146],[204,146],[205,146],[206,146],[207,146],[208,146],[209,146],[210,146],[211,146],[212,146],[213,146],[214,146],[215,146],[216,146],[217,146],[218,146],[219,146],[220,146],[221,146],[222,146],[223,146],[224,146]]","[[180,155],[181,155],[182,155],[183,155],[184,155],[185,155],[186,155],[187,155],[188,155],[189,155],[190,155],[191,155],[192,155],[193,155],[194,155],[195,155],[196,154],[197,153],[198,152],[199,151],[200,150],[201,149],[202,148],[203,147],[204,147],[205,147],[206,147],[207,147],[208,147],[209,147],[210,147],[211,147],[212,147],[213,147],[214,147],[215,147],[216,147],[217,147],[218,147],[219,147],[220,147],[221,147],[222,147],[223,147],[224,147]]","[[224,147],[223,147],[222,147],[221,147],[220,147],[219,147],[218,147],[217,147],[216,147],[215,147],[214,147],[213,147],[212,147],[211,147],[210,147],[209,147],[208,147],[207,147],[206,147],[205,147],[204,147],[203,147],[202,148],[201,149],[200,150],[199,151],[198,152],[197,153],[196,154],[195,155],[194,155],[193,155],[192,155],[191,155],[190,155],[189,155],[188,155],[187,155],[186,155],[185,155],[184,155],[183,155],[182,155],[181,155],[180,155]]","True","STATIC_SCREEN_SUPPORTED_PLUS_ONE_AABB_0.4x0.8_HEADROOM_2;NOT_PLAYER_VERIFIED","82c31034ea601389a257e773caf96fe146abde1b3016018ff3aeae60115f73eb"
"SV5_INFILL_ROOM_07487c4cb8d1c0485ea5","SV5_OPTIONAL_TO_VILLAGE","SV5_OPTIONAL_TO_VILLAGE","[[468,259],[469,259],[469,258],[470,258],[470,257],[471,257],[471,256],[472,256],[472,255],[473,255],[473,254],[474,254],[474,253],[475,253],[475,252],[476,252],[476,251],[477,251],[477,250],[478,250],[478,249],[479,249],[479,248],[480,248],[480,247]]","[[468,260],[468,259]]","[[468,260],[468,259],[469,259],[469,258],[470,258],[470,257],[471,257],[471,256],[472,256],[472,255],[473,255],[473,254],[474,254],[474,253],[475,253],[475,252],[476,252],[476,251],[477,251],[477,250],[478,250],[478,249],[479,249],[479,248]]","24","468,259>468,260|467,260>468,260|468,260>469,260|469,259>469,260","[[468,258],[469,257],[470,256],[471,255],[472,254],[473,253],[474,252],[475,251],[476,250],[477,249],[478,248],[479,247],[480,246],[481,246],[482,246],[483,246],[484,246],[485,246],[486,246],[487,246],[488,246],[489,246],[490,246],[491,246],[492,246],[493,246],[494,246],[495,246],[496,246]]","[[468,259],[469,258],[470,257],[471,256],[472,255],[473,254],[474,253],[475,252],[476,251],[477,250],[478,249],[479,248],[480,247],[481,247],[482,247],[483,247],[484,247],[485,247],[486,247],[487,247],[488,247],[489,247],[490,247],[491,247],[492,247],[493,247],[494,247],[495,247],[496,247]]","[[496,247],[495,247],[494,247],[493,247],[492,247],[491,247],[490,247],[489,247],[488,247],[487,247],[486,247],[485,247],[484,247],[483,247],[482,247],[481,247],[480,247],[479,248],[478,249],[477,250],[476,251],[475,252],[474,253],[473,254],[472,255],[471,256],[470,257],[469,258],[468,259]]","True","STATIC_SCREEN_SUPPORTED_PLUS_ONE_AABB_0.4x0.8_HEADROOM_2;NOT_PLAYER_VERIFIED","82c31034ea601389a257e773caf96fe146abde1b3016018ff3aeae60115f73eb"
"SV5_INFILL_ROOM_07a977e813d06841144e","SV5_INFILL_ROOM_0274815fcd6818f05a6a","SV5_OPTIONAL_09","[[88,151],[87,151],[86,151],[85,151],[84,151],[83,151],[82,151],[81,151],[80,151],[79,151],[78,151],[77,151],[76,151],[75,151],[74,151],[73,151],[72,151],[71,151],[70,151],[69,151],[68,151],[67,151],[66,151],[65,151],[64,151],[63,151]]","[]","[[87,151],[86,151],[85,151],[84,151],[83,151],[82,151],[81,151],[80,151],[79,151],[78,151],[77,151],[76,151],[75,151],[74,151],[73,151],[72,151],[71,151],[70,151],[69,151],[68,151],[67,151],[66,151],[65,151],[64,151]]","24","87,151>88,151|87,152>88,152","[[107,150],[106,150],[105,150],[104,150],[103,150],[102,150],[101,150],[100,150],[99,150],[98,150],[97,150],[96,150],[95,150],[94,150],[93,150],[92,150],[91,150],[90,150],[89,150],[88,150],[87,150],[86,150],[85,150],[84,150],[83,150],[82,150],[81,150],[80,150],[79,150],[78,150],[77,150],[76,150],[75,150],[74,150],[73,150],[72,150],[71,150],[70,150],[69,150],[68,150],[67,150],[66,150],[65,150],[64,150],[63,150],[62,150],[61,150],[60,150],[59,150],[58,150],[57,150],[56,150],[55,150],[54,150],[53,150],[52,150],[51,150]]","[[107,151],[106,151],[105,151],[104,151],[103,151],[102,151],[101,151],[100,151],[99,151],[98,151],[97,151],[96,151],[95,151],[94,151],[93,151],[92,151],[91,151],[90,151],[89,151],[88,151],[87,151],[86,151],[85,151],[84,151],[83,151],[82,151],[81,151],[80,151],[79,151],[78,151],[77,151],[76,151],[75,151],[74,151],[73,151],[72,151],[71,151],[70,151],[69,151],[68,151],[67,151],[66,151],[65,151],[64,151],[63,151],[62,151],[61,151],[60,151],[59,151],[58,151],[57,151],[56,151],[55,151],[54,151],[53,151],[52,151],[51,151]]","[[51,151],[52,151],[53,151],[54,151],[55,151],[56,151],[57,151],[58,151],[59,151],[60,151],[61,151],[62,151],[63,151],[64,151],[65,151],[66,151],[67,151],[68,151],[69,151],[70,151],[71,151],[72,151],[73,151],[74,151],[75,151],[76,151],[77,151],[78,151],[79,151],[80,151],[81,151],[82,151],[83,151],[84,151],[85,151],[86,151],[87,151],[88,151],[89,151],[90,151],[91,151],[92,151],[93,151],[94,151],[95,151],[96,151],[97,151],[98,151],[99,151],[100,151],[101,151],[102,151],[103,151],[104,151],[105,151],[106,151],[107,151]]","True","STATIC_SCREEN_SUPPORTED_PLUS_ONE_AABB_0.4x0.8_HEADROOM_2;NOT_PLAYER_VERIFIED","82c31034ea601389a257e773caf96fe146abde1b3016018ff3aeae60115f73eb"
"SV5_INFILL_ROOM_07af10cb4acde894de2d","SV5_INFILL_ROOM_0584c23697100b09d0ae","SV5_OPTIONAL_06","[[164,51],[163,51],[162,51],[161,51],[160,51],[159,51],[158,51],[157,51],[156,51],[155,51],[154,51],[153,51],[152,51],[151,51]]","[]","[[163,51],[162,51],[161,51],[160,51],[159,51],[158,51],[157,51],[156,51],[155,51],[154,51],[153,51],[152,51]]","12","163,51>164,51|163,52>164,52","[[183,50],[182,50],[181,50],[180,50],[179,50],[178,50],[177,50],[176,50],[175,50],[174,50],[173,50],[172,50],[171,50],[170,50],[169,50],[168,50],[167,50],[166,50],[165,50],[164,50],[163,50],[162,50],[161,50],[160,50],[159,50],[158,50],[157,50],[156,50],[155,50],[154,50],[153,50],[152,50],[151,50],[150,50],[149,50],[148,50],[147,50],[146,50],[145,50],[144,50],[143,50],[142,50],[141,50],[140,50],[139,50],[138,50],[137,50],[136,50],[135,50]]","[[183,51],[182,51],[181,51],[180,51],[179,51],[178,51],[177,51],[176,51],[175,51],[174,51],[173,51],[172,51],[171,51],[170,51],[169,51],[168,51],[167,51],[166,51],[165,51],[164,51],[163,51],[162,51],[161,51],[160,51],[159,51],[158,51],[157,51],[156,51],[155,51],[154,51],[153,51],[152,51],[151,51],[150,51],[149,51],[148,51],[147,51],[146,51],[145,51],[144,51],[143,51],[142,51],[141,51],[140,51],[139,51],[138,51],[137,51],[136,51],[135,51]]","[[135,51],[136,51],[137,51],[138,51],[139,51],[140,51],[141,51],[142,51],[143,51],[144,51],[145,51],[146,51],[147,51],[148,51],[149,51],[150,51],[151,51],[152,51],[153,51],[154,51],[155,51],[156,51],[157,51],[158,51],[159,51],[160,51],[161,51],[162,51],[163,51],[164,51],[165,51],[166,51],[167,51],[168,51],[169,51],[170,51],[171,51],[172,51],[173,51],[174,51],[175,51],[176,51],[177,51],[178,51],[179,51],[180,51],[181,51],[182,51],[183,51]]","True","STATIC_SCREEN_SUPPORTED_PLUS_ONE_AABB_0.4x0.8_HEADROOM_2;NOT_PLAYER_VERIFIED","82c31034ea601389a257e773caf96fe146abde1b3016018ff3aeae60115f73eb"
"SV5_INFILL_ROOM_07c9931438e171fdc0d7","SV5_INFILL_ROOM_0f88fc448a70fd619594","SV5_OPTIONAL_01","[[380,275],[379,275],[378,275],[377,275],[376,275],[375,275],[374,275],[373,275],[372,275],[371,275]]","[]","[[379,275],[378,275],[377,275],[376,275],[375,275],[374,275],[373,275],[372,275]]","8","379,275>380,275|379,276>380,276","[[399,274],[398,274],[397,274],[396,274],[395,274],[394,274],[393,274],[392,274],[391,274],[390,274],[389,274],[388,274],[387,274],[386,274],[385,274],[384,274],[383,274],[382,274],[381,274],[380,274],[379,274],[378,274],[377,274],[376,274],[375,274],[374,274],[373,274],[372,274],[371,274],[370,274],[369,274],[368,274],[367,274],[366,274],[365,274],[364,274],[363,274],[362,274],[361,274],[360,274],[359,274]]","[[399,275],[398,275],[397,275],[396,275],[395,275],[394,275],[393,275],[392,275],[391,275],[390,275],[389,275],[388,275],[387,275],[386,275],[385,275],[384,275],[383,275],[382,275],[381,275],[380,275],[379,275],[378,275],[377,275],[376,275],[375,275],[374,275],[373,275],[372,275],[371,275],[370,275],[369,275],[368,275],[367,275],[366,275],[365,275],[364,275],[363,275],[362,275],[361,275],[360,275],[359,275]]","[[359,275],[360,275],[361,275],[362,275],[363,275],[364,275],[365,275],[366,275],[367,275],[368,275],[369,275],[370,275],[371,275],[372,275],[373,275],[374,275],[375,275],[376,275],[377,275],[378,275],[379,275],[380,275],[381,275],[382,275],[383,275],[384,275],[385,275],[386,275],[387,275],[388,275],[389,275],[390,275],[391,275],[392,275],[393,275],[394,275],[395,275],[396,275],[397,275],[398,275],[399,275]]","True","STATIC_SCREEN_SUPPORTED_PLUS_ONE_AABB_0.4x0.8_HEADROOM_2;NOT_PLAYER_VERIFIED","82c31034ea601389a257e773caf96fe146abde1b3016018ff3aeae60115f73eb"
"SV5_INFILL_ROOM_080cbfaf4cd9064064d3","SV5_OPTIONAL_13","SV5_OPTIONAL_13","[[41,395],[40,395],[40,394],[39,394],[39,393],[38,393],[38,392],[37,392],[37,391],[36,391],[36,390],[35,390],[35,389],[34,389],[34,388],[33,388],[33,387],[32,387],[31,387]]","[[41,396],[41,395]]","[[41,396],[41,395],[40,395],[40,394],[39,394],[39,393],[38,393],[38,392],[37,392],[37,391],[36,391],[36,390],[35,390],[35,389],[34,389],[34,388],[33,388],[33,387],[32,387]]","19","41,395>41,396|40,396>41,396|41,396>42,396|40,395>40,396","[[41,394],[40,393],[39,392],[38,391],[37,390],[36,389],[35,388],[34,387],[33,386],[32,386],[31,386],[30,386],[29,386],[28,386],[27,386],[26,387],[25,387],[24,388],[23,388],[22,388],[21,388],[20,388],[19,388]]","[[41,395],[40,394],[39,393],[38,392],[37,391],[36,390],[35,389],[34,388],[33,387],[32,387],[31,387],[30,387],[29,387],[28,387],[27,387],[26,388],[25,388],[24,389],[23,389],[22,389],[21,389],[20,389],[19,389]]","[[19,389],[20,389],[21,389],[22,389],[23,389],[24,389],[25,388],[26,388],[27,387],[28,387],[29,387],[30,387],[31,387],[32,387],[33,387],[34,388],[35,389],[36,390],[37,391],[38,392],[39,393],[40,394],[41,395]]","True","STATIC_SCREEN_SUPPORTED_PLUS_ONE_AABB_0.4x0.8_HEADROOM_2;NOT_PLAYER_VERIFIED","82c31034ea601389a257e773caf96fe146abde1b3016018ff3aeae60115f73eb"
"SV5_INFILL_ROOM_081009b74534c906e23b","SV5_INFILL_ROOM_036e975df591ef121fe9","SV5_OPTIONAL_10","[[76,229],[75,229],[75,228],[74,228],[74,227],[73,227],[72,227],[71,227],[70,227],[69,227],[68,227],[67,227],[66,227],[65,227],[64,227],[63,227],[62,227],[61,227],[60,227],[59,227],[58,227],[57,227],[56,227],[55,227]]","[]","[[75,229],[75,228],[74,228],[74,227],[73,227],[72,227],[71,227],[70,227],[69,227],[68,227],[67,227],[66,227],[65,227],[64,227],[63,227],[62,227],[61,227],[60,227],[59,227],[58,227],[57,227],[56,227]]","22","75,229>76,229","[[91,226],[90,226],[89,226],[88,226],[87,226],[86,227],[85,227],[84,228],[83,228],[82,228],[81,228],[80,228],[79,228],[78,228],[77,228],[76,228],[75,227],[74,226],[73,226],[72,226],[71,226],[70,226],[69,226],[68,226],[67,226],[66,226],[65,226],[64,226],[63,226],[62,226],[61,226],[60,226],[59,226],[58,226],[57,226],[56,226],[55,226],[54,226],[53,226],[52,226],[51,226],[50,227],[49,227],[48,228],[47,228],[46,228],[45,228],[44,228],[43,228]]","[[91,227],[90,227],[89,227],[88,227],[87,227],[86,228],[85,228],[84,229],[83,229],[82,229],[81,229],[80,229],[79,229],[78,229],[77,229],[76,229],[75,228],[74,227],[73,227],[72,227],[71,227],[70,227],[69,227],[68,227],[67,227],[66,227],[65,227],[64,227],[63,227],[62,227],[61,227],[60,227],[59,227],[58,227],[57,227],[56,227],[55,227],[54,227],[53,227],[52,227],[51,227],[50,228],[49,228],[48,229],[47,229],[46,229],[45,229],[44,229],[43,229]]","[[43,229],[44,229],[45,229],[46,229],[47,229],[48,229],[49,228],[50,228],[51,227],[52,227],[53,227],[54,227],[55,227],[56,227],[57,227],[58,227],[59,227],[60,227],[61,227],[62,227],[63,227],[64,227],[65,227],[66,227],[67,227],[68,227],[69,227],[70,227],[71,227],[72,227],[73,227],[74,227],[75,228],[76,229],[77,229],[78,229],[79,229],[80,229],[81,229],[82,229],[83,229],[84,229],[85,228],[86,228],[87,227],[88,227],[89,227],[90,227],[91,227]]","True","STATIC_SCREEN_SUPPORTED_PLUS_ONE_AABB_0.4x0.8_HEADROOM_2;NOT_PLAYER_VERIFIED","82c31034ea601389a257e773caf96fe146abde1b3016018ff3aeae60115f73eb"
"SV5_INFILL_ROOM_088f25cbc663d6d3b7a4","SV5_OPTIONAL_00","SV5_OPTIONAL_00","[[382,367],[381,367],[380,367],[379,367]]","[[384,367],[383,367],[382,367]]","[[383,367],[382,367],[381,367],[380,367]]","4","383,367>384,367|383,368>384,368","[[382,366],[381,366],[380,366],[379,366],[378,366],[377,366],[376,366],[375,366],[374,366],[373,366],[372,366],[371,366],[370,366],[369,366],[368,366],[367,366]]","[[382,367],[381,367],[380,367],[379,367],[378,367],[377,367],[376,367],[375,367],[374,367],[373,367],[372,367],[371,367],[370,367],[369,367],[368,367],[367,367]]","[[367,367],[368,367],[369,367],[370,367],[371,367],[372,367],[373,367],[374,367],[375,367],[376,367],[377,367],[378,367],[379,367],[380,367],[381,367],[382,367]]","True","STATIC_SCREEN_SUPPORTED_PLUS_ONE_AABB_0.4x0.8_HEADROOM_2;NOT_PLAYER_VERIFIED","82c31034ea601389a257e773caf96fe146abde1b3016018ff3aeae60115f73eb"
"SV5_INFILL_ROOM_089f9112ea0c53db63a3","SV5_INFILL_ROOM_0266989f5dfc6ff89371","SV5_OPTIONAL_01","[[463,375],[464,375],[464,374],[465,374],[465,373],[466,373],[466,372],[467,372],[467,371],[468,371]]","[]","[[464,375],[464,374],[465,374],[465,373],[466,373],[466,372],[467,372],[467,371]]","8","463,375>464,375","[[444,374],[445,374],[446,374],[447,374],[448,374],[449,374],[450,374],[451,374],[452,374],[453,374],[454,374],[455,374],[456,374],[457,374],[458,374],[459,374],[460,374],[461,374],[462,374],[463,374],[464,373],[465,372],[466,371],[467,370],[468,370],[469,370],[470,370],[471,370],[472,370],[473,370],[474,370],[475,370],[476,370],[477,370],[478,370],[479,370],[480,370]]","[[444,375],[445,375],[446,375],[447,375],[448,375],[449,375],[450,375],[451,375],[452,375],[453,375],[454,375],[455,375],[456,375],[457,375],[458,375],[459,375],[460,375],[461,375],[462,375],[463,375],[464,374],[465,373],[466,372],[467,371],[468,371],[469,371],[470,371],[471,371],[472,371],[473,371],[474,371],[475,371],[476,371],[477,371],[478,371],[479,371],[480,371]]","[[480,371],[479,371],[478,371],[477,371],[476,371],[475,371],[474,371],[473,371],[472,371],[471,371],[470,371],[469,371],[468,371],[467,371],[466,372],[465,373],[464,374],[463,375],[462,375],[461,375],[460,375],[459,375],[458,375],[457,375],[456,375],[455,375],[454,375],[453,375],[452,375],[451,375],[450,375],[449,375],[448,375],[447,375],[446,375],[445,375],[444,375]]","True","STATIC_SCREEN_SUPPORTED_PLUS_ONE_AABB_0.4x0.8_HEADROOM_2;NOT_PLAYER_VERIFIED","82c31034ea601389a257e773caf96fe146abde1b3016018ff3aeae60115f73eb"
"SV5_INFILL_ROOM_090a609dee25321d7a17","SV5_INFILL_ROOM_00567d25c8515283ea43","SV5_OPTIONAL_15","[[24,259],[23,259],[22,259],[21,259],[20,259],[19,259]]","[]","[[23,259],[22,259],[21,259],[20,259]]","4","23,259>24,259|23,260>24,260","[[39,258],[38,258],[37,258],[36,258],[35,258],[34,258],[33,258],[32,258],[31,258],[30,258],[29,258],[28,258],[27,258],[26,258],[25,258],[24,258],[23,258],[22,258],[21,258],[20,258],[19,258],[18,258],[17,258],[16,258],[15,258],[14,258],[13,258],[12,258],[11,258],[10,258],[9,258],[8,258],[7,258]]","[[39,259],[38,259],[37,259],[36,259],[35,259],[34,259],[33,259],[32,259],[31,259],[30,259],[29,259],[28,259],[27,259],[26,259],[25,259],[24,259],[23,259],[22,259],[21,259],[20,259],[19,259],[18,259],[17,259],[16,259],[15,259],[14,259],[13,259],[12,259],[11,259],[10,259],[9,259],[8,259],[7,259]]","[[7,259],[8,259],[9,259],[10,259],[11,259],[12,259],[13,259],[14,259],[15,259],[16,259],[17,259],[18,259],[19,259],[20,259],[21,259],[22,259],[23,259],[24,259],[25,259],[26,259],[27,259],[28,259],[29,259],[30,259],[31,259],[32,259],[33,259],[34,259],[35,259],[36,259],[37,259],[38,259],[39,259]]","True","STATIC_SCREEN_SUPPORTED_PLUS_ONE_AABB_0.4x0.8_HEADROOM_2;NOT_PLAYER_VERIFIED","82c31034ea601389a257e773caf96fe146abde1b3016018ff3aeae60115f73eb"
"SV5_INFILL_ROOM_09857e406b1f72017408","SV5_INFILL_ROOM_0126187edf0338c47579","SV5_OPTIONAL_TO_VILLAGE","[[311,251],[312,251],[312,250],[313,250],[313,249],[314,249],[314,248],[315,248],[315,247],[316,247]]","[]","[[312,251],[312,250],[313,250],[313,249],[314,249],[314,248],[315,248],[315,247]]","8","311,251>312,251","[[292,250],[293,250],[294,250],[295,250],[296,250],[297,250],[298,250],[299,250],[300,250],[301,250],[302,250],[303,250],[304,250],[305,250],[306,250],[307,250],[308,250],[309,250],[310,250],[311,250],[312,249],[313,248],[314,247],[315,246],[316,246],[317,246],[318,246],[319,246],[320,246],[321,247],[322,247],[323,248],[324,248],[325,248],[326,248],[327,248],[328,248]]","[[292,251],[293,251],[294,251],[295,251],[296,251],[297,251],[298,251],[299,251],[300,251],[301,251],[302,251],[303,251],[304,251],[305,251],[306,251],[307,251],[308,251],[309,251],[310,251],[311,251],[312,250],[313,249],[314,248],[315,247],[316,247],[317,247],[318,247],[319,247],[320,247],[321,248],[322,248],[323,249],[324,249],[325,249],[326,249],[327,249],[328,249]]","[[328,249],[327,249],[326,249],[325,249],[324,249],[323,249],[322,248],[321,248],[320,247],[319,247],[318,247],[317,247],[316,247],[315,247],[314,248],[313,249],[312,250],[311,251],[310,251],[309,251],[308,251],[307,251],[306,251],[305,251],[304,251],[303,251],[302,251],[301,251],[300,251],[299,251],[298,251],[297,251],[296,251],[295,251],[294,251],[293,251],[292,251]]","True","STATIC_SCREEN_SUPPORTED_PLUS_ONE_AABB_0.4x0.8_HEADROOM_2;NOT_PLAYER_VERIFIED","82c31034ea601389a257e773caf96fe146abde1b3016018ff3aeae60115f73eb"
"SV5_INFILL_ROOM_09f929c522f2c937978b","SV5_INFILL_ROOM_12530c66b4cbc38d234f","SV5_OPTIONAL_10","[[72,211],[71,211],[71,210],[70,210],[70,209],[69,209],[69,208],[68,208],[68,207],[67,207],[66,207],[65,207],[64,207],[63,207]]","[]","[[71,211],[71,210],[70,210],[70,209],[69,209],[69,208],[68,208],[68,207],[67,207],[66,207],[65,207],[64,207]]","12","71,211>72,211","[[87,210],[86,210],[85,210],[84,210],[83,210],[82,210],[81,210],[80,210],[79,210],[78,210],[77,210],[76,210],[75,210],[74,210],[73,210],[72,210],[71,209],[70,208],[69,207],[68,206],[67,206],[66,206],[65,206],[64,206],[63,206],[62,206],[61,206],[60,206],[59,206],[58,207],[57,207],[56,208],[55,208],[54,208],[53,208],[52,208],[51,208]]","[[87,211],[86,211],[85,211],[84,211],[83,211],[82,211],[81,211],[80,211],[79,211],[78,211],[77,211],[76,211],[75,211],[74,211],[73,211],[72,211],[71,210],[70,209],[69,208],[68,207],[67,207],[66,207],[65,207],[64,207],[63,207],[62,207],[61,207],[60,207],[59,207],[58,208],[57,208],[56,209],[55,209],[54,209],[53,209],[52,209],[51,209]]","[[51,209],[52,209],[53,209],[54,209],[55,209],[56,209],[57,208],[58,208],[59,207],[60,207],[61,207],[62,207],[63,207],[64,207],[65,207],[66,207],[67,207],[68,207],[69,208],[70,209],[71,210],[72,211],[73,211],[74,211],[75,211],[76,211],[77,211],[78,211],[79,211],[80,211],[81,211],[82,211],[83,211],[84,211],[85,211],[86,211],[87,211]]","True","STATIC_SCREEN_SUPPORTED_PLUS_ONE_AABB_0.4x0.8_HEADROOM_2;NOT_PLAYER_VERIFIED","82c31034ea601389a257e773caf96fe146abde1b3016018ff3aeae60115f73eb"
"SV5_INFILL_ROOM_0a20f3d538ba196a0885","SV5_INFILL_ROOM_0387c366e6d1242b2e98","SV5_OPTIONAL_08","[[28,53],[27,53],[27,52],[26,52],[26,51],[25,51],[24,51],[23,51],[22,51],[21,51],[20,51],[19,51]]","[]","[[27,53],[27,52],[26,52],[26,51],[25,51],[24,51],[23,51],[22,51],[21,51],[20,51]]","10","27,53>28,53","[[43,50],[42,50],[41,50],[40,50],[39,50],[38,51],[37,51],[36,52],[35,52],[34,52],[33,52],[32,52],[31,52],[30,52],[29,52],[28,52],[27,51],[26,50],[25,50],[24,50],[23,50],[22,50],[21,50],[20,50],[19,50],[18,50],[17,50],[16,50],[15,50],[14,50],[13,50],[12,50],[11,50],[10,50],[9,50],[8,50],[7,50]]","[[43,51],[42,51],[41,51],[40,51],[39,51],[38,52],[37,52],[36,53],[35,53],[34,53],[33,53],[32,53],[31,53],[30,53],[29,53],[28,53],[27,52],[26,51],[25,51],[24,51],[23,51],[22,51],[21,51],[20,51],[19,51],[18,51],[17,51],[16,51],[15,51],[14,51],[13,51],[12,51],[11,51],[10,51],[9,51],[8,51],[7,51]]","[[7,51],[8,51],[9,51],[10,51],[11,51],[12,51],[13,51],[14,51],[15,51],[16,51],[17,51],[18,51],[19,51],[20,51],[21,51],[22,51],[23,51],[24,51],[25,51],[26,51],[27,52],[28,53],[29,53],[30,53],[31,53],[32,53],[33,53],[34,53],[35,53],[36,53],[37,52],[38,52],[39,51],[40,51],[41,51],[42,51],[43,51]]","True","STATIC_SCREEN_SUPPORTED_PLUS_ONE_AABB_0.4x0.8_HEADROOM_2;NOT_PLAYER_VERIFIED","82c31034ea601389a257e773caf96fe146abde1b3016018ff3aeae60115f73eb"
"SV5_INFILL_ROOM_0a2ed6e0e9217cca83a3","SV5_INFILL_ROOM_2192769697c59dae3b85","SV5_OPTIONAL_05","[[312,19],[311,19],[310,19],[309,19],[308,19],[307,19],[306,19],[305,19],[304,19],[303,19],[302,19],[301,19],[300,19],[299,19],[298,19],[297,19],[296,19],[295,19],[294,19],[293,19],[292,19],[291,19],[290,19],[289,19],[288,19],[287,19]]","[]","[[311,19],[310,19],[309,19],[308,19],[307,19],[306,19],[305,19],[304,19],[303,19],[302,19],[301,19],[300,19],[299,19],[298,19],[297,19],[296,19],[295,19],[294,19],[293,19],[292,19],[291,19],[290,19],[289,19],[288,19]]","24","311,19>312,19|311,20>312,20","[[327,18],[326,18],[325,18],[324,18],[323,18],[322,18],[321,18],[320,18],[319,18],[318,18],[317,18],[316,18],[315,18],[314,18],[313,18],[312,18],[311,18],[310,18],[309,18],[308,18],[307,18],[306,18],[305,18],[304,18],[303,18],[302,18],[301,18],[300,18],[299,18],[298,18],[297,18],[296,18],[295,18],[294,18],[293,18],[292,18],[291,18],[290,18],[289,18],[288,18],[287,18],[286,18],[285,18],[284,18],[283,18],[282,18],[281,18],[280,18],[279,18],[278,18],[277,18],[276,18],[275,18]]","[[327,19],[326,19],[325,19],[324,19],[323,19],[322,19],[321,19],[320,19],[319,19],[318,19],[317,19],[316,19],[315,19],[314,19],[313,19],[312,19],[311,19],[310,19],[309,19],[308,19],[307,19],[306,19],[305,19],[304,19],[303,19],[302,19],[301,19],[300,19],[299,19],[298,19],[297,19],[296,19],[295,19],[294,19],[293,19],[292,19],[291,19],[290,19],[289,19],[288,19],[287,19],[286,19],[285,19],[284,19],[283,19],[282,19],[281,19],[280,19],[279,19],[278,19],[277,19],[276,19],[275,19]]","[[275,19],[276,19],[277,19],[278,19],[279,19],[280,19],[281,19],[282,19],[283,19],[284,19],[285,19],[286,19],[287,19],[288,19],[289,19],[290,19],[291,19],[292,19],[293,19],[294,19],[295,19],[296,19],[297,19],[298,19],[299,19],[300,19],[301,19],[302,19],[303,19],[304,19],[305,19],[306,19],[307,19],[308,19],[309,19],[310,19],[311,19],[312,19],[313,19],[314,19],[315,19],[316,19],[317,19],[318,19],[319,19],[320,19],[321,19],[322,19],[323,19],[324,19],[325,19],[326,19],[327,19]]","True","STATIC_SCREEN_SUPPORTED_PLUS_ONE_AABB_0.4x0.8_HEADROOM_2;NOT_PLAYER_VERIFIED","82c31034ea601389a257e773caf96fe146abde1b3016018ff3aeae60115f73eb"
"SV5_INFILL_ROOM_0a3edb35f0471f0ffe49","SV5_INFILL_ROOM_06221a856d3548df6440","SV5_OPTIONAL_04","[[536,47],[536,48],[535,48],[535,49],[534,49],[534,50],[533,50],[532,50],[531,50],[530,50],[529,50],[528,50],[527,50],[526,50],[525,50],[524,50],[523,50],[522,50],[521,50],[520,50],[520,51],[519,51]]","[]","[[535,48],[535,49],[534,49],[534,50],[533,50],[532,50],[531,50],[530,50],[529,50],[528,50],[527,50],[526,50],[525,50],[524,50],[523,50],[522,50],[521,50],[520,50],[520,51]]","19","535,48>536,48","[[551,46],[550,46],[549,46],[548,46],[547,46],[546,46],[545,46],[544,46],[543,46],[542,46],[541,46],[540,46],[539,46],[538,46],[537,46],[536,46],[535,47],[534,48],[533,49],[532,49],[531,49],[530,49],[529,49],[528,49],[527,49],[526,49],[525,49],[524,49],[523,49],[522,49],[521,49],[520,49],[519,50],[518,50],[517,50],[516,50],[515,50],[514,50],[513,50],[512,50],[511,50],[510,50],[509,50],[508,50],[507,50]]","[[551,47],[550,47],[549,47],[548,47],[547,47],[546,47],[545,47],[544,47],[543,47],[542,47],[541,47],[540,47],[539,47],[538,47],[537,47],[536,47],[535,48],[534,49],[533,50],[532,50],[531,50],[530,50],[529,50],[528,50],[527,50],[526,50],[525,50],[524,50],[523,50],[522,50],[521,50],[520,50],[519,51],[518,51],[517,51],[516,51],[515,51],[514,51],[513,51],[512,51],[511,51],[510,51],[509,51],[508,51],[507,51]]","[[507,51],[508,51],[509,51],[510,51],[511,51],[512,51],[513,51],[514,51],[515,51],[516,51],[517,51],[518,51],[519,51],[520,50],[521,50],[522,50],[523,50],[524,50],[525,50],[526,50],[527,50],[528,50],[529,50],[530,50],[531,50],[532,50],[533,50],[534,49],[535,48],[536,47],[537,47],[538,47],[539,47],[540,47],[541,47],[542,47],[543,47],[544,47],[545,47],[546,47],[547,47],[548,47],[549,47],[550,47],[551,47]]","True","STATIC_SCREEN_SUPPORTED_PLUS_ONE_AABB_0.4x0.8_HEADROOM_2;NOT_PLAYER_VERIFIED","82c31034ea601389a257e773caf96fe146abde1b3016018ff3aeae60115f73eb"
"SV5_INFILL_ROOM_0a4e21aecf9c9f3a7057","SV5_INFILL_ROOM_0a96510a05956c16451a","SV5_OPTIONAL_14","[[28,295],[28,296],[27,296],[27,297],[26,297],[26,298],[25,298],[25,299],[24,299],[24,300],[23,300],[23,301],[22,301],[22,302],[21,302],[20,302],[20,303],[19,303]]","[]","[[27,296],[27,297],[26,297],[26,298],[25,298],[25,299],[24,299],[24,300],[23,300],[23,301],[22,301],[22,302],[21,302],[20,302],[20,303]]","15","27,296>28,296","[[43,294],[42,294],[41,294],[40,294],[39,294],[38,294],[37,294],[36,294],[35,294],[34,294],[33,294],[32,294],[31,294],[30,294],[29,294],[28,294],[27,295],[26,296],[25,297],[24,298],[23,299],[22,300],[21,301],[20,301],[19,302],[18,302],[17,302],[16,302],[15,302],[14,302],[13,302],[12,302],[11,302],[10,302],[9,302],[8,302],[7,302]]","[[43,295],[42,295],[41,295],[40,295],[39,295],[38,295],[37,295],[36,295],[35,295],[34,295],[33,295],[32,295],[31,295],[30,295],[29,295],[28,295],[27,296],[26,297],[25,298],[24,299],[23,300],[22,301],[21,302],[20,302],[19,303],[18,303],[17,303],[16,303],[15,303],[14,303],[13,303],[12,303],[11,303],[10,303],[9,303],[8,303],[7,303]]","[[7,303],[8,303],[9,303],[10,303],[11,303],[12,303],[13,303],[14,303],[15,303],[16,303],[17,303],[18,303],[19,303],[20,302],[21,302],[22,301],[23,300],[24,299],[25,298],[26,297],[27,296],[28,295],[29,295],[30,295],[31,295],[32,295],[33,295],[34,295],[35,295],[36,295],[37,295],[38,295],[39,295],[40,295],[41,295],[42,295],[43,295]]","True","STATIC_SCREEN_SUPPORTED_PLUS_ONE_AABB_0.4x0.8_HEADROOM_2;NOT_PLAYER_VERIFIED","82c31034ea601389a257e773caf96fe146abde1b3016018ff3aeae60115f73eb"
"SV5_INFILL_ROOM_0a6db9b614a8ee46ddda","SV5_INFILL_ROOM_0348461d960659e46de4","SV5_OPTIONAL_06","[[100,7],[100,8],[99,8],[99,9],[98,9],[98,10],[97,10],[96,10],[95,10],[94,10],[93,10],[92,10],[91,10],[90,10],[89,10],[88,10],[87,10],[86,10],[85,10],[84,10],[83,10],[82,10],[81,10],[80,10],[80,11],[79,11]]","[]","[[99,8],[99,9],[98,9],[98,10],[97,10],[96,10],[95,10],[94,10],[93,10],[92,10],[91,10],[90,10],[89,10],[88,10],[87,10],[86,10],[85,10],[84,10],[83,10],[82,10],[81,10],[80,10],[80,11]]","23","99,8>100,8","[[119,6],[118,6],[117,6],[116,6],[115,6],[114,6],[113,6],[112,6],[111,6],[110,6],[109,6],[108,6],[107,6],[106,6],[105,6],[104,6],[103,6],[102,6],[101,6],[100,6],[99,7],[98,8],[97,9],[96,9],[95,9],[94,9],[93,9],[92,9],[91,9],[90,9],[89,9],[88,9],[87,9],[86,9],[85,9],[84,9],[83,9],[82,9],[81,9],[80,9],[79,10],[78,10],[77,10],[76,10],[75,10],[74,10],[73,10],[72,10],[71,10],[70,10],[69,10],[68,10],[67,10]]","[[119,7],[118,7],[117,7],[116,7],[115,7],[114,7],[113,7],[112,7],[111,7],[110,7],[109,7],[108,7],[107,7],[106,7],[105,7],[104,7],[103,7],[102,7],[101,7],[100,7],[99,8],[98,9],[97,10],[96,10],[95,10],[94,10],[93,10],[92,10],[91,10],[90,10],[89,10],[88,10],[87,10],[86,10],[85,10],[84,10],[83,10],[82,10],[81,10],[80,10],[79,11],[78,11],[77,11],[76,11],[75,11],[74,11],[73,11],[72,11],[71,11],[70,11],[69,11],[68,11],[67,11]]","[[67,11],[68,11],[69,11],[70,11],[71,11],[72,11],[73,11],[74,11],[75,11],[76,11],[77,11],[78,11],[79,11],[80,10],[81,10],[82,10],[83,10],[84,10],[85,10],[86,10],[87,10],[88,10],[89,10],[90,10],[91,10],[92,10],[93,10],[94,10],[95,10],[96,10],[97,10],[98,9],[99,8],[100,7],[101,7],[102,7],[103,7],[104,7],[105,7],[106,7],[107,7],[108,7],[109,7],[110,7],[111,7],[112,7],[113,7],[114,7],[115,7],[116,7],[117,7],[118,7],[119,7]]","True","STATIC_SCREEN_SUPPORTED_PLUS_ONE_AABB_0.4x0.8_HEADROOM_2;NOT_PLAYER_VERIFIED","82c31034ea601389a257e773caf96fe146abde1b3016018ff3aeae60115f73eb"
"SV5_INFILL_ROOM_0a876125fd11905b88fc","SV5_INFILL_ROOM_02515634e73d42bbbebe","SV5_OPTIONAL_10","[[211,195],[211,196],[212,196],[212,197],[213,197],[213,198],[214,198],[215,198],[216,198],[217,198],[218,198],[219,198],[220,198],[221,198],[222,198],[223,198],[224,198],[225,198],[226,198],[227,198],[227,199],[228,199]]","[]","[[212,196],[212,197],[213,197],[213,198],[214,198],[215,198],[216,198],[217,198],[218,198],[219,198],[220,198],[221,198],[222,198],[223,198],[224,198],[225,198],[226,198],[227,198],[227,199]]","19","211,196>212,196","[[196,194],[197,194],[198,194],[199,194],[200,194],[201,194],[202,194],[203,194],[204,194],[205,194],[206,194],[207,194],[208,194],[209,194],[210,194],[211,194],[212,195],[213,196],[214,197],[215,197],[216,197],[217,197],[218,197],[219,197],[220,197],[221,197],[222,197],[223,197],[224,197],[225,197],[226,197],[227,197],[228,198],[229,198],[230,198],[231,198],[232,198],[233,198],[234,198],[235,198],[236,198],[237,198],[238,198],[239,198],[240,198]]","[[196,195],[197,195],[198,195],[199,195],[200,195],[201,195],[202,195],[203,195],[204,195],[205,195],[206,195],[207,195],[208,195],[209,195],[210,195],[211,195],[212,196],[213,197],[214,198],[215,198],[216,198],[217,198],[218,198],[219,198],[220,198],[221,198],[222,198],[223,198],[224,198],[225,198],[226,198],[227,198],[228,199],[229,199],[230,199],[231,199],[232,199],[233,199],[234,199],[235,199],[236,199],[237,199],[238,199],[239,199],[240,199]]","[[240,199],[239,199],[238,199],[237,199],[236,199],[235,199],[234,199],[233,199],[232,199],[231,199],[230,199],[229,199],[228,199],[227,198],[226,198],[225,198],[224,198],[223,198],[222,198],[221,198],[220,198],[219,198],[218,198],[217,198],[216,198],[215,198],[214,198],[213,197],[212,196],[211,195],[210,195],[209,195],[208,195],[207,195],[206,195],[205,195],[204,195],[203,195],[202,195],[201,195],[200,195],[199,195],[198,195],[197,195],[196,195]]","True","STATIC_SCREEN_SUPPORTED_PLUS_ONE_AABB_0.4x0.8_HEADROOM_2;NOT_PLAYER_VERIFIED","82c31034ea601389a257e773caf96fe146abde1b3016018ff3aeae60115f73eb"
"SV5_INFILL_ROOM_0a96510a05956c16451a","SV5_OPTIONAL_14","SV5_OPTIONAL_14","[[58,291],[58,292],[57,292],[57,293],[56,293],[56,294],[55,294],[54,294],[53,294],[52,294],[51,294],[50,294],[49,294],[48,294],[47,294],[46,294],[45,294],[44,294],[44,295],[43,295]]","[[60,291],[59,291],[58,291]]","[[59,291],[58,291],[58,292],[57,292],[57,293],[56,293],[56,294],[55,294],[54,294],[53,294],[52,294],[51,294],[50,294],[49,294],[48,294],[47,294],[46,294],[45,294],[44,294],[44,295]]","20","59,291>60,291|59,292>60,292","[[58,290],[57,291],[56,292],[55,293],[54,293],[53,293],[52,293],[51,293],[50,293],[49,293],[48,293],[47,293],[46,293],[45,293],[44,293],[43,294],[42,294],[41,294],[40,294],[39,294],[38,294],[37,294],[36,294],[35,294],[34,294],[33,294],[32,294],[31,294]]","[[58,291],[57,292],[56,293],[55,294],[54,294],[53,294],[52,294],[51,294],[50,294],[49,294],[48,294],[47,294],[46,294],[45,294],[44,294],[43,295],[42,295],[41,295],[40,295],[39,295],[38,295],[37,295],[36,295],[35,295],[34,295],[33,295],[32,295],[31,295]]","[[31,295],[32,295],[33,295],[34,295],[35,295],[36,295],[37,295],[38,295],[39,295],[40,295],[41,295],[42,295],[43,295],[44,294],[45,294],[46,294],[47,294],[48,294],[49,294],[50,294],[51,294],[52,294],[53,294],[54,294],[55,294],[56,293],[57,292],[58,291]]","True","STATIC_SCREEN_SUPPORTED_PLUS_ONE_AABB_0.4x0.8_HEADROOM_2;NOT_PLAYER_VERIFIED","82c31034ea601389a257e773caf96fe146abde1b3016018ff3aeae60115f73eb"
"SV5_INFILL_ROOM_0aa6ab75286153925be6","SV5_OPTIONAL_04","SV5_OPTIONAL_04","[[554,59],[554,60],[553,60],[553,61],[552,61],[552,62],[551,62],[550,62],[549,62],[548,62],[547,62],[546,62],[545,62],[544,62],[543,62],[542,62],[541,62],[540,62],[539,62],[538,62],[537,62],[536,62],[536,63],[535,63]]","[[556,59],[555,59],[554,59]]","[[555,59],[554,59],[554,60],[553,60],[553,61],[552,61],[552,62],[551,62],[550,62],[549,62],[548,62],[547,62],[546,62],[545,62],[544,62],[543,62],[542,62],[541,62],[540,62],[539,62],[538,62],[537,62],[536,62],[536,63]]","24","555,59>556,59|555,60>556,60","[[554,58],[553,59],[552,60],[551,61],[550,61],[549,61],[548,61],[547,61],[546,61],[545,61],[544,61],[543,61],[542,61],[541,61],[540,61],[539,61],[538,61],[537,61],[536,61],[535,62],[534,62],[533,62],[532,62],[531,62],[530,62],[529,62],[528,62],[527,62],[526,62],[525,62],[524,62],[523,62]]","[[554,59],[553,60],[552,61],[551,62],[550,62],[549,62],[548,62],[547,62],[546,62],[545,62],[544,62],[543,62],[542,62],[541,62],[540,62],[539,62],[538,62],[537,62],[536,62],[535,63],[534,63],[533,63],[532,63],[531,63],[530,63],[529,63],[528,63],[527,63],[526,63],[525,63],[524,63],[523,63]]","[[523,63],[524,63],[525,63],[526,63],[527,63],[528,63],[529,63],[530,63],[531,63],[532,63],[533,63],[534,63],[535,63],[536,62],[537,62],[538,62],[539,62],[540,62],[541,62],[542,62],[543,62],[544,62],[545,62],[546,62],[547,62],[548,62],[549,62],[550,62],[551,62],[552,61],[553,60],[554,59]]","True","STATIC_SCREEN_SUPPORTED_PLUS_ONE_AABB_0.4x0.8_HEADROOM_2;NOT_PLAYER_VERIFIED","82c31034ea601389a257e773caf96fe146abde1b3016018ff3aeae60115f73eb"
"SV5_INFILL_ROOM_0ae6927cb63168de9a09","SV5_OPTIONAL_09","SV5_OPTIONAL_09","[[130,175],[131,175],[132,175]]","[[128,175],[129,175],[130,175]]","[[129,175],[130,175],[131,175]]","3","128,175>129,175|128,176>129,176","[[130,174],[131,174],[132,174],[133,174],[134,174],[135,174],[136,174],[137,174],[138,174],[139,174],[140,174],[141,174],[142,174],[143,174],[144,174]]","[[130,175],[131,175],[132,175],[133,175],[134,175],[135,175],[136,175],[137,175],[138,175],[139,175],[140,175],[141,175],[142,175],[143,175],[144,175]]","[[144,175],[143,175],[142,175],[141,175],[140,175],[139,175],[138,175],[137,175],[136,175],[135,175],[134,175],[133,175],[132,175],[131,175],[130,175]]","True","STATIC_SCREEN_SUPPORTED_PLUS_ONE_AABB_0.4x0.8_HEADROOM_2;NOT_PLAYER_VERIFIED","82c31034ea601389a257e773caf96fe146abde1b3016018ff3aeae60115f73eb"
"SV5_INFILL_ROOM_0b6214f7951ed58db4f7","SV5_INFILL_ROOM_00a186247b0260f5cda2","SV5_OPTIONAL_09","[[88,173],[87,173],[87,172],[86,172],[86,171],[85,171],[84,171],[83,171],[82,171],[81,171],[80,171],[79,171],[78,171],[77,171],[76,171],[75,171],[74,171],[73,171],[72,171],[71,171]]","[]","[[87,173],[87,172],[86,172],[86,171],[85,171],[84,171],[83,171],[82,171],[81,171],[80,171],[79,171],[78,171],[77,171],[76,171],[75,171],[74,171],[73,171],[72,171]]","18","87,173>88,173","[[103,170],[102,170],[101,170],[100,170],[99,170],[98,171],[97,171],[96,172],[95,172],[94,172],[93,172],[92,172],[91,172],[90,172],[89,172],[88,172],[87,171],[86,170],[85,170],[84,170],[83,170],[82,170],[81,170],[80,170],[79,170],[78,170],[77,170],[76,170],[75,170],[74,170],[73,170],[72,170],[71,170],[70,170],[69,170],[68,170],[67,170],[66,170],[65,170],[64,170],[63,170],[62,170],[61,170],[60,170],[59,170]]","[[103,171],[102,171],[101,171],[100,171],[99,171],[98,172],[97,172],[96,173],[95,173],[94,173],[93,173],[92,173],[91,173],[90,173],[89,173],[88,173],[87,172],[86,171],[85,171],[84,171],[83,171],[82,171],[81,171],[80,171],[79,171],[78,171],[77,171],[76,171],[75,171],[74,171],[73,171],[72,171],[71,171],[70,171],[69,171],[68,171],[67,171],[66,171],[65,171],[64,171],[63,171],[62,171],[61,171],[60,171],[59,171]]","[[59,171],[60,171],[61,171],[62,171],[63,171],[64,171],[65,171],[66,171],[67,171],[68,171],[69,171],[70,171],[71,171],[72,171],[73,171],[74,171],[75,171],[76,171],[77,171],[78,171],[79,171],[80,171],[81,171],[82,171],[83,171],[84,171],[85,171],[86,171],[87,172],[88,173],[89,173],[90,173],[91,173],[92,173],[93,173],[94,173],[95,173],[96,173],[97,172],[98,172],[99,171],[100,171],[101,171],[102,171],[103,171]]","True","STATIC_SCREEN_SUPPORTED_PLUS_ONE_AABB_0.4x0.8_HEADROOM_2;NOT_PLAYER_VERIFIED","82c31034ea601389a257e773caf96fe146abde1b3016018ff3aeae60115f73eb"
"SV5_INFILL_ROOM_0c77a55869caf038b868","SV5_INFILL_ROOM_063a2d67d95ef1981e29","SV5_OPTIONAL_12","[[208,345],[207,345],[207,344],[206,344],[206,343],[205,343],[204,343],[203,343],[202,343],[201,343],[200,343],[199,343],[198,343],[197,343],[196,343],[195,343]]","[]","[[207,345],[207,344],[206,344],[206,343],[205,343],[204,343],[203,343],[202,343],[201,343],[200,343],[199,343],[198,343],[197,343],[196,343]]","14","207,345>208,345","[[223,342],[222,342],[221,342],[220,342],[219,342],[218,343],[217,343],[216,344],[215,344],[214,344],[213,344],[212,344],[211,344],[210,344],[209,344],[208,344],[207,343],[206,342],[205,342],[204,342],[203,342],[202,342],[201,342],[200,342],[199,342],[198,342],[197,342],[196,342],[195,342],[194,342],[193,342],[192,342],[191,342],[190,342],[189,342],[188,342],[187,342],[186,342],[185,342],[184,342],[183,342]]","[[223,343],[222,343],[221,343],[220,343],[219,343],[218,344],[217,344],[216,345],[215,345],[214,345],[213,345],[212,345],[211,345],[210,345],[209,345],[208,345],[207,344],[206,343],[205,343],[204,343],[203,343],[202,343],[201,343],[200,343],[199,343],[198,343],[197,343],[196,343],[195,343],[194,343],[193,343],[192,343],[191,343],[190,343],[189,343],[188,343],[187,343],[186,343],[185,343],[184,343],[183,343]]","[[183,343],[184,343],[185,343],[186,343],[187,343],[188,343],[189,343],[190,343],[191,343],[192,343],[193,343],[194,343],[195,343],[196,343],[197,343],[198,343],[199,343],[200,343],[201,343],[202,343],[203,343],[204,343],[205,343],[206,343],[207,344],[208,345],[209,345],[210,345],[211,345],[212,345],[213,345],[214,345],[215,345],[216,345],[217,344],[218,344],[219,343],[220,343],[221,343],[222,343],[223,343]]","True","STATIC_SCREEN_SUPPORTED_PLUS_ONE_AABB_0.4x0.8_HEADROOM_2;NOT_PLAYER_VERIFIED","82c31034ea601389a257e773caf96fe146abde1b3016018ff3aeae60115f73eb"
"SV5_INFILL_ROOM_0cf3150abb2be197bdc3","SV5_INFILL_ROOM_00cf93b8e5daaa4b04e1","SV5_OPTIONAL_09","[[104,103],[104,104],[103,104],[103,105],[102,105],[102,106],[101,106],[101,107],[100,107],[100,108],[99,108],[99,109],[98,109],[98,110],[97,110],[96,110],[96,111],[95,111]]","[]","[[103,104],[103,105],[102,105],[102,106],[101,106],[101,107],[100,107],[100,108],[99,108],[99,109],[98,109],[98,110],[97,110],[96,110],[96,111]]","15","103,104>104,104","[[123,102],[122,102],[121,102],[120,102],[119,102],[118,102],[117,102],[116,102],[115,102],[114,102],[113,102],[112,102],[111,102],[110,102],[109,102],[108,102],[107,102],[106,102],[105,102],[104,102],[103,103],[102,104],[101,105],[100,106],[99,107],[98,108],[97,109],[96,109],[95,110],[94,110],[93,110],[92,110],[91,110],[90,110],[89,110],[88,110],[87,110],[86,110],[85,110],[84,110],[83,110],[82,110],[81,110],[80,110],[79,110]]","[[123,103],[122,103],[121,103],[120,103],[119,103],[118,103],[117,103],[116,103],[115,103],[114,103],[113,103],[112,103],[111,103],[110,103],[109,103],[108,103],[107,103],[106,103],[105,103],[104,103],[103,104],[102,105],[101,106],[100,107],[99,108],[98,109],[97,110],[96,110],[95,111],[94,111],[93,111],[92,111],[91,111],[90,111],[89,111],[88,111],[87,111],[86,111],[85,111],[84,111],[83,111],[82,111],[81,111],[80,111],[79,111]]","[[79,111],[80,111],[81,111],[82,111],[83,111],[84,111],[85,111],[86,111],[87,111],[88,111],[89,111],[90,111],[91,111],[92,111],[93,111],[94,111],[95,111],[96,110],[97,110],[98,109],[99,108],[100,107],[101,106],[102,105],[103,104],[104,103],[105,103],[106,103],[107,103],[108,103],[109,103],[110,103],[111,103],[112,103],[113,103],[114,103],[115,103],[116,103],[117,103],[118,103],[119,103],[120,103],[121,103],[122,103],[123,103]]","True","STATIC_SCREEN_SUPPORTED_PLUS_ONE_AABB_0.4x0.8_HEADROOM_2;NOT_PLAYER_VERIFIED","82c31034ea601389a257e773caf96fe146abde1b3016018ff3aeae60115f73eb"
"SV5_INFILL_ROOM_0d1af28b4606e23f1943","SV5_INFILL_ROOM_01bcc46b717772455d33","SV5_OPTIONAL_04","[[592,195],[591,195],[591,194],[590,194],[590,193],[589,193],[589,192],[588,192],[588,191],[587,191],[587,190],[586,190],[586,189],[585,189],[585,188],[584,188],[584,187],[583,187]]","[]","[[591,195],[591,194],[590,194],[590,193],[589,193],[589,192],[588,192],[588,191],[587,191],[587,190],[586,190],[586,189],[585,189],[585,188],[584,188],[584,187]]","16","591,195>592,195","[[607,194],[606,194],[605,194],[604,194],[603,194],[602,194],[601,194],[600,194],[599,194],[598,194],[597,194],[596,194],[595,194],[594,194],[593,194],[592,194],[591,193],[590,192],[589,191],[588,190],[587,189],[586,188],[585,187],[584,186],[583,186],[582,186],[581,186],[580,186],[579,186],[578,186],[577,186],[576,186],[575,186],[574,186],[573,186],[572,186],[571,186]]","[[607,195],[606,195],[605,195],[604,195],[603,195],[602,195],[601,195],[600,195],[599,195],[598,195],[597,195],[596,195],[595,195],[594,195],[593,195],[592,195],[591,194],[590,193],[589,192],[588,191],[587,190],[586,189],[585,188],[584,187],[583,187],[582,187],[581,187],[580,187],[579,187],[578,187],[577,187],[576,187],[575,187],[574,187],[573,187],[572,187],[571,187]]","[[571,187],[572,187],[573,187],[574,187],[575,187],[576,187],[577,187],[578,187],[579,187],[580,187],[581,187],[582,187],[583,187],[584,187],[585,188],[586,189],[587,190],[588,191],[589,192],[590,193],[591,194],[592,195],[593,195],[594,195],[595,195],[596,195],[597,195],[598,195],[599,195],[600,195],[601,195],[602,195],[603,195],[604,195],[605,195],[606,195],[607,195]]","True","STATIC_SCREEN_SUPPORTED_PLUS_ONE_AABB_0.4x0.8_HEADROOM_2;NOT_PLAYER_VERIFIED","82c31034ea601389a257e773caf96fe146abde1b3016018ff3aeae60115f73eb"
"SV5_INFILL_ROOM_0d63595f6cd949c1a932","SV5_OPTIONAL_05","SV5_OPTIONAL_05","[[581,7],[582,7],[583,7],[584,7],[584,6],[585,6],[586,6],[587,6],[588,6],[589,6],[590,6],[591,6],[592,6],[593,6],[594,6],[595,6],[595,7],[596,7]]","[[581,8],[581,7]]","[[581,8],[581,7],[582,7],[583,7],[584,7],[584,6],[585,6],[586,6],[587,6],[588,6],[589,6],[590,6],[591,6],[592,6],[593,6],[594,6],[595,6],[595,7]]","18","581,7>581,8|580,8>581,8|581,8>582,8|582,7>582,8|581,8>582,8|582,8>583,8|583,7>583,8|582,8>583,8|583,8>583,9","[[581,6],[582,6],[583,6],[584,5],[585,5],[586,5],[587,5],[588,5],[589,5],[590,5],[591,5],[592,5],[593,5],[594,5],[595,5],[596,6],[597,6],[598,6],[599,6],[600,6],[601,6],[602,6],[603,6],[604,6],[605,6],[606,6],[607,6],[608,6]]","[[581,7],[582,7],[583,7],[584,6],[585,6],[586,6],[587,6],[588,6],[589,6],[590,6],[591,6],[592,6],[593,6],[594,6],[595,6],[596,7],[597,7],[598,7],[599,7],[600,7],[601,7],[602,7],[603,7],[604,7],[605,7],[606,7],[607,7],[608,7]]","[[608,7],[607,7],[606,7],[605,7],[604,7],[603,7],[602,7],[601,7],[600,7],[599,7],[598,7],[597,7],[596,7],[595,6],[594,6],[593,6],[592,6],[591,6],[590,6],[589,6],[588,6],[587,6],[586,6],[585,6],[584,6],[583,7],[582,7],[581,7]]","True","STATIC_SCREEN_SUPPORTED_PLUS_ONE_AABB_0.4x0.8_HEADROOM_2;NOT_PLAYER_VERIFIED","82c31034ea601389a257e773caf96fe146abde1b3016018ff3aeae60115f73eb"
"SV5_INFILL_ROOM_0d7a2f9bda44b4a744bd","SV5_OPTIONAL_08","SV5_OPTIONAL_08","[[135,75],[134,75],[134,74],[133,74],[133,73],[132,73],[132,72],[131,72],[131,71],[130,71],[130,70],[129,70],[129,69],[128,69],[128,68],[127,68],[127,67],[126,67],[126,66],[125,66],[125,65],[124,65],[124,64],[123,64],[123,63]]","[[135,76],[135,75]]","[[135,76],[135,75],[134,75],[134,74],[133,74],[133,73],[132,73],[132,72],[131,72],[131,71],[130,71],[130,70],[129,70],[129,69],[128,69],[128,68],[127,68],[127,67],[126,67],[126,66],[125,66],[125,65],[124,65],[124,64]]","24","135,75>135,76|134,76>135,76|135,76>136,76|134,75>134,76","[[135,74],[134,73],[133,72],[132,71],[131,70],[130,69],[129,68],[128,67],[127,66],[126,65],[125,64],[124,63],[123,62],[122,62],[121,62],[120,62],[119,62],[118,62],[117,62],[116,62],[115,62],[114,62],[113,62],[112,62],[111,62]]","[[135,75],[134,74],[133,73],[132,72],[131,71],[130,70],[129,69],[128,68],[127,67],[126,66],[125,65],[124,64],[123,63],[122,63],[121,63],[120,63],[119,63],[118,63],[117,63],[116,63],[115,63],[114,63],[113,63],[112,63],[111,63]]","[[111,63],[112,63],[113,63],[114,63],[115,63],[116,63],[117,63],[118,63],[119,63],[120,63],[121,63],[122,63],[123,63],[124,64],[125,65],[126,66],[127,67],[128,68],[129,69],[130,70],[131,71],[132,72],[133,73],[134,74],[135,75]]","True","STATIC_SCREEN_SUPPORTED_PLUS_ONE_AABB_0.4x0.8_HEADROOM_2;NOT_PLAYER_VERIFIED","82c31034ea601389a257e773caf96fe146abde1b3016018ff3aeae60115f73eb"
"SV5_INFILL_ROOM_0dab25b86c4a80f558fb","SV5_INFILL_ROOM_00b4a4fe56b192880b8c","SV5_OPTIONAL_04","[[583,53],[584,53],[584,52],[585,52],[585,51],[586,51],[586,50],[587,50],[587,49],[588,49],[588,48],[589,48],[589,47],[590,47],[590,46],[591,46],[591,45],[592,45],[592,44],[593,44],[593,43],[594,43],[595,43],[596,43]]","[]","[[584,53],[584,52],[585,52],[585,51],[586,51],[586,50],[587,50],[587,49],[588,49],[588,48],[589,48],[589,47],[590,47],[590,46],[591,46],[591,45],[592,45],[592,44],[593,44],[593,43],[594,43],[595,43]]","22","583,53>584,53","[[568,50],[569,50],[570,50],[571,50],[572,50],[573,51],[574,51],[575,52],[576,52],[577,52],[578,52],[579,52],[580,52],[581,52],[582,52],[583,52],[584,51],[585,50],[586,49],[587,48],[588,47],[589,46],[590,45],[591,44],[592,43],[593,42],[594,42],[595,42],[596,42],[597,42],[598,42],[599,42],[600,42],[601,43],[602,43],[603,44],[604,44],[605,44],[606,44],[607,44],[608,44]]","[[568,51],[569,51],[570,51],[571,51],[572,51],[573,52],[574,52],[575,53],[576,53],[577,53],[578,53],[579,53],[580,53],[581,53],[582,53],[583,53],[584,52],[585,51],[586,50],[587,49],[588,48],[589,47],[590,46],[591,45],[592,44],[593,43],[594,43],[595,43],[596,43],[597,43],[598,43],[599,43],[600,43],[601,44],[602,44],[603,45],[604,45],[605,45],[606,45],[607,45],[608,45]]","[[608,45],[607,45],[606,45],[605,45],[604,45],[603,45],[602,44],[601,44],[600,43],[599,43],[598,43],[597,43],[596,43],[595,43],[594,43],[593,43],[592,44],[591,45],[590,46],[589,47],[588,48],[587,49],[586,50],[585,51],[584,52],[583,53],[582,53],[581,53],[580,53],[579,53],[578,53],[577,53],[576,53],[575,53],[574,52],[573,52],[572,51],[571,51],[570,51],[569,51],[568,51]]","True","STATIC_SCREEN_SUPPORTED_PLUS_ONE_AABB_0.4x0.8_HEADROOM_2;NOT_PLAYER_VERIFIED","82c31034ea601389a257e773caf96fe146abde1b3016018ff3aeae60115f73eb"
"SV5_INFILL_ROOM_0e03c89fc44cb27c66ab","SV5_OPTIONAL_04","SV5_OPTIONAL_04","[[554,187],[553,187],[552,187],[551,187]]","[[556,187],[555,187],[554,187]]","[[555,187],[554,187],[553,187],[552,187]]","4","555,187>556,187|555,188>556,188","[[554,186],[553,186],[552,186],[551,186],[550,186],[549,186],[548,186],[547,186],[546,186],[545,186],[544,186],[543,186],[542,186],[541,186],[540,186],[539,186]]","[[554,187],[553,187],[552,187],[551,187],[550,187],[549,187],[548,187],[547,187],[546,187],[545,187],[544,187],[543,187],[542,187],[541,187],[540,187],[539,187]]","[[539,187],[540,187],[541,187],[542,187],[543,187],[544,187],[545,187],[546,187],[547,187],[548,187],[549,187],[550,187],[551,187],[552,187],[553,187],[554,187]]","True","STATIC_SCREEN_SUPPORTED_PLUS_ONE_AABB_0.4x0.8_HEADROOM_2;NOT_PLAYER_VERIFIED","82c31034ea601389a257e773caf96fe146abde1b3016018ff3aeae60115f73eb"
"SV5_INFILL_ROOM_0e2dfe7267fa2c3f0347","SV5_OPTIONAL_02","SV5_OPTIONAL_02","[[526,347],[525,347],[524,347],[523,347]]","[[528,347],[527,347],[526,347]]","[[527,347],[526,347],[525,347],[524,347]]","4","527,347>528,347|527,348>528,348","[[526,346],[525,346],[524,346],[523,346],[522,346],[521,346],[520,346],[519,346],[518,347],[517,347],[516,348],[515,348],[514,348],[513,348],[512,348],[511,348]]","[[526,347],[525,347],[524,347],[523,347],[522,347],[521,347],[520,347],[519,347],[518,348],[517,348],[516,349],[515,349],[514,349],[513,349],[512,349],[511,349]]","[[511,349],[512,349],[513,349],[514,349],[515,349],[516,349],[517,348],[518,348],[519,347],[520,347],[521,347],[522,347],[523,347],[524,347],[525,347],[526,347]]","True","STATIC_SCREEN_SUPPORTED_PLUS_ONE_AABB_0.4x0.8_HEADROOM_2;NOT_PLAYER_VERIFIED","82c31034ea601389a257e773caf96fe146abde1b3016018ff3aeae60115f73eb"
"SV5_INFILL_ROOM_0e4b5aaf35662ab20962","SV5_INFILL_ROOM_002847beba22c27fafc7","SV5_OPTIONAL_00","[[419,357],[420,357],[420,356],[421,356],[421,355],[422,355],[423,355],[424,355]]","[]","[[420,357],[420,356],[421,356],[421,355],[422,355],[423,355]]","6","419,357>420,357","[[404,354],[405,354],[406,354],[407,354],[408,354],[409,355],[410,355],[411,356],[412,356],[413,356],[414,356],[415,356],[416,356],[417,356],[418,356],[419,356],[420,355],[421,354],[422,354],[423,354],[424,354],[425,354],[426,354],[427,354],[428,354],[429,354],[430,354],[431,354],[432,354],[433,354],[434,354],[435,354],[436,354],[437,354],[438,354],[439,354],[440,354]]","[[404,355],[405,355],[406,355],[407,355],[408,355],[409,356],[410,356],[411,357],[412,357],[413,357],[414,357],[415,357],[416,357],[417,357],[418,357],[419,357],[420,356],[421,355],[422,355],[423,355],[424,355],[425,355],[426,355],[427,355],[428,355],[429,355],[430,355],[431,355],[432,355],[433,355],[434,355],[435,355],[436,355],[437,355],[438,355],[439,355],[440,355]]","[[440,355],[439,355],[438,355],[437,355],[436,355],[435,355],[434,355],[433,355],[432,355],[431,355],[430,355],[429,355],[428,355],[427,355],[426,355],[425,355],[424,355],[423,355],[422,355],[421,355],[420,356],[419,357],[418,357],[417,357],[416,357],[415,357],[414,357],[413,357],[412,357],[411,357],[410,356],[409,356],[408,355],[407,355],[406,355],[405,355],[404,355]]","True","STATIC_SCREEN_SUPPORTED_PLUS_ONE_AABB_0.4x0.8_HEADROOM_2;NOT_PLAYER_VERIFIED","82c31034ea601389a257e773caf96fe146abde1b3016018ff3aeae60115f73eb"
"SV5_INFILL_ROOM_0e7232f551c998f79b45","SV5_OPTIONAL_10","SV5_OPTIONAL_10","[[166,211],[165,211],[164,211],[163,211]]","[[168,211],[167,211],[166,211]]","[[167,211],[166,211],[165,211],[164,211]]","4","167,211>168,211|167,212>168,212","[[166,210],[165,210],[164,210],[163,210],[162,210],[161,210],[160,210],[159,210],[158,210],[157,210],[156,210],[155,210],[154,210],[153,210],[152,210],[151,210]]","[[166,211],[165,211],[164,211],[163,211],[162,211],[161,211],[160,211],[159,211],[158,211],[157,211],[156,211],[155,211],[154,211],[153,211],[152,211],[151,211]]","[[151,211],[152,211],[153,211],[154,211],[155,211],[156,211],[157,211],[158,211],[159,211],[160,211],[161,211],[162,211],[163,211],[164,211],[165,211],[166,211]]","True","STATIC_SCREEN_SUPPORTED_PLUS_ONE_AABB_0.4x0.8_HEADROOM_2;NOT_PLAYER_VERIFIED","82c31034ea601389a257e773caf96fe146abde1b3016018ff3aeae60115f73eb"
"SV5_INFILL_ROOM_0f17f69a0304b7b0be0e","SV5_OPTIONAL_RETURN_TO_START","SV5_OPTIONAL_RETURN_TO_START","[[384,319],[384,320],[385,320],[385,321],[386,321],[386,322],[387,322],[387,323],[388,323],[388,324],[389,324],[389,325],[390,325],[390,326],[391,326],[391,327],[392,327]]","[[382,319],[383,319],[384,319]]","[[383,319],[384,319],[384,320],[385,320],[385,321],[386,321],[386,322],[387,322],[387,323],[388,323],[388,324],[389,324],[389,325],[390,325],[390,326],[391,326],[391,327]]","17","382,319>383,319|382,320>383,320","[[384,318],[385,319],[386,320],[387,321],[388,322],[389,323],[390,324],[391,325],[392,326],[393,326],[394,326],[395,326],[396,326],[397,326],[398,326],[399,326],[400,326],[401,326],[402,326],[403,326],[404,326]]","[[384,319],[385,320],[386,321],[387,322],[388,323],[389,324],[390,325],[391,326],[392,327],[393,327],[394,327],[395,327],[396,327],[397,327],[398,327],[399,327],[400,327],[401,327],[402,327],[403,327],[404,327]]","[[404,327],[403,327],[402,327],[401,327],[400,327],[399,327],[398,327],[397,327],[396,327],[395,327],[394,327],[393,327],[392,327],[391,326],[390,325],[389,324],[388,323],[387,322],[386,321],[385,320],[384,319]]","True","STATIC_SCREEN_SUPPORTED_PLUS_ONE_AABB_0.4x0.8_HEADROOM_2;NOT_PLAYER_VERIFIED","82c31034ea601389a257e773caf96fe146abde1b3016018ff3aeae60115f73eb"
"SV5_INFILL_ROOM_0f5736599d7acc3ea0a8","SV5_OPTIONAL_04","SV5_OPTIONAL_04","[[554,123],[553,123],[552,123],[551,123]]","[[556,123],[555,123],[554,123]]","[[555,123],[554,123],[553,123],[552,123]]","4","555,123>556,123|555,124>556,124","[[554,122],[553,122],[552,122],[551,122],[550,122],[549,122],[548,122],[547,122],[546,122],[545,122],[544,122],[543,122],[542,122],[541,122],[540,122],[539,122]]","[[554,123],[553,123],[552,123],[551,123],[550,123],[549,123],[548,123],[547,123],[546,123],[545,123],[544,123],[543,123],[542,123],[541,123],[540,123],[539,123]]","[[539,123],[540,123],[541,123],[542,123],[543,123],[544,123],[545,123],[546,123],[547,123],[548,123],[549,123],[550,123],[551,123],[552,123],[553,123],[554,123]]","True","STATIC_SCREEN_SUPPORTED_PLUS_ONE_AABB_0.4x0.8_HEADROOM_2;NOT_PLAYER_VERIFIED","82c31034ea601389a257e773caf96fe146abde1b3016018ff3aeae60115f73eb"
"SV5_INFILL_ROOM_0f88fc448a70fd619594","SV5_OPTIONAL_01","SV5_OPTIONAL_01","[[411,287],[410,287],[410,286],[409,286],[409,285],[408,285],[408,284],[407,284],[407,283],[406,283],[406,282],[405,282],[405,281],[404,281],[404,280],[403,280],[403,279],[402,279],[402,278],[401,278],[401,277],[400,277],[400,276],[399,276],[399,275]]","[[411,288],[411,287]]","[[411,288],[411,287],[410,287],[410,286],[409,286],[409,285],[408,285],[408,284],[407,284],[407,283],[406,283],[406,282],[405,282],[405,281],[404,281],[404,280],[403,280],[403,279],[402,279],[402,278],[401,278],[401,277],[400,277],[400,276]]","24","411,287>411,288|410,288>411,288|411,288>412,288|410,287>410,288","[[411,286],[410,285],[409,284],[408,283],[407,282],[406,281],[405,280],[404,279],[403,278],[402,277],[401,276],[400,275],[399,274],[398,274],[397,274],[396,274],[395,274],[394,274],[393,274],[392,274],[391,274],[390,274],[389,274],[388,274],[387,274],[386,274],[385,274],[384,274],[383,274]]","[[411,287],[410,286],[409,285],[408,284],[407,283],[406,282],[405,281],[404,280],[403,279],[402,278],[401,277],[400,276],[399,275],[398,275],[397,275],[396,275],[395,275],[394,275],[393,275],[392,275],[391,275],[390,275],[389,275],[388,275],[387,275],[386,275],[385,275],[384,275],[383,275]]","[[383,275],[384,275],[385,275],[386,275],[387,275],[388,275],[389,275],[390,275],[391,275],[392,275],[393,275],[394,275],[395,275],[396,275],[397,275],[398,275],[399,275],[400,276],[401,277],[402,278],[403,279],[404,280],[405,281],[406,282],[407,283],[408,284],[409,285],[410,286],[411,287]]","True","STATIC_SCREEN_SUPPORTED_PLUS_ONE_AABB_0.4x0.8_HEADROOM_2;NOT_PLAYER_VERIFIED","82c31034ea601389a257e773caf96fe146abde1b3016018ff3aeae60115f73eb"
"SV5_INFILL_ROOM_104acf8bf04b37a8ad63","SV5_INFILL_ROOM_014ff8b35cb7a06ee610","SV5_OPTIONAL_09","[[96,193],[95,193],[95,192],[94,192],[94,191],[93,191],[92,191],[91,191],[90,191],[89,191],[88,191],[87,191],[86,191],[85,191],[84,191],[83,191],[82,191],[81,191],[80,191],[79,191],[78,191],[77,191],[76,191],[75,191]]","[]","[[95,193],[95,192],[94,192],[94,191],[93,191],[92,191],[91,191],[90,191],[89,191],[88,191],[87,191],[86,191],[85,191],[84,191],[83,191],[82,191],[81,191],[80,191],[79,191],[78,191],[77,191],[76,191]]","22","95,193>96,193","[[111,190],[110,190],[109,190],[108,190],[107,190],[106,191],[105,191],[104,192],[103,192],[102,192],[101,192],[100,192],[99,192],[98,192],[97,192],[96,192],[95,191],[94,190],[93,190],[92,190],[91,190],[90,190],[89,190],[88,190],[87,190],[86,190],[85,190],[84,190],[83,190],[82,190],[81,190],[80,190],[79,190],[78,190],[77,190],[76,190],[75,190],[74,190],[73,190],[72,190],[71,190],[70,190],[69,190],[68,190],[67,190],[66,190],[65,190],[64,190],[63,190]]","[[111,191],[110,191],[109,191],[108,191],[107,191],[106,192],[105,192],[104,193],[103,193],[102,193],[101,193],[100,193],[99,193],[98,193],[97,193],[96,193],[95,192],[94,191],[93,191],[92,191],[91,191],[90,191],[89,191],[88,191],[87,191],[86,191],[85,191],[84,191],[83,191],[82,191],[81,191],[80,191],[79,191],[78,191],[77,191],[76,191],[75,191],[74,191],[73,191],[72,191],[71,191],[70,191],[69,191],[68,191],[67,191],[66,191],[65,191],[64,191],[63,191]]","[[63,191],[64,191],[65,191],[66,191],[67,191],[68,191],[69,191],[70,191],[71,191],[72,191],[73,191],[74,191],[75,191],[76,191],[77,191],[78,191],[79,191],[80,191],[81,191],[82,191],[83,191],[84,191],[85,191],[86,191],[87,191],[88,191],[89,191],[90,191],[91,191],[92,191],[93,191],[94,191],[95,192],[96,193],[97,193],[98,193],[99,193],[100,193],[101,193],[102,193],[103,193],[104,193],[105,192],[106,192],[107,191],[108,191],[109,191],[110,191],[111,191]]","True","STATIC_SCREEN_SUPPORTED_PLUS_ONE_AABB_0.4x0.8_HEADROOM_2;NOT_PLAYER_VERIFIED","82c31034ea601389a257e773caf96fe146abde1b3016018ff3aeae60115f73eb"
"SV5_INFILL_ROOM_10723a60cc9b706bf1c1","SV5_INFILL_ROOM_016e566fdda939779b86","SV5_OPTIONAL_03","[[584,351],[583,351],[583,350],[582,350],[582,349],[581,349],[581,348],[580,348],[580,347],[579,347]]","[]","[[583,351],[583,350],[582,350],[582,349],[581,349],[581,348],[580,348],[580,347]]","8","583,351>584,351","[[599,350],[598,350],[597,350],[596,350],[595,350],[594,350],[593,350],[592,350],[591,350],[590,350],[589,350],[588,350],[587,350],[586,350],[585,350],[584,350],[583,349],[582,348],[581,347],[580,346],[579,346],[578,346],[577,346],[576,346],[575,346],[574,346],[573,346],[572,346],[571,346],[570,346],[569,346],[568,346],[567,346]]","[[599,351],[598,351],[597,351],[596,351],[595,351],[594,351],[593,351],[592,351],[591,351],[590,351],[589,351],[588,351],[587,351],[586,351],[585,351],[584,351],[583,350],[582,349],[581,348],[580,347],[579,347],[578,347],[577,347],[576,347],[575,347],[574,347],[573,347],[572,347],[571,347],[570,347],[569,347],[568,347],[567,347]]","[[567,347],[568,347],[569,347],[570,347],[571,347],[572,347],[573,347],[574,347],[575,347],[576,347],[577,347],[578,347],[579,347],[580,347],[581,348],[582,349],[583,350],[584,351],[585,351],[586,351],[587,351],[588,351],[589,351],[590,351],[591,351],[592,351],[593,351],[594,351],[595,351],[596,351],[597,351],[598,351],[599,351]]","True","STATIC_SCREEN_SUPPORTED_PLUS_ONE_AABB_0.4x0.8_HEADROOM_2;NOT_PLAYER_VERIFIED","82c31034ea601389a257e773caf96fe146abde1b3016018ff3aeae60115f73eb"
"SV5_INFILL_ROOM_1073f0f69e35494198ef","SV5_OPTIONAL_04","SV5_OPTIONAL_04","[[554,111],[553,111],[552,111],[551,111],[550,111],[549,111],[548,111],[547,111],[546,111],[545,111],[544,111],[543,111],[542,111],[541,111],[540,111],[539,111],[538,111],[537,111],[536,111],[535,111],[534,111],[533,111],[532,111],[531,111]]","[[556,111],[555,111],[554,111]]","[[555,111],[554,111],[553,111],[552,111],[551,111],[550,111],[549,111],[548,111],[547,111],[546,111],[545,111],[544,111],[543,111],[542,111],[541,111],[540,111],[539,111],[538,111],[537,111],[536,111],[535,111],[534,111],[533,111],[532,111]]","24","555,111>556,111|555,112>556,112","[[554,110],[553,110],[552,110],[551,110],[550,110],[549,110],[548,110],[547,110],[546,110],[545,110],[544,110],[543,110],[542,110],[541,110],[540,110],[539,110],[538,110],[537,110],[536,110],[535,110],[534,110],[533,110],[532,110],[531,110],[530,110],[529,110],[528,110],[527,110],[526,110],[525,110],[524,110],[523,110],[522,110],[521,110],[520,110],[519,110],[518,110],[517,110],[516,110],[515,110]]","[[554,111],[553,111],[552,111],[551,111],[550,111],[549,111],[548,111],[547,111],[546,111],[545,111],[544,111],[543,111],[542,111],[541,111],[540,111],[539,111],[538,111],[537,111],[536,111],[535,111],[534,111],[533,111],[532,111],[531,111],[530,111],[529,111],[528,111],[527,111],[526,111],[525,111],[524,111],[523,111],[522,111],[521,111],[520,111],[519,111],[518,111],[517,111],[516,111],[515,111]]","[[515,111],[516,111],[517,111],[518,111],[519,111],[520,111],[521,111],[522,111],[523,111],[524,111],[525,111],[526,111],[527,111],[528,111],[529,111],[530,111],[531,111],[532,111],[533,111],[534,111],[535,111],[536,111],[537,111],[538,111],[539,111],[540,111],[541,111],[542,111],[543,111],[544,111],[545,111],[546,111],[547,111],[548,111],[549,111],[550,111],[551,111],[552,111],[553,111],[554,111]]","True","STATIC_SCREEN_SUPPORTED_PLUS_ONE_AABB_0.4x0.8_HEADROOM_2;NOT_PLAYER_VERIFIED","82c31034ea601389a257e773caf96fe146abde1b3016018ff3aeae60115f73eb"
"SV5_INFILL_ROOM_10841e59ad9a07cfc137","SV5_INFILL_ROOM_0026720c34abcbf94ac5","SV5_OPTIONAL_00","[[296,391],[295,391],[294,391],[293,391],[292,391],[291,391]]","[]","[[295,391],[294,391],[293,391],[292,391]]","4","295,391>296,391|295,392>296,392","[[311,390],[310,390],[309,390],[308,390],[307,390],[306,390],[305,390],[304,390],[303,390],[302,390],[301,390],[300,390],[299,390],[298,390],[297,390],[296,390],[295,390],[294,390],[293,390],[292,390],[291,390],[290,390],[289,390],[288,390],[287,390],[286,390],[285,390],[284,390],[283,390],[282,390],[281,390],[280,390],[279,390]]","[[311,391],[310,391],[309,391],[308,391],[307,391],[306,391],[305,391],[304,391],[303,391],[302,391],[301,391],[300,391],[299,391],[298,391],[297,391],[296,391],[295,391],[294,391],[293,391],[292,391],[291,391],[290,391],[289,391],[288,391],[287,391],[286,391],[285,391],[284,391],[283,391],[282,391],[281,391],[280,391],[279,391]]","[[279,391],[280,391],[281,391],[282,391],[283,391],[284,391],[285,391],[286,391],[287,391],[288,391],[289,391],[290,391],[291,391],[292,391],[293,391],[294,391],[295,391],[296,391],[297,391],[298,391],[299,391],[300,391],[301,391],[302,391],[303,391],[304,391],[305,391],[306,391],[307,391],[308,391],[309,391],[310,391],[311,391]]","True","STATIC_SCREEN_SUPPORTED_PLUS_ONE_AABB_0.4x0.8_HEADROOM_2;NOT_PLAYER_VERIFIED","82c31034ea601389a257e773caf96fe146abde1b3016018ff3aeae60115f73eb"
"SV5_INFILL_ROOM_10889819727ae935e66a","SV5_OPTIONAL_01","SV5_OPTIONAL_01","[[439,279],[438,279],[438,278],[437,278],[437,277],[436,277],[436,276],[435,276],[435,275],[434,275],[434,274],[433,274],[433,273],[432,273],[432,272],[431,272],[431,271]]","[[439,280],[439,279]]","[[439,280],[439,279],[438,279],[438,278],[437,278],[437,277],[436,277],[436,276],[435,276],[435,275],[434,275],[434,274],[433,274],[433,273],[432,273],[432,272]]","16","439,279>439,280|438,280>439,280|439,280>440,280|438,279>438,280","[[439,278],[438,277],[437,276],[436,275],[435,274],[434,273],[433,272],[432,271],[431,270],[430,270],[429,270],[428,270],[427,270],[426,270],[425,270],[424,270],[423,270],[422,270],[421,270],[420,270],[419,270]]","[[439,279],[438,278],[437,277],[436,276],[435,275],[434,274],[433,273],[432,272],[431,271],[430,271],[429,271],[428,271],[427,271],[426,271],[425,271],[424,271],[423,271],[422,271],[421,271],[420,271],[419,271]]","[[419,271],[420,271],[421,271],[422,271],[423,271],[424,271],[425,271],[426,271],[427,271],[428,271],[429,271],[430,271],[431,271],[432,272],[433,273],[434,274],[435,275],[436,276],[437,277],[438,278],[439,279]]","True","STATIC_SCREEN_SUPPORTED_PLUS_ONE_AABB_0.4x0.8_HEADROOM_2;NOT_PLAYER_VERIFIED","82c31034ea601389a257e773caf96fe146abde1b3016018ff3aeae60115f73eb"
"SV5_INFILL_ROOM_10c3fb6870215244584a","SV5_INFILL_ROOM_01f0cdc1039548013f6c","SV5_OPTIONAL_06","[[28,11],[27,11],[27,10],[26,10],[26,9],[25,9],[25,8],[24,8],[24,7],[23,7],[22,7],[21,7],[20,7],[19,7]]","[]","[[27,11],[27,10],[26,10],[26,9],[25,9],[25,8],[24,8],[24,7],[23,7],[22,7],[21,7],[20,7]]","12","27,11>28,11","[[43,10],[42,10],[41,10],[40,10],[39,10],[38,10],[37,10],[36,10],[35,10],[34,10],[33,10],[32,10],[31,10],[30,10],[29,10],[28,10],[27,9],[26,8],[25,7],[24,6],[23,6],[22,6],[21,6],[20,6],[19,6],[18,6],[17,6],[16,6],[15,6],[14,6],[13,6],[12,6],[11,6],[10,6],[9,6],[8,6],[7,6]]","[[43,11],[42,11],[41,11],[40,11],[39,11],[38,11],[37,11],[36,11],[35,11],[34,11],[33,11],[32,11],[31,11],[30,11],[29,11],[28,11],[27,10],[26,9],[25,8],[24,7],[23,7],[22,7],[21,7],[20,7],[19,7],[18,7],[17,7],[16,7],[15,7],[14,7],[13,7],[12,7],[11,7],[10,7],[9,7],[8,7],[7,7]]","[[7,7],[8,7],[9,7],[10,7],[11,7],[12,7],[13,7],[14,7],[15,7],[16,7],[17,7],[18,7],[19,7],[20,7],[21,7],[22,7],[23,7],[24,7],[25,8],[26,9],[27,10],[28,11],[29,11],[30,11],[31,11],[32,11],[33,11],[34,11],[35,11],[36,11],[37,11],[38,11],[39,11],[40,11],[41,11],[42,11],[43,11]]","True","STATIC_SCREEN_SUPPORTED_PLUS_ONE_AABB_0.4x0.8_HEADROOM_2;NOT_PLAYER_VERIFIED","82c31034ea601389a257e773caf96fe146abde1b3016018ff3aeae60115f73eb"
"SV5_INFILL_ROOM_114c98f058f823fb3a25","SV5_INFILL_ROOM_0429677801e88b2cb560","SV5_OPTIONAL_08","[[92,85],[92,86],[91,86],[91,87],[90,87],[90,88],[89,88],[89,89],[88,89],[88,90],[87,90],[86,90],[85,90],[84,90],[84,91],[83,91]]","[]","[[91,86],[91,87],[90,87],[90,88],[89,88],[89,89],[88,89],[88,90],[87,90],[86,90],[85,90],[84,90],[84,91]]","13","91,86>92,86","[[107,82],[106,82],[105,82],[104,82],[103,82],[102,83],[101,83],[100,84],[99,84],[98,84],[97,84],[96,84],[95,84],[94,84],[93,84],[92,84],[91,85],[90,86],[89,87],[88,88],[87,89],[86,89],[85,89],[84,89],[83,90],[82,90],[81,90],[80,90],[79,90],[78,90],[77,90],[76,90],[75,90],[74,90],[73,90],[72,90],[71,90],[70,90],[69,90],[68,90],[67,90]]","[[107,83],[106,83],[105,83],[104,83],[103,83],[102,84],[101,84],[100,85],[99,85],[98,85],[97,85],[96,85],[95,85],[94,85],[93,85],[92,85],[91,86],[90,87],[89,88],[88,89],[87,90],[86,90],[85,90],[84,90],[83,91],[82,91],[81,91],[80,91],[79,91],[78,91],[77,91],[76,91],[75,91],[74,91],[73,91],[72,91],[71,91],[70,91],[69,91],[68,91],[67,91]]","[[67,91],[68,91],[69,91],[70,91],[71,91],[72,91],[73,91],[74,91],[75,91],[76,91],[77,91],[78,91],[79,91],[80,91],[81,91],[82,91],[83,91],[84,90],[85,90],[86,90],[87,90],[88,89],[89,88],[90,87],[91,86],[92,85],[93,85],[94,85],[95,85],[96,85],[97,85],[98,85],[99,85],[100,85],[101,84],[102,84],[103,83],[104,83],[105,83],[106,83],[107,83]]","True","STATIC_SCREEN_SUPPORTED_PLUS_ONE_AABB_0.4x0.8_HEADROOM_2;NOT_PLAYER_VERIFIED","82c31034ea601389a257e773caf96fe146abde1b3016018ff3aeae60115f73eb"
"SV5_INFILL_ROOM_12530c66b4cbc38d234f","SV5_INFILL_ROOM_0042f49ea66c74b34fe7","SV5_OPTIONAL_10","[[108,211],[107,211],[106,211],[105,211],[104,211],[103,211],[102,211],[101,211],[100,211],[99,211],[98,211],[97,211],[96,211],[95,211],[94,211],[93,211],[92,211],[91,211],[90,211],[89,211],[88,211],[87,211]]","[]","[[107,211],[106,211],[105,211],[104,211],[103,211],[102,211],[101,211],[100,211],[99,211],[98,211],[97,211],[96,211],[95,211],[94,211],[93,211],[92,211],[91,211],[90,211],[89,211],[88,211]]","20","107,211>108,211|107,212>108,212","[[127,210],[126,210],[125,210],[124,210],[123,210],[122,210],[121,210],[120,210],[119,210],[118,210],[117,210],[116,210],[115,210],[114,210],[113,210],[112,210],[111,210],[110,210],[109,210],[108,210],[107,210],[106,210],[105,210],[104,210],[103,210],[102,210],[101,210],[100,210],[99,210],[98,210],[97,210],[96,210],[95,210],[94,210],[93,210],[92,210],[91,210],[90,210],[89,210],[88,210],[87,210],[86,210],[85,210],[84,210],[83,210],[82,210],[81,210],[80,210],[79,210],[78,210],[77,210],[76,210],[75,210]]","[[127,211],[126,211],[125,211],[124,211],[123,211],[122,211],[121,211],[120,211],[119,211],[118,211],[117,211],[116,211],[115,211],[114,211],[113,211],[112,211],[111,211],[110,211],[109,211],[108,211],[107,211],[106,211],[105,211],[104,211],[103,211],[102,211],[101,211],[100,211],[99,211],[98,211],[97,211],[96,211],[95,211],[94,211],[93,211],[92,211],[91,211],[90,211],[89,211],[88,211],[87,211],[86,211],[85,211],[84,211],[83,211],[82,211],[81,211],[80,211],[79,211],[78,211],[77,211],[76,211],[75,211]]","[[75,211],[76,211],[77,211],[78,211],[79,211],[80,211],[81,211],[82,211],[83,211],[84,211],[85,211],[86,211],[87,211],[88,211],[89,211],[90,211],[91,211],[92,211],[93,211],[94,211],[95,211],[96,211],[97,211],[98,211],[99,211],[100,211],[101,211],[102,211],[103,211],[104,211],[105,211],[106,211],[107,211],[108,211],[109,211],[110,211],[111,211],[112,211],[113,211],[114,211],[115,211],[116,211],[117,211],[118,211],[119,211],[120,211],[121,211],[122,211],[123,211],[124,211],[125,211],[126,211],[127,211]]","True","STATIC_SCREEN_SUPPORTED_PLUS_ONE_AABB_0.4x0.8_HEADROOM_2;NOT_PLAYER_VERIFIED","82c31034ea601389a257e773caf96fe146abde1b3016018ff3aeae60115f73eb"
"SV5_INFILL_ROOM_136ff74ff913d769873e","SV5_OPTIONAL_03","SV5_OPTIONAL_03","[[582,263],[583,263],[584,263]]","[[580,263],[581,263],[582,263]]","[[581,263],[582,263],[583,263]]","3","580,263>581,263|580,264>581,264","[[582,262],[583,262],[584,262],[585,262],[586,262],[587,262],[588,262],[589,262],[590,262],[591,262],[592,262],[593,262],[594,262],[595,262],[596,262]]","[[582,263],[583,263],[584,263],[585,263],[586,263],[587,263],[588,263],[589,263],[590,263],[591,263],[592,263],[593,263],[594,263],[595,263],[596,263]]","[[596,263],[595,263],[594,263],[593,263],[592,263],[591,263],[590,263],[589,263],[588,263],[587,263],[586,263],[585,263],[584,263],[583,263],[582,263]]","True","STATIC_SCREEN_SUPPORTED_PLUS_ONE_AABB_0.4x0.8_HEADROOM_2;NOT_PLAYER_VERIFIED","82c31034ea601389a257e773caf96fe146abde1b3016018ff3aeae60115f73eb"
"SV5_INFILL_ROOM_1375931bdd10c74015a5","SV5_INFILL_ROOM_04ad25dcb101169f2db9","SV5_OPTIONAL_12","[[216,379],[215,379],[215,378],[214,378],[214,377],[213,377],[213,376],[212,376],[212,375],[211,375]]","[]","[[215,379],[215,378],[214,378],[214,377],[213,377],[213,376],[212,376],[212,375]]","8","215,379>216,379","[[235,378],[234,378],[233,378],[232,378],[231,378],[230,378],[229,378],[228,378],[227,378],[226,378],[225,378],[224,378],[223,378],[222,378],[221,378],[220,378],[219,378],[218,378],[217,378],[216,378],[215,377],[214,376],[213,375],[212,374],[211,374],[210,374],[209,374],[208,374],[207,374],[206,374],[205,374],[204,374],[203,374],[202,374],[201,374],[200,374],[199,374]]","[[235,379],[234,379],[233,379],[232,379],[231,379],[230,379],[229,379],[228,379],[227,379],[226,379],[225,379],[224,379],[223,379],[222,379],[221,379],[220,379],[219,379],[218,379],[217,379],[216,379],[215,378],[214,377],[213,376],[212,375],[211,375],[210,375],[209,375],[208,375],[207,375],[206,375],[205,375],[204,375],[203,375],[202,375],[201,375],[200,375],[199,375]]","[[199,375],[200,375],[201,375],[202,375],[203,375],[204,375],[205,375],[206,375],[207,375],[208,375],[209,375],[210,375],[211,375],[212,375],[213,376],[214,377],[215,378],[216,379],[217,379],[218,379],[219,379],[220,379],[221,379],[222,379],[223,379],[224,379],[225,379],[226,379],[227,379],[228,379],[229,379],[230,379],[231,379],[232,379],[233,379],[234,379],[235,379]]","True","STATIC_SCREEN_SUPPORTED_PLUS_ONE_AABB_0.4x0.8_HEADROOM_2;NOT_PLAYER_VERIFIED","82c31034ea601389a257e773caf96fe146abde1b3016018ff3aeae60115f73eb"
"SV5_INFILL_ROOM_15cb426fef762390ad17","SV5_INFILL_ROOM_0496c8692f6450167db1","SV5_OPTIONAL_14","[[95,361],[95,362],[96,362],[97,362],[98,362],[99,362],[99,363],[100,363]]","[]","[[96,362],[97,362],[98,362],[99,362],[99,363]]","5","95,362>96,362","[[80,358],[81,358],[82,358],[83,358],[84,358],[85,359],[86,359],[87,360],[88,360],[89,360],[90,360],[91,360],[92,360],[93,360],[94,360],[95,360],[96,361],[97,361],[98,361],[99,361],[100,362],[101,362],[102,362],[103,362],[104,362],[105,363],[106,363],[107,364],[108,364],[109,364],[110,364],[111,364],[112,364]]","[[80,359],[81,359],[82,359],[83,359],[84,359],[85,360],[86,360],[87,361],[88,361],[89,361],[90,361],[91,361],[92,361],[93,361],[94,361],[95,361],[96,362],[97,362],[98,362],[99,362],[100,363],[101,363],[102,363],[103,363],[104,363],[105,364],[106,364],[107,365],[108,365],[109,365],[110,365],[111,365],[112,365]]","[[112,365],[111,365],[110,365],[109,365],[108,365],[107,365],[106,364],[105,364],[104,363],[103,363],[102,363],[101,363],[100,363],[99,362],[98,362],[97,362],[96,362],[95,361],[94,361],[93,361],[92,361],[91,361],[90,361],[89,361],[88,361],[87,361],[86,360],[85,360],[84,359],[83,359],[82,359],[81,359],[80,359]]","True","STATIC_SCREEN_SUPPORTED_PLUS_ONE_AABB_0.4x0.8_HEADROOM_2;NOT_PLAYER_VERIFIED","82c31034ea601389a257e773caf96fe146abde1b3016018ff3aeae60115f73eb"
"SV5_INFILL_ROOM_162c1fac42356a2b70dc","SV5_INFILL_ROOM_104acf8bf04b37a8ad63","SV5_OPTIONAL_09","[[60,191],[59,191],[58,191],[57,191],[56,191],[55,191],[54,191],[53,191],[52,191],[51,191],[50,191],[49,191],[48,191],[47,191],[46,191],[45,191],[44,191],[43,191]]","[]","[[59,191],[58,191],[57,191],[56,191],[55,191],[54,191],[53,191],[52,191],[51,191],[50,191],[49,191],[48,191],[47,191],[46,191],[45,191],[44,191]]","16","59,191>60,191|59,192>60,192","[[75,190],[74,190],[73,190],[72,190],[71,190],[70,190],[69,190],[68,190],[67,190],[66,190],[65,190],[64,190],[63,190],[62,190],[61,190],[60,190],[59,190],[58,190],[57,190],[56,190],[55,190],[54,190],[53,190],[52,190],[51,190],[50,190],[49,190],[48,190],[47,190],[46,190],[45,190],[44,190],[43,190],[42,190],[41,190],[40,190],[39,190],[38,190],[37,190],[36,190],[35,190],[34,190],[33,190],[32,190],[31,190]]","[[75,191],[74,191],[73,191],[72,191],[71,191],[70,191],[69,191],[68,191],[67,191],[66,191],[65,191],[64,191],[63,191],[62,191],[61,191],[60,191],[59,191],[58,191],[57,191],[56,191],[55,191],[54,191],[53,191],[52,191],[51,191],[50,191],[49,191],[48,191],[47,191],[46,191],[45,191],[44,191],[43,191],[42,191],[41,191],[40,191],[39,191],[38,191],[37,191],[36,191],[35,191],[34,191],[33,191],[32,191],[31,191]]","[[31,191],[32,191],[33,191],[34,191],[35,191],[36,191],[37,191],[38,191],[39,191],[40,191],[41,191],[42,191],[43,191],[44,191],[45,191],[46,191],[47,191],[48,191],[49,191],[50,191],[51,191],[52,191],[53,191],[54,191],[55,191],[56,191],[57,191],[58,191],[59,191],[60,191],[61,191],[62,191],[63,191],[64,191],[65,191],[66,191],[67,191],[68,191],[69,191],[70,191],[71,191],[72,191],[73,191],[74,191],[75,191]]","True","STATIC_SCREEN_SUPPORTED_PLUS_ONE_AABB_0.4x0.8_HEADROOM_2;NOT_PLAYER_VERIFIED","82c31034ea601389a257e773caf96fe146abde1b3016018ff3aeae60115f73eb"
"SV5_INFILL_ROOM_16de283f3026f06e031f","SV5_OPTIONAL_04","SV5_OPTIONAL_04","[[558,103],[558,104],[559,104],[559,105],[560,105],[560,106],[561,106],[561,107],[562,107],[562,108],[563,108],[563,109],[564,109],[564,110],[565,110],[566,110],[567,110],[568,110],[569,110],[570,110],[571,110],[571,111],[572,111]]","[[556,103],[557,103],[558,103]]","[[557,103],[558,103],[558,104],[559,104],[559,105],[560,105],[560,106],[561,106],[561,107],[562,107],[562,108],[563,108],[563,109],[564,109],[564,110],[565,110],[566,110],[567,110],[568,110],[569,110],[570,110],[571,110],[571,111]]","23","556,103>557,103|556,104>557,104","[[558,102],[559,103],[560,104],[561,105],[562,106],[563,107],[564,108],[565,109],[566,109],[567,109],[568,109],[569,109],[570,109],[571,109],[572,110],[573,110],[574,110],[575,110],[576,110],[577,110],[578,110],[579,110],[580,110],[581,110],[582,110],[583,110],[584,110]]","[[558,103],[559,104],[560,105],[561,106],[562,107],[563,108],[564,109],[565,110],[566,110],[567,110],[568,110],[569,110],[570,110],[571,110],[572,111],[573,111],[574,111],[575,111],[576,111],[577,111],[578,111],[579,111],[580,111],[581,111],[582,111],[583,111],[584,111]]","[[584,111],[583,111],[582,111],[581,111],[580,111],[579,111],[578,111],[577,111],[576,111],[575,111],[574,111],[573,111],[572,111],[571,110],[570,110],[569,110],[568,110],[567,110],[566,110],[565,110],[564,109],[563,108],[562,107],[561,106],[560,105],[559,104],[558,103]]","True","STATIC_SCREEN_SUPPORTED_PLUS_ONE_AABB_0.4x0.8_HEADROOM_2;NOT_PLAYER_VERIFIED","82c31034ea601389a257e773caf96fe146abde1b3016018ff3aeae60115f73eb"
"SV5_INFILL_ROOM_190cf8428ea073484d80","SV5_OPTIONAL_07","SV5_OPTIONAL_07","[[177,71],[176,71],[176,70],[175,70],[175,69],[174,69],[174,68],[173,68],[173,67],[172,67],[171,67]]","[[177,72],[177,71]]","[[177,72],[177,71],[176,71],[176,70],[175,70],[175,69],[174,69],[174,68],[173,68],[173,67],[172,67]]","11","177,71>177,72|176,72>177,72|177,72>178,72|176,71>176,72","[[177,70],[176,69],[175,68],[174,67],[173,66],[172,66],[171,66],[170,66],[169,66],[168,66],[167,66],[166,66],[165,66],[164,66],[163,66],[162,66],[161,66],[160,66],[159,66]]","[[177,71],[176,70],[175,69],[174,68],[173,67],[172,67],[171,67],[170,67],[169,67],[168,67],[167,67],[166,67],[165,67],[164,67],[163,67],[162,67],[161,67],[160,67],[159,67]]","[[159,67],[160,67],[161,67],[162,67],[163,67],[164,67],[165,67],[166,67],[167,67],[168,67],[169,67],[170,67],[171,67],[172,67],[173,67],[174,68],[175,69],[176,70],[177,71]]","True","STATIC_SCREEN_SUPPORTED_PLUS_ONE_AABB_0.4x0.8_HEADROOM_2;NOT_PLAYER_VERIFIED","82c31034ea601389a257e773caf96fe146abde1b3016018ff3aeae60115f73eb"
"SV5_INFILL_ROOM_1a82971bf4756de9b6e1","SV5_OPTIONAL_00","SV5_OPTIONAL_00","[[386,367],[387,367],[388,367]]","[[384,367],[385,367],[386,367]]","[[385,367],[386,367],[387,367]]","3","384,367>385,367|384,368>385,368","[[386,366],[387,366],[388,366],[389,366],[390,366],[391,366],[392,366],[393,366],[394,366],[395,366],[396,366],[397,366],[398,366],[399,366],[400,366]]","[[386,367],[387,367],[388,367],[389,367],[390,367],[391,367],[392,367],[393,367],[394,367],[395,367],[396,367],[397,367],[398,367],[399,367],[400,367]]","[[400,367],[399,367],[398,367],[397,367],[396,367],[395,367],[394,367],[393,367],[392,367],[391,367],[390,367],[389,367],[388,367],[387,367],[386,367]]","True","STATIC_SCREEN_SUPPORTED_PLUS_ONE_AABB_0.4x0.8_HEADROOM_2;NOT_PLAYER_VERIFIED","82c31034ea601389a257e773caf96fe146abde1b3016018ff3aeae60115f73eb"
"SV5_INFILL_ROOM_2086070c2f754602b0be","SV5_OPTIONAL_TO_VILLAGE","SV5_OPTIONAL_TO_VILLAGE","[[487,267],[486,267],[485,267],[484,267],[483,267]]","[[489,267],[488,267],[487,267]]","[[488,267],[487,267],[486,267],[485,267],[484,267]]","5","488,267>489,267|488,268>489,268","[[487,266],[486,266],[485,266],[484,266],[483,266],[482,266],[481,266],[480,266],[479,266],[478,266],[477,266],[476,266],[475,266],[474,266],[473,266],[472,266],[471,266]]","[[487,267],[486,267],[485,267],[484,267],[483,267],[482,267],[481,267],[480,267],[479,267],[478,267],[477,267],[476,267],[475,267],[474,267],[473,267],[472,267],[471,267]]","[[471,267],[472,267],[473,267],[474,267],[475,267],[476,267],[477,267],[478,267],[479,267],[480,267],[481,267],[482,267],[483,267],[484,267],[485,267],[486,267],[487,267]]","True","STATIC_SCREEN_SUPPORTED_PLUS_ONE_AABB_0.4x0.8_HEADROOM_2;NOT_PLAYER_VERIFIED","82c31034ea601389a257e773caf96fe146abde1b3016018ff3aeae60115f73eb"
"SV5_INFILL_ROOM_2192769697c59dae3b85","SV5_OPTIONAL_05","SV5_OPTIONAL_05","[[346,19],[345,19],[344,19],[343,19],[342,19],[341,19],[340,19],[339,19],[338,19],[337,19],[336,19],[335,19],[334,19],[333,19],[332,19],[331,19],[330,19],[329,19],[328,19],[327,19]]","[[348,19],[347,19],[346,19]]","[[347,19],[346,19],[345,19],[344,19],[343,19],[342,19],[341,19],[340,19],[339,19],[338,19],[337,19],[336,19],[335,19],[334,19],[333,19],[332,19],[331,19],[330,19],[329,19],[328,19]]","20","347,19>348,19|347,20>348,20","[[346,18],[345,18],[344,18],[343,18],[342,18],[341,18],[340,18],[339,18],[338,18],[337,18],[336,18],[335,18],[334,18],[333,18],[332,18],[331,18],[330,18],[329,18],[328,18],[327,18],[326,18],[325,18],[324,18],[323,18],[322,18],[321,18],[320,18],[319,18],[318,18],[317,18],[316,18],[315,18]]","[[346,19],[345,19],[344,19],[343,19],[342,19],[341,19],[340,19],[339,19],[338,19],[337,19],[336,19],[335,19],[334,19],[333,19],[332,19],[331,19],[330,19],[329,19],[328,19],[327,19],[326,19],[325,19],[324,19],[323,19],[322,19],[321,19],[320,19],[319,19],[318,19],[317,19],[316,19],[315,19]]","[[315,19],[316,19],[317,19],[318,19],[319,19],[320,19],[321,19],[322,19],[323,19],[324,19],[325,19],[326,19],[327,19],[328,19],[329,19],[330,19],[331,19],[332,19],[333,19],[334,19],[335,19],[336,19],[337,19],[338,19],[339,19],[340,19],[341,19],[342,19],[343,19],[344,19],[345,19],[346,19]]","True","STATIC_SCREEN_SUPPORTED_PLUS_ONE_AABB_0.4x0.8_HEADROOM_2;NOT_PLAYER_VERIFIED","82c31034ea601389a257e773caf96fe146abde1b3016018ff3aeae60115f73eb"
"SV5_INFILL_ROOM_220f9ac2dcdf86c3e8d0","SV5_INFILL_ROOM_0093829c5033366c54f2","SV5_OPTIONAL_14","[[24,335],[24,336],[23,336],[23,337],[22,337],[22,338],[21,338],[20,338],[20,339],[19,339]]","[]","[[23,336],[23,337],[22,337],[22,338],[21,338],[20,338],[20,339]]","7","23,336>24,336","[[43,334],[42,334],[41,334],[40,334],[39,334],[38,334],[37,334],[36,334],[35,334],[34,334],[33,334],[32,334],[31,334],[30,334],[29,334],[28,334],[27,334],[26,334],[25,334],[24,334],[23,335],[22,336],[21,337],[20,337],[19,338],[18,338],[17,338],[16,338],[15,338],[14,338],[13,338],[12,338],[11,338],[10,338],[9,338],[8,338],[7,338]]","[[43,335],[42,335],[41,335],[40,335],[39,335],[38,335],[37,335],[36,335],[35,335],[34,335],[33,335],[32,335],[31,335],[30,335],[29,335],[28,335],[27,335],[26,335],[25,335],[24,335],[23,336],[22,337],[21,338],[20,338],[19,339],[18,339],[17,339],[16,339],[15,339],[14,339],[13,339],[12,339],[11,339],[10,339],[9,339],[8,339],[7,339]]","[[7,339],[8,339],[9,339],[10,339],[11,339],[12,339],[13,339],[14,339],[15,339],[16,339],[17,339],[18,339],[19,339],[20,338],[21,338],[22,337],[23,336],[24,335],[25,335],[26,335],[27,335],[28,335],[29,335],[30,335],[31,335],[32,335],[33,335],[34,335],[35,335],[36,335],[37,335],[38,335],[39,335],[40,335],[41,335],[42,335],[43,335]]","True","STATIC_SCREEN_SUPPORTED_PLUS_ONE_AABB_0.4x0.8_HEADROOM_2;NOT_PLAYER_VERIFIED","82c31034ea601389a257e773caf96fe146abde1b3016018ff3aeae60115f73eb"
"SV5_INFILL_ROOM_25052f4dc79f3d703bac","SV5_INFILL_ROOM_008612738e348fea12fd","SV5_OPTIONAL_14","[[36,373],[36,374],[35,374],[34,374],[33,374],[32,374],[31,374],[30,374],[29,374],[28,374],[27,374],[26,374],[25,374],[24,374],[23,374],[22,374],[21,374],[20,374],[20,375],[19,375]]","[]","[[35,374],[34,374],[33,374],[32,374],[31,374],[30,374],[29,374],[28,374],[27,374],[26,374],[25,374],[24,374],[23,374],[22,374],[21,374],[20,374],[20,375]]","17","35,374>36,374","[[51,370],[50,370],[49,370],[48,370],[47,370],[46,371],[45,371],[44,372],[43,372],[42,372],[41,372],[40,372],[39,372],[38,372],[37,372],[36,372],[35,373],[34,373],[33,373],[32,373],[31,373],[30,373],[29,373],[28,373],[27,373],[26,373],[25,373],[24,373],[23,373],[22,373],[21,373],[20,373],[19,374],[18,374],[17,374],[16,374],[15,374],[14,374],[13,374],[12,374],[11,374],[10,374],[9,374],[8,374],[7,374]]","[[51,371],[50,371],[49,371],[48,371],[47,371],[46,372],[45,372],[44,373],[43,373],[42,373],[41,373],[40,373],[39,373],[38,373],[37,373],[36,373],[35,374],[34,374],[33,374],[32,374],[31,374],[30,374],[29,374],[28,374],[27,374],[26,374],[25,374],[24,374],[23,374],[22,374],[21,374],[20,374],[19,375],[18,375],[17,375],[16,375],[15,375],[14,375],[13,375],[12,375],[11,375],[10,375],[9,375],[8,375],[7,375]]","[[7,375],[8,375],[9,375],[10,375],[11,375],[12,375],[13,375],[14,375],[15,375],[16,375],[17,375],[18,375],[19,375],[20,374],[21,374],[22,374],[23,374],[24,374],[25,374],[26,374],[27,374],[28,374],[29,374],[30,374],[31,374],[32,374],[33,374],[34,374],[35,374],[36,373],[37,373],[38,373],[39,373],[40,373],[41,373],[42,373],[43,373],[44,373],[45,372],[46,372],[47,371],[48,371],[49,371],[50,371],[51,371]]","True","STATIC_SCREEN_SUPPORTED_PLUS_ONE_AABB_0.4x0.8_HEADROOM_2;NOT_PLAYER_VERIFIED","82c31034ea601389a257e773caf96fe146abde1b3016018ff3aeae60115f73eb"
"SV5_INFILL_ROOM_25b653b8d4924f41c50c","SV5_OPTIONAL_04","SV5_OPTIONAL_04","[[554,171],[553,171],[552,171],[551,171]]","[[556,171],[555,171],[554,171]]","[[555,171],[554,171],[553,171],[552,171]]","4","555,171>556,171|555,172>556,172","[[554,170],[553,170],[552,170],[551,170],[550,170],[549,170],[548,170],[547,170],[546,170],[545,170],[544,170],[543,170],[542,170],[541,170],[540,170],[539,170]]","[[554,171],[553,171],[552,171],[551,171],[550,171],[549,171],[548,171],[547,171],[546,171],[545,171],[544,171],[543,171],[542,171],[541,171],[540,171],[539,171]]","[[539,171],[540,171],[541,171],[542,171],[543,171],[544,171],[545,171],[546,171],[547,171],[548,171],[549,171],[550,171],[551,171],[552,171],[553,171],[554,171]]","True","STATIC_SCREEN_SUPPORTED_PLUS_ONE_AABB_0.4x0.8_HEADROOM_2;NOT_PLAYER_VERIFIED","82c31034ea601389a257e773caf96fe146abde1b3016018ff3aeae60115f73eb"
"SV5_INFILL_ROOM_2678b577b7872468bc34","SV5_INFILL_ROOM_04306d96a9442be86a73","SV5_OPTIONAL_10","[[223,211],[223,212],[224,212],[224,213],[225,213],[225,214],[226,214],[227,214],[227,215],[228,215]]","[]","[[224,212],[224,213],[225,213],[225,214],[226,214],[227,214],[227,215]]","7","223,212>224,212","[[208,210],[209,210],[210,210],[211,210],[212,210],[213,210],[214,210],[215,210],[216,210],[217,210],[218,210],[219,210],[220,210],[221,210],[222,210],[223,210],[224,211],[225,212],[226,213],[227,213],[228,214],[229,214],[230,214],[231,214],[232,214],[233,215],[234,215],[235,216],[236,216],[237,216],[238,216],[239,216],[240,216]]","[[208,211],[209,211],[210,211],[211,211],[212,211],[213,211],[214,211],[215,211],[216,211],[217,211],[218,211],[219,211],[220,211],[221,211],[222,211],[223,211],[224,212],[225,213],[226,214],[227,214],[228,215],[229,215],[230,215],[231,215],[232,215],[233,216],[234,216],[235,217],[236,217],[237,217],[238,217],[239,217],[240,217]]","[[240,217],[239,217],[238,217],[237,217],[236,217],[235,217],[234,216],[233,216],[232,215],[231,215],[230,215],[229,215],[228,215],[227,214],[226,214],[225,213],[224,212],[223,211],[222,211],[221,211],[220,211],[219,211],[218,211],[217,211],[216,211],[215,211],[214,211],[213,211],[212,211],[211,211],[210,211],[209,211],[208,211]]","True","STATIC_SCREEN_SUPPORTED_PLUS_ONE_AABB_0.4x0.8_HEADROOM_2;NOT_PLAYER_VERIFIED","82c31034ea601389a257e773caf96fe146abde1b3016018ff3aeae60115f73eb"
"SV5_INFILL_ROOM_293f0bf6c0c941e6658b","SV5_OPTIONAL_TO_VILLAGE","SV5_OPTIONAL_TO_VILLAGE","[[242,262],[241,262],[241,261],[240,261],[240,260],[239,260],[239,259],[238,259],[238,258],[237,258],[237,257],[236,257],[236,256],[235,256],[235,255],[234,255],[234,254],[233,254],[233,253],[232,253],[232,252],[231,252],[231,251]]","[[242,263],[242,262]]","[[242,263],[242,262],[241,262],[241,261],[240,261],[240,260],[239,260],[239,259],[238,259],[238,258],[237,258],[237,257],[236,257],[236,256],[235,256],[235,255],[234,255],[234,254],[233,254],[233,253],[232,253],[232,252]]","22","242,262>242,263|241,263>242,263|242,263>243,263|241,262>241,263","[[242,261],[241,260],[240,259],[239,258],[238,257],[237,256],[236,255],[235,254],[234,253],[233,252],[232,251],[231,250],[230,250],[229,250],[228,250],[227,250],[226,250],[225,250],[224,250],[223,250],[222,250],[221,250],[220,250],[219,250]]","[[242,262],[241,261],[240,260],[239,259],[238,258],[237,257],[236,256],[235,255],[234,254],[233,253],[232,252],[231,251],[230,251],[229,251],[228,251],[227,251],[226,251],[225,251],[224,251],[223,251],[222,251],[221,251],[220,251],[219,251]]","[[219,251],[220,251],[221,251],[222,251],[223,251],[224,251],[225,251],[226,251],[227,251],[228,251],[229,251],[230,251],[231,251],[232,252],[233,253],[234,254],[235,255],[236,256],[237,257],[238,258],[239,259],[240,260],[241,261],[242,262]]","True","STATIC_SCREEN_SUPPORTED_PLUS_ONE_AABB_0.4x0.8_HEADROOM_2;NOT_PLAYER_VERIFIED","82c31034ea601389a257e773caf96fe146abde1b3016018ff3aeae60115f73eb"
"SV5_INFILL_ROOM_3258f8060835e58eb197","SV5_INFILL_ROOM_02eb000c5def9fe17f6c","SV5_OPTIONAL_14","[[32,313],[32,314],[31,314],[31,315],[30,315],[30,316],[29,316],[29,317],[28,317],[28,318],[27,318],[26,318],[25,318],[24,318],[24,319],[23,319]]","[]","[[31,314],[31,315],[30,315],[30,316],[29,316],[29,317],[28,317],[28,318],[27,318],[26,318],[25,318],[24,318],[24,319]]","13","31,314>32,314","[[47,310],[46,310],[45,310],[44,310],[43,310],[42,311],[41,311],[40,312],[39,312],[38,312],[37,312],[36,312],[35,312],[34,312],[33,312],[32,312],[31,313],[30,314],[29,315],[28,316],[27,317],[26,317],[25,317],[24,317],[23,318],[22,318],[21,318],[20,318],[19,318],[18,318],[17,318],[16,318],[15,318],[14,318],[13,318],[12,318],[11,318]]","[[47,311],[46,311],[45,311],[44,311],[43,311],[42,312],[41,312],[40,313],[39,313],[38,313],[37,313],[36,313],[35,313],[34,313],[33,313],[32,313],[31,314],[30,315],[29,316],[28,317],[27,318],[26,318],[25,318],[24,318],[23,319],[22,319],[21,319],[20,319],[19,319],[18,319],[17,319],[16,319],[15,319],[14,319],[13,319],[12,319],[11,319]]","[[11,319],[12,319],[13,319],[14,319],[15,319],[16,319],[17,319],[18,319],[19,319],[20,319],[21,319],[22,319],[23,319],[24,318],[25,318],[26,318],[27,318],[28,317],[29,316],[30,315],[31,314],[32,313],[33,313],[34,313],[35,313],[36,313],[37,313],[38,313],[39,313],[40,313],[41,312],[42,312],[43,311],[44,311],[45,311],[46,311],[47,311]]","True","STATIC_SCREEN_SUPPORTED_PLUS_ONE_AABB_0.4x0.8_HEADROOM_2;NOT_PLAYER_VERIFIED","82c31034ea601389a257e773caf96fe146abde1b3016018ff3aeae60115f73eb"
"SV5_INFILL_ROOM_33f41990cacb1dba9034","SV5_OPTIONAL_RETURN_TO_START","SV5_OPTIONAL_RETURN_TO_START","[[384,311],[385,311],[386,311],[387,311],[388,311]]","[[382,311],[383,311],[384,311]]","[[383,311],[384,311],[385,311],[386,311],[387,311]]","5","382,311>383,311|382,312>383,312","[[384,310],[385,310],[386,310],[387,310],[388,310],[389,310],[390,310],[391,310],[392,310],[393,310],[394,310],[395,310],[396,310],[397,310],[398,310],[399,310],[400,310]]","[[384,311],[385,311],[386,311],[387,311],[388,311],[389,311],[390,311],[391,311],[392,311],[393,311],[394,311],[395,311],[396,311],[397,311],[398,311],[399,311],[400,311]]","[[400,311],[399,311],[398,311],[397,311],[396,311],[395,311],[394,311],[393,311],[392,311],[391,311],[390,311],[389,311],[388,311],[387,311],[386,311],[385,311],[384,311]]","True","STATIC_SCREEN_SUPPORTED_PLUS_ONE_AABB_0.4x0.8_HEADROOM_2;NOT_PLAYER_VERIFIED","82c31034ea601389a257e773caf96fe146abde1b3016018ff3aeae60115f73eb"
"SV5_INFILL_ROOM_37b20f8290380b75a247","SV5_OPTIONAL_09","SV5_OPTIONAL_09","[[130,143],[131,143],[132,143],[133,143],[134,143],[135,143],[136,143],[137,143],[138,143],[139,143],[140,143],[141,143],[142,143],[143,143],[144,143],[145,143],[146,143],[147,143],[148,143],[149,143],[150,143],[151,143],[152,143]]","[[128,143],[129,143],[130,143]]","[[129,143],[130,143],[131,143],[132,143],[133,143],[134,143],[135,143],[136,143],[137,143],[138,143],[139,143],[140,143],[141,143],[142,143],[143,143],[144,143],[145,143],[146,143],[147,143],[148,143],[149,143],[150,143],[151,143]]","23","128,143>129,143|128,144>129,144","[[130,142],[131,142],[132,142],[133,142],[134,142],[135,142],[136,142],[137,142],[138,142],[139,142],[140,142],[141,142],[142,142],[143,142],[144,142],[145,142],[146,142],[147,142],[148,142],[149,142],[150,142],[151,142],[152,142],[153,142],[154,142],[155,142],[156,142],[157,142],[158,142],[159,142],[160,142],[161,142],[162,142],[163,142],[164,142]]","[[130,143],[131,143],[132,143],[133,143],[134,143],[135,143],[136,143],[137,143],[138,143],[139,143],[140,143],[141,143],[142,143],[143,143],[144,143],[145,143],[146,143],[147,143],[148,143],[149,143],[150,143],[151,143],[152,143],[153,143],[154,143],[155,143],[156,143],[157,143],[158,143],[159,143],[160,143],[161,143],[162,143],[163,143],[164,143]]","[[164,143],[163,143],[162,143],[161,143],[160,143],[159,143],[158,143],[157,143],[156,143],[155,143],[154,143],[153,143],[152,143],[151,143],[150,143],[149,143],[148,143],[147,143],[146,143],[145,143],[144,143],[143,143],[142,143],[141,143],[140,143],[139,143],[138,143],[137,143],[136,143],[135,143],[134,143],[133,143],[132,143],[131,143],[130,143]]","True","STATIC_SCREEN_SUPPORTED_PLUS_ONE_AABB_0.4x0.8_HEADROOM_2;NOT_PLAYER_VERIFIED","82c31034ea601389a257e773caf96fe146abde1b3016018ff3aeae60115f73eb"
"SV5_INFILL_ROOM_3a83d31fa11e1be08c63","SV5_INFILL_ROOM_37b20f8290380b75a247","SV5_OPTIONAL_09","[[167,143],[168,143],[168,142],[169,142],[169,141],[170,141],[170,140],[171,140],[171,139],[172,139]]","[]","[[168,143],[168,142],[169,142],[169,141],[170,141],[170,140],[171,140],[171,139]]","8","167,143>168,143","[[152,142],[153,142],[154,142],[155,142],[156,142],[157,142],[158,142],[159,142],[160,142],[161,142],[162,142],[163,142],[164,142],[165,142],[166,142],[167,142],[168,141],[169,140],[170,139],[171,138],[172,138],[173,138],[174,138],[175,138],[176,138],[177,138],[178,138],[179,138],[180,138],[181,138],[182,138],[183,138],[184,138]]","[[152,143],[153,143],[154,143],[155,143],[156,143],[157,143],[158,143],[159,143],[160,143],[161,143],[162,143],[163,143],[164,143],[165,143],[166,143],[167,143],[168,142],[169,141],[170,140],[171,139],[172,139],[173,139],[174,139],[175,139],[176,139],[177,139],[178,139],[179,139],[180,139],[181,139],[182,139],[183,139],[184,139]]","[[184,139],[183,139],[182,139],[181,139],[180,139],[179,139],[178,139],[177,139],[176,139],[175,139],[174,139],[173,139],[172,139],[171,139],[170,140],[169,141],[168,142],[167,143],[166,143],[165,143],[164,143],[163,143],[162,143],[161,143],[160,143],[159,143],[158,143],[157,143],[156,143],[155,143],[154,143],[153,143],[152,143]]","True","STATIC_SCREEN_SUPPORTED_PLUS_ONE_AABB_0.4x0.8_HEADROOM_2;NOT_PLAYER_VERIFIED","82c31034ea601389a257e773caf96fe146abde1b3016018ff3aeae60115f73eb"
"SV5_INFILL_ROOM_3c929c46695361d1801a","SV5_OPTIONAL_01","SV5_OPTIONAL_01","[[363,351],[364,351]]","[[361,351],[362,351],[363,351]]","[[362,351],[363,351]]","2","361,351>362,351|361,352>362,352","[[363,350],[364,350],[365,350],[366,350],[367,350],[368,350],[369,350],[370,350],[371,350],[372,350],[373,350],[374,350],[375,350],[376,350]]","[[363,351],[364,351],[365,351],[366,351],[367,351],[368,351],[369,351],[370,351],[371,351],[372,351],[373,351],[374,351],[375,351],[376,351]]","[[376,351],[375,351],[374,351],[373,351],[372,351],[371,351],[370,351],[369,351],[368,351],[367,351],[366,351],[365,351],[364,351],[363,351]]","True","STATIC_SCREEN_SUPPORTED_PLUS_ONE_AABB_0.4x0.8_HEADROOM_2;NOT_PLAYER_VERIFIED","82c31034ea601389a257e773caf96fe146abde1b3016018ff3aeae60115f73eb"
"SV5_INFILL_ROOM_3c9f6173f964136cea44","SV5_INFILL_ROOM_0aa6ab75286153925be6","SV5_OPTIONAL_04","[[520,63],[520,64],[519,64],[519,65],[518,65],[518,66],[517,66],[516,66],[515,66],[514,66],[513,66],[512,66],[511,66],[510,66],[509,66],[508,66],[507,66],[506,66],[505,66],[504,66],[503,66],[502,66],[501,66],[500,66],[500,67],[499,67]]","[]","[[519,64],[519,65],[518,65],[518,66],[517,66],[516,66],[515,66],[514,66],[513,66],[512,66],[511,66],[510,66],[509,66],[508,66],[507,66],[506,66],[505,66],[504,66],[503,66],[502,66],[501,66],[500,66],[500,67]]","23","519,64>520,64","[[535,62],[534,62],[533,62],[532,62],[531,62],[530,62],[529,62],[528,62],[527,62],[526,62],[525,62],[524,62],[523,62],[522,62],[521,62],[520,62],[519,63],[518,64],[517,65],[516,65],[515,65],[514,65],[513,65],[512,65],[511,65],[510,65],[509,65],[508,65],[507,65],[506,65],[505,65],[504,65],[503,65],[502,65],[501,65],[500,65],[499,66],[498,66],[497,66],[496,66],[495,66],[494,66],[493,66],[492,66],[491,66],[490,66],[489,66],[488,66],[487,66]]","[[535,63],[534,63],[533,63],[532,63],[531,63],[530,63],[529,63],[528,63],[527,63],[526,63],[525,63],[524,63],[523,63],[522,63],[521,63],[520,63],[519,64],[518,65],[517,66],[516,66],[515,66],[514,66],[513,66],[512,66],[511,66],[510,66],[509,66],[508,66],[507,66],[506,66],[505,66],[504,66],[503,66],[502,66],[501,66],[500,66],[499,67],[498,67],[497,67],[496,67],[495,67],[494,67],[493,67],[492,67],[491,67],[490,67],[489,67],[488,67],[487,67]]","[[487,67],[488,67],[489,67],[490,67],[491,67],[492,67],[493,67],[494,67],[495,67],[496,67],[497,67],[498,67],[499,67],[500,66],[501,66],[502,66],[503,66],[504,66],[505,66],[506,66],[507,66],[508,66],[509,66],[510,66],[511,66],[512,66],[513,66],[514,66],[515,66],[516,66],[517,66],[518,65],[519,64],[520,63],[521,63],[522,63],[523,63],[524,63],[525,63],[526,63],[527,63],[528,63],[529,63],[530,63],[531,63],[532,63],[533,63],[534,63],[535,63]]","True","STATIC_SCREEN_SUPPORTED_PLUS_ONE_AABB_0.4x0.8_HEADROOM_2;NOT_PLAYER_VERIFIED","82c31034ea601389a257e773caf96fe146abde1b3016018ff3aeae60115f73eb"
"SV5_INFILL_ROOM_3dd7e031c0a7259bb19e","SV5_INFILL_ROOM_1375931bdd10c74015a5","SV5_OPTIONAL_12","[[196,375],[196,376],[195,376],[195,377],[194,377],[194,378],[193,378],[192,378],[191,378],[190,378],[189,378],[188,378],[187,378],[186,378],[185,378],[184,378],[183,378],[182,378],[181,378],[180,378],[179,378],[178,378],[177,378],[176,378],[176,379],[175,379]]","[]","[[195,376],[195,377],[194,377],[194,378],[193,378],[192,378],[191,378],[190,378],[189,378],[188,378],[187,378],[186,378],[185,378],[184,378],[183,378],[182,378],[181,378],[180,378],[179,378],[178,378],[177,378],[176,378],[176,379]]","23","195,376>196,376","[[211,374],[210,374],[209,374],[208,374],[207,374],[206,374],[205,374],[204,374],[203,374],[202,374],[201,374],[200,374],[199,374],[198,374],[197,374],[196,374],[195,375],[194,376],[193,377],[192,377],[191,377],[190,377],[189,377],[188,377],[187,377],[186,377],[185,377],[184,377],[183,377],[182,377],[181,377],[180,377],[179,377],[178,377],[177,377],[176,377],[175,378],[174,378],[173,378],[172,378],[171,378],[170,378],[169,378],[168,378],[167,378],[166,378],[165,378],[164,378],[163,378]]","[[211,375],[210,375],[209,375],[208,375],[207,375],[206,375],[205,375],[204,375],[203,375],[202,375],[201,375],[200,375],[199,375],[198,375],[197,375],[196,375],[195,376],[194,377],[193,378],[192,378],[191,378],[190,378],[189,378],[188,378],[187,378],[186,378],[185,378],[184,378],[183,378],[182,378],[181,378],[180,378],[179,378],[178,378],[177,378],[176,378],[175,379],[174,379],[173,379],[172,379],[171,379],[170,379],[169,379],[168,379],[167,379],[166,379],[165,379],[164,379],[163,379]]","[[163,379],[164,379],[165,379],[166,379],[167,379],[168,379],[169,379],[170,379],[171,379],[172,379],[173,379],[174,379],[175,379],[176,378],[177,378],[178,378],[179,378],[180,378],[181,378],[182,378],[183,378],[184,378],[185,378],[186,378],[187,378],[188,378],[189,378],[190,378],[191,378],[192,378],[193,378],[194,377],[195,376],[196,375],[197,375],[198,375],[199,375],[200,375],[201,375],[202,375],[203,375],[204,375],[205,375],[206,375],[207,375],[208,375],[209,375],[210,375],[211,375]]","True","STATIC_SCREEN_SUPPORTED_PLUS_ONE_AABB_0.4x0.8_HEADROOM_2;NOT_PLAYER_VERIFIED","82c31034ea601389a257e773caf96fe146abde1b3016018ff3aeae60115f73eb"
"SV5_INFILL_ROOM_41bfb11db98643b33449","SV5_OPTIONAL_07","SV5_OPTIONAL_07","[[174,87],[173,87],[172,87],[171,87]]","[[176,87],[175,87],[174,87]]","[[175,87],[174,87],[173,87],[172,87]]","4","175,87>176,87|175,88>176,88","[[174,86],[173,86],[172,86],[171,86],[170,86],[169,86],[168,86],[167,86],[166,86],[165,86],[164,86],[163,86],[162,86],[161,86],[160,86],[159,86]]","[[174,87],[173,87],[172,87],[171,87],[170,87],[169,87],[168,87],[167,87],[166,87],[165,87],[164,87],[163,87],[162,87],[161,87],[160,87],[159,87]]","[[159,87],[160,87],[161,87],[162,87],[163,87],[164,87],[165,87],[166,87],[167,87],[168,87],[169,87],[170,87],[171,87],[172,87],[173,87],[174,87]]","True","STATIC_SCREEN_SUPPORTED_PLUS_ONE_AABB_0.4x0.8_HEADROOM_2;NOT_PLAYER_VERIFIED","82c31034ea601389a257e773caf96fe146abde1b3016018ff3aeae60115f73eb"
"SV5_INFILL_ROOM_41d8d12437f0a0253f28","SV5_INFILL_ROOM_014ea698f88348a9d9a6","SV5_OPTIONAL_03","[[599,247],[599,248],[600,248],[600,249],[601,249],[601,250],[602,250],[603,250],[603,251],[604,251]]","[]","[[600,248],[600,249],[601,249],[601,250],[602,250],[603,250],[603,251]]","7","599,248>600,248","[[584,246],[585,246],[586,246],[587,246],[588,246],[589,246],[590,246],[591,246],[592,246],[593,246],[594,246],[595,246],[596,246],[597,246],[598,246],[599,246],[600,247],[601,248],[602,249],[603,249],[604,250],[605,250],[606,250],[607,250],[608,250],[609,250],[610,250],[611,250],[612,250],[613,250],[614,250],[615,250],[616,250]]","[[584,247],[585,247],[586,247],[587,247],[588,247],[589,247],[590,247],[591,247],[592,247],[593,247],[594,247],[595,247],[596,247],[597,247],[598,247],[599,247],[600,248],[601,249],[602,250],[603,250],[604,251],[605,251],[606,251],[607,251],[608,251],[609,251],[610,251],[611,251],[612,251],[613,251],[614,251],[615,251],[616,251]]","[[616,251],[615,251],[614,251],[613,251],[612,251],[611,251],[610,251],[609,251],[608,251],[607,251],[606,251],[605,251],[604,251],[603,250],[602,250],[601,249],[600,248],[599,247],[598,247],[597,247],[596,247],[595,247],[594,247],[593,247],[592,247],[591,247],[590,247],[589,247],[588,247],[587,247],[586,247],[585,247],[584,247]]","True","STATIC_SCREEN_SUPPORTED_PLUS_ONE_AABB_0.4x0.8_HEADROOM_2;NOT_PLAYER_VERIFIED","82c31034ea601389a257e773caf96fe146abde1b3016018ff3aeae60115f73eb"
"SV5_INFILL_ROOM_5eb07ccd7c43c8a2a37d","SV5_OPTIONAL_04","SV5_OPTIONAL_04","[[554,139],[553,139],[552,139],[551,139]]","[[556,139],[555,139],[554,139]]","[[555,139],[554,139],[553,139],[552,139]]","4","555,139>556,139|555,140>556,140","[[554,138],[553,138],[552,138],[551,138],[550,138],[549,138],[548,138],[547,138],[546,138],[545,138],[544,138],[543,138],[542,138],[541,138],[540,138],[539,138]]","[[554,139],[553,139],[552,139],[551,139],[550,139],[549,139],[548,139],[547,139],[546,139],[545,139],[544,139],[543,139],[542,139],[541,139],[540,139],[539,139]]","[[539,139],[540,139],[541,139],[542,139],[543,139],[544,139],[545,139],[546,139],[547,139],[548,139],[549,139],[550,139],[551,139],[552,139],[553,139],[554,139]]","True","STATIC_SCREEN_SUPPORTED_PLUS_ONE_AABB_0.4x0.8_HEADROOM_2;NOT_PLAYER_VERIFIED","82c31034ea601389a257e773caf96fe146abde1b3016018ff3aeae60115f73eb"
"SV5_INFILL_ROOM_6660b25fbe92bb0d517b","SV5_INFILL_ROOM_07af10cb4acde894de2d","SV5_OPTIONAL_06","[[132,51],[131,51],[131,50],[130,50],[130,49],[129,49],[129,48],[128,48],[128,47],[127,47],[126,47],[125,47],[124,47],[123,47],[122,47],[121,47],[120,47],[119,47]]","[]","[[131,51],[131,50],[130,50],[130,49],[129,49],[129,48],[128,48],[128,47],[127,47],[126,47],[125,47],[124,47],[123,47],[122,47],[121,47],[120,47]]","16","131,51>132,51","[[151,50],[150,50],[149,50],[148,50],[147,50],[146,50],[145,50],[144,50],[143,50],[142,50],[141,50],[140,50],[139,50],[138,50],[137,50],[136,50],[135,50],[134,50],[133,50],[132,50],[131,49],[130,48],[129,47],[128,46],[127,46],[126,46],[125,46],[124,46],[123,46],[122,46],[121,46],[120,46],[119,46],[118,46],[117,46],[116,46],[115,46],[114,46],[113,46],[112,46],[111,46],[110,46],[109,46],[108,46],[107,46]]","[[151,51],[150,51],[149,51],[148,51],[147,51],[146,51],[145,51],[144,51],[143,51],[142,51],[141,51],[140,51],[139,51],[138,51],[137,51],[136,51],[135,51],[134,51],[133,51],[132,51],[131,50],[130,49],[129,48],[128,47],[127,47],[126,47],[125,47],[124,47],[123,47],[122,47],[121,47],[120,47],[119,47],[118,47],[117,47],[116,47],[115,47],[114,47],[113,47],[112,47],[111,47],[110,47],[109,47],[108,47],[107,47]]","[[107,47],[108,47],[109,47],[110,47],[111,47],[112,47],[113,47],[114,47],[115,47],[116,47],[117,47],[118,47],[119,47],[120,47],[121,47],[122,47],[123,47],[124,47],[125,47],[126,47],[127,47],[128,47],[129,48],[130,49],[131,50],[132,51],[133,51],[134,51],[135,51],[136,51],[137,51],[138,51],[139,51],[140,51],[141,51],[142,51],[143,51],[144,51],[145,51],[146,51],[147,51],[148,51],[149,51],[150,51],[151,51]]","True","STATIC_SCREEN_SUPPORTED_PLUS_ONE_AABB_0.4x0.8_HEADROOM_2;NOT_PLAYER_VERIFIED","82c31034ea601389a257e773caf96fe146abde1b3016018ff3aeae60115f73eb"
"SV5_INFILL_ROOM_6e269e9920d744814a89","SV5_OPTIONAL_04","SV5_OPTIONAL_04","[[554,207],[553,207],[552,207],[551,207]]","[[556,207],[555,207],[554,207]]","[[555,207],[554,207],[553,207],[552,207]]","4","555,207>556,207|555,208>556,208","[[554,206],[553,206],[552,206],[551,206],[550,206],[549,206],[548,206],[547,206],[546,207],[545,207],[544,208],[543,208],[542,208],[541,208],[540,208],[539,208]]","[[554,207],[553,207],[552,207],[551,207],[550,207],[549,207],[548,207],[547,207],[546,208],[545,208],[544,209],[543,209],[542,209],[541,209],[540,209],[539,209]]","[[539,209],[540,209],[541,209],[542,209],[543,209],[544,209],[545,208],[546,208],[547,207],[548,207],[549,207],[550,207],[551,207],[552,207],[553,207],[554,207]]","True","STATIC_SCREEN_SUPPORTED_PLUS_ONE_AABB_0.4x0.8_HEADROOM_2;NOT_PLAYER_VERIFIED","82c31034ea601389a257e773caf96fe146abde1b3016018ff3aeae60115f73eb"
"SV5_INFILL_ROOM_77036be4f7dca58fedbf","SV5_INFILL_ROOM_0354acb861133e6c9a2e","SV5_OPTIONAL_14","[[119,343],[120,343],[120,342],[121,342],[121,341],[122,341],[122,340],[123,340],[123,339],[124,339]]","[]","[[120,343],[120,342],[121,342],[121,341],[122,341],[122,340],[123,340],[123,339]]","8","119,343>120,343","[[104,342],[105,342],[106,342],[107,342],[108,342],[109,342],[110,342],[111,342],[112,342],[113,342],[114,342],[115,342],[116,342],[117,342],[118,342],[119,342],[120,341],[121,340],[122,339],[123,338],[124,338],[125,338],[126,338],[127,338],[128,338],[129,338],[130,338],[131,338],[132,338],[133,338],[134,338],[135,338],[136,338]]","[[104,343],[105,343],[106,343],[107,343],[108,343],[109,343],[110,343],[111,343],[112,343],[113,343],[114,343],[115,343],[116,343],[117,343],[118,343],[119,343],[120,342],[121,341],[122,340],[123,339],[124,339],[125,339],[126,339],[127,339],[128,339],[129,339],[130,339],[131,339],[132,339],[133,339],[134,339],[135,339],[136,339]]","[[136,339],[135,339],[134,339],[133,339],[132,339],[131,339],[130,339],[129,339],[128,339],[127,339],[126,339],[125,339],[124,339],[123,339],[122,340],[121,341],[120,342],[119,343],[118,343],[117,343],[116,343],[115,343],[114,343],[113,343],[112,343],[111,343],[110,343],[109,343],[108,343],[107,343],[106,343],[105,343],[104,343]]","True","STATIC_SCREEN_SUPPORTED_PLUS_ONE_AABB_0.4x0.8_HEADROOM_2;NOT_PLAYER_VERIFIED","82c31034ea601389a257e773caf96fe146abde1b3016018ff3aeae60115f73eb"
"SV5_INFILL_ROOM_939a268ae0351a48d2f8","SV5_OPTIONAL_02","SV5_OPTIONAL_02","[[533,286],[534,286],[534,285],[535,285],[535,284],[536,284],[536,283],[537,283],[537,282],[538,282],[538,281],[539,281],[539,280],[540,280],[540,279],[541,279],[541,278],[542,278],[542,277],[543,277],[543,276],[544,276],[544,275]]","[[533,287],[533,286]]","[[533,287],[533,286],[534,286],[534,285],[535,285],[535,284],[536,284],[536,283],[537,283],[537,282],[538,282],[538,281],[539,281],[539,280],[540,280],[540,279],[541,279],[541,278],[542,278],[542,277],[543,277],[543,276]]","22","533,286>533,287|532,287>533,287|533,287>534,287|534,286>534,287","[[533,285],[534,284],[535,283],[536,282],[537,281],[538,280],[539,279],[540,278],[541,277],[542,276],[543,275],[544,274],[545,274],[546,274],[547,274],[548,274],[549,274],[550,274],[551,274],[552,274],[553,274],[554,274],[555,274],[556,274]]","[[533,286],[534,285],[535,284],[536,283],[537,282],[538,281],[539,280],[540,279],[541,278],[542,277],[543,276],[544,275],[545,275],[546,275],[547,275],[548,275],[549,275],[550,275],[551,275],[552,275],[553,275],[554,275],[555,275],[556,275]]","[[556,275],[555,275],[554,275],[553,275],[552,275],[551,275],[550,275],[549,275],[548,275],[547,275],[546,275],[545,275],[544,275],[543,276],[542,277],[541,278],[540,279],[539,280],[538,281],[537,282],[536,283],[535,284],[534,285],[533,286]]","True","STATIC_SCREEN_SUPPORTED_PLUS_ONE_AABB_0.4x0.8_HEADROOM_2;NOT_PLAYER_VERIFIED","82c31034ea601389a257e773caf96fe146abde1b3016018ff3aeae60115f73eb"
"SV5_INFILL_ROOM_97c11e2a870cf33a1bac","SV5_INFILL_ROOM_006e09773eb20b7351b0","SV5_OPTIONAL_06","[[192,111],[191,111],[190,111],[189,111],[188,111],[187,111],[186,111],[185,111],[184,111],[183,111]]","[]","[[191,111],[190,111],[189,111],[188,111],[187,111],[186,111],[185,111],[184,111]]","8","191,111>192,111|191,112>192,112","[[207,110],[206,110],[205,110],[204,110],[203,110],[202,110],[201,110],[200,110],[199,110],[198,110],[197,110],[196,110],[195,110],[194,110],[193,110],[192,110],[191,110],[190,110],[189,110],[188,110],[187,110],[186,110],[185,110],[184,110],[183,110],[182,110],[181,110],[180,110],[179,110],[178,110],[177,110],[176,110],[175,110],[174,110],[173,110],[172,110],[171,110]]","[[207,111],[206,111],[205,111],[204,111],[203,111],[202,111],[201,111],[200,111],[199,111],[198,111],[197,111],[196,111],[195,111],[194,111],[193,111],[192,111],[191,111],[190,111],[189,111],[188,111],[187,111],[186,111],[185,111],[184,111],[183,111],[182,111],[181,111],[180,111],[179,111],[178,111],[177,111],[176,111],[175,111],[174,111],[173,111],[172,111],[171,111]]","[[171,111],[172,111],[173,111],[174,111],[175,111],[176,111],[177,111],[178,111],[179,111],[180,111],[181,111],[182,111],[183,111],[184,111],[185,111],[186,111],[187,111],[188,111],[189,111],[190,111],[191,111],[192,111],[193,111],[194,111],[195,111],[196,111],[197,111],[198,111],[199,111],[200,111],[201,111],[202,111],[203,111],[204,111],[205,111],[206,111],[207,111]]","True","STATIC_SCREEN_SUPPORTED_PLUS_ONE_AABB_0.4x0.8_HEADROOM_2;NOT_PLAYER_VERIFIED","82c31034ea601389a257e773caf96fe146abde1b3016018ff3aeae60115f73eb"
"SV5_PLACE_08_3479F08218885852","SV5_PLACE_08_3479F08218885852","SV5_OPTIONAL_08;SV5_OPTIONAL_09","[[136,83],[137,83],[138,83],[139,83],[140,83],[141,83],[142,83],[143,83],[144,83],[145,83],[146,83],[147,83]]","[]","[]","0","","[[136,82],[137,82],[138,82],[139,82],[140,82],[141,82],[142,82],[143,82],[144,82],[145,82],[146,82],[147,82]]","[[136,83],[137,83],[138,83],[139,83],[140,83],[141,83],[142,83],[143,83],[144,83],[145,83],[146,83],[147,83]]","[[147,83],[146,83],[145,83],[144,83],[143,83],[142,83],[141,83],[140,83],[139,83],[138,83],[137,83],[136,83]]","True","STATIC_SCREEN_SUPPORTED_PLUS_ONE_AABB_0.4x0.8_HEADROOM_2;NOT_PLAYER_VERIFIED","82c31034ea601389a257e773caf96fe146abde1b3016018ff3aeae60115f73eb"
"SV5_PLACE_09_0BAFE3A7FA93D31C","SV5_PLACE_09_0BAFE3A7FA93D31C","SV5_OPTIONAL_07;SV5_OPTIONAL_08","[[180,71],[181,71],[182,71],[183,71],[184,71],[185,71],[186,71],[187,71],[188,71],[189,71],[190,71],[191,71],[192,71],[193,71],[194,71],[195,71]]","[]","[]","0","","[[180,70],[181,70],[182,70],[183,70],[184,70],[185,70],[186,70],[187,70],[188,70],[189,70],[190,70],[191,70],[192,70],[193,70],[194,70],[195,70]]","[[180,71],[181,71],[182,71],[183,71],[184,71],[185,71],[186,71],[187,71],[188,71],[189,71],[190,71],[191,71],[192,71],[193,71],[194,71],[195,71]]","[[195,71],[194,71],[193,71],[192,71],[191,71],[190,71],[189,71],[188,71],[187,71],[186,71],[185,71],[184,71],[183,71],[182,71],[181,71],[180,71]]","True","STATIC_SCREEN_SUPPORTED_PLUS_ONE_AABB_0.4x0.8_HEADROOM_2;NOT_PLAYER_VERIFIED","82c31034ea601389a257e773caf96fe146abde1b3016018ff3aeae60115f73eb"
"SV5_PLACE_10_F83FE72914C9299C","SV5_PLACE_10_F83FE72914C9299C","SV5_OPTIONAL_05;SV5_OPTIONAL_06","[[352,21],[353,21],[354,21],[355,21],[356,20],[357,19],[358,19],[359,20],[360,21],[361,21],[362,21],[363,21]]","[]","[]","0","","[[352,20],[353,20],[354,20],[355,20],[356,19],[357,18],[358,18],[359,19],[360,20],[361,20],[362,20],[363,20]]","[[352,21],[353,21],[354,21],[355,21],[356,20],[357,19],[358,19],[359,20],[360,21],[361,21],[362,21],[363,21]]","[[363,21],[362,21],[361,21],[360,21],[359,20],[358,19],[357,19],[356,20],[355,21],[354,21],[353,21],[352,21]]","True","STATIC_SCREEN_SUPPORTED_PLUS_ONE_AABB_0.4x0.8_HEADROOM_2;NOT_PLAYER_VERIFIED","82c31034ea601389a257e773caf96fe146abde1b3016018ff3aeae60115f73eb"
"SV5_PLACE_11_E64745F7462770DD","SV5_PLACE_11_E64745F7462770DD","SV5_OPTIONAL_04;SV5_OPTIONAL_05","[[560,7],[561,7],[562,7],[563,7],[564,7],[565,7],[566,7],[567,7],[568,7],[569,7],[570,7],[571,7],[572,7],[573,7],[574,7],[575,7],[576,7],[577,7],[578,7],[579,7]]","[]","[]","0","","[[560,6],[561,6],[562,6],[563,6],[564,6],[565,6],[566,6],[567,6],[568,6],[569,6],[570,6],[571,6],[572,6],[573,6],[574,6],[575,6],[576,6],[577,6],[578,6],[579,6]]","[[560,7],[561,7],[562,7],[563,7],[564,7],[565,7],[566,7],[567,7],[568,7],[569,7],[570,7],[571,7],[572,7],[573,7],[574,7],[575,7],[576,7],[577,7],[578,7],[579,7]]","[[579,7],[578,7],[577,7],[576,7],[575,7],[574,7],[573,7],[572,7],[571,7],[570,7],[569,7],[568,7],[567,7],[566,7],[565,7],[564,7],[563,7],[562,7],[561,7],[560,7]]","True","STATIC_SCREEN_SUPPORTED_PLUS_ONE_AABB_0.4x0.8_HEADROOM_2;NOT_PLAYER_VERIFIED","82c31034ea601389a257e773caf96fe146abde1b3016018ff3aeae60115f73eb"
"SV5_PLACE_12_391D0CF7A4422180","SV5_PLACE_12_391D0CF7A4422180","SV5_OPTIONAL_09;SV5_OPTIONAL_10","[[132,195],[133,195],[134,195],[135,195],[136,195],[137,195],[138,195],[139,195],[140,195],[141,195],[142,195],[143,195]]","[]","[]","0","","[[132,194],[133,194],[134,194],[135,194],[136,194],[137,194],[138,194],[139,194],[140,194],[141,194],[142,194],[143,194]]","[[132,195],[133,195],[134,195],[135,195],[136,195],[137,195],[138,195],[139,195],[140,195],[141,195],[142,195],[143,195]]","[[143,195],[142,195],[141,195],[140,195],[139,195],[138,195],[137,195],[136,195],[135,195],[134,195],[133,195],[132,195]]","True","STATIC_SCREEN_SUPPORTED_PLUS_ONE_AABB_0.4x0.8_HEADROOM_2;NOT_PLAYER_VERIFIED","82c31034ea601389a257e773caf96fe146abde1b3016018ff3aeae60115f73eb"
"SV5_PLACE_13_97A1D09E3197EA92","SV5_PLACE_13_97A1D09E3197EA92","SV5_OPTIONAL_06;SV5_OPTIONAL_07","[[224,113],[225,113],[226,113],[227,113],[228,112],[229,111],[230,111],[231,111],[232,111],[233,111],[234,111],[235,112],[236,113],[237,113],[238,113],[239,113]]","[]","[]","0","","[[224,112],[225,112],[226,112],[227,112],[228,111],[229,110],[230,110],[231,110],[232,110],[233,110],[234,110],[235,111],[236,112],[237,112],[238,112],[239,112]]","[[224,113],[225,113],[226,113],[227,113],[228,112],[229,111],[230,111],[231,111],[232,111],[233,111],[234,111],[235,112],[236,113],[237,113],[238,113],[239,113]]","[[239,113],[238,113],[237,113],[236,113],[235,112],[234,111],[233,111],[232,111],[231,111],[230,111],[229,111],[228,112],[227,113],[226,113],[225,113],[224,113]]","True","STATIC_SCREEN_SUPPORTED_PLUS_ONE_AABB_0.4x0.8_HEADROOM_2;NOT_PLAYER_VERIFIED","82c31034ea601389a257e773caf96fe146abde1b3016018ff3aeae60115f73eb"
