case_id,step,input_x,input_move_x,input_up,input_down,input_jump,input_shift,body_x,body_y,velocity_x,velocity_y,is_grounded,grounded_before_step,walkable_frontier_x,frontier_distance,jump_threshold,scheduler_policy_id,is_grabbing,is_climbing,is_dropping_through,contact_kind,event,actual_component_sample,reused_logical_trace
FULL_MX,0,0,0,false,false,false,false,21.5,2.46,0,0,false,false,-1,-1,-1,,false,false,false,AIR,START,true,false
FULL_MX,1,0,0,false,false,false,false,21.5,2.455,0,0,true,false,-1,-1,-1,,false,false,false,SOLID,GROUND_SETTLE_00,true,false
FULL_MX,2,-1,-1,false,false,false,false,21.49167,2.455,-0.5,0,true,true,18,3.139999,0.01,WALKABLE_FRONTIER_AND_GRAB_EXIT_V2,false,false,false,SOLID,EDGE_RUNUP_00,true,false
FULL_MX,3,-1,-1,false,false,false,false,21.475,2.455,-1,0,true,true,18,3.131666,0.018333,WALKABLE_FRONTIER_AND_GRAB_EXIT_V2,false,false,false,SOLID,EDGE_RUNUP_00,true,false
FULL_MX,4,-1,-1,false,false,false,false,21.45,2.455,-1.5,0,true,true,18,3.115,0.026667,WALKABLE_FRONTIER_AND_GRAB_EXIT_V2,false,false,false,SOLID,EDGE_RUNUP_00,true,false
FULL_MX,5,-1,-1,false,false,false,false,21.41667,2.455,-2,0,true,true,18,3.09,0.035,WALKABLE_FRONTIER_AND_GRAB_EXIT_V2,false,false,false,SOLID,EDGE_RUNUP_00,true,false
FULL_MX,6,-1,-1,false,false,false,false,21.375,2.455,-2.5,0,true,true,18,3.056667,0.043333,WALKABLE_FRONTIER_AND_GRAB_EXIT_V2,false,false,false,SOLID,EDGE_RUNUP_00,true,false
FULL_MX,7,-1,-1,false,false,false,false,21.325,2.455,-3,0,true,true,18,3.015001,0.051667,WALKABLE_FRONTIER_AND_GRAB_EXIT_V2,false,false,false,SOLID,EDGE_RUNUP_00,true,false
FULL_MX,8,-1,-1,false,false,false,false,21.26667,2.455,-3.5,0,true,true,18,2.965002,0.06,WALKABLE_FRONTIER_AND_GRAB_EXIT_V2,false,false,false,SOLID,EDGE_RUNUP_00,true,false
FULL_MX,9,-1,-1,false,false,false,false,21.2,2.455,-4,0,true,true,18,2.90667,0.068333,WALKABLE_FRONTIER_AND_GRAB_EXIT_V2,false,false,false,SOLID,EDGE_RUNUP_00,true,false
FULL_MX,10,-1,-1,false,false,false,false,21.125,2.455,-4.5,0,true,true,18,2.840002,0.076667,WALKABLE_FRONTIER_AND_GRAB_EXIT_V2,false,false,false,SOLID,EDGE_RUNUP_00,true,false
FULL_MX,11,-1,-1,false,false,false,false,21.04167,2.455,-5,0,true,true,18,2.765001,0.085,WALKABLE_FRONTIER_AND_GRAB_EXIT_V2,false,false,false,SOLID,EDGE_RUNUP_00,true,false
FULL_MX,12,-1,-1,false,false,false,false,20.95,2.455,-5.5,0,true,true,18,2.681667,0.093333,WALKABLE_FRONTIER_AND_GRAB_EXIT_V2,false,false,false,TOP_ONLY,EDGE_RUNUP_00,true,false
FULL_MX,13,-1,-1,false,false,false,false,20.85833,2.455,-5.5,0,true,true,18,2.59,0.101667,WALKABLE_FRONTIER_AND_GRAB_EXIT_V2,false,false,false,TOP_ONLY,EDGE_RUNUP_00,true,false
FULL_MX,14,-1,-1,false,false,false,false,20.76667,2.455,-5.5,0,true,true,18,2.498333,0.101667,WALKABLE_FRONTIER_AND_GRAB_EXIT_V2,false,false,false,TOP_ONLY,EDGE_RUNUP_00,true,false
FULL_MX,15,-1,-1,false,false,false,false,20.675,2.455,-5.5,0,true,true,18,2.406666,0.101667,WALKABLE_FRONTIER_AND_GRAB_EXIT_V2,false,false,false,TOP_ONLY,EDGE_RUNUP_00,true,false
FULL_MX,16,-1,-1,false,false,false,false,20.58333,2.455,-5.5,0,true,true,18,2.314999,0.101667,WALKABLE_FRONTIER_AND_GRAB_EXIT_V2,false,false,false,TOP_ONLY,EDGE_RUNUP_00,true,false
FULL_MX,17,-1,-1,false,false,false,false,20.49166,2.455,-5.5,0,true,true,18,2.223331,0.101667,WALKABLE_FRONTIER_AND_GRAB_EXIT_V2,false,false,false,TOP_ONLY,EDGE_RUNUP_00,true,false
FULL_MX,18,-1,-1,false,false,false,false,20.4,2.455,-5.5,0,true,true,18,2.131664,0.101667,WALKABLE_FRONTIER_AND_GRAB_EXIT_V2,false,false,false,TOP_ONLY,EDGE_RUNUP_00,true,false
FULL_MX,19,-1,-1,false,false,false,false,20.30833,2.455,-5.5,0,true,true,18,2.039997,0.101667,WALKABLE_FRONTIER_AND_GRAB_EXIT_V2,false,false,false,TOP_ONLY,EDGE_RUNUP_00,true,false
FULL_MX,20,-1,-1,false,false,false,false,20.21666,2.455,-5.5,0,true,true,18,1.94833,0.101667,WALKABLE_FRONTIER_AND_GRAB_EXIT_V2,false,false,false,TOP_ONLY,EDGE_RUNUP_00,true,false
FULL_MX,21,-1,-1,false,false,false,false,20.125,2.455,-5.5,0,true,true,18,1.856663,0.101667,WALKABLE_FRONTIER_AND_GRAB_EXIT_V2,false,false,false,TOP_ONLY,EDGE_RUNUP_00,true,false
FULL_MX,22,-1,-1,false,false,false,false,20.03333,2.455,-5.5,0,true,true,18,1.764996,0.101667,WALKABLE_FRONTIER_AND_GRAB_EXIT_V2,false,false,false,TOP_ONLY,EDGE_RUNUP_00,true,false
FULL_MX,23,-1,-1,false,false,false,false,19.94166,2.455,-5.5,0,true,true,18,1.673328,0.101667,WALKABLE_FRONTIER_AND_GRAB_EXIT_V2,false,false,false,TOP_ONLY,EDGE_RUNUP_00,true,false
FULL_MX,24,-1,-1,false,false,false,false,19.84999,2.455,-5.5,0,true,true,18,1.581661,0.101667,WALKABLE_FRONTIER_AND_GRAB_EXIT_V2,false,false,false,TOP_ONLY,EDGE_RUNUP_00,true,false
FULL_MX,25,-1,-1,false,false,false,false,19.75833,2.455,-5.5,0,true,true,18,1.489994,0.101667,WALKABLE_FRONTIER_AND_GRAB_EXIT_V2,false,false,false,TOP_ONLY,EDGE_RUNUP_00,true,false
FULL_MX,26,-1,-1,false,false,false,false,19.66666,2.455,-5.5,0,true,true,18,1.398327,0.101667,WALKABLE_FRONTIER_AND_GRAB_EXIT_V2,false,false,false,TOP_ONLY,EDGE_RUNUP_00,true,false
FULL_MX,27,-1,-1,false,false,false,false,19.57499,2.455,-5.5,0,true,true,18,1.30666,0.101667,WALKABLE_FRONTIER_AND_GRAB_EXIT_V2,false,false,false,TOP_ONLY,EDGE_RUNUP_00,true,false
FULL_MX,28,-1,-1,false,false,false,false,19.48333,2.455,-5.5,0,true,true,18,1.214993,0.101667,WALKABLE_FRONTIER_AND_GRAB_EXIT_V2,false,false,false,TOP_ONLY,EDGE_RUNUP_00,true,false
FULL_MX,29,-1,-1,false,false,false,false,19.39166,2.455,-5.5,0,true,true,18,1.123325,0.101667,WALKABLE_FRONTIER_AND_GRAB_EXIT_V2,false,false,false,TOP_ONLY,EDGE_RUNUP_00,true,false
FULL_MX,30,-1,-1,false,false,false,false,19.29999,2.455,-5.5,0,true,true,18,1.031658,0.101667,WALKABLE_FRONTIER_AND_GRAB_EXIT_V2,false,false,false,TOP_ONLY,EDGE_RUNUP_00,true,false
FULL_MX,31,-1,-1,false,false,false,false,19.20832,2.455,-5.5,0,true,true,18,0.939991,0.101667,WALKABLE_FRONTIER_AND_GRAB_EXIT_V2,false,false,false,TOP_ONLY,EDGE_RUNUP_00,true,false
FULL_MX,32,-1,-1,false,false,false,false,19.11666,2.455,-5.5,0,true,true,18,0.848324,0.101667,WALKABLE_FRONTIER_AND_GRAB_EXIT_V2,false,false,false,TOP_ONLY,EDGE_RUNUP_00,true,false
FULL_MX,33,-1,-1,false,false,false,false,19.02499,2.455,-5.5,0,true,true,18,0.756657,0.101667,WALKABLE_FRONTIER_AND_GRAB_EXIT_V2,false,false,false,TOP_ONLY,EDGE_RUNUP_00,true,false
FULL_MX,34,-1,-1,false,false,false,false,18.93332,2.455,-5.5,0,true,true,18,0.66499,0.101667,WALKABLE_FRONTIER_AND_GRAB_EXIT_V2,false,false,false,TOP_ONLY,EDGE_RUNUP_00,true,false
FULL_MX,35,-1,-1,false,false,false,false,18.84166,2.455,-5.5,0,true,true,18,0.573322,0.101667,WALKABLE_FRONTIER_AND_GRAB_EXIT_V2,false,false,false,TOP_ONLY,EDGE_RUNUP_00,true,false
FULL_MX,36,-1,-1,false,false,false,false,18.74999,2.455,-5.5,0,true,true,18,0.481655,0.101667,WALKABLE_FRONTIER_AND_GRAB_EXIT_V2,false,false,false,TOP_ONLY,EDGE_RUNUP_00,true,false
FULL_MX,37,-1,-1,false,false,false,false,18.65832,2.455,-5.5,0,true,true,18,0.389988,0.101667,WALKABLE_FRONTIER_AND_GRAB_EXIT_V2,false,false,false,TOP_ONLY,EDGE_RUNUP_00,true,false
FULL_MX,38,-1,-1,false,false,false,false,18.56665,2.455,-5.5,0,true,true,18,0.298321,0.101667,WALKABLE_FRONTIER_AND_GRAB_EXIT_V2,false,false,false,TOP_ONLY,EDGE_RUNUP_00,true,false
FULL_MX,39,-1,-1,false,false,false,false,18.47499,2.455,-5.5,0,true,true,18,0.206654,0.101667,WALKABLE_FRONTIER_AND_GRAB_EXIT_V2,false,false,false,TOP_ONLY,EDGE_RUNUP_00,true,false
FULL_MX,40,-1,-1,false,false,false,false,18.38332,2.455,-5.5,0,true,true,18,0.114986,0.101667,WALKABLE_FRONTIER_AND_GRAB_EXIT_V2,false,false,false,TOP_ONLY,EDGE_RUNUP_00,true,false
FULL_MX,41,-1,-1,false,false,true,false,18.29165,2.569444,-5.5,6.866666,false,true,18,0.023319,0.101667,WALKABLE_FRONTIER_AND_GRAB_EXIT_V2,false,false,false,AIR,JUMP_00,true,false
FULL_MX,42,-1,-1,false,false,true,false,18.19999,2.678333,-5.5,6.533333,false,false,-1,-1,-1,,false,false,false,AIR,AIR_00,true,false
FULL_MX,43,-1,-1,false,false,true,false,18.10832,2.781667,-5.5,6.199999,false,false,-1,-1,-1,,false,false,false,AIR,AIR_00,true,false
FULL_MX,44,-1,-1,false,false,true,false,18.01665,2.879444,-5.5,5.866666,false,false,-1,-1,-1,,false,false,false,AIR,AIR_00,true,false
FULL_MX,45,-1,-1,false,false,true,false,17.92498,2.971667,-5.5,5.533332,false,false,-1,-1,-1,,false,false,false,AIR,AIR_00,true,false
FULL_MX,46,-1,-1,false,false,true,false,17.83332,3.058333,-5.5,5.199999,false,false,-1,-1,-1,,false,false,false,AIR,AIR_00,true,false
FULL_MX,47,-1,-1,false,false,true,false,17.74165,3.139444,-5.5,4.866665,false,false,-1,-1,-1,,false,false,false,AIR,AIR_00,true,false
FULL_MX,48,-1,-1,false,false,true,false,17.64998,3.215,-5.5,4.533332,false,false,-1,-1,-1,,false,false,false,AIR,AIR_00,true,false
FULL_MX,49,-1,-1,false,false,true,false,17.55832,3.285,-5.5,4.199998,false,false,-1,-1,-1,,false,false,false,AIR,AIR_00,true,false
FULL_MX,50,1,1,false,false,true,false,17.47776,3.349444,-4.833333,3.866665,false,false,-1,-1,-1,,false,false,false,AIR,AIR_00,true,false
FULL_MX,51,1,1,false,false,true,false,17.40832,3.408333,-4.166667,3.533332,false,false,-1,-1,-1,,false,false,false,AIR,AIR_00,true,false
FULL_MX,52,1,1,false,false,true,false,17.34998,3.461667,-3.5,3.199999,false,false,-1,-1,-1,,false,false,false,AIR,AIR_00,true,false
FULL_MX,53,1,1,false,false,true,false,17.30276,3.509444,-2.833333,2.866665,false,false,-1,-1,-1,,false,false,false,AIR,AIR_00,true,false
FULL_MX,54,1,1,false,false,true,false,17.26665,3.551666,-2.166667,2.533332,false,false,-1,-1,-1,,false,false,false,AIR,AIR_00,true,false
FULL_MX,55,1,1,false,false,true,false,17.24165,3.588333,-1.5,2.199999,false,false,-1,-1,-1,,false,false,false,AIR,AIR_00,true,false
FULL_MX,56,1,1,false,false,true,false,17.22776,3.619444,-0.833333,1.866665,false,false,-1,-1,-1,,false,false,false,AIR,AIR_00,true,false
FULL_MX,57,1,1,false,false,true,false,17.22498,3.645,-0.166667,1.533332,false,false,-1,-1,-1,,false,false,false,AIR,AIR_00,true,false
FULL_MX,58,1,1,false,false,true,false,17.23332,3.665,0.5,1.199999,false,false,-1,-1,-1,,false,false,false,AIR,AIR_00,true,false
FULL_MX,59,1,1,false,false,true,false,17.25276,3.679444,1.166667,0.866665,false,false,-1,-1,-1,,false,false,false,AIR,AIR_00,true,false
FULL_MX,60,1,1,false,false,true,false,17.28332,3.688333,1.833333,0.533332,false,false,-1,-1,-1,,false,false,false,AIR,AIR_00,true,false
FULL_MX,61,1,1,false,false,true,false,17.32498,3.691666,2.5,0.199999,false,false,-1,-1,-1,,false,false,false,AIR,AIR_00,true,false
FULL_MX,62,1,1,false,false,true,false,17.37776,3.689444,3.166667,-0.133335,false,false,-1,-1,-1,,false,false,false,AIR,AIR_00,true,false
FULL_MX,63,-1,-1,false,false,true,false,17.41943,3.68,2.5,-0.566668,false,false,-1,-1,-1,,false,false,false,AIR,AIR_00,true,false
FULL_MX,64,-1,-1,false,false,true,false,17.44998,3.663333,1.833333,-1.000001,false,false,-1,-1,-1,,false,false,false,AIR,AIR_00,true,false
FULL_MX,65,-1,-1,false,false,true,false,17.46943,3.639444,1.166667,-1.433335,false,false,-1,-1,-1,,false,false,false,AIR,AIR_00,true,false
FULL_MX,66,-1,-1,false,false,true,false,17.47776,3.608333,0.5,-1.866668,false,false,-1,-1,-1,,false,false,false,AIR,AIR_00,true,false
FULL_MX,67,-1,-1,false,false,true,false,17.47498,3.569999,-0.166667,-2.300002,false,false,-1,-1,-1,,false,false,false,AIR,AIR_00,true,false
FULL_MX,68,1,1,false,false,true,false,17.48331,3.524444,0.5,-2.733335,false,false,-1,-1,-1,,false,false,false,AIR,AIR_00,true,false
FULL_MX,69,-1,-1,false,false,true,false,17.48331,3.454444,0,0,true,false,-1,-1,-1,,false,false,false,TOP_ONLY,LINK_TARGET_00,true,false
FULL_MX,70,-1,-1,false,false,false,false,17.47498,3.454444,-0.5,0,true,true,12,5.123314,0.01,WALKABLE_FRONTIER_AND_GRAB_EXIT_V2,false,false,false,TOP_ONLY,EDGE_RUNUP_01,true,false
FULL_MX,71,-1,-1,false,false,false,false,17.45831,3.454444,-1,0,true,true,12,5.114981,0.018333,WALKABLE_FRONTIER_AND_GRAB_EXIT_V2,false,false,false,TOP_ONLY,EDGE_RUNUP_01,true,false
FULL_MX,72,-1,-1,false,false,false,false,17.43332,3.454444,-1.5,0,true,true,12,5.098314,0.026667,WALKABLE_FRONTIER_AND_GRAB_EXIT_V2,false,false,false,TOP_ONLY,EDGE_RUNUP_01,true,false
FULL_MX,73,-1,-1,false,false,false,false,17.39998,3.454444,-2,0,true,true,12,5.073315,0.035,WALKABLE_FRONTIER_AND_GRAB_EXIT_V2,false,false,false,TOP_ONLY,EDGE_RUNUP_01,true,false
FULL_MX,74,-1,-1,false,false,false,false,17.35832,3.454444,-2.5,0,true,true,12,5.039982,0.043333,WALKABLE_FRONTIER_AND_GRAB_EXIT_V2,false,false,false,TOP_ONLY,EDGE_RUNUP_01,true,false
FULL_MX,75,-1,-1,false,false,false,false,17.30832,3.454444,-3,0,true,true,12,4.998316,0.051667,WALKABLE_FRONTIER_AND_GRAB_EXIT_V2,false,false,false,TOP_ONLY,EDGE_RUNUP_01,true,false
FULL_MX,76,-1,-1,false,false,false,false,17.24998,3.454444,-3.5,0,true,true,12,4.948317,0.06,WALKABLE_FRONTIER_AND_GRAB_EXIT_V2,false,false,false,TOP_ONLY,EDGE_RUNUP_01,true,false
FULL_MX,77,-1,-1,false,false,false,false,17.18332,3.454444,-4,0,true,true,12,4.889984,0.068333,WALKABLE_FRONTIER_AND_GRAB_EXIT_V2,false,false,false,TOP_ONLY,EDGE_RUNUP_01,true,false
FULL_MX,78,-1,-1,false,false,false,false,17.10832,3.454444,-4.5,0,true,true,12,4.823317,0.076667,WALKABLE_FRONTIER_AND_GRAB_EXIT_V2,false,false,false,TOP_ONLY,EDGE_RUNUP_01,true,false
FULL_MX,79,-1,-1,false,false,false,false,17.02498,3.454444,-5,0,true,true,12,4.748316,0.085,WALKABLE_FRONTIER_AND_GRAB_EXIT_V2,false,false,false,TOP_ONLY,EDGE_RUNUP_01,true,false
FULL_MX,80,-1,-1,false,false,false,false,16.93332,3.454444,-5.5,0,true,true,12,4.664982,0.093333,WALKABLE_FRONTIER_AND_GRAB_EXIT_V2,false,false,false,TOP_ONLY,EDGE_RUNUP_01,true,false
FULL_MX,81,-1,-1,false,false,false,false,16.84165,3.454444,-5.5,0,true,true,12,4.573315,0.101667,WALKABLE_FRONTIER_AND_GRAB_EXIT_V2,false,false,false,TOP_ONLY,EDGE_RUNUP_01,true,false
FULL_MX,82,-1,-1,false,false,false,false,16.74998,3.454444,-5.5,0,true,true,12,4.481647,0.101667,WALKABLE_FRONTIER_AND_GRAB_EXIT_V2,false,false,false,TOP_ONLY,EDGE_RUNUP_01,true,false
FULL_MX,83,-1,-1,false,false,false,false,16.65831,3.454444,-5.5,0,true,true,12,4.38998,0.101667,WALKABLE_FRONTIER_AND_GRAB_EXIT_V2,false,false,false,TOP_ONLY,EDGE_RUNUP_01,true,false
FULL_MX,84,-1,-1,false,false,false,false,16.56665,3.454444,-5.5,0,true,true,12,4.298313,0.101667,WALKABLE_FRONTIER_AND_GRAB_EXIT_V2,false,false,false,TOP_ONLY,EDGE_RUNUP_01,true,false
FULL_MX,85,-1,-1,false,false,false,false,16.47498,3.454444,-5.5,0,true,true,12,4.206646,0.101667,WALKABLE_FRONTIER_AND_GRAB_EXIT_V2,false,false,false,TOP_ONLY,EDGE_RUNUP_01,true,false
FULL_MX,86,-1,-1,false,false,false,false,16.38331,3.454444,-5.5,0,true,true,12,4.114979,0.101667,WALKABLE_FRONTIER_AND_GRAB_EXIT_V2,false,false,false,TOP_ONLY,EDGE_RUNUP_01,true,false
FULL_MX,87,-1,-1,false,false,false,false,16.29165,3.454444,-5.5,0,true,true,12,4.023312,0.101667,WALKABLE_FRONTIER_AND_GRAB_EXIT_V2,false,false,false,TOP_ONLY,EDGE_RUNUP_01,true,false
FULL_MX,88,-1,-1,false,false,false,false,16.19998,3.454444,-5.5,0,true,true,12,3.931644,0.101667,WALKABLE_FRONTIER_AND_GRAB_EXIT_V2,false,false,false,TOP_ONLY,EDGE_RUNUP_01,true,false
FULL_MX,89,-1,-1,false,false,false,false,16.10831,3.454444,-5.5,0,true,true,12,3.839977,0.101667,WALKABLE_FRONTIER_AND_GRAB_EXIT_V2,false,false,false,TOP_ONLY,EDGE_RUNUP_01,true,false
FULL_MX,90,-1,-1,false,false,false,false,16.01664,3.454444,-5.5,0,true,true,12,3.74831,0.101667,WALKABLE_FRONTIER_AND_GRAB_EXIT_V2,false,false,false,TOP_ONLY,EDGE_RUNUP_01,true,false
FULL_MX,91,-1,-1,false,false,false,false,15.92498,3.454444,-5.5,0,true,true,12,3.656643,0.101667,WALKABLE_FRONTIER_AND_GRAB_EXIT_V2,false,false,false,TOP_ONLY,EDGE_RUNUP_01,true,false
FULL_MX,92,-1,-1,false,false,false,false,15.83331,3.454444,-5.5,0,true,true,12,3.564978,0.101667,WALKABLE_FRONTIER_AND_GRAB_EXIT_V2,false,false,false,TOP_ONLY,EDGE_RUNUP_01,true,false
FULL_MX,93,-1,-1,false,false,false,false,15.74164,3.454444,-5.5,0,true,true,12,3.47331,0.101667,WALKABLE_FRONTIER_AND_GRAB_EXIT_V2,false,false,false,TOP_ONLY,EDGE_RUNUP_01,true,false
FULL_MX,94,-1,-1,false,false,false,false,15.64998,3.454444,-5.5,0,true,true,12,3.381645,0.101667,WALKABLE_FRONTIER_AND_GRAB_EXIT_V2,false,false,false,TOP_ONLY,EDGE_RUNUP_01,true,false
FULL_MX,95,-1,-1,false,false,false,false,15.55831,3.454444,-5.5,0,true,true,12,3.289978,0.101667,WALKABLE_FRONTIER_AND_GRAB_EXIT_V2,false,false,false,TOP_ONLY,EDGE_RUNUP_01,true,false
FULL_MX,96,-1,-1,false,false,false,false,15.46665,3.454444,-5.5,0,true,true,12,3.198313,0.101667,WALKABLE_FRONTIER_AND_GRAB_EXIT_V2,false,false,false,TOP_ONLY,EDGE_RUNUP_01,true,false
FULL_MX,97,-1,-1,false,false,false,false,15.37498,3.454444,-5.5,0,true,true,12,3.106647,0.101667,WALKABLE_FRONTIER_AND_GRAB_EXIT_V2,false,false,false,TOP_ONLY,EDGE_RUNUP_01,true,false
FULL_MX,98,-1,-1,false,false,false,false,15.28331,3.454444,-5.5,0,true,true,12,3.01498,0.101667,WALKABLE_FRONTIER_AND_GRAB_EXIT_V2,false,false,false,TOP_ONLY,EDGE_RUNUP_01,true,false
FULL_MX,99,-1,-1,false,false,false,false,15.19165,3.454444,-5.5,0,true,true,12,2.923314,0.101667,WALKABLE_FRONTIER_AND_GRAB_EXIT_V2,false,false,false,TOP_ONLY,EDGE_RUNUP_01,true,false
FULL_MX,100,-1,-1,false,false,false,false,15.09998,3.454444,-5.5,0,true,true,12,2.831648,0.101667,WALKABLE_FRONTIER_AND_GRAB_EXIT_V2,false,false,false,TOP_ONLY,EDGE_RUNUP_01,true,false
FULL_MX,101,-1,-1,false,false,false,false,15.00832,3.454444,-5.5,0,true,true,12,2.739982,0.101667,WALKABLE_FRONTIER_AND_GRAB_EXIT_V2,false,false,false,TOP_ONLY,EDGE_RUNUP_01,true,false
FULL_MX,102,-1,-1,false,false,false,false,14.91665,3.454444,-5.5,0,true,true,12,2.648315,0.101667,WALKABLE_FRONTIER_AND_GRAB_EXIT_V2,false,false,false,TOP_ONLY,EDGE_RUNUP_01,true,false
FULL_MX,103,-1,-1,false,false,false,false,14.82498,3.454444,-5.5,0,true,true,12,2.556649,0.101667,WALKABLE_FRONTIER_AND_GRAB_EXIT_V2,false,false,false,TOP_ONLY,EDGE_RUNUP_01,true,false
FULL_MX,104,-1,-1,false,false,false,false,14.73332,3.454444,-5.5,0,true,true,12,2.464983,0.101667,WALKABLE_FRONTIER_AND_GRAB_EXIT_V2,false,false,false,TOP_ONLY,EDGE_RUNUP_01,true,false
FULL_MX,105,-1,-1,false,false,false,false,14.64165,3.454444,-5.5,0,true,true,12,2.373317,0.101667,WALKABLE_FRONTIER_AND_GRAB_EXIT_V2,false,false,false,TOP_ONLY,EDGE_RUNUP_01,true,false
FULL_MX,106,-1,-1,false,false,false,false,14.54998,3.454444,-5.5,0,true,true,12,2.281651,0.101667,WALKABLE_FRONTIER_AND_GRAB_EXIT_V2,false,false,false,TOP_ONLY,EDGE_RUNUP_01,true,false
FULL_MX,107,-1,-1,false,false,false,false,14.45832,3.454444,-5.5,0,true,true,12,2.189984,0.101667,WALKABLE_FRONTIER_AND_GRAB_EXIT_V2,false,false,false,TOP_ONLY,EDGE_RUNUP_01,true,false
FULL_MX,108,-1,-1,false,false,false,false,14.36665,3.454444,-5.5,0,true,true,12,2.098318,0.101667,WALKABLE_FRONTIER_AND_GRAB_EXIT_V2,false,false,false,TOP_ONLY,EDGE_RUNUP_01,true,false
FULL_MX,109,-1,-1,false,false,false,false,14.27499,3.454444,-5.5,0,true,true,12,2.006652,0.101667,WALKABLE_FRONTIER_AND_GRAB_EXIT_V2,false,false,false,TOP_ONLY,EDGE_RUNUP_01,true,false
FULL_MX,110,-1,-1,false,false,false,false,14.18332,3.454444,-5.5,0,true,true,12,1.914986,0.101667,WALKABLE_FRONTIER_AND_GRAB_EXIT_V2,false,false,false,TOP_ONLY,EDGE_RUNUP_01,true,false
FULL_MX,111,-1,-1,false,false,false,false,14.09165,3.454444,-5.5,0,true,true,12,1.823319,0.101667,WALKABLE_FRONTIER_AND_GRAB_EXIT_V2,false,false,false,TOP_ONLY,EDGE_RUNUP_01,true,false
FULL_MX,112,-1,-1,false,false,false,false,13.99999,3.454444,-5.5,0,true,true,12,1.731653,0.101667,WALKABLE_FRONTIER_AND_GRAB_EXIT_V2,false,false,false,TOP_ONLY,EDGE_RUNUP_01,true,false
FULL_MX,113,-1,-1,false,false,false,false,13.90832,3.454444,-5.5,0,true,true,12,1.639987,0.101667,WALKABLE_FRONTIER_AND_GRAB_EXIT_V2,false,false,false,TOP_ONLY,EDGE_RUNUP_01,true,false
FULL_MX,114,-1,-1,false,false,false,false,13.81665,3.454444,-5.5,0,true,true,12,1.548321,0.101667,WALKABLE_FRONTIER_AND_GRAB_EXIT_V2,false,false,false,TOP_ONLY,EDGE_RUNUP_01,true,false
FULL_MX,115,-1,-1,false,false,false,false,13.72499,3.454444,-5.5,0,true,true,12,1.456655,0.101667,WALKABLE_FRONTIER_AND_GRAB_EXIT_V2,false,false,false,TOP_ONLY,EDGE_RUNUP_01,true,false
FULL_MX,116,-1,-1,false,false,false,false,13.63332,3.454444,-5.5,0,true,true,12,1.364988,0.101667,WALKABLE_FRONTIER_AND_GRAB_EXIT_V2,false,false,false,TOP_ONLY,EDGE_RUNUP_01,true,false
FULL_MX,117,-1,-1,false,false,false,false,13.54166,3.454444,-5.5,0,true,true,12,1.273322,0.101667,WALKABLE_FRONTIER_AND_GRAB_EXIT_V2,false,false,false,TOP_ONLY,EDGE_RUNUP_01,true,false
FULL_MX,118,-1,-1,false,false,false,false,13.44999,3.454444,-5.5,0,true,true,12,1.181656,0.101667,WALKABLE_FRONTIER_AND_GRAB_EXIT_V2,false,false,false,TOP_ONLY,EDGE_RUNUP_01,true,false
FULL_MX,119,-1,-1,false,false,false,false,13.35832,3.454444,-5.5,0,true,true,12,1.08999,0.101667,WALKABLE_FRONTIER_AND_GRAB_EXIT_V2,false,false,false,TOP_ONLY,EDGE_RUNUP_01,true,false
FULL_MX,120,-1,-1,false,false,false,false,13.26666,3.454444,-5.5,0,true,true,12,0.998323,0.101667,WALKABLE_FRONTIER_AND_GRAB_EXIT_V2,false,false,false,TOP_ONLY,EDGE_RUNUP_01,true,false
FULL_MX,121,-1,-1,false,false,false,false,13.17499,3.454444,-5.5,0,true,true,12,0.906657,0.101667,WALKABLE_FRONTIER_AND_GRAB_EXIT_V2,false,false,false,TOP_ONLY,EDGE_RUNUP_01,true,false
FULL_MX,122,-1,-1,false,false,false,false,13.08332,3.454444,-5.5,0,true,true,12,0.814991,0.101667,WALKABLE_FRONTIER_AND_GRAB_EXIT_V2,false,false,false,TOP_ONLY,EDGE_RUNUP_01,true,false
FULL_MX,123,-1,-1,false,false,false,false,12.99166,3.454444,-5.5,0,true,true,12,0.723325,0.101667,WALKABLE_FRONTIER_AND_GRAB_EXIT_V2,false,false,false,TOP_ONLY,EDGE_RUNUP_01,true,false
FULL_MX,124,-1,-1,false,false,false,false,12.89999,3.454444,-5.5,0,true,true,12,0.631659,0.101667,WALKABLE_FRONTIER_AND_GRAB_EXIT_V2,false,false,false,TOP_ONLY,EDGE_RUNUP_01,true,false
FULL_MX,125,-1,-1,false,false,false,false,12.80833,3.454444,-5.5,0,true,true,12,0.539992,0.101667,WALKABLE_FRONTIER_AND_GRAB_EXIT_V2,false,false,false,TOP_ONLY,EDGE_RUNUP_01,true,false
FULL_MX,126,-1,-1,false,false,false,false,12.71666,3.454444,-5.5,0,true,true,12,0.448326,0.101667,WALKABLE_FRONTIER_AND_GRAB_EXIT_V2,false,false,false,TOP_ONLY,EDGE_RUNUP_01,true,false
FULL_MX,127,-1,-1,false,false,false,false,12.62499,3.454444,-5.5,0,true,true,12,0.35666,0.101667,WALKABLE_FRONTIER_AND_GRAB_EXIT_V2,false,false,false,TOP_ONLY,EDGE_RUNUP_01,true,false
FULL_MX,128,-1,-1,false,false,false,false,12.53333,3.454444,-5.5,0,true,true,12,0.264994,0.101667,WALKABLE_FRONTIER_AND_GRAB_EXIT_V2,false,false,false,TOP_ONLY,EDGE_RUNUP_01,true,false
FULL_MX,129,-1,-1,false,false,false,false,12.44166,3.454444,-5.5,0,true,true,12,0.173327,0.101667,WALKABLE_FRONTIER_AND_GRAB_EXIT_V2,false,false,false,TOP_ONLY,EDGE_RUNUP_01,true,false
FULL_MX,130,-1,-1,false,false,true,false,12.365,3.568888,0,6.866666,false,true,12,0.081661,0.101667,WALKABLE_FRONTIER_AND_GRAB_EXIT_V2,false,false,false,AIR,JUMP_01,true,false
FULL_MX,131,-1,-1,false,false,true,false,12.36444,3.677777,0,6.533333,false,false,-1,-1,-1,,false,false,false,AIR,AIR_01,true,false
FULL_MX,132,-1,-1,false,false,true,false,12.36389,3.781111,0,6.199999,false,false,-1,-1,-1,,false,false,false,AIR,AIR_01,true,false
FULL_MX,133,-1,-1,false,false,true,false,12.36389,3.878888,0,5.866666,false,false,-1,-1,-1,,false,false,false,AIR,AIR_01,true,false
FULL_MX,134,-1,-1,false,false,true,false,12.36389,3.971111,0,5.533332,false,false,-1,-1,-1,,false,false,false,AIR,AIR_01,true,false
FULL_MX,135,-1,-1,false,false,true,false,12.36389,4.057777,0,5.199999,false,false,-1,-1,-1,,false,false,false,AIR,AIR_01,true,false
FULL_MX,136,-1,-1,false,false,true,false,12.36389,4.138888,0,4.866665,false,false,-1,-1,-1,,false,false,false,AIR,AIR_01,true,false
FULL_MX,137,-1,-1,false,false,true,false,12.36162,4.214444,0,4.533332,false,false,-1,-1,-1,,false,false,false,AIR,AIR_01,true,false
FULL_MX,138,-1,-1,false,false,true,false,12.35051,4.284444,-0.666667,4.199998,false,false,-1,-1,-1,,false,false,false,AIR,AIR_01,true,false
FULL_MX,139,-1,-1,false,false,true,false,12.32829,4.348888,-1.333333,3.866665,false,false,-1,-1,-1,,false,false,false,AIR,AIR_01,true,false
FULL_MX,140,-1,-1,false,false,true,false,12.29495,4.407777,-2,3.533332,false,false,-1,-1,-1,,false,false,false,AIR,AIR_01,true,false
FULL_MX,141,-1,-1,false,false,true,false,12.25051,4.461111,-2.666667,3.199999,false,false,-1,-1,-1,,false,false,false,AIR,AIR_01,true,false
FULL_MX,142,-1,-1,false,false,true,false,12.19495,4.508888,-3.333333,2.866665,false,false,-1,-1,-1,,false,false,false,AIR,AIR_01,true,false
FULL_MX,143,-1,-1,false,false,true,false,12.12829,4.55111,-4,2.533332,false,false,-1,-1,-1,,false,false,false,AIR,AIR_01,true,false
FULL_MX,144,-1,-1,false,false,true,false,12.05051,4.587777,-4.666667,2.199999,false,false,-1,-1,-1,,false,false,false,AIR,AIR_01,true,false
FULL_MX,145,-1,-1,false,false,true,false,11.96162,4.618888,-5.333333,1.866665,false,false,-1,-1,-1,,false,false,false,AIR,AIR_01,true,false
FULL_MX,146,-1,-1,false,false,true,false,11.86996,4.644444,-5.5,1.533332,false,false,-1,-1,-1,,false,false,false,AIR,AIR_01,true,false
FULL_MX,147,-1,-1,false,false,true,false,11.77829,4.664444,-5.5,1.199999,false,false,-1,-1,-1,,false,false,false,AIR,AIR_01,true,false
FULL_MX,148,-1,-1,false,false,true,false,11.68662,4.678888,-5.5,0.866665,false,false,-1,-1,-1,,false,false,false,AIR,AIR_01,true,false
FULL_MX,149,-1,-1,false,false,true,false,11.59496,4.687777,-5.5,0.533332,false,false,-1,-1,-1,,false,false,false,AIR,AIR_01,true,false
FULL_MX,150,1,1,false,false,true,false,11.5144,4.69111,-4.833333,0.199999,false,false,-1,-1,-1,,false,false,false,AIR,AIR_01,true,false
FULL_MX,151,1,1,false,false,true,false,11.44496,4.688888,-4.166667,-0.133335,false,false,-1,-1,-1,,false,false,false,AIR,AIR_01,true,false
FULL_MX,152,1,1,false,false,true,false,11.38662,4.679444,-3.5,-0.566668,false,false,-1,-1,-1,,false,false,false,AIR,AIR_01,true,false
FULL_MX,153,1,1,false,false,true,false,11.3394,4.662777,-2.833333,-1.000001,false,false,-1,-1,-1,,false,false,false,AIR,AIR_01,true,false
FULL_MX,154,1,1,false,false,true,false,11.30329,4.638888,-2.166667,-1.433335,false,false,-1,-1,-1,,false,false,false,AIR,AIR_01,true,false
FULL_MX,155,1,1,false,false,true,false,11.27829,4.607777,-1.5,-1.866668,false,false,-1,-1,-1,,false,false,false,AIR,AIR_01,true,false
FULL_MX,156,1,1,false,false,true,false,11.2644,4.569443,-0.833333,-2.300002,false,false,-1,-1,-1,,false,false,false,AIR,AIR_01,true,false
FULL_MX,157,1,1,false,false,true,false,11.26162,4.523888,-0.166667,-2.733335,false,false,-1,-1,-1,,false,false,false,AIR,AIR_01,true,false
FULL_MX,158,1,1,false,false,true,false,11.26718,4.453888,0.333333,0,true,false,-1,-1,-1,,false,false,false,SOLID,LINK_TARGET_01,true,false
FULL_MX,159,-1,-1,false,false,false,false,11.2644,4.453888,-0.166667,0,true,true,9,1.907178,0.015556,WALKABLE_FRONTIER_AND_GRAB_EXIT_V2,false,false,false,SOLID,EDGE_RUNUP_02,true,false
FULL_MX,160,-1,-1,false,false,false,false,11.25329,4.453888,-0.666667,0,true,true,9,1.9044,0.012778,WALKABLE_FRONTIER_AND_GRAB_EXIT_V2,false,false,false,SOLID,EDGE_RUNUP_02,true,false
FULL_MX,161,-1,-1,false,false,false,false,11.23384,4.453888,-1.166667,0,true,true,9,1.893289,0.021111,WALKABLE_FRONTIER_AND_GRAB_EXIT_V2,false,false,false,SOLID,EDGE_RUNUP_02,true,false
FULL_MX,162,-1,-1,false,false,false,false,11.20607,4.453888,-1.666667,0,true,true,9,1.873844,0.029444,WALKABLE_FRONTIER_AND_GRAB_EXIT_V2,false,false,false,SOLID,EDGE_RUNUP_02,true,false
FULL_MX,163,-1,-1,false,false,false,false,11.16996,4.453888,-2.166667,0,true,true,9,1.846066,0.037778,WALKABLE_FRONTIER_AND_GRAB_EXIT_V2,false,false,false,SOLID,EDGE_RUNUP_02,true,false
FULL_MX,164,-1,-1,false,false,false,false,11.12551,4.453888,-2.666667,0,true,true,9,1.809956,0.046111,WALKABLE_FRONTIER_AND_GRAB_EXIT_V2,false,false,false,SOLID,EDGE_RUNUP_02,true,false
FULL_MX,165,-1,-1,false,false,false,false,11.07273,4.453888,-3.166667,0,true,true,9,1.765512,0.054444,WALKABLE_FRONTIER_AND_GRAB_EXIT_V2,false,false,false,SOLID,EDGE_RUNUP_02,true,false
FULL_MX,166,-1,-1,false,false,false,false,11.01162,4.453888,-3.666667,0,true,true,9,1.712733,0.062778,WALKABLE_FRONTIER_AND_GRAB_EXIT_V2,false,false,false,SOLID,EDGE_RUNUP_02,true,false
FULL_MX,167,-1,-1,false,false,false,false,10.94218,4.453888,-4.166667,0,true,true,9,1.651622,0.071111,WALKABLE_FRONTIER_AND_GRAB_EXIT_V2,false,false,false,SOLID,EDGE_RUNUP_02,true,false
FULL_MX,168,-1,-1,false,false,false,false,10.8644,4.453888,-4.666667,0,true,true,9,1.582177,0.079444,WALKABLE_FRONTIER_AND_GRAB_EXIT_V2,false,false,false,SOLID,EDGE_RUNUP_02,true,false
FULL_MX,169,-1,-1,false,false,false,false,10.77829,4.453888,-5.166667,0,true,true,9,1.504399,0.087778,WALKABLE_FRONTIER_AND_GRAB_EXIT_V2,false,false,false,SOLID,EDGE_RUNUP_02,true,false
FULL_MX,170,-1,-1,false,false,false,false,10.68662,4.453888,-5.5,0,true,true,9,1.418288,0.096111,WALKABLE_FRONTIER_AND_GRAB_EXIT_V2,false,false,false,SOLID,EDGE_RUNUP_02,true,false
FULL_MX,171,-1,-1,false,false,false,false,10.59496,4.453888,-5.5,0,true,true,9,1.326622,0.101667,WALKABLE_FRONTIER_AND_GRAB_EXIT_V2,false,false,false,SOLID,EDGE_RUNUP_02,true,false
FULL_MX,172,-1,-1,false,false,false,false,10.50329,4.453888,-5.5,0,true,true,9,1.234956,0.101667,WALKABLE_FRONTIER_AND_GRAB_EXIT_V2,false,false,false,SOLID,EDGE_RUNUP_02,true,false
FULL_MX,173,-1,-1,false,false,false,false,10.41162,4.453888,-5.5,0,true,true,9,1.14329,0.101667,WALKABLE_FRONTIER_AND_GRAB_EXIT_V2,false,false,false,SOLID,EDGE_RUNUP_02,true,false
FULL_MX,174,-1,-1,false,false,false,false,10.31996,4.453888,-5.5,0,true,true,9,1.051623,0.101667,WALKABLE_FRONTIER_AND_GRAB_EXIT_V2,false,false,false,SOLID,EDGE_RUNUP_02,true,false
FULL_MX,175,-1,-1,false,false,false,false,10.22829,4.453888,-5.5,0,true,true,9,0.959957,0.101667,WALKABLE_FRONTIER_AND_GRAB_EXIT_V2,false,false,false,SOLID,EDGE_RUNUP_02,true,false
FULL_MX,176,-1,-1,false,false,false,false,10.13662,4.453888,-5.5,0,true,true,9,0.868291,0.101667,WALKABLE_FRONTIER_AND_GRAB_EXIT_V2,false,false,false,SOLID,EDGE_RUNUP_02,true,false
FULL_MX,177,-1,-1,false,false,false,false,10.04496,4.453888,-5.5,0,true,true,9,0.776625,0.101667,WALKABLE_FRONTIER_AND_GRAB_EXIT_V2,false,false,false,SOLID,EDGE_RUNUP_02,true,false
FULL_MX,178,-1,-1,false,false,false,false,9.953292,4.453888,-5.5,0,true,true,9,0.684959,0.101667,WALKABLE_FRONTIER_AND_GRAB_EXIT_V2,false,false,false,SOLID,EDGE_RUNUP_02,true,false
FULL_MX,179,-1,-1,false,false,false,false,9.861626,4.453888,-5.5,0,true,true,9,0.593292,0.101667,WALKABLE_FRONTIER_AND_GRAB_EXIT_V2,false,false,false,SOLID,EDGE_RUNUP_02,true,false
FULL_MX,180,-1,-1,false,false,false,false,9.769959,4.453888,-5.5,0,true,true,9,0.501626,0.101667,WALKABLE_FRONTIER_AND_GRAB_EXIT_V2,false,false,false,SOLID,EDGE_RUNUP_02,true,false
FULL_MX,181,-1,-1,false,false,false,false,9.678293,4.453888,-5.5,0,true,true,9,0.40996,0.101667,WALKABLE_FRONTIER_AND_GRAB_EXIT_V2,false,false,false,SOLID,EDGE_RUNUP_02,true,false
FULL_MX,182,-1,-1,false,false,false,false,9.586627,4.453888,-5.5,0,true,true,9,0.318294,0.101667,WALKABLE_FRONTIER_AND_GRAB_EXIT_V2,false,false,false,SOLID,EDGE_RUNUP_02,true,false
FULL_MX,183,-1,-1,false,false,false,false,9.494961,4.453888,-5.5,0,true,true,9,0.226627,0.101667,WALKABLE_FRONTIER_AND_GRAB_EXIT_V2,false,false,false,SOLID,EDGE_RUNUP_02,true,false
FULL_MX,184,-1,-1,false,false,false,false,9.403295,4.453888,-5.5,0,true,true,9,0.134961,0.101667,WALKABLE_FRONTIER_AND_GRAB_EXIT_V2,false,false,false,SOLID,EDGE_RUNUP_02,true,false
FULL_MX,185,-1,-1,false,false,true,false,9.311628,4.568332,-5.5,6.866666,false,true,9,0.043295,0.101667,WALKABLE_FRONTIER_AND_GRAB_EXIT_V2,false,false,false,AIR,JUMP_02,true,false
FULL_MX,186,-1,-1,false,false,true,false,9.219962,4.677221,-5.5,6.533333,false,false,-1,-1,-1,,false,false,false,AIR,AIR_02,true,false
FULL_MX,187,-1,-1,false,false,true,false,9.128296,4.780555,-5.5,6.199999,false,false,-1,-1,-1,,false,false,false,AIR,AIR_02,true,false
FULL_MX,188,-1,-1,false,false,true,false,9.03663,4.878333,-5.5,5.866666,false,false,-1,-1,-1,,false,false,false,AIR,AIR_02,true,false
FULL_MX,189,-1,-1,false,false,true,false,8.944963,4.970555,-5.5,5.533332,false,false,-1,-1,-1,,false,false,false,AIR,AIR_02,true,false
FULL_MX,190,-1,-1,false,false,true,false,8.853297,5.057221,-5.5,5.199999,false,false,-1,-1,-1,,false,false,false,AIR,AIR_02,true,false
FULL_MX,191,-1,-1,false,false,true,false,8.761631,5.138332,-5.5,4.866665,false,false,-1,-1,-1,,false,false,false,AIR,AIR_02,true,false
FULL_MX,192,-1,-1,false,false,true,false,8.669965,5.213888,-5.5,4.533332,false,false,-1,-1,-1,,false,false,false,AIR,AIR_02,true,false
FULL_MX,193,-1,-1,false,false,true,false,8.578299,5.283888,-5.5,4.199998,false,false,-1,-1,-1,,false,false,false,AIR,AIR_02,true,false
FULL_MX,194,-1,-1,false,false,true,false,8.486632,5.348332,-5.5,3.866665,false,false,-1,-1,-1,,false,false,false,AIR,AIR_02,true,false
FULL_MX,195,-1,-1,false,false,true,false,8.394966,5.407221,-5.5,3.533332,false,false,-1,-1,-1,,false,false,false,AIR,AIR_02,true,false
FULL_MX,196,-1,-1,false,false,true,false,8.3033,5.460555,-5.5,3.199999,false,false,-1,-1,-1,,false,false,false,AIR,AIR_02,true,false
FULL_MX,197,-1,-1,false,false,true,false,8.211634,5.508332,-5.5,2.866665,false,false,-1,-1,-1,,false,false,false,AIR,AIR_02,true,false
FULL_MX,198,-1,-1,false,false,true,false,8.119967,5.545,-5.5,0,false,false,-1,-1,-1,,false,false,false,AIR,AIR_02,true,false
FULL_MX,199,-1,-1,false,false,true,false,8.028301,5.537777,-5.5,-0.433333,false,false,-1,-1,-1,,false,false,false,AIR,AIR_02,true,false
FULL_MX,200,-1,-1,false,false,true,false,7.936635,5.523333,-5.5,-0.866667,false,false,-1,-1,-1,,false,false,false,AIR,AIR_02,true,false
FULL_MX,201,-1,-1,false,false,true,false,7.844968,5.455,-5.5,0,true,false,-1,-1,-1,,false,false,false,TOP_ONLY,AIR_02,true,false
FULL_MX,202,-1,-1,false,false,true,false,7.753301,5.455,-5.5,0,true,true,-1,-1,-1,,false,false,false,TOP_ONLY,AIR_02,true,false
FULL_MX,203,-1,-1,false,false,true,false,7.661634,5.455,-5.5,0,true,true,-1,-1,-1,,false,false,false,TOP_ONLY,AIR_02,true,false
FULL_MX,204,-1,-1,false,false,true,false,7.569968,5.455,-5.5,0,true,true,-1,-1,-1,,false,false,false,TOP_ONLY,AIR_02,true,false
FULL_MX,205,-1,-1,false,false,true,false,7.478301,5.455,-5.5,0,true,true,-1,-1,-1,,false,false,false,TOP_ONLY,AIR_02,true,false
FULL_MX,206,-1,-1,false,false,true,false,7.386634,5.455,-5.5,0,true,true,-1,-1,-1,,false,false,false,TOP_ONLY,AIR_02,true,false
FULL_MX,207,-1,-1,false,false,true,false,7.294968,5.455,-5.5,0,true,true,-1,-1,-1,,false,false,false,TOP_ONLY,LINK_TARGET_02,true,false
FULL_MX,208,-1,-1,false,false,false,false,7.203301,5.455,-5.5,0,true,true,-1,-1,-1,,false,false,false,TOP_ONLY,FIX03_WALK_TO_LINK03,true,false
FULL_MX,209,-1,-1,false,false,false,false,7.111634,5.455,-5.5,0,true,true,-1,-1,-1,,false,false,false,TOP_ONLY,FIX03_WALK_TO_LINK03,true,false
FULL_MX,210,-1,-1,false,false,false,false,7.019968,5.455,-5.5,0,true,true,-1,-1,-1,,false,false,false,TOP_ONLY,FIX03_WALK_TO_LINK03,true,false
FULL_MX,211,-1,-1,false,false,false,false,6.928301,5.455,-5.5,0,true,true,-1,-1,-1,,false,false,false,TOP_ONLY,FIX03_WALK_TO_LINK03,true,false
FULL_MX,212,-1,-1,false,false,false,false,6.836634,5.455,-5.5,0,true,true,-1,-1,-1,,false,false,false,TOP_ONLY,FIX03_WALK_TO_LINK03,true,false
FULL_MX,213,-1,-1,false,false,false,false,6.744967,5.455,-5.5,0,true,true,-1,-1,-1,,false,false,false,TOP_ONLY,FIX03_WALK_TO_LINK03,true,false
FULL_MX,214,-1,-1,false,false,false,false,6.653301,5.455,-5.5,0,true,true,-1,-1,-1,,false,false,false,TOP_ONLY,FIX03_WALK_TO_LINK03,true,false
FULL_MX,215,-1,-1,false,false,false,false,6.561634,5.455,-5.5,0,true,true,-1,-1,-1,,false,false,false,TOP_ONLY,FIX03_WALK_TO_LINK03,true,false
FULL_MX,216,-1,-1,false,false,false,false,6.469967,5.455,-5.5,0,true,true,-1,-1,-1,,false,false,false,TOP_ONLY,FIX03_WALK_TO_LINK03,true,false
FULL_MX,217,-1,-1,false,false,false,false,6.378301,5.455,-5.5,0,true,true,-1,-1,-1,,false,false,false,TOP_ONLY,FIX03_WALK_TO_LINK03,true,false
FULL_MX,218,-1,-1,false,false,false,false,6.286634,5.455,-5.5,0,true,true,-1,-1,-1,,false,false,false,TOP_ONLY,FIX03_WALK_TO_LINK03,true,false
FULL_MX,219,-1,-1,false,false,false,false,6.194967,5.455,-5.5,0,true,true,-1,-1,-1,,false,false,false,TOP_ONLY,FIX03_WALK_TO_LINK03,true,false
FULL_MX,220,-1,-1,false,false,false,false,6.103301,5.455,-5.5,0,true,true,-1,-1,-1,,false,false,false,TOP_ONLY,FIX03_WALK_TO_LINK03,true,false
FULL_MX,221,-1,-1,false,false,false,false,6.011634,5.455,-5.5,0,true,true,-1,-1,-1,,false,false,false,TOP_ONLY,FIX03_WALK_TO_LINK03,true,false
FULL_MX,222,-1,-1,false,false,false,false,5.919967,5.455,-5.5,0,true,true,-1,-1,-1,,false,false,false,TOP_ONLY,FIX03_WALK_TO_LINK03,true,false
FULL_MX,223,-1,-1,false,false,false,false,5.8283,5.455,-5.5,0,true,true,-1,-1,-1,,false,false,false,TOP_ONLY,FIX03_WALK_TO_LINK03,true,false
FULL_MX,224,-1,-1,false,false,false,false,5.736634,5.455,-5.5,0,true,true,-1,-1,-1,,false,false,false,TOP_ONLY,FIX03_WALK_TO_LINK03,true,false
FULL_MX,225,1,1,false,false,false,false,5.6533,5.455,-5,0,true,true,-1,-1,-1,,false,false,false,TOP_ONLY,FIX03_WALK_TO_LINK03,true,false
FULL_MX,226,1,1,false,false,false,false,5.5783,5.455,-4.5,0,true,true,-1,-1,-1,,false,false,false,TOP_ONLY,FIX03_WALK_TO_LINK03,true,false
FULL_MX,227,1,1,false,false,false,false,5.511634,5.455,-4,0,true,true,-1,-1,-1,,false,false,false,TOP_ONLY,FIX03_WALK_TO_LINK03,true,false
FULL_MX,228,-1,-1,false,false,false,false,5.436634,5.455,-4.5,0,true,true,-1,-1,-1,,false,false,false,TOP_ONLY,GRAB_APPROACH_STAGE_03,true,false
FULL_MX,229,-1,-1,false,false,false,false,5.353301,5.455,-5,0,true,true,-1,-1,-1,,false,false,false,TOP_ONLY,GRAB_APPROACH_STAGE_03,true,false
FULL_MX,230,-1,-1,false,false,false,false,5.261634,5.455,-5.5,0,true,true,-1,-1,-1,,false,false,false,TOP_ONLY,GRAB_APPROACH_STAGE_03,true,false
FULL_MX,231,-1,-1,false,false,false,false,5.169967,5.455,-5.5,0,true,true,-1,-1,-1,,false,false,false,TOP_ONLY,GRAB_APPROACH_STAGE_03,true,false
FULL_MX,232,-1,-1,false,false,false,false,5.0783,5.455,-5.5,0,true,true,-1,-1,-1,,false,false,false,TOP_ONLY,GRAB_APPROACH_STAGE_03,true,false
FULL_MX,233,-1,-1,false,false,false,false,4.986634,5.455,-5.5,0,true,true,-1,-1,-1,,false,false,false,TOP_ONLY,GRAB_APPROACH_STAGE_03,true,false
FULL_MX,234,-1,-1,false,false,false,false,4.894967,5.455,-5.5,0,true,true,-1,-1,-1,,false,false,false,TOP_ONLY,GRAB_APPROACH_STAGE_03,true,false
FULL_MX,235,-1,-1,false,false,false,false,4.8033,5.455,-5.5,0,true,true,-1,-1,-1,,false,false,false,TOP_ONLY,GRAB_APPROACH_STAGE_03,true,false
FULL_MX,236,0,0,false,false,false,false,4.722745,5.455,-4.833333,0,true,true,-1,-1,-1,,false,false,false,TOP_ONLY,GRAB_APPROACH_STAGE_03,true,false
FULL_MX,237,0,0,false,false,false,false,4.6533,5.455,-4.166667,0,true,true,-1,-1,-1,,false,false,false,TOP_ONLY,GRAB_APPROACH_STAGE_03,true,false
FULL_MX,238,0,0,false,false,false,false,4.594967,5.455,-3.5,0,true,true,-1,-1,-1,,false,false,false,TOP_ONLY,GRAB_APPROACH_STAGE_03,true,false
FULL_MX,239,0,0,false,false,false,false,4.547745,5.455,-2.833333,0,true,true,-1,-1,-1,,false,false,false,TOP_ONLY,GRAB_APPROACH_STAGE_03,true,false
FULL_MX,240,0,0,false,false,false,false,4.511634,5.455,-2.166667,0,true,true,-1,-1,-1,,false,false,false,TOP_ONLY,GRAB_APPROACH_STAGE_03,true,false
FULL_MX,241,0,0,false,false,false,false,4.486634,5.455,-1.5,0,true,true,-1,-1,-1,,false,false,false,TOP_ONLY,GRAB_APPROACH_STAGE_03,true,false
FULL_MX,242,-1,-1,false,false,false,false,4.4533,5.455,-2,0,true,true,-1,-1,-1,,false,false,false,TOP_ONLY,GRAB_APPROACH_STAGE_03,true,false
FULL_MX,243,1,1,false,false,false,false,4.4283,5.455,-1.5,0,true,true,-1,-1,-1,,false,false,false,TOP_ONLY,GRAB_APPROACH_STAGE_03,true,false
FULL_MX,244,1,1,false,false,false,false,4.411633,5.455,-1,0,true,true,-1,-1,-1,,false,false,false,TOP_ONLY,GRAB_APPROACH_STAGE_03,true,false
FULL_MX,245,1,1,false,false,false,false,4.4033,5.455,-0.5,0,true,true,-1,-1,-1,,false,false,false,TOP_ONLY,GRAB_APPROACH_STAGE_03,true,false
FULL_MX,246,1,1,false,false,false,false,4.4033,5.455,0,0,true,true,-1,-1,-1,,false,false,false,TOP_ONLY,GRAB_APPROACH_STAGE_03,true,false
FULL_MX,247,1,1,false,false,false,false,4.411633,5.455,0.5,0,true,true,5.116666,0.713366,0.018333,TERMINAL_SOLID_DESCENDING_GRAB_APPROACH_V1,false,false,false,TOP_ONLY,GRAB_APPROACH_RUNUP,true,false
FULL_MX,248,1,1,false,false,false,false,4.4283,5.455,1,0,true,true,5.116666,0.705033,0.018333,TERMINAL_SOLID_DESCENDING_GRAB_APPROACH_V1,false,false,false,TOP_ONLY,GRAB_APPROACH_RUNUP,true,false
FULL_MX,249,1,1,false,false,false,false,4.4533,5.455,1.5,0,true,true,5.116666,0.688366,0.026667,TERMINAL_SOLID_DESCENDING_GRAB_APPROACH_V1,false,false,false,TOP_ONLY,GRAB_APPROACH_RUNUP,true,false
FULL_MX,250,1,1,false,false,false,false,4.486634,5.455,2,0,true,true,5.116666,0.663366,0.035,TERMINAL_SOLID_DESCENDING_GRAB_APPROACH_V1,false,false,false,TOP_ONLY,GRAB_APPROACH_RUNUP,true,false
FULL_MX,251,1,1,false,false,false,false,4.5283,5.455,2.5,0,true,true,5.116666,0.630033,0.043333,TERMINAL_SOLID_DESCENDING_GRAB_APPROACH_V1,false,false,false,TOP_ONLY,GRAB_APPROACH_RUNUP,true,false
FULL_MX,252,1,1,false,false,false,false,4.5783,5.455,3,0,true,true,5.116666,0.588366,0.051667,TERMINAL_SOLID_DESCENDING_GRAB_APPROACH_V1,false,false,false,TOP_ONLY,GRAB_APPROACH_RUNUP,true,false
FULL_MX,253,1,1,false,false,false,false,4.636634,5.455,3.5,0,true,true,5.116666,0.538366,0.06,TERMINAL_SOLID_DESCENDING_GRAB_APPROACH_V1,false,false,false,TOP_ONLY,GRAB_APPROACH_RUNUP,true,false
FULL_MX,254,1,1,false,false,false,false,4.7033,5.455,4,0,true,true,5.116666,0.480032,0.068333,TERMINAL_SOLID_DESCENDING_GRAB_APPROACH_V1,false,false,false,TOP_ONLY,GRAB_APPROACH_RUNUP,true,false
FULL_MX,255,1,1,false,false,false,false,4.7783,5.455,4.5,0,true,true,5.116666,0.413366,0.076667,TERMINAL_SOLID_DESCENDING_GRAB_APPROACH_V1,false,false,false,TOP_ONLY,GRAB_APPROACH_RUNUP,true,false
FULL_MX,256,1,1,false,false,false,false,4.861634,5.455,5,0,true,true,5.116666,0.338366,0.085,TERMINAL_SOLID_DESCENDING_GRAB_APPROACH_V1,false,false,false,TOP_ONLY,GRAB_APPROACH_RUNUP,true,false
FULL_MX,257,1,1,false,false,false,false,4.9533,5.455,5.5,0,true,true,5.116666,0.255033,0.093333,TERMINAL_SOLID_DESCENDING_GRAB_APPROACH_V1,false,false,false,TOP_ONLY,GRAB_APPROACH_RUNUP,true,false
FULL_MX,258,1,1,false,false,false,false,5.044967,5.455,5.5,0,true,true,5.116666,0.163366,0.101667,TERMINAL_SOLID_DESCENDING_GRAB_APPROACH_V1,false,false,false,TOP_ONLY,GRAB_APPROACH_RUNUP,true,false
FULL_MX,259,1,1,false,false,true,false,5.136634,5.569445,5.5,6.866666,false,true,5.116666,0.071699,0.101667,TERMINAL_SOLID_DESCENDING_GRAB_APPROACH_V1,false,false,false,AIR,GRAB_APPROACH_JUMP,true,false
FULL_MX,260,1,1,false,false,true,false,5.228301,5.678334,5.5,6.533333,false,false,-1,-1,-1,,false,false,false,AIR,AIR_03,true,false
FULL_MX,261,1,1,false,false,true,false,5.319967,5.781667,5.5,6.199999,false,false,-1,-1,-1,,false,false,false,AIR,AIR_03,true,false
FULL_MX,262,1,1,false,false,true,false,5.411634,5.879445,5.5,5.866666,false,false,-1,-1,-1,,false,false,false,AIR,AIR_03,true,false
FULL_MX,263,1,1,false,false,true,false,5.503301,5.971667,5.5,5.533332,false,false,-1,-1,-1,,false,false,false,AIR,AIR_03,true,false
FULL_MX,264,1,1,false,false,true,false,5.594967,6.058334,5.5,5.199999,false,false,-1,-1,-1,,false,false,false,AIR,AIR_03,true,false
FULL_MX,265,1,1,false,false,true,false,5.686634,6.139445,5.5,4.866665,false,false,-1,-1,-1,,false,false,false,AIR,AIR_03,true,false
FULL_MX,266,1,1,false,false,true,false,5.778301,6.215,5.5,4.533332,false,false,-1,-1,-1,,false,false,false,AIR,AIR_03,true,false
FULL_MX,267,1,1,false,false,true,false,5.869967,6.285,5.5,4.199998,false,false,-1,-1,-1,,false,false,false,AIR,AIR_03,true,false
FULL_MX,268,1,1,false,false,true,false,5.961634,6.349445,5.5,3.866665,false,false,-1,-1,-1,,false,false,false,AIR,AIR_03,true,false
FULL_MX,269,1,1,false,false,true,false,6.053301,6.408334,5.5,3.533332,false,false,-1,-1,-1,,false,false,false,AIR,AIR_03,true,false
FULL_MX,270,1,1,false,false,true,false,6.144968,6.461667,5.5,3.199999,false,false,-1,-1,-1,,false,false,false,AIR,AIR_03,true,false
FULL_MX,271,1,1,false,false,true,false,6.236634,6.509445,5.5,2.866665,false,false,-1,-1,-1,,false,false,false,AIR,AIR_03,true,false
FULL_MX,272,1,1,false,false,true,false,6.328301,6.551667,5.5,2.533332,false,false,-1,-1,-1,,false,false,false,AIR,AIR_03,true,false
FULL_MX,273,1,1,false,false,true,false,6.419968,6.588334,5.5,2.199999,false,false,-1,-1,-1,,false,false,false,AIR,AIR_03,true,false
FULL_MX,274,1,1,false,false,true,false,6.511634,6.619445,5.5,1.866665,false,false,-1,-1,-1,,false,false,false,AIR,AIR_03,true,false
FULL_MX,275,1,1,false,false,true,false,6.603301,6.645,5.5,1.533332,false,false,-1,-1,-1,,false,false,false,AIR,AIR_03,true,false
FULL_MX,276,1,1,false,false,true,false,6.694968,6.665,5.5,1.199999,false,false,-1,-1,-1,,false,false,false,AIR,AIR_03,true,false
FULL_MX,277,1,1,false,false,true,false,6.786634,6.679445,5.5,0.866665,false,false,-1,-1,-1,,false,false,false,AIR,AIR_03,true,false
FULL_MX,278,1,1,false,false,true,false,6.878301,6.688334,5.5,0.533332,false,false,-1,-1,-1,,false,false,false,AIR,AIR_03,true,false
FULL_MX,279,1,1,false,false,true,false,6.969968,6.691667,5.5,0.199999,false,false,-1,-1,-1,,false,false,false,AIR,AIR_03,true,false
FULL_MX,280,1,1,false,false,true,false,7.061635,6.689445,5.5,-0.133335,false,false,-1,-1,-1,,false,false,false,AIR,AIR_03,true,false
FULL_MX,281,1,1,false,false,true,false,7.153301,6.68,5.5,-0.566668,false,false,-1,-1,-1,,false,false,false,AIR,AIR_03,true,false
FULL_MX,282,1,1,false,false,true,false,7.244968,6.663333,5.5,-1.000001,false,false,-1,-1,-1,,false,false,false,AIR,AIR_03,true,false
FULL_MX,283,1,1,false,false,true,false,7.336635,6.639444,5.5,-1.433335,false,false,-1,-1,-1,,false,false,false,AIR,AIR_03,true,false
FULL_MX,284,1,1,false,false,true,false,7.62,6.38,0,0,false,false,-1,-1,-1,,true,false,false,GRAB_SAFE_SOLID,GRAB_ENTER,true,false
FULL_MX,285,0,0,false,false,false,false,7.62,6.38,0,0,false,false,-1,-1,-1,,true,false,false,GRAB_SAFE_SOLID,GRAB_HOLD,true,false
FULL_MX,286,1,1,false,false,true,false,7.631111,6.494444,0.666667,6.866666,false,false,-1,-1,-1,,false,false,false,AIR,GRAB_SPACE_EXIT,true,false
FULL_MX,287,1,1,false,false,true,false,7.634999,6.603333,0,6.533333,false,false,-1,-1,-1,,false,false,false,AIR,GRAB_EXIT,true,false
FULL_MX,288,1,1,false,false,true,false,7.635554,6.706667,0,6.199999,false,false,-1,-1,-1,,false,false,false,AIR,AIR_03,true,false
FULL_MX,289,1,1,false,false,true,false,7.636109,6.804445,0,5.866666,false,false,-1,-1,-1,,false,false,false,AIR,AIR_03,true,false
FULL_MX,290,1,1,false,false,true,false,7.636109,6.896667,0,5.533332,false,false,-1,-1,-1,,false,false,false,AIR,AIR_03,true,false
FULL_MX,291,1,1,false,false,true,false,7.636109,6.983334,0,5.199999,false,false,-1,-1,-1,,false,false,false,AIR,AIR_03,true,false
FULL_MX,292,1,1,false,false,true,false,7.636109,7.064445,0,4.866665,false,false,-1,-1,-1,,false,false,false,AIR,AIR_03,true,false
FULL_MX,293,1,1,false,false,true,false,7.636109,7.14,0,4.533332,false,false,-1,-1,-1,,false,false,false,AIR,AIR_03,true,false
FULL_MX,294,1,1,false,false,true,false,7.638535,7.21,0,4.199998,false,false,-1,-1,-1,,false,false,false,AIR,AIR_03,true,false
FULL_MX,295,1,1,false,false,true,false,7.649646,7.274445,0.666667,3.866665,false,false,-1,-1,-1,,false,false,false,AIR,AIR_03,true,false
FULL_MX,296,1,1,false,false,true,false,7.671868,7.333333,1.333333,3.533332,false,false,-1,-1,-1,,false,false,false,AIR,AIR_03,true,false
FULL_MX,297,1,1,false,false,true,false,7.705201,7.386667,2,3.199999,false,false,-1,-1,-1,,false,false,false,AIR,AIR_03,true,false
FULL_MX,298,1,1,false,false,true,false,7.749646,7.434444,2.666667,2.866665,false,false,-1,-1,-1,,false,false,false,AIR,AIR_03,true,false
FULL_MX,299,1,1,false,false,true,false,7.805201,7.476666,3.333333,2.533332,false,false,-1,-1,-1,,false,false,false,AIR,AIR_03,true,false
FULL_MX,300,1,1,false,false,true,false,7.871868,7.513333,4,2.199999,false,false,-1,-1,-1,,false,false,false,AIR,AIR_03,true,false
FULL_MX,301,1,1,false,false,true,false,7.949646,7.544445,4.666667,1.866665,false,false,-1,-1,-1,,false,false,false,AIR,AIR_03,true,false
FULL_MX,302,1,1,false,false,true,false,8.038534,7.57,5.333333,1.533332,false,false,-1,-1,-1,,false,false,false,AIR,AIR_03,true,false
FULL_MX,303,1,1,false,false,true,false,8.1302,7.59,5.5,1.199999,false,false,-1,-1,-1,,false,false,false,AIR,AIR_03,true,false
FULL_MX,304,1,1,false,false,true,false,8.221867,7.604445,5.5,0.866665,false,false,-1,-1,-1,,false,false,false,AIR,AIR_03,true,false
FULL_MX,305,1,1,false,false,true,false,8.313533,7.613333,5.5,0.533332,false,false,-1,-1,-1,,false,false,false,AIR,AIR_03,true,false
FULL_MX,306,1,1,false,false,true,false,8.405199,7.616666,5.5,0.199999,false,false,-1,-1,-1,,false,false,false,AIR,AIR_03,true,false
FULL_MX,307,-1,-1,false,false,true,false,8.485755,7.614444,4.833333,-0.133335,false,false,-1,-1,-1,,false,false,false,AIR,AIR_03,true,false
FULL_MX,308,-1,-1,false,false,true,false,8.5552,7.605,4.166667,-0.566668,false,false,-1,-1,-1,,false,false,false,AIR,AIR_03,true,false
FULL_MX,309,-1,-1,false,false,true,false,8.613533,7.588333,3.5,-1.000001,false,false,-1,-1,-1,,false,false,false,AIR,AIR_03,true,false
FULL_MX,310,-1,-1,false,false,true,false,8.660755,7.564444,2.833333,-1.433335,false,false,-1,-1,-1,,false,false,false,AIR,AIR_03,true,false
FULL_MX,311,-1,-1,false,false,true,false,8.696866,7.533333,2.166667,-1.866668,false,false,-1,-1,-1,,false,false,false,AIR,AIR_03,true,false
FULL_MX,312,-1,-1,false,false,true,false,8.721866,7.494999,1.5,-2.300002,false,false,-1,-1,-1,,false,false,false,AIR,AIR_03,true,false
FULL_MX,313,-1,-1,false,false,true,false,8.738532,7.455,1,0,true,false,-1,-1,-1,,false,false,false,SOLID,LINK_TARGET_03,true,false
FULL_MX,314,1,1,false,false,false,false,8.763532,7.455,1.5,0,true,true,10,0.901468,0.026667,WALKABLE_FRONTIER_AND_GRAB_EXIT_V2,false,false,false,SOLID,EDGE_RUNUP_04,true,false
FULL_MX,315,1,1,false,false,false,false,8.796865,7.455,2,0,true,true,10,0.876469,0.035,WALKABLE_FRONTIER_AND_GRAB_EXIT_V2,false,false,false,SOLID,EDGE_RUNUP_04,true,false
FULL_MX,316,1,1,false,false,false,false,8.838532,7.455,2.5,0,true,true,10,0.843135,0.043333,WALKABLE_FRONTIER_AND_GRAB_EXIT_V2,false,false,false,SOLID,EDGE_RUNUP_04,true,false
FULL_MX,317,1,1,false,false,false,false,8.888533,7.455,3,0,true,true,10,0.801468,0.051667,WALKABLE_FRONTIER_AND_GRAB_EXIT_V2,false,false,false,SOLID,EDGE_RUNUP_04,true,false
FULL_MX,318,1,1,false,false,false,false,8.946866,7.455,3.5,0,true,true,10,0.751468,0.06,WALKABLE_FRONTIER_AND_GRAB_EXIT_V2,false,false,false,SOLID,EDGE_RUNUP_04,true,false
FULL_MX,319,1,1,false,false,false,false,9.013533,7.455,4,0,true,true,10,0.693134,0.068333,WALKABLE_FRONTIER_AND_GRAB_EXIT_V2,false,false,false,TOP_ONLY,EDGE_RUNUP_04,true,false
FULL_MX,320,1,1,false,false,false,false,9.088532,7.455,4.5,0,true,true,10,0.626468,0.076667,WALKABLE_FRONTIER_AND_GRAB_EXIT_V2,false,false,false,TOP_ONLY,EDGE_RUNUP_04,true,false
FULL_MX,321,1,1,false,false,false,false,9.171865,7.455,5,0,true,true,10,0.551468,0.085,WALKABLE_FRONTIER_AND_GRAB_EXIT_V2,false,false,false,TOP_ONLY,EDGE_RUNUP_04,true,false
FULL_MX,322,1,1,false,false,false,false,9.263532,7.455,5.5,0,true,true,10,0.468135,0.093333,WALKABLE_FRONTIER_AND_GRAB_EXIT_V2,false,false,false,TOP_ONLY,EDGE_RUNUP_04,true,false
FULL_MX,323,1,1,false,false,false,false,9.355198,7.455,5.5,0,true,true,10,0.376469,0.101667,WALKABLE_FRONTIER_AND_GRAB_EXIT_V2,false,false,false,TOP_ONLY,EDGE_RUNUP_04,true,false
FULL_MX,324,1,1,false,false,false,false,9.446864,7.455,5.5,0,true,true,10,0.284802,0.101667,WALKABLE_FRONTIER_AND_GRAB_EXIT_V2,false,false,false,TOP_ONLY,EDGE_RUNUP_04,true,false
FULL_MX,325,1,1,false,false,false,false,9.53853,7.455,5.5,0,true,true,10,0.193136,0.101667,WALKABLE_FRONTIER_AND_GRAB_EXIT_V2,false,false,false,TOP_ONLY,EDGE_RUNUP_04,true,false
FULL_MX,326,1,1,false,false,true,false,9.630197,7.569445,5.5,6.866666,false,true,10,0.10147,0.101667,WALKABLE_FRONTIER_AND_GRAB_EXIT_V2,false,false,false,AIR,JUMP_04,true,false
FULL_MX,327,1,1,false,false,true,false,9.721863,7.678334,5.5,6.533333,false,false,-1,-1,-1,,false,false,false,AIR,AIR_04,true,false
FULL_MX,328,1,1,false,false,true,false,9.813529,7.781667,5.5,6.199999,false,false,-1,-1,-1,,false,false,false,AIR,AIR_04,true,false
FULL_MX,329,1,1,false,false,true,false,9.905195,7.879445,5.5,5.866666,false,false,-1,-1,-1,,false,false,false,AIR,AIR_04,true,false
FULL_MX,330,1,1,false,false,true,false,9.996861,7.971667,5.5,5.533332,false,false,-1,-1,-1,,false,false,false,AIR,AIR_04,true,false
FULL_MX,331,1,1,false,false,true,false,10.08853,8.058334,5.5,5.199999,false,false,-1,-1,-1,,false,false,false,AIR,AIR_04,true,false
FULL_MX,332,1,1,false,false,true,false,10.18019,8.139445,5.5,4.866665,false,false,-1,-1,-1,,false,false,false,AIR,AIR_04,true,false
FULL_MX,333,1,1,false,false,true,false,10.27186,8.215001,5.5,4.533332,false,false,-1,-1,-1,,false,false,false,AIR,AIR_04,true,false
FULL_MX,334,1,1,false,false,true,false,10.36353,8.285001,5.5,4.199998,false,false,-1,-1,-1,,false,false,false,AIR,AIR_04,true,false
FULL_MX,335,1,1,false,false,true,false,10.45519,8.349445,5.5,3.866665,false,false,-1,-1,-1,,false,false,false,AIR,AIR_04,true,false
FULL_MX,336,1,1,false,false,true,false,10.54686,8.408334,5.5,3.533332,false,false,-1,-1,-1,,false,false,false,AIR,AIR_04,true,false
FULL_MX,337,1,1,false,false,true,false,10.63853,8.461667,5.5,3.199999,false,false,-1,-1,-1,,false,false,false,AIR,AIR_04,true,false
FULL_MX,338,1,1,false,false,true,false,10.73019,8.509445,5.5,2.866665,false,false,-1,-1,-1,,false,false,false,AIR,AIR_04,true,false
FULL_MX,339,1,1,false,false,true,false,10.82186,8.551667,5.5,2.533332,false,false,-1,-1,-1,,false,false,false,AIR,AIR_04,true,false
FULL_MX,340,1,1,false,false,true,false,10.91352,8.588334,5.5,2.199999,false,false,-1,-1,-1,,false,false,false,AIR,AIR_04,true,false
FULL_MX,341,1,1,false,false,true,false,11.00519,8.619445,5.5,1.866665,false,false,-1,-1,-1,,false,false,false,AIR,AIR_04,true,false
FULL_MX,342,1,1,false,false,true,false,11.09686,8.645,5.5,1.533332,false,false,-1,-1,-1,,false,false,false,AIR,AIR_04,true,false
FULL_MX,343,1,1,false,false,true,false,11.18852,8.665,5.5,1.199999,false,false,-1,-1,-1,,false,false,false,AIR,AIR_04,true,false
FULL_MX,344,1,1,false,false,true,false,11.28019,8.679444,5.5,0.866665,false,false,-1,-1,-1,,false,false,false,AIR,AIR_04,true,false
FULL_MX,345,1,1,false,false,true,false,11.37185,8.688334,5.5,0.533332,false,false,-1,-1,-1,,false,false,false,AIR,AIR_04,true,false
FULL_MX,346,1,1,false,false,true,false,11.46352,8.691667,5.5,0.199999,false,false,-1,-1,-1,,false,false,false,AIR,AIR_04,true,false
FULL_MX,347,1,1,false,false,true,false,11.55519,8.689445,5.5,-0.133335,false,false,-1,-1,-1,,false,false,false,AIR,AIR_04,true,false
FULL_MX,348,1,1,false,false,true,false,11.64685,8.68,5.5,-0.566668,false,false,-1,-1,-1,,false,false,false,AIR,AIR_04,true,false
FULL_MX,349,1,1,false,false,true,false,11.73852,8.663334,5.5,-1.000001,false,false,-1,-1,-1,,false,false,false,AIR,AIR_04,true,false
FULL_MX,350,1,1,false,false,true,false,11.83019,8.639445,5.5,-1.433335,false,false,-1,-1,-1,,false,false,false,AIR,AIR_04,true,false
FULL_MX,351,1,1,false,false,true,false,11.92185,8.608335,5.5,-1.866668,false,false,-1,-1,-1,,false,false,false,AIR,AIR_04,true,false
FULL_MX,352,1,1,false,false,true,false,12.01352,8.570002,5.5,-2.300002,false,false,-1,-1,-1,,false,false,false,AIR,AIR_04,true,false
FULL_MX,353,1,1,false,false,true,false,12.10518,8.524446,5.5,-2.733335,false,false,-1,-1,-1,,false,false,false,AIR,AIR_04,true,false
FULL_MX,354,1,1,false,false,true,false,12.19685,8.471668,5.5,-3.166668,false,false,-1,-1,-1,,false,false,false,AIR,AIR_04,true,false
FULL_MX,355,1,1,false,false,true,false,12.28852,8.411668,5.5,-3.600002,false,false,-1,-1,-1,,false,false,false,AIR,AIR_04,true,false
FULL_MX,356,1,1,false,false,true,false,12.38018,8.344445,5.5,-4.033335,false,false,-1,-1,-1,,false,false,false,AIR,AIR_04,true,false
FULL_MX,357,-1,-1,false,false,true,false,12.46074,8.27,4.833333,-4.466669,false,false,-1,-1,-1,,false,false,false,AIR,AIR_04,true,false
FULL_MX,358,-1,-1,false,false,true,false,12.53018,8.188334,4.166667,-4.900002,false,false,-1,-1,-1,,false,false,false,AIR,AIR_04,true,false
FULL_MX,359,-1,-1,false,false,true,false,12.58852,8.099444,3.5,-5.333335,false,false,-1,-1,-1,,false,false,false,AIR,AIR_04,true,false
FULL_MX,360,-1,-1,false,false,true,false,12.63574,8.003333,2.833333,-5.766669,false,false,-1,-1,-1,,false,false,false,AIR,AIR_04,true,false
FULL_MX,361,-1,-1,false,false,true,false,12.67185,7.9,2.166667,-6.200002,false,false,-1,-1,-1,,false,false,false,AIR,AIR_04,true,false
FULL_MX,362,-1,-1,false,false,true,false,12.69685,7.789444,1.5,-6.633336,false,false,-1,-1,-1,,false,false,false,AIR,AIR_04,true,false
FULL_MX,363,-1,-1,false,false,true,false,12.71074,7.671666,0.833333,-7.066669,false,false,-1,-1,-1,,false,false,false,AIR,AIR_04,true,false
FULL_MX,364,-1,-1,false,false,true,false,12.71352,7.546666,0.166667,-7.500002,false,false,-1,-1,-1,,false,false,false,AIR,AIR_04,true,false
FULL_MX,365,-1,-1,false,false,true,false,12.70518,7.455,-0.5,0,false,false,-1,-1,-1,,false,false,false,AIR,AIR_04,true,false
FULL_MX,366,-1,-1,false,false,true,false,12.68852,7.455,-1,0,true,false,-1,-1,-1,,false,false,false,TOP_ONLY,LINK_TARGET_04,true,false
FULL_MX,367,1,1,false,false,false,false,12.68018,7.455,-0.5,0,true,true,15,1.951483,0.026667,WALKABLE_FRONTIER_AND_GRAB_EXIT_V2,false,false,false,TOP_ONLY,EDGE_RUNUP_05,true,false
FULL_MX,368,1,1,false,false,false,false,12.68018,7.455,0,0,true,true,15,1.959816,0.018333,WALKABLE_FRONTIER_AND_GRAB_EXIT_V2,false,false,false,TOP_ONLY,EDGE_RUNUP_05,true,false
FULL_MX,369,1,1,false,false,false,false,12.68852,7.455,0.5,0,true,true,15,1.959816,0.01,WALKABLE_FRONTIER_AND_GRAB_EXIT_V2,false,false,false,TOP_ONLY,EDGE_RUNUP_05,true,false
FULL_MX,370,1,1,false,false,false,false,12.70518,7.455,1,0,true,true,15,1.951483,0.018333,WALKABLE_FRONTIER_AND_GRAB_EXIT_V2,false,false,false,TOP_ONLY,EDGE_RUNUP_05,true,false
FULL_MX,371,1,1,false,false,false,false,12.73018,7.455,1.5,0,true,true,15,1.934816,0.026667,WALKABLE_FRONTIER_AND_GRAB_EXIT_V2,false,false,false,TOP_ONLY,EDGE_RUNUP_05,true,false
FULL_MX,372,1,1,false,false,false,false,12.76352,7.455,2,0,true,true,15,1.909817,0.035,WALKABLE_FRONTIER_AND_GRAB_EXIT_V2,false,false,false,TOP_ONLY,EDGE_RUNUP_05,true,false
FULL_MX,373,1,1,false,false,false,false,12.80518,7.455,2.5,0,true,true,15,1.876483,0.043333,WALKABLE_FRONTIER_AND_GRAB_EXIT_V2,false,false,false,TOP_ONLY,EDGE_RUNUP_05,true,false
FULL_MX,374,1,1,false,false,false,false,12.85518,7.455,3,0,true,true,15,1.834816,0.051667,WALKABLE_FRONTIER_AND_GRAB_EXIT_V2,false,false,false,TOP_ONLY,EDGE_RUNUP_05,true,false
FULL_MX,375,1,1,false,false,false,false,12.91352,7.455,3.5,0,true,true,15,1.784816,0.06,WALKABLE_FRONTIER_AND_GRAB_EXIT_V2,false,false,false,TOP_ONLY,EDGE_RUNUP_05,true,false
FULL_MX,376,1,1,false,false,false,false,12.98018,7.455,4,0,true,true,15,1.726482,0.068333,WALKABLE_FRONTIER_AND_GRAB_EXIT_V2,false,false,false,TOP_ONLY,EDGE_RUNUP_05,true,false
FULL_MX,377,1,1,false,false,false,false,13.05518,7.455,4.5,0,true,true,15,1.659816,0.076667,WALKABLE_FRONTIER_AND_GRAB_EXIT_V2,false,false,false,TOP_ONLY,EDGE_RUNUP_05,true,false
FULL_MX,378,1,1,false,false,false,false,13.13852,7.455,5,0,true,true,15,1.584816,0.085,WALKABLE_FRONTIER_AND_GRAB_EXIT_V2,false,false,false,TOP_ONLY,EDGE_RUNUP_05,true,false
FULL_MX,379,1,1,false,false,false,false,13.23018,7.455,5.5,0,true,true,15,1.501483,0.093333,WALKABLE_FRONTIER_AND_GRAB_EXIT_V2,false,false,false,TOP_ONLY,EDGE_RUNUP_05,true,false
FULL_MX,380,1,1,false,false,false,false,13.32185,7.455,5.5,0,true,true,15,1.409817,0.101667,WALKABLE_FRONTIER_AND_GRAB_EXIT_V2,false,false,false,TOP_ONLY,EDGE_RUNUP_05,true,false
FULL_MX,381,1,1,false,false,false,false,13.41352,7.455,5.5,0,true,true,15,1.318151,0.101667,WALKABLE_FRONTIER_AND_GRAB_EXIT_V2,false,false,false,TOP_ONLY,EDGE_RUNUP_05,true,false
FULL_MX,382,1,1,false,false,false,false,13.50518,7.455,5.5,0,true,true,15,1.226484,0.101667,WALKABLE_FRONTIER_AND_GRAB_EXIT_V2,false,false,false,TOP_ONLY,EDGE_RUNUP_05,true,false
FULL_MX,383,1,1,false,false,false,false,13.59685,7.455,5.5,0,true,true,15,1.134818,0.101667,WALKABLE_FRONTIER_AND_GRAB_EXIT_V2,false,false,false,TOP_ONLY,EDGE_RUNUP_05,true,false
FULL_MX,384,1,1,false,false,false,false,13.68851,7.455,5.5,0,true,true,15,1.043152,0.101667,WALKABLE_FRONTIER_AND_GRAB_EXIT_V2,false,false,false,TOP_ONLY,EDGE_RUNUP_05,true,false
FULL_MX,385,1,1,false,false,false,false,13.78018,7.455,5.5,0,true,true,15,0.951486,0.101667,WALKABLE_FRONTIER_AND_GRAB_EXIT_V2,false,false,false,TOP_ONLY,EDGE_RUNUP_05,true,false
FULL_MX,386,1,1,false,false,false,false,13.87185,7.455,5.5,0,true,true,15,0.859819,0.101667,WALKABLE_FRONTIER_AND_GRAB_EXIT_V2,false,false,false,TOP_ONLY,EDGE_RUNUP_05,true,false
FULL_MX,387,1,1,false,false,false,false,13.96351,7.455,5.5,0,true,true,15,0.768153,0.101667,WALKABLE_FRONTIER_AND_GRAB_EXIT_V2,false,false,false,TOP_ONLY,EDGE_RUNUP_05,true,false
FULL_MX,388,1,1,false,false,false,false,14.05518,7.455,5.5,0,true,true,15,0.676487,0.101667,WALKABLE_FRONTIER_AND_GRAB_EXIT_V2,false,false,false,TOP_ONLY,EDGE_RUNUP_05,true,false
FULL_MX,389,1,1,false,false,false,false,14.14685,7.455,5.5,0,true,true,15,0.584821,0.101667,WALKABLE_FRONTIER_AND_GRAB_EXIT_V2,false,false,false,TOP_ONLY,EDGE_RUNUP_05,true,false
FULL_MX,390,1,1,false,false,false,false,14.23851,7.455,5.5,0,true,true,15,0.493155,0.101667,WALKABLE_FRONTIER_AND_GRAB_EXIT_V2,false,false,false,TOP_ONLY,EDGE_RUNUP_05,true,false
FULL_MX,391,1,1,false,false,false,false,14.33018,7.455,5.5,0,true,true,15,0.401488,0.101667,WALKABLE_FRONTIER_AND_GRAB_EXIT_V2,false,false,false,TOP_ONLY,EDGE_RUNUP_05,true,false
FULL_MX,392,1,1,false,false,false,false,14.42184,7.455,5.5,0,true,true,15,0.309822,0.101667,WALKABLE_FRONTIER_AND_GRAB_EXIT_V2,false,false,false,TOP_ONLY,EDGE_RUNUP_05,true,false
FULL_MX,393,1,1,false,false,false,false,14.51351,7.455,5.5,0,true,true,15,0.218156,0.101667,WALKABLE_FRONTIER_AND_GRAB_EXIT_V2,false,false,false,TOP_ONLY,EDGE_RUNUP_05,true,false
FULL_MX,394,1,1,false,false,false,false,14.60518,7.455,5.5,0,true,true,15,0.12649,0.101667,WALKABLE_FRONTIER_AND_GRAB_EXIT_V2,false,false,false,TOP_ONLY,EDGE_RUNUP_05,true,false
FULL_MX,395,1,1,false,false,true,false,14.69684,7.569444,5.5,6.866666,false,true,15,0.034823,0.101667,WALKABLE_FRONTIER_AND_GRAB_EXIT_V2,false,false,false,AIR,JUMP_05,true,false
FULL_MX,396,1,1,false,false,true,false,14.78851,7.678333,5.5,6.533333,false,false,-1,-1,-1,,false,false,false,AIR,AIR_05,true,false
FULL_MX,397,1,1,false,false,true,false,14.88018,7.781667,5.5,6.199999,false,false,-1,-1,-1,,false,false,false,AIR,AIR_05,true,false
FULL_MX,398,1,1,false,false,true,false,14.97184,7.879445,5.5,5.866666,false,false,-1,-1,-1,,false,false,false,AIR,AIR_05,true,false
FULL_MX,399,1,1,false,false,true,false,15.06351,7.971667,5.5,5.533332,false,false,-1,-1,-1,,false,false,false,AIR,AIR_05,true,false
FULL_MX,400,1,1,false,false,true,false,15.15517,8.058333,5.5,5.199999,false,false,-1,-1,-1,,false,false,false,AIR,AIR_05,true,false
FULL_MX,401,1,1,false,false,true,false,15.24684,8.139444,5.5,4.866665,false,false,-1,-1,-1,,false,false,false,AIR,AIR_05,true,false
FULL_MX,402,1,1,false,false,true,false,15.33851,8.215,5.5,4.533332,false,false,-1,-1,-1,,false,false,false,AIR,AIR_05,true,false
FULL_MX,403,1,1,false,false,true,false,15.43017,8.285,5.5,4.199998,false,false,-1,-1,-1,,false,false,false,AIR,AIR_05,true,false
FULL_MX,404,1,1,false,false,true,false,15.52184,8.349444,5.5,3.866665,false,false,-1,-1,-1,,false,false,false,AIR,AIR_05,true,false
FULL_MX,405,1,1,false,false,true,false,15.61351,8.408333,5.5,3.533332,false,false,-1,-1,-1,,false,false,false,AIR,AIR_05,true,false
FULL_MX,406,1,1,false,false,true,false,15.70517,8.461666,5.5,3.199999,false,false,-1,-1,-1,,false,false,false,AIR,AIR_05,true,false
FULL_MX,407,1,1,false,false,true,false,15.79684,8.509444,5.5,2.866665,false,false,-1,-1,-1,,false,false,false,AIR,AIR_05,true,false
FULL_MX,408,1,1,false,false,true,false,15.8885,8.551666,5.5,2.533332,false,false,-1,-1,-1,,false,false,false,AIR,AIR_05,true,false
FULL_MX,409,1,1,false,false,true,false,15.98017,8.588333,5.5,2.199999,false,false,-1,-1,-1,,false,false,false,AIR,AIR_05,true,false
FULL_MX,410,1,1,false,false,true,false,16.07184,8.619444,5.5,1.866665,false,false,-1,-1,-1,,false,false,false,AIR,AIR_05,true,false
FULL_MX,411,1,1,false,false,true,false,16.1635,8.645,5.5,1.533332,false,false,-1,-1,-1,,false,false,false,AIR,AIR_05,true,false
FULL_MX,412,1,1,false,false,true,false,16.25517,8.664999,5.5,1.199999,false,false,-1,-1,-1,,false,false,false,AIR,AIR_05,true,false
FULL_MX,413,1,1,false,false,true,false,16.34684,8.679443,5.5,0.866665,false,false,-1,-1,-1,,false,false,false,AIR,AIR_05,true,false
FULL_MX,414,1,1,false,false,true,false,16.43851,8.688333,5.5,0.533332,false,false,-1,-1,-1,,false,false,false,AIR,AIR_05,true,false
FULL_MX,415,1,1,false,false,true,false,16.53017,8.691666,5.5,0.199999,false,false,-1,-1,-1,,false,false,false,AIR,AIR_05,true,false
FULL_MX,416,1,1,false,false,true,false,16.62184,8.689444,5.5,-0.133335,false,false,-1,-1,-1,,false,false,false,AIR,AIR_05,true,false
FULL_MX,417,1,1,false,false,true,false,16.71351,8.679999,5.5,-0.566668,false,false,-1,-1,-1,,false,false,false,AIR,AIR_05,true,false
FULL_MX,418,1,1,false,false,true,false,16.80517,8.663333,5.5,-1.000001,false,false,-1,-1,-1,,false,false,false,AIR,AIR_05,true,false
FULL_MX,419,1,1,false,false,true,false,16.89684,8.639444,5.5,-1.433335,false,false,-1,-1,-1,,false,false,false,AIR,AIR_05,true,false
FULL_MX,420,1,1,false,false,true,false,16.98851,8.608334,5.5,-1.866668,false,false,-1,-1,-1,,false,false,false,AIR,AIR_05,true,false
FULL_MX,421,1,1,false,false,true,false,17.08018,8.570001,5.5,-2.300002,false,false,-1,-1,-1,,false,false,false,AIR,AIR_05,true,false
FULL_MX,422,1,1,false,false,true,false,17.17184,8.524446,5.5,-2.733335,false,false,-1,-1,-1,,false,false,false,AIR,AIR_05,true,false
FULL_MX,423,1,1,false,false,true,false,17.26351,8.454446,5.5,0,true,false,-1,-1,-1,,false,false,false,SOLID,LINK_TARGET_05,true,false
FULL_MX,424,1,1,false,false,false,false,17.35518,8.454446,5.5,0,true,true,20,2.37649,0.101667,WALKABLE_FRONTIER_AND_GRAB_EXIT_V2,false,false,false,SOLID,EDGE_RUNUP_06,true,false
FULL_MX,425,1,1,false,false,false,false,17.44684,8.454446,5.5,0,true,true,20,2.284822,0.101667,WALKABLE_FRONTIER_AND_GRAB_EXIT_V2,false,false,false,SOLID,EDGE_RUNUP_06,true,false
FULL_MX,426,1,1,false,false,false,false,17.53851,8.454446,5.5,0,true,true,20,2.193155,0.101667,WALKABLE_FRONTIER_AND_GRAB_EXIT_V2,false,false,false,SOLID,EDGE_RUNUP_06,true,false
FULL_MX,427,1,1,false,false,false,false,17.63018,8.454446,5.5,0,true,true,20,2.101488,0.101667,WALKABLE_FRONTIER_AND_GRAB_EXIT_V2,false,false,false,SOLID,EDGE_RUNUP_06,true,false
FULL_MX,428,1,1,false,false,false,false,17.72185,8.454446,5.5,0,true,true,20,2.009821,0.101667,WALKABLE_FRONTIER_AND_GRAB_EXIT_V2,false,false,false,SOLID,EDGE_RUNUP_06,true,false
FULL_MX,429,1,1,false,false,false,false,17.81351,8.454446,5.5,0,true,true,20,1.918154,0.101667,WALKABLE_FRONTIER_AND_GRAB_EXIT_V2,false,false,false,SOLID,EDGE_RUNUP_06,true,false
FULL_MX,430,1,1,false,false,false,false,17.90518,8.454446,5.5,0,true,true,20,1.826487,0.101667,WALKABLE_FRONTIER_AND_GRAB_EXIT_V2,false,false,false,SOLID,EDGE_RUNUP_06,true,false
FULL_MX,431,1,1,false,false,false,false,17.99685,8.454446,5.5,0,true,true,20,1.734819,0.101667,WALKABLE_FRONTIER_AND_GRAB_EXIT_V2,false,false,false,SOLID,EDGE_RUNUP_06,true,false
FULL_MX,432,1,1,false,false,false,false,18.08851,8.454446,5.5,0,true,true,20,1.643152,0.101667,WALKABLE_FRONTIER_AND_GRAB_EXIT_V2,false,false,false,SOLID,EDGE_RUNUP_06,true,false
FULL_MX,433,1,1,false,false,false,false,18.18018,8.454446,5.5,0,true,true,20,1.551485,0.101667,WALKABLE_FRONTIER_AND_GRAB_EXIT_V2,false,false,false,SOLID,EDGE_RUNUP_06,true,false
FULL_MX,434,1,1,false,false,false,false,18.27185,8.454446,5.5,0,true,true,20,1.459818,0.101667,WALKABLE_FRONTIER_AND_GRAB_EXIT_V2,false,false,false,SOLID,EDGE_RUNUP_06,true,false
FULL_MX,435,1,1,false,false,false,false,18.36352,8.454446,5.5,0,true,true,20,1.368151,0.101667,WALKABLE_FRONTIER_AND_GRAB_EXIT_V2,false,false,false,SOLID,EDGE_RUNUP_06,true,false
FULL_MX,436,1,1,false,false,false,false,18.45518,8.454446,5.5,0,true,true,20,1.276484,0.101667,WALKABLE_FRONTIER_AND_GRAB_EXIT_V2,false,false,false,SOLID,EDGE_RUNUP_06,true,false
FULL_MX,437,1,1,false,false,false,false,18.54685,8.454446,5.5,0,true,true,20,1.184816,0.101667,WALKABLE_FRONTIER_AND_GRAB_EXIT_V2,false,false,false,SOLID,EDGE_RUNUP_06,true,false
FULL_MX,438,1,1,false,false,false,false,18.63852,8.454446,5.5,0,true,true,20,1.093149,0.101667,WALKABLE_FRONTIER_AND_GRAB_EXIT_V2,false,false,false,SOLID,EDGE_RUNUP_06,true,false
FULL_MX,439,1,1,false,false,false,false,18.73018,8.454446,5.5,0,true,true,20,1.001482,0.101667,WALKABLE_FRONTIER_AND_GRAB_EXIT_V2,false,false,false,SOLID,EDGE_RUNUP_06,true,false
FULL_MX,440,1,1,false,false,false,false,18.82185,8.454446,5.5,0,true,true,20,0.909815,0.101667,WALKABLE_FRONTIER_AND_GRAB_EXIT_V2,false,false,false,SOLID,EDGE_RUNUP_06,true,false
FULL_MX,441,1,1,false,false,false,false,18.91352,8.454446,5.5,0,true,true,20,0.818148,0.101667,WALKABLE_FRONTIER_AND_GRAB_EXIT_V2,false,false,false,SOLID,EDGE_RUNUP_06,true,false
FULL_MX,442,1,1,false,false,false,false,19.00519,8.454446,5.5,0,true,true,20,0.726481,0.101667,WALKABLE_FRONTIER_AND_GRAB_EXIT_V2,false,false,false,SOLID,EDGE_RUNUP_06,true,false
FULL_MX,443,1,1,false,false,false,false,19.09685,8.454446,5.5,0,true,true,20,0.634813,0.101667,WALKABLE_FRONTIER_AND_GRAB_EXIT_V2,false,false,false,SOLID,EDGE_RUNUP_06,true,false
FULL_MX,444,1,1,false,false,false,false,19.18852,8.454446,5.5,0,true,true,20,0.543146,0.101667,WALKABLE_FRONTIER_AND_GRAB_EXIT_V2,false,false,false,SOLID,EDGE_RUNUP_06,true,false
FULL_MX,445,1,1,false,false,false,false,19.28019,8.454446,5.5,0,true,true,20,0.451479,0.101667,WALKABLE_FRONTIER_AND_GRAB_EXIT_V2,false,false,false,SOLID,EDGE_RUNUP_06,true,false
FULL_MX,446,1,1,false,false,false,false,19.37185,8.454446,5.5,0,true,true,20,0.359812,0.101667,WALKABLE_FRONTIER_AND_GRAB_EXIT_V2,false,false,false,SOLID,EDGE_RUNUP_06,true,false
FULL_MX,447,1,1,false,false,false,false,19.46352,8.454446,5.5,0,true,true,20,0.268145,0.101667,WALKABLE_FRONTIER_AND_GRAB_EXIT_V2,false,false,false,SOLID,EDGE_RUNUP_06,true,false
FULL_MX,448,1,1,false,false,false,false,19.55519,8.454446,5.5,0,true,true,20,0.176477,0.101667,WALKABLE_FRONTIER_AND_GRAB_EXIT_V2,false,false,false,SOLID,EDGE_RUNUP_06,true,false
FULL_MX,449,1,1,false,false,true,false,19.64686,8.568891,5.5,6.866666,false,true,20,0.08481,0.101667,WALKABLE_FRONTIER_AND_GRAB_EXIT_V2,false,false,false,AIR,JUMP_06,true,false
FULL_MX,450,1,1,false,false,true,false,19.73852,8.677779,5.5,6.533333,false,false,-1,-1,-1,,false,false,false,AIR,AIR_06,true,false
FULL_MX,451,1,1,false,false,true,false,19.83019,8.781113,5.5,6.199999,false,false,-1,-1,-1,,false,false,false,AIR,AIR_06,true,false
FULL_MX,452,1,1,false,false,true,false,19.92186,8.87889,5.5,5.866666,false,false,-1,-1,-1,,false,false,false,AIR,AIR_06,true,false
FULL_MX,453,1,1,false,false,true,false,20.01353,8.971112,5.5,5.533332,false,false,-1,-1,-1,,false,false,false,AIR,AIR_06,true,false
FULL_MX,454,1,1,false,false,true,false,20.10519,9.057779,5.5,5.199999,false,false,-1,-1,-1,,false,false,false,AIR,AIR_06,true,false
FULL_MX,455,1,1,false,false,true,false,20.19686,9.13889,5.5,4.866665,false,false,-1,-1,-1,,false,false,false,AIR,AIR_06,true,false
FULL_MX,456,1,1,false,false,true,false,20.28853,9.214446,5.5,4.533332,false,false,-1,-1,-1,,false,false,false,AIR,AIR_06,true,false
FULL_MX,457,1,1,false,false,true,false,20.38019,9.284446,5.5,4.199998,false,false,-1,-1,-1,,false,false,false,AIR,AIR_06,true,false
FULL_MX,458,1,1,false,false,true,false,20.47186,9.34889,5.5,3.866665,false,false,-1,-1,-1,,false,false,false,AIR,AIR_06,true,false
FULL_MX,459,1,1,false,false,true,false,20.56353,9.407779,5.5,3.533332,false,false,-1,-1,-1,,false,false,false,AIR,AIR_06,true,false
FULL_MX,460,1,1,false,false,true,false,20.6552,9.461112,5.5,3.199999,false,false,-1,-1,-1,,false,false,false,AIR,AIR_06,true,false
FULL_MX,461,1,1,false,false,true,false,20.74686,9.50889,5.5,2.866665,false,false,-1,-1,-1,,false,false,false,AIR,AIR_06,true,false
FULL_MX,462,1,1,false,false,true,false,20.83853,9.551112,5.5,2.533332,false,false,-1,-1,-1,,false,false,false,AIR,AIR_06,true,false
FULL_MX,463,1,1,false,false,true,false,20.9302,9.587779,5.5,2.199999,false,false,-1,-1,-1,,false,false,false,AIR,AIR_06,true,false
FULL_MX,464,1,1,false,false,true,false,21.02186,9.61889,5.5,1.866665,false,false,-1,-1,-1,,false,false,false,AIR,AIR_06,true,false
FULL_MX,465,1,1,false,false,true,false,21.11353,9.644445,5.5,1.533332,false,false,-1,-1,-1,,false,false,false,AIR,AIR_06,true,false
FULL_MX,466,1,1,false,false,true,false,21.2052,9.664445,5.5,1.199999,false,false,-1,-1,-1,,false,false,false,AIR,AIR_06,true,false
FULL_MX,467,1,1,false,false,true,false,21.29687,9.678889,5.5,0.866665,false,false,-1,-1,-1,,false,false,false,AIR,AIR_06,true,false
FULL_MX,468,1,1,false,false,true,false,21.38853,9.687778,5.5,0.533332,false,false,-1,-1,-1,,false,false,false,AIR,AIR_06,true,false
FULL_MX,469,1,1,false,false,true,false,21.4802,9.691112,5.5,0.199999,false,false,-1,-1,-1,,false,false,false,AIR,AIR_06,true,false
FULL_MX,470,1,1,false,false,true,false,21.57187,9.68889,5.5,-0.133335,false,false,-1,-1,-1,,false,false,false,AIR,AIR_06,true,false
FULL_MX,471,1,1,false,false,true,false,21.66353,9.679445,5.5,-0.566668,false,false,-1,-1,-1,,false,false,false,AIR,AIR_06,true,false
FULL_MX,472,1,1,false,false,true,false,21.7552,9.662779,5.5,-1.000001,false,false,-1,-1,-1,,false,false,false,AIR,AIR_06,true,false
FULL_MX,473,1,1,false,false,true,false,21.84687,9.63889,5.5,-1.433335,false,false,-1,-1,-1,,false,false,false,AIR,AIR_06,true,false
FULL_MX,474,1,1,false,false,true,false,21.93854,9.60778,5.5,-1.866668,false,false,-1,-1,-1,,false,false,false,AIR,AIR_06,true,false
FULL_MX,475,1,1,false,false,true,false,22.0302,9.569447,5.5,-2.300002,false,false,-1,-1,-1,,false,false,false,AIR,AIR_06,true,false
FULL_MX,476,1,1,false,false,true,false,22.12187,9.523891,5.5,-2.733335,false,false,-1,-1,-1,,false,false,false,AIR,AIR_06,true,false
FULL_MX,477,1,1,false,false,true,false,22.21354,9.453892,5.5,0,true,false,-1,-1,-1,,false,false,false,TOP_ONLY,LINK_TARGET_06,true,false
FULL_MX,478,-1,-1,false,false,false,false,22.29687,9.453892,5,0,true,true,22,0.146463,0.101667,WALKABLE_FRONTIER_AND_GRAB_EXIT_V2,false,false,false,TOP_ONLY,EDGE_RUNUP_07,true,false
FULL_MX,479,-1,-1,false,false,true,false,22.36909,9.568336,4.333333,6.866666,false,true,22,0.063129,0.093333,WALKABLE_FRONTIER_AND_GRAB_EXIT_V2,false,false,false,AIR,JUMP_07,true,false
FULL_MX,480,-1,-1,false,false,true,false,22.4302,9.677225,3.666667,6.533333,false,false,-1,-1,-1,,false,false,false,AIR,AIR_07,true,false
FULL_MX,481,-1,-1,false,false,true,false,22.4802,9.780559,3,6.199999,false,false,-1,-1,-1,,false,false,false,AIR,AIR_07,true,false
FULL_MX,482,-1,-1,false,false,true,false,22.51909,9.878336,2.333333,5.866666,false,false,-1,-1,-1,,false,false,false,AIR,AIR_07,true,false
FULL_MX,483,-1,-1,false,false,true,false,22.54687,9.970558,1.666667,5.533332,false,false,-1,-1,-1,,false,false,false,AIR,AIR_07,true,false
FULL_MX,484,-1,-1,false,false,true,false,22.56354,10.05723,1,5.199999,false,false,-1,-1,-1,,false,false,false,AIR,AIR_07,true,false
FULL_MX,485,-1,-1,false,false,true,false,22.56909,10.13834,0.333333,4.866665,false,false,-1,-1,-1,,false,false,false,AIR,AIR_07,true,false
FULL_MX,486,-1,-1,false,false,true,false,22.56354,10.21389,-0.333334,4.533332,false,false,-1,-1,-1,,false,false,false,AIR,AIR_07,true,false
FULL_MX,487,-1,-1,false,false,true,false,22.54687,10.28389,-1,4.199998,false,false,-1,-1,-1,,false,false,false,AIR,AIR_07,true,false
FULL_MX,488,-1,-1,false,false,true,false,22.51909,10.34834,-1.666667,3.866665,false,false,-1,-1,-1,,false,false,false,AIR,AIR_07,true,false
FULL_MX,489,-1,-1,false,false,true,false,22.4802,10.40722,-2.333334,3.533332,false,false,-1,-1,-1,,false,false,false,AIR,AIR_07,true,false
FULL_MX,490,-1,-1,false,false,true,false,22.4302,10.46056,-3,3.199999,false,false,-1,-1,-1,,false,false,false,AIR,AIR_07,true,false
FULL_MX,491,-1,-1,false,false,true,false,22.36909,10.50834,-3.666667,2.866665,false,false,-1,-1,-1,,false,false,false,AIR,AIR_07,true,false
FULL_MX,492,-1,-1,false,false,true,false,22.29687,10.55056,-4.333334,2.533332,false,false,-1,-1,-1,,false,false,false,AIR,AIR_07,true,false
FULL_MX,493,-1,-1,false,false,true,false,22.21354,10.58722,-5,2.199999,false,false,-1,-1,-1,,false,false,false,AIR,AIR_07,true,false
FULL_MX,494,-1,-1,false,false,true,false,22.12187,10.61834,-5.5,1.866665,false,false,-1,-1,-1,,false,false,false,AIR,AIR_07,true,false
FULL_MX,495,-1,-1,false,false,true,false,22.0302,10.64389,-5.5,1.533332,false,false,-1,-1,-1,,false,false,false,AIR,AIR_07,true,false
FULL_MX,496,-1,-1,false,false,true,false,21.93854,10.66389,-5.5,1.199999,false,false,-1,-1,-1,,false,false,false,AIR,AIR_07,true,false
FULL_MX,497,-1,-1,false,false,true,false,21.84687,10.67834,-5.5,0.866665,false,false,-1,-1,-1,,false,false,false,AIR,AIR_07,true,false
FULL_MX,498,-1,-1,false,false,true,false,21.7552,10.68722,-5.5,0.533332,false,false,-1,-1,-1,,false,false,false,AIR,AIR_07,true,false
FULL_MX,499,-1,-1,false,false,true,false,21.66353,10.69056,-5.5,0.199999,false,false,-1,-1,-1,,false,false,false,AIR,AIR_07,true,false
FULL_MX,500,-1,-1,false,false,true,false,21.57187,10.68834,-5.5,-0.133335,false,false,-1,-1,-1,,false,false,false,AIR,AIR_07,true,false
FULL_MX,501,-1,-1,false,false,true,false,21.4802,10.67889,-5.5,-0.566668,false,false,-1,-1,-1,,false,false,false,AIR,AIR_07,true,false
FULL_MX,502,-1,-1,false,false,true,false,21.38853,10.66222,-5.5,-1.000001,false,false,-1,-1,-1,,false,false,false,AIR,AIR_07,true,false
FULL_MX,503,-1,-1,false,false,true,false,21.29687,10.63834,-5.5,-1.433335,false,false,-1,-1,-1,,false,false,false,AIR,AIR_07,true,false
FULL_MX,504,-1,-1,false,false,true,false,21.2052,10.60723,-5.5,-1.866668,false,false,-1,-1,-1,,false,false,false,AIR,AIR_07,true,false
FULL_MX,505,-1,-1,false,false,true,false,21.11353,10.56889,-5.5,-2.300002,false,false,-1,-1,-1,,false,false,false,AIR,AIR_07,true,false
FULL_MX,506,-1,-1,false,false,true,false,21.02186,10.52334,-5.5,-2.733335,false,false,-1,-1,-1,,false,false,false,AIR,AIR_07,true,false
FULL_MX,507,-1,-1,false,false,true,false,20.9302,10.45334,-5.5,0,true,false,-1,-1,-1,,false,false,false,TOP_ONLY,LINK_TARGET_07,true,false
FULL_MX,508,-1,-1,false,false,false,false,20.83853,10.45334,-5.5,0,true,true,19,1.570196,0.101667,WALKABLE_FRONTIER_AND_GRAB_EXIT_V2,false,false,false,TOP_ONLY,EDGE_RUNUP_08,true,false
FULL_MX,509,-1,-1,false,false,false,false,20.74686,10.45334,-5.5,0,true,true,19,1.478529,0.101667,WALKABLE_FRONTIER_AND_GRAB_EXIT_V2,false,false,false,TOP_ONLY,EDGE_RUNUP_08,true,false
FULL_MX,510,-1,-1,false,false,false,false,20.6552,10.45334,-5.5,0,true,true,19,1.386862,0.101667,WALKABLE_FRONTIER_AND_GRAB_EXIT_V2,false,false,false,TOP_ONLY,EDGE_RUNUP_08,true,false
FULL_MX,511,-1,-1,false,false,false,false,20.56353,10.45334,-5.5,0,true,true,19,1.295195,0.101667,WALKABLE_FRONTIER_AND_GRAB_EXIT_V2,false,false,false,TOP_ONLY,EDGE_RUNUP_08,true,false
FULL_MX,512,-1,-1,false,false,false,false,20.47186,10.45334,-5.5,0,true,true,19,1.203527,0.101667,WALKABLE_FRONTIER_AND_GRAB_EXIT_V2,false,false,false,TOP_ONLY,EDGE_RUNUP_08,true,false
FULL_MX,513,-1,-1,false,false,false,false,20.38019,10.45334,-5.5,0,true,true,19,1.11186,0.101667,WALKABLE_FRONTIER_AND_GRAB_EXIT_V2,false,false,false,TOP_ONLY,EDGE_RUNUP_08,true,false
FULL_MX,514,-1,-1,false,false,false,false,20.28853,10.45334,-5.5,0,true,true,19,1.020193,0.101667,WALKABLE_FRONTIER_AND_GRAB_EXIT_V2,false,false,false,TOP_ONLY,EDGE_RUNUP_08,true,false
FULL_MX,515,-1,-1,false,false,false,false,20.19686,10.45334,-5.5,0,true,true,19,0.928526,0.101667,WALKABLE_FRONTIER_AND_GRAB_EXIT_V2,false,false,false,TOP_ONLY,EDGE_RUNUP_08,true,false
FULL_MX,516,-1,-1,false,false,false,false,20.10519,10.45334,-5.5,0,true,true,19,0.836859,0.101667,WALKABLE_FRONTIER_AND_GRAB_EXIT_V2,false,false,false,TOP_ONLY,EDGE_RUNUP_08,true,false
FULL_MX,517,-1,-1,false,false,false,false,20.01353,10.45334,-5.5,0,true,true,19,0.745192,0.101667,WALKABLE_FRONTIER_AND_GRAB_EXIT_V2,false,false,false,TOP_ONLY,EDGE_RUNUP_08,true,false
FULL_MX,518,-1,-1,false,false,false,false,19.92186,10.45334,-5.5,0,true,true,19,0.653524,0.101667,WALKABLE_FRONTIER_AND_GRAB_EXIT_V2,false,false,false,TOP_ONLY,EDGE_RUNUP_08,true,false
FULL_MX,519,-1,-1,false,false,false,false,19.83019,10.45334,-5.5,0,true,true,19,0.561857,0.101667,WALKABLE_FRONTIER_AND_GRAB_EXIT_V2,false,false,false,TOP_ONLY,EDGE_RUNUP_08,true,false
FULL_MX,520,-1,-1,false,false,false,false,19.73852,10.45334,-5.5,0,true,true,19,0.47019,0.101667,WALKABLE_FRONTIER_AND_GRAB_EXIT_V2,false,false,false,TOP_ONLY,EDGE_RUNUP_08,true,false
FULL_MX,521,-1,-1,false,false,false,false,19.64686,10.45334,-5.5,0,true,true,19,0.378523,0.101667,WALKABLE_FRONTIER_AND_GRAB_EXIT_V2,false,false,false,TOP_ONLY,EDGE_RUNUP_08,true,false
FULL_MX,522,-1,-1,false,false,false,false,19.55519,10.45334,-5.5,0,true,true,19,0.286856,0.101667,WALKABLE_FRONTIER_AND_GRAB_EXIT_V2,false,false,false,TOP_ONLY,EDGE_RUNUP_08,true,false
FULL_MX,523,-1,-1,false,false,false,false,19.46352,10.45334,-5.5,0,true,true,19,0.195189,0.101667,WALKABLE_FRONTIER_AND_GRAB_EXIT_V2,false,false,false,TOP_ONLY,EDGE_RUNUP_08,true,false
FULL_MX,524,-1,-1,false,false,false,false,19.37185,10.45334,-5.5,0,true,true,19,0.103521,0.101667,WALKABLE_FRONTIER_AND_GRAB_EXIT_V2,false,false,false,TOP_ONLY,EDGE_RUNUP_08,true,false
FULL_MX,525,-1,-1,false,false,true,false,19.28019,10.56778,-5.5,6.866666,false,true,19,0.011854,0.101667,WALKABLE_FRONTIER_AND_GRAB_EXIT_V2,false,false,false,AIR,JUMP_08,true,false
FULL_MX,526,-1,-1,false,false,true,false,19.18852,10.67667,-5.5,6.533333,false,false,-1,-1,-1,,false,false,false,AIR,AIR_08,true,false
FULL_MX,527,-1,-1,false,false,true,false,19.09685,10.78,-5.5,6.199999,false,false,-1,-1,-1,,false,false,false,AIR,AIR_08,true,false
FULL_MX,528,-1,-1,false,false,true,false,19.00519,10.87778,-5.5,5.866666,false,false,-1,-1,-1,,false,false,false,AIR,AIR_08,true,false
FULL_MX,529,-1,-1,false,false,true,false,18.91352,10.97,-5.5,5.533332,false,false,-1,-1,-1,,false,false,false,AIR,AIR_08,true,false
FULL_MX,530,-1,-1,false,false,true,false,18.82185,11.05667,-5.5,5.199999,false,false,-1,-1,-1,,false,false,false,AIR,AIR_08,true,false
FULL_MX,531,-1,-1,false,false,true,false,18.73018,11.13778,-5.5,4.866665,false,false,-1,-1,-1,,false,false,false,AIR,AIR_08,true,false
FULL_MX,532,-1,-1,false,false,true,false,18.63852,11.21334,-5.5,4.533332,false,false,-1,-1,-1,,false,false,false,AIR,AIR_08,true,false
FULL_MX,533,-1,-1,false,false,true,false,18.54685,11.28334,-5.5,4.199998,false,false,-1,-1,-1,,false,false,false,AIR,AIR_08,true,false
FULL_MX,534,-1,-1,false,false,true,false,18.45518,11.34778,-5.5,3.866665,false,false,-1,-1,-1,,false,false,false,AIR,AIR_08,true,false
FULL_MX,535,-1,-1,false,false,true,false,18.36352,11.40667,-5.5,3.533332,false,false,-1,-1,-1,,false,false,false,AIR,AIR_08,true,false
FULL_MX,536,-1,-1,false,false,true,false,18.27185,11.46,-5.5,3.199999,false,false,-1,-1,-1,,false,false,false,AIR,AIR_08,true,false
FULL_MX,537,-1,-1,false,false,true,false,18.18018,11.50778,-5.5,2.866665,false,false,-1,-1,-1,,false,false,false,AIR,AIR_08,true,false
FULL_MX,538,-1,-1,false,false,true,false,18.08851,11.55,-5.5,2.533332,false,false,-1,-1,-1,,false,false,false,AIR,AIR_08,true,false
FULL_MX,539,-1,-1,false,false,true,false,17.99685,11.58667,-5.5,2.199999,false,false,-1,-1,-1,,false,false,false,AIR,AIR_08,true,false
FULL_MX,540,-1,-1,false,false,true,false,17.90518,11.61778,-5.5,1.866665,false,false,-1,-1,-1,,false,false,false,AIR,AIR_08,true,false
FULL_MX,541,-1,-1,false,false,true,false,17.81351,11.64334,-5.5,1.533332,false,false,-1,-1,-1,,false,false,false,AIR,AIR_08,true,false
FULL_MX,542,-1,-1,false,false,true,false,17.72185,11.66334,-5.5,1.199999,false,false,-1,-1,-1,,false,false,false,AIR,AIR_08,true,false
FULL_MX,543,-1,-1,false,false,true,false,17.63018,11.67778,-5.5,0.866665,false,false,-1,-1,-1,,false,false,false,AIR,AIR_08,true,false
FULL_MX,544,-1,-1,false,false,true,false,17.53851,11.68667,-5.5,0.533332,false,false,-1,-1,-1,,false,false,false,AIR,AIR_08,true,false
FULL_MX,545,-1,-1,false,false,true,false,17.44684,11.69,-5.5,0.199999,false,false,-1,-1,-1,,false,false,false,AIR,AIR_08,true,false
FULL_MX,546,-1,-1,false,false,true,false,17.35518,11.68778,-5.5,-0.133335,false,false,-1,-1,-1,,false,false,false,AIR,AIR_08,true,false
FULL_MX,547,-1,-1,false,false,true,false,17.26351,11.67834,-5.5,-0.566668,false,false,-1,-1,-1,,false,false,false,AIR,AIR_08,true,false
FULL_MX,548,-1,-1,false,false,true,false,17.17184,11.66167,-5.5,-1.000001,false,false,-1,-1,-1,,false,false,false,AIR,AIR_08,true,false
FULL_MX,549,-1,-1,false,false,true,false,17.08018,11.63778,-5.5,-1.433335,false,false,-1,-1,-1,,false,false,false,AIR,AIR_08,true,false
FULL_MX,550,-1,-1,false,false,true,false,16.98851,11.60667,-5.5,-1.866668,false,false,-1,-1,-1,,false,false,false,AIR,AIR_08,true,false
FULL_MX,551,-1,-1,false,false,true,false,16.89684,11.56834,-5.5,-2.300002,false,false,-1,-1,-1,,false,false,false,AIR,AIR_08,true,false
FULL_MX,552,-1,-1,false,false,true,false,16.80517,11.52278,-5.5,-2.733335,false,false,-1,-1,-1,,false,false,false,AIR,AIR_08,true,false
FULL_MX,553,-1,-1,false,false,true,false,16.71351,11.455,-5.5,0,true,false,-1,-1,-1,,false,false,false,TOP_ONLY,LINK_TARGET_08,true,false
FULL_MX,554,0,0,false,false,false,false,16.63295,11.455,-4.833333,0,true,true,-1,-1,-1,,false,false,false,TOP_ONLY,PASS_TARGET,true,false
FULL_R0,0,0,0,false,false,false,false,2.5,2.46,0,0,false,false,-1,-1,-1,,false,false,false,AIR,START,true,false
FULL_R0,1,0,0,false,false,false,false,2.5,2.455,0,0,true,false,-1,-1,-1,,false,false,false,SOLID,GROUND_SETTLE_00,true,false
FULL_R0,2,1,1,false,false,false,false,2.508333,2.455,0.5,0,true,true,6,3.14,0.01,WALKABLE_FRONTIER_AND_GRAB_EXIT_V2,false,false,false,SOLID,EDGE_RUNUP_00,true,false
FULL_R0,3,1,1,false,false,false,false,2.525,2.455,1,0,true,true,6,3.131667,0.018333,WALKABLE_FRONTIER_AND_GRAB_EXIT_V2,false,false,false,SOLID,EDGE_RUNUP_00,true,false
FULL_R0,4,1,1,false,false,false,false,2.55,2.455,1.5,0,true,true,6,3.115,0.026667,WALKABLE_FRONTIER_AND_GRAB_EXIT_V2,false,false,false,SOLID,EDGE_RUNUP_00,true,false
FULL_R0,5,1,1,false,false,false,false,2.583333,2.455,2,0,true,true,6,3.09,0.035,WALKABLE_FRONTIER_AND_GRAB_EXIT_V2,false,false,false,SOLID,EDGE_RUNUP_00,true,false
FULL_R0,6,1,1,false,false,false,false,2.625,2.455,2.5,0,true,true,6,3.056666,0.043333,WALKABLE_FRONTIER_AND_GRAB_EXIT_V2,false,false,false,SOLID,EDGE_RUNUP_00,true,false
FULL_R0,7,1,1,false,false,false,false,2.675,2.455,3,0,true,true,6,3.015,0.051667,WALKABLE_FRONTIER_AND_GRAB_EXIT_V2,false,false,false,SOLID,EDGE_RUNUP_00,true,false
FULL_R0,8,1,1,false,false,false,false,2.733334,2.455,3.5,0,true,true,6,2.965,0.06,WALKABLE_FRONTIER_AND_GRAB_EXIT_V2,false,false,false,SOLID,EDGE_RUNUP_00,true,false
FULL_R0,9,1,1,false,false,false,false,2.8,2.455,4,0,true,true,6,2.906666,0.068333,WALKABLE_FRONTIER_AND_GRAB_EXIT_V2,false,false,false,SOLID,EDGE_RUNUP_00,true,false
FULL_R0,10,1,1,false,false,false,false,2.875,2.455,4.5,0,true,true,6,2.84,0.076667,WALKABLE_FRONTIER_AND_GRAB_EXIT_V2,false,false,false,SOLID,EDGE_RUNUP_00,true,false
FULL_R0,11,1,1,false,false,false,false,2.958333,2.455,5,0,true,true,6,2.765,0.085,WALKABLE_FRONTIER_AND_GRAB_EXIT_V2,false,false,false,SOLID,EDGE_RUNUP_00,true,false
FULL_R0,12,1,1,false,false,false,false,3.05,2.455,5.5,0,true,true,6,2.681666,0.093333,WALKABLE_FRONTIER_AND_GRAB_EXIT_V2,false,false,false,TOP_ONLY,EDGE_RUNUP_00,true,false
FULL_R0,13,1,1,false,false,false,false,3.141667,2.455,5.5,0,true,true,6,2.59,0.101667,WALKABLE_FRONTIER_AND_GRAB_EXIT_V2,false,false,false,TOP_ONLY,EDGE_RUNUP_00,true,false
FULL_R0,14,1,1,false,false,false,false,3.233334,2.455,5.5,0,true,true,6,2.498333,0.101667,WALKABLE_FRONTIER_AND_GRAB_EXIT_V2,false,false,false,TOP_ONLY,EDGE_RUNUP_00,true,false
FULL_R0,15,1,1,false,false,false,false,3.325,2.455,5.5,0,true,true,6,2.406666,0.101667,WALKABLE_FRONTIER_AND_GRAB_EXIT_V2,false,false,false,TOP_ONLY,EDGE_RUNUP_00,true,false
FULL_R0,16,1,1,false,false,false,false,3.416667,2.455,5.5,0,true,true,6,2.315,0.101667,WALKABLE_FRONTIER_AND_GRAB_EXIT_V2,false,false,false,TOP_ONLY,EDGE_RUNUP_00,true,false
FULL_R0,17,1,1,false,false,false,false,3.508334,2.455,5.5,0,true,true,6,2.223333,0.101667,WALKABLE_FRONTIER_AND_GRAB_EXIT_V2,false,false,false,TOP_ONLY,EDGE_RUNUP_00,true,false
FULL_R0,18,1,1,false,false,false,false,3.6,2.455,5.5,0,true,true,6,2.131666,0.101667,WALKABLE_FRONTIER_AND_GRAB_EXIT_V2,false,false,false,TOP_ONLY,EDGE_RUNUP_00,true,false
FULL_R0,19,1,1,false,false,false,false,3.691667,2.455,5.5,0,true,true,6,2.039999,0.101667,WALKABLE_FRONTIER_AND_GRAB_EXIT_V2,false,false,false,TOP_ONLY,EDGE_RUNUP_00,true,false
FULL_R0,20,1,1,false,false,false,false,3.783334,2.455,5.5,0,true,true,6,1.948333,0.101667,WALKABLE_FRONTIER_AND_GRAB_EXIT_V2,false,false,false,TOP_ONLY,EDGE_RUNUP_00,true,false
FULL_R0,21,1,1,false,false,false,false,3.875,2.455,5.5,0,true,true,6,1.856666,0.101667,WALKABLE_FRONTIER_AND_GRAB_EXIT_V2,false,false,false,TOP_ONLY,EDGE_RUNUP_00,true,false
FULL_R0,22,1,1,false,false,false,false,3.966667,2.455,5.5,0,true,true,6,1.764999,0.101667,WALKABLE_FRONTIER_AND_GRAB_EXIT_V2,false,false,false,TOP_ONLY,EDGE_RUNUP_00,true,false
FULL_R0,23,1,1,false,false,false,false,4.058334,2.455,5.5,0,true,true,6,1.673333,0.101667,WALKABLE_FRONTIER_AND_GRAB_EXIT_V2,false,false,false,TOP_ONLY,EDGE_RUNUP_00,true,false
FULL_R0,24,1,1,false,false,false,false,4.150001,2.455,5.5,0,true,true,6,1.581666,0.101667,WALKABLE_FRONTIER_AND_GRAB_EXIT_V2,false,false,false,TOP_ONLY,EDGE_RUNUP_00,true,false
FULL_R0,25,1,1,false,false,false,false,4.241667,2.455,5.5,0,true,true,6,1.489999,0.101667,WALKABLE_FRONTIER_AND_GRAB_EXIT_V2,false,false,false,TOP_ONLY,EDGE_RUNUP_00,true,false
FULL_R0,26,1,1,false,false,false,false,4.333334,2.455,5.5,0,true,true,6,1.398333,0.101667,WALKABLE_FRONTIER_AND_GRAB_EXIT_V2,false,false,false,TOP_ONLY,EDGE_RUNUP_00,true,false
FULL_R0,27,1,1,false,false,false,false,4.425001,2.455,5.5,0,true,true,6,1.306666,0.101667,WALKABLE_FRONTIER_AND_GRAB_EXIT_V2,false,false,false,TOP_ONLY,EDGE_RUNUP_00,true,false
FULL_R0,28,1,1,false,false,false,false,4.516667,2.455,5.5,0,true,true,6,1.214999,0.101667,WALKABLE_FRONTIER_AND_GRAB_EXIT_V2,false,false,false,TOP_ONLY,EDGE_RUNUP_00,true,false
FULL_R0,29,1,1,false,false,false,false,4.608334,2.455,5.5,0,true,true,6,1.123333,0.101667,WALKABLE_FRONTIER_AND_GRAB_EXIT_V2,false,false,false,TOP_ONLY,EDGE_RUNUP_00,true,false
FULL_R0,30,1,1,false,false,false,false,4.700001,2.455,5.5,0,true,true,6,1.031666,0.101667,WALKABLE_FRONTIER_AND_GRAB_EXIT_V2,false,false,false,TOP_ONLY,EDGE_RUNUP_00,true,false
FULL_R0,31,1,1,false,false,false,false,4.791667,2.455,5.5,0,true,true,6,0.939999,0.101667,WALKABLE_FRONTIER_AND_GRAB_EXIT_V2,false,false,false,TOP_ONLY,EDGE_RUNUP_00,true,false
FULL_R0,32,1,1,false,false,false,false,4.883334,2.455,5.5,0,true,true,6,0.848332,0.101667,WALKABLE_FRONTIER_AND_GRAB_EXIT_V2,false,false,false,TOP_ONLY,EDGE_RUNUP_00,true,false
FULL_R0,33,1,1,false,false,false,false,4.975001,2.455,5.5,0,true,true,6,0.756666,0.101667,WALKABLE_FRONTIER_AND_GRAB_EXIT_V2,false,false,false,TOP_ONLY,EDGE_RUNUP_00,true,false
FULL_R0,34,1,1,false,false,false,false,5.066668,2.455,5.5,0,true,true,6,0.664999,0.101667,WALKABLE_FRONTIER_AND_GRAB_EXIT_V2,false,false,false,TOP_ONLY,EDGE_RUNUP_00,true,false
FULL_R0,35,1,1,false,false,false,false,5.158334,2.455,5.5,0,true,true,6,0.573332,0.101667,WALKABLE_FRONTIER_AND_GRAB_EXIT_V2,false,false,false,TOP_ONLY,EDGE_RUNUP_00,true,false
FULL_R0,36,1,1,false,false,false,false,5.250001,2.455,5.5,0,true,true,6,0.481666,0.101667,WALKABLE_FRONTIER_AND_GRAB_EXIT_V2,false,false,false,TOP_ONLY,EDGE_RUNUP_00,true,false
FULL_R0,37,1,1,false,false,false,false,5.341668,2.455,5.5,0,true,true,6,0.389999,0.101667,WALKABLE_FRONTIER_AND_GRAB_EXIT_V2,false,false,false,TOP_ONLY,EDGE_RUNUP_00,true,false
FULL_R0,38,1,1,false,false,false,false,5.433334,2.455,5.5,0,true,true,6,0.298332,0.101667,WALKABLE_FRONTIER_AND_GRAB_EXIT_V2,false,false,false,TOP_ONLY,EDGE_RUNUP_00,true,false
FULL_R0,39,1,1,false,false,false,false,5.525001,2.455,5.5,0,true,true,6,0.206666,0.101667,WALKABLE_FRONTIER_AND_GRAB_EXIT_V2,false,false,false,TOP_ONLY,EDGE_RUNUP_00,true,false
FULL_R0,40,1,1,false,false,false,false,5.616668,2.455,5.5,0,true,true,6,0.114999,0.101667,WALKABLE_FRONTIER_AND_GRAB_EXIT_V2,false,false,false,TOP_ONLY,EDGE_RUNUP_00,true,false
FULL_R0,41,1,1,false,false,true,false,5.708334,2.569444,5.5,6.866666,false,true,6,0.023332,0.101667,WALKABLE_FRONTIER_AND_GRAB_EXIT_V2,false,false,false,AIR,JUMP_00,true,false
FULL_R0,42,1,1,false,false,true,false,5.800001,2.678333,5.5,6.533333,false,false,-1,-1,-1,,false,false,false,AIR,AIR_00,true,false
FULL_R0,43,1,1,false,false,true,false,5.891668,2.781667,5.5,6.199999,false,false,-1,-1,-1,,false,false,false,AIR,AIR_00,true,false
FULL_R0,44,1,1,false,false,true,false,5.983335,2.879444,5.5,5.866666,false,false,-1,-1,-1,,false,false,false,AIR,AIR_00,true,false
FULL_R0,45,1,1,false,false,true,false,6.075001,2.971667,5.5,5.533332,false,false,-1,-1,-1,,false,false,false,AIR,AIR_00,true,false
FULL_R0,46,1,1,false,false,true,false,6.166668,3.058333,5.5,5.199999,false,false,-1,-1,-1,,false,false,false,AIR,AIR_00,true,false
FULL_R0,47,1,1,false,false,true,false,6.258335,3.139444,5.5,4.866665,false,false,-1,-1,-1,,false,false,false,AIR,AIR_00,true,false
FULL_R0,48,1,1,false,false,true,false,6.350001,3.215,5.5,4.533332,false,false,-1,-1,-1,,false,false,false,AIR,AIR_00,true,false
FULL_R0,49,1,1,false,false,true,false,6.441668,3.285,5.5,4.199998,false,false,-1,-1,-1,,false,false,false,AIR,AIR_00,true,false
FULL_R0,50,-1,-1,false,false,true,false,6.522223,3.349444,4.833333,3.866665,false,false,-1,-1,-1,,false,false,false,AIR,AIR_00,true,false
FULL_R0,51,-1,-1,false,false,true,false,6.591668,3.408333,4.166667,3.533332,false,false,-1,-1,-1,,false,false,false,AIR,AIR_00,true,false
FULL_R0,52,-1,-1,false,false,true,false,6.650002,3.461667,3.5,3.199999,false,false,-1,-1,-1,,false,false,false,AIR,AIR_00,true,false
FULL_R0,53,-1,-1,false,false,true,false,6.697224,3.509444,2.833333,2.866665,false,false,-1,-1,-1,,false,false,false,AIR,AIR_00,true,false
FULL_R0,54,-1,-1,false,false,true,false,6.733335,3.551666,2.166667,2.533332,false,false,-1,-1,-1,,false,false,false,AIR,AIR_00,true,false
FULL_R0,55,-1,-1,false,false,true,false,6.758335,3.588333,1.5,2.199999,false,false,-1,-1,-1,,false,false,false,AIR,AIR_00,true,false
FULL_R0,56,-1,-1,false,false,true,false,6.772223,3.619444,0.833333,1.866665,false,false,-1,-1,-1,,false,false,false,AIR,AIR_00,true,false
FULL_R0,57,-1,-1,false,false,true,false,6.775001,3.645,0.166667,1.533332,false,false,-1,-1,-1,,false,false,false,AIR,AIR_00,true,false
FULL_R0,58,-1,-1,false,false,true,false,6.766668,3.665,-0.5,1.199999,false,false,-1,-1,-1,,false,false,false,AIR,AIR_00,true,false
FULL_R0,59,-1,-1,false,false,true,false,6.747223,3.679444,-1.166667,0.866665,false,false,-1,-1,-1,,false,false,false,AIR,AIR_00,true,false
FULL_R0,60,-1,-1,false,false,true,false,6.716668,3.688333,-1.833333,0.533332,false,false,-1,-1,-1,,false,false,false,AIR,AIR_00,true,false
FULL_R0,61,-1,-1,false,false,true,false,6.675001,3.691666,-2.5,0.199999,false,false,-1,-1,-1,,false,false,false,AIR,AIR_00,true,false
FULL_R0,62,-1,-1,false,false,true,false,6.622223,3.689444,-3.166667,-0.133335,false,false,-1,-1,-1,,false,false,false,AIR,AIR_00,true,false
FULL_R0,63,1,1,false,false,true,false,6.580557,3.68,-2.5,-0.566668,false,false,-1,-1,-1,,false,false,false,AIR,AIR_00,true,false
FULL_R0,64,1,1,false,false,true,false,6.550001,3.663333,-1.833333,-1.000001,false,false,-1,-1,-1,,false,false,false,AIR,AIR_00,true,false
FULL_R0,65,1,1,false,false,true,false,6.530557,3.639444,-1.166667,-1.433335,false,false,-1,-1,-1,,false,false,false,AIR,AIR_00,true,false
FULL_R0,66,1,1,false,false,true,false,6.522223,3.608333,-0.5,-1.866668,false,false,-1,-1,-1,,false,false,false,AIR,AIR_00,true,false
FULL_R0,67,1,1,false,false,true,false,6.525001,3.569999,0.166667,-2.300002,false,false,-1,-1,-1,,false,false,false,AIR,AIR_00,true,false
FULL_R0,68,-1,-1,false,false,true,false,6.516668,3.524444,-0.5,-2.733335,false,false,-1,-1,-1,,false,false,false,AIR,AIR_00,true,false
FULL_R0,69,1,1,false,false,true,false,6.516668,3.454444,0,0,true,false,-1,-1,-1,,false,false,false,TOP_ONLY,LINK_TARGET_00,true,false
FULL_R0,70,1,1,false,false,false,false,6.525001,3.454444,0.5,0,true,true,12,5.123332,0.01,WALKABLE_FRONTIER_AND_GRAB_EXIT_V2,false,false,false,TOP_ONLY,EDGE_RUNUP_01,true,false
FULL_R0,71,1,1,false,false,false,false,6.541668,3.454444,1,0,true,true,12,5.114999,0.018333,WALKABLE_FRONTIER_AND_GRAB_EXIT_V2,false,false,false,TOP_ONLY,EDGE_RUNUP_01,true,false
FULL_R0,72,1,1,false,false,false,false,6.566668,3.454444,1.5,0,true,true,12,5.098332,0.026667,WALKABLE_FRONTIER_AND_GRAB_EXIT_V2,false,false,false,TOP_ONLY,EDGE_RUNUP_01,true,false
FULL_R0,73,1,1,false,false,false,false,6.600001,3.454444,2,0,true,true,12,5.073332,0.035,WALKABLE_FRONTIER_AND_GRAB_EXIT_V2,false,false,false,TOP_ONLY,EDGE_RUNUP_01,true,false
FULL_R0,74,1,1,false,false,false,false,6.641668,3.454444,2.5,0,true,true,12,5.039999,0.043333,WALKABLE_FRONTIER_AND_GRAB_EXIT_V2,false,false,false,TOP_ONLY,EDGE_RUNUP_01,true,false
FULL_R0,75,1,1,false,false,false,false,6.691668,3.454444,3,0,true,true,12,4.998332,0.051667,WALKABLE_FRONTIER_AND_GRAB_EXIT_V2,false,false,false,TOP_ONLY,EDGE_RUNUP_01,true,false
FULL_R0,76,1,1,false,false,false,false,6.750001,3.454444,3.5,0,true,true,12,4.948332,0.06,WALKABLE_FRONTIER_AND_GRAB_EXIT_V2,false,false,false,TOP_ONLY,EDGE_RUNUP_01,true,false
FULL_R0,77,1,1,false,false,false,false,6.816668,3.454444,4,0,true,true,12,4.889998,0.068333,WALKABLE_FRONTIER_AND_GRAB_EXIT_V2,false,false,false,TOP_ONLY,EDGE_RUNUP_01,true,false
FULL_R0,78,1,1,false,false,false,false,6.891668,3.454444,4.5,0,true,true,12,4.823332,0.076667,WALKABLE_FRONTIER_AND_GRAB_EXIT_V2,false,false,false,TOP_ONLY,EDGE_RUNUP_01,true,false
FULL_R0,79,1,1,false,false,false,false,6.975001,3.454444,5,0,true,true,12,4.748332,0.085,WALKABLE_FRONTIER_AND_GRAB_EXIT_V2,false,false,false,TOP_ONLY,EDGE_RUNUP_01,true,false
FULL_R0,80,1,1,false,false,false,false,7.066668,3.454444,5.5,0,true,true,12,4.664999,0.093333,WALKABLE_FRONTIER_AND_GRAB_EXIT_V2,false,false,false,TOP_ONLY,EDGE_RUNUP_01,true,false
FULL_R0,81,1,1,false,false,false,false,7.158335,3.454444,5.5,0,true,true,12,4.573332,0.101667,WALKABLE_FRONTIER_AND_GRAB_EXIT_V2,false,false,false,TOP_ONLY,EDGE_RUNUP_01,true,false
FULL_R0,82,1,1,false,false,false,false,7.250001,3.454444,5.5,0,true,true,12,4.481665,0.101667,WALKABLE_FRONTIER_AND_GRAB_EXIT_V2,false,false,false,TOP_ONLY,EDGE_RUNUP_01,true,false
FULL_R0,83,1,1,false,false,false,false,7.341668,3.454444,5.5,0,true,true,12,4.389998,0.101667,WALKABLE_FRONTIER_AND_GRAB_EXIT_V2,false,false,false,TOP_ONLY,EDGE_RUNUP_01,true,false
FULL_R0,84,1,1,false,false,false,false,7.433335,3.454444,5.5,0,true,true,12,4.298332,0.101667,WALKABLE_FRONTIER_AND_GRAB_EXIT_V2,false,false,false,TOP_ONLY,EDGE_RUNUP_01,true,false
FULL_R0,85,1,1,false,false,false,false,7.525002,3.454444,5.5,0,true,true,12,4.206665,0.101667,WALKABLE_FRONTIER_AND_GRAB_EXIT_V2,false,false,false,TOP_ONLY,EDGE_RUNUP_01,true,false
FULL_R0,86,1,1,false,false,false,false,7.616668,3.454444,5.5,0,true,true,12,4.114998,0.101667,WALKABLE_FRONTIER_AND_GRAB_EXIT_V2,false,false,false,TOP_ONLY,EDGE_RUNUP_01,true,false
FULL_R0,87,1,1,false,false,false,false,7.708335,3.454444,5.5,0,true,true,12,4.023332,0.101667,WALKABLE_FRONTIER_AND_GRAB_EXIT_V2,false,false,false,TOP_ONLY,EDGE_RUNUP_01,true,false
FULL_R0,88,1,1,false,false,false,false,7.800002,3.454444,5.5,0,true,true,12,3.931665,0.101667,WALKABLE_FRONTIER_AND_GRAB_EXIT_V2,false,false,false,TOP_ONLY,EDGE_RUNUP_01,true,false
FULL_R0,89,1,1,false,false,false,false,7.891668,3.454444,5.5,0,true,true,12,3.839998,0.101667,WALKABLE_FRONTIER_AND_GRAB_EXIT_V2,false,false,false,TOP_ONLY,EDGE_RUNUP_01,true,false
FULL_R0,90,1,1,false,false,false,false,7.983335,3.454444,5.5,0,true,true,12,3.748332,0.101667,WALKABLE_FRONTIER_AND_GRAB_EXIT_V2,false,false,false,TOP_ONLY,EDGE_RUNUP_01,true,false
FULL_R0,91,1,1,false,false,false,false,8.075002,3.454444,5.5,0,true,true,12,3.656665,0.101667,WALKABLE_FRONTIER_AND_GRAB_EXIT_V2,false,false,false,TOP_ONLY,EDGE_RUNUP_01,true,false
FULL_R0,92,1,1,false,false,false,false,8.166668,3.454444,5.5,0,true,true,12,3.564999,0.101667,WALKABLE_FRONTIER_AND_GRAB_EXIT_V2,false,false,false,TOP_ONLY,EDGE_RUNUP_01,true,false
FULL_R0,93,1,1,false,false,false,false,8.258334,3.454444,5.5,0,true,true,12,3.473332,0.101667,WALKABLE_FRONTIER_AND_GRAB_EXIT_V2,false,false,false,TOP_ONLY,EDGE_RUNUP_01,true,false
FULL_R0,94,1,1,false,false,false,false,8.35,3.454444,5.5,0,true,true,12,3.381666,0.101667,WALKABLE_FRONTIER_AND_GRAB_EXIT_V2,false,false,false,TOP_ONLY,EDGE_RUNUP_01,true,false
FULL_R0,95,1,1,false,false,false,false,8.441667,3.454444,5.5,0,true,true,12,3.29,0.101667,WALKABLE_FRONTIER_AND_GRAB_EXIT_V2,false,false,false,TOP_ONLY,EDGE_RUNUP_01,true,false
FULL_R0,96,1,1,false,false,false,false,8.533333,3.454444,5.5,0,true,true,12,3.198334,0.101667,WALKABLE_FRONTIER_AND_GRAB_EXIT_V2,false,false,false,TOP_ONLY,EDGE_RUNUP_01,true,false
FULL_R0,97,1,1,false,false,false,false,8.624999,3.454444,5.5,0,true,true,12,3.106668,0.101667,WALKABLE_FRONTIER_AND_GRAB_EXIT_V2,false,false,false,TOP_ONLY,EDGE_RUNUP_01,true,false
FULL_R0,98,1,1,false,false,false,false,8.716665,3.454444,5.5,0,true,true,12,3.015001,0.101667,WALKABLE_FRONTIER_AND_GRAB_EXIT_V2,false,false,false,TOP_ONLY,EDGE_RUNUP_01,true,false
FULL_R0,99,1,1,false,false,false,false,8.808331,3.454444,5.5,0,true,true,12,2.923335,0.101667,WALKABLE_FRONTIER_AND_GRAB_EXIT_V2,false,false,false,TOP_ONLY,EDGE_RUNUP_01,true,false
FULL_R0,100,1,1,false,false,false,false,8.899998,3.454444,5.5,0,true,true,12,2.831669,0.101667,WALKABLE_FRONTIER_AND_GRAB_EXIT_V2,false,false,false,TOP_ONLY,EDGE_RUNUP_01,true,false
FULL_R0,101,1,1,false,false,false,false,8.991664,3.454444,5.5,0,true,true,12,2.740003,0.101667,WALKABLE_FRONTIER_AND_GRAB_EXIT_V2,false,false,false,TOP_ONLY,EDGE_RUNUP_01,true,false
FULL_R0,102,1,1,false,false,false,false,9.08333,3.454444,5.5,0,true,true,12,2.648336,0.101667,WALKABLE_FRONTIER_AND_GRAB_EXIT_V2,false,false,false,TOP_ONLY,EDGE_RUNUP_01,true,false
FULL_R0,103,1,1,false,false,false,false,9.174996,3.454444,5.5,0,true,true,12,2.55667,0.101667,WALKABLE_FRONTIER_AND_GRAB_EXIT_V2,false,false,false,TOP_ONLY,EDGE_RUNUP_01,true,false
FULL_R0,104,1,1,false,false,false,false,9.266663,3.454444,5.5,0,true,true,12,2.465004,0.101667,WALKABLE_FRONTIER_AND_GRAB_EXIT_V2,false,false,false,TOP_ONLY,EDGE_RUNUP_01,true,false
FULL_R0,105,1,1,false,false,false,false,9.358329,3.454444,5.5,0,true,true,12,2.373338,0.101667,WALKABLE_FRONTIER_AND_GRAB_EXIT_V2,false,false,false,TOP_ONLY,EDGE_RUNUP_01,true,false
FULL_R0,106,1,1,false,false,false,false,9.449995,3.454444,5.5,0,true,true,12,2.281672,0.101667,WALKABLE_FRONTIER_AND_GRAB_EXIT_V2,false,false,false,TOP_ONLY,EDGE_RUNUP_01,true,false
FULL_R0,107,1,1,false,false,false,false,9.541661,3.454444,5.5,0,true,true,12,2.190005,0.101667,WALKABLE_FRONTIER_AND_GRAB_EXIT_V2,false,false,false,TOP_ONLY,EDGE_RUNUP_01,true,false
FULL_R0,108,1,1,false,false,false,false,9.633327,3.454444,5.5,0,true,true,12,2.098339,0.101667,WALKABLE_FRONTIER_AND_GRAB_EXIT_V2,false,false,false,TOP_ONLY,EDGE_RUNUP_01,true,false
FULL_R0,109,1,1,false,false,false,false,9.724994,3.454444,5.5,0,true,true,12,2.006673,0.101667,WALKABLE_FRONTIER_AND_GRAB_EXIT_V2,false,false,false,TOP_ONLY,EDGE_RUNUP_01,true,false
FULL_R0,110,1,1,false,false,false,false,9.81666,3.454444,5.5,0,true,true,12,1.915007,0.101667,WALKABLE_FRONTIER_AND_GRAB_EXIT_V2,false,false,false,TOP_ONLY,EDGE_RUNUP_01,true,false
FULL_R0,111,1,1,false,false,false,false,9.908326,3.454444,5.5,0,true,true,12,1.82334,0.101667,WALKABLE_FRONTIER_AND_GRAB_EXIT_V2,false,false,false,TOP_ONLY,EDGE_RUNUP_01,true,false
FULL_R0,112,1,1,false,false,false,false,9.999992,3.454444,5.5,0,true,true,12,1.731674,0.101667,WALKABLE_FRONTIER_AND_GRAB_EXIT_V2,false,false,false,TOP_ONLY,EDGE_RUNUP_01,true,false
FULL_R0,113,1,1,false,false,false,false,10.09166,3.454444,5.5,0,true,true,12,1.640008,0.101667,WALKABLE_FRONTIER_AND_GRAB_EXIT_V2,false,false,false,TOP_ONLY,EDGE_RUNUP_01,true,false
FULL_R0,114,1,1,false,false,false,false,10.18332,3.454444,5.5,0,true,true,12,1.548342,0.101667,WALKABLE_FRONTIER_AND_GRAB_EXIT_V2,false,false,false,TOP_ONLY,EDGE_RUNUP_01,true,false
FULL_R0,115,1,1,false,false,false,false,10.27499,3.454444,5.5,0,true,true,12,1.456676,0.101667,WALKABLE_FRONTIER_AND_GRAB_EXIT_V2,false,false,false,TOP_ONLY,EDGE_RUNUP_01,true,false
FULL_R0,116,1,1,false,false,false,false,10.36666,3.454444,5.5,0,true,true,12,1.365009,0.101667,WALKABLE_FRONTIER_AND_GRAB_EXIT_V2,false,false,false,TOP_ONLY,EDGE_RUNUP_01,true,false
FULL_R0,117,1,1,false,false,false,false,10.45832,3.454444,5.5,0,true,true,12,1.273343,0.101667,WALKABLE_FRONTIER_AND_GRAB_EXIT_V2,false,false,false,TOP_ONLY,EDGE_RUNUP_01,true,false
FULL_R0,118,1,1,false,false,false,false,10.54999,3.454444,5.5,0,true,true,12,1.181677,0.101667,WALKABLE_FRONTIER_AND_GRAB_EXIT_V2,false,false,false,TOP_ONLY,EDGE_RUNUP_01,true,false
FULL_R0,119,1,1,false,false,false,false,10.64166,3.454444,5.5,0,true,true,12,1.090011,0.101667,WALKABLE_FRONTIER_AND_GRAB_EXIT_V2,false,false,false,TOP_ONLY,EDGE_RUNUP_01,true,false
FULL_R0,120,1,1,false,false,false,false,10.73332,3.454444,5.5,0,true,true,12,0.998344,0.101667,WALKABLE_FRONTIER_AND_GRAB_EXIT_V2,false,false,false,TOP_ONLY,EDGE_RUNUP_01,true,false
FULL_R0,121,1,1,false,false,false,false,10.82499,3.454444,5.5,0,true,true,12,0.906678,0.101667,WALKABLE_FRONTIER_AND_GRAB_EXIT_V2,false,false,false,TOP_ONLY,EDGE_RUNUP_01,true,false
FULL_R0,122,1,1,false,false,false,false,10.91665,3.454444,5.5,0,true,true,12,0.815012,0.101667,WALKABLE_FRONTIER_AND_GRAB_EXIT_V2,false,false,false,TOP_ONLY,EDGE_RUNUP_01,true,false
FULL_R0,123,1,1,false,false,false,false,11.00832,3.454444,5.5,0,true,true,12,0.723346,0.101667,WALKABLE_FRONTIER_AND_GRAB_EXIT_V2,false,false,false,TOP_ONLY,EDGE_RUNUP_01,true,false
FULL_R0,124,1,1,false,false,false,false,11.09999,3.454444,5.5,0,true,true,12,0.63168,0.101667,WALKABLE_FRONTIER_AND_GRAB_EXIT_V2,false,false,false,TOP_ONLY,EDGE_RUNUP_01,true,false
FULL_R0,125,1,1,false,false,false,false,11.19165,3.454444,5.5,0,true,true,12,0.540013,0.101667,WALKABLE_FRONTIER_AND_GRAB_EXIT_V2,false,false,false,TOP_ONLY,EDGE_RUNUP_01,true,false
FULL_R0,126,1,1,false,false,false,false,11.28332,3.454444,5.5,0,true,true,12,0.448347,0.101667,WALKABLE_FRONTIER_AND_GRAB_EXIT_V2,false,false,false,TOP_ONLY,EDGE_RUNUP_01,true,false
FULL_R0,127,1,1,false,false,false,false,11.37499,3.454444,5.5,0,true,true,12,0.356681,0.101667,WALKABLE_FRONTIER_AND_GRAB_EXIT_V2,false,false,false,TOP_ONLY,EDGE_RUNUP_01,true,false
FULL_R0,128,1,1,false,false,false,false,11.46665,3.454444,5.5,0,true,true,12,0.265015,0.101667,WALKABLE_FRONTIER_AND_GRAB_EXIT_V2,false,false,false,TOP_ONLY,EDGE_RUNUP_01,true,false
FULL_R0,129,1,1,false,false,false,false,11.55832,3.454444,5.5,0,true,true,12,0.173348,0.101667,WALKABLE_FRONTIER_AND_GRAB_EXIT_V2,false,false,false,TOP_ONLY,EDGE_RUNUP_01,true,false
FULL_R0,130,1,1,false,false,true,false,11.635,3.568888,0,6.866666,false,true,12,0.081682,0.101667,WALKABLE_FRONTIER_AND_GRAB_EXIT_V2,false,false,false,AIR,JUMP_01,true,false
FULL_R0,131,1,1,false,false,true,false,11.63556,3.677777,0,6.533333,false,false,-1,-1,-1,,false,false,false,AIR,AIR_01,true,false
FULL_R0,132,1,1,false,false,true,false,11.63611,3.781111,0,6.199999,false,false,-1,-1,-1,,false,false,false,AIR,AIR_01,true,false
FULL_R0,133,1,1,false,false,true,false,11.63611,3.878888,0,5.866666,false,false,-1,-1,-1,,false,false,false,AIR,AIR_01,true,false
FULL_R0,134,1,1,false,false,true,false,11.63611,3.971111,0,5.533332,false,false,-1,-1,-1,,false,false,false,AIR,AIR_01,true,false
FULL_R0,135,1,1,false,false,true,false,11.63611,4.057777,0,5.199999,false,false,-1,-1,-1,,false,false,false,AIR,AIR_01,true,false
FULL_R0,136,1,1,false,false,true,false,11.63611,4.138888,0,4.866665,false,false,-1,-1,-1,,false,false,false,AIR,AIR_01,true,false
FULL_R0,137,1,1,false,false,true,false,11.63838,4.214444,0,4.533332,false,false,-1,-1,-1,,false,false,false,AIR,AIR_01,true,false
FULL_R0,138,1,1,false,false,true,false,11.64949,4.284444,0.666667,4.199998,false,false,-1,-1,-1,,false,false,false,AIR,AIR_01,true,false
FULL_R0,139,1,1,false,false,true,false,11.67171,4.348888,1.333333,3.866665,false,false,-1,-1,-1,,false,false,false,AIR,AIR_01,true,false
FULL_R0,140,1,1,false,false,true,false,11.70505,4.407777,2,3.533332,false,false,-1,-1,-1,,false,false,false,AIR,AIR_01,true,false
FULL_R0,141,1,1,false,false,true,false,11.74949,4.461111,2.666667,3.199999,false,false,-1,-1,-1,,false,false,false,AIR,AIR_01,true,false
FULL_R0,142,1,1,false,false,true,false,11.80505,4.508888,3.333333,2.866665,false,false,-1,-1,-1,,false,false,false,AIR,AIR_01,true,false
FULL_R0,143,1,1,false,false,true,false,11.87171,4.55111,4,2.533332,false,false,-1,-1,-1,,false,false,false,AIR,AIR_01,true,false
FULL_R0,144,1,1,false,false,true,false,11.94949,4.587777,4.666667,2.199999,false,false,-1,-1,-1,,false,false,false,AIR,AIR_01,true,false
FULL_R0,145,1,1,false,false,true,false,12.03838,4.618888,5.333333,1.866665,false,false,-1,-1,-1,,false,false,false,AIR,AIR_01,true,false
FULL_R0,146,1,1,false,false,true,false,12.13004,4.644444,5.5,1.533332,false,false,-1,-1,-1,,false,false,false,AIR,AIR_01,true,false
FULL_R0,147,1,1,false,false,true,false,12.22171,4.664444,5.5,1.199999,false,false,-1,-1,-1,,false,false,false,AIR,AIR_01,true,false
FULL_R0,148,1,1,false,false,true,false,12.31338,4.678888,5.5,0.866665,false,false,-1,-1,-1,,false,false,false,AIR,AIR_01,true,false
FULL_R0,149,1,1,false,false,true,false,12.40504,4.687777,5.5,0.533332,false,false,-1,-1,-1,,false,false,false,AIR,AIR_01,true,false
FULL_R0,150,-1,-1,false,false,true,false,12.4856,4.69111,4.833333,0.199999,false,false,-1,-1,-1,,false,false,false,AIR,AIR_01,true,false
FULL_R0,151,-1,-1,false,false,true,false,12.55504,4.688888,4.166667,-0.133335,false,false,-1,-1,-1,,false,false,false,AIR,AIR_01,true,false
FULL_R0,152,-1,-1,false,false,true,false,12.61338,4.679444,3.5,-0.566668,false,false,-1,-1,-1,,false,false,false,AIR,AIR_01,true,false
FULL_R0,153,-1,-1,false,false,true,false,12.6606,4.662777,2.833333,-1.000001,false,false,-1,-1,-1,,false,false,false,AIR,AIR_01,true,false
FULL_R0,154,-1,-1,false,false,true,false,12.69671,4.638888,2.166667,-1.433335,false,false,-1,-1,-1,,false,false,false,AIR,AIR_01,true,false
FULL_R0,155,-1,-1,false,false,true,false,12.72171,4.607777,1.5,-1.866668,false,false,-1,-1,-1,,false,false,false,AIR,AIR_01,true,false
FULL_R0,156,-1,-1,false,false,true,false,12.7356,4.569443,0.833333,-2.300002,false,false,-1,-1,-1,,false,false,false,AIR,AIR_01,true,false
FULL_R0,157,-1,-1,false,false,true,false,12.73838,4.523888,0.166667,-2.733335,false,false,-1,-1,-1,,false,false,false,AIR,AIR_01,true,false
FULL_R0,158,-1,-1,false,false,true,false,12.73282,4.453888,-0.333333,0,true,false,-1,-1,-1,,false,false,false,SOLID,LINK_TARGET_01,true,false
FULL_R0,159,1,1,false,false,false,false,12.7356,4.453888,0.166667,0,true,true,15,1.907178,0.015556,WALKABLE_FRONTIER_AND_GRAB_EXIT_V2,false,false,false,SOLID,EDGE_RUNUP_02,true,false
FULL_R0,160,1,1,false,false,false,false,12.74671,4.453888,0.666667,0,true,true,15,1.9044,0.012778,WALKABLE_FRONTIER_AND_GRAB_EXIT_V2,false,false,false,SOLID,EDGE_RUNUP_02,true,false
FULL_R0,161,1,1,false,false,false,false,12.76616,4.453888,1.166667,0,true,true,15,1.893289,0.021111,WALKABLE_FRONTIER_AND_GRAB_EXIT_V2,false,false,false,SOLID,EDGE_RUNUP_02,true,false
FULL_R0,162,1,1,false,false,false,false,12.79393,4.453888,1.666667,0,true,true,15,1.873844,0.029444,WALKABLE_FRONTIER_AND_GRAB_EXIT_V2,false,false,false,SOLID,EDGE_RUNUP_02,true,false
FULL_R0,163,1,1,false,false,false,false,12.83004,4.453888,2.166667,0,true,true,15,1.846066,0.037778,WALKABLE_FRONTIER_AND_GRAB_EXIT_V2,false,false,false,SOLID,EDGE_RUNUP_02,true,false
FULL_R0,164,1,1,false,false,false,false,12.87449,4.453888,2.666667,0,true,true,15,1.809956,0.046111,WALKABLE_FRONTIER_AND_GRAB_EXIT_V2,false,false,false,SOLID,EDGE_RUNUP_02,true,false
FULL_R0,165,1,1,false,false,false,false,12.92727,4.453888,3.166667,0,true,true,15,1.765512,0.054444,WALKABLE_FRONTIER_AND_GRAB_EXIT_V2,false,false,false,SOLID,EDGE_RUNUP_02,true,false
FULL_R0,166,1,1,false,false,false,false,12.98838,4.453888,3.666667,0,true,true,15,1.712733,0.062778,WALKABLE_FRONTIER_AND_GRAB_EXIT_V2,false,false,false,SOLID,EDGE_RUNUP_02,true,false
FULL_R0,167,1,1,false,false,false,false,13.05782,4.453888,4.166667,0,true,true,15,1.651622,0.071111,WALKABLE_FRONTIER_AND_GRAB_EXIT_V2,false,false,false,SOLID,EDGE_RUNUP_02,true,false
FULL_R0,168,1,1,false,false,false,false,13.1356,4.453888,4.666667,0,true,true,15,1.582177,0.079444,WALKABLE_FRONTIER_AND_GRAB_EXIT_V2,false,false,false,SOLID,EDGE_RUNUP_02,true,false
FULL_R0,169,1,1,false,false,false,false,13.22171,4.453888,5.166667,0,true,true,15,1.504399,0.087778,WALKABLE_FRONTIER_AND_GRAB_EXIT_V2,false,false,false,SOLID,EDGE_RUNUP_02,true,false
FULL_R0,170,1,1,false,false,false,false,13.31338,4.453888,5.5,0,true,true,15,1.418288,0.096111,WALKABLE_FRONTIER_AND_GRAB_EXIT_V2,false,false,false,SOLID,EDGE_RUNUP_02,true,false
FULL_R0,171,1,1,false,false,false,false,13.40504,4.453888,5.5,0,true,true,15,1.326622,0.101667,WALKABLE_FRONTIER_AND_GRAB_EXIT_V2,false,false,false,SOLID,EDGE_RUNUP_02,true,false
FULL_R0,172,1,1,false,false,false,false,13.49671,4.453888,5.5,0,true,true,15,1.234956,0.101667,WALKABLE_FRONTIER_AND_GRAB_EXIT_V2,false,false,false,SOLID,EDGE_RUNUP_02,true,false
FULL_R0,173,1,1,false,false,false,false,13.58838,4.453888,5.5,0,true,true,15,1.14329,0.101667,WALKABLE_FRONTIER_AND_GRAB_EXIT_V2,false,false,false,SOLID,EDGE_RUNUP_02,true,false
FULL_R0,174,1,1,false,false,false,false,13.68004,4.453888,5.5,0,true,true,15,1.051623,0.101667,WALKABLE_FRONTIER_AND_GRAB_EXIT_V2,false,false,false,SOLID,EDGE_RUNUP_02,true,false
FULL_R0,175,1,1,false,false,false,false,13.77171,4.453888,5.5,0,true,true,15,0.959957,0.101667,WALKABLE_FRONTIER_AND_GRAB_EXIT_V2,false,false,false,SOLID,EDGE_RUNUP_02,true,false
FULL_R0,176,1,1,false,false,false,false,13.86338,4.453888,5.5,0,true,true,15,0.868291,0.101667,WALKABLE_FRONTIER_AND_GRAB_EXIT_V2,false,false,false,SOLID,EDGE_RUNUP_02,true,false
FULL_R0,177,1,1,false,false,false,false,13.95504,4.453888,5.5,0,true,true,15,0.776625,0.101667,WALKABLE_FRONTIER_AND_GRAB_EXIT_V2,false,false,false,SOLID,EDGE_RUNUP_02,true,false
FULL_R0,178,1,1,false,false,false,false,14.04671,4.453888,5.5,0,true,true,15,0.684959,0.101667,WALKABLE_FRONTIER_AND_GRAB_EXIT_V2,false,false,false,SOLID,EDGE_RUNUP_02,true,false
FULL_R0,179,1,1,false,false,false,false,14.13837,4.453888,5.5,0,true,true,15,0.593292,0.101667,WALKABLE_FRONTIER_AND_GRAB_EXIT_V2,false,false,false,SOLID,EDGE_RUNUP_02,true,false
FULL_R0,180,1,1,false,false,false,false,14.23004,4.453888,5.5,0,true,true,15,0.501626,0.101667,WALKABLE_FRONTIER_AND_GRAB_EXIT_V2,false,false,false,SOLID,EDGE_RUNUP_02,true,false
FULL_R0,181,1,1,false,false,false,false,14.32171,4.453888,5.5,0,true,true,15,0.40996,0.101667,WALKABLE_FRONTIER_AND_GRAB_EXIT_V2,false,false,false,SOLID,EDGE_RUNUP_02,true,false
FULL_R0,182,1,1,false,false,false,false,14.41337,4.453888,5.5,0,true,true,15,0.318294,0.101667,WALKABLE_FRONTIER_AND_GRAB_EXIT_V2,false,false,false,SOLID,EDGE_RUNUP_02,true,false
FULL_R0,183,1,1,false,false,false,false,14.50504,4.453888,5.5,0,true,true,15,0.226627,0.101667,WALKABLE_FRONTIER_AND_GRAB_EXIT_V2,false,false,false,SOLID,EDGE_RUNUP_02,true,false
FULL_R0,184,1,1,false,false,false,false,14.59671,4.453888,5.5,0,true,true,15,0.134961,0.101667,WALKABLE_FRONTIER_AND_GRAB_EXIT_V2,false,false,false,SOLID,EDGE_RUNUP_02,true,false
FULL_R0,185,1,1,false,false,true,false,14.68837,4.568332,5.5,6.866666,false,true,15,0.043295,0.101667,WALKABLE_FRONTIER_AND_GRAB_EXIT_V2,false,false,false,AIR,JUMP_02,true,false
FULL_R0,186,1,1,false,false,true,false,14.78004,4.677221,5.5,6.533333,false,false,-1,-1,-1,,false,false,false,AIR,AIR_02,true,false
FULL_R0,187,1,1,false,false,true,false,14.8717,4.780555,5.5,6.199999,false,false,-1,-1,-1,,false,false,false,AIR,AIR_02,true,false
FULL_R0,188,1,1,false,false,true,false,14.96337,4.878333,5.5,5.866666,false,false,-1,-1,-1,,false,false,false,AIR,AIR_02,true,false
FULL_R0,189,1,1,false,false,true,false,15.05504,4.970555,5.5,5.533332,false,false,-1,-1,-1,,false,false,false,AIR,AIR_02,true,false
FULL_R0,190,1,1,false,false,true,false,15.1467,5.057221,5.5,5.199999,false,false,-1,-1,-1,,false,false,false,AIR,AIR_02,true,false
FULL_R0,191,1,1,false,false,true,false,15.23837,5.138332,5.5,4.866665,false,false,-1,-1,-1,,false,false,false,AIR,AIR_02,true,false
FULL_R0,192,1,1,false,false,true,false,15.33004,5.213888,5.5,4.533332,false,false,-1,-1,-1,,false,false,false,AIR,AIR_02,true,false
FULL_R0,193,1,1,false,false,true,false,15.4217,5.283888,5.5,4.199998,false,false,-1,-1,-1,,false,false,false,AIR,AIR_02,true,false
FULL_R0,194,1,1,false,false,true,false,15.51337,5.348332,5.5,3.866665,false,false,-1,-1,-1,,false,false,false,AIR,AIR_02,true,false
FULL_R0,195,1,1,false,false,true,false,15.60503,5.407221,5.5,3.533332,false,false,-1,-1,-1,,false,false,false,AIR,AIR_02,true,false
FULL_R0,196,1,1,false,false,true,false,15.6967,5.460555,5.5,3.199999,false,false,-1,-1,-1,,false,false,false,AIR,AIR_02,true,false
FULL_R0,197,1,1,false,false,true,false,15.78837,5.508332,5.5,2.866665,false,false,-1,-1,-1,,false,false,false,AIR,AIR_02,true,false
FULL_R0,198,1,1,false,false,true,false,15.88003,5.545,5.5,0,false,false,-1,-1,-1,,false,false,false,AIR,AIR_02,true,false
FULL_R0,199,1,1,false,false,true,false,15.9717,5.537777,5.5,-0.433333,false,false,-1,-1,-1,,false,false,false,AIR,AIR_02,true,false
FULL_R0,200,1,1,false,false,true,false,16.06337,5.523333,5.5,-0.866667,false,false,-1,-1,-1,,false,false,false,AIR,AIR_02,true,false
FULL_R0,201,1,1,false,false,true,false,16.15503,5.455,5.5,0,true,false,-1,-1,-1,,false,false,false,TOP_ONLY,AIR_02,true,false
FULL_R0,202,1,1,false,false,true,false,16.2467,5.455,5.5,0,true,true,-1,-1,-1,,false,false,false,TOP_ONLY,AIR_02,true,false
FULL_R0,203,1,1,false,false,true,false,16.33837,5.455,5.5,0,true,true,-1,-1,-1,,false,false,false,TOP_ONLY,AIR_02,true,false
FULL_R0,204,1,1,false,false,true,false,16.43003,5.455,5.5,0,true,true,-1,-1,-1,,false,false,false,TOP_ONLY,AIR_02,true,false
FULL_R0,205,1,1,false,false,true,false,16.5217,5.455,5.5,0,true,true,-1,-1,-1,,false,false,false,TOP_ONLY,AIR_02,true,false
FULL_R0,206,1,1,false,false,true,false,16.61337,5.455,5.5,0,true,true,-1,-1,-1,,false,false,false,TOP_ONLY,AIR_02,true,false
FULL_R0,207,1,1,false,false,true,false,16.70504,5.455,5.5,0,true,true,-1,-1,-1,,false,false,false,TOP_ONLY,LINK_TARGET_02,true,false
FULL_R0,208,1,1,false,false,false,false,16.7967,5.455,5.5,0,true,true,-1,-1,-1,,false,false,false,TOP_ONLY,FIX03_WALK_TO_LINK03,true,false
FULL_R0,209,1,1,false,false,false,false,16.88837,5.455,5.5,0,true,true,-1,-1,-1,,false,false,false,TOP_ONLY,FIX03_WALK_TO_LINK03,true,false
FULL_R0,210,1,1,false,false,false,false,16.98004,5.455,5.5,0,true,true,-1,-1,-1,,false,false,false,TOP_ONLY,FIX03_WALK_TO_LINK03,true,false
FULL_R0,211,1,1,false,false,false,false,17.0717,5.455,5.5,0,true,true,-1,-1,-1,,false,false,false,TOP_ONLY,FIX03_WALK_TO_LINK03,true,false
FULL_R0,212,1,1,false,false,false,false,17.16337,5.455,5.5,0,true,true,-1,-1,-1,,false,false,false,TOP_ONLY,FIX03_WALK_TO_LINK03,true,false
FULL_R0,213,1,1,false,false,false,false,17.25504,5.455,5.5,0,true,true,-1,-1,-1,,false,false,false,TOP_ONLY,FIX03_WALK_TO_LINK03,true,false
FULL_R0,214,1,1,false,false,false,false,17.34671,5.455,5.5,0,true,true,-1,-1,-1,,false,false,false,TOP_ONLY,FIX03_WALK_TO_LINK03,true,false
FULL_R0,215,1,1,false,false,false,false,17.43837,5.455,5.5,0,true,true,-1,-1,-1,,false,false,false,TOP_ONLY,FIX03_WALK_TO_LINK03,true,false
FULL_R0,216,1,1,false,false,false,false,17.53004,5.455,5.5,0,true,true,-1,-1,-1,,false,false,false,TOP_ONLY,FIX03_WALK_TO_LINK03,true,false
FULL_R0,217,1,1,false,false,false,false,17.62171,5.455,5.5,0,true,true,-1,-1,-1,,false,false,false,TOP_ONLY,FIX03_WALK_TO_LINK03,true,false
FULL_R0,218,1,1,false,false,false,false,17.71338,5.455,5.5,0,true,true,-1,-1,-1,,false,false,false,TOP_ONLY,FIX03_WALK_TO_LINK03,true,false
FULL_R0,219,1,1,false,false,false,false,17.80504,5.455,5.5,0,true,true,-1,-1,-1,,false,false,false,TOP_ONLY,FIX03_WALK_TO_LINK03,true,false
FULL_R0,220,1,1,false,false,false,false,17.89671,5.455,5.5,0,true,true,-1,-1,-1,,false,false,false,TOP_ONLY,FIX03_WALK_TO_LINK03,true,false
FULL_R0,221,1,1,false,false,false,false,17.98838,5.455,5.5,0,true,true,-1,-1,-1,,false,false,false,TOP_ONLY,FIX03_WALK_TO_LINK03,true,false
FULL_R0,222,1,1,false,false,false,false,18.08004,5.455,5.5,0,true,true,-1,-1,-1,,false,false,false,TOP_ONLY,FIX03_WALK_TO_LINK03,true,false
FULL_R0,223,1,1,false,false,false,false,18.17171,5.455,5.5,0,true,true,-1,-1,-1,,false,false,false,TOP_ONLY,FIX03_WALK_TO_LINK03,true,false
FULL_R0,224,1,1,false,false,false,false,18.26338,5.455,5.5,0,true,true,-1,-1,-1,,false,false,false,TOP_ONLY,FIX03_WALK_TO_LINK03,true,false
FULL_R0,225,-1,-1,false,false,false,false,18.34671,5.455,5,0,true,true,-1,-1,-1,,false,false,false,TOP_ONLY,FIX03_WALK_TO_LINK03,true,false
FULL_R0,226,-1,-1,false,false,false,false,18.42171,5.455,4.5,0,true,true,-1,-1,-1,,false,false,false,TOP_ONLY,FIX03_WALK_TO_LINK03,true,false
FULL_R0,227,-1,-1,false,false,false,false,18.48838,5.455,4,0,true,true,-1,-1,-1,,false,false,false,TOP_ONLY,FIX03_WALK_TO_LINK03,true,false
FULL_R0,228,1,1,false,false,false,false,18.56338,5.455,4.5,0,true,true,-1,-1,-1,,false,false,false,TOP_ONLY,GRAB_APPROACH_STAGE_03,true,false
FULL_R0,229,1,1,false,false,false,false,18.64672,5.455,5,0,true,true,-1,-1,-1,,false,false,false,TOP_ONLY,GRAB_APPROACH_STAGE_03,true,false
FULL_R0,230,1,1,false,false,false,false,18.73838,5.455,5.5,0,true,true,-1,-1,-1,,false,false,false,TOP_ONLY,GRAB_APPROACH_STAGE_03,true,false
FULL_R0,231,1,1,false,false,false,false,18.83005,5.455,5.5,0,true,true,-1,-1,-1,,false,false,false,TOP_ONLY,GRAB_APPROACH_STAGE_03,true,false
FULL_R0,232,1,1,false,false,false,false,18.92172,5.455,5.5,0,true,true,-1,-1,-1,,false,false,false,TOP_ONLY,GRAB_APPROACH_STAGE_03,true,false
FULL_R0,233,1,1,false,false,false,false,19.01338,5.455,5.5,0,true,true,-1,-1,-1,,false,false,false,TOP_ONLY,GRAB_APPROACH_STAGE_03,true,false
FULL_R0,234,1,1,false,false,false,false,19.10505,5.455,5.5,0,true,true,-1,-1,-1,,false,false,false,TOP_ONLY,GRAB_APPROACH_STAGE_03,true,false
FULL_R0,235,1,1,false,false,false,false,19.19672,5.455,5.5,0,true,true,-1,-1,-1,,false,false,false,TOP_ONLY,GRAB_APPROACH_STAGE_03,true,false
FULL_R0,236,0,0,false,false,false,false,19.27727,5.455,4.833333,0,true,true,-1,-1,-1,,false,false,false,TOP_ONLY,GRAB_APPROACH_STAGE_03,true,false
FULL_R0,237,0,0,false,false,false,false,19.34672,5.455,4.166667,0,true,true,-1,-1,-1,,false,false,false,TOP_ONLY,GRAB_APPROACH_STAGE_03,true,false
FULL_R0,238,0,0,false,false,false,false,19.40505,5.455,3.5,0,true,true,-1,-1,-1,,false,false,false,TOP_ONLY,GRAB_APPROACH_STAGE_03,true,false
FULL_R0,239,0,0,false,false,false,false,19.45227,5.455,2.833333,0,true,true,-1,-1,-1,,false,false,false,TOP_ONLY,GRAB_APPROACH_STAGE_03,true,false
FULL_R0,240,0,0,false,false,false,false,19.48838,5.455,2.166667,0,true,true,-1,-1,-1,,false,false,false,TOP_ONLY,GRAB_APPROACH_STAGE_03,true,false
FULL_R0,241,0,0,false,false,false,false,19.51338,5.455,1.5,0,true,true,-1,-1,-1,,false,false,false,TOP_ONLY,GRAB_APPROACH_STAGE_03,true,false
FULL_R0,242,1,1,false,false,false,false,19.54672,5.455,2,0,true,true,-1,-1,-1,,false,false,false,TOP_ONLY,GRAB_APPROACH_STAGE_03,true,false
FULL_R0,243,-1,-1,false,false,false,false,19.57172,5.455,1.5,0,true,true,-1,-1,-1,,false,false,false,TOP_ONLY,GRAB_APPROACH_STAGE_03,true,false
FULL_R0,244,-1,-1,false,false,false,false,19.58838,5.455,1,0,true,true,-1,-1,-1,,false,false,false,TOP_ONLY,GRAB_APPROACH_STAGE_03,true,false
FULL_R0,245,-1,-1,false,false,false,false,19.59672,5.455,0.5,0,true,true,-1,-1,-1,,false,false,false,TOP_ONLY,GRAB_APPROACH_STAGE_03,true,false
FULL_R0,246,-1,-1,false,false,false,false,19.59672,5.455,0,0,true,true,-1,-1,-1,,false,false,false,TOP_ONLY,GRAB_APPROACH_STAGE_03,true,false
FULL_R0,247,-1,-1,false,false,false,false,19.58838,5.455,-0.5,0,true,true,18.88334,0.713381,0.018333,TERMINAL_SOLID_DESCENDING_GRAB_APPROACH_V1,false,false,false,TOP_ONLY,GRAB_APPROACH_RUNUP,true,false
FULL_R0,248,-1,-1,false,false,false,false,19.57172,5.455,-1,0,true,true,18.88334,0.705048,0.018333,TERMINAL_SOLID_DESCENDING_GRAB_APPROACH_V1,false,false,false,TOP_ONLY,GRAB_APPROACH_RUNUP,true,false
FULL_R0,249,-1,-1,false,false,false,false,19.54672,5.455,-1.5,0,true,true,18.88334,0.688381,0.026667,TERMINAL_SOLID_DESCENDING_GRAB_APPROACH_V1,false,false,false,TOP_ONLY,GRAB_APPROACH_RUNUP,true,false
FULL_R0,250,-1,-1,false,false,false,false,19.51338,5.455,-2,0,true,true,18.88334,0.663382,0.035,TERMINAL_SOLID_DESCENDING_GRAB_APPROACH_V1,false,false,false,TOP_ONLY,GRAB_APPROACH_RUNUP,true,false
FULL_R0,251,-1,-1,false,false,false,false,19.47172,5.455,-2.5,0,true,true,18.88334,0.630049,0.043333,TERMINAL_SOLID_DESCENDING_GRAB_APPROACH_V1,false,false,false,TOP_ONLY,GRAB_APPROACH_RUNUP,true,false
FULL_R0,252,-1,-1,false,false,false,false,19.42172,5.455,-3,0,true,true,18.88334,0.588383,0.051667,TERMINAL_SOLID_DESCENDING_GRAB_APPROACH_V1,false,false,false,TOP_ONLY,GRAB_APPROACH_RUNUP,true,false
FULL_R0,253,-1,-1,false,false,false,false,19.36339,5.455,-3.5,0,true,true,18.88334,0.538384,0.06,TERMINAL_SOLID_DESCENDING_GRAB_APPROACH_V1,false,false,false,TOP_ONLY,GRAB_APPROACH_RUNUP,true,false
FULL_R0,254,-1,-1,false,false,false,false,19.29672,5.455,-4,0,true,true,18.88334,0.480051,0.068333,TERMINAL_SOLID_DESCENDING_GRAB_APPROACH_V1,false,false,false,TOP_ONLY,GRAB_APPROACH_RUNUP,true,false
FULL_R0,255,-1,-1,false,false,false,false,19.22172,5.455,-4.5,0,true,true,18.88334,0.413384,0.076667,TERMINAL_SOLID_DESCENDING_GRAB_APPROACH_V1,false,false,false,TOP_ONLY,GRAB_APPROACH_RUNUP,true,false
FULL_R0,256,-1,-1,false,false,false,false,19.13838,5.455,-5,0,true,true,18.88334,0.338383,0.085,TERMINAL_SOLID_DESCENDING_GRAB_APPROACH_V1,false,false,false,TOP_ONLY,GRAB_APPROACH_RUNUP,true,false
FULL_R0,257,-1,-1,false,false,false,false,19.04672,5.455,-5.5,0,true,true,18.88334,0.255049,0.093333,TERMINAL_SOLID_DESCENDING_GRAB_APPROACH_V1,false,false,false,TOP_ONLY,GRAB_APPROACH_RUNUP,true,false
FULL_R0,258,-1,-1,false,false,false,false,18.95505,5.455,-5.5,0,true,true,18.88334,0.163382,0.101667,TERMINAL_SOLID_DESCENDING_GRAB_APPROACH_V1,false,false,false,TOP_ONLY,GRAB_APPROACH_RUNUP,true,false
FULL_R0,259,-1,-1,false,false,true,false,18.86338,5.569445,-5.5,6.866666,false,true,18.88334,0.071714,0.101667,TERMINAL_SOLID_DESCENDING_GRAB_APPROACH_V1,false,false,false,AIR,GRAB_APPROACH_JUMP,true,false
FULL_R0,260,-1,-1,false,false,true,false,18.77172,5.678334,-5.5,6.533333,false,false,-1,-1,-1,,false,false,false,AIR,AIR_03,true,false
FULL_R0,261,-1,-1,false,false,true,false,18.68005,5.781667,-5.5,6.199999,false,false,-1,-1,-1,,false,false,false,AIR,AIR_03,true,false
FULL_R0,262,-1,-1,false,false,true,false,18.58838,5.879445,-5.5,5.866666,false,false,-1,-1,-1,,false,false,false,AIR,AIR_03,true,false
FULL_R0,263,-1,-1,false,false,true,false,18.49671,5.971667,-5.5,5.533332,false,false,-1,-1,-1,,false,false,false,AIR,AIR_03,true,false
FULL_R0,264,-1,-1,false,false,true,false,18.40505,6.058334,-5.5,5.199999,false,false,-1,-1,-1,,false,false,false,AIR,AIR_03,true,false
FULL_R0,265,-1,-1,false,false,true,false,18.31338,6.139445,-5.5,4.866665,false,false,-1,-1,-1,,false,false,false,AIR,AIR_03,true,false
FULL_R0,266,-1,-1,false,false,true,false,18.22171,6.215,-5.5,4.533332,false,false,-1,-1,-1,,false,false,false,AIR,AIR_03,true,false
FULL_R0,267,-1,-1,false,false,true,false,18.13004,6.285,-5.5,4.199998,false,false,-1,-1,-1,,false,false,false,AIR,AIR_03,true,false
FULL_R0,268,-1,-1,false,false,true,false,18.03838,6.349445,-5.5,3.866665,false,false,-1,-1,-1,,false,false,false,AIR,AIR_03,true,false
FULL_R0,269,-1,-1,false,false,true,false,17.94671,6.408334,-5.5,3.533332,false,false,-1,-1,-1,,false,false,false,AIR,AIR_03,true,false
FULL_R0,270,-1,-1,false,false,true,false,17.85504,6.461667,-5.5,3.199999,false,false,-1,-1,-1,,false,false,false,AIR,AIR_03,true,false
FULL_R0,271,-1,-1,false,false,true,false,17.76338,6.509445,-5.5,2.866665,false,false,-1,-1,-1,,false,false,false,AIR,AIR_03,true,false
FULL_R0,272,-1,-1,false,false,true,false,17.67171,6.551667,-5.5,2.533332,false,false,-1,-1,-1,,false,false,false,AIR,AIR_03,true,false
FULL_R0,273,-1,-1,false,false,true,false,17.58004,6.588334,-5.5,2.199999,false,false,-1,-1,-1,,false,false,false,AIR,AIR_03,true,false
FULL_R0,274,-1,-1,false,false,true,false,17.48837,6.619445,-5.5,1.866665,false,false,-1,-1,-1,,false,false,false,AIR,AIR_03,true,false
FULL_R0,275,-1,-1,false,false,true,false,17.39671,6.645,-5.5,1.533332,false,false,-1,-1,-1,,false,false,false,AIR,AIR_03,true,false
FULL_R0,276,-1,-1,false,false,true,false,17.30504,6.665,-5.5,1.199999,false,false,-1,-1,-1,,false,false,false,AIR,AIR_03,true,false
FULL_R0,277,-1,-1,false,false,true,false,17.21337,6.679445,-5.5,0.866665,false,false,-1,-1,-1,,false,false,false,AIR,AIR_03,true,false
FULL_R0,278,-1,-1,false,false,true,false,17.12171,6.688334,-5.5,0.533332,false,false,-1,-1,-1,,false,false,false,AIR,AIR_03,true,false
FULL_R0,279,-1,-1,false,false,true,false,17.03004,6.691667,-5.5,0.199999,false,false,-1,-1,-1,,false,false,false,AIR,AIR_03,true,false
FULL_R0,280,-1,-1,false,false,true,false,16.93837,6.689445,-5.5,-0.133335,false,false,-1,-1,-1,,false,false,false,AIR,AIR_03,true,false
FULL_R0,281,-1,-1,false,false,true,false,16.8467,6.68,-5.5,-0.566668,false,false,-1,-1,-1,,false,false,false,AIR,AIR_03,true,false
FULL_R0,282,-1,-1,false,false,true,false,16.75504,6.663333,-5.5,-1.000001,false,false,-1,-1,-1,,false,false,false,AIR,AIR_03,true,false
FULL_R0,283,-1,-1,false,false,true,false,16.66337,6.639444,-5.5,-1.433335,false,false,-1,-1,-1,,false,false,false,AIR,AIR_03,true,false
FULL_R0,284,-1,-1,false,false,true,false,16.38,6.38,0,0,false,false,-1,-1,-1,,true,false,false,GRAB_SAFE_SOLID,GRAB_ENTER,true,false
FULL_R0,285,0,0,false,false,false,false,16.38,6.38,0,0,false,false,-1,-1,-1,,true,false,false,GRAB_SAFE_SOLID,GRAB_HOLD,true,false
FULL_R0,286,-1,-1,false,false,true,false,16.36889,6.494444,-0.666667,6.866666,false,false,-1,-1,-1,,false,false,false,AIR,GRAB_SPACE_EXIT,true,false
FULL_R0,287,-1,-1,false,false,true,false,16.365,6.603333,0,6.533333,false,false,-1,-1,-1,,false,false,false,AIR,GRAB_EXIT,true,false
FULL_R0,288,-1,-1,false,false,true,false,16.36444,6.706667,0,6.199999,false,false,-1,-1,-1,,false,false,false,AIR,AIR_03,true,false
FULL_R0,289,-1,-1,false,false,true,false,16.36389,6.804445,0,5.866666,false,false,-1,-1,-1,,false,false,false,AIR,AIR_03,true,false
FULL_R0,290,-1,-1,false,false,true,false,16.36389,6.896667,0,5.533332,false,false,-1,-1,-1,,false,false,false,AIR,AIR_03,true,false
FULL_R0,291,-1,-1,false,false,true,false,16.36389,6.983334,0,5.199999,false,false,-1,-1,-1,,false,false,false,AIR,AIR_03,true,false
FULL_R0,292,-1,-1,false,false,true,false,16.36389,7.064445,0,4.866665,false,false,-1,-1,-1,,false,false,false,AIR,AIR_03,true,false
FULL_R0,293,-1,-1,false,false,true,false,16.36389,7.14,0,4.533332,false,false,-1,-1,-1,,false,false,false,AIR,AIR_03,true,false
FULL_R0,294,-1,-1,false,false,true,false,16.36147,7.21,0,4.199998,false,false,-1,-1,-1,,false,false,false,AIR,AIR_03,true,false
FULL_R0,295,-1,-1,false,false,true,false,16.35036,7.274445,-0.666667,3.866665,false,false,-1,-1,-1,,false,false,false,AIR,AIR_03,true,false
FULL_R0,296,-1,-1,false,false,true,false,16.32813,7.333333,-1.333333,3.533332,false,false,-1,-1,-1,,false,false,false,AIR,AIR_03,true,false
FULL_R0,297,-1,-1,false,false,true,false,16.2948,7.386667,-2,3.199999,false,false,-1,-1,-1,,false,false,false,AIR,AIR_03,true,false
FULL_R0,298,-1,-1,false,false,true,false,16.25035,7.434444,-2.666667,2.866665,false,false,-1,-1,-1,,false,false,false,AIR,AIR_03,true,false
FULL_R0,299,-1,-1,false,false,true,false,16.1948,7.476666,-3.333333,2.533332,false,false,-1,-1,-1,,false,false,false,AIR,AIR_03,true,false
FULL_R0,300,-1,-1,false,false,true,false,16.12813,7.513333,-4,2.199999,false,false,-1,-1,-1,,false,false,false,AIR,AIR_03,true,false
FULL_R0,301,-1,-1,false,false,true,false,16.05035,7.544445,-4.666667,1.866665,false,false,-1,-1,-1,,false,false,false,AIR,AIR_03,true,false
FULL_R0,302,-1,-1,false,false,true,false,15.96146,7.57,-5.333333,1.533332,false,false,-1,-1,-1,,false,false,false,AIR,AIR_03,true,false
FULL_R0,303,-1,-1,false,false,true,false,15.8698,7.59,-5.5,1.199999,false,false,-1,-1,-1,,false,false,false,AIR,AIR_03,true,false
FULL_R0,304,-1,-1,false,false,true,false,15.77813,7.604445,-5.5,0.866665,false,false,-1,-1,-1,,false,false,false,AIR,AIR_03,true,false
FULL_R0,305,-1,-1,false,false,true,false,15.68647,7.613333,-5.5,0.533332,false,false,-1,-1,-1,,false,false,false,AIR,AIR_03,true,false
FULL_R0,306,-1,-1,false,false,true,false,15.5948,7.616666,-5.5,0.199999,false,false,-1,-1,-1,,false,false,false,AIR,AIR_03,true,false
FULL_R0,307,1,1,false,false,true,false,15.51424,7.614444,-4.833333,-0.133335,false,false,-1,-1,-1,,false,false,false,AIR,AIR_03,true,false
FULL_R0,308,1,1,false,false,true,false,15.4448,7.605,-4.166667,-0.566668,false,false,-1,-1,-1,,false,false,false,AIR,AIR_03,true,false
FULL_R0,309,1,1,false,false,true,false,15.38647,7.588333,-3.5,-1.000001,false,false,-1,-1,-1,,false,false,false,AIR,AIR_03,true,false
FULL_R0,310,1,1,false,false,true,false,15.33924,7.564444,-2.833333,-1.433335,false,false,-1,-1,-1,,false,false,false,AIR,AIR_03,true,false
FULL_R0,311,1,1,false,false,true,false,15.30313,7.533333,-2.166667,-1.866668,false,false,-1,-1,-1,,false,false,false,AIR,AIR_03,true,false
FULL_R0,312,1,1,false,false,true,false,15.27813,7.494999,-1.5,-2.300002,false,false,-1,-1,-1,,false,false,false,AIR,AIR_03,true,false
FULL_R0,313,1,1,false,false,true,false,15.26147,7.455,-1,0,true,false,-1,-1,-1,,false,false,false,SOLID,LINK_TARGET_03,true,false
FULL_R0,314,-1,-1,false,false,false,false,15.23647,7.455,-1.5,0,true,true,14,0.901467,0.026667,WALKABLE_FRONTIER_AND_GRAB_EXIT_V2,false,false,false,SOLID,EDGE_RUNUP_04,true,false
FULL_R0,315,-1,-1,false,false,false,false,15.20313,7.455,-2,0,true,true,14,0.876468,0.035,WALKABLE_FRONTIER_AND_GRAB_EXIT_V2,false,false,false,SOLID,EDGE_RUNUP_04,true,false
FULL_R0,316,-1,-1,false,false,false,false,15.16147,7.455,-2.5,0,true,true,14,0.843134,0.043333,WALKABLE_FRONTIER_AND_GRAB_EXIT_V2,false,false,false,SOLID,EDGE_RUNUP_04,true,false
FULL_R0,317,-1,-1,false,false,false,false,15.11147,7.455,-3,0,true,true,14,0.801467,0.051667,WALKABLE_FRONTIER_AND_GRAB_EXIT_V2,false,false,false,SOLID,EDGE_RUNUP_04,true,false
FULL_R0,318,-1,-1,false,false,false,false,15.05313,7.455,-3.5,0,true,true,14,0.751467,0.06,WALKABLE_FRONTIER_AND_GRAB_EXIT_V2,false,false,false,SOLID,EDGE_RUNUP_04,true,false
FULL_R0,319,-1,-1,false,false,false,false,14.98647,7.455,-4,0,true,true,14,0.693133,0.068333,WALKABLE_FRONTIER_AND_GRAB_EXIT_V2,false,false,false,TOP_ONLY,EDGE_RUNUP_04,true,false
FULL_R0,320,-1,-1,false,false,false,false,14.91147,7.455,-4.5,0,true,true,14,0.626467,0.076667,WALKABLE_FRONTIER_AND_GRAB_EXIT_V2,false,false,false,TOP_ONLY,EDGE_RUNUP_04,true,false
FULL_R0,321,-1,-1,false,false,false,false,14.82813,7.455,-5,0,true,true,14,0.551467,0.085,WALKABLE_FRONTIER_AND_GRAB_EXIT_V2,false,false,false,TOP_ONLY,EDGE_RUNUP_04,true,false
FULL_R0,322,-1,-1,false,false,false,false,14.73647,7.455,-5.5,0,true,true,14,0.468134,0.093333,WALKABLE_FRONTIER_AND_GRAB_EXIT_V2,false,false,false,TOP_ONLY,EDGE_RUNUP_04,true,false
FULL_R0,323,-1,-1,false,false,false,false,14.6448,7.455,-5.5,0,true,true,14,0.376468,0.101667,WALKABLE_FRONTIER_AND_GRAB_EXIT_V2,false,false,false,TOP_ONLY,EDGE_RUNUP_04,true,false
FULL_R0,324,-1,-1,false,false,false,false,14.55313,7.455,-5.5,0,true,true,14,0.284802,0.101667,WALKABLE_FRONTIER_AND_GRAB_EXIT_V2,false,false,false,TOP_ONLY,EDGE_RUNUP_04,true,false
FULL_R0,325,-1,-1,false,false,false,false,14.46147,7.455,-5.5,0,true,true,14,0.193135,0.101667,WALKABLE_FRONTIER_AND_GRAB_EXIT_V2,false,false,false,TOP_ONLY,EDGE_RUNUP_04,true,false
FULL_R0,326,-1,-1,false,false,true,false,14.3698,7.569445,-5.5,6.866666,false,true,14,0.101469,0.101667,WALKABLE_FRONTIER_AND_GRAB_EXIT_V2,false,false,false,AIR,JUMP_04,true,false
FULL_R0,327,-1,-1,false,false,true,false,14.27814,7.678334,-5.5,6.533333,false,false,-1,-1,-1,,false,false,false,AIR,AIR_04,true,false
FULL_R0,328,-1,-1,false,false,true,false,14.18647,7.781667,-5.5,6.199999,false,false,-1,-1,-1,,false,false,false,AIR,AIR_04,true,false
FULL_R0,329,-1,-1,false,false,true,false,14.0948,7.879445,-5.5,5.866666,false,false,-1,-1,-1,,false,false,false,AIR,AIR_04,true,false
FULL_R0,330,-1,-1,false,false,true,false,14.00314,7.971667,-5.5,5.533332,false,false,-1,-1,-1,,false,false,false,AIR,AIR_04,true,false
FULL_R0,331,-1,-1,false,false,true,false,13.91147,8.058334,-5.5,5.199999,false,false,-1,-1,-1,,false,false,false,AIR,AIR_04,true,false
FULL_R0,332,-1,-1,false,false,true,false,13.81981,8.139445,-5.5,4.866665,false,false,-1,-1,-1,,false,false,false,AIR,AIR_04,true,false
FULL_R0,333,-1,-1,false,false,true,false,13.72814,8.215001,-5.5,4.533332,false,false,-1,-1,-1,,false,false,false,AIR,AIR_04,true,false
FULL_R0,334,-1,-1,false,false,true,false,13.63647,8.285001,-5.5,4.199998,false,false,-1,-1,-1,,false,false,false,AIR,AIR_04,true,false
FULL_R0,335,-1,-1,false,false,true,false,13.54481,8.349445,-5.5,3.866665,false,false,-1,-1,-1,,false,false,false,AIR,AIR_04,true,false
FULL_R0,336,-1,-1,false,false,true,false,13.45314,8.408334,-5.5,3.533332,false,false,-1,-1,-1,,false,false,false,AIR,AIR_04,true,false
FULL_R0,337,-1,-1,false,false,true,false,13.36147,8.461667,-5.5,3.199999,false,false,-1,-1,-1,,false,false,false,AIR,AIR_04,true,false
FULL_R0,338,-1,-1,false,false,true,false,13.26981,8.509445,-5.5,2.866665,false,false,-1,-1,-1,,false,false,false,AIR,AIR_04,true,false
FULL_R0,339,-1,-1,false,false,true,false,13.17814,8.551667,-5.5,2.533332,false,false,-1,-1,-1,,false,false,false,AIR,AIR_04,true,false
FULL_R0,340,-1,-1,false,false,true,false,13.08648,8.588334,-5.5,2.199999,false,false,-1,-1,-1,,false,false,false,AIR,AIR_04,true,false
FULL_R0,341,-1,-1,false,false,true,false,12.99481,8.619445,-5.5,1.866665,false,false,-1,-1,-1,,false,false,false,AIR,AIR_04,true,false
FULL_R0,342,-1,-1,false,false,true,false,12.90314,8.645,-5.5,1.533332,false,false,-1,-1,-1,,false,false,false,AIR,AIR_04,true,false
FULL_R0,343,-1,-1,false,false,true,false,12.81148,8.665,-5.5,1.199999,false,false,-1,-1,-1,,false,false,false,AIR,AIR_04,true,false
FULL_R0,344,-1,-1,false,false,true,false,12.71981,8.679444,-5.5,0.866665,false,false,-1,-1,-1,,false,false,false,AIR,AIR_04,true,false
FULL_R0,345,-1,-1,false,false,true,false,12.62814,8.688334,-5.5,0.533332,false,false,-1,-1,-1,,false,false,false,AIR,AIR_04,true,false
FULL_R0,346,-1,-1,false,false,true,false,12.53648,8.691667,-5.5,0.199999,false,false,-1,-1,-1,,false,false,false,AIR,AIR_04,true,false
FULL_R0,347,-1,-1,false,false,true,false,12.44481,8.689445,-5.5,-0.133335,false,false,-1,-1,-1,,false,false,false,AIR,AIR_04,true,false
FULL_R0,348,-1,-1,false,false,true,false,12.35315,8.68,-5.5,-0.566668,false,false,-1,-1,-1,,false,false,false,AIR,AIR_04,true,false
FULL_R0,349,-1,-1,false,false,true,false,12.26148,8.663334,-5.5,-1.000001,false,false,-1,-1,-1,,false,false,false,AIR,AIR_04,true,false
FULL_R0,350,-1,-1,false,false,true,false,12.16981,8.639445,-5.5,-1.433335,false,false,-1,-1,-1,,false,false,false,AIR,AIR_04,true,false
FULL_R0,351,-1,-1,false,false,true,false,12.07815,8.608335,-5.5,-1.866668,false,false,-1,-1,-1,,false,false,false,AIR,AIR_04,true,false
FULL_R0,352,-1,-1,false,false,true,false,11.98648,8.570002,-5.5,-2.300002,false,false,-1,-1,-1,,false,false,false,AIR,AIR_04,true,false
FULL_R0,353,-1,-1,false,false,true,false,11.89481,8.524446,-5.5,-2.733335,false,false,-1,-1,-1,,false,false,false,AIR,AIR_04,true,false
FULL_R0,354,-1,-1,false,false,true,false,11.80315,8.471668,-5.5,-3.166668,false,false,-1,-1,-1,,false,false,false,AIR,AIR_04,true,false
FULL_R0,355,-1,-1,false,false,true,false,11.71148,8.411668,-5.5,-3.600002,false,false,-1,-1,-1,,false,false,false,AIR,AIR_04,true,false
FULL_R0,356,-1,-1,false,false,true,false,11.61982,8.344445,-5.5,-4.033335,false,false,-1,-1,-1,,false,false,false,AIR,AIR_04,true,false
FULL_R0,357,1,1,false,false,true,false,11.53926,8.27,-4.833333,-4.466669,false,false,-1,-1,-1,,false,false,false,AIR,AIR_04,true,false
FULL_R0,358,1,1,false,false,true,false,11.46982,8.188334,-4.166667,-4.900002,false,false,-1,-1,-1,,false,false,false,AIR,AIR_04,true,false
FULL_R0,359,1,1,false,false,true,false,11.41148,8.099444,-3.5,-5.333335,false,false,-1,-1,-1,,false,false,false,AIR,AIR_04,true,false
FULL_R0,360,1,1,false,false,true,false,11.36426,8.003333,-2.833333,-5.766669,false,false,-1,-1,-1,,false,false,false,AIR,AIR_04,true,false
FULL_R0,361,1,1,false,false,true,false,11.32815,7.9,-2.166667,-6.200002,false,false,-1,-1,-1,,false,false,false,AIR,AIR_04,true,false
FULL_R0,362,1,1,false,false,true,false,11.30315,7.789444,-1.5,-6.633336,false,false,-1,-1,-1,,false,false,false,AIR,AIR_04,true,false
FULL_R0,363,1,1,false,false,true,false,11.28926,7.671666,-0.833333,-7.066669,false,false,-1,-1,-1,,false,false,false,AIR,AIR_04,true,false
FULL_R0,364,1,1,false,false,true,false,11.28648,7.546666,-0.166667,-7.500002,false,false,-1,-1,-1,,false,false,false,AIR,AIR_04,true,false
FULL_R0,365,1,1,false,false,true,false,11.29482,7.455,0.5,0,false,false,-1,-1,-1,,false,false,false,AIR,AIR_04,true,false
FULL_R0,366,1,1,false,false,true,false,11.31148,7.455,1,0,true,false,-1,-1,-1,,false,false,false,TOP_ONLY,LINK_TARGET_04,true,false
FULL_R0,367,-1,-1,false,false,false,false,11.31981,7.455,0.5,0,true,true,9,1.951482,0.026667,WALKABLE_FRONTIER_AND_GRAB_EXIT_V2,false,false,false,TOP_ONLY,EDGE_RUNUP_05,true,false
FULL_R0,368,-1,-1,false,false,false,false,11.31981,7.455,0,0,true,true,9,1.959815,0.018333,WALKABLE_FRONTIER_AND_GRAB_EXIT_V2,false,false,false,TOP_ONLY,EDGE_RUNUP_05,true,false
FULL_R0,369,-1,-1,false,false,false,false,11.31148,7.455,-0.5,0,true,true,9,1.959815,0.01,WALKABLE_FRONTIER_AND_GRAB_EXIT_V2,false,false,false,TOP_ONLY,EDGE_RUNUP_05,true,false
FULL_R0,370,-1,-1,false,false,false,false,11.29482,7.455,-1,0,true,true,9,1.951482,0.018333,WALKABLE_FRONTIER_AND_GRAB_EXIT_V2,false,false,false,TOP_ONLY,EDGE_RUNUP_05,true,false
FULL_R0,371,-1,-1,false,false,false,false,11.26982,7.455,-1.5,0,true,true,9,1.934815,0.026667,WALKABLE_FRONTIER_AND_GRAB_EXIT_V2,false,false,false,TOP_ONLY,EDGE_RUNUP_05,true,false
FULL_R0,372,-1,-1,false,false,false,false,11.23648,7.455,-2,0,true,true,9,1.909816,0.035,WALKABLE_FRONTIER_AND_GRAB_EXIT_V2,false,false,false,TOP_ONLY,EDGE_RUNUP_05,true,false
FULL_R0,373,-1,-1,false,false,false,false,11.19481,7.455,-2.5,0,true,true,9,1.876482,0.043333,WALKABLE_FRONTIER_AND_GRAB_EXIT_V2,false,false,false,TOP_ONLY,EDGE_RUNUP_05,true,false
FULL_R0,374,-1,-1,false,false,false,false,11.14481,7.455,-3,0,true,true,9,1.834815,0.051667,WALKABLE_FRONTIER_AND_GRAB_EXIT_V2,false,false,false,TOP_ONLY,EDGE_RUNUP_05,true,false
FULL_R0,375,-1,-1,false,false,false,false,11.08648,7.455,-3.5,0,true,true,9,1.784815,0.06,WALKABLE_FRONTIER_AND_GRAB_EXIT_V2,false,false,false,TOP_ONLY,EDGE_RUNUP_05,true,false
FULL_R0,376,-1,-1,false,false,false,false,11.01981,7.455,-4,0,true,true,9,1.726481,0.068333,WALKABLE_FRONTIER_AND_GRAB_EXIT_V2,false,false,false,TOP_ONLY,EDGE_RUNUP_05,true,false
FULL_R0,377,-1,-1,false,false,false,false,10.94481,7.455,-4.5,0,true,true,9,1.659815,0.076667,WALKABLE_FRONTIER_AND_GRAB_EXIT_V2,false,false,false,TOP_ONLY,EDGE_RUNUP_05,true,false
FULL_R0,378,-1,-1,false,false,false,false,10.86148,7.455,-5,0,true,true,9,1.584815,0.085,WALKABLE_FRONTIER_AND_GRAB_EXIT_V2,false,false,false,TOP_ONLY,EDGE_RUNUP_05,true,false
FULL_R0,379,-1,-1,false,false,false,false,10.76982,7.455,-5.5,0,true,true,9,1.501482,0.093333,WALKABLE_FRONTIER_AND_GRAB_EXIT_V2,false,false,false,TOP_ONLY,EDGE_RUNUP_05,true,false
FULL_R0,380,-1,-1,false,false,false,false,10.67815,7.455,-5.5,0,true,true,9,1.409816,0.101667,WALKABLE_FRONTIER_AND_GRAB_EXIT_V2,false,false,false,TOP_ONLY,EDGE_RUNUP_05,true,false
FULL_R0,381,-1,-1,false,false,false,false,10.58648,7.455,-5.5,0,true,true,9,1.31815,0.101667,WALKABLE_FRONTIER_AND_GRAB_EXIT_V2,false,false,false,TOP_ONLY,EDGE_RUNUP_05,true,false
FULL_R0,382,-1,-1,false,false,false,false,10.49482,7.455,-5.5,0,true,true,9,1.226483,0.101667,WALKABLE_FRONTIER_AND_GRAB_EXIT_V2,false,false,false,TOP_ONLY,EDGE_RUNUP_05,true,false
FULL_R0,383,-1,-1,false,false,false,false,10.40315,7.455,-5.5,0,true,true,9,1.134817,0.101667,WALKABLE_FRONTIER_AND_GRAB_EXIT_V2,false,false,false,TOP_ONLY,EDGE_RUNUP_05,true,false
FULL_R0,384,-1,-1,false,false,false,false,10.31148,7.455,-5.5,0,true,true,9,1.043151,0.101667,WALKABLE_FRONTIER_AND_GRAB_EXIT_V2,false,false,false,TOP_ONLY,EDGE_RUNUP_05,true,false
FULL_R0,385,-1,-1,false,false,false,false,10.21982,7.455,-5.5,0,true,true,9,0.951485,0.101667,WALKABLE_FRONTIER_AND_GRAB_EXIT_V2,false,false,false,TOP_ONLY,EDGE_RUNUP_05,true,false
FULL_R0,386,-1,-1,false,false,false,false,10.12815,7.455,-5.5,0,true,true,9,0.859819,0.101667,WALKABLE_FRONTIER_AND_GRAB_EXIT_V2,false,false,false,TOP_ONLY,EDGE_RUNUP_05,true,false
FULL_R0,387,-1,-1,false,false,false,false,10.03649,7.455,-5.5,0,true,true,9,0.768152,0.101667,WALKABLE_FRONTIER_AND_GRAB_EXIT_V2,false,false,false,TOP_ONLY,EDGE_RUNUP_05,true,false
FULL_R0,388,-1,-1,false,false,false,false,9.944819,7.455,-5.5,0,true,true,9,0.676486,0.101667,WALKABLE_FRONTIER_AND_GRAB_EXIT_V2,false,false,false,TOP_ONLY,EDGE_RUNUP_05,true,false
FULL_R0,389,-1,-1,false,false,false,false,9.853153,7.455,-5.5,0,true,true,9,0.58482,0.101667,WALKABLE_FRONTIER_AND_GRAB_EXIT_V2,false,false,false,TOP_ONLY,EDGE_RUNUP_05,true,false
FULL_R0,390,-1,-1,false,false,false,false,9.761487,7.455,-5.5,0,true,true,9,0.493154,0.101667,WALKABLE_FRONTIER_AND_GRAB_EXIT_V2,false,false,false,TOP_ONLY,EDGE_RUNUP_05,true,false
FULL_R0,391,-1,-1,false,false,false,false,9.669821,7.455,-5.5,0,true,true,9,0.401487,0.101667,WALKABLE_FRONTIER_AND_GRAB_EXIT_V2,false,false,false,TOP_ONLY,EDGE_RUNUP_05,true,false
FULL_R0,392,-1,-1,false,false,false,false,9.578155,7.455,-5.5,0,true,true,9,0.309821,0.101667,WALKABLE_FRONTIER_AND_GRAB_EXIT_V2,false,false,false,TOP_ONLY,EDGE_RUNUP_05,true,false
FULL_R0,393,-1,-1,false,false,false,false,9.486488,7.455,-5.5,0,true,true,9,0.218155,0.101667,WALKABLE_FRONTIER_AND_GRAB_EXIT_V2,false,false,false,TOP_ONLY,EDGE_RUNUP_05,true,false
FULL_R0,394,-1,-1,false,false,false,false,9.394822,7.455,-5.5,0,true,true,9,0.126489,0.101667,WALKABLE_FRONTIER_AND_GRAB_EXIT_V2,false,false,false,TOP_ONLY,EDGE_RUNUP_05,true,false
FULL_R0,395,-1,-1,false,false,true,false,9.303156,7.569444,-5.5,6.866666,false,true,9,0.034822,0.101667,WALKABLE_FRONTIER_AND_GRAB_EXIT_V2,false,false,false,AIR,JUMP_05,true,false
FULL_R0,396,-1,-1,false,false,true,false,9.21149,7.678333,-5.5,6.533333,false,false,-1,-1,-1,,false,false,false,AIR,AIR_05,true,false
FULL_R0,397,-1,-1,false,false,true,false,9.119823,7.781667,-5.5,6.199999,false,false,-1,-1,-1,,false,false,false,AIR,AIR_05,true,false
FULL_R0,398,-1,-1,false,false,true,false,9.028157,7.879445,-5.5,5.866666,false,false,-1,-1,-1,,false,false,false,AIR,AIR_05,true,false
FULL_R0,399,-1,-1,false,false,true,false,8.936491,7.971667,-5.5,5.533332,false,false,-1,-1,-1,,false,false,false,AIR,AIR_05,true,false
FULL_R0,400,-1,-1,false,false,true,false,8.844825,8.058333,-5.5,5.199999,false,false,-1,-1,-1,,false,false,false,AIR,AIR_05,true,false
FULL_R0,401,-1,-1,false,false,true,false,8.753159,8.139444,-5.5,4.866665,false,false,-1,-1,-1,,false,false,false,AIR,AIR_05,true,false
FULL_R0,402,-1,-1,false,false,true,false,8.661492,8.215,-5.5,4.533332,false,false,-1,-1,-1,,false,false,false,AIR,AIR_05,true,false
FULL_R0,403,-1,-1,false,false,true,false,8.569826,8.285,-5.5,4.199998,false,false,-1,-1,-1,,false,false,false,AIR,AIR_05,true,false
FULL_R0,404,-1,-1,false,false,true,false,8.47816,8.349444,-5.5,3.866665,false,false,-1,-1,-1,,false,false,false,AIR,AIR_05,true,false
FULL_R0,405,-1,-1,false,false,true,false,8.386494,8.408333,-5.5,3.533332,false,false,-1,-1,-1,,false,false,false,AIR,AIR_05,true,false
FULL_R0,406,-1,-1,false,false,true,false,8.294827,8.461666,-5.5,3.199999,false,false,-1,-1,-1,,false,false,false,AIR,AIR_05,true,false
FULL_R0,407,-1,-1,false,false,true,false,8.203161,8.509444,-5.5,2.866665,false,false,-1,-1,-1,,false,false,false,AIR,AIR_05,true,false
FULL_R0,408,-1,-1,false,false,true,false,8.111495,8.551666,-5.5,2.533332,false,false,-1,-1,-1,,false,false,false,AIR,AIR_05,true,false
FULL_R0,409,-1,-1,false,false,true,false,8.019829,8.588333,-5.5,2.199999,false,false,-1,-1,-1,,false,false,false,AIR,AIR_05,true,false
FULL_R0,410,-1,-1,false,false,true,false,7.928162,8.619444,-5.5,1.866665,false,false,-1,-1,-1,,false,false,false,AIR,AIR_05,true,false
FULL_R0,411,-1,-1,false,false,true,false,7.836495,8.645,-5.5,1.533332,false,false,-1,-1,-1,,false,false,false,AIR,AIR_05,true,false
FULL_R0,412,-1,-1,false,false,true,false,7.744829,8.664999,-5.5,1.199999,false,false,-1,-1,-1,,false,false,false,AIR,AIR_05,true,false
FULL_R0,413,-1,-1,false,false,true,false,7.653162,8.679443,-5.5,0.866665,false,false,-1,-1,-1,,false,false,false,AIR,AIR_05,true,false
FULL_R0,414,-1,-1,false,false,true,false,7.561495,8.688333,-5.5,0.533332,false,false,-1,-1,-1,,false,false,false,AIR,AIR_05,true,false
FULL_R0,415,-1,-1,false,false,true,false,7.469829,8.691666,-5.5,0.199999,false,false,-1,-1,-1,,false,false,false,AIR,AIR_05,true,false
FULL_R0,416,-1,-1,false,false,true,false,7.378162,8.689444,-5.5,-0.133335,false,false,-1,-1,-1,,false,false,false,AIR,AIR_05,true,false
FULL_R0,417,-1,-1,false,false,true,false,7.286495,8.679999,-5.5,-0.566668,false,false,-1,-1,-1,,false,false,false,AIR,AIR_05,true,false
FULL_R0,418,-1,-1,false,false,true,false,7.194829,8.663333,-5.5,-1.000001,false,false,-1,-1,-1,,false,false,false,AIR,AIR_05,true,false
FULL_R0,419,-1,-1,false,false,true,false,7.103162,8.639444,-5.5,-1.433335,false,false,-1,-1,-1,,false,false,false,AIR,AIR_05,true,false
FULL_R0,420,-1,-1,false,false,true,false,7.011495,8.608334,-5.5,-1.866668,false,false,-1,-1,-1,,false,false,false,AIR,AIR_05,true,false
FULL_R0,421,-1,-1,false,false,true,false,6.919828,8.570001,-5.5,-2.300002,false,false,-1,-1,-1,,false,false,false,AIR,AIR_05,true,false
FULL_R0,422,-1,-1,false,false,true,false,6.828162,8.524446,-5.5,-2.733335,false,false,-1,-1,-1,,false,false,false,AIR,AIR_05,true,false
FULL_R0,423,-1,-1,false,false,true,false,6.736495,8.454446,-5.5,0,true,false,-1,-1,-1,,false,false,false,SOLID,LINK_TARGET_05,true,false
FULL_R0,424,-1,-1,false,false,false,false,6.644828,8.454446,-5.5,0,true,true,4,2.376495,0.101667,WALKABLE_FRONTIER_AND_GRAB_EXIT_V2,false,false,false,SOLID,EDGE_RUNUP_06,true,false
FULL_R0,425,-1,-1,false,false,false,false,6.553162,8.454446,-5.5,0,true,true,4,2.284828,0.101667,WALKABLE_FRONTIER_AND_GRAB_EXIT_V2,false,false,false,SOLID,EDGE_RUNUP_06,true,false
FULL_R0,426,-1,-1,false,false,false,false,6.461495,8.454446,-5.5,0,true,true,4,2.193161,0.101667,WALKABLE_FRONTIER_AND_GRAB_EXIT_V2,false,false,false,SOLID,EDGE_RUNUP_06,true,false
FULL_R0,427,-1,-1,false,false,false,false,6.369828,8.454446,-5.5,0,true,true,4,2.101495,0.101667,WALKABLE_FRONTIER_AND_GRAB_EXIT_V2,false,false,false,SOLID,EDGE_RUNUP_06,true,false
FULL_R0,428,-1,-1,false,false,false,false,6.278162,8.454446,-5.5,0,true,true,4,2.009828,0.101667,WALKABLE_FRONTIER_AND_GRAB_EXIT_V2,false,false,false,SOLID,EDGE_RUNUP_06,true,false
FULL_R0,429,-1,-1,false,false,false,false,6.186495,8.454446,-5.5,0,true,true,4,1.918161,0.101667,WALKABLE_FRONTIER_AND_GRAB_EXIT_V2,false,false,false,SOLID,EDGE_RUNUP_06,true,false
FULL_R0,430,-1,-1,false,false,false,false,6.094828,8.454446,-5.5,0,true,true,4,1.826495,0.101667,WALKABLE_FRONTIER_AND_GRAB_EXIT_V2,false,false,false,SOLID,EDGE_RUNUP_06,true,false
FULL_R0,431,-1,-1,false,false,false,false,6.003161,8.454446,-5.5,0,true,true,4,1.734828,0.101667,WALKABLE_FRONTIER_AND_GRAB_EXIT_V2,false,false,false,SOLID,EDGE_RUNUP_06,true,false
FULL_R0,432,-1,-1,false,false,false,false,5.911495,8.454446,-5.5,0,true,true,4,1.643161,0.101667,WALKABLE_FRONTIER_AND_GRAB_EXIT_V2,false,false,false,SOLID,EDGE_RUNUP_06,true,false
FULL_R0,433,-1,-1,false,false,false,false,5.819828,8.454446,-5.5,0,true,true,4,1.551495,0.101667,WALKABLE_FRONTIER_AND_GRAB_EXIT_V2,false,false,false,SOLID,EDGE_RUNUP_06,true,false
FULL_R0,434,-1,-1,false,false,false,false,5.728161,8.454446,-5.5,0,true,true,4,1.459828,0.101667,WALKABLE_FRONTIER_AND_GRAB_EXIT_V2,false,false,false,SOLID,EDGE_RUNUP_06,true,false
FULL_R0,435,-1,-1,false,false,false,false,5.636495,8.454446,-5.5,0,true,true,4,1.368161,0.101667,WALKABLE_FRONTIER_AND_GRAB_EXIT_V2,false,false,false,SOLID,EDGE_RUNUP_06,true,false
FULL_R0,436,-1,-1,false,false,false,false,5.544828,8.454446,-5.5,0,true,true,4,1.276495,0.101667,WALKABLE_FRONTIER_AND_GRAB_EXIT_V2,false,false,false,SOLID,EDGE_RUNUP_06,true,false
FULL_R0,437,-1,-1,false,false,false,false,5.453161,8.454446,-5.5,0,true,true,4,1.184828,0.101667,WALKABLE_FRONTIER_AND_GRAB_EXIT_V2,false,false,false,SOLID,EDGE_RUNUP_06,true,false
FULL_R0,438,-1,-1,false,false,false,false,5.361495,8.454446,-5.5,0,true,true,4,1.093161,0.101667,WALKABLE_FRONTIER_AND_GRAB_EXIT_V2,false,false,false,SOLID,EDGE_RUNUP_06,true,false
FULL_R0,439,-1,-1,false,false,false,false,5.269828,8.454446,-5.5,0,true,true,4,1.001494,0.101667,WALKABLE_FRONTIER_AND_GRAB_EXIT_V2,false,false,false,SOLID,EDGE_RUNUP_06,true,false
FULL_R0,440,-1,-1,false,false,false,false,5.178161,8.454446,-5.5,0,true,true,4,0.909828,0.101667,WALKABLE_FRONTIER_AND_GRAB_EXIT_V2,false,false,false,SOLID,EDGE_RUNUP_06,true,false
FULL_R0,441,-1,-1,false,false,false,false,5.086494,8.454446,-5.5,0,true,true,4,0.818161,0.101667,WALKABLE_FRONTIER_AND_GRAB_EXIT_V2,false,false,false,SOLID,EDGE_RUNUP_06,true,false
FULL_R0,442,-1,-1,false,false,false,false,4.994828,8.454446,-5.5,0,true,true,4,0.726494,0.101667,WALKABLE_FRONTIER_AND_GRAB_EXIT_V2,false,false,false,SOLID,EDGE_RUNUP_06,true,false
FULL_R0,443,-1,-1,false,false,false,false,4.903161,8.454446,-5.5,0,true,true,4,0.634828,0.101667,WALKABLE_FRONTIER_AND_GRAB_EXIT_V2,false,false,false,SOLID,EDGE_RUNUP_06,true,false
FULL_R0,444,-1,-1,false,false,false,false,4.811494,8.454446,-5.5,0,true,true,4,0.543161,0.101667,WALKABLE_FRONTIER_AND_GRAB_EXIT_V2,false,false,false,SOLID,EDGE_RUNUP_06,true,false
FULL_R0,445,-1,-1,false,false,false,false,4.719828,8.454446,-5.5,0,true,true,4,0.451494,0.101667,WALKABLE_FRONTIER_AND_GRAB_EXIT_V2,false,false,false,SOLID,EDGE_RUNUP_06,true,false
FULL_R0,446,-1,-1,false,false,false,false,4.628161,8.454446,-5.5,0,true,true,4,0.359828,0.101667,WALKABLE_FRONTIER_AND_GRAB_EXIT_V2,false,false,false,SOLID,EDGE_RUNUP_06,true,false
FULL_R0,447,-1,-1,false,false,false,false,4.536494,8.454446,-5.5,0,true,true,4,0.268161,0.101667,WALKABLE_FRONTIER_AND_GRAB_EXIT_V2,false,false,false,SOLID,EDGE_RUNUP_06,true,false
FULL_R0,448,-1,-1,false,false,false,false,4.444828,8.454446,-5.5,0,true,true,4,0.176494,0.101667,WALKABLE_FRONTIER_AND_GRAB_EXIT_V2,false,false,false,SOLID,EDGE_RUNUP_06,true,false
FULL_R0,449,-1,-1,false,false,true,false,4.353161,8.568891,-5.5,6.866666,false,true,4,0.084827,0.101667,WALKABLE_FRONTIER_AND_GRAB_EXIT_V2,false,false,false,AIR,JUMP_06,true,false
FULL_R0,450,-1,-1,false,false,true,false,4.261494,8.677779,-5.5,6.533333,false,false,-1,-1,-1,,false,false,false,AIR,AIR_06,true,false
FULL_R0,451,-1,-1,false,false,true,false,4.169827,8.781113,-5.5,6.199999,false,false,-1,-1,-1,,false,false,false,AIR,AIR_06,true,false
FULL_R0,452,-1,-1,false,false,true,false,4.078161,8.87889,-5.5,5.866666,false,false,-1,-1,-1,,false,false,false,AIR,AIR_06,true,false
FULL_R0,453,-1,-1,false,false,true,false,3.986494,8.971112,-5.5,5.533332,false,false,-1,-1,-1,,false,false,false,AIR,AIR_06,true,false
FULL_R0,454,-1,-1,false,false,true,false,3.894827,9.057779,-5.5,5.199999,false,false,-1,-1,-1,,false,false,false,AIR,AIR_06,true,false
FULL_R0,455,-1,-1,false,false,true,false,3.803161,9.13889,-5.5,4.866665,false,false,-1,-1,-1,,false,false,false,AIR,AIR_06,true,false
FULL_R0,456,-1,-1,false,false,true,false,3.711494,9.214446,-5.5,4.533332,false,false,-1,-1,-1,,false,false,false,AIR,AIR_06,true,false
FULL_R0,457,-1,-1,false,false,true,false,3.619827,9.284446,-5.5,4.199998,false,false,-1,-1,-1,,false,false,false,AIR,AIR_06,true,false
FULL_R0,458,-1,-1,false,false,true,false,3.528161,9.34889,-5.5,3.866665,false,false,-1,-1,-1,,false,false,false,AIR,AIR_06,true,false
FULL_R0,459,-1,-1,false,false,true,false,3.436494,9.407779,-5.5,3.533332,false,false,-1,-1,-1,,false,false,false,AIR,AIR_06,true,false
FULL_R0,460,-1,-1,false,false,true,false,3.344827,9.461112,-5.5,3.199999,false,false,-1,-1,-1,,false,false,false,AIR,AIR_06,true,false
FULL_R0,461,-1,-1,false,false,true,false,3.25316,9.50889,-5.5,2.866665,false,false,-1,-1,-1,,false,false,false,AIR,AIR_06,true,false
FULL_R0,462,-1,-1,false,false,true,false,3.161494,9.551112,-5.5,2.533332,false,false,-1,-1,-1,,false,false,false,AIR,AIR_06,true,false
FULL_R0,463,-1,-1,false,false,true,false,3.069827,9.587779,-5.5,2.199999,false,false,-1,-1,-1,,false,false,false,AIR,AIR_06,true,false
FULL_R0,464,-1,-1,false,false,true,false,2.97816,9.61889,-5.5,1.866665,false,false,-1,-1,-1,,false,false,false,AIR,AIR_06,true,false
FULL_R0,465,-1,-1,false,false,true,false,2.886494,9.644445,-5.5,1.533332,false,false,-1,-1,-1,,false,false,false,AIR,AIR_06,true,false
FULL_R0,466,-1,-1,false,false,true,false,2.794827,9.664445,-5.5,1.199999,false,false,-1,-1,-1,,false,false,false,AIR,AIR_06,true,false
FULL_R0,467,-1,-1,false,false,true,false,2.70316,9.678889,-5.5,0.866665,false,false,-1,-1,-1,,false,false,false,AIR,AIR_06,true,false
FULL_R0,468,-1,-1,false,false,true,false,2.611494,9.687778,-5.5,0.533332,false,false,-1,-1,-1,,false,false,false,AIR,AIR_06,true,false
FULL_R0,469,-1,-1,false,false,true,false,2.519827,9.691112,-5.5,0.199999,false,false,-1,-1,-1,,false,false,false,AIR,AIR_06,true,false
FULL_R0,470,-1,-1,false,false,true,false,2.42816,9.68889,-5.5,-0.133335,false,false,-1,-1,-1,,false,false,false,AIR,AIR_06,true,false
FULL_R0,471,-1,-1,false,false,true,false,2.336493,9.679445,-5.5,-0.566668,false,false,-1,-1,-1,,false,false,false,AIR,AIR_06,true,false
FULL_R0,472,-1,-1,false,false,true,false,2.244827,9.662779,-5.5,-1.000001,false,false,-1,-1,-1,,false,false,false,AIR,AIR_06,true,false
FULL_R0,473,-1,-1,false,false,true,false,2.15316,9.63889,-5.5,-1.433335,false,false,-1,-1,-1,,false,false,false,AIR,AIR_06,true,false
FULL_R0,474,-1,-1,false,false,true,false,2.061493,9.60778,-5.5,-1.866668,false,false,-1,-1,-1,,false,false,false,AIR,AIR_06,true,false
FULL_R0,475,-1,-1,false,false,true,false,1.969827,9.569447,-5.5,-2.300002,false,false,-1,-1,-1,,false,false,false,AIR,AIR_06,true,false
FULL_R0,476,-1,-1,false,false,true,false,1.87816,9.523891,-5.5,-2.733335,false,false,-1,-1,-1,,false,false,false,AIR,AIR_06,true,false
FULL_R0,477,-1,-1,false,false,true,false,1.786493,9.453892,-5.5,0,true,false,-1,-1,-1,,false,false,false,TOP_ONLY,LINK_TARGET_06,true,false
FULL_R0,478,1,1,false,false,false,false,1.70316,9.453892,-5,0,true,true,2,0.146493,0.101667,WALKABLE_FRONTIER_AND_GRAB_EXIT_V2,false,false,false,TOP_ONLY,EDGE_RUNUP_07,true,false
FULL_R0,479,1,1,false,false,true,false,1.630938,9.568336,-4.333333,6.866666,false,true,2,0.06316,0.093333,WALKABLE_FRONTIER_AND_GRAB_EXIT_V2,false,false,false,AIR,JUMP_07,true,false
FULL_R0,480,1,1,false,false,true,false,1.569827,9.677225,-3.666667,6.533333,false,false,-1,-1,-1,,false,false,false,AIR,AIR_07,true,false
FULL_R0,481,1,1,false,false,true,false,1.519827,9.780559,-3,6.199999,false,false,-1,-1,-1,,false,false,false,AIR,AIR_07,true,false
FULL_R0,482,1,1,false,false,true,false,1.480938,9.878336,-2.333333,5.866666,false,false,-1,-1,-1,,false,false,false,AIR,AIR_07,true,false
FULL_R0,483,1,1,false,false,true,false,1.45316,9.970558,-1.666667,5.533332,false,false,-1,-1,-1,,false,false,false,AIR,AIR_07,true,false
FULL_R0,484,1,1,false,false,true,false,1.436493,10.05723,-1,5.199999,false,false,-1,-1,-1,,false,false,false,AIR,AIR_07,true,false
FULL_R0,485,1,1,false,false,true,false,1.430938,10.13834,-0.333333,4.866665,false,false,-1,-1,-1,,false,false,false,AIR,AIR_07,true,false
FULL_R0,486,1,1,false,false,true,false,1.436493,10.21389,0.333334,4.533332,false,false,-1,-1,-1,,false,false,false,AIR,AIR_07,true,false
FULL_R0,487,1,1,false,false,true,false,1.45316,10.28389,1,4.199998,false,false,-1,-1,-1,,false,false,false,AIR,AIR_07,true,false
FULL_R0,488,1,1,false,false,true,false,1.480938,10.34834,1.666667,3.866665,false,false,-1,-1,-1,,false,false,false,AIR,AIR_07,true,false
FULL_R0,489,1,1,false,false,true,false,1.519827,10.40722,2.333334,3.533332,false,false,-1,-1,-1,,false,false,false,AIR,AIR_07,true,false
FULL_R0,490,1,1,false,false,true,false,1.569827,10.46056,3,3.199999,false,false,-1,-1,-1,,false,false,false,AIR,AIR_07,true,false
FULL_R0,491,1,1,false,false,true,false,1.630938,10.50834,3.666667,2.866665,false,false,-1,-1,-1,,false,false,false,AIR,AIR_07,true,false
FULL_R0,492,1,1,false,false,true,false,1.70316,10.55056,4.333334,2.533332,false,false,-1,-1,-1,,false,false,false,AIR,AIR_07,true,false
FULL_R0,493,1,1,false,false,true,false,1.786493,10.58722,5,2.199999,false,false,-1,-1,-1,,false,false,false,AIR,AIR_07,true,false
FULL_R0,494,1,1,false,false,true,false,1.87816,10.61834,5.5,1.866665,false,false,-1,-1,-1,,false,false,false,AIR,AIR_07,true,false
FULL_R0,495,1,1,false,false,true,false,1.969827,10.64389,5.5,1.533332,false,false,-1,-1,-1,,false,false,false,AIR,AIR_07,true,false
FULL_R0,496,1,1,false,false,true,false,2.061493,10.66389,5.5,1.199999,false,false,-1,-1,-1,,false,false,false,AIR,AIR_07,true,false
FULL_R0,497,1,1,false,false,true,false,2.15316,10.67834,5.5,0.866665,false,false,-1,-1,-1,,false,false,false,AIR,AIR_07,true,false
FULL_R0,498,1,1,false,false,true,false,2.244827,10.68722,5.5,0.533332,false,false,-1,-1,-1,,false,false,false,AIR,AIR_07,true,false
FULL_R0,499,1,1,false,false,true,false,2.336493,10.69056,5.5,0.199999,false,false,-1,-1,-1,,false,false,false,AIR,AIR_07,true,false
FULL_R0,500,1,1,false,false,true,false,2.42816,10.68834,5.5,-0.133335,false,false,-1,-1,-1,,false,false,false,AIR,AIR_07,true,false
FULL_R0,501,1,1,false,false,true,false,2.519827,10.67889,5.5,-0.566668,false,false,-1,-1,-1,,false,false,false,AIR,AIR_07,true,false
FULL_R0,502,1,1,false,false,true,false,2.611494,10.66222,5.5,-1.000001,false,false,-1,-1,-1,,false,false,false,AIR,AIR_07,true,false
FULL_R0,503,1,1,false,false,true,false,2.70316,10.63834,5.5,-1.433335,false,false,-1,-1,-1,,false,false,false,AIR,AIR_07,true,false
FULL_R0,504,1,1,false,false,true,false,2.794827,10.60723,5.5,-1.866668,false,false,-1,-1,-1,,false,false,false,AIR,AIR_07,true,false
FULL_R0,505,1,1,false,false,true,false,2.886494,10.56889,5.5,-2.300002,false,false,-1,-1,-1,,false,false,false,AIR,AIR_07,true,false
FULL_R0,506,1,1,false,false,true,false,2.97816,10.52334,5.5,-2.733335,false,false,-1,-1,-1,,false,false,false,AIR,AIR_07,true,false
FULL_R0,507,1,1,false,false,true,false,3.069827,10.45334,5.5,0,true,false,-1,-1,-1,,false,false,false,TOP_ONLY,LINK_TARGET_07,true,false
FULL_R0,508,1,1,false,false,false,false,3.161494,10.45334,5.5,0,true,true,5,1.570173,0.101667,WALKABLE_FRONTIER_AND_GRAB_EXIT_V2,false,false,false,TOP_ONLY,EDGE_RUNUP_08,true,false
FULL_R0,509,1,1,false,false,false,false,3.25316,10.45334,5.5,0,true,true,5,1.478506,0.101667,WALKABLE_FRONTIER_AND_GRAB_EXIT_V2,false,false,false,TOP_ONLY,EDGE_RUNUP_08,true,false
FULL_R0,510,1,1,false,false,false,false,3.344827,10.45334,5.5,0,true,true,5,1.386839,0.101667,WALKABLE_FRONTIER_AND_GRAB_EXIT_V2,false,false,false,TOP_ONLY,EDGE_RUNUP_08,true,false
FULL_R0,511,1,1,false,false,false,false,3.436494,10.45334,5.5,0,true,true,5,1.295173,0.101667,WALKABLE_FRONTIER_AND_GRAB_EXIT_V2,false,false,false,TOP_ONLY,EDGE_RUNUP_08,true,false
FULL_R0,512,1,1,false,false,false,false,3.528161,10.45334,5.5,0,true,true,5,1.203506,0.101667,WALKABLE_FRONTIER_AND_GRAB_EXIT_V2,false,false,false,TOP_ONLY,EDGE_RUNUP_08,true,false
FULL_R0,513,1,1,false,false,false,false,3.619827,10.45334,5.5,0,true,true,5,1.111839,0.101667,WALKABLE_FRONTIER_AND_GRAB_EXIT_V2,false,false,false,TOP_ONLY,EDGE_RUNUP_08,true,false
FULL_R0,514,1,1,false,false,false,false,3.711494,10.45334,5.5,0,true,true,5,1.020173,0.101667,WALKABLE_FRONTIER_AND_GRAB_EXIT_V2,false,false,false,TOP_ONLY,EDGE_RUNUP_08,true,false
FULL_R0,515,1,1,false,false,false,false,3.803161,10.45334,5.5,0,true,true,5,0.928506,0.101667,WALKABLE_FRONTIER_AND_GRAB_EXIT_V2,false,false,false,TOP_ONLY,EDGE_RUNUP_08,true,false
FULL_R0,516,1,1,false,false,false,false,3.894827,10.45334,5.5,0,true,true,5,0.836839,0.101667,WALKABLE_FRONTIER_AND_GRAB_EXIT_V2,false,false,false,TOP_ONLY,EDGE_RUNUP_08,true,false
FULL_R0,517,1,1,false,false,false,false,3.986494,10.45334,5.5,0,true,true,5,0.745173,0.101667,WALKABLE_FRONTIER_AND_GRAB_EXIT_V2,false,false,false,TOP_ONLY,EDGE_RUNUP_08,true,false
FULL_R0,518,1,1,false,false,false,false,4.078161,10.45334,5.5,0,true,true,5,0.653506,0.101667,WALKABLE_FRONTIER_AND_GRAB_EXIT_V2,false,false,false,TOP_ONLY,EDGE_RUNUP_08,true,false
FULL_R0,519,1,1,false,false,false,false,4.169827,10.45334,5.5,0,true,true,5,0.561839,0.101667,WALKABLE_FRONTIER_AND_GRAB_EXIT_V2,false,false,false,TOP_ONLY,EDGE_RUNUP_08,true,false
FULL_R0,520,1,1,false,false,false,false,4.261494,10.45334,5.5,0,true,true,5,0.470172,0.101667,WALKABLE_FRONTIER_AND_GRAB_EXIT_V2,false,false,false,TOP_ONLY,EDGE_RUNUP_08,true,false
FULL_R0,521,1,1,false,false,false,false,4.353161,10.45334,5.5,0,true,true,5,0.378506,0.101667,WALKABLE_FRONTIER_AND_GRAB_EXIT_V2,false,false,false,TOP_ONLY,EDGE_RUNUP_08,true,false
FULL_R0,522,1,1,false,false,false,false,4.444828,10.45334,5.5,0,true,true,5,0.286839,0.101667,WALKABLE_FRONTIER_AND_GRAB_EXIT_V2,false,false,false,TOP_ONLY,EDGE_RUNUP_08,true,false
FULL_R0,523,1,1,false,false,false,false,4.536494,10.45334,5.5,0,true,true,5,0.195172,0.101667,WALKABLE_FRONTIER_AND_GRAB_EXIT_V2,false,false,false,TOP_ONLY,EDGE_RUNUP_08,true,false
FULL_R0,524,1,1,false,false,false,false,4.628161,10.45334,5.5,0,true,true,5,0.103506,0.101667,WALKABLE_FRONTIER_AND_GRAB_EXIT_V2,false,false,false,TOP_ONLY,EDGE_RUNUP_08,true,false
FULL_R0,525,1,1,false,false,true,false,4.719828,10.56778,5.5,6.866666,false,true,5,0.011839,0.101667,WALKABLE_FRONTIER_AND_GRAB_EXIT_V2,false,false,false,AIR,JUMP_08,true,false
FULL_R0,526,1,1,false,false,true,false,4.811494,10.67667,5.5,6.533333,false,false,-1,-1,-1,,false,false,false,AIR,AIR_08,true,false
FULL_R0,527,1,1,false,false,true,false,4.903161,10.78,5.5,6.199999,false,false,-1,-1,-1,,false,false,false,AIR,AIR_08,true,false
FULL_R0,528,1,1,false,false,true,false,4.994828,10.87778,5.5,5.866666,false,false,-1,-1,-1,,false,false,false,AIR,AIR_08,true,false
FULL_R0,529,1,1,false,false,true,false,5.086494,10.97,5.5,5.533332,false,false,-1,-1,-1,,false,false,false,AIR,AIR_08,true,false
FULL_R0,530,1,1,false,false,true,false,5.178161,11.05667,5.5,5.199999,false,false,-1,-1,-1,,false,false,false,AIR,AIR_08,true,false
FULL_R0,531,1,1,false,false,true,false,5.269828,11.13778,5.5,4.866665,false,false,-1,-1,-1,,false,false,false,AIR,AIR_08,true,false
FULL_R0,532,1,1,false,false,true,false,5.361495,11.21334,5.5,4.533332,false,false,-1,-1,-1,,false,false,false,AIR,AIR_08,true,false
FULL_R0,533,1,1,false,false,true,false,5.453161,11.28334,5.5,4.199998,false,false,-1,-1,-1,,false,false,false,AIR,AIR_08,true,false
FULL_R0,534,1,1,false,false,true,false,5.544828,11.34778,5.5,3.866665,false,false,-1,-1,-1,,false,false,false,AIR,AIR_08,true,false
FULL_R0,535,1,1,false,false,true,false,5.636495,11.40667,5.5,3.533332,false,false,-1,-1,-1,,false,false,false,AIR,AIR_08,true,false
FULL_R0,536,1,1,false,false,true,false,5.728161,11.46,5.5,3.199999,false,false,-1,-1,-1,,false,false,false,AIR,AIR_08,true,false
FULL_R0,537,1,1,false,false,true,false,5.819828,11.50778,5.5,2.866665,false,false,-1,-1,-1,,false,false,false,AIR,AIR_08,true,false
FULL_R0,538,1,1,false,false,true,false,5.911495,11.55,5.5,2.533332,false,false,-1,-1,-1,,false,false,false,AIR,AIR_08,true,false
FULL_R0,539,1,1,false,false,true,false,6.003161,11.58667,5.5,2.199999,false,false,-1,-1,-1,,false,false,false,AIR,AIR_08,true,false
FULL_R0,540,1,1,false,false,true,false,6.094828,11.61778,5.5,1.866665,false,false,-1,-1,-1,,false,false,false,AIR,AIR_08,true,false
FULL_R0,541,1,1,false,false,true,false,6.186495,11.64334,5.5,1.533332,false,false,-1,-1,-1,,false,false,false,AIR,AIR_08,true,false
FULL_R0,542,1,1,false,false,true,false,6.278162,11.66334,5.5,1.199999,false,false,-1,-1,-1,,false,false,false,AIR,AIR_08,true,false
FULL_R0,543,1,1,false,false,true,false,6.369828,11.67778,5.5,0.866665,false,false,-1,-1,-1,,false,false,false,AIR,AIR_08,true,false
FULL_R0,544,1,1,false,false,true,false,6.461495,11.68667,5.5,0.533332,false,false,-1,-1,-1,,false,false,false,AIR,AIR_08,true,false
FULL_R0,545,1,1,false,false,true,false,6.553162,11.69,5.5,0.199999,false,false,-1,-1,-1,,false,false,false,AIR,AIR_08,true,false
FULL_R0,546,1,1,false,false,true,false,6.644828,11.68778,5.5,-0.133335,false,false,-1,-1,-1,,false,false,false,AIR,AIR_08,true,false
FULL_R0,547,1,1,false,false,true,false,6.736495,11.67834,5.5,-0.566668,false,false,-1,-1,-1,,false,false,false,AIR,AIR_08,true,false
FULL_R0,548,1,1,false,false,true,false,6.828162,11.66167,5.5,-1.000001,false,false,-1,-1,-1,,false,false,false,AIR,AIR_08,true,false
FULL_R0,549,1,1,false,false,true,false,6.919828,11.63778,5.5,-1.433335,false,false,-1,-1,-1,,false,false,false,AIR,AIR_08,true,false
FULL_R0,550,1,1,false,false,true,false,7.011495,11.60667,5.5,-1.866668,false,false,-1,-1,-1,,false,false,false,AIR,AIR_08,true,false
FULL_R0,551,1,1,false,false,true,false,7.103162,11.56834,5.5,-2.300002,false,false,-1,-1,-1,,false,false,false,AIR,AIR_08,true,false
FULL_R0,552,1,1,false,false,true,false,7.194829,11.52278,5.5,-2.733335,false,false,-1,-1,-1,,false,false,false,AIR,AIR_08,true,false
FULL_R0,553,1,1,false,false,true,false,7.286495,11.455,5.5,0,true,false,-1,-1,-1,,false,false,false,TOP_ONLY,LINK_TARGET_08,true,false
FULL_R0,554,0,0,false,false,false,false,7.367051,11.455,4.833333,0,true,true,-1,-1,-1,,false,false,false,TOP_ONLY,PASS_TARGET,true,false
MAIN_MX_00,0,0,0,false,false,false,false,21.5,2.46,0,0,false,false,-1,-1,-1,,false,false,false,AIR,START,true,false
MAIN_MX_00,1,0,0,false,false,false,false,21.5,2.455,0,0,true,false,-1,-1,-1,,false,false,false,SOLID,GROUND_SETTLE_00,true,false
MAIN_MX_00,2,-1,-1,false,false,false,false,21.49167,2.455,-0.5,0,true,true,18,3.139999,0.01,WALKABLE_FRONTIER_AND_GRAB_EXIT_V2,false,false,false,SOLID,EDGE_RUNUP_00,true,false
MAIN_MX_00,3,-1,-1,false,false,false,false,21.475,2.455,-1,0,true,true,18,3.131666,0.018333,WALKABLE_FRONTIER_AND_GRAB_EXIT_V2,false,false,false,SOLID,EDGE_RUNUP_00,true,false
MAIN_MX_00,4,-1,-1,false,false,false,false,21.45,2.455,-1.5,0,true,true,18,3.115,0.026667,WALKABLE_FRONTIER_AND_GRAB_EXIT_V2,false,false,false,SOLID,EDGE_RUNUP_00,true,false
MAIN_MX_00,5,-1,-1,false,false,false,false,21.41667,2.455,-2,0,true,true,18,3.09,0.035,WALKABLE_FRONTIER_AND_GRAB_EXIT_V2,false,false,false,SOLID,EDGE_RUNUP_00,true,false
MAIN_MX_00,6,-1,-1,false,false,false,false,21.375,2.455,-2.5,0,true,true,18,3.056667,0.043333,WALKABLE_FRONTIER_AND_GRAB_EXIT_V2,false,false,false,SOLID,EDGE_RUNUP_00,true,false
MAIN_MX_00,7,-1,-1,false,false,false,false,21.325,2.455,-3,0,true,true,18,3.015001,0.051667,WALKABLE_FRONTIER_AND_GRAB_EXIT_V2,false,false,false,SOLID,EDGE_RUNUP_00,true,false
MAIN_MX_00,8,-1,-1,false,false,false,false,21.26667,2.455,-3.5,0,true,true,18,2.965002,0.06,WALKABLE_FRONTIER_AND_GRAB_EXIT_V2,false,false,false,SOLID,EDGE_RUNUP_00,true,false
MAIN_MX_00,9,-1,-1,false,false,false,false,21.2,2.455,-4,0,true,true,18,2.90667,0.068333,WALKABLE_FRONTIER_AND_GRAB_EXIT_V2,false,false,false,SOLID,EDGE_RUNUP_00,true,false
MAIN_MX_00,10,-1,-1,false,false,false,false,21.125,2.455,-4.5,0,true,true,18,2.840002,0.076667,WALKABLE_FRONTIER_AND_GRAB_EXIT_V2,false,false,false,SOLID,EDGE_RUNUP_00,true,false
MAIN_MX_00,11,-1,-1,false,false,false,false,21.04167,2.455,-5,0,true,true,18,2.765001,0.085,WALKABLE_FRONTIER_AND_GRAB_EXIT_V2,false,false,false,SOLID,EDGE_RUNUP_00,true,false
MAIN_MX_00,12,-1,-1,false,false,false,false,20.95,2.455,-5.5,0,true,true,18,2.681667,0.093333,WALKABLE_FRONTIER_AND_GRAB_EXIT_V2,false,false,false,TOP_ONLY,EDGE_RUNUP_00,true,false
MAIN_MX_00,13,-1,-1,false,false,false,false,20.85833,2.455,-5.5,0,true,true,18,2.59,0.101667,WALKABLE_FRONTIER_AND_GRAB_EXIT_V2,false,false,false,TOP_ONLY,EDGE_RUNUP_00,true,false
MAIN_MX_00,14,-1,-1,false,false,false,false,20.76667,2.455,-5.5,0,true,true,18,2.498333,0.101667,WALKABLE_FRONTIER_AND_GRAB_EXIT_V2,false,false,false,TOP_ONLY,EDGE_RUNUP_00,true,false
MAIN_MX_00,15,-1,-1,false,false,false,false,20.675,2.455,-5.5,0,true,true,18,2.406666,0.101667,WALKABLE_FRONTIER_AND_GRAB_EXIT_V2,false,false,false,TOP_ONLY,EDGE_RUNUP_00,true,false
MAIN_MX_00,16,-1,-1,false,false,false,false,20.58333,2.455,-5.5,0,true,true,18,2.314999,0.101667,WALKABLE_FRONTIER_AND_GRAB_EXIT_V2,false,false,false,TOP_ONLY,EDGE_RUNUP_00,true,false
MAIN_MX_00,17,-1,-1,false,false,false,false,20.49166,2.455,-5.5,0,true,true,18,2.223331,0.101667,WALKABLE_FRONTIER_AND_GRAB_EXIT_V2,false,false,false,TOP_ONLY,EDGE_RUNUP_00,true,false
MAIN_MX_00,18,-1,-1,false,false,false,false,20.4,2.455,-5.5,0,true,true,18,2.131664,0.101667,WALKABLE_FRONTIER_AND_GRAB_EXIT_V2,false,false,false,TOP_ONLY,EDGE_RUNUP_00,true,false
MAIN_MX_00,19,-1,-1,false,false,false,false,20.30833,2.455,-5.5,0,true,true,18,2.039997,0.101667,WALKABLE_FRONTIER_AND_GRAB_EXIT_V2,false,false,false,TOP_ONLY,EDGE_RUNUP_00,true,false
MAIN_MX_00,20,-1,-1,false,false,false,false,20.21666,2.455,-5.5,0,true,true,18,1.94833,0.101667,WALKABLE_FRONTIER_AND_GRAB_EXIT_V2,false,false,false,TOP_ONLY,EDGE_RUNUP_00,true,false
MAIN_MX_00,21,-1,-1,false,false,false,false,20.125,2.455,-5.5,0,true,true,18,1.856663,0.101667,WALKABLE_FRONTIER_AND_GRAB_EXIT_V2,false,false,false,TOP_ONLY,EDGE_RUNUP_00,true,false
MAIN_MX_00,22,-1,-1,false,false,false,false,20.03333,2.455,-5.5,0,true,true,18,1.764996,0.101667,WALKABLE_FRONTIER_AND_GRAB_EXIT_V2,false,false,false,TOP_ONLY,EDGE_RUNUP_00,true,false
MAIN_MX_00,23,-1,-1,false,false,false,false,19.94166,2.455,-5.5,0,true,true,18,1.673328,0.101667,WALKABLE_FRONTIER_AND_GRAB_EXIT_V2,false,false,false,TOP_ONLY,EDGE_RUNUP_00,true,false
MAIN_MX_00,24,-1,-1,false,false,false,false,19.84999,2.455,-5.5,0,true,true,18,1.581661,0.101667,WALKABLE_FRONTIER_AND_GRAB_EXIT_V2,false,false,false,TOP_ONLY,EDGE_RUNUP_00,true,false
MAIN_MX_00,25,-1,-1,false,false,false,false,19.75833,2.455,-5.5,0,true,true,18,1.489994,0.101667,WALKABLE_FRONTIER_AND_GRAB_EXIT_V2,false,false,false,TOP_ONLY,EDGE_RUNUP_00,true,false
MAIN_MX_00,26,-1,-1,false,false,false,false,19.66666,2.455,-5.5,0,true,true,18,1.398327,0.101667,WALKABLE_FRONTIER_AND_GRAB_EXIT_V2,false,false,false,TOP_ONLY,EDGE_RUNUP_00,true,false
MAIN_MX_00,27,-1,-1,false,false,false,false,19.57499,2.455,-5.5,0,true,true,18,1.30666,0.101667,WALKABLE_FRONTIER_AND_GRAB_EXIT_V2,false,false,false,TOP_ONLY,EDGE_RUNUP_00,true,false
MAIN_MX_00,28,-1,-1,false,false,false,false,19.48333,2.455,-5.5,0,true,true,18,1.214993,0.101667,WALKABLE_FRONTIER_AND_GRAB_EXIT_V2,false,false,false,TOP_ONLY,EDGE_RUNUP_00,true,false
MAIN_MX_00,29,-1,-1,false,false,false,false,19.39166,2.455,-5.5,0,true,true,18,1.123325,0.101667,WALKABLE_FRONTIER_AND_GRAB_EXIT_V2,false,false,false,TOP_ONLY,EDGE_RUNUP_00,true,false
MAIN_MX_00,30,-1,-1,false,false,false,false,19.29999,2.455,-5.5,0,true,true,18,1.031658,0.101667,WALKABLE_FRONTIER_AND_GRAB_EXIT_V2,false,false,false,TOP_ONLY,EDGE_RUNUP_00,true,false
MAIN_MX_00,31,-1,-1,false,false,false,false,19.20832,2.455,-5.5,0,true,true,18,0.939991,0.101667,WALKABLE_FRONTIER_AND_GRAB_EXIT_V2,false,false,false,TOP_ONLY,EDGE_RUNUP_00,true,false
MAIN_MX_00,32,-1,-1,false,false,false,false,19.11666,2.455,-5.5,0,true,true,18,0.848324,0.101667,WALKABLE_FRONTIER_AND_GRAB_EXIT_V2,false,false,false,TOP_ONLY,EDGE_RUNUP_00,true,false
MAIN_MX_00,33,-1,-1,false,false,false,false,19.02499,2.455,-5.5,0,true,true,18,0.756657,0.101667,WALKABLE_FRONTIER_AND_GRAB_EXIT_V2,false,false,false,TOP_ONLY,EDGE_RUNUP_00,true,false
MAIN_MX_00,34,-1,-1,false,false,false,false,18.93332,2.455,-5.5,0,true,true,18,0.66499,0.101667,WALKABLE_FRONTIER_AND_GRAB_EXIT_V2,false,false,false,TOP_ONLY,EDGE_RUNUP_00,true,false
MAIN_MX_00,35,-1,-1,false,false,false,false,18.84166,2.455,-5.5,0,true,true,18,0.573322,0.101667,WALKABLE_FRONTIER_AND_GRAB_EXIT_V2,false,false,false,TOP_ONLY,EDGE_RUNUP_00,true,false
MAIN_MX_00,36,-1,-1,false,false,false,false,18.74999,2.455,-5.5,0,true,true,18,0.481655,0.101667,WALKABLE_FRONTIER_AND_GRAB_EXIT_V2,false,false,false,TOP_ONLY,EDGE_RUNUP_00,true,false
MAIN_MX_00,37,-1,-1,false,false,false,false,18.65832,2.455,-5.5,0,true,true,18,0.389988,0.101667,WALKABLE_FRONTIER_AND_GRAB_EXIT_V2,false,false,false,TOP_ONLY,EDGE_RUNUP_00,true,false
MAIN_MX_00,38,-1,-1,false,false,false,false,18.56665,2.455,-5.5,0,true,true,18,0.298321,0.101667,WALKABLE_FRONTIER_AND_GRAB_EXIT_V2,false,false,false,TOP_ONLY,EDGE_RUNUP_00,true,false
MAIN_MX_00,39,-1,-1,false,false,false,false,18.47499,2.455,-5.5,0,true,true,18,0.206654,0.101667,WALKABLE_FRONTIER_AND_GRAB_EXIT_V2,false,false,false,TOP_ONLY,EDGE_RUNUP_00,true,false
MAIN_MX_00,40,-1,-1,false,false,false,false,18.38332,2.455,-5.5,0,true,true,18,0.114986,0.101667,WALKABLE_FRONTIER_AND_GRAB_EXIT_V2,false,false,false,TOP_ONLY,EDGE_RUNUP_00,true,false
MAIN_MX_00,41,-1,-1,false,false,true,false,18.29165,2.569444,-5.5,6.866666,false,true,18,0.023319,0.101667,WALKABLE_FRONTIER_AND_GRAB_EXIT_V2,false,false,false,AIR,JUMP_00,true,false
MAIN_MX_00,42,-1,-1,false,false,true,false,18.19999,2.678333,-5.5,6.533333,false,false,-1,-1,-1,,false,false,false,AIR,AIR_00,true,false
MAIN_MX_00,43,-1,-1,false,false,true,false,18.10832,2.781667,-5.5,6.199999,false,false,-1,-1,-1,,false,false,false,AIR,AIR_00,true,false
MAIN_MX_00,44,-1,-1,false,false,true,false,18.01665,2.879444,-5.5,5.866666,false,false,-1,-1,-1,,false,false,false,AIR,AIR_00,true,false
MAIN_MX_00,45,-1,-1,false,false,true,false,17.92498,2.971667,-5.5,5.533332,false,false,-1,-1,-1,,false,false,false,AIR,AIR_00,true,false
MAIN_MX_00,46,-1,-1,false,false,true,false,17.83332,3.058333,-5.5,5.199999,false,false,-1,-1,-1,,false,false,false,AIR,AIR_00,true,false
MAIN_MX_00,47,-1,-1,false,false,true,false,17.74165,3.139444,-5.5,4.866665,false,false,-1,-1,-1,,false,false,false,AIR,AIR_00,true,false
MAIN_MX_00,48,-1,-1,false,false,true,false,17.64998,3.215,-5.5,4.533332,false,false,-1,-1,-1,,false,false,false,AIR,AIR_00,true,false
MAIN_MX_00,49,-1,-1,false,false,true,false,17.55832,3.285,-5.5,4.199998,false,false,-1,-1,-1,,false,false,false,AIR,AIR_00,true,false
MAIN_MX_00,50,1,1,false,false,true,false,17.47776,3.349444,-4.833333,3.866665,false,false,-1,-1,-1,,false,false,false,AIR,AIR_00,true,false
MAIN_MX_00,51,1,1,false,false,true,false,17.40832,3.408333,-4.166667,3.533332,false,false,-1,-1,-1,,false,false,false,AIR,AIR_00,true,false
MAIN_MX_00,52,1,1,false,false,true,false,17.34998,3.461667,-3.5,3.199999,false,false,-1,-1,-1,,false,false,false,AIR,AIR_00,true,false
MAIN_MX_00,53,1,1,false,false,true,false,17.30276,3.509444,-2.833333,2.866665,false,false,-1,-1,-1,,false,false,false,AIR,AIR_00,true,false
MAIN_MX_00,54,1,1,false,false,true,false,17.26665,3.551666,-2.166667,2.533332,false,false,-1,-1,-1,,false,false,false,AIR,AIR_00,true,false
MAIN_MX_00,55,1,1,false,false,true,false,17.24165,3.588333,-1.5,2.199999,false,false,-1,-1,-1,,false,false,false,AIR,AIR_00,true,false
MAIN_MX_00,56,1,1,false,false,true,false,17.22776,3.619444,-0.833333,1.866665,false,false,-1,-1,-1,,false,false,false,AIR,AIR_00,true,false
MAIN_MX_00,57,1,1,false,false,true,false,17.22498,3.645,-0.166667,1.533332,false,false,-1,-1,-1,,false,false,false,AIR,AIR_00,true,false
MAIN_MX_00,58,1,1,false,false,true,false,17.23332,3.665,0.5,1.199999,false,false,-1,-1,-1,,false,false,false,AIR,AIR_00,true,false
MAIN_MX_00,59,1,1,false,false,true,false,17.25276,3.679444,1.166667,0.866665,false,false,-1,-1,-1,,false,false,false,AIR,AIR_00,true,false
MAIN_MX_00,60,1,1,false,false,true,false,17.28332,3.688333,1.833333,0.533332,false,false,-1,-1,-1,,false,false,false,AIR,AIR_00,true,false
MAIN_MX_00,61,1,1,false,false,true,false,17.32498,3.691666,2.5,0.199999,false,false,-1,-1,-1,,false,false,false,AIR,AIR_00,true,false
MAIN_MX_00,62,1,1,false,false,true,false,17.37776,3.689444,3.166667,-0.133335,false,false,-1,-1,-1,,false,false,false,AIR,AIR_00,true,false
MAIN_MX_00,63,-1,-1,false,false,true,false,17.41943,3.68,2.5,-0.566668,false,false,-1,-1,-1,,false,false,false,AIR,AIR_00,true,false
MAIN_MX_00,64,-1,-1,false,false,true,false,17.44998,3.663333,1.833333,-1.000001,false,false,-1,-1,-1,,false,false,false,AIR,AIR_00,true,false
MAIN_MX_00,65,-1,-1,false,false,true,false,17.46943,3.639444,1.166667,-1.433335,false,false,-1,-1,-1,,false,false,false,AIR,AIR_00,true,false
MAIN_MX_00,66,-1,-1,false,false,true,false,17.47776,3.608333,0.5,-1.866668,false,false,-1,-1,-1,,false,false,false,AIR,AIR_00,true,false
MAIN_MX_00,67,-1,-1,false,false,true,false,17.47498,3.569999,-0.166667,-2.300002,false,false,-1,-1,-1,,false,false,false,AIR,AIR_00,true,false
MAIN_MX_00,68,1,1,false,false,true,false,17.48331,3.524444,0.5,-2.733335,false,false,-1,-1,-1,,false,false,false,AIR,AIR_00,true,false
MAIN_MX_00,69,-1,-1,false,false,true,false,17.48331,3.454444,0,0,true,false,-1,-1,-1,,false,false,false,TOP_ONLY,LINK_TARGET_00,true,false
MAIN_MX_00,70,0,0,false,false,false,false,17.48331,3.454444,0,0,true,true,-1,-1,-1,,false,false,false,TOP_ONLY,PASS_TARGET,true,false
MAIN_MX_01,0,0,0,false,false,false,false,15.5,3.46,0,0,false,false,-1,-1,-1,,false,false,false,AIR,START,true,false
MAIN_MX_01,1,0,0,false,false,false,false,15.5,3.455,0,0,true,false,-1,-1,-1,,false,false,false,TOP_ONLY,GROUND_SETTLE_01,true,false
MAIN_MX_01,2,-1,-1,false,false,false,false,15.49167,3.455,-0.5,0,true,true,12,3.14,0.01,WALKABLE_FRONTIER_AND_GRAB_EXIT_V2,false,false,false,TOP_ONLY,EDGE_RUNUP_01,true,false
MAIN_MX_01,3,-1,-1,false,false,false,false,15.475,3.455,-1,0,true,true,12,3.131667,0.018333,WALKABLE_FRONTIER_AND_GRAB_EXIT_V2,false,false,false,TOP_ONLY,EDGE_RUNUP_01,true,false
MAIN_MX_01,4,-1,-1,false,false,false,false,15.45,3.455,-1.5,0,true,true,12,3.115001,0.026667,WALKABLE_FRONTIER_AND_GRAB_EXIT_V2,false,false,false,TOP_ONLY,EDGE_RUNUP_01,true,false
MAIN_MX_01,5,-1,-1,false,false,false,false,15.41667,3.455,-2,0,true,true,12,3.090001,0.035,WALKABLE_FRONTIER_AND_GRAB_EXIT_V2,false,false,false,TOP_ONLY,EDGE_RUNUP_01,true,false
MAIN_MX_01,6,-1,-1,false,false,false,false,15.375,3.455,-2.5,0,true,true,12,3.056667,0.043333,WALKABLE_FRONTIER_AND_GRAB_EXIT_V2,false,false,false,TOP_ONLY,EDGE_RUNUP_01,true,false
MAIN_MX_01,7,-1,-1,false,false,false,false,15.325,3.455,-3,0,true,true,12,3.015,0.051667,WALKABLE_FRONTIER_AND_GRAB_EXIT_V2,false,false,false,TOP_ONLY,EDGE_RUNUP_01,true,false
MAIN_MX_01,8,-1,-1,false,false,false,false,15.26667,3.455,-3.5,0,true,true,12,2.965,0.06,WALKABLE_FRONTIER_AND_GRAB_EXIT_V2,false,false,false,TOP_ONLY,EDGE_RUNUP_01,true,false
MAIN_MX_01,9,-1,-1,false,false,false,false,15.2,3.455,-4,0,true,true,12,2.906667,0.068333,WALKABLE_FRONTIER_AND_GRAB_EXIT_V2,false,false,false,TOP_ONLY,EDGE_RUNUP_01,true,false
MAIN_MX_01,10,-1,-1,false,false,false,false,15.125,3.455,-4.5,0,true,true,12,2.84,0.076667,WALKABLE_FRONTIER_AND_GRAB_EXIT_V2,false,false,false,TOP_ONLY,EDGE_RUNUP_01,true,false
MAIN_MX_01,11,-1,-1,false,false,false,false,15.04167,3.455,-5,0,true,true,12,2.765,0.085,WALKABLE_FRONTIER_AND_GRAB_EXIT_V2,false,false,false,TOP_ONLY,EDGE_RUNUP_01,true,false
MAIN_MX_01,12,-1,-1,false,false,false,false,14.95,3.455,-5.5,0,true,true,12,2.681667,0.093333,WALKABLE_FRONTIER_AND_GRAB_EXIT_V2,false,false,false,TOP_ONLY,EDGE_RUNUP_01,true,false
MAIN_MX_01,13,-1,-1,false,false,false,false,14.85833,3.455,-5.5,0,true,true,12,2.590001,0.101667,WALKABLE_FRONTIER_AND_GRAB_EXIT_V2,false,false,false,TOP_ONLY,EDGE_RUNUP_01,true,false
MAIN_MX_01,14,-1,-1,false,false,false,false,14.76667,3.455,-5.5,0,true,true,12,2.498335,0.101667,WALKABLE_FRONTIER_AND_GRAB_EXIT_V2,false,false,false,TOP_ONLY,EDGE_RUNUP_01,true,false
MAIN_MX_01,15,-1,-1,false,false,false,false,14.675,3.455,-5.5,0,true,true,12,2.406669,0.101667,WALKABLE_FRONTIER_AND_GRAB_EXIT_V2,false,false,false,TOP_ONLY,EDGE_RUNUP_01,true,false
MAIN_MX_01,16,-1,-1,false,false,false,false,14.58334,3.455,-5.5,0,true,true,12,2.315002,0.101667,WALKABLE_FRONTIER_AND_GRAB_EXIT_V2,false,false,false,TOP_ONLY,EDGE_RUNUP_01,true,false
MAIN_MX_01,17,-1,-1,false,false,false,false,14.49167,3.455,-5.5,0,true,true,12,2.223336,0.101667,WALKABLE_FRONTIER_AND_GRAB_EXIT_V2,false,false,false,TOP_ONLY,EDGE_RUNUP_01,true,false
MAIN_MX_01,18,-1,-1,false,false,false,false,14.4,3.455,-5.5,0,true,true,12,2.13167,0.101667,WALKABLE_FRONTIER_AND_GRAB_EXIT_V2,false,false,false,TOP_ONLY,EDGE_RUNUP_01,true,false
MAIN_MX_01,19,-1,-1,false,false,false,false,14.30834,3.455,-5.5,0,true,true,12,2.040004,0.101667,WALKABLE_FRONTIER_AND_GRAB_EXIT_V2,false,false,false,TOP_ONLY,EDGE_RUNUP_01,true,false
MAIN_MX_01,20,-1,-1,false,false,false,false,14.21667,3.455,-5.5,0,true,true,12,1.948338,0.101667,WALKABLE_FRONTIER_AND_GRAB_EXIT_V2,false,false,false,TOP_ONLY,EDGE_RUNUP_01,true,false
MAIN_MX_01,21,-1,-1,false,false,false,false,14.125,3.455,-5.5,0,true,true,12,1.856671,0.101667,WALKABLE_FRONTIER_AND_GRAB_EXIT_V2,false,false,false,TOP_ONLY,EDGE_RUNUP_01,true,false
MAIN_MX_01,22,-1,-1,false,false,false,false,14.03334,3.455,-5.5,0,true,true,12,1.765005,0.101667,WALKABLE_FRONTIER_AND_GRAB_EXIT_V2,false,false,false,TOP_ONLY,EDGE_RUNUP_01,true,false
MAIN_MX_01,23,-1,-1,false,false,false,false,13.94167,3.455,-5.5,0,true,true,12,1.673339,0.101667,WALKABLE_FRONTIER_AND_GRAB_EXIT_V2,false,false,false,TOP_ONLY,EDGE_RUNUP_01,true,false
MAIN_MX_01,24,-1,-1,false,false,false,false,13.85001,3.455,-5.5,0,true,true,12,1.581673,0.101667,WALKABLE_FRONTIER_AND_GRAB_EXIT_V2,false,false,false,TOP_ONLY,EDGE_RUNUP_01,true,false
MAIN_MX_01,25,-1,-1,false,false,false,false,13.75834,3.455,-5.5,0,true,true,12,1.490006,0.101667,WALKABLE_FRONTIER_AND_GRAB_EXIT_V2,false,false,false,TOP_ONLY,EDGE_RUNUP_01,true,false
MAIN_MX_01,26,-1,-1,false,false,false,false,13.66667,3.455,-5.5,0,true,true,12,1.39834,0.101667,WALKABLE_FRONTIER_AND_GRAB_EXIT_V2,false,false,false,TOP_ONLY,EDGE_RUNUP_01,true,false
MAIN_MX_01,27,-1,-1,false,false,false,false,13.57501,3.455,-5.5,0,true,true,12,1.306674,0.101667,WALKABLE_FRONTIER_AND_GRAB_EXIT_V2,false,false,false,TOP_ONLY,EDGE_RUNUP_01,true,false
MAIN_MX_01,28,-1,-1,false,false,false,false,13.48334,3.455,-5.5,0,true,true,12,1.215008,0.101667,WALKABLE_FRONTIER_AND_GRAB_EXIT_V2,false,false,false,TOP_ONLY,EDGE_RUNUP_01,true,false
MAIN_MX_01,29,-1,-1,false,false,false,false,13.39167,3.455,-5.5,0,true,true,12,1.123342,0.101667,WALKABLE_FRONTIER_AND_GRAB_EXIT_V2,false,false,false,TOP_ONLY,EDGE_RUNUP_01,true,false
MAIN_MX_01,30,-1,-1,false,false,false,false,13.30001,3.455,-5.5,0,true,true,12,1.031675,0.101667,WALKABLE_FRONTIER_AND_GRAB_EXIT_V2,false,false,false,TOP_ONLY,EDGE_RUNUP_01,true,false
MAIN_MX_01,31,-1,-1,false,false,false,false,13.20834,3.455,-5.5,0,true,true,12,0.940009,0.101667,WALKABLE_FRONTIER_AND_GRAB_EXIT_V2,false,false,false,TOP_ONLY,EDGE_RUNUP_01,true,false
MAIN_MX_01,32,-1,-1,false,false,false,false,13.11668,3.455,-5.5,0,true,true,12,0.848343,0.101667,WALKABLE_FRONTIER_AND_GRAB_EXIT_V2,false,false,false,TOP_ONLY,EDGE_RUNUP_01,true,false
MAIN_MX_01,33,-1,-1,false,false,false,false,13.02501,3.455,-5.5,0,true,true,12,0.756677,0.101667,WALKABLE_FRONTIER_AND_GRAB_EXIT_V2,false,false,false,TOP_ONLY,EDGE_RUNUP_01,true,false
MAIN_MX_01,34,-1,-1,false,false,false,false,12.93334,3.455,-5.5,0,true,true,12,0.665011,0.101667,WALKABLE_FRONTIER_AND_GRAB_EXIT_V2,false,false,false,TOP_ONLY,EDGE_RUNUP_01,true,false
MAIN_MX_01,35,-1,-1,false,false,false,false,12.84168,3.455,-5.5,0,true,true,12,0.573344,0.101667,WALKABLE_FRONTIER_AND_GRAB_EXIT_V2,false,false,false,TOP_ONLY,EDGE_RUNUP_01,true,false
MAIN_MX_01,36,-1,-1,false,false,false,false,12.75001,3.455,-5.5,0,true,true,12,0.481678,0.101667,WALKABLE_FRONTIER_AND_GRAB_EXIT_V2,false,false,false,TOP_ONLY,EDGE_RUNUP_01,true,false
MAIN_MX_01,37,-1,-1,false,false,false,false,12.65835,3.455,-5.5,0,true,true,12,0.390012,0.101667,WALKABLE_FRONTIER_AND_GRAB_EXIT_V2,false,false,false,TOP_ONLY,EDGE_RUNUP_01,true,false
MAIN_MX_01,38,-1,-1,false,false,false,false,12.56668,3.455,-5.5,0,true,true,12,0.298346,0.101667,WALKABLE_FRONTIER_AND_GRAB_EXIT_V2,false,false,false,TOP_ONLY,EDGE_RUNUP_01,true,false
MAIN_MX_01,39,-1,-1,false,false,false,false,12.47501,3.455,-5.5,0,true,true,12,0.206679,0.101667,WALKABLE_FRONTIER_AND_GRAB_EXIT_V2,false,false,false,TOP_ONLY,EDGE_RUNUP_01,true,false
MAIN_MX_01,40,-1,-1,false,false,false,false,12.38335,3.455,-5.5,0,true,true,12,0.115013,0.101667,WALKABLE_FRONTIER_AND_GRAB_EXIT_V2,false,false,false,TOP_ONLY,EDGE_RUNUP_01,true,false
MAIN_MX_01,41,-1,-1,false,false,true,false,12.365,3.569444,0,6.866666,false,true,12,0.023347,0.101667,WALKABLE_FRONTIER_AND_GRAB_EXIT_V2,false,false,false,AIR,JUMP_01,true,false
MAIN_MX_01,42,-1,-1,false,false,true,false,12.36444,3.678333,0,6.533333,false,false,-1,-1,-1,,false,false,false,AIR,AIR_01,true,false
MAIN_MX_01,43,-1,-1,false,false,true,false,12.36389,3.781667,0,6.199999,false,false,-1,-1,-1,,false,false,false,AIR,AIR_01,true,false
MAIN_MX_01,44,-1,-1,false,false,true,false,12.36389,3.879444,0,5.866666,false,false,-1,-1,-1,,false,false,false,AIR,AIR_01,true,false
MAIN_MX_01,45,-1,-1,false,false,true,false,12.36389,3.971667,0,5.533332,false,false,-1,-1,-1,,false,false,false,AIR,AIR_01,true,false
MAIN_MX_01,46,-1,-1,false,false,true,false,12.36389,4.058333,0,5.199999,false,false,-1,-1,-1,,false,false,false,AIR,AIR_01,true,false
MAIN_MX_01,47,-1,-1,false,false,true,false,12.36389,4.139444,0,4.866665,false,false,-1,-1,-1,,false,false,false,AIR,AIR_01,true,false
MAIN_MX_01,48,-1,-1,false,false,true,false,12.36154,4.215,0,4.533332,false,false,-1,-1,-1,,false,false,false,AIR,AIR_01,true,false
MAIN_MX_01,49,-1,-1,false,false,true,false,12.35043,4.285,-0.666667,4.199998,false,false,-1,-1,-1,,false,false,false,AIR,AIR_01,true,false
MAIN_MX_01,50,-1,-1,false,false,true,false,12.32821,4.349444,-1.333333,3.866665,false,false,-1,-1,-1,,false,false,false,AIR,AIR_01,true,false
MAIN_MX_01,51,-1,-1,false,false,true,false,12.29488,4.408333,-2,3.533332,false,false,-1,-1,-1,,false,false,false,AIR,AIR_01,true,false
MAIN_MX_01,52,-1,-1,false,false,true,false,12.25043,4.461667,-2.666667,3.199999,false,false,-1,-1,-1,,false,false,false,AIR,AIR_01,true,false
MAIN_MX_01,53,-1,-1,false,false,true,false,12.19488,4.509444,-3.333333,2.866665,false,false,-1,-1,-1,,false,false,false,AIR,AIR_01,true,false
MAIN_MX_01,54,-1,-1,false,false,true,false,12.12821,4.551666,-4,2.533332,false,false,-1,-1,-1,,false,false,false,AIR,AIR_01,true,false
MAIN_MX_01,55,-1,-1,false,false,true,false,12.05043,4.588333,-4.666667,2.199999,false,false,-1,-1,-1,,false,false,false,AIR,AIR_01,true,false
MAIN_MX_01,56,-1,-1,false,false,true,false,11.96154,4.619444,-5.333333,1.866665,false,false,-1,-1,-1,,false,false,false,AIR,AIR_01,true,false
MAIN_MX_01,57,-1,-1,false,false,true,false,11.86988,4.645,-5.5,1.533332,false,false,-1,-1,-1,,false,false,false,AIR,AIR_01,true,false
MAIN_MX_01,58,-1,-1,false,false,true,false,11.77821,4.665,-5.5,1.199999,false,false,-1,-1,-1,,false,false,false,AIR,AIR_01,true,false
MAIN_MX_01,59,-1,-1,false,false,true,false,11.68654,4.679444,-5.5,0.866665,false,false,-1,-1,-1,,false,false,false,AIR,AIR_01,true,false
MAIN_MX_01,60,-1,-1,false,false,true,false,11.59488,4.688333,-5.5,0.533332,false,false,-1,-1,-1,,false,false,false,AIR,AIR_01,true,false
MAIN_MX_01,61,1,1,false,false,true,false,11.51432,4.691666,-4.833333,0.199999,false,false,-1,-1,-1,,false,false,false,AIR,AIR_01,true,false
MAIN_MX_01,62,1,1,false,false,true,false,11.44488,4.689444,-4.166667,-0.133335,false,false,-1,-1,-1,,false,false,false,AIR,AIR_01,true,false
MAIN_MX_01,63,1,1,false,false,true,false,11.38654,4.68,-3.5,-0.566668,false,false,-1,-1,-1,,false,false,false,AIR,AIR_01,true,false
MAIN_MX_01,64,1,1,false,false,true,false,11.33932,4.663333,-2.833333,-1.000001,false,false,-1,-1,-1,,false,false,false,AIR,AIR_01,true,false
MAIN_MX_01,65,1,1,false,false,true,false,11.30321,4.639444,-2.166667,-1.433335,false,false,-1,-1,-1,,false,false,false,AIR,AIR_01,true,false
MAIN_MX_01,66,1,1,false,false,true,false,11.27821,4.608333,-1.5,-1.866668,false,false,-1,-1,-1,,false,false,false,AIR,AIR_01,true,false
MAIN_MX_01,67,1,1,false,false,true,false,11.26432,4.569999,-0.833333,-2.300002,false,false,-1,-1,-1,,false,false,false,AIR,AIR_01,true,false
MAIN_MX_01,68,1,1,false,false,true,false,11.26154,4.524444,-0.166667,-2.733335,false,false,-1,-1,-1,,false,false,false,AIR,AIR_01,true,false
MAIN_MX_01,69,1,1,false,false,true,false,11.2671,4.454444,0.333333,0,true,false,-1,-1,-1,,false,false,false,SOLID,LINK_TARGET_01,true,false
MAIN_MX_01,70,0,0,false,false,false,false,11.2671,4.454444,0,0,true,true,-1,-1,-1,,false,false,false,SOLID,PASS_TARGET,true,false
MAIN_MX_02,0,0,0,false,false,false,false,10.5,4.46,0,0,false,false,-1,-1,-1,,false,false,false,AIR,START,true,false
MAIN_MX_02,1,0,0,false,false,false,false,10.5,4.455,0,0,true,false,-1,-1,-1,,false,false,false,SOLID,GROUND_SETTLE_02,true,false
MAIN_MX_02,2,-1,-1,false,false,false,false,10.49167,4.455,-0.5,0,true,true,9,1.14,0.01,WALKABLE_FRONTIER_AND_GRAB_EXIT_V2,false,false,false,SOLID,EDGE_RUNUP_02,true,false
MAIN_MX_02,3,-1,-1,false,false,false,false,10.475,4.455,-1,0,true,true,9,1.131667,0.018333,WALKABLE_FRONTIER_AND_GRAB_EXIT_V2,false,false,false,SOLID,EDGE_RUNUP_02,true,false
MAIN_MX_02,4,-1,-1,false,false,false,false,10.45,4.455,-1.5,0,true,true,9,1.115001,0.026667,WALKABLE_FRONTIER_AND_GRAB_EXIT_V2,false,false,false,SOLID,EDGE_RUNUP_02,true,false
MAIN_MX_02,5,-1,-1,false,false,false,false,10.41667,4.455,-2,0,true,true,9,1.090001,0.035,WALKABLE_FRONTIER_AND_GRAB_EXIT_V2,false,false,false,SOLID,EDGE_RUNUP_02,true,false
MAIN_MX_02,6,-1,-1,false,false,false,false,10.375,4.455,-2.5,0,true,true,9,1.056667,0.043333,WALKABLE_FRONTIER_AND_GRAB_EXIT_V2,false,false,false,SOLID,EDGE_RUNUP_02,true,false
MAIN_MX_02,7,-1,-1,false,false,false,false,10.325,4.455,-3,0,true,true,9,1.015,0.051667,WALKABLE_FRONTIER_AND_GRAB_EXIT_V2,false,false,false,SOLID,EDGE_RUNUP_02,true,false
MAIN_MX_02,8,-1,-1,false,false,false,false,10.26667,4.455,-3.5,0,true,true,9,0.965,0.06,WALKABLE_FRONTIER_AND_GRAB_EXIT_V2,false,false,false,SOLID,EDGE_RUNUP_02,true,false
MAIN_MX_02,9,-1,-1,false,false,false,false,10.2,4.455,-4,0,true,true,9,0.906667,0.068333,WALKABLE_FRONTIER_AND_GRAB_EXIT_V2,false,false,false,SOLID,EDGE_RUNUP_02,true,false
MAIN_MX_02,10,-1,-1,false,false,false,false,10.125,4.455,-4.5,0,true,true,9,0.84,0.076667,WALKABLE_FRONTIER_AND_GRAB_EXIT_V2,false,false,false,SOLID,EDGE_RUNUP_02,true,false
MAIN_MX_02,11,-1,-1,false,false,false,false,10.04167,4.455,-5,0,true,true,9,0.765,0.085,WALKABLE_FRONTIER_AND_GRAB_EXIT_V2,false,false,false,SOLID,EDGE_RUNUP_02,true,false
MAIN_MX_02,12,-1,-1,false,false,false,false,9.950001,4.455,-5.5,0,true,true,9,0.681667,0.093333,WALKABLE_FRONTIER_AND_GRAB_EXIT_V2,false,false,false,SOLID,EDGE_RUNUP_02,true,false
MAIN_MX_02,13,-1,-1,false,false,false,false,9.858335,4.455,-5.5,0,true,true,9,0.590001,0.101667,WALKABLE_FRONTIER_AND_GRAB_EXIT_V2,false,false,false,SOLID,EDGE_RUNUP_02,true,false
MAIN_MX_02,14,-1,-1,false,false,false,false,9.766668,4.455,-5.5,0,true,true,9,0.498335,0.101667,WALKABLE_FRONTIER_AND_GRAB_EXIT_V2,false,false,false,SOLID,EDGE_RUNUP_02,true,false
MAIN_MX_02,15,-1,-1,false,false,false,false,9.675002,4.455,-5.5,0,true,true,9,0.406669,0.101667,WALKABLE_FRONTIER_AND_GRAB_EXIT_V2,false,false,false,SOLID,EDGE_RUNUP_02,true,false
MAIN_MX_02,16,-1,-1,false,false,false,false,9.583336,4.455,-5.5,0,true,true,9,0.315002,0.101667,WALKABLE_FRONTIER_AND_GRAB_EXIT_V2,false,false,false,SOLID,EDGE_RUNUP_02,true,false
MAIN_MX_02,17,-1,-1,false,false,false,false,9.49167,4.455,-5.5,0,true,true,9,0.223336,0.101667,WALKABLE_FRONTIER_AND_GRAB_EXIT_V2,false,false,false,SOLID,EDGE_RUNUP_02,true,false
MAIN_MX_02,18,-1,-1,false,false,false,false,9.400003,4.455,-5.5,0,true,true,9,0.13167,0.101667,WALKABLE_FRONTIER_AND_GRAB_EXIT_V2,false,false,false,SOLID,EDGE_RUNUP_02,true,false
MAIN_MX_02,19,-1,-1,false,false,true,false,9.308337,4.569445,-5.5,6.866666,false,true,9,0.040004,0.101667,WALKABLE_FRONTIER_AND_GRAB_EXIT_V2,false,false,false,AIR,JUMP_02,true,false
MAIN_MX_02,20,-1,-1,false,false,true,false,9.216671,4.678334,-5.5,6.533333,false,false,-1,-1,-1,,false,false,false,AIR,AIR_02,true,false
MAIN_MX_02,21,-1,-1,false,false,true,false,9.125005,4.781667,-5.5,6.199999,false,false,-1,-1,-1,,false,false,false,AIR,AIR_02,true,false
MAIN_MX_02,22,-1,-1,false,false,true,false,9.033339,4.879445,-5.5,5.866666,false,false,-1,-1,-1,,false,false,false,AIR,AIR_02,true,false
MAIN_MX_02,23,-1,-1,false,false,true,false,8.941672,4.971667,-5.5,5.533332,false,false,-1,-1,-1,,false,false,false,AIR,AIR_02,true,false
MAIN_MX_02,24,-1,-1,false,false,true,false,8.850006,5.058334,-5.5,5.199999,false,false,-1,-1,-1,,false,false,false,AIR,AIR_02,true,false
MAIN_MX_02,25,-1,-1,false,false,true,false,8.75834,5.139445,-5.5,4.866665,false,false,-1,-1,-1,,false,false,false,AIR,AIR_02,true,false
MAIN_MX_02,26,-1,-1,false,false,true,false,8.666674,5.215,-5.5,4.533332,false,false,-1,-1,-1,,false,false,false,AIR,AIR_02,true,false
MAIN_MX_02,27,-1,-1,false,false,true,false,8.575007,5.285,-5.5,4.199998,false,false,-1,-1,-1,,false,false,false,AIR,AIR_02,true,false
MAIN_MX_02,28,-1,-1,false,false,true,false,8.483341,5.349445,-5.5,3.866665,false,false,-1,-1,-1,,false,false,false,AIR,AIR_02,true,false
MAIN_MX_02,29,-1,-1,false,false,true,false,8.391675,5.408334,-5.5,3.533332,false,false,-1,-1,-1,,false,false,false,AIR,AIR_02,true,false
MAIN_MX_02,30,-1,-1,false,false,true,false,8.300009,5.461667,-5.5,3.199999,false,false,-1,-1,-1,,false,false,false,AIR,AIR_02,true,false
MAIN_MX_02,31,-1,-1,false,false,true,false,8.208343,5.509445,-5.5,2.866665,false,false,-1,-1,-1,,false,false,false,AIR,AIR_02,true,false
MAIN_MX_02,32,-1,-1,false,false,true,false,8.116676,5.545,-5.5,0,false,false,-1,-1,-1,,false,false,false,AIR,AIR_02,true,false
MAIN_MX_02,33,-1,-1,false,false,true,false,8.02501,5.537777,-5.5,-0.433333,false,false,-1,-1,-1,,false,false,false,AIR,AIR_02,true,false
MAIN_MX_02,34,-1,-1,false,false,true,false,7.933343,5.523333,-5.5,-0.866667,false,false,-1,-1,-1,,false,false,false,AIR,AIR_02,true,false
MAIN_MX_02,35,-1,-1,false,false,true,false,7.841677,5.455,-5.5,0,true,false,-1,-1,-1,,false,false,false,TOP_ONLY,AIR_02,true,false
MAIN_MX_02,36,-1,-1,false,false,true,false,7.75001,5.455,-5.5,0,true,true,-1,-1,-1,,false,false,false,TOP_ONLY,AIR_02,true,false
MAIN_MX_02,37,-1,-1,false,false,true,false,7.658343,5.455,-5.5,0,true,true,-1,-1,-1,,false,false,false,TOP_ONLY,AIR_02,true,false
MAIN_MX_02,38,-1,-1,false,false,true,false,7.566677,5.455,-5.5,0,true,true,-1,-1,-1,,false,false,false,TOP_ONLY,AIR_02,true,false
MAIN_MX_02,39,-1,-1,false,false,true,false,7.47501,5.455,-5.5,0,true,true,-1,-1,-1,,false,false,false,TOP_ONLY,AIR_02,true,false
MAIN_MX_02,40,-1,-1,false,false,true,false,7.383343,5.455,-5.5,0,true,true,-1,-1,-1,,false,false,false,TOP_ONLY,AIR_02,true,false
MAIN_MX_02,41,-1,-1,false,false,true,false,7.291677,5.455,-5.5,0,true,true,-1,-1,-1,,false,false,false,TOP_ONLY,LINK_TARGET_02,true,false
MAIN_MX_02,42,0,0,false,false,false,false,7.211121,5.455,-4.833333,0,true,true,-1,-1,-1,,false,false,false,TOP_ONLY,PASS_TARGET,true,false
MAIN_MX_03,0,0,0,false,false,false,false,5.5,5.46,0,0,false,false,-1,-1,-1,,false,false,false,AIR,START,true,false
MAIN_MX_03,1,0,0,false,false,false,false,5.5,5.455,0,0,true,false,-1,-1,-1,,false,false,false,TOP_ONLY,GROUND_SETTLE_03,true,false
MAIN_MX_03,2,-1,-1,false,false,false,false,5.491667,5.455,-0.5,0,true,true,-1,-1,-1,,false,false,false,TOP_ONLY,GRAB_APPROACH_STAGE_03,true,false
MAIN_MX_03,3,-1,-1,false,false,false,false,5.475,5.455,-1,0,true,true,-1,-1,-1,,false,false,false,TOP_ONLY,GRAB_APPROACH_STAGE_03,true,false
MAIN_MX_03,4,-1,-1,false,false,false,false,5.45,5.455,-1.5,0,true,true,-1,-1,-1,,false,false,false,TOP_ONLY,GRAB_APPROACH_STAGE_03,true,false
MAIN_MX_03,5,-1,-1,false,false,false,false,5.416667,5.455,-2,0,true,true,-1,-1,-1,,false,false,false,TOP_ONLY,GRAB_APPROACH_STAGE_03,true,false
MAIN_MX_03,6,-1,-1,false,false,false,false,5.375,5.455,-2.5,0,true,true,-1,-1,-1,,false,false,false,TOP_ONLY,GRAB_APPROACH_STAGE_03,true,false
MAIN_MX_03,7,-1,-1,false,false,false,false,5.325,5.455,-3,0,true,true,-1,-1,-1,,false,false,false,TOP_ONLY,GRAB_APPROACH_STAGE_03,true,false
MAIN_MX_03,8,-1,-1,false,false,false,false,5.266666,5.455,-3.5,0,true,true,-1,-1,-1,,false,false,false,TOP_ONLY,GRAB_APPROACH_STAGE_03,true,false
MAIN_MX_03,9,-1,-1,false,false,false,false,5.2,5.455,-4,0,true,true,-1,-1,-1,,false,false,false,TOP_ONLY,GRAB_APPROACH_STAGE_03,true,false
MAIN_MX_03,10,-1,-1,false,false,false,false,5.125,5.455,-4.5,0,true,true,-1,-1,-1,,false,false,false,TOP_ONLY,GRAB_APPROACH_STAGE_03,true,false
MAIN_MX_03,11,-1,-1,false,false,false,false,5.041667,5.455,-5,0,true,true,-1,-1,-1,,false,false,false,TOP_ONLY,GRAB_APPROACH_STAGE_03,true,false
MAIN_MX_03,12,-1,-1,false,false,false,false,4.95,5.455,-5.5,0,true,true,-1,-1,-1,,false,false,false,TOP_ONLY,GRAB_APPROACH_STAGE_03,true,false
MAIN_MX_03,13,-1,-1,false,false,false,false,4.858333,5.455,-5.5,0,true,true,-1,-1,-1,,false,false,false,TOP_ONLY,GRAB_APPROACH_STAGE_03,true,false
MAIN_MX_03,14,-1,-1,false,false,false,false,4.766666,5.455,-5.5,0,true,true,-1,-1,-1,,false,false,false,TOP_ONLY,GRAB_APPROACH_STAGE_03,true,false
MAIN_MX_03,15,1,1,false,false,false,false,4.683333,5.455,-5,0,true,true,-1,-1,-1,,false,false,false,TOP_ONLY,GRAB_APPROACH_STAGE_03,true,false
MAIN_MX_03,16,1,1,false,false,false,false,4.608333,5.455,-4.5,0,true,true,-1,-1,-1,,false,false,false,TOP_ONLY,GRAB_APPROACH_STAGE_03,true,false
MAIN_MX_03,17,1,1,false,false,false,false,4.541667,5.455,-4,0,true,true,-1,-1,-1,,false,false,false,TOP_ONLY,GRAB_APPROACH_STAGE_03,true,false
MAIN_MX_03,18,1,1,false,false,false,false,4.483333,5.455,-3.5,0,true,true,-1,-1,-1,,false,false,false,TOP_ONLY,GRAB_APPROACH_STAGE_03,true,false
MAIN_MX_03,19,1,1,false,false,false,false,4.433333,5.455,-3,0,true,true,-1,-1,-1,,false,false,false,TOP_ONLY,GRAB_APPROACH_STAGE_03,true,false
MAIN_MX_03,20,1,1,false,false,false,false,4.391666,5.455,-2.5,0,true,true,-1,-1,-1,,false,false,false,TOP_ONLY,GRAB_APPROACH_STAGE_03,true,false
MAIN_MX_03,21,1,1,false,false,false,false,4.358333,5.455,-2,0,true,true,-1,-1,-1,,false,false,false,TOP_ONLY,GRAB_APPROACH_STAGE_03,true,false
MAIN_MX_03,22,1,1,false,false,false,false,4.333333,5.455,-1.5,0,true,true,-1,-1,-1,,false,false,false,TOP_ONLY,GRAB_APPROACH_STAGE_03,true,false
MAIN_MX_03,23,1,1,false,false,false,false,4.316666,5.455,-1,0,true,true,-1,-1,-1,,false,false,false,TOP_ONLY,GRAB_APPROACH_STAGE_03,true,false
MAIN_MX_03,24,1,1,false,false,false,false,4.308333,5.455,-0.5,0,true,true,-1,-1,-1,,false,false,false,TOP_ONLY,GRAB_APPROACH_STAGE_03,true,false
MAIN_MX_03,25,1,1,false,false,false,false,4.308333,5.455,0,0,true,true,-1,-1,-1,,false,false,false,TOP_ONLY,GRAB_APPROACH_STAGE_03,true,false
MAIN_MX_03,26,1,1,false,false,false,false,4.316666,5.455,0.5,0,true,true,-1,-1,-1,,false,false,false,TOP_ONLY,GRAB_APPROACH_STAGE_03,true,false
MAIN_MX_03,27,1,1,false,false,false,false,4.333333,5.455,1,0,true,true,-1,-1,-1,,false,false,false,TOP_ONLY,GRAB_APPROACH_STAGE_03,true,false
MAIN_MX_03,28,1,1,false,false,false,false,4.358333,5.455,1.5,0,true,true,-1,-1,-1,,false,false,false,TOP_ONLY,GRAB_APPROACH_STAGE_03,true,false
MAIN_MX_03,29,1,1,false,false,false,false,4.391666,5.455,2,0,true,true,-1,-1,-1,,false,false,false,TOP_ONLY,GRAB_APPROACH_STAGE_03,true,false
MAIN_MX_03,30,0,0,false,false,false,false,4.413888,5.455,1.333333,0,true,true,-1,-1,-1,,false,false,false,TOP_ONLY,GRAB_APPROACH_STAGE_03,true,false
MAIN_MX_03,31,0,0,false,false,false,false,4.425,5.455,0.666667,0,true,true,-1,-1,-1,,false,false,false,TOP_ONLY,GRAB_APPROACH_STAGE_03,true,false
MAIN_MX_03,32,0,0,false,false,false,false,4.425,5.455,0,0,true,true,-1,-1,-1,,false,false,false,TOP_ONLY,GRAB_APPROACH_STAGE_03,true,false
MAIN_MX_03,33,1,1,false,false,false,false,4.433333,5.455,0.5,0,true,true,5.116666,0.691667,0.018333,TERMINAL_SOLID_DESCENDING_GRAB_APPROACH_V1,false,false,false,TOP_ONLY,GRAB_APPROACH_RUNUP,true,false
MAIN_MX_03,34,1,1,false,false,false,false,4.45,5.455,1,0,true,true,5.116666,0.683333,0.018333,TERMINAL_SOLID_DESCENDING_GRAB_APPROACH_V1,false,false,false,TOP_ONLY,GRAB_APPROACH_RUNUP,true,false
MAIN_MX_03,35,1,1,false,false,false,false,4.475,5.455,1.5,0,true,true,5.116666,0.666667,0.026667,TERMINAL_SOLID_DESCENDING_GRAB_APPROACH_V1,false,false,false,TOP_ONLY,GRAB_APPROACH_RUNUP,true,false
MAIN_MX_03,36,1,1,false,false,false,false,4.508333,5.455,2,0,true,true,5.116666,0.641666,0.035,TERMINAL_SOLID_DESCENDING_GRAB_APPROACH_V1,false,false,false,TOP_ONLY,GRAB_APPROACH_RUNUP,true,false
MAIN_MX_03,37,1,1,false,false,false,false,4.55,5.455,2.5,0,true,true,5.116666,0.608333,0.043333,TERMINAL_SOLID_DESCENDING_GRAB_APPROACH_V1,false,false,false,TOP_ONLY,GRAB_APPROACH_RUNUP,true,false
MAIN_MX_03,38,1,1,false,false,false,false,4.6,5.455,3,0,true,true,5.116666,0.566667,0.051667,TERMINAL_SOLID_DESCENDING_GRAB_APPROACH_V1,false,false,false,TOP_ONLY,GRAB_APPROACH_RUNUP,true,false
MAIN_MX_03,39,1,1,false,false,false,false,4.658333,5.455,3.5,0,true,true,5.116666,0.516666,0.06,TERMINAL_SOLID_DESCENDING_GRAB_APPROACH_V1,false,false,false,TOP_ONLY,GRAB_APPROACH_RUNUP,true,false
MAIN_MX_03,40,1,1,false,false,false,false,4.725,5.455,4,0,true,true,5.116666,0.458333,0.068333,TERMINAL_SOLID_DESCENDING_GRAB_APPROACH_V1,false,false,false,TOP_ONLY,GRAB_APPROACH_RUNUP,true,false
MAIN_MX_03,41,1,1,false,false,false,false,4.8,5.455,4.5,0,true,true,5.116666,0.391666,0.076667,TERMINAL_SOLID_DESCENDING_GRAB_APPROACH_V1,false,false,false,TOP_ONLY,GRAB_APPROACH_RUNUP,true,false
MAIN_MX_03,42,1,1,false,false,false,false,4.883333,5.455,5,0,true,true,5.116666,0.316667,0.085,TERMINAL_SOLID_DESCENDING_GRAB_APPROACH_V1,false,false,false,TOP_ONLY,GRAB_APPROACH_RUNUP,true,false
MAIN_MX_03,43,1,1,false,false,false,false,4.975,5.455,5.5,0,true,true,5.116666,0.233333,0.093333,TERMINAL_SOLID_DESCENDING_GRAB_APPROACH_V1,false,false,false,TOP_ONLY,GRAB_APPROACH_RUNUP,true,false
MAIN_MX_03,44,1,1,false,false,false,false,5.066667,5.455,5.5,0,true,true,5.116666,0.141666,0.101667,TERMINAL_SOLID_DESCENDING_GRAB_APPROACH_V1,false,false,false,TOP_ONLY,GRAB_APPROACH_RUNUP,true,false
MAIN_MX_03,45,1,1,false,false,true,false,5.158333,5.569445,5.5,6.866666,false,true,5.116666,0.05,0.101667,TERMINAL_SOLID_DESCENDING_GRAB_APPROACH_V1,false,false,false,AIR,GRAB_APPROACH_JUMP,true,false
MAIN_MX_03,46,1,1,false,false,true,false,5.25,5.678334,5.5,6.533333,false,false,-1,-1,-1,,false,false,false,AIR,AIR_03,true,false
MAIN_MX_03,47,1,1,false,false,true,false,5.341667,5.781667,5.5,6.199999,false,false,-1,-1,-1,,false,false,false,AIR,AIR_03,true,false
MAIN_MX_03,48,1,1,false,false,true,false,5.433333,5.879445,5.5,5.866666,false,false,-1,-1,-1,,false,false,false,AIR,AIR_03,true,false
MAIN_MX_03,49,1,1,false,false,true,false,5.525,5.971667,5.5,5.533332,false,false,-1,-1,-1,,false,false,false,AIR,AIR_03,true,false
MAIN_MX_03,50,1,1,false,false,true,false,5.616667,6.058334,5.5,5.199999,false,false,-1,-1,-1,,false,false,false,AIR,AIR_03,true,false
MAIN_MX_03,51,1,1,false,false,true,false,5.708333,6.139445,5.5,4.866665,false,false,-1,-1,-1,,false,false,false,AIR,AIR_03,true,false
MAIN_MX_03,52,1,1,false,false,true,false,5.8,6.215,5.5,4.533332,false,false,-1,-1,-1,,false,false,false,AIR,AIR_03,true,false
MAIN_MX_03,53,1,1,false,false,true,false,5.891667,6.285,5.5,4.199998,false,false,-1,-1,-1,,false,false,false,AIR,AIR_03,true,false
MAIN_MX_03,54,1,1,false,false,true,false,5.983334,6.349445,5.5,3.866665,false,false,-1,-1,-1,,false,false,false,AIR,AIR_03,true,false
MAIN_MX_03,55,1,1,false,false,true,false,6.075,6.408334,5.5,3.533332,false,false,-1,-1,-1,,false,false,false,AIR,AIR_03,true,false
MAIN_MX_03,56,1,1,false,false,true,false,6.166667,6.461667,5.5,3.199999,false,false,-1,-1,-1,,false,false,false,AIR,AIR_03,true,false
MAIN_MX_03,57,1,1,false,false,true,false,6.258334,6.509445,5.5,2.866665,false,false,-1,-1,-1,,false,false,false,AIR,AIR_03,true,false
MAIN_MX_03,58,1,1,false,false,true,false,6.35,6.551667,5.5,2.533332,false,false,-1,-1,-1,,false,false,false,AIR,AIR_03,true,false
MAIN_MX_03,59,1,1,false,false,true,false,6.441667,6.588334,5.5,2.199999,false,false,-1,-1,-1,,false,false,false,AIR,AIR_03,true,false
MAIN_MX_03,60,1,1,false,false,true,false,6.533334,6.619445,5.5,1.866665,false,false,-1,-1,-1,,false,false,false,AIR,AIR_03,true,false
MAIN_MX_03,61,1,1,false,false,true,false,6.625,6.645,5.5,1.533332,false,false,-1,-1,-1,,false,false,false,AIR,AIR_03,true,false
MAIN_MX_03,62,1,1,false,false,true,false,6.716667,6.665,5.5,1.199999,false,false,-1,-1,-1,,false,false,false,AIR,AIR_03,true,false
MAIN_MX_03,63,1,1,false,false,true,false,6.808334,6.679445,5.5,0.866665,false,false,-1,-1,-1,,false,false,false,AIR,AIR_03,true,false
MAIN_MX_03,64,1,1,false,false,true,false,6.900001,6.688334,5.5,0.533332,false,false,-1,-1,-1,,false,false,false,AIR,AIR_03,true,false
MAIN_MX_03,65,1,1,false,false,true,false,6.991667,6.691667,5.5,0.199999,false,false,-1,-1,-1,,false,false,false,AIR,AIR_03,true,false
MAIN_MX_03,66,1,1,false,false,true,false,7.083334,6.689445,5.5,-0.133335,false,false,-1,-1,-1,,false,false,false,AIR,AIR_03,true,false
MAIN_MX_03,67,1,1,false,false,true,false,7.175001,6.68,5.5,-0.566668,false,false,-1,-1,-1,,false,false,false,AIR,AIR_03,true,false
MAIN_MX_03,68,1,1,false,false,true,false,7.266667,6.663333,5.5,-1.000001,false,false,-1,-1,-1,,false,false,false,AIR,AIR_03,true,false
MAIN_MX_03,69,1,1,false,false,true,false,7.358334,6.639444,5.5,-1.433335,false,false,-1,-1,-1,,false,false,false,AIR,AIR_03,true,false
MAIN_MX_03,70,1,1,false,false,true,false,7.62,6.38,0,0,false,false,-1,-1,-1,,true,false,false,GRAB_SAFE_SOLID,GRAB_ENTER,true,false
MAIN_MX_03,71,0,0,false,false,false,false,7.62,6.38,0,0,false,false,-1,-1,-1,,true,false,false,GRAB_SAFE_SOLID,GRAB_HOLD,true,false
MAIN_MX_03,72,1,1,false,false,true,false,7.631111,6.494444,0.666667,6.866666,false,false,-1,-1,-1,,false,false,false,AIR,GRAB_SPACE_EXIT,true,false
MAIN_MX_03,73,1,1,false,false,true,false,7.634999,6.603333,0,6.533333,false,false,-1,-1,-1,,false,false,false,AIR,GRAB_EXIT,true,false
MAIN_MX_03,74,1,1,false,false,true,false,7.635554,6.706667,0,6.199999,false,false,-1,-1,-1,,false,false,false,AIR,AIR_03,true,false
MAIN_MX_03,75,1,1,false,false,true,false,7.636109,6.804445,0,5.866666,false,false,-1,-1,-1,,false,false,false,AIR,AIR_03,true,false
MAIN_MX_03,76,1,1,false,false,true,false,7.636109,6.896667,0,5.533332,false,false,-1,-1,-1,,false,false,false,AIR,AIR_03,true,false
MAIN_MX_03,77,1,1,false,false,true,false,7.636109,6.983334,0,5.199999,false,false,-1,-1,-1,,false,false,false,AIR,AIR_03,true,false
MAIN_MX_03,78,1,1,false,false,true,false,7.636109,7.064445,0,4.866665,false,false,-1,-1,-1,,false,false,false,AIR,AIR_03,true,false
MAIN_MX_03,79,1,1,false,false,true,false,7.636109,7.14,0,4.533332,false,false,-1,-1,-1,,false,false,false,AIR,AIR_03,true,false
MAIN_MX_03,80,1,1,false,false,true,false,7.638535,7.21,0,4.199998,false,false,-1,-1,-1,,false,false,false,AIR,AIR_03,true,false
MAIN_MX_03,81,1,1,false,false,true,false,7.649646,7.274445,0.666667,3.866665,false,false,-1,-1,-1,,false,false,false,AIR,AIR_03,true,false
MAIN_MX_03,82,1,1,false,false,true,false,7.671868,7.333333,1.333333,3.533332,false,false,-1,-1,-1,,false,false,false,AIR,AIR_03,true,false
MAIN_MX_03,83,1,1,false,false,true,false,7.705201,7.386667,2,3.199999,false,false,-1,-1,-1,,false,false,false,AIR,AIR_03,true,false
MAIN_MX_03,84,1,1,false,false,true,false,7.749646,7.434444,2.666667,2.866665,false,false,-1,-1,-1,,false,false,false,AIR,AIR_03,true,false
MAIN_MX_03,85,1,1,false,false,true,false,7.805201,7.476666,3.333333,2.533332,false,false,-1,-1,-1,,false,false,false,AIR,AIR_03,true,false
MAIN_MX_03,86,1,1,false,false,true,false,7.871868,7.513333,4,2.199999,false,false,-1,-1,-1,,false,false,false,AIR,AIR_03,true,false
MAIN_MX_03,87,1,1,false,false,true,false,7.949646,7.544445,4.666667,1.866665,false,false,-1,-1,-1,,false,false,false,AIR,AIR_03,true,false
MAIN_MX_03,88,1,1,false,false,true,false,8.038534,7.57,5.333333,1.533332,false,false,-1,-1,-1,,false,false,false,AIR,AIR_03,true,false
MAIN_MX_03,89,1,1,false,false,true,false,8.1302,7.59,5.5,1.199999,false,false,-1,-1,-1,,false,false,false,AIR,AIR_03,true,false
MAIN_MX_03,90,1,1,false,false,true,false,8.221867,7.604445,5.5,0.866665,false,false,-1,-1,-1,,false,false,false,AIR,AIR_03,true,false
MAIN_MX_03,91,1,1,false,false,true,false,8.313533,7.613333,5.5,0.533332,false,false,-1,-1,-1,,false,false,false,AIR,AIR_03,true,false
MAIN_MX_03,92,1,1,false,false,true,false,8.405199,7.616666,5.5,0.199999,false,false,-1,-1,-1,,false,false,false,AIR,AIR_03,true,false
MAIN_MX_03,93,-1,-1,false,false,true,false,8.485755,7.614444,4.833333,-0.133335,false,false,-1,-1,-1,,false,false,false,AIR,AIR_03,true,false
MAIN_MX_03,94,-1,-1,false,false,true,false,8.5552,7.605,4.166667,-0.566668,false,false,-1,-1,-1,,false,false,false,AIR,AIR_03,true,false
MAIN_MX_03,95,-1,-1,false,false,true,false,8.613533,7.588333,3.5,-1.000001,false,false,-1,-1,-1,,false,false,false,AIR,AIR_03,true,false
MAIN_MX_03,96,-1,-1,false,false,true,false,8.660755,7.564444,2.833333,-1.433335,false,false,-1,-1,-1,,false,false,false,AIR,AIR_03,true,false
MAIN_MX_03,97,-1,-1,false,false,true,false,8.696866,7.533333,2.166667,-1.866668,false,false,-1,-1,-1,,false,false,false,AIR,AIR_03,true,false
MAIN_MX_03,98,-1,-1,false,false,true,false,8.721866,7.494999,1.5,-2.300002,false,false,-1,-1,-1,,false,false,false,AIR,AIR_03,true,false
MAIN_MX_03,99,-1,-1,false,false,true,false,8.738532,7.455,1,0,true,false,-1,-1,-1,,false,false,false,SOLID,LINK_TARGET_03,true,false
MAIN_MX_03,100,0,0,false,false,false,false,8.744087,7.455,0.333333,0,true,true,-1,-1,-1,,false,false,false,SOLID,PASS_TARGET,true,false
MAIN_MX_04,0,0,0,false,false,false,false,9.5,7.46,0,0,false,false,-1,-1,-1,,false,false,false,AIR,START,true,false
MAIN_MX_04,1,0,0,false,false,false,false,9.5,7.455,0,0,true,false,-1,-1,-1,,false,false,false,TOP_ONLY,GROUND_SETTLE_04,true,false
MAIN_MX_04,2,1,1,false,false,false,false,9.508333,7.455,0.5,0,true,true,10,0.14,0.01,WALKABLE_FRONTIER_AND_GRAB_EXIT_V2,false,false,false,TOP_ONLY,EDGE_RUNUP_04,true,false
MAIN_MX_04,3,1,1,false,false,false,false,9.525,7.455,1,0,true,true,10,0.131667,0.018333,WALKABLE_FRONTIER_AND_GRAB_EXIT_V2,false,false,false,TOP_ONLY,EDGE_RUNUP_04,true,false
MAIN_MX_04,4,1,1,false,false,false,false,9.549999,7.455,1.5,0,true,true,10,0.115001,0.026667,WALKABLE_FRONTIER_AND_GRAB_EXIT_V2,false,false,false,TOP_ONLY,EDGE_RUNUP_04,true,false
MAIN_MX_04,5,1,1,false,false,false,false,9.583333,7.455,2,0,true,true,10,0.090001,0.035,WALKABLE_FRONTIER_AND_GRAB_EXIT_V2,false,false,false,TOP_ONLY,EDGE_RUNUP_04,true,false
MAIN_MX_04,6,1,1,false,false,false,false,9.625,7.455,2.5,0,true,true,10,0.056667,0.043333,WALKABLE_FRONTIER_AND_GRAB_EXIT_V2,false,false,false,TOP_ONLY,EDGE_RUNUP_04,true,false
MAIN_MX_04,7,1,1,false,false,true,false,9.677778,7.569445,3.166667,6.866666,false,true,10,0.015,0.051667,WALKABLE_FRONTIER_AND_GRAB_EXIT_V2,false,false,false,AIR,JUMP_04,true,false
MAIN_MX_04,8,1,1,false,false,true,false,9.741667,7.678334,3.833333,6.533333,false,false,-1,-1,-1,,false,false,false,AIR,AIR_04,true,false
MAIN_MX_04,9,1,1,false,false,true,false,9.816667,7.781667,4.5,6.199999,false,false,-1,-1,-1,,false,false,false,AIR,AIR_04,true,false
MAIN_MX_04,10,1,1,false,false,true,false,9.902778,7.879445,5.166667,5.866666,false,false,-1,-1,-1,,false,false,false,AIR,AIR_04,true,false
MAIN_MX_04,11,1,1,false,false,true,false,9.994444,7.971667,5.5,5.533332,false,false,-1,-1,-1,,false,false,false,AIR,AIR_04,true,false
MAIN_MX_04,12,1,1,false,false,true,false,10.08611,8.058334,5.5,5.199999,false,false,-1,-1,-1,,false,false,false,AIR,AIR_04,true,false
MAIN_MX_04,13,1,1,false,false,true,false,10.17778,8.139445,5.5,4.866665,false,false,-1,-1,-1,,false,false,false,AIR,AIR_04,true,false
MAIN_MX_04,14,1,1,false,false,true,false,10.26944,8.215001,5.5,4.533332,false,false,-1,-1,-1,,false,false,false,AIR,AIR_04,true,false
MAIN_MX_04,15,1,1,false,false,true,false,10.36111,8.285001,5.5,4.199998,false,false,-1,-1,-1,,false,false,false,AIR,AIR_04,true,false
MAIN_MX_04,16,1,1,false,false,true,false,10.45278,8.349445,5.5,3.866665,false,false,-1,-1,-1,,false,false,false,AIR,AIR_04,true,false
MAIN_MX_04,17,1,1,false,false,true,false,10.54444,8.408334,5.5,3.533332,false,false,-1,-1,-1,,false,false,false,AIR,AIR_04,true,false
MAIN_MX_04,18,1,1,false,false,true,false,10.63611,8.461667,5.5,3.199999,false,false,-1,-1,-1,,false,false,false,AIR,AIR_04,true,false
MAIN_MX_04,19,1,1,false,false,true,false,10.72777,8.509445,5.5,2.866665,false,false,-1,-1,-1,,false,false,false,AIR,AIR_04,true,false
MAIN_MX_04,20,1,1,false,false,true,false,10.81944,8.551667,5.5,2.533332,false,false,-1,-1,-1,,false,false,false,AIR,AIR_04,true,false
MAIN_MX_04,21,1,1,false,false,true,false,10.91111,8.588334,5.5,2.199999,false,false,-1,-1,-1,,false,false,false,AIR,AIR_04,true,false
MAIN_MX_04,22,1,1,false,false,true,false,11.00277,8.619445,5.5,1.866665,false,false,-1,-1,-1,,false,false,false,AIR,AIR_04,true,false
MAIN_MX_04,23,1,1,false,false,true,false,11.09444,8.645,5.5,1.533332,false,false,-1,-1,-1,,false,false,false,AIR,AIR_04,true,false
MAIN_MX_04,24,1,1,false,false,true,false,11.1861,8.665,5.5,1.199999,false,false,-1,-1,-1,,false,false,false,AIR,AIR_04,true,false
MAIN_MX_04,25,1,1,false,false,true,false,11.27777,8.679444,5.5,0.866665,false,false,-1,-1,-1,,false,false,false,AIR,AIR_04,true,false
MAIN_MX_04,26,1,1,false,false,true,false,11.36944,8.688334,5.5,0.533332,false,false,-1,-1,-1,,false,false,false,AIR,AIR_04,true,false
MAIN_MX_04,27,1,1,false,false,true,false,11.4611,8.691667,5.5,0.199999,false,false,-1,-1,-1,,false,false,false,AIR,AIR_04,true,false
MAIN_MX_04,28,1,1,false,false,true,false,11.55277,8.689445,5.5,-0.133335,false,false,-1,-1,-1,,false,false,false,AIR,AIR_04,true,false
MAIN_MX_04,29,1,1,false,false,true,false,11.64444,8.68,5.5,-0.566668,false,false,-1,-1,-1,,false,false,false,AIR,AIR_04,true,false
MAIN_MX_04,30,1,1,false,false,true,false,11.7361,8.663334,5.5,-1.000001,false,false,-1,-1,-1,,false,false,false,AIR,AIR_04,true,false
MAIN_MX_04,31,1,1,false,false,true,false,11.82777,8.639445,5.5,-1.433335,false,false,-1,-1,-1,,false,false,false,AIR,AIR_04,true,false
MAIN_MX_04,32,1,1,false,false,true,false,11.91943,8.608335,5.5,-1.866668,false,false,-1,-1,-1,,false,false,false,AIR,AIR_04,true,false
MAIN_MX_04,33,1,1,false,false,true,false,12.0111,8.570002,5.5,-2.300002,false,false,-1,-1,-1,,false,false,false,AIR,AIR_04,true,false
MAIN_MX_04,34,1,1,false,false,true,false,12.10277,8.524446,5.5,-2.733335,false,false,-1,-1,-1,,false,false,false,AIR,AIR_04,true,false
MAIN_MX_04,35,1,1,false,false,true,false,12.19443,8.471668,5.5,-3.166668,false,false,-1,-1,-1,,false,false,false,AIR,AIR_04,true,false
MAIN_MX_04,36,1,1,false,false,true,false,12.2861,8.411668,5.5,-3.600002,false,false,-1,-1,-1,,false,false,false,AIR,AIR_04,true,false
MAIN_MX_04,37,1,1,false,false,true,false,12.37777,8.344445,5.5,-4.033335,false,false,-1,-1,-1,,false,false,false,AIR,AIR_04,true,false
MAIN_MX_04,38,-1,-1,false,false,true,false,12.45832,8.27,4.833333,-4.466669,false,false,-1,-1,-1,,false,false,false,AIR,AIR_04,true,false
MAIN_MX_04,39,-1,-1,false,false,true,false,12.52777,8.188334,4.166667,-4.900002,false,false,-1,-1,-1,,false,false,false,AIR,AIR_04,true,false
MAIN_MX_04,40,-1,-1,false,false,true,false,12.5861,8.099444,3.5,-5.333335,false,false,-1,-1,-1,,false,false,false,AIR,AIR_04,true,false
MAIN_MX_04,41,-1,-1,false,false,true,false,12.63332,8.003333,2.833333,-5.766669,false,false,-1,-1,-1,,false,false,false,AIR,AIR_04,true,false
MAIN_MX_04,42,-1,-1,false,false,true,false,12.66943,7.9,2.166667,-6.200002,false,false,-1,-1,-1,,false,false,false,AIR,AIR_04,true,false
MAIN_MX_04,43,-1,-1,false,false,true,false,12.69443,7.789444,1.5,-6.633336,false,false,-1,-1,-1,,false,false,false,AIR,AIR_04,true,false
MAIN_MX_04,44,-1,-1,false,false,true,false,12.70832,7.671666,0.833333,-7.066669,false,false,-1,-1,-1,,false,false,false,AIR,AIR_04,true,false
MAIN_MX_04,45,-1,-1,false,false,true,false,12.7111,7.546666,0.166667,-7.500002,false,false,-1,-1,-1,,false,false,false,AIR,AIR_04,true,false
MAIN_MX_04,46,-1,-1,false,false,true,false,12.70277,7.455,-0.5,0,false,false,-1,-1,-1,,false,false,false,AIR,AIR_04,true,false
MAIN_MX_04,47,-1,-1,false,false,true,false,12.6861,7.455,-1,0,true,false,-1,-1,-1,,false,false,false,TOP_ONLY,LINK_TARGET_04,true,false
MAIN_MX_04,48,0,0,false,false,false,false,12.68054,7.455,-0.333333,0,true,true,-1,-1,-1,,false,false,false,TOP_ONLY,PASS_TARGET,true,false
MAIN_MX_05,0,0,0,false,false,false,false,14.5,7.46,0,0,false,false,-1,-1,-1,,false,false,false,AIR,START,true,false
MAIN_MX_05,1,0,0,false,false,false,false,14.5,7.455,0,0,true,false,-1,-1,-1,,false,false,false,TOP_ONLY,GROUND_SETTLE_05,true,false
MAIN_MX_05,2,1,1,false,false,false,false,14.50833,7.455,0.5,0,true,true,15,0.14,0.01,WALKABLE_FRONTIER_AND_GRAB_EXIT_V2,false,false,false,TOP_ONLY,EDGE_RUNUP_05,true,false
MAIN_MX_05,3,1,1,false,false,false,false,14.525,7.455,1,0,true,true,15,0.131667,0.018333,WALKABLE_FRONTIER_AND_GRAB_EXIT_V2,false,false,false,TOP_ONLY,EDGE_RUNUP_05,true,false
MAIN_MX_05,4,1,1,false,false,false,false,14.55,7.455,1.5,0,true,true,15,0.115001,0.026667,WALKABLE_FRONTIER_AND_GRAB_EXIT_V2,false,false,false,TOP_ONLY,EDGE_RUNUP_05,true,false
MAIN_MX_05,5,1,1,false,false,false,false,14.58333,7.455,2,0,true,true,15,0.090001,0.035,WALKABLE_FRONTIER_AND_GRAB_EXIT_V2,false,false,false,TOP_ONLY,EDGE_RUNUP_05,true,false
MAIN_MX_05,6,1,1,false,false,false,false,14.625,7.455,2.5,0,true,true,15,0.056667,0.043333,WALKABLE_FRONTIER_AND_GRAB_EXIT_V2,false,false,false,TOP_ONLY,EDGE_RUNUP_05,true,false
MAIN_MX_05,7,1,1,false,false,true,false,14.67778,7.569445,3.166667,6.866666,false,true,15,0.015,0.051667,WALKABLE_FRONTIER_AND_GRAB_EXIT_V2,false,false,false,AIR,JUMP_05,true,false
MAIN_MX_05,8,1,1,false,false,true,false,14.74167,7.678334,3.833333,6.533333,false,false,-1,-1,-1,,false,false,false,AIR,AIR_05,true,false
MAIN_MX_05,9,1,1,false,false,true,false,14.81667,7.781667,4.5,6.199999,false,false,-1,-1,-1,,false,false,false,AIR,AIR_05,true,false
MAIN_MX_05,10,1,1,false,false,true,false,14.90278,7.879445,5.166667,5.866666,false,false,-1,-1,-1,,false,false,false,AIR,AIR_05,true,false
MAIN_MX_05,11,1,1,false,false,true,false,14.99444,7.971667,5.5,5.533332,false,false,-1,-1,-1,,false,false,false,AIR,AIR_05,true,false
MAIN_MX_05,12,1,1,false,false,true,false,15.08611,8.058334,5.5,5.199999,false,false,-1,-1,-1,,false,false,false,AIR,AIR_05,true,false
MAIN_MX_05,13,1,1,false,false,true,false,15.17778,8.139445,5.5,4.866665,false,false,-1,-1,-1,,false,false,false,AIR,AIR_05,true,false
MAIN_MX_05,14,1,1,false,false,true,false,15.26944,8.215001,5.5,4.533332,false,false,-1,-1,-1,,false,false,false,AIR,AIR_05,true,false
MAIN_MX_05,15,1,1,false,false,true,false,15.36111,8.285001,5.5,4.199998,false,false,-1,-1,-1,,false,false,false,AIR,AIR_05,true,false
MAIN_MX_05,16,1,1,false,false,true,false,15.45278,8.349445,5.5,3.866665,false,false,-1,-1,-1,,false,false,false,AIR,AIR_05,true,false
MAIN_MX_05,17,1,1,false,false,true,false,15.54444,8.408334,5.5,3.533332,false,false,-1,-1,-1,,false,false,false,AIR,AIR_05,true,false
MAIN_MX_05,18,1,1,false,false,true,false,15.63611,8.461667,5.5,3.199999,false,false,-1,-1,-1,,false,false,false,AIR,AIR_05,true,false
MAIN_MX_05,19,1,1,false,false,true,false,15.72777,8.509445,5.5,2.866665,false,false,-1,-1,-1,,false,false,false,AIR,AIR_05,true,false
MAIN_MX_05,20,1,1,false,false,true,false,15.81944,8.551667,5.5,2.533332,false,false,-1,-1,-1,,false,false,false,AIR,AIR_05,true,false
MAIN_MX_05,21,1,1,false,false,true,false,15.91111,8.588334,5.5,2.199999,false,false,-1,-1,-1,,false,false,false,AIR,AIR_05,true,false
MAIN_MX_05,22,1,1,false,false,true,false,16.00277,8.619445,5.5,1.866665,false,false,-1,-1,-1,,false,false,false,AIR,AIR_05,true,false
MAIN_MX_05,23,1,1,false,false,true,false,16.09444,8.645,5.5,1.533332,false,false,-1,-1,-1,,false,false,false,AIR,AIR_05,true,false
MAIN_MX_05,24,1,1,false,false,true,false,16.18611,8.665,5.5,1.199999,false,false,-1,-1,-1,,false,false,false,AIR,AIR_05,true,false
MAIN_MX_05,25,1,1,false,false,true,false,16.27777,8.679444,5.5,0.866665,false,false,-1,-1,-1,,false,false,false,AIR,AIR_05,true,false
MAIN_MX_05,26,1,1,false,false,true,false,16.36944,8.688334,5.5,0.533332,false,false,-1,-1,-1,,false,false,false,AIR,AIR_05,true,false
MAIN_MX_05,27,1,1,false,false,true,false,16.46111,8.691667,5.5,0.199999,false,false,-1,-1,-1,,false,false,false,AIR,AIR_05,true,false
MAIN_MX_05,28,1,1,false,false,true,false,16.55278,8.689445,5.5,-0.133335,false,false,-1,-1,-1,,false,false,false,AIR,AIR_05,true,false
MAIN_MX_05,29,1,1,false,false,true,false,16.64444,8.68,5.5,-0.566668,false,false,-1,-1,-1,,false,false,false,AIR,AIR_05,true,false
MAIN_MX_05,30,1,1,false,false,true,false,16.73611,8.663334,5.5,-1.000001,false,false,-1,-1,-1,,false,false,false,AIR,AIR_05,true,false
MAIN_MX_05,31,1,1,false,false,true,false,16.82778,8.639445,5.5,-1.433335,false,false,-1,-1,-1,,false,false,false,AIR,AIR_05,true,false
MAIN_MX_05,32,1,1,false,false,true,false,16.91945,8.608335,5.5,-1.866668,false,false,-1,-1,-1,,false,false,false,AIR,AIR_05,true,false
MAIN_MX_05,33,1,1,false,false,true,false,17.01111,8.570002,5.5,-2.300002,false,false,-1,-1,-1,,false,false,false,AIR,AIR_05,true,false
MAIN_MX_05,34,1,1,false,false,true,false,17.10278,8.524446,5.5,-2.733335,false,false,-1,-1,-1,,false,false,false,AIR,AIR_05,true,false
MAIN_MX_05,35,1,1,false,false,true,false,17.19445,8.454447,5.5,0,true,false,-1,-1,-1,,false,false,false,SOLID,LINK_TARGET_05,true,false
MAIN_MX_05,36,0,0,false,false,false,false,17.275,8.454447,4.833333,0,true,true,-1,-1,-1,,false,false,false,SOLID,PASS_TARGET,true,false
MAIN_MX_06,0,0,0,false,false,false,false,18.5,8.46,0,0,false,false,-1,-1,-1,,false,false,false,AIR,START,true,false
MAIN_MX_06,1,0,0,false,false,false,false,18.5,8.455,0,0,true,false,-1,-1,-1,,false,false,false,SOLID,GROUND_SETTLE_06,true,false
MAIN_MX_06,2,1,1,false,false,false,false,18.50833,8.455,0.5,0,true,true,20,1.139999,0.01,WALKABLE_FRONTIER_AND_GRAB_EXIT_V2,false,false,false,SOLID,EDGE_RUNUP_06,true,false
MAIN_MX_06,3,1,1,false,false,false,false,18.525,8.455,1,0,true,true,20,1.131666,0.018333,WALKABLE_FRONTIER_AND_GRAB_EXIT_V2,false,false,false,SOLID,EDGE_RUNUP_06,true,false
MAIN_MX_06,4,1,1,false,false,false,false,18.55,8.455,1.5,0,true,true,20,1.115,0.026667,WALKABLE_FRONTIER_AND_GRAB_EXIT_V2,false,false,false,SOLID,EDGE_RUNUP_06,true,false
MAIN_MX_06,5,1,1,false,false,false,false,18.58333,8.455,2,0,true,true,20,1.09,0.035,WALKABLE_FRONTIER_AND_GRAB_EXIT_V2,false,false,false,SOLID,EDGE_RUNUP_06,true,false
MAIN_MX_06,6,1,1,false,false,false,false,18.625,8.455,2.5,0,true,true,20,1.056667,0.043333,WALKABLE_FRONTIER_AND_GRAB_EXIT_V2,false,false,false,SOLID,EDGE_RUNUP_06,true,false
MAIN_MX_06,7,1,1,false,false,false,false,18.675,8.455,3,0,true,true,20,1.015001,0.051667,WALKABLE_FRONTIER_AND_GRAB_EXIT_V2,false,false,false,SOLID,EDGE_RUNUP_06,true,false
MAIN_MX_06,8,1,1,false,false,false,false,18.73333,8.455,3.5,0,true,true,20,0.965002,0.06,WALKABLE_FRONTIER_AND_GRAB_EXIT_V2,false,false,false,SOLID,EDGE_RUNUP_06,true,false
MAIN_MX_06,9,1,1,false,false,false,false,18.8,8.455,4,0,true,true,20,0.90667,0.068333,WALKABLE_FRONTIER_AND_GRAB_EXIT_V2,false,false,false,SOLID,EDGE_RUNUP_06,true,false
MAIN_MX_06,10,1,1,false,false,false,false,18.875,8.455,4.5,0,true,true,20,0.840002,0.076667,WALKABLE_FRONTIER_AND_GRAB_EXIT_V2,false,false,false,SOLID,EDGE_RUNUP_06,true,false
MAIN_MX_06,11,1,1,false,false,false,false,18.95833,8.455,5,0,true,true,20,0.765001,0.085,WALKABLE_FRONTIER_AND_GRAB_EXIT_V2,false,false,false,SOLID,EDGE_RUNUP_06,true,false
MAIN_MX_06,12,1,1,false,false,false,false,19.05,8.455,5.5,0,true,true,20,0.681667,0.093333,WALKABLE_FRONTIER_AND_GRAB_EXIT_V2,false,false,false,SOLID,EDGE_RUNUP_06,true,false
MAIN_MX_06,13,1,1,false,false,false,false,19.14167,8.455,5.5,0,true,true,20,0.59,0.101667,WALKABLE_FRONTIER_AND_GRAB_EXIT_V2,false,false,false,SOLID,EDGE_RUNUP_06,true,false
MAIN_MX_06,14,1,1,false,false,false,false,19.23333,8.455,5.5,0,true,true,20,0.498333,0.101667,WALKABLE_FRONTIER_AND_GRAB_EXIT_V2,false,false,false,SOLID,EDGE_RUNUP_06,true,false
MAIN_MX_06,15,1,1,false,false,false,false,19.325,8.455,5.5,0,true,true,20,0.406666,0.101667,WALKABLE_FRONTIER_AND_GRAB_EXIT_V2,false,false,false,SOLID,EDGE_RUNUP_06,true,false
MAIN_MX_06,16,1,1,false,false,false,false,19.41667,8.455,5.5,0,true,true,20,0.314999,0.101667,WALKABLE_FRONTIER_AND_GRAB_EXIT_V2,false,false,false,SOLID,EDGE_RUNUP_06,true,false
MAIN_MX_06,17,1,1,false,false,false,false,19.50834,8.455,5.5,0,true,true,20,0.223332,0.101667,WALKABLE_FRONTIER_AND_GRAB_EXIT_V2,false,false,false,SOLID,EDGE_RUNUP_06,true,false
MAIN_MX_06,18,1,1,false,false,false,false,19.6,8.455,5.5,0,true,true,20,0.131664,0.101667,WALKABLE_FRONTIER_AND_GRAB_EXIT_V2,false,false,false,SOLID,EDGE_RUNUP_06,true,false
MAIN_MX_06,19,1,1,false,false,true,false,19.69167,8.569445,5.5,6.866666,false,true,20,0.039997,0.101667,WALKABLE_FRONTIER_AND_GRAB_EXIT_V2,false,false,false,AIR,JUMP_06,true,false
MAIN_MX_06,20,1,1,false,false,true,false,19.78334,8.678333,5.5,6.533333,false,false,-1,-1,-1,,false,false,false,AIR,AIR_06,true,false
MAIN_MX_06,21,1,1,false,false,true,false,19.875,8.781667,5.5,6.199999,false,false,-1,-1,-1,,false,false,false,AIR,AIR_06,true,false
MAIN_MX_06,22,1,1,false,false,true,false,19.96667,8.879444,5.5,5.866666,false,false,-1,-1,-1,,false,false,false,AIR,AIR_06,true,false
MAIN_MX_06,23,1,1,false,false,true,false,20.05834,8.971666,5.5,5.533332,false,false,-1,-1,-1,,false,false,false,AIR,AIR_06,true,false
MAIN_MX_06,24,1,1,false,false,true,false,20.15001,9.058333,5.5,5.199999,false,false,-1,-1,-1,,false,false,false,AIR,AIR_06,true,false
MAIN_MX_06,25,1,1,false,false,true,false,20.24167,9.139444,5.5,4.866665,false,false,-1,-1,-1,,false,false,false,AIR,AIR_06,true,false
MAIN_MX_06,26,1,1,false,false,true,false,20.33334,9.215,5.5,4.533332,false,false,-1,-1,-1,,false,false,false,AIR,AIR_06,true,false
MAIN_MX_06,27,1,1,false,false,true,false,20.42501,9.285,5.5,4.199998,false,false,-1,-1,-1,,false,false,false,AIR,AIR_06,true,false
MAIN_MX_06,28,1,1,false,false,true,false,20.51667,9.349444,5.5,3.866665,false,false,-1,-1,-1,,false,false,false,AIR,AIR_06,true,false
MAIN_MX_06,29,1,1,false,false,true,false,20.60834,9.408333,5.5,3.533332,false,false,-1,-1,-1,,false,false,false,AIR,AIR_06,true,false
MAIN_MX_06,30,1,1,false,false,true,false,20.70001,9.461666,5.5,3.199999,false,false,-1,-1,-1,,false,false,false,AIR,AIR_06,true,false
MAIN_MX_06,31,1,1,false,false,true,false,20.79168,9.509444,5.5,2.866665,false,false,-1,-1,-1,,false,false,false,AIR,AIR_06,true,false
MAIN_MX_06,32,1,1,false,false,true,false,20.88334,9.551666,5.5,2.533332,false,false,-1,-1,-1,,false,false,false,AIR,AIR_06,true,false
MAIN_MX_06,33,1,1,false,false,true,false,20.97501,9.588333,5.5,2.199999,false,false,-1,-1,-1,,false,false,false,AIR,AIR_06,true,false
MAIN_MX_06,34,1,1,false,false,true,false,21.06668,9.619444,5.5,1.866665,false,false,-1,-1,-1,,false,false,false,AIR,AIR_06,true,false
MAIN_MX_06,35,1,1,false,false,true,false,21.15834,9.645,5.5,1.533332,false,false,-1,-1,-1,,false,false,false,AIR,AIR_06,true,false
MAIN_MX_06,36,1,1,false,false,true,false,21.25001,9.664999,5.5,1.199999,false,false,-1,-1,-1,,false,false,false,AIR,AIR_06,true,false
MAIN_MX_06,37,1,1,false,false,true,false,21.34168,9.679443,5.5,0.866665,false,false,-1,-1,-1,,false,false,false,AIR,AIR_06,true,false
MAIN_MX_06,38,1,1,false,false,true,false,21.43335,9.688333,5.5,0.533332,false,false,-1,-1,-1,,false,false,false,AIR,AIR_06,true,false
MAIN_MX_06,39,1,1,false,false,true,false,21.52501,9.691666,5.5,0.199999,false,false,-1,-1,-1,,false,false,false,AIR,AIR_06,true,false
MAIN_MX_06,40,1,1,false,false,true,false,21.61668,9.689444,5.5,-0.133335,false,false,-1,-1,-1,,false,false,false,AIR,AIR_06,true,false
MAIN_MX_06,41,1,1,false,false,true,false,21.70835,9.679999,5.5,-0.566668,false,false,-1,-1,-1,,false,false,false,AIR,AIR_06,true,false
MAIN_MX_06,42,1,1,false,false,true,false,21.80001,9.663333,5.5,-1.000001,false,false,-1,-1,-1,,false,false,false,AIR,AIR_06,true,false
MAIN_MX_06,43,1,1,false,false,true,false,21.89168,9.639444,5.5,-1.433335,false,false,-1,-1,-1,,false,false,false,AIR,AIR_06,true,false
MAIN_MX_06,44,1,1,false,false,true,false,21.98335,9.608334,5.5,-1.866668,false,false,-1,-1,-1,,false,false,false,AIR,AIR_06,true,false
MAIN_MX_06,45,1,1,false,false,true,false,22.07502,9.570001,5.5,-2.300002,false,false,-1,-1,-1,,false,false,false,AIR,AIR_06,true,false
MAIN_MX_06,46,1,1,false,false,true,false,22.16668,9.524446,5.5,-2.733335,false,false,-1,-1,-1,,false,false,false,AIR,AIR_06,true,false
MAIN_MX_06,47,1,1,false,false,true,false,22.25835,9.454446,5.5,0,true,false,-1,-1,-1,,false,false,false,TOP_ONLY,LINK_TARGET_06,true,false
MAIN_MX_06,48,0,0,false,false,false,false,22.33891,9.454446,4.833333,0,true,true,-1,-1,-1,,false,false,false,TOP_ONLY,PASS_TARGET,true,false
MAIN_MX_07,0,0,0,false,false,false,false,22.5,9.46,0,0,false,false,-1,-1,-1,,false,false,false,AIR,START,true,false
MAIN_MX_07,1,0,0,false,false,false,false,22.5,9.455,0,0,true,false,-1,-1,-1,,false,false,false,TOP_ONLY,GROUND_SETTLE_07,true,false
MAIN_MX_07,2,-1,-1,false,false,false,false,22.49167,9.455,-0.5,0,true,true,22,0.139999,0.01,WALKABLE_FRONTIER_AND_GRAB_EXIT_V2,false,false,false,TOP_ONLY,EDGE_RUNUP_07,true,false
MAIN_MX_07,3,-1,-1,false,false,false,false,22.475,9.455,-1,0,true,true,22,0.131666,0.018333,WALKABLE_FRONTIER_AND_GRAB_EXIT_V2,false,false,false,TOP_ONLY,EDGE_RUNUP_07,true,false
MAIN_MX_07,4,-1,-1,false,false,false,false,22.45,9.455,-1.5,0,true,true,22,0.115,0.026667,WALKABLE_FRONTIER_AND_GRAB_EXIT_V2,false,false,false,TOP_ONLY,EDGE_RUNUP_07,true,false
MAIN_MX_07,5,-1,-1,false,false,false,false,22.41667,9.455,-2,0,true,true,22,0.09,0.035,WALKABLE_FRONTIER_AND_GRAB_EXIT_V2,false,false,false,TOP_ONLY,EDGE_RUNUP_07,true,false
MAIN_MX_07,6,-1,-1,false,false,false,false,22.375,9.455,-2.5,0,true,true,22,0.056667,0.043333,WALKABLE_FRONTIER_AND_GRAB_EXIT_V2,false,false,false,TOP_ONLY,EDGE_RUNUP_07,true,false
MAIN_MX_07,7,-1,-1,false,false,true,false,22.32222,9.569445,-3.166667,6.866666,false,true,22,0.015001,0.051667,WALKABLE_FRONTIER_AND_GRAB_EXIT_V2,false,false,false,AIR,JUMP_07,true,false
MAIN_MX_07,8,-1,-1,false,false,true,false,22.25834,9.678333,-3.833333,6.533333,false,false,-1,-1,-1,,false,false,false,AIR,AIR_07,true,false
MAIN_MX_07,9,-1,-1,false,false,true,false,22.18333,9.781667,-4.5,6.199999,false,false,-1,-1,-1,,false,false,false,AIR,AIR_07,true,false
MAIN_MX_07,10,-1,-1,false,false,true,false,22.09722,9.879444,-5.166667,5.866666,false,false,-1,-1,-1,,false,false,false,AIR,AIR_07,true,false
MAIN_MX_07,11,-1,-1,false,false,true,false,22.00556,9.971666,-5.5,5.533332,false,false,-1,-1,-1,,false,false,false,AIR,AIR_07,true,false
MAIN_MX_07,12,-1,-1,false,false,true,false,21.91389,10.05833,-5.5,5.199999,false,false,-1,-1,-1,,false,false,false,AIR,AIR_07,true,false
MAIN_MX_07,13,-1,-1,false,false,true,false,21.82222,10.13944,-5.5,4.866665,false,false,-1,-1,-1,,false,false,false,AIR,AIR_07,true,false
MAIN_MX_07,14,-1,-1,false,false,true,false,21.73055,10.215,-5.5,4.533332,false,false,-1,-1,-1,,false,false,false,AIR,AIR_07,true,false
MAIN_MX_07,15,-1,-1,false,false,true,false,21.63889,10.285,-5.5,4.199998,false,false,-1,-1,-1,,false,false,false,AIR,AIR_07,true,false
MAIN_MX_07,16,-1,-1,false,false,true,false,21.54722,10.34944,-5.5,3.866665,false,false,-1,-1,-1,,false,false,false,AIR,AIR_07,true,false
MAIN_MX_07,17,-1,-1,false,false,true,false,21.45555,10.40833,-5.5,3.533332,false,false,-1,-1,-1,,false,false,false,AIR,AIR_07,true,false
MAIN_MX_07,18,-1,-1,false,false,true,false,21.36389,10.46167,-5.5,3.199999,false,false,-1,-1,-1,,false,false,false,AIR,AIR_07,true,false
MAIN_MX_07,19,-1,-1,false,false,true,false,21.27222,10.50944,-5.5,2.866665,false,false,-1,-1,-1,,false,false,false,AIR,AIR_07,true,false
MAIN_MX_07,20,-1,-1,false,false,true,false,21.18055,10.55167,-5.5,2.533332,false,false,-1,-1,-1,,false,false,false,AIR,AIR_07,true,false
MAIN_MX_07,21,-1,-1,false,false,true,false,21.08888,10.58833,-5.5,2.199999,false,false,-1,-1,-1,,false,false,false,AIR,AIR_07,true,false
MAIN_MX_07,22,-1,-1,false,false,true,false,20.99722,10.61944,-5.5,1.866665,false,false,-1,-1,-1,,false,false,false,AIR,AIR_07,true,false
MAIN_MX_07,23,-1,-1,false,false,true,false,20.90555,10.645,-5.5,1.533332,false,false,-1,-1,-1,,false,false,false,AIR,AIR_07,true,false
MAIN_MX_07,24,-1,-1,false,false,true,false,20.81388,10.665,-5.5,1.199999,false,false,-1,-1,-1,,false,false,false,AIR,AIR_07,true,false
MAIN_MX_07,25,-1,-1,false,false,true,false,20.72222,10.67944,-5.5,0.866665,false,false,-1,-1,-1,,false,false,false,AIR,AIR_07,true,false
MAIN_MX_07,26,-1,-1,false,false,true,false,20.63055,10.68833,-5.5,0.533332,false,false,-1,-1,-1,,false,false,false,AIR,AIR_07,true,false
MAIN_MX_07,27,1,1,false,false,true,false,20.54999,10.69167,-4.833333,0.199999,false,false,-1,-1,-1,,false,false,false,AIR,AIR_07,true,false
MAIN_MX_07,28,1,1,false,false,true,false,20.48055,10.68944,-4.166667,-0.133335,false,false,-1,-1,-1,,false,false,false,AIR,AIR_07,true,false
MAIN_MX_07,29,1,1,false,false,true,false,20.42222,10.68,-3.5,-0.566668,false,false,-1,-1,-1,,false,false,false,AIR,AIR_07,true,false
MAIN_MX_07,30,1,1,false,false,true,false,20.37499,10.66333,-2.833333,-1.000001,false,false,-1,-1,-1,,false,false,false,AIR,AIR_07,true,false
MAIN_MX_07,31,1,1,false,false,true,false,20.33888,10.63944,-2.166667,-1.433335,false,false,-1,-1,-1,,false,false,false,AIR,AIR_07,true,false
MAIN_MX_07,32,1,1,false,false,true,false,20.31388,10.60833,-1.5,-1.866668,false,false,-1,-1,-1,,false,false,false,AIR,AIR_07,true,false
MAIN_MX_07,33,1,1,false,false,true,false,20.29999,10.57,-0.833333,-2.300002,false,false,-1,-1,-1,,false,false,false,AIR,AIR_07,true,false
MAIN_MX_07,34,1,1,false,false,true,false,20.29722,10.52445,-0.166667,-2.733335,false,false,-1,-1,-1,,false,false,false,AIR,AIR_07,true,false
MAIN_MX_07,35,1,1,false,false,true,false,20.30277,10.45445,0.333333,0,true,false,-1,-1,-1,,false,false,false,TOP_ONLY,LINK_TARGET_07,true,false
MAIN_MX_07,36,0,0,false,false,false,false,20.30277,10.45445,0,0,true,true,-1,-1,-1,,false,false,false,TOP_ONLY,PASS_TARGET,true,false
MAIN_MX_08,0,0,0,false,false,false,false,19.5,10.46,0,0,false,false,-1,-1,-1,,false,false,false,AIR,START,true,false
MAIN_MX_08,1,0,0,false,false,false,false,19.5,10.455,0,0,true,false,-1,-1,-1,,false,false,false,TOP_ONLY,GROUND_SETTLE_08,true,false
MAIN_MX_08,2,-1,-1,false,false,false,false,19.49167,10.455,-0.5,0,true,true,19,0.139999,0.01,WALKABLE_FRONTIER_AND_GRAB_EXIT_V2,false,false,false,TOP_ONLY,EDGE_RUNUP_08,true,false
MAIN_MX_08,3,-1,-1,false,false,false,false,19.475,10.455,-1,0,true,true,19,0.131666,0.018333,WALKABLE_FRONTIER_AND_GRAB_EXIT_V2,false,false,false,TOP_ONLY,EDGE_RUNUP_08,true,false
MAIN_MX_08,4,-1,-1,false,false,false,false,19.45,10.455,-1.5,0,true,true,19,0.115,0.026667,WALKABLE_FRONTIER_AND_GRAB_EXIT_V2,false,false,false,TOP_ONLY,EDGE_RUNUP_08,true,false
MAIN_MX_08,5,-1,-1,false,false,false,false,19.41667,10.455,-2,0,true,true,19,0.09,0.035,WALKABLE_FRONTIER_AND_GRAB_EXIT_V2,false,false,false,TOP_ONLY,EDGE_RUNUP_08,true,false
MAIN_MX_08,6,-1,-1,false,false,false,false,19.375,10.455,-2.5,0,true,true,19,0.056667,0.043333,WALKABLE_FRONTIER_AND_GRAB_EXIT_V2,false,false,false,TOP_ONLY,EDGE_RUNUP_08,true,false
MAIN_MX_08,7,-1,-1,false,false,true,false,19.32222,10.56944,-3.166667,6.866666,false,true,19,0.015001,0.051667,WALKABLE_FRONTIER_AND_GRAB_EXIT_V2,false,false,false,AIR,JUMP_08,true,false
MAIN_MX_08,8,-1,-1,false,false,true,false,19.25834,10.67833,-3.833333,6.533333,false,false,-1,-1,-1,,false,false,false,AIR,AIR_08,true,false
MAIN_MX_08,9,-1,-1,false,false,true,false,19.18333,10.78167,-4.5,6.199999,false,false,-1,-1,-1,,false,false,false,AIR,AIR_08,true,false
MAIN_MX_08,10,-1,-1,false,false,true,false,19.09722,10.87944,-5.166667,5.866666,false,false,-1,-1,-1,,false,false,false,AIR,AIR_08,true,false
MAIN_MX_08,11,-1,-1,false,false,true,false,19.00556,10.97167,-5.5,5.533332,false,false,-1,-1,-1,,false,false,false,AIR,AIR_08,true,false
MAIN_MX_08,12,-1,-1,false,false,true,false,18.91389,11.05833,-5.5,5.199999,false,false,-1,-1,-1,,false,false,false,AIR,AIR_08,true,false
MAIN_MX_08,13,-1,-1,false,false,true,false,18.82222,11.13944,-5.5,4.866665,false,false,-1,-1,-1,,false,false,false,AIR,AIR_08,true,false
MAIN_MX_08,14,-1,-1,false,false,true,false,18.73055,11.215,-5.5,4.533332,false,false,-1,-1,-1,,false,false,false,AIR,AIR_08,true,false
MAIN_MX_08,15,-1,-1,false,false,true,false,18.63889,11.285,-5.5,4.199998,false,false,-1,-1,-1,,false,false,false,AIR,AIR_08,true,false
MAIN_MX_08,16,-1,-1,false,false,true,false,18.54722,11.34944,-5.5,3.866665,false,false,-1,-1,-1,,false,false,false,AIR,AIR_08,true,false
MAIN_MX_08,17,-1,-1,false,false,true,false,18.45555,11.40833,-5.5,3.533332,false,false,-1,-1,-1,,false,false,false,AIR,AIR_08,true,false
MAIN_MX_08,18,-1,-1,false,false,true,false,18.36389,11.46167,-5.5,3.199999,false,false,-1,-1,-1,,false,false,false,AIR,AIR_08,true,false
MAIN_MX_08,19,-1,-1,false,false,true,false,18.27222,11.50944,-5.5,2.866665,false,false,-1,-1,-1,,false,false,false,AIR,AIR_08,true,false
MAIN_MX_08,20,-1,-1,false,false,true,false,18.18055,11.55167,-5.5,2.533332,false,false,-1,-1,-1,,false,false,false,AIR,AIR_08,true,false
MAIN_MX_08,21,-1,-1,false,false,true,false,18.08888,11.58833,-5.5,2.199999,false,false,-1,-1,-1,,false,false,false,AIR,AIR_08,true,false
MAIN_MX_08,22,-1,-1,false,false,true,false,17.99722,11.61944,-5.5,1.866665,false,false,-1,-1,-1,,false,false,false,AIR,AIR_08,true,false
MAIN_MX_08,23,-1,-1,false,false,true,false,17.90555,11.645,-5.5,1.533332,false,false,-1,-1,-1,,false,false,false,AIR,AIR_08,true,false
MAIN_MX_08,24,-1,-1,false,false,true,false,17.81388,11.665,-5.5,1.199999,false,false,-1,-1,-1,,false,false,false,AIR,AIR_08,true,false
MAIN_MX_08,25,-1,-1,false,false,true,false,17.72222,11.67944,-5.5,0.866665,false,false,-1,-1,-1,,false,false,false,AIR,AIR_08,true,false
MAIN_MX_08,26,-1,-1,false,false,true,false,17.63055,11.68833,-5.5,0.533332,false,false,-1,-1,-1,,false,false,false,AIR,AIR_08,true,false
MAIN_MX_08,27,-1,-1,false,false,true,false,17.53888,11.69167,-5.5,0.199999,false,false,-1,-1,-1,,false,false,false,AIR,AIR_08,true,false
MAIN_MX_08,28,-1,-1,false,false,true,false,17.44721,11.68944,-5.5,-0.133335,false,false,-1,-1,-1,,false,false,false,AIR,AIR_08,true,false
MAIN_MX_08,29,-1,-1,false,false,true,false,17.35555,11.68,-5.5,-0.566668,false,false,-1,-1,-1,,false,false,false,AIR,AIR_08,true,false
MAIN_MX_08,30,-1,-1,false,false,true,false,17.26388,11.66333,-5.5,-1.000001,false,false,-1,-1,-1,,false,false,false,AIR,AIR_08,true,false
MAIN_MX_08,31,-1,-1,false,false,true,false,17.17221,11.63944,-5.5,-1.433335,false,false,-1,-1,-1,,false,false,false,AIR,AIR_08,true,false
MAIN_MX_08,32,-1,-1,false,false,true,false,17.08055,11.60833,-5.5,-1.866668,false,false,-1,-1,-1,,false,false,false,AIR,AIR_08,true,false
MAIN_MX_08,33,-1,-1,false,false,true,false,16.98888,11.57,-5.5,-2.300002,false,false,-1,-1,-1,,false,false,false,AIR,AIR_08,true,false
MAIN_MX_08,34,-1,-1,false,false,true,false,16.89721,11.52445,-5.5,-2.733335,false,false,-1,-1,-1,,false,false,false,AIR,AIR_08,true,false
MAIN_MX_08,35,-1,-1,false,false,true,false,16.80554,11.45445,-5.5,0,true,false,-1,-1,-1,,false,false,false,TOP_ONLY,LINK_TARGET_08,true,false
MAIN_MX_08,36,0,0,false,false,false,false,16.72499,11.45445,-4.833333,0,true,true,-1,-1,-1,,false,false,false,TOP_ONLY,PASS_TARGET,true,false
MAIN_R0_00,0,0,0,false,false,false,false,2.5,2.46,0,0,false,false,-1,-1,-1,,false,false,false,AIR,START,true,false
MAIN_R0_00,1,0,0,false,false,false,false,2.5,2.455,0,0,true,false,-1,-1,-1,,false,false,false,SOLID,GROUND_SETTLE_00,true,false
MAIN_R0_00,2,1,1,false,false,false,false,2.508333,2.455,0.5,0,true,true,6,3.14,0.01,WALKABLE_FRONTIER_AND_GRAB_EXIT_V2,false,false,false,SOLID,EDGE_RUNUP_00,true,false
MAIN_R0_00,3,1,1,false,false,false,false,2.525,2.455,1,0,true,true,6,3.131667,0.018333,WALKABLE_FRONTIER_AND_GRAB_EXIT_V2,false,false,false,SOLID,EDGE_RUNUP_00,true,false
MAIN_R0_00,4,1,1,false,false,false,false,2.55,2.455,1.5,0,true,true,6,3.115,0.026667,WALKABLE_FRONTIER_AND_GRAB_EXIT_V2,false,false,false,SOLID,EDGE_RUNUP_00,true,false
MAIN_R0_00,5,1,1,false,false,false,false,2.583333,2.455,2,0,true,true,6,3.09,0.035,WALKABLE_FRONTIER_AND_GRAB_EXIT_V2,false,false,false,SOLID,EDGE_RUNUP_00,true,false
MAIN_R0_00,6,1,1,false,false,false,false,2.625,2.455,2.5,0,true,true,6,3.056666,0.043333,WALKABLE_FRONTIER_AND_GRAB_EXIT_V2,false,false,false,SOLID,EDGE_RUNUP_00,true,false
MAIN_R0_00,7,1,1,false,false,false,false,2.675,2.455,3,0,true,true,6,3.015,0.051667,WALKABLE_FRONTIER_AND_GRAB_EXIT_V2,false,false,false,SOLID,EDGE_RUNUP_00,true,false
MAIN_R0_00,8,1,1,false,false,false,false,2.733334,2.455,3.5,0,true,true,6,2.965,0.06,WALKABLE_FRONTIER_AND_GRAB_EXIT_V2,false,false,false,SOLID,EDGE_RUNUP_00,true,false
MAIN_R0_00,9,1,1,false,false,false,false,2.8,2.455,4,0,true,true,6,2.906666,0.068333,WALKABLE_FRONTIER_AND_GRAB_EXIT_V2,false,false,false,SOLID,EDGE_RUNUP_00,true,false
MAIN_R0_00,10,1,1,false,false,false,false,2.875,2.455,4.5,0,true,true,6,2.84,0.076667,WALKABLE_FRONTIER_AND_GRAB_EXIT_V2,false,false,false,SOLID,EDGE_RUNUP_00,true,false
MAIN_R0_00,11,1,1,false,false,false,false,2.958333,2.455,5,0,true,true,6,2.765,0.085,WALKABLE_FRONTIER_AND_GRAB_EXIT_V2,false,false,false,SOLID,EDGE_RUNUP_00,true,false
MAIN_R0_00,12,1,1,false,false,false,false,3.05,2.455,5.5,0,true,true,6,2.681666,0.093333,WALKABLE_FRONTIER_AND_GRAB_EXIT_V2,false,false,false,TOP_ONLY,EDGE_RUNUP_00,true,false
MAIN_R0_00,13,1,1,false,false,false,false,3.141667,2.455,5.5,0,true,true,6,2.59,0.101667,WALKABLE_FRONTIER_AND_GRAB_EXIT_V2,false,false,false,TOP_ONLY,EDGE_RUNUP_00,true,false
MAIN_R0_00,14,1,1,false,false,false,false,3.233334,2.455,5.5,0,true,true,6,2.498333,0.101667,WALKABLE_FRONTIER_AND_GRAB_EXIT_V2,false,false,false,TOP_ONLY,EDGE_RUNUP_00,true,false
MAIN_R0_00,15,1,1,false,false,false,false,3.325,2.455,5.5,0,true,true,6,2.406666,0.101667,WALKABLE_FRONTIER_AND_GRAB_EXIT_V2,false,false,false,TOP_ONLY,EDGE_RUNUP_00,true,false
MAIN_R0_00,16,1,1,false,false,false,false,3.416667,2.455,5.5,0,true,true,6,2.315,0.101667,WALKABLE_FRONTIER_AND_GRAB_EXIT_V2,false,false,false,TOP_ONLY,EDGE_RUNUP_00,true,false
MAIN_R0_00,17,1,1,false,false,false,false,3.508334,2.455,5.5,0,true,true,6,2.223333,0.101667,WALKABLE_FRONTIER_AND_GRAB_EXIT_V2,false,false,false,TOP_ONLY,EDGE_RUNUP_00,true,false
MAIN_R0_00,18,1,1,false,false,false,false,3.6,2.455,5.5,0,true,true,6,2.131666,0.101667,WALKABLE_FRONTIER_AND_GRAB_EXIT_V2,false,false,false,TOP_ONLY,EDGE_RUNUP_00,true,false
MAIN_R0_00,19,1,1,false,false,false,false,3.691667,2.455,5.5,0,true,true,6,2.039999,0.101667,WALKABLE_FRONTIER_AND_GRAB_EXIT_V2,false,false,false,TOP_ONLY,EDGE_RUNUP_00,true,false
MAIN_R0_00,20,1,1,false,false,false,false,3.783334,2.455,5.5,0,true,true,6,1.948333,0.101667,WALKABLE_FRONTIER_AND_GRAB_EXIT_V2,false,false,false,TOP_ONLY,EDGE_RUNUP_00,true,false
MAIN_R0_00,21,1,1,false,false,false,false,3.875,2.455,5.5,0,true,true,6,1.856666,0.101667,WALKABLE_FRONTIER_AND_GRAB_EXIT_V2,false,false,false,TOP_ONLY,EDGE_RUNUP_00,true,false
MAIN_R0_00,22,1,1,false,false,false,false,3.966667,2.455,5.5,0,true,true,6,1.764999,0.101667,WALKABLE_FRONTIER_AND_GRAB_EXIT_V2,false,false,false,TOP_ONLY,EDGE_RUNUP_00,true,false
MAIN_R0_00,23,1,1,false,false,false,false,4.058334,2.455,5.5,0,true,true,6,1.673333,0.101667,WALKABLE_FRONTIER_AND_GRAB_EXIT_V2,false,false,false,TOP_ONLY,EDGE_RUNUP_00,true,false
MAIN_R0_00,24,1,1,false,false,false,false,4.150001,2.455,5.5,0,true,true,6,1.581666,0.101667,WALKABLE_FRONTIER_AND_GRAB_EXIT_V2,false,false,false,TOP_ONLY,EDGE_RUNUP_00,true,false
MAIN_R0_00,25,1,1,false,false,false,false,4.241667,2.455,5.5,0,true,true,6,1.489999,0.101667,WALKABLE_FRONTIER_AND_GRAB_EXIT_V2,false,false,false,TOP_ONLY,EDGE_RUNUP_00,true,false
MAIN_R0_00,26,1,1,false,false,false,false,4.333334,2.455,5.5,0,true,true,6,1.398333,0.101667,WALKABLE_FRONTIER_AND_GRAB_EXIT_V2,false,false,false,TOP_ONLY,EDGE_RUNUP_00,true,false
MAIN_R0_00,27,1,1,false,false,false,false,4.425001,2.455,5.5,0,true,true,6,1.306666,0.101667,WALKABLE_FRONTIER_AND_GRAB_EXIT_V2,false,false,false,TOP_ONLY,EDGE_RUNUP_00,true,false
MAIN_R0_00,28,1,1,false,false,false,false,4.516667,2.455,5.5,0,true,true,6,1.214999,0.101667,WALKABLE_FRONTIER_AND_GRAB_EXIT_V2,false,false,false,TOP_ONLY,EDGE_RUNUP_00,true,false
MAIN_R0_00,29,1,1,false,false,false,false,4.608334,2.455,5.5,0,true,true,6,1.123333,0.101667,WALKABLE_FRONTIER_AND_GRAB_EXIT_V2,false,false,false,TOP_ONLY,EDGE_RUNUP_00,true,false
MAIN_R0_00,30,1,1,false,false,false,false,4.700001,2.455,5.5,0,true,true,6,1.031666,0.101667,WALKABLE_FRONTIER_AND_GRAB_EXIT_V2,false,false,false,TOP_ONLY,EDGE_RUNUP_00,true,false
MAIN_R0_00,31,1,1,false,false,false,false,4.791667,2.455,5.5,0,true,true,6,0.939999,0.101667,WALKABLE_FRONTIER_AND_GRAB_EXIT_V2,false,false,false,TOP_ONLY,EDGE_RUNUP_00,true,false
MAIN_R0_00,32,1,1,false,false,false,false,4.883334,2.455,5.5,0,true,true,6,0.848332,0.101667,WALKABLE_FRONTIER_AND_GRAB_EXIT_V2,false,false,false,TOP_ONLY,EDGE_RUNUP_00,true,false
MAIN_R0_00,33,1,1,false,false,false,false,4.975001,2.455,5.5,0,true,true,6,0.756666,0.101667,WALKABLE_FRONTIER_AND_GRAB_EXIT_V2,false,false,false,TOP_ONLY,EDGE_RUNUP_00,true,false
MAIN_R0_00,34,1,1,false,false,false,false,5.066668,2.455,5.5,0,true,true,6,0.664999,0.101667,WALKABLE_FRONTIER_AND_GRAB_EXIT_V2,false,false,false,TOP_ONLY,EDGE_RUNUP_00,true,false
MAIN_R0_00,35,1,1,false,false,false,false,5.158334,2.455,5.5,0,true,true,6,0.573332,0.101667,WALKABLE_FRONTIER_AND_GRAB_EXIT_V2,false,false,false,TOP_ONLY,EDGE_RUNUP_00,true,false
MAIN_R0_00,36,1,1,false,false,false,false,5.250001,2.455,5.5,0,true,true,6,0.481666,0.101667,WALKABLE_FRONTIER_AND_GRAB_EXIT_V2,false,false,false,TOP_ONLY,EDGE_RUNUP_00,true,false
MAIN_R0_00,37,1,1,false,false,false,false,5.341668,2.455,5.5,0,true,true,6,0.389999,0.101667,WALKABLE_FRONTIER_AND_GRAB_EXIT_V2,false,false,false,TOP_ONLY,EDGE_RUNUP_00,true,false
MAIN_R0_00,38,1,1,false,false,false,false,5.433334,2.455,5.5,0,true,true,6,0.298332,0.101667,WALKABLE_FRONTIER_AND_GRAB_EXIT_V2,false,false,false,TOP_ONLY,EDGE_RUNUP_00,true,false
MAIN_R0_00,39,1,1,false,false,false,false,5.525001,2.455,5.5,0,true,true,6,0.206666,0.101667,WALKABLE_FRONTIER_AND_GRAB_EXIT_V2,false,false,false,TOP_ONLY,EDGE_RUNUP_00,true,false
MAIN_R0_00,40,1,1,false,false,false,false,5.616668,2.455,5.5,0,true,true,6,0.114999,0.101667,WALKABLE_FRONTIER_AND_GRAB_EXIT_V2,false,false,false,TOP_ONLY,EDGE_RUNUP_00,true,false
MAIN_R0_00,41,1,1,false,false,true,false,5.708334,2.569444,5.5,6.866666,false,true,6,0.023332,0.101667,WALKABLE_FRONTIER_AND_GRAB_EXIT_V2,false,false,false,AIR,JUMP_00,true,false
MAIN_R0_00,42,1,1,false,false,true,false,5.800001,2.678333,5.5,6.533333,false,false,-1,-1,-1,,false,false,false,AIR,AIR_00,true,false
MAIN_R0_00,43,1,1,false,false,true,false,5.891668,2.781667,5.5,6.199999,false,false,-1,-1,-1,,false,false,false,AIR,AIR_00,true,false
MAIN_R0_00,44,1,1,false,false,true,false,5.983335,2.879444,5.5,5.866666,false,false,-1,-1,-1,,false,false,false,AIR,AIR_00,true,false
MAIN_R0_00,45,1,1,false,false,true,false,6.075001,2.971667,5.5,5.533332,false,false,-1,-1,-1,,false,false,false,AIR,AIR_00,true,false
MAIN_R0_00,46,1,1,false,false,true,false,6.166668,3.058333,5.5,5.199999,false,false,-1,-1,-1,,false,false,false,AIR,AIR_00,true,false
MAIN_R0_00,47,1,1,false,false,true,false,6.258335,3.139444,5.5,4.866665,false,false,-1,-1,-1,,false,false,false,AIR,AIR_00,true,false
MAIN_R0_00,48,1,1,false,false,true,false,6.350001,3.215,5.5,4.533332,false,false,-1,-1,-1,,false,false,false,AIR,AIR_00,true,false
MAIN_R0_00,49,1,1,false,false,true,false,6.441668,3.285,5.5,4.199998,false,false,-1,-1,-1,,false,false,false,AIR,AIR_00,true,false
MAIN_R0_00,50,-1,-1,false,false,true,false,6.522223,3.349444,4.833333,3.866665,false,false,-1,-1,-1,,false,false,false,AIR,AIR_00,true,false
MAIN_R0_00,51,-1,-1,false,false,true,false,6.591668,3.408333,4.166667,3.533332,false,false,-1,-1,-1,,false,false,false,AIR,AIR_00,true,false
MAIN_R0_00,52,-1,-1,false,false,true,false,6.650002,3.461667,3.5,3.199999,false,false,-1,-1,-1,,false,false,false,AIR,AIR_00,true,false
MAIN_R0_00,53,-1,-1,false,false,true,false,6.697224,3.509444,2.833333,2.866665,false,false,-1,-1,-1,,false,false,false,AIR,AIR_00,true,false
MAIN_R0_00,54,-1,-1,false,false,true,false,6.733335,3.551666,2.166667,2.533332,false,false,-1,-1,-1,,false,false,false,AIR,AIR_00,true,false
MAIN_R0_00,55,-1,-1,false,false,true,false,6.758335,3.588333,1.5,2.199999,false,false,-1,-1,-1,,false,false,false,AIR,AIR_00,true,false
MAIN_R0_00,56,-1,-1,false,false,true,false,6.772223,3.619444,0.833333,1.866665,false,false,-1,-1,-1,,false,false,false,AIR,AIR_00,true,false
MAIN_R0_00,57,-1,-1,false,false,true,false,6.775001,3.645,0.166667,1.533332,false,false,-1,-1,-1,,false,false,false,AIR,AIR_00,true,false
MAIN_R0_00,58,-1,-1,false,false,true,false,6.766668,3.665,-0.5,1.199999,false,false,-1,-1,-1,,false,false,false,AIR,AIR_00,true,false
MAIN_R0_00,59,-1,-1,false,false,true,false,6.747223,3.679444,-1.166667,0.866665,false,false,-1,-1,-1,,false,false,false,AIR,AIR_00,true,false
MAIN_R0_00,60,-1,-1,false,false,true,false,6.716668,3.688333,-1.833333,0.533332,false,false,-1,-1,-1,,false,false,false,AIR,AIR_00,true,false
MAIN_R0_00,61,-1,-1,false,false,true,false,6.675001,3.691666,-2.5,0.199999,false,false,-1,-1,-1,,false,false,false,AIR,AIR_00,true,false
MAIN_R0_00,62,-1,-1,false,false,true,false,6.622223,3.689444,-3.166667,-0.133335,false,false,-1,-1,-1,,false,false,false,AIR,AIR_00,true,false
MAIN_R0_00,63,1,1,false,false,true,false,6.580557,3.68,-2.5,-0.566668,false,false,-1,-1,-1,,false,false,false,AIR,AIR_00,true,false
MAIN_R0_00,64,1,1,false,false,true,false,6.550001,3.663333,-1.833333,-1.000001,false,false,-1,-1,-1,,false,false,false,AIR,AIR_00,true,false
MAIN_R0_00,65,1,1,false,false,true,false,6.530557,3.639444,-1.166667,-1.433335,false,false,-1,-1,-1,,false,false,false,AIR,AIR_00,true,false
MAIN_R0_00,66,1,1,false,false,true,false,6.522223,3.608333,-0.5,-1.866668,false,false,-1,-1,-1,,false,false,false,AIR,AIR_00,true,false
MAIN_R0_00,67,1,1,false,false,true,false,6.525001,3.569999,0.166667,-2.300002,false,false,-1,-1,-1,,false,false,false,AIR,AIR_00,true,false
MAIN_R0_00,68,-1,-1,false,false,true,false,6.516668,3.524444,-0.5,-2.733335,false,false,-1,-1,-1,,false,false,false,AIR,AIR_00,true,false
MAIN_R0_00,69,1,1,false,false,true,false,6.516668,3.454444,0,0,true,false,-1,-1,-1,,false,false,false,TOP_ONLY,LINK_TARGET_00,true,false
MAIN_R0_00,70,0,0,false,false,false,false,6.516668,3.454444,0,0,true,true,-1,-1,-1,,false,false,false,TOP_ONLY,PASS_TARGET,true,false
MAIN_R0_01,0,0,0,false,false,false,false,8.5,3.46,0,0,false,false,-1,-1,-1,,false,false,false,AIR,START,true,false
MAIN_R0_01,1,0,0,false,false,false,false,8.5,3.455,0,0,true,false,-1,-1,-1,,false,false,false,TOP_ONLY,GROUND_SETTLE_01,true,false
MAIN_R0_01,2,1,1,false,false,false,false,8.508333,3.455,0.5,0,true,true,12,3.14,0.01,WALKABLE_FRONTIER_AND_GRAB_EXIT_V2,false,false,false,TOP_ONLY,EDGE_RUNUP_01,true,false
MAIN_R0_01,3,1,1,false,false,false,false,8.525,3.455,1,0,true,true,12,3.131667,0.018333,WALKABLE_FRONTIER_AND_GRAB_EXIT_V2,false,false,false,TOP_ONLY,EDGE_RUNUP_01,true,false
MAIN_R0_01,4,1,1,false,false,false,false,8.549999,3.455,1.5,0,true,true,12,3.115001,0.026667,WALKABLE_FRONTIER_AND_GRAB_EXIT_V2,false,false,false,TOP_ONLY,EDGE_RUNUP_01,true,false
MAIN_R0_01,5,1,1,false,false,false,false,8.583333,3.455,2,0,true,true,12,3.090001,0.035,WALKABLE_FRONTIER_AND_GRAB_EXIT_V2,false,false,false,TOP_ONLY,EDGE_RUNUP_01,true,false
MAIN_R0_01,6,1,1,false,false,false,false,8.625,3.455,2.5,0,true,true,12,3.056667,0.043333,WALKABLE_FRONTIER_AND_GRAB_EXIT_V2,false,false,false,TOP_ONLY,EDGE_RUNUP_01,true,false
MAIN_R0_01,7,1,1,false,false,false,false,8.675,3.455,3,0,true,true,12,3.015,0.051667,WALKABLE_FRONTIER_AND_GRAB_EXIT_V2,false,false,false,TOP_ONLY,EDGE_RUNUP_01,true,false
MAIN_R0_01,8,1,1,false,false,false,false,8.733334,3.455,3.5,0,true,true,12,2.965,0.06,WALKABLE_FRONTIER_AND_GRAB_EXIT_V2,false,false,false,TOP_ONLY,EDGE_RUNUP_01,true,false
MAIN_R0_01,9,1,1,false,false,false,false,8.8,3.455,4,0,true,true,12,2.906667,0.068333,WALKABLE_FRONTIER_AND_GRAB_EXIT_V2,false,false,false,TOP_ONLY,EDGE_RUNUP_01,true,false
MAIN_R0_01,10,1,1,false,false,false,false,8.875,3.455,4.5,0,true,true,12,2.84,0.076667,WALKABLE_FRONTIER_AND_GRAB_EXIT_V2,false,false,false,TOP_ONLY,EDGE_RUNUP_01,true,false
MAIN_R0_01,11,1,1,false,false,false,false,8.958333,3.455,5,0,true,true,12,2.765,0.085,WALKABLE_FRONTIER_AND_GRAB_EXIT_V2,false,false,false,TOP_ONLY,EDGE_RUNUP_01,true,false
MAIN_R0_01,12,1,1,false,false,false,false,9.049999,3.455,5.5,0,true,true,12,2.681667,0.093333,WALKABLE_FRONTIER_AND_GRAB_EXIT_V2,false,false,false,TOP_ONLY,EDGE_RUNUP_01,true,false
MAIN_R0_01,13,1,1,false,false,false,false,9.141665,3.455,5.5,0,true,true,12,2.590001,0.101667,WALKABLE_FRONTIER_AND_GRAB_EXIT_V2,false,false,false,TOP_ONLY,EDGE_RUNUP_01,true,false
MAIN_R0_01,14,1,1,false,false,false,false,9.233332,3.455,5.5,0,true,true,12,2.498335,0.101667,WALKABLE_FRONTIER_AND_GRAB_EXIT_V2,false,false,false,TOP_ONLY,EDGE_RUNUP_01,true,false
MAIN_R0_01,15,1,1,false,false,false,false,9.324998,3.455,5.5,0,true,true,12,2.406669,0.101667,WALKABLE_FRONTIER_AND_GRAB_EXIT_V2,false,false,false,TOP_ONLY,EDGE_RUNUP_01,true,false
MAIN_R0_01,16,1,1,false,false,false,false,9.416664,3.455,5.5,0,true,true,12,2.315002,0.101667,WALKABLE_FRONTIER_AND_GRAB_EXIT_V2,false,false,false,TOP_ONLY,EDGE_RUNUP_01,true,false
MAIN_R0_01,17,1,1,false,false,false,false,9.50833,3.455,5.5,0,true,true,12,2.223336,0.101667,WALKABLE_FRONTIER_AND_GRAB_EXIT_V2,false,false,false,TOP_ONLY,EDGE_RUNUP_01,true,false
MAIN_R0_01,18,1,1,false,false,false,false,9.599997,3.455,5.5,0,true,true,12,2.13167,0.101667,WALKABLE_FRONTIER_AND_GRAB_EXIT_V2,false,false,false,TOP_ONLY,EDGE_RUNUP_01,true,false
MAIN_R0_01,19,1,1,false,false,false,false,9.691663,3.455,5.5,0,true,true,12,2.040004,0.101667,WALKABLE_FRONTIER_AND_GRAB_EXIT_V2,false,false,false,TOP_ONLY,EDGE_RUNUP_01,true,false
MAIN_R0_01,20,1,1,false,false,false,false,9.783329,3.455,5.5,0,true,true,12,1.948338,0.101667,WALKABLE_FRONTIER_AND_GRAB_EXIT_V2,false,false,false,TOP_ONLY,EDGE_RUNUP_01,true,false
MAIN_R0_01,21,1,1,false,false,false,false,9.874995,3.455,5.5,0,true,true,12,1.856671,0.101667,WALKABLE_FRONTIER_AND_GRAB_EXIT_V2,false,false,false,TOP_ONLY,EDGE_RUNUP_01,true,false
MAIN_R0_01,22,1,1,false,false,false,false,9.966661,3.455,5.5,0,true,true,12,1.765005,0.101667,WALKABLE_FRONTIER_AND_GRAB_EXIT_V2,false,false,false,TOP_ONLY,EDGE_RUNUP_01,true,false
MAIN_R0_01,23,1,1,false,false,false,false,10.05833,3.455,5.5,0,true,true,12,1.673339,0.101667,WALKABLE_FRONTIER_AND_GRAB_EXIT_V2,false,false,false,TOP_ONLY,EDGE_RUNUP_01,true,false
MAIN_R0_01,24,1,1,false,false,false,false,10.14999,3.455,5.5,0,true,true,12,1.581673,0.101667,WALKABLE_FRONTIER_AND_GRAB_EXIT_V2,false,false,false,TOP_ONLY,EDGE_RUNUP_01,true,false
MAIN_R0_01,25,1,1,false,false,false,false,10.24166,3.455,5.5,0,true,true,12,1.490006,0.101667,WALKABLE_FRONTIER_AND_GRAB_EXIT_V2,false,false,false,TOP_ONLY,EDGE_RUNUP_01,true,false
MAIN_R0_01,26,1,1,false,false,false,false,10.33333,3.455,5.5,0,true,true,12,1.39834,0.101667,WALKABLE_FRONTIER_AND_GRAB_EXIT_V2,false,false,false,TOP_ONLY,EDGE_RUNUP_01,true,false
MAIN_R0_01,27,1,1,false,false,false,false,10.42499,3.455,5.5,0,true,true,12,1.306674,0.101667,WALKABLE_FRONTIER_AND_GRAB_EXIT_V2,false,false,false,TOP_ONLY,EDGE_RUNUP_01,true,false
MAIN_R0_01,28,1,1,false,false,false,false,10.51666,3.455,5.5,0,true,true,12,1.215008,0.101667,WALKABLE_FRONTIER_AND_GRAB_EXIT_V2,false,false,false,TOP_ONLY,EDGE_RUNUP_01,true,false
MAIN_R0_01,29,1,1,false,false,false,false,10.60833,3.455,5.5,0,true,true,12,1.123342,0.101667,WALKABLE_FRONTIER_AND_GRAB_EXIT_V2,false,false,false,TOP_ONLY,EDGE_RUNUP_01,true,false
MAIN_R0_01,30,1,1,false,false,false,false,10.69999,3.455,5.5,0,true,true,12,1.031675,0.101667,WALKABLE_FRONTIER_AND_GRAB_EXIT_V2,false,false,false,TOP_ONLY,EDGE_RUNUP_01,true,false
MAIN_R0_01,31,1,1,false,false,false,false,10.79166,3.455,5.5,0,true,true,12,0.940009,0.101667,WALKABLE_FRONTIER_AND_GRAB_EXIT_V2,false,false,false,TOP_ONLY,EDGE_RUNUP_01,true,false
MAIN_R0_01,32,1,1,false,false,false,false,10.88332,3.455,5.5,0,true,true,12,0.848343,0.101667,WALKABLE_FRONTIER_AND_GRAB_EXIT_V2,false,false,false,TOP_ONLY,EDGE_RUNUP_01,true,false
MAIN_R0_01,33,1,1,false,false,false,false,10.97499,3.455,5.5,0,true,true,12,0.756677,0.101667,WALKABLE_FRONTIER_AND_GRAB_EXIT_V2,false,false,false,TOP_ONLY,EDGE_RUNUP_01,true,false
MAIN_R0_01,34,1,1,false,false,false,false,11.06666,3.455,5.5,0,true,true,12,0.665011,0.101667,WALKABLE_FRONTIER_AND_GRAB_EXIT_V2,false,false,false,TOP_ONLY,EDGE_RUNUP_01,true,false
MAIN_R0_01,35,1,1,false,false,false,false,11.15832,3.455,5.5,0,true,true,12,0.573344,0.101667,WALKABLE_FRONTIER_AND_GRAB_EXIT_V2,false,false,false,TOP_ONLY,EDGE_RUNUP_01,true,false
MAIN_R0_01,36,1,1,false,false,false,false,11.24999,3.455,5.5,0,true,true,12,0.481678,0.101667,WALKABLE_FRONTIER_AND_GRAB_EXIT_V2,false,false,false,TOP_ONLY,EDGE_RUNUP_01,true,false
MAIN_R0_01,37,1,1,false,false,false,false,11.34165,3.455,5.5,0,true,true,12,0.390012,0.101667,WALKABLE_FRONTIER_AND_GRAB_EXIT_V2,false,false,false,TOP_ONLY,EDGE_RUNUP_01,true,false
MAIN_R0_01,38,1,1,false,false,false,false,11.43332,3.455,5.5,0,true,true,12,0.298346,0.101667,WALKABLE_FRONTIER_AND_GRAB_EXIT_V2,false,false,false,TOP_ONLY,EDGE_RUNUP_01,true,false
MAIN_R0_01,39,1,1,false,false,false,false,11.52499,3.455,5.5,0,true,true,12,0.206679,0.101667,WALKABLE_FRONTIER_AND_GRAB_EXIT_V2,false,false,false,TOP_ONLY,EDGE_RUNUP_01,true,false
MAIN_R0_01,40,1,1,false,false,false,false,11.61665,3.455,5.5,0,true,true,12,0.115013,0.101667,WALKABLE_FRONTIER_AND_GRAB_EXIT_V2,false,false,false,TOP_ONLY,EDGE_RUNUP_01,true,false
MAIN_R0_01,41,1,1,false,false,true,false,11.635,3.569444,0,6.866666,false,true,12,0.023347,0.101667,WALKABLE_FRONTIER_AND_GRAB_EXIT_V2,false,false,false,AIR,JUMP_01,true,false
MAIN_R0_01,42,1,1,false,false,true,false,11.63556,3.678333,0,6.533333,false,false,-1,-1,-1,,false,false,false,AIR,AIR_01,true,false
MAIN_R0_01,43,1,1,false,false,true,false,11.63611,3.781667,0,6.199999,false,false,-1,-1,-1,,false,false,false,AIR,AIR_01,true,false
MAIN_R0_01,44,1,1,false,false,true,false,11.63611,3.879444,0,5.866666,false,false,-1,-1,-1,,false,false,false,AIR,AIR_01,true,false
MAIN_R0_01,45,1,1,false,false,true,false,11.63611,3.971667,0,5.533332,false,false,-1,-1,-1,,false,false,false,AIR,AIR_01,true,false
MAIN_R0_01,46,1,1,false,false,true,false,11.63611,4.058333,0,5.199999,false,false,-1,-1,-1,,false,false,false,AIR,AIR_01,true,false
MAIN_R0_01,47,1,1,false,false,true,false,11.63611,4.139444,0,4.866665,false,false,-1,-1,-1,,false,false,false,AIR,AIR_01,true,false
MAIN_R0_01,48,1,1,false,false,true,false,11.63846,4.215,0,4.533332,false,false,-1,-1,-1,,false,false,false,AIR,AIR_01,true,false
MAIN_R0_01,49,1,1,false,false,true,false,11.64957,4.285,0.666667,4.199998,false,false,-1,-1,-1,,false,false,false,AIR,AIR_01,true,false
MAIN_R0_01,50,1,1,false,false,true,false,11.67179,4.349444,1.333333,3.866665,false,false,-1,-1,-1,,false,false,false,AIR,AIR_01,true,false
MAIN_R0_01,51,1,1,false,false,true,false,11.70512,4.408333,2,3.533332,false,false,-1,-1,-1,,false,false,false,AIR,AIR_01,true,false
MAIN_R0_01,52,1,1,false,false,true,false,11.74957,4.461667,2.666667,3.199999,false,false,-1,-1,-1,,false,false,false,AIR,AIR_01,true,false
MAIN_R0_01,53,1,1,false,false,true,false,11.80512,4.509444,3.333333,2.866665,false,false,-1,-1,-1,,false,false,false,AIR,AIR_01,true,false
MAIN_R0_01,54,1,1,false,false,true,false,11.87179,4.551666,4,2.533332,false,false,-1,-1,-1,,false,false,false,AIR,AIR_01,true,false
MAIN_R0_01,55,1,1,false,false,true,false,11.94957,4.588333,4.666667,2.199999,false,false,-1,-1,-1,,false,false,false,AIR,AIR_01,true,false
MAIN_R0_01,56,1,1,false,false,true,false,12.03846,4.619444,5.333333,1.866665,false,false,-1,-1,-1,,false,false,false,AIR,AIR_01,true,false
MAIN_R0_01,57,1,1,false,false,true,false,12.13012,4.645,5.5,1.533332,false,false,-1,-1,-1,,false,false,false,AIR,AIR_01,true,false
MAIN_R0_01,58,1,1,false,false,true,false,12.22179,4.665,5.5,1.199999,false,false,-1,-1,-1,,false,false,false,AIR,AIR_01,true,false
MAIN_R0_01,59,1,1,false,false,true,false,12.31346,4.679444,5.5,0.866665,false,false,-1,-1,-1,,false,false,false,AIR,AIR_01,true,false
MAIN_R0_01,60,1,1,false,false,true,false,12.40512,4.688333,5.5,0.533332,false,false,-1,-1,-1,,false,false,false,AIR,AIR_01,true,false
MAIN_R0_01,61,-1,-1,false,false,true,false,12.48568,4.691666,4.833333,0.199999,false,false,-1,-1,-1,,false,false,false,AIR,AIR_01,true,false
MAIN_R0_01,62,-1,-1,false,false,true,false,12.55512,4.689444,4.166667,-0.133335,false,false,-1,-1,-1,,false,false,false,AIR,AIR_01,true,false
MAIN_R0_01,63,-1,-1,false,false,true,false,12.61346,4.68,3.5,-0.566668,false,false,-1,-1,-1,,false,false,false,AIR,AIR_01,true,false
MAIN_R0_01,64,-1,-1,false,false,true,false,12.66068,4.663333,2.833333,-1.000001,false,false,-1,-1,-1,,false,false,false,AIR,AIR_01,true,false
MAIN_R0_01,65,-1,-1,false,false,true,false,12.69679,4.639444,2.166667,-1.433335,false,false,-1,-1,-1,,false,false,false,AIR,AIR_01,true,false
MAIN_R0_01,66,-1,-1,false,false,true,false,12.72179,4.608333,1.5,-1.866668,false,false,-1,-1,-1,,false,false,false,AIR,AIR_01,true,false
MAIN_R0_01,67,-1,-1,false,false,true,false,12.73568,4.569999,0.833333,-2.300002,false,false,-1,-1,-1,,false,false,false,AIR,AIR_01,true,false
MAIN_R0_01,68,-1,-1,false,false,true,false,12.73846,4.524444,0.166667,-2.733335,false,false,-1,-1,-1,,false,false,false,AIR,AIR_01,true,false
MAIN_R0_01,69,-1,-1,false,false,true,false,12.7329,4.454444,-0.333333,0,true,false,-1,-1,-1,,false,false,false,SOLID,LINK_TARGET_01,true,false
MAIN_R0_01,70,0,0,false,false,false,false,12.7329,4.454444,0,0,true,true,-1,-1,-1,,false,false,false,SOLID,PASS_TARGET,true,false
MAIN_R0_02,0,0,0,false,false,false,false,13.5,4.46,0,0,false,false,-1,-1,-1,,false,false,false,AIR,START,true,false
MAIN_R0_02,1,0,0,false,false,false,false,13.5,4.455,0,0,true,false,-1,-1,-1,,false,false,false,SOLID,GROUND_SETTLE_02,true,false
MAIN_R0_02,2,1,1,false,false,false,false,13.50833,4.455,0.5,0,true,true,15,1.14,0.01,WALKABLE_FRONTIER_AND_GRAB_EXIT_V2,false,false,false,SOLID,EDGE_RUNUP_02,true,false
MAIN_R0_02,3,1,1,false,false,false,false,13.525,4.455,1,0,true,true,15,1.131667,0.018333,WALKABLE_FRONTIER_AND_GRAB_EXIT_V2,false,false,false,SOLID,EDGE_RUNUP_02,true,false
MAIN_R0_02,4,1,1,false,false,false,false,13.55,4.455,1.5,0,true,true,15,1.115001,0.026667,WALKABLE_FRONTIER_AND_GRAB_EXIT_V2,false,false,false,SOLID,EDGE_RUNUP_02,true,false
MAIN_R0_02,5,1,1,false,false,false,false,13.58333,4.455,2,0,true,true,15,1.090001,0.035,WALKABLE_FRONTIER_AND_GRAB_EXIT_V2,false,false,false,SOLID,EDGE_RUNUP_02,true,false
MAIN_R0_02,6,1,1,false,false,false,false,13.625,4.455,2.5,0,true,true,15,1.056667,0.043333,WALKABLE_FRONTIER_AND_GRAB_EXIT_V2,false,false,false,SOLID,EDGE_RUNUP_02,true,false
MAIN_R0_02,7,1,1,false,false,false,false,13.675,4.455,3,0,true,true,15,1.015,0.051667,WALKABLE_FRONTIER_AND_GRAB_EXIT_V2,false,false,false,SOLID,EDGE_RUNUP_02,true,false
MAIN_R0_02,8,1,1,false,false,false,false,13.73333,4.455,3.5,0,true,true,15,0.965,0.06,WALKABLE_FRONTIER_AND_GRAB_EXIT_V2,false,false,false,SOLID,EDGE_RUNUP_02,true,false
MAIN_R0_02,9,1,1,false,false,false,false,13.8,4.455,4,0,true,true,15,0.906667,0.068333,WALKABLE_FRONTIER_AND_GRAB_EXIT_V2,false,false,false,SOLID,EDGE_RUNUP_02,true,false
MAIN_R0_02,10,1,1,false,false,false,false,13.875,4.455,4.5,0,true,true,15,0.84,0.076667,WALKABLE_FRONTIER_AND_GRAB_EXIT_V2,false,false,false,SOLID,EDGE_RUNUP_02,true,false
MAIN_R0_02,11,1,1,false,false,false,false,13.95833,4.455,5,0,true,true,15,0.765,0.085,WALKABLE_FRONTIER_AND_GRAB_EXIT_V2,false,false,false,SOLID,EDGE_RUNUP_02,true,false
MAIN_R0_02,12,1,1,false,false,false,false,14.05,4.455,5.5,0,true,true,15,0.681667,0.093333,WALKABLE_FRONTIER_AND_GRAB_EXIT_V2,false,false,false,SOLID,EDGE_RUNUP_02,true,false
MAIN_R0_02,13,1,1,false,false,false,false,14.14167,4.455,5.5,0,true,true,15,0.590001,0.101667,WALKABLE_FRONTIER_AND_GRAB_EXIT_V2,false,false,false,SOLID,EDGE_RUNUP_02,true,false
MAIN_R0_02,14,1,1,false,false,false,false,14.23333,4.455,5.5,0,true,true,15,0.498335,0.101667,WALKABLE_FRONTIER_AND_GRAB_EXIT_V2,false,false,false,SOLID,EDGE_RUNUP_02,true,false
MAIN_R0_02,15,1,1,false,false,false,false,14.325,4.455,5.5,0,true,true,15,0.406669,0.101667,WALKABLE_FRONTIER_AND_GRAB_EXIT_V2,false,false,false,SOLID,EDGE_RUNUP_02,true,false
MAIN_R0_02,16,1,1,false,false,false,false,14.41666,4.455,5.5,0,true,true,15,0.315002,0.101667,WALKABLE_FRONTIER_AND_GRAB_EXIT_V2,false,false,false,SOLID,EDGE_RUNUP_02,true,false
MAIN_R0_02,17,1,1,false,false,false,false,14.50833,4.455,5.5,0,true,true,15,0.223336,0.101667,WALKABLE_FRONTIER_AND_GRAB_EXIT_V2,false,false,false,SOLID,EDGE_RUNUP_02,true,false
MAIN_R0_02,18,1,1,false,false,false,false,14.6,4.455,5.5,0,true,true,15,0.13167,0.101667,WALKABLE_FRONTIER_AND_GRAB_EXIT_V2,false,false,false,SOLID,EDGE_RUNUP_02,true,false
MAIN_R0_02,19,1,1,false,false,true,false,14.69166,4.569445,5.5,6.866666,false,true,15,0.040004,0.101667,WALKABLE_FRONTIER_AND_GRAB_EXIT_V2,false,false,false,AIR,JUMP_02,true,false
MAIN_R0_02,20,1,1,false,false,true,false,14.78333,4.678334,5.5,6.533333,false,false,-1,-1,-1,,false,false,false,AIR,AIR_02,true,false
MAIN_R0_02,21,1,1,false,false,true,false,14.875,4.781667,5.5,6.199999,false,false,-1,-1,-1,,false,false,false,AIR,AIR_02,true,false
MAIN_R0_02,22,1,1,false,false,true,false,14.96666,4.879445,5.5,5.866666,false,false,-1,-1,-1,,false,false,false,AIR,AIR_02,true,false
MAIN_R0_02,23,1,1,false,false,true,false,15.05833,4.971667,5.5,5.533332,false,false,-1,-1,-1,,false,false,false,AIR,AIR_02,true,false
MAIN_R0_02,24,1,1,false,false,true,false,15.14999,5.058334,5.5,5.199999,false,false,-1,-1,-1,,false,false,false,AIR,AIR_02,true,false
MAIN_R0_02,25,1,1,false,false,true,false,15.24166,5.139445,5.5,4.866665,false,false,-1,-1,-1,,false,false,false,AIR,AIR_02,true,false
MAIN_R0_02,26,1,1,false,false,true,false,15.33333,5.215,5.5,4.533332,false,false,-1,-1,-1,,false,false,false,AIR,AIR_02,true,false
MAIN_R0_02,27,1,1,false,false,true,false,15.42499,5.285,5.5,4.199998,false,false,-1,-1,-1,,false,false,false,AIR,AIR_02,true,false
MAIN_R0_02,28,1,1,false,false,true,false,15.51666,5.349445,5.5,3.866665,false,false,-1,-1,-1,,false,false,false,AIR,AIR_02,true,false
MAIN_R0_02,29,1,1,false,false,true,false,15.60833,5.408334,5.5,3.533332,false,false,-1,-1,-1,,false,false,false,AIR,AIR_02,true,false
MAIN_R0_02,30,1,1,false,false,true,false,15.69999,5.461667,5.5,3.199999,false,false,-1,-1,-1,,false,false,false,AIR,AIR_02,true,false
MAIN_R0_02,31,1,1,false,false,true,false,15.79166,5.509445,5.5,2.866665,false,false,-1,-1,-1,,false,false,false,AIR,AIR_02,true,false
MAIN_R0_02,32,1,1,false,false,true,false,15.88332,5.545,5.5,0,false,false,-1,-1,-1,,false,false,false,AIR,AIR_02,true,false
MAIN_R0_02,33,1,1,false,false,true,false,15.97499,5.537777,5.5,-0.433333,false,false,-1,-1,-1,,false,false,false,AIR,AIR_02,true,false
MAIN_R0_02,34,1,1,false,false,true,false,16.06666,5.523333,5.5,-0.866667,false,false,-1,-1,-1,,false,false,false,AIR,AIR_02,true,false
MAIN_R0_02,35,1,1,false,false,true,false,16.15832,5.455,5.5,0,true,false,-1,-1,-1,,false,false,false,TOP_ONLY,AIR_02,true,false
MAIN_R0_02,36,1,1,false,false,true,false,16.24999,5.455,5.5,0,true,true,-1,-1,-1,,false,false,false,TOP_ONLY,AIR_02,true,false
MAIN_R0_02,37,1,1,false,false,true,false,16.34166,5.455,5.5,0,true,true,-1,-1,-1,,false,false,false,TOP_ONLY,AIR_02,true,false
MAIN_R0_02,38,1,1,false,false,true,false,16.43332,5.455,5.5,0,true,true,-1,-1,-1,,false,false,false,TOP_ONLY,AIR_02,true,false
MAIN_R0_02,39,1,1,false,false,true,false,16.52499,5.455,5.5,0,true,true,-1,-1,-1,,false,false,false,TOP_ONLY,AIR_02,true,false
MAIN_R0_02,40,1,1,false,false,true,false,16.61666,5.455,5.5,0,true,true,-1,-1,-1,,false,false,false,TOP_ONLY,AIR_02,true,false
MAIN_R0_02,41,1,1,false,false,true,false,16.70833,5.455,5.5,0,true,true,-1,-1,-1,,false,false,false,TOP_ONLY,LINK_TARGET_02,true,false
MAIN_R0_02,42,0,0,false,false,false,false,16.78888,5.455,4.833333,0,true,true,-1,-1,-1,,false,false,false,TOP_ONLY,PASS_TARGET,true,false
MAIN_R0_03,0,0,0,false,false,false,false,18.5,5.46,0,0,false,false,-1,-1,-1,,false,false,false,AIR,START,true,false
MAIN_R0_03,1,0,0,false,false,false,false,18.5,5.455,0,0,true,false,-1,-1,-1,,false,false,false,TOP_ONLY,GROUND_SETTLE_03,true,false
MAIN_R0_03,2,1,1,false,false,false,false,18.50833,5.455,0.5,0,true,true,-1,-1,-1,,false,false,false,TOP_ONLY,GRAB_APPROACH_STAGE_03,true,false
MAIN_R0_03,3,1,1,false,false,false,false,18.525,5.455,1,0,true,true,-1,-1,-1,,false,false,false,TOP_ONLY,GRAB_APPROACH_STAGE_03,true,false
MAIN_R0_03,4,1,1,false,false,false,false,18.55,5.455,1.5,0,true,true,-1,-1,-1,,false,false,false,TOP_ONLY,GRAB_APPROACH_STAGE_03,true,false
MAIN_R0_03,5,1,1,false,false,false,false,18.58333,5.455,2,0,true,true,-1,-1,-1,,false,false,false,TOP_ONLY,GRAB_APPROACH_STAGE_03,true,false
MAIN_R0_03,6,1,1,false,false,false,false,18.625,5.455,2.5,0,true,true,-1,-1,-1,,false,false,false,TOP_ONLY,GRAB_APPROACH_STAGE_03,true,false
MAIN_R0_03,7,1,1,false,false,false,false,18.675,5.455,3,0,true,true,-1,-1,-1,,false,false,false,TOP_ONLY,GRAB_APPROACH_STAGE_03,true,false
MAIN_R0_03,8,1,1,false,false,false,false,18.73333,5.455,3.5,0,true,true,-1,-1,-1,,false,false,false,TOP_ONLY,GRAB_APPROACH_STAGE_03,true,false
MAIN_R0_03,9,1,1,false,false,false,false,18.8,5.455,4,0,true,true,-1,-1,-1,,false,false,false,TOP_ONLY,GRAB_APPROACH_STAGE_03,true,false
MAIN_R0_03,10,1,1,false,false,false,false,18.875,5.455,4.5,0,true,true,-1,-1,-1,,false,false,false,TOP_ONLY,GRAB_APPROACH_STAGE_03,true,false
MAIN_R0_03,11,1,1,false,false,false,false,18.95833,5.455,5,0,true,true,-1,-1,-1,,false,false,false,TOP_ONLY,GRAB_APPROACH_STAGE_03,true,false
MAIN_R0_03,12,1,1,false,false,false,false,19.05,5.455,5.5,0,true,true,-1,-1,-1,,false,false,false,TOP_ONLY,GRAB_APPROACH_STAGE_03,true,false
MAIN_R0_03,13,1,1,false,false,false,false,19.14167,5.455,5.5,0,true,true,-1,-1,-1,,false,false,false,TOP_ONLY,GRAB_APPROACH_STAGE_03,true,false
MAIN_R0_03,14,1,1,false,false,false,false,19.23333,5.455,5.5,0,true,true,-1,-1,-1,,false,false,false,TOP_ONLY,GRAB_APPROACH_STAGE_03,true,false
MAIN_R0_03,15,-1,-1,false,false,false,false,19.31667,5.455,5,0,true,true,-1,-1,-1,,false,false,false,TOP_ONLY,GRAB_APPROACH_STAGE_03,true,false
MAIN_R0_03,16,-1,-1,false,false,false,false,19.39167,5.455,4.5,0,true,true,-1,-1,-1,,false,false,false,TOP_ONLY,GRAB_APPROACH_STAGE_03,true,false
MAIN_R0_03,17,-1,-1,false,false,false,false,19.45834,5.455,4,0,true,true,-1,-1,-1,,false,false,false,TOP_ONLY,GRAB_APPROACH_STAGE_03,true,false
MAIN_R0_03,18,-1,-1,false,false,false,false,19.51667,5.455,3.5,0,true,true,-1,-1,-1,,false,false,false,TOP_ONLY,GRAB_APPROACH_STAGE_03,true,false
MAIN_R0_03,19,-1,-1,false,false,false,false,19.56667,5.455,3,0,true,true,-1,-1,-1,,false,false,false,TOP_ONLY,GRAB_APPROACH_STAGE_03,true,false
MAIN_R0_03,20,-1,-1,false,false,false,false,19.60833,5.455,2.5,0,true,true,-1,-1,-1,,false,false,false,TOP_ONLY,GRAB_APPROACH_STAGE_03,true,false
MAIN_R0_03,21,-1,-1,false,false,false,false,19.64167,5.455,2,0,true,true,-1,-1,-1,,false,false,false,TOP_ONLY,GRAB_APPROACH_STAGE_03,true,false
MAIN_R0_03,22,-1,-1,false,false,false,false,19.66667,5.455,1.5,0,true,true,-1,-1,-1,,false,false,false,TOP_ONLY,GRAB_APPROACH_STAGE_03,true,false
MAIN_R0_03,23,-1,-1,false,false,false,false,19.68333,5.455,1,0,true,true,-1,-1,-1,,false,false,false,TOP_ONLY,GRAB_APPROACH_STAGE_03,true,false
MAIN_R0_03,24,-1,-1,false,false,false,false,19.69167,5.455,0.5,0,true,true,-1,-1,-1,,false,false,false,TOP_ONLY,GRAB_APPROACH_STAGE_03,true,false
MAIN_R0_03,25,-1,-1,false,false,false,false,19.69167,5.455,0,0,true,true,-1,-1,-1,,false,false,false,TOP_ONLY,GRAB_APPROACH_STAGE_03,true,false
MAIN_R0_03,26,-1,-1,false,false,false,false,19.68333,5.455,-0.5,0,true,true,-1,-1,-1,,false,false,false,TOP_ONLY,GRAB_APPROACH_STAGE_03,true,false
MAIN_R0_03,27,-1,-1,false,false,false,false,19.66667,5.455,-1,0,true,true,-1,-1,-1,,false,false,false,TOP_ONLY,GRAB_APPROACH_STAGE_03,true,false
MAIN_R0_03,28,-1,-1,false,false,false,false,19.64167,5.455,-1.5,0,true,true,-1,-1,-1,,false,false,false,TOP_ONLY,GRAB_APPROACH_STAGE_03,true,false
MAIN_R0_03,29,-1,-1,false,false,false,false,19.60833,5.455,-2,0,true,true,-1,-1,-1,,false,false,false,TOP_ONLY,GRAB_APPROACH_STAGE_03,true,false
MAIN_R0_03,30,0,0,false,false,false,false,19.58611,5.455,-1.333333,0,true,true,-1,-1,-1,,false,false,false,TOP_ONLY,GRAB_APPROACH_STAGE_03,true,false
MAIN_R0_03,31,0,0,false,false,false,false,19.575,5.455,-0.666667,0,true,true,-1,-1,-1,,false,false,false,TOP_ONLY,GRAB_APPROACH_STAGE_03,true,false
MAIN_R0_03,32,0,0,false,false,false,false,19.575,5.455,0,0,true,true,-1,-1,-1,,false,false,false,TOP_ONLY,GRAB_APPROACH_STAGE_03,true,false
MAIN_R0_03,33,-1,-1,false,false,false,false,19.56667,5.455,-0.5,0,true,true,18.88334,0.691666,0.018333,TERMINAL_SOLID_DESCENDING_GRAB_APPROACH_V1,false,false,false,TOP_ONLY,GRAB_APPROACH_RUNUP,true,false
MAIN_R0_03,34,-1,-1,false,false,false,false,19.55,5.455,-1,0,true,true,18.88334,0.683332,0.018333,TERMINAL_SOLID_DESCENDING_GRAB_APPROACH_V1,false,false,false,TOP_ONLY,GRAB_APPROACH_RUNUP,true,false
MAIN_R0_03,35,-1,-1,false,false,false,false,19.525,5.455,-1.5,0,true,true,18.88334,0.666666,0.026667,TERMINAL_SOLID_DESCENDING_GRAB_APPROACH_V1,false,false,false,TOP_ONLY,GRAB_APPROACH_RUNUP,true,false
MAIN_R0_03,36,-1,-1,false,false,false,false,19.49167,5.455,-2,0,true,true,18.88334,0.641666,0.035,TERMINAL_SOLID_DESCENDING_GRAB_APPROACH_V1,false,false,false,TOP_ONLY,GRAB_APPROACH_RUNUP,true,false
MAIN_R0_03,37,-1,-1,false,false,false,false,19.45,5.455,-2.5,0,true,true,18.88334,0.608334,0.043333,TERMINAL_SOLID_DESCENDING_GRAB_APPROACH_V1,false,false,false,TOP_ONLY,GRAB_APPROACH_RUNUP,true,false
MAIN_R0_03,38,-1,-1,false,false,false,false,19.4,5.455,-3,0,true,true,18.88334,0.566668,0.051667,TERMINAL_SOLID_DESCENDING_GRAB_APPROACH_V1,false,false,false,TOP_ONLY,GRAB_APPROACH_RUNUP,true,false
MAIN_R0_03,39,-1,-1,false,false,false,false,19.34167,5.455,-3.5,0,true,true,18.88334,0.516668,0.06,TERMINAL_SOLID_DESCENDING_GRAB_APPROACH_V1,false,false,false,TOP_ONLY,GRAB_APPROACH_RUNUP,true,false
MAIN_R0_03,40,-1,-1,false,false,false,false,19.275,5.455,-4,0,true,true,18.88334,0.458336,0.068333,TERMINAL_SOLID_DESCENDING_GRAB_APPROACH_V1,false,false,false,TOP_ONLY,GRAB_APPROACH_RUNUP,true,false
MAIN_R0_03,41,-1,-1,false,false,false,false,19.2,5.455,-4.5,0,true,true,18.88334,0.391668,0.076667,TERMINAL_SOLID_DESCENDING_GRAB_APPROACH_V1,false,false,false,TOP_ONLY,GRAB_APPROACH_RUNUP,true,false
MAIN_R0_03,42,-1,-1,false,false,false,false,19.11667,5.455,-5,0,true,true,18.88334,0.316668,0.085,TERMINAL_SOLID_DESCENDING_GRAB_APPROACH_V1,false,false,false,TOP_ONLY,GRAB_APPROACH_RUNUP,true,false
MAIN_R0_03,43,-1,-1,false,false,false,false,19.025,5.455,-5.5,0,true,true,18.88334,0.233334,0.093333,TERMINAL_SOLID_DESCENDING_GRAB_APPROACH_V1,false,false,false,TOP_ONLY,GRAB_APPROACH_RUNUP,true,false
MAIN_R0_03,44,-1,-1,false,false,false,false,18.93333,5.455,-5.5,0,true,true,18.88334,0.141666,0.101667,TERMINAL_SOLID_DESCENDING_GRAB_APPROACH_V1,false,false,false,TOP_ONLY,GRAB_APPROACH_RUNUP,true,false
MAIN_R0_03,45,-1,-1,false,false,true,false,18.84167,5.569445,-5.5,6.866666,false,true,18.88334,0.049999,0.101667,TERMINAL_SOLID_DESCENDING_GRAB_APPROACH_V1,false,false,false,AIR,GRAB_APPROACH_JUMP,true,false
MAIN_R0_03,46,-1,-1,false,false,true,false,18.75,5.678334,-5.5,6.533333,false,false,-1,-1,-1,,false,false,false,AIR,AIR_03,true,false
MAIN_R0_03,47,-1,-1,false,false,true,false,18.65833,5.781667,-5.5,6.199999,false,false,-1,-1,-1,,false,false,false,AIR,AIR_03,true,false
MAIN_R0_03,48,-1,-1,false,false,true,false,18.56667,5.879445,-5.5,5.866666,false,false,-1,-1,-1,,false,false,false,AIR,AIR_03,true,false
MAIN_R0_03,49,-1,-1,false,false,true,false,18.475,5.971667,-5.5,5.533332,false,false,-1,-1,-1,,false,false,false,AIR,AIR_03,true,false
MAIN_R0_03,50,-1,-1,false,false,true,false,18.38333,6.058334,-5.5,5.199999,false,false,-1,-1,-1,,false,false,false,AIR,AIR_03,true,false
MAIN_R0_03,51,-1,-1,false,false,true,false,18.29166,6.139445,-5.5,4.866665,false,false,-1,-1,-1,,false,false,false,AIR,AIR_03,true,false
MAIN_R0_03,52,-1,-1,false,false,true,false,18.2,6.215,-5.5,4.533332,false,false,-1,-1,-1,,false,false,false,AIR,AIR_03,true,false
MAIN_R0_03,53,-1,-1,false,false,true,false,18.10833,6.285,-5.5,4.199998,false,false,-1,-1,-1,,false,false,false,AIR,AIR_03,true,false
MAIN_R0_03,54,-1,-1,false,false,true,false,18.01666,6.349445,-5.5,3.866665,false,false,-1,-1,-1,,false,false,false,AIR,AIR_03,true,false
MAIN_R0_03,55,-1,-1,false,false,true,false,17.925,6.408334,-5.5,3.533332,false,false,-1,-1,-1,,false,false,false,AIR,AIR_03,true,false
MAIN_R0_03,56,-1,-1,false,false,true,false,17.83333,6.461667,-5.5,3.199999,false,false,-1,-1,-1,,false,false,false,AIR,AIR_03,true,false
MAIN_R0_03,57,-1,-1,false,false,true,false,17.74166,6.509445,-5.5,2.866665,false,false,-1,-1,-1,,false,false,false,AIR,AIR_03,true,false
MAIN_R0_03,58,-1,-1,false,false,true,false,17.64999,6.551667,-5.5,2.533332,false,false,-1,-1,-1,,false,false,false,AIR,AIR_03,true,false
MAIN_R0_03,59,-1,-1,false,false,true,false,17.55833,6.588334,-5.5,2.199999,false,false,-1,-1,-1,,false,false,false,AIR,AIR_03,true,false
MAIN_R0_03,60,-1,-1,false,false,true,false,17.46666,6.619445,-5.5,1.866665,false,false,-1,-1,-1,,false,false,false,AIR,AIR_03,true,false
MAIN_R0_03,61,-1,-1,false,false,true,false,17.37499,6.645,-5.5,1.533332,false,false,-1,-1,-1,,false,false,false,AIR,AIR_03,true,false
MAIN_R0_03,62,-1,-1,false,false,true,false,17.28333,6.665,-5.5,1.199999,false,false,-1,-1,-1,,false,false,false,AIR,AIR_03,true,false
MAIN_R0_03,63,-1,-1,false,false,true,false,17.19166,6.679445,-5.5,0.866665,false,false,-1,-1,-1,,false,false,false,AIR,AIR_03,true,false
MAIN_R0_03,64,-1,-1,false,false,true,false,17.09999,6.688334,-5.5,0.533332,false,false,-1,-1,-1,,false,false,false,AIR,AIR_03,true,false
MAIN_R0_03,65,-1,-1,false,false,true,false,17.00832,6.691667,-5.5,0.199999,false,false,-1,-1,-1,,false,false,false,AIR,AIR_03,true,false
MAIN_R0_03,66,-1,-1,false,false,true,false,16.91666,6.689445,-5.5,-0.133335,false,false,-1,-1,-1,,false,false,false,AIR,AIR_03,true,false
MAIN_R0_03,67,-1,-1,false,false,true,false,16.82499,6.68,-5.5,-0.566668,false,false,-1,-1,-1,,false,false,false,AIR,AIR_03,true,false
MAIN_R0_03,68,-1,-1,false,false,true,false,16.73332,6.663333,-5.5,-1.000001,false,false,-1,-1,-1,,false,false,false,AIR,AIR_03,true,false
MAIN_R0_03,69,-1,-1,false,false,true,false,16.64165,6.639444,-5.5,-1.433335,false,false,-1,-1,-1,,false,false,false,AIR,AIR_03,true,false
MAIN_R0_03,70,-1,-1,false,false,true,false,16.38,6.38,0,0,false,false,-1,-1,-1,,true,false,false,GRAB_SAFE_SOLID,GRAB_ENTER,true,false
MAIN_R0_03,71,0,0,false,false,false,false,16.38,6.38,0,0,false,false,-1,-1,-1,,true,false,false,GRAB_SAFE_SOLID,GRAB_HOLD,true,false
MAIN_R0_03,72,-1,-1,false,false,true,false,16.36889,6.494444,-0.666667,6.866666,false,false,-1,-1,-1,,false,false,false,AIR,GRAB_SPACE_EXIT,true,false
MAIN_R0_03,73,-1,-1,false,false,true,false,16.365,6.603333,0,6.533333,false,false,-1,-1,-1,,false,false,false,AIR,GRAB_EXIT,true,false
MAIN_R0_03,74,-1,-1,false,false,true,false,16.36444,6.706667,0,6.199999,false,false,-1,-1,-1,,false,false,false,AIR,AIR_03,true,false
MAIN_R0_03,75,-1,-1,false,false,true,false,16.36389,6.804445,0,5.866666,false,false,-1,-1,-1,,false,false,false,AIR,AIR_03,true,false
MAIN_R0_03,76,-1,-1,false,false,true,false,16.36389,6.896667,0,5.533332,false,false,-1,-1,-1,,false,false,false,AIR,AIR_03,true,false
MAIN_R0_03,77,-1,-1,false,false,true,false,16.36389,6.983334,0,5.199999,false,false,-1,-1,-1,,false,false,false,AIR,AIR_03,true,false
MAIN_R0_03,78,-1,-1,false,false,true,false,16.36389,7.064445,0,4.866665,false,false,-1,-1,-1,,false,false,false,AIR,AIR_03,true,false
MAIN_R0_03,79,-1,-1,false,false,true,false,16.36389,7.14,0,4.533332,false,false,-1,-1,-1,,false,false,false,AIR,AIR_03,true,false
MAIN_R0_03,80,-1,-1,false,false,true,false,16.36147,7.21,0,4.199998,false,false,-1,-1,-1,,false,false,false,AIR,AIR_03,true,false
MAIN_R0_03,81,-1,-1,false,false,true,false,16.35036,7.274445,-0.666667,3.866665,false,false,-1,-1,-1,,false,false,false,AIR,AIR_03,true,false
MAIN_R0_03,82,-1,-1,false,false,true,false,16.32813,7.333333,-1.333333,3.533332,false,false,-1,-1,-1,,false,false,false,AIR,AIR_03,true,false
MAIN_R0_03,83,-1,-1,false,false,true,false,16.2948,7.386667,-2,3.199999,false,false,-1,-1,-1,,false,false,false,AIR,AIR_03,true,false
MAIN_R0_03,84,-1,-1,false,false,true,false,16.25035,7.434444,-2.666667,2.866665,false,false,-1,-1,-1,,false,false,false,AIR,AIR_03,true,false
MAIN_R0_03,85,-1,-1,false,false,true,false,16.1948,7.476666,-3.333333,2.533332,false,false,-1,-1,-1,,false,false,false,AIR,AIR_03,true,false
MAIN_R0_03,86,-1,-1,false,false,true,false,16.12813,7.513333,-4,2.199999,false,false,-1,-1,-1,,false,false,false,AIR,AIR_03,true,false
MAIN_R0_03,87,-1,-1,false,false,true,false,16.05035,7.544445,-4.666667,1.866665,false,false,-1,-1,-1,,false,false,false,AIR,AIR_03,true,false
MAIN_R0_03,88,-1,-1,false,false,true,false,15.96146,7.57,-5.333333,1.533332,false,false,-1,-1,-1,,false,false,false,AIR,AIR_03,true,false
MAIN_R0_03,89,-1,-1,false,false,true,false,15.8698,7.59,-5.5,1.199999,false,false,-1,-1,-1,,false,false,false,AIR,AIR_03,true,false
MAIN_R0_03,90,-1,-1,false,false,true,false,15.77813,7.604445,-5.5,0.866665,false,false,-1,-1,-1,,false,false,false,AIR,AIR_03,true,false
MAIN_R0_03,91,-1,-1,false,false,true,false,15.68647,7.613333,-5.5,0.533332,false,false,-1,-1,-1,,false,false,false,AIR,AIR_03,true,false
MAIN_R0_03,92,-1,-1,false,false,true,false,15.5948,7.616666,-5.5,0.199999,false,false,-1,-1,-1,,false,false,false,AIR,AIR_03,true,false
MAIN_R0_03,93,1,1,false,false,true,false,15.51424,7.614444,-4.833333,-0.133335,false,false,-1,-1,-1,,false,false,false,AIR,AIR_03,true,false
MAIN_R0_03,94,1,1,false,false,true,false,15.4448,7.605,-4.166667,-0.566668,false,false,-1,-1,-1,,false,false,false,AIR,AIR_03,true,false
MAIN_R0_03,95,1,1,false,false,true,false,15.38647,7.588333,-3.5,-1.000001,false,false,-1,-1,-1,,false,false,false,AIR,AIR_03,true,false
MAIN_R0_03,96,1,1,false,false,true,false,15.33924,7.564444,-2.833333,-1.433335,false,false,-1,-1,-1,,false,false,false,AIR,AIR_03,true,false
MAIN_R0_03,97,1,1,false,false,true,false,15.30313,7.533333,-2.166667,-1.866668,false,false,-1,-1,-1,,false,false,false,AIR,AIR_03,true,false
MAIN_R0_03,98,1,1,false,false,true,false,15.27813,7.494999,-1.5,-2.300002,false,false,-1,-1,-1,,false,false,false,AIR,AIR_03,true,false
MAIN_R0_03,99,1,1,false,false,true,false,15.26147,7.455,-1,0,true,false,-1,-1,-1,,false,false,false,SOLID,LINK_TARGET_03,true,false
MAIN_R0_03,100,0,0,false,false,false,false,15.25591,7.455,-0.333333,0,true,true,-1,-1,-1,,false,false,false,SOLID,PASS_TARGET,true,false
MAIN_R0_04,0,0,0,false,false,false,false,14.5,7.46,0,0,false,false,-1,-1,-1,,false,false,false,AIR,START,true,false
MAIN_R0_04,1,0,0,false,false,false,false,14.5,7.455,0,0,true,false,-1,-1,-1,,false,false,false,TOP_ONLY,GROUND_SETTLE_04,true,false
MAIN_R0_04,2,-1,-1,false,false,false,false,14.49167,7.455,-0.5,0,true,true,14,0.14,0.01,WALKABLE_FRONTIER_AND_GRAB_EXIT_V2,false,false,false,TOP_ONLY,EDGE_RUNUP_04,true,false
MAIN_R0_04,3,-1,-1,false,false,false,false,14.475,7.455,-1,0,true,true,14,0.131667,0.018333,WALKABLE_FRONTIER_AND_GRAB_EXIT_V2,false,false,false,TOP_ONLY,EDGE_RUNUP_04,true,false
MAIN_R0_04,4,-1,-1,false,false,false,false,14.45,7.455,-1.5,0,true,true,14,0.115001,0.026667,WALKABLE_FRONTIER_AND_GRAB_EXIT_V2,false,false,false,TOP_ONLY,EDGE_RUNUP_04,true,false
MAIN_R0_04,5,-1,-1,false,false,false,false,14.41667,7.455,-2,0,true,true,14,0.090001,0.035,WALKABLE_FRONTIER_AND_GRAB_EXIT_V2,false,false,false,TOP_ONLY,EDGE_RUNUP_04,true,false
MAIN_R0_04,6,-1,-1,false,false,false,false,14.375,7.455,-2.5,0,true,true,14,0.056667,0.043333,WALKABLE_FRONTIER_AND_GRAB_EXIT_V2,false,false,false,TOP_ONLY,EDGE_RUNUP_04,true,false
MAIN_R0_04,7,-1,-1,false,false,true,false,14.32222,7.569445,-3.166667,6.866666,false,true,14,0.015,0.051667,WALKABLE_FRONTIER_AND_GRAB_EXIT_V2,false,false,false,AIR,JUMP_04,true,false
MAIN_R0_04,8,-1,-1,false,false,true,false,14.25833,7.678334,-3.833333,6.533333,false,false,-1,-1,-1,,false,false,false,AIR,AIR_04,true,false
MAIN_R0_04,9,-1,-1,false,false,true,false,14.18333,7.781667,-4.5,6.199999,false,false,-1,-1,-1,,false,false,false,AIR,AIR_04,true,false
MAIN_R0_04,10,-1,-1,false,false,true,false,14.09722,7.879445,-5.166667,5.866666,false,false,-1,-1,-1,,false,false,false,AIR,AIR_04,true,false
MAIN_R0_04,11,-1,-1,false,false,true,false,14.00556,7.971667,-5.5,5.533332,false,false,-1,-1,-1,,false,false,false,AIR,AIR_04,true,false
MAIN_R0_04,12,-1,-1,false,false,true,false,13.91389,8.058334,-5.5,5.199999,false,false,-1,-1,-1,,false,false,false,AIR,AIR_04,true,false
MAIN_R0_04,13,-1,-1,false,false,true,false,13.82222,8.139445,-5.5,4.866665,false,false,-1,-1,-1,,false,false,false,AIR,AIR_04,true,false
MAIN_R0_04,14,-1,-1,false,false,true,false,13.73056,8.215001,-5.5,4.533332,false,false,-1,-1,-1,,false,false,false,AIR,AIR_04,true,false
MAIN_R0_04,15,-1,-1,false,false,true,false,13.63889,8.285001,-5.5,4.199998,false,false,-1,-1,-1,,false,false,false,AIR,AIR_04,true,false
MAIN_R0_04,16,-1,-1,false,false,true,false,13.54722,8.349445,-5.5,3.866665,false,false,-1,-1,-1,,false,false,false,AIR,AIR_04,true,false
MAIN_R0_04,17,-1,-1,false,false,true,false,13.45556,8.408334,-5.5,3.533332,false,false,-1,-1,-1,,false,false,false,AIR,AIR_04,true,false
MAIN_R0_04,18,-1,-1,false,false,true,false,13.36389,8.461667,-5.5,3.199999,false,false,-1,-1,-1,,false,false,false,AIR,AIR_04,true,false
MAIN_R0_04,19,-1,-1,false,false,true,false,13.27223,8.509445,-5.5,2.866665,false,false,-1,-1,-1,,false,false,false,AIR,AIR_04,true,false
MAIN_R0_04,20,-1,-1,false,false,true,false,13.18056,8.551667,-5.5,2.533332,false,false,-1,-1,-1,,false,false,false,AIR,AIR_04,true,false
MAIN_R0_04,21,-1,-1,false,false,true,false,13.08889,8.588334,-5.5,2.199999,false,false,-1,-1,-1,,false,false,false,AIR,AIR_04,true,false
MAIN_R0_04,22,-1,-1,false,false,true,false,12.99723,8.619445,-5.5,1.866665,false,false,-1,-1,-1,,false,false,false,AIR,AIR_04,true,false
MAIN_R0_04,23,-1,-1,false,false,true,false,12.90556,8.645,-5.5,1.533332,false,false,-1,-1,-1,,false,false,false,AIR,AIR_04,true,false
MAIN_R0_04,24,-1,-1,false,false,true,false,12.8139,8.665,-5.5,1.199999,false,false,-1,-1,-1,,false,false,false,AIR,AIR_04,true,false
MAIN_R0_04,25,-1,-1,false,false,true,false,12.72223,8.679444,-5.5,0.866665,false,false,-1,-1,-1,,false,false,false,AIR,AIR_04,true,false
MAIN_R0_04,26,-1,-1,false,false,true,false,12.63056,8.688334,-5.5,0.533332,false,false,-1,-1,-1,,false,false,false,AIR,AIR_04,true,false
MAIN_R0_04,27,-1,-1,false,false,true,false,12.5389,8.691667,-5.5,0.199999,false,false,-1,-1,-1,,false,false,false,AIR,AIR_04,true,false
MAIN_R0_04,28,-1,-1,false,false,true,false,12.44723,8.689445,-5.5,-0.133335,false,false,-1,-1,-1,,false,false,false,AIR,AIR_04,true,false
MAIN_R0_04,29,-1,-1,false,false,true,false,12.35556,8.68,-5.5,-0.566668,false,false,-1,-1,-1,,false,false,false,AIR,AIR_04,true,false
MAIN_R0_04,30,-1,-1,false,false,true,false,12.2639,8.663334,-5.5,-1.000001,false,false,-1,-1,-1,,false,false,false,AIR,AIR_04,true,false
MAIN_R0_04,31,-1,-1,false,false,true,false,12.17223,8.639445,-5.5,-1.433335,false,false,-1,-1,-1,,false,false,false,AIR,AIR_04,true,false
MAIN_R0_04,32,-1,-1,false,false,true,false,12.08057,8.608335,-5.5,-1.866668,false,false,-1,-1,-1,,false,false,false,AIR,AIR_04,true,false
MAIN_R0_04,33,-1,-1,false,false,true,false,11.9889,8.570002,-5.5,-2.300002,false,false,-1,-1,-1,,false,false,false,AIR,AIR_04,true,false
MAIN_R0_04,34,-1,-1,false,false,true,false,11.89723,8.524446,-5.5,-2.733335,false,false,-1,-1,-1,,false,false,false,AIR,AIR_04,true,false
MAIN_R0_04,35,-1,-1,false,false,true,false,11.80557,8.471668,-5.5,-3.166668,false,false,-1,-1,-1,,false,false,false,AIR,AIR_04,true,false
MAIN_R0_04,36,-1,-1,false,false,true,false,11.7139,8.411668,-5.5,-3.600002,false,false,-1,-1,-1,,false,false,false,AIR,AIR_04,true,false
MAIN_R0_04,37,-1,-1,false,false,true,false,11.62223,8.344445,-5.5,-4.033335,false,false,-1,-1,-1,,false,false,false,AIR,AIR_04,true,false
MAIN_R0_04,38,1,1,false,false,true,false,11.54168,8.27,-4.833333,-4.466669,false,false,-1,-1,-1,,false,false,false,AIR,AIR_04,true,false
MAIN_R0_04,39,1,1,false,false,true,false,11.47223,8.188334,-4.166667,-4.900002,false,false,-1,-1,-1,,false,false,false,AIR,AIR_04,true,false
MAIN_R0_04,40,1,1,false,false,true,false,11.4139,8.099444,-3.5,-5.333335,false,false,-1,-1,-1,,false,false,false,AIR,AIR_04,true,false
MAIN_R0_04,41,1,1,false,false,true,false,11.36668,8.003333,-2.833333,-5.766669,false,false,-1,-1,-1,,false,false,false,AIR,AIR_04,true,false
MAIN_R0_04,42,1,1,false,false,true,false,11.33057,7.9,-2.166667,-6.200002,false,false,-1,-1,-1,,false,false,false,AIR,AIR_04,true,false
MAIN_R0_04,43,1,1,false,false,true,false,11.30557,7.789444,-1.5,-6.633336,false,false,-1,-1,-1,,false,false,false,AIR,AIR_04,true,false
MAIN_R0_04,44,1,1,false,false,true,false,11.29168,7.671666,-0.833333,-7.066669,false,false,-1,-1,-1,,false,false,false,AIR,AIR_04,true,false
MAIN_R0_04,45,1,1,false,false,true,false,11.2889,7.546666,-0.166667,-7.500002,false,false,-1,-1,-1,,false,false,false,AIR,AIR_04,true,false
MAIN_R0_04,46,1,1,false,false,true,false,11.29723,7.455,0.5,0,false,false,-1,-1,-1,,false,false,false,AIR,AIR_04,true,false
MAIN_R0_04,47,1,1,false,false,true,false,11.3139,7.455,1,0,true,false,-1,-1,-1,,false,false,false,TOP_ONLY,LINK_TARGET_04,true,false
MAIN_R0_04,48,0,0,false,false,false,false,11.31946,7.455,0.333333,0,true,true,-1,-1,-1,,false,false,false,TOP_ONLY,PASS_TARGET,true,false
MAIN_R0_05,0,0,0,false,false,false,false,9.5,7.46,0,0,false,false,-1,-1,-1,,false,false,false,AIR,START,true,false
MAIN_R0_05,1,0,0,false,false,false,false,9.5,7.455,0,0,true,false,-1,-1,-1,,false,false,false,TOP_ONLY,GROUND_SETTLE_05,true,false
MAIN_R0_05,2,-1,-1,false,false,false,false,9.491667,7.455,-0.5,0,true,true,9,0.14,0.01,WALKABLE_FRONTIER_AND_GRAB_EXIT_V2,false,false,false,TOP_ONLY,EDGE_RUNUP_05,true,false
MAIN_R0_05,3,-1,-1,false,false,false,false,9.475,7.455,-1,0,true,true,9,0.131667,0.018333,WALKABLE_FRONTIER_AND_GRAB_EXIT_V2,false,false,false,TOP_ONLY,EDGE_RUNUP_05,true,false
MAIN_R0_05,4,-1,-1,false,false,false,false,9.450001,7.455,-1.5,0,true,true,9,0.115001,0.026667,WALKABLE_FRONTIER_AND_GRAB_EXIT_V2,false,false,false,TOP_ONLY,EDGE_RUNUP_05,true,false
MAIN_R0_05,5,-1,-1,false,false,false,false,9.416667,7.455,-2,0,true,true,9,0.090001,0.035,WALKABLE_FRONTIER_AND_GRAB_EXIT_V2,false,false,false,TOP_ONLY,EDGE_RUNUP_05,true,false
MAIN_R0_05,6,-1,-1,false,false,false,false,9.375,7.455,-2.5,0,true,true,9,0.056667,0.043333,WALKABLE_FRONTIER_AND_GRAB_EXIT_V2,false,false,false,TOP_ONLY,EDGE_RUNUP_05,true,false
MAIN_R0_05,7,-1,-1,false,false,true,false,9.322222,7.569445,-3.166667,6.866666,false,true,9,0.015,0.051667,WALKABLE_FRONTIER_AND_GRAB_EXIT_V2,false,false,false,AIR,JUMP_05,true,false
MAIN_R0_05,8,-1,-1,false,false,true,false,9.258333,7.678334,-3.833333,6.533333,false,false,-1,-1,-1,,false,false,false,AIR,AIR_05,true,false
MAIN_R0_05,9,-1,-1,false,false,true,false,9.183333,7.781667,-4.5,6.199999,false,false,-1,-1,-1,,false,false,false,AIR,AIR_05,true,false
MAIN_R0_05,10,-1,-1,false,false,true,false,9.097222,7.879445,-5.166667,5.866666,false,false,-1,-1,-1,,false,false,false,AIR,AIR_05,true,false
MAIN_R0_05,11,-1,-1,false,false,true,false,9.005556,7.971667,-5.5,5.533332,false,false,-1,-1,-1,,false,false,false,AIR,AIR_05,true,false
MAIN_R0_05,12,-1,-1,false,false,true,false,8.91389,8.058334,-5.5,5.199999,false,false,-1,-1,-1,,false,false,false,AIR,AIR_05,true,false
MAIN_R0_05,13,-1,-1,false,false,true,false,8.822224,8.139445,-5.5,4.866665,false,false,-1,-1,-1,,false,false,false,AIR,AIR_05,true,false
MAIN_R0_05,14,-1,-1,false,false,true,false,8.730557,8.215001,-5.5,4.533332,false,false,-1,-1,-1,,false,false,false,AIR,AIR_05,true,false
MAIN_R0_05,15,-1,-1,false,false,true,false,8.638891,8.285001,-5.5,4.199998,false,false,-1,-1,-1,,false,false,false,AIR,AIR_05,true,false
MAIN_R0_05,16,-1,-1,false,false,true,false,8.547225,8.349445,-5.5,3.866665,false,false,-1,-1,-1,,false,false,false,AIR,AIR_05,true,false
MAIN_R0_05,17,-1,-1,false,false,true,false,8.455559,8.408334,-5.5,3.533332,false,false,-1,-1,-1,,false,false,false,AIR,AIR_05,true,false
MAIN_R0_05,18,-1,-1,false,false,true,false,8.363893,8.461667,-5.5,3.199999,false,false,-1,-1,-1,,false,false,false,AIR,AIR_05,true,false
MAIN_R0_05,19,-1,-1,false,false,true,false,8.272226,8.509445,-5.5,2.866665,false,false,-1,-1,-1,,false,false,false,AIR,AIR_05,true,false
MAIN_R0_05,20,-1,-1,false,false,true,false,8.18056,8.551667,-5.5,2.533332,false,false,-1,-1,-1,,false,false,false,AIR,AIR_05,true,false
MAIN_R0_05,21,-1,-1,false,false,true,false,8.088894,8.588334,-5.5,2.199999,false,false,-1,-1,-1,,false,false,false,AIR,AIR_05,true,false
MAIN_R0_05,22,-1,-1,false,false,true,false,7.997227,8.619445,-5.5,1.866665,false,false,-1,-1,-1,,false,false,false,AIR,AIR_05,true,false
MAIN_R0_05,23,-1,-1,false,false,true,false,7.90556,8.645,-5.5,1.533332,false,false,-1,-1,-1,,false,false,false,AIR,AIR_05,true,false
MAIN_R0_05,24,-1,-1,false,false,true,false,7.813894,8.665,-5.5,1.199999,false,false,-1,-1,-1,,false,false,false,AIR,AIR_05,true,false
MAIN_R0_05,25,-1,-1,false,false,true,false,7.722227,8.679444,-5.5,0.866665,false,false,-1,-1,-1,,false,false,false,AIR,AIR_05,true,false
MAIN_R0_05,26,-1,-1,false,false,true,false,7.63056,8.688334,-5.5,0.533332,false,false,-1,-1,-1,,false,false,false,AIR,AIR_05,true,false
MAIN_R0_05,27,-1,-1,false,false,true,false,7.538894,8.691667,-5.5,0.199999,false,false,-1,-1,-1,,false,false,false,AIR,AIR_05,true,false
MAIN_R0_05,28,-1,-1,false,false,true,false,7.447227,8.689445,-5.5,-0.133335,false,false,-1,-1,-1,,false,false,false,AIR,AIR_05,true,false
MAIN_R0_05,29,-1,-1,false,false,true,false,7.35556,8.68,-5.5,-0.566668,false,false,-1,-1,-1,,false,false,false,AIR,AIR_05,true,false
MAIN_R0_05,30,-1,-1,false,false,true,false,7.263894,8.663334,-5.5,-1.000001,false,false,-1,-1,-1,,false,false,false,AIR,AIR_05,true,false
MAIN_R0_05,31,-1,-1,false,false,true,false,7.172227,8.639445,-5.5,-1.433335,false,false,-1,-1,-1,,false,false,false,AIR,AIR_05,true,false
MAIN_R0_05,32,-1,-1,false,false,true,false,7.08056,8.608335,-5.5,-1.866668,false,false,-1,-1,-1,,false,false,false,AIR,AIR_05,true,false
MAIN_R0_05,33,-1,-1,false,false,true,false,6.988894,8.570002,-5.5,-2.300002,false,false,-1,-1,-1,,false,false,false,AIR,AIR_05,true,false
MAIN_R0_05,34,-1,-1,false,false,true,false,6.897227,8.524446,-5.5,-2.733335,false,false,-1,-1,-1,,false,false,false,AIR,AIR_05,true,false
MAIN_R0_05,35,-1,-1,false,false,true,false,6.80556,8.454447,-5.5,0,true,false,-1,-1,-1,,false,false,false,SOLID,LINK_TARGET_05,true,false
MAIN_R0_05,36,0,0,false,false,false,false,6.725005,8.454447,-4.833333,0,true,true,-1,-1,-1,,false,false,false,SOLID,PASS_TARGET,true,false
MAIN_R0_06,0,0,0,false,false,false,false,5.5,8.46,0,0,false,false,-1,-1,-1,,false,false,false,AIR,START,true,false
MAIN_R0_06,1,0,0,false,false,false,false,5.5,8.455,0,0,true,false,-1,-1,-1,,false,false,false,SOLID,GROUND_SETTLE_06,true,false
MAIN_R0_06,2,-1,-1,false,false,false,false,5.491667,8.455,-0.5,0,true,true,4,1.14,0.01,WALKABLE_FRONTIER_AND_GRAB_EXIT_V2,false,false,false,SOLID,EDGE_RUNUP_06,true,false
MAIN_R0_06,3,-1,-1,false,false,false,false,5.475,8.455,-1,0,true,true,4,1.131667,0.018333,WALKABLE_FRONTIER_AND_GRAB_EXIT_V2,false,false,false,SOLID,EDGE_RUNUP_06,true,false
MAIN_R0_06,4,-1,-1,false,false,false,false,5.45,8.455,-1.5,0,true,true,4,1.115,0.026667,WALKABLE_FRONTIER_AND_GRAB_EXIT_V2,false,false,false,SOLID,EDGE_RUNUP_06,true,false
MAIN_R0_06,5,-1,-1,false,false,false,false,5.416667,8.455,-2,0,true,true,4,1.09,0.035,WALKABLE_FRONTIER_AND_GRAB_EXIT_V2,false,false,false,SOLID,EDGE_RUNUP_06,true,false
MAIN_R0_06,6,-1,-1,false,false,false,false,5.375,8.455,-2.5,0,true,true,4,1.056666,0.043333,WALKABLE_FRONTIER_AND_GRAB_EXIT_V2,false,false,false,SOLID,EDGE_RUNUP_06,true,false
MAIN_R0_06,7,-1,-1,false,false,false,false,5.325,8.455,-3,0,true,true,4,1.015,0.051667,WALKABLE_FRONTIER_AND_GRAB_EXIT_V2,false,false,false,SOLID,EDGE_RUNUP_06,true,false
MAIN_R0_06,8,-1,-1,false,false,false,false,5.266666,8.455,-3.5,0,true,true,4,0.965,0.06,WALKABLE_FRONTIER_AND_GRAB_EXIT_V2,false,false,false,SOLID,EDGE_RUNUP_06,true,false
MAIN_R0_06,9,-1,-1,false,false,false,false,5.2,8.455,-4,0,true,true,4,0.906666,0.068333,WALKABLE_FRONTIER_AND_GRAB_EXIT_V2,false,false,false,SOLID,EDGE_RUNUP_06,true,false
MAIN_R0_06,10,-1,-1,false,false,false,false,5.125,8.455,-4.5,0,true,true,4,0.84,0.076667,WALKABLE_FRONTIER_AND_GRAB_EXIT_V2,false,false,false,SOLID,EDGE_RUNUP_06,true,false
MAIN_R0_06,11,-1,-1,false,false,false,false,5.041667,8.455,-5,0,true,true,4,0.765,0.085,WALKABLE_FRONTIER_AND_GRAB_EXIT_V2,false,false,false,SOLID,EDGE_RUNUP_06,true,false
MAIN_R0_06,12,-1,-1,false,false,false,false,4.95,8.455,-5.5,0,true,true,4,0.681666,0.093333,WALKABLE_FRONTIER_AND_GRAB_EXIT_V2,false,false,false,SOLID,EDGE_RUNUP_06,true,false
MAIN_R0_06,13,-1,-1,false,false,false,false,4.858333,8.455,-5.5,0,true,true,4,0.59,0.101667,WALKABLE_FRONTIER_AND_GRAB_EXIT_V2,false,false,false,SOLID,EDGE_RUNUP_06,true,false
MAIN_R0_06,14,-1,-1,false,false,false,false,4.766666,8.455,-5.5,0,true,true,4,0.498333,0.101667,WALKABLE_FRONTIER_AND_GRAB_EXIT_V2,false,false,false,SOLID,EDGE_RUNUP_06,true,false
MAIN_R0_06,15,-1,-1,false,false,false,false,4.675,8.455,-5.5,0,true,true,4,0.406666,0.101667,WALKABLE_FRONTIER_AND_GRAB_EXIT_V2,false,false,false,SOLID,EDGE_RUNUP_06,true,false
MAIN_R0_06,16,-1,-1,false,false,false,false,4.583333,8.455,-5.5,0,true,true,4,0.315,0.101667,WALKABLE_FRONTIER_AND_GRAB_EXIT_V2,false,false,false,SOLID,EDGE_RUNUP_06,true,false
MAIN_R0_06,17,-1,-1,false,false,false,false,4.491666,8.455,-5.5,0,true,true,4,0.223333,0.101667,WALKABLE_FRONTIER_AND_GRAB_EXIT_V2,false,false,false,SOLID,EDGE_RUNUP_06,true,false
MAIN_R0_06,18,-1,-1,false,false,false,false,4.4,8.455,-5.5,0,true,true,4,0.131666,0.101667,WALKABLE_FRONTIER_AND_GRAB_EXIT_V2,false,false,false,SOLID,EDGE_RUNUP_06,true,false
MAIN_R0_06,19,-1,-1,false,false,true,false,4.308333,8.569445,-5.5,6.866666,false,true,4,0.039999,0.101667,WALKABLE_FRONTIER_AND_GRAB_EXIT_V2,false,false,false,AIR,JUMP_06,true,false
MAIN_R0_06,20,-1,-1,false,false,true,false,4.216666,8.678333,-5.5,6.533333,false,false,-1,-1,-1,,false,false,false,AIR,AIR_06,true,false
MAIN_R0_06,21,-1,-1,false,false,true,false,4.125,8.781667,-5.5,6.199999,false,false,-1,-1,-1,,false,false,false,AIR,AIR_06,true,false
MAIN_R0_06,22,-1,-1,false,false,true,false,4.033333,8.879444,-5.5,5.866666,false,false,-1,-1,-1,,false,false,false,AIR,AIR_06,true,false
MAIN_R0_06,23,-1,-1,false,false,true,false,3.941666,8.971666,-5.5,5.533332,false,false,-1,-1,-1,,false,false,false,AIR,AIR_06,true,false
MAIN_R0_06,24,-1,-1,false,false,true,false,3.849999,9.058333,-5.5,5.199999,false,false,-1,-1,-1,,false,false,false,AIR,AIR_06,true,false
MAIN_R0_06,25,-1,-1,false,false,true,false,3.758333,9.139444,-5.5,4.866665,false,false,-1,-1,-1,,false,false,false,AIR,AIR_06,true,false
MAIN_R0_06,26,-1,-1,false,false,true,false,3.666666,9.215,-5.5,4.533332,false,false,-1,-1,-1,,false,false,false,AIR,AIR_06,true,false
MAIN_R0_06,27,-1,-1,false,false,true,false,3.574999,9.285,-5.5,4.199998,false,false,-1,-1,-1,,false,false,false,AIR,AIR_06,true,false
MAIN_R0_06,28,-1,-1,false,false,true,false,3.483333,9.349444,-5.5,3.866665,false,false,-1,-1,-1,,false,false,false,AIR,AIR_06,true,false
MAIN_R0_06,29,-1,-1,false,false,true,false,3.391666,9.408333,-5.5,3.533332,false,false,-1,-1,-1,,false,false,false,AIR,AIR_06,true,false
MAIN_R0_06,30,-1,-1,false,false,true,false,3.299999,9.461666,-5.5,3.199999,false,false,-1,-1,-1,,false,false,false,AIR,AIR_06,true,false
MAIN_R0_06,31,-1,-1,false,false,true,false,3.208333,9.509444,-5.5,2.866665,false,false,-1,-1,-1,,false,false,false,AIR,AIR_06,true,false
MAIN_R0_06,32,-1,-1,false,false,true,false,3.116666,9.551666,-5.5,2.533332,false,false,-1,-1,-1,,false,false,false,AIR,AIR_06,true,false
MAIN_R0_06,33,-1,-1,false,false,true,false,3.024999,9.588333,-5.5,2.199999,false,false,-1,-1,-1,,false,false,false,AIR,AIR_06,true,false
MAIN_R0_06,34,-1,-1,false,false,true,false,2.933332,9.619444,-5.5,1.866665,false,false,-1,-1,-1,,false,false,false,AIR,AIR_06,true,false
MAIN_R0_06,35,-1,-1,false,false,true,false,2.841666,9.645,-5.5,1.533332,false,false,-1,-1,-1,,false,false,false,AIR,AIR_06,true,false
MAIN_R0_06,36,-1,-1,false,false,true,false,2.749999,9.664999,-5.5,1.199999,false,false,-1,-1,-1,,false,false,false,AIR,AIR_06,true,false
MAIN_R0_06,37,-1,-1,false,false,true,false,2.658332,9.679443,-5.5,0.866665,false,false,-1,-1,-1,,false,false,false,AIR,AIR_06,true,false
MAIN_R0_06,38,-1,-1,false,false,true,false,2.566666,9.688333,-5.5,0.533332,false,false,-1,-1,-1,,false,false,false,AIR,AIR_06,true,false
MAIN_R0_06,39,-1,-1,false,false,true,false,2.474999,9.691666,-5.5,0.199999,false,false,-1,-1,-1,,false,false,false,AIR,AIR_06,true,false
MAIN_R0_06,40,-1,-1,false,false,true,false,2.383332,9.689444,-5.5,-0.133335,false,false,-1,-1,-1,,false,false,false,AIR,AIR_06,true,false
MAIN_R0_06,41,-1,-1,false,false,true,false,2.291666,9.679999,-5.5,-0.566668,false,false,-1,-1,-1,,false,false,false,AIR,AIR_06,true,false
MAIN_R0_06,42,-1,-1,false,false,true,false,2.199999,9.663333,-5.5,-1.000001,false,false,-1,-1,-1,,false,false,false,AIR,AIR_06,true,false
MAIN_R0_06,43,-1,-1,false,false,true,false,2.108332,9.639444,-5.5,-1.433335,false,false,-1,-1,-1,,false,false,false,AIR,AIR_06,true,false
MAIN_R0_06,44,-1,-1,false,false,true,false,2.016665,9.608334,-5.5,-1.866668,false,false,-1,-1,-1,,false,false,false,AIR,AIR_06,true,false
MAIN_R0_06,45,-1,-1,false,false,true,false,1.924999,9.570001,-5.5,-2.300002,false,false,-1,-1,-1,,false,false,false,AIR,AIR_06,true,false
MAIN_R0_06,46,-1,-1,false,false,true,false,1.833332,9.524446,-5.5,-2.733335,false,false,-1,-1,-1,,false,false,false,AIR,AIR_06,true,false
MAIN_R0_06,47,-1,-1,false,false,true,false,1.741665,9.454446,-5.5,0,true,false,-1,-1,-1,,false,false,false,TOP_ONLY,LINK_TARGET_06,true,false
MAIN_R0_06,48,0,0,false,false,false,false,1.66111,9.454446,-4.833333,0,true,true,-1,-1,-1,,false,false,false,TOP_ONLY,PASS_TARGET,true,false
MAIN_R0_07,0,0,0,false,false,false,false,1.5,9.46,0,0,false,false,-1,-1,-1,,false,false,false,AIR,START,true,false
MAIN_R0_07,1,0,0,false,false,false,false,1.5,9.455,0,0,true,false,-1,-1,-1,,false,false,false,TOP_ONLY,GROUND_SETTLE_07,true,false
MAIN_R0_07,2,1,1,false,false,false,false,1.508333,9.455,0.5,0,true,true,2,0.14,0.01,WALKABLE_FRONTIER_AND_GRAB_EXIT_V2,false,false,false,TOP_ONLY,EDGE_RUNUP_07,true,false
MAIN_R0_07,3,1,1,false,false,false,false,1.525,9.455,1,0,true,true,2,0.131667,0.018333,WALKABLE_FRONTIER_AND_GRAB_EXIT_V2,false,false,false,TOP_ONLY,EDGE_RUNUP_07,true,false
MAIN_R0_07,4,1,1,false,false,false,false,1.55,9.455,1.5,0,true,true,2,0.115,0.026667,WALKABLE_FRONTIER_AND_GRAB_EXIT_V2,false,false,false,TOP_ONLY,EDGE_RUNUP_07,true,false
MAIN_R0_07,5,1,1,false,false,false,false,1.583333,9.455,2,0,true,true,2,0.09,0.035,WALKABLE_FRONTIER_AND_GRAB_EXIT_V2,false,false,false,TOP_ONLY,EDGE_RUNUP_07,true,false
MAIN_R0_07,6,1,1,false,false,false,false,1.625,9.455,2.5,0,true,true,2,0.056667,0.043333,WALKABLE_FRONTIER_AND_GRAB_EXIT_V2,false,false,false,TOP_ONLY,EDGE_RUNUP_07,true,false
MAIN_R0_07,7,1,1,false,false,true,false,1.677778,9.569445,3.166667,6.866666,false,true,2,0.015,0.051667,WALKABLE_FRONTIER_AND_GRAB_EXIT_V2,false,false,false,AIR,JUMP_07,true,false
MAIN_R0_07,8,1,1,false,false,true,false,1.741667,9.678333,3.833333,6.533333,false,false,-1,-1,-1,,false,false,false,AIR,AIR_07,true,false
MAIN_R0_07,9,1,1,false,false,true,false,1.816667,9.781667,4.5,6.199999,false,false,-1,-1,-1,,false,false,false,AIR,AIR_07,true,false
MAIN_R0_07,10,1,1,false,false,true,false,1.902778,9.879444,5.166667,5.866666,false,false,-1,-1,-1,,false,false,false,AIR,AIR_07,true,false
MAIN_R0_07,11,1,1,false,false,true,false,1.994444,9.971666,5.5,5.533332,false,false,-1,-1,-1,,false,false,false,AIR,AIR_07,true,false
MAIN_R0_07,12,1,1,false,false,true,false,2.086111,10.05833,5.5,5.199999,false,false,-1,-1,-1,,false,false,false,AIR,AIR_07,true,false
MAIN_R0_07,13,1,1,false,false,true,false,2.177778,10.13944,5.5,4.866665,false,false,-1,-1,-1,,false,false,false,AIR,AIR_07,true,false
MAIN_R0_07,14,1,1,false,false,true,false,2.269444,10.215,5.5,4.533332,false,false,-1,-1,-1,,false,false,false,AIR,AIR_07,true,false
MAIN_R0_07,15,1,1,false,false,true,false,2.361111,10.285,5.5,4.199998,false,false,-1,-1,-1,,false,false,false,AIR,AIR_07,true,false
MAIN_R0_07,16,1,1,false,false,true,false,2.452778,10.34944,5.5,3.866665,false,false,-1,-1,-1,,false,false,false,AIR,AIR_07,true,false
MAIN_R0_07,17,1,1,false,false,true,false,2.544445,10.40833,5.5,3.533332,false,false,-1,-1,-1,,false,false,false,AIR,AIR_07,true,false
MAIN_R0_07,18,1,1,false,false,true,false,2.636111,10.46167,5.5,3.199999,false,false,-1,-1,-1,,false,false,false,AIR,AIR_07,true,false
MAIN_R0_07,19,1,1,false,false,true,false,2.727778,10.50944,5.5,2.866665,false,false,-1,-1,-1,,false,false,false,AIR,AIR_07,true,false
MAIN_R0_07,20,1,1,false,false,true,false,2.819445,10.55167,5.5,2.533332,false,false,-1,-1,-1,,false,false,false,AIR,AIR_07,true,false
MAIN_R0_07,21,1,1,false,false,true,false,2.911111,10.58833,5.5,2.199999,false,false,-1,-1,-1,,false,false,false,AIR,AIR_07,true,false
MAIN_R0_07,22,1,1,false,false,true,false,3.002778,10.61944,5.5,1.866665,false,false,-1,-1,-1,,false,false,false,AIR,AIR_07,true,false
MAIN_R0_07,23,1,1,false,false,true,false,3.094445,10.645,5.5,1.533332,false,false,-1,-1,-1,,false,false,false,AIR,AIR_07,true,false
MAIN_R0_07,24,1,1,false,false,true,false,3.186111,10.665,5.5,1.199999,false,false,-1,-1,-1,,false,false,false,AIR,AIR_07,true,false
MAIN_R0_07,25,1,1,false,false,true,false,3.277778,10.67944,5.5,0.866665,false,false,-1,-1,-1,,false,false,false,AIR,AIR_07,true,false
MAIN_R0_07,26,1,1,false,false,true,false,3.369445,10.68833,5.5,0.533332,false,false,-1,-1,-1,,false,false,false,AIR,AIR_07,true,false
MAIN_R0_07,27,-1,-1,false,false,true,false,3.450001,10.69167,4.833333,0.199999,false,false,-1,-1,-1,,false,false,false,AIR,AIR_07,true,false
MAIN_R0_07,28,-1,-1,false,false,true,false,3.519445,10.68944,4.166667,-0.133335,false,false,-1,-1,-1,,false,false,false,AIR,AIR_07,true,false
MAIN_R0_07,29,-1,-1,false,false,true,false,3.577778,10.68,3.5,-0.566668,false,false,-1,-1,-1,,false,false,false,AIR,AIR_07,true,false
MAIN_R0_07,30,-1,-1,false,false,true,false,3.625,10.66333,2.833333,-1.000001,false,false,-1,-1,-1,,false,false,false,AIR,AIR_07,true,false
MAIN_R0_07,31,-1,-1,false,false,true,false,3.661112,10.63944,2.166667,-1.433335,false,false,-1,-1,-1,,false,false,false,AIR,AIR_07,true,false
MAIN_R0_07,32,-1,-1,false,false,true,false,3.686112,10.60833,1.5,-1.866668,false,false,-1,-1,-1,,false,false,false,AIR,AIR_07,true,false
MAIN_R0_07,33,-1,-1,false,false,true,false,3.700001,10.57,0.833333,-2.300002,false,false,-1,-1,-1,,false,false,false,AIR,AIR_07,true,false
MAIN_R0_07,34,-1,-1,false,false,true,false,3.702778,10.52445,0.166667,-2.733335,false,false,-1,-1,-1,,false,false,false,AIR,AIR_07,true,false
MAIN_R0_07,35,-1,-1,false,false,true,false,3.697223,10.45445,-0.333333,0,true,false,-1,-1,-1,,false,false,false,TOP_ONLY,LINK_TARGET_07,true,false
MAIN_R0_07,36,0,0,false,false,false,false,3.697223,10.45445,0,0,true,true,-1,-1,-1,,false,false,false,TOP_ONLY,PASS_TARGET,true,false
MAIN_R0_08,0,0,0,false,false,false,false,4.5,10.46,0,0,false,false,-1,-1,-1,,false,false,false,AIR,START,true,false
MAIN_R0_08,1,0,0,false,false,false,false,4.5,10.455,0,0,true,false,-1,-1,-1,,false,false,false,TOP_ONLY,GROUND_SETTLE_08,true,false
MAIN_R0_08,2,1,1,false,false,false,false,4.508333,10.455,0.5,0,true,true,5,0.14,0.01,WALKABLE_FRONTIER_AND_GRAB_EXIT_V2,false,false,false,TOP_ONLY,EDGE_RUNUP_08,true,false
MAIN_R0_08,3,1,1,false,false,false,false,4.525,10.455,1,0,true,true,5,0.131667,0.018333,WALKABLE_FRONTIER_AND_GRAB_EXIT_V2,false,false,false,TOP_ONLY,EDGE_RUNUP_08,true,false
MAIN_R0_08,4,1,1,false,false,false,false,4.55,10.455,1.5,0,true,true,5,0.115,0.026667,WALKABLE_FRONTIER_AND_GRAB_EXIT_V2,false,false,false,TOP_ONLY,EDGE_RUNUP_08,true,false
MAIN_R0_08,5,1,1,false,false,false,false,4.583333,10.455,2,0,true,true,5,0.09,0.035,WALKABLE_FRONTIER_AND_GRAB_EXIT_V2,false,false,false,TOP_ONLY,EDGE_RUNUP_08,true,false
MAIN_R0_08,6,1,1,false,false,false,false,4.625,10.455,2.5,0,true,true,5,0.056666,0.043333,WALKABLE_FRONTIER_AND_GRAB_EXIT_V2,false,false,false,TOP_ONLY,EDGE_RUNUP_08,true,false
MAIN_R0_08,7,1,1,false,false,true,false,4.677778,10.56944,3.166667,6.866666,false,true,5,0.015,0.051667,WALKABLE_FRONTIER_AND_GRAB_EXIT_V2,false,false,false,AIR,JUMP_08,true,false
MAIN_R0_08,8,1,1,false,false,true,false,4.741667,10.67833,3.833333,6.533333,false,false,-1,-1,-1,,false,false,false,AIR,AIR_08,true,false
MAIN_R0_08,9,1,1,false,false,true,false,4.816667,10.78167,4.5,6.199999,false,false,-1,-1,-1,,false,false,false,AIR,AIR_08,true,false
MAIN_R0_08,10,1,1,false,false,true,false,4.902778,10.87944,5.166667,5.866666,false,false,-1,-1,-1,,false,false,false,AIR,AIR_08,true,false
MAIN_R0_08,11,1,1,false,false,true,false,4.994444,10.97167,5.5,5.533332,false,false,-1,-1,-1,,false,false,false,AIR,AIR_08,true,false
MAIN_R0_08,12,1,1,false,false,true,false,5.086111,11.05833,5.5,5.199999,false,false,-1,-1,-1,,false,false,false,AIR,AIR_08,true,false
MAIN_R0_08,13,1,1,false,false,true,false,5.177778,11.13944,5.5,4.866665,false,false,-1,-1,-1,,false,false,false,AIR,AIR_08,true,false
MAIN_R0_08,14,1,1,false,false,true,false,5.269444,11.215,5.5,4.533332,false,false,-1,-1,-1,,false,false,false,AIR,AIR_08,true,false
MAIN_R0_08,15,1,1,false,false,true,false,5.361111,11.285,5.5,4.199998,false,false,-1,-1,-1,,false,false,false,AIR,AIR_08,true,false
MAIN_R0_08,16,1,1,false,false,true,false,5.452778,11.34944,5.5,3.866665,false,false,-1,-1,-1,,false,false,false,AIR,AIR_08,true,false
MAIN_R0_08,17,1,1,false,false,true,false,5.544445,11.40833,5.5,3.533332,false,false,-1,-1,-1,,false,false,false,AIR,AIR_08,true,false
MAIN_R0_08,18,1,1,false,false,true,false,5.636111,11.46167,5.5,3.199999,false,false,-1,-1,-1,,false,false,false,AIR,AIR_08,true,false
MAIN_R0_08,19,1,1,false,false,true,false,5.727778,11.50944,5.5,2.866665,false,false,-1,-1,-1,,false,false,false,AIR,AIR_08,true,false
MAIN_R0_08,20,1,1,false,false,true,false,5.819445,11.55167,5.5,2.533332,false,false,-1,-1,-1,,false,false,false,AIR,AIR_08,true,false
MAIN_R0_08,21,1,1,false,false,true,false,5.911111,11.58833,5.5,2.199999,false,false,-1,-1,-1,,false,false,false,AIR,AIR_08,true,false
MAIN_R0_08,22,1,1,false,false,true,false,6.002778,11.61944,5.5,1.866665,false,false,-1,-1,-1,,false,false,false,AIR,AIR_08,true,false
MAIN_R0_08,23,1,1,false,false,true,false,6.094445,11.645,5.5,1.533332,false,false,-1,-1,-1,,false,false,false,AIR,AIR_08,true,false
MAIN_R0_08,24,1,1,false,false,true,false,6.186111,11.665,5.5,1.199999,false,false,-1,-1,-1,,false,false,false,AIR,AIR_08,true,false
MAIN_R0_08,25,1,1,false,false,true,false,6.277778,11.67944,5.5,0.866665,false,false,-1,-1,-1,,false,false,false,AIR,AIR_08,true,false
MAIN_R0_08,26,1,1,false,false,true,false,6.369445,11.68833,5.5,0.533332,false,false,-1,-1,-1,,false,false,false,AIR,AIR_08,true,false
MAIN_R0_08,27,1,1,false,false,true,false,6.461112,11.69167,5.5,0.199999,false,false,-1,-1,-1,,false,false,false,AIR,AIR_08,true,false
MAIN_R0_08,28,1,1,false,false,true,false,6.552778,11.68944,5.5,-0.133335,false,false,-1,-1,-1,,false,false,false,AIR,AIR_08,true,false
MAIN_R0_08,29,1,1,false,false,true,false,6.644445,11.68,5.5,-0.566668,false,false,-1,-1,-1,,false,false,false,AIR,AIR_08,true,false
MAIN_R0_08,30,1,1,false,false,true,false,6.736112,11.66333,5.5,-1.000001,false,false,-1,-1,-1,,false,false,false,AIR,AIR_08,true,false
MAIN_R0_08,31,1,1,false,false,true,false,6.827778,11.63944,5.5,-1.433335,false,false,-1,-1,-1,,false,false,false,AIR,AIR_08,true,false
MAIN_R0_08,32,1,1,false,false,true,false,6.919445,11.60833,5.5,-1.866668,false,false,-1,-1,-1,,false,false,false,AIR,AIR_08,true,false
MAIN_R0_08,33,1,1,false,false,true,false,7.011112,11.57,5.5,-2.300002,false,false,-1,-1,-1,,false,false,false,AIR,AIR_08,true,false
MAIN_R0_08,34,1,1,false,false,true,false,7.102778,11.52445,5.5,-2.733335,false,false,-1,-1,-1,,false,false,false,AIR,AIR_08,true,false
MAIN_R0_08,35,1,1,false,false,true,false,7.194445,11.45445,5.5,0,true,false,-1,-1,-1,,false,false,false,TOP_ONLY,LINK_TARGET_08,true,false
MAIN_R0_08,36,0,0,false,false,false,false,7.275001,11.45445,4.833333,0,true,true,-1,-1,-1,,false,false,false,TOP_ONLY,PASS_TARGET,true,false
RECOVERY_MX_00,0,0,0,false,false,false,false,19.5,3.5,0,0,false,false,-1,-1,-1,,false,false,false,AIR,START,true,false
RECOVERY_MX_00,1,0,0,false,false,false,false,19.5,3.492778,0,-0.433333,false,false,-1,-1,-1,,false,false,false,AIR,MISS_FALL,true,false
RECOVERY_MX_00,2,0,0,false,false,false,false,19.5,3.478333,0,-0.866667,false,false,-1,-1,-1,,false,false,false,AIR,MISS_FALL,true,false
RECOVERY_MX_00,3,0,0,false,false,false,false,19.5,3.456667,0,-1.3,false,false,-1,-1,-1,,false,false,false,AIR,MISS_FALL,true,false
RECOVERY_MX_00,4,0,0,false,false,false,false,19.5,3.427778,0,-1.733333,false,false,-1,-1,-1,,false,false,false,AIR,MISS_FALL,true,false
RECOVERY_MX_00,5,0,0,false,false,false,false,19.5,3.391667,0,-2.166667,false,false,-1,-1,-1,,false,false,false,AIR,MISS_FALL,true,false
RECOVERY_MX_00,6,0,0,false,false,false,false,19.5,3.348333,0,-2.6,false,false,-1,-1,-1,,false,false,false,AIR,MISS_FALL,true,false
RECOVERY_MX_00,7,0,0,false,false,false,false,19.5,3.297778,0,-3.033334,false,false,-1,-1,-1,,false,false,false,AIR,MISS_FALL,true,false
RECOVERY_MX_00,8,0,0,false,false,false,false,19.5,3.24,0,-3.466667,false,false,-1,-1,-1,,false,false,false,AIR,MISS_FALL,true,false
RECOVERY_MX_00,9,0,0,false,false,false,false,19.5,3.175,0,-3.9,false,false,-1,-1,-1,,false,false,false,AIR,MISS_FALL,true,false
RECOVERY_MX_00,10,0,0,false,false,false,false,19.5,3.102778,0,-4.333333,false,false,-1,-1,-1,,false,false,false,AIR,MISS_FALL,true,false
RECOVERY_MX_00,11,0,0,false,false,false,false,19.5,3.023333,0,-4.766667,false,false,-1,-1,-1,,false,false,false,AIR,MISS_FALL,true,false
RECOVERY_MX_00,12,0,0,false,false,false,false,19.5,2.936667,0,-5.2,false,false,-1,-1,-1,,false,false,false,AIR,MISS_FALL,true,false
RECOVERY_MX_00,13,0,0,false,false,false,false,19.5,2.842778,0,-5.633334,false,false,-1,-1,-1,,false,false,false,AIR,MISS_FALL,true,false
RECOVERY_MX_00,14,0,0,false,false,false,false,19.5,2.741667,0,-6.066667,false,false,-1,-1,-1,,false,false,false,AIR,MISS_FALL,true,false
RECOVERY_MX_00,15,0,0,false,false,false,false,19.5,2.633333,0,-6.5,false,false,-1,-1,-1,,false,false,false,AIR,MISS_FALL,true,false
RECOVERY_MX_00,16,0,0,false,false,false,false,19.5,2.517778,0,-6.933334,false,false,-1,-1,-1,,false,false,false,AIR,MISS_FALL,true,false
RECOVERY_MX_00,17,0,0,false,false,false,false,19.5,2.455,0,0,true,false,-1,-1,-1,,false,false,false,TOP_ONLY,RECOVERY_CATCH,true,false
RECOVERY_MX_00,18,1,1,false,false,false,false,19.50833,2.455,0.5,0,true,true,-1,-1,-1,,false,false,false,TOP_ONLY,RECOVERY_WALK,true,false
RECOVERY_MX_00,19,1,1,false,false,false,false,19.525,2.455,1,0,true,true,-1,-1,-1,,false,false,false,TOP_ONLY,RECOVERY_WALK,true,false
RECOVERY_MX_00,20,1,1,false,false,false,false,19.55,2.455,1.5,0,true,true,-1,-1,-1,,false,false,false,TOP_ONLY,RECOVERY_WALK,true,false
RECOVERY_MX_00,21,1,1,false,false,false,false,19.58333,2.455,2,0,true,true,-1,-1,-1,,false,false,false,TOP_ONLY,RECOVERY_WALK,true,false
RECOVERY_MX_00,22,1,1,false,false,false,false,19.625,2.455,2.5,0,true,true,-1,-1,-1,,false,false,false,TOP_ONLY,RECOVERY_WALK,true,false
RECOVERY_MX_00,23,1,1,false,false,false,false,19.675,2.455,3,0,true,true,-1,-1,-1,,false,false,false,TOP_ONLY,RECOVERY_WALK,true,false
RECOVERY_MX_00,24,1,1,false,false,false,false,19.73333,2.455,3.5,0,true,true,-1,-1,-1,,false,false,false,TOP_ONLY,RECOVERY_WALK,true,false
RECOVERY_MX_00,25,1,1,false,false,false,false,19.8,2.455,4,0,true,true,-1,-1,-1,,false,false,false,TOP_ONLY,RECOVERY_WALK,true,false
RECOVERY_MX_00,26,1,1,false,false,false,false,19.875,2.455,4.5,0,true,true,-1,-1,-1,,false,false,false,TOP_ONLY,RECOVERY_WALK,true,false
RECOVERY_MX_00,27,1,1,false,false,false,false,19.95833,2.455,5,0,true,true,-1,-1,-1,,false,false,false,TOP_ONLY,RECOVERY_WALK,true,false
RECOVERY_MX_00,28,1,1,false,false,false,false,20.05,2.455,5.5,0,true,true,-1,-1,-1,,false,false,false,TOP_ONLY,RECOVERY_WALK,true,false
RECOVERY_MX_00,29,1,1,false,false,false,false,20.14167,2.455,5.5,0,true,true,-1,-1,-1,,false,false,false,TOP_ONLY,RECOVERY_WALK,true,false
RECOVERY_MX_00,30,1,1,false,false,false,false,20.23333,2.455,5.5,0,true,true,-1,-1,-1,,false,false,false,TOP_ONLY,RECOVERY_WALK,true,false
RECOVERY_MX_00,31,1,1,false,false,false,false,20.325,2.455,5.5,0,true,true,-1,-1,-1,,false,false,false,TOP_ONLY,RECOVERY_WALK,true,false
RECOVERY_MX_00,32,1,1,false,false,false,false,20.41667,2.455,5.5,0,true,true,-1,-1,-1,,false,false,false,TOP_ONLY,RECOVERY_WALK,true,false
RECOVERY_MX_00,33,1,1,false,false,false,false,20.50834,2.455,5.5,0,true,true,-1,-1,-1,,false,false,false,TOP_ONLY,RECOVERY_WALK,true,false
RECOVERY_MX_00,34,1,1,false,false,false,false,20.6,2.455,5.5,0,true,true,-1,-1,-1,,false,false,false,TOP_ONLY,RECOVERY_WALK,true,false
RECOVERY_MX_00,35,1,1,false,false,false,false,20.69167,2.455,5.5,0,true,true,-1,-1,-1,,false,false,false,TOP_ONLY,RECOVERY_WALK,true,false
RECOVERY_MX_00,36,1,1,false,false,false,false,20.78334,2.455,5.5,0,true,true,-1,-1,-1,,false,false,false,TOP_ONLY,RECOVERY_WALK,true,false
RECOVERY_MX_00,37,1,1,false,false,false,false,20.875,2.455,5.5,0,true,true,-1,-1,-1,,false,false,false,TOP_ONLY,RECOVERY_WALK,true,false
RECOVERY_MX_00,38,1,1,false,false,false,false,20.96667,2.455,5.5,0,true,true,-1,-1,-1,,false,false,false,TOP_ONLY,RECOVERY_WALK,true,false
RECOVERY_MX_00,39,1,1,false,false,false,false,21.05834,2.455,5.5,0,true,true,-1,-1,-1,,false,false,false,SOLID,RECOVERY_WALK,true,false
RECOVERY_MX_00,40,1,1,false,false,false,false,21.15001,2.455,5.5,0,true,true,-1,-1,-1,,false,false,false,SOLID,RECOVERY_WALK,true,false
RECOVERY_MX_00,41,1,1,false,false,false,false,21.24167,2.455,5.5,0,true,true,-1,-1,-1,,false,false,false,SOLID,RECOVERY_WALK,true,false
RECOVERY_MX_00,42,-1,-1,false,false,false,false,21.32501,2.455,5,0,true,true,-1,-1,-1,,false,false,false,SOLID,RECOVERY_WALK,true,false
RECOVERY_MX_00,43,-1,-1,false,false,false,false,21.40001,2.455,4.5,0,true,true,-1,-1,-1,,false,false,false,SOLID,RECOVERY_WALK,true,false
RECOVERY_MX_00,44,-1,-1,false,false,false,false,21.46667,2.455,4,0,true,true,-1,-1,-1,,false,false,false,SOLID,REJOIN,true,false
RECOVERY_MX_00,45,0,0,false,false,false,false,21.52223,2.455,3.333333,0,true,true,-1,-1,-1,,false,false,false,SOLID,PASS_TARGET,true,false
RECOVERY_MX_01,0,0,0,false,false,false,false,13.5,4.5,0,0,false,false,-1,-1,-1,,false,false,false,AIR,START,true,false
RECOVERY_MX_01,1,0,0,false,false,false,false,13.5,4.492778,0,-0.433333,false,false,-1,-1,-1,,false,false,false,AIR,MISS_FALL,true,false
RECOVERY_MX_01,2,0,0,false,false,false,false,13.5,4.478333,0,-0.866667,false,false,-1,-1,-1,,false,false,false,AIR,MISS_FALL,true,false
RECOVERY_MX_01,3,0,0,false,false,false,false,13.5,4.456667,0,-1.3,false,false,-1,-1,-1,,false,false,false,AIR,MISS_FALL,true,false
RECOVERY_MX_01,4,0,0,false,false,false,false,13.5,4.427778,0,-1.733333,false,false,-1,-1,-1,,false,false,false,AIR,MISS_FALL,true,false
RECOVERY_MX_01,5,0,0,false,false,false,false,13.5,4.391667,0,-2.166667,false,false,-1,-1,-1,,false,false,false,AIR,MISS_FALL,true,false
RECOVERY_MX_01,6,0,0,false,false,false,false,13.5,4.348334,0,-2.6,false,false,-1,-1,-1,,false,false,false,AIR,MISS_FALL,true,false
RECOVERY_MX_01,7,0,0,false,false,false,false,13.5,4.297778,0,-3.033334,false,false,-1,-1,-1,,false,false,false,AIR,MISS_FALL,true,false
RECOVERY_MX_01,8,0,0,false,false,false,false,13.5,4.24,0,-3.466667,false,false,-1,-1,-1,,false,false,false,AIR,MISS_FALL,true,false
RECOVERY_MX_01,9,0,0,false,false,false,false,13.5,4.175,0,-3.9,false,false,-1,-1,-1,,false,false,false,AIR,MISS_FALL,true,false
RECOVERY_MX_01,10,0,0,false,false,false,false,13.5,4.102778,0,-4.333333,false,false,-1,-1,-1,,false,false,false,AIR,MISS_FALL,true,false
RECOVERY_MX_01,11,0,0,false,false,false,false,13.5,4.023334,0,-4.766667,false,false,-1,-1,-1,,false,false,false,AIR,MISS_FALL,true,false
RECOVERY_MX_01,12,0,0,false,false,false,false,13.5,3.936667,0,-5.2,false,false,-1,-1,-1,,false,false,false,AIR,MISS_FALL,true,false
RECOVERY_MX_01,13,0,0,false,false,false,false,13.5,3.842778,0,-5.633334,false,false,-1,-1,-1,,false,false,false,AIR,MISS_FALL,true,false
RECOVERY_MX_01,14,0,0,false,false,false,false,13.5,3.741667,0,-6.066667,false,false,-1,-1,-1,,false,false,false,AIR,MISS_FALL,true,false
RECOVERY_MX_01,15,0,0,false,false,false,false,13.5,3.633333,0,-6.5,false,false,-1,-1,-1,,false,false,false,AIR,MISS_FALL,true,false
RECOVERY_MX_01,16,0,0,false,false,false,false,13.5,3.517778,0,-6.933334,false,false,-1,-1,-1,,false,false,false,AIR,MISS_FALL,true,false
RECOVERY_MX_01,17,0,0,false,false,false,false,13.5,3.455,0,0,true,false,-1,-1,-1,,false,false,false,TOP_ONLY,RECOVERY_CATCH,true,false
RECOVERY_MX_01,18,1,1,false,false,false,false,13.50833,3.455,0.5,0,true,true,-1,-1,-1,,false,false,false,TOP_ONLY,RECOVERY_WALK,true,false
RECOVERY_MX_01,19,1,1,false,false,false,false,13.525,3.455,1,0,true,true,-1,-1,-1,,false,false,false,TOP_ONLY,RECOVERY_WALK,true,false
RECOVERY_MX_01,20,1,1,false,false,false,false,13.55,3.455,1.5,0,true,true,-1,-1,-1,,false,false,false,TOP_ONLY,RECOVERY_WALK,true,false
RECOVERY_MX_01,21,1,1,false,false,false,false,13.58333,3.455,2,0,true,true,-1,-1,-1,,false,false,false,TOP_ONLY,RECOVERY_WALK,true,false
RECOVERY_MX_01,22,1,1,false,false,false,false,13.625,3.455,2.5,0,true,true,-1,-1,-1,,false,false,false,TOP_ONLY,RECOVERY_WALK,true,false
RECOVERY_MX_01,23,1,1,false,false,false,false,13.675,3.455,3,0,true,true,-1,-1,-1,,false,false,false,TOP_ONLY,RECOVERY_WALK,true,false
RECOVERY_MX_01,24,1,1,false,false,false,false,13.73333,3.455,3.5,0,true,true,-1,-1,-1,,false,false,false,TOP_ONLY,RECOVERY_WALK,true,false
RECOVERY_MX_01,25,1,1,false,false,false,false,13.8,3.455,4,0,true,true,-1,-1,-1,,false,false,false,TOP_ONLY,RECOVERY_WALK,true,false
RECOVERY_MX_01,26,1,1,false,false,false,false,13.875,3.455,4.5,0,true,true,-1,-1,-1,,false,false,false,TOP_ONLY,RECOVERY_WALK,true,false
RECOVERY_MX_01,27,1,1,false,false,false,false,13.95833,3.455,5,0,true,true,-1,-1,-1,,false,false,false,TOP_ONLY,RECOVERY_WALK,true,false
RECOVERY_MX_01,28,1,1,false,false,false,false,14.05,3.455,5.5,0,true,true,-1,-1,-1,,false,false,false,TOP_ONLY,RECOVERY_WALK,true,false
RECOVERY_MX_01,29,1,1,false,false,false,false,14.14167,3.455,5.5,0,true,true,-1,-1,-1,,false,false,false,TOP_ONLY,RECOVERY_WALK,true,false
RECOVERY_MX_01,30,1,1,false,false,false,false,14.23333,3.455,5.5,0,true,true,-1,-1,-1,,false,false,false,TOP_ONLY,RECOVERY_WALK,true,false
RECOVERY_MX_01,31,1,1,false,false,false,false,14.325,3.455,5.5,0,true,true,-1,-1,-1,,false,false,false,TOP_ONLY,RECOVERY_WALK,true,false
RECOVERY_MX_01,32,1,1,false,false,false,false,14.41666,3.455,5.5,0,true,true,-1,-1,-1,,false,false,false,TOP_ONLY,RECOVERY_WALK,true,false
RECOVERY_MX_01,33,1,1,false,false,false,false,14.50833,3.455,5.5,0,true,true,-1,-1,-1,,false,false,false,TOP_ONLY,RECOVERY_WALK,true,false
RECOVERY_MX_01,34,1,1,false,false,false,false,14.6,3.455,5.5,0,true,true,-1,-1,-1,,false,false,false,TOP_ONLY,RECOVERY_WALK,true,false
RECOVERY_MX_01,35,1,1,false,false,false,false,14.69166,3.455,5.5,0,true,true,-1,-1,-1,,false,false,false,TOP_ONLY,RECOVERY_WALK,true,false
RECOVERY_MX_01,36,1,1,false,false,false,false,14.78333,3.455,5.5,0,true,true,-1,-1,-1,,false,false,false,TOP_ONLY,RECOVERY_WALK,true,false
RECOVERY_MX_01,37,1,1,false,false,false,false,14.875,3.455,5.5,0,true,true,-1,-1,-1,,false,false,false,TOP_ONLY,RECOVERY_WALK,true,false
RECOVERY_MX_01,38,1,1,false,false,false,false,14.96666,3.455,5.5,0,true,true,-1,-1,-1,,false,false,false,TOP_ONLY,RECOVERY_WALK,true,false
RECOVERY_MX_01,39,1,1,false,false,false,false,15.05833,3.455,5.5,0,true,true,-1,-1,-1,,false,false,false,TOP_ONLY,RECOVERY_WALK,true,false
RECOVERY_MX_01,40,1,1,false,false,false,false,15.14999,3.455,5.5,0,true,true,-1,-1,-1,,false,false,false,TOP_ONLY,RECOVERY_WALK,true,false
RECOVERY_MX_01,41,1,1,false,false,false,false,15.24166,3.455,5.5,0,true,true,-1,-1,-1,,false,false,false,TOP_ONLY,RECOVERY_WALK,true,false
RECOVERY_MX_01,42,-1,-1,false,false,false,false,15.32499,3.455,5,0,true,true,-1,-1,-1,,false,false,false,TOP_ONLY,RECOVERY_WALK,true,false
RECOVERY_MX_01,43,-1,-1,false,false,false,false,15.39999,3.455,4.5,0,true,true,-1,-1,-1,,false,false,false,TOP_ONLY,RECOVERY_WALK,true,false
RECOVERY_MX_01,44,-1,-1,false,false,false,false,15.46666,3.455,4,0,true,true,-1,-1,-1,,false,false,false,TOP_ONLY,REJOIN,true,false
RECOVERY_MX_01,45,0,0,false,false,false,false,15.52221,3.455,3.333333,0,true,true,-1,-1,-1,,false,false,false,TOP_ONLY,PASS_TARGET,true,false
RECOVERY_MX_02,0,0,0,false,false,false,false,9.5,8.5,0,0,false,false,-1,-1,-1,,false,false,false,AIR,START,true,false
RECOVERY_MX_02,1,0,0,false,false,false,false,9.5,8.492778,0,-0.433333,false,false,-1,-1,-1,,false,false,false,AIR,MISS_FALL,true,false
RECOVERY_MX_02,2,0,0,false,false,false,false,9.5,8.478333,0,-0.866667,false,false,-1,-1,-1,,false,false,false,AIR,MISS_FALL,true,false
RECOVERY_MX_02,3,0,0,false,false,false,false,9.5,8.456667,0,-1.3,false,false,-1,-1,-1,,false,false,false,AIR,MISS_FALL,true,false
RECOVERY_MX_02,4,0,0,false,false,false,false,9.5,8.427778,0,-1.733333,false,false,-1,-1,-1,,false,false,false,AIR,MISS_FALL,true,false
RECOVERY_MX_02,5,0,0,false,false,false,false,9.5,8.391667,0,-2.166667,false,false,-1,-1,-1,,false,false,false,AIR,MISS_FALL,true,false
RECOVERY_MX_02,6,0,0,false,false,false,false,9.5,8.348334,0,-2.6,false,false,-1,-1,-1,,false,false,false,AIR,MISS_FALL,true,false
RECOVERY_MX_02,7,0,0,false,false,false,false,9.5,8.297779,0,-3.033334,false,false,-1,-1,-1,,false,false,false,AIR,MISS_FALL,true,false
RECOVERY_MX_02,8,0,0,false,false,false,false,9.5,8.240002,0,-3.466667,false,false,-1,-1,-1,,false,false,false,AIR,MISS_FALL,true,false
RECOVERY_MX_02,9,0,0,false,false,false,false,9.5,8.175002,0,-3.9,false,false,-1,-1,-1,,false,false,false,AIR,MISS_FALL,true,false
RECOVERY_MX_02,10,0,0,false,false,false,false,9.5,8.10278,0,-4.333333,false,false,-1,-1,-1,,false,false,false,AIR,MISS_FALL,true,false
RECOVERY_MX_02,11,0,0,false,false,false,false,9.5,8.023335,0,-4.766667,false,false,-1,-1,-1,,false,false,false,AIR,MISS_FALL,true,false
RECOVERY_MX_02,12,0,0,false,false,false,false,9.5,7.936669,0,-5.2,false,false,-1,-1,-1,,false,false,false,AIR,MISS_FALL,true,false
RECOVERY_MX_02,13,0,0,false,false,false,false,9.5,7.84278,0,-5.633334,false,false,-1,-1,-1,,false,false,false,AIR,MISS_FALL,true,false
RECOVERY_MX_02,14,0,0,false,false,false,false,9.5,7.741669,0,-6.066667,false,false,-1,-1,-1,,false,false,false,AIR,MISS_FALL,true,false
RECOVERY_MX_02,15,0,0,false,false,false,false,9.5,7.633336,0,-6.5,false,false,-1,-1,-1,,false,false,false,AIR,MISS_FALL,true,false
RECOVERY_MX_02,16,0,0,false,false,false,false,9.5,7.51778,0,-6.933334,false,false,-1,-1,-1,,false,false,false,AIR,MISS_FALL,true,false
RECOVERY_MX_02,17,0,0,false,false,false,false,9.5,7.455,0,0,true,false,-1,-1,-1,,false,false,false,TOP_ONLY,RECOVERY_CATCH,true,false
RECOVERY_MX_02,18,1,1,false,false,false,false,9.508333,7.455,0.5,0,true,true,-1,-1,-1,,false,false,false,TOP_ONLY,RECOVERY_DROP,true,false
RECOVERY_MX_02,19,1,1,false,false,false,false,9.525,7.455,1,0,true,true,-1,-1,-1,,false,false,false,TOP_ONLY,RECOVERY_DROP,true,false
RECOVERY_MX_02,20,1,1,false,false,false,false,9.549999,7.455,1.5,0,true,true,-1,-1,-1,,false,false,false,TOP_ONLY,RECOVERY_DROP,true,false
RECOVERY_MX_02,21,1,1,false,false,false,false,9.583333,7.455,2,0,true,true,-1,-1,-1,,false,false,false,TOP_ONLY,RECOVERY_DROP,true,false
RECOVERY_MX_02,22,1,1,false,false,false,false,9.625,7.455,2.5,0,true,true,-1,-1,-1,,false,false,false,TOP_ONLY,RECOVERY_DROP,true,false
RECOVERY_MX_02,23,1,1,false,false,false,false,9.675,7.455,3,0,true,true,-1,-1,-1,,false,false,false,TOP_ONLY,RECOVERY_DROP,true,false
RECOVERY_MX_02,24,1,1,false,false,false,false,9.733334,7.455,3.5,0,true,true,-1,-1,-1,,false,false,false,TOP_ONLY,RECOVERY_DROP,true,false
RECOVERY_MX_02,25,1,1,false,false,false,false,9.8,7.455,4,0,true,true,-1,-1,-1,,false,false,false,TOP_ONLY,RECOVERY_DROP,true,false
RECOVERY_MX_02,26,1,1,false,false,false,false,9.875,7.455,4.5,0,true,true,-1,-1,-1,,false,false,false,TOP_ONLY,RECOVERY_DROP,true,false
RECOVERY_MX_02,27,1,1,false,false,false,false,9.958333,7.455,5,0,true,true,-1,-1,-1,,false,false,false,TOP_ONLY,RECOVERY_DROP,true,false
RECOVERY_MX_02,28,1,1,false,false,false,false,10.05,7.455,5.5,0,true,true,-1,-1,-1,,false,false,false,SOLID,RECOVERY_DROP,true,false
RECOVERY_MX_02,29,1,1,false,false,false,false,10.14167,7.451467,5.5,0,true,true,-1,-1,-1,,false,false,false,SOLID,RECOVERY_DROP,true,false
RECOVERY_MX_02,30,1,1,false,false,false,false,10.23333,7.42577,5.5,0,true,true,-1,-1,-1,,false,false,false,SOLID,RECOVERY_DROP,true,false
RECOVERY_MX_02,31,1,1,false,false,false,false,10.325,7.418548,5.5,-0.433333,false,true,-1,-1,-1,,false,false,false,AIR,RECOVERY_DROP,true,false
RECOVERY_MX_02,32,1,1,false,false,false,false,10.41666,7.404103,5.5,-0.866667,false,false,-1,-1,-1,,false,false,false,AIR,RECOVERY_DROP,true,false
RECOVERY_MX_02,33,1,1,false,false,false,false,10.50833,7.382437,5.5,-1.3,false,false,-1,-1,-1,,false,false,false,AIR,RECOVERY_DROP,true,false
RECOVERY_MX_02,34,-1,-1,false,false,false,false,10.58889,7.353548,4.833333,-1.733333,false,false,-1,-1,-1,,false,false,false,AIR,RECOVERY_DROP,true,false
RECOVERY_MX_02,35,-1,-1,false,false,false,false,10.65833,7.317437,4.166667,-2.166667,false,false,-1,-1,-1,,false,false,false,AIR,RECOVERY_DROP,true,false
RECOVERY_MX_02,36,-1,-1,false,false,false,false,10.71666,7.274104,3.5,-2.6,false,false,-1,-1,-1,,false,false,false,AIR,RECOVERY_DROP,true,false
RECOVERY_MX_02,37,-1,-1,false,false,false,false,10.76389,7.223548,2.833333,-3.033334,false,false,-1,-1,-1,,false,false,false,AIR,RECOVERY_DROP,true,false
RECOVERY_MX_02,38,-1,-1,false,false,false,false,10.8,7.16577,2.166667,-3.466667,false,false,-1,-1,-1,,false,false,false,AIR,RECOVERY_DROP,true,false
RECOVERY_MX_02,39,-1,-1,false,false,false,false,10.825,7.10077,1.5,-3.9,false,false,-1,-1,-1,,false,false,false,AIR,RECOVERY_DROP,true,false
RECOVERY_MX_02,40,-1,-1,false,false,false,false,10.83889,7.028548,0.833333,-4.333333,false,false,-1,-1,-1,,false,false,false,AIR,RECOVERY_DROP,true,false
RECOVERY_MX_02,41,-1,-1,false,false,false,false,10.84166,6.949103,0.166667,-4.766667,false,false,-1,-1,-1,,false,false,false,AIR,RECOVERY_DROP,true,false
RECOVERY_MX_02,42,-1,-1,false,false,false,false,10.83333,6.862437,-0.5,-5.2,false,false,-1,-1,-1,,false,false,false,AIR,RECOVERY_DROP,true,false
RECOVERY_MX_02,43,-1,-1,false,false,false,false,10.81389,6.768548,-1.166667,-5.633334,false,false,-1,-1,-1,,false,false,false,AIR,RECOVERY_DROP,true,false
RECOVERY_MX_02,44,-1,-1,false,false,false,false,10.78333,6.667437,-1.833333,-6.066667,false,false,-1,-1,-1,,false,false,false,AIR,RECOVERY_DROP,true,false
RECOVERY_MX_02,45,-1,-1,false,false,false,false,10.74166,6.559104,-2.5,-6.5,false,false,-1,-1,-1,,false,false,false,AIR,RECOVERY_DROP,true,false
RECOVERY_MX_02,46,-1,-1,false,false,false,false,10.68889,6.443548,-3.166667,-6.933334,false,false,-1,-1,-1,,false,false,false,AIR,RECOVERY_DROP,true,false
RECOVERY_MX_02,47,-1,-1,false,false,false,false,10.625,6.32077,-3.833334,-7.366667,false,false,-1,-1,-1,,false,false,false,AIR,RECOVERY_DROP,true,false
RECOVERY_MX_02,48,-1,-1,false,false,false,false,10.55,6.19077,-4.5,-7.800001,false,false,-1,-1,-1,,false,false,false,AIR,RECOVERY_DROP,true,false
RECOVERY_MX_02,49,1,1,false,false,false,false,10.48611,6.053548,-3.833334,-8.233334,false,false,-1,-1,-1,,false,false,false,AIR,RECOVERY_DROP,true,false
RECOVERY_MX_02,50,1,1,false,false,false,false,10.43333,5.909103,-3.166667,-8.666667,false,false,-1,-1,-1,,false,false,false,AIR,RECOVERY_DROP,true,false
RECOVERY_MX_02,51,1,1,false,false,false,false,10.39166,5.757437,-2.5,-9.1,false,false,-1,-1,-1,,false,false,false,AIR,RECOVERY_DROP,true,false
RECOVERY_MX_02,52,1,1,false,false,false,false,10.36111,5.598548,-1.833333,-9.533334,false,false,-1,-1,-1,,false,false,false,AIR,RECOVERY_DROP,true,false
RECOVERY_MX_02,53,1,1,false,false,false,false,10.34166,5.432437,-1.166667,-9.966667,false,false,-1,-1,-1,,false,false,false,AIR,RECOVERY_DROP,true,false
RECOVERY_MX_02,54,1,1,false,false,false,false,10.33333,5.259104,-0.5,-10.4,false,false,-1,-1,-1,,false,false,false,AIR,RECOVERY_DROP,true,false
RECOVERY_MX_02,55,1,1,false,false,false,false,10.33611,5.078548,0.166667,-10.83333,false,false,-1,-1,-1,,false,false,false,AIR,RECOVERY_DROP,true,false
RECOVERY_MX_02,56,1,1,false,false,false,false,10.35,4.89077,0.833333,-11.26667,false,false,-1,-1,-1,,false,false,false,AIR,RECOVERY_DROP,true,false
RECOVERY_MX_02,57,1,1,false,false,false,false,10.375,4.69577,1.5,-11.7,false,false,-1,-1,-1,,false,false,false,AIR,RECOVERY_DROP,true,false
RECOVERY_MX_02,58,1,1,false,false,false,false,10.41111,4.493548,2.166667,-12.13333,false,false,-1,-1,-1,,false,false,false,AIR,RECOVERY_DROP,true,false
RECOVERY_MX_02,59,1,1,false,false,false,false,10.45555,4.455,2.666667,0,true,false,-1,-1,-1,,false,false,false,SOLID,REJOIN,true,false
RECOVERY_MX_02,60,0,0,false,false,false,false,10.48889,4.455,2,0,true,true,-1,-1,-1,,false,false,false,SOLID,PASS_TARGET,true,false
RECOVERY_MX_03,0,0,0,false,false,false,false,6.5,6.5,0,0,false,false,-1,-1,-1,,false,false,false,AIR,START,true,false
RECOVERY_MX_03,1,0,0,false,false,false,false,6.5,6.492778,0,-0.433333,false,false,-1,-1,-1,,false,false,false,AIR,MISS_FALL,true,false
RECOVERY_MX_03,2,0,0,false,false,false,false,6.5,6.478333,0,-0.866667,false,false,-1,-1,-1,,false,false,false,AIR,MISS_FALL,true,false
RECOVERY_MX_03,3,0,0,false,false,false,false,6.5,6.456667,0,-1.3,false,false,-1,-1,-1,,false,false,false,AIR,MISS_FALL,true,false
RECOVERY_MX_03,4,0,0,false,false,false,false,6.5,6.427778,0,-1.733333,false,false,-1,-1,-1,,false,false,false,AIR,MISS_FALL,true,false
RECOVERY_MX_03,5,0,0,false,false,false,false,6.5,6.391667,0,-2.166667,false,false,-1,-1,-1,,false,false,false,AIR,MISS_FALL,true,false
RECOVERY_MX_03,6,0,0,false,false,false,false,6.5,6.348334,0,-2.6,false,false,-1,-1,-1,,false,false,false,AIR,MISS_FALL,true,false
RECOVERY_MX_03,7,0,0,false,false,false,false,6.5,6.297778,0,-3.033334,false,false,-1,-1,-1,,false,false,false,AIR,MISS_FALL,true,false
RECOVERY_MX_03,8,0,0,false,false,false,false,6.5,6.24,0,-3.466667,false,false,-1,-1,-1,,false,false,false,AIR,MISS_FALL,true,false
RECOVERY_MX_03,9,0,0,false,false,false,false,6.5,6.175,0,-3.9,false,false,-1,-1,-1,,false,false,false,AIR,MISS_FALL,true,false
RECOVERY_MX_03,10,0,0,false,false,false,false,6.5,6.102778,0,-4.333333,false,false,-1,-1,-1,,false,false,false,AIR,MISS_FALL,true,false
RECOVERY_MX_03,11,0,0,false,false,false,false,6.5,6.023334,0,-4.766667,false,false,-1,-1,-1,,false,false,false,AIR,MISS_FALL,true,false
RECOVERY_MX_03,12,0,0,false,false,false,false,6.5,5.936667,0,-5.2,false,false,-1,-1,-1,,false,false,false,AIR,MISS_FALL,true,false
RECOVERY_MX_03,13,0,0,false,false,false,false,6.5,5.842778,0,-5.633334,false,false,-1,-1,-1,,false,false,false,AIR,MISS_FALL,true,false
RECOVERY_MX_03,14,0,0,false,false,false,false,6.5,5.741667,0,-6.066667,false,false,-1,-1,-1,,false,false,false,AIR,MISS_FALL,true,false
RECOVERY_MX_03,15,0,0,false,false,false,false,6.5,5.633334,0,-6.5,false,false,-1,-1,-1,,false,false,false,AIR,MISS_FALL,true,false
RECOVERY_MX_03,16,0,0,false,false,false,false,6.5,5.517778,0,-6.933334,false,false,-1,-1,-1,,false,false,false,AIR,MISS_FALL,true,false
RECOVERY_MX_03,17,0,0,false,false,false,false,6.5,5.455,0,0,true,false,-1,-1,-1,,false,false,false,TOP_ONLY,RECOVERY_CATCH,true,false
RECOVERY_MX_03,18,-1,-1,false,false,false,false,6.491667,5.455,-0.5,0,true,true,-1,-1,-1,,false,false,false,TOP_ONLY,RECOVERY_WALK,true,false
RECOVERY_MX_03,19,-1,-1,false,false,false,false,6.475,5.455,-1,0,true,true,-1,-1,-1,,false,false,false,TOP_ONLY,RECOVERY_WALK,true,false
RECOVERY_MX_03,20,-1,-1,false,false,false,false,6.45,5.455,-1.5,0,true,true,-1,-1,-1,,false,false,false,TOP_ONLY,RECOVERY_WALK,true,false
RECOVERY_MX_03,21,-1,-1,false,false,false,false,6.416667,5.455,-2,0,true,true,-1,-1,-1,,false,false,false,TOP_ONLY,RECOVERY_WALK,true,false
RECOVERY_MX_03,22,-1,-1,false,false,false,false,6.375,5.455,-2.5,0,true,true,-1,-1,-1,,false,false,false,TOP_ONLY,RECOVERY_WALK,true,false
RECOVERY_MX_03,23,-1,-1,false,false,false,false,6.325,5.455,-3,0,true,true,-1,-1,-1,,false,false,false,TOP_ONLY,RECOVERY_WALK,true,false
RECOVERY_MX_03,24,-1,-1,false,false,false,false,6.266666,5.455,-3.5,0,true,true,-1,-1,-1,,false,false,false,TOP_ONLY,RECOVERY_WALK,true,false
RECOVERY_MX_03,25,-1,-1,false,false,false,false,6.2,5.455,-4,0,true,true,-1,-1,-1,,false,false,false,TOP_ONLY,RECOVERY_WALK,true,false
RECOVERY_MX_03,26,-1,-1,false,false,false,false,6.125,5.455,-4.5,0,true,true,-1,-1,-1,,false,false,false,TOP_ONLY,RECOVERY_WALK,true,false
RECOVERY_MX_03,27,-1,-1,false,false,false,false,6.041667,5.455,-5,0,true,true,-1,-1,-1,,false,false,false,TOP_ONLY,RECOVERY_WALK,true,false
RECOVERY_MX_03,28,-1,-1,false,false,false,false,5.95,5.455,-5.5,0,true,true,-1,-1,-1,,false,false,false,TOP_ONLY,RECOVERY_WALK,true,false
RECOVERY_MX_03,29,-1,-1,false,false,false,false,5.858333,5.455,-5.5,0,true,true,-1,-1,-1,,false,false,false,TOP_ONLY,RECOVERY_WALK,true,false
RECOVERY_MX_03,30,-1,-1,false,false,false,false,5.766666,5.455,-5.5,0,true,true,-1,-1,-1,,false,false,false,TOP_ONLY,RECOVERY_WALK,true,false
RECOVERY_MX_03,31,1,1,false,false,false,false,5.683333,5.455,-5,0,true,true,-1,-1,-1,,false,false,false,TOP_ONLY,RECOVERY_WALK,true,false
RECOVERY_MX_03,32,1,1,false,false,false,false,5.608333,5.455,-4.5,0,true,true,-1,-1,-1,,false,false,false,TOP_ONLY,RECOVERY_WALK,true,false
RECOVERY_MX_03,33,1,1,false,false,false,false,5.541667,5.455,-4,0,true,true,-1,-1,-1,,false,false,false,TOP_ONLY,REJOIN,true,false
RECOVERY_MX_03,34,0,0,false,false,false,false,5.486111,5.455,-3.333333,0,true,true,-1,-1,-1,,false,false,false,TOP_ONLY,PASS_TARGET,true,false
RECOVERY_MX_04,0,0,0,false,false,false,false,10.5,8.5,0,0,false,false,-1,-1,-1,,false,false,false,AIR,START,true,false
RECOVERY_MX_04,1,0,0,false,false,false,false,10.5,8.492778,0,-0.433333,false,false,-1,-1,-1,,false,false,false,AIR,MISS_FALL,true,false
RECOVERY_MX_04,2,0,0,false,false,false,false,10.5,8.478333,0,-0.866667,false,false,-1,-1,-1,,false,false,false,AIR,MISS_FALL,true,false
RECOVERY_MX_04,3,0,0,false,false,false,false,10.5,8.456667,0,-1.3,false,false,-1,-1,-1,,false,false,false,AIR,MISS_FALL,true,false
RECOVERY_MX_04,4,0,0,false,false,false,false,10.5,8.427778,0,-1.733333,false,false,-1,-1,-1,,false,false,false,AIR,MISS_FALL,true,false
RECOVERY_MX_04,5,0,0,false,false,false,false,10.5,8.391667,0,-2.166667,false,false,-1,-1,-1,,false,false,false,AIR,MISS_FALL,true,false
RECOVERY_MX_04,6,0,0,false,false,false,false,10.5,8.348334,0,-2.6,false,false,-1,-1,-1,,false,false,false,AIR,MISS_FALL,true,false
RECOVERY_MX_04,7,0,0,false,false,false,false,10.5,8.297779,0,-3.033334,false,false,-1,-1,-1,,false,false,false,AIR,MISS_FALL,true,false
RECOVERY_MX_04,8,0,0,false,false,false,false,10.5,8.240002,0,-3.466667,false,false,-1,-1,-1,,false,false,false,AIR,MISS_FALL,true,false
RECOVERY_MX_04,9,0,0,false,false,false,false,10.5,8.175002,0,-3.9,false,false,-1,-1,-1,,false,false,false,AIR,MISS_FALL,true,false
RECOVERY_MX_04,10,0,0,false,false,false,false,10.5,8.10278,0,-4.333333,false,false,-1,-1,-1,,false,false,false,AIR,MISS_FALL,true,false
RECOVERY_MX_04,11,0,0,false,false,false,false,10.5,8.023335,0,-4.766667,false,false,-1,-1,-1,,false,false,false,AIR,MISS_FALL,true,false
RECOVERY_MX_04,12,0,0,false,false,false,false,10.5,7.936669,0,-5.2,false,false,-1,-1,-1,,false,false,false,AIR,MISS_FALL,true,false
RECOVERY_MX_04,13,0,0,false,false,false,false,10.5,7.84278,0,-5.633334,false,false,-1,-1,-1,,false,false,false,AIR,MISS_FALL,true,false
RECOVERY_MX_04,14,0,0,false,false,false,false,10.5,7.741669,0,-6.066667,false,false,-1,-1,-1,,false,false,false,AIR,MISS_FALL,true,false
RECOVERY_MX_04,15,0,0,false,false,false,false,10.5,7.633336,0,-6.5,false,false,-1,-1,-1,,false,false,false,AIR,MISS_FALL,true,false
RECOVERY_MX_04,16,0,0,false,false,false,false,10.5,7.51778,0,-6.933334,false,false,-1,-1,-1,,false,false,false,AIR,MISS_FALL,true,false
RECOVERY_MX_04,17,0,0,false,false,false,false,10.5,7.395002,0,-7.366667,false,false,-1,-1,-1,,false,false,false,AIR,MISS_FALL,true,false
RECOVERY_MX_04,18,0,0,false,false,false,false,10.5,7.265002,0,-7.800001,false,false,-1,-1,-1,,false,false,false,AIR,MISS_FALL,true,false
RECOVERY_MX_04,19,0,0,false,false,false,false,10.5,7.12778,0,-8.233334,false,false,-1,-1,-1,,false,false,false,AIR,MISS_FALL,true,false
RECOVERY_MX_04,20,0,0,false,false,false,false,10.5,6.983335,0,-8.666667,false,false,-1,-1,-1,,false,false,false,AIR,MISS_FALL,true,false
RECOVERY_MX_04,21,0,0,false,false,false,false,10.5,6.831669,0,-9.1,false,false,-1,-1,-1,,false,false,false,AIR,MISS_FALL,true,false
RECOVERY_MX_04,22,0,0,false,false,false,false,10.5,6.67278,0,-9.533334,false,false,-1,-1,-1,,false,false,false,AIR,MISS_FALL,true,false
RECOVERY_MX_04,23,0,0,false,false,false,false,10.5,6.506669,0,-9.966667,false,false,-1,-1,-1,,false,false,false,AIR,MISS_FALL,true,false
RECOVERY_MX_04,24,0,0,false,false,false,false,10.5,6.333336,0,-10.4,false,false,-1,-1,-1,,false,false,false,AIR,MISS_FALL,true,false
RECOVERY_MX_04,25,0,0,false,false,false,false,10.5,6.152781,0,-10.83333,false,false,-1,-1,-1,,false,false,false,AIR,MISS_FALL,true,false
RECOVERY_MX_04,26,0,0,false,false,false,false,10.5,5.965003,0,-11.26667,false,false,-1,-1,-1,,false,false,false,AIR,MISS_FALL,true,false
RECOVERY_MX_04,27,0,0,false,false,false,false,10.5,5.770002,0,-11.7,false,false,-1,-1,-1,,false,false,false,AIR,MISS_FALL,true,false
RECOVERY_MX_04,28,0,0,false,false,false,false,10.5,5.56778,0,-12.13333,false,false,-1,-1,-1,,false,false,false,AIR,MISS_FALL,true,false
RECOVERY_MX_04,29,0,0,false,false,false,false,10.5,5.358335,0,-12.56667,false,false,-1,-1,-1,,false,false,false,AIR,MISS_FALL,true,false
RECOVERY_MX_04,30,0,0,false,false,false,false,10.5,5.141669,0,-13,false,false,-1,-1,-1,,false,false,false,AIR,MISS_FALL,true,false
RECOVERY_MX_04,31,0,0,false,false,false,false,10.5,4.91778,0,-13.43333,false,false,-1,-1,-1,,false,false,false,AIR,MISS_FALL,true,false
RECOVERY_MX_04,32,0,0,false,false,false,false,10.5,4.686669,0,-13.86667,false,false,-1,-1,-1,,false,false,false,AIR,MISS_FALL,true,false
RECOVERY_MX_04,33,0,0,false,false,false,false,10.5,4.455,0,0,false,false,-1,-1,-1,,false,false,false,AIR,MISS_FALL,true,false
RECOVERY_MX_04,34,0,0,false,false,false,false,10.5,4.455,0,0,true,false,-1,-1,-1,,false,false,false,SOLID,RECOVERY_CATCH,true,false
RECOVERY_MX_04,35,0,0,false,false,false,false,10.5,4.455,0,0,true,true,-1,-1,-1,,false,false,false,SOLID,REJOIN,true,false
RECOVERY_MX_04,36,0,0,false,false,false,false,10.5,4.455,0,0,true,true,-1,-1,-1,,false,false,false,SOLID,PASS_TARGET,true,false
RECOVERY_MX_05,0,0,0,false,false,false,false,15.5,8.5,0,0,false,false,-1,-1,-1,,false,false,false,AIR,START,true,false
RECOVERY_MX_05,1,0,0,false,false,false,false,15.5,8.492778,0,-0.433333,false,false,-1,-1,-1,,false,false,false,AIR,MISS_FALL,true,false
RECOVERY_MX_05,2,0,0,false,false,false,false,15.5,8.478333,0,-0.866667,false,false,-1,-1,-1,,false,false,false,AIR,MISS_FALL,true,false
RECOVERY_MX_05,3,0,0,false,false,false,false,15.5,8.456667,0,-1.3,false,false,-1,-1,-1,,false,false,false,AIR,MISS_FALL,true,false
RECOVERY_MX_05,4,0,0,false,false,false,false,15.5,8.427778,0,-1.733333,false,false,-1,-1,-1,,false,false,false,AIR,MISS_FALL,true,false
RECOVERY_MX_05,5,0,0,false,false,false,false,15.5,8.391667,0,-2.166667,false,false,-1,-1,-1,,false,false,false,AIR,MISS_FALL,true,false
RECOVERY_MX_05,6,0,0,false,false,false,false,15.5,8.348334,0,-2.6,false,false,-1,-1,-1,,false,false,false,AIR,MISS_FALL,true,false
RECOVERY_MX_05,7,0,0,false,false,false,false,15.5,8.297779,0,-3.033334,false,false,-1,-1,-1,,false,false,false,AIR,MISS_FALL,true,false
RECOVERY_MX_05,8,0,0,false,false,false,false,15.5,8.240002,0,-3.466667,false,false,-1,-1,-1,,false,false,false,AIR,MISS_FALL,true,false
RECOVERY_MX_05,9,0,0,false,false,false,false,15.5,8.175002,0,-3.9,false,false,-1,-1,-1,,false,false,false,AIR,MISS_FALL,true,false
RECOVERY_MX_05,10,0,0,false,false,false,false,15.5,8.10278,0,-4.333333,false,false,-1,-1,-1,,false,false,false,AIR,MISS_FALL,true,false
RECOVERY_MX_05,11,0,0,false,false,false,false,15.5,8.023335,0,-4.766667,false,false,-1,-1,-1,,false,false,false,AIR,MISS_FALL,true,false
RECOVERY_MX_05,12,0,0,false,false,false,false,15.5,7.936669,0,-5.2,false,false,-1,-1,-1,,false,false,false,AIR,MISS_FALL,true,false
RECOVERY_MX_05,13,0,0,false,false,false,false,15.5,7.84278,0,-5.633334,false,false,-1,-1,-1,,false,false,false,AIR,MISS_FALL,true,false
RECOVERY_MX_05,14,0,0,false,false,false,false,15.5,7.741669,0,-6.066667,false,false,-1,-1,-1,,false,false,false,AIR,MISS_FALL,true,false
RECOVERY_MX_05,15,0,0,false,false,false,false,15.5,7.633336,0,-6.5,false,false,-1,-1,-1,,false,false,false,AIR,MISS_FALL,true,false
RECOVERY_MX_05,16,0,0,false,false,false,false,15.5,7.51778,0,-6.933334,false,false,-1,-1,-1,,false,false,false,AIR,MISS_FALL,true,false
RECOVERY_MX_05,17,0,0,false,false,false,false,15.5,7.395002,0,-7.366667,false,false,-1,-1,-1,,false,false,false,AIR,MISS_FALL,true,false
RECOVERY_MX_05,18,0,0,false,false,false,false,15.5,7.265002,0,-7.800001,false,false,-1,-1,-1,,false,false,false,AIR,MISS_FALL,true,false
RECOVERY_MX_05,19,0,0,false,false,false,false,15.5,7.12778,0,-8.233334,false,false,-1,-1,-1,,false,false,false,AIR,MISS_FALL,true,false
RECOVERY_MX_05,20,0,0,false,false,false,false,15.5,6.983335,0,-8.666667,false,false,-1,-1,-1,,false,false,false,AIR,MISS_FALL,true,false
RECOVERY_MX_05,21,0,0,false,false,false,false,15.5,6.831669,0,-9.1,false,false,-1,-1,-1,,false,false,false,AIR,MISS_FALL,true,false
RECOVERY_MX_05,22,0,0,false,false,false,false,15.5,6.67278,0,-9.533334,false,false,-1,-1,-1,,false,false,false,AIR,MISS_FALL,true,false
RECOVERY_MX_05,23,0,0,false,false,false,false,15.5,6.506669,0,-9.966667,false,false,-1,-1,-1,,false,false,false,AIR,MISS_FALL,true,false
RECOVERY_MX_05,24,0,0,false,false,false,false,15.5,6.333336,0,-10.4,false,false,-1,-1,-1,,false,false,false,AIR,MISS_FALL,true,false
RECOVERY_MX_05,25,0,0,false,false,false,false,15.5,6.152781,0,-10.83333,false,false,-1,-1,-1,,false,false,false,AIR,MISS_FALL,true,false
RECOVERY_MX_05,26,0,0,false,false,false,false,15.5,5.965003,0,-11.26667,false,false,-1,-1,-1,,false,false,false,AIR,MISS_FALL,true,false
RECOVERY_MX_05,27,0,0,false,false,false,false,15.5,5.770002,0,-11.7,false,false,-1,-1,-1,,false,false,false,AIR,MISS_FALL,true,false
RECOVERY_MX_05,28,0,0,false,false,false,false,15.5,5.56778,0,-12.13333,false,false,-1,-1,-1,,false,false,false,AIR,MISS_FALL,true,false
RECOVERY_MX_05,29,0,0,false,false,false,false,15.5,5.358335,0,-12.56667,false,false,-1,-1,-1,,false,false,false,AIR,MISS_FALL,true,false
RECOVERY_MX_05,30,0,0,false,false,false,false,15.5,5.141669,0,-13,false,false,-1,-1,-1,,false,false,false,AIR,MISS_FALL,true,false
RECOVERY_MX_05,31,0,0,false,false,false,false,15.5,4.91778,0,-13.43333,false,false,-1,-1,-1,,false,false,false,AIR,MISS_FALL,true,false
RECOVERY_MX_05,32,0,0,false,false,false,false,15.5,4.686669,0,-13.86667,false,false,-1,-1,-1,,false,false,false,AIR,MISS_FALL,true,false
RECOVERY_MX_05,33,0,0,false,false,false,false,15.5,4.448336,0,-14.3,false,false,-1,-1,-1,,false,false,false,AIR,MISS_FALL,true,false
RECOVERY_MX_05,34,0,0,false,false,false,false,15.5,4.20278,0,-14.73333,false,false,-1,-1,-1,,false,false,false,AIR,MISS_FALL,true,false
RECOVERY_MX_05,35,0,0,false,false,false,false,15.5,3.950002,0,-15.16667,false,false,-1,-1,-1,,false,false,false,AIR,MISS_FALL,true,false
RECOVERY_MX_05,36,0,0,false,false,false,false,15.5,3.690002,0,-15.6,false,false,-1,-1,-1,,false,false,false,AIR,MISS_FALL,true,false
RECOVERY_MX_05,37,0,0,false,false,false,false,15.5,3.455,0,0,false,false,-1,-1,-1,,false,false,false,AIR,MISS_FALL,true,false
RECOVERY_MX_05,38,0,0,false,false,false,false,15.5,3.455,0,0,true,false,-1,-1,-1,,false,false,false,TOP_ONLY,RECOVERY_CATCH,true,false
RECOVERY_MX_05,39,0,0,false,false,false,false,15.5,3.455,0,0,true,true,-1,-1,-1,,false,false,false,TOP_ONLY,REJOIN,true,false
RECOVERY_MX_05,40,0,0,false,false,false,false,15.5,3.455,0,0,true,true,-1,-1,-1,,false,false,false,TOP_ONLY,PASS_TARGET,true,false
RECOVERY_MX_06,0,0,0,false,false,false,false,19.5,11.5,0,0,false,false,-1,-1,-1,,false,false,false,AIR,START,true,false
RECOVERY_MX_06,1,0,0,false,false,false,false,19.5,11.49278,0,-0.433333,false,false,-1,-1,-1,,false,false,false,AIR,MISS_FALL,true,false
RECOVERY_MX_06,2,0,0,false,false,false,false,19.5,11.47833,0,-0.866667,false,false,-1,-1,-1,,false,false,false,AIR,MISS_FALL,true,false
RECOVERY_MX_06,3,0,0,false,false,false,false,19.5,11.45667,0,-1.3,false,false,-1,-1,-1,,false,false,false,AIR,MISS_FALL,true,false
RECOVERY_MX_06,4,0,0,false,false,false,false,19.5,11.42778,0,-1.733333,false,false,-1,-1,-1,,false,false,false,AIR,MISS_FALL,true,false
RECOVERY_MX_06,5,0,0,false,false,false,false,19.5,11.39167,0,-2.166667,false,false,-1,-1,-1,,false,false,false,AIR,MISS_FALL,true,false
RECOVERY_MX_06,6,0,0,false,false,false,false,19.5,11.34833,0,-2.6,false,false,-1,-1,-1,,false,false,false,AIR,MISS_FALL,true,false
RECOVERY_MX_06,7,0,0,false,false,false,false,19.5,11.29778,0,-3.033334,false,false,-1,-1,-1,,false,false,false,AIR,MISS_FALL,true,false
RECOVERY_MX_06,8,0,0,false,false,false,false,19.5,11.24,0,-3.466667,false,false,-1,-1,-1,,false,false,false,AIR,MISS_FALL,true,false
RECOVERY_MX_06,9,0,0,false,false,false,false,19.5,11.175,0,-3.9,false,false,-1,-1,-1,,false,false,false,AIR,MISS_FALL,true,false
RECOVERY_MX_06,10,0,0,false,false,false,false,19.5,11.10278,0,-4.333333,false,false,-1,-1,-1,,false,false,false,AIR,MISS_FALL,true,false
RECOVERY_MX_06,11,0,0,false,false,false,false,19.5,11.02334,0,-4.766667,false,false,-1,-1,-1,,false,false,false,AIR,MISS_FALL,true,false
RECOVERY_MX_06,12,0,0,false,false,false,false,19.5,10.93667,0,-5.2,false,false,-1,-1,-1,,false,false,false,AIR,MISS_FALL,true,false
RECOVERY_MX_06,13,0,0,false,false,false,false,19.5,10.84278,0,-5.633334,false,false,-1,-1,-1,,false,false,false,AIR,MISS_FALL,true,false
RECOVERY_MX_06,14,0,0,false,false,false,false,19.5,10.74167,0,-6.066667,false,false,-1,-1,-1,,false,false,false,AIR,MISS_FALL,true,false
RECOVERY_MX_06,15,0,0,false,false,false,false,19.5,10.63333,0,-6.5,false,false,-1,-1,-1,,false,false,false,AIR,MISS_FALL,true,false
RECOVERY_MX_06,16,0,0,false,false,false,false,19.5,10.51778,0,-6.933334,false,false,-1,-1,-1,,false,false,false,AIR,MISS_FALL,true,false
RECOVERY_MX_06,17,0,0,false,false,false,false,19.5,10.455,0,0,true,false,-1,-1,-1,,false,false,false,TOP_ONLY,RECOVERY_CATCH,true,false
RECOVERY_MX_06,18,-1,-1,false,false,false,false,19.49167,10.455,-0.5,0,true,true,-1,-1,-1,,false,false,false,TOP_ONLY,RECOVERY_DROP,true,false
RECOVERY_MX_06,19,-1,-1,false,false,false,false,19.475,10.455,-1,0,true,true,-1,-1,-1,,false,false,false,TOP_ONLY,RECOVERY_DROP,true,false
RECOVERY_MX_06,20,-1,-1,false,false,false,false,19.45,10.455,-1.5,0,true,true,-1,-1,-1,,false,false,false,TOP_ONLY,RECOVERY_DROP,true,false
RECOVERY_MX_06,21,-1,-1,false,false,false,false,19.41667,10.455,-2,0,true,true,-1,-1,-1,,false,false,false,TOP_ONLY,RECOVERY_DROP,true,false
RECOVERY_MX_06,22,-1,-1,false,false,false,false,19.375,10.455,-2.5,0,true,true,-1,-1,-1,,false,false,false,TOP_ONLY,RECOVERY_DROP,true,false
RECOVERY_MX_06,23,-1,-1,false,false,false,false,19.325,10.455,-3,0,true,true,-1,-1,-1,,false,false,false,TOP_ONLY,RECOVERY_DROP,true,false
RECOVERY_MX_06,24,-1,-1,false,false,false,false,19.26667,10.455,-3.5,0,true,true,-1,-1,-1,,false,false,false,TOP_ONLY,RECOVERY_DROP,true,false
RECOVERY_MX_06,25,-1,-1,false,false,false,false,19.2,10.455,-4,0,true,true,-1,-1,-1,,false,false,false,TOP_ONLY,RECOVERY_DROP,true,false
RECOVERY_MX_06,26,-1,-1,false,false,false,false,19.125,10.455,-4.5,0,true,true,-1,-1,-1,,false,false,false,TOP_ONLY,RECOVERY_DROP,true,false
RECOVERY_MX_06,27,-1,-1,false,false,false,false,19.04167,10.455,-5,0,true,true,-1,-1,-1,,false,false,false,TOP_ONLY,RECOVERY_DROP,true,false
RECOVERY_MX_06,28,-1,-1,false,false,false,false,18.95,10.455,-5.5,0,true,true,-1,-1,-1,,false,false,false,SOLID,RECOVERY_DROP,true,false
RECOVERY_MX_06,29,-1,-1,false,false,false,false,18.85833,10.45147,-5.5,0,true,true,-1,-1,-1,,false,false,false,SOLID,RECOVERY_DROP,true,false
RECOVERY_MX_06,30,-1,-1,false,false,false,false,18.76667,10.42577,-5.5,0,true,true,-1,-1,-1,,false,false,false,SOLID,RECOVERY_DROP,true,false
RECOVERY_MX_06,31,-1,-1,false,false,false,false,18.675,10.41855,-5.5,-0.433333,false,true,-1,-1,-1,,false,false,false,AIR,RECOVERY_DROP,true,false
RECOVERY_MX_06,32,-1,-1,false,false,false,false,18.58333,10.4041,-5.5,-0.866667,false,false,-1,-1,-1,,false,false,false,AIR,RECOVERY_DROP,true,false
RECOVERY_MX_06,33,-1,-1,false,false,false,false,18.49166,10.38244,-5.5,-1.3,false,false,-1,-1,-1,,false,false,false,AIR,RECOVERY_DROP,true,false
RECOVERY_MX_06,34,1,1,false,false,false,false,18.41111,10.35355,-4.833333,-1.733333,false,false,-1,-1,-1,,false,false,false,AIR,RECOVERY_DROP,true,false
RECOVERY_MX_06,35,1,1,false,false,false,false,18.34167,10.31744,-4.166667,-2.166667,false,false,-1,-1,-1,,false,false,false,AIR,RECOVERY_DROP,true,false
RECOVERY_MX_06,36,1,1,false,false,false,false,18.28333,10.2741,-3.5,-2.6,false,false,-1,-1,-1,,false,false,false,AIR,RECOVERY_DROP,true,false
RECOVERY_MX_06,37,1,1,false,false,false,false,18.23611,10.22355,-2.833333,-3.033334,false,false,-1,-1,-1,,false,false,false,AIR,RECOVERY_DROP,true,false
RECOVERY_MX_06,38,1,1,false,false,false,false,18.2,10.16577,-2.166667,-3.466667,false,false,-1,-1,-1,,false,false,false,AIR,RECOVERY_DROP,true,false
RECOVERY_MX_06,39,1,1,false,false,false,false,18.175,10.10077,-1.5,-3.9,false,false,-1,-1,-1,,false,false,false,AIR,RECOVERY_DROP,true,false
RECOVERY_MX_06,40,1,1,false,false,false,false,18.16111,10.02855,-0.833333,-4.333333,false,false,-1,-1,-1,,false,false,false,AIR,RECOVERY_DROP,true,false
RECOVERY_MX_06,41,1,1,false,false,false,false,18.15833,9.949105,-0.166667,-4.766667,false,false,-1,-1,-1,,false,false,false,AIR,RECOVERY_DROP,true,false
RECOVERY_MX_06,42,1,1,false,false,false,false,18.16667,9.862438,0.5,-5.2,false,false,-1,-1,-1,,false,false,false,AIR,RECOVERY_DROP,true,false
RECOVERY_MX_06,43,1,1,false,false,false,false,18.18611,9.768549,1.166667,-5.633334,false,false,-1,-1,-1,,false,false,false,AIR,RECOVERY_DROP,true,false
RECOVERY_MX_06,44,1,1,false,false,false,false,18.21667,9.667438,1.833333,-6.066667,false,false,-1,-1,-1,,false,false,false,AIR,RECOVERY_DROP,true,false
RECOVERY_MX_06,45,1,1,false,false,false,false,18.25833,9.559104,2.5,-6.5,false,false,-1,-1,-1,,false,false,false,AIR,RECOVERY_DROP,true,false
RECOVERY_MX_06,46,1,1,false,false,false,false,18.31111,9.443548,3.166667,-6.933334,false,false,-1,-1,-1,,false,false,false,AIR,RECOVERY_DROP,true,false
RECOVERY_MX_06,47,1,1,false,false,false,false,18.375,9.32077,3.833334,-7.366667,false,false,-1,-1,-1,,false,false,false,AIR,RECOVERY_DROP,true,false
RECOVERY_MX_06,48,1,1,false,false,false,false,18.45,9.19077,4.5,-7.800001,false,false,-1,-1,-1,,false,false,false,AIR,RECOVERY_DROP,true,false
RECOVERY_MX_06,49,-1,-1,false,false,false,false,18.51389,9.053548,3.833334,-8.233334,false,false,-1,-1,-1,,false,false,false,AIR,RECOVERY_DROP,true,false
RECOVERY_MX_06,50,-1,-1,false,false,false,false,18.56667,8.909103,3.166667,-8.666667,false,false,-1,-1,-1,,false,false,false,AIR,RECOVERY_DROP,true,false
RECOVERY_MX_06,51,-1,-1,false,false,false,false,18.60833,8.757437,2.5,-9.1,false,false,-1,-1,-1,,false,false,false,AIR,RECOVERY_DROP,true,false
RECOVERY_MX_06,52,-1,-1,false,false,false,false,18.63889,8.598548,1.833333,-9.533334,false,false,-1,-1,-1,,false,false,false,AIR,RECOVERY_DROP,true,false
RECOVERY_MX_06,53,-1,-1,false,false,false,false,18.65833,8.455,1.166667,0,false,false,-1,-1,-1,,false,false,false,AIR,RECOVERY_DROP,true,false
RECOVERY_MX_06,54,-1,-1,false,false,false,false,18.66944,8.455,0.666667,0,true,false,-1,-1,-1,,false,false,false,SOLID,REJOIN,true,false
RECOVERY_MX_06,55,0,0,false,false,false,false,18.66944,8.455,0,0,true,true,-1,-1,-1,,false,false,false,SOLID,PASS_TARGET,true,false
RECOVERY_MX_07,0,0,0,false,false,false,false,21.5,10.5,0,0,false,false,-1,-1,-1,,false,false,false,AIR,START,true,false
RECOVERY_MX_07,1,0,0,false,false,false,false,21.5,10.49278,0,-0.433333,false,false,-1,-1,-1,,false,false,false,AIR,MISS_FALL,true,false
RECOVERY_MX_07,2,0,0,false,false,false,false,21.5,10.47833,0,-0.866667,false,false,-1,-1,-1,,false,false,false,AIR,MISS_FALL,true,false
RECOVERY_MX_07,3,0,0,false,false,false,false,21.5,10.45667,0,-1.3,false,false,-1,-1,-1,,false,false,false,AIR,MISS_FALL,true,false
RECOVERY_MX_07,4,0,0,false,false,false,false,21.5,10.42778,0,-1.733333,false,false,-1,-1,-1,,false,false,false,AIR,MISS_FALL,true,false
RECOVERY_MX_07,5,0,0,false,false,false,false,21.5,10.39167,0,-2.166667,false,false,-1,-1,-1,,false,false,false,AIR,MISS_FALL,true,false
RECOVERY_MX_07,6,0,0,false,false,false,false,21.5,10.34833,0,-2.6,false,false,-1,-1,-1,,false,false,false,AIR,MISS_FALL,true,false
RECOVERY_MX_07,7,0,0,false,false,false,false,21.5,10.29778,0,-3.033334,false,false,-1,-1,-1,,false,false,false,AIR,MISS_FALL,true,false
RECOVERY_MX_07,8,0,0,false,false,false,false,21.5,10.24,0,-3.466667,false,false,-1,-1,-1,,false,false,false,AIR,MISS_FALL,true,false
RECOVERY_MX_07,9,0,0,false,false,false,false,21.5,10.175,0,-3.9,false,false,-1,-1,-1,,false,false,false,AIR,MISS_FALL,true,false
RECOVERY_MX_07,10,0,0,false,false,false,false,21.5,10.10278,0,-4.333333,false,false,-1,-1,-1,,false,false,false,AIR,MISS_FALL,true,false
RECOVERY_MX_07,11,0,0,false,false,false,false,21.5,10.02334,0,-4.766667,false,false,-1,-1,-1,,false,false,false,AIR,MISS_FALL,true,false
RECOVERY_MX_07,12,0,0,false,false,false,false,21.5,9.936668,0,-5.2,false,false,-1,-1,-1,,false,false,false,AIR,MISS_FALL,true,false
RECOVERY_MX_07,13,0,0,false,false,false,false,21.5,9.842779,0,-5.633334,false,false,-1,-1,-1,,false,false,false,AIR,MISS_FALL,true,false
RECOVERY_MX_07,14,0,0,false,false,false,false,21.5,9.741668,0,-6.066667,false,false,-1,-1,-1,,false,false,false,AIR,MISS_FALL,true,false
RECOVERY_MX_07,15,0,0,false,false,false,false,21.5,9.633334,0,-6.5,false,false,-1,-1,-1,,false,false,false,AIR,MISS_FALL,true,false
RECOVERY_MX_07,16,0,0,false,false,false,false,21.5,9.517778,0,-6.933334,false,false,-1,-1,-1,,false,false,false,AIR,MISS_FALL,true,false
RECOVERY_MX_07,17,0,0,false,false,false,false,21.5,9.395,0,-7.366667,false,false,-1,-1,-1,,false,false,false,AIR,MISS_FALL,true,false
RECOVERY_MX_07,18,0,0,false,false,false,false,21.5,9.265,0,-7.800001,false,false,-1,-1,-1,,false,false,false,AIR,MISS_FALL,true,false
RECOVERY_MX_07,19,0,0,false,false,false,false,21.5,9.127778,0,-8.233334,false,false,-1,-1,-1,,false,false,false,AIR,MISS_FALL,true,false
RECOVERY_MX_07,20,0,0,false,false,false,false,21.5,8.983334,0,-8.666667,false,false,-1,-1,-1,,false,false,false,AIR,MISS_FALL,true,false
RECOVERY_MX_07,21,0,0,false,false,false,false,21.5,8.831667,0,-9.1,false,false,-1,-1,-1,,false,false,false,AIR,MISS_FALL,true,false
RECOVERY_MX_07,22,0,0,false,false,false,false,21.5,8.672778,0,-9.533334,false,false,-1,-1,-1,,false,false,false,AIR,MISS_FALL,true,false
RECOVERY_MX_07,23,0,0,false,false,false,false,21.5,8.506667,0,-9.966667,false,false,-1,-1,-1,,false,false,false,AIR,MISS_FALL,true,false
RECOVERY_MX_07,24,0,0,false,false,false,false,21.5,8.333334,0,-10.4,false,false,-1,-1,-1,,false,false,false,AIR,MISS_FALL,true,false
RECOVERY_MX_07,25,0,0,false,false,false,false,21.5,8.152779,0,-10.83333,false,false,-1,-1,-1,,false,false,false,AIR,MISS_FALL,true,false
RECOVERY_MX_07,26,0,0,false,false,false,false,21.5,7.965001,0,-11.26667,false,false,-1,-1,-1,,false,false,false,AIR,MISS_FALL,true,false
RECOVERY_MX_07,27,0,0,false,false,false,false,21.5,7.77,0,-11.7,false,false,-1,-1,-1,,false,false,false,AIR,MISS_FALL,true,false
RECOVERY_MX_07,28,0,0,false,false,false,false,21.5,7.567778,0,-12.13333,false,false,-1,-1,-1,,false,false,false,AIR,MISS_FALL,true,false
RECOVERY_MX_07,29,0,0,false,false,false,false,21.5,7.358334,0,-12.56667,false,false,-1,-1,-1,,false,false,false,AIR,MISS_FALL,true,false
RECOVERY_MX_07,30,0,0,false,false,false,false,21.5,7.141667,0,-13,false,false,-1,-1,-1,,false,false,false,AIR,MISS_FALL,true,false
RECOVERY_MX_07,31,0,0,false,false,false,false,21.5,6.917778,0,-13.43333,false,false,-1,-1,-1,,false,false,false,AIR,MISS_FALL,true,false
RECOVERY_MX_07,32,0,0,false,false,false,false,21.5,6.686667,0,-13.86667,false,false,-1,-1,-1,,false,false,false,AIR,MISS_FALL,true,false
RECOVERY_MX_07,33,0,0,false,false,false,false,21.5,6.448334,0,-14.3,false,false,-1,-1,-1,,false,false,false,AIR,MISS_FALL,true,false
RECOVERY_MX_07,34,0,0,false,false,false,false,21.5,6.202778,0,-14.73333,false,false,-1,-1,-1,,false,false,false,AIR,MISS_FALL,true,false
RECOVERY_MX_07,35,0,0,false,false,false,false,21.5,5.950001,0,-15.16667,false,false,-1,-1,-1,,false,false,false,AIR,MISS_FALL,true,false
RECOVERY_MX_07,36,0,0,false,false,false,false,21.5,5.690001,0,-15.6,false,false,-1,-1,-1,,false,false,false,AIR,MISS_FALL,true,false
RECOVERY_MX_07,37,0,0,false,false,false,false,21.5,5.422778,0,-16.03333,false,false,-1,-1,-1,,false,false,false,AIR,MISS_FALL,true,false
RECOVERY_MX_07,38,0,0,false,false,false,false,21.5,5.148334,0,-16.46667,false,false,-1,-1,-1,,false,false,false,AIR,MISS_FALL,true,false
RECOVERY_MX_07,39,0,0,false,false,false,false,21.5,4.866667,0,-16.9,false,false,-1,-1,-1,,false,false,false,AIR,MISS_FALL,true,false
RECOVERY_MX_07,40,0,0,false,false,false,false,21.5,4.577778,0,-17.33333,false,false,-1,-1,-1,,false,false,false,AIR,MISS_FALL,true,false
RECOVERY_MX_07,41,0,0,false,false,false,false,21.5,4.281667,0,-17.76666,false,false,-1,-1,-1,,false,false,false,AIR,MISS_FALL,true,false
RECOVERY_MX_07,42,0,0,false,false,false,false,21.5,3.978333,0,-18.2,false,false,-1,-1,-1,,false,false,false,AIR,MISS_FALL,true,false
RECOVERY_MX_07,43,0,0,false,false,false,false,21.5,3.667778,0,-18.63333,false,false,-1,-1,-1,,false,false,false,AIR,MISS_FALL,true,false
RECOVERY_MX_07,44,0,0,false,false,false,false,21.5,3.35,0,-19.06666,false,false,-1,-1,-1,,false,false,false,AIR,MISS_FALL,true,false
RECOVERY_MX_07,45,0,0,false,false,false,false,21.5,3.025001,0,-19.49999,false,false,-1,-1,-1,,false,false,false,AIR,MISS_FALL,true,false
RECOVERY_MX_07,46,0,0,false,false,false,false,21.5,2.692778,0,-19.93333,false,false,-1,-1,-1,,false,false,false,AIR,MISS_FALL,true,false
RECOVERY_MX_07,47,0,0,false,false,false,false,21.5,2.455,0,0,false,false,-1,-1,-1,,false,false,false,AIR,MISS_FALL,true,false
RECOVERY_MX_07,48,0,0,false,false,false,false,21.5,2.455,0,0,true,false,-1,-1,-1,,false,false,false,SOLID,RECOVERY_CATCH,true,false
RECOVERY_MX_07,49,0,0,false,false,false,false,21.5,2.455,0,0,true,true,-1,-1,-1,,false,false,false,SOLID,REJOIN,true,false
RECOVERY_MX_07,50,0,0,false,false,false,false,21.5,2.455,0,0,true,true,-1,-1,-1,,false,false,false,SOLID,PASS_TARGET,true,false
RECOVERY_MX_08,0,0,0,false,false,false,false,18.5,11.5,0,0,false,false,-1,-1,-1,,false,false,false,AIR,START,true,false
RECOVERY_MX_08,1,0,0,false,false,false,false,18.5,11.49278,0,-0.433333,false,false,-1,-1,-1,,false,false,false,AIR,MISS_FALL,true,false
RECOVERY_MX_08,2,0,0,false,false,false,false,18.5,11.47833,0,-0.866667,false,false,-1,-1,-1,,false,false,false,AIR,MISS_FALL,true,false
RECOVERY_MX_08,3,0,0,false,false,false,false,18.5,11.45667,0,-1.3,false,false,-1,-1,-1,,false,false,false,AIR,MISS_FALL,true,false
RECOVERY_MX_08,4,0,0,false,false,false,false,18.5,11.42778,0,-1.733333,false,false,-1,-1,-1,,false,false,false,AIR,MISS_FALL,true,false
RECOVERY_MX_08,5,0,0,false,false,false,false,18.5,11.39167,0,-2.166667,false,false,-1,-1,-1,,false,false,false,AIR,MISS_FALL,true,false
RECOVERY_MX_08,6,0,0,false,false,false,false,18.5,11.34833,0,-2.6,false,false,-1,-1,-1,,false,false,false,AIR,MISS_FALL,true,false
RECOVERY_MX_08,7,0,0,false,false,false,false,18.5,11.29778,0,-3.033334,false,false,-1,-1,-1,,false,false,false,AIR,MISS_FALL,true,false
RECOVERY_MX_08,8,0,0,false,false,false,false,18.5,11.24,0,-3.466667,false,false,-1,-1,-1,,false,false,false,AIR,MISS_FALL,true,false
RECOVERY_MX_08,9,0,0,false,false,false,false,18.5,11.175,0,-3.9,false,false,-1,-1,-1,,false,false,false,AIR,MISS_FALL,true,false
RECOVERY_MX_08,10,0,0,false,false,false,false,18.5,11.10278,0,-4.333333,false,false,-1,-1,-1,,false,false,false,AIR,MISS_FALL,true,false
RECOVERY_MX_08,11,0,0,false,false,false,false,18.5,11.02334,0,-4.766667,false,false,-1,-1,-1,,false,false,false,AIR,MISS_FALL,true,false
RECOVERY_MX_08,12,0,0,false,false,false,false,18.5,10.93667,0,-5.2,false,false,-1,-1,-1,,false,false,false,AIR,MISS_FALL,true,false
RECOVERY_MX_08,13,0,0,false,false,false,false,18.5,10.84278,0,-5.633334,false,false,-1,-1,-1,,false,false,false,AIR,MISS_FALL,true,false
RECOVERY_MX_08,14,0,0,false,false,false,false,18.5,10.74167,0,-6.066667,false,false,-1,-1,-1,,false,false,false,AIR,MISS_FALL,true,false
RECOVERY_MX_08,15,0,0,false,false,false,false,18.5,10.63333,0,-6.5,false,false,-1,-1,-1,,false,false,false,AIR,MISS_FALL,true,false
RECOVERY_MX_08,16,0,0,false,false,false,false,18.5,10.51778,0,-6.933334,false,false,-1,-1,-1,,false,false,false,AIR,MISS_FALL,true,false
RECOVERY_MX_08,17,0,0,false,false,false,false,18.5,10.395,0,-7.366667,false,false,-1,-1,-1,,false,false,false,AIR,MISS_FALL,true,false
RECOVERY_MX_08,18,0,0,false,false,false,false,18.5,10.265,0,-7.800001,false,false,-1,-1,-1,,false,false,false,AIR,MISS_FALL,true,false
RECOVERY_MX_08,19,0,0,false,false,false,false,18.5,10.12778,0,-8.233334,false,false,-1,-1,-1,,false,false,false,AIR,MISS_FALL,true,false
RECOVERY_MX_08,20,0,0,false,false,false,false,18.5,9.983334,0,-8.666667,false,false,-1,-1,-1,,false,false,false,AIR,MISS_FALL,true,false
RECOVERY_MX_08,21,0,0,false,false,false,false,18.5,9.831667,0,-9.1,false,false,-1,-1,-1,,false,false,false,AIR,MISS_FALL,true,false
RECOVERY_MX_08,22,0,0,false,false,false,false,18.5,9.672778,0,-9.533334,false,false,-1,-1,-1,,false,false,false,AIR,MISS_FALL,true,false
RECOVERY_MX_08,23,0,0,false,false,false,false,18.5,9.506667,0,-9.966667,false,false,-1,-1,-1,,false,false,false,AIR,MISS_FALL,true,false
RECOVERY_MX_08,24,0,0,false,false,false,false,18.5,9.333334,0,-10.4,false,false,-1,-1,-1,,false,false,false,AIR,MISS_FALL,true,false
RECOVERY_MX_08,25,0,0,false,false,false,false,18.5,9.152779,0,-10.83333,false,false,-1,-1,-1,,false,false,false,AIR,MISS_FALL,true,false
RECOVERY_MX_08,26,0,0,false,false,false,false,18.5,8.965001,0,-11.26667,false,false,-1,-1,-1,,false,false,false,AIR,MISS_FALL,true,false
RECOVERY_MX_08,27,0,0,false,false,false,false,18.5,8.770001,0,-11.7,false,false,-1,-1,-1,,false,false,false,AIR,MISS_FALL,true,false
RECOVERY_MX_08,28,0,0,false,false,false,false,18.5,8.56778,0,-12.13333,false,false,-1,-1,-1,,false,false,false,AIR,MISS_FALL,true,false
RECOVERY_MX_08,29,0,0,false,false,false,false,18.5,8.455,0,0,false,false,-1,-1,-1,,false,false,false,AIR,MISS_FALL,true,false
RECOVERY_MX_08,30,0,0,false,false,false,false,18.5,8.455,0,0,true,false,-1,-1,-1,,false,false,false,SOLID,RECOVERY_CATCH,true,false
RECOVERY_MX_08,31,0,0,false,false,false,false,18.5,8.455,0,0,true,true,-1,-1,-1,,false,false,false,SOLID,REJOIN,true,false
RECOVERY_MX_08,32,0,0,false,false,false,false,18.5,8.455,0,0,true,true,-1,-1,-1,,false,false,false,SOLID,PASS_TARGET,true,false
RECOVERY_R0_00,0,0,0,false,false,false,false,4.5,3.5,0,0,false,false,-1,-1,-1,,false,false,false,AIR,START,true,false
RECOVERY_R0_00,1,0,0,false,false,false,false,4.5,3.492778,0,-0.433333,false,false,-1,-1,-1,,false,false,false,AIR,MISS_FALL,true,false
RECOVERY_R0_00,2,0,0,false,false,false,false,4.5,3.478333,0,-0.866667,false,false,-1,-1,-1,,false,false,false,AIR,MISS_FALL,true,false
RECOVERY_R0_00,3,0,0,false,false,false,false,4.5,3.456667,0,-1.3,false,false,-1,-1,-1,,false,false,false,AIR,MISS_FALL,true,false
RECOVERY_R0_00,4,0,0,false,false,false,false,4.5,3.427778,0,-1.733333,false,false,-1,-1,-1,,false,false,false,AIR,MISS_FALL,true,false
RECOVERY_R0_00,5,0,0,false,false,false,false,4.5,3.391667,0,-2.166667,false,false,-1,-1,-1,,false,false,false,AIR,MISS_FALL,true,false
RECOVERY_R0_00,6,0,0,false,false,false,false,4.5,3.348333,0,-2.6,false,false,-1,-1,-1,,false,false,false,AIR,MISS_FALL,true,false
RECOVERY_R0_00,7,0,0,false,false,false,false,4.5,3.297778,0,-3.033334,false,false,-1,-1,-1,,false,false,false,AIR,MISS_FALL,true,false
RECOVERY_R0_00,8,0,0,false,false,false,false,4.5,3.24,0,-3.466667,false,false,-1,-1,-1,,false,false,false,AIR,MISS_FALL,true,false
RECOVERY_R0_00,9,0,0,false,false,false,false,4.5,3.175,0,-3.9,false,false,-1,-1,-1,,false,false,false,AIR,MISS_FALL,true,false
RECOVERY_R0_00,10,0,0,false,false,false,false,4.5,3.102778,0,-4.333333,false,false,-1,-1,-1,,false,false,false,AIR,MISS_FALL,true,false
RECOVERY_R0_00,11,0,0,false,false,false,false,4.5,3.023333,0,-4.766667,false,false,-1,-1,-1,,false,false,false,AIR,MISS_FALL,true,false
RECOVERY_R0_00,12,0,0,false,false,false,false,4.5,2.936667,0,-5.2,false,false,-1,-1,-1,,false,false,false,AIR,MISS_FALL,true,false
RECOVERY_R0_00,13,0,0,false,false,false,false,4.5,2.842778,0,-5.633334,false,false,-1,-1,-1,,false,false,false,AIR,MISS_FALL,true,false
RECOVERY_R0_00,14,0,0,false,false,false,false,4.5,2.741667,0,-6.066667,false,false,-1,-1,-1,,false,false,false,AIR,MISS_FALL,true,false
RECOVERY_R0_00,15,0,0,false,false,false,false,4.5,2.633333,0,-6.5,false,false,-1,-1,-1,,false,false,false,AIR,MISS_FALL,true,false
RECOVERY_R0_00,16,0,0,false,false,false,false,4.5,2.517778,0,-6.933334,false,false,-1,-1,-1,,false,false,false,AIR,MISS_FALL,true,false
RECOVERY_R0_00,17,0,0,false,false,false,false,4.5,2.455,0,0,true,false,-1,-1,-1,,false,false,false,TOP_ONLY,RECOVERY_CATCH,true,false
RECOVERY_R0_00,18,-1,-1,false,false,false,false,4.491667,2.455,-0.5,0,true,true,-1,-1,-1,,false,false,false,TOP_ONLY,RECOVERY_WALK,true,false
RECOVERY_R0_00,19,-1,-1,false,false,false,false,4.475,2.455,-1,0,true,true,-1,-1,-1,,false,false,false,TOP_ONLY,RECOVERY_WALK,true,false
RECOVERY_R0_00,20,-1,-1,false,false,false,false,4.45,2.455,-1.5,0,true,true,-1,-1,-1,,false,false,false,TOP_ONLY,RECOVERY_WALK,true,false
RECOVERY_R0_00,21,-1,-1,false,false,false,false,4.416667,2.455,-2,0,true,true,-1,-1,-1,,false,false,false,TOP_ONLY,RECOVERY_WALK,true,false
RECOVERY_R0_00,22,-1,-1,false,false,false,false,4.375,2.455,-2.5,0,true,true,-1,-1,-1,,false,false,false,TOP_ONLY,RECOVERY_WALK,true,false
RECOVERY_R0_00,23,-1,-1,false,false,false,false,4.325,2.455,-3,0,true,true,-1,-1,-1,,false,false,false,TOP_ONLY,RECOVERY_WALK,true,false
RECOVERY_R0_00,24,-1,-1,false,false,false,false,4.266666,2.455,-3.5,0,true,true,-1,-1,-1,,false,false,false,TOP_ONLY,RECOVERY_WALK,true,false
RECOVERY_R0_00,25,-1,-1,false,false,false,false,4.2,2.455,-4,0,true,true,-1,-1,-1,,false,false,false,TOP_ONLY,RECOVERY_WALK,true,false
RECOVERY_R0_00,26,-1,-1,false,false,false,false,4.125,2.455,-4.5,0,true,true,-1,-1,-1,,false,false,false,TOP_ONLY,RECOVERY_WALK,true,false
RECOVERY_R0_00,27,-1,-1,false,false,false,false,4.041667,2.455,-5,0,true,true,-1,-1,-1,,false,false,false,TOP_ONLY,RECOVERY_WALK,true,false
RECOVERY_R0_00,28,-1,-1,false,false,false,false,3.95,2.455,-5.5,0,true,true,-1,-1,-1,,false,false,false,TOP_ONLY,RECOVERY_WALK,true,false
RECOVERY_R0_00,29,-1,-1,false,false,false,false,3.858333,2.455,-5.5,0,true,true,-1,-1,-1,,false,false,false,TOP_ONLY,RECOVERY_WALK,true,false
RECOVERY_R0_00,30,-1,-1,false,false,false,false,3.766666,2.455,-5.5,0,true,true,-1,-1,-1,,false,false,false,TOP_ONLY,RECOVERY_WALK,true,false
RECOVERY_R0_00,31,-1,-1,false,false,false,false,3.675,2.455,-5.5,0,true,true,-1,-1,-1,,false,false,false,TOP_ONLY,RECOVERY_WALK,true,false
RECOVERY_R0_00,32,-1,-1,false,false,false,false,3.583333,2.455,-5.5,0,true,true,-1,-1,-1,,false,false,false,TOP_ONLY,RECOVERY_WALK,true,false
RECOVERY_R0_00,33,-1,-1,false,false,false,false,3.491666,2.455,-5.5,0,true,true,-1,-1,-1,,false,false,false,TOP_ONLY,RECOVERY_WALK,true,false
RECOVERY_R0_00,34,-1,-1,false,false,false,false,3.4,2.455,-5.5,0,true,true,-1,-1,-1,,false,false,false,TOP_ONLY,RECOVERY_WALK,true,false
RECOVERY_R0_00,35,-1,-1,false,false,false,false,3.308333,2.455,-5.5,0,true,true,-1,-1,-1,,false,false,false,TOP_ONLY,RECOVERY_WALK,true,false
RECOVERY_R0_00,36,-1,-1,false,false,false,false,3.216666,2.455,-5.5,0,true,true,-1,-1,-1,,false,false,false,TOP_ONLY,RECOVERY_WALK,true,false
RECOVERY_R0_00,37,-1,-1,false,false,false,false,3.125,2.455,-5.5,0,true,true,-1,-1,-1,,false,false,false,TOP_ONLY,RECOVERY_WALK,true,false
RECOVERY_R0_00,38,-1,-1,false,false,false,false,3.033333,2.455,-5.5,0,true,true,-1,-1,-1,,false,false,false,TOP_ONLY,RECOVERY_WALK,true,false
RECOVERY_R0_00,39,-1,-1,false,false,false,false,2.941666,2.455,-5.5,0,true,true,-1,-1,-1,,false,false,false,SOLID,RECOVERY_WALK,true,false
RECOVERY_R0_00,40,-1,-1,false,false,false,false,2.849999,2.455,-5.5,0,true,true,-1,-1,-1,,false,false,false,SOLID,RECOVERY_WALK,true,false
RECOVERY_R0_00,41,-1,-1,false,false,false,false,2.758333,2.455,-5.5,0,true,true,-1,-1,-1,,false,false,false,SOLID,RECOVERY_WALK,true,false
RECOVERY_R0_00,42,1,1,false,false,false,false,2.674999,2.455,-5,0,true,true,-1,-1,-1,,false,false,false,SOLID,RECOVERY_WALK,true,false
RECOVERY_R0_00,43,1,1,false,false,false,false,2.599999,2.455,-4.5,0,true,true,-1,-1,-1,,false,false,false,SOLID,RECOVERY_WALK,true,false
RECOVERY_R0_00,44,1,1,false,false,false,false,2.533333,2.455,-4,0,true,true,-1,-1,-1,,false,false,false,SOLID,REJOIN,true,false
RECOVERY_R0_00,45,0,0,false,false,false,false,2.477777,2.455,-3.333333,0,true,true,-1,-1,-1,,false,false,false,SOLID,PASS_TARGET,true,false
RECOVERY_R0_01,0,0,0,false,false,false,false,10.5,4.5,0,0,false,false,-1,-1,-1,,false,false,false,AIR,START,true,false
RECOVERY_R0_01,1,0,0,false,false,false,false,10.5,4.492778,0,-0.433333,false,false,-1,-1,-1,,false,false,false,AIR,MISS_FALL,true,false
RECOVERY_R0_01,2,0,0,false,false,false,false,10.5,4.478333,0,-0.866667,false,false,-1,-1,-1,,false,false,false,AIR,MISS_FALL,true,false
RECOVERY_R0_01,3,0,0,false,false,false,false,10.5,4.456667,0,-1.3,false,false,-1,-1,-1,,false,false,false,AIR,MISS_FALL,true,false
RECOVERY_R0_01,4,0,0,false,false,false,false,10.5,4.427778,0,-1.733333,false,false,-1,-1,-1,,false,false,false,AIR,MISS_FALL,true,false
RECOVERY_R0_01,5,0,0,false,false,false,false,10.5,4.391667,0,-2.166667,false,false,-1,-1,-1,,false,false,false,AIR,MISS_FALL,true,false
RECOVERY_R0_01,6,0,0,false,false,false,false,10.5,4.348334,0,-2.6,false,false,-1,-1,-1,,false,false,false,AIR,MISS_FALL,true,false
RECOVERY_R0_01,7,0,0,false,false,false,false,10.5,4.297778,0,-3.033334,false,false,-1,-1,-1,,false,false,false,AIR,MISS_FALL,true,false
RECOVERY_R0_01,8,0,0,false,false,false,false,10.5,4.24,0,-3.466667,false,false,-1,-1,-1,,false,false,false,AIR,MISS_FALL,true,false
RECOVERY_R0_01,9,0,0,false,false,false,false,10.5,4.175,0,-3.9,false,false,-1,-1,-1,,false,false,false,AIR,MISS_FALL,true,false
RECOVERY_R0_01,10,0,0,false,false,false,false,10.5,4.102778,0,-4.333333,false,false,-1,-1,-1,,false,false,false,AIR,MISS_FALL,true,false
RECOVERY_R0_01,11,0,0,false,false,false,false,10.5,4.023334,0,-4.766667,false,false,-1,-1,-1,,false,false,false,AIR,MISS_FALL,true,false
RECOVERY_R0_01,12,0,0,false,false,false,false,10.5,3.936667,0,-5.2,false,false,-1,-1,-1,,false,false,false,AIR,MISS_FALL,true,false
RECOVERY_R0_01,13,0,0,false,false,false,false,10.5,3.842778,0,-5.633334,false,false,-1,-1,-1,,false,false,false,AIR,MISS_FALL,true,false
RECOVERY_R0_01,14,0,0,false,false,false,false,10.5,3.741667,0,-6.066667,false,false,-1,-1,-1,,false,false,false,AIR,MISS_FALL,true,false
RECOVERY_R0_01,15,0,0,false,false,false,false,10.5,3.633333,0,-6.5,false,false,-1,-1,-1,,false,false,false,AIR,MISS_FALL,true,false
RECOVERY_R0_01,16,0,0,false,false,false,false,10.5,3.517778,0,-6.933334,false,false,-1,-1,-1,,false,false,false,AIR,MISS_FALL,true,false
RECOVERY_R0_01,17,0,0,false,false,false,false,10.5,3.455,0,0,true,false,-1,-1,-1,,false,false,false,TOP_ONLY,RECOVERY_CATCH,true,false
RECOVERY_R0_01,18,-1,-1,false,false,false,false,10.49167,3.455,-0.5,0,true,true,-1,-1,-1,,false,false,false,TOP_ONLY,RECOVERY_WALK,true,false
RECOVERY_R0_01,19,-1,-1,false,false,false,false,10.475,3.455,-1,0,true,true,-1,-1,-1,,false,false,false,TOP_ONLY,RECOVERY_WALK,true,false
RECOVERY_R0_01,20,-1,-1,false,false,false,false,10.45,3.455,-1.5,0,true,true,-1,-1,-1,,false,false,false,TOP_ONLY,RECOVERY_WALK,true,false
RECOVERY_R0_01,21,-1,-1,false,false,false,false,10.41667,3.455,-2,0,true,true,-1,-1,-1,,false,false,false,TOP_ONLY,RECOVERY_WALK,true,false
RECOVERY_R0_01,22,-1,-1,false,false,false,false,10.375,3.455,-2.5,0,true,true,-1,-1,-1,,false,false,false,TOP_ONLY,RECOVERY_WALK,true,false
RECOVERY_R0_01,23,-1,-1,false,false,false,false,10.325,3.455,-3,0,true,true,-1,-1,-1,,false,false,false,TOP_ONLY,RECOVERY_WALK,true,false
RECOVERY_R0_01,24,-1,-1,false,false,false,false,10.26667,3.455,-3.5,0,true,true,-1,-1,-1,,false,false,false,TOP_ONLY,RECOVERY_WALK,true,false
RECOVERY_R0_01,25,-1,-1,false,false,false,false,10.2,3.455,-4,0,true,true,-1,-1,-1,,false,false,false,TOP_ONLY,RECOVERY_WALK,true,false
RECOVERY_R0_01,26,-1,-1,false,false,false,false,10.125,3.455,-4.5,0,true,true,-1,-1,-1,,false,false,false,TOP_ONLY,RECOVERY_WALK,true,false
RECOVERY_R0_01,27,-1,-1,false,false,false,false,10.04167,3.455,-5,0,true,true,-1,-1,-1,,false,false,false,TOP_ONLY,RECOVERY_WALK,true,false
RECOVERY_R0_01,28,-1,-1,false,false,false,false,9.950001,3.455,-5.5,0,true,true,-1,-1,-1,,false,false,false,TOP_ONLY,RECOVERY_WALK,true,false
RECOVERY_R0_01,29,-1,-1,false,false,false,false,9.858335,3.455,-5.5,0,true,true,-1,-1,-1,,false,false,false,TOP_ONLY,RECOVERY_WALK,true,false
RECOVERY_R0_01,30,-1,-1,false,false,false,false,9.766668,3.455,-5.5,0,true,true,-1,-1,-1,,false,false,false,TOP_ONLY,RECOVERY_WALK,true,false
RECOVERY_R0_01,31,-1,-1,false,false,false,false,9.675002,3.455,-5.5,0,true,true,-1,-1,-1,,false,false,false,TOP_ONLY,RECOVERY_WALK,true,false
RECOVERY_R0_01,32,-1,-1,false,false,false,false,9.583336,3.455,-5.5,0,true,true,-1,-1,-1,,false,false,false,TOP_ONLY,RECOVERY_WALK,true,false
RECOVERY_R0_01,33,-1,-1,false,false,false,false,9.49167,3.455,-5.5,0,true,true,-1,-1,-1,,false,false,false,TOP_ONLY,RECOVERY_WALK,true,false
RECOVERY_R0_01,34,-1,-1,false,false,false,false,9.400003,3.455,-5.5,0,true,true,-1,-1,-1,,false,false,false,TOP_ONLY,RECOVERY_WALK,true,false
RECOVERY_R0_01,35,-1,-1,false,false,false,false,9.308337,3.455,-5.5,0,true,true,-1,-1,-1,,false,false,false,TOP_ONLY,RECOVERY_WALK,true,false
RECOVERY_R0_01,36,-1,-1,false,false,false,false,9.216671,3.455,-5.5,0,true,true,-1,-1,-1,,false,false,false,TOP_ONLY,RECOVERY_WALK,true,false
RECOVERY_R0_01,37,-1,-1,false,false,false,false,9.125005,3.455,-5.5,0,true,true,-1,-1,-1,,false,false,false,TOP_ONLY,RECOVERY_WALK,true,false
RECOVERY_R0_01,38,-1,-1,false,false,false,false,9.033339,3.455,-5.5,0,true,true,-1,-1,-1,,false,false,false,TOP_ONLY,RECOVERY_WALK,true,false
RECOVERY_R0_01,39,-1,-1,false,false,false,false,8.941672,3.455,-5.5,0,true,true,-1,-1,-1,,false,false,false,TOP_ONLY,RECOVERY_WALK,true,false
RECOVERY_R0_01,40,-1,-1,false,false,false,false,8.850006,3.455,-5.5,0,true,true,-1,-1,-1,,false,false,false,TOP_ONLY,RECOVERY_WALK,true,false
RECOVERY_R0_01,41,-1,-1,false,false,false,false,8.75834,3.455,-5.5,0,true,true,-1,-1,-1,,false,false,false,TOP_ONLY,RECOVERY_WALK,true,false
RECOVERY_R0_01,42,1,1,false,false,false,false,8.675007,3.455,-5,0,true,true,-1,-1,-1,,false,false,false,TOP_ONLY,RECOVERY_WALK,true,false
RECOVERY_R0_01,43,1,1,false,false,false,false,8.600007,3.455,-4.5,0,true,true,-1,-1,-1,,false,false,false,TOP_ONLY,RECOVERY_WALK,true,false
RECOVERY_R0_01,44,1,1,false,false,false,false,8.53334,3.455,-4,0,true,true,-1,-1,-1,,false,false,false,TOP_ONLY,REJOIN,true,false
RECOVERY_R0_01,45,0,0,false,false,false,false,8.477785,3.455,-3.333333,0,true,true,-1,-1,-1,,false,false,false,TOP_ONLY,PASS_TARGET,true,false
RECOVERY_R0_02,0,0,0,false,false,false,false,14.5,8.5,0,0,false,false,-1,-1,-1,,false,false,false,AIR,START,true,false
RECOVERY_R0_02,1,0,0,false,false,false,false,14.5,8.492778,0,-0.433333,false,false,-1,-1,-1,,false,false,false,AIR,MISS_FALL,true,false
RECOVERY_R0_02,2,0,0,false,false,false,false,14.5,8.478333,0,-0.866667,false,false,-1,-1,-1,,false,false,false,AIR,MISS_FALL,true,false
RECOVERY_R0_02,3,0,0,false,false,false,false,14.5,8.456667,0,-1.3,false,false,-1,-1,-1,,false,false,false,AIR,MISS_FALL,true,false
RECOVERY_R0_02,4,0,0,false,false,false,false,14.5,8.427778,0,-1.733333,false,false,-1,-1,-1,,false,false,false,AIR,MISS_FALL,true,false
RECOVERY_R0_02,5,0,0,false,false,false,false,14.5,8.391667,0,-2.166667,false,false,-1,-1,-1,,false,false,false,AIR,MISS_FALL,true,false
RECOVERY_R0_02,6,0,0,false,false,false,false,14.5,8.348334,0,-2.6,false,false,-1,-1,-1,,false,false,false,AIR,MISS_FALL,true,false
RECOVERY_R0_02,7,0,0,false,false,false,false,14.5,8.297779,0,-3.033334,false,false,-1,-1,-1,,false,false,false,AIR,MISS_FALL,true,false
RECOVERY_R0_02,8,0,0,false,false,false,false,14.5,8.240002,0,-3.466667,false,false,-1,-1,-1,,false,false,false,AIR,MISS_FALL,true,false
RECOVERY_R0_02,9,0,0,false,false,false,false,14.5,8.175002,0,-3.9,false,false,-1,-1,-1,,false,false,false,AIR,MISS_FALL,true,false
RECOVERY_R0_02,10,0,0,false,false,false,false,14.5,8.10278,0,-4.333333,false,false,-1,-1,-1,,false,false,false,AIR,MISS_FALL,true,false
RECOVERY_R0_02,11,0,0,false,false,false,false,14.5,8.023335,0,-4.766667,false,false,-1,-1,-1,,false,false,false,AIR,MISS_FALL,true,false
RECOVERY_R0_02,12,0,0,false,false,false,false,14.5,7.936669,0,-5.2,false,false,-1,-1,-1,,false,false,false,AIR,MISS_FALL,true,false
RECOVERY_R0_02,13,0,0,false,false,false,false,14.5,7.84278,0,-5.633334,false,false,-1,-1,-1,,false,false,false,AIR,MISS_FALL,true,false
RECOVERY_R0_02,14,0,0,false,false,false,false,14.5,7.741669,0,-6.066667,false,false,-1,-1,-1,,false,false,false,AIR,MISS_FALL,true,false
RECOVERY_R0_02,15,0,0,false,false,false,false,14.5,7.633336,0,-6.5,false,false,-1,-1,-1,,false,false,false,AIR,MISS_FALL,true,false
RECOVERY_R0_02,16,0,0,false,false,false,false,14.5,7.51778,0,-6.933334,false,false,-1,-1,-1,,false,false,false,AIR,MISS_FALL,true,false
RECOVERY_R0_02,17,0,0,false,false,false,false,14.5,7.455,0,0,true,false,-1,-1,-1,,false,false,false,TOP_ONLY,RECOVERY_CATCH,true,false
RECOVERY_R0_02,18,-1,-1,false,false,false,false,14.49167,7.455,-0.5,0,true,true,-1,-1,-1,,false,false,false,TOP_ONLY,RECOVERY_DROP,true,false
RECOVERY_R0_02,19,-1,-1,false,false,false,false,14.475,7.455,-1,0,true,true,-1,-1,-1,,false,false,false,TOP_ONLY,RECOVERY_DROP,true,false
RECOVERY_R0_02,20,-1,-1,false,false,false,false,14.45,7.455,-1.5,0,true,true,-1,-1,-1,,false,false,false,TOP_ONLY,RECOVERY_DROP,true,false
RECOVERY_R0_02,21,-1,-1,false,false,false,false,14.41667,7.455,-2,0,true,true,-1,-1,-1,,false,false,false,TOP_ONLY,RECOVERY_DROP,true,false
RECOVERY_R0_02,22,-1,-1,false,false,false,false,14.375,7.455,-2.5,0,true,true,-1,-1,-1,,false,false,false,TOP_ONLY,RECOVERY_DROP,true,false
RECOVERY_R0_02,23,-1,-1,false,false,false,false,14.325,7.455,-3,0,true,true,-1,-1,-1,,false,false,false,TOP_ONLY,RECOVERY_DROP,true,false
RECOVERY_R0_02,24,-1,-1,false,false,false,false,14.26667,7.455,-3.5,0,true,true,-1,-1,-1,,false,false,false,TOP_ONLY,RECOVERY_DROP,true,false
RECOVERY_R0_02,25,-1,-1,false,false,false,false,14.2,7.455,-4,0,true,true,-1,-1,-1,,false,false,false,TOP_ONLY,RECOVERY_DROP,true,false
RECOVERY_R0_02,26,-1,-1,false,false,false,false,14.125,7.455,-4.5,0,true,true,-1,-1,-1,,false,false,false,TOP_ONLY,RECOVERY_DROP,true,false
RECOVERY_R0_02,27,-1,-1,false,false,false,false,14.04167,7.455,-5,0,true,true,-1,-1,-1,,false,false,false,TOP_ONLY,RECOVERY_DROP,true,false
RECOVERY_R0_02,28,-1,-1,false,false,false,false,13.95,7.455,-5.5,0,true,true,-1,-1,-1,,false,false,false,SOLID,RECOVERY_DROP,true,false
RECOVERY_R0_02,29,-1,-1,false,false,false,false,13.85833,7.451467,-5.5,0,true,true,-1,-1,-1,,false,false,false,SOLID,RECOVERY_DROP,true,false
RECOVERY_R0_02,30,-1,-1,false,false,false,false,13.76667,7.42577,-5.5,0,true,true,-1,-1,-1,,false,false,false,SOLID,RECOVERY_DROP,true,false
RECOVERY_R0_02,31,-1,-1,false,false,false,false,13.675,7.418548,-5.5,-0.433333,false,true,-1,-1,-1,,false,false,false,AIR,RECOVERY_DROP,true,false
RECOVERY_R0_02,32,-1,-1,false,false,false,false,13.58334,7.404103,-5.5,-0.866667,false,false,-1,-1,-1,,false,false,false,AIR,RECOVERY_DROP,true,false
RECOVERY_R0_02,33,-1,-1,false,false,false,false,13.49167,7.382437,-5.5,-1.3,false,false,-1,-1,-1,,false,false,false,AIR,RECOVERY_DROP,true,false
RECOVERY_R0_02,34,1,1,false,false,false,false,13.41111,7.353548,-4.833333,-1.733333,false,false,-1,-1,-1,,false,false,false,AIR,RECOVERY_DROP,true,false
RECOVERY_R0_02,35,1,1,false,false,false,false,13.34167,7.317437,-4.166667,-2.166667,false,false,-1,-1,-1,,false,false,false,AIR,RECOVERY_DROP,true,false
RECOVERY_R0_02,36,1,1,false,false,false,false,13.28334,7.274104,-3.5,-2.6,false,false,-1,-1,-1,,false,false,false,AIR,RECOVERY_DROP,true,false
RECOVERY_R0_02,37,1,1,false,false,false,false,13.23611,7.223548,-2.833333,-3.033334,false,false,-1,-1,-1,,false,false,false,AIR,RECOVERY_DROP,true,false
RECOVERY_R0_02,38,1,1,false,false,false,false,13.2,7.16577,-2.166667,-3.466667,false,false,-1,-1,-1,,false,false,false,AIR,RECOVERY_DROP,true,false
RECOVERY_R0_02,39,1,1,false,false,false,false,13.175,7.10077,-1.5,-3.9,false,false,-1,-1,-1,,false,false,false,AIR,RECOVERY_DROP,true,false
RECOVERY_R0_02,40,1,1,false,false,false,false,13.16111,7.028548,-0.833333,-4.333333,false,false,-1,-1,-1,,false,false,false,AIR,RECOVERY_DROP,true,false
RECOVERY_R0_02,41,1,1,false,false,false,false,13.15834,6.949103,-0.166667,-4.766667,false,false,-1,-1,-1,,false,false,false,AIR,RECOVERY_DROP,true,false
RECOVERY_R0_02,42,1,1,false,false,false,false,13.16667,6.862437,0.5,-5.2,false,false,-1,-1,-1,,false,false,false,AIR,RECOVERY_DROP,true,false
RECOVERY_R0_02,43,1,1,false,false,false,false,13.18611,6.768548,1.166667,-5.633334,false,false,-1,-1,-1,,false,false,false,AIR,RECOVERY_DROP,true,false
RECOVERY_R0_02,44,1,1,false,false,false,false,13.21667,6.667437,1.833333,-6.066667,false,false,-1,-1,-1,,false,false,false,AIR,RECOVERY_DROP,true,false
RECOVERY_R0_02,45,1,1,false,false,false,false,13.25834,6.559104,2.5,-6.5,false,false,-1,-1,-1,,false,false,false,AIR,RECOVERY_DROP,true,false
RECOVERY_R0_02,46,1,1,false,false,false,false,13.31111,6.443548,3.166667,-6.933334,false,false,-1,-1,-1,,false,false,false,AIR,RECOVERY_DROP,true,false
RECOVERY_R0_02,47,1,1,false,false,false,false,13.375,6.32077,3.833334,-7.366667,false,false,-1,-1,-1,,false,false,false,AIR,RECOVERY_DROP,true,false
RECOVERY_R0_02,48,1,1,false,false,false,false,13.45,6.19077,4.5,-7.800001,false,false,-1,-1,-1,,false,false,false,AIR,RECOVERY_DROP,true,false
RECOVERY_R0_02,49,-1,-1,false,false,false,false,13.51389,6.053548,3.833334,-8.233334,false,false,-1,-1,-1,,false,false,false,AIR,RECOVERY_DROP,true,false
RECOVERY_R0_02,50,-1,-1,false,false,false,false,13.56667,5.909103,3.166667,-8.666667,false,false,-1,-1,-1,,false,false,false,AIR,RECOVERY_DROP,true,false
RECOVERY_R0_02,51,-1,-1,false,false,false,false,13.60834,5.757437,2.5,-9.1,false,false,-1,-1,-1,,false,false,false,AIR,RECOVERY_DROP,true,false
RECOVERY_R0_02,52,-1,-1,false,false,false,false,13.63889,5.598548,1.833333,-9.533334,false,false,-1,-1,-1,,false,false,false,AIR,RECOVERY_DROP,true,false
RECOVERY_R0_02,53,-1,-1,false,false,false,false,13.65834,5.432437,1.166667,-9.966667,false,false,-1,-1,-1,,false,false,false,AIR,RECOVERY_DROP,true,false
RECOVERY_R0_02,54,-1,-1,false,false,false,false,13.66667,5.259104,0.5,-10.4,false,false,-1,-1,-1,,false,false,false,AIR,RECOVERY_DROP,true,false
RECOVERY_R0_02,55,-1,-1,false,false,false,false,13.66389,5.078548,-0.166667,-10.83333,false,false,-1,-1,-1,,false,false,false,AIR,RECOVERY_DROP,true,false
RECOVERY_R0_02,56,-1,-1,false,false,false,false,13.65,4.89077,-0.833333,-11.26667,false,false,-1,-1,-1,,false,false,false,AIR,RECOVERY_DROP,true,false
RECOVERY_R0_02,57,-1,-1,false,false,false,false,13.625,4.69577,-1.5,-11.7,false,false,-1,-1,-1,,false,false,false,AIR,RECOVERY_DROP,true,false
RECOVERY_R0_02,58,-1,-1,false,false,false,false,13.58889,4.493548,-2.166667,-12.13333,false,false,-1,-1,-1,,false,false,false,AIR,RECOVERY_DROP,true,false
RECOVERY_R0_02,59,-1,-1,false,false,false,false,13.54445,4.455,-2.666667,0,true,false,-1,-1,-1,,false,false,false,SOLID,REJOIN,true,false
RECOVERY_R0_02,60,0,0,false,false,false,false,13.51111,4.455,-2,0,true,true,-1,-1,-1,,false,false,false,SOLID,PASS_TARGET,true,false
RECOVERY_R0_03,0,0,0,false,false,false,false,17.5,6.5,0,0,false,false,-1,-1,-1,,false,false,false,AIR,START,true,false
RECOVERY_R0_03,1,0,0,false,false,false,false,17.5,6.492778,0,-0.433333,false,false,-1,-1,-1,,false,false,false,AIR,MISS_FALL,true,false
RECOVERY_R0_03,2,0,0,false,false,false,false,17.5,6.478333,0,-0.866667,false,false,-1,-1,-1,,false,false,false,AIR,MISS_FALL,true,false
RECOVERY_R0_03,3,0,0,false,false,false,false,17.5,6.456667,0,-1.3,false,false,-1,-1,-1,,false,false,false,AIR,MISS_FALL,true,false
RECOVERY_R0_03,4,0,0,false,false,false,false,17.5,6.427778,0,-1.733333,false,false,-1,-1,-1,,false,false,false,AIR,MISS_FALL,true,false
RECOVERY_R0_03,5,0,0,false,false,false,false,17.5,6.391667,0,-2.166667,false,false,-1,-1,-1,,false,false,false,AIR,MISS_FALL,true,false
RECOVERY_R0_03,6,0,0,false,false,false,false,17.5,6.348334,0,-2.6,false,false,-1,-1,-1,,false,false,false,AIR,MISS_FALL,true,false
RECOVERY_R0_03,7,0,0,false,false,false,false,17.5,6.297778,0,-3.033334,false,false,-1,-1,-1,,false,false,false,AIR,MISS_FALL,true,false
RECOVERY_R0_03,8,0,0,false,false,false,false,17.5,6.24,0,-3.466667,false,false,-1,-1,-1,,false,false,false,AIR,MISS_FALL,true,false
RECOVERY_R0_03,9,0,0,false,false,false,false,17.5,6.175,0,-3.9,false,false,-1,-1,-1,,false,false,false,AIR,MISS_FALL,true,false
RECOVERY_R0_03,10,0,0,false,false,false,false,17.5,6.102778,0,-4.333333,false,false,-1,-1,-1,,false,false,false,AIR,MISS_FALL,true,false
RECOVERY_R0_03,11,0,0,false,false,false,false,17.5,6.023334,0,-4.766667,false,false,-1,-1,-1,,false,false,false,AIR,MISS_FALL,true,false
RECOVERY_R0_03,12,0,0,false,false,false,false,17.5,5.936667,0,-5.2,false,false,-1,-1,-1,,false,false,false,AIR,MISS_FALL,true,false
RECOVERY_R0_03,13,0,0,false,false,false,false,17.5,5.842778,0,-5.633334,false,false,-1,-1,-1,,false,false,false,AIR,MISS_FALL,true,false
RECOVERY_R0_03,14,0,0,false,false,false,false,17.5,5.741667,0,-6.066667,false,false,-1,-1,-1,,false,false,false,AIR,MISS_FALL,true,false
RECOVERY_R0_03,15,0,0,false,false,false,false,17.5,5.633334,0,-6.5,false,false,-1,-1,-1,,false,false,false,AIR,MISS_FALL,true,false
RECOVERY_R0_03,16,0,0,false,false,false,false,17.5,5.517778,0,-6.933334,false,false,-1,-1,-1,,false,false,false,AIR,MISS_FALL,true,false
RECOVERY_R0_03,17,0,0,false,false,false,false,17.5,5.455,0,0,true,false,-1,-1,-1,,false,false,false,TOP_ONLY,RECOVERY_CATCH,true,false
RECOVERY_R0_03,18,1,1,false,false,false,false,17.50833,5.455,0.5,0,true,true,-1,-1,-1,,false,false,false,TOP_ONLY,RECOVERY_WALK,true,false
RECOVERY_R0_03,19,1,1,false,false,false,false,17.525,5.455,1,0,true,true,-1,-1,-1,,false,false,false,TOP_ONLY,RECOVERY_WALK,true,false
RECOVERY_R0_03,20,1,1,false,false,false,false,17.55,5.455,1.5,0,true,true,-1,-1,-1,,false,false,false,TOP_ONLY,RECOVERY_WALK,true,false
RECOVERY_R0_03,21,1,1,false,false,false,false,17.58333,5.455,2,0,true,true,-1,-1,-1,,false,false,false,TOP_ONLY,RECOVERY_WALK,true,false
RECOVERY_R0_03,22,1,1,false,false,false,false,17.625,5.455,2.5,0,true,true,-1,-1,-1,,false,false,false,TOP_ONLY,RECOVERY_WALK,true,false
RECOVERY_R0_03,23,1,1,false,false,false,false,17.675,5.455,3,0,true,true,-1,-1,-1,,false,false,false,TOP_ONLY,RECOVERY_WALK,true,false
RECOVERY_R0_03,24,1,1,false,false,false,false,17.73333,5.455,3.5,0,true,true,-1,-1,-1,,false,false,false,TOP_ONLY,RECOVERY_WALK,true,false
RECOVERY_R0_03,25,1,1,false,false,false,false,17.8,5.455,4,0,true,true,-1,-1,-1,,false,false,false,TOP_ONLY,RECOVERY_WALK,true,false
RECOVERY_R0_03,26,1,1,false,false,false,false,17.875,5.455,4.5,0,true,true,-1,-1,-1,,false,false,false,TOP_ONLY,RECOVERY_WALK,true,false
RECOVERY_R0_03,27,1,1,false,false,false,false,17.95833,5.455,5,0,true,true,-1,-1,-1,,false,false,false,TOP_ONLY,RECOVERY_WALK,true,false
RECOVERY_R0_03,28,1,1,false,false,false,false,18.05,5.455,5.5,0,true,true,-1,-1,-1,,false,false,false,TOP_ONLY,RECOVERY_WALK,true,false
RECOVERY_R0_03,29,1,1,false,false,false,false,18.14167,5.455,5.5,0,true,true,-1,-1,-1,,false,false,false,TOP_ONLY,RECOVERY_WALK,true,false
RECOVERY_R0_03,30,1,1,false,false,false,false,18.23333,5.455,5.5,0,true,true,-1,-1,-1,,false,false,false,TOP_ONLY,RECOVERY_WALK,true,false
RECOVERY_R0_03,31,-1,-1,false,false,false,false,18.31667,5.455,5,0,true,true,-1,-1,-1,,false,false,false,TOP_ONLY,RECOVERY_WALK,true,false
RECOVERY_R0_03,32,-1,-1,false,false,false,false,18.39167,5.455,4.5,0,true,true,-1,-1,-1,,false,false,false,TOP_ONLY,RECOVERY_WALK,true,false
RECOVERY_R0_03,33,-1,-1,false,false,false,false,18.45834,5.455,4,0,true,true,-1,-1,-1,,false,false,false,TOP_ONLY,REJOIN,true,false
RECOVERY_R0_03,34,0,0,false,false,false,false,18.51389,5.455,3.333333,0,true,true,-1,-1,-1,,false,false,false,TOP_ONLY,PASS_TARGET,true,false
RECOVERY_R0_04,0,0,0,false,false,false,false,13.5,8.5,0,0,false,false,-1,-1,-1,,false,false,false,AIR,START,true,false
RECOVERY_R0_04,1,0,0,false,false,false,false,13.5,8.492778,0,-0.433333,false,false,-1,-1,-1,,false,false,false,AIR,MISS_FALL,true,false
RECOVERY_R0_04,2,0,0,false,false,false,false,13.5,8.478333,0,-0.866667,false,false,-1,-1,-1,,false,false,false,AIR,MISS_FALL,true,false
RECOVERY_R0_04,3,0,0,false,false,false,false,13.5,8.456667,0,-1.3,false,false,-1,-1,-1,,false,false,false,AIR,MISS_FALL,true,false
RECOVERY_R0_04,4,0,0,false,false,false,false,13.5,8.427778,0,-1.733333,false,false,-1,-1,-1,,false,false,false,AIR,MISS_FALL,true,false
RECOVERY_R0_04,5,0,0,false,false,false,false,13.5,8.391667,0,-2.166667,false,false,-1,-1,-1,,false,false,false,AIR,MISS_FALL,true,false
RECOVERY_R0_04,6,0,0,false,false,false,false,13.5,8.348334,0,-2.6,false,false,-1,-1,-1,,false,false,false,AIR,MISS_FALL,true,false
RECOVERY_R0_04,7,0,0,false,false,false,false,13.5,8.297779,0,-3.033334,false,false,-1,-1,-1,,false,false,false,AIR,MISS_FALL,true,false
RECOVERY_R0_04,8,0,0,false,false,false,false,13.5,8.240002,0,-3.466667,false,false,-1,-1,-1,,false,false,false,AIR,MISS_FALL,true,false
RECOVERY_R0_04,9,0,0,false,false,false,false,13.5,8.175002,0,-3.9,false,false,-1,-1,-1,,false,false,false,AIR,MISS_FALL,true,false
RECOVERY_R0_04,10,0,0,false,false,false,false,13.5,8.10278,0,-4.333333,false,false,-1,-1,-1,,false,false,false,AIR,MISS_FALL,true,false
RECOVERY_R0_04,11,0,0,false,false,false,false,13.5,8.023335,0,-4.766667,false,false,-1,-1,-1,,false,false,false,AIR,MISS_FALL,true,false
RECOVERY_R0_04,12,0,0,false,false,false,false,13.5,7.936669,0,-5.2,false,false,-1,-1,-1,,false,false,false,AIR,MISS_FALL,true,false
RECOVERY_R0_04,13,0,0,false,false,false,false,13.5,7.84278,0,-5.633334,false,false,-1,-1,-1,,false,false,false,AIR,MISS_FALL,true,false
RECOVERY_R0_04,14,0,0,false,false,false,false,13.5,7.741669,0,-6.066667,false,false,-1,-1,-1,,false,false,false,AIR,MISS_FALL,true,false
RECOVERY_R0_04,15,0,0,false,false,false,false,13.5,7.633336,0,-6.5,false,false,-1,-1,-1,,false,false,false,AIR,MISS_FALL,true,false
RECOVERY_R0_04,16,0,0,false,false,false,false,13.5,7.51778,0,-6.933334,false,false,-1,-1,-1,,false,false,false,AIR,MISS_FALL,true,false
RECOVERY_R0_04,17,0,0,false,false,false,false,13.5,7.395002,0,-7.366667,false,false,-1,-1,-1,,false,false,false,AIR,MISS_FALL,true,false
RECOVERY_R0_04,18,0,0,false,false,false,false,13.5,7.265002,0,-7.800001,false,false,-1,-1,-1,,false,false,false,AIR,MISS_FALL,true,false
RECOVERY_R0_04,19,0,0,false,false,false,false,13.5,7.12778,0,-8.233334,false,false,-1,-1,-1,,false,false,false,AIR,MISS_FALL,true,false
RECOVERY_R0_04,20,0,0,false,false,false,false,13.5,6.983335,0,-8.666667,false,false,-1,-1,-1,,false,false,false,AIR,MISS_FALL,true,false
RECOVERY_R0_04,21,0,0,false,false,false,false,13.5,6.831669,0,-9.1,false,false,-1,-1,-1,,false,false,false,AIR,MISS_FALL,true,false
RECOVERY_R0_04,22,0,0,false,false,false,false,13.5,6.67278,0,-9.533334,false,false,-1,-1,-1,,false,false,false,AIR,MISS_FALL,true,false
RECOVERY_R0_04,23,0,0,false,false,false,false,13.5,6.506669,0,-9.966667,false,false,-1,-1,-1,,false,false,false,AIR,MISS_FALL,true,false
RECOVERY_R0_04,24,0,0,false,false,false,false,13.5,6.333336,0,-10.4,false,false,-1,-1,-1,,false,false,false,AIR,MISS_FALL,true,false
RECOVERY_R0_04,25,0,0,false,false,false,false,13.5,6.152781,0,-10.83333,false,false,-1,-1,-1,,false,false,false,AIR,MISS_FALL,true,false
RECOVERY_R0_04,26,0,0,false,false,false,false,13.5,5.965003,0,-11.26667,false,false,-1,-1,-1,,false,false,false,AIR,MISS_FALL,true,false
RECOVERY_R0_04,27,0,0,false,false,false,false,13.5,5.770002,0,-11.7,false,false,-1,-1,-1,,false,false,false,AIR,MISS_FALL,true,false
RECOVERY_R0_04,28,0,0,false,false,false,false,13.5,5.56778,0,-12.13333,false,false,-1,-1,-1,,false,false,false,AIR,MISS_FALL,true,false
RECOVERY_R0_04,29,0,0,false,false,false,false,13.5,5.358335,0,-12.56667,false,false,-1,-1,-1,,false,false,false,AIR,MISS_FALL,true,false
RECOVERY_R0_04,30,0,0,false,false,false,false,13.5,5.141669,0,-13,false,false,-1,-1,-1,,false,false,false,AIR,MISS_FALL,true,false
RECOVERY_R0_04,31,0,0,false,false,false,false,13.5,4.91778,0,-13.43333,false,false,-1,-1,-1,,false,false,false,AIR,MISS_FALL,true,false
RECOVERY_R0_04,32,0,0,false,false,false,false,13.5,4.686669,0,-13.86667,false,false,-1,-1,-1,,false,false,false,AIR,MISS_FALL,true,false
RECOVERY_R0_04,33,0,0,false,false,false,false,13.5,4.455,0,0,false,false,-1,-1,-1,,false,false,false,AIR,MISS_FALL,true,false
RECOVERY_R0_04,34,0,0,false,false,false,false,13.5,4.455,0,0,true,false,-1,-1,-1,,false,false,false,SOLID,RECOVERY_CATCH,true,false
RECOVERY_R0_04,35,0,0,false,false,false,false,13.5,4.455,0,0,true,true,-1,-1,-1,,false,false,false,SOLID,REJOIN,true,false
RECOVERY_R0_04,36,0,0,false,false,false,false,13.5,4.455,0,0,true,true,-1,-1,-1,,false,false,false,SOLID,PASS_TARGET,true,false
RECOVERY_R0_05,0,0,0,false,false,false,false,8.5,8.5,0,0,false,false,-1,-1,-1,,false,false,false,AIR,START,true,false
RECOVERY_R0_05,1,0,0,false,false,false,false,8.5,8.492778,0,-0.433333,false,false,-1,-1,-1,,false,false,false,AIR,MISS_FALL,true,false
RECOVERY_R0_05,2,0,0,false,false,false,false,8.5,8.478333,0,-0.866667,false,false,-1,-1,-1,,false,false,false,AIR,MISS_FALL,true,false
RECOVERY_R0_05,3,0,0,false,false,false,false,8.5,8.456667,0,-1.3,false,false,-1,-1,-1,,false,false,false,AIR,MISS_FALL,true,false
RECOVERY_R0_05,4,0,0,false,false,false,false,8.5,8.427778,0,-1.733333,false,false,-1,-1,-1,,false,false,false,AIR,MISS_FALL,true,false
RECOVERY_R0_05,5,0,0,false,false,false,false,8.5,8.391667,0,-2.166667,false,false,-1,-1,-1,,false,false,false,AIR,MISS_FALL,true,false
RECOVERY_R0_05,6,0,0,false,false,false,false,8.5,8.348334,0,-2.6,false,false,-1,-1,-1,,false,false,false,AIR,MISS_FALL,true,false
RECOVERY_R0_05,7,0,0,false,false,false,false,8.5,8.297779,0,-3.033334,false,false,-1,-1,-1,,false,false,false,AIR,MISS_FALL,true,false
RECOVERY_R0_05,8,0,0,false,false,false,false,8.5,8.240002,0,-3.466667,false,false,-1,-1,-1,,false,false,false,AIR,MISS_FALL,true,false
RECOVERY_R0_05,9,0,0,false,false,false,false,8.5,8.175002,0,-3.9,false,false,-1,-1,-1,,false,false,false,AIR,MISS_FALL,true,false
RECOVERY_R0_05,10,0,0,false,false,false,false,8.5,8.10278,0,-4.333333,false,false,-1,-1,-1,,false,false,false,AIR,MISS_FALL,true,false
RECOVERY_R0_05,11,0,0,false,false,false,false,8.5,8.023335,0,-4.766667,false,false,-1,-1,-1,,false,false,false,AIR,MISS_FALL,true,false
RECOVERY_R0_05,12,0,0,false,false,false,false,8.5,7.936669,0,-5.2,false,false,-1,-1,-1,,false,false,false,AIR,MISS_FALL,true,false
RECOVERY_R0_05,13,0,0,false,false,false,false,8.5,7.84278,0,-5.633334,false,false,-1,-1,-1,,false,false,false,AIR,MISS_FALL,true,false
RECOVERY_R0_05,14,0,0,false,false,false,false,8.5,7.741669,0,-6.066667,false,false,-1,-1,-1,,false,false,false,AIR,MISS_FALL,true,false
RECOVERY_R0_05,15,0,0,false,false,false,false,8.5,7.633336,0,-6.5,false,false,-1,-1,-1,,false,false,false,AIR,MISS_FALL,true,false
RECOVERY_R0_05,16,0,0,false,false,false,false,8.5,7.51778,0,-6.933334,false,false,-1,-1,-1,,false,false,false,AIR,MISS_FALL,true,false
RECOVERY_R0_05,17,0,0,false,false,false,false,8.5,7.395002,0,-7.366667,false,false,-1,-1,-1,,false,false,false,AIR,MISS_FALL,true,false
RECOVERY_R0_05,18,0,0,false,false,false,false,8.5,7.265002,0,-7.800001,false,false,-1,-1,-1,,false,false,false,AIR,MISS_FALL,true,false
RECOVERY_R0_05,19,0,0,false,false,false,false,8.5,7.12778,0,-8.233334,false,false,-1,-1,-1,,false,false,false,AIR,MISS_FALL,true,false
RECOVERY_R0_05,20,0,0,false,false,false,false,8.5,6.983335,0,-8.666667,false,false,-1,-1,-1,,false,false,false,AIR,MISS_FALL,true,false
RECOVERY_R0_05,21,0,0,false,false,false,false,8.5,6.831669,0,-9.1,false,false,-1,-1,-1,,false,false,false,AIR,MISS_FALL,true,false
RECOVERY_R0_05,22,0,0,false,false,false,false,8.5,6.67278,0,-9.533334,false,false,-1,-1,-1,,false,false,false,AIR,MISS_FALL,true,false
RECOVERY_R0_05,23,0,0,false,false,false,false,8.5,6.506669,0,-9.966667,false,false,-1,-1,-1,,false,false,false,AIR,MISS_FALL,true,false
RECOVERY_R0_05,24,0,0,false,false,false,false,8.5,6.333336,0,-10.4,false,false,-1,-1,-1,,false,false,false,AIR,MISS_FALL,true,false
RECOVERY_R0_05,25,0,0,false,false,false,false,8.5,6.152781,0,-10.83333,false,false,-1,-1,-1,,false,false,false,AIR,MISS_FALL,true,false
RECOVERY_R0_05,26,0,0,false,false,false,false,8.5,5.965003,0,-11.26667,false,false,-1,-1,-1,,false,false,false,AIR,MISS_FALL,true,false
RECOVERY_R0_05,27,0,0,false,false,false,false,8.5,5.770002,0,-11.7,false,false,-1,-1,-1,,false,false,false,AIR,MISS_FALL,true,false
RECOVERY_R0_05,28,0,0,false,false,false,false,8.5,5.56778,0,-12.13333,false,false,-1,-1,-1,,false,false,false,AIR,MISS_FALL,true,false
RECOVERY_R0_05,29,0,0,false,false,false,false,8.5,5.358335,0,-12.56667,false,false,-1,-1,-1,,false,false,false,AIR,MISS_FALL,true,false
RECOVERY_R0_05,30,0,0,false,false,false,false,8.5,5.141669,0,-13,false,false,-1,-1,-1,,false,false,false,AIR,MISS_FALL,true,false
RECOVERY_R0_05,31,0,0,false,false,false,false,8.5,4.91778,0,-13.43333,false,false,-1,-1,-1,,false,false,false,AIR,MISS_FALL,true,false
RECOVERY_R0_05,32,0,0,false,false,false,false,8.5,4.686669,0,-13.86667,false,false,-1,-1,-1,,false,false,false,AIR,MISS_FALL,true,false
RECOVERY_R0_05,33,0,0,false,false,false,false,8.5,4.448336,0,-14.3,false,false,-1,-1,-1,,false,false,false,AIR,MISS_FALL,true,false
RECOVERY_R0_05,34,0,0,false,false,false,false,8.5,4.20278,0,-14.73333,false,false,-1,-1,-1,,false,false,false,AIR,MISS_FALL,true,false
RECOVERY_R0_05,35,0,0,false,false,false,false,8.5,3.950002,0,-15.16667,false,false,-1,-1,-1,,false,false,false,AIR,MISS_FALL,true,false
RECOVERY_R0_05,36,0,0,false,false,false,false,8.5,3.690002,0,-15.6,false,false,-1,-1,-1,,false,false,false,AIR,MISS_FALL,true,false
RECOVERY_R0_05,37,0,0,false,false,false,false,8.5,3.455,0,0,false,false,-1,-1,-1,,false,false,false,AIR,MISS_FALL,true,false
RECOVERY_R0_05,38,0,0,false,false,false,false,8.5,3.455,0,0,true,false,-1,-1,-1,,false,false,false,TOP_ONLY,RECOVERY_CATCH,true,false
RECOVERY_R0_05,39,0,0,false,false,false,false,8.5,3.455,0,0,true,true,-1,-1,-1,,false,false,false,TOP_ONLY,REJOIN,true,false
RECOVERY_R0_05,40,0,0,false,false,false,false,8.5,3.455,0,0,true,true,-1,-1,-1,,false,false,false,TOP_ONLY,PASS_TARGET,true,false
RECOVERY_R0_06,0,0,0,false,false,false,false,4.5,11.5,0,0,false,false,-1,-1,-1,,false,false,false,AIR,START,true,false
RECOVERY_R0_06,1,0,0,false,false,false,false,4.5,11.49278,0,-0.433333,false,false,-1,-1,-1,,false,false,false,AIR,MISS_FALL,true,false
RECOVERY_R0_06,2,0,0,false,false,false,false,4.5,11.47833,0,-0.866667,false,false,-1,-1,-1,,false,false,false,AIR,MISS_FALL,true,false
RECOVERY_R0_06,3,0,0,false,false,false,false,4.5,11.45667,0,-1.3,false,false,-1,-1,-1,,false,false,false,AIR,MISS_FALL,true,false
RECOVERY_R0_06,4,0,0,false,false,false,false,4.5,11.42778,0,-1.733333,false,false,-1,-1,-1,,false,false,false,AIR,MISS_FALL,true,false
RECOVERY_R0_06,5,0,0,false,false,false,false,4.5,11.39167,0,-2.166667,false,false,-1,-1,-1,,false,false,false,AIR,MISS_FALL,true,false
RECOVERY_R0_06,6,0,0,false,false,false,false,4.5,11.34833,0,-2.6,false,false,-1,-1,-1,,false,false,false,AIR,MISS_FALL,true,false
RECOVERY_R0_06,7,0,0,false,false,false,false,4.5,11.29778,0,-3.033334,false,false,-1,-1,-1,,false,false,false,AIR,MISS_FALL,true,false
RECOVERY_R0_06,8,0,0,false,false,false,false,4.5,11.24,0,-3.466667,false,false,-1,-1,-1,,false,false,false,AIR,MISS_FALL,true,false
RECOVERY_R0_06,9,0,0,false,false,false,false,4.5,11.175,0,-3.9,false,false,-1,-1,-1,,false,false,false,AIR,MISS_FALL,true,false
RECOVERY_R0_06,10,0,0,false,false,false,false,4.5,11.10278,0,-4.333333,false,false,-1,-1,-1,,false,false,false,AIR,MISS_FALL,true,false
RECOVERY_R0_06,11,0,0,false,false,false,false,4.5,11.02334,0,-4.766667,false,false,-1,-1,-1,,false,false,false,AIR,MISS_FALL,true,false
RECOVERY_R0_06,12,0,0,false,false,false,false,4.5,10.93667,0,-5.2,false,false,-1,-1,-1,,false,false,false,AIR,MISS_FALL,true,false
RECOVERY_R0_06,13,0,0,false,false,false,false,4.5,10.84278,0,-5.633334,false,false,-1,-1,-1,,false,false,false,AIR,MISS_FALL,true,false
RECOVERY_R0_06,14,0,0,false,false,false,false,4.5,10.74167,0,-6.066667,false,false,-1,-1,-1,,false,false,false,AIR,MISS_FALL,true,false
RECOVERY_R0_06,15,0,0,false,false,false,false,4.5,10.63333,0,-6.5,false,false,-1,-1,-1,,false,false,false,AIR,MISS_FALL,true,false
RECOVERY_R0_06,16,0,0,false,false,false,false,4.5,10.51778,0,-6.933334,false,false,-1,-1,-1,,false,false,false,AIR,MISS_FALL,true,false
RECOVERY_R0_06,17,0,0,false,false,false,false,4.5,10.455,0,0,true,false,-1,-1,-1,,false,false,false,TOP_ONLY,RECOVERY_CATCH,true,false
RECOVERY_R0_06,18,1,1,false,false,false,false,4.508333,10.455,0.5,0,true,true,-1,-1,-1,,false,false,false,TOP_ONLY,RECOVERY_DROP,true,false
RECOVERY_R0_06,19,1,1,false,false,false,false,4.525,10.455,1,0,true,true,-1,-1,-1,,false,false,false,TOP_ONLY,RECOVERY_DROP,true,false
RECOVERY_R0_06,20,1,1,false,false,false,false,4.55,10.455,1.5,0,true,true,-1,-1,-1,,false,false,false,TOP_ONLY,RECOVERY_DROP,true,false
RECOVERY_R0_06,21,1,1,false,false,false,false,4.583333,10.455,2,0,true,true,-1,-1,-1,,false,false,false,TOP_ONLY,RECOVERY_DROP,true,false
RECOVERY_R0_06,22,1,1,false,false,false,false,4.625,10.455,2.5,0,true,true,-1,-1,-1,,false,false,false,TOP_ONLY,RECOVERY_DROP,true,false
RECOVERY_R0_06,23,1,1,false,false,false,false,4.675,10.455,3,0,true,true,-1,-1,-1,,false,false,false,TOP_ONLY,RECOVERY_DROP,true,false
RECOVERY_R0_06,24,1,1,false,false,false,false,4.733334,10.455,3.5,0,true,true,-1,-1,-1,,false,false,false,TOP_ONLY,RECOVERY_DROP,true,false
RECOVERY_R0_06,25,1,1,false,false,false,false,4.8,10.455,4,0,true,true,-1,-1,-1,,false,false,false,TOP_ONLY,RECOVERY_DROP,true,false
RECOVERY_R0_06,26,1,1,false,false,false,false,4.875,10.455,4.5,0,true,true,-1,-1,-1,,false,false,false,TOP_ONLY,RECOVERY_DROP,true,false
RECOVERY_R0_06,27,1,1,false,false,false,false,4.958333,10.455,5,0,true,true,-1,-1,-1,,false,false,false,TOP_ONLY,RECOVERY_DROP,true,false
RECOVERY_R0_06,28,1,1,false,false,false,false,5.05,10.455,5.5,0,true,true,-1,-1,-1,,false,false,false,SOLID,RECOVERY_DROP,true,false
RECOVERY_R0_06,29,1,1,false,false,false,false,5.141667,10.45147,5.5,0,true,true,-1,-1,-1,,false,false,false,SOLID,RECOVERY_DROP,true,false
RECOVERY_R0_06,30,1,1,false,false,false,false,5.233334,10.42577,5.5,0,true,true,-1,-1,-1,,false,false,false,SOLID,RECOVERY_DROP,true,false
RECOVERY_R0_06,31,1,1,false,false,false,false,5.325,10.41855,5.5,-0.433333,false,true,-1,-1,-1,,false,false,false,AIR,RECOVERY_DROP,true,false
RECOVERY_R0_06,32,1,1,false,false,false,false,5.416667,10.4041,5.5,-0.866667,false,false,-1,-1,-1,,false,false,false,AIR,RECOVERY_DROP,true,false
RECOVERY_R0_06,33,1,1,false,false,false,false,5.508334,10.38244,5.5,-1.3,false,false,-1,-1,-1,,false,false,false,AIR,RECOVERY_DROP,true,false
RECOVERY_R0_06,34,-1,-1,false,false,false,false,5.588889,10.35355,4.833333,-1.733333,false,false,-1,-1,-1,,false,false,false,AIR,RECOVERY_DROP,true,false
RECOVERY_R0_06,35,-1,-1,false,false,false,false,5.658334,10.31744,4.166667,-2.166667,false,false,-1,-1,-1,,false,false,false,AIR,RECOVERY_DROP,true,false
RECOVERY_R0_06,36,-1,-1,false,false,false,false,5.716667,10.2741,3.5,-2.6,false,false,-1,-1,-1,,false,false,false,AIR,RECOVERY_DROP,true,false
RECOVERY_R0_06,37,-1,-1,false,false,false,false,5.763889,10.22355,2.833333,-3.033334,false,false,-1,-1,-1,,false,false,false,AIR,RECOVERY_DROP,true,false
RECOVERY_R0_06,38,-1,-1,false,false,false,false,5.8,10.16577,2.166667,-3.466667,false,false,-1,-1,-1,,false,false,false,AIR,RECOVERY_DROP,true,false
RECOVERY_R0_06,39,-1,-1,false,false,false,false,5.825,10.10077,1.5,-3.9,false,false,-1,-1,-1,,false,false,false,AIR,RECOVERY_DROP,true,false
RECOVERY_R0_06,40,-1,-1,false,false,false,false,5.838889,10.02855,0.833333,-4.333333,false,false,-1,-1,-1,,false,false,false,AIR,RECOVERY_DROP,true,false
RECOVERY_R0_06,41,-1,-1,false,false,false,false,5.841667,9.949105,0.166667,-4.766667,false,false,-1,-1,-1,,false,false,false,AIR,RECOVERY_DROP,true,false
RECOVERY_R0_06,42,-1,-1,false,false,false,false,5.833333,9.862438,-0.5,-5.2,false,false,-1,-1,-1,,false,false,false,AIR,RECOVERY_DROP,true,false
RECOVERY_R0_06,43,-1,-1,false,false,false,false,5.813889,9.768549,-1.166667,-5.633334,false,false,-1,-1,-1,,false,false,false,AIR,RECOVERY_DROP,true,false
RECOVERY_R0_06,44,-1,-1,false,false,false,false,5.783333,9.667438,-1.833333,-6.066667,false,false,-1,-1,-1,,false,false,false,AIR,RECOVERY_DROP,true,false
RECOVERY_R0_06,45,-1,-1,false,false,false,false,5.741667,9.559104,-2.5,-6.5,false,false,-1,-1,-1,,false,false,false,AIR,RECOVERY_DROP,true,false
RECOVERY_R0_06,46,-1,-1,false,false,false,false,5.688889,9.443548,-3.166667,-6.933334,false,false,-1,-1,-1,,false,false,false,AIR,RECOVERY_DROP,true,false
RECOVERY_R0_06,47,-1,-1,false,false,false,false,5.625,9.32077,-3.833334,-7.366667,false,false,-1,-1,-1,,false,false,false,AIR,RECOVERY_DROP,true,false
RECOVERY_R0_06,48,-1,-1,false,false,false,false,5.55,9.19077,-4.5,-7.800001,false,false,-1,-1,-1,,false,false,false,AIR,RECOVERY_DROP,true,false
RECOVERY_R0_06,49,1,1,false,false,false,false,5.486111,9.053548,-3.833334,-8.233334,false,false,-1,-1,-1,,false,false,false,AIR,RECOVERY_DROP,true,false
RECOVERY_R0_06,50,1,1,false,false,false,false,5.433333,8.909103,-3.166667,-8.666667,false,false,-1,-1,-1,,false,false,false,AIR,RECOVERY_DROP,true,false
RECOVERY_R0_06,51,1,1,false,false,false,false,5.391667,8.757437,-2.5,-9.1,false,false,-1,-1,-1,,false,false,false,AIR,RECOVERY_DROP,true,false
RECOVERY_R0_06,52,1,1,false,false,false,false,5.361111,8.598548,-1.833333,-9.533334,false,false,-1,-1,-1,,false,false,false,AIR,RECOVERY_DROP,true,false
RECOVERY_R0_06,53,1,1,false,false,false,false,5.341667,8.455,-1.166667,0,false,false,-1,-1,-1,,false,false,false,AIR,RECOVERY_DROP,true,false
RECOVERY_R0_06,54,1,1,false,false,false,false,5.330555,8.455,-0.666667,0,true,false,-1,-1,-1,,false,false,false,SOLID,REJOIN,true,false
RECOVERY_R0_06,55,0,0,false,false,false,false,5.330555,8.455,0,0,true,true,-1,-1,-1,,false,false,false,SOLID,PASS_TARGET,true,false
RECOVERY_R0_07,0,0,0,false,false,false,false,2.5,10.5,0,0,false,false,-1,-1,-1,,false,false,false,AIR,START,true,false
RECOVERY_R0_07,1,0,0,false,false,false,false,2.5,10.49278,0,-0.433333,false,false,-1,-1,-1,,false,false,false,AIR,MISS_FALL,true,false
RECOVERY_R0_07,2,0,0,false,false,false,false,2.5,10.47833,0,-0.866667,false,false,-1,-1,-1,,false,false,false,AIR,MISS_FALL,true,false
RECOVERY_R0_07,3,0,0,false,false,false,false,2.5,10.45667,0,-1.3,false,false,-1,-1,-1,,false,false,false,AIR,MISS_FALL,true,false
RECOVERY_R0_07,4,0,0,false,false,false,false,2.5,10.42778,0,-1.733333,false,false,-1,-1,-1,,false,false,false,AIR,MISS_FALL,true,false
RECOVERY_R0_07,5,0,0,false,false,false,false,2.5,10.39167,0,-2.166667,false,false,-1,-1,-1,,false,false,false,AIR,MISS_FALL,true,false
RECOVERY_R0_07,6,0,0,false,false,false,false,2.5,10.34833,0,-2.6,false,false,-1,-1,-1,,false,false,false,AIR,MISS_FALL,true,false
RECOVERY_R0_07,7,0,0,false,false,false,false,2.5,10.29778,0,-3.033334,false,false,-1,-1,-1,,false,false,false,AIR,MISS_FALL,true,false
RECOVERY_R0_07,8,0,0,false,false,false,false,2.5,10.24,0,-3.466667,false,false,-1,-1,-1,,false,false,false,AIR,MISS_FALL,true,false
RECOVERY_R0_07,9,0,0,false,false,false,false,2.5,10.175,0,-3.9,false,false,-1,-1,-1,,false,false,false,AIR,MISS_FALL,true,false
RECOVERY_R0_07,10,0,0,false,false,false,false,2.5,10.10278,0,-4.333333,false,false,-1,-1,-1,,false,false,false,AIR,MISS_FALL,true,false
RECOVERY_R0_07,11,0,0,false,false,false,false,2.5,10.02334,0,-4.766667,false,false,-1,-1,-1,,false,false,false,AIR,MISS_FALL,true,false
RECOVERY_R0_07,12,0,0,false,false,false,false,2.5,9.936668,0,-5.2,false,false,-1,-1,-1,,false,false,false,AIR,MISS_FALL,true,false
RECOVERY_R0_07,13,0,0,false,false,false,false,2.5,9.842779,0,-5.633334,false,false,-1,-1,-1,,false,false,false,AIR,MISS_FALL,true,false
RECOVERY_R0_07,14,0,0,false,false,false,false,2.5,9.741668,0,-6.066667,false,false,-1,-1,-1,,false,false,false,AIR,MISS_FALL,true,false
RECOVERY_R0_07,15,0,0,false,false,false,false,2.5,9.633334,0,-6.5,false,false,-1,-1,-1,,false,false,false,AIR,MISS_FALL,true,false
RECOVERY_R0_07,16,0,0,false,false,false,false,2.5,9.517778,0,-6.933334,false,false,-1,-1,-1,,false,false,false,AIR,MISS_FALL,true,false
RECOVERY_R0_07,17,0,0,false,false,false,false,2.5,9.395,0,-7.366667,false,false,-1,-1,-1,,false,false,false,AIR,MISS_FALL,true,false
RECOVERY_R0_07,18,0,0,false,false,false,false,2.5,9.265,0,-7.800001,false,false,-1,-1,-1,,false,false,false,AIR,MISS_FALL,true,false
RECOVERY_R0_07,19,0,0,false,false,false,false,2.5,9.127778,0,-8.233334,false,false,-1,-1,-1,,false,false,false,AIR,MISS_FALL,true,false
RECOVERY_R0_07,20,0,0,false,false,false,false,2.5,8.983334,0,-8.666667,false,false,-1,-1,-1,,false,false,false,AIR,MISS_FALL,true,false
RECOVERY_R0_07,21,0,0,false,false,false,false,2.5,8.831667,0,-9.1,false,false,-1,-1,-1,,false,false,false,AIR,MISS_FALL,true,false
RECOVERY_R0_07,22,0,0,false,false,false,false,2.5,8.672778,0,-9.533334,false,false,-1,-1,-1,,false,false,false,AIR,MISS_FALL,true,false
RECOVERY_R0_07,23,0,0,false,false,false,false,2.5,8.506667,0,-9.966667,false,false,-1,-1,-1,,false,false,false,AIR,MISS_FALL,true,false
RECOVERY_R0_07,24,0,0,false,false,false,false,2.5,8.333334,0,-10.4,false,false,-1,-1,-1,,false,false,false,AIR,MISS_FALL,true,false
RECOVERY_R0_07,25,0,0,false,false,false,false,2.5,8.152779,0,-10.83333,false,false,-1,-1,-1,,false,false,false,AIR,MISS_FALL,true,false
RECOVERY_R0_07,26,0,0,false,false,false,false,2.5,7.965001,0,-11.26667,false,false,-1,-1,-1,,false,false,false,AIR,MISS_FALL,true,false
RECOVERY_R0_07,27,0,0,false,false,false,false,2.5,7.77,0,-11.7,false,false,-1,-1,-1,,false,false,false,AIR,MISS_FALL,true,false
RECOVERY_R0_07,28,0,0,false,false,false,false,2.5,7.567778,0,-12.13333,false,false,-1,-1,-1,,false,false,false,AIR,MISS_FALL,true,false
RECOVERY_R0_07,29,0,0,false,false,false,false,2.5,7.358334,0,-12.56667,false,false,-1,-1,-1,,false,false,false,AIR,MISS_FALL,true,false
RECOVERY_R0_07,30,0,0,false,false,false,false,2.5,7.141667,0,-13,false,false,-1,-1,-1,,false,false,false,AIR,MISS_FALL,true,false
RECOVERY_R0_07,31,0,0,false,false,false,false,2.5,6.917778,0,-13.43333,false,false,-1,-1,-1,,false,false,false,AIR,MISS_FALL,true,false
RECOVERY_R0_07,32,0,0,false,false,false,false,2.5,6.686667,0,-13.86667,false,false,-1,-1,-1,,false,false,false,AIR,MISS_FALL,true,false
RECOVERY_R0_07,33,0,0,false,false,false,false,2.5,6.448334,0,-14.3,false,false,-1,-1,-1,,false,false,false,AIR,MISS_FALL,true,false
RECOVERY_R0_07,34,0,0,false,false,false,false,2.5,6.202778,0,-14.73333,false,false,-1,-1,-1,,false,false,false,AIR,MISS_FALL,true,false
RECOVERY_R0_07,35,0,0,false,false,false,false,2.5,5.950001,0,-15.16667,false,false,-1,-1,-1,,false,false,false,AIR,MISS_FALL,true,false
RECOVERY_R0_07,36,0,0,false,false,false,false,2.5,5.690001,0,-15.6,false,false,-1,-1,-1,,false,false,false,AIR,MISS_FALL,true,false
RECOVERY_R0_07,37,0,0,false,false,false,false,2.5,5.422778,0,-16.03333,false,false,-1,-1,-1,,false,false,false,AIR,MISS_FALL,true,false
RECOVERY_R0_07,38,0,0,false,false,false,false,2.5,5.148334,0,-16.46667,false,false,-1,-1,-1,,false,false,false,AIR,MISS_FALL,true,false
RECOVERY_R0_07,39,0,0,false,false,false,false,2.5,4.866667,0,-16.9,false,false,-1,-1,-1,,false,false,false,AIR,MISS_FALL,true,false
RECOVERY_R0_07,40,0,0,false,false,false,false,2.5,4.577778,0,-17.33333,false,false,-1,-1,-1,,false,false,false,AIR,MISS_FALL,true,false
RECOVERY_R0_07,41,0,0,false,false,false,false,2.5,4.281667,0,-17.76666,false,false,-1,-1,-1,,false,false,false,AIR,MISS_FALL,true,false
RECOVERY_R0_07,42,0,0,false,false,false,false,2.5,3.978333,0,-18.2,false,false,-1,-1,-1,,false,false,false,AIR,MISS_FALL,true,false
RECOVERY_R0_07,43,0,0,false,false,false,false,2.5,3.667778,0,-18.63333,false,false,-1,-1,-1,,false,false,false,AIR,MISS_FALL,true,false
RECOVERY_R0_07,44,0,0,false,false,false,false,2.5,3.35,0,-19.06666,false,false,-1,-1,-1,,false,false,false,AIR,MISS_FALL,true,false
RECOVERY_R0_07,45,0,0,false,false,false,false,2.5,3.025001,0,-19.49999,false,false,-1,-1,-1,,false,false,false,AIR,MISS_FALL,true,false
RECOVERY_R0_07,46,0,0,false,false,false,false,2.5,2.692778,0,-19.93333,false,false,-1,-1,-1,,false,false,false,AIR,MISS_FALL,true,false
RECOVERY_R0_07,47,0,0,false,false,false,false,2.5,2.455,0,0,false,false,-1,-1,-1,,false,false,false,AIR,MISS_FALL,true,false
RECOVERY_R0_07,48,0,0,false,false,false,false,2.5,2.455,0,0,true,false,-1,-1,-1,,false,false,false,SOLID,RECOVERY_CATCH,true,false
RECOVERY_R0_07,49,0,0,false,false,false,false,2.5,2.455,0,0,true,true,-1,-1,-1,,false,false,false,SOLID,REJOIN,true,false
RECOVERY_R0_07,50,0,0,false,false,false,false,2.5,2.455,0,0,true,true,-1,-1,-1,,false,false,false,SOLID,PASS_TARGET,true,false
RECOVERY_R0_08,0,0,0,false,false,false,false,5.5,11.5,0,0,false,false,-1,-1,-1,,false,false,false,AIR,START,true,false
RECOVERY_R0_08,1,0,0,false,false,false,false,5.5,11.49278,0,-0.433333,false,false,-1,-1,-1,,false,false,false,AIR,MISS_FALL,true,false
RECOVERY_R0_08,2,0,0,false,false,false,false,5.5,11.47833,0,-0.866667,false,false,-1,-1,-1,,false,false,false,AIR,MISS_FALL,true,false
RECOVERY_R0_08,3,0,0,false,false,false,false,5.5,11.45667,0,-1.3,false,false,-1,-1,-1,,false,false,false,AIR,MISS_FALL,true,false
RECOVERY_R0_08,4,0,0,false,false,false,false,5.5,11.42778,0,-1.733333,false,false,-1,-1,-1,,false,false,false,AIR,MISS_FALL,true,false
RECOVERY_R0_08,5,0,0,false,false,false,false,5.5,11.39167,0,-2.166667,false,false,-1,-1,-1,,false,false,false,AIR,MISS_FALL,true,false
RECOVERY_R0_08,6,0,0,false,false,false,false,5.5,11.34833,0,-2.6,false,false,-1,-1,-1,,false,false,false,AIR,MISS_FALL,true,false
RECOVERY_R0_08,7,0,0,false,false,false,false,5.5,11.29778,0,-3.033334,false,false,-1,-1,-1,,false,false,false,AIR,MISS_FALL,true,false
RECOVERY_R0_08,8,0,0,false,false,false,false,5.5,11.24,0,-3.466667,false,false,-1,-1,-1,,false,false,false,AIR,MISS_FALL,true,false
RECOVERY_R0_08,9,0,0,false,false,false,false,5.5,11.175,0,-3.9,false,false,-1,-1,-1,,false,false,false,AIR,MISS_FALL,true,false
RECOVERY_R0_08,10,0,0,false,false,false,false,5.5,11.10278,0,-4.333333,false,false,-1,-1,-1,,false,false,false,AIR,MISS_FALL,true,false
RECOVERY_R0_08,11,0,0,false,false,false,false,5.5,11.02334,0,-4.766667,false,false,-1,-1,-1,,false,false,false,AIR,MISS_FALL,true,false
RECOVERY_R0_08,12,0,0,false,false,false,false,5.5,10.93667,0,-5.2,false,false,-1,-1,-1,,false,false,false,AIR,MISS_FALL,true,false
RECOVERY_R0_08,13,0,0,false,false,false,false,5.5,10.84278,0,-5.633334,false,false,-1,-1,-1,,false,false,false,AIR,MISS_FALL,true,false
RECOVERY_R0_08,14,0,0,false,false,false,false,5.5,10.74167,0,-6.066667,false,false,-1,-1,-1,,false,false,false,AIR,MISS_FALL,true,false
RECOVERY_R0_08,15,0,0,false,false,false,false,5.5,10.63333,0,-6.5,false,false,-1,-1,-1,,false,false,false,AIR,MISS_FALL,true,false
RECOVERY_R0_08,16,0,0,false,false,false,false,5.5,10.51778,0,-6.933334,false,false,-1,-1,-1,,false,false,false,AIR,MISS_FALL,true,false
RECOVERY_R0_08,17,0,0,false,false,false,false,5.5,10.395,0,-7.366667,false,false,-1,-1,-1,,false,false,false,AIR,MISS_FALL,true,false
RECOVERY_R0_08,18,0,0,false,false,false,false,5.5,10.265,0,-7.800001,false,false,-1,-1,-1,,false,false,false,AIR,MISS_FALL,true,false
RECOVERY_R0_08,19,0,0,false,false,false,false,5.5,10.12778,0,-8.233334,false,false,-1,-1,-1,,false,false,false,AIR,MISS_FALL,true,false
RECOVERY_R0_08,20,0,0,false,false,false,false,5.5,9.983334,0,-8.666667,false,false,-1,-1,-1,,false,false,false,AIR,MISS_FALL,true,false
RECOVERY_R0_08,21,0,0,false,false,false,false,5.5,9.831667,0,-9.1,false,false,-1,-1,-1,,false,false,false,AIR,MISS_FALL,true,false
RECOVERY_R0_08,22,0,0,false,false,false,false,5.5,9.672778,0,-9.533334,false,false,-1,-1,-1,,false,false,false,AIR,MISS_FALL,true,false
RECOVERY_R0_08,23,0,0,false,false,false,false,5.5,9.506667,0,-9.966667,false,false,-1,-1,-1,,false,false,false,AIR,MISS_FALL,true,false
RECOVERY_R0_08,24,0,0,false,false,false,false,5.5,9.333334,0,-10.4,false,false,-1,-1,-1,,false,false,false,AIR,MISS_FALL,true,false
RECOVERY_R0_08,25,0,0,false,false,false,false,5.5,9.152779,0,-10.83333,false,false,-1,-1,-1,,false,false,false,AIR,MISS_FALL,true,false
RECOVERY_R0_08,26,0,0,false,false,false,false,5.5,8.965001,0,-11.26667,false,false,-1,-1,-1,,false,false,false,AIR,MISS_FALL,true,false
RECOVERY_R0_08,27,0,0,false,false,false,false,5.5,8.770001,0,-11.7,false,false,-1,-1,-1,,false,false,false,AIR,MISS_FALL,true,false
RECOVERY_R0_08,28,0,0,false,false,false,false,5.5,8.56778,0,-12.13333,false,false,-1,-1,-1,,false,false,false,AIR,MISS_FALL,true,false
RECOVERY_R0_08,29,0,0,false,false,false,false,5.5,8.455,0,0,false,false,-1,-1,-1,,false,false,false,AIR,MISS_FALL,true,false
RECOVERY_R0_08,30,0,0,false,false,false,false,5.5,8.455,0,0,true,false,-1,-1,-1,,false,false,false,SOLID,RECOVERY_CATCH,true,false
RECOVERY_R0_08,31,0,0,false,false,false,false,5.5,8.455,0,0,true,true,-1,-1,-1,,false,false,false,SOLID,REJOIN,true,false
RECOVERY_R0_08,32,0,0,false,false,false,false,5.5,8.455,0,0,true,true,-1,-1,-1,,false,false,false,SOLID,PASS_TARGET,true,false
