candidate_id,stable_rank,stable_hash,status,reason,eligible,from_room,to_room,host,sector_id,baseline_cost,new_cost,ordered_path,plan_digest
"SV5_LOOP_CAND_008d739fd13c25dc4f45","39815101963576796","008d739fd13c25dc4f4552a1eec3d06abe33a8adcfa7248436816b2639a0602d","REJECTED","INELIGIBLE_HASH","False","SV5_INFILL_ROOM_002b1fdb38d3b5d62912_LINK","SV5_INFILL_ROOM_04b3ee2d2f798b163c8e_LINK","SV5_OPTIONAL_04","S00_11","7","7","558,23|557,23|556,23|555,23|554,23|553,23|552,23","1e6b72cdd899037faa6eca523eb247245b83a2238d7e72a8406e27f2fad5c603"
"SV5_LOOP_CAND_00b258af492738402346","50200055724324928","00b258af492738402346bc8494de00e38860f4c5853ac42707d37556b9011f45","ACCEPTED","PASS","True","SV5_INFILL_ROOM_0274815fcd6818f05a6a_LINK","SV5_INFILL_ROOM_136a2d749c8d7eddcf7e_LINK","SV5_OPTIONAL_09","S04_02","17","17","118,151|119,151|119,150|120,150|121,150|122,150|122,149|123,149|124,149|125,149|125,148|126,148|127,148|128,148|128,147|129,147|130,147","1e6b72cdd899037faa6eca523eb247245b83a2238d7e72a8406e27f2fad5c603"
"SV5_LOOP_CAND_00e2221202de97cd28d0","63650805489506253","00e2221202de97cd28d0ae9190b3ad9c8256ac86d12bb16e3d45ceb281e7c256","REJECTED","INELIGIBLE_HASH","False","SV5_INFILL_ROOM_0336ae99bc580abe01f7_LINK","SV5_INFILL_ROOM_0496c8692f6450167db1_LINK","SV5_OPTIONAL_14","S11_01","23","23","45,359|46,359|47,359|48,359|49,359|50,359|51,359|52,359|53,359|54,359|55,359|56,359|57,359|58,359|59,359|60,359|61,359|62,359|63,359|64,359|65,359|66,359|67,359","1e6b72cdd899037faa6eca523eb247245b83a2238d7e72a8406e27f2fad5c603"
"SV5_LOOP_CAND_0124835be90349812042","82335123974080897","0124835be90349812042b5ee3a2f70ad381c1e6b7bc6f5f339706320bbdca938","REJECTED","INELIGIBLE_HASH","False","SV5_INFILL_ROOM_0274815fcd6818f05a6a_LINK","SV5_INFILL_ROOM_136a2d749c8d7eddcf7e_LINK","SV5_OPTIONAL_09","S04_02","17","17","119,151|120,151|120,150|121,150|122,150|123,150|123,149|124,149|125,149|126,149|126,148|127,148|128,148|129,148|129,147|130,147|131,147","1e6b72cdd899037faa6eca523eb247245b83a2238d7e72a8406e27f2fad5c603"
"SV5_LOOP_CAND_013d46150350f6403141","89304623681173056","013d46150350f6403141c35b8f547d07d4eb7255814ec3517088eece660628fa","REJECTED","INELIGIBLE_HASH","False","SV5_INFILL_ROOM_0274815fcd6818f05a6a_LINK","SV5_INFILL_ROOM_136a2d749c8d7eddcf7e_LINK","SV5_OPTIONAL_09","S04_02","11","11","124,151|125,151|125,150|126,150|126,149|127,149|128,149|128,148|129,148|129,147|130,147","1e6b72cdd899037faa6eca523eb247245b83a2238d7e72a8406e27f2fad5c603"
"SV5_LOOP_CAND_033cc1aaf3efb26c1624","233274220697596524","033cc1aaf3efb26c1624c0a9108c63d4cccbf3a269b4ae10e86233a0dd1196f4","ACCEPTED","PASS","True","SV5_INFILL_ROOM_0336ae99bc580abe01f7_LINK","SV5_INFILL_ROOM_0496c8692f6450167db1_LINK","SV5_OPTIONAL_14","S11_01","14","14","52,359|53,359|54,359|55,359|56,359|57,359|58,359|59,359|60,359|61,359|62,359|63,359|64,359|65,359","1e6b72cdd899037faa6eca523eb247245b83a2238d7e72a8406e27f2fad5c603"
"SV5_LOOP_CAND_03e2386464fce9e7a9c5","279848130692573671","03e2386464fce9e7a9c512b28b73c21b2568156fe773d6b9eb43b93c5c0944cb","REJECTED","INELIGIBLE_HASH","False","SV5_INFILL_ROOM_0336ae99bc580abe01f7_LINK","SV5_INFILL_ROOM_0496c8692f6450167db1_LINK","SV5_OPTIONAL_14","S11_01","17","17","48,359|49,359|50,359|51,359|52,359|53,359|54,359|55,359|56,359|57,359|58,359|59,359|60,359|61,359|62,359|63,359|64,359","1e6b72cdd899037faa6eca523eb247245b83a2238d7e72a8406e27f2fad5c603"
"SV5_LOOP_CAND_03fe7a598edff0914206","287801951266009233","03fe7a598edff0914206260be42e248ccc1fd5763222ab89564feb41e2aec864","REJECTED","INELIGIBLE_HASH","False","SV5_INFILL_ROOM_04458846b0c9a081817d_LINK","SV5_INFILL_ROOM_41bfb11db98643b33449_LINK","SV5_OPTIONAL_07","S02_03","13","13","185,87|184,87|183,87|182,87|181,87|180,87|179,87|178,87|177,87|176,87|175,87|174,87|173,87","1e6b72cdd899037faa6eca523eb247245b83a2238d7e72a8406e27f2fad5c603"
"SV5_LOOP_CAND_04909d2d0771f8c70c71","328935589522045127","04909d2d0771f8c70c71ead2b2c2af0f11bf33dcd423dcb0e699e105d9966f17","ACCEPTED","PASS","True","SV5_INFILL_ROOM_002b1fdb38d3b5d62912_LINK","SV5_INFILL_ROOM_04b3ee2d2f798b163c8e_LINK","SV5_OPTIONAL_04","S00_11","7","7","559,23|558,23|557,23|556,23|555,23|554,23|553,23","1e6b72cdd899037faa6eca523eb247245b83a2238d7e72a8406e27f2fad5c603"
"SV5_LOOP_CAND_053f9f21393af9d401a1","378195858765314516","053f9f21393af9d401a13f87e57f8765fdc72daa160167efc71da770e7305876","REJECTED","DUPLICATE_ENDPOINT_PAIR","True","SV5_INFILL_ROOM_0336ae99bc580abe01f7_LINK","SV5_INFILL_ROOM_0496c8692f6450167db1_LINK","SV5_OPTIONAL_14","S11_01","24","24","55,359|56,359|57,359|58,359|59,359|60,359|61,359|62,359|63,359|64,359|65,359|66,359|67,359|68,359|69,359|70,359|71,359|72,359|73,359|74,359|75,359|76,359|77,359|78,359","1e6b72cdd899037faa6eca523eb247245b83a2238d7e72a8406e27f2fad5c603"
"SV5_LOOP_CAND_0576a04c2ab72b6deb17","393678266436103021","0576a04c2ab72b6deb17a32725cf3a807cac0a7dadd0c8afe91e964f5e1342b8","REJECTED","DUPLICATE_ENDPOINT_PAIR","True","SV5_INFILL_ROOM_0336ae99bc580abe01f7_LINK","SV5_INFILL_ROOM_0496c8692f6450167db1_LINK","SV5_OPTIONAL_14","S11_01","6","6","58,359|59,359|60,359|61,359|62,359|63,359","1e6b72cdd899037faa6eca523eb247245b83a2238d7e72a8406e27f2fad5c603"
"SV5_LOOP_CAND_062c7d9480067977d4e9","444868539959376247","062c7d9480067977d4e96d2689994ee648a897a1550c15bf97b359ba843003c5","REJECTED","INELIGIBLE_HASH","False","SV5_INFILL_ROOM_0033f24aa202678fd527_LINK","SV5_INFILL_ROOM_0555f7159cc5807eccd0_LINK","SV5_OPTIONAL_10","S06_03","16","16","174,210|173,210|173,209|172,209|172,208|171,208|171,207|170,207|170,206|169,206|169,205|168,205|168,204|167,204|167,203|166,203","1e6b72cdd899037faa6eca523eb247245b83a2238d7e72a8406e27f2fad5c603"
"SV5_LOOP_CAND_0774810409c3e334dbf1","537196109907616564","0774810409c3e334dbf143bad2cc3d10066075b652ccfb377b2b7cf662e10e3a","REJECTED","INELIGIBLE_HASH","False","SV5_INFILL_ROOM_005a04bda9ede05b1190_LINK","SV5_INFILL_ROOM_1c4c6b34887f12eefac3_LINK","SV5_OPTIONAL_09","S04_02","21","21","125,131|126,131|127,131|128,131|128,132|129,132|130,132|131,132|132,132|132,133|133,133|134,133|135,133|136,133|136,134|137,134|138,134|139,134|140,134|140,135|141,135","1e6b72cdd899037faa6eca523eb247245b83a2238d7e72a8406e27f2fad5c603"
"SV5_LOOP_CAND_088b2a228b27cd7341bd","615632101918100851","088b2a228b27cd7341bd7b56590d9bd06b7dae50dd0dcfbb34a46802ddd84b8a","REJECTED","INELIGIBLE_HASH","False","SV5_INFILL_ROOM_005a04bda9ede05b1190_LINK","SV5_INFILL_ROOM_1c4c6b34887f12eefac3_LINK","SV5_OPTIONAL_09","S04_02","13","13","126,131|127,131|127,132|128,132|129,132|129,133|130,133|131,133|131,134|132,134|133,134|133,135|134,135","1e6b72cdd899037faa6eca523eb247245b83a2238d7e72a8406e27f2fad5c603"
"SV5_LOOP_CAND_09639e7ac88f0bb14df6","676558619223722929","09639e7ac88f0bb14df64651443f19ce268f4862cc6a0e868f799f27f0977f49","ACCEPTED","PASS","True","SV5_INFILL_ROOM_046863d4c69cd86e081e_LINK","SV5_INFILL_ROOM_050904725fdcd82ff28e_LINK","SV5_OPTIONAL_04","S02_11","14","14","549,75|550,75|550,74|551,74|552,74|552,73|553,73|554,73|554,72|555,72|556,72|556,71|557,71|558,71","1e6b72cdd899037faa6eca523eb247245b83a2238d7e72a8406e27f2fad5c603"
"SV5_LOOP_CAND_0a4cc7d94fd6a42abf55","742187774770586666","0a4cc7d94fd6a42abf55e079827c3c2f7d73e052a0a409a5c6caab4229be4279","REJECTED","INELIGIBLE_HASH","False","SV5_INFILL_ROOM_07fb3ac254e765673737_LINK","SV5_INFILL_ROOM_0f5736599d7acc3ea0a8_LINK","SV5_OPTIONAL_04","S03_11","11","11","560,127|559,127|559,126|558,126|558,125|557,125|556,125|556,124|555,124|555,123|554,123","1e6b72cdd899037faa6eca523eb247245b83a2238d7e72a8406e27f2fad5c603"
"SV5_LOOP_CAND_0a8d6eea254d105d1a1b","760385864022691933","0a8d6eea254d105d1a1bfabfac0696791dfbd9c23836436ba5f17afd80e9b7f5","REJECTED","INELIGIBLE_HASH","False","SV5_INFILL_ROOM_0336ae99bc580abe01f7_LINK","SV5_INFILL_ROOM_0496c8692f6450167db1_LINK","SV5_OPTIONAL_14","S11_01","8","8","57,359|58,359|59,359|60,359|61,359|62,359|63,359|64,359","1e6b72cdd899037faa6eca523eb247245b83a2238d7e72a8406e27f2fad5c603"
"SV5_LOOP_CAND_0bf70e51404f7024e00a","862173595798827044","0bf70e51404f7024e00a06b3bf915a4654d73da255d46095df1809220cfba493","REJECTED","INELIGIBLE_HASH","False","SV5_INFILL_ROOM_00b4a4fe56b192880b8c_LINK","SV5_INFILL_ROOM_06221a856d3548df6440_LINK","SV5_OPTIONAL_04","S01_11","11","11","558,43|557,43|557,44|556,44|556,45|555,45|554,45|554,46|553,46|553,47|552,47","1e6b72cdd899037faa6eca523eb247245b83a2238d7e72a8406e27f2fad5c603"
"SV5_LOOP_CAND_0bfa71a9a80bbe03c9f8","863127252077624835","0bfa71a9a80bbe03c9f891d69d9fd6728ab1e6a00a74d95f0b4b2cb63fba3c14","REJECTED","INELIGIBLE_HASH","False","SV5_INFILL_ROOM_0336ae99bc580abe01f7_LINK","SV5_INFILL_ROOM_0496c8692f6450167db1_LINK","SV5_OPTIONAL_14","S11_01","12","12","55,359|56,359|57,359|58,359|59,359|60,359|61,359|62,359|63,359|64,359|65,359|66,359","1e6b72cdd899037faa6eca523eb247245b83a2238d7e72a8406e27f2fad5c603"
"SV5_LOOP_CAND_0c1036b59cb17d107ae5","869254881728363792","0c1036b59cb17d107ae51ee828657a98581b5ced3b045aeaa7c213072b7777c3","REJECTED","INELIGIBLE_HASH","False","SV5_INFILL_ROOM_0336ae99bc580abe01f7_LINK","SV5_INFILL_ROOM_0496c8692f6450167db1_LINK","SV5_OPTIONAL_14","S11_01","22","22","48,359|49,359|50,359|51,359|52,359|53,359|54,359|55,359|56,359|57,359|58,359|59,359|60,359|61,359|62,359|63,359|64,359|65,359|66,359|67,359|68,359|69,359","1e6b72cdd899037faa6eca523eb247245b83a2238d7e72a8406e27f2fad5c603"
"SV5_LOOP_CAND_0c5a76267b7390c51bcd","890153784011100357","0c5a76267b7390c51bcdd5c696bf06fb411ef1ed27cebf8bcbeeecd9f9a82ddb","REJECTED","INELIGIBLE_HASH","False","SV5_INFILL_ROOM_0336ae99bc580abe01f7_LINK","SV5_INFILL_ROOM_0496c8692f6450167db1_LINK","SV5_OPTIONAL_14","S11_01","24","24","50,359|51,359|52,359|53,359|54,359|55,359|56,359|57,359|58,359|59,359|60,359|61,359|62,359|63,359|64,359|65,359|66,359|67,359|68,359|69,359|70,359|71,359|72,359|73,359","1e6b72cdd899037faa6eca523eb247245b83a2238d7e72a8406e27f2fad5c603"
"SV5_LOOP_CAND_0ca9ed1200ddc70369f8","912521061098964739","0ca9ed1200ddc70369f881ec8d76ad99e9d9e78b0e4edaa78f65700259b14b93","REJECTED","INELIGIBLE_HASH","False","SV5_INFILL_ROOM_0336ae99bc580abe01f7_LINK","SV5_INFILL_ROOM_0496c8692f6450167db1_LINK","SV5_OPTIONAL_14","S11_01","24","24","45,359|46,359|47,359|48,359|49,359|50,359|51,359|52,359|53,359|54,359|55,359|56,359|57,359|58,359|59,359|60,359|61,359|62,359|63,359|64,359|65,359|66,359|67,359|68,359","1e6b72cdd899037faa6eca523eb247245b83a2238d7e72a8406e27f2fad5c603"
"SV5_LOOP_CAND_0cf2b98693f2ec4c24e9","933012060478041164","0cf2b98693f2ec4c24e9a65257afb079d803b455d411c68db0d04cd9d09d8cb2","REJECTED","INELIGIBLE_HASH","False","SV5_INFILL_ROOM_07fb3ac254e765673737_LINK","SV5_INFILL_ROOM_0f5736599d7acc3ea0a8_LINK","SV5_OPTIONAL_04","S03_11","20","20","567,127|566,127|566,126|565,126|564,126|563,126|563,125|562,125|561,125|560,125|559,125|559,124|558,124|557,124|556,124|555,124|555,123|554,123|553,123|552,123","1e6b72cdd899037faa6eca523eb247245b83a2238d7e72a8406e27f2fad5c603"
"SV5_LOOP_CAND_0e185a4064ba21c71847","1015660948586373575","0e185a4064ba21c7184719c8dafb919287e339296bc1c6bf1ba2d557f409f49a","REJECTED","INELIGIBLE_HASH","False","SV5_INFILL_ROOM_046863d4c69cd86e081e_LINK","SV5_INFILL_ROOM_050904725fdcd82ff28e_LINK","SV5_OPTIONAL_04","S02_11","21","21","542,75|543,75|543,74|544,74|545,74|546,74|547,74|547,73|548,73|549,73|550,73|551,73|551,72|552,72|553,72|554,72|555,72|555,71|556,71|557,71|558,71","1e6b72cdd899037faa6eca523eb247245b83a2238d7e72a8406e27f2fad5c603"
"SV5_LOOP_CAND_0e2e3d15796340638ca3","1021821327899836515","0e2e3d15796340638ca3865bc03f828c45e1f29aa1f9a78ff038030aa50b5f40","ACCEPTED","PASS","True","SV5_INFILL_ROOM_0172fae7eed3ae487f8f_LINK","SV5_INFILL_ROOM_0274815fcd6818f05a6a_LINK","SV5_OPTIONAL_09","S04_02","24","24","138,162|137,162|137,161|136,161|136,160|135,160|135,159|134,159|134,158|133,158|133,157|132,157|132,156|131,156|131,155|130,155|130,154|129,154|129,153|128,153|128,152|127,152|127,151|126,151","1e6b72cdd899037faa6eca523eb247245b83a2238d7e72a8406e27f2fad5c603"
"SV5_LOOP_CAND_0e3b06df3260f35d7e43","1025420895849608029","0e3b06df3260f35d7e4373af634c6bb03714ef313dc9d89ca5bc8e94e7f589d2","ACCEPTED","PASS","True","SV5_INFILL_ROOM_16de283f3026f06e031f_LINK","SV5_INFILL_ROOM_1ea3a9898e39ffe90dff_LINK","SV5_OPTIONAL_04","S03_11","21","21","570,110|569,110|569,109|568,109|567,109|566,109|565,109|564,109|564,108|563,108|562,108|561,108|560,108|559,108|558,108|558,107|557,107|556,107|555,107|554,107|553,107","1e6b72cdd899037faa6eca523eb247245b83a2238d7e72a8406e27f2fad5c603"
"SV5_LOOP_CAND_0e8d11205cd9ff8727fb","1048513118941609863","0e8d11205cd9ff8727fb50ec32fcbabecb6d62831f4273eea6945b44dab9b4c6","REJECTED","INELIGIBLE_HASH","False","SV5_INFILL_ROOM_002b1fdb38d3b5d62912_LINK","SV5_INFILL_ROOM_04b3ee2d2f798b163c8e_LINK","SV5_OPTIONAL_04","S00_11","9","9","558,23|557,23|556,23|555,23|554,23|553,23|552,23|551,23|550,23","1e6b72cdd899037faa6eca523eb247245b83a2238d7e72a8406e27f2fad5c603"
"SV5_LOOP_CAND_0f39c996c2bc414fa928","1097129633590821199","0f39c996c2bc414fa928cc8782bdf1557ba3b0989e63cce4ee8136c47d694b77","REJECTED","INELIGIBLE_HASH","False","SV5_INFILL_ROOM_04458846b0c9a081817d_LINK","SV5_INFILL_ROOM_41bfb11db98643b33449_LINK","SV5_OPTIONAL_07","S02_03","11","11","182,87|181,87|180,87|179,87|178,87|177,87|176,87|175,87|174,87|173,87|172,87","1e6b72cdd899037faa6eca523eb247245b83a2238d7e72a8406e27f2fad5c603"
"SV5_LOOP_CAND_10679894a03f8e8ab078","1182081191319146122","10679894a03f8e8ab0787d43ee2a57ede94c2928cbfc7efbc4737453b8de9d14","ACCEPTED","PASS","True","SV5_INFILL_ROOM_07fb3ac254e765673737_LINK","SV5_INFILL_ROOM_0f5736599d7acc3ea0a8_LINK","SV5_OPTIONAL_04","S03_11","19","19","567,127|566,127|566,126|565,126|564,126|563,126|563,125|562,125|561,125|560,125|559,125|559,124|558,124|557,124|556,124|556,123|555,123|554,123|553,123","1e6b72cdd899037faa6eca523eb247245b83a2238d7e72a8406e27f2fad5c603"
"SV5_LOOP_CAND_10e89a9af4b1759d0543","1218393689524630941","10e89a9af4b1759d0543bd68afdeadc39a7636668736e3b1075fd4cd94ecee26","REJECTED","INELIGIBLE_HASH","False","SV5_INFILL_ROOM_046863d4c69cd86e081e_LINK","SV5_INFILL_ROOM_050904725fdcd82ff28e_LINK","SV5_OPTIONAL_04","S02_11","19","19","544,75|545,75|545,74|546,74|547,74|548,74|548,73|549,73|550,73|551,73|552,73|552,72|553,72|554,72|555,72|555,71|556,71|557,71|558,71","1e6b72cdd899037faa6eca523eb247245b83a2238d7e72a8406e27f2fad5c603"
"SV5_LOOP_CAND_126eb022ff20c165b7ff","1328192604476588389","126eb022ff20c165b7ff1972a1029990a0254c4857e5416e48608f23835417f7","REJECTED","INELIGIBLE_HASH","False","SV5_INFILL_ROOM_0336ae99bc580abe01f7_LINK","SV5_INFILL_ROOM_0496c8692f6450167db1_LINK","SV5_OPTIONAL_14","S11_01","14","14","58,359|59,359|60,359|61,359|62,359|63,359|64,359|65,359|66,359|67,359|68,359|69,359|70,359|71,359","1e6b72cdd899037faa6eca523eb247245b83a2238d7e72a8406e27f2fad5c603"
"SV5_LOOP_CAND_12a206015ac77616bfef","1342642241797584406","12a206015ac77616bfefcfc263bd3d3c1307141965d4dbb03576f33499cd8743","REJECTED","DUPLICATE_ENDPOINT_PAIR","True","SV5_INFILL_ROOM_0336ae99bc580abe01f7_LINK","SV5_INFILL_ROOM_0496c8692f6450167db1_LINK","SV5_OPTIONAL_14","S11_01","19","19","47,359|48,359|49,359|50,359|51,359|52,359|53,359|54,359|55,359|56,359|57,359|58,359|59,359|60,359|61,359|62,359|63,359|64,359|65,359","1e6b72cdd899037faa6eca523eb247245b83a2238d7e72a8406e27f2fad5c603"
"SV5_LOOP_CAND_12eb4fe2036b74f4e3e4","1363271144348284148","12eb4fe2036b74f4e3e41877ce2f59249b794cab7d4022f20e4e9fa16ca651fa","REJECTED","INELIGIBLE_HASH","False","SV5_INFILL_ROOM_0336ae99bc580abe01f7_LINK","SV5_INFILL_ROOM_0496c8692f6450167db1_LINK","SV5_OPTIONAL_14","S11_01","22","22","52,359|53,359|54,359|55,359|56,359|57,359|58,359|59,359|60,359|61,359|62,359|63,359|64,359|65,359|66,359|67,359|68,359|69,359|70,359|71,359|72,359|73,359","1e6b72cdd899037faa6eca523eb247245b83a2238d7e72a8406e27f2fad5c603"
"SV5_LOOP_CAND_1315655130368dc71088","1375116660607192519","1315655130368dc71088949b1581b1975f874de5375bf9ed2bf159788fbcc7d0","REJECTED","DUPLICATE_ENDPOINT_PAIR","True","SV5_INFILL_ROOM_046863d4c69cd86e081e_LINK","SV5_INFILL_ROOM_050904725fdcd82ff28e_LINK","SV5_OPTIONAL_04","S02_11","22","22","541,75|542,75|542,74|543,74|544,74|545,74|546,74|546,73|547,73|548,73|549,73|550,73|550,72|551,72|552,72|553,72|554,72|554,71|555,71|556,71|557,71|558,71","1e6b72cdd899037faa6eca523eb247245b83a2238d7e72a8406e27f2fad5c603"
"SV5_LOOP_CAND_13805e75cb291b4e611a","1405226943752248142","13805e75cb291b4e611a050b05a37900237ced9d4b8b812a8cae030d7af4b485","REJECTED","INELIGIBLE_HASH","False","SV5_INFILL_ROOM_0336ae99bc580abe01f7_LINK","SV5_INFILL_ROOM_0496c8692f6450167db1_LINK","SV5_OPTIONAL_14","S11_01","12","12","54,359|55,359|56,359|57,359|58,359|59,359|60,359|61,359|62,359|63,359|64,359|65,359","1e6b72cdd899037faa6eca523eb247245b83a2238d7e72a8406e27f2fad5c603"
"SV5_LOOP_CAND_139672a59b43d4c749f0","1411441588827313351","139672a59b43d4c749f03efcfdb0f02728bdede478f283364bcf602ad9b53809","REJECTED","INELIGIBLE_HASH","False","SV5_INFILL_ROOM_0336ae99bc580abe01f7_LINK","SV5_INFILL_ROOM_0496c8692f6450167db1_LINK","SV5_OPTIONAL_14","S11_01","18","18","49,359|50,359|51,359|52,359|53,359|54,359|55,359|56,359|57,359|58,359|59,359|60,359|61,359|62,359|63,359|64,359|65,359|66,359","1e6b72cdd899037faa6eca523eb247245b83a2238d7e72a8406e27f2fad5c603"
"SV5_LOOP_CAND_13e3cbfd7eedeaefb87e","1433213396050635503","13e3cbfd7eedeaefb87eb59423b98c2f7c813707216d3ec1de0d40867dd7be3d","REJECTED","DUPLICATE_ENDPOINT_PAIR","True","SV5_INFILL_ROOM_07fb3ac254e765673737_LINK","SV5_INFILL_ROOM_0f5736599d7acc3ea0a8_LINK","SV5_OPTIONAL_04","S03_11","19","19","566,127|565,127|565,126|564,126|563,126|562,126|562,125|561,125|560,125|559,125|558,125|558,124|557,124|556,124|555,124|555,123|554,123|553,123|552,123","1e6b72cdd899037faa6eca523eb247245b83a2238d7e72a8406e27f2fad5c603"
"SV5_LOOP_CAND_148d49f2ee282b24b716","1480921160201284388","148d49f2ee282b24b716597a83f1bf38dbccbe45c89480b7ab14587936c577e7","REJECTED","INELIGIBLE_HASH","False","SV5_INFILL_ROOM_005a04bda9ede05b1190_LINK","SV5_INFILL_ROOM_1c4c6b34887f12eefac3_LINK","SV5_OPTIONAL_09","S04_02","11","11","126,131|127,131|127,132|128,132|128,133|129,133|130,133|130,134|131,134|131,135|132,135","1e6b72cdd899037faa6eca523eb247245b83a2238d7e72a8406e27f2fad5c603"
"SV5_LOOP_CAND_153b5bc5c0becded61cf","1529917403322830317","153b5bc5c0becded61cf3a50d59822db46d52ca10ad9bfeaf9150f2b303deea0","REJECTED","DUPLICATE_ENDPOINT_PAIR","True","SV5_INFILL_ROOM_0336ae99bc580abe01f7_LINK","SV5_INFILL_ROOM_0496c8692f6450167db1_LINK","SV5_OPTIONAL_14","S11_01","17","17","47,359|48,359|49,359|50,359|51,359|52,359|53,359|54,359|55,359|56,359|57,359|58,359|59,359|60,359|61,359|62,359|63,359","1e6b72cdd899037faa6eca523eb247245b83a2238d7e72a8406e27f2fad5c603"
"SV5_LOOP_CAND_16480cbb1f9b11ee56b6","1605547264986255854","16480cbb1f9b11ee56b6b86fe5cfcb2c57832bc090260765a4c16451ac3435a0","REJECTED","INELIGIBLE_HASH","False","SV5_INFILL_ROOM_002b1fdb38d3b5d62912_LINK","SV5_INFILL_ROOM_04b3ee2d2f798b163c8e_LINK","SV5_OPTIONAL_04","S00_11","8","8","559,23|558,23|557,23|556,23|555,23|554,23|553,23|552,23","1e6b72cdd899037faa6eca523eb247245b83a2238d7e72a8406e27f2fad5c603"
"SV5_LOOP_CAND_19ee604251d4559f60bf","1868536733362312607","19ee604251d4559f60bf7ee5d2d02ee7c77469fc5d053498f427ee0a843ff8c2","REJECTED","DUPLICATE_ENDPOINT_PAIR","True","SV5_INFILL_ROOM_0336ae99bc580abe01f7_LINK","SV5_INFILL_ROOM_0496c8692f6450167db1_LINK","SV5_OPTIONAL_14","S11_01","14","14","57,359|58,359|59,359|60,359|61,359|62,359|63,359|64,359|65,359|66,359|67,359|68,359|69,359|70,359","1e6b72cdd899037faa6eca523eb247245b83a2238d7e72a8406e27f2fad5c603"
"SV5_LOOP_CAND_1aae12eb0178508dda40","1922494891485057165","1aae12eb0178508dda4075826862cb05c2f31809fcbe59009cb698cc3b0c660a","REJECTED","INELIGIBLE_HASH","False","SV5_INFILL_ROOM_0274815fcd6818f05a6a_LINK","SV5_INFILL_ROOM_136a2d749c8d7eddcf7e_LINK","SV5_OPTIONAL_09","S04_02","16","16","119,151|120,151|120,150|121,150|122,150|122,149|123,149|124,149|125,149|125,148|126,148|127,148|128,148|128,147|129,147|130,147","1e6b72cdd899037faa6eca523eb247245b83a2238d7e72a8406e27f2fad5c603"
"SV5_LOOP_CAND_1b641e795b2d5dd06560","1973736043264695760","1b641e795b2d5dd06560f31e06ccf9018c18219d2ad79afba9587baa27fc22fc","REJECTED","INELIGIBLE_HASH","False","SV5_INFILL_ROOM_002b1fdb38d3b5d62912_LINK","SV5_INFILL_ROOM_04b3ee2d2f798b163c8e_LINK","SV5_OPTIONAL_04","S00_11","14","14","559,23|558,23|557,23|556,23|555,23|554,23|553,23|552,23|551,23|550,23|549,23|548,23|547,23|546,23","1e6b72cdd899037faa6eca523eb247245b83a2238d7e72a8406e27f2fad5c603"
"SV5_LOOP_CAND_1c5473bc081b1ca0388e","2041383782532717728","1c5473bc081b1ca0388e8293b96c1dbaba60a4000cd30161526fa7d238b53116","REJECTED","DUPLICATE_ENDPOINT_PAIR","True","SV5_INFILL_ROOM_0336ae99bc580abe01f7_LINK","SV5_INFILL_ROOM_0496c8692f6450167db1_LINK","SV5_OPTIONAL_14","S11_01","9","9","54,359|55,359|56,359|57,359|58,359|59,359|60,359|61,359|62,359","1e6b72cdd899037faa6eca523eb247245b83a2238d7e72a8406e27f2fad5c603"
"SV5_LOOP_CAND_1c8e65c9afcb0ffcd1d5","2057693996667047932","1c8e65c9afcb0ffcd1d57e51f941bc32908102c85263e4b84893cb697e7f9712","REJECTED","INELIGIBLE_HASH","False","SV5_INFILL_ROOM_0336ae99bc580abe01f7_LINK","SV5_INFILL_ROOM_0496c8692f6450167db1_LINK","SV5_OPTIONAL_14","S11_01","21","21","43,359|44,359|45,359|46,359|47,359|48,359|49,359|50,359|51,359|52,359|53,359|54,359|55,359|56,359|57,359|58,359|59,359|60,359|61,359|62,359|63,359","1e6b72cdd899037faa6eca523eb247245b83a2238d7e72a8406e27f2fad5c603"
"SV5_LOOP_CAND_1d85ee182d8249af555f","2127368186612566447","1d85ee182d8249af555f7a0bcad0b10209beef23a825a2059adb5225aa6156c2","REJECTED","INELIGIBLE_HASH","False","SV5_INFILL_ROOM_0274815fcd6818f05a6a_LINK","SV5_INFILL_ROOM_136a2d749c8d7eddcf7e_LINK","SV5_OPTIONAL_09","S04_02","23","23","113,151|114,151|114,150|115,150|116,150|117,150|118,150|118,149|119,149|120,149|121,149|122,149|123,149|123,148|124,148|125,148|126,148|127,148|127,147|128,147|129,147|130,147|131,147","1e6b72cdd899037faa6eca523eb247245b83a2238d7e72a8406e27f2fad5c603"
"SV5_LOOP_CAND_1daf299030461ca282e1","2138974047286205602","1daf299030461ca282e1db6ccd5ca5725b8516fefca273df46784530c0ca7ffa","REJECTED","DUPLICATE_ENDPOINT_PAIR","True","SV5_INFILL_ROOM_0336ae99bc580abe01f7_LINK","SV5_INFILL_ROOM_0496c8692f6450167db1_LINK","SV5_OPTIONAL_14","S11_01","24","24","54,359|55,359|56,359|57,359|58,359|59,359|60,359|61,359|62,359|63,359|64,359|65,359|66,359|67,359|68,359|69,359|70,359|71,359|72,359|73,359|74,359|75,359|76,359|77,359","1e6b72cdd899037faa6eca523eb247245b83a2238d7e72a8406e27f2fad5c603"
"SV5_LOOP_CAND_1e2d2b25bbc025f6cb7e","2174441636153533942","1e2d2b25bbc025f6cb7ea63897463709c9f7f66744c4837c49510a777ca1d50a","REJECTED","INELIGIBLE_HASH","False","SV5_INFILL_ROOM_0336ae99bc580abe01f7_LINK","SV5_INFILL_ROOM_0496c8692f6450167db1_LINK","SV5_OPTIONAL_14","S11_01","24","24","52,359|53,359|54,359|55,359|56,359|57,359|58,359|59,359|60,359|61,359|62,359|63,359|64,359|65,359|66,359|67,359|68,359|69,359|70,359|71,359|72,359|73,359|74,359|75,359","1e6b72cdd899037faa6eca523eb247245b83a2238d7e72a8406e27f2fad5c603"
"SV5_LOOP_CAND_1e780b1295a08382c68b","2195516992790758274","1e780b1295a08382c68b3301e8d6e1ea22842e2a96c711eaa66b52f09cd56a47","REJECTED","INELIGIBLE_HASH","False","SV5_INFILL_ROOM_0336ae99bc580abe01f7_LINK","SV5_INFILL_ROOM_0496c8692f6450167db1_LINK","SV5_OPTIONAL_14","S11_01","22","22","58,359|59,359|60,359|61,359|62,359|63,359|64,359|65,359|66,359|67,359|68,359|69,359|70,359|71,359|72,359|73,359|74,359|75,359|76,359|77,359|78,359|79,359","1e6b72cdd899037faa6eca523eb247245b83a2238d7e72a8406e27f2fad5c603"
"SV5_LOOP_CAND_1f1ca272324cf9b734a9","2241845325877541303","1f1ca272324cf9b734a9e39e9fac282925abecdf904c6c1561e364340223dccc","ACCEPTED","PASS","True","SV5_INFILL_ROOM_0211dda6690845617294_LINK","SV5_INFILL_ROOM_03bff8d63e21cbc62be9_LINK","SV5_OPTIONAL_06","S01_04","8","8","217,52|218,52|218,51|219,51|220,51|221,51|222,51|223,51","1e6b72cdd899037faa6eca523eb247245b83a2238d7e72a8406e27f2fad5c603"
"SV5_LOOP_CAND_1fe65bd7b8e715d8b317","2298625641897465304","1fe65bd7b8e715d8b3172c501ba7143cf2346a518a9f13829e391de14104d605","REJECTED","DUPLICATE_ENDPOINT_PAIR","True","SV5_INFILL_ROOM_0211dda6690845617294_LINK","SV5_INFILL_ROOM_03bff8d63e21cbc62be9_LINK","SV5_OPTIONAL_06","S01_04","22","22","205,54|206,54|206,53|207,53|208,53|209,53|210,53|211,53|212,53|212,52|213,52|214,52|215,52|216,52|217,52|218,52|218,51|219,51|220,51|221,51|222,51|223,51","1e6b72cdd899037faa6eca523eb247245b83a2238d7e72a8406e27f2fad5c603"
"SV5_LOOP_CAND_1fea8cfa381233744479","2299805566036489076","1fea8cfa381233744479b770281c66b2a49e288a3de7d657bd86ac0a466923fc","REJECTED","INELIGIBLE_HASH","False","SV5_INFILL_ROOM_0336ae99bc580abe01f7_LINK","SV5_INFILL_ROOM_0496c8692f6450167db1_LINK","SV5_OPTIONAL_14","S11_01","12","12","57,359|58,359|59,359|60,359|61,359|62,359|63,359|64,359|65,359|66,359|67,359|68,359","1e6b72cdd899037faa6eca523eb247245b83a2238d7e72a8406e27f2fad5c603"
"SV5_LOOP_CAND_2079a7ec62036f0c756b","2340086115094195980","2079a7ec62036f0c756beebf5f3110490a3e9d3924d3e28f337b6c10204668f6","REJECTED","INELIGIBLE_HASH","False","SV5_INFILL_ROOM_04458846b0c9a081817d_LINK","SV5_INFILL_ROOM_41bfb11db98643b33449_LINK","SV5_OPTIONAL_07","S02_03","11","11","184,87|183,87|182,87|181,87|180,87|179,87|178,87|177,87|176,87|175,87|174,87","1e6b72cdd899037faa6eca523eb247245b83a2238d7e72a8406e27f2fad5c603"
"SV5_LOOP_CAND_20d454b11b200c6d8b18","2365608823917382765","20d454b11b200c6d8b189e39e04ddf076620b56640dee45eb61df35e092a4cb4","REJECTED","INELIGIBLE_HASH","False","SV5_INFILL_ROOM_07fb3ac254e765673737_LINK","SV5_INFILL_ROOM_0f5736599d7acc3ea0a8_LINK","SV5_OPTIONAL_04","S03_11","23","23","571,127|570,127|570,126|569,126|568,126|567,126|566,126|566,125|565,125|564,125|563,125|562,125|561,125|561,124|560,124|559,124|558,124|557,124|557,123|556,123|555,123|554,123|553,123","1e6b72cdd899037faa6eca523eb247245b83a2238d7e72a8406e27f2fad5c603"
"SV5_LOOP_CAND_21ef81fbe5992adb4810","2445316041574263515","21ef81fbe5992adb4810d284175d0211665ab8d169b69aaaccfa7839b3631563","REJECTED","DUPLICATE_ENDPOINT_PAIR","True","SV5_INFILL_ROOM_0336ae99bc580abe01f7_LINK","SV5_INFILL_ROOM_0496c8692f6450167db1_LINK","SV5_OPTIONAL_14","S11_01","21","21","50,359|51,359|52,359|53,359|54,359|55,359|56,359|57,359|58,359|59,359|60,359|61,359|62,359|63,359|64,359|65,359|66,359|67,359|68,359|69,359|70,359","1e6b72cdd899037faa6eca523eb247245b83a2238d7e72a8406e27f2fad5c603"
"SV5_LOOP_CAND_23d3acdc25d94e3351cb","2581597072941207091","23d3acdc25d94e3351cb085d0e8a1f268b3904f4f18edb523fc73d59170ed678","REJECTED","INELIGIBLE_HASH","False","SV5_INFILL_ROOM_0336ae99bc580abe01f7_LINK","SV5_INFILL_ROOM_0496c8692f6450167db1_LINK","SV5_OPTIONAL_14","S11_01","16","16","49,359|50,359|51,359|52,359|53,359|54,359|55,359|56,359|57,359|58,359|59,359|60,359|61,359|62,359|63,359|64,359","1e6b72cdd899037faa6eca523eb247245b83a2238d7e72a8406e27f2fad5c603"
"SV5_LOOP_CAND_25b048360e1eb7d05378","2715749972306737104","25b048360e1eb7d0537803c2cab7b37000c54c2e94dbc8b3c2120911f3e91088","REJECTED","DUPLICATE_ENDPOINT_PAIR","True","SV5_INFILL_ROOM_0336ae99bc580abe01f7_LINK","SV5_INFILL_ROOM_0496c8692f6450167db1_LINK","SV5_OPTIONAL_14","S11_01","24","24","43,359|44,359|45,359|46,359|47,359|48,359|49,359|50,359|51,359|52,359|53,359|54,359|55,359|56,359|57,359|58,359|59,359|60,359|61,359|62,359|63,359|64,359|65,359|66,359","1e6b72cdd899037faa6eca523eb247245b83a2238d7e72a8406e27f2fad5c603"
"SV5_LOOP_CAND_2613c6561b53d6129795","2743754671126730258","2613c6561b53d61297951a75361338fc2e9117defdb06fb1d8d5d19f89bd70c1","REJECTED","INELIGIBLE_HASH","False","SV5_INFILL_ROOM_0274815fcd6818f05a6a_LINK","SV5_INFILL_ROOM_136a2d749c8d7eddcf7e_LINK","SV5_OPTIONAL_09","S04_02","15","15","120,151|121,151|121,150|122,150|123,150|123,149|124,149|125,149|126,149|126,148|127,148|128,148|128,147|129,147|130,147","1e6b72cdd899037faa6eca523eb247245b83a2238d7e72a8406e27f2fad5c603"
"SV5_LOOP_CAND_26cbd20c6dfaa4c9c545","2795558944540107977","26cbd20c6dfaa4c9c5455e3bfff0a5569003dc66117d0a1d5c11e7eac685a16f","REJECTED","INELIGIBLE_HASH","False","SV5_INFILL_ROOM_04458846b0c9a081817d_LINK","SV5_INFILL_ROOM_41bfb11db98643b33449_LINK","SV5_OPTIONAL_07","S02_03","13","13","184,87|183,87|182,87|181,87|180,87|179,87|178,87|177,87|176,87|175,87|174,87|173,87|172,87","1e6b72cdd899037faa6eca523eb247245b83a2238d7e72a8406e27f2fad5c603"
"SV5_LOOP_CAND_28c58ba483a5ab07e374","2937907870628686599","28c58ba483a5ab07e374307563c7b50606adcbb824bd42bfc0bb82134796dd3c","REJECTED","INELIGIBLE_HASH","False","SV5_INFILL_ROOM_005a04bda9ede05b1190_LINK","SV5_INFILL_ROOM_1c4c6b34887f12eefac3_LINK","SV5_OPTIONAL_09","S04_02","14","14","125,131|126,131|127,131|127,132|128,132|129,132|129,133|130,133|131,133|131,134|132,134|133,134|133,135|134,135","1e6b72cdd899037faa6eca523eb247245b83a2238d7e72a8406e27f2fad5c603"
"SV5_LOOP_CAND_2917d76e6594a6cf87ef","2961072149170005711","2917d76e6594a6cf87ef4b91cc5f785a82b513019251e474785023cfd9f23a1d","REJECTED","DUPLICATE_ENDPOINT_PAIR","True","SV5_INFILL_ROOM_0336ae99bc580abe01f7_LINK","SV5_INFILL_ROOM_0496c8692f6450167db1_LINK","SV5_OPTIONAL_14","S11_01","20","20","49,359|50,359|51,359|52,359|53,359|54,359|55,359|56,359|57,359|58,359|59,359|60,359|61,359|62,359|63,359|64,359|65,359|66,359|67,359|68,359","1e6b72cdd899037faa6eca523eb247245b83a2238d7e72a8406e27f2fad5c603"
"SV5_LOOP_CAND_2a016666675c89cfdb78","3026813014576499151","2a016666675c89cfdb78af3a3bd75e5e9399ffc26441e137bfdce4e92b0ed342","REJECTED","INELIGIBLE_HASH","False","SV5_INFILL_ROOM_0336ae99bc580abe01f7_LINK","SV5_INFILL_ROOM_0496c8692f6450167db1_LINK","SV5_OPTIONAL_14","S11_01","23","23","51,359|52,359|53,359|54,359|55,359|56,359|57,359|58,359|59,359|60,359|61,359|62,359|63,359|64,359|65,359|66,359|67,359|68,359|69,359|70,359|71,359|72,359|73,359","1e6b72cdd899037faa6eca523eb247245b83a2238d7e72a8406e27f2fad5c603"
"SV5_LOOP_CAND_2a0b4322aded926328d5","3029588990562767459","2a0b4322aded926328d504858d063bd6f0e5b29a9d6fa52dbce96ef60b8d6be2","REJECTED","INELIGIBLE_HASH","False","SV5_INFILL_ROOM_0336ae99bc580abe01f7_LINK","SV5_INFILL_ROOM_0496c8692f6450167db1_LINK","SV5_OPTIONAL_14","S11_01","20","20","47,359|48,359|49,359|50,359|51,359|52,359|53,359|54,359|55,359|56,359|57,359|58,359|59,359|60,359|61,359|62,359|63,359|64,359|65,359|66,359","1e6b72cdd899037faa6eca523eb247245b83a2238d7e72a8406e27f2fad5c603"
"SV5_LOOP_CAND_2a1e82a32c9e79761072","3035006836234156406","2a1e82a32c9e797610728618e50fb4cdd20366122ca211b851636ad8c9edbe57","REJECTED","DUPLICATE_ENDPOINT_PAIR","True","SV5_INFILL_ROOM_0336ae99bc580abe01f7_LINK","SV5_INFILL_ROOM_0496c8692f6450167db1_LINK","SV5_OPTIONAL_14","S11_01","21","21","51,359|52,359|53,359|54,359|55,359|56,359|57,359|58,359|59,359|60,359|61,359|62,359|63,359|64,359|65,359|66,359|67,359|68,359|69,359|70,359|71,359","1e6b72cdd899037faa6eca523eb247245b83a2238d7e72a8406e27f2fad5c603"
"SV5_LOOP_CAND_2bea55521cb0a52e2a61","3164435499338212654","2bea55521cb0a52e2a610f72ead413f90b0f3fe3e35e066a9703d993f6e71946","REJECTED","INELIGIBLE_HASH","False","SV5_INFILL_ROOM_04458846b0c9a081817d_LINK","SV5_INFILL_ROOM_41bfb11db98643b33449_LINK","SV5_OPTIONAL_07","S02_03","14","14","187,87|186,87|185,87|184,87|183,87|182,87|181,87|180,87|179,87|178,87|177,87|176,87|175,87|174,87","1e6b72cdd899037faa6eca523eb247245b83a2238d7e72a8406e27f2fad5c603"
"SV5_LOOP_CAND_2c410ec0b856d11157ea","3188846232044228881","2c410ec0b856d11157ea703cb4f248f059268b8270f1e59d7914f2fbe6f17d14","REJECTED","INELIGIBLE_HASH","False","SV5_INFILL_ROOM_07fb3ac254e765673737_LINK","SV5_INFILL_ROOM_0f5736599d7acc3ea0a8_LINK","SV5_OPTIONAL_04","S03_11","14","14","563,127|562,127|562,126|561,126|560,126|560,125|559,125|558,125|558,124|557,124|556,124|556,123|555,123|554,123","1e6b72cdd899037faa6eca523eb247245b83a2238d7e72a8406e27f2fad5c603"
"SV5_LOOP_CAND_2ca42065b97c9a1e9682","3216731655125113374","2ca42065b97c9a1e96820eab7a8d75edb4b8f5cadc2f3a3f3adcf1603e7b7215","REJECTED","INELIGIBLE_HASH","False","SV5_INFILL_ROOM_0336ae99bc580abe01f7_LINK","SV5_INFILL_ROOM_0496c8692f6450167db1_LINK","SV5_OPTIONAL_14","S11_01","22","22","51,359|52,359|53,359|54,359|55,359|56,359|57,359|58,359|59,359|60,359|61,359|62,359|63,359|64,359|65,359|66,359|67,359|68,359|69,359|70,359|71,359|72,359","1e6b72cdd899037faa6eca523eb247245b83a2238d7e72a8406e27f2fad5c603"
"SV5_LOOP_CAND_2d0dbcddbdcd105a2931","3246458566962122842","2d0dbcddbdcd105a2931bead7b9da6e85b19974b236b6b659e7d826edceabf69","REJECTED","INELIGIBLE_HASH","False","SV5_INFILL_ROOM_0274815fcd6818f05a6a_LINK","SV5_INFILL_ROOM_136a2d749c8d7eddcf7e_LINK","SV5_OPTIONAL_09","S04_02","14","14","122,151|123,151|123,150|124,150|125,150|125,149|126,149|127,149|127,148|128,148|129,148|129,147|130,147|131,147","1e6b72cdd899037faa6eca523eb247245b83a2238d7e72a8406e27f2fad5c603"
"SV5_LOOP_CAND_2d6efec19caec396d9b2","3273834086655771542","2d6efec19caec396d9b25cd57b81caa655c9b14ffea3e87a33ee62f15d0d8a60","REJECTED","INELIGIBLE_HASH","False","SV5_INFILL_ROOM_07fb3ac254e765673737_LINK","SV5_INFILL_ROOM_0f5736599d7acc3ea0a8_LINK","SV5_OPTIONAL_04","S03_11","24","24","571,127|570,127|570,126|569,126|568,126|567,126|566,126|566,125|565,125|564,125|563,125|562,125|561,125|561,124|560,124|559,124|558,124|557,124|556,124|556,123|555,123|554,123|553,123|552,123","1e6b72cdd899037faa6eca523eb247245b83a2238d7e72a8406e27f2fad5c603"
"SV5_LOOP_CAND_2ea30e5e3cb28510d489","3360545544856569104","2ea30e5e3cb28510d48973f36d1a4ca3899a208e0c063c91868cebe4cb7c5c38","REJECTED","DUPLICATE_ENDPOINT_PAIR","True","SV5_INFILL_ROOM_0336ae99bc580abe01f7_LINK","SV5_INFILL_ROOM_0496c8692f6450167db1_LINK","SV5_OPTIONAL_14","S11_01","17","17","53,359|54,359|55,359|56,359|57,359|58,359|59,359|60,359|61,359|62,359|63,359|64,359|65,359|66,359|67,359|68,359|69,359","1e6b72cdd899037faa6eca523eb247245b83a2238d7e72a8406e27f2fad5c603"
"SV5_LOOP_CAND_2f194f66607a59a15c4e","3393831095324268961","2f194f66607a59a15c4e5543907857d277e24acae4ade92f614e2b7f734741e3","REJECTED","INELIGIBLE_HASH","False","SV5_INFILL_ROOM_002b1fdb38d3b5d62912_LINK","SV5_INFILL_ROOM_04b3ee2d2f798b163c8e_LINK","SV5_OPTIONAL_04","S00_11","13","13","558,23|557,23|556,23|555,23|554,23|553,23|552,23|551,23|550,23|549,23|548,23|547,23|546,23","1e6b72cdd899037faa6eca523eb247245b83a2238d7e72a8406e27f2fad5c603"
"SV5_LOOP_CAND_303a429d2c697c64a98e","3475163305292168292","303a429d2c697c64a98ebb62f877f45a12da6d425941bb9e9f370fb674a54641","REJECTED","INELIGIBLE_HASH","False","SV5_INFILL_ROOM_002b1fdb38d3b5d62912_LINK","SV5_INFILL_ROOM_04b3ee2d2f798b163c8e_LINK","SV5_OPTIONAL_04","S00_11","18","18","559,23|558,23|557,23|556,23|555,23|554,23|553,23|552,23|551,23|550,23|549,23|548,23|547,23|546,23|545,23|544,23|543,23|542,23","1e6b72cdd899037faa6eca523eb247245b83a2238d7e72a8406e27f2fad5c603"
"SV5_LOOP_CAND_317807845f0997e620e2","3564607370175289318","317807845f0997e620e2222948b8ba51e5ef0cfe019ddd133783b0652ceaa45c","REJECTED","DUPLICATE_ENDPOINT_PAIR","True","SV5_INFILL_ROOM_0336ae99bc580abe01f7_LINK","SV5_INFILL_ROOM_0496c8692f6450167db1_LINK","SV5_OPTIONAL_14","S11_01","16","16","57,359|58,359|59,359|60,359|61,359|62,359|63,359|64,359|65,359|66,359|67,359|68,359|69,359|70,359|71,359|72,359","1e6b72cdd899037faa6eca523eb247245b83a2238d7e72a8406e27f2fad5c603"
"SV5_LOOP_CAND_318f41ef2671f74e930f","3571145524926084942","318f41ef2671f74e930fdeeaaae473dd14c960597cd6a2d95d5fc2518df660c0","REJECTED","INELIGIBLE_HASH","False","SV5_INFILL_ROOM_0336ae99bc580abe01f7_LINK","SV5_INFILL_ROOM_0496c8692f6450167db1_LINK","SV5_OPTIONAL_14","S11_01","13","13","55,359|56,359|57,359|58,359|59,359|60,359|61,359|62,359|63,359|64,359|65,359|66,359|67,359","1e6b72cdd899037faa6eca523eb247245b83a2238d7e72a8406e27f2fad5c603"
"SV5_LOOP_CAND_31aab54824812e468639","3578872175353998918","31aab54824812e468639a10896d113d04c13c037156ab9ffafc85475d2d902ed","REJECTED","DUPLICATE_ENDPOINT_PAIR","True","SV5_INFILL_ROOM_0336ae99bc580abe01f7_LINK","SV5_INFILL_ROOM_0496c8692f6450167db1_LINK","SV5_OPTIONAL_14","S11_01","21","21","45,359|46,359|47,359|48,359|49,359|50,359|51,359|52,359|53,359|54,359|55,359|56,359|57,359|58,359|59,359|60,359|61,359|62,359|63,359|64,359|65,359","1e6b72cdd899037faa6eca523eb247245b83a2238d7e72a8406e27f2fad5c603"
"SV5_LOOP_CAND_32a47b071a39400e06d7","3649176868511891470","32a47b071a39400e06d73c374aacdcd6d97f59e91dd57e86d4008f6bb312a539","REJECTED","INELIGIBLE_HASH","False","SV5_INFILL_ROOM_0336ae99bc580abe01f7_LINK","SV5_INFILL_ROOM_0496c8692f6450167db1_LINK","SV5_OPTIONAL_14","S11_01","18","18","54,359|55,359|56,359|57,359|58,359|59,359|60,359|61,359|62,359|63,359|64,359|65,359|66,359|67,359|68,359|69,359|70,359|71,359","1e6b72cdd899037faa6eca523eb247245b83a2238d7e72a8406e27f2fad5c603"
"SV5_LOOP_CAND_3403ea76710bf4a53a89","3748097109326034085","3403ea76710bf4a53a894ac50d34f722ee2f9d40d44d54aa3e5f9a7b05b297b7","REJECTED","INELIGIBLE_HASH","False","SV5_INFILL_ROOM_002b1fdb38d3b5d62912_LINK","SV5_INFILL_ROOM_04b3ee2d2f798b163c8e_LINK","SV5_OPTIONAL_04","S00_11","12","12","559,23|558,23|557,23|556,23|555,23|554,23|553,23|552,23|551,23|550,23|549,23|548,23","1e6b72cdd899037faa6eca523eb247245b83a2238d7e72a8406e27f2fad5c603"
"SV5_LOOP_CAND_347ee811d84d75cd8480","3782715900378838477","347ee811d84d75cd8480b06e1a8a7c52ddf7169431ee9b0e68d44b0765ad6a0f","REJECTED","INELIGIBLE_HASH","False","SV5_INFILL_ROOM_046863d4c69cd86e081e_LINK","SV5_INFILL_ROOM_050904725fdcd82ff28e_LINK","SV5_OPTIONAL_04","S02_11","12","12","551,75|552,75|552,74|553,74|553,73|554,73|555,73|555,72|556,72|557,72|557,71|558,71","1e6b72cdd899037faa6eca523eb247245b83a2238d7e72a8406e27f2fad5c603"
"SV5_LOOP_CAND_352da1e09d16d74a26b9","3831896844042426186","352da1e09d16d74a26b96d6ff4440d4a1b060b83a6e02952ef95cf7b019bca5a","REJECTED","INELIGIBLE_HASH","False","SV5_INFILL_ROOM_0211dda6690845617294_LINK","SV5_INFILL_ROOM_03bff8d63e21cbc62be9_LINK","SV5_OPTIONAL_06","S01_04","6","6","218,51|219,51|220,51|221,51|222,51|223,51","1e6b72cdd899037faa6eca523eb247245b83a2238d7e72a8406e27f2fad5c603"
"SV5_LOOP_CAND_3546da6a5df6e5b2eb28","3838995882757776818","3546da6a5df6e5b2eb2841975a96535baa2db9bc52772d2503ab3d692f5ef606","REJECTED","DUPLICATE_ENDPOINT_PAIR","True","SV5_INFILL_ROOM_0336ae99bc580abe01f7_LINK","SV5_INFILL_ROOM_0496c8692f6450167db1_LINK","SV5_OPTIONAL_14","S11_01","19","19","50,359|51,359|52,359|53,359|54,359|55,359|56,359|57,359|58,359|59,359|60,359|61,359|62,359|63,359|64,359|65,359|66,359|67,359|68,359","1e6b72cdd899037faa6eca523eb247245b83a2238d7e72a8406e27f2fad5c603"
"SV5_LOOP_CAND_355a9040f8e27f0b50aa","3844543840642039563","355a9040f8e27f0b50aa62f30ba1f98022807024c65cfd5c3d7083f3ca5b886a","REJECTED","INELIGIBLE_HASH","False","SV5_INFILL_ROOM_07fb3ac254e765673737_LINK","SV5_INFILL_ROOM_0f5736599d7acc3ea0a8_LINK","SV5_OPTIONAL_04","S03_11","13","13","562,127|561,127|561,126|560,126|559,126|559,125|558,125|557,125|557,124|556,124|555,124|555,123|554,123","1e6b72cdd899037faa6eca523eb247245b83a2238d7e72a8406e27f2fad5c603"
"SV5_LOOP_CAND_3604a5266d1b9a27e9ab","3892417562412816935","3604a5266d1b9a27e9abd026bb0d79099c5feaaceb0a19632bbd11cfac07e6f6","REJECTED","INELIGIBLE_HASH","False","SV5_INFILL_ROOM_0211dda6690845617294_LINK","SV5_INFILL_ROOM_03bff8d63e21cbc62be9_LINK","SV5_OPTIONAL_06","S01_04","20","20","207,54|208,54|208,53|209,53|210,53|211,53|212,53|213,53|213,52|214,52|215,52|216,52|217,52|218,52|218,51|219,51|220,51|221,51|222,51|223,51","1e6b72cdd899037faa6eca523eb247245b83a2238d7e72a8406e27f2fad5c603"
"SV5_LOOP_CAND_367f0ff9c72b53459a70","3926874965553140549","367f0ff9c72b53459a70f6ac94d52fc728465166b92ec57b83783e28ce190b56","REJECTED","INELIGIBLE_HASH","False","SV5_INFILL_ROOM_0336ae99bc580abe01f7_LINK","SV5_INFILL_ROOM_0496c8692f6450167db1_LINK","SV5_OPTIONAL_14","S11_01","8","8","55,359|56,359|57,359|58,359|59,359|60,359|61,359|62,359","1e6b72cdd899037faa6eca523eb247245b83a2238d7e72a8406e27f2fad5c603"
"SV5_LOOP_CAND_36a584a9df6bcadea0cc","3937699314338089694","36a584a9df6bcadea0cc8f2adb5617a220aa80a3b4ae95b51bdb2511e33d7843","REJECTED","INELIGIBLE_HASH","False","SV5_INFILL_ROOM_0336ae99bc580abe01f7_LINK","SV5_INFILL_ROOM_0496c8692f6450167db1_LINK","SV5_OPTIONAL_14","S11_01","24","24","49,359|50,359|51,359|52,359|53,359|54,359|55,359|56,359|57,359|58,359|59,359|60,359|61,359|62,359|63,359|64,359|65,359|66,359|67,359|68,359|69,359|70,359|71,359|72,359","1e6b72cdd899037faa6eca523eb247245b83a2238d7e72a8406e27f2fad5c603"
"SV5_LOOP_CAND_36ac103bba22603978c4","3939541622754271289","36ac103bba22603978c45c0e1943dd2f4f8aa13cc97d30e7115ac341987e5984","REJECTED","INELIGIBLE_HASH","False","SV5_INFILL_ROOM_002b1fdb38d3b5d62912_LINK","SV5_INFILL_ROOM_04b3ee2d2f798b163c8e_LINK","SV5_OPTIONAL_04","S00_11","6","6","558,23|557,23|556,23|555,23|554,23|553,23","1e6b72cdd899037faa6eca523eb247245b83a2238d7e72a8406e27f2fad5c603"
"SV5_LOOP_CAND_36fd5e8f5ac74d40a2f2","3962427216952249664","36fd5e8f5ac74d40a2f22e7288d67974efbb2ccec239b492dca55022db1d9ae0","REJECTED","INELIGIBLE_HASH","False","SV5_INFILL_ROOM_0336ae99bc580abe01f7_LINK","SV5_INFILL_ROOM_0496c8692f6450167db1_LINK","SV5_OPTIONAL_14","S11_01","22","22","41,359|42,359|43,359|44,359|45,359|46,359|47,359|48,359|49,359|50,359|51,359|52,359|53,359|54,359|55,359|56,359|57,359|58,359|59,359|60,359|61,359|62,359","1e6b72cdd899037faa6eca523eb247245b83a2238d7e72a8406e27f2fad5c603"
"SV5_LOOP_CAND_3739020cc8129938aecf","3979213999678069048","3739020cc8129938aecf9e24ed198b74c3792a8ca3ccec009fd30908382ebd46","REJECTED","INELIGIBLE_HASH","False","SV5_INFILL_ROOM_16de283f3026f06e031f_LINK","SV5_INFILL_ROOM_1ea3a9898e39ffe90dff_LINK","SV5_OPTIONAL_04","S03_11","20","20","569,110|568,110|568,109|567,109|566,109|565,109|564,109|563,109|563,108|562,108|561,108|560,108|559,108|558,108|558,107|557,107|556,107|555,107|554,107|553,107","1e6b72cdd899037faa6eca523eb247245b83a2238d7e72a8406e27f2fad5c603"
"SV5_LOOP_CAND_3811a63c1f99eb34439e","4040193117886475060","3811a63c1f99eb34439e57858c88949195a122582d19cca817a998921ab1cd6b","REJECTED","INELIGIBLE_HASH","False","SV5_INFILL_ROOM_0336ae99bc580abe01f7_LINK","SV5_INFILL_ROOM_0496c8692f6450167db1_LINK","SV5_OPTIONAL_14","S11_01","20","20","57,359|58,359|59,359|60,359|61,359|62,359|63,359|64,359|65,359|66,359|67,359|68,359|69,359|70,359|71,359|72,359|73,359|74,359|75,359|76,359","1e6b72cdd899037faa6eca523eb247245b83a2238d7e72a8406e27f2fad5c603"
"SV5_LOOP_CAND_39f3deb7fd93d16bebe5","4175926161317286251","39f3deb7fd93d16bebe5b57d2943112dc40cf5b84bad740013e9257db34f1e81","REJECTED","INELIGIBLE_HASH","False","SV5_INFILL_ROOM_0336ae99bc580abe01f7_LINK","SV5_INFILL_ROOM_0496c8692f6450167db1_LINK","SV5_OPTIONAL_14","S11_01","17","17","56,359|57,359|58,359|59,359|60,359|61,359|62,359|63,359|64,359|65,359|66,359|67,359|68,359|69,359|70,359|71,359|72,359","1e6b72cdd899037faa6eca523eb247245b83a2238d7e72a8406e27f2fad5c603"
"SV5_LOOP_CAND_39fe96f50c9d212a4832","4178943483469177130","39fe96f50c9d212a48325cfd43e3dc56ac4b7f68aa992020bdc69c250a949244","REJECTED","INELIGIBLE_HASH","False","SV5_INFILL_ROOM_005a04bda9ede05b1190_LINK","SV5_INFILL_ROOM_1c4c6b34887f12eefac3_LINK","SV5_OPTIONAL_09","S04_02","24","24","123,131|124,131|125,131|126,131|127,131|127,132|128,132|129,132|130,132|131,132|132,132|132,133|133,133|134,133|135,133|136,133|137,133|137,134|138,134|139,134|140,134|141,134|141,135|142,135","1e6b72cdd899037faa6eca523eb247245b83a2238d7e72a8406e27f2fad5c603"
"SV5_LOOP_CAND_3a2080c9c16dee7c27df","4188489257476550268","3a2080c9c16dee7c27dfac1b1498a2573b7a582e51d73980eb485d36b3c32a0b","REJECTED","INELIGIBLE_HASH","False","SV5_INFILL_ROOM_0336ae99bc580abe01f7_LINK","SV5_INFILL_ROOM_0496c8692f6450167db1_LINK","SV5_OPTIONAL_14","S11_01","21","21","46,359|47,359|48,359|49,359|50,359|51,359|52,359|53,359|54,359|55,359|56,359|57,359|58,359|59,359|60,359|61,359|62,359|63,359|64,359|65,359|66,359","1e6b72cdd899037faa6eca523eb247245b83a2238d7e72a8406e27f2fad5c603"
"SV5_LOOP_CAND_3a682724d599aae171df","4208656890933652193","3a682724d599aae171df0ce8062ae8ac7744efe81fa3b5fd2b6debd771d9f611","REJECTED","INELIGIBLE_HASH","False","SV5_INFILL_ROOM_0336ae99bc580abe01f7_LINK","SV5_INFILL_ROOM_0496c8692f6450167db1_LINK","SV5_OPTIONAL_14","S11_01","14","14","53,359|54,359|55,359|56,359|57,359|58,359|59,359|60,359|61,359|62,359|63,359|64,359|65,359|66,359","1e6b72cdd899037faa6eca523eb247245b83a2238d7e72a8406e27f2fad5c603"
"SV5_LOOP_CAND_3b0bd71a241fb5f50516","4254730780256744949","3b0bd71a241fb5f5051693e99c99ba205a52f5c71b2e7376b4a4ce941cb5d820","REJECTED","INELIGIBLE_HASH","False","SV5_INFILL_ROOM_0336ae99bc580abe01f7_LINK","SV5_INFILL_ROOM_0496c8692f6450167db1_LINK","SV5_OPTIONAL_14","S11_01","24","24","48,359|49,359|50,359|51,359|52,359|53,359|54,359|55,359|56,359|57,359|58,359|59,359|60,359|61,359|62,359|63,359|64,359|65,359|66,359|67,359|68,359|69,359|70,359|71,359","1e6b72cdd899037faa6eca523eb247245b83a2238d7e72a8406e27f2fad5c603"
"SV5_LOOP_CAND_3b220c34633ec13aee21","4260981616588800314","3b220c34633ec13aee21cd4927b120716d684a275a6f2ee80f00145128adfdc6","ACCEPTED","PASS","True","SV5_INFILL_ROOM_005a04bda9ede05b1190_LINK","SV5_INFILL_ROOM_1c4c6b34887f12eefac3_LINK","SV5_OPTIONAL_09","S04_02","20","20","126,131|127,131|128,131|129,131|129,132|130,132|131,132|132,132|133,132|133,133|134,133|135,133|136,133|137,133|137,134|138,134|139,134|140,134|140,135|141,135","1e6b72cdd899037faa6eca523eb247245b83a2238d7e72a8406e27f2fad5c603"
"SV5_LOOP_CAND_3c5e5cff73db87f2ec9d","4350016542316660722","3c5e5cff73db87f2ec9df9ab20e09c96ebed63c7e176de09aa7bd185f0befc06","REJECTED","DUPLICATE_ENDPOINT_PAIR","True","SV5_INFILL_ROOM_0336ae99bc580abe01f7_LINK","SV5_INFILL_ROOM_0496c8692f6450167db1_LINK","SV5_OPTIONAL_14","S11_01","15","15","53,359|54,359|55,359|56,359|57,359|58,359|59,359|60,359|61,359|62,359|63,359|64,359|65,359|66,359|67,359","1e6b72cdd899037faa6eca523eb247245b83a2238d7e72a8406e27f2fad5c603"
"SV5_LOOP_CAND_3c6c682731ae9e24faa3","4353969457306967588","3c6c682731ae9e24faa37fce4d27090a669e3733117e71c9fc2c9bb63aa5d4f2","REJECTED","INELIGIBLE_HASH","False","SV5_INFILL_ROOM_00e5c1799c48f53348c3_LINK","SV5_INFILL_ROOM_00fe6dfb4eef486a889c_LINK","SV5_OPTIONAL_04","S02_11","10","10","553,91|554,91|554,90|555,90|555,89|556,89|556,88|557,88|557,87|558,87","1e6b72cdd899037faa6eca523eb247245b83a2238d7e72a8406e27f2fad5c603"
"SV5_LOOP_CAND_3d815f35155027dfa686","4431928189904758751","3d815f35155027dfa686e75c7835b0017de87c8259248506e1dff48b8548332d","REJECTED","INELIGIBLE_HASH","False","SV5_INFILL_ROOM_0336ae99bc580abe01f7_LINK","SV5_INFILL_ROOM_0496c8692f6450167db1_LINK","SV5_OPTIONAL_14","S11_01","22","22","53,359|54,359|55,359|56,359|57,359|58,359|59,359|60,359|61,359|62,359|63,359|64,359|65,359|66,359|67,359|68,359|69,359|70,359|71,359|72,359|73,359|74,359","1e6b72cdd899037faa6eca523eb247245b83a2238d7e72a8406e27f2fad5c603"
"SV5_LOOP_CAND_3e98079c80b143149756","4510363395566945044","3e98079c80b1431497561291460528a7e658f3882233294104521ed618a78dda","REJECTED","INELIGIBLE_HASH","False","SV5_INFILL_ROOM_0336ae99bc580abe01f7_LINK","SV5_INFILL_ROOM_0496c8692f6450167db1_LINK","SV5_OPTIONAL_14","S11_01","24","24","42,359|43,359|44,359|45,359|46,359|47,359|48,359|49,359|50,359|51,359|52,359|53,359|54,359|55,359|56,359|57,359|58,359|59,359|60,359|61,359|62,359|63,359|64,359|65,359","1e6b72cdd899037faa6eca523eb247245b83a2238d7e72a8406e27f2fad5c603"
"SV5_LOOP_CAND_3ef10b14e1eccadbbeb2","4535418484056443611","3ef10b14e1eccadbbeb230a01dedd60c562322760646f4d3cffcb6ea5a53394c","REJECTED","DUPLICATE_ENDPOINT_PAIR","True","SV5_INFILL_ROOM_0336ae99bc580abe01f7_LINK","SV5_INFILL_ROOM_0496c8692f6450167db1_LINK","SV5_OPTIONAL_14","S11_01","10","10","54,359|55,359|56,359|57,359|58,359|59,359|60,359|61,359|62,359|63,359","1e6b72cdd899037faa6eca523eb247245b83a2238d7e72a8406e27f2fad5c603"
"SV5_LOOP_CAND_3f27de4dbf2632b7d647","4550850373981975223","3f27de4dbf2632b7d647fa8120d184a2101de8daf2f87bcd988d30cc3a440a6f","REJECTED","DUPLICATE_ENDPOINT_PAIR","True","SV5_INFILL_ROOM_005a04bda9ede05b1190_LINK","SV5_INFILL_ROOM_1c4c6b34887f12eefac3_LINK","SV5_OPTIONAL_09","S04_02","17","17","125,131|126,131|127,131|127,132|128,132|129,132|130,132|130,133|131,133|132,133|133,133|133,134|134,134|135,134|136,134|136,135|137,135","1e6b72cdd899037faa6eca523eb247245b83a2238d7e72a8406e27f2fad5c603"
"SV5_LOOP_CAND_3f4336a3091d3577f136","4558547321689552247","3f4336a3091d3577f136f6d91924f54d9d8b6019030e465e67602808b1e03b47","REJECTED","INELIGIBLE_HASH","False","SV5_INFILL_ROOM_0274815fcd6818f05a6a_LINK","SV5_INFILL_ROOM_136a2d749c8d7eddcf7e_LINK","SV5_OPTIONAL_09","S04_02","21","21","114,151|115,151|115,150|116,150|117,150|118,150|119,150|119,149|120,149|121,149|122,149|123,149|123,148|124,148|125,148|126,148|127,148|127,147|128,147|129,147|130,147","1e6b72cdd899037faa6eca523eb247245b83a2238d7e72a8406e27f2fad5c603"
"SV5_LOOP_CAND_3f4b72f1f77bbe084801","4560865431207525896","3f4b72f1f77bbe084801fffc7a1a4f08dda933ba8dab7031c4b4adc11864d570","REJECTED","INELIGIBLE_HASH","False","SV5_INFILL_ROOM_0336ae99bc580abe01f7_LINK","SV5_INFILL_ROOM_0496c8692f6450167db1_LINK","SV5_OPTIONAL_14","S11_01","21","21","52,359|53,359|54,359|55,359|56,359|57,359|58,359|59,359|60,359|61,359|62,359|63,359|64,359|65,359|66,359|67,359|68,359|69,359|70,359|71,359|72,359","1e6b72cdd899037faa6eca523eb247245b83a2238d7e72a8406e27f2fad5c603"
"SV5_LOOP_CAND_406f311a6d582147a980","4642983730415673671","406f311a6d582147a980dd8406d1df42ae39545d04635f22af96c5558df26766","REJECTED","INELIGIBLE_HASH","False","SV5_INFILL_ROOM_00d2b967a3d3b2f6b4b1_LINK","SV5_INFILL_ROOM_01ab4f357f1a1a51e05d_LINK","SV5_OPTIONAL_06","S00_04","7","7","217,24|218,24|218,23|219,23|220,23|221,23|222,23","1e6b72cdd899037faa6eca523eb247245b83a2238d7e72a8406e27f2fad5c603"
"SV5_LOOP_CAND_41c35c133468e37b461e","4738732470477316987","41c35c133468e37b461e821a501d61fb1246ab38ad6feb6080693cc194c8bc21","REJECTED","INELIGIBLE_HASH","False","SV5_INFILL_ROOM_0274815fcd6818f05a6a_LINK","SV5_INFILL_ROOM_136a2d749c8d7eddcf7e_LINK","SV5_OPTIONAL_09","S04_02","19","19","116,151|117,151|117,150|118,150|119,150|120,150|120,149|121,149|122,149|123,149|124,149|124,148|125,148|126,148|127,148|127,147|128,147|129,147|130,147","1e6b72cdd899037faa6eca523eb247245b83a2238d7e72a8406e27f2fad5c603"
"SV5_LOOP_CAND_421abf4e26ef5a9eeabb","4763329898279295646","421abf4e26ef5a9eeabb843f9b8da42e575ec6971f739c4ffc3821496e42c671","REJECTED","INELIGIBLE_HASH","False","SV5_INFILL_ROOM_0336ae99bc580abe01f7_LINK","SV5_INFILL_ROOM_0496c8692f6450167db1_LINK","SV5_OPTIONAL_14","S11_01","10","10","58,359|59,359|60,359|61,359|62,359|63,359|64,359|65,359|66,359|67,359","1e6b72cdd899037faa6eca523eb247245b83a2238d7e72a8406e27f2fad5c603"
"SV5_LOOP_CAND_435c42b5789eebc58239","4853827845578746821","435c42b5789eebc5823921dc4ffe34c958cf4edc9438f44f81cea2d1d9de67fe","REJECTED","DUPLICATE_ENDPOINT_PAIR","True","SV5_INFILL_ROOM_005a04bda9ede05b1190_LINK","SV5_INFILL_ROOM_1c4c6b34887f12eefac3_LINK","SV5_OPTIONAL_09","S04_02","17","17","126,131|127,131|128,131|128,132|129,132|130,132|131,132|131,133|132,133|133,133|134,133|134,134|135,134|136,134|137,134|137,135|138,135","1e6b72cdd899037faa6eca523eb247245b83a2238d7e72a8406e27f2fad5c603"
"SV5_LOOP_CAND_439b54f6a2a509dcd944","4871580840198736348","439b54f6a2a509dcd944acb5b92924a0655c56751b8299aa745e73eb2a1e67d6","REJECTED","INELIGIBLE_HASH","False","SV5_INFILL_ROOM_0336ae99bc580abe01f7_LINK","SV5_INFILL_ROOM_0496c8692f6450167db1_LINK","SV5_OPTIONAL_14","S11_01","22","22","57,359|58,359|59,359|60,359|61,359|62,359|63,359|64,359|65,359|66,359|67,359|68,359|69,359|70,359|71,359|72,359|73,359|74,359|75,359|76,359|77,359|78,359","1e6b72cdd899037faa6eca523eb247245b83a2238d7e72a8406e27f2fad5c603"
"SV5_LOOP_CAND_4428c2e7ea52ccc672bf","4911389694972054726","4428c2e7ea52ccc672bfb1a67e4873f5cdc5812812e857473e1651b2afc63ec1","REJECTED","DUPLICATE_ENDPOINT_PAIR","True","SV5_INFILL_ROOM_07fb3ac254e765673737_LINK","SV5_INFILL_ROOM_0f5736599d7acc3ea0a8_LINK","SV5_OPTIONAL_04","S03_11","15","15","563,127|562,127|562,126|561,126|560,126|560,125|559,125|558,125|557,125|557,124|556,124|555,124|555,123|554,123|553,123","1e6b72cdd899037faa6eca523eb247245b83a2238d7e72a8406e27f2fad5c603"
"SV5_LOOP_CAND_445496793c0815f00d54","4923725740065166832","445496793c0815f00d5496f98103874c9f674c7c47037e2642f64c3a8438502a","REJECTED","INELIGIBLE_HASH","False","SV5_INFILL_ROOM_07fb3ac254e765673737_LINK","SV5_INFILL_ROOM_0f5736599d7acc3ea0a8_LINK","SV5_OPTIONAL_04","S03_11","20","20","569,127|568,127|568,126|567,126|566,126|565,126|565,125|564,125|563,125|562,125|561,125|561,124|560,124|559,124|558,124|557,124|557,123|556,123|555,123|554,123","1e6b72cdd899037faa6eca523eb247245b83a2238d7e72a8406e27f2fad5c603"
"SV5_LOOP_CAND_4526541734adb98e9c2d","4982762496376813966","4526541734adb98e9c2ddc28220d22debc4145f823c9f731bb69c668bf8c1b90","REJECTED","INELIGIBLE_HASH","False","SV5_INFILL_ROOM_0211dda6690845617294_LINK","SV5_INFILL_ROOM_03bff8d63e21cbc62be9_LINK","SV5_OPTIONAL_06","S01_04","5","5","218,51|219,51|220,51|221,51|222,51","1e6b72cdd899037faa6eca523eb247245b83a2238d7e72a8406e27f2fad5c603"
"SV5_LOOP_CAND_454869ef4f3269e89eaa","4992356663486999016","454869ef4f3269e89eaa7bc0d935048b1c168fcaf5f6b951b64c974876c23ccb","REJECTED","DUPLICATE_ENDPOINT_PAIR","True","SV5_INFILL_ROOM_005a04bda9ede05b1190_LINK","SV5_INFILL_ROOM_1c4c6b34887f12eefac3_LINK","SV5_OPTIONAL_09","S04_02","20","20","124,131|125,131|126,131|127,131|127,132|128,132|129,132|130,132|131,132|131,133|132,133|133,133|134,133|135,133|135,134|136,134|137,134|138,134|138,135|139,135","1e6b72cdd899037faa6eca523eb247245b83a2238d7e72a8406e27f2fad5c603"
"SV5_LOOP_CAND_461573a476f1574439c0","5050069707373238084","461573a476f1574439c0e76ad035506a525ee1b0c21d00b1334a8dd1098cc1ad","REJECTED","INELIGIBLE_HASH","False","SV5_INFILL_ROOM_0336ae99bc580abe01f7_LINK","SV5_INFILL_ROOM_0496c8692f6450167db1_LINK","SV5_OPTIONAL_14","S11_01","17","17","49,359|50,359|51,359|52,359|53,359|54,359|55,359|56,359|57,359|58,359|59,359|60,359|61,359|62,359|63,359|64,359|65,359","1e6b72cdd899037faa6eca523eb247245b83a2238d7e72a8406e27f2fad5c603"
"SV5_LOOP_CAND_46434dd6713f91a4d85a","5062975989512901028","46434dd6713f91a4d85a606873d262c23985d412d39f7fd1882626c86a0dc402","REJECTED","DUPLICATE_ENDPOINT_PAIR","True","SV5_INFILL_ROOM_0336ae99bc580abe01f7_LINK","SV5_INFILL_ROOM_0496c8692f6450167db1_LINK","SV5_OPTIONAL_14","S11_01","21","21","57,359|58,359|59,359|60,359|61,359|62,359|63,359|64,359|65,359|66,359|67,359|68,359|69,359|70,359|71,359|72,359|73,359|74,359|75,359|76,359|77,359","1e6b72cdd899037faa6eca523eb247245b83a2238d7e72a8406e27f2fad5c603"
"SV5_LOOP_CAND_465f0781986dc2094431","5070779958631973385","465f0781986dc20944314ec67f53c25af1b4e9271c0fa0c37e656f5a6fed4141","REJECTED","INELIGIBLE_HASH","False","SV5_INFILL_ROOM_0336ae99bc580abe01f7_LINK","SV5_INFILL_ROOM_0496c8692f6450167db1_LINK","SV5_OPTIONAL_14","S11_01","9","9","55,359|56,359|57,359|58,359|59,359|60,359|61,359|62,359|63,359","1e6b72cdd899037faa6eca523eb247245b83a2238d7e72a8406e27f2fad5c603"
"SV5_LOOP_CAND_46c38e83622feeb04e02","5099075898052701872","46c38e83622feeb04e027d81303575400e6f4e886397afcfd52db0014d6adbce","REJECTED","INELIGIBLE_HASH","False","SV5_INFILL_ROOM_046863d4c69cd86e081e_LINK","SV5_INFILL_ROOM_050904725fdcd82ff28e_LINK","SV5_OPTIONAL_04","S02_11","23","23","540,75|541,75|541,74|542,74|543,74|544,74|545,74|545,73|546,73|547,73|548,73|549,73|550,73|550,72|551,72|552,72|553,72|554,72|554,71|555,71|556,71|557,71|558,71","1e6b72cdd899037faa6eca523eb247245b83a2238d7e72a8406e27f2fad5c603"
"SV5_LOOP_CAND_46f919442b98110df4b9","5114146632435765517","46f919442b98110df4b965948983f0a938d812e6f8643eb5c96e5918d4c6ef97","REJECTED","DUPLICATE_ENDPOINT_PAIR","True","SV5_INFILL_ROOM_0336ae99bc580abe01f7_LINK","SV5_INFILL_ROOM_0496c8692f6450167db1_LINK","SV5_OPTIONAL_14","S11_01","23","23","44,359|45,359|46,359|47,359|48,359|49,359|50,359|51,359|52,359|53,359|54,359|55,359|56,359|57,359|58,359|59,359|60,359|61,359|62,359|63,359|64,359|65,359|66,359","1e6b72cdd899037faa6eca523eb247245b83a2238d7e72a8406e27f2fad5c603"
"SV5_LOOP_CAND_4765d43ee402173fd3a6","5144751515919062847","4765d43ee402173fd3a6d1dc998f69a585bb74d4045dab87322801c082f2a38a","REJECTED","INELIGIBLE_HASH","False","SV5_INFILL_ROOM_0274815fcd6818f05a6a_LINK","SV5_INFILL_ROOM_136a2d749c8d7eddcf7e_LINK","SV5_OPTIONAL_09","S04_02","18","18","117,151|118,151|118,150|119,150|120,150|121,150|121,149|122,149|123,149|124,149|124,148|125,148|126,148|127,148|127,147|128,147|129,147|130,147","1e6b72cdd899037faa6eca523eb247245b83a2238d7e72a8406e27f2fad5c603"
"SV5_LOOP_CAND_477d0572159e69051c91","5151279536328829189","477d0572159e69051c91872c9eca3098b6a5e730c7e183a0b710b60c563127a6","REJECTED","INELIGIBLE_HASH","False","SV5_INFILL_ROOM_0336ae99bc580abe01f7_LINK","SV5_INFILL_ROOM_0496c8692f6450167db1_LINK","SV5_OPTIONAL_14","S11_01","16","16","50,359|51,359|52,359|53,359|54,359|55,359|56,359|57,359|58,359|59,359|60,359|61,359|62,359|63,359|64,359|65,359","1e6b72cdd899037faa6eca523eb247245b83a2238d7e72a8406e27f2fad5c603"
"SV5_LOOP_CAND_4872a89e604e024eb73a","5220420316249850446","4872a89e604e024eb73abbfb2965e1809b0581f7b2f66adf8648347d0a0abc09","REJECTED","INELIGIBLE_HASH","False","SV5_INFILL_ROOM_005a04bda9ede05b1190_LINK","SV5_INFILL_ROOM_1c4c6b34887f12eefac3_LINK","SV5_OPTIONAL_09","S04_02","18","18","124,131|125,131|126,131|127,131|127,132|128,132|129,132|130,132|130,133|131,133|132,133|133,133|133,134|134,134|135,134|136,134|136,135|137,135","1e6b72cdd899037faa6eca523eb247245b83a2238d7e72a8406e27f2fad5c603"
"SV5_LOOP_CAND_4b6630a1c98ac7255f0f","5433083471898265381","4b6630a1c98ac7255f0f76db89fe1abca21d9fed48cb081c3e4b8145549d2dd3","REJECTED","INELIGIBLE_HASH","False","SV5_INFILL_ROOM_002b1fdb38d3b5d62912_LINK","SV5_INFILL_ROOM_04b3ee2d2f798b163c8e_LINK","SV5_OPTIONAL_04","S00_11","11","11","559,23|558,23|557,23|556,23|555,23|554,23|553,23|552,23|551,23|550,23|549,23","1e6b72cdd899037faa6eca523eb247245b83a2238d7e72a8406e27f2fad5c603"
"SV5_LOOP_CAND_4bbc7c3fe210182cb187","5457373462283687980","4bbc7c3fe210182cb18796d01c046b89e5c9e9a762e7755424b6d7f5a061d841","REJECTED","INELIGIBLE_HASH","False","SV5_INFILL_ROOM_0336ae99bc580abe01f7_LINK","SV5_INFILL_ROOM_0496c8692f6450167db1_LINK","SV5_OPTIONAL_14","S11_01","24","24","41,359|42,359|43,359|44,359|45,359|46,359|47,359|48,359|49,359|50,359|51,359|52,359|53,359|54,359|55,359|56,359|57,359|58,359|59,359|60,359|61,359|62,359|63,359|64,359","1e6b72cdd899037faa6eca523eb247245b83a2238d7e72a8406e27f2fad5c603"
"SV5_LOOP_CAND_4c14b0a7ebe049c067ee","5482200881680107968","4c14b0a7ebe049c067ee0be25c14c30dd3d5d5c91b433e179aa42b1a9e70ce4c","REJECTED","INELIGIBLE_HASH","False","SV5_INFILL_ROOM_002b1fdb38d3b5d62912_LINK","SV5_INFILL_ROOM_04b3ee2d2f798b163c8e_LINK","SV5_OPTIONAL_04","S00_11","8","8","558,23|557,23|556,23|555,23|554,23|553,23|552,23|551,23","1e6b72cdd899037faa6eca523eb247245b83a2238d7e72a8406e27f2fad5c603"
"SV5_LOOP_CAND_4cba581ccf845a4c2478","5528828373314591308","4cba581ccf845a4c24789274451952593ad008f3a4602dc502aedf454eca7cf7","REJECTED","DUPLICATE_ENDPOINT_PAIR","True","SV5_INFILL_ROOM_005a04bda9ede05b1190_LINK","SV5_INFILL_ROOM_1c4c6b34887f12eefac3_LINK","SV5_OPTIONAL_09","S04_02","23","23","125,131|126,131|127,131|128,131|129,131|129,132|130,132|131,132|132,132|133,132|133,133|134,133|135,133|136,133|137,133|138,133|138,134|139,134|140,134|141,134|142,134|142,135|143,135","1e6b72cdd899037faa6eca523eb247245b83a2238d7e72a8406e27f2fad5c603"
"SV5_LOOP_CAND_4cc93750f9556d0ec60f","5533014438121401614","4cc93750f9556d0ec60fd25b68c82f3340eec92e9998675ea7ddd7236fb2cece","REJECTED","DUPLICATE_ENDPOINT_PAIR","True","SV5_INFILL_ROOM_07fb3ac254e765673737_LINK","SV5_INFILL_ROOM_0f5736599d7acc3ea0a8_LINK","SV5_OPTIONAL_04","S03_11","18","18","565,127|564,127|564,126|563,126|562,126|561,126|561,125|560,125|559,125|558,125|558,124|557,124|556,124|555,124|555,123|554,123|553,123|552,123","1e6b72cdd899037faa6eca523eb247245b83a2238d7e72a8406e27f2fad5c603"
"SV5_LOOP_CAND_4d16eecfaae5d6cd9d48","5554889766100915917","4d16eecfaae5d6cd9d48749ad28bd13873870192c843ea01d46551d591032100","REJECTED","DUPLICATE_ENDPOINT_PAIR","True","SV5_INFILL_ROOM_0336ae99bc580abe01f7_LINK","SV5_INFILL_ROOM_0496c8692f6450167db1_LINK","SV5_OPTIONAL_14","S11_01","13","13","56,359|57,359|58,359|59,359|60,359|61,359|62,359|63,359|64,359|65,359|66,359|67,359|68,359","1e6b72cdd899037faa6eca523eb247245b83a2238d7e72a8406e27f2fad5c603"
"SV5_LOOP_CAND_4d7ed0029f0871333548","5584129297662636339","4d7ed0029f0871333548cc2336f388bbc225239ed24951943d60a17cf0362b43","REJECTED","INELIGIBLE_HASH","False","SV5_INFILL_ROOM_00d2b967a3d3b2f6b4b1_LINK","SV5_INFILL_ROOM_01ab4f357f1a1a51e05d_LINK","SV5_OPTIONAL_06","S00_04","5","5","218,23|219,23|220,23|221,23|222,23","1e6b72cdd899037faa6eca523eb247245b83a2238d7e72a8406e27f2fad5c603"
"SV5_LOOP_CAND_4ebe3281be51a58015b5","5674028113358595456","4ebe3281be51a58015b5e299b536384bc2d719f123e3c224ce7b364ccdc181e5","REJECTED","INELIGIBLE_HASH","False","SV5_INFILL_ROOM_005a04bda9ede05b1190_LINK","SV5_INFILL_ROOM_1c4c6b34887f12eefac3_LINK","SV5_OPTIONAL_09","S04_02","24","24","125,131|126,131|127,131|128,131|129,131|129,132|130,132|131,132|132,132|133,132|134,132|134,133|135,133|136,133|137,133|138,133|139,133|139,134|140,134|141,134|142,134|143,134|143,135|144,135","1e6b72cdd899037faa6eca523eb247245b83a2238d7e72a8406e27f2fad5c603"
"SV5_LOOP_CAND_4eeaaa03aa02b427150a","5686544412222600231","4eeaaa03aa02b427150a5032e63d8e8a423e6648776129ab9dfc84f86606d55c","REJECTED","INELIGIBLE_HASH","False","SV5_INFILL_ROOM_0336ae99bc580abe01f7_LINK","SV5_INFILL_ROOM_0496c8692f6450167db1_LINK","SV5_OPTIONAL_14","S11_01","22","22","43,359|44,359|45,359|46,359|47,359|48,359|49,359|50,359|51,359|52,359|53,359|54,359|55,359|56,359|57,359|58,359|59,359|60,359|61,359|62,359|63,359|64,359","1e6b72cdd899037faa6eca523eb247245b83a2238d7e72a8406e27f2fad5c603"
"SV5_LOOP_CAND_4f4d074ddf53b2ca0904","5714231533243708106","4f4d074ddf53b2ca090496c7f49c8cb0630b3d0274e385cdbbc49b0aa13ceab1","REJECTED","DUPLICATE_ENDPOINT_PAIR","True","SV5_INFILL_ROOM_046863d4c69cd86e081e_LINK","SV5_INFILL_ROOM_050904725fdcd82ff28e_LINK","SV5_OPTIONAL_04","S02_11","10","10","553,75|554,75|554,74|555,74|555,73|556,73|556,72|557,72|557,71|558,71","1e6b72cdd899037faa6eca523eb247245b83a2238d7e72a8406e27f2fad5c603"
"SV5_LOOP_CAND_506d997c86e4fccd2e2a","5795457055613844685","506d997c86e4fccd2e2a62fb985d04b0a387cf3fdcb8b61a1ad933911e048a26","REJECTED","INELIGIBLE_HASH","False","SV5_INFILL_ROOM_0336ae99bc580abe01f7_LINK","SV5_INFILL_ROOM_0496c8692f6450167db1_LINK","SV5_OPTIONAL_14","S11_01","21","21","54,359|55,359|56,359|57,359|58,359|59,359|60,359|61,359|62,359|63,359|64,359|65,359|66,359|67,359|68,359|69,359|70,359|71,359|72,359|73,359|74,359","1e6b72cdd899037faa6eca523eb247245b83a2238d7e72a8406e27f2fad5c603"
"SV5_LOOP_CAND_507409a11e361b0e7a19","5797269207933917966","507409a11e361b0e7a19e4eb93bfdef8d7fd619b34b262606438e9e679df6b87","REJECTED","INELIGIBLE_HASH","False","SV5_INFILL_ROOM_0211dda6690845617294_LINK","SV5_INFILL_ROOM_03bff8d63e21cbc62be9_LINK","SV5_OPTIONAL_06","S01_04","19","19","207,54|208,54|208,53|209,53|210,53|211,53|212,53|213,53|213,52|214,52|215,52|216,52|217,52|218,52|218,51|219,51|220,51|221,51|222,51","1e6b72cdd899037faa6eca523eb247245b83a2238d7e72a8406e27f2fad5c603"
"SV5_LOOP_CAND_5085dc6f47a2814c9858","5802286065438064972","5085dc6f47a2814c98584cb75537db3160a657d6ecdd0fec8e4f7280a86d82cf","REJECTED","INELIGIBLE_HASH","False","SV5_INFILL_ROOM_16de283f3026f06e031f_LINK","SV5_INFILL_ROOM_1ea3a9898e39ffe90dff_LINK","SV5_OPTIONAL_04","S03_11","22","22","571,110|570,110|570,109|569,109|568,109|567,109|566,109|565,109|564,109|564,108|563,108|562,108|561,108|560,108|559,108|558,108|558,107|557,107|556,107|555,107|554,107|553,107","1e6b72cdd899037faa6eca523eb247245b83a2238d7e72a8406e27f2fad5c603"
"SV5_LOOP_CAND_5087dc04c4155454233c","5802848557917885524","5087dc04c4155454233ce1f317bcd5acdd54930c9ad9098fb9050ec27fc60393","ACCEPTED","PASS","True","SV5_INFILL_ROOM_04458846b0c9a081817d_LINK","SV5_INFILL_ROOM_41bfb11db98643b33449_LINK","SV5_OPTIONAL_07","S02_03","8","8","181,87|180,87|179,87|178,87|177,87|176,87|175,87|174,87","1e6b72cdd899037faa6eca523eb247245b83a2238d7e72a8406e27f2fad5c603"
"SV5_LOOP_CAND_52a44dd82f901b699c87","5954970198196886377","52a44dd82f901b699c875622e87a68258b64f113bad8fd1b9e9d92c5c1194b26","REJECTED","INELIGIBLE_HASH","False","SV5_INFILL_ROOM_088f25cbc663d6d3b7a4_LINK","SV5_INFILL_ROOM_1a82971bf4756de9b6e1_LINK","SV5_OPTIONAL_00","S11_07","7","7","380,367|381,367|382,367|383,367|384,367|385,367|386,367","1e6b72cdd899037faa6eca523eb247245b83a2238d7e72a8406e27f2fad5c603"
"SV5_LOOP_CAND_53209ab40dfba88f5ad3","5989957602522146959","53209ab40dfba88f5ad3cf6dca35bf446492b673bb57499c207d2fc97dbae38d","REJECTED","INELIGIBLE_HASH","False","SV5_INFILL_ROOM_0336ae99bc580abe01f7_LINK","SV5_INFILL_ROOM_0496c8692f6450167db1_LINK","SV5_OPTIONAL_14","S11_01","19","19","53,359|54,359|55,359|56,359|57,359|58,359|59,359|60,359|61,359|62,359|63,359|64,359|65,359|66,359|67,359|68,359|69,359|70,359|71,359","1e6b72cdd899037faa6eca523eb247245b83a2238d7e72a8406e27f2fad5c603"
"SV5_LOOP_CAND_544e39a84796d294a22c","6074856342287733396","544e39a84796d294a22c86cfff47296cb6a8089f54d93494f0e64c7724c69c17","REJECTED","INELIGIBLE_HASH","False","SV5_INFILL_ROOM_0336ae99bc580abe01f7_LINK","SV5_INFILL_ROOM_0496c8692f6450167db1_LINK","SV5_OPTIONAL_14","S11_01","17","17","55,359|56,359|57,359|58,359|59,359|60,359|61,359|62,359|63,359|64,359|65,359|66,359|67,359|68,359|69,359|70,359|71,359","1e6b72cdd899037faa6eca523eb247245b83a2238d7e72a8406e27f2fad5c603"
"SV5_LOOP_CAND_547f3847f73f8c875dc4","6088647102970170503","547f3847f73f8c875dc47d56e460f777ad101bba29c9bf3bd535301d1a4643c1","REJECTED","DUPLICATE_ENDPOINT_PAIR","True","SV5_INFILL_ROOM_002b1fdb38d3b5d62912_LINK","SV5_INFILL_ROOM_04b3ee2d2f798b163c8e_LINK","SV5_OPTIONAL_04","S00_11","17","17","558,23|557,23|556,23|555,23|554,23|553,23|552,23|551,23|550,23|549,23|548,23|547,23|546,23|545,23|544,23|543,23|542,23","1e6b72cdd899037faa6eca523eb247245b83a2238d7e72a8406e27f2fad5c603"
"SV5_LOOP_CAND_548bbccce770bb6e01c1","6092170509191002990","548bbccce770bb6e01c16ad814211a7d878ec4681807a7201d565dcc9264f274","REJECTED","INELIGIBLE_HASH","False","SV5_INFILL_ROOM_0336ae99bc580abe01f7_LINK","SV5_INFILL_ROOM_0496c8692f6450167db1_LINK","SV5_OPTIONAL_14","S11_01","9","9","56,359|57,359|58,359|59,359|60,359|61,359|62,359|63,359|64,359","1e6b72cdd899037faa6eca523eb247245b83a2238d7e72a8406e27f2fad5c603"
"SV5_LOOP_CAND_54b5582bfd0b5ae7df48","6103881815922793191","54b5582bfd0b5ae7df488106e209afa2d5a93c0bd55aaa599f55049a0b9abade","REJECTED","INELIGIBLE_HASH","False","SV5_INFILL_ROOM_005a04bda9ede05b1190_LINK","SV5_INFILL_ROOM_1c4c6b34887f12eefac3_LINK","SV5_OPTIONAL_09","S04_02","19","19","126,131|127,131|128,131|129,131|129,132|130,132|131,132|132,132|132,133|133,133|134,133|135,133|136,133|136,134|137,134|138,134|139,134|139,135|140,135","1e6b72cdd899037faa6eca523eb247245b83a2238d7e72a8406e27f2fad5c603"
"SV5_LOOP_CAND_565776f1da2fabda77ee","6221572191355382746","565776f1da2fabda77ee58fe7ac88c7c0b7d8eb4be47a27596f4186c65d27f20","REJECTED","INELIGIBLE_HASH","False","SV5_INFILL_ROOM_0336ae99bc580abe01f7_LINK","SV5_INFILL_ROOM_0496c8692f6450167db1_LINK","SV5_OPTIONAL_14","S11_01","16","16","58,359|59,359|60,359|61,359|62,359|63,359|64,359|65,359|66,359|67,359|68,359|69,359|70,359|71,359|72,359|73,359","1e6b72cdd899037faa6eca523eb247245b83a2238d7e72a8406e27f2fad5c603"
"SV5_LOOP_CAND_56636bab330777867125","6224937492995864454","56636bab330777867125b7030e5be5eddfc76fc5ad0839baaefe1d401d1d98ab","REJECTED","INELIGIBLE_HASH","False","SV5_INFILL_ROOM_0336ae99bc580abe01f7_LINK","SV5_INFILL_ROOM_0496c8692f6450167db1_LINK","SV5_OPTIONAL_14","S11_01","11","11","52,359|53,359|54,359|55,359|56,359|57,359|58,359|59,359|60,359|61,359|62,359","1e6b72cdd899037faa6eca523eb247245b83a2238d7e72a8406e27f2fad5c603"
"SV5_LOOP_CAND_56e0547002ce977efd66","6260096322105153406","56e0547002ce977efd66dbd8802c1cfdb426a529adda3b19cc6091f5a4241d8a","REJECTED","DUPLICATE_ENDPOINT_PAIR","True","SV5_INFILL_ROOM_0336ae99bc580abe01f7_LINK","SV5_INFILL_ROOM_0496c8692f6450167db1_LINK","SV5_OPTIONAL_14","S11_01","22","22","45,359|46,359|47,359|48,359|49,359|50,359|51,359|52,359|53,359|54,359|55,359|56,359|57,359|58,359|59,359|60,359|61,359|62,359|63,359|64,359|65,359|66,359","1e6b72cdd899037faa6eca523eb247245b83a2238d7e72a8406e27f2fad5c603"
"SV5_LOOP_CAND_580cfe7703d9f645f754","6344725762177365573","580cfe7703d9f645f754c036533b350fe867ff960308eb4aac0d1bfc53f9d8c2","REJECTED","INELIGIBLE_HASH","False","SV5_INFILL_ROOM_0336ae99bc580abe01f7_LINK","SV5_INFILL_ROOM_0496c8692f6450167db1_LINK","SV5_OPTIONAL_14","S11_01","22","22","44,359|45,359|46,359|47,359|48,359|49,359|50,359|51,359|52,359|53,359|54,359|55,359|56,359|57,359|58,359|59,359|60,359|61,359|62,359|63,359|64,359|65,359","1e6b72cdd899037faa6eca523eb247245b83a2238d7e72a8406e27f2fad5c603"
"SV5_LOOP_CAND_5988cc629784969a69db","6451631190029145754","5988cc629784969a69dbbfb1b17afe7087551bfba2e023b9d137b814351c2f52","REJECTED","INELIGIBLE_HASH","False","SV5_INFILL_ROOM_002b1fdb38d3b5d62912_LINK","SV5_INFILL_ROOM_04b3ee2d2f798b163c8e_LINK","SV5_OPTIONAL_04","S00_11","19","19","558,23|557,23|556,23|555,23|554,23|553,23|552,23|551,23|550,23|549,23|548,23|547,23|546,23|545,23|544,23|543,23|542,23|541,23|540,23","1e6b72cdd899037faa6eca523eb247245b83a2238d7e72a8406e27f2fad5c603"
"SV5_LOOP_CAND_5a84b6c25c577d782fea","6522539106228469112","5a84b6c25c577d782fea04a309fa9ce6f26356697b2a5b39e94378f86a113e5e","REJECTED","DUPLICATE_ENDPOINT_PAIR","True","SV5_INFILL_ROOM_07fb3ac254e765673737_LINK","SV5_INFILL_ROOM_0f5736599d7acc3ea0a8_LINK","SV5_OPTIONAL_04","S03_11","23","23","572,127|571,127|571,126|570,126|569,126|568,126|567,126|567,125|566,125|565,125|564,125|563,125|562,125|562,124|561,124|560,124|559,124|558,124|558,123|557,123|556,123|555,123|554,123","1e6b72cdd899037faa6eca523eb247245b83a2238d7e72a8406e27f2fad5c603"
"SV5_LOOP_CAND_5b7b697d6f543bb518b4","6591978467046472629","5b7b697d6f543bb518b4691bfb2e0530ec36c71438d33e5f12d6a03e7e02ed20","REJECTED","DUPLICATE_ENDPOINT_PAIR","True","SV5_INFILL_ROOM_046863d4c69cd86e081e_LINK","SV5_INFILL_ROOM_050904725fdcd82ff28e_LINK","SV5_OPTIONAL_04","S02_11","20","20","543,75|544,75|544,74|545,74|546,74|547,74|547,73|548,73|549,73|550,73|551,73|551,72|552,72|553,72|554,72|555,72|555,71|556,71|557,71|558,71","1e6b72cdd899037faa6eca523eb247245b83a2238d7e72a8406e27f2fad5c603"
"SV5_LOOP_CAND_5cd512ebd98d3601b476","6689273625705264641","5cd512ebd98d3601b476488ebc674db89751bde1285aea378f58f6f887be4b16","REJECTED","INELIGIBLE_HASH","False","SV5_INFILL_ROOM_046863d4c69cd86e081e_LINK","SV5_INFILL_ROOM_050904725fdcd82ff28e_LINK","SV5_OPTIONAL_04","S02_11","17","17","546,75|547,75|547,74|548,74|549,74|550,74|550,73|551,73|552,73|553,73|553,72|554,72|555,72|556,72|556,71|557,71|558,71","1e6b72cdd899037faa6eca523eb247245b83a2238d7e72a8406e27f2fad5c603"
"SV5_LOOP_CAND_5d71be6ce8a49da3d398","6733372292864449955","5d71be6ce8a49da3d3986fb0b711ab9c147721a33f5a1ab7d203600da93b2348","REJECTED","INELIGIBLE_HASH","False","SV5_INFILL_ROOM_0336ae99bc580abe01f7_LINK","SV5_INFILL_ROOM_0496c8692f6450167db1_LINK","SV5_OPTIONAL_14","S11_01","20","20","46,359|47,359|48,359|49,359|50,359|51,359|52,359|53,359|54,359|55,359|56,359|57,359|58,359|59,359|60,359|61,359|62,359|63,359|64,359|65,359","1e6b72cdd899037faa6eca523eb247245b83a2238d7e72a8406e27f2fad5c603"
"SV5_LOOP_CAND_5ec22cd087a877744d71","6828069259187877748","5ec22cd087a877744d71cb8dc889b3c9d60b6eae7d1b7f601652a098ca472271","REJECTED","INELIGIBLE_HASH","False","SV5_INFILL_ROOM_002b1fdb38d3b5d62912_LINK","SV5_INFILL_ROOM_04b3ee2d2f798b163c8e_LINK","SV5_OPTIONAL_04","S00_11","15","15","559,23|558,23|557,23|556,23|555,23|554,23|553,23|552,23|551,23|550,23|549,23|548,23|547,23|546,23|545,23","1e6b72cdd899037faa6eca523eb247245b83a2238d7e72a8406e27f2fad5c603"
"SV5_LOOP_CAND_5ee9ce8954fa9917d628","6839224598370359575","5ee9ce8954fa9917d62855bd5886f190ba35bbf4efdcbee0dc5b7c9edbcba954","REJECTED","INELIGIBLE_HASH","False","SV5_INFILL_ROOM_0336ae99bc580abe01f7_LINK","SV5_INFILL_ROOM_0496c8692f6450167db1_LINK","SV5_OPTIONAL_14","S11_01","12","12","51,359|52,359|53,359|54,359|55,359|56,359|57,359|58,359|59,359|60,359|61,359|62,359","1e6b72cdd899037faa6eca523eb247245b83a2238d7e72a8406e27f2fad5c603"
"SV5_LOOP_CAND_5f3e7e629bd638dedab0","6863061844145617118","5f3e7e629bd638dedab08103f7b7dd36896254197409edce55fcb81d6b763c4b","REJECTED","DUPLICATE_ENDPOINT_PAIR","True","SV5_INFILL_ROOM_0336ae99bc580abe01f7_LINK","SV5_INFILL_ROOM_0496c8692f6450167db1_LINK","SV5_OPTIONAL_14","S11_01","20","20","54,359|55,359|56,359|57,359|58,359|59,359|60,359|61,359|62,359|63,359|64,359|65,359|66,359|67,359|68,359|69,359|70,359|71,359|72,359|73,359","1e6b72cdd899037faa6eca523eb247245b83a2238d7e72a8406e27f2fad5c603"
"SV5_LOOP_CAND_5f6900e0774a57859f90","6875027270231807877","5f6900e0774a57859f90967a2e2d62464f7a148bebdf7be37dfec1c2ed96b809","REJECTED","INELIGIBLE_HASH","False","SV5_INFILL_ROOM_0336ae99bc580abe01f7_LINK","SV5_INFILL_ROOM_0496c8692f6450167db1_LINK","SV5_OPTIONAL_14","S11_01","5","5","58,359|59,359|60,359|61,359|62,359","1e6b72cdd899037faa6eca523eb247245b83a2238d7e72a8406e27f2fad5c603"
"SV5_LOOP_CAND_5f9a8a3f39dd383044bf","6888970584174966832","5f9a8a3f39dd383044bf73e4f3efd533539a457eeed0b8ed52bd3773f97527fc","REJECTED","INELIGIBLE_HASH","False","SV5_INFILL_ROOM_07fb3ac254e765673737_LINK","SV5_INFILL_ROOM_0f5736599d7acc3ea0a8_LINK","SV5_OPTIONAL_04","S03_11","16","16","564,127|563,127|563,126|562,126|561,126|561,125|560,125|559,125|558,125|558,124|557,124|556,124|555,124|555,123|554,123|553,123","1e6b72cdd899037faa6eca523eb247245b83a2238d7e72a8406e27f2fad5c603"
"SV5_LOOP_CAND_60b310b2e2c848cbcfc4","6967931408967289035","60b310b2e2c848cbcfc464adae0fc9e08a78f60883160e830eb7f5a6bdaa06fb","REJECTED","INELIGIBLE_HASH","False","SV5_INFILL_ROOM_0336ae99bc580abe01f7_LINK","SV5_INFILL_ROOM_0496c8692f6450167db1_LINK","SV5_OPTIONAL_14","S11_01","23","23","40,359|41,359|42,359|43,359|44,359|45,359|46,359|47,359|48,359|49,359|50,359|51,359|52,359|53,359|54,359|55,359|56,359|57,359|58,359|59,359|60,359|61,359|62,359","1e6b72cdd899037faa6eca523eb247245b83a2238d7e72a8406e27f2fad5c603"
"SV5_LOOP_CAND_61a181a1fb5206c24d3d","7035046625635600066","61a181a1fb5206c24d3d63675e71c4b38493ea37d635c3c4223db2c79e4c9d94","REJECTED","INELIGIBLE_HASH","False","SV5_INFILL_ROOM_0336ae99bc580abe01f7_LINK","SV5_INFILL_ROOM_0496c8692f6450167db1_LINK","SV5_OPTIONAL_14","S11_01","8","8","56,359|57,359|58,359|59,359|60,359|61,359|62,359|63,359","1e6b72cdd899037faa6eca523eb247245b83a2238d7e72a8406e27f2fad5c603"
"SV5_LOOP_CAND_6289ed6663a791f0d356","7100467311540670960","6289ed6663a791f0d356812915682944dcdf883e97c4a74dddb77d833594e4ae","REJECTED","INELIGIBLE_HASH","False","SV5_INFILL_ROOM_0336ae99bc580abe01f7_LINK","SV5_INFILL_ROOM_0496c8692f6450167db1_LINK","SV5_OPTIONAL_14","S11_01","22","22","50,359|51,359|52,359|53,359|54,359|55,359|56,359|57,359|58,359|59,359|60,359|61,359|62,359|63,359|64,359|65,359|66,359|67,359|68,359|69,359|70,359|71,359","1e6b72cdd899037faa6eca523eb247245b83a2238d7e72a8406e27f2fad5c603"
"SV5_LOOP_CAND_63b65dbe7f69bf721d10","7185033328279011186","63b65dbe7f69bf721d10316fde1708f86b087f3635343206bfa52ec204d5b83e","REJECTED","INELIGIBLE_HASH","False","SV5_INFILL_ROOM_0274815fcd6818f05a6a_LINK","SV5_INFILL_ROOM_136a2d749c8d7eddcf7e_LINK","SV5_OPTIONAL_09","S04_02","15","15","121,151|122,151|122,150|123,150|124,150|124,149|125,149|126,149|127,149|127,148|128,148|129,148|129,147|130,147|131,147","1e6b72cdd899037faa6eca523eb247245b83a2238d7e72a8406e27f2fad5c603"
"SV5_LOOP_CAND_63c771c0d83261890194","7189840403195126153","63c771c0d8326189019408616154ba80c24325ae73425b8a7a2d3400400bd02f","REJECTED","INELIGIBLE_HASH","False","SV5_INFILL_ROOM_046863d4c69cd86e081e_LINK","SV5_INFILL_ROOM_050904725fdcd82ff28e_LINK","SV5_OPTIONAL_04","S02_11","16","16","547,75|548,75|548,74|549,74|550,74|550,73|551,73|552,73|553,73|553,72|554,72|555,72|556,72|556,71|557,71|558,71","1e6b72cdd899037faa6eca523eb247245b83a2238d7e72a8406e27f2fad5c603"
"SV5_LOOP_CAND_6541ed43935f686c0e1a","7296373745808009324","6541ed43935f686c0e1acf625120659b2b03f32c9021bc603ea63e0d8eb5c6b4","REJECTED","DUPLICATE_ENDPOINT_PAIR","True","SV5_INFILL_ROOM_0336ae99bc580abe01f7_LINK","SV5_INFILL_ROOM_0496c8692f6450167db1_LINK","SV5_OPTIONAL_14","S11_01","13","13","51,359|52,359|53,359|54,359|55,359|56,359|57,359|58,359|59,359|60,359|61,359|62,359|63,359","1e6b72cdd899037faa6eca523eb247245b83a2238d7e72a8406e27f2fad5c603"
"SV5_LOOP_CAND_661cfc5abd4eb00b1c4c","7358033357869854731","661cfc5abd4eb00b1c4cc17d1f9fd361a3fc62e6f16b0254ac86717464ad0588","REJECTED","INELIGIBLE_HASH","False","SV5_INFILL_ROOM_0336ae99bc580abe01f7_LINK","SV5_INFILL_ROOM_0496c8692f6450167db1_LINK","SV5_OPTIONAL_14","S11_01","11","11","56,359|57,359|58,359|59,359|60,359|61,359|62,359|63,359|64,359|65,359|66,359","1e6b72cdd899037faa6eca523eb247245b83a2238d7e72a8406e27f2fad5c603"
"SV5_LOOP_CAND_666e1c9777cc0e0d2741","7380868276182322701","666e1c9777cc0e0d27416798f7ece25b4d3bb89923299655242deb2b7e6a35b5","REJECTED","DUPLICATE_ENDPOINT_PAIR","True","SV5_INFILL_ROOM_0336ae99bc580abe01f7_LINK","SV5_INFILL_ROOM_0496c8692f6450167db1_LINK","SV5_OPTIONAL_14","S11_01","15","15","54,359|55,359|56,359|57,359|58,359|59,359|60,359|61,359|62,359|63,359|64,359|65,359|66,359|67,359|68,359","1e6b72cdd899037faa6eca523eb247245b83a2238d7e72a8406e27f2fad5c603"
"SV5_LOOP_CAND_6722d360ada874e0c0d0","7431734747298559200","6722d360ada874e0c0d0a118fcbe85dc78a480f927b53b219ae70df0cf259f41","REJECTED","DUPLICATE_ENDPOINT_PAIR","True","SV5_INFILL_ROOM_0336ae99bc580abe01f7_LINK","SV5_INFILL_ROOM_0496c8692f6450167db1_LINK","SV5_OPTIONAL_14","S11_01","13","13","54,359|55,359|56,359|57,359|58,359|59,359|60,359|61,359|62,359|63,359|64,359|65,359|66,359","1e6b72cdd899037faa6eca523eb247245b83a2238d7e72a8406e27f2fad5c603"
"SV5_LOOP_CAND_688eb14711cd245fc9d9","7534154145436869727","688eb14711cd245fc9d9666ad9e2453c88509c24212eafcc3c16694fe0dbfe04","ACCEPTED","PASS","True","SV5_INFILL_ROOM_0172fae7eed3ae487f8f_LINK","SV5_INFILL_ROOM_01ba3c3a3c17419084a1_LINK","SV5_OPTIONAL_09","S05_02","11","11","130,159|129,159|129,160|128,160|128,161|127,161|126,161|126,162|125,162|125,163|124,163","1e6b72cdd899037faa6eca523eb247245b83a2238d7e72a8406e27f2fad5c603"
"SV5_LOOP_CAND_692eaf9314992828ecf6","7579188269151758376","692eaf9314992828ecf6ed4fd55178aa647657671069f8123a1dbaad50145611","REJECTED","INELIGIBLE_HASH","False","SV5_INFILL_ROOM_0336ae99bc580abe01f7_LINK","SV5_INFILL_ROOM_0496c8692f6450167db1_LINK","SV5_OPTIONAL_14","S11_01","18","18","45,359|46,359|47,359|48,359|49,359|50,359|51,359|52,359|53,359|54,359|55,359|56,359|57,359|58,359|59,359|60,359|61,359|62,359","1e6b72cdd899037faa6eca523eb247245b83a2238d7e72a8406e27f2fad5c603"
"SV5_LOOP_CAND_6a69cea4bb69e8da7ca7","7667887047489218778","6a69cea4bb69e8da7ca7bf9ce2fce42adf53cd75af4f3c8043e17c048ba34136","REJECTED","INELIGIBLE_HASH","False","SV5_INFILL_ROOM_0336ae99bc580abe01f7_LINK","SV5_INFILL_ROOM_0496c8692f6450167db1_LINK","SV5_OPTIONAL_14","S11_01","14","14","51,359|52,359|53,359|54,359|55,359|56,359|57,359|58,359|59,359|60,359|61,359|62,359|63,359|64,359","1e6b72cdd899037faa6eca523eb247245b83a2238d7e72a8406e27f2fad5c603"
"SV5_LOOP_CAND_6a767849bacf246424bc","7671451273334301796","6a767849bacf246424bc39e7962bb240d30b23d1b6b8ed2ffae8ebd2021bb6db","REJECTED","INELIGIBLE_HASH","False","SV5_INFILL_ROOM_07fb3ac254e765673737_LINK","SV5_INFILL_ROOM_0f5736599d7acc3ea0a8_LINK","SV5_OPTIONAL_04","S03_11","15","15","564,127|563,127|563,126|562,126|561,126|561,125|560,125|559,125|558,125|558,124|557,124|556,124|556,123|555,123|554,123","1e6b72cdd899037faa6eca523eb247245b83a2238d7e72a8406e27f2fad5c603"
"SV5_LOOP_CAND_6a88f205b6369a17d019","7676651671198800407","6a88f205b6369a17d019e0b4b7e56d91ed64371b23509836ce0b191076567e6d","REJECTED","DUPLICATE_ENDPOINT_PAIR","True","SV5_INFILL_ROOM_0336ae99bc580abe01f7_LINK","SV5_INFILL_ROOM_0496c8692f6450167db1_LINK","SV5_OPTIONAL_14","S11_01","24","24","51,359|52,359|53,359|54,359|55,359|56,359|57,359|58,359|59,359|60,359|61,359|62,359|63,359|64,359|65,359|66,359|67,359|68,359|69,359|70,359|71,359|72,359|73,359|74,359","1e6b72cdd899037faa6eca523eb247245b83a2238d7e72a8406e27f2fad5c603"
"SV5_LOOP_CAND_6b42ccb35ba5dd49ec05","7728964981230001481","6b42ccb35ba5dd49ec05586154a706834b23e41cbd1c5718375be915fe068865","REJECTED","INELIGIBLE_HASH","False","SV5_INFILL_ROOM_005a04bda9ede05b1190_LINK","SV5_INFILL_ROOM_1c4c6b34887f12eefac3_LINK","SV5_OPTIONAL_09","S04_02","19","19","125,131|126,131|127,131|128,131|128,132|129,132|130,132|131,132|131,133|132,133|133,133|134,133|135,133|135,134|136,134|137,134|138,134|138,135|139,135","1e6b72cdd899037faa6eca523eb247245b83a2238d7e72a8406e27f2fad5c603"
"SV5_LOOP_CAND_6c47e1904db0573cf8e9","7802452889337616188","6c47e1904db0573cf8e99bc4907ac5acc354a64a3114551b180a2b1f9ad30044","REJECTED","INELIGIBLE_HASH","False","SV5_INFILL_ROOM_0336ae99bc580abe01f7_LINK","SV5_INFILL_ROOM_0496c8692f6450167db1_LINK","SV5_OPTIONAL_14","S11_01","23","23","49,359|50,359|51,359|52,359|53,359|54,359|55,359|56,359|57,359|58,359|59,359|60,359|61,359|62,359|63,359|64,359|65,359|66,359|67,359|68,359|69,359|70,359|71,359","1e6b72cdd899037faa6eca523eb247245b83a2238d7e72a8406e27f2fad5c603"
"SV5_LOOP_CAND_6c49c093fc2088d3fc58","7802979571218811091","6c49c093fc2088d3fc58c2b18afb85a8db3efb9d1739b344ff8407d1bb4e7d40","REJECTED","INELIGIBLE_HASH","False","SV5_INFILL_ROOM_04458846b0c9a081817d_LINK","SV5_INFILL_ROOM_41bfb11db98643b33449_LINK","SV5_OPTIONAL_07","S02_03","12","12","184,87|183,87|182,87|181,87|180,87|179,87|178,87|177,87|176,87|175,87|174,87|173,87","1e6b72cdd899037faa6eca523eb247245b83a2238d7e72a8406e27f2fad5c603"
"SV5_LOOP_CAND_6efd097bd20c3d5744ae","7997558940689513815","6efd097bd20c3d5744ae979cf8d385b4a8f95fe456eb6e94d5c871acda6b7d1e","REJECTED","DUPLICATE_ENDPOINT_PAIR","True","SV5_INFILL_ROOM_0336ae99bc580abe01f7_LINK","SV5_INFILL_ROOM_0496c8692f6450167db1_LINK","SV5_OPTIONAL_14","S11_01","18","18","58,359|59,359|60,359|61,359|62,359|63,359|64,359|65,359|66,359|67,359|68,359|69,359|70,359|71,359|72,359|73,359|74,359|75,359","1e6b72cdd899037faa6eca523eb247245b83a2238d7e72a8406e27f2fad5c603"
"SV5_LOOP_CAND_6f0c1f36489a3a59e29f","8001804955937290841","6f0c1f36489a3a59e29f21ace22cd677080c5f00bab57b5e946f64782f78b386","REJECTED","INELIGIBLE_HASH","False","SV5_INFILL_ROOM_04458846b0c9a081817d_LINK","SV5_INFILL_ROOM_41bfb11db98643b33449_LINK","SV5_OPTIONAL_07","S02_03","6","6","178,87|177,87|176,87|175,87|174,87|173,87","1e6b72cdd899037faa6eca523eb247245b83a2238d7e72a8406e27f2fad5c603"
"SV5_LOOP_CAND_6f4895180ff1d31b9d19","8018823067112428315","6f4895180ff1d31b9d19ca2580f8fcf497b5c2e0b0b2cddd038c19a3a8d3e4c6","REJECTED","DUPLICATE_ENDPOINT_PAIR","True","SV5_INFILL_ROOM_0336ae99bc580abe01f7_LINK","SV5_INFILL_ROOM_0496c8692f6450167db1_LINK","SV5_OPTIONAL_14","S11_01","6","6","57,359|58,359|59,359|60,359|61,359|62,359","1e6b72cdd899037faa6eca523eb247245b83a2238d7e72a8406e27f2fad5c603"
"SV5_LOOP_CAND_6f551e8a55d5fb663eb5","8022351890724813670","6f551e8a55d5fb663eb5092875848d3d8c83895fdb4ece3b76383cf9614d22f2","REJECTED","INELIGIBLE_HASH","False","SV5_INFILL_ROOM_16de283f3026f06e031f_LINK","SV5_INFILL_ROOM_1ea3a9898e39ffe90dff_LINK","SV5_OPTIONAL_04","S03_11","8","8","559,108|558,108|558,107|557,107|556,107|555,107|554,107|553,107","1e6b72cdd899037faa6eca523eb247245b83a2238d7e72a8406e27f2fad5c603"
"SV5_LOOP_CAND_6fb34e09b592784cf054","8048862762649155660","6fb34e09b592784cf0544ca4bc419eac8394a435a8bac46a6fd2855a2e394cf7","REJECTED","INELIGIBLE_HASH","False","SV5_INFILL_ROOM_0336ae99bc580abe01f7_LINK","SV5_INFILL_ROOM_0496c8692f6450167db1_LINK","SV5_OPTIONAL_14","S11_01","16","16","51,359|52,359|53,359|54,359|55,359|56,359|57,359|58,359|59,359|60,359|61,359|62,359|63,359|64,359|65,359|66,359","1e6b72cdd899037faa6eca523eb247245b83a2238d7e72a8406e27f2fad5c603"
"SV5_LOOP_CAND_70ba6f5775ce1768fa2b","8122927299345389416","70ba6f5775ce1768fa2bcdfb8d3dfedcf1ba59a36357d409c6942f747380e971","REJECTED","DUPLICATE_ENDPOINT_PAIR","True","SV5_INFILL_ROOM_0336ae99bc580abe01f7_LINK","SV5_INFILL_ROOM_0496c8692f6450167db1_LINK","SV5_OPTIONAL_14","S11_01","23","23","55,359|56,359|57,359|58,359|59,359|60,359|61,359|62,359|63,359|64,359|65,359|66,359|67,359|68,359|69,359|70,359|71,359|72,359|73,359|74,359|75,359|76,359|77,359","1e6b72cdd899037faa6eca523eb247245b83a2238d7e72a8406e27f2fad5c603"
"SV5_LOOP_CAND_71254cef43f2f3e1b3e9","8153007290945041377","71254cef43f2f3e1b3e90a03c18df3f4de029f182a7025bdd9a8e9a2201f472b","REJECTED","INELIGIBLE_HASH","False","SV5_INFILL_ROOM_0274815fcd6818f05a6a_LINK","SV5_INFILL_ROOM_136a2d749c8d7eddcf7e_LINK","SV5_OPTIONAL_09","S04_02","22","22","114,151|115,151|115,150|116,150|117,150|118,150|119,150|119,149|120,149|121,149|122,149|123,149|123,148|124,148|125,148|126,148|127,148|127,147|128,147|129,147|130,147|131,147","1e6b72cdd899037faa6eca523eb247245b83a2238d7e72a8406e27f2fad5c603"
"SV5_LOOP_CAND_71313a61b0587a947113","8156364591389506196","71313a61b0587a94711331bc0ee7f7ce25756bd2c49c504d0773f06ad4972134","REJECTED","INELIGIBLE_HASH","False","SV5_INFILL_ROOM_07fb3ac254e765673737_LINK","SV5_INFILL_ROOM_0f5736599d7acc3ea0a8_LINK","SV5_OPTIONAL_04","S03_11","17","17","565,127|564,127|564,126|563,126|562,126|561,126|561,125|560,125|559,125|558,125|558,124|557,124|556,124|555,124|555,123|554,123|553,123","1e6b72cdd899037faa6eca523eb247245b83a2238d7e72a8406e27f2fad5c603"
"SV5_LOOP_CAND_72a2d8cc531587ca69d2","8260403038629758922","72a2d8cc531587ca69d21f89d4bdac9ac2ddd58f1e6afaf922cd4d95f63ac786","REJECTED","DUPLICATE_ENDPOINT_PAIR","True","SV5_INFILL_ROOM_0336ae99bc580abe01f7_LINK","SV5_INFILL_ROOM_0496c8692f6450167db1_LINK","SV5_OPTIONAL_14","S11_01","17","17","51,359|52,359|53,359|54,359|55,359|56,359|57,359|58,359|59,359|60,359|61,359|62,359|63,359|64,359|65,359|66,359|67,359","1e6b72cdd899037faa6eca523eb247245b83a2238d7e72a8406e27f2fad5c603"
"SV5_LOOP_CAND_72e002b4a7f118959ef9","8277619090041936021","72e002b4a7f118959ef944fb4e522c91c0c0514a2ad995fc7d1adb01722ce335","REJECTED","DUPLICATE_ENDPOINT_PAIR","True","SV5_INFILL_ROOM_0336ae99bc580abe01f7_LINK","SV5_INFILL_ROOM_0496c8692f6450167db1_LINK","SV5_OPTIONAL_14","S11_01","21","21","55,359|56,359|57,359|58,359|59,359|60,359|61,359|62,359|63,359|64,359|65,359|66,359|67,359|68,359|69,359|70,359|71,359|72,359|73,359|74,359|75,359","1e6b72cdd899037faa6eca523eb247245b83a2238d7e72a8406e27f2fad5c603"
"SV5_LOOP_CAND_73cb948201d57b8cb06d","8343926020731403148","73cb948201d57b8cb06ddd519b9bcc31450273d550d1ef2379888de21f95f265","REJECTED","INELIGIBLE_HASH","False","SV5_INFILL_ROOM_0336ae99bc580abe01f7_LINK","SV5_INFILL_ROOM_0496c8692f6450167db1_LINK","SV5_OPTIONAL_14","S11_01","15","15","48,359|49,359|50,359|51,359|52,359|53,359|54,359|55,359|56,359|57,359|58,359|59,359|60,359|61,359|62,359","1e6b72cdd899037faa6eca523eb247245b83a2238d7e72a8406e27f2fad5c603"
"SV5_LOOP_CAND_7460b308f552c05bb13c","8385899357220814939","7460b308f552c05bb13ca7accf36583124ca999819476db7cbb0a1e659140874","REJECTED","INELIGIBLE_HASH","False","SV5_INFILL_ROOM_0336ae99bc580abe01f7_LINK","SV5_INFILL_ROOM_0496c8692f6450167db1_LINK","SV5_OPTIONAL_14","S11_01","10","10","56,359|57,359|58,359|59,359|60,359|61,359|62,359|63,359|64,359|65,359","1e6b72cdd899037faa6eca523eb247245b83a2238d7e72a8406e27f2fad5c603"
"SV5_LOOP_CAND_74d00af87b1a33a35154","8417239765888938915","74d00af87b1a33a35154b0745a489e1f0243a1e4c2916b564d9327735d030ee1","REJECTED","DUPLICATE_ENDPOINT_PAIR","True","SV5_INFILL_ROOM_0336ae99bc580abe01f7_LINK","SV5_INFILL_ROOM_0496c8692f6450167db1_LINK","SV5_OPTIONAL_14","S11_01","20","20","52,359|53,359|54,359|55,359|56,359|57,359|58,359|59,359|60,359|61,359|62,359|63,359|64,359|65,359|66,359|67,359|68,359|69,359|70,359|71,359","1e6b72cdd899037faa6eca523eb247245b83a2238d7e72a8406e27f2fad5c603"
"SV5_LOOP_CAND_75578b2eddc9aa51064f","8455379858817133137","75578b2eddc9aa51064f34e46334774030c3c6a3857f7af1e260bfc52cbd7bcf","REJECTED","INELIGIBLE_HASH","False","SV5_INFILL_ROOM_046863d4c69cd86e081e_LINK","SV5_INFILL_ROOM_050904725fdcd82ff28e_LINK","SV5_OPTIONAL_04","S02_11","13","13","550,75|551,75|551,74|552,74|553,74|553,73|554,73|555,73|555,72|556,72|557,72|557,71|558,71","1e6b72cdd899037faa6eca523eb247245b83a2238d7e72a8406e27f2fad5c603"
"SV5_LOOP_CAND_75a0ac9fecb6e9f61e63","8475964301582461430","75a0ac9fecb6e9f61e6377dd944e664aa4bd77b119bd74523894517f6e6ac745","REJECTED","INELIGIBLE_HASH","False","SV5_INFILL_ROOM_0033f24aa202678fd527_LINK","SV5_INFILL_ROOM_0555f7159cc5807eccd0_LINK","SV5_OPTIONAL_10","S06_03","17","17","175,210|174,210|174,209|173,209|173,208|172,208|172,207|171,207|171,206|170,206|169,206|169,205|168,205|168,204|167,204|167,203|166,203","1e6b72cdd899037faa6eca523eb247245b83a2238d7e72a8406e27f2fad5c603"
"SV5_LOOP_CAND_75d2525ca0647799bbf5","8489938805328213913","75d2525ca0647799bbf53cca6bf8c3050cd5a4147b36c1998fde12e1e8f98763","REJECTED","DUPLICATE_ENDPOINT_PAIR","True","SV5_INFILL_ROOM_0336ae99bc580abe01f7_LINK","SV5_INFILL_ROOM_0496c8692f6450167db1_LINK","SV5_OPTIONAL_14","S11_01","18","18","53,359|54,359|55,359|56,359|57,359|58,359|59,359|60,359|61,359|62,359|63,359|64,359|65,359|66,359|67,359|68,359|69,359|70,359","1e6b72cdd899037faa6eca523eb247245b83a2238d7e72a8406e27f2fad5c603"
"SV5_LOOP_CAND_7613b5199cf2544cc130","8508343242644935756","7613b5199cf2544cc130e68b66576bcef3f25b4220f9eb488bfa93217551be5e","REJECTED","INELIGIBLE_HASH","False","SV5_INFILL_ROOM_07fb3ac254e765673737_LINK","SV5_INFILL_ROOM_0f5736599d7acc3ea0a8_LINK","SV5_OPTIONAL_04","S03_11","22","22","570,127|569,127|569,126|568,126|567,126|566,126|565,126|565,125|564,125|563,125|562,125|561,125|561,124|560,124|559,124|558,124|557,124|557,123|556,123|555,123|554,123|553,123","1e6b72cdd899037faa6eca523eb247245b83a2238d7e72a8406e27f2fad5c603"
"SV5_LOOP_CAND_76209116809404c8c208","8511962821562729672","76209116809404c8c208d1c85a53469324ca4dbcef537e81dc298bee6772ba50","REJECTED","INELIGIBLE_HASH","False","SV5_INFILL_ROOM_0336ae99bc580abe01f7_LINK","SV5_INFILL_ROOM_0496c8692f6450167db1_LINK","SV5_OPTIONAL_14","S11_01","21","21","53,359|54,359|55,359|56,359|57,359|58,359|59,359|60,359|61,359|62,359|63,359|64,359|65,359|66,359|67,359|68,359|69,359|70,359|71,359|72,359|73,359","1e6b72cdd899037faa6eca523eb247245b83a2238d7e72a8406e27f2fad5c603"
"SV5_LOOP_CAND_7659dd601b0bfafc1160","8528090774243113724","7659dd601b0bfafc11607b89b13d32526ad80fe7341e2fdef67419a578c0c3e9","REJECTED","DUPLICATE_ENDPOINT_PAIR","True","SV5_INFILL_ROOM_0336ae99bc580abe01f7_LINK","SV5_INFILL_ROOM_0496c8692f6450167db1_LINK","SV5_OPTIONAL_14","S11_01","13","13","57,359|58,359|59,359|60,359|61,359|62,359|63,359|64,359|65,359|66,359|67,359|68,359|69,359","1e6b72cdd899037faa6eca523eb247245b83a2238d7e72a8406e27f2fad5c603"
"SV5_LOOP_CAND_7692e4e8f5b19745749c","8544143132280854341","7692e4e8f5b19745749ce6125ffa44fbe3420c763c8307abacc4719176397cf8","REJECTED","INELIGIBLE_HASH","False","SV5_INFILL_ROOM_07fb3ac254e765673737_LINK","SV5_INFILL_ROOM_0f5736599d7acc3ea0a8_LINK","SV5_OPTIONAL_04","S03_11","10","10","559,127|558,127|558,126|557,126|557,125|556,125|556,124|555,124|555,123|554,123","1e6b72cdd899037faa6eca523eb247245b83a2238d7e72a8406e27f2fad5c603"
"SV5_LOOP_CAND_76da7d5c6fe836ce6e44","8564295477366372046","76da7d5c6fe836ce6e44e99d8407b668f27d6efc79c757ed2fba5e345c0b5af0","REJECTED","INELIGIBLE_HASH","False","SV5_INFILL_ROOM_0336ae99bc580abe01f7_LINK","SV5_INFILL_ROOM_0496c8692f6450167db1_LINK","SV5_OPTIONAL_14","S11_01","13","13","52,359|53,359|54,359|55,359|56,359|57,359|58,359|59,359|60,359|61,359|62,359|63,359|64,359","1e6b72cdd899037faa6eca523eb247245b83a2238d7e72a8406e27f2fad5c603"
"SV5_LOOP_CAND_776c695238ce4e3c83e4","8605368789859454524","776c695238ce4e3c83e43041bfcc073df414153734f9fd4ce066119ea100df67","REJECTED","DUPLICATE_ENDPOINT_PAIR","True","SV5_INFILL_ROOM_002b1fdb38d3b5d62912_LINK","SV5_INFILL_ROOM_04b3ee2d2f798b163c8e_LINK","SV5_OPTIONAL_04","S00_11","15","15","558,23|557,23|556,23|555,23|554,23|553,23|552,23|551,23|550,23|549,23|548,23|547,23|546,23|545,23|544,23","1e6b72cdd899037faa6eca523eb247245b83a2238d7e72a8406e27f2fad5c603"
"SV5_LOOP_CAND_777077d52588c4fd1682","8606510645246477565","777077d52588c4fd1682d4a66d50e48c5530e169108171ca152489643aab0549","REJECTED","INELIGIBLE_HASH","False","SV5_INFILL_ROOM_005a04bda9ede05b1190_LINK","SV5_INFILL_ROOM_1c4c6b34887f12eefac3_LINK","SV5_OPTIONAL_09","S04_02","16","16","126,131|127,131|128,131|128,132|129,132|130,132|131,132|131,133|132,133|133,133|134,133|134,134|135,134|136,134|136,135|137,135","1e6b72cdd899037faa6eca523eb247245b83a2238d7e72a8406e27f2fad5c603"
"SV5_LOOP_CAND_78abf01914b04d7cc2af","8695307496080821628","78abf01914b04d7cc2af286879c43cf859b916b9f7197e66dbb2fc362e57f8af","REJECTED","DUPLICATE_ENDPOINT_PAIR","True","SV5_INFILL_ROOM_07fb3ac254e765673737_LINK","SV5_INFILL_ROOM_0f5736599d7acc3ea0a8_LINK","SV5_OPTIONAL_04","S03_11","21","21","570,127|569,127|569,126|568,126|567,126|566,126|565,126|565,125|564,125|563,125|562,125|561,125|561,124|560,124|559,124|558,124|557,124|557,123|556,123|555,123|554,123","1e6b72cdd899037faa6eca523eb247245b83a2238d7e72a8406e27f2fad5c603"
"SV5_LOOP_CAND_78d358dd7b2569966955","8706400212914366870","78d358dd7b2569966955ec86c5786634985f50e52b5452c532397b4e381a169b","REJECTED","INELIGIBLE_HASH","False","SV5_INFILL_ROOM_04458846b0c9a081817d_LINK","SV5_INFILL_ROOM_41bfb11db98643b33449_LINK","SV5_OPTIONAL_07","S02_03","14","14","186,87|185,87|184,87|183,87|182,87|181,87|180,87|179,87|178,87|177,87|176,87|175,87|174,87|173,87","1e6b72cdd899037faa6eca523eb247245b83a2238d7e72a8406e27f2fad5c603"
"SV5_LOOP_CAND_7abcf1ac36a90215320d","8844209490202526229","7abcf1ac36a90215320d192511beb36da25536e2eb61cfa4926c14643f5f8620","REJECTED","DUPLICATE_ENDPOINT_PAIR","True","SV5_INFILL_ROOM_07fb3ac254e765673737_LINK","SV5_INFILL_ROOM_0f5736599d7acc3ea0a8_LINK","SV5_OPTIONAL_04","S03_11","20","20","568,127|567,127|567,126|566,126|565,126|564,126|564,125|563,125|562,125|561,125|560,125|560,124|559,124|558,124|557,124|556,124|556,123|555,123|554,123|553,123","1e6b72cdd899037faa6eca523eb247245b83a2238d7e72a8406e27f2fad5c603"
"SV5_LOOP_CAND_7bb0a6361eb90e109bcb","8912806413940100624","7bb0a6361eb90e109bcbd09dc46bd3947854509e876db1b7ffceef64f2a8d6e0","REJECTED","DUPLICATE_ENDPOINT_PAIR","True","SV5_INFILL_ROOM_16de283f3026f06e031f_LINK","SV5_INFILL_ROOM_1ea3a9898e39ffe90dff_LINK","SV5_OPTIONAL_04","S03_11","19","19","569,110|568,110|568,109|567,109|566,109|565,109|564,109|563,109|563,108|562,108|561,108|560,108|559,108|558,108|558,107|557,107|556,107|555,107|554,107","1e6b72cdd899037faa6eca523eb247245b83a2238d7e72a8406e27f2fad5c603"
"SV5_LOOP_CAND_7c33b3b6396e74698605","8949694479744267369","7c33b3b6396e74698605b994e6b6d6a4d5fa85fa20e18d3a7a86dd5d391ae00b","REJECTED","INELIGIBLE_HASH","False","SV5_INFILL_ROOM_07fb3ac254e765673737_LINK","SV5_INFILL_ROOM_0f5736599d7acc3ea0a8_LINK","SV5_OPTIONAL_04","S03_11","18","18","567,127|566,127|566,126|565,126|564,126|563,126|563,125|562,125|561,125|560,125|560,124|559,124|558,124|557,124|557,123|556,123|555,123|554,123","1e6b72cdd899037faa6eca523eb247245b83a2238d7e72a8406e27f2fad5c603"
"SV5_LOOP_CAND_7ccd4610e1a120688144","8992921069247602792","7ccd4610e1a120688144f62c1188cff3622a90e86a0cc1e7a5410ada147f1d8a","REJECTED","INELIGIBLE_HASH","False","SV5_INFILL_ROOM_0336ae99bc580abe01f7_LINK","SV5_INFILL_ROOM_0496c8692f6450167db1_LINK","SV5_OPTIONAL_14","S11_01","22","22","49,359|50,359|51,359|52,359|53,359|54,359|55,359|56,359|57,359|58,359|59,359|60,359|61,359|62,359|63,359|64,359|65,359|66,359|67,359|68,359|69,359|70,359","1e6b72cdd899037faa6eca523eb247245b83a2238d7e72a8406e27f2fad5c603"
"SV5_LOOP_CAND_7cdc0fcc0d0f70c5c281","8997083524646269125","7cdc0fcc0d0f70c5c28127dd14dd350fe94a94dc17a7d20f55e7c6a21a72ee9a","REJECTED","DUPLICATE_ENDPOINT_PAIR","True","SV5_INFILL_ROOM_002b1fdb38d3b5d62912_LINK","SV5_INFILL_ROOM_04b3ee2d2f798b163c8e_LINK","SV5_OPTIONAL_04","S00_11","5","5","558,23|557,23|556,23|555,23|554,23","1e6b72cdd899037faa6eca523eb247245b83a2238d7e72a8406e27f2fad5c603"
"SV5_LOOP_CAND_7d4d5a5ec3ee12f86bed","9028972191008297720","7d4d5a5ec3ee12f86bed91d23280aa36c7813ec3c093b3f13ac925fbf10e50c2","REJECTED","DUPLICATE_ENDPOINT_PAIR","True","SV5_INFILL_ROOM_002b1fdb38d3b5d62912_LINK","SV5_INFILL_ROOM_04b3ee2d2f798b163c8e_LINK","SV5_OPTIONAL_04","S00_11","9","9","559,23|558,23|557,23|556,23|555,23|554,23|553,23|552,23|551,23","1e6b72cdd899037faa6eca523eb247245b83a2238d7e72a8406e27f2fad5c603"
"SV5_LOOP_CAND_7d5c3bfcf243c7acaf1d","9033160910180698028","7d5c3bfcf243c7acaf1d2beacdd2004912a5b61ce3509a8eaebdc42f6ba5e39a","REJECTED","DUPLICATE_ENDPOINT_PAIR","True","SV5_INFILL_ROOM_046863d4c69cd86e081e_LINK","SV5_INFILL_ROOM_050904725fdcd82ff28e_LINK","SV5_OPTIONAL_04","S02_11","15","15","548,75|549,75|549,74|550,74|551,74|551,73|552,73|553,73|554,73|554,72|555,72|556,72|556,71|557,71|558,71","1e6b72cdd899037faa6eca523eb247245b83a2238d7e72a8406e27f2fad5c603"
"SV5_LOOP_CAND_7da7cc45005655cda42d","9054430172582139341","7da7cc45005655cda42ddcdcb6ff57185974d8be85b2b8aa7e64c0e5c1431c36","REJECTED","INELIGIBLE_HASH","False","SV5_INFILL_ROOM_0336ae99bc580abe01f7_LINK","SV5_INFILL_ROOM_0496c8692f6450167db1_LINK","SV5_OPTIONAL_14","S11_01","24","24","46,359|47,359|48,359|49,359|50,359|51,359|52,359|53,359|54,359|55,359|56,359|57,359|58,359|59,359|60,359|61,359|62,359|63,359|64,359|65,359|66,359|67,359|68,359|69,359","1e6b72cdd899037faa6eca523eb247245b83a2238d7e72a8406e27f2fad5c603"
"SV5_LOOP_CAND_7ef0c87fa0615519f64d","9147031293666612505","7ef0c87fa0615519f64d9a400af884bc3e60f353959822315badc5a932fbf47c","REJECTED","DUPLICATE_ENDPOINT_PAIR","True","SV5_INFILL_ROOM_0336ae99bc580abe01f7_LINK","SV5_INFILL_ROOM_0496c8692f6450167db1_LINK","SV5_OPTIONAL_14","S11_01","23","23","48,359|49,359|50,359|51,359|52,359|53,359|54,359|55,359|56,359|57,359|58,359|59,359|60,359|61,359|62,359|63,359|64,359|65,359|66,359|67,359|68,359|69,359|70,359","1e6b72cdd899037faa6eca523eb247245b83a2238d7e72a8406e27f2fad5c603"
"SV5_LOOP_CAND_7f739c62e84d6828530d","9183856013756688424","7f739c62e84d6828530d9ad4c70f659756e5f63db638c893522d6bd86dad533f","REJECTED","DUPLICATE_ENDPOINT_PAIR","True","SV5_INFILL_ROOM_005a04bda9ede05b1190_LINK","SV5_INFILL_ROOM_1c4c6b34887f12eefac3_LINK","SV5_OPTIONAL_09","S04_02","18","18","125,131|126,131|127,131|128,131|128,132|129,132|130,132|131,132|131,133|132,133|133,133|134,133|134,134|135,134|136,134|137,134|137,135|138,135","1e6b72cdd899037faa6eca523eb247245b83a2238d7e72a8406e27f2fad5c603"
"SV5_LOOP_CAND_8030132c0ebe60adb938","9236903915683733677","8030132c0ebe60adb93871858bca730670898e0e0d66f262a272c489f6d883de","REJECTED","INELIGIBLE_HASH","False","SV5_INFILL_ROOM_00d2b967a3d3b2f6b4b1_LINK","SV5_INFILL_ROOM_01ab4f357f1a1a51e05d_LINK","SV5_OPTIONAL_06","S00_04","8","8","217,24|218,24|218,23|219,23|220,23|221,23|222,23|223,23","1e6b72cdd899037faa6eca523eb247245b83a2238d7e72a8406e27f2fad5c603"
"SV5_LOOP_CAND_80daa8ddd7ee02895b64","9284919252541637257","80daa8ddd7ee02895b6459b9547de3869349af3667b05b92ff465eeca8f114d0","REJECTED","INELIGIBLE_HASH","False","SV5_INFILL_ROOM_0336ae99bc580abe01f7_LINK","SV5_INFILL_ROOM_0496c8692f6450167db1_LINK","SV5_OPTIONAL_14","S11_01","12","12","56,359|57,359|58,359|59,359|60,359|61,359|62,359|63,359|64,359|65,359|66,359|67,359","1e6b72cdd899037faa6eca523eb247245b83a2238d7e72a8406e27f2fad5c603"
"SV5_LOOP_CAND_8124879070225ff45d77","9305711784480628724","8124879070225ff45d77214096cf1d2a33154c7c9c5bd3d1369037a6ddd3143d","REJECTED","DUPLICATE_ENDPOINT_PAIR","True","SV5_INFILL_ROOM_0336ae99bc580abe01f7_LINK","SV5_INFILL_ROOM_0496c8692f6450167db1_LINK","SV5_OPTIONAL_14","S11_01","15","15","56,359|57,359|58,359|59,359|60,359|61,359|62,359|63,359|64,359|65,359|66,359|67,359|68,359|69,359|70,359","1e6b72cdd899037faa6eca523eb247245b83a2238d7e72a8406e27f2fad5c603"
"SV5_LOOP_CAND_81903aed5749b1e5968b","9336026818585145829","81903aed5749b1e5968b784d6a2248a6512352975cd08387c03cccbb74d6948f","REJECTED","DUPLICATE_ENDPOINT_PAIR","True","SV5_INFILL_ROOM_0336ae99bc580abe01f7_LINK","SV5_INFILL_ROOM_0496c8692f6450167db1_LINK","SV5_OPTIONAL_14","S11_01","15","15","52,359|53,359|54,359|55,359|56,359|57,359|58,359|59,359|60,359|61,359|62,359|63,359|64,359|65,359|66,359","1e6b72cdd899037faa6eca523eb247245b83a2238d7e72a8406e27f2fad5c603"
"SV5_LOOP_CAND_829a25f2c266d036ed76","9410876095917903926","829a25f2c266d036ed76a6c8d421510cf9d817fca2bf133120a4fb5695043058","ACCEPTED","PASS","True","SV5_INFILL_ROOM_00d2b967a3d3b2f6b4b1_LINK","SV5_INFILL_ROOM_01ab4f357f1a1a51e05d_LINK","SV5_OPTIONAL_06","S00_04","6","6","218,23|219,23|220,23|221,23|222,23|223,23","1e6b72cdd899037faa6eca523eb247245b83a2238d7e72a8406e27f2fad5c603"
"SV5_LOOP_CAND_830f2f8ab54c7e9869d3","9443819216412901016","830f2f8ab54c7e9869d345e4e7b6b85eb6f03333b9d8751eeb9d00c437d52cfa","REJECTED","DUPLICATE_ENDPOINT_PAIR","True","SV5_INFILL_ROOM_0336ae99bc580abe01f7_LINK","SV5_INFILL_ROOM_0496c8692f6450167db1_LINK","SV5_OPTIONAL_14","S11_01","17","17","57,359|58,359|59,359|60,359|61,359|62,359|63,359|64,359|65,359|66,359|67,359|68,359|69,359|70,359|71,359|72,359|73,359","1e6b72cdd899037faa6eca523eb247245b83a2238d7e72a8406e27f2fad5c603"
"SV5_LOOP_CAND_8420da1baa366ed6181f","9520849424615894742","8420da1baa366ed6181f8e1f3248ddb86b5268cff01266060f136f93ac82c2b9","REJECTED","INELIGIBLE_HASH","False","SV5_INFILL_ROOM_0336ae99bc580abe01f7_LINK","SV5_INFILL_ROOM_0496c8692f6450167db1_LINK","SV5_OPTIONAL_14","S11_01","11","11","54,359|55,359|56,359|57,359|58,359|59,359|60,359|61,359|62,359|63,359|64,359","1e6b72cdd899037faa6eca523eb247245b83a2238d7e72a8406e27f2fad5c603"
"SV5_LOOP_CAND_842d8fc2d36d7693d85a","9524426853892060819","842d8fc2d36d7693d85afb17be4c4a3ab5bef34475ee89684068a6a371bbefd0","REJECTED","DUPLICATE_ENDPOINT_PAIR","True","SV5_INFILL_ROOM_07fb3ac254e765673737_LINK","SV5_INFILL_ROOM_0f5736599d7acc3ea0a8_LINK","SV5_OPTIONAL_04","S03_11","22","22","569,127|568,127|568,126|567,126|566,126|565,126|564,126|564,125|563,125|562,125|561,125|560,125|560,124|559,124|558,124|557,124|556,124|556,123|555,123|554,123|553,123|552,123","1e6b72cdd899037faa6eca523eb247245b83a2238d7e72a8406e27f2fad5c603"
"SV5_LOOP_CAND_859853196f103a5d5562","9626535572207057501","859853196f103a5d55621ee4f20d03d298eebaeafc5a4e2f0f51e11087cd13bf","REJECTED","DUPLICATE_ENDPOINT_PAIR","True","SV5_INFILL_ROOM_0336ae99bc580abe01f7_LINK","SV5_INFILL_ROOM_0496c8692f6450167db1_LINK","SV5_OPTIONAL_14","S11_01","18","18","55,359|56,359|57,359|58,359|59,359|60,359|61,359|62,359|63,359|64,359|65,359|66,359|67,359|68,359|69,359|70,359|71,359|72,359","1e6b72cdd899037faa6eca523eb247245b83a2238d7e72a8406e27f2fad5c603"
"SV5_LOOP_CAND_8660e9d6a8bb0038b269","9682996307009667128","8660e9d6a8bb0038b269d408800d3d91de2d980887a87181d4ecfa5d2ed6a8b9","REJECTED","DUPLICATE_ENDPOINT_PAIR","True","SV5_INFILL_ROOM_005a04bda9ede05b1190_LINK","SV5_INFILL_ROOM_1c4c6b34887f12eefac3_LINK","SV5_OPTIONAL_09","S04_02","10","10","126,131|127,131|127,132|128,132|128,133|129,133|129,134|130,134|130,135|131,135","1e6b72cdd899037faa6eca523eb247245b83a2238d7e72a8406e27f2fad5c603"
"SV5_LOOP_CAND_86bf645ea33a4d5de901","9709589679262289245","86bf645ea33a4d5de9017233b2fee7c30e524b32336119eaf691dc7c1f22b285","REJECTED","INELIGIBLE_HASH","False","SV5_INFILL_ROOM_0336ae99bc580abe01f7_LINK","SV5_INFILL_ROOM_0496c8692f6450167db1_LINK","SV5_OPTIONAL_14","S11_01","7","7","57,359|58,359|59,359|60,359|61,359|62,359|63,359","1e6b72cdd899037faa6eca523eb247245b83a2238d7e72a8406e27f2fad5c603"
"SV5_LOOP_CAND_88213350c389f0f5edb1","9809177885360648437","88213350c389f0f5edb15c944f146e1b20c75427196eb6b864f8ea82231354b2","REJECTED","INELIGIBLE_HASH","False","SV5_INFILL_ROOM_0336ae99bc580abe01f7_LINK","SV5_INFILL_ROOM_0496c8692f6450167db1_LINK","SV5_OPTIONAL_14","S11_01","12","12","53,359|54,359|55,359|56,359|57,359|58,359|59,359|60,359|61,359|62,359|63,359|64,359","1e6b72cdd899037faa6eca523eb247245b83a2238d7e72a8406e27f2fad5c603"
"SV5_LOOP_CAND_8866d5c85fa3173d91cf","9828778293357385533","8866d5c85fa3173d91cfdc2d6d162a8a164035639deea4de535464baf72ebf54","REJECTED","INELIGIBLE_HASH","False","SV5_INFILL_ROOM_0336ae99bc580abe01f7_LINK","SV5_INFILL_ROOM_0496c8692f6450167db1_LINK","SV5_OPTIONAL_14","S11_01","16","16","56,359|57,359|58,359|59,359|60,359|61,359|62,359|63,359|64,359|65,359|66,359|67,359|68,359|69,359|70,359|71,359","1e6b72cdd899037faa6eca523eb247245b83a2238d7e72a8406e27f2fad5c603"
"SV5_LOOP_CAND_886eb82d61342ccfb24a","9830997541640219855","886eb82d61342ccfb24a2ae01537d2846ff60d40fbcc4cce7eca581a09ba6195","REJECTED","INELIGIBLE_HASH","False","SV5_INFILL_ROOM_04458846b0c9a081817d_LINK","SV5_INFILL_ROOM_41bfb11db98643b33449_LINK","SV5_OPTIONAL_07","S02_03","8","8","179,87|178,87|177,87|176,87|175,87|174,87|173,87|172,87","1e6b72cdd899037faa6eca523eb247245b83a2238d7e72a8406e27f2fad5c603"
"SV5_LOOP_CAND_88ac173a4b335f18f9f1","9848272024289632024","88ac173a4b335f18f9f16e524bed3a710dd3e140518ce9aca9e6646ba7e645a3","REJECTED","DUPLICATE_ENDPOINT_PAIR","True","SV5_INFILL_ROOM_0274815fcd6818f05a6a_LINK","SV5_INFILL_ROOM_136a2d749c8d7eddcf7e_LINK","SV5_OPTIONAL_09","S04_02","13","13","122,151|123,151|123,150|124,150|125,150|125,149|126,149|127,149|127,148|128,148|129,148|129,147|130,147","1e6b72cdd899037faa6eca523eb247245b83a2238d7e72a8406e27f2fad5c603"
"SV5_LOOP_CAND_88ba8357558a42259683","9852331545946898981","88ba8357558a4225968349b1506c8246efba3313256156ba42a5822574236dfa","REJECTED","INELIGIBLE_HASH","False","SV5_INFILL_ROOM_04458846b0c9a081817d_LINK","SV5_INFILL_ROOM_41bfb11db98643b33449_LINK","SV5_OPTIONAL_07","S02_03","10","10","183,87|182,87|181,87|180,87|179,87|178,87|177,87|176,87|175,87|174,87","1e6b72cdd899037faa6eca523eb247245b83a2238d7e72a8406e27f2fad5c603"
"SV5_LOOP_CAND_8994f938988012a66ef7","9913822701221319334","8994f938988012a66ef7613cf564ff9887f8e10fbea6031d4eb0fc67db8ea863","REJECTED","INELIGIBLE_HASH","False","SV5_INFILL_ROOM_002b1fdb38d3b5d62912_LINK","SV5_INFILL_ROOM_04b3ee2d2f798b163c8e_LINK","SV5_OPTIONAL_04","S00_11","16","16","559,23|558,23|557,23|556,23|555,23|554,23|553,23|552,23|551,23|550,23|549,23|548,23|547,23|546,23|545,23|544,23","1e6b72cdd899037faa6eca523eb247245b83a2238d7e72a8406e27f2fad5c603"
"SV5_LOOP_CAND_8a1f067418b295505857","9952680797212415312","8a1f067418b295505857fddf42cc0baee7f529eec2a4fb2d8130a582a3efb7be","REJECTED","DUPLICATE_ENDPOINT_PAIR","True","SV5_INFILL_ROOM_0336ae99bc580abe01f7_LINK","SV5_INFILL_ROOM_0496c8692f6450167db1_LINK","SV5_OPTIONAL_14","S11_01","22","22","56,359|57,359|58,359|59,359|60,359|61,359|62,359|63,359|64,359|65,359|66,359|67,359|68,359|69,359|70,359|71,359|72,359|73,359|74,359|75,359|76,359|77,359","1e6b72cdd899037faa6eca523eb247245b83a2238d7e72a8406e27f2fad5c603"
"SV5_LOOP_CAND_8b0432a43c0bbf9c4ace","10017187152142253980","8b0432a43c0bbf9c4ace5c53e48917cff7cdf802a2a31ca0a56a53b025a66e00","REJECTED","INELIGIBLE_HASH","False","SV5_INFILL_ROOM_0336ae99bc580abe01f7_LINK","SV5_INFILL_ROOM_0496c8692f6450167db1_LINK","SV5_OPTIONAL_14","S11_01","18","18","52,359|53,359|54,359|55,359|56,359|57,359|58,359|59,359|60,359|61,359|62,359|63,359|64,359|65,359|66,359|67,359|68,359|69,359","1e6b72cdd899037faa6eca523eb247245b83a2238d7e72a8406e27f2fad5c603"
"SV5_LOOP_CAND_8b1c0a97c7a8af7748fe","10023898517625941879","8b1c0a97c7a8af7748fe5f89fe85807e0df45a59372cd90d48307ea85055b197","REJECTED","INELIGIBLE_HASH","False","SV5_INFILL_ROOM_0336ae99bc580abe01f7_LINK","SV5_INFILL_ROOM_0496c8692f6450167db1_LINK","SV5_OPTIONAL_14","S11_01","19","19","45,359|46,359|47,359|48,359|49,359|50,359|51,359|52,359|53,359|54,359|55,359|56,359|57,359|58,359|59,359|60,359|61,359|62,359|63,359","1e6b72cdd899037faa6eca523eb247245b83a2238d7e72a8406e27f2fad5c603"
"SV5_LOOP_CAND_8b3c714c716bbe17c5d9","10033018643008962071","8b3c714c716bbe17c5d93083f23ed71552841811bf3bfa390760321e6e84df5b","REJECTED","INELIGIBLE_HASH","False","SV5_INFILL_ROOM_0336ae99bc580abe01f7_LINK","SV5_INFILL_ROOM_0496c8692f6450167db1_LINK","SV5_OPTIONAL_14","S11_01","8","8","58,359|59,359|60,359|61,359|62,359|63,359|64,359|65,359","1e6b72cdd899037faa6eca523eb247245b83a2238d7e72a8406e27f2fad5c603"
"SV5_LOOP_CAND_8c6f465e4017d4182fac","10119384258340967448","8c6f465e4017d4182facf6ff933a09cd77c64121f1e09cbe23da8ac19bb54c5a","REJECTED","INELIGIBLE_HASH","False","SV5_INFILL_ROOM_0336ae99bc580abe01f7_LINK","SV5_INFILL_ROOM_0496c8692f6450167db1_LINK","SV5_OPTIONAL_14","S11_01","23","23","56,359|57,359|58,359|59,359|60,359|61,359|62,359|63,359|64,359|65,359|66,359|67,359|68,359|69,359|70,359|71,359|72,359|73,359|74,359|75,359|76,359|77,359|78,359","1e6b72cdd899037faa6eca523eb247245b83a2238d7e72a8406e27f2fad5c603"
"SV5_LOOP_CAND_8cae94d1df0efd8574db","10137203440368942469","8cae94d1df0efd8574dbae633d1ceb46a77b57ca96f9bebe3d1aacf67d11d3d2","REJECTED","INELIGIBLE_HASH","False","SV5_INFILL_ROOM_04458846b0c9a081817d_LINK","SV5_INFILL_ROOM_41bfb11db98643b33449_LINK","SV5_OPTIONAL_07","S02_03","10","10","182,87|181,87|180,87|179,87|178,87|177,87|176,87|175,87|174,87|173,87","1e6b72cdd899037faa6eca523eb247245b83a2238d7e72a8406e27f2fad5c603"
"SV5_LOOP_CAND_8cbe003808a9958a7369","10141543651548435850","8cbe003808a9958a7369c4aa0e579589c35f1e50a77544536ea57bf8a6e5c759","REJECTED","INELIGIBLE_HASH","False","SV5_INFILL_ROOM_0336ae99bc580abe01f7_LINK","SV5_INFILL_ROOM_0496c8692f6450167db1_LINK","SV5_OPTIONAL_14","S11_01","16","16","47,359|48,359|49,359|50,359|51,359|52,359|53,359|54,359|55,359|56,359|57,359|58,359|59,359|60,359|61,359|62,359","1e6b72cdd899037faa6eca523eb247245b83a2238d7e72a8406e27f2fad5c603"
"SV5_LOOP_CAND_8d20f1828c5bbd12f187","10169393501605444882","8d20f1828c5bbd12f1870172645aac7cf2f324def60f6880be3985b554c22b47","REJECTED","INELIGIBLE_HASH","False","SV5_INFILL_ROOM_0336ae99bc580abe01f7_LINK","SV5_INFILL_ROOM_0496c8692f6450167db1_LINK","SV5_OPTIONAL_14","S11_01","13","13","58,359|59,359|60,359|61,359|62,359|63,359|64,359|65,359|66,359|67,359|68,359|69,359|70,359","1e6b72cdd899037faa6eca523eb247245b83a2238d7e72a8406e27f2fad5c603"
"SV5_LOOP_CAND_8d6025943d934d80299a","10187183675730513280","8d6025943d934d80299aaff03f5dd1ae860861a720b28bd6aae420f4a88d78c5","REJECTED","INELIGIBLE_HASH","False","SV5_INFILL_ROOM_0336ae99bc580abe01f7_LINK","SV5_INFILL_ROOM_0496c8692f6450167db1_LINK","SV5_OPTIONAL_14","S11_01","22","22","55,359|56,359|57,359|58,359|59,359|60,359|61,359|62,359|63,359|64,359|65,359|66,359|67,359|68,359|69,359|70,359|71,359|72,359|73,359|74,359|75,359|76,359","1e6b72cdd899037faa6eca523eb247245b83a2238d7e72a8406e27f2fad5c603"
"SV5_LOOP_CAND_8d6816b2835e7680359d","10189419112889742976","8d6816b2835e7680359d8c55cfb26323305f735f3799ed1a2ca4cb247d2fa2e9","REJECTED","INELIGIBLE_HASH","False","SV5_INFILL_ROOM_046863d4c69cd86e081e_LINK","SV5_INFILL_ROOM_050904725fdcd82ff28e_LINK","SV5_OPTIONAL_04","S02_11","18","18","545,75|546,75|546,74|547,74|548,74|549,74|549,73|550,73|551,73|552,73|552,72|553,72|554,72|555,72|555,71|556,71|557,71|558,71","1e6b72cdd899037faa6eca523eb247245b83a2238d7e72a8406e27f2fad5c603"
"SV5_LOOP_CAND_8ef48a814cead7d9a16a","10301010535649040345","8ef48a814cead7d9a16a6626f55cc4f8501471da040285aef48c2e754ec7ee8d","REJECTED","INELIGIBLE_HASH","False","SV5_INFILL_ROOM_0274815fcd6818f05a6a_LINK","SV5_INFILL_ROOM_136a2d749c8d7eddcf7e_LINK","SV5_OPTIONAL_09","S04_02","22","22","113,151|114,151|114,150|115,150|116,150|117,150|118,150|118,149|119,149|120,149|121,149|122,149|122,148|123,148|124,148|125,148|126,148|126,147|127,147|128,147|129,147|130,147","1e6b72cdd899037faa6eca523eb247245b83a2238d7e72a8406e27f2fad5c603"
"SV5_LOOP_CAND_90d8655ffcad7d229930","10437203599366651170","90d8655ffcad7d22993044577a0cbf53856db649ba86b83f83a644b7c2ca585b","REJECTED","INELIGIBLE_HASH","False","SV5_INFILL_ROOM_07fb3ac254e765673737_LINK","SV5_INFILL_ROOM_0f5736599d7acc3ea0a8_LINK","SV5_OPTIONAL_04","S03_11","14","14","562,127|561,127|561,126|560,126|559,126|559,125|558,125|557,125|557,124|556,124|555,124|555,123|554,123|553,123","1e6b72cdd899037faa6eca523eb247245b83a2238d7e72a8406e27f2fad5c603"
"SV5_LOOP_CAND_91505b947bf72d92afc6","10470969826929487250","91505b947bf72d92afc6d1b248835c12659afd5c3678b85be4eea39779f5d0d0","REJECTED","INELIGIBLE_HASH","False","SV5_INFILL_ROOM_0336ae99bc580abe01f7_LINK","SV5_INFILL_ROOM_0496c8692f6450167db1_LINK","SV5_OPTIONAL_14","S11_01","23","23","50,359|51,359|52,359|53,359|54,359|55,359|56,359|57,359|58,359|59,359|60,359|61,359|62,359|63,359|64,359|65,359|66,359|67,359|68,359|69,359|70,359|71,359|72,359","1e6b72cdd899037faa6eca523eb247245b83a2238d7e72a8406e27f2fad5c603"
"SV5_LOOP_CAND_9171e09ee12972f8fbdc","10480404780854899448","9171e09ee12972f8fbdcc5cc5a2699465df52f7c1b896c3d1ca3a8dc7ff721f6","REJECTED","INELIGIBLE_HASH","False","SV5_INFILL_ROOM_0336ae99bc580abe01f7_LINK","SV5_INFILL_ROOM_0496c8692f6450167db1_LINK","SV5_OPTIONAL_14","S11_01","22","22","42,359|43,359|44,359|45,359|46,359|47,359|48,359|49,359|50,359|51,359|52,359|53,359|54,359|55,359|56,359|57,359|58,359|59,359|60,359|61,359|62,359|63,359","1e6b72cdd899037faa6eca523eb247245b83a2238d7e72a8406e27f2fad5c603"
"SV5_LOOP_CAND_91de99650d7b55b92d1c","10511007239626249657","91de99650d7b55b92d1c2a30170de16f524b042188297e1ea794ea884ffc3ffa","REJECTED","INELIGIBLE_HASH","False","SV5_INFILL_ROOM_0336ae99bc580abe01f7_LINK","SV5_INFILL_ROOM_0496c8692f6450167db1_LINK","SV5_OPTIONAL_14","S11_01","24","24","44,359|45,359|46,359|47,359|48,359|49,359|50,359|51,359|52,359|53,359|54,359|55,359|56,359|57,359|58,359|59,359|60,359|61,359|62,359|63,359|64,359|65,359|66,359|67,359","1e6b72cdd899037faa6eca523eb247245b83a2238d7e72a8406e27f2fad5c603"
"SV5_LOOP_CAND_91fefa70d0767f8dddaa","10520121142024765325","91fefa70d0767f8dddaab5a7bb6483134def59d0772400961beaeea8146de725","REJECTED","DUPLICATE_ENDPOINT_PAIR","True","SV5_INFILL_ROOM_0336ae99bc580abe01f7_LINK","SV5_INFILL_ROOM_0496c8692f6450167db1_LINK","SV5_OPTIONAL_14","S11_01","23","23","47,359|48,359|49,359|50,359|51,359|52,359|53,359|54,359|55,359|56,359|57,359|58,359|59,359|60,359|61,359|62,359|63,359|64,359|65,359|66,359|67,359|68,359|69,359","1e6b72cdd899037faa6eca523eb247245b83a2238d7e72a8406e27f2fad5c603"
"SV5_LOOP_CAND_923887fd1a2e425e2dce","10536320849368990302","923887fd1a2e425e2dce36ad540d7a2a1bdbe99ce58f219b10ca87a697ea34a5","REJECTED","DUPLICATE_ENDPOINT_PAIR","True","SV5_INFILL_ROOM_0336ae99bc580abe01f7_LINK","SV5_INFILL_ROOM_0496c8692f6450167db1_LINK","SV5_OPTIONAL_14","S11_01","15","15","57,359|58,359|59,359|60,359|61,359|62,359|63,359|64,359|65,359|66,359|67,359|68,359|69,359|70,359|71,359","1e6b72cdd899037faa6eca523eb247245b83a2238d7e72a8406e27f2fad5c603"
"SV5_LOOP_CAND_923a6c64177e63fd1d70","10536853455333385213","923a6c64177e63fd1d704a7dd8324a4de828dabd828a4be0afb6b9db5e6c9a1f","REJECTED","DUPLICATE_ENDPOINT_PAIR","True","SV5_INFILL_ROOM_0336ae99bc580abe01f7_LINK","SV5_INFILL_ROOM_0496c8692f6450167db1_LINK","SV5_OPTIONAL_14","S11_01","13","13","53,359|54,359|55,359|56,359|57,359|58,359|59,359|60,359|61,359|62,359|63,359|64,359|65,359","1e6b72cdd899037faa6eca523eb247245b83a2238d7e72a8406e27f2fad5c603"
"SV5_LOOP_CAND_924eded6c69159fec88c","10542608791756691966","924eded6c69159fec88c50f238eb3c10b85119d95d9441f5b050820da3ca6de4","REJECTED","INELIGIBLE_HASH","False","SV5_INFILL_ROOM_0274815fcd6818f05a6a_LINK","SV5_INFILL_ROOM_136a2d749c8d7eddcf7e_LINK","SV5_OPTIONAL_09","S04_02","14","14","121,151|122,151|122,150|123,150|124,150|124,149|125,149|126,149|126,148|127,148|128,148|128,147|129,147|130,147","1e6b72cdd899037faa6eca523eb247245b83a2238d7e72a8406e27f2fad5c603"
"SV5_LOOP_CAND_93f289beb60d4e960086","10660734720130502294","93f289beb60d4e960086e000cdfef6144e528ac0855347088a54f0f858fc0c55","REJECTED","INELIGIBLE_HASH","False","SV5_INFILL_ROOM_0336ae99bc580abe01f7_LINK","SV5_INFILL_ROOM_0496c8692f6450167db1_LINK","SV5_OPTIONAL_14","S11_01","14","14","54,359|55,359|56,359|57,359|58,359|59,359|60,359|61,359|62,359|63,359|64,359|65,359|66,359|67,359","1e6b72cdd899037faa6eca523eb247245b83a2238d7e72a8406e27f2fad5c603"
"SV5_LOOP_CAND_942af2654e9c7d754d49","10676612383559679349","942af2654e9c7d754d4921a46281f7dee65c184b43dcaaecc9d6e88c60543b55","REJECTED","INELIGIBLE_HASH","False","SV5_INFILL_ROOM_0336ae99bc580abe01f7_LINK","SV5_INFILL_ROOM_0496c8692f6450167db1_LINK","SV5_OPTIONAL_14","S11_01","19","19","57,359|58,359|59,359|60,359|61,359|62,359|63,359|64,359|65,359|66,359|67,359|68,359|69,359|70,359|71,359|72,359|73,359|74,359|75,359","1e6b72cdd899037faa6eca523eb247245b83a2238d7e72a8406e27f2fad5c603"
"SV5_LOOP_CAND_9493d3bd4c91ebcabfb1","10706133549176712138","9493d3bd4c91ebcabfb127165095282a2d64f27d1dbbcfe655c498fa90367e3e","REJECTED","INELIGIBLE_HASH","False","SV5_INFILL_ROOM_002b1fdb38d3b5d62912_LINK","SV5_INFILL_ROOM_04b3ee2d2f798b163c8e_LINK","SV5_OPTIONAL_04","S00_11","12","12","558,23|557,23|556,23|555,23|554,23|553,23|552,23|551,23|550,23|549,23|548,23|547,23","1e6b72cdd899037faa6eca523eb247245b83a2238d7e72a8406e27f2fad5c603"
"SV5_LOOP_CAND_9497ed9c2ee4dc6b902f","10707287894154075243","9497ed9c2ee4dc6b902f77c4f8cd02a001a75f3ebc32bd7eedd062a699d9bd6f","REJECTED","INELIGIBLE_HASH","False","SV5_INFILL_ROOM_002b1fdb38d3b5d62912_LINK","SV5_INFILL_ROOM_04b3ee2d2f798b163c8e_LINK","SV5_OPTIONAL_04","S00_11","13","13","559,23|558,23|557,23|556,23|555,23|554,23|553,23|552,23|551,23|550,23|549,23|548,23|547,23","1e6b72cdd899037faa6eca523eb247245b83a2238d7e72a8406e27f2fad5c603"
"SV5_LOOP_CAND_94a5f4f7b2f4bd18732c","10711236633467075864","94a5f4f7b2f4bd18732c0cdaef8f5bf37da9f0760541a64cabd49f8940945d6c","REJECTED","INELIGIBLE_HASH","False","SV5_INFILL_ROOM_07fb3ac254e765673737_LINK","SV5_INFILL_ROOM_0f5736599d7acc3ea0a8_LINK","SV5_OPTIONAL_04","S03_11","22","22","571,127|570,127|570,126|569,126|568,126|567,126|566,126|566,125|565,125|564,125|563,125|562,125|562,124|561,124|560,124|559,124|558,124|558,123|557,123|556,123|555,123|554,123","1e6b72cdd899037faa6eca523eb247245b83a2238d7e72a8406e27f2fad5c603"
"SV5_LOOP_CAND_951f83381db2ac6478dd","10745451512968948836","951f83381db2ac6478ddf01843fc5ecd500335a7e918c27e70dc581ebb13c5a5","REJECTED","INELIGIBLE_HASH","False","SV5_INFILL_ROOM_005a04bda9ede05b1190_LINK","SV5_INFILL_ROOM_1c4c6b34887f12eefac3_LINK","SV5_OPTIONAL_09","S04_02","22","22","126,131|127,131|128,131|129,131|130,131|130,132|131,132|132,132|133,132|134,132|134,133|135,133|136,133|137,133|138,133|138,134|139,134|140,134|141,134|142,134|142,135|143,135","1e6b72cdd899037faa6eca523eb247245b83a2238d7e72a8406e27f2fad5c603"
"SV5_LOOP_CAND_956f528ca08f5214210a","10767915998008791572","956f528ca08f5214210a8064873afd037778f280f0a27c52199e259378416df9","REJECTED","INELIGIBLE_HASH","False","SV5_INFILL_ROOM_04458846b0c9a081817d_LINK","SV5_INFILL_ROOM_41bfb11db98643b33449_LINK","SV5_OPTIONAL_07","S02_03","12","12","183,87|182,87|181,87|180,87|179,87|178,87|177,87|176,87|175,87|174,87|173,87|172,87","1e6b72cdd899037faa6eca523eb247245b83a2238d7e72a8406e27f2fad5c603"
"SV5_LOOP_CAND_95c4b91ee858911e0c68","10791954149484826910","95c4b91ee858911e0c6894c8aa1340c3594ce54f608256ac913330c075afd111","REJECTED","DUPLICATE_ENDPOINT_PAIR","True","SV5_INFILL_ROOM_0336ae99bc580abe01f7_LINK","SV5_INFILL_ROOM_0496c8692f6450167db1_LINK","SV5_OPTIONAL_14","S11_01","23","23","41,359|42,359|43,359|44,359|45,359|46,359|47,359|48,359|49,359|50,359|51,359|52,359|53,359|54,359|55,359|56,359|57,359|58,359|59,359|60,359|61,359|62,359|63,359","1e6b72cdd899037faa6eca523eb247245b83a2238d7e72a8406e27f2fad5c603"
"SV5_LOOP_CAND_9682f0b30efd51933ef5","10845495504502870419","9682f0b30efd51933ef5bc97c44f70c525d7d809a447742206bc71c3b0818977","ACCEPTED","PASS","True","SV5_INFILL_ROOM_088f25cbc663d6d3b7a4_LINK","SV5_INFILL_ROOM_1a82971bf4756de9b6e1_LINK","SV5_OPTIONAL_00","S11_08","6","6","381,367|382,367|383,367|384,367|385,367|386,367","1e6b72cdd899037faa6eca523eb247245b83a2238d7e72a8406e27f2fad5c603"
"SV5_LOOP_CAND_973d4cd57d2ab28f2a87","10897951153118163599","973d4cd57d2ab28f2a87b3ebdcf7d753901e6917775980ff43e7f0049b81ba51","REJECTED","INELIGIBLE_HASH","False","SV5_INFILL_ROOM_005a04bda9ede05b1190_LINK","SV5_INFILL_ROOM_1c4c6b34887f12eefac3_LINK","SV5_OPTIONAL_09","S04_02","15","15","125,131|126,131|127,131|127,132|128,132|129,132|129,133|130,133|131,133|132,133|132,134|133,134|134,134|134,135|135,135","1e6b72cdd899037faa6eca523eb247245b83a2238d7e72a8406e27f2fad5c603"
"SV5_LOOP_CAND_973e9e8c612c2db852e7","10898322474046074296","973e9e8c612c2db852e740b76cf12435ff1b56a1cd52b20d27262671a9e57843","REJECTED","INELIGIBLE_HASH","False","SV5_INFILL_ROOM_0336ae99bc580abe01f7_LINK","SV5_INFILL_ROOM_0496c8692f6450167db1_LINK","SV5_OPTIONAL_14","S11_01","7","7","58,359|59,359|60,359|61,359|62,359|63,359|64,359","1e6b72cdd899037faa6eca523eb247245b83a2238d7e72a8406e27f2fad5c603"
"SV5_LOOP_CAND_9776b371d225a4cd6149","10914108048417334477","9776b371d225a4cd614910a37ce2612570339e023ea60a206b8827de5b39f184","REJECTED","INELIGIBLE_HASH","False","SV5_INFILL_ROOM_16de283f3026f06e031f_LINK","SV5_INFILL_ROOM_1ea3a9898e39ffe90dff_LINK","SV5_OPTIONAL_04","S03_11","5","5","558,107|557,107|556,107|555,107|554,107","1e6b72cdd899037faa6eca523eb247245b83a2238d7e72a8406e27f2fad5c603"
"SV5_LOOP_CAND_98509f8787480a4edb73","10975447696340945486","98509f8787480a4edb7362cbfec018a94d7f96704f28e086b502f87f6c69ed14","REJECTED","INELIGIBLE_HASH","False","SV5_INFILL_ROOM_005a04bda9ede05b1190_LINK","SV5_INFILL_ROOM_1c4c6b34887f12eefac3_LINK","SV5_OPTIONAL_09","S04_02","19","19","124,131|125,131|126,131|127,131|127,132|128,132|129,132|130,132|130,133|131,133|132,133|133,133|134,133|134,134|135,134|136,134|137,134|137,135|138,135","1e6b72cdd899037faa6eca523eb247245b83a2238d7e72a8406e27f2fad5c603"
"SV5_LOOP_CAND_997d1f56e5d5c4a024b7","11060030717975446688","997d1f56e5d5c4a024b78d3ef962526764037ef18ad3e302e13d5bb9f9064633","REJECTED","INELIGIBLE_HASH","False","SV5_INFILL_ROOM_005a04bda9ede05b1190_LINK","SV5_INFILL_ROOM_1c4c6b34887f12eefac3_LINK","SV5_OPTIONAL_09","S04_02","23","23","124,131|125,131|126,131|127,131|128,131|128,132|129,132|130,132|131,132|132,132|132,133|133,133|134,133|135,133|136,133|137,133|137,134|138,134|139,134|140,134|141,134|141,135|142,135","1e6b72cdd899037faa6eca523eb247245b83a2238d7e72a8406e27f2fad5c603"
"SV5_LOOP_CAND_99bc815449df3ebfbf20","11077871382441180863","99bc815449df3ebfbf20c87aa0bd2078887e0cdbc21f485453478a78aa51649a","REJECTED","INELIGIBLE_HASH","False","SV5_INFILL_ROOM_046863d4c69cd86e081e_LINK","SV5_INFILL_ROOM_050904725fdcd82ff28e_LINK","SV5_OPTIONAL_04","S02_11","11","11","552,75|553,75|553,74|554,74|554,73|555,73|556,73|556,72|557,72|557,71|558,71","1e6b72cdd899037faa6eca523eb247245b83a2238d7e72a8406e27f2fad5c603"
"SV5_LOOP_CAND_99f0587122d83d481944","11092463125152677192","99f0587122d83d4819446ad1fd835e2343d81d6f5984be61d1aefd8053467ce2","REJECTED","INELIGIBLE_HASH","False","SV5_INFILL_ROOM_005a04bda9ede05b1190_LINK","SV5_INFILL_ROOM_1c4c6b34887f12eefac3_LINK","SV5_OPTIONAL_09","S04_02","24","24","126,131|127,131|128,131|129,131|130,131|130,132|131,132|132,132|133,132|134,132|135,132|135,133|136,133|137,133|138,133|139,133|140,133|140,134|141,134|142,134|143,134|144,134|144,135|145,135","1e6b72cdd899037faa6eca523eb247245b83a2238d7e72a8406e27f2fad5c603"
"SV5_LOOP_CAND_9b14161a3509ef7c03ee","11174580877227847548","9b14161a3509ef7c03ee29b5a89984414f6e7da1db9ce8a78b6a3b3bdd2348c9","REJECTED","INELIGIBLE_HASH","False","SV5_INFILL_ROOM_0336ae99bc580abe01f7_LINK","SV5_INFILL_ROOM_0496c8692f6450167db1_LINK","SV5_OPTIONAL_14","S11_01","19","19","49,359|50,359|51,359|52,359|53,359|54,359|55,359|56,359|57,359|58,359|59,359|60,359|61,359|62,359|63,359|64,359|65,359|66,359|67,359","1e6b72cdd899037faa6eca523eb247245b83a2238d7e72a8406e27f2fad5c603"
"SV5_LOOP_CAND_9c3dd79811958626781b","11258391691626120742","9c3dd79811958626781b447da9f48646d0167014e4dca7c20f23b24141ddb8e8","REJECTED","INELIGIBLE_HASH","False","SV5_INFILL_ROOM_0336ae99bc580abe01f7_LINK","SV5_INFILL_ROOM_0496c8692f6450167db1_LINK","SV5_OPTIONAL_14","S11_01","19","19","54,359|55,359|56,359|57,359|58,359|59,359|60,359|61,359|62,359|63,359|64,359|65,359|66,359|67,359|68,359|69,359|70,359|71,359|72,359","1e6b72cdd899037faa6eca523eb247245b83a2238d7e72a8406e27f2fad5c603"
"SV5_LOOP_CAND_9cb17fbb7c0bdc4fa3a8","11290946184011308111","9cb17fbb7c0bdc4fa3a8290b1034998df96deb61573c2cb6304e25a285eef5cc","REJECTED","DUPLICATE_ENDPOINT_PAIR","True","SV5_INFILL_ROOM_0336ae99bc580abe01f7_LINK","SV5_INFILL_ROOM_0496c8692f6450167db1_LINK","SV5_OPTIONAL_14","S11_01","23","23","46,359|47,359|48,359|49,359|50,359|51,359|52,359|53,359|54,359|55,359|56,359|57,359|58,359|59,359|60,359|61,359|62,359|63,359|64,359|65,359|66,359|67,359|68,359","1e6b72cdd899037faa6eca523eb247245b83a2238d7e72a8406e27f2fad5c603"
"SV5_LOOP_CAND_9d8b305e2aa51bcc34f6","11352220466717989836","9d8b305e2aa51bcc34f6f5c05fcfab32a242917477f3d1ecc66ed4042c1c53a1","REJECTED","INELIGIBLE_HASH","False","SV5_INFILL_ROOM_0336ae99bc580abe01f7_LINK","SV5_INFILL_ROOM_0496c8692f6450167db1_LINK","SV5_OPTIONAL_14","S11_01","16","16","54,359|55,359|56,359|57,359|58,359|59,359|60,359|61,359|62,359|63,359|64,359|65,359|66,359|67,359|68,359|69,359","1e6b72cdd899037faa6eca523eb247245b83a2238d7e72a8406e27f2fad5c603"
"SV5_LOOP_CAND_9db11569c11061311663","11362886878787297585","9db11569c110613116632fd29c6062be36ad9d3980436398fe39be3a9c63eb93","REJECTED","INELIGIBLE_HASH","False","SV5_INFILL_ROOM_16de283f3026f06e031f_LINK","SV5_INFILL_ROOM_1ea3a9898e39ffe90dff_LINK","SV5_OPTIONAL_04","S03_11","23","23","571,110|570,110|570,109|569,109|568,109|567,109|566,109|565,109|564,109|564,108|563,108|562,108|561,108|560,108|559,108|558,108|558,107|557,107|556,107|555,107|554,107|553,107|552,107","1e6b72cdd899037faa6eca523eb247245b83a2238d7e72a8406e27f2fad5c603"
"SV5_LOOP_CAND_9de52f0eb28f4c367fc8","11377551773793209398","9de52f0eb28f4c367fc8d9dfd92d3b90bb553a9f40dc28c8b77a5cfcecae14a2","REJECTED","INELIGIBLE_HASH","False","SV5_INFILL_ROOM_04458846b0c9a081817d_LINK","SV5_INFILL_ROOM_41bfb11db98643b33449_LINK","SV5_OPTIONAL_07","S02_03","6","6","179,87|178,87|177,87|176,87|175,87|174,87","1e6b72cdd899037faa6eca523eb247245b83a2238d7e72a8406e27f2fad5c603"
"SV5_LOOP_CAND_9e7b205617c49f5471c8","11419756834266062676","9e7b205617c49f5471c81148b581a377e7673282c9e7f6b01b864cbd9ad75c1e","REJECTED","INELIGIBLE_HASH","False","SV5_INFILL_ROOM_088f25cbc663d6d3b7a4_LINK","SV5_INFILL_ROOM_1a82971bf4756de9b6e1_LINK","SV5_OPTIONAL_00","S11_08","8","8","380,367|381,367|382,367|383,367|384,367|385,367|386,367|387,367","1e6b72cdd899037faa6eca523eb247245b83a2238d7e72a8406e27f2fad5c603"
"SV5_LOOP_CAND_9e94403b434877977d0c","11426828777821861783","9e94403b434877977d0c6291ce2b66c5b639e9e0c30af8042a1018c9d777835b","REJECTED","INELIGIBLE_HASH","False","SV5_INFILL_ROOM_002b1fdb38d3b5d62912_LINK","SV5_INFILL_ROOM_04b3ee2d2f798b163c8e_LINK","SV5_OPTIONAL_04","S00_11","6","6","559,23|558,23|557,23|556,23|555,23|554,23","1e6b72cdd899037faa6eca523eb247245b83a2238d7e72a8406e27f2fad5c603"
"SV5_LOOP_CAND_9f7eb4d0b31b01085b3f","11492822107547173128","9f7eb4d0b31b01085b3ff5dbaefca33e01022b176adb569fe770ad6285bcd395","REJECTED","DUPLICATE_ENDPOINT_PAIR","True","SV5_INFILL_ROOM_04458846b0c9a081817d_LINK","SV5_INFILL_ROOM_41bfb11db98643b33449_LINK","SV5_OPTIONAL_07","S02_03","9","9","180,87|179,87|178,87|177,87|176,87|175,87|174,87|173,87|172,87","1e6b72cdd899037faa6eca523eb247245b83a2238d7e72a8406e27f2fad5c603"
"SV5_LOOP_CAND_a1570767427e459bd6d5","11625769103158822299","a1570767427e459bd6d5c57ef38e6a60102d00333f3a37db8b47b35d463e3645","REJECTED","INELIGIBLE_HASH","False","SV5_INFILL_ROOM_0336ae99bc580abe01f7_LINK","SV5_INFILL_ROOM_0496c8692f6450167db1_LINK","SV5_OPTIONAL_14","S11_01","21","21","58,359|59,359|60,359|61,359|62,359|63,359|64,359|65,359|66,359|67,359|68,359|69,359|70,359|71,359|72,359|73,359|74,359|75,359|76,359|77,359|78,359","1e6b72cdd899037faa6eca523eb247245b83a2238d7e72a8406e27f2fad5c603"
"SV5_LOOP_CAND_a1a79ecc82fb5a82a4a5","11648453562425105026","a1a79ecc82fb5a82a4a501d8a3581cf436b267d1775abd77912ae89abad1c671","REJECTED","DUPLICATE_ENDPOINT_PAIR","True","SV5_INFILL_ROOM_0336ae99bc580abe01f7_LINK","SV5_INFILL_ROOM_0496c8692f6450167db1_LINK","SV5_OPTIONAL_14","S11_01","23","23","53,359|54,359|55,359|56,359|57,359|58,359|59,359|60,359|61,359|62,359|63,359|64,359|65,359|66,359|67,359|68,359|69,359|70,359|71,359|72,359|73,359|74,359|75,359","1e6b72cdd899037faa6eca523eb247245b83a2238d7e72a8406e27f2fad5c603"
"SV5_LOOP_CAND_a211ba82ea2ee0602b89","11678320380185862240","a211ba82ea2ee0602b89d2f4d465c52934aa21b15b56a0c931bd08112e26cdae","REJECTED","INELIGIBLE_HASH","False","SV5_INFILL_ROOM_0211dda6690845617294_LINK","SV5_INFILL_ROOM_03bff8d63e21cbc62be9_LINK","SV5_OPTIONAL_06","S01_04","18","18","208,54|209,54|209,53|210,53|211,53|212,53|213,53|213,52|214,52|215,52|216,52|217,52|218,52|218,51|219,51|220,51|221,51|222,51","1e6b72cdd899037faa6eca523eb247245b83a2238d7e72a8406e27f2fad5c603"
"SV5_LOOP_CAND_a3c0d7ac10293f530c0e","11799668157716184915","a3c0d7ac10293f530c0e931c6e6ac7deed3e381d42f7e131fc1d4cf0baa381a5","REJECTED","DUPLICATE_ENDPOINT_PAIR","True","SV5_INFILL_ROOM_0336ae99bc580abe01f7_LINK","SV5_INFILL_ROOM_0496c8692f6450167db1_LINK","SV5_OPTIONAL_14","S11_01","10","10","55,359|56,359|57,359|58,359|59,359|60,359|61,359|62,359|63,359|64,359","1e6b72cdd899037faa6eca523eb247245b83a2238d7e72a8406e27f2fad5c603"
"SV5_LOOP_CAND_a44d4891422a180db940","11839198784144414733","a44d4891422a180db940c5dded50ea74e606cce8ca652211294469d76b5a8d31","REJECTED","INELIGIBLE_HASH","False","SV5_INFILL_ROOM_0336ae99bc580abe01f7_LINK","SV5_INFILL_ROOM_0496c8692f6450167db1_LINK","SV5_OPTIONAL_14","S11_01","16","16","55,359|56,359|57,359|58,359|59,359|60,359|61,359|62,359|63,359|64,359|65,359|66,359|67,359|68,359|69,359|70,359","1e6b72cdd899037faa6eca523eb247245b83a2238d7e72a8406e27f2fad5c603"
"SV5_LOOP_CAND_a50eca6c363bbd8d1749","11893666232047222157","a50eca6c363bbd8d1749b0fa5e3b69b77f96f1c69254552852bb534aac187f47","REJECTED","INELIGIBLE_HASH","False","SV5_INFILL_ROOM_04458846b0c9a081817d_LINK","SV5_INFILL_ROOM_41bfb11db98643b33449_LINK","SV5_OPTIONAL_07","S02_03","13","13","186,87|185,87|184,87|183,87|182,87|181,87|180,87|179,87|178,87|177,87|176,87|175,87|174,87","1e6b72cdd899037faa6eca523eb247245b83a2238d7e72a8406e27f2fad5c603"
"SV5_LOOP_CAND_a5314c750e0ff56483c7","11903379355747743076","a5314c750e0ff56483c76a3a6d1f16b69624a11eb4ec5e40715905ed5ce1d218","REJECTED","INELIGIBLE_HASH","False","SV5_INFILL_ROOM_0336ae99bc580abe01f7_LINK","SV5_INFILL_ROOM_0496c8692f6450167db1_LINK","SV5_OPTIONAL_14","S11_01","18","18","47,359|48,359|49,359|50,359|51,359|52,359|53,359|54,359|55,359|56,359|57,359|58,359|59,359|60,359|61,359|62,359|63,359|64,359","1e6b72cdd899037faa6eca523eb247245b83a2238d7e72a8406e27f2fad5c603"
"SV5_LOOP_CAND_a59251e204670f06d395","11930688394036186886","a59251e204670f06d395e4bde35fca08229af34127c2f00a003ac1fa75bf629a","REJECTED","INELIGIBLE_HASH","False","SV5_INFILL_ROOM_0097a6b558d6e61e58f5_LINK","SV5_INFILL_ROOM_33f41990cacb1dba9034_LINK","SV5_OPTIONAL_RETURN_TO_START","S09_07","24","24","372,322|373,322|373,321|374,321|374,320|375,320|375,319|376,319|376,318|377,318|377,317|378,317|378,316|379,316|379,315|380,315|380,314|381,314|381,313|382,313|382,312|383,312|383,311|384,311","1e6b72cdd899037faa6eca523eb247245b83a2238d7e72a8406e27f2fad5c603"
"SV5_LOOP_CAND_a59e9bc6c070b6ff7eef","11934147340512835327","a59e9bc6c070b6ff7eef10a1add5a8561179942a2622edd76c1c6b358a7b6814","REJECTED","DUPLICATE_ENDPOINT_PAIR","True","SV5_INFILL_ROOM_16de283f3026f06e031f_LINK","SV5_INFILL_ROOM_1ea3a9898e39ffe90dff_LINK","SV5_OPTIONAL_04","S03_11","6","6","558,107|557,107|556,107|555,107|554,107|553,107","1e6b72cdd899037faa6eca523eb247245b83a2238d7e72a8406e27f2fad5c603"
"SV5_LOOP_CAND_a7028705739623284709","12034329611771192104","a702870573962328470953f00b39e8a8ce0d5e299ef98d355dd1ca61b8d7c6ef","REJECTED","DUPLICATE_ENDPOINT_PAIR","True","SV5_INFILL_ROOM_0211dda6690845617294_LINK","SV5_INFILL_ROOM_03bff8d63e21cbc62be9_LINK","SV5_OPTIONAL_06","S01_04","20","20","206,54|207,54|207,53|208,53|209,53|210,53|211,53|212,53|212,52|213,52|214,52|215,52|216,52|217,52|217,51|218,51|219,51|220,51|221,51|222,51","1e6b72cdd899037faa6eca523eb247245b83a2238d7e72a8406e27f2fad5c603"
"SV5_LOOP_CAND_a75e34d90751697a7655","12060134958880090490","a75e34d90751697a765595e90668c95bf000f172026b17dfd68a3ab27086f0b6","REJECTED","INELIGIBLE_HASH","False","SV5_INFILL_ROOM_0274815fcd6818f05a6a_LINK","SV5_INFILL_ROOM_136a2d749c8d7eddcf7e_LINK","SV5_OPTIONAL_09","S04_02","24","24","112,151|113,151|113,150|114,150|115,150|116,150|117,150|117,149|118,149|119,149|120,149|121,149|122,149|122,148|123,148|124,148|125,148|126,148|127,148|127,147|128,147|129,147|130,147|131,147","1e6b72cdd899037faa6eca523eb247245b83a2238d7e72a8406e27f2fad5c603"
"SV5_LOOP_CAND_a7ce60e1d1094deaac44","12091708572527316458","a7ce60e1d1094deaac440b8fbd871b33e5e1f126919799d2b7afa08aff707b94","REJECTED","INELIGIBLE_HASH","False","SV5_INFILL_ROOM_0336ae99bc580abe01f7_LINK","SV5_INFILL_ROOM_0496c8692f6450167db1_LINK","SV5_OPTIONAL_14","S11_01","21","21","48,359|49,359|50,359|51,359|52,359|53,359|54,359|55,359|56,359|57,359|58,359|59,359|60,359|61,359|62,359|63,359|64,359|65,359|66,359|67,359|68,359","1e6b72cdd899037faa6eca523eb247245b83a2238d7e72a8406e27f2fad5c603"
"SV5_LOOP_CAND_a82fe0083aefa118e4a4","12119151448230437144","a82fe0083aefa118e4a45628f4c763efb9c54bb63bce4e3e674ce7466cfc5d89","REJECTED","INELIGIBLE_HASH","False","SV5_INFILL_ROOM_002b1fdb38d3b5d62912_LINK","SV5_INFILL_ROOM_04b3ee2d2f798b163c8e_LINK","SV5_OPTIONAL_04","S00_11","19","19","559,23|558,23|557,23|556,23|555,23|554,23|553,23|552,23|551,23|550,23|549,23|548,23|547,23|546,23|545,23|544,23|543,23|542,23|541,23","1e6b72cdd899037faa6eca523eb247245b83a2238d7e72a8406e27f2fad5c603"
"SV5_LOOP_CAND_a8582424d968d97cd536","12130485337007380860","a8582424d968d97cd53601170d158db4a8387820214fa1622b1b106b85d8c418","REJECTED","INELIGIBLE_HASH","False","SV5_INFILL_ROOM_0274815fcd6818f05a6a_LINK","SV5_INFILL_ROOM_136a2d749c8d7eddcf7e_LINK","SV5_OPTIONAL_09","S04_02","21","21","115,151|116,151|116,150|117,150|118,150|119,150|120,150|120,149|121,149|122,149|123,149|124,149|124,148|125,148|126,148|127,148|128,148|128,147|129,147|130,147|131,147","1e6b72cdd899037faa6eca523eb247245b83a2238d7e72a8406e27f2fad5c603"
"SV5_LOOP_CAND_a9992340cdf4ba150432","12220837825086798357","a9992340cdf4ba150432c936fe9ddf8a647b86552a263566bae13ced8f7625b0","REJECTED","INELIGIBLE_HASH","False","SV5_INFILL_ROOM_07fb3ac254e765673737_LINK","SV5_INFILL_ROOM_0f5736599d7acc3ea0a8_LINK","SV5_OPTIONAL_04","S03_11","24","24","573,127|572,127|572,126|571,126|570,126|569,126|568,126|568,125|567,125|566,125|565,125|564,125|563,125|563,124|562,124|561,124|560,124|559,124|558,124|558,123|557,123|556,123|555,123|554,123","1e6b72cdd899037faa6eca523eb247245b83a2238d7e72a8406e27f2fad5c603"
"SV5_LOOP_CAND_aa4121e2ff446081e46b","12268124118762938497","aa4121e2ff446081e46b97b1dbf909fb94a87d7d8ffab7aac7c86f0307eebf64","REJECTED","INELIGIBLE_HASH","False","SV5_INFILL_ROOM_0336ae99bc580abe01f7_LINK","SV5_INFILL_ROOM_0496c8692f6450167db1_LINK","SV5_OPTIONAL_14","S11_01","14","14","49,359|50,359|51,359|52,359|53,359|54,359|55,359|56,359|57,359|58,359|59,359|60,359|61,359|62,359","1e6b72cdd899037faa6eca523eb247245b83a2238d7e72a8406e27f2fad5c603"
"SV5_LOOP_CAND_aa9f2b98866187165e10","12294593441834305302","aa9f2b98866187165e1091dc7aa973cc8872f975a4a3da1ffb4d37f435cb9611","REJECTED","DUPLICATE_ENDPOINT_PAIR","True","SV5_INFILL_ROOM_005a04bda9ede05b1190_LINK","SV5_INFILL_ROOM_1c4c6b34887f12eefac3_LINK","SV5_OPTIONAL_09","S04_02","23","23","123,131|124,131|125,131|126,131|127,131|127,132|128,132|129,132|130,132|131,132|131,133|132,133|133,133|134,133|135,133|136,133|136,134|137,134|138,134|139,134|140,134|140,135|141,135","1e6b72cdd899037faa6eca523eb247245b83a2238d7e72a8406e27f2fad5c603"
"SV5_LOOP_CAND_aae7db2906369f920d0a","12315052675312295826","aae7db2906369f920d0afa597e7d6225e182444fdf137a101e146c353cffa006","REJECTED","DUPLICATE_ENDPOINT_PAIR","True","SV5_INFILL_ROOM_07fb3ac254e765673737_LINK","SV5_INFILL_ROOM_0f5736599d7acc3ea0a8_LINK","SV5_OPTIONAL_04","S03_11","17","17","566,127|565,127|565,126|564,126|563,126|562,126|562,125|561,125|560,125|559,125|559,124|558,124|557,124|556,124|556,123|555,123|554,123","1e6b72cdd899037faa6eca523eb247245b83a2238d7e72a8406e27f2fad5c603"
"SV5_LOOP_CAND_ac4040c48fed565b6739","12411991786005550683","ac4040c48fed565b67392bc1f5a7e4e336229a174cd5df433d11d3a83c56b29f","REJECTED","INELIGIBLE_HASH","False","SV5_INFILL_ROOM_0336ae99bc580abe01f7_LINK","SV5_INFILL_ROOM_0496c8692f6450167db1_LINK","SV5_OPTIONAL_14","S11_01","11","11","53,359|54,359|55,359|56,359|57,359|58,359|59,359|60,359|61,359|62,359|63,359","1e6b72cdd899037faa6eca523eb247245b83a2238d7e72a8406e27f2fad5c603"
"SV5_LOOP_CAND_acb1bed1b71c00b70cab","12443937053330899127","acb1bed1b71c00b70cabd5bc6c969279a5c871d4e8e885671d5b02f55faa06b0","REJECTED","DUPLICATE_ENDPOINT_PAIR","True","SV5_INFILL_ROOM_0336ae99bc580abe01f7_LINK","SV5_INFILL_ROOM_0496c8692f6450167db1_LINK","SV5_OPTIONAL_14","S11_01","19","19","51,359|52,359|53,359|54,359|55,359|56,359|57,359|58,359|59,359|60,359|61,359|62,359|63,359|64,359|65,359|66,359|67,359|68,359|69,359","1e6b72cdd899037faa6eca523eb247245b83a2238d7e72a8406e27f2fad5c603"
"SV5_LOOP_CAND_acf94005d7fcf3dc2831","12464063837567251420","acf94005d7fcf3dc283184929d50f9d346d308fbfd8ee31f168912475d94e2f7","REJECTED","DUPLICATE_ENDPOINT_PAIR","True","SV5_INFILL_ROOM_0336ae99bc580abe01f7_LINK","SV5_INFILL_ROOM_0496c8692f6450167db1_LINK","SV5_OPTIONAL_14","S11_01","17","17","46,359|47,359|48,359|49,359|50,359|51,359|52,359|53,359|54,359|55,359|56,359|57,359|58,359|59,359|60,359|61,359|62,359","1e6b72cdd899037faa6eca523eb247245b83a2238d7e72a8406e27f2fad5c603"
"SV5_LOOP_CAND_ad0de93fc32b2f687e51","12469879403325370216","ad0de93fc32b2f687e51af022cb3a4266af5ff5905f57b2ebcca1e5ee2963b28","REJECTED","DUPLICATE_ENDPOINT_PAIR","True","SV5_INFILL_ROOM_0336ae99bc580abe01f7_LINK","SV5_INFILL_ROOM_0496c8692f6450167db1_LINK","SV5_OPTIONAL_14","S11_01","19","19","46,359|47,359|48,359|49,359|50,359|51,359|52,359|53,359|54,359|55,359|56,359|57,359|58,359|59,359|60,359|61,359|62,359|63,359|64,359","1e6b72cdd899037faa6eca523eb247245b83a2238d7e72a8406e27f2fad5c603"
"SV5_LOOP_CAND_ad126bc2fb1dbec04914","12471148803323182784","ad126bc2fb1dbec0491439184e64e1c46dcb6c213ce67c8b403f3efd053d7900","REJECTED","INELIGIBLE_HASH","False","SV5_INFILL_ROOM_07fb3ac254e765673737_LINK","SV5_INFILL_ROOM_0f5736599d7acc3ea0a8_LINK","SV5_OPTIONAL_04","S03_11","19","19","568,127|567,127|567,126|566,126|565,126|564,126|564,125|563,125|562,125|561,125|560,125|560,124|559,124|558,124|557,124|557,123|556,123|555,123|554,123","1e6b72cdd899037faa6eca523eb247245b83a2238d7e72a8406e27f2fad5c603"
"SV5_LOOP_CAND_ad834cb046b3ffc71092","12502921310494785479","ad834cb046b3ffc710920cfd9c9304333d6aaf793a1fe3c007bc73ec19a3f88a","REJECTED","INELIGIBLE_HASH","False","SV5_INFILL_ROOM_07fb3ac254e765673737_LINK","SV5_INFILL_ROOM_0f5736599d7acc3ea0a8_LINK","SV5_OPTIONAL_04","S03_11","21","21","569,127|568,127|568,126|567,126|566,126|565,126|564,126|564,125|563,125|562,125|561,125|560,125|560,124|559,124|558,124|557,124|556,124|556,123|555,123|554,123|553,123","1e6b72cdd899037faa6eca523eb247245b83a2238d7e72a8406e27f2fad5c603"
"SV5_LOOP_CAND_adfb43972cd5134950b3","12536688304287191881","adfb43972cd5134950b3b211b0acbf99f53df013705259133d2b30386fee1bf6","REJECTED","INELIGIBLE_HASH","False","SV5_INFILL_ROOM_0274815fcd6818f05a6a_LINK","SV5_INFILL_ROOM_136a2d749c8d7eddcf7e_LINK","SV5_OPTIONAL_09","S04_02","24","24","111,151|112,151|112,150|113,150|114,150|115,150|116,150|116,149|117,149|118,149|119,149|120,149|121,149|121,148|122,148|123,148|124,148|125,148|126,148|126,147|127,147|128,147|129,147|130,147","1e6b72cdd899037faa6eca523eb247245b83a2238d7e72a8406e27f2fad5c603"
"SV5_LOOP_CAND_ae2b313e23a9e303631d","12550178929554088707","ae2b313e23a9e303631d3cd4f6183ff55fb4db5395f02b2b656d36fe4f43034d","REJECTED","DUPLICATE_ENDPOINT_PAIR","True","SV5_INFILL_ROOM_0274815fcd6818f05a6a_LINK","SV5_INFILL_ROOM_136a2d749c8d7eddcf7e_LINK","SV5_OPTIONAL_09","S04_02","20","20","116,151|117,151|117,150|118,150|119,150|120,150|120,149|121,149|122,149|123,149|124,149|124,148|125,148|126,148|127,148|128,148|128,147|129,147|130,147|131,147","1e6b72cdd899037faa6eca523eb247245b83a2238d7e72a8406e27f2fad5c603"
"SV5_LOOP_CAND_afd38b640c81bfbbca35","12669623438546157499","afd38b640c81bfbbca3544bc0c76023862006b4cae7a9a82952ac285103e859f","REJECTED","INELIGIBLE_HASH","False","SV5_INFILL_ROOM_0336ae99bc580abe01f7_LINK","SV5_INFILL_ROOM_0496c8692f6450167db1_LINK","SV5_OPTIONAL_14","S11_01","15","15","50,359|51,359|52,359|53,359|54,359|55,359|56,359|57,359|58,359|59,359|60,359|61,359|62,359|63,359|64,359","1e6b72cdd899037faa6eca523eb247245b83a2238d7e72a8406e27f2fad5c603"
"SV5_LOOP_CAND_b03c13b894b721bbc721","12699046732767895995","b03c13b894b721bbc721f8ecc6b4f0fade9133b0ee4d58aa89869c5f866d4cfe","REJECTED","INELIGIBLE_HASH","False","SV5_INFILL_ROOM_0336ae99bc580abe01f7_LINK","SV5_INFILL_ROOM_0496c8692f6450167db1_LINK","SV5_OPTIONAL_14","S11_01","21","21","44,359|45,359|46,359|47,359|48,359|49,359|50,359|51,359|52,359|53,359|54,359|55,359|56,359|57,359|58,359|59,359|60,359|61,359|62,359|63,359|64,359","1e6b72cdd899037faa6eca523eb247245b83a2238d7e72a8406e27f2fad5c603"
"SV5_LOOP_CAND_b11617f6c373f92e0c57","12760412942809430318","b11617f6c373f92e0c575e0972d1af18758e209800bb20a0d51df1de117da8be","REJECTED","DUPLICATE_ENDPOINT_PAIR","True","SV5_INFILL_ROOM_04458846b0c9a081817d_LINK","SV5_INFILL_ROOM_41bfb11db98643b33449_LINK","SV5_OPTIONAL_07","S02_03","11","11","183,87|182,87|181,87|180,87|179,87|178,87|177,87|176,87|175,87|174,87|173,87","1e6b72cdd899037faa6eca523eb247245b83a2238d7e72a8406e27f2fad5c603"
"SV5_LOOP_CAND_b147a1d0b40487e7d3b8","12774356785805166567","b147a1d0b40487e7d3b8338b1e62832c7a9d0390c80093860d41d9aa77eb4efd","REJECTED","INELIGIBLE_HASH","False","SV5_INFILL_ROOM_005a04bda9ede05b1190_LINK","SV5_INFILL_ROOM_1c4c6b34887f12eefac3_LINK","SV5_OPTIONAL_09","S04_02","15","15","126,131|127,131|128,131|128,132|129,132|130,132|130,133|131,133|132,133|133,133|133,134|134,134|135,134|135,135|136,135","1e6b72cdd899037faa6eca523eb247245b83a2238d7e72a8406e27f2fad5c603"
"SV5_LOOP_CAND_b1a38e0e906e6a27a177","12800230759120923175","b1a38e0e906e6a27a1778541a5e9e9bdd95db5f2e92477cd5cd2982fec044f48","REJECTED","INELIGIBLE_HASH","False","SV5_INFILL_ROOM_0211dda6690845617294_LINK","SV5_INFILL_ROOM_03bff8d63e21cbc62be9_LINK","SV5_OPTIONAL_06","S01_04","23","23","204,54|205,54|205,53|206,53|207,53|208,53|209,53|210,53|211,53|211,52|212,52|213,52|214,52|215,52|216,52|217,52|217,51|218,51|219,51|220,51|221,51|222,51|223,51","1e6b72cdd899037faa6eca523eb247245b83a2238d7e72a8406e27f2fad5c603"
"SV5_LOOP_CAND_b1de8cd545712308fcfb","12816836437163975432","b1de8cd545712308fcfb84328aae23ba13080c7e86fd22f7226b0e1ca2ecfa8e","REJECTED","INELIGIBLE_HASH","False","SV5_INFILL_ROOM_16de283f3026f06e031f_LINK","SV5_INFILL_ROOM_1ea3a9898e39ffe90dff_LINK","SV5_OPTIONAL_04","S03_11","7","7","558,107|557,107|556,107|555,107|554,107|553,107|552,107","1e6b72cdd899037faa6eca523eb247245b83a2238d7e72a8406e27f2fad5c603"
"SV5_LOOP_CAND_b205d28406abe77e7198","12827890578124171134","b205d28406abe77e7198241e9d2a3df160452263b9552b3bf3ca88528e394ea4","REJECTED","INELIGIBLE_HASH","False","SV5_INFILL_ROOM_005a04bda9ede05b1190_LINK","SV5_INFILL_ROOM_1c4c6b34887f12eefac3_LINK","SV5_OPTIONAL_09","S04_02","22","22","124,131|125,131|126,131|127,131|128,131|128,132|129,132|130,132|131,132|132,132|132,133|133,133|134,133|135,133|136,133|136,134|137,134|138,134|139,134|140,134|140,135|141,135","1e6b72cdd899037faa6eca523eb247245b83a2238d7e72a8406e27f2fad5c603"
"SV5_LOOP_CAND_b318cebdf712f926fd03","12905292047519512870","b318cebdf712f926fd03d4e0f5a40809d09d3650bc38bc515bcbf6b9ef9ce06f","REJECTED","INELIGIBLE_HASH","False","SV5_INFILL_ROOM_0274815fcd6818f05a6a_LINK","SV5_INFILL_ROOM_136a2d749c8d7eddcf7e_LINK","SV5_OPTIONAL_09","S04_02","10","10","125,151|126,151|126,150|127,150|127,149|128,149|128,148|129,148|129,147|130,147","1e6b72cdd899037faa6eca523eb247245b83a2238d7e72a8406e27f2fad5c603"
"SV5_LOOP_CAND_b47512ca0963ba6ec975","13003320158052399726","b47512ca0963ba6ec9757699ddbb7f94c5ce28288e6c1d5fd9dfc9396ba48ee4","REJECTED","DUPLICATE_ENDPOINT_PAIR","True","SV5_INFILL_ROOM_0336ae99bc580abe01f7_LINK","SV5_INFILL_ROOM_0496c8692f6450167db1_LINK","SV5_OPTIONAL_14","S11_01","19","19","55,359|56,359|57,359|58,359|59,359|60,359|61,359|62,359|63,359|64,359|65,359|66,359|67,359|68,359|69,359|70,359|71,359|72,359|73,359","1e6b72cdd899037faa6eca523eb247245b83a2238d7e72a8406e27f2fad5c603"
"SV5_LOOP_CAND_b4c9c9487612ce77f9da","13027164710201642615","b4c9c9487612ce77f9dad3497326c387287a42c1f7e645f721f2ed445dd1b6e7","REJECTED","DUPLICATE_ENDPOINT_PAIR","True","SV5_INFILL_ROOM_0336ae99bc580abe01f7_LINK","SV5_INFILL_ROOM_0496c8692f6450167db1_LINK","SV5_OPTIONAL_14","S11_01","23","23","54,359|55,359|56,359|57,359|58,359|59,359|60,359|61,359|62,359|63,359|64,359|65,359|66,359|67,359|68,359|69,359|70,359|71,359|72,359|73,359|74,359|75,359|76,359","1e6b72cdd899037faa6eca523eb247245b83a2238d7e72a8406e27f2fad5c603"
"SV5_LOOP_CAND_b56d30b4e7052962c9ab","13073158846854539618","b56d30b4e7052962c9ab71d6b2ba428bc9cbefd44d8a92ec55058ea29bfce1d8","REJECTED","DUPLICATE_ENDPOINT_PAIR","True","SV5_INFILL_ROOM_16de283f3026f06e031f_LINK","SV5_INFILL_ROOM_1ea3a9898e39ffe90dff_LINK","SV5_OPTIONAL_04","S03_11","20","20","570,110|569,110|569,109|568,109|567,109|566,109|565,109|564,109|564,108|563,108|562,108|561,108|560,108|559,108|559,107|558,107|557,107|556,107|555,107|554,107","1e6b72cdd899037faa6eca523eb247245b83a2238d7e72a8406e27f2fad5c603"
"SV5_LOOP_CAND_b675de66820f96812203","13147659219028121217","b675de66820f96812203c08748520ab42fc022896e7eded467e59686aceaf33d","REJECTED","DUPLICATE_ENDPOINT_PAIR","True","SV5_INFILL_ROOM_0336ae99bc580abe01f7_LINK","SV5_INFILL_ROOM_0496c8692f6450167db1_LINK","SV5_OPTIONAL_14","S11_01","19","19","56,359|57,359|58,359|59,359|60,359|61,359|62,359|63,359|64,359|65,359|66,359|67,359|68,359|69,359|70,359|71,359|72,359|73,359|74,359","1e6b72cdd899037faa6eca523eb247245b83a2238d7e72a8406e27f2fad5c603"
"SV5_LOOP_CAND_b6800b9d05ec9088f753","13150523680959008904","b6800b9d05ec9088f753fa41facaf597c95a49199157e9b4e8fe7569af12810a","REJECTED","DUPLICATE_ENDPOINT_PAIR","True","SV5_INFILL_ROOM_002b1fdb38d3b5d62912_LINK","SV5_INFILL_ROOM_04b3ee2d2f798b163c8e_LINK","SV5_OPTIONAL_04","S00_11","14","14","558,23|557,23|556,23|555,23|554,23|553,23|552,23|551,23|550,23|549,23|548,23|547,23|546,23|545,23","1e6b72cdd899037faa6eca523eb247245b83a2238d7e72a8406e27f2fad5c603"
"SV5_LOOP_CAND_b6e0185c3d8c5311bf23","13177559294134735633","b6e0185c3d8c5311bf238d5d031cde41d9274bc241efd921e6c92df9bcb59598","REJECTED","INELIGIBLE_HASH","False","SV5_INFILL_ROOM_0336ae99bc580abe01f7_LINK","SV5_INFILL_ROOM_0496c8692f6450167db1_LINK","SV5_OPTIONAL_14","S11_01","23","23","57,359|58,359|59,359|60,359|61,359|62,359|63,359|64,359|65,359|66,359|67,359|68,359|69,359|70,359|71,359|72,359|73,359|74,359|75,359|76,359|77,359|78,359|79,359","1e6b72cdd899037faa6eca523eb247245b83a2238d7e72a8406e27f2fad5c603"
"SV5_LOOP_CAND_b7189d4ea8caf621a555","13193468069546751521","b7189d4ea8caf621a55511ca418cc108388924ed82188f738b0a7eaabe68ae5f","REJECTED","DUPLICATE_ENDPOINT_PAIR","True","SV5_INFILL_ROOM_005a04bda9ede05b1190_LINK","SV5_INFILL_ROOM_1c4c6b34887f12eefac3_LINK","SV5_OPTIONAL_09","S04_02","23","23","126,131|127,131|128,131|129,131|130,131|130,132|131,132|132,132|133,132|134,132|134,133|135,133|136,133|137,133|138,133|139,133|139,134|140,134|141,134|142,134|143,134|143,135|144,135","1e6b72cdd899037faa6eca523eb247245b83a2238d7e72a8406e27f2fad5c603"
"SV5_LOOP_CAND_b81455ac5699da62cbd5","13264321001188612706","b81455ac5699da62cbd5f6df99fdf7d2f1ba30b4ce93b88f8763e19ba9bdc4fd","REJECTED","DUPLICATE_ENDPOINT_PAIR","True","SV5_INFILL_ROOM_005a04bda9ede05b1190_LINK","SV5_INFILL_ROOM_1c4c6b34887f12eefac3_LINK","SV5_OPTIONAL_09","S04_02","22","22","125,131|126,131|127,131|128,131|129,131|129,132|130,132|131,132|132,132|133,132|133,133|134,133|135,133|136,133|137,133|137,134|138,134|139,134|140,134|141,134|141,135|142,135","1e6b72cdd899037faa6eca523eb247245b83a2238d7e72a8406e27f2fad5c603"
"SV5_LOOP_CAND_bad38959d8abad75a5cb","13462254730120768885","bad38959d8abad75a5cb2af4236c30948906c29e38c32ea7fd9711eb9380504e","REJECTED","INELIGIBLE_HASH","False","SV5_INFILL_ROOM_0211dda6690845617294_LINK","SV5_INFILL_ROOM_03bff8d63e21cbc62be9_LINK","SV5_OPTIONAL_06","S01_04","21","21","205,54|206,54|206,53|207,53|208,53|209,53|210,53|211,53|211,52|212,52|213,52|214,52|215,52|216,52|217,52|217,51|218,51|219,51|220,51|221,51|222,51","1e6b72cdd899037faa6eca523eb247245b83a2238d7e72a8406e27f2fad5c603"
"SV5_LOOP_CAND_baf6bad92e540331aee8","13472160777273344817","baf6bad92e540331aee8f18867e688c070c3b90660ab6b1dde067dcdfb7d3c34","REJECTED","DUPLICATE_ENDPOINT_PAIR","True","SV5_INFILL_ROOM_07fb3ac254e765673737_LINK","SV5_INFILL_ROOM_0f5736599d7acc3ea0a8_LINK","SV5_OPTIONAL_04","S03_11","21","21","568,127|567,127|567,126|566,126|565,126|564,126|563,126|563,125|562,125|561,125|560,125|559,125|559,124|558,124|557,124|556,124|555,124|555,123|554,123|553,123|552,123","1e6b72cdd899037faa6eca523eb247245b83a2238d7e72a8406e27f2fad5c603"
"SV5_LOOP_CAND_bbeceaa8a8bd99a04197","13541456189702642080","bbeceaa8a8bd99a041974d146c2f49bc1ac7c8cda260c288307abedacf282ed6","REJECTED","INELIGIBLE_HASH","False","SV5_INFILL_ROOM_0009256b2ee54633b586_LINK","SV5_INFILL_ROOM_0093829c5033366c54f2_LINK","SV5_OPTIONAL_14","S10_01","16","16","66,338|65,338|65,337|64,337|64,336|63,336|63,335|62,335|62,334|61,334|61,333|60,333|60,332|59,332|59,331|58,331","1e6b72cdd899037faa6eca523eb247245b83a2238d7e72a8406e27f2fad5c603"
"SV5_LOOP_CAND_bc6b939cb4e099719665","13577107802897291633","bc6b939cb4e0997196653cf7db3cff29037d685c3169fc8d130e04176c2daae1","REJECTED","INELIGIBLE_HASH","False","SV5_INFILL_ROOM_0336ae99bc580abe01f7_LINK","SV5_INFILL_ROOM_0496c8692f6450167db1_LINK","SV5_OPTIONAL_14","S11_01","15","15","58,359|59,359|60,359|61,359|62,359|63,359|64,359|65,359|66,359|67,359|68,359|69,359|70,359|71,359|72,359","1e6b72cdd899037faa6eca523eb247245b83a2238d7e72a8406e27f2fad5c603"
"SV5_LOOP_CAND_bca76cde70fed469102c","13593953702875419753","bca76cde70fed469102ca761155999c9e8512d897bba62004eedb7bd254c1adf","REJECTED","INELIGIBLE_HASH","False","SV5_INFILL_ROOM_0336ae99bc580abe01f7_LINK","SV5_INFILL_ROOM_0496c8692f6450167db1_LINK","SV5_OPTIONAL_14","S11_01","22","22","54,359|55,359|56,359|57,359|58,359|59,359|60,359|61,359|62,359|63,359|64,359|65,359|66,359|67,359|68,359|69,359|70,359|71,359|72,359|73,359|74,359|75,359","1e6b72cdd899037faa6eca523eb247245b83a2238d7e72a8406e27f2fad5c603"
"SV5_LOOP_CAND_bd03ee6b9a8df61f7537","13619991844020418079","bd03ee6b9a8df61f7537e59ea8eb962ac3257b0136442e1ed39761885e9c3274","REJECTED","INELIGIBLE_HASH","False","SV5_INFILL_ROOM_0336ae99bc580abe01f7_LINK","SV5_INFILL_ROOM_0496c8692f6450167db1_LINK","SV5_OPTIONAL_14","S11_01","19","19","48,359|49,359|50,359|51,359|52,359|53,359|54,359|55,359|56,359|57,359|58,359|59,359|60,359|61,359|62,359|63,359|64,359|65,359|66,359","1e6b72cdd899037faa6eca523eb247245b83a2238d7e72a8406e27f2fad5c603"
"SV5_LOOP_CAND_bd09d73c97c2853c73db","13621655203202893116","bd09d73c97c2853c73db6c431a301dcabfdc4df0eb6eed702656f19db7363b89","REJECTED","DUPLICATE_ENDPOINT_PAIR","True","SV5_INFILL_ROOM_04458846b0c9a081817d_LINK","SV5_INFILL_ROOM_41bfb11db98643b33449_LINK","SV5_OPTIONAL_07","S02_03","15","15","187,87|186,87|185,87|184,87|183,87|182,87|181,87|180,87|179,87|178,87|177,87|176,87|175,87|174,87|173,87","1e6b72cdd899037faa6eca523eb247245b83a2238d7e72a8406e27f2fad5c603"
"SV5_LOOP_CAND_bd92ac0223b007d4b3c3","13660169744956786644","bd92ac0223b007d4b3c3097fc74452639fceba240eef9782e47a34f36f4129da","REJECTED","INELIGIBLE_HASH","False","SV5_INFILL_ROOM_002b1fdb38d3b5d62912_LINK","SV5_INFILL_ROOM_04b3ee2d2f798b163c8e_LINK","SV5_OPTIONAL_04","S00_11","18","18","558,23|557,23|556,23|555,23|554,23|553,23|552,23|551,23|550,23|549,23|548,23|547,23|546,23|545,23|544,23|543,23|542,23|541,23","1e6b72cdd899037faa6eca523eb247245b83a2238d7e72a8406e27f2fad5c603"
"SV5_LOOP_CAND_bdc0db3c30879f2c7899","13673169520255541036","bdc0db3c30879f2c7899533d2994a36ea68fd264a06db6f371a15ce168bed85f","REJECTED","INELIGIBLE_HASH","False","SV5_INFILL_ROOM_0336ae99bc580abe01f7_LINK","SV5_INFILL_ROOM_0496c8692f6450167db1_LINK","SV5_OPTIONAL_14","S11_01","14","14","56,359|57,359|58,359|59,359|60,359|61,359|62,359|63,359|64,359|65,359|66,359|67,359|68,359|69,359","1e6b72cdd899037faa6eca523eb247245b83a2238d7e72a8406e27f2fad5c603"
"SV5_LOOP_CAND_bde2aaf4b08ace20f20c","13682686585815617056","bde2aaf4b08ace20f20ccc8d29f3d2d510390ade8f3f7227f956a4606553bb5a","REJECTED","INELIGIBLE_HASH","False","SV5_INFILL_ROOM_0274815fcd6818f05a6a_LINK","SV5_INFILL_ROOM_136a2d749c8d7eddcf7e_LINK","SV5_OPTIONAL_09","S04_02","16","16","120,151|121,151|121,150|122,150|123,150|123,149|124,149|125,149|126,149|126,148|127,148|128,148|129,148|129,147|130,147|131,147","1e6b72cdd899037faa6eca523eb247245b83a2238d7e72a8406e27f2fad5c603"
"SV5_LOOP_CAND_beea0149706fffd54718","13756809426687229909","beea0149706fffd5471845418faebbc8d8f3e4484aa1e1a38a8485a8e5ca7417","REJECTED","DUPLICATE_ENDPOINT_PAIR","True","SV5_INFILL_ROOM_0336ae99bc580abe01f7_LINK","SV5_INFILL_ROOM_0496c8692f6450167db1_LINK","SV5_OPTIONAL_14","S11_01","17","17","50,359|51,359|52,359|53,359|54,359|55,359|56,359|57,359|58,359|59,359|60,359|61,359|62,359|63,359|64,359|65,359|66,359","1e6b72cdd899037faa6eca523eb247245b83a2238d7e72a8406e27f2fad5c603"
"SV5_LOOP_CAND_bf8dd0f690083c1b20e7","13802918190357429275","bf8dd0f690083c1b20e7d6ce945381595fc00e9c720d0fffef5e358b85f3b103","REJECTED","INELIGIBLE_HASH","False","SV5_INFILL_ROOM_04458846b0c9a081817d_LINK","SV5_INFILL_ROOM_41bfb11db98643b33449_LINK","SV5_OPTIONAL_07","S02_03","7","7","178,87|177,87|176,87|175,87|174,87|173,87|172,87","1e6b72cdd899037faa6eca523eb247245b83a2238d7e72a8406e27f2fad5c603"
"SV5_LOOP_CAND_bfe5efe6c58f8898d212","13827722005347010712","bfe5efe6c58f8898d212bc2f9d6e1c4902058be99f1c87279f4f226de07f43f0","ACCEPTED","PASS","True","SV5_INFILL_ROOM_00d2455ea8bdf900b553_LINK","SV5_INFILL_ROOM_04258432ab0f33139931_LINK","SV5_OPTIONAL_12","S11_05","16","16","250,362|249,362|249,361|248,361|248,360|247,360|247,359|246,359|246,358|245,358|245,357|244,357|244,356|243,356|243,355|242,355","1e6b72cdd899037faa6eca523eb247245b83a2238d7e72a8406e27f2fad5c603"
"SV5_LOOP_CAND_c0214c9ea337b169cbdc","13844430973740495209","c0214c9ea337b169cbdc30ec7d45f9ea42948697b4227ae27f2526bc0bc4eeea","REJECTED","DUPLICATE_ENDPOINT_PAIR","True","SV5_INFILL_ROOM_0336ae99bc580abe01f7_LINK","SV5_INFILL_ROOM_0496c8692f6450167db1_LINK","SV5_OPTIONAL_14","S11_01","13","13","50,359|51,359|52,359|53,359|54,359|55,359|56,359|57,359|58,359|59,359|60,359|61,359|62,359","1e6b72cdd899037faa6eca523eb247245b83a2238d7e72a8406e27f2fad5c603"
"SV5_LOOP_CAND_c0a195eb36a3c466eb0e","13880540363999134822","c0a195eb36a3c466eb0e80913a6d2707c114f017ab0f79aa609ee3f021c2812f","REJECTED","DUPLICATE_ENDPOINT_PAIR","True","SV5_INFILL_ROOM_07fb3ac254e765673737_LINK","SV5_INFILL_ROOM_0f5736599d7acc3ea0a8_LINK","SV5_OPTIONAL_04","S03_11","12","12","561,127|560,127|560,126|559,126|559,125|558,125|557,125|557,124|556,124|555,124|555,123|554,123","1e6b72cdd899037faa6eca523eb247245b83a2238d7e72a8406e27f2fad5c603"
"SV5_LOOP_CAND_c101cd42c79394e01dbc","13907622810996675808","c101cd42c79394e01dbc42bc839463b33be8bd49422fb60cf3e6fbaccce5d6a7","REJECTED","DUPLICATE_ENDPOINT_PAIR","True","SV5_INFILL_ROOM_0336ae99bc580abe01f7_LINK","SV5_INFILL_ROOM_0496c8692f6450167db1_LINK","SV5_OPTIONAL_14","S11_01","18","18","56,359|57,359|58,359|59,359|60,359|61,359|62,359|63,359|64,359|65,359|66,359|67,359|68,359|69,359|70,359|71,359|72,359|73,359","1e6b72cdd899037faa6eca523eb247245b83a2238d7e72a8406e27f2fad5c603"
"SV5_LOOP_CAND_c13d11ec2a90eee0b0f0","13924305328923537120","c13d11ec2a90eee0b0f09a449fa60504907e45e66694fe85a8c9955015fda75c","ACCEPTED","PASS","True","SV5_INFILL_ROOM_0009256b2ee54633b586_LINK","SV5_INFILL_ROOM_0093829c5033366c54f2_LINK","SV5_OPTIONAL_14","S10_01","17","17","67,338|66,338|66,337|65,337|65,336|64,336|64,335|63,335|63,334|62,334|61,334|61,333|60,333|60,332|59,332|59,331|58,331","1e6b72cdd899037faa6eca523eb247245b83a2238d7e72a8406e27f2fad5c603"
"SV5_LOOP_CAND_c1eacdc821d4155352b1","13973207053315085651","c1eacdc821d4155352b1d3e38a5df9521505d5d3454a496c6d84753351c3e009","REJECTED","INELIGIBLE_HASH","False","SV5_INFILL_ROOM_0336ae99bc580abe01f7_LINK","SV5_INFILL_ROOM_0496c8692f6450167db1_LINK","SV5_OPTIONAL_14","S11_01","11","11","57,359|58,359|59,359|60,359|61,359|62,359|63,359|64,359|65,359|66,359|67,359","1e6b72cdd899037faa6eca523eb247245b83a2238d7e72a8406e27f2fad5c603"
"SV5_LOOP_CAND_c225415233ff6a2c9bb2","13989659638811814444","c225415233ff6a2c9bb2f47a218b45f68b1005d5f1a89676460d38686f469aae","REJECTED","INELIGIBLE_HASH","False","SV5_INFILL_ROOM_07fb3ac254e765673737_LINK","SV5_INFILL_ROOM_0f5736599d7acc3ea0a8_LINK","SV5_OPTIONAL_04","S03_11","24","24","572,127|571,127|571,126|570,126|569,126|568,126|567,126|567,125|566,125|565,125|564,125|563,125|562,125|562,124|561,124|560,124|559,124|558,124|557,124|557,123|556,123|555,123|554,123|553,123","1e6b72cdd899037faa6eca523eb247245b83a2238d7e72a8406e27f2fad5c603"
"SV5_LOOP_CAND_c26179e247e5a836f7be","14006610328874756150","c26179e247e5a836f7beae97abade5bd1605843900d0669a142c446b5c06c0ec","REJECTED","INELIGIBLE_HASH","False","SV5_INFILL_ROOM_04458846b0c9a081817d_LINK","SV5_INFILL_ROOM_41bfb11db98643b33449_LINK","SV5_OPTIONAL_07","S02_03","7","7","179,87|178,87|177,87|176,87|175,87|174,87|173,87","1e6b72cdd899037faa6eca523eb247245b83a2238d7e72a8406e27f2fad5c603"
"SV5_LOOP_CAND_c327064cb44a2c4b1133","14062215287999704139","c327064cb44a2c4b1133ab49fbf338180e8bee8269366171833d0326a5b0bb6b","REJECTED","INELIGIBLE_HASH","False","SV5_INFILL_ROOM_046863d4c69cd86e081e_LINK","SV5_INFILL_ROOM_050904725fdcd82ff28e_LINK","SV5_OPTIONAL_04","S02_11","24","24","539,75|540,75|540,74|541,74|542,74|543,74|544,74|544,73|545,73|546,73|547,73|548,73|549,73|549,72|550,72|551,72|552,72|553,72|554,72|554,71|555,71|556,71|557,71|558,71","1e6b72cdd899037faa6eca523eb247245b83a2238d7e72a8406e27f2fad5c603"
"SV5_LOOP_CAND_c37e6e82786b627f6af9","14086818191106597503","c37e6e82786b627f6af93fbce77ddefe6124fb1d56d8ed42fd7e2fb6157dde0f","REJECTED","DUPLICATE_ENDPOINT_PAIR","True","SV5_INFILL_ROOM_07fb3ac254e765673737_LINK","SV5_INFILL_ROOM_0f5736599d7acc3ea0a8_LINK","SV5_OPTIONAL_04","S03_11","23","23","570,127|569,127|569,126|568,126|567,126|566,126|565,126|565,125|564,125|563,125|562,125|561,125|560,125|560,124|559,124|558,124|557,124|556,124|556,123|555,123|554,123|553,123|552,123","1e6b72cdd899037faa6eca523eb247245b83a2238d7e72a8406e27f2fad5c603"
"SV5_LOOP_CAND_c51569c73beb3a53185a","14201373304407407187","c51569c73beb3a53185ac6dd07200ea2e33dba00d711775e0f56dc4ffa748897","REJECTED","INELIGIBLE_HASH","False","SV5_INFILL_ROOM_0336ae99bc580abe01f7_LINK","SV5_INFILL_ROOM_0496c8692f6450167db1_LINK","SV5_OPTIONAL_14","S11_01","21","21","47,359|48,359|49,359|50,359|51,359|52,359|53,359|54,359|55,359|56,359|57,359|58,359|59,359|60,359|61,359|62,359|63,359|64,359|65,359|66,359|67,359","1e6b72cdd899037faa6eca523eb247245b83a2238d7e72a8406e27f2fad5c603"
"SV5_LOOP_CAND_c5d62038d626e7e2fa1e","14255617098971015138","c5d62038d626e7e2fa1edff90222ef321a7709047caf45ed693b8d51c7feafbf","REJECTED","INELIGIBLE_HASH","False","SV5_INFILL_ROOM_16de283f3026f06e031f_LINK","SV5_INFILL_ROOM_1ea3a9898e39ffe90dff_LINK","SV5_OPTIONAL_04","S03_11","18","18","568,110|567,110|567,109|566,109|565,109|564,109|563,109|563,108|562,108|561,108|560,108|559,108|558,108|558,107|557,107|556,107|555,107|554,107","1e6b72cdd899037faa6eca523eb247245b83a2238d7e72a8406e27f2fad5c603"
"SV5_LOOP_CAND_c6ed584137b88598807f","14334210226121115032","c6ed584137b88598807f47523afea68fcd95322b9dfdaaa583b6473d9368e3bb","REJECTED","INELIGIBLE_HASH","False","SV5_INFILL_ROOM_04458846b0c9a081817d_LINK","SV5_INFILL_ROOM_41bfb11db98643b33449_LINK","SV5_OPTIONAL_07","S02_03","5","5","178,87|177,87|176,87|175,87|174,87","1e6b72cdd899037faa6eca523eb247245b83a2238d7e72a8406e27f2fad5c603"
"SV5_LOOP_CAND_c6fc880c86c036b8658a","14338484901022545592","c6fc880c86c036b8658a13e46769aea0994f997eb7e09427486c7f0c2e114267","REJECTED","INELIGIBLE_HASH","False","SV5_INFILL_ROOM_0336ae99bc580abe01f7_LINK","SV5_INFILL_ROOM_0496c8692f6450167db1_LINK","SV5_OPTIONAL_14","S11_01","12","12","58,359|59,359|60,359|61,359|62,359|63,359|64,359|65,359|66,359|67,359|68,359|69,359","1e6b72cdd899037faa6eca523eb247245b83a2238d7e72a8406e27f2fad5c603"
"SV5_LOOP_CAND_c73a2db6d9353e583919","14355837025548320344","c73a2db6d9353e5839191cb6010ce960e26b7a64472a371e263611ee33c0e436","REJECTED","INELIGIBLE_HASH","False","SV5_INFILL_ROOM_04458846b0c9a081817d_LINK","SV5_INFILL_ROOM_41bfb11db98643b33449_LINK","SV5_OPTIONAL_07","S02_03","16","16","187,87|186,87|185,87|184,87|183,87|182,87|181,87|180,87|179,87|178,87|177,87|176,87|175,87|174,87|173,87|172,87","1e6b72cdd899037faa6eca523eb247245b83a2238d7e72a8406e27f2fad5c603"
"SV5_LOOP_CAND_c7a7abca6e819073d95a","14386656420584067187","c7a7abca6e819073d95a146aa3facd399c22861626afc8d951e308a998d72eb6","REJECTED","INELIGIBLE_HASH","False","SV5_INFILL_ROOM_005a04bda9ede05b1190_LINK","SV5_INFILL_ROOM_1c4c6b34887f12eefac3_LINK","SV5_OPTIONAL_09","S04_02","24","24","124,131|125,131|126,131|127,131|128,131|128,132|129,132|130,132|131,132|132,132|133,132|133,133|134,133|135,133|136,133|137,133|138,133|138,134|139,134|140,134|141,134|142,134|142,135|143,135","1e6b72cdd899037faa6eca523eb247245b83a2238d7e72a8406e27f2fad5c603"
"SV5_LOOP_CAND_c82e67a439e2c8e83d52","14424580611557738728","c82e67a439e2c8e83d523f239f4af22cc63b84ed47c999c1776d052eabb13ca1","REJECTED","DUPLICATE_ENDPOINT_PAIR","True","SV5_INFILL_ROOM_04458846b0c9a081817d_LINK","SV5_INFILL_ROOM_41bfb11db98643b33449_LINK","SV5_OPTIONAL_07","S02_03","15","15","186,87|185,87|184,87|183,87|182,87|181,87|180,87|179,87|178,87|177,87|176,87|175,87|174,87|173,87|172,87","1e6b72cdd899037faa6eca523eb247245b83a2238d7e72a8406e27f2fad5c603"
"SV5_LOOP_CAND_c837d9319e53115ca2f9","14427238738437542236","c837d9319e53115ca2f9e8624611b0f82245112dad485258fec10c272c94c9fa","REJECTED","INELIGIBLE_HASH","False","SV5_INFILL_ROOM_0336ae99bc580abe01f7_LINK","SV5_INFILL_ROOM_0496c8692f6450167db1_LINK","SV5_OPTIONAL_14","S11_01","17","17","58,359|59,359|60,359|61,359|62,359|63,359|64,359|65,359|66,359|67,359|68,359|69,359|70,359|71,359|72,359|73,359|74,359","1e6b72cdd899037faa6eca523eb247245b83a2238d7e72a8406e27f2fad5c603"
"SV5_LOOP_CAND_c97f235c4e32d65a1738","14519362603021686362","c97f235c4e32d65a173897413f3d2653e6eb01006aee1a62a20734602688aaef","REJECTED","INELIGIBLE_HASH","False","SV5_INFILL_ROOM_0336ae99bc580abe01f7_LINK","SV5_INFILL_ROOM_0496c8692f6450167db1_LINK","SV5_OPTIONAL_14","S11_01","20","20","53,359|54,359|55,359|56,359|57,359|58,359|59,359|60,359|61,359|62,359|63,359|64,359|65,359|66,359|67,359|68,359|69,359|70,359|71,359|72,359","1e6b72cdd899037faa6eca523eb247245b83a2238d7e72a8406e27f2fad5c603"
"SV5_LOOP_CAND_c9a325f72c94a706921d","14529498566362441478","c9a325f72c94a706921d638f8dcc0f419fb5477a172d84c4cca922b7d76c734f","REJECTED","INELIGIBLE_HASH","False","SV5_INFILL_ROOM_0336ae99bc580abe01f7_LINK","SV5_INFILL_ROOM_0496c8692f6450167db1_LINK","SV5_OPTIONAL_14","S11_01","19","19","44,359|45,359|46,359|47,359|48,359|49,359|50,359|51,359|52,359|53,359|54,359|55,359|56,359|57,359|58,359|59,359|60,359|61,359|62,359","1e6b72cdd899037faa6eca523eb247245b83a2238d7e72a8406e27f2fad5c603"
"SV5_LOOP_CAND_ca500500a49db0f6f3d4","14578157494118232310","ca500500a49db0f6f3d4b190ece979028c06482c9a98bfbfad250b2fd98deaea","REJECTED","DUPLICATE_ENDPOINT_PAIR","True","SV5_INFILL_ROOM_0336ae99bc580abe01f7_LINK","SV5_INFILL_ROOM_0496c8692f6450167db1_LINK","SV5_OPTIONAL_14","S11_01","15","15","55,359|56,359|57,359|58,359|59,359|60,359|61,359|62,359|63,359|64,359|65,359|66,359|67,359|68,359|69,359","1e6b72cdd899037faa6eca523eb247245b83a2238d7e72a8406e27f2fad5c603"
"SV5_LOOP_CAND_ca9ac84802ed36331f5c","14599201353687184947","ca9ac84802ed36331f5c4df5b4b4527ace03a9f60573e7b30415a2db3cae3d1e","REJECTED","INELIGIBLE_HASH","False","SV5_INFILL_ROOM_16de283f3026f06e031f_LINK","SV5_INFILL_ROOM_1ea3a9898e39ffe90dff_LINK","SV5_OPTIONAL_04","S03_11","17","17","567,110|566,110|566,109|565,109|564,109|563,109|562,109|562,108|561,108|560,108|559,108|558,108|558,107|557,107|556,107|555,107|554,107","1e6b72cdd899037faa6eca523eb247245b83a2238d7e72a8406e27f2fad5c603"
"SV5_LOOP_CAND_cacb21a59ac8699e0062","14612810411083852190","cacb21a59ac8699e00628051e809ae678d84f8f06945104fab79d4ee8a0311ae","REJECTED","INELIGIBLE_HASH","False","SV5_INFILL_ROOM_0211dda6690845617294_LINK","SV5_INFILL_ROOM_03bff8d63e21cbc62be9_LINK","SV5_OPTIONAL_06","S01_04","22","22","204,54|205,54|205,53|206,53|207,53|208,53|209,53|210,53|211,53|211,52|212,52|213,52|214,52|215,52|216,52|217,52|217,51|218,51|219,51|220,51|221,51|222,51","1e6b72cdd899037faa6eca523eb247245b83a2238d7e72a8406e27f2fad5c603"
"SV5_LOOP_CAND_cae28761ec7a354bbe65","14619396195047060811","cae28761ec7a354bbe65e61be7d0b59ba4f989901ad3d56d3f1ada75285875d4","REJECTED","DUPLICATE_ENDPOINT_PAIR","True","SV5_INFILL_ROOM_0336ae99bc580abe01f7_LINK","SV5_INFILL_ROOM_0496c8692f6450167db1_LINK","SV5_OPTIONAL_14","S11_01","23","23","43,359|44,359|45,359|46,359|47,359|48,359|49,359|50,359|51,359|52,359|53,359|54,359|55,359|56,359|57,359|58,359|59,359|60,359|61,359|62,359|63,359|64,359|65,359","1e6b72cdd899037faa6eca523eb247245b83a2238d7e72a8406e27f2fad5c603"
"SV5_LOOP_CAND_ce24c609a179ea7df0e6","14854215215640865405","ce24c609a179ea7df0e6697555d2b3c32cc5867c680b4f184497fa87139c2031","REJECTED","DUPLICATE_ENDPOINT_PAIR","True","SV5_INFILL_ROOM_07fb3ac254e765673737_LINK","SV5_INFILL_ROOM_0f5736599d7acc3ea0a8_LINK","SV5_OPTIONAL_04","S03_11","18","18","566,127|565,127|565,126|564,126|563,126|562,126|562,125|561,125|560,125|559,125|559,124|558,124|557,124|556,124|556,123|555,123|554,123|553,123","1e6b72cdd899037faa6eca523eb247245b83a2238d7e72a8406e27f2fad5c603"
"SV5_LOOP_CAND_cee0a6dfd10412eb9502","14907098246810964715","cee0a6dfd10412eb9502a9c0850f7bd789b57bb9cb13cb7ed30098170d8707d1","REJECTED","DUPLICATE_ENDPOINT_PAIR","True","SV5_INFILL_ROOM_0336ae99bc580abe01f7_LINK","SV5_INFILL_ROOM_0496c8692f6450167db1_LINK","SV5_OPTIONAL_14","S11_01","20","20","50,359|51,359|52,359|53,359|54,359|55,359|56,359|57,359|58,359|59,359|60,359|61,359|62,359|63,359|64,359|65,359|66,359|67,359|68,359|69,359","1e6b72cdd899037faa6eca523eb247245b83a2238d7e72a8406e27f2fad5c603"
"SV5_LOOP_CAND_cf7c0858101aa6ec07e6","14950834037283530476","cf7c0858101aa6ec07e63d6239a05c9b9f9c6fb35116697f978e84cc3d31a426","REJECTED","INELIGIBLE_HASH","False","SV5_INFILL_ROOM_0336ae99bc580abe01f7_LINK","SV5_INFILL_ROOM_0496c8692f6450167db1_LINK","SV5_OPTIONAL_14","S11_01","20","20","51,359|52,359|53,359|54,359|55,359|56,359|57,359|58,359|59,359|60,359|61,359|62,359|63,359|64,359|65,359|66,359|67,359|68,359|69,359|70,359","1e6b72cdd899037faa6eca523eb247245b83a2238d7e72a8406e27f2fad5c603"
"SV5_LOOP_CAND_d15b45ec8300c40a20ad","15085728258920072202","d15b45ec8300c40a20adf65cb76352ed7d7be82afa6c21382e3d8dba9593a0bd","REJECTED","DUPLICATE_ENDPOINT_PAIR","True","SV5_INFILL_ROOM_0336ae99bc580abe01f7_LINK","SV5_INFILL_ROOM_0496c8692f6450167db1_LINK","SV5_OPTIONAL_14","S11_01","20","20","45,359|46,359|47,359|48,359|49,359|50,359|51,359|52,359|53,359|54,359|55,359|56,359|57,359|58,359|59,359|60,359|61,359|62,359|63,359|64,359","1e6b72cdd899037faa6eca523eb247245b83a2238d7e72a8406e27f2fad5c603"
"SV5_LOOP_CAND_d3172169598a759b1e5b","15210663002824668571","d3172169598a759b1e5bc1c800569be2a339784a337910059b89c1069f31edd2","REJECTED","INELIGIBLE_HASH","False","SV5_INFILL_ROOM_0336ae99bc580abe01f7_LINK","SV5_INFILL_ROOM_0496c8692f6450167db1_LINK","SV5_OPTIONAL_14","S11_01","22","22","46,359|47,359|48,359|49,359|50,359|51,359|52,359|53,359|54,359|55,359|56,359|57,359|58,359|59,359|60,359|61,359|62,359|63,359|64,359|65,359|66,359|67,359","1e6b72cdd899037faa6eca523eb247245b83a2238d7e72a8406e27f2fad5c603"
"SV5_LOOP_CAND_d37228299db8c95a8402","15236284648552712538","d37228299db8c95a840272a03ccb2321ec81a95dffc561857c5438ef78013395","REJECTED","INELIGIBLE_HASH","False","SV5_INFILL_ROOM_16de283f3026f06e031f_LINK","SV5_INFILL_ROOM_1ea3a9898e39ffe90dff_LINK","SV5_OPTIONAL_04","S03_11","21","21","571,110|570,110|570,109|569,109|568,109|567,109|566,109|565,109|565,108|564,108|563,108|562,108|561,108|560,108|559,108|559,107|558,107|557,107|556,107|555,107|554,107","1e6b72cdd899037faa6eca523eb247245b83a2238d7e72a8406e27f2fad5c603"
"SV5_LOOP_CAND_d3fff97ca6e3bf7dbaea","15276202774835216253","d3fff97ca6e3bf7dbaeada0c24f263bb7ce52033e6ab470bcba349a057296bef","REJECTED","INELIGIBLE_HASH","False","SV5_INFILL_ROOM_0336ae99bc580abe01f7_LINK","SV5_INFILL_ROOM_0496c8692f6450167db1_LINK","SV5_OPTIONAL_14","S11_01","24","24","56,359|57,359|58,359|59,359|60,359|61,359|62,359|63,359|64,359|65,359|66,359|67,359|68,359|69,359|70,359|71,359|72,359|73,359|74,359|75,359|76,359|77,359|78,359|79,359","1e6b72cdd899037faa6eca523eb247245b83a2238d7e72a8406e27f2fad5c603"
"SV5_LOOP_CAND_d5131196e0df05ce79e6","15353634894351631822","d5131196e0df05ce79e656e3d0dc7eaa30dbb741e71fd9b733f51748325eb242","REJECTED","DUPLICATE_ENDPOINT_PAIR","True","SV5_INFILL_ROOM_04458846b0c9a081817d_LINK","SV5_INFILL_ROOM_41bfb11db98643b33449_LINK","SV5_OPTIONAL_07","S02_03","10","10","181,87|180,87|179,87|178,87|177,87|176,87|175,87|174,87|173,87|172,87","1e6b72cdd899037faa6eca523eb247245b83a2238d7e72a8406e27f2fad5c603"
"SV5_LOOP_CAND_d51ec35d72b4457081ee","15356926585503761776","d51ec35d72b4457081ee9dfe36147e8989f0660fbbff5516c2cb5eeaa6e5d681","REJECTED","INELIGIBLE_HASH","False","SV5_INFILL_ROOM_0336ae99bc580abe01f7_LINK","SV5_INFILL_ROOM_0496c8692f6450167db1_LINK","SV5_OPTIONAL_14","S11_01","23","23","52,359|53,359|54,359|55,359|56,359|57,359|58,359|59,359|60,359|61,359|62,359|63,359|64,359|65,359|66,359|67,359|68,359|69,359|70,359|71,359|72,359|73,359|74,359","1e6b72cdd899037faa6eca523eb247245b83a2238d7e72a8406e27f2fad5c603"
"SV5_LOOP_CAND_d57a482a172dfe0f5614","15382686822852066831","d57a482a172dfe0f5614c7f9af1266e62f8ed37393daa9970c3f10d99cbf0087","REJECTED","INELIGIBLE_HASH","False","SV5_INFILL_ROOM_0336ae99bc580abe01f7_LINK","SV5_INFILL_ROOM_0496c8692f6450167db1_LINK","SV5_OPTIONAL_14","S11_01","12","12","52,359|53,359|54,359|55,359|56,359|57,359|58,359|59,359|60,359|61,359|62,359|63,359","1e6b72cdd899037faa6eca523eb247245b83a2238d7e72a8406e27f2fad5c603"
"SV5_LOOP_CAND_d5a5df9625b347cd8217","15394956737206503373","d5a5df9625b347cd821717abd838ab5dc9897ea3fce7345ba717eadf2853544d","REJECTED","INELIGIBLE_HASH","False","SV5_INFILL_ROOM_0336ae99bc580abe01f7_LINK","SV5_INFILL_ROOM_0496c8692f6450167db1_LINK","SV5_OPTIONAL_14","S11_01","16","16","53,359|54,359|55,359|56,359|57,359|58,359|59,359|60,359|61,359|62,359|63,359|64,359|65,359|66,359|67,359|68,359","1e6b72cdd899037faa6eca523eb247245b83a2238d7e72a8406e27f2fad5c603"
"SV5_LOOP_CAND_d775874dde85989bf5e9","15525464058945181851","d775874dde85989bf5e956db1515a9c708444ae22921f1a834c64a54364990b0","REJECTED","INELIGIBLE_HASH","False","SV5_INFILL_ROOM_002b1fdb38d3b5d62912_LINK","SV5_INFILL_ROOM_04b3ee2d2f798b163c8e_LINK","SV5_OPTIONAL_04","S00_11","10","10","559,23|558,23|557,23|556,23|555,23|554,23|553,23|552,23|551,23|550,23","1e6b72cdd899037faa6eca523eb247245b83a2238d7e72a8406e27f2fad5c603"
"SV5_LOOP_CAND_d7b78599940cbf747e83","15544039533552910196","d7b78599940cbf747e83ff10b219ace906b304bb2e14b37e05559cdb56dee200","REJECTED","INELIGIBLE_HASH","False","SV5_INFILL_ROOM_0172fae7eed3ae487f8f_LINK","SV5_INFILL_ROOM_01ba3c3a3c17419084a1_LINK","SV5_OPTIONAL_09","S05_02","10","10","130,159|129,159|129,160|128,160|128,161|127,161|127,162|126,162|126,163|125,163","1e6b72cdd899037faa6eca523eb247245b83a2238d7e72a8406e27f2fad5c603"
"SV5_LOOP_CAND_d9503ab819c6692200a1","15659080466748041506","d9503ab819c6692200a1e161b624433025d6cee4d2c466ce078e1bc83dc2c6ef","REJECTED","DUPLICATE_ENDPOINT_PAIR","True","SV5_INFILL_ROOM_0336ae99bc580abe01f7_LINK","SV5_INFILL_ROOM_0496c8692f6450167db1_LINK","SV5_OPTIONAL_14","S11_01","18","18","57,359|58,359|59,359|60,359|61,359|62,359|63,359|64,359|65,359|66,359|67,359|68,359|69,359|70,359|71,359|72,359|73,359|74,359","1e6b72cdd899037faa6eca523eb247245b83a2238d7e72a8406e27f2fad5c603"
"SV5_LOOP_CAND_da234a953df7a683f3dc","15718489129303385731","da234a953df7a683f3dc244d20c56889bf45518485d13e78d507d6bc8d463852","REJECTED","INELIGIBLE_HASH","False","SV5_INFILL_ROOM_0336ae99bc580abe01f7_LINK","SV5_INFILL_ROOM_0496c8692f6450167db1_LINK","SV5_OPTIONAL_14","S11_01","10","10","53,359|54,359|55,359|56,359|57,359|58,359|59,359|60,359|61,359|62,359","1e6b72cdd899037faa6eca523eb247245b83a2238d7e72a8406e27f2fad5c603"
"SV5_LOOP_CAND_da72491c02a15d6ca042","15740724032265346412","da72491c02a15d6ca0427553ef9252fba4dac3f28de99c6130323c85672a1269","REJECTED","DUPLICATE_ENDPOINT_PAIR","True","SV5_INFILL_ROOM_0336ae99bc580abe01f7_LINK","SV5_INFILL_ROOM_0496c8692f6450167db1_LINK","SV5_OPTIONAL_14","S11_01","20","20","43,359|44,359|45,359|46,359|47,359|48,359|49,359|50,359|51,359|52,359|53,359|54,359|55,359|56,359|57,359|58,359|59,359|60,359|61,359|62,359","1e6b72cdd899037faa6eca523eb247245b83a2238d7e72a8406e27f2fad5c603"
"SV5_LOOP_CAND_db98ebba35731122cb47","15823656475759415586","db98ebba35731122cb47484deb48e9dce6308811e4ab725d33867bd99b03b325","REJECTED","INELIGIBLE_HASH","False","SV5_INFILL_ROOM_0274815fcd6818f05a6a_LINK","SV5_INFILL_ROOM_136a2d749c8d7eddcf7e_LINK","SV5_OPTIONAL_09","S04_02","19","19","117,151|118,151|118,150|119,150|120,150|121,150|121,149|122,149|123,149|124,149|125,149|125,148|126,148|127,148|128,148|128,147|129,147|130,147|131,147","1e6b72cdd899037faa6eca523eb247245b83a2238d7e72a8406e27f2fad5c603"
"SV5_LOOP_CAND_dc126f25df47d95fc127","15857859446375438687","dc126f25df47d95fc1276db41c65352f3561ec977dffa2246ff562c3c90db3c9","REJECTED","INELIGIBLE_HASH","False","SV5_INFILL_ROOM_0274815fcd6818f05a6a_LINK","SV5_INFILL_ROOM_136a2d749c8d7eddcf7e_LINK","SV5_OPTIONAL_09","S04_02","18","18","118,151|119,151|119,150|120,150|121,150|122,150|122,149|123,149|124,149|125,149|125,148|126,148|127,148|128,148|128,147|129,147|130,147|131,147","1e6b72cdd899037faa6eca523eb247245b83a2238d7e72a8406e27f2fad5c603"
"SV5_LOOP_CAND_dd022600024e4625c595","15925333013816034853","dd022600024e4625c5957bc45bafcb314fc955adfc1aafd93c1cbf2d12ec3422","REJECTED","INELIGIBLE_HASH","False","SV5_INFILL_ROOM_088f25cbc663d6d3b7a4_LINK","SV5_INFILL_ROOM_1a82971bf4756de9b6e1_LINK","SV5_OPTIONAL_00","S11_08","5","5","382,367|383,367|384,367|385,367|386,367","1e6b72cdd899037faa6eca523eb247245b83a2238d7e72a8406e27f2fad5c603"
"SV5_LOOP_CAND_dd73c6682a9389688952","15957316055397009768","dd73c6682a938968895215e11e1ecf69558a1e8966d412082f6bb8e39d9bf6e5","REJECTED","INELIGIBLE_HASH","False","SV5_INFILL_ROOM_04458846b0c9a081817d_LINK","SV5_INFILL_ROOM_41bfb11db98643b33449_LINK","SV5_OPTIONAL_07","S02_03","8","8","180,87|179,87|178,87|177,87|176,87|175,87|174,87|173,87","1e6b72cdd899037faa6eca523eb247245b83a2238d7e72a8406e27f2fad5c603"
"SV5_LOOP_CAND_de2ab3540ad66c9928d3","16008804998982298777","de2ab3540ad66c9928d375f2d133c4c3783e54046ae25f05c90122fd1a402c7f","REJECTED","INELIGIBLE_HASH","False","SV5_INFILL_ROOM_005a04bda9ede05b1190_LINK","SV5_INFILL_ROOM_1c4c6b34887f12eefac3_LINK","SV5_OPTIONAL_09","S04_02","20","20","125,131|126,131|127,131|128,131|128,132|129,132|130,132|131,132|132,132|132,133|133,133|134,133|135,133|136,133|136,134|137,134|138,134|139,134|139,135|140,135","1e6b72cdd899037faa6eca523eb247245b83a2238d7e72a8406e27f2fad5c603"
"SV5_LOOP_CAND_deca5eeb3d3f445eab5c","16053748186153436254","deca5eeb3d3f445eab5cd6af570eebeced8445bcfb2f7b0d8e7b55ca8c58d8bf","REJECTED","INELIGIBLE_HASH","False","SV5_INFILL_ROOM_04458846b0c9a081817d_LINK","SV5_INFILL_ROOM_41bfb11db98643b33449_LINK","SV5_OPTIONAL_07","S02_03","14","14","185,87|184,87|183,87|182,87|181,87|180,87|179,87|178,87|177,87|176,87|175,87|174,87|173,87|172,87","1e6b72cdd899037faa6eca523eb247245b83a2238d7e72a8406e27f2fad5c603"
"SV5_LOOP_CAND_dff8137c1aaa51d13ed0","16138670688426414545","dff8137c1aaa51d13ed0d6a04d024d0be44eb0545bebd11bfdfeea76d1c71205","REJECTED","INELIGIBLE_HASH","False","SV5_INFILL_ROOM_002b1fdb38d3b5d62912_LINK","SV5_INFILL_ROOM_04b3ee2d2f798b163c8e_LINK","SV5_OPTIONAL_04","S00_11","16","16","558,23|557,23|556,23|555,23|554,23|553,23|552,23|551,23|550,23|549,23|548,23|547,23|546,23|545,23|544,23|543,23","1e6b72cdd899037faa6eca523eb247245b83a2238d7e72a8406e27f2fad5c603"
"SV5_LOOP_CAND_e0dd33e34f76f14938ba","16203164085732700489","e0dd33e34f76f14938ba573da212e3d8be287cca2ab583843989a0cb49d529ee","REJECTED","INELIGIBLE_HASH","False","SV5_INFILL_ROOM_0336ae99bc580abe01f7_LINK","SV5_INFILL_ROOM_0496c8692f6450167db1_LINK","SV5_OPTIONAL_14","S11_01","11","11","58,359|59,359|60,359|61,359|62,359|63,359|64,359|65,359|66,359|67,359|68,359","1e6b72cdd899037faa6eca523eb247245b83a2238d7e72a8406e27f2fad5c603"
"SV5_LOOP_CAND_e109d2f570e4cf21e3e6","16215723884927045409","e109d2f570e4cf21e3e6f3a8823b13e339226cda4c424da2e76e1311602ec495","REJECTED","DUPLICATE_ENDPOINT_PAIR","True","SV5_INFILL_ROOM_0274815fcd6818f05a6a_LINK","SV5_INFILL_ROOM_136a2d749c8d7eddcf7e_LINK","SV5_OPTIONAL_09","S04_02","20","20","115,151|116,151|116,150|117,150|118,150|119,150|119,149|120,149|121,149|122,149|123,149|123,148|124,148|125,148|126,148|127,148|127,147|128,147|129,147|130,147","1e6b72cdd899037faa6eca523eb247245b83a2238d7e72a8406e27f2fad5c603"
"SV5_LOOP_CAND_e1653a2b975f1fa2ded2","16241451590079160226","e1653a2b975f1fa2ded2813b42660f857e774dda38d4412320e396928059716d","REJECTED","DUPLICATE_ENDPOINT_PAIR","True","SV5_INFILL_ROOM_0274815fcd6818f05a6a_LINK","SV5_INFILL_ROOM_136a2d749c8d7eddcf7e_LINK","SV5_OPTIONAL_09","S04_02","12","12","123,151|124,151|124,150|125,150|125,149|126,149|127,149|127,148|128,148|129,148|129,147|130,147","1e6b72cdd899037faa6eca523eb247245b83a2238d7e72a8406e27f2fad5c603"
"SV5_LOOP_CAND_e22930a47653943d8143","16296610209534809149","e22930a47653943d814357316b63d27e306dd81e98d9c22056a6c80c8416e455","REJECTED","INELIGIBLE_HASH","False","SV5_INFILL_ROOM_0336ae99bc580abe01f7_LINK","SV5_INFILL_ROOM_0496c8692f6450167db1_LINK","SV5_OPTIONAL_14","S11_01","9","9","58,359|59,359|60,359|61,359|62,359|63,359|64,359|65,359|66,359","1e6b72cdd899037faa6eca523eb247245b83a2238d7e72a8406e27f2fad5c603"
"SV5_LOOP_CAND_e2592ee3f2aa044626f0","16310119082062644294","e2592ee3f2aa044626f0b87cfb011b97baa7944bc5415b74c8046493b14bc165","REJECTED","INELIGIBLE_HASH","False","SV5_INFILL_ROOM_0336ae99bc580abe01f7_LINK","SV5_INFILL_ROOM_0496c8692f6450167db1_LINK","SV5_OPTIONAL_14","S11_01","18","18","51,359|52,359|53,359|54,359|55,359|56,359|57,359|58,359|59,359|60,359|61,359|62,359|63,359|64,359|65,359|66,359|67,359|68,359","1e6b72cdd899037faa6eca523eb247245b83a2238d7e72a8406e27f2fad5c603"
"SV5_LOOP_CAND_e25d49469d54f7d5d989","16311273993041934293","e25d49469d54f7d5d989b5ab121364ceb78c94d4679e9cb864307101b0b63554","REJECTED","INELIGIBLE_HASH","False","SV5_INFILL_ROOM_0336ae99bc580abe01f7_LINK","SV5_INFILL_ROOM_0496c8692f6450167db1_LINK","SV5_OPTIONAL_14","S11_01","14","14","50,359|51,359|52,359|53,359|54,359|55,359|56,359|57,359|58,359|59,359|60,359|61,359|62,359|63,359","1e6b72cdd899037faa6eca523eb247245b83a2238d7e72a8406e27f2fad5c603"
"SV5_LOOP_CAND_e25d498f554871f69246","16311274305365766646","e25d498f554871f692466130e5661223092b9ffe46d2cd2aa85e470840cb6364","REJECTED","INELIGIBLE_HASH","False","SV5_INFILL_ROOM_0336ae99bc580abe01f7_LINK","SV5_INFILL_ROOM_0496c8692f6450167db1_LINK","SV5_OPTIONAL_14","S11_01","18","18","46,359|47,359|48,359|49,359|50,359|51,359|52,359|53,359|54,359|55,359|56,359|57,359|58,359|59,359|60,359|61,359|62,359|63,359","1e6b72cdd899037faa6eca523eb247245b83a2238d7e72a8406e27f2fad5c603"
"SV5_LOOP_CAND_e27175102a4e76a63ff5","16316951637229729446","e27175102a4e76a63ff5e8f7983cf10562f8e962f0f9aa09d3b34785bf2dba98","REJECTED","INELIGIBLE_HASH","False","SV5_INFILL_ROOM_0336ae99bc580abe01f7_LINK","SV5_INFILL_ROOM_0496c8692f6450167db1_LINK","SV5_OPTIONAL_14","S11_01","14","14","55,359|56,359|57,359|58,359|59,359|60,359|61,359|62,359|63,359|64,359|65,359|66,359|67,359|68,359","1e6b72cdd899037faa6eca523eb247245b83a2238d7e72a8406e27f2fad5c603"
"SV5_LOOP_CAND_e283d93ae148f2930ce9","16322128321431794323","e283d93ae148f2930ce9442e00bea5c59a1f69b564a0bccc95e67cadbd60329f","ACCEPTED","PASS","True","SV5_INFILL_ROOM_00b4a4fe56b192880b8c_LINK","SV5_INFILL_ROOM_06221a856d3548df6440_LINK","SV5_OPTIONAL_04","S01_11","10","10","558,43|557,43|557,44|556,44|556,45|555,45|555,46|554,46|554,47|553,47","1e6b72cdd899037faa6eca523eb247245b83a2238d7e72a8406e27f2fad5c603"
"SV5_LOOP_CAND_e2a425bb02bab6b702d0","16331219633887164087","e2a425bb02bab6b702d0874fd23e09a1e3f5b1366e1b32028b435667fd719d1b","REJECTED","INELIGIBLE_HASH","False","SV5_INFILL_ROOM_088f25cbc663d6d3b7a4_LINK","SV5_INFILL_ROOM_1a82971bf4756de9b6e1_LINK","SV5_OPTIONAL_00","S11_08","6","6","382,367|383,367|384,367|385,367|386,367|387,367","1e6b72cdd899037faa6eca523eb247245b83a2238d7e72a8406e27f2fad5c603"
"SV5_LOOP_CAND_e2dd0ac8168e34b102a1","16347234076912923825","e2dd0ac8168e34b102a111771058b97ca779b9cbeb490171108c3e2cc1028d60","REJECTED","DUPLICATE_ENDPOINT_PAIR","True","SV5_INFILL_ROOM_07fb3ac254e765673737_LINK","SV5_INFILL_ROOM_0f5736599d7acc3ea0a8_LINK","SV5_OPTIONAL_04","S03_11","16","16","565,127|564,127|564,126|563,126|562,126|562,125|561,125|560,125|559,125|559,124|558,124|557,124|556,124|556,123|555,123|554,123","1e6b72cdd899037faa6eca523eb247245b83a2238d7e72a8406e27f2fad5c603"
"SV5_LOOP_CAND_e35a847b97156885c833","16382552260864206981","e35a847b97156885c833b1e7f8c79697bf805004be1b487df10e64deec1ae357","REJECTED","INELIGIBLE_HASH","False","SV5_INFILL_ROOM_0336ae99bc580abe01f7_LINK","SV5_INFILL_ROOM_0496c8692f6450167db1_LINK","SV5_OPTIONAL_14","S11_01","20","20","44,359|45,359|46,359|47,359|48,359|49,359|50,359|51,359|52,359|53,359|54,359|55,359|56,359|57,359|58,359|59,359|60,359|61,359|62,359|63,359","1e6b72cdd899037faa6eca523eb247245b83a2238d7e72a8406e27f2fad5c603"
"SV5_LOOP_CAND_e428f8c59986583f89eb","16440663967283959871","e428f8c59986583f89eb357ae765be2203fc49e56db50c1aec7fa1049df42165","REJECTED","INELIGIBLE_HASH","False","SV5_INFILL_ROOM_0336ae99bc580abe01f7_LINK","SV5_INFILL_ROOM_0496c8692f6450167db1_LINK","SV5_OPTIONAL_14","S11_01","21","21","49,359|50,359|51,359|52,359|53,359|54,359|55,359|56,359|57,359|58,359|59,359|60,359|61,359|62,359|63,359|64,359|65,359|66,359|67,359|68,359|69,359","1e6b72cdd899037faa6eca523eb247245b83a2238d7e72a8406e27f2fad5c603"
"SV5_LOOP_CAND_e558a8aa1e1c6d809ea7","16526144281239121280","e558a8aa1e1c6d809ea72341cf594b3ffe977b71a6a7f7f749759cfe70efcc33","REJECTED","INELIGIBLE_HASH","False","SV5_INFILL_ROOM_0211dda6690845617294_LINK","SV5_INFILL_ROOM_03bff8d63e21cbc62be9_LINK","SV5_OPTIONAL_06","S01_04","7","7","217,52|218,52|218,51|219,51|220,51|221,51|222,51","1e6b72cdd899037faa6eca523eb247245b83a2238d7e72a8406e27f2fad5c603"
"SV5_LOOP_CAND_e59b5bea9c143ad60581","16544918719274695382","e59b5bea9c143ad6058133d87275dcaeebf5779025f08e24916ef6ef1c54186d","REJECTED","INELIGIBLE_HASH","False","SV5_INFILL_ROOM_0336ae99bc580abe01f7_LINK","SV5_INFILL_ROOM_0496c8692f6450167db1_LINK","SV5_OPTIONAL_14","S11_01","18","18","50,359|51,359|52,359|53,359|54,359|55,359|56,359|57,359|58,359|59,359|60,359|61,359|62,359|63,359|64,359|65,359|66,359|67,359","1e6b72cdd899037faa6eca523eb247245b83a2238d7e72a8406e27f2fad5c603"
"SV5_LOOP_CAND_e5c03e7288495946e92c","16555300891847645510","e5c03e7288495946e92c07b0bf2d18d43b20ecf9a185350c2f20a9768439089c","REJECTED","DUPLICATE_ENDPOINT_PAIR","True","SV5_INFILL_ROOM_0336ae99bc580abe01f7_LINK","SV5_INFILL_ROOM_0496c8692f6450167db1_LINK","SV5_OPTIONAL_14","S11_01","16","16","52,359|53,359|54,359|55,359|56,359|57,359|58,359|59,359|60,359|61,359|62,359|63,359|64,359|65,359|66,359|67,359","1e6b72cdd899037faa6eca523eb247245b83a2238d7e72a8406e27f2fad5c603"
"SV5_LOOP_CAND_e640666a61b1fb99630c","16591373634324528025","e640666a61b1fb99630ca0b6c4d83c0e1bca8a129745e1883ab30162ca9274ab","REJECTED","DUPLICATE_ENDPOINT_PAIR","True","SV5_INFILL_ROOM_002b1fdb38d3b5d62912_LINK","SV5_INFILL_ROOM_04b3ee2d2f798b163c8e_LINK","SV5_OPTIONAL_04","S00_11","20","20","559,23|558,23|557,23|556,23|555,23|554,23|553,23|552,23|551,23|550,23|549,23|548,23|547,23|546,23|545,23|544,23|543,23|542,23|541,23|540,23","1e6b72cdd899037faa6eca523eb247245b83a2238d7e72a8406e27f2fad5c603"
"SV5_LOOP_CAND_e739509fcb9377859d24","16661436943679321989","e739509fcb9377859d248bad61102bd76dd4a24fae81fc220fe378085581e2ec","REJECTED","INELIGIBLE_HASH","False","SV5_INFILL_ROOM_0336ae99bc580abe01f7_LINK","SV5_INFILL_ROOM_0496c8692f6450167db1_LINK","SV5_OPTIONAL_14","S11_01","20","20","48,359|49,359|50,359|51,359|52,359|53,359|54,359|55,359|56,359|57,359|58,359|59,359|60,359|61,359|62,359|63,359|64,359|65,359|66,359|67,359","1e6b72cdd899037faa6eca523eb247245b83a2238d7e72a8406e27f2fad5c603"
"SV5_LOOP_CAND_e8056f7d75febebe1caa","16718891776324058814","e8056f7d75febebe1caac4821d52e2744e3cc6def107afb584e70e06bec9a303","REJECTED","DUPLICATE_ENDPOINT_PAIR","True","SV5_INFILL_ROOM_0336ae99bc580abe01f7_LINK","SV5_INFILL_ROOM_0496c8692f6450167db1_LINK","SV5_OPTIONAL_14","S11_01","23","23","42,359|43,359|44,359|45,359|46,359|47,359|48,359|49,359|50,359|51,359|52,359|53,359|54,359|55,359|56,359|57,359|58,359|59,359|60,359|61,359|62,359|63,359|64,359","1e6b72cdd899037faa6eca523eb247245b83a2238d7e72a8406e27f2fad5c603"
"SV5_LOOP_CAND_e8600094332b4c9c6352","16744384051077139612","e8600094332b4c9c63528194e738d941a21fe07c77ad78a0e10bd1bb8cae95e4","REJECTED","DUPLICATE_ENDPOINT_PAIR","True","SV5_INFILL_ROOM_0336ae99bc580abe01f7_LINK","SV5_INFILL_ROOM_0496c8692f6450167db1_LINK","SV5_OPTIONAL_14","S11_01","24","24","40,359|41,359|42,359|43,359|44,359|45,359|46,359|47,359|48,359|49,359|50,359|51,359|52,359|53,359|54,359|55,359|56,359|57,359|58,359|59,359|60,359|61,359|62,359|63,359","1e6b72cdd899037faa6eca523eb247245b83a2238d7e72a8406e27f2fad5c603"
"SV5_LOOP_CAND_e86c9e4a66005cfc5601","16747935156660100348","e86c9e4a66005cfc5601886d50f0d6178119aa652bd26f1d8186a365d2a95dde","REJECTED","INELIGIBLE_HASH","False","SV5_INFILL_ROOM_002b1fdb38d3b5d62912_LINK","SV5_INFILL_ROOM_04b3ee2d2f798b163c8e_LINK","SV5_OPTIONAL_04","S00_11","11","11","558,23|557,23|556,23|555,23|554,23|553,23|552,23|551,23|550,23|549,23|548,23","1e6b72cdd899037faa6eca523eb247245b83a2238d7e72a8406e27f2fad5c603"
"SV5_LOOP_CAND_e8c4962dd822e0c1a48c","16772696035878428865","e8c4962dd822e0c1a48c29d5a7d738423bfbe8f42896eaef95390fd1d166125c","REJECTED","INELIGIBLE_HASH","False","SV5_INFILL_ROOM_0274815fcd6818f05a6a_LINK","SV5_INFILL_ROOM_136a2d749c8d7eddcf7e_LINK","SV5_OPTIONAL_09","S04_02","23","23","112,151|113,151|113,150|114,150|115,150|116,150|117,150|117,149|118,149|119,149|120,149|121,149|122,149|122,148|123,148|124,148|125,148|126,148|126,147|127,147|128,147|129,147|130,147","1e6b72cdd899037faa6eca523eb247245b83a2238d7e72a8406e27f2fad5c603"
"SV5_LOOP_CAND_e99acfd5f6a0b7aa903c","16832995075123361706","e99acfd5f6a0b7aa903cad726bcb38908af692980effeaf9e32d245de46f2183","REJECTED","DUPLICATE_ENDPOINT_PAIR","True","SV5_INFILL_ROOM_0336ae99bc580abe01f7_LINK","SV5_INFILL_ROOM_0496c8692f6450167db1_LINK","SV5_OPTIONAL_14","S11_01","21","21","42,359|43,359|44,359|45,359|46,359|47,359|48,359|49,359|50,359|51,359|52,359|53,359|54,359|55,359|56,359|57,359|58,359|59,359|60,359|61,359|62,359","1e6b72cdd899037faa6eca523eb247245b83a2238d7e72a8406e27f2fad5c603"
"SV5_LOOP_CAND_eabee6083b6154fa81b5","16915210173480523002","eabee6083b6154fa81b5aa4193bed1f6437fe1f18266504c38026b53cfd95f8a","ACCEPTED","PASS","True","SV5_INFILL_ROOM_00e5c1799c48f53348c3_LINK","SV5_INFILL_ROOM_00fe6dfb4eef486a889c_LINK","SV5_OPTIONAL_04","S02_11","11","11","552,91|553,91|553,90|554,90|554,89|555,89|556,89|556,88|557,88|557,87|558,87","1e6b72cdd899037faa6eca523eb247245b83a2238d7e72a8406e27f2fad5c603"
"SV5_LOOP_CAND_eca2a2d7a525ce858170","17051370186250505861","eca2a2d7a525ce85817038b259286e74a08fcf11f3b3ad7ff1451eb263b2fd44","REJECTED","INELIGIBLE_HASH","False","SV5_INFILL_ROOM_005a04bda9ede05b1190_LINK","SV5_INFILL_ROOM_1c4c6b34887f12eefac3_LINK","SV5_OPTIONAL_09","S04_02","12","12","126,131|127,131|127,132|128,132|129,132|129,133|130,133|131,133|131,134|132,134|132,135|133,135","1e6b72cdd899037faa6eca523eb247245b83a2238d7e72a8406e27f2fad5c603"
"SV5_LOOP_CAND_ed611d864ddb45515bf9","17104985322398893393","ed611d864ddb45515bf9ddc1d047e8cde9b37928c1feedacc5d0bb5556d45901","REJECTED","INELIGIBLE_HASH","False","SV5_INFILL_ROOM_005a04bda9ede05b1190_LINK","SV5_INFILL_ROOM_1c4c6b34887f12eefac3_LINK","SV5_OPTIONAL_09","S04_02","22","22","123,131|124,131|125,131|126,131|127,131|127,132|128,132|129,132|130,132|131,132|131,133|132,133|133,133|134,133|135,133|135,134|136,134|137,134|138,134|139,134|139,135|140,135","1e6b72cdd899037faa6eca523eb247245b83a2238d7e72a8406e27f2fad5c603"
"SV5_LOOP_CAND_ed98ee918fcebfc719a5","17120696292399300551","ed98ee918fcebfc719a50f5d08df07e2ee6cfe267f9fff00893e36d4c4fd478c","REJECTED","INELIGIBLE_HASH","False","SV5_INFILL_ROOM_0336ae99bc580abe01f7_LINK","SV5_INFILL_ROOM_0496c8692f6450167db1_LINK","SV5_OPTIONAL_14","S11_01","9","9","57,359|58,359|59,359|60,359|61,359|62,359|63,359|64,359|65,359","1e6b72cdd899037faa6eca523eb247245b83a2238d7e72a8406e27f2fad5c603"
"SV5_LOOP_CAND_ed9bb0a1e3513b791490","17121472617729047417","ed9bb0a1e3513b791490660e91ee8c5e5d1805c4156258a9c2068a1f188a2f04","REJECTED","DUPLICATE_ENDPOINT_PAIR","True","SV5_INFILL_ROOM_005a04bda9ede05b1190_LINK","SV5_INFILL_ROOM_1c4c6b34887f12eefac3_LINK","SV5_OPTIONAL_09","S04_02","21","21","126,131|127,131|128,131|129,131|129,132|130,132|131,132|132,132|133,132|133,133|134,133|135,133|136,133|137,133|137,134|138,134|139,134|140,134|141,134|141,135|142,135","1e6b72cdd899037faa6eca523eb247245b83a2238d7e72a8406e27f2fad5c603"
"SV5_LOOP_CAND_eda02d3ca286f930ce84","17122735521710668080","eda02d3ca286f930ce84e9ed8dbbbe58bbffb54c88b461a5b5df603955cbe2f1","REJECTED","INELIGIBLE_HASH","False","SV5_INFILL_ROOM_16de283f3026f06e031f_LINK","SV5_INFILL_ROOM_1ea3a9898e39ffe90dff_LINK","SV5_OPTIONAL_04","S03_11","7","7","559,108|558,108|558,107|557,107|556,107|555,107|554,107","1e6b72cdd899037faa6eca523eb247245b83a2238d7e72a8406e27f2fad5c603"
"SV5_LOOP_CAND_edd273ce6c9f70220cff","17136886862521004066","edd273ce6c9f70220cff57b15ea6e4f8b1c3591c58c8127f34f0a9b09496b0de","REJECTED","INELIGIBLE_HASH","False","SV5_INFILL_ROOM_005a04bda9ede05b1190_LINK","SV5_INFILL_ROOM_1c4c6b34887f12eefac3_LINK","SV5_OPTIONAL_09","S04_02","18","18","126,131|127,131|128,131|129,131|129,132|130,132|131,132|132,132|132,133|133,133|134,133|135,133|135,134|136,134|137,134|138,134|138,135|139,135","1e6b72cdd899037faa6eca523eb247245b83a2238d7e72a8406e27f2fad5c603"
"SV5_LOOP_CAND_eef561fb179d69429def","17218776481381837122","eef561fb179d69429def611b6bbe6bfcfa45dbc1454b63a7eddeda2d328ba450","REJECTED","DUPLICATE_ENDPOINT_PAIR","True","SV5_INFILL_ROOM_0211dda6690845617294_LINK","SV5_INFILL_ROOM_03bff8d63e21cbc62be9_LINK","SV5_OPTIONAL_06","S01_04","17","17","209,54|210,54|210,53|211,53|212,53|213,53|214,53|214,52|215,52|216,52|217,52|218,52|218,51|219,51|220,51|221,51|222,51","1e6b72cdd899037faa6eca523eb247245b83a2238d7e72a8406e27f2fad5c603"
"SV5_LOOP_CAND_ef33164beb924305d9d8","17236144714207609605","ef33164beb924305d9d80b5545dd9c6aa9f27bf65d446591c0b7c1dfe0ee700d","REJECTED","DUPLICATE_ENDPOINT_PAIR","True","SV5_INFILL_ROOM_005a04bda9ede05b1190_LINK","SV5_INFILL_ROOM_1c4c6b34887f12eefac3_LINK","SV5_OPTIONAL_09","S04_02","21","21","124,131|125,131|126,131|127,131|127,132|128,132|129,132|130,132|131,132|131,133|132,133|133,133|134,133|135,133|135,134|136,134|137,134|138,134|139,134|139,135|140,135","1e6b72cdd899037faa6eca523eb247245b83a2238d7e72a8406e27f2fad5c603"
"SV5_LOOP_CAND_f01490ef22be3cc24696","17299611425391393986","f01490ef22be3cc24696e0323a37279d8d7715137c10a60e1f1f235ed2dcecdc","REJECTED","INELIGIBLE_HASH","False","SV5_INFILL_ROOM_005a04bda9ede05b1190_LINK","SV5_INFILL_ROOM_1c4c6b34887f12eefac3_LINK","SV5_OPTIONAL_09","S04_02","14","14","126,131|127,131|128,131|128,132|129,132|130,132|130,133|131,133|132,133|132,134|133,134|134,134|134,135|135,135","1e6b72cdd899037faa6eca523eb247245b83a2238d7e72a8406e27f2fad5c603"
"SV5_LOOP_CAND_f08d96cc5a3a9e2d0f9d","17333676345250192941","f08d96cc5a3a9e2d0f9d444af764e2da33d84f8f23401c3232ebace88db80aa2","REJECTED","INELIGIBLE_HASH","False","SV5_INFILL_ROOM_0336ae99bc580abe01f7_LINK","SV5_INFILL_ROOM_0496c8692f6450167db1_LINK","SV5_OPTIONAL_14","S11_01","20","20","56,359|57,359|58,359|59,359|60,359|61,359|62,359|63,359|64,359|65,359|66,359|67,359|68,359|69,359|70,359|71,359|72,359|73,359|74,359|75,359","1e6b72cdd899037faa6eca523eb247245b83a2238d7e72a8406e27f2fad5c603"
"SV5_LOOP_CAND_f0a39fffc227ad7ff51d","17339878911129398655","f0a39fffc227ad7ff51de7a219bb31327ae1e87ee3e56859d827cc08eb161256","REJECTED","INELIGIBLE_HASH","False","SV5_INFILL_ROOM_04458846b0c9a081817d_LINK","SV5_INFILL_ROOM_41bfb11db98643b33449_LINK","SV5_OPTIONAL_07","S02_03","9","9","182,87|181,87|180,87|179,87|178,87|177,87|176,87|175,87|174,87","1e6b72cdd899037faa6eca523eb247245b83a2238d7e72a8406e27f2fad5c603"
"SV5_LOOP_CAND_f0b5cb7bb003c6d3f8b8","17344993271981786835","f0b5cb7bb003c6d3f8b8d9ea5a93063789ee9b013c323f569764e68a72c7c5e5","REJECTED","INELIGIBLE_HASH","False","SV5_INFILL_ROOM_088f25cbc663d6d3b7a4_LINK","SV5_INFILL_ROOM_1a82971bf4756de9b6e1_LINK","SV5_OPTIONAL_00","S11_08","7","7","381,367|382,367|383,367|384,367|385,367|386,367|387,367","1e6b72cdd899037faa6eca523eb247245b83a2238d7e72a8406e27f2fad5c603"
"SV5_LOOP_CAND_f0eb7816027acd00faa0","17360101224555924736","f0eb7816027acd00faa00b0ba41bf0348932e5b6dcd9280d7b5063aa6983a319","REJECTED","INELIGIBLE_HASH","False","SV5_INFILL_ROOM_0336ae99bc580abe01f7_LINK","SV5_INFILL_ROOM_0496c8692f6450167db1_LINK","SV5_OPTIONAL_14","S11_01","24","24","53,359|54,359|55,359|56,359|57,359|58,359|59,359|60,359|61,359|62,359|63,359|64,359|65,359|66,359|67,359|68,359|69,359|70,359|71,359|72,359|73,359|74,359|75,359|76,359","1e6b72cdd899037faa6eca523eb247245b83a2238d7e72a8406e27f2fad5c603"
"SV5_LOOP_CAND_f182e4259a3bab3ec1cb","17402722760265542462","f182e4259a3bab3ec1cb8905e9eca9ec0a59f4da69a4b790df23e24fe02b2301","REJECTED","INELIGIBLE_HASH","False","SV5_INFILL_ROOM_0336ae99bc580abe01f7_LINK","SV5_INFILL_ROOM_0496c8692f6450167db1_LINK","SV5_OPTIONAL_14","S11_01","17","17","52,359|53,359|54,359|55,359|56,359|57,359|58,359|59,359|60,359|61,359|62,359|63,359|64,359|65,359|66,359|67,359|68,359","1e6b72cdd899037faa6eca523eb247245b83a2238d7e72a8406e27f2fad5c603"
"SV5_LOOP_CAND_f18a3f054d19707d5dc5","17404793001927602301","f18a3f054d19707d5dc5fceb842ca61cad552fd6836c5009bc6397bb727c92c9","REJECTED","DUPLICATE_ENDPOINT_PAIR","True","SV5_INFILL_ROOM_04458846b0c9a081817d_LINK","SV5_INFILL_ROOM_41bfb11db98643b33449_LINK","SV5_OPTIONAL_07","S02_03","12","12","185,87|184,87|183,87|182,87|181,87|180,87|179,87|178,87|177,87|176,87|175,87|174,87","1e6b72cdd899037faa6eca523eb247245b83a2238d7e72a8406e27f2fad5c603"
"SV5_LOOP_CAND_f202d64aaeee1e599c0d","17438736323382746713","f202d64aaeee1e599c0dd114838f7bacf4fe05ed6f562f5903a86fcda26017d7","REJECTED","DUPLICATE_ENDPOINT_PAIR","True","SV5_INFILL_ROOM_0336ae99bc580abe01f7_LINK","SV5_INFILL_ROOM_0496c8692f6450167db1_LINK","SV5_OPTIONAL_14","S11_01","19","19","52,359|53,359|54,359|55,359|56,359|57,359|58,359|59,359|60,359|61,359|62,359|63,359|64,359|65,359|66,359|67,359|68,359|69,359|70,359","1e6b72cdd899037faa6eca523eb247245b83a2238d7e72a8406e27f2fad5c603"
"SV5_LOOP_CAND_f209164aea56dd1ef38e","17440495542983908638","f209164aea56dd1ef38ea1e29aea74acd1bd32f0fbc40be592a71d2268d25ac5","REJECTED","INELIGIBLE_HASH","False","SV5_INFILL_ROOM_0336ae99bc580abe01f7_LINK","SV5_INFILL_ROOM_0496c8692f6450167db1_LINK","SV5_OPTIONAL_14","S11_01","24","24","47,359|48,359|49,359|50,359|51,359|52,359|53,359|54,359|55,359|56,359|57,359|58,359|59,359|60,359|61,359|62,359|63,359|64,359|65,359|66,359|67,359|68,359|69,359|70,359","1e6b72cdd899037faa6eca523eb247245b83a2238d7e72a8406e27f2fad5c603"
"SV5_LOOP_CAND_f2329fc9d621067fadf0","17452187195243824767","f2329fc9d621067fadf009d81054931680bed865726bc9e573b7bfa115a6413b","REJECTED","INELIGIBLE_HASH","False","SV5_INFILL_ROOM_16de283f3026f06e031f_LINK","SV5_INFILL_ROOM_1ea3a9898e39ffe90dff_LINK","SV5_OPTIONAL_04","S03_11","9","9","559,108|558,108|558,107|557,107|556,107|555,107|554,107|553,107|552,107","1e6b72cdd899037faa6eca523eb247245b83a2238d7e72a8406e27f2fad5c603"
"SV5_LOOP_CAND_f234ba160bfd489715bc","17452779059820710039","f234ba160bfd489715bc2365302efd8eaf84600da5af278da7c9d5dbdd34c7e7","REJECTED","INELIGIBLE_HASH","False","SV5_INFILL_ROOM_0336ae99bc580abe01f7_LINK","SV5_INFILL_ROOM_0496c8692f6450167db1_LINK","SV5_OPTIONAL_14","S11_01","10","10","57,359|58,359|59,359|60,359|61,359|62,359|63,359|64,359|65,359|66,359","1e6b72cdd899037faa6eca523eb247245b83a2238d7e72a8406e27f2fad5c603"
"SV5_LOOP_CAND_f30c961485a6e4d2f7a5","17513538065822835922","f30c961485a6e4d2f7a557ce233c2e65e6a7c3fcef17bdf4e4e847cce85c0c24","REJECTED","DUPLICATE_ENDPOINT_PAIR","True","SV5_INFILL_ROOM_0336ae99bc580abe01f7_LINK","SV5_INFILL_ROOM_0496c8692f6450167db1_LINK","SV5_OPTIONAL_14","S11_01","18","18","48,359|49,359|50,359|51,359|52,359|53,359|54,359|55,359|56,359|57,359|58,359|59,359|60,359|61,359|62,359|63,359|64,359|65,359","1e6b72cdd899037faa6eca523eb247245b83a2238d7e72a8406e27f2fad5c603"
"SV5_LOOP_CAND_f3399246df3486afc15b","17526200257979123375","f3399246df3486afc15b2c180efdbe70b5258f80b4cdf093ac2edc7a93e368f6","REJECTED","INELIGIBLE_HASH","False","SV5_INFILL_ROOM_00d2455ea8bdf900b553_LINK","SV5_INFILL_ROOM_04258432ab0f33139931_LINK","SV5_OPTIONAL_12","S11_05","17","17","251,362|250,362|250,361|249,361|249,360|248,360|248,359|247,359|247,358|246,358|245,358|245,357|244,357|244,356|243,356|243,355|242,355","1e6b72cdd899037faa6eca523eb247245b83a2238d7e72a8406e27f2fad5c603"
"SV5_LOOP_CAND_f43ad9efcad3ccb51ae1","17598618117826923701","f43ad9efcad3ccb51ae13ff0c2ccff91ef08529edd22801d8f9b59f76988ebe9","REJECTED","DUPLICATE_ENDPOINT_PAIR","True","SV5_INFILL_ROOM_002b1fdb38d3b5d62912_LINK","SV5_INFILL_ROOM_04b3ee2d2f798b163c8e_LINK","SV5_OPTIONAL_04","S00_11","10","10","558,23|557,23|556,23|555,23|554,23|553,23|552,23|551,23|550,23|549,23","1e6b72cdd899037faa6eca523eb247245b83a2238d7e72a8406e27f2fad5c603"
"SV5_LOOP_CAND_f596c4ffab37416d141d","17696548388167172461","f596c4ffab37416d141d91acc0d00c094975138ce3089da3e6d8b9fb3ed8cde1","REJECTED","INELIGIBLE_HASH","False","SV5_INFILL_ROOM_0336ae99bc580abe01f7_LINK","SV5_INFILL_ROOM_0496c8692f6450167db1_LINK","SV5_OPTIONAL_14","S11_01","11","11","55,359|56,359|57,359|58,359|59,359|60,359|61,359|62,359|63,359|64,359|65,359","1e6b72cdd899037faa6eca523eb247245b83a2238d7e72a8406e27f2fad5c603"
"SV5_LOOP_CAND_f5a4488e501b19010f76","17700352211539400961","f5a4488e501b19010f7691d89064b17dab686e0dd164408a474e7c6b1aef161f","REJECTED","INELIGIBLE_HASH","False","SV5_INFILL_ROOM_0336ae99bc580abe01f7_LINK","SV5_INFILL_ROOM_0496c8692f6450167db1_LINK","SV5_OPTIONAL_14","S11_01","21","21","56,359|57,359|58,359|59,359|60,359|61,359|62,359|63,359|64,359|65,359|66,359|67,359|68,359|69,359|70,359|71,359|72,359|73,359|74,359|75,359|76,359","1e6b72cdd899037faa6eca523eb247245b83a2238d7e72a8406e27f2fad5c603"
"SV5_LOOP_CAND_f5b7e7764c50b7a5aa59","17705874955302909861","f5b7e7764c50b7a5aa591ef852a2240a4c5e688c8f4183cc928a18c5bfc00dc9","REJECTED","INELIGIBLE_HASH","False","SV5_INFILL_ROOM_0336ae99bc580abe01f7_LINK","SV5_INFILL_ROOM_0496c8692f6450167db1_LINK","SV5_OPTIONAL_14","S11_01","16","16","48,359|49,359|50,359|51,359|52,359|53,359|54,359|55,359|56,359|57,359|58,359|59,359|60,359|61,359|62,359|63,359","1e6b72cdd899037faa6eca523eb247245b83a2238d7e72a8406e27f2fad5c603"
"SV5_LOOP_CAND_f614a0ec5d51deeee101","17731974569902857966","f614a0ec5d51deeee1018e4383491edb95cda98ef2f0a48f3ff56c007ff16f67","REJECTED","INELIGIBLE_HASH","False","SV5_INFILL_ROOM_0336ae99bc580abe01f7_LINK","SV5_INFILL_ROOM_0496c8692f6450167db1_LINK","SV5_OPTIONAL_14","S11_01","22","22","47,359|48,359|49,359|50,359|51,359|52,359|53,359|54,359|55,359|56,359|57,359|58,359|59,359|60,359|61,359|62,359|63,359|64,359|65,359|66,359|67,359|68,359","1e6b72cdd899037faa6eca523eb247245b83a2238d7e72a8406e27f2fad5c603"
"SV5_LOOP_CAND_f76267be0c9928fb7d7c","17825924341038655739","f76267be0c9928fb7d7cec2c5f8637a002ec14ba156d9189a17857340dd24fdf","REJECTED","INELIGIBLE_HASH","False","SV5_INFILL_ROOM_04458846b0c9a081817d_LINK","SV5_INFILL_ROOM_41bfb11db98643b33449_LINK","SV5_OPTIONAL_07","S02_03","9","9","181,87|180,87|179,87|178,87|177,87|176,87|175,87|174,87|173,87","1e6b72cdd899037faa6eca523eb247245b83a2238d7e72a8406e27f2fad5c603"
"SV5_LOOP_CAND_f77d251ec67b524358bb","17833450913566249539","f77d251ec67b524358bbf52425426ce4b3f62df2da01fd1f4f4cd43b382cb2f8","REJECTED","INELIGIBLE_HASH","False","SV5_INFILL_ROOM_0336ae99bc580abe01f7_LINK","SV5_INFILL_ROOM_0496c8692f6450167db1_LINK","SV5_OPTIONAL_14","S11_01","20","20","55,359|56,359|57,359|58,359|59,359|60,359|61,359|62,359|63,359|64,359|65,359|66,359|67,359|68,359|69,359|70,359|71,359|72,359|73,359|74,359","1e6b72cdd899037faa6eca523eb247245b83a2238d7e72a8406e27f2fad5c603"
"SV5_LOOP_CAND_f8b404b9c9cb73c399e9","17920954013215060931","f8b404b9c9cb73c399e9d0b783c5a7660d0b258e6c9fe0f347dd72ce2a8e7a05","REJECTED","INELIGIBLE_HASH","False","SV5_INFILL_ROOM_0211dda6690845617294_LINK","SV5_INFILL_ROOM_03bff8d63e21cbc62be9_LINK","SV5_OPTIONAL_06","S01_04","21","21","206,54|207,54|207,53|208,53|209,53|210,53|211,53|212,53|212,52|213,52|214,52|215,52|216,52|217,52|218,52|218,51|219,51|220,51|221,51|222,51|223,51","1e6b72cdd899037faa6eca523eb247245b83a2238d7e72a8406e27f2fad5c603"
"SV5_LOOP_CAND_f8be5c06ce111dea8fda","17923864751277940202","f8be5c06ce111dea8fda3252b344875b0d0f61985799513e29f520f28b5299ff","REJECTED","DUPLICATE_ENDPOINT_PAIR","True","SV5_INFILL_ROOM_0336ae99bc580abe01f7_LINK","SV5_INFILL_ROOM_0496c8692f6450167db1_LINK","SV5_OPTIONAL_14","S11_01","7","7","56,359|57,359|58,359|59,359|60,359|61,359|62,359","1e6b72cdd899037faa6eca523eb247245b83a2238d7e72a8406e27f2fad5c603"
"SV5_LOOP_CAND_fa4d4e8a283af1ad5350","18036158437976109485","fa4d4e8a283af1ad53501bc21300209aae7148ef04fcc030444b8c42608c4aff","REJECTED","INELIGIBLE_HASH","False","SV5_INFILL_ROOM_04458846b0c9a081817d_LINK","SV5_INFILL_ROOM_41bfb11db98643b33449_LINK","SV5_OPTIONAL_07","S02_03","7","7","180,87|179,87|178,87|177,87|176,87|175,87|174,87","1e6b72cdd899037faa6eca523eb247245b83a2238d7e72a8406e27f2fad5c603"
"SV5_LOOP_CAND_fc524275d2d7d8b095f2","18181667719464081584","fc524275d2d7d8b095f26de0c797000b26217bc16075a50f16d755e06f3f2c5e","REJECTED","INELIGIBLE_HASH","False","SV5_INFILL_ROOM_0336ae99bc580abe01f7_LINK","SV5_INFILL_ROOM_0496c8692f6450167db1_LINK","SV5_OPTIONAL_14","S11_01","17","17","54,359|55,359|56,359|57,359|58,359|59,359|60,359|61,359|62,359|63,359|64,359|65,359|66,359|67,359|68,359|69,359|70,359","1e6b72cdd899037faa6eca523eb247245b83a2238d7e72a8406e27f2fad5c603"
"SV5_LOOP_CAND_fc73e7ea4579933cd612","18191138313253524284","fc73e7ea4579933cd6126268f1a3d4a1c2a9cbc71d378709694809fb33d8e79c","REJECTED","INELIGIBLE_HASH","False","SV5_INFILL_ROOM_005a04bda9ede05b1190_LINK","SV5_INFILL_ROOM_1c4c6b34887f12eefac3_LINK","SV5_OPTIONAL_09","S04_02","16","16","125,131|126,131|127,131|127,132|128,132|129,132|130,132|130,133|131,133|132,133|133,133|133,134|134,134|135,134|135,135|136,135","1e6b72cdd899037faa6eca523eb247245b83a2238d7e72a8406e27f2fad5c603"
"SV5_LOOP_CAND_fcee92d3b8fe680a60ec","18225666180054411274","fcee92d3b8fe680a60ecf5bf20eccc319bc21e97c74fa1b40ed254b464e84d62","REJECTED","INELIGIBLE_HASH","False","SV5_INFILL_ROOM_0336ae99bc580abe01f7_LINK","SV5_INFILL_ROOM_0496c8692f6450167db1_LINK","SV5_OPTIONAL_14","S11_01","19","19","58,359|59,359|60,359|61,359|62,359|63,359|64,359|65,359|66,359|67,359|68,359|69,359|70,359|71,359|72,359|73,359|74,359|75,359|76,359","1e6b72cdd899037faa6eca523eb247245b83a2238d7e72a8406e27f2fad5c603"
"SV5_LOOP_CAND_fdf086d68b1fe8d5130e","18298273542021572821","fdf086d68b1fe8d5130e47abb7c35cb76c8d5eb73f0e5dd36d1db1c0aa6eff9d","REJECTED","DUPLICATE_ENDPOINT_PAIR","True","SV5_INFILL_ROOM_0336ae99bc580abe01f7_LINK","SV5_INFILL_ROOM_0496c8692f6450167db1_LINK","SV5_OPTIONAL_14","S11_01","20","20","58,359|59,359|60,359|61,359|62,359|63,359|64,359|65,359|66,359|67,359|68,359|69,359|70,359|71,359|72,359|73,359|74,359|75,359|76,359|77,359","1e6b72cdd899037faa6eca523eb247245b83a2238d7e72a8406e27f2fad5c603"
"SV5_LOOP_CAND_fe9f7eb94e6dc151f923","18347522741280555345","fe9f7eb94e6dc151f92315cc39612969b1435dec80308e8ffb21fe7094607961","REJECTED","INELIGIBLE_HASH","False","SV5_INFILL_ROOM_0336ae99bc580abe01f7_LINK","SV5_INFILL_ROOM_0496c8692f6450167db1_LINK","SV5_OPTIONAL_14","S11_01","15","15","49,359|50,359|51,359|52,359|53,359|54,359|55,359|56,359|57,359|58,359|59,359|60,359|61,359|62,359|63,359","1e6b72cdd899037faa6eca523eb247245b83a2238d7e72a8406e27f2fad5c603"
"SV5_LOOP_CAND_feab263f6266cf149ec7","18350803160326917908","feab263f6266cf149ec71dd1564b6bc3d8a21f3e0685fe97bf7ddd2c6e2be37f","REJECTED","DUPLICATE_ENDPOINT_PAIR","True","SV5_INFILL_ROOM_002b1fdb38d3b5d62912_LINK","SV5_INFILL_ROOM_04b3ee2d2f798b163c8e_LINK","SV5_OPTIONAL_04","S00_11","17","17","559,23|558,23|557,23|556,23|555,23|554,23|553,23|552,23|551,23|550,23|549,23|548,23|547,23|546,23|545,23|544,23|543,23","1e6b72cdd899037faa6eca523eb247245b83a2238d7e72a8406e27f2fad5c603"
"SV5_LOOP_CAND_fed06ed001dfcafb4abd","18361297520453208827","fed06ed001dfcafb4abd9442bc46ad5847fd089d4ce5386d42fbc9894bfdbed6","REJECTED","DUPLICATE_ENDPOINT_PAIR","True","SV5_INFILL_ROOM_0336ae99bc580abe01f7_LINK","SV5_INFILL_ROOM_0496c8692f6450167db1_LINK","SV5_OPTIONAL_14","S11_01","15","15","51,359|52,359|53,359|54,359|55,359|56,359|57,359|58,359|59,359|60,359|61,359|62,359|63,359|64,359|65,359","1e6b72cdd899037faa6eca523eb247245b83a2238d7e72a8406e27f2fad5c603"
