hub_id,x,y,cell_role,micro_x,micro_y,micro_pattern_owner,source_value,final_value,plan_digest
SV5_HUB_0949d931bfb252f66eb3,272,264,SOLID,68,66,SV5_HUB_0949d931bfb252f66eb3@68:66,UNKNOWN,SOLID,ae08f7778b162cf6feef0301bce718d96153069bba0097e5c4e94b4d23303297
SV5_HUB_0949d931bfb252f66eb3,273,264,SOLID,68,66,SV5_HUB_0949d931bfb252f66eb3@68:66,UNKNOWN,SOLID,ae08f7778b162cf6feef0301bce718d96153069bba0097e5c4e94b4d23303297
SV5_HUB_0949d931bfb252f66eb3,274,264,SOLID,68,66,SV5_HUB_0949d931bfb252f66eb3@68:66,UNKNOWN,SOLID,ae08f7778b162cf6feef0301bce718d96153069bba0097e5c4e94b4d23303297
SV5_HUB_0949d931bfb252f66eb3,275,264,SOLID,68,66,SV5_HUB_0949d931bfb252f66eb3@68:66,UNKNOWN,SOLID,ae08f7778b162cf6feef0301bce718d96153069bba0097e5c4e94b4d23303297
SV5_HUB_0949d931bfb252f66eb3,276,264,SOLID,69,66,SV5_HUB_0949d931bfb252f66eb3@69:66,UNKNOWN,SOLID,ae08f7778b162cf6feef0301bce718d96153069bba0097e5c4e94b4d23303297
SV5_HUB_0949d931bfb252f66eb3,277,264,SOLID,69,66,SV5_HUB_0949d931bfb252f66eb3@69:66,UNKNOWN,SOLID,ae08f7778b162cf6feef0301bce718d96153069bba0097e5c4e94b4d23303297
SV5_HUB_0949d931bfb252f66eb3,278,264,SOLID,69,66,SV5_HUB_0949d931bfb252f66eb3@69:66,UNKNOWN,SOLID,ae08f7778b162cf6feef0301bce718d96153069bba0097e5c4e94b4d23303297
SV5_HUB_0949d931bfb252f66eb3,279,264,SOLID,69,66,SV5_HUB_0949d931bfb252f66eb3@69:66,UNKNOWN,SOLID,ae08f7778b162cf6feef0301bce718d96153069bba0097e5c4e94b4d23303297
SV5_HUB_0949d931bfb252f66eb3,280,264,SOLID,70,66,SV5_HUB_0949d931bfb252f66eb3@70:66,UNKNOWN,SOLID,ae08f7778b162cf6feef0301bce718d96153069bba0097e5c4e94b4d23303297
SV5_HUB_0949d931bfb252f66eb3,281,264,SOLID,70,66,SV5_HUB_0949d931bfb252f66eb3@70:66,UNKNOWN,SOLID,ae08f7778b162cf6feef0301bce718d96153069bba0097e5c4e94b4d23303297
SV5_HUB_0949d931bfb252f66eb3,282,264,SOLID,70,66,SV5_HUB_0949d931bfb252f66eb3@70:66,UNKNOWN,SOLID,ae08f7778b162cf6feef0301bce718d96153069bba0097e5c4e94b4d23303297
SV5_HUB_0949d931bfb252f66eb3,283,264,SOLID,70,66,SV5_HUB_0949d931bfb252f66eb3@70:66,UNKNOWN,SOLID,ae08f7778b162cf6feef0301bce718d96153069bba0097e5c4e94b4d23303297
SV5_HUB_0949d931bfb252f66eb3,284,264,SOLID,71,66,SV5_HUB_0949d931bfb252f66eb3@71:66,UNKNOWN,SOLID,ae08f7778b162cf6feef0301bce718d96153069bba0097e5c4e94b4d23303297
SV5_HUB_0949d931bfb252f66eb3,285,264,SOLID,71,66,SV5_HUB_0949d931bfb252f66eb3@71:66,UNKNOWN,SOLID,ae08f7778b162cf6feef0301bce718d96153069bba0097e5c4e94b4d23303297
SV5_HUB_0949d931bfb252f66eb3,286,264,SOLID,71,66,SV5_HUB_0949d931bfb252f66eb3@71:66,UNKNOWN,SOLID,ae08f7778b162cf6feef0301bce718d96153069bba0097e5c4e94b4d23303297
SV5_HUB_0949d931bfb252f66eb3,287,264,SOLID,71,66,SV5_HUB_0949d931bfb252f66eb3@71:66,UNKNOWN,SOLID,ae08f7778b162cf6feef0301bce718d96153069bba0097e5c4e94b4d23303297
SV5_HUB_0949d931bfb252f66eb3,288,264,SOLID,72,66,SV5_HUB_0949d931bfb252f66eb3@72:66,UNKNOWN,SOLID,ae08f7778b162cf6feef0301bce718d96153069bba0097e5c4e94b4d23303297
SV5_HUB_0949d931bfb252f66eb3,289,264,SOLID,72,66,SV5_HUB_0949d931bfb252f66eb3@72:66,UNKNOWN,SOLID,ae08f7778b162cf6feef0301bce718d96153069bba0097e5c4e94b4d23303297
SV5_HUB_0949d931bfb252f66eb3,290,264,SOLID,72,66,SV5_HUB_0949d931bfb252f66eb3@72:66,UNKNOWN,SOLID,ae08f7778b162cf6feef0301bce718d96153069bba0097e5c4e94b4d23303297
SV5_HUB_0949d931bfb252f66eb3,291,264,SOLID,72,66,SV5_HUB_0949d931bfb252f66eb3@72:66,UNKNOWN,SOLID,ae08f7778b162cf6feef0301bce718d96153069bba0097e5c4e94b4d23303297
SV5_HUB_0949d931bfb252f66eb3,292,264,SOLID,73,66,SV5_HUB_0949d931bfb252f66eb3@73:66,UNKNOWN,SOLID,ae08f7778b162cf6feef0301bce718d96153069bba0097e5c4e94b4d23303297
SV5_HUB_0949d931bfb252f66eb3,293,264,SOLID,73,66,SV5_HUB_0949d931bfb252f66eb3@73:66,UNKNOWN,SOLID,ae08f7778b162cf6feef0301bce718d96153069bba0097e5c4e94b4d23303297
SV5_HUB_0949d931bfb252f66eb3,294,264,SOLID,73,66,SV5_HUB_0949d931bfb252f66eb3@73:66,UNKNOWN,SOLID,ae08f7778b162cf6feef0301bce718d96153069bba0097e5c4e94b4d23303297
SV5_HUB_0949d931bfb252f66eb3,295,264,SOLID,73,66,SV5_HUB_0949d931bfb252f66eb3@73:66,UNKNOWN,SOLID,ae08f7778b162cf6feef0301bce718d96153069bba0097e5c4e94b4d23303297
SV5_HUB_0949d931bfb252f66eb3,272,265,SOLID,68,66,SV5_HUB_0949d931bfb252f66eb3@68:66,UNKNOWN,SOLID,ae08f7778b162cf6feef0301bce718d96153069bba0097e5c4e94b4d23303297
SV5_HUB_0949d931bfb252f66eb3,273,265,SOLID,68,66,SV5_HUB_0949d931bfb252f66eb3@68:66,UNKNOWN,SOLID,ae08f7778b162cf6feef0301bce718d96153069bba0097e5c4e94b4d23303297
SV5_HUB_0949d931bfb252f66eb3,274,265,SOLID,68,66,SV5_HUB_0949d931bfb252f66eb3@68:66,UNKNOWN,SOLID,ae08f7778b162cf6feef0301bce718d96153069bba0097e5c4e94b4d23303297
SV5_HUB_0949d931bfb252f66eb3,275,265,SOLID,68,66,SV5_HUB_0949d931bfb252f66eb3@68:66,UNKNOWN,SOLID,ae08f7778b162cf6feef0301bce718d96153069bba0097e5c4e94b4d23303297
SV5_HUB_0949d931bfb252f66eb3,276,265,SOLID,69,66,SV5_HUB_0949d931bfb252f66eb3@69:66,UNKNOWN,SOLID,ae08f7778b162cf6feef0301bce718d96153069bba0097e5c4e94b4d23303297
SV5_HUB_0949d931bfb252f66eb3,277,265,SOLID,69,66,SV5_HUB_0949d931bfb252f66eb3@69:66,UNKNOWN,SOLID,ae08f7778b162cf6feef0301bce718d96153069bba0097e5c4e94b4d23303297
SV5_HUB_0949d931bfb252f66eb3,278,265,SOLID,69,66,SV5_HUB_0949d931bfb252f66eb3@69:66,UNKNOWN,SOLID,ae08f7778b162cf6feef0301bce718d96153069bba0097e5c4e94b4d23303297
SV5_HUB_0949d931bfb252f66eb3,279,265,SOLID,69,66,SV5_HUB_0949d931bfb252f66eb3@69:66,UNKNOWN,SOLID,ae08f7778b162cf6feef0301bce718d96153069bba0097e5c4e94b4d23303297
SV5_HUB_0949d931bfb252f66eb3,280,265,SOLID,70,66,SV5_HUB_0949d931bfb252f66eb3@70:66,UNKNOWN,SOLID,ae08f7778b162cf6feef0301bce718d96153069bba0097e5c4e94b4d23303297
SV5_HUB_0949d931bfb252f66eb3,281,265,SOLID,70,66,SV5_HUB_0949d931bfb252f66eb3@70:66,UNKNOWN,SOLID,ae08f7778b162cf6feef0301bce718d96153069bba0097e5c4e94b4d23303297
SV5_HUB_0949d931bfb252f66eb3,282,265,SOLID,70,66,SV5_HUB_0949d931bfb252f66eb3@70:66,UNKNOWN,SOLID,ae08f7778b162cf6feef0301bce718d96153069bba0097e5c4e94b4d23303297
SV5_HUB_0949d931bfb252f66eb3,283,265,SOLID,70,66,SV5_HUB_0949d931bfb252f66eb3@70:66,UNKNOWN,SOLID,ae08f7778b162cf6feef0301bce718d96153069bba0097e5c4e94b4d23303297
SV5_HUB_0949d931bfb252f66eb3,284,265,SOLID,71,66,SV5_HUB_0949d931bfb252f66eb3@71:66,UNKNOWN,SOLID,ae08f7778b162cf6feef0301bce718d96153069bba0097e5c4e94b4d23303297
SV5_HUB_0949d931bfb252f66eb3,285,265,SOLID,71,66,SV5_HUB_0949d931bfb252f66eb3@71:66,UNKNOWN,SOLID,ae08f7778b162cf6feef0301bce718d96153069bba0097e5c4e94b4d23303297
SV5_HUB_0949d931bfb252f66eb3,286,265,SOLID,71,66,SV5_HUB_0949d931bfb252f66eb3@71:66,UNKNOWN,SOLID,ae08f7778b162cf6feef0301bce718d96153069bba0097e5c4e94b4d23303297
SV5_HUB_0949d931bfb252f66eb3,287,265,SOLID,71,66,SV5_HUB_0949d931bfb252f66eb3@71:66,UNKNOWN,SOLID,ae08f7778b162cf6feef0301bce718d96153069bba0097e5c4e94b4d23303297
SV5_HUB_0949d931bfb252f66eb3,288,265,SOLID,72,66,SV5_HUB_0949d931bfb252f66eb3@72:66,UNKNOWN,SOLID,ae08f7778b162cf6feef0301bce718d96153069bba0097e5c4e94b4d23303297
SV5_HUB_0949d931bfb252f66eb3,289,265,SOLID,72,66,SV5_HUB_0949d931bfb252f66eb3@72:66,UNKNOWN,SOLID,ae08f7778b162cf6feef0301bce718d96153069bba0097e5c4e94b4d23303297
SV5_HUB_0949d931bfb252f66eb3,290,265,SOLID,72,66,SV5_HUB_0949d931bfb252f66eb3@72:66,UNKNOWN,SOLID,ae08f7778b162cf6feef0301bce718d96153069bba0097e5c4e94b4d23303297
SV5_HUB_0949d931bfb252f66eb3,291,265,SOLID,72,66,SV5_HUB_0949d931bfb252f66eb3@72:66,UNKNOWN,SOLID,ae08f7778b162cf6feef0301bce718d96153069bba0097e5c4e94b4d23303297
SV5_HUB_0949d931bfb252f66eb3,292,265,SOLID,73,66,SV5_HUB_0949d931bfb252f66eb3@73:66,UNKNOWN,SOLID,ae08f7778b162cf6feef0301bce718d96153069bba0097e5c4e94b4d23303297
SV5_HUB_0949d931bfb252f66eb3,293,265,SOLID,73,66,SV5_HUB_0949d931bfb252f66eb3@73:66,UNKNOWN,SOLID,ae08f7778b162cf6feef0301bce718d96153069bba0097e5c4e94b4d23303297
SV5_HUB_0949d931bfb252f66eb3,294,265,SOLID,73,66,SV5_HUB_0949d931bfb252f66eb3@73:66,UNKNOWN,SOLID,ae08f7778b162cf6feef0301bce718d96153069bba0097e5c4e94b4d23303297
SV5_HUB_0949d931bfb252f66eb3,295,265,SOLID,73,66,SV5_HUB_0949d931bfb252f66eb3@73:66,UNKNOWN,SOLID,ae08f7778b162cf6feef0301bce718d96153069bba0097e5c4e94b4d23303297
SV5_HUB_0949d931bfb252f66eb3,272,266,SOLID,68,66,SV5_HUB_0949d931bfb252f66eb3@68:66,UNKNOWN,SOLID,ae08f7778b162cf6feef0301bce718d96153069bba0097e5c4e94b4d23303297
SV5_HUB_0949d931bfb252f66eb3,273,266,SOLID,68,66,SV5_HUB_0949d931bfb252f66eb3@68:66,UNKNOWN,SOLID,ae08f7778b162cf6feef0301bce718d96153069bba0097e5c4e94b4d23303297
SV5_HUB_0949d931bfb252f66eb3,274,266,SOLID,68,66,SV5_HUB_0949d931bfb252f66eb3@68:66,UNKNOWN,SOLID,ae08f7778b162cf6feef0301bce718d96153069bba0097e5c4e94b4d23303297
SV5_HUB_0949d931bfb252f66eb3,275,266,SOLID,68,66,SV5_HUB_0949d931bfb252f66eb3@68:66,UNKNOWN,SOLID,ae08f7778b162cf6feef0301bce718d96153069bba0097e5c4e94b4d23303297
SV5_HUB_0949d931bfb252f66eb3,276,266,SOLID,69,66,SV5_HUB_0949d931bfb252f66eb3@69:66,UNKNOWN,SOLID,ae08f7778b162cf6feef0301bce718d96153069bba0097e5c4e94b4d23303297
SV5_HUB_0949d931bfb252f66eb3,277,266,SOLID,69,66,SV5_HUB_0949d931bfb252f66eb3@69:66,UNKNOWN,SOLID,ae08f7778b162cf6feef0301bce718d96153069bba0097e5c4e94b4d23303297
SV5_HUB_0949d931bfb252f66eb3,278,266,SOLID,69,66,SV5_HUB_0949d931bfb252f66eb3@69:66,UNKNOWN,SOLID,ae08f7778b162cf6feef0301bce718d96153069bba0097e5c4e94b4d23303297
SV5_HUB_0949d931bfb252f66eb3,279,266,SOLID,69,66,SV5_HUB_0949d931bfb252f66eb3@69:66,UNKNOWN,SOLID,ae08f7778b162cf6feef0301bce718d96153069bba0097e5c4e94b4d23303297
SV5_HUB_0949d931bfb252f66eb3,280,266,SOLID,70,66,SV5_HUB_0949d931bfb252f66eb3@70:66,UNKNOWN,SOLID,ae08f7778b162cf6feef0301bce718d96153069bba0097e5c4e94b4d23303297
SV5_HUB_0949d931bfb252f66eb3,281,266,SOLID,70,66,SV5_HUB_0949d931bfb252f66eb3@70:66,UNKNOWN,SOLID,ae08f7778b162cf6feef0301bce718d96153069bba0097e5c4e94b4d23303297
SV5_HUB_0949d931bfb252f66eb3,282,266,SOLID,70,66,SV5_HUB_0949d931bfb252f66eb3@70:66,UNKNOWN,SOLID,ae08f7778b162cf6feef0301bce718d96153069bba0097e5c4e94b4d23303297
SV5_HUB_0949d931bfb252f66eb3,283,266,SOLID,70,66,SV5_HUB_0949d931bfb252f66eb3@70:66,UNKNOWN,SOLID,ae08f7778b162cf6feef0301bce718d96153069bba0097e5c4e94b4d23303297
SV5_HUB_0949d931bfb252f66eb3,284,266,SOLID,71,66,SV5_HUB_0949d931bfb252f66eb3@71:66,UNKNOWN,SOLID,ae08f7778b162cf6feef0301bce718d96153069bba0097e5c4e94b4d23303297
SV5_HUB_0949d931bfb252f66eb3,285,266,SOLID,71,66,SV5_HUB_0949d931bfb252f66eb3@71:66,UNKNOWN,SOLID,ae08f7778b162cf6feef0301bce718d96153069bba0097e5c4e94b4d23303297
SV5_HUB_0949d931bfb252f66eb3,286,266,SOLID,71,66,SV5_HUB_0949d931bfb252f66eb3@71:66,UNKNOWN,SOLID,ae08f7778b162cf6feef0301bce718d96153069bba0097e5c4e94b4d23303297
SV5_HUB_0949d931bfb252f66eb3,287,266,SOLID,71,66,SV5_HUB_0949d931bfb252f66eb3@71:66,UNKNOWN,SOLID,ae08f7778b162cf6feef0301bce718d96153069bba0097e5c4e94b4d23303297
SV5_HUB_0949d931bfb252f66eb3,288,266,SOLID,72,66,SV5_HUB_0949d931bfb252f66eb3@72:66,UNKNOWN,SOLID,ae08f7778b162cf6feef0301bce718d96153069bba0097e5c4e94b4d23303297
SV5_HUB_0949d931bfb252f66eb3,289,266,SOLID,72,66,SV5_HUB_0949d931bfb252f66eb3@72:66,UNKNOWN,SOLID,ae08f7778b162cf6feef0301bce718d96153069bba0097e5c4e94b4d23303297
SV5_HUB_0949d931bfb252f66eb3,290,266,SOLID,72,66,SV5_HUB_0949d931bfb252f66eb3@72:66,UNKNOWN,SOLID,ae08f7778b162cf6feef0301bce718d96153069bba0097e5c4e94b4d23303297
SV5_HUB_0949d931bfb252f66eb3,291,266,SOLID,72,66,SV5_HUB_0949d931bfb252f66eb3@72:66,UNKNOWN,SOLID,ae08f7778b162cf6feef0301bce718d96153069bba0097e5c4e94b4d23303297
SV5_HUB_0949d931bfb252f66eb3,292,266,SOLID,73,66,SV5_HUB_0949d931bfb252f66eb3@73:66,UNKNOWN,SOLID,ae08f7778b162cf6feef0301bce718d96153069bba0097e5c4e94b4d23303297
SV5_HUB_0949d931bfb252f66eb3,293,266,SOLID,73,66,SV5_HUB_0949d931bfb252f66eb3@73:66,UNKNOWN,SOLID,ae08f7778b162cf6feef0301bce718d96153069bba0097e5c4e94b4d23303297
SV5_HUB_0949d931bfb252f66eb3,294,266,SOLID,73,66,SV5_HUB_0949d931bfb252f66eb3@73:66,UNKNOWN,SOLID,ae08f7778b162cf6feef0301bce718d96153069bba0097e5c4e94b4d23303297
SV5_HUB_0949d931bfb252f66eb3,295,266,SOLID,73,66,SV5_HUB_0949d931bfb252f66eb3@73:66,UNKNOWN,SOLID,ae08f7778b162cf6feef0301bce718d96153069bba0097e5c4e94b4d23303297
SV5_HUB_0949d931bfb252f66eb3,272,267,SOLID,68,66,SV5_HUB_0949d931bfb252f66eb3@68:66,UNKNOWN,SOLID,ae08f7778b162cf6feef0301bce718d96153069bba0097e5c4e94b4d23303297
SV5_HUB_0949d931bfb252f66eb3,273,267,SOLID,68,66,SV5_HUB_0949d931bfb252f66eb3@68:66,UNKNOWN,SOLID,ae08f7778b162cf6feef0301bce718d96153069bba0097e5c4e94b4d23303297
SV5_HUB_0949d931bfb252f66eb3,274,267,SOLID,68,66,SV5_HUB_0949d931bfb252f66eb3@68:66,UNKNOWN,SOLID,ae08f7778b162cf6feef0301bce718d96153069bba0097e5c4e94b4d23303297
SV5_HUB_0949d931bfb252f66eb3,275,267,SOLID,68,66,SV5_HUB_0949d931bfb252f66eb3@68:66,UNKNOWN,SOLID,ae08f7778b162cf6feef0301bce718d96153069bba0097e5c4e94b4d23303297
SV5_HUB_0949d931bfb252f66eb3,276,267,SOLID,69,66,SV5_HUB_0949d931bfb252f66eb3@69:66,UNKNOWN,SOLID,ae08f7778b162cf6feef0301bce718d96153069bba0097e5c4e94b4d23303297
SV5_HUB_0949d931bfb252f66eb3,277,267,SOLID,69,66,SV5_HUB_0949d931bfb252f66eb3@69:66,UNKNOWN,SOLID,ae08f7778b162cf6feef0301bce718d96153069bba0097e5c4e94b4d23303297
SV5_HUB_0949d931bfb252f66eb3,278,267,SOLID,69,66,SV5_HUB_0949d931bfb252f66eb3@69:66,UNKNOWN,SOLID,ae08f7778b162cf6feef0301bce718d96153069bba0097e5c4e94b4d23303297
SV5_HUB_0949d931bfb252f66eb3,279,267,SOLID,69,66,SV5_HUB_0949d931bfb252f66eb3@69:66,UNKNOWN,SOLID,ae08f7778b162cf6feef0301bce718d96153069bba0097e5c4e94b4d23303297
SV5_HUB_0949d931bfb252f66eb3,280,267,SOLID,70,66,SV5_HUB_0949d931bfb252f66eb3@70:66,UNKNOWN,SOLID,ae08f7778b162cf6feef0301bce718d96153069bba0097e5c4e94b4d23303297
SV5_HUB_0949d931bfb252f66eb3,281,267,SOLID,70,66,SV5_HUB_0949d931bfb252f66eb3@70:66,UNKNOWN,SOLID,ae08f7778b162cf6feef0301bce718d96153069bba0097e5c4e94b4d23303297
SV5_HUB_0949d931bfb252f66eb3,282,267,SOLID,70,66,SV5_HUB_0949d931bfb252f66eb3@70:66,UNKNOWN,SOLID,ae08f7778b162cf6feef0301bce718d96153069bba0097e5c4e94b4d23303297
SV5_HUB_0949d931bfb252f66eb3,283,267,SOLID,70,66,SV5_HUB_0949d931bfb252f66eb3@70:66,UNKNOWN,SOLID,ae08f7778b162cf6feef0301bce718d96153069bba0097e5c4e94b4d23303297
SV5_HUB_0949d931bfb252f66eb3,284,267,SOLID,71,66,SV5_HUB_0949d931bfb252f66eb3@71:66,UNKNOWN,SOLID,ae08f7778b162cf6feef0301bce718d96153069bba0097e5c4e94b4d23303297
SV5_HUB_0949d931bfb252f66eb3,285,267,SOLID,71,66,SV5_HUB_0949d931bfb252f66eb3@71:66,UNKNOWN,SOLID,ae08f7778b162cf6feef0301bce718d96153069bba0097e5c4e94b4d23303297
SV5_HUB_0949d931bfb252f66eb3,286,267,SOLID,71,66,SV5_HUB_0949d931bfb252f66eb3@71:66,UNKNOWN,SOLID,ae08f7778b162cf6feef0301bce718d96153069bba0097e5c4e94b4d23303297
SV5_HUB_0949d931bfb252f66eb3,287,267,SOLID,71,66,SV5_HUB_0949d931bfb252f66eb3@71:66,UNKNOWN,SOLID,ae08f7778b162cf6feef0301bce718d96153069bba0097e5c4e94b4d23303297
SV5_HUB_0949d931bfb252f66eb3,288,267,SOLID,72,66,SV5_HUB_0949d931bfb252f66eb3@72:66,UNKNOWN,SOLID,ae08f7778b162cf6feef0301bce718d96153069bba0097e5c4e94b4d23303297
SV5_HUB_0949d931bfb252f66eb3,289,267,SOLID,72,66,SV5_HUB_0949d931bfb252f66eb3@72:66,UNKNOWN,SOLID,ae08f7778b162cf6feef0301bce718d96153069bba0097e5c4e94b4d23303297
SV5_HUB_0949d931bfb252f66eb3,290,267,SOLID,72,66,SV5_HUB_0949d931bfb252f66eb3@72:66,UNKNOWN,SOLID,ae08f7778b162cf6feef0301bce718d96153069bba0097e5c4e94b4d23303297
SV5_HUB_0949d931bfb252f66eb3,291,267,SOLID,72,66,SV5_HUB_0949d931bfb252f66eb3@72:66,UNKNOWN,SOLID,ae08f7778b162cf6feef0301bce718d96153069bba0097e5c4e94b4d23303297
SV5_HUB_0949d931bfb252f66eb3,292,267,SOLID,73,66,SV5_HUB_0949d931bfb252f66eb3@73:66,UNKNOWN,SOLID,ae08f7778b162cf6feef0301bce718d96153069bba0097e5c4e94b4d23303297
SV5_HUB_0949d931bfb252f66eb3,293,267,SOLID,73,66,SV5_HUB_0949d931bfb252f66eb3@73:66,UNKNOWN,SOLID,ae08f7778b162cf6feef0301bce718d96153069bba0097e5c4e94b4d23303297
SV5_HUB_0949d931bfb252f66eb3,294,267,SOLID,73,66,SV5_HUB_0949d931bfb252f66eb3@73:66,UNKNOWN,SOLID,ae08f7778b162cf6feef0301bce718d96153069bba0097e5c4e94b4d23303297
SV5_HUB_0949d931bfb252f66eb3,295,267,SOLID,73,66,SV5_HUB_0949d931bfb252f66eb3@73:66,UNKNOWN,SOLID,ae08f7778b162cf6feef0301bce718d96153069bba0097e5c4e94b4d23303297
SV5_HUB_0949d931bfb252f66eb3,272,268,SOLID,68,67,SV5_HUB_0949d931bfb252f66eb3@68:67,UNKNOWN,SOLID,ae08f7778b162cf6feef0301bce718d96153069bba0097e5c4e94b4d23303297
SV5_HUB_0949d931bfb252f66eb3,273,268,SOLID,68,67,SV5_HUB_0949d931bfb252f66eb3@68:67,UNKNOWN,SOLID,ae08f7778b162cf6feef0301bce718d96153069bba0097e5c4e94b4d23303297
SV5_HUB_0949d931bfb252f66eb3,274,268,SOLID,68,67,SV5_HUB_0949d931bfb252f66eb3@68:67,UNKNOWN,SOLID,ae08f7778b162cf6feef0301bce718d96153069bba0097e5c4e94b4d23303297
SV5_HUB_0949d931bfb252f66eb3,275,268,SOLID,68,67,SV5_HUB_0949d931bfb252f66eb3@68:67,UNKNOWN,SOLID,ae08f7778b162cf6feef0301bce718d96153069bba0097e5c4e94b4d23303297
SV5_HUB_0949d931bfb252f66eb3,276,268,SOLID,69,67,SV5_HUB_0949d931bfb252f66eb3@69:67,UNKNOWN,SOLID,ae08f7778b162cf6feef0301bce718d96153069bba0097e5c4e94b4d23303297
SV5_HUB_0949d931bfb252f66eb3,277,268,SOLID,69,67,SV5_HUB_0949d931bfb252f66eb3@69:67,UNKNOWN,SOLID,ae08f7778b162cf6feef0301bce718d96153069bba0097e5c4e94b4d23303297
SV5_HUB_0949d931bfb252f66eb3,278,268,SOLID,69,67,SV5_HUB_0949d931bfb252f66eb3@69:67,UNKNOWN,SOLID,ae08f7778b162cf6feef0301bce718d96153069bba0097e5c4e94b4d23303297
SV5_HUB_0949d931bfb252f66eb3,279,268,SOLID,69,67,SV5_HUB_0949d931bfb252f66eb3@69:67,UNKNOWN,SOLID,ae08f7778b162cf6feef0301bce718d96153069bba0097e5c4e94b4d23303297
SV5_HUB_0949d931bfb252f66eb3,280,268,SOLID,70,67,SV5_HUB_0949d931bfb252f66eb3@70:67,UNKNOWN,SOLID,ae08f7778b162cf6feef0301bce718d96153069bba0097e5c4e94b4d23303297
SV5_HUB_0949d931bfb252f66eb3,281,268,SOLID,70,67,SV5_HUB_0949d931bfb252f66eb3@70:67,UNKNOWN,SOLID,ae08f7778b162cf6feef0301bce718d96153069bba0097e5c4e94b4d23303297
SV5_HUB_0949d931bfb252f66eb3,282,268,SOLID,70,67,SV5_HUB_0949d931bfb252f66eb3@70:67,UNKNOWN,SOLID,ae08f7778b162cf6feef0301bce718d96153069bba0097e5c4e94b4d23303297
SV5_HUB_0949d931bfb252f66eb3,283,268,SOLID,70,67,SV5_HUB_0949d931bfb252f66eb3@70:67,UNKNOWN,SOLID,ae08f7778b162cf6feef0301bce718d96153069bba0097e5c4e94b4d23303297
SV5_HUB_0949d931bfb252f66eb3,284,268,SOLID,71,67,SV5_HUB_0949d931bfb252f66eb3@71:67,UNKNOWN,SOLID,ae08f7778b162cf6feef0301bce718d96153069bba0097e5c4e94b4d23303297
SV5_HUB_0949d931bfb252f66eb3,285,268,SOLID,71,67,SV5_HUB_0949d931bfb252f66eb3@71:67,UNKNOWN,SOLID,ae08f7778b162cf6feef0301bce718d96153069bba0097e5c4e94b4d23303297
SV5_HUB_0949d931bfb252f66eb3,286,268,SOLID,71,67,SV5_HUB_0949d931bfb252f66eb3@71:67,UNKNOWN,SOLID,ae08f7778b162cf6feef0301bce718d96153069bba0097e5c4e94b4d23303297
SV5_HUB_0949d931bfb252f66eb3,287,268,SOLID,71,67,SV5_HUB_0949d931bfb252f66eb3@71:67,UNKNOWN,SOLID,ae08f7778b162cf6feef0301bce718d96153069bba0097e5c4e94b4d23303297
SV5_HUB_0949d931bfb252f66eb3,288,268,SOLID,72,67,SV5_HUB_0949d931bfb252f66eb3@72:67,UNKNOWN,SOLID,ae08f7778b162cf6feef0301bce718d96153069bba0097e5c4e94b4d23303297
SV5_HUB_0949d931bfb252f66eb3,289,268,SOLID,72,67,SV5_HUB_0949d931bfb252f66eb3@72:67,UNKNOWN,SOLID,ae08f7778b162cf6feef0301bce718d96153069bba0097e5c4e94b4d23303297
SV5_HUB_0949d931bfb252f66eb3,290,268,SOLID,72,67,SV5_HUB_0949d931bfb252f66eb3@72:67,UNKNOWN,SOLID,ae08f7778b162cf6feef0301bce718d96153069bba0097e5c4e94b4d23303297
SV5_HUB_0949d931bfb252f66eb3,291,268,SOLID,72,67,SV5_HUB_0949d931bfb252f66eb3@72:67,UNKNOWN,SOLID,ae08f7778b162cf6feef0301bce718d96153069bba0097e5c4e94b4d23303297
SV5_HUB_0949d931bfb252f66eb3,292,268,SOLID,73,67,SV5_HUB_0949d931bfb252f66eb3@73:67,UNKNOWN,SOLID,ae08f7778b162cf6feef0301bce718d96153069bba0097e5c4e94b4d23303297
SV5_HUB_0949d931bfb252f66eb3,293,268,SOLID,73,67,SV5_HUB_0949d931bfb252f66eb3@73:67,UNKNOWN,SOLID,ae08f7778b162cf6feef0301bce718d96153069bba0097e5c4e94b4d23303297
SV5_HUB_0949d931bfb252f66eb3,294,268,SOLID,73,67,SV5_HUB_0949d931bfb252f66eb3@73:67,UNKNOWN,SOLID,ae08f7778b162cf6feef0301bce718d96153069bba0097e5c4e94b4d23303297
SV5_HUB_0949d931bfb252f66eb3,295,268,SOLID,73,67,SV5_HUB_0949d931bfb252f66eb3@73:67,UNKNOWN,SOLID,ae08f7778b162cf6feef0301bce718d96153069bba0097e5c4e94b4d23303297
SV5_HUB_0949d931bfb252f66eb3,272,269,SOLID,68,67,SV5_HUB_0949d931bfb252f66eb3@68:67,UNKNOWN,SOLID,ae08f7778b162cf6feef0301bce718d96153069bba0097e5c4e94b4d23303297
SV5_HUB_0949d931bfb252f66eb3,273,269,SOLID,68,67,SV5_HUB_0949d931bfb252f66eb3@68:67,UNKNOWN,SOLID,ae08f7778b162cf6feef0301bce718d96153069bba0097e5c4e94b4d23303297
SV5_HUB_0949d931bfb252f66eb3,274,269,SOLID,68,67,SV5_HUB_0949d931bfb252f66eb3@68:67,UNKNOWN,SOLID,ae08f7778b162cf6feef0301bce718d96153069bba0097e5c4e94b4d23303297
SV5_HUB_0949d931bfb252f66eb3,275,269,SOLID,68,67,SV5_HUB_0949d931bfb252f66eb3@68:67,UNKNOWN,SOLID,ae08f7778b162cf6feef0301bce718d96153069bba0097e5c4e94b4d23303297
SV5_HUB_0949d931bfb252f66eb3,276,269,SOLID,69,67,SV5_HUB_0949d931bfb252f66eb3@69:67,UNKNOWN,SOLID,ae08f7778b162cf6feef0301bce718d96153069bba0097e5c4e94b4d23303297
SV5_HUB_0949d931bfb252f66eb3,277,269,SOLID,69,67,SV5_HUB_0949d931bfb252f66eb3@69:67,UNKNOWN,SOLID,ae08f7778b162cf6feef0301bce718d96153069bba0097e5c4e94b4d23303297
SV5_HUB_0949d931bfb252f66eb3,278,269,AIR,69,67,SV5_HUB_0949d931bfb252f66eb3@69:67,UNKNOWN,AIR,ae08f7778b162cf6feef0301bce718d96153069bba0097e5c4e94b4d23303297
SV5_HUB_0949d931bfb252f66eb3,279,269,AIR,69,67,SV5_HUB_0949d931bfb252f66eb3@69:67,UNKNOWN,AIR,ae08f7778b162cf6feef0301bce718d96153069bba0097e5c4e94b4d23303297
SV5_HUB_0949d931bfb252f66eb3,280,269,AIR,70,67,SV5_HUB_0949d931bfb252f66eb3@70:67,UNKNOWN,AIR,ae08f7778b162cf6feef0301bce718d96153069bba0097e5c4e94b4d23303297
SV5_HUB_0949d931bfb252f66eb3,281,269,AIR,70,67,SV5_HUB_0949d931bfb252f66eb3@70:67,UNKNOWN,AIR,ae08f7778b162cf6feef0301bce718d96153069bba0097e5c4e94b4d23303297
SV5_HUB_0949d931bfb252f66eb3,282,269,AIR,70,67,SV5_HUB_0949d931bfb252f66eb3@70:67,UNKNOWN,AIR,ae08f7778b162cf6feef0301bce718d96153069bba0097e5c4e94b4d23303297
SV5_HUB_0949d931bfb252f66eb3,283,269,AIR,70,67,SV5_HUB_0949d931bfb252f66eb3@70:67,UNKNOWN,AIR,ae08f7778b162cf6feef0301bce718d96153069bba0097e5c4e94b4d23303297
SV5_HUB_0949d931bfb252f66eb3,284,269,AIR,71,67,SV5_HUB_0949d931bfb252f66eb3@71:67,UNKNOWN,AIR,ae08f7778b162cf6feef0301bce718d96153069bba0097e5c4e94b4d23303297
SV5_HUB_0949d931bfb252f66eb3,285,269,AIR,71,67,SV5_HUB_0949d931bfb252f66eb3@71:67,UNKNOWN,AIR,ae08f7778b162cf6feef0301bce718d96153069bba0097e5c4e94b4d23303297
SV5_HUB_0949d931bfb252f66eb3,286,269,AIR,71,67,SV5_HUB_0949d931bfb252f66eb3@71:67,UNKNOWN,AIR,ae08f7778b162cf6feef0301bce718d96153069bba0097e5c4e94b4d23303297
SV5_HUB_0949d931bfb252f66eb3,287,269,AIR,71,67,SV5_HUB_0949d931bfb252f66eb3@71:67,UNKNOWN,AIR,ae08f7778b162cf6feef0301bce718d96153069bba0097e5c4e94b4d23303297
SV5_HUB_0949d931bfb252f66eb3,288,269,AIR,72,67,SV5_HUB_0949d931bfb252f66eb3@72:67,UNKNOWN,AIR,ae08f7778b162cf6feef0301bce718d96153069bba0097e5c4e94b4d23303297
SV5_HUB_0949d931bfb252f66eb3,289,269,AIR,72,67,SV5_HUB_0949d931bfb252f66eb3@72:67,UNKNOWN,AIR,ae08f7778b162cf6feef0301bce718d96153069bba0097e5c4e94b4d23303297
SV5_HUB_0949d931bfb252f66eb3,290,269,SOLID,72,67,SV5_HUB_0949d931bfb252f66eb3@72:67,UNKNOWN,SOLID,ae08f7778b162cf6feef0301bce718d96153069bba0097e5c4e94b4d23303297
SV5_HUB_0949d931bfb252f66eb3,291,269,SOLID,72,67,SV5_HUB_0949d931bfb252f66eb3@72:67,UNKNOWN,SOLID,ae08f7778b162cf6feef0301bce718d96153069bba0097e5c4e94b4d23303297
SV5_HUB_0949d931bfb252f66eb3,292,269,SOLID,73,67,SV5_HUB_0949d931bfb252f66eb3@73:67,UNKNOWN,SOLID,ae08f7778b162cf6feef0301bce718d96153069bba0097e5c4e94b4d23303297
SV5_HUB_0949d931bfb252f66eb3,293,269,SOLID,73,67,SV5_HUB_0949d931bfb252f66eb3@73:67,UNKNOWN,SOLID,ae08f7778b162cf6feef0301bce718d96153069bba0097e5c4e94b4d23303297
SV5_HUB_0949d931bfb252f66eb3,294,269,SOLID,73,67,SV5_HUB_0949d931bfb252f66eb3@73:67,UNKNOWN,SOLID,ae08f7778b162cf6feef0301bce718d96153069bba0097e5c4e94b4d23303297
SV5_HUB_0949d931bfb252f66eb3,295,269,SOLID,73,67,SV5_HUB_0949d931bfb252f66eb3@73:67,UNKNOWN,SOLID,ae08f7778b162cf6feef0301bce718d96153069bba0097e5c4e94b4d23303297
SV5_HUB_0949d931bfb252f66eb3,272,270,PORT_NECK,68,67,SV5_HUB_0949d931bfb252f66eb3@68:67,UNKNOWN,AIR,ae08f7778b162cf6feef0301bce718d96153069bba0097e5c4e94b4d23303297
SV5_HUB_0949d931bfb252f66eb3,273,270,PORT_NECK,68,67,SV5_HUB_0949d931bfb252f66eb3@68:67,UNKNOWN,AIR,ae08f7778b162cf6feef0301bce718d96153069bba0097e5c4e94b4d23303297
SV5_HUB_0949d931bfb252f66eb3,274,270,PORT_NECK,68,67,SV5_HUB_0949d931bfb252f66eb3@68:67,UNKNOWN,AIR,ae08f7778b162cf6feef0301bce718d96153069bba0097e5c4e94b4d23303297
SV5_HUB_0949d931bfb252f66eb3,275,270,PORT_NECK,68,67,SV5_HUB_0949d931bfb252f66eb3@68:67,UNKNOWN,AIR,ae08f7778b162cf6feef0301bce718d96153069bba0097e5c4e94b4d23303297
SV5_HUB_0949d931bfb252f66eb3,276,270,PORT_NECK,69,67,SV5_HUB_0949d931bfb252f66eb3@69:67,UNKNOWN,AIR,ae08f7778b162cf6feef0301bce718d96153069bba0097e5c4e94b4d23303297
SV5_HUB_0949d931bfb252f66eb3,277,270,PORT_NECK,69,67,SV5_HUB_0949d931bfb252f66eb3@69:67,UNKNOWN,AIR,ae08f7778b162cf6feef0301bce718d96153069bba0097e5c4e94b4d23303297
SV5_HUB_0949d931bfb252f66eb3,278,270,PORT_NECK,69,67,SV5_HUB_0949d931bfb252f66eb3@69:67,UNKNOWN,AIR,ae08f7778b162cf6feef0301bce718d96153069bba0097e5c4e94b4d23303297
SV5_HUB_0949d931bfb252f66eb3,279,270,AIR,69,67,SV5_HUB_0949d931bfb252f66eb3@69:67,UNKNOWN,AIR,ae08f7778b162cf6feef0301bce718d96153069bba0097e5c4e94b4d23303297
SV5_HUB_0949d931bfb252f66eb3,280,270,AIR,70,67,SV5_HUB_0949d931bfb252f66eb3@70:67,UNKNOWN,AIR,ae08f7778b162cf6feef0301bce718d96153069bba0097e5c4e94b4d23303297
SV5_HUB_0949d931bfb252f66eb3,281,270,AIR,70,67,SV5_HUB_0949d931bfb252f66eb3@70:67,UNKNOWN,AIR,ae08f7778b162cf6feef0301bce718d96153069bba0097e5c4e94b4d23303297
SV5_HUB_0949d931bfb252f66eb3,282,270,AIR,70,67,SV5_HUB_0949d931bfb252f66eb3@70:67,UNKNOWN,AIR,ae08f7778b162cf6feef0301bce718d96153069bba0097e5c4e94b4d23303297
SV5_HUB_0949d931bfb252f66eb3,283,270,AIR,70,67,SV5_HUB_0949d931bfb252f66eb3@70:67,UNKNOWN,AIR,ae08f7778b162cf6feef0301bce718d96153069bba0097e5c4e94b4d23303297
SV5_HUB_0949d931bfb252f66eb3,284,270,AIR,71,67,SV5_HUB_0949d931bfb252f66eb3@71:67,UNKNOWN,AIR,ae08f7778b162cf6feef0301bce718d96153069bba0097e5c4e94b4d23303297
SV5_HUB_0949d931bfb252f66eb3,285,270,AIR,71,67,SV5_HUB_0949d931bfb252f66eb3@71:67,UNKNOWN,AIR,ae08f7778b162cf6feef0301bce718d96153069bba0097e5c4e94b4d23303297
SV5_HUB_0949d931bfb252f66eb3,286,270,AIR,71,67,SV5_HUB_0949d931bfb252f66eb3@71:67,UNKNOWN,AIR,ae08f7778b162cf6feef0301bce718d96153069bba0097e5c4e94b4d23303297
SV5_HUB_0949d931bfb252f66eb3,287,270,AIR,71,67,SV5_HUB_0949d931bfb252f66eb3@71:67,UNKNOWN,AIR,ae08f7778b162cf6feef0301bce718d96153069bba0097e5c4e94b4d23303297
SV5_HUB_0949d931bfb252f66eb3,288,270,AIR,72,67,SV5_HUB_0949d931bfb252f66eb3@72:67,UNKNOWN,AIR,ae08f7778b162cf6feef0301bce718d96153069bba0097e5c4e94b4d23303297
SV5_HUB_0949d931bfb252f66eb3,289,270,PORT_NECK,72,67,SV5_HUB_0949d931bfb252f66eb3@72:67,UNKNOWN,AIR,ae08f7778b162cf6feef0301bce718d96153069bba0097e5c4e94b4d23303297
SV5_HUB_0949d931bfb252f66eb3,290,270,PORT_NECK,72,67,SV5_HUB_0949d931bfb252f66eb3@72:67,UNKNOWN,AIR,ae08f7778b162cf6feef0301bce718d96153069bba0097e5c4e94b4d23303297
SV5_HUB_0949d931bfb252f66eb3,291,270,PORT_NECK,72,67,SV5_HUB_0949d931bfb252f66eb3@72:67,UNKNOWN,AIR,ae08f7778b162cf6feef0301bce718d96153069bba0097e5c4e94b4d23303297
SV5_HUB_0949d931bfb252f66eb3,292,270,PORT_NECK,73,67,SV5_HUB_0949d931bfb252f66eb3@73:67,UNKNOWN,AIR,ae08f7778b162cf6feef0301bce718d96153069bba0097e5c4e94b4d23303297
SV5_HUB_0949d931bfb252f66eb3,293,270,PORT_NECK,73,67,SV5_HUB_0949d931bfb252f66eb3@73:67,UNKNOWN,AIR,ae08f7778b162cf6feef0301bce718d96153069bba0097e5c4e94b4d23303297
SV5_HUB_0949d931bfb252f66eb3,294,270,PORT_NECK,73,67,SV5_HUB_0949d931bfb252f66eb3@73:67,UNKNOWN,AIR,ae08f7778b162cf6feef0301bce718d96153069bba0097e5c4e94b4d23303297
SV5_HUB_0949d931bfb252f66eb3,295,270,PORT_NECK,73,67,SV5_HUB_0949d931bfb252f66eb3@73:67,UNKNOWN,AIR,ae08f7778b162cf6feef0301bce718d96153069bba0097e5c4e94b4d23303297
SV5_HUB_0949d931bfb252f66eb3,272,271,PORT_NECK,68,67,SV5_HUB_0949d931bfb252f66eb3@68:67,UNKNOWN,AIR,ae08f7778b162cf6feef0301bce718d96153069bba0097e5c4e94b4d23303297
SV5_HUB_0949d931bfb252f66eb3,273,271,PORT_NECK,68,67,SV5_HUB_0949d931bfb252f66eb3@68:67,UNKNOWN,AIR,ae08f7778b162cf6feef0301bce718d96153069bba0097e5c4e94b4d23303297
SV5_HUB_0949d931bfb252f66eb3,274,271,PORT_NECK,68,67,SV5_HUB_0949d931bfb252f66eb3@68:67,UNKNOWN,AIR,ae08f7778b162cf6feef0301bce718d96153069bba0097e5c4e94b4d23303297
SV5_HUB_0949d931bfb252f66eb3,275,271,PORT_NECK,68,67,SV5_HUB_0949d931bfb252f66eb3@68:67,UNKNOWN,AIR,ae08f7778b162cf6feef0301bce718d96153069bba0097e5c4e94b4d23303297
SV5_HUB_0949d931bfb252f66eb3,276,271,PORT_NECK,69,67,SV5_HUB_0949d931bfb252f66eb3@69:67,UNKNOWN,AIR,ae08f7778b162cf6feef0301bce718d96153069bba0097e5c4e94b4d23303297
SV5_HUB_0949d931bfb252f66eb3,277,271,PORT_NECK,69,67,SV5_HUB_0949d931bfb252f66eb3@69:67,UNKNOWN,AIR,ae08f7778b162cf6feef0301bce718d96153069bba0097e5c4e94b4d23303297
SV5_HUB_0949d931bfb252f66eb3,278,271,PORT_NECK,69,67,SV5_HUB_0949d931bfb252f66eb3@69:67,UNKNOWN,AIR,ae08f7778b162cf6feef0301bce718d96153069bba0097e5c4e94b4d23303297
SV5_HUB_0949d931bfb252f66eb3,279,271,AIR,69,67,SV5_HUB_0949d931bfb252f66eb3@69:67,UNKNOWN,AIR,ae08f7778b162cf6feef0301bce718d96153069bba0097e5c4e94b4d23303297
SV5_HUB_0949d931bfb252f66eb3,280,271,AIR,70,67,SV5_HUB_0949d931bfb252f66eb3@70:67,UNKNOWN,AIR,ae08f7778b162cf6feef0301bce718d96153069bba0097e5c4e94b4d23303297
SV5_HUB_0949d931bfb252f66eb3,281,271,AIR,70,67,SV5_HUB_0949d931bfb252f66eb3@70:67,UNKNOWN,AIR,ae08f7778b162cf6feef0301bce718d96153069bba0097e5c4e94b4d23303297
SV5_HUB_0949d931bfb252f66eb3,282,271,AIR,70,67,SV5_HUB_0949d931bfb252f66eb3@70:67,UNKNOWN,AIR,ae08f7778b162cf6feef0301bce718d96153069bba0097e5c4e94b4d23303297
SV5_HUB_0949d931bfb252f66eb3,283,271,AIR,70,67,SV5_HUB_0949d931bfb252f66eb3@70:67,UNKNOWN,AIR,ae08f7778b162cf6feef0301bce718d96153069bba0097e5c4e94b4d23303297
SV5_HUB_0949d931bfb252f66eb3,284,271,AIR,71,67,SV5_HUB_0949d931bfb252f66eb3@71:67,UNKNOWN,AIR,ae08f7778b162cf6feef0301bce718d96153069bba0097e5c4e94b4d23303297
SV5_HUB_0949d931bfb252f66eb3,285,271,AIR,71,67,SV5_HUB_0949d931bfb252f66eb3@71:67,UNKNOWN,AIR,ae08f7778b162cf6feef0301bce718d96153069bba0097e5c4e94b4d23303297
SV5_HUB_0949d931bfb252f66eb3,286,271,AIR,71,67,SV5_HUB_0949d931bfb252f66eb3@71:67,UNKNOWN,AIR,ae08f7778b162cf6feef0301bce718d96153069bba0097e5c4e94b4d23303297
SV5_HUB_0949d931bfb252f66eb3,287,271,AIR,71,67,SV5_HUB_0949d931bfb252f66eb3@71:67,UNKNOWN,AIR,ae08f7778b162cf6feef0301bce718d96153069bba0097e5c4e94b4d23303297
SV5_HUB_0949d931bfb252f66eb3,288,271,AIR,72,67,SV5_HUB_0949d931bfb252f66eb3@72:67,UNKNOWN,AIR,ae08f7778b162cf6feef0301bce718d96153069bba0097e5c4e94b4d23303297
SV5_HUB_0949d931bfb252f66eb3,289,271,PORT_NECK,72,67,SV5_HUB_0949d931bfb252f66eb3@72:67,UNKNOWN,AIR,ae08f7778b162cf6feef0301bce718d96153069bba0097e5c4e94b4d23303297
SV5_HUB_0949d931bfb252f66eb3,290,271,PORT_NECK,72,67,SV5_HUB_0949d931bfb252f66eb3@72:67,UNKNOWN,AIR,ae08f7778b162cf6feef0301bce718d96153069bba0097e5c4e94b4d23303297
SV5_HUB_0949d931bfb252f66eb3,291,271,PORT_NECK,72,67,SV5_HUB_0949d931bfb252f66eb3@72:67,UNKNOWN,AIR,ae08f7778b162cf6feef0301bce718d96153069bba0097e5c4e94b4d23303297
SV5_HUB_0949d931bfb252f66eb3,292,271,PORT_NECK,73,67,SV5_HUB_0949d931bfb252f66eb3@73:67,UNKNOWN,AIR,ae08f7778b162cf6feef0301bce718d96153069bba0097e5c4e94b4d23303297
SV5_HUB_0949d931bfb252f66eb3,293,271,PORT_NECK,73,67,SV5_HUB_0949d931bfb252f66eb3@73:67,UNKNOWN,AIR,ae08f7778b162cf6feef0301bce718d96153069bba0097e5c4e94b4d23303297
SV5_HUB_0949d931bfb252f66eb3,294,271,PORT_NECK,73,67,SV5_HUB_0949d931bfb252f66eb3@73:67,UNKNOWN,AIR,ae08f7778b162cf6feef0301bce718d96153069bba0097e5c4e94b4d23303297
SV5_HUB_0949d931bfb252f66eb3,295,271,PORT_NECK,73,67,SV5_HUB_0949d931bfb252f66eb3@73:67,UNKNOWN,AIR,ae08f7778b162cf6feef0301bce718d96153069bba0097e5c4e94b4d23303297
SV5_HUB_0949d931bfb252f66eb3,272,272,PORT_NECK,68,68,SV5_HUB_0949d931bfb252f66eb3@68:68,UNKNOWN,AIR,ae08f7778b162cf6feef0301bce718d96153069bba0097e5c4e94b4d23303297
SV5_HUB_0949d931bfb252f66eb3,273,272,PORT_NECK,68,68,SV5_HUB_0949d931bfb252f66eb3@68:68,UNKNOWN,AIR,ae08f7778b162cf6feef0301bce718d96153069bba0097e5c4e94b4d23303297
SV5_HUB_0949d931bfb252f66eb3,274,272,PORT_NECK,68,68,SV5_HUB_0949d931bfb252f66eb3@68:68,UNKNOWN,AIR,ae08f7778b162cf6feef0301bce718d96153069bba0097e5c4e94b4d23303297
SV5_HUB_0949d931bfb252f66eb3,275,272,PORT_NECK,68,68,SV5_HUB_0949d931bfb252f66eb3@68:68,UNKNOWN,AIR,ae08f7778b162cf6feef0301bce718d96153069bba0097e5c4e94b4d23303297
SV5_HUB_0949d931bfb252f66eb3,276,272,PORT_NECK,69,68,SV5_HUB_0949d931bfb252f66eb3@69:68,UNKNOWN,AIR,ae08f7778b162cf6feef0301bce718d96153069bba0097e5c4e94b4d23303297
SV5_HUB_0949d931bfb252f66eb3,277,272,PORT_NECK,69,68,SV5_HUB_0949d931bfb252f66eb3@69:68,UNKNOWN,AIR,ae08f7778b162cf6feef0301bce718d96153069bba0097e5c4e94b4d23303297
SV5_HUB_0949d931bfb252f66eb3,278,272,PORT_NECK,69,68,SV5_HUB_0949d931bfb252f66eb3@69:68,UNKNOWN,AIR,ae08f7778b162cf6feef0301bce718d96153069bba0097e5c4e94b4d23303297
SV5_HUB_0949d931bfb252f66eb3,279,272,AIR,69,68,SV5_HUB_0949d931bfb252f66eb3@69:68,UNKNOWN,AIR,ae08f7778b162cf6feef0301bce718d96153069bba0097e5c4e94b4d23303297
SV5_HUB_0949d931bfb252f66eb3,280,272,AIR,70,68,SV5_HUB_0949d931bfb252f66eb3@70:68,UNKNOWN,AIR,ae08f7778b162cf6feef0301bce718d96153069bba0097e5c4e94b4d23303297
SV5_HUB_0949d931bfb252f66eb3,281,272,AIR,70,68,SV5_HUB_0949d931bfb252f66eb3@70:68,UNKNOWN,AIR,ae08f7778b162cf6feef0301bce718d96153069bba0097e5c4e94b4d23303297
SV5_HUB_0949d931bfb252f66eb3,282,272,RESERVED_TREE,70,68,SV5_HUB_0949d931bfb252f66eb3@70:68,UNKNOWN,AIR,ae08f7778b162cf6feef0301bce718d96153069bba0097e5c4e94b4d23303297
SV5_HUB_0949d931bfb252f66eb3,283,272,RESERVED_TREE,70,68,SV5_HUB_0949d931bfb252f66eb3@70:68,UNKNOWN,AIR,ae08f7778b162cf6feef0301bce718d96153069bba0097e5c4e94b4d23303297
SV5_HUB_0949d931bfb252f66eb3,284,272,RESERVED_TREE,71,68,SV5_HUB_0949d931bfb252f66eb3@71:68,UNKNOWN,AIR,ae08f7778b162cf6feef0301bce718d96153069bba0097e5c4e94b4d23303297
SV5_HUB_0949d931bfb252f66eb3,285,272,RESERVED_TREE,71,68,SV5_HUB_0949d931bfb252f66eb3@71:68,UNKNOWN,AIR,ae08f7778b162cf6feef0301bce718d96153069bba0097e5c4e94b4d23303297
SV5_HUB_0949d931bfb252f66eb3,286,272,AIR,71,68,SV5_HUB_0949d931bfb252f66eb3@71:68,UNKNOWN,AIR,ae08f7778b162cf6feef0301bce718d96153069bba0097e5c4e94b4d23303297
SV5_HUB_0949d931bfb252f66eb3,287,272,AIR,71,68,SV5_HUB_0949d931bfb252f66eb3@71:68,UNKNOWN,AIR,ae08f7778b162cf6feef0301bce718d96153069bba0097e5c4e94b4d23303297
SV5_HUB_0949d931bfb252f66eb3,288,272,AIR,72,68,SV5_HUB_0949d931bfb252f66eb3@72:68,UNKNOWN,AIR,ae08f7778b162cf6feef0301bce718d96153069bba0097e5c4e94b4d23303297
SV5_HUB_0949d931bfb252f66eb3,289,272,PORT_NECK,72,68,SV5_HUB_0949d931bfb252f66eb3@72:68,UNKNOWN,AIR,ae08f7778b162cf6feef0301bce718d96153069bba0097e5c4e94b4d23303297
SV5_HUB_0949d931bfb252f66eb3,290,272,PORT_NECK,72,68,SV5_HUB_0949d931bfb252f66eb3@72:68,UNKNOWN,AIR,ae08f7778b162cf6feef0301bce718d96153069bba0097e5c4e94b4d23303297
SV5_HUB_0949d931bfb252f66eb3,291,272,PORT_NECK,72,68,SV5_HUB_0949d931bfb252f66eb3@72:68,UNKNOWN,AIR,ae08f7778b162cf6feef0301bce718d96153069bba0097e5c4e94b4d23303297
SV5_HUB_0949d931bfb252f66eb3,292,272,PORT_NECK,73,68,SV5_HUB_0949d931bfb252f66eb3@73:68,UNKNOWN,AIR,ae08f7778b162cf6feef0301bce718d96153069bba0097e5c4e94b4d23303297
SV5_HUB_0949d931bfb252f66eb3,293,272,PORT_NECK,73,68,SV5_HUB_0949d931bfb252f66eb3@73:68,UNKNOWN,AIR,ae08f7778b162cf6feef0301bce718d96153069bba0097e5c4e94b4d23303297
SV5_HUB_0949d931bfb252f66eb3,294,272,PORT_NECK,73,68,SV5_HUB_0949d931bfb252f66eb3@73:68,UNKNOWN,AIR,ae08f7778b162cf6feef0301bce718d96153069bba0097e5c4e94b4d23303297
SV5_HUB_0949d931bfb252f66eb3,295,272,PORT_NECK,73,68,SV5_HUB_0949d931bfb252f66eb3@73:68,UNKNOWN,AIR,ae08f7778b162cf6feef0301bce718d96153069bba0097e5c4e94b4d23303297
SV5_HUB_0949d931bfb252f66eb3,272,273,PORT_NECK,68,68,SV5_HUB_0949d931bfb252f66eb3@68:68,UNKNOWN,AIR,ae08f7778b162cf6feef0301bce718d96153069bba0097e5c4e94b4d23303297
SV5_HUB_0949d931bfb252f66eb3,273,273,PORT_NECK,68,68,SV5_HUB_0949d931bfb252f66eb3@68:68,UNKNOWN,AIR,ae08f7778b162cf6feef0301bce718d96153069bba0097e5c4e94b4d23303297
SV5_HUB_0949d931bfb252f66eb3,274,273,PORT_NECK,68,68,SV5_HUB_0949d931bfb252f66eb3@68:68,UNKNOWN,AIR,ae08f7778b162cf6feef0301bce718d96153069bba0097e5c4e94b4d23303297
SV5_HUB_0949d931bfb252f66eb3,275,273,PORT_NECK,68,68,SV5_HUB_0949d931bfb252f66eb3@68:68,UNKNOWN,AIR,ae08f7778b162cf6feef0301bce718d96153069bba0097e5c4e94b4d23303297
SV5_HUB_0949d931bfb252f66eb3,276,273,PORT_NECK,69,68,SV5_HUB_0949d931bfb252f66eb3@69:68,UNKNOWN,AIR,ae08f7778b162cf6feef0301bce718d96153069bba0097e5c4e94b4d23303297
SV5_HUB_0949d931bfb252f66eb3,277,273,PORT_NECK,69,68,SV5_HUB_0949d931bfb252f66eb3@69:68,UNKNOWN,AIR,ae08f7778b162cf6feef0301bce718d96153069bba0097e5c4e94b4d23303297
SV5_HUB_0949d931bfb252f66eb3,278,273,PORT_NECK,69,68,SV5_HUB_0949d931bfb252f66eb3@69:68,UNKNOWN,AIR,ae08f7778b162cf6feef0301bce718d96153069bba0097e5c4e94b4d23303297
SV5_HUB_0949d931bfb252f66eb3,279,273,AIR,69,68,SV5_HUB_0949d931bfb252f66eb3@69:68,UNKNOWN,AIR,ae08f7778b162cf6feef0301bce718d96153069bba0097e5c4e94b4d23303297
SV5_HUB_0949d931bfb252f66eb3,280,273,AIR,70,68,SV5_HUB_0949d931bfb252f66eb3@70:68,UNKNOWN,AIR,ae08f7778b162cf6feef0301bce718d96153069bba0097e5c4e94b4d23303297
SV5_HUB_0949d931bfb252f66eb3,281,273,AIR,70,68,SV5_HUB_0949d931bfb252f66eb3@70:68,UNKNOWN,AIR,ae08f7778b162cf6feef0301bce718d96153069bba0097e5c4e94b4d23303297
SV5_HUB_0949d931bfb252f66eb3,282,273,RESERVED_TREE,70,68,SV5_HUB_0949d931bfb252f66eb3@70:68,UNKNOWN,AIR,ae08f7778b162cf6feef0301bce718d96153069bba0097e5c4e94b4d23303297
SV5_HUB_0949d931bfb252f66eb3,283,273,RESERVED_TREE,70,68,SV5_HUB_0949d931bfb252f66eb3@70:68,UNKNOWN,AIR,ae08f7778b162cf6feef0301bce718d96153069bba0097e5c4e94b4d23303297
SV5_HUB_0949d931bfb252f66eb3,284,273,RESERVED_TREE,71,68,SV5_HUB_0949d931bfb252f66eb3@71:68,UNKNOWN,AIR,ae08f7778b162cf6feef0301bce718d96153069bba0097e5c4e94b4d23303297
SV5_HUB_0949d931bfb252f66eb3,285,273,RESERVED_TREE,71,68,SV5_HUB_0949d931bfb252f66eb3@71:68,UNKNOWN,AIR,ae08f7778b162cf6feef0301bce718d96153069bba0097e5c4e94b4d23303297
SV5_HUB_0949d931bfb252f66eb3,286,273,AIR,71,68,SV5_HUB_0949d931bfb252f66eb3@71:68,UNKNOWN,AIR,ae08f7778b162cf6feef0301bce718d96153069bba0097e5c4e94b4d23303297
SV5_HUB_0949d931bfb252f66eb3,287,273,AIR,71,68,SV5_HUB_0949d931bfb252f66eb3@71:68,UNKNOWN,AIR,ae08f7778b162cf6feef0301bce718d96153069bba0097e5c4e94b4d23303297
SV5_HUB_0949d931bfb252f66eb3,288,273,AIR,72,68,SV5_HUB_0949d931bfb252f66eb3@72:68,UNKNOWN,AIR,ae08f7778b162cf6feef0301bce718d96153069bba0097e5c4e94b4d23303297
SV5_HUB_0949d931bfb252f66eb3,289,273,PORT_NECK,72,68,SV5_HUB_0949d931bfb252f66eb3@72:68,UNKNOWN,AIR,ae08f7778b162cf6feef0301bce718d96153069bba0097e5c4e94b4d23303297
SV5_HUB_0949d931bfb252f66eb3,290,273,PORT_NECK,72,68,SV5_HUB_0949d931bfb252f66eb3@72:68,UNKNOWN,AIR,ae08f7778b162cf6feef0301bce718d96153069bba0097e5c4e94b4d23303297
SV5_HUB_0949d931bfb252f66eb3,291,273,PORT_NECK,72,68,SV5_HUB_0949d931bfb252f66eb3@72:68,UNKNOWN,AIR,ae08f7778b162cf6feef0301bce718d96153069bba0097e5c4e94b4d23303297
SV5_HUB_0949d931bfb252f66eb3,292,273,PORT_NECK,73,68,SV5_HUB_0949d931bfb252f66eb3@73:68,UNKNOWN,AIR,ae08f7778b162cf6feef0301bce718d96153069bba0097e5c4e94b4d23303297
SV5_HUB_0949d931bfb252f66eb3,293,273,PORT_NECK,73,68,SV5_HUB_0949d931bfb252f66eb3@73:68,UNKNOWN,AIR,ae08f7778b162cf6feef0301bce718d96153069bba0097e5c4e94b4d23303297
SV5_HUB_0949d931bfb252f66eb3,294,273,PORT_NECK,73,68,SV5_HUB_0949d931bfb252f66eb3@73:68,UNKNOWN,AIR,ae08f7778b162cf6feef0301bce718d96153069bba0097e5c4e94b4d23303297
SV5_HUB_0949d931bfb252f66eb3,295,273,PORT_NECK,73,68,SV5_HUB_0949d931bfb252f66eb3@73:68,UNKNOWN,AIR,ae08f7778b162cf6feef0301bce718d96153069bba0097e5c4e94b4d23303297
SV5_HUB_0949d931bfb252f66eb3,272,274,PORT_NECK,68,68,SV5_HUB_0949d931bfb252f66eb3@68:68,UNKNOWN,AIR,ae08f7778b162cf6feef0301bce718d96153069bba0097e5c4e94b4d23303297
SV5_HUB_0949d931bfb252f66eb3,273,274,PORT_NECK,68,68,SV5_HUB_0949d931bfb252f66eb3@68:68,UNKNOWN,AIR,ae08f7778b162cf6feef0301bce718d96153069bba0097e5c4e94b4d23303297
SV5_HUB_0949d931bfb252f66eb3,274,274,PORT_NECK,68,68,SV5_HUB_0949d931bfb252f66eb3@68:68,UNKNOWN,AIR,ae08f7778b162cf6feef0301bce718d96153069bba0097e5c4e94b4d23303297
SV5_HUB_0949d931bfb252f66eb3,275,274,PORT_NECK,68,68,SV5_HUB_0949d931bfb252f66eb3@68:68,UNKNOWN,AIR,ae08f7778b162cf6feef0301bce718d96153069bba0097e5c4e94b4d23303297
SV5_HUB_0949d931bfb252f66eb3,276,274,PORT_NECK,69,68,SV5_HUB_0949d931bfb252f66eb3@69:68,UNKNOWN,AIR,ae08f7778b162cf6feef0301bce718d96153069bba0097e5c4e94b4d23303297
SV5_HUB_0949d931bfb252f66eb3,277,274,PORT_NECK,69,68,SV5_HUB_0949d931bfb252f66eb3@69:68,UNKNOWN,AIR,ae08f7778b162cf6feef0301bce718d96153069bba0097e5c4e94b4d23303297
SV5_HUB_0949d931bfb252f66eb3,278,274,PORT_NECK,69,68,SV5_HUB_0949d931bfb252f66eb3@69:68,UNKNOWN,AIR,ae08f7778b162cf6feef0301bce718d96153069bba0097e5c4e94b4d23303297
SV5_HUB_0949d931bfb252f66eb3,279,274,AIR,69,68,SV5_HUB_0949d931bfb252f66eb3@69:68,UNKNOWN,AIR,ae08f7778b162cf6feef0301bce718d96153069bba0097e5c4e94b4d23303297
SV5_HUB_0949d931bfb252f66eb3,280,274,AIR,70,68,SV5_HUB_0949d931bfb252f66eb3@70:68,UNKNOWN,AIR,ae08f7778b162cf6feef0301bce718d96153069bba0097e5c4e94b4d23303297
SV5_HUB_0949d931bfb252f66eb3,281,274,AIR,70,68,SV5_HUB_0949d931bfb252f66eb3@70:68,UNKNOWN,AIR,ae08f7778b162cf6feef0301bce718d96153069bba0097e5c4e94b4d23303297
SV5_HUB_0949d931bfb252f66eb3,282,274,RESERVED_TREE,70,68,SV5_HUB_0949d931bfb252f66eb3@70:68,UNKNOWN,AIR,ae08f7778b162cf6feef0301bce718d96153069bba0097e5c4e94b4d23303297
SV5_HUB_0949d931bfb252f66eb3,283,274,RESERVED_TREE,70,68,SV5_HUB_0949d931bfb252f66eb3@70:68,UNKNOWN,AIR,ae08f7778b162cf6feef0301bce718d96153069bba0097e5c4e94b4d23303297
SV5_HUB_0949d931bfb252f66eb3,284,274,RESERVED_TREE,71,68,SV5_HUB_0949d931bfb252f66eb3@71:68,UNKNOWN,AIR,ae08f7778b162cf6feef0301bce718d96153069bba0097e5c4e94b4d23303297
SV5_HUB_0949d931bfb252f66eb3,285,274,RESERVED_TREE,71,68,SV5_HUB_0949d931bfb252f66eb3@71:68,UNKNOWN,AIR,ae08f7778b162cf6feef0301bce718d96153069bba0097e5c4e94b4d23303297
SV5_HUB_0949d931bfb252f66eb3,286,274,AIR,71,68,SV5_HUB_0949d931bfb252f66eb3@71:68,UNKNOWN,AIR,ae08f7778b162cf6feef0301bce718d96153069bba0097e5c4e94b4d23303297
SV5_HUB_0949d931bfb252f66eb3,287,274,AIR,71,68,SV5_HUB_0949d931bfb252f66eb3@71:68,UNKNOWN,AIR,ae08f7778b162cf6feef0301bce718d96153069bba0097e5c4e94b4d23303297
SV5_HUB_0949d931bfb252f66eb3,288,274,AIR,72,68,SV5_HUB_0949d931bfb252f66eb3@72:68,UNKNOWN,AIR,ae08f7778b162cf6feef0301bce718d96153069bba0097e5c4e94b4d23303297
SV5_HUB_0949d931bfb252f66eb3,289,274,PORT_NECK,72,68,SV5_HUB_0949d931bfb252f66eb3@72:68,UNKNOWN,AIR,ae08f7778b162cf6feef0301bce718d96153069bba0097e5c4e94b4d23303297
SV5_HUB_0949d931bfb252f66eb3,290,274,PORT_NECK,72,68,SV5_HUB_0949d931bfb252f66eb3@72:68,UNKNOWN,AIR,ae08f7778b162cf6feef0301bce718d96153069bba0097e5c4e94b4d23303297
SV5_HUB_0949d931bfb252f66eb3,291,274,PORT_NECK,72,68,SV5_HUB_0949d931bfb252f66eb3@72:68,UNKNOWN,AIR,ae08f7778b162cf6feef0301bce718d96153069bba0097e5c4e94b4d23303297
SV5_HUB_0949d931bfb252f66eb3,292,274,PORT_NECK,73,68,SV5_HUB_0949d931bfb252f66eb3@73:68,UNKNOWN,AIR,ae08f7778b162cf6feef0301bce718d96153069bba0097e5c4e94b4d23303297
SV5_HUB_0949d931bfb252f66eb3,293,274,PORT_NECK,73,68,SV5_HUB_0949d931bfb252f66eb3@73:68,UNKNOWN,AIR,ae08f7778b162cf6feef0301bce718d96153069bba0097e5c4e94b4d23303297
SV5_HUB_0949d931bfb252f66eb3,294,274,PORT_NECK,73,68,SV5_HUB_0949d931bfb252f66eb3@73:68,UNKNOWN,AIR,ae08f7778b162cf6feef0301bce718d96153069bba0097e5c4e94b4d23303297
SV5_HUB_0949d931bfb252f66eb3,295,274,PORT_NECK,73,68,SV5_HUB_0949d931bfb252f66eb3@73:68,UNKNOWN,AIR,ae08f7778b162cf6feef0301bce718d96153069bba0097e5c4e94b4d23303297
SV5_HUB_0949d931bfb252f66eb3,272,275,PORT_NECK,68,68,SV5_HUB_0949d931bfb252f66eb3@68:68,UNKNOWN,AIR,ae08f7778b162cf6feef0301bce718d96153069bba0097e5c4e94b4d23303297
SV5_HUB_0949d931bfb252f66eb3,273,275,PORT_NECK,68,68,SV5_HUB_0949d931bfb252f66eb3@68:68,UNKNOWN,AIR,ae08f7778b162cf6feef0301bce718d96153069bba0097e5c4e94b4d23303297
SV5_HUB_0949d931bfb252f66eb3,274,275,PORT_NECK,68,68,SV5_HUB_0949d931bfb252f66eb3@68:68,UNKNOWN,AIR,ae08f7778b162cf6feef0301bce718d96153069bba0097e5c4e94b4d23303297
SV5_HUB_0949d931bfb252f66eb3,275,275,PORT_NECK,68,68,SV5_HUB_0949d931bfb252f66eb3@68:68,UNKNOWN,AIR,ae08f7778b162cf6feef0301bce718d96153069bba0097e5c4e94b4d23303297
SV5_HUB_0949d931bfb252f66eb3,276,275,PORT_NECK,69,68,SV5_HUB_0949d931bfb252f66eb3@69:68,UNKNOWN,AIR,ae08f7778b162cf6feef0301bce718d96153069bba0097e5c4e94b4d23303297
SV5_HUB_0949d931bfb252f66eb3,277,275,PORT_NECK,69,68,SV5_HUB_0949d931bfb252f66eb3@69:68,UNKNOWN,AIR,ae08f7778b162cf6feef0301bce718d96153069bba0097e5c4e94b4d23303297
SV5_HUB_0949d931bfb252f66eb3,278,275,PORT_NECK,69,68,SV5_HUB_0949d931bfb252f66eb3@69:68,UNKNOWN,AIR,ae08f7778b162cf6feef0301bce718d96153069bba0097e5c4e94b4d23303297
SV5_HUB_0949d931bfb252f66eb3,279,275,AIR,69,68,SV5_HUB_0949d931bfb252f66eb3@69:68,UNKNOWN,AIR,ae08f7778b162cf6feef0301bce718d96153069bba0097e5c4e94b4d23303297
SV5_HUB_0949d931bfb252f66eb3,280,275,AIR,70,68,SV5_HUB_0949d931bfb252f66eb3@70:68,UNKNOWN,AIR,ae08f7778b162cf6feef0301bce718d96153069bba0097e5c4e94b4d23303297
SV5_HUB_0949d931bfb252f66eb3,281,275,AIR,70,68,SV5_HUB_0949d931bfb252f66eb3@70:68,UNKNOWN,AIR,ae08f7778b162cf6feef0301bce718d96153069bba0097e5c4e94b4d23303297
SV5_HUB_0949d931bfb252f66eb3,282,275,RESERVED_TREE,70,68,SV5_HUB_0949d931bfb252f66eb3@70:68,UNKNOWN,AIR,ae08f7778b162cf6feef0301bce718d96153069bba0097e5c4e94b4d23303297
SV5_HUB_0949d931bfb252f66eb3,283,275,RESERVED_TREE,70,68,SV5_HUB_0949d931bfb252f66eb3@70:68,UNKNOWN,AIR,ae08f7778b162cf6feef0301bce718d96153069bba0097e5c4e94b4d23303297
SV5_HUB_0949d931bfb252f66eb3,284,275,RESERVED_TREE,71,68,SV5_HUB_0949d931bfb252f66eb3@71:68,UNKNOWN,AIR,ae08f7778b162cf6feef0301bce718d96153069bba0097e5c4e94b4d23303297
SV5_HUB_0949d931bfb252f66eb3,285,275,RESERVED_TREE,71,68,SV5_HUB_0949d931bfb252f66eb3@71:68,UNKNOWN,AIR,ae08f7778b162cf6feef0301bce718d96153069bba0097e5c4e94b4d23303297
SV5_HUB_0949d931bfb252f66eb3,286,275,AIR,71,68,SV5_HUB_0949d931bfb252f66eb3@71:68,UNKNOWN,AIR,ae08f7778b162cf6feef0301bce718d96153069bba0097e5c4e94b4d23303297
SV5_HUB_0949d931bfb252f66eb3,287,275,AIR,71,68,SV5_HUB_0949d931bfb252f66eb3@71:68,UNKNOWN,AIR,ae08f7778b162cf6feef0301bce718d96153069bba0097e5c4e94b4d23303297
SV5_HUB_0949d931bfb252f66eb3,288,275,AIR,72,68,SV5_HUB_0949d931bfb252f66eb3@72:68,UNKNOWN,AIR,ae08f7778b162cf6feef0301bce718d96153069bba0097e5c4e94b4d23303297
SV5_HUB_0949d931bfb252f66eb3,289,275,PORT_NECK,72,68,SV5_HUB_0949d931bfb252f66eb3@72:68,UNKNOWN,AIR,ae08f7778b162cf6feef0301bce718d96153069bba0097e5c4e94b4d23303297
SV5_HUB_0949d931bfb252f66eb3,290,275,PORT_NECK,72,68,SV5_HUB_0949d931bfb252f66eb3@72:68,UNKNOWN,AIR,ae08f7778b162cf6feef0301bce718d96153069bba0097e5c4e94b4d23303297
SV5_HUB_0949d931bfb252f66eb3,291,275,PORT_NECK,72,68,SV5_HUB_0949d931bfb252f66eb3@72:68,UNKNOWN,AIR,ae08f7778b162cf6feef0301bce718d96153069bba0097e5c4e94b4d23303297
SV5_HUB_0949d931bfb252f66eb3,292,275,PORT_NECK,73,68,SV5_HUB_0949d931bfb252f66eb3@73:68,UNKNOWN,AIR,ae08f7778b162cf6feef0301bce718d96153069bba0097e5c4e94b4d23303297
SV5_HUB_0949d931bfb252f66eb3,293,275,PORT_NECK,73,68,SV5_HUB_0949d931bfb252f66eb3@73:68,UNKNOWN,AIR,ae08f7778b162cf6feef0301bce718d96153069bba0097e5c4e94b4d23303297
SV5_HUB_0949d931bfb252f66eb3,294,275,PORT_NECK,73,68,SV5_HUB_0949d931bfb252f66eb3@73:68,UNKNOWN,AIR,ae08f7778b162cf6feef0301bce718d96153069bba0097e5c4e94b4d23303297
SV5_HUB_0949d931bfb252f66eb3,295,275,PORT_NECK,73,68,SV5_HUB_0949d931bfb252f66eb3@73:68,UNKNOWN,AIR,ae08f7778b162cf6feef0301bce718d96153069bba0097e5c4e94b4d23303297
SV5_HUB_0949d931bfb252f66eb3,272,276,SOLID,68,69,SV5_HUB_0949d931bfb252f66eb3@68:69,UNKNOWN,SOLID,ae08f7778b162cf6feef0301bce718d96153069bba0097e5c4e94b4d23303297
SV5_HUB_0949d931bfb252f66eb3,273,276,SOLID,68,69,SV5_HUB_0949d931bfb252f66eb3@68:69,UNKNOWN,SOLID,ae08f7778b162cf6feef0301bce718d96153069bba0097e5c4e94b4d23303297
SV5_HUB_0949d931bfb252f66eb3,274,276,SOLID,68,69,SV5_HUB_0949d931bfb252f66eb3@68:69,UNKNOWN,SOLID,ae08f7778b162cf6feef0301bce718d96153069bba0097e5c4e94b4d23303297
SV5_HUB_0949d931bfb252f66eb3,275,276,SOLID,68,69,SV5_HUB_0949d931bfb252f66eb3@68:69,UNKNOWN,SOLID,ae08f7778b162cf6feef0301bce718d96153069bba0097e5c4e94b4d23303297
SV5_HUB_0949d931bfb252f66eb3,276,276,SOLID,69,69,SV5_HUB_0949d931bfb252f66eb3@69:69,UNKNOWN,SOLID,ae08f7778b162cf6feef0301bce718d96153069bba0097e5c4e94b4d23303297
SV5_HUB_0949d931bfb252f66eb3,277,276,SOLID,69,69,SV5_HUB_0949d931bfb252f66eb3@69:69,UNKNOWN,SOLID,ae08f7778b162cf6feef0301bce718d96153069bba0097e5c4e94b4d23303297
SV5_HUB_0949d931bfb252f66eb3,278,276,AIR,69,69,SV5_HUB_0949d931bfb252f66eb3@69:69,UNKNOWN,AIR,ae08f7778b162cf6feef0301bce718d96153069bba0097e5c4e94b4d23303297
SV5_HUB_0949d931bfb252f66eb3,279,276,AIR,69,69,SV5_HUB_0949d931bfb252f66eb3@69:69,UNKNOWN,AIR,ae08f7778b162cf6feef0301bce718d96153069bba0097e5c4e94b4d23303297
SV5_HUB_0949d931bfb252f66eb3,280,276,AIR,70,69,SV5_HUB_0949d931bfb252f66eb3@70:69,UNKNOWN,AIR,ae08f7778b162cf6feef0301bce718d96153069bba0097e5c4e94b4d23303297
SV5_HUB_0949d931bfb252f66eb3,281,276,AIR,70,69,SV5_HUB_0949d931bfb252f66eb3@70:69,UNKNOWN,AIR,ae08f7778b162cf6feef0301bce718d96153069bba0097e5c4e94b4d23303297
SV5_HUB_0949d931bfb252f66eb3,282,276,RESERVED_TREE,70,69,SV5_HUB_0949d931bfb252f66eb3@70:69,UNKNOWN,AIR,ae08f7778b162cf6feef0301bce718d96153069bba0097e5c4e94b4d23303297
SV5_HUB_0949d931bfb252f66eb3,283,276,RESERVED_TREE,70,69,SV5_HUB_0949d931bfb252f66eb3@70:69,UNKNOWN,AIR,ae08f7778b162cf6feef0301bce718d96153069bba0097e5c4e94b4d23303297
SV5_HUB_0949d931bfb252f66eb3,284,276,RESERVED_TREE,71,69,SV5_HUB_0949d931bfb252f66eb3@71:69,UNKNOWN,AIR,ae08f7778b162cf6feef0301bce718d96153069bba0097e5c4e94b4d23303297
SV5_HUB_0949d931bfb252f66eb3,285,276,RESERVED_TREE,71,69,SV5_HUB_0949d931bfb252f66eb3@71:69,UNKNOWN,AIR,ae08f7778b162cf6feef0301bce718d96153069bba0097e5c4e94b4d23303297
SV5_HUB_0949d931bfb252f66eb3,286,276,AIR,71,69,SV5_HUB_0949d931bfb252f66eb3@71:69,UNKNOWN,AIR,ae08f7778b162cf6feef0301bce718d96153069bba0097e5c4e94b4d23303297
SV5_HUB_0949d931bfb252f66eb3,287,276,AIR,71,69,SV5_HUB_0949d931bfb252f66eb3@71:69,UNKNOWN,AIR,ae08f7778b162cf6feef0301bce718d96153069bba0097e5c4e94b4d23303297
SV5_HUB_0949d931bfb252f66eb3,288,276,AIR,72,69,SV5_HUB_0949d931bfb252f66eb3@72:69,UNKNOWN,AIR,ae08f7778b162cf6feef0301bce718d96153069bba0097e5c4e94b4d23303297
SV5_HUB_0949d931bfb252f66eb3,289,276,AIR,72,69,SV5_HUB_0949d931bfb252f66eb3@72:69,UNKNOWN,AIR,ae08f7778b162cf6feef0301bce718d96153069bba0097e5c4e94b4d23303297
SV5_HUB_0949d931bfb252f66eb3,290,276,SOLID,72,69,SV5_HUB_0949d931bfb252f66eb3@72:69,UNKNOWN,SOLID,ae08f7778b162cf6feef0301bce718d96153069bba0097e5c4e94b4d23303297
SV5_HUB_0949d931bfb252f66eb3,291,276,SOLID,72,69,SV5_HUB_0949d931bfb252f66eb3@72:69,UNKNOWN,SOLID,ae08f7778b162cf6feef0301bce718d96153069bba0097e5c4e94b4d23303297
SV5_HUB_0949d931bfb252f66eb3,292,276,SOLID,73,69,SV5_HUB_0949d931bfb252f66eb3@73:69,UNKNOWN,SOLID,ae08f7778b162cf6feef0301bce718d96153069bba0097e5c4e94b4d23303297
SV5_HUB_0949d931bfb252f66eb3,293,276,SOLID,73,69,SV5_HUB_0949d931bfb252f66eb3@73:69,UNKNOWN,SOLID,ae08f7778b162cf6feef0301bce718d96153069bba0097e5c4e94b4d23303297
SV5_HUB_0949d931bfb252f66eb3,294,276,SOLID,73,69,SV5_HUB_0949d931bfb252f66eb3@73:69,UNKNOWN,SOLID,ae08f7778b162cf6feef0301bce718d96153069bba0097e5c4e94b4d23303297
SV5_HUB_0949d931bfb252f66eb3,295,276,SOLID,73,69,SV5_HUB_0949d931bfb252f66eb3@73:69,UNKNOWN,SOLID,ae08f7778b162cf6feef0301bce718d96153069bba0097e5c4e94b4d23303297
SV5_HUB_0949d931bfb252f66eb3,272,277,SOLID,68,69,SV5_HUB_0949d931bfb252f66eb3@68:69,UNKNOWN,SOLID,ae08f7778b162cf6feef0301bce718d96153069bba0097e5c4e94b4d23303297
SV5_HUB_0949d931bfb252f66eb3,273,277,SOLID,68,69,SV5_HUB_0949d931bfb252f66eb3@68:69,UNKNOWN,SOLID,ae08f7778b162cf6feef0301bce718d96153069bba0097e5c4e94b4d23303297
SV5_HUB_0949d931bfb252f66eb3,274,277,SOLID,68,69,SV5_HUB_0949d931bfb252f66eb3@68:69,UNKNOWN,SOLID,ae08f7778b162cf6feef0301bce718d96153069bba0097e5c4e94b4d23303297
SV5_HUB_0949d931bfb252f66eb3,275,277,SOLID,68,69,SV5_HUB_0949d931bfb252f66eb3@68:69,UNKNOWN,SOLID,ae08f7778b162cf6feef0301bce718d96153069bba0097e5c4e94b4d23303297
SV5_HUB_0949d931bfb252f66eb3,276,277,SOLID,69,69,SV5_HUB_0949d931bfb252f66eb3@69:69,UNKNOWN,SOLID,ae08f7778b162cf6feef0301bce718d96153069bba0097e5c4e94b4d23303297
SV5_HUB_0949d931bfb252f66eb3,277,277,SOLID,69,69,SV5_HUB_0949d931bfb252f66eb3@69:69,UNKNOWN,SOLID,ae08f7778b162cf6feef0301bce718d96153069bba0097e5c4e94b4d23303297
SV5_HUB_0949d931bfb252f66eb3,278,277,AIR,69,69,SV5_HUB_0949d931bfb252f66eb3@69:69,UNKNOWN,AIR,ae08f7778b162cf6feef0301bce718d96153069bba0097e5c4e94b4d23303297
SV5_HUB_0949d931bfb252f66eb3,279,277,AIR,69,69,SV5_HUB_0949d931bfb252f66eb3@69:69,UNKNOWN,AIR,ae08f7778b162cf6feef0301bce718d96153069bba0097e5c4e94b4d23303297
SV5_HUB_0949d931bfb252f66eb3,280,277,AIR,70,69,SV5_HUB_0949d931bfb252f66eb3@70:69,UNKNOWN,AIR,ae08f7778b162cf6feef0301bce718d96153069bba0097e5c4e94b4d23303297
SV5_HUB_0949d931bfb252f66eb3,281,277,AIR,70,69,SV5_HUB_0949d931bfb252f66eb3@70:69,UNKNOWN,AIR,ae08f7778b162cf6feef0301bce718d96153069bba0097e5c4e94b4d23303297
SV5_HUB_0949d931bfb252f66eb3,282,277,RESERVED_TREE,70,69,SV5_HUB_0949d931bfb252f66eb3@70:69,UNKNOWN,AIR,ae08f7778b162cf6feef0301bce718d96153069bba0097e5c4e94b4d23303297
SV5_HUB_0949d931bfb252f66eb3,283,277,RESERVED_TREE,70,69,SV5_HUB_0949d931bfb252f66eb3@70:69,UNKNOWN,AIR,ae08f7778b162cf6feef0301bce718d96153069bba0097e5c4e94b4d23303297
SV5_HUB_0949d931bfb252f66eb3,284,277,RESERVED_TREE,71,69,SV5_HUB_0949d931bfb252f66eb3@71:69,UNKNOWN,AIR,ae08f7778b162cf6feef0301bce718d96153069bba0097e5c4e94b4d23303297
SV5_HUB_0949d931bfb252f66eb3,285,277,RESERVED_TREE,71,69,SV5_HUB_0949d931bfb252f66eb3@71:69,UNKNOWN,AIR,ae08f7778b162cf6feef0301bce718d96153069bba0097e5c4e94b4d23303297
SV5_HUB_0949d931bfb252f66eb3,286,277,AIR,71,69,SV5_HUB_0949d931bfb252f66eb3@71:69,UNKNOWN,AIR,ae08f7778b162cf6feef0301bce718d96153069bba0097e5c4e94b4d23303297
SV5_HUB_0949d931bfb252f66eb3,287,277,AIR,71,69,SV5_HUB_0949d931bfb252f66eb3@71:69,UNKNOWN,AIR,ae08f7778b162cf6feef0301bce718d96153069bba0097e5c4e94b4d23303297
SV5_HUB_0949d931bfb252f66eb3,288,277,AIR,72,69,SV5_HUB_0949d931bfb252f66eb3@72:69,UNKNOWN,AIR,ae08f7778b162cf6feef0301bce718d96153069bba0097e5c4e94b4d23303297
SV5_HUB_0949d931bfb252f66eb3,289,277,AIR,72,69,SV5_HUB_0949d931bfb252f66eb3@72:69,UNKNOWN,AIR,ae08f7778b162cf6feef0301bce718d96153069bba0097e5c4e94b4d23303297
SV5_HUB_0949d931bfb252f66eb3,290,277,SOLID,72,69,SV5_HUB_0949d931bfb252f66eb3@72:69,UNKNOWN,SOLID,ae08f7778b162cf6feef0301bce718d96153069bba0097e5c4e94b4d23303297
SV5_HUB_0949d931bfb252f66eb3,291,277,SOLID,72,69,SV5_HUB_0949d931bfb252f66eb3@72:69,UNKNOWN,SOLID,ae08f7778b162cf6feef0301bce718d96153069bba0097e5c4e94b4d23303297
SV5_HUB_0949d931bfb252f66eb3,292,277,SOLID,73,69,SV5_HUB_0949d931bfb252f66eb3@73:69,UNKNOWN,SOLID,ae08f7778b162cf6feef0301bce718d96153069bba0097e5c4e94b4d23303297
SV5_HUB_0949d931bfb252f66eb3,293,277,SOLID,73,69,SV5_HUB_0949d931bfb252f66eb3@73:69,UNKNOWN,SOLID,ae08f7778b162cf6feef0301bce718d96153069bba0097e5c4e94b4d23303297
SV5_HUB_0949d931bfb252f66eb3,294,277,SOLID,73,69,SV5_HUB_0949d931bfb252f66eb3@73:69,UNKNOWN,SOLID,ae08f7778b162cf6feef0301bce718d96153069bba0097e5c4e94b4d23303297
SV5_HUB_0949d931bfb252f66eb3,295,277,SOLID,73,69,SV5_HUB_0949d931bfb252f66eb3@73:69,UNKNOWN,SOLID,ae08f7778b162cf6feef0301bce718d96153069bba0097e5c4e94b4d23303297
SV5_HUB_0949d931bfb252f66eb3,272,278,SOLID,68,69,SV5_HUB_0949d931bfb252f66eb3@68:69,UNKNOWN,SOLID,ae08f7778b162cf6feef0301bce718d96153069bba0097e5c4e94b4d23303297
SV5_HUB_0949d931bfb252f66eb3,273,278,SOLID,68,69,SV5_HUB_0949d931bfb252f66eb3@68:69,UNKNOWN,SOLID,ae08f7778b162cf6feef0301bce718d96153069bba0097e5c4e94b4d23303297
SV5_HUB_0949d931bfb252f66eb3,274,278,SOLID,68,69,SV5_HUB_0949d931bfb252f66eb3@68:69,UNKNOWN,SOLID,ae08f7778b162cf6feef0301bce718d96153069bba0097e5c4e94b4d23303297
SV5_HUB_0949d931bfb252f66eb3,275,278,SOLID,68,69,SV5_HUB_0949d931bfb252f66eb3@68:69,UNKNOWN,SOLID,ae08f7778b162cf6feef0301bce718d96153069bba0097e5c4e94b4d23303297
SV5_HUB_0949d931bfb252f66eb3,276,278,SOLID,69,69,SV5_HUB_0949d931bfb252f66eb3@69:69,UNKNOWN,SOLID,ae08f7778b162cf6feef0301bce718d96153069bba0097e5c4e94b4d23303297
SV5_HUB_0949d931bfb252f66eb3,277,278,SOLID,69,69,SV5_HUB_0949d931bfb252f66eb3@69:69,UNKNOWN,SOLID,ae08f7778b162cf6feef0301bce718d96153069bba0097e5c4e94b4d23303297
SV5_HUB_0949d931bfb252f66eb3,278,278,AIR,69,69,SV5_HUB_0949d931bfb252f66eb3@69:69,UNKNOWN,AIR,ae08f7778b162cf6feef0301bce718d96153069bba0097e5c4e94b4d23303297
SV5_HUB_0949d931bfb252f66eb3,279,278,AIR,69,69,SV5_HUB_0949d931bfb252f66eb3@69:69,UNKNOWN,AIR,ae08f7778b162cf6feef0301bce718d96153069bba0097e5c4e94b4d23303297
SV5_HUB_0949d931bfb252f66eb3,280,278,AIR,70,69,SV5_HUB_0949d931bfb252f66eb3@70:69,UNKNOWN,AIR,ae08f7778b162cf6feef0301bce718d96153069bba0097e5c4e94b4d23303297
SV5_HUB_0949d931bfb252f66eb3,281,278,AIR,70,69,SV5_HUB_0949d931bfb252f66eb3@70:69,UNKNOWN,AIR,ae08f7778b162cf6feef0301bce718d96153069bba0097e5c4e94b4d23303297
SV5_HUB_0949d931bfb252f66eb3,282,278,RESERVED_TREE,70,69,SV5_HUB_0949d931bfb252f66eb3@70:69,UNKNOWN,AIR,ae08f7778b162cf6feef0301bce718d96153069bba0097e5c4e94b4d23303297
SV5_HUB_0949d931bfb252f66eb3,283,278,RESERVED_TREE,70,69,SV5_HUB_0949d931bfb252f66eb3@70:69,UNKNOWN,AIR,ae08f7778b162cf6feef0301bce718d96153069bba0097e5c4e94b4d23303297
SV5_HUB_0949d931bfb252f66eb3,284,278,RESERVED_TREE,71,69,SV5_HUB_0949d931bfb252f66eb3@71:69,UNKNOWN,AIR,ae08f7778b162cf6feef0301bce718d96153069bba0097e5c4e94b4d23303297
SV5_HUB_0949d931bfb252f66eb3,285,278,RESERVED_TREE,71,69,SV5_HUB_0949d931bfb252f66eb3@71:69,UNKNOWN,AIR,ae08f7778b162cf6feef0301bce718d96153069bba0097e5c4e94b4d23303297
SV5_HUB_0949d931bfb252f66eb3,286,278,AIR,71,69,SV5_HUB_0949d931bfb252f66eb3@71:69,UNKNOWN,AIR,ae08f7778b162cf6feef0301bce718d96153069bba0097e5c4e94b4d23303297
SV5_HUB_0949d931bfb252f66eb3,287,278,AIR,71,69,SV5_HUB_0949d931bfb252f66eb3@71:69,UNKNOWN,AIR,ae08f7778b162cf6feef0301bce718d96153069bba0097e5c4e94b4d23303297
SV5_HUB_0949d931bfb252f66eb3,288,278,AIR,72,69,SV5_HUB_0949d931bfb252f66eb3@72:69,UNKNOWN,AIR,ae08f7778b162cf6feef0301bce718d96153069bba0097e5c4e94b4d23303297
SV5_HUB_0949d931bfb252f66eb3,289,278,AIR,72,69,SV5_HUB_0949d931bfb252f66eb3@72:69,UNKNOWN,AIR,ae08f7778b162cf6feef0301bce718d96153069bba0097e5c4e94b4d23303297
SV5_HUB_0949d931bfb252f66eb3,290,278,SOLID,72,69,SV5_HUB_0949d931bfb252f66eb3@72:69,UNKNOWN,SOLID,ae08f7778b162cf6feef0301bce718d96153069bba0097e5c4e94b4d23303297
SV5_HUB_0949d931bfb252f66eb3,291,278,SOLID,72,69,SV5_HUB_0949d931bfb252f66eb3@72:69,UNKNOWN,SOLID,ae08f7778b162cf6feef0301bce718d96153069bba0097e5c4e94b4d23303297
SV5_HUB_0949d931bfb252f66eb3,292,278,SOLID,73,69,SV5_HUB_0949d931bfb252f66eb3@73:69,UNKNOWN,SOLID,ae08f7778b162cf6feef0301bce718d96153069bba0097e5c4e94b4d23303297
SV5_HUB_0949d931bfb252f66eb3,293,278,SOLID,73,69,SV5_HUB_0949d931bfb252f66eb3@73:69,UNKNOWN,SOLID,ae08f7778b162cf6feef0301bce718d96153069bba0097e5c4e94b4d23303297
SV5_HUB_0949d931bfb252f66eb3,294,278,SOLID,73,69,SV5_HUB_0949d931bfb252f66eb3@73:69,UNKNOWN,SOLID,ae08f7778b162cf6feef0301bce718d96153069bba0097e5c4e94b4d23303297
SV5_HUB_0949d931bfb252f66eb3,295,278,SOLID,73,69,SV5_HUB_0949d931bfb252f66eb3@73:69,UNKNOWN,SOLID,ae08f7778b162cf6feef0301bce718d96153069bba0097e5c4e94b4d23303297
SV5_HUB_0949d931bfb252f66eb3,272,279,SOLID,68,69,SV5_HUB_0949d931bfb252f66eb3@68:69,UNKNOWN,SOLID,ae08f7778b162cf6feef0301bce718d96153069bba0097e5c4e94b4d23303297
SV5_HUB_0949d931bfb252f66eb3,273,279,SOLID,68,69,SV5_HUB_0949d931bfb252f66eb3@68:69,UNKNOWN,SOLID,ae08f7778b162cf6feef0301bce718d96153069bba0097e5c4e94b4d23303297
SV5_HUB_0949d931bfb252f66eb3,274,279,SOLID,68,69,SV5_HUB_0949d931bfb252f66eb3@68:69,UNKNOWN,SOLID,ae08f7778b162cf6feef0301bce718d96153069bba0097e5c4e94b4d23303297
SV5_HUB_0949d931bfb252f66eb3,275,279,SOLID,68,69,SV5_HUB_0949d931bfb252f66eb3@68:69,UNKNOWN,SOLID,ae08f7778b162cf6feef0301bce718d96153069bba0097e5c4e94b4d23303297
SV5_HUB_0949d931bfb252f66eb3,276,279,SOLID,69,69,SV5_HUB_0949d931bfb252f66eb3@69:69,UNKNOWN,SOLID,ae08f7778b162cf6feef0301bce718d96153069bba0097e5c4e94b4d23303297
SV5_HUB_0949d931bfb252f66eb3,277,279,SOLID,69,69,SV5_HUB_0949d931bfb252f66eb3@69:69,UNKNOWN,SOLID,ae08f7778b162cf6feef0301bce718d96153069bba0097e5c4e94b4d23303297
SV5_HUB_0949d931bfb252f66eb3,278,279,AIR,69,69,SV5_HUB_0949d931bfb252f66eb3@69:69,UNKNOWN,AIR,ae08f7778b162cf6feef0301bce718d96153069bba0097e5c4e94b4d23303297
SV5_HUB_0949d931bfb252f66eb3,279,279,AIR,69,69,SV5_HUB_0949d931bfb252f66eb3@69:69,UNKNOWN,AIR,ae08f7778b162cf6feef0301bce718d96153069bba0097e5c4e94b4d23303297
SV5_HUB_0949d931bfb252f66eb3,280,279,AIR,70,69,SV5_HUB_0949d931bfb252f66eb3@70:69,UNKNOWN,AIR,ae08f7778b162cf6feef0301bce718d96153069bba0097e5c4e94b4d23303297
SV5_HUB_0949d931bfb252f66eb3,281,279,AIR,70,69,SV5_HUB_0949d931bfb252f66eb3@70:69,UNKNOWN,AIR,ae08f7778b162cf6feef0301bce718d96153069bba0097e5c4e94b4d23303297
SV5_HUB_0949d931bfb252f66eb3,282,279,RESERVED_TREE,70,69,SV5_HUB_0949d931bfb252f66eb3@70:69,UNKNOWN,AIR,ae08f7778b162cf6feef0301bce718d96153069bba0097e5c4e94b4d23303297
SV5_HUB_0949d931bfb252f66eb3,283,279,RESERVED_TREE,70,69,SV5_HUB_0949d931bfb252f66eb3@70:69,UNKNOWN,AIR,ae08f7778b162cf6feef0301bce718d96153069bba0097e5c4e94b4d23303297
SV5_HUB_0949d931bfb252f66eb3,284,279,RESERVED_TREE,71,69,SV5_HUB_0949d931bfb252f66eb3@71:69,UNKNOWN,AIR,ae08f7778b162cf6feef0301bce718d96153069bba0097e5c4e94b4d23303297
SV5_HUB_0949d931bfb252f66eb3,285,279,RESERVED_TREE,71,69,SV5_HUB_0949d931bfb252f66eb3@71:69,UNKNOWN,AIR,ae08f7778b162cf6feef0301bce718d96153069bba0097e5c4e94b4d23303297
SV5_HUB_0949d931bfb252f66eb3,286,279,AIR,71,69,SV5_HUB_0949d931bfb252f66eb3@71:69,UNKNOWN,AIR,ae08f7778b162cf6feef0301bce718d96153069bba0097e5c4e94b4d23303297
SV5_HUB_0949d931bfb252f66eb3,287,279,AIR,71,69,SV5_HUB_0949d931bfb252f66eb3@71:69,UNKNOWN,AIR,ae08f7778b162cf6feef0301bce718d96153069bba0097e5c4e94b4d23303297
SV5_HUB_0949d931bfb252f66eb3,288,279,AIR,72,69,SV5_HUB_0949d931bfb252f66eb3@72:69,UNKNOWN,AIR,ae08f7778b162cf6feef0301bce718d96153069bba0097e5c4e94b4d23303297
SV5_HUB_0949d931bfb252f66eb3,289,279,AIR,72,69,SV5_HUB_0949d931bfb252f66eb3@72:69,UNKNOWN,AIR,ae08f7778b162cf6feef0301bce718d96153069bba0097e5c4e94b4d23303297
SV5_HUB_0949d931bfb252f66eb3,290,279,SOLID,72,69,SV5_HUB_0949d931bfb252f66eb3@72:69,UNKNOWN,SOLID,ae08f7778b162cf6feef0301bce718d96153069bba0097e5c4e94b4d23303297
SV5_HUB_0949d931bfb252f66eb3,291,279,SOLID,72,69,SV5_HUB_0949d931bfb252f66eb3@72:69,UNKNOWN,SOLID,ae08f7778b162cf6feef0301bce718d96153069bba0097e5c4e94b4d23303297
SV5_HUB_0949d931bfb252f66eb3,292,279,SOLID,73,69,SV5_HUB_0949d931bfb252f66eb3@73:69,UNKNOWN,SOLID,ae08f7778b162cf6feef0301bce718d96153069bba0097e5c4e94b4d23303297
SV5_HUB_0949d931bfb252f66eb3,293,279,SOLID,73,69,SV5_HUB_0949d931bfb252f66eb3@73:69,UNKNOWN,SOLID,ae08f7778b162cf6feef0301bce718d96153069bba0097e5c4e94b4d23303297
SV5_HUB_0949d931bfb252f66eb3,294,279,SOLID,73,69,SV5_HUB_0949d931bfb252f66eb3@73:69,UNKNOWN,SOLID,ae08f7778b162cf6feef0301bce718d96153069bba0097e5c4e94b4d23303297
SV5_HUB_0949d931bfb252f66eb3,295,279,SOLID,73,69,SV5_HUB_0949d931bfb252f66eb3@73:69,UNKNOWN,SOLID,ae08f7778b162cf6feef0301bce718d96153069bba0097e5c4e94b4d23303297
SV5_HUB_0949d931bfb252f66eb3,272,280,SOLID,68,70,SV5_HUB_0949d931bfb252f66eb3@68:70,UNKNOWN,SOLID,ae08f7778b162cf6feef0301bce718d96153069bba0097e5c4e94b4d23303297
SV5_HUB_0949d931bfb252f66eb3,273,280,SOLID,68,70,SV5_HUB_0949d931bfb252f66eb3@68:70,UNKNOWN,SOLID,ae08f7778b162cf6feef0301bce718d96153069bba0097e5c4e94b4d23303297
SV5_HUB_0949d931bfb252f66eb3,274,280,SOLID,68,70,SV5_HUB_0949d931bfb252f66eb3@68:70,UNKNOWN,SOLID,ae08f7778b162cf6feef0301bce718d96153069bba0097e5c4e94b4d23303297
SV5_HUB_0949d931bfb252f66eb3,275,280,SOLID,68,70,SV5_HUB_0949d931bfb252f66eb3@68:70,UNKNOWN,SOLID,ae08f7778b162cf6feef0301bce718d96153069bba0097e5c4e94b4d23303297
SV5_HUB_0949d931bfb252f66eb3,276,280,SOLID,69,70,SV5_HUB_0949d931bfb252f66eb3@69:70,UNKNOWN,SOLID,ae08f7778b162cf6feef0301bce718d96153069bba0097e5c4e94b4d23303297
SV5_HUB_0949d931bfb252f66eb3,277,280,SOLID,69,70,SV5_HUB_0949d931bfb252f66eb3@69:70,UNKNOWN,SOLID,ae08f7778b162cf6feef0301bce718d96153069bba0097e5c4e94b4d23303297
SV5_HUB_0949d931bfb252f66eb3,278,280,AIR,69,70,SV5_HUB_0949d931bfb252f66eb3@69:70,UNKNOWN,AIR,ae08f7778b162cf6feef0301bce718d96153069bba0097e5c4e94b4d23303297
SV5_HUB_0949d931bfb252f66eb3,279,280,AIR,69,70,SV5_HUB_0949d931bfb252f66eb3@69:70,UNKNOWN,AIR,ae08f7778b162cf6feef0301bce718d96153069bba0097e5c4e94b4d23303297
SV5_HUB_0949d931bfb252f66eb3,280,280,AIR,70,70,SV5_HUB_0949d931bfb252f66eb3@70:70,UNKNOWN,AIR,ae08f7778b162cf6feef0301bce718d96153069bba0097e5c4e94b4d23303297
SV5_HUB_0949d931bfb252f66eb3,281,280,AIR,70,70,SV5_HUB_0949d931bfb252f66eb3@70:70,UNKNOWN,AIR,ae08f7778b162cf6feef0301bce718d96153069bba0097e5c4e94b4d23303297
SV5_HUB_0949d931bfb252f66eb3,282,280,RESERVED_TREE,70,70,SV5_HUB_0949d931bfb252f66eb3@70:70,UNKNOWN,AIR,ae08f7778b162cf6feef0301bce718d96153069bba0097e5c4e94b4d23303297
SV5_HUB_0949d931bfb252f66eb3,283,280,RESERVED_TREE,70,70,SV5_HUB_0949d931bfb252f66eb3@70:70,UNKNOWN,AIR,ae08f7778b162cf6feef0301bce718d96153069bba0097e5c4e94b4d23303297
SV5_HUB_0949d931bfb252f66eb3,284,280,RESERVED_TREE,71,70,SV5_HUB_0949d931bfb252f66eb3@71:70,UNKNOWN,AIR,ae08f7778b162cf6feef0301bce718d96153069bba0097e5c4e94b4d23303297
SV5_HUB_0949d931bfb252f66eb3,285,280,RESERVED_TREE,71,70,SV5_HUB_0949d931bfb252f66eb3@71:70,UNKNOWN,AIR,ae08f7778b162cf6feef0301bce718d96153069bba0097e5c4e94b4d23303297
SV5_HUB_0949d931bfb252f66eb3,286,280,AIR,71,70,SV5_HUB_0949d931bfb252f66eb3@71:70,UNKNOWN,AIR,ae08f7778b162cf6feef0301bce718d96153069bba0097e5c4e94b4d23303297
SV5_HUB_0949d931bfb252f66eb3,287,280,AIR,71,70,SV5_HUB_0949d931bfb252f66eb3@71:70,UNKNOWN,AIR,ae08f7778b162cf6feef0301bce718d96153069bba0097e5c4e94b4d23303297
SV5_HUB_0949d931bfb252f66eb3,288,280,AIR,72,70,SV5_HUB_0949d931bfb252f66eb3@72:70,UNKNOWN,AIR,ae08f7778b162cf6feef0301bce718d96153069bba0097e5c4e94b4d23303297
SV5_HUB_0949d931bfb252f66eb3,289,280,AIR,72,70,SV5_HUB_0949d931bfb252f66eb3@72:70,UNKNOWN,AIR,ae08f7778b162cf6feef0301bce718d96153069bba0097e5c4e94b4d23303297
SV5_HUB_0949d931bfb252f66eb3,290,280,SOLID,72,70,SV5_HUB_0949d931bfb252f66eb3@72:70,UNKNOWN,SOLID,ae08f7778b162cf6feef0301bce718d96153069bba0097e5c4e94b4d23303297
SV5_HUB_0949d931bfb252f66eb3,291,280,SOLID,72,70,SV5_HUB_0949d931bfb252f66eb3@72:70,UNKNOWN,SOLID,ae08f7778b162cf6feef0301bce718d96153069bba0097e5c4e94b4d23303297
SV5_HUB_0949d931bfb252f66eb3,292,280,SOLID,73,70,SV5_HUB_0949d931bfb252f66eb3@73:70,UNKNOWN,SOLID,ae08f7778b162cf6feef0301bce718d96153069bba0097e5c4e94b4d23303297
SV5_HUB_0949d931bfb252f66eb3,293,280,SOLID,73,70,SV5_HUB_0949d931bfb252f66eb3@73:70,UNKNOWN,SOLID,ae08f7778b162cf6feef0301bce718d96153069bba0097e5c4e94b4d23303297
SV5_HUB_0949d931bfb252f66eb3,294,280,SOLID,73,70,SV5_HUB_0949d931bfb252f66eb3@73:70,UNKNOWN,SOLID,ae08f7778b162cf6feef0301bce718d96153069bba0097e5c4e94b4d23303297
SV5_HUB_0949d931bfb252f66eb3,295,280,SOLID,73,70,SV5_HUB_0949d931bfb252f66eb3@73:70,UNKNOWN,SOLID,ae08f7778b162cf6feef0301bce718d96153069bba0097e5c4e94b4d23303297
SV5_HUB_0949d931bfb252f66eb3,272,281,PORT_NECK,68,70,SV5_HUB_0949d931bfb252f66eb3@68:70,UNKNOWN,AIR,ae08f7778b162cf6feef0301bce718d96153069bba0097e5c4e94b4d23303297
SV5_HUB_0949d931bfb252f66eb3,273,281,PORT_NECK,68,70,SV5_HUB_0949d931bfb252f66eb3@68:70,UNKNOWN,AIR,ae08f7778b162cf6feef0301bce718d96153069bba0097e5c4e94b4d23303297
SV5_HUB_0949d931bfb252f66eb3,274,281,PORT_NECK,68,70,SV5_HUB_0949d931bfb252f66eb3@68:70,UNKNOWN,AIR,ae08f7778b162cf6feef0301bce718d96153069bba0097e5c4e94b4d23303297
SV5_HUB_0949d931bfb252f66eb3,275,281,PORT_NECK,68,70,SV5_HUB_0949d931bfb252f66eb3@68:70,UNKNOWN,AIR,ae08f7778b162cf6feef0301bce718d96153069bba0097e5c4e94b4d23303297
SV5_HUB_0949d931bfb252f66eb3,276,281,PORT_NECK,69,70,SV5_HUB_0949d931bfb252f66eb3@69:70,UNKNOWN,AIR,ae08f7778b162cf6feef0301bce718d96153069bba0097e5c4e94b4d23303297
SV5_HUB_0949d931bfb252f66eb3,277,281,PORT_NECK,69,70,SV5_HUB_0949d931bfb252f66eb3@69:70,UNKNOWN,AIR,ae08f7778b162cf6feef0301bce718d96153069bba0097e5c4e94b4d23303297
SV5_HUB_0949d931bfb252f66eb3,278,281,PORT_NECK,69,70,SV5_HUB_0949d931bfb252f66eb3@69:70,UNKNOWN,AIR,ae08f7778b162cf6feef0301bce718d96153069bba0097e5c4e94b4d23303297
SV5_HUB_0949d931bfb252f66eb3,279,281,AIR,69,70,SV5_HUB_0949d931bfb252f66eb3@69:70,UNKNOWN,AIR,ae08f7778b162cf6feef0301bce718d96153069bba0097e5c4e94b4d23303297
SV5_HUB_0949d931bfb252f66eb3,280,281,AIR,70,70,SV5_HUB_0949d931bfb252f66eb3@70:70,UNKNOWN,AIR,ae08f7778b162cf6feef0301bce718d96153069bba0097e5c4e94b4d23303297
SV5_HUB_0949d931bfb252f66eb3,281,281,AIR,70,70,SV5_HUB_0949d931bfb252f66eb3@70:70,UNKNOWN,AIR,ae08f7778b162cf6feef0301bce718d96153069bba0097e5c4e94b4d23303297
SV5_HUB_0949d931bfb252f66eb3,282,281,RESERVED_TREE,70,70,SV5_HUB_0949d931bfb252f66eb3@70:70,UNKNOWN,AIR,ae08f7778b162cf6feef0301bce718d96153069bba0097e5c4e94b4d23303297
SV5_HUB_0949d931bfb252f66eb3,283,281,RESERVED_TREE,70,70,SV5_HUB_0949d931bfb252f66eb3@70:70,UNKNOWN,AIR,ae08f7778b162cf6feef0301bce718d96153069bba0097e5c4e94b4d23303297
SV5_HUB_0949d931bfb252f66eb3,284,281,RESERVED_TREE,71,70,SV5_HUB_0949d931bfb252f66eb3@71:70,UNKNOWN,AIR,ae08f7778b162cf6feef0301bce718d96153069bba0097e5c4e94b4d23303297
SV5_HUB_0949d931bfb252f66eb3,285,281,RESERVED_TREE,71,70,SV5_HUB_0949d931bfb252f66eb3@71:70,UNKNOWN,AIR,ae08f7778b162cf6feef0301bce718d96153069bba0097e5c4e94b4d23303297
SV5_HUB_0949d931bfb252f66eb3,286,281,AIR,71,70,SV5_HUB_0949d931bfb252f66eb3@71:70,UNKNOWN,AIR,ae08f7778b162cf6feef0301bce718d96153069bba0097e5c4e94b4d23303297
SV5_HUB_0949d931bfb252f66eb3,287,281,AIR,71,70,SV5_HUB_0949d931bfb252f66eb3@71:70,UNKNOWN,AIR,ae08f7778b162cf6feef0301bce718d96153069bba0097e5c4e94b4d23303297
SV5_HUB_0949d931bfb252f66eb3,288,281,AIR,72,70,SV5_HUB_0949d931bfb252f66eb3@72:70,UNKNOWN,AIR,ae08f7778b162cf6feef0301bce718d96153069bba0097e5c4e94b4d23303297
SV5_HUB_0949d931bfb252f66eb3,289,281,PORT_NECK,72,70,SV5_HUB_0949d931bfb252f66eb3@72:70,UNKNOWN,AIR,ae08f7778b162cf6feef0301bce718d96153069bba0097e5c4e94b4d23303297
SV5_HUB_0949d931bfb252f66eb3,290,281,PORT_NECK,72,70,SV5_HUB_0949d931bfb252f66eb3@72:70,UNKNOWN,AIR,ae08f7778b162cf6feef0301bce718d96153069bba0097e5c4e94b4d23303297
SV5_HUB_0949d931bfb252f66eb3,291,281,PORT_NECK,72,70,SV5_HUB_0949d931bfb252f66eb3@72:70,UNKNOWN,AIR,ae08f7778b162cf6feef0301bce718d96153069bba0097e5c4e94b4d23303297
SV5_HUB_0949d931bfb252f66eb3,292,281,PORT_NECK,73,70,SV5_HUB_0949d931bfb252f66eb3@73:70,UNKNOWN,AIR,ae08f7778b162cf6feef0301bce718d96153069bba0097e5c4e94b4d23303297
SV5_HUB_0949d931bfb252f66eb3,293,281,PORT_NECK,73,70,SV5_HUB_0949d931bfb252f66eb3@73:70,UNKNOWN,AIR,ae08f7778b162cf6feef0301bce718d96153069bba0097e5c4e94b4d23303297
SV5_HUB_0949d931bfb252f66eb3,294,281,PORT_NECK,73,70,SV5_HUB_0949d931bfb252f66eb3@73:70,UNKNOWN,AIR,ae08f7778b162cf6feef0301bce718d96153069bba0097e5c4e94b4d23303297
SV5_HUB_0949d931bfb252f66eb3,295,281,PORT_NECK,73,70,SV5_HUB_0949d931bfb252f66eb3@73:70,UNKNOWN,AIR,ae08f7778b162cf6feef0301bce718d96153069bba0097e5c4e94b4d23303297
SV5_HUB_0949d931bfb252f66eb3,272,282,PORT_NECK,68,70,SV5_HUB_0949d931bfb252f66eb3@68:70,UNKNOWN,AIR,ae08f7778b162cf6feef0301bce718d96153069bba0097e5c4e94b4d23303297
SV5_HUB_0949d931bfb252f66eb3,273,282,PORT_NECK,68,70,SV5_HUB_0949d931bfb252f66eb3@68:70,UNKNOWN,AIR,ae08f7778b162cf6feef0301bce718d96153069bba0097e5c4e94b4d23303297
SV5_HUB_0949d931bfb252f66eb3,274,282,PORT_NECK,68,70,SV5_HUB_0949d931bfb252f66eb3@68:70,UNKNOWN,AIR,ae08f7778b162cf6feef0301bce718d96153069bba0097e5c4e94b4d23303297
SV5_HUB_0949d931bfb252f66eb3,275,282,PORT_NECK,68,70,SV5_HUB_0949d931bfb252f66eb3@68:70,UNKNOWN,AIR,ae08f7778b162cf6feef0301bce718d96153069bba0097e5c4e94b4d23303297
SV5_HUB_0949d931bfb252f66eb3,276,282,PORT_NECK,69,70,SV5_HUB_0949d931bfb252f66eb3@69:70,UNKNOWN,AIR,ae08f7778b162cf6feef0301bce718d96153069bba0097e5c4e94b4d23303297
SV5_HUB_0949d931bfb252f66eb3,277,282,PORT_NECK,69,70,SV5_HUB_0949d931bfb252f66eb3@69:70,UNKNOWN,AIR,ae08f7778b162cf6feef0301bce718d96153069bba0097e5c4e94b4d23303297
SV5_HUB_0949d931bfb252f66eb3,278,282,PORT_NECK,69,70,SV5_HUB_0949d931bfb252f66eb3@69:70,UNKNOWN,AIR,ae08f7778b162cf6feef0301bce718d96153069bba0097e5c4e94b4d23303297
SV5_HUB_0949d931bfb252f66eb3,279,282,AIR,69,70,SV5_HUB_0949d931bfb252f66eb3@69:70,UNKNOWN,AIR,ae08f7778b162cf6feef0301bce718d96153069bba0097e5c4e94b4d23303297
SV5_HUB_0949d931bfb252f66eb3,280,282,AIR,70,70,SV5_HUB_0949d931bfb252f66eb3@70:70,UNKNOWN,AIR,ae08f7778b162cf6feef0301bce718d96153069bba0097e5c4e94b4d23303297
SV5_HUB_0949d931bfb252f66eb3,281,282,AIR,70,70,SV5_HUB_0949d931bfb252f66eb3@70:70,UNKNOWN,AIR,ae08f7778b162cf6feef0301bce718d96153069bba0097e5c4e94b4d23303297
SV5_HUB_0949d931bfb252f66eb3,282,282,RESERVED_TREE,70,70,SV5_HUB_0949d931bfb252f66eb3@70:70,UNKNOWN,AIR,ae08f7778b162cf6feef0301bce718d96153069bba0097e5c4e94b4d23303297
SV5_HUB_0949d931bfb252f66eb3,283,282,RESERVED_TREE,70,70,SV5_HUB_0949d931bfb252f66eb3@70:70,UNKNOWN,AIR,ae08f7778b162cf6feef0301bce718d96153069bba0097e5c4e94b4d23303297
SV5_HUB_0949d931bfb252f66eb3,284,282,RESERVED_TREE,71,70,SV5_HUB_0949d931bfb252f66eb3@71:70,UNKNOWN,AIR,ae08f7778b162cf6feef0301bce718d96153069bba0097e5c4e94b4d23303297
SV5_HUB_0949d931bfb252f66eb3,285,282,RESERVED_TREE,71,70,SV5_HUB_0949d931bfb252f66eb3@71:70,UNKNOWN,AIR,ae08f7778b162cf6feef0301bce718d96153069bba0097e5c4e94b4d23303297
SV5_HUB_0949d931bfb252f66eb3,286,282,AIR,71,70,SV5_HUB_0949d931bfb252f66eb3@71:70,UNKNOWN,AIR,ae08f7778b162cf6feef0301bce718d96153069bba0097e5c4e94b4d23303297
SV5_HUB_0949d931bfb252f66eb3,287,282,AIR,71,70,SV5_HUB_0949d931bfb252f66eb3@71:70,UNKNOWN,AIR,ae08f7778b162cf6feef0301bce718d96153069bba0097e5c4e94b4d23303297
SV5_HUB_0949d931bfb252f66eb3,288,282,AIR,72,70,SV5_HUB_0949d931bfb252f66eb3@72:70,UNKNOWN,AIR,ae08f7778b162cf6feef0301bce718d96153069bba0097e5c4e94b4d23303297
SV5_HUB_0949d931bfb252f66eb3,289,282,PORT_NECK,72,70,SV5_HUB_0949d931bfb252f66eb3@72:70,UNKNOWN,AIR,ae08f7778b162cf6feef0301bce718d96153069bba0097e5c4e94b4d23303297
SV5_HUB_0949d931bfb252f66eb3,290,282,PORT_NECK,72,70,SV5_HUB_0949d931bfb252f66eb3@72:70,UNKNOWN,AIR,ae08f7778b162cf6feef0301bce718d96153069bba0097e5c4e94b4d23303297
SV5_HUB_0949d931bfb252f66eb3,291,282,PORT_NECK,72,70,SV5_HUB_0949d931bfb252f66eb3@72:70,UNKNOWN,AIR,ae08f7778b162cf6feef0301bce718d96153069bba0097e5c4e94b4d23303297
SV5_HUB_0949d931bfb252f66eb3,292,282,PORT_NECK,73,70,SV5_HUB_0949d931bfb252f66eb3@73:70,UNKNOWN,AIR,ae08f7778b162cf6feef0301bce718d96153069bba0097e5c4e94b4d23303297
SV5_HUB_0949d931bfb252f66eb3,293,282,PORT_NECK,73,70,SV5_HUB_0949d931bfb252f66eb3@73:70,UNKNOWN,AIR,ae08f7778b162cf6feef0301bce718d96153069bba0097e5c4e94b4d23303297
SV5_HUB_0949d931bfb252f66eb3,294,282,PORT_NECK,73,70,SV5_HUB_0949d931bfb252f66eb3@73:70,UNKNOWN,AIR,ae08f7778b162cf6feef0301bce718d96153069bba0097e5c4e94b4d23303297
SV5_HUB_0949d931bfb252f66eb3,295,282,PORT_NECK,73,70,SV5_HUB_0949d931bfb252f66eb3@73:70,UNKNOWN,AIR,ae08f7778b162cf6feef0301bce718d96153069bba0097e5c4e94b4d23303297
SV5_HUB_0949d931bfb252f66eb3,272,283,PORT_NECK,68,70,SV5_HUB_0949d931bfb252f66eb3@68:70,UNKNOWN,AIR,ae08f7778b162cf6feef0301bce718d96153069bba0097e5c4e94b4d23303297
SV5_HUB_0949d931bfb252f66eb3,273,283,PORT_NECK,68,70,SV5_HUB_0949d931bfb252f66eb3@68:70,UNKNOWN,AIR,ae08f7778b162cf6feef0301bce718d96153069bba0097e5c4e94b4d23303297
SV5_HUB_0949d931bfb252f66eb3,274,283,PORT_NECK,68,70,SV5_HUB_0949d931bfb252f66eb3@68:70,UNKNOWN,AIR,ae08f7778b162cf6feef0301bce718d96153069bba0097e5c4e94b4d23303297
SV5_HUB_0949d931bfb252f66eb3,275,283,PORT_NECK,68,70,SV5_HUB_0949d931bfb252f66eb3@68:70,UNKNOWN,AIR,ae08f7778b162cf6feef0301bce718d96153069bba0097e5c4e94b4d23303297
SV5_HUB_0949d931bfb252f66eb3,276,283,PORT_NECK,69,70,SV5_HUB_0949d931bfb252f66eb3@69:70,UNKNOWN,AIR,ae08f7778b162cf6feef0301bce718d96153069bba0097e5c4e94b4d23303297
SV5_HUB_0949d931bfb252f66eb3,277,283,PORT_NECK,69,70,SV5_HUB_0949d931bfb252f66eb3@69:70,UNKNOWN,AIR,ae08f7778b162cf6feef0301bce718d96153069bba0097e5c4e94b4d23303297
SV5_HUB_0949d931bfb252f66eb3,278,283,PORT_NECK,69,70,SV5_HUB_0949d931bfb252f66eb3@69:70,UNKNOWN,AIR,ae08f7778b162cf6feef0301bce718d96153069bba0097e5c4e94b4d23303297
SV5_HUB_0949d931bfb252f66eb3,279,283,AIR,69,70,SV5_HUB_0949d931bfb252f66eb3@69:70,UNKNOWN,AIR,ae08f7778b162cf6feef0301bce718d96153069bba0097e5c4e94b4d23303297
SV5_HUB_0949d931bfb252f66eb3,280,283,AIR,70,70,SV5_HUB_0949d931bfb252f66eb3@70:70,UNKNOWN,AIR,ae08f7778b162cf6feef0301bce718d96153069bba0097e5c4e94b4d23303297
SV5_HUB_0949d931bfb252f66eb3,281,283,AIR,70,70,SV5_HUB_0949d931bfb252f66eb3@70:70,UNKNOWN,AIR,ae08f7778b162cf6feef0301bce718d96153069bba0097e5c4e94b4d23303297
SV5_HUB_0949d931bfb252f66eb3,282,283,RESERVED_TREE,70,70,SV5_HUB_0949d931bfb252f66eb3@70:70,UNKNOWN,AIR,ae08f7778b162cf6feef0301bce718d96153069bba0097e5c4e94b4d23303297
SV5_HUB_0949d931bfb252f66eb3,283,283,RESERVED_TREE,70,70,SV5_HUB_0949d931bfb252f66eb3@70:70,UNKNOWN,AIR,ae08f7778b162cf6feef0301bce718d96153069bba0097e5c4e94b4d23303297
SV5_HUB_0949d931bfb252f66eb3,284,283,RESERVED_TREE,71,70,SV5_HUB_0949d931bfb252f66eb3@71:70,UNKNOWN,AIR,ae08f7778b162cf6feef0301bce718d96153069bba0097e5c4e94b4d23303297
SV5_HUB_0949d931bfb252f66eb3,285,283,RESERVED_TREE,71,70,SV5_HUB_0949d931bfb252f66eb3@71:70,UNKNOWN,AIR,ae08f7778b162cf6feef0301bce718d96153069bba0097e5c4e94b4d23303297
SV5_HUB_0949d931bfb252f66eb3,286,283,AIR,71,70,SV5_HUB_0949d931bfb252f66eb3@71:70,UNKNOWN,AIR,ae08f7778b162cf6feef0301bce718d96153069bba0097e5c4e94b4d23303297
SV5_HUB_0949d931bfb252f66eb3,287,283,AIR,71,70,SV5_HUB_0949d931bfb252f66eb3@71:70,UNKNOWN,AIR,ae08f7778b162cf6feef0301bce718d96153069bba0097e5c4e94b4d23303297
SV5_HUB_0949d931bfb252f66eb3,288,283,AIR,72,70,SV5_HUB_0949d931bfb252f66eb3@72:70,UNKNOWN,AIR,ae08f7778b162cf6feef0301bce718d96153069bba0097e5c4e94b4d23303297
SV5_HUB_0949d931bfb252f66eb3,289,283,PORT_NECK,72,70,SV5_HUB_0949d931bfb252f66eb3@72:70,UNKNOWN,AIR,ae08f7778b162cf6feef0301bce718d96153069bba0097e5c4e94b4d23303297
SV5_HUB_0949d931bfb252f66eb3,290,283,PORT_NECK,72,70,SV5_HUB_0949d931bfb252f66eb3@72:70,UNKNOWN,AIR,ae08f7778b162cf6feef0301bce718d96153069bba0097e5c4e94b4d23303297
SV5_HUB_0949d931bfb252f66eb3,291,283,PORT_NECK,72,70,SV5_HUB_0949d931bfb252f66eb3@72:70,UNKNOWN,AIR,ae08f7778b162cf6feef0301bce718d96153069bba0097e5c4e94b4d23303297
SV5_HUB_0949d931bfb252f66eb3,292,283,PORT_NECK,73,70,SV5_HUB_0949d931bfb252f66eb3@73:70,UNKNOWN,AIR,ae08f7778b162cf6feef0301bce718d96153069bba0097e5c4e94b4d23303297
SV5_HUB_0949d931bfb252f66eb3,293,283,PORT_NECK,73,70,SV5_HUB_0949d931bfb252f66eb3@73:70,UNKNOWN,AIR,ae08f7778b162cf6feef0301bce718d96153069bba0097e5c4e94b4d23303297
SV5_HUB_0949d931bfb252f66eb3,294,283,PORT_NECK,73,70,SV5_HUB_0949d931bfb252f66eb3@73:70,UNKNOWN,AIR,ae08f7778b162cf6feef0301bce718d96153069bba0097e5c4e94b4d23303297
SV5_HUB_0949d931bfb252f66eb3,295,283,PORT_NECK,73,70,SV5_HUB_0949d931bfb252f66eb3@73:70,UNKNOWN,AIR,ae08f7778b162cf6feef0301bce718d96153069bba0097e5c4e94b4d23303297
SV5_HUB_0949d931bfb252f66eb3,272,284,PORT_NECK,68,71,SV5_HUB_0949d931bfb252f66eb3@68:71,UNKNOWN,AIR,ae08f7778b162cf6feef0301bce718d96153069bba0097e5c4e94b4d23303297
SV5_HUB_0949d931bfb252f66eb3,273,284,PORT_NECK,68,71,SV5_HUB_0949d931bfb252f66eb3@68:71,UNKNOWN,AIR,ae08f7778b162cf6feef0301bce718d96153069bba0097e5c4e94b4d23303297
SV5_HUB_0949d931bfb252f66eb3,274,284,PORT_NECK,68,71,SV5_HUB_0949d931bfb252f66eb3@68:71,UNKNOWN,AIR,ae08f7778b162cf6feef0301bce718d96153069bba0097e5c4e94b4d23303297
SV5_HUB_0949d931bfb252f66eb3,275,284,PORT_NECK,68,71,SV5_HUB_0949d931bfb252f66eb3@68:71,UNKNOWN,AIR,ae08f7778b162cf6feef0301bce718d96153069bba0097e5c4e94b4d23303297
SV5_HUB_0949d931bfb252f66eb3,276,284,PORT_NECK,69,71,SV5_HUB_0949d931bfb252f66eb3@69:71,UNKNOWN,AIR,ae08f7778b162cf6feef0301bce718d96153069bba0097e5c4e94b4d23303297
SV5_HUB_0949d931bfb252f66eb3,277,284,PORT_NECK,69,71,SV5_HUB_0949d931bfb252f66eb3@69:71,UNKNOWN,AIR,ae08f7778b162cf6feef0301bce718d96153069bba0097e5c4e94b4d23303297
SV5_HUB_0949d931bfb252f66eb3,278,284,PORT_NECK,69,71,SV5_HUB_0949d931bfb252f66eb3@69:71,UNKNOWN,AIR,ae08f7778b162cf6feef0301bce718d96153069bba0097e5c4e94b4d23303297
SV5_HUB_0949d931bfb252f66eb3,279,284,AIR,69,71,SV5_HUB_0949d931bfb252f66eb3@69:71,UNKNOWN,AIR,ae08f7778b162cf6feef0301bce718d96153069bba0097e5c4e94b4d23303297
SV5_HUB_0949d931bfb252f66eb3,280,284,AIR,70,71,SV5_HUB_0949d931bfb252f66eb3@70:71,UNKNOWN,AIR,ae08f7778b162cf6feef0301bce718d96153069bba0097e5c4e94b4d23303297
SV5_HUB_0949d931bfb252f66eb3,281,284,AIR,70,71,SV5_HUB_0949d931bfb252f66eb3@70:71,UNKNOWN,AIR,ae08f7778b162cf6feef0301bce718d96153069bba0097e5c4e94b4d23303297
SV5_HUB_0949d931bfb252f66eb3,282,284,RESERVED_TREE,70,71,SV5_HUB_0949d931bfb252f66eb3@70:71,UNKNOWN,AIR,ae08f7778b162cf6feef0301bce718d96153069bba0097e5c4e94b4d23303297
SV5_HUB_0949d931bfb252f66eb3,283,284,RESERVED_TREE,70,71,SV5_HUB_0949d931bfb252f66eb3@70:71,UNKNOWN,AIR,ae08f7778b162cf6feef0301bce718d96153069bba0097e5c4e94b4d23303297
SV5_HUB_0949d931bfb252f66eb3,284,284,RESERVED_TREE,71,71,SV5_HUB_0949d931bfb252f66eb3@71:71,UNKNOWN,AIR,ae08f7778b162cf6feef0301bce718d96153069bba0097e5c4e94b4d23303297
SV5_HUB_0949d931bfb252f66eb3,285,284,RESERVED_TREE,71,71,SV5_HUB_0949d931bfb252f66eb3@71:71,UNKNOWN,AIR,ae08f7778b162cf6feef0301bce718d96153069bba0097e5c4e94b4d23303297
SV5_HUB_0949d931bfb252f66eb3,286,284,AIR,71,71,SV5_HUB_0949d931bfb252f66eb3@71:71,UNKNOWN,AIR,ae08f7778b162cf6feef0301bce718d96153069bba0097e5c4e94b4d23303297
SV5_HUB_0949d931bfb252f66eb3,287,284,AIR,71,71,SV5_HUB_0949d931bfb252f66eb3@71:71,UNKNOWN,AIR,ae08f7778b162cf6feef0301bce718d96153069bba0097e5c4e94b4d23303297
SV5_HUB_0949d931bfb252f66eb3,288,284,AIR,72,71,SV5_HUB_0949d931bfb252f66eb3@72:71,UNKNOWN,AIR,ae08f7778b162cf6feef0301bce718d96153069bba0097e5c4e94b4d23303297
SV5_HUB_0949d931bfb252f66eb3,289,284,PORT_NECK,72,71,SV5_HUB_0949d931bfb252f66eb3@72:71,UNKNOWN,AIR,ae08f7778b162cf6feef0301bce718d96153069bba0097e5c4e94b4d23303297
SV5_HUB_0949d931bfb252f66eb3,290,284,PORT_NECK,72,71,SV5_HUB_0949d931bfb252f66eb3@72:71,UNKNOWN,AIR,ae08f7778b162cf6feef0301bce718d96153069bba0097e5c4e94b4d23303297
SV5_HUB_0949d931bfb252f66eb3,291,284,PORT_NECK,72,71,SV5_HUB_0949d931bfb252f66eb3@72:71,UNKNOWN,AIR,ae08f7778b162cf6feef0301bce718d96153069bba0097e5c4e94b4d23303297
SV5_HUB_0949d931bfb252f66eb3,292,284,PORT_NECK,73,71,SV5_HUB_0949d931bfb252f66eb3@73:71,UNKNOWN,AIR,ae08f7778b162cf6feef0301bce718d96153069bba0097e5c4e94b4d23303297
SV5_HUB_0949d931bfb252f66eb3,293,284,PORT_NECK,73,71,SV5_HUB_0949d931bfb252f66eb3@73:71,UNKNOWN,AIR,ae08f7778b162cf6feef0301bce718d96153069bba0097e5c4e94b4d23303297
SV5_HUB_0949d931bfb252f66eb3,294,284,PORT_NECK,73,71,SV5_HUB_0949d931bfb252f66eb3@73:71,UNKNOWN,AIR,ae08f7778b162cf6feef0301bce718d96153069bba0097e5c4e94b4d23303297
SV5_HUB_0949d931bfb252f66eb3,295,284,PORT_NECK,73,71,SV5_HUB_0949d931bfb252f66eb3@73:71,UNKNOWN,AIR,ae08f7778b162cf6feef0301bce718d96153069bba0097e5c4e94b4d23303297
SV5_HUB_0949d931bfb252f66eb3,272,285,PORT_NECK,68,71,SV5_HUB_0949d931bfb252f66eb3@68:71,UNKNOWN,AIR,ae08f7778b162cf6feef0301bce718d96153069bba0097e5c4e94b4d23303297
SV5_HUB_0949d931bfb252f66eb3,273,285,PORT_NECK,68,71,SV5_HUB_0949d931bfb252f66eb3@68:71,UNKNOWN,AIR,ae08f7778b162cf6feef0301bce718d96153069bba0097e5c4e94b4d23303297
SV5_HUB_0949d931bfb252f66eb3,274,285,PORT_NECK,68,71,SV5_HUB_0949d931bfb252f66eb3@68:71,UNKNOWN,AIR,ae08f7778b162cf6feef0301bce718d96153069bba0097e5c4e94b4d23303297
SV5_HUB_0949d931bfb252f66eb3,275,285,PORT_NECK,68,71,SV5_HUB_0949d931bfb252f66eb3@68:71,UNKNOWN,AIR,ae08f7778b162cf6feef0301bce718d96153069bba0097e5c4e94b4d23303297
SV5_HUB_0949d931bfb252f66eb3,276,285,PORT_NECK,69,71,SV5_HUB_0949d931bfb252f66eb3@69:71,UNKNOWN,AIR,ae08f7778b162cf6feef0301bce718d96153069bba0097e5c4e94b4d23303297
SV5_HUB_0949d931bfb252f66eb3,277,285,PORT_NECK,69,71,SV5_HUB_0949d931bfb252f66eb3@69:71,UNKNOWN,AIR,ae08f7778b162cf6feef0301bce718d96153069bba0097e5c4e94b4d23303297
SV5_HUB_0949d931bfb252f66eb3,278,285,PORT_NECK,69,71,SV5_HUB_0949d931bfb252f66eb3@69:71,UNKNOWN,AIR,ae08f7778b162cf6feef0301bce718d96153069bba0097e5c4e94b4d23303297
SV5_HUB_0949d931bfb252f66eb3,279,285,AIR,69,71,SV5_HUB_0949d931bfb252f66eb3@69:71,UNKNOWN,AIR,ae08f7778b162cf6feef0301bce718d96153069bba0097e5c4e94b4d23303297
SV5_HUB_0949d931bfb252f66eb3,280,285,AIR,70,71,SV5_HUB_0949d931bfb252f66eb3@70:71,UNKNOWN,AIR,ae08f7778b162cf6feef0301bce718d96153069bba0097e5c4e94b4d23303297
SV5_HUB_0949d931bfb252f66eb3,281,285,AIR,70,71,SV5_HUB_0949d931bfb252f66eb3@70:71,UNKNOWN,AIR,ae08f7778b162cf6feef0301bce718d96153069bba0097e5c4e94b4d23303297
SV5_HUB_0949d931bfb252f66eb3,282,285,RESERVED_TREE,70,71,SV5_HUB_0949d931bfb252f66eb3@70:71,UNKNOWN,AIR,ae08f7778b162cf6feef0301bce718d96153069bba0097e5c4e94b4d23303297
SV5_HUB_0949d931bfb252f66eb3,283,285,RESERVED_TREE,70,71,SV5_HUB_0949d931bfb252f66eb3@70:71,UNKNOWN,AIR,ae08f7778b162cf6feef0301bce718d96153069bba0097e5c4e94b4d23303297
SV5_HUB_0949d931bfb252f66eb3,284,285,RESERVED_TREE,71,71,SV5_HUB_0949d931bfb252f66eb3@71:71,UNKNOWN,AIR,ae08f7778b162cf6feef0301bce718d96153069bba0097e5c4e94b4d23303297
SV5_HUB_0949d931bfb252f66eb3,285,285,RESERVED_TREE,71,71,SV5_HUB_0949d931bfb252f66eb3@71:71,UNKNOWN,AIR,ae08f7778b162cf6feef0301bce718d96153069bba0097e5c4e94b4d23303297
SV5_HUB_0949d931bfb252f66eb3,286,285,AIR,71,71,SV5_HUB_0949d931bfb252f66eb3@71:71,UNKNOWN,AIR,ae08f7778b162cf6feef0301bce718d96153069bba0097e5c4e94b4d23303297
SV5_HUB_0949d931bfb252f66eb3,287,285,AIR,71,71,SV5_HUB_0949d931bfb252f66eb3@71:71,UNKNOWN,AIR,ae08f7778b162cf6feef0301bce718d96153069bba0097e5c4e94b4d23303297
SV5_HUB_0949d931bfb252f66eb3,288,285,AIR,72,71,SV5_HUB_0949d931bfb252f66eb3@72:71,UNKNOWN,AIR,ae08f7778b162cf6feef0301bce718d96153069bba0097e5c4e94b4d23303297
SV5_HUB_0949d931bfb252f66eb3,289,285,PORT_NECK,72,71,SV5_HUB_0949d931bfb252f66eb3@72:71,UNKNOWN,AIR,ae08f7778b162cf6feef0301bce718d96153069bba0097e5c4e94b4d23303297
SV5_HUB_0949d931bfb252f66eb3,290,285,PORT_NECK,72,71,SV5_HUB_0949d931bfb252f66eb3@72:71,UNKNOWN,AIR,ae08f7778b162cf6feef0301bce718d96153069bba0097e5c4e94b4d23303297
SV5_HUB_0949d931bfb252f66eb3,291,285,PORT_NECK,72,71,SV5_HUB_0949d931bfb252f66eb3@72:71,UNKNOWN,AIR,ae08f7778b162cf6feef0301bce718d96153069bba0097e5c4e94b4d23303297
SV5_HUB_0949d931bfb252f66eb3,292,285,PORT_NECK,73,71,SV5_HUB_0949d931bfb252f66eb3@73:71,UNKNOWN,AIR,ae08f7778b162cf6feef0301bce718d96153069bba0097e5c4e94b4d23303297
SV5_HUB_0949d931bfb252f66eb3,293,285,PORT_NECK,73,71,SV5_HUB_0949d931bfb252f66eb3@73:71,UNKNOWN,AIR,ae08f7778b162cf6feef0301bce718d96153069bba0097e5c4e94b4d23303297
SV5_HUB_0949d931bfb252f66eb3,294,285,PORT_NECK,73,71,SV5_HUB_0949d931bfb252f66eb3@73:71,UNKNOWN,AIR,ae08f7778b162cf6feef0301bce718d96153069bba0097e5c4e94b4d23303297
SV5_HUB_0949d931bfb252f66eb3,295,285,PORT_NECK,73,71,SV5_HUB_0949d931bfb252f66eb3@73:71,UNKNOWN,AIR,ae08f7778b162cf6feef0301bce718d96153069bba0097e5c4e94b4d23303297
SV5_HUB_0949d931bfb252f66eb3,272,286,PORT_NECK,68,71,SV5_HUB_0949d931bfb252f66eb3@68:71,UNKNOWN,AIR,ae08f7778b162cf6feef0301bce718d96153069bba0097e5c4e94b4d23303297
SV5_HUB_0949d931bfb252f66eb3,273,286,PORT_NECK,68,71,SV5_HUB_0949d931bfb252f66eb3@68:71,UNKNOWN,AIR,ae08f7778b162cf6feef0301bce718d96153069bba0097e5c4e94b4d23303297
SV5_HUB_0949d931bfb252f66eb3,274,286,PORT_NECK,68,71,SV5_HUB_0949d931bfb252f66eb3@68:71,UNKNOWN,AIR,ae08f7778b162cf6feef0301bce718d96153069bba0097e5c4e94b4d23303297
SV5_HUB_0949d931bfb252f66eb3,275,286,PORT_NECK,68,71,SV5_HUB_0949d931bfb252f66eb3@68:71,UNKNOWN,AIR,ae08f7778b162cf6feef0301bce718d96153069bba0097e5c4e94b4d23303297
SV5_HUB_0949d931bfb252f66eb3,276,286,PORT_NECK,69,71,SV5_HUB_0949d931bfb252f66eb3@69:71,UNKNOWN,AIR,ae08f7778b162cf6feef0301bce718d96153069bba0097e5c4e94b4d23303297
SV5_HUB_0949d931bfb252f66eb3,277,286,PORT_NECK,69,71,SV5_HUB_0949d931bfb252f66eb3@69:71,UNKNOWN,AIR,ae08f7778b162cf6feef0301bce718d96153069bba0097e5c4e94b4d23303297
SV5_HUB_0949d931bfb252f66eb3,278,286,PORT_NECK,69,71,SV5_HUB_0949d931bfb252f66eb3@69:71,UNKNOWN,AIR,ae08f7778b162cf6feef0301bce718d96153069bba0097e5c4e94b4d23303297
SV5_HUB_0949d931bfb252f66eb3,279,286,AIR,69,71,SV5_HUB_0949d931bfb252f66eb3@69:71,UNKNOWN,AIR,ae08f7778b162cf6feef0301bce718d96153069bba0097e5c4e94b4d23303297
SV5_HUB_0949d931bfb252f66eb3,280,286,AIR,70,71,SV5_HUB_0949d931bfb252f66eb3@70:71,UNKNOWN,AIR,ae08f7778b162cf6feef0301bce718d96153069bba0097e5c4e94b4d23303297
SV5_HUB_0949d931bfb252f66eb3,281,286,AIR,70,71,SV5_HUB_0949d931bfb252f66eb3@70:71,UNKNOWN,AIR,ae08f7778b162cf6feef0301bce718d96153069bba0097e5c4e94b4d23303297
SV5_HUB_0949d931bfb252f66eb3,282,286,RESERVED_TREE,70,71,SV5_HUB_0949d931bfb252f66eb3@70:71,UNKNOWN,AIR,ae08f7778b162cf6feef0301bce718d96153069bba0097e5c4e94b4d23303297
SV5_HUB_0949d931bfb252f66eb3,283,286,RESERVED_TREE,70,71,SV5_HUB_0949d931bfb252f66eb3@70:71,UNKNOWN,AIR,ae08f7778b162cf6feef0301bce718d96153069bba0097e5c4e94b4d23303297
SV5_HUB_0949d931bfb252f66eb3,284,286,RESERVED_TREE,71,71,SV5_HUB_0949d931bfb252f66eb3@71:71,UNKNOWN,AIR,ae08f7778b162cf6feef0301bce718d96153069bba0097e5c4e94b4d23303297
SV5_HUB_0949d931bfb252f66eb3,285,286,RESERVED_TREE,71,71,SV5_HUB_0949d931bfb252f66eb3@71:71,UNKNOWN,AIR,ae08f7778b162cf6feef0301bce718d96153069bba0097e5c4e94b4d23303297
SV5_HUB_0949d931bfb252f66eb3,286,286,AIR,71,71,SV5_HUB_0949d931bfb252f66eb3@71:71,UNKNOWN,AIR,ae08f7778b162cf6feef0301bce718d96153069bba0097e5c4e94b4d23303297
SV5_HUB_0949d931bfb252f66eb3,287,286,AIR,71,71,SV5_HUB_0949d931bfb252f66eb3@71:71,UNKNOWN,AIR,ae08f7778b162cf6feef0301bce718d96153069bba0097e5c4e94b4d23303297
SV5_HUB_0949d931bfb252f66eb3,288,286,AIR,72,71,SV5_HUB_0949d931bfb252f66eb3@72:71,UNKNOWN,AIR,ae08f7778b162cf6feef0301bce718d96153069bba0097e5c4e94b4d23303297
SV5_HUB_0949d931bfb252f66eb3,289,286,PORT_NECK,72,71,SV5_HUB_0949d931bfb252f66eb3@72:71,UNKNOWN,AIR,ae08f7778b162cf6feef0301bce718d96153069bba0097e5c4e94b4d23303297
SV5_HUB_0949d931bfb252f66eb3,290,286,PORT_NECK,72,71,SV5_HUB_0949d931bfb252f66eb3@72:71,UNKNOWN,AIR,ae08f7778b162cf6feef0301bce718d96153069bba0097e5c4e94b4d23303297
SV5_HUB_0949d931bfb252f66eb3,291,286,PORT_NECK,72,71,SV5_HUB_0949d931bfb252f66eb3@72:71,UNKNOWN,AIR,ae08f7778b162cf6feef0301bce718d96153069bba0097e5c4e94b4d23303297
SV5_HUB_0949d931bfb252f66eb3,292,286,PORT_NECK,73,71,SV5_HUB_0949d931bfb252f66eb3@73:71,UNKNOWN,AIR,ae08f7778b162cf6feef0301bce718d96153069bba0097e5c4e94b4d23303297
SV5_HUB_0949d931bfb252f66eb3,293,286,PORT_NECK,73,71,SV5_HUB_0949d931bfb252f66eb3@73:71,UNKNOWN,AIR,ae08f7778b162cf6feef0301bce718d96153069bba0097e5c4e94b4d23303297
SV5_HUB_0949d931bfb252f66eb3,294,286,PORT_NECK,73,71,SV5_HUB_0949d931bfb252f66eb3@73:71,UNKNOWN,AIR,ae08f7778b162cf6feef0301bce718d96153069bba0097e5c4e94b4d23303297
SV5_HUB_0949d931bfb252f66eb3,295,286,PORT_NECK,73,71,SV5_HUB_0949d931bfb252f66eb3@73:71,UNKNOWN,AIR,ae08f7778b162cf6feef0301bce718d96153069bba0097e5c4e94b4d23303297
SV5_HUB_0949d931bfb252f66eb3,272,287,PORT_NECK,68,71,SV5_HUB_0949d931bfb252f66eb3@68:71,UNKNOWN,AIR,ae08f7778b162cf6feef0301bce718d96153069bba0097e5c4e94b4d23303297
SV5_HUB_0949d931bfb252f66eb3,273,287,PORT_NECK,68,71,SV5_HUB_0949d931bfb252f66eb3@68:71,UNKNOWN,AIR,ae08f7778b162cf6feef0301bce718d96153069bba0097e5c4e94b4d23303297
SV5_HUB_0949d931bfb252f66eb3,274,287,PORT_NECK,68,71,SV5_HUB_0949d931bfb252f66eb3@68:71,UNKNOWN,AIR,ae08f7778b162cf6feef0301bce718d96153069bba0097e5c4e94b4d23303297
SV5_HUB_0949d931bfb252f66eb3,275,287,PORT_NECK,68,71,SV5_HUB_0949d931bfb252f66eb3@68:71,UNKNOWN,AIR,ae08f7778b162cf6feef0301bce718d96153069bba0097e5c4e94b4d23303297
SV5_HUB_0949d931bfb252f66eb3,276,287,PORT_NECK,69,71,SV5_HUB_0949d931bfb252f66eb3@69:71,UNKNOWN,AIR,ae08f7778b162cf6feef0301bce718d96153069bba0097e5c4e94b4d23303297
SV5_HUB_0949d931bfb252f66eb3,277,287,PORT_NECK,69,71,SV5_HUB_0949d931bfb252f66eb3@69:71,UNKNOWN,AIR,ae08f7778b162cf6feef0301bce718d96153069bba0097e5c4e94b4d23303297
SV5_HUB_0949d931bfb252f66eb3,278,287,PORT_NECK,69,71,SV5_HUB_0949d931bfb252f66eb3@69:71,UNKNOWN,AIR,ae08f7778b162cf6feef0301bce718d96153069bba0097e5c4e94b4d23303297
SV5_HUB_0949d931bfb252f66eb3,279,287,AIR,69,71,SV5_HUB_0949d931bfb252f66eb3@69:71,UNKNOWN,AIR,ae08f7778b162cf6feef0301bce718d96153069bba0097e5c4e94b4d23303297
SV5_HUB_0949d931bfb252f66eb3,280,287,AIR,70,71,SV5_HUB_0949d931bfb252f66eb3@70:71,UNKNOWN,AIR,ae08f7778b162cf6feef0301bce718d96153069bba0097e5c4e94b4d23303297
SV5_HUB_0949d931bfb252f66eb3,281,287,AIR,70,71,SV5_HUB_0949d931bfb252f66eb3@70:71,UNKNOWN,AIR,ae08f7778b162cf6feef0301bce718d96153069bba0097e5c4e94b4d23303297
SV5_HUB_0949d931bfb252f66eb3,282,287,RESERVED_TREE,70,71,SV5_HUB_0949d931bfb252f66eb3@70:71,UNKNOWN,AIR,ae08f7778b162cf6feef0301bce718d96153069bba0097e5c4e94b4d23303297
SV5_HUB_0949d931bfb252f66eb3,283,287,RESERVED_TREE,70,71,SV5_HUB_0949d931bfb252f66eb3@70:71,UNKNOWN,AIR,ae08f7778b162cf6feef0301bce718d96153069bba0097e5c4e94b4d23303297
SV5_HUB_0949d931bfb252f66eb3,284,287,RESERVED_TREE,71,71,SV5_HUB_0949d931bfb252f66eb3@71:71,UNKNOWN,AIR,ae08f7778b162cf6feef0301bce718d96153069bba0097e5c4e94b4d23303297
SV5_HUB_0949d931bfb252f66eb3,285,287,RESERVED_TREE,71,71,SV5_HUB_0949d931bfb252f66eb3@71:71,UNKNOWN,AIR,ae08f7778b162cf6feef0301bce718d96153069bba0097e5c4e94b4d23303297
SV5_HUB_0949d931bfb252f66eb3,286,287,AIR,71,71,SV5_HUB_0949d931bfb252f66eb3@71:71,UNKNOWN,AIR,ae08f7778b162cf6feef0301bce718d96153069bba0097e5c4e94b4d23303297
SV5_HUB_0949d931bfb252f66eb3,287,287,AIR,71,71,SV5_HUB_0949d931bfb252f66eb3@71:71,UNKNOWN,AIR,ae08f7778b162cf6feef0301bce718d96153069bba0097e5c4e94b4d23303297
SV5_HUB_0949d931bfb252f66eb3,288,287,AIR,72,71,SV5_HUB_0949d931bfb252f66eb3@72:71,UNKNOWN,AIR,ae08f7778b162cf6feef0301bce718d96153069bba0097e5c4e94b4d23303297
SV5_HUB_0949d931bfb252f66eb3,289,287,PORT_NECK,72,71,SV5_HUB_0949d931bfb252f66eb3@72:71,UNKNOWN,AIR,ae08f7778b162cf6feef0301bce718d96153069bba0097e5c4e94b4d23303297
SV5_HUB_0949d931bfb252f66eb3,290,287,PORT_NECK,72,71,SV5_HUB_0949d931bfb252f66eb3@72:71,UNKNOWN,AIR,ae08f7778b162cf6feef0301bce718d96153069bba0097e5c4e94b4d23303297
SV5_HUB_0949d931bfb252f66eb3,291,287,PORT_NECK,72,71,SV5_HUB_0949d931bfb252f66eb3@72:71,UNKNOWN,AIR,ae08f7778b162cf6feef0301bce718d96153069bba0097e5c4e94b4d23303297
SV5_HUB_0949d931bfb252f66eb3,292,287,PORT_NECK,73,71,SV5_HUB_0949d931bfb252f66eb3@73:71,UNKNOWN,AIR,ae08f7778b162cf6feef0301bce718d96153069bba0097e5c4e94b4d23303297
SV5_HUB_0949d931bfb252f66eb3,293,287,PORT_NECK,73,71,SV5_HUB_0949d931bfb252f66eb3@73:71,UNKNOWN,AIR,ae08f7778b162cf6feef0301bce718d96153069bba0097e5c4e94b4d23303297
SV5_HUB_0949d931bfb252f66eb3,294,287,PORT_NECK,73,71,SV5_HUB_0949d931bfb252f66eb3@73:71,UNKNOWN,AIR,ae08f7778b162cf6feef0301bce718d96153069bba0097e5c4e94b4d23303297
SV5_HUB_0949d931bfb252f66eb3,295,287,PORT_NECK,73,71,SV5_HUB_0949d931bfb252f66eb3@73:71,UNKNOWN,AIR,ae08f7778b162cf6feef0301bce718d96153069bba0097e5c4e94b4d23303297
SV5_HUB_0949d931bfb252f66eb3,272,288,SOLID,68,72,SV5_HUB_0949d931bfb252f66eb3@68:72,UNKNOWN,SOLID,ae08f7778b162cf6feef0301bce718d96153069bba0097e5c4e94b4d23303297
SV5_HUB_0949d931bfb252f66eb3,273,288,SOLID,68,72,SV5_HUB_0949d931bfb252f66eb3@68:72,UNKNOWN,SOLID,ae08f7778b162cf6feef0301bce718d96153069bba0097e5c4e94b4d23303297
SV5_HUB_0949d931bfb252f66eb3,274,288,SOLID,68,72,SV5_HUB_0949d931bfb252f66eb3@68:72,UNKNOWN,SOLID,ae08f7778b162cf6feef0301bce718d96153069bba0097e5c4e94b4d23303297
SV5_HUB_0949d931bfb252f66eb3,275,288,SOLID,68,72,SV5_HUB_0949d931bfb252f66eb3@68:72,UNKNOWN,SOLID,ae08f7778b162cf6feef0301bce718d96153069bba0097e5c4e94b4d23303297
SV5_HUB_0949d931bfb252f66eb3,276,288,SOLID,69,72,SV5_HUB_0949d931bfb252f66eb3@69:72,UNKNOWN,SOLID,ae08f7778b162cf6feef0301bce718d96153069bba0097e5c4e94b4d23303297
SV5_HUB_0949d931bfb252f66eb3,277,288,SOLID,69,72,SV5_HUB_0949d931bfb252f66eb3@69:72,UNKNOWN,SOLID,ae08f7778b162cf6feef0301bce718d96153069bba0097e5c4e94b4d23303297
SV5_HUB_0949d931bfb252f66eb3,278,288,AIR,69,72,SV5_HUB_0949d931bfb252f66eb3@69:72,UNKNOWN,AIR,ae08f7778b162cf6feef0301bce718d96153069bba0097e5c4e94b4d23303297
SV5_HUB_0949d931bfb252f66eb3,279,288,AIR,69,72,SV5_HUB_0949d931bfb252f66eb3@69:72,UNKNOWN,AIR,ae08f7778b162cf6feef0301bce718d96153069bba0097e5c4e94b4d23303297
SV5_HUB_0949d931bfb252f66eb3,280,288,AIR,70,72,SV5_HUB_0949d931bfb252f66eb3@70:72,UNKNOWN,AIR,ae08f7778b162cf6feef0301bce718d96153069bba0097e5c4e94b4d23303297
SV5_HUB_0949d931bfb252f66eb3,281,288,AIR,70,72,SV5_HUB_0949d931bfb252f66eb3@70:72,UNKNOWN,AIR,ae08f7778b162cf6feef0301bce718d96153069bba0097e5c4e94b4d23303297
SV5_HUB_0949d931bfb252f66eb3,282,288,RESERVED_TREE,70,72,SV5_HUB_0949d931bfb252f66eb3@70:72,UNKNOWN,AIR,ae08f7778b162cf6feef0301bce718d96153069bba0097e5c4e94b4d23303297
SV5_HUB_0949d931bfb252f66eb3,283,288,RESERVED_TREE,70,72,SV5_HUB_0949d931bfb252f66eb3@70:72,UNKNOWN,AIR,ae08f7778b162cf6feef0301bce718d96153069bba0097e5c4e94b4d23303297
SV5_HUB_0949d931bfb252f66eb3,284,288,RESERVED_TREE,71,72,SV5_HUB_0949d931bfb252f66eb3@71:72,UNKNOWN,AIR,ae08f7778b162cf6feef0301bce718d96153069bba0097e5c4e94b4d23303297
SV5_HUB_0949d931bfb252f66eb3,285,288,RESERVED_TREE,71,72,SV5_HUB_0949d931bfb252f66eb3@71:72,UNKNOWN,AIR,ae08f7778b162cf6feef0301bce718d96153069bba0097e5c4e94b4d23303297
SV5_HUB_0949d931bfb252f66eb3,286,288,AIR,71,72,SV5_HUB_0949d931bfb252f66eb3@71:72,UNKNOWN,AIR,ae08f7778b162cf6feef0301bce718d96153069bba0097e5c4e94b4d23303297
SV5_HUB_0949d931bfb252f66eb3,287,288,AIR,71,72,SV5_HUB_0949d931bfb252f66eb3@71:72,UNKNOWN,AIR,ae08f7778b162cf6feef0301bce718d96153069bba0097e5c4e94b4d23303297
SV5_HUB_0949d931bfb252f66eb3,288,288,AIR,72,72,SV5_HUB_0949d931bfb252f66eb3@72:72,UNKNOWN,AIR,ae08f7778b162cf6feef0301bce718d96153069bba0097e5c4e94b4d23303297
SV5_HUB_0949d931bfb252f66eb3,289,288,AIR,72,72,SV5_HUB_0949d931bfb252f66eb3@72:72,UNKNOWN,AIR,ae08f7778b162cf6feef0301bce718d96153069bba0097e5c4e94b4d23303297
SV5_HUB_0949d931bfb252f66eb3,290,288,SOLID,72,72,SV5_HUB_0949d931bfb252f66eb3@72:72,UNKNOWN,SOLID,ae08f7778b162cf6feef0301bce718d96153069bba0097e5c4e94b4d23303297
SV5_HUB_0949d931bfb252f66eb3,291,288,SOLID,72,72,SV5_HUB_0949d931bfb252f66eb3@72:72,UNKNOWN,SOLID,ae08f7778b162cf6feef0301bce718d96153069bba0097e5c4e94b4d23303297
SV5_HUB_0949d931bfb252f66eb3,292,288,SOLID,73,72,SV5_HUB_0949d931bfb252f66eb3@73:72,UNKNOWN,SOLID,ae08f7778b162cf6feef0301bce718d96153069bba0097e5c4e94b4d23303297
SV5_HUB_0949d931bfb252f66eb3,293,288,SOLID,73,72,SV5_HUB_0949d931bfb252f66eb3@73:72,UNKNOWN,SOLID,ae08f7778b162cf6feef0301bce718d96153069bba0097e5c4e94b4d23303297
SV5_HUB_0949d931bfb252f66eb3,294,288,SOLID,73,72,SV5_HUB_0949d931bfb252f66eb3@73:72,UNKNOWN,SOLID,ae08f7778b162cf6feef0301bce718d96153069bba0097e5c4e94b4d23303297
SV5_HUB_0949d931bfb252f66eb3,295,288,SOLID,73,72,SV5_HUB_0949d931bfb252f66eb3@73:72,UNKNOWN,SOLID,ae08f7778b162cf6feef0301bce718d96153069bba0097e5c4e94b4d23303297
SV5_HUB_0949d931bfb252f66eb3,272,289,SOLID,68,72,SV5_HUB_0949d931bfb252f66eb3@68:72,UNKNOWN,SOLID,ae08f7778b162cf6feef0301bce718d96153069bba0097e5c4e94b4d23303297
SV5_HUB_0949d931bfb252f66eb3,273,289,SOLID,68,72,SV5_HUB_0949d931bfb252f66eb3@68:72,UNKNOWN,SOLID,ae08f7778b162cf6feef0301bce718d96153069bba0097e5c4e94b4d23303297
SV5_HUB_0949d931bfb252f66eb3,274,289,SOLID,68,72,SV5_HUB_0949d931bfb252f66eb3@68:72,UNKNOWN,SOLID,ae08f7778b162cf6feef0301bce718d96153069bba0097e5c4e94b4d23303297
SV5_HUB_0949d931bfb252f66eb3,275,289,SOLID,68,72,SV5_HUB_0949d931bfb252f66eb3@68:72,UNKNOWN,SOLID,ae08f7778b162cf6feef0301bce718d96153069bba0097e5c4e94b4d23303297
SV5_HUB_0949d931bfb252f66eb3,276,289,SOLID,69,72,SV5_HUB_0949d931bfb252f66eb3@69:72,UNKNOWN,SOLID,ae08f7778b162cf6feef0301bce718d96153069bba0097e5c4e94b4d23303297
SV5_HUB_0949d931bfb252f66eb3,277,289,SOLID,69,72,SV5_HUB_0949d931bfb252f66eb3@69:72,UNKNOWN,SOLID,ae08f7778b162cf6feef0301bce718d96153069bba0097e5c4e94b4d23303297
SV5_HUB_0949d931bfb252f66eb3,278,289,AIR,69,72,SV5_HUB_0949d931bfb252f66eb3@69:72,UNKNOWN,AIR,ae08f7778b162cf6feef0301bce718d96153069bba0097e5c4e94b4d23303297
SV5_HUB_0949d931bfb252f66eb3,279,289,AIR,69,72,SV5_HUB_0949d931bfb252f66eb3@69:72,UNKNOWN,AIR,ae08f7778b162cf6feef0301bce718d96153069bba0097e5c4e94b4d23303297
SV5_HUB_0949d931bfb252f66eb3,280,289,AIR,70,72,SV5_HUB_0949d931bfb252f66eb3@70:72,UNKNOWN,AIR,ae08f7778b162cf6feef0301bce718d96153069bba0097e5c4e94b4d23303297
SV5_HUB_0949d931bfb252f66eb3,281,289,AIR,70,72,SV5_HUB_0949d931bfb252f66eb3@70:72,UNKNOWN,AIR,ae08f7778b162cf6feef0301bce718d96153069bba0097e5c4e94b4d23303297
SV5_HUB_0949d931bfb252f66eb3,282,289,RESERVED_TREE,70,72,SV5_HUB_0949d931bfb252f66eb3@70:72,UNKNOWN,AIR,ae08f7778b162cf6feef0301bce718d96153069bba0097e5c4e94b4d23303297
SV5_HUB_0949d931bfb252f66eb3,283,289,RESERVED_TREE,70,72,SV5_HUB_0949d931bfb252f66eb3@70:72,UNKNOWN,AIR,ae08f7778b162cf6feef0301bce718d96153069bba0097e5c4e94b4d23303297
SV5_HUB_0949d931bfb252f66eb3,284,289,RESERVED_TREE,71,72,SV5_HUB_0949d931bfb252f66eb3@71:72,UNKNOWN,AIR,ae08f7778b162cf6feef0301bce718d96153069bba0097e5c4e94b4d23303297
SV5_HUB_0949d931bfb252f66eb3,285,289,RESERVED_TREE,71,72,SV5_HUB_0949d931bfb252f66eb3@71:72,UNKNOWN,AIR,ae08f7778b162cf6feef0301bce718d96153069bba0097e5c4e94b4d23303297
SV5_HUB_0949d931bfb252f66eb3,286,289,AIR,71,72,SV5_HUB_0949d931bfb252f66eb3@71:72,UNKNOWN,AIR,ae08f7778b162cf6feef0301bce718d96153069bba0097e5c4e94b4d23303297
SV5_HUB_0949d931bfb252f66eb3,287,289,AIR,71,72,SV5_HUB_0949d931bfb252f66eb3@71:72,UNKNOWN,AIR,ae08f7778b162cf6feef0301bce718d96153069bba0097e5c4e94b4d23303297
SV5_HUB_0949d931bfb252f66eb3,288,289,AIR,72,72,SV5_HUB_0949d931bfb252f66eb3@72:72,UNKNOWN,AIR,ae08f7778b162cf6feef0301bce718d96153069bba0097e5c4e94b4d23303297
SV5_HUB_0949d931bfb252f66eb3,289,289,AIR,72,72,SV5_HUB_0949d931bfb252f66eb3@72:72,UNKNOWN,AIR,ae08f7778b162cf6feef0301bce718d96153069bba0097e5c4e94b4d23303297
SV5_HUB_0949d931bfb252f66eb3,290,289,SOLID,72,72,SV5_HUB_0949d931bfb252f66eb3@72:72,UNKNOWN,SOLID,ae08f7778b162cf6feef0301bce718d96153069bba0097e5c4e94b4d23303297
SV5_HUB_0949d931bfb252f66eb3,291,289,SOLID,72,72,SV5_HUB_0949d931bfb252f66eb3@72:72,UNKNOWN,SOLID,ae08f7778b162cf6feef0301bce718d96153069bba0097e5c4e94b4d23303297
SV5_HUB_0949d931bfb252f66eb3,292,289,SOLID,73,72,SV5_HUB_0949d931bfb252f66eb3@73:72,UNKNOWN,SOLID,ae08f7778b162cf6feef0301bce718d96153069bba0097e5c4e94b4d23303297
SV5_HUB_0949d931bfb252f66eb3,293,289,SOLID,73,72,SV5_HUB_0949d931bfb252f66eb3@73:72,UNKNOWN,SOLID,ae08f7778b162cf6feef0301bce718d96153069bba0097e5c4e94b4d23303297
SV5_HUB_0949d931bfb252f66eb3,294,289,SOLID,73,72,SV5_HUB_0949d931bfb252f66eb3@73:72,UNKNOWN,SOLID,ae08f7778b162cf6feef0301bce718d96153069bba0097e5c4e94b4d23303297
SV5_HUB_0949d931bfb252f66eb3,295,289,SOLID,73,72,SV5_HUB_0949d931bfb252f66eb3@73:72,UNKNOWN,SOLID,ae08f7778b162cf6feef0301bce718d96153069bba0097e5c4e94b4d23303297
SV5_HUB_0949d931bfb252f66eb3,272,290,SOLID,68,72,SV5_HUB_0949d931bfb252f66eb3@68:72,UNKNOWN,SOLID,ae08f7778b162cf6feef0301bce718d96153069bba0097e5c4e94b4d23303297
SV5_HUB_0949d931bfb252f66eb3,273,290,SOLID,68,72,SV5_HUB_0949d931bfb252f66eb3@68:72,UNKNOWN,SOLID,ae08f7778b162cf6feef0301bce718d96153069bba0097e5c4e94b4d23303297
SV5_HUB_0949d931bfb252f66eb3,274,290,SOLID,68,72,SV5_HUB_0949d931bfb252f66eb3@68:72,UNKNOWN,SOLID,ae08f7778b162cf6feef0301bce718d96153069bba0097e5c4e94b4d23303297
SV5_HUB_0949d931bfb252f66eb3,275,290,SOLID,68,72,SV5_HUB_0949d931bfb252f66eb3@68:72,UNKNOWN,SOLID,ae08f7778b162cf6feef0301bce718d96153069bba0097e5c4e94b4d23303297
SV5_HUB_0949d931bfb252f66eb3,276,290,SOLID,69,72,SV5_HUB_0949d931bfb252f66eb3@69:72,UNKNOWN,SOLID,ae08f7778b162cf6feef0301bce718d96153069bba0097e5c4e94b4d23303297
SV5_HUB_0949d931bfb252f66eb3,277,290,SOLID,69,72,SV5_HUB_0949d931bfb252f66eb3@69:72,UNKNOWN,SOLID,ae08f7778b162cf6feef0301bce718d96153069bba0097e5c4e94b4d23303297
SV5_HUB_0949d931bfb252f66eb3,278,290,AIR,69,72,SV5_HUB_0949d931bfb252f66eb3@69:72,UNKNOWN,AIR,ae08f7778b162cf6feef0301bce718d96153069bba0097e5c4e94b4d23303297
SV5_HUB_0949d931bfb252f66eb3,279,290,AIR,69,72,SV5_HUB_0949d931bfb252f66eb3@69:72,UNKNOWN,AIR,ae08f7778b162cf6feef0301bce718d96153069bba0097e5c4e94b4d23303297
SV5_HUB_0949d931bfb252f66eb3,280,290,AIR,70,72,SV5_HUB_0949d931bfb252f66eb3@70:72,UNKNOWN,AIR,ae08f7778b162cf6feef0301bce718d96153069bba0097e5c4e94b4d23303297
SV5_HUB_0949d931bfb252f66eb3,281,290,AIR,70,72,SV5_HUB_0949d931bfb252f66eb3@70:72,UNKNOWN,AIR,ae08f7778b162cf6feef0301bce718d96153069bba0097e5c4e94b4d23303297
SV5_HUB_0949d931bfb252f66eb3,282,290,RESERVED_TREE,70,72,SV5_HUB_0949d931bfb252f66eb3@70:72,UNKNOWN,AIR,ae08f7778b162cf6feef0301bce718d96153069bba0097e5c4e94b4d23303297
SV5_HUB_0949d931bfb252f66eb3,283,290,RESERVED_TREE,70,72,SV5_HUB_0949d931bfb252f66eb3@70:72,UNKNOWN,AIR,ae08f7778b162cf6feef0301bce718d96153069bba0097e5c4e94b4d23303297
SV5_HUB_0949d931bfb252f66eb3,284,290,RESERVED_TREE,71,72,SV5_HUB_0949d931bfb252f66eb3@71:72,UNKNOWN,AIR,ae08f7778b162cf6feef0301bce718d96153069bba0097e5c4e94b4d23303297
SV5_HUB_0949d931bfb252f66eb3,285,290,RESERVED_TREE,71,72,SV5_HUB_0949d931bfb252f66eb3@71:72,UNKNOWN,AIR,ae08f7778b162cf6feef0301bce718d96153069bba0097e5c4e94b4d23303297
SV5_HUB_0949d931bfb252f66eb3,286,290,AIR,71,72,SV5_HUB_0949d931bfb252f66eb3@71:72,UNKNOWN,AIR,ae08f7778b162cf6feef0301bce718d96153069bba0097e5c4e94b4d23303297
SV5_HUB_0949d931bfb252f66eb3,287,290,AIR,71,72,SV5_HUB_0949d931bfb252f66eb3@71:72,UNKNOWN,AIR,ae08f7778b162cf6feef0301bce718d96153069bba0097e5c4e94b4d23303297
SV5_HUB_0949d931bfb252f66eb3,288,290,AIR,72,72,SV5_HUB_0949d931bfb252f66eb3@72:72,UNKNOWN,AIR,ae08f7778b162cf6feef0301bce718d96153069bba0097e5c4e94b4d23303297
SV5_HUB_0949d931bfb252f66eb3,289,290,AIR,72,72,SV5_HUB_0949d931bfb252f66eb3@72:72,UNKNOWN,AIR,ae08f7778b162cf6feef0301bce718d96153069bba0097e5c4e94b4d23303297
SV5_HUB_0949d931bfb252f66eb3,290,290,SOLID,72,72,SV5_HUB_0949d931bfb252f66eb3@72:72,UNKNOWN,SOLID,ae08f7778b162cf6feef0301bce718d96153069bba0097e5c4e94b4d23303297
SV5_HUB_0949d931bfb252f66eb3,291,290,SOLID,72,72,SV5_HUB_0949d931bfb252f66eb3@72:72,UNKNOWN,SOLID,ae08f7778b162cf6feef0301bce718d96153069bba0097e5c4e94b4d23303297
SV5_HUB_0949d931bfb252f66eb3,292,290,SOLID,73,72,SV5_HUB_0949d931bfb252f66eb3@73:72,UNKNOWN,SOLID,ae08f7778b162cf6feef0301bce718d96153069bba0097e5c4e94b4d23303297
SV5_HUB_0949d931bfb252f66eb3,293,290,SOLID,73,72,SV5_HUB_0949d931bfb252f66eb3@73:72,UNKNOWN,SOLID,ae08f7778b162cf6feef0301bce718d96153069bba0097e5c4e94b4d23303297
SV5_HUB_0949d931bfb252f66eb3,294,290,SOLID,73,72,SV5_HUB_0949d931bfb252f66eb3@73:72,UNKNOWN,SOLID,ae08f7778b162cf6feef0301bce718d96153069bba0097e5c4e94b4d23303297
SV5_HUB_0949d931bfb252f66eb3,295,290,SOLID,73,72,SV5_HUB_0949d931bfb252f66eb3@73:72,UNKNOWN,SOLID,ae08f7778b162cf6feef0301bce718d96153069bba0097e5c4e94b4d23303297
SV5_HUB_0949d931bfb252f66eb3,272,291,SOLID,68,72,SV5_HUB_0949d931bfb252f66eb3@68:72,UNKNOWN,SOLID,ae08f7778b162cf6feef0301bce718d96153069bba0097e5c4e94b4d23303297
SV5_HUB_0949d931bfb252f66eb3,273,291,SOLID,68,72,SV5_HUB_0949d931bfb252f66eb3@68:72,UNKNOWN,SOLID,ae08f7778b162cf6feef0301bce718d96153069bba0097e5c4e94b4d23303297
SV5_HUB_0949d931bfb252f66eb3,274,291,SOLID,68,72,SV5_HUB_0949d931bfb252f66eb3@68:72,UNKNOWN,SOLID,ae08f7778b162cf6feef0301bce718d96153069bba0097e5c4e94b4d23303297
SV5_HUB_0949d931bfb252f66eb3,275,291,SOLID,68,72,SV5_HUB_0949d931bfb252f66eb3@68:72,UNKNOWN,SOLID,ae08f7778b162cf6feef0301bce718d96153069bba0097e5c4e94b4d23303297
SV5_HUB_0949d931bfb252f66eb3,276,291,SOLID,69,72,SV5_HUB_0949d931bfb252f66eb3@69:72,UNKNOWN,SOLID,ae08f7778b162cf6feef0301bce718d96153069bba0097e5c4e94b4d23303297
SV5_HUB_0949d931bfb252f66eb3,277,291,SOLID,69,72,SV5_HUB_0949d931bfb252f66eb3@69:72,UNKNOWN,SOLID,ae08f7778b162cf6feef0301bce718d96153069bba0097e5c4e94b4d23303297
SV5_HUB_0949d931bfb252f66eb3,278,291,AIR,69,72,SV5_HUB_0949d931bfb252f66eb3@69:72,UNKNOWN,AIR,ae08f7778b162cf6feef0301bce718d96153069bba0097e5c4e94b4d23303297
SV5_HUB_0949d931bfb252f66eb3,279,291,AIR,69,72,SV5_HUB_0949d931bfb252f66eb3@69:72,UNKNOWN,AIR,ae08f7778b162cf6feef0301bce718d96153069bba0097e5c4e94b4d23303297
SV5_HUB_0949d931bfb252f66eb3,280,291,AIR,70,72,SV5_HUB_0949d931bfb252f66eb3@70:72,UNKNOWN,AIR,ae08f7778b162cf6feef0301bce718d96153069bba0097e5c4e94b4d23303297
SV5_HUB_0949d931bfb252f66eb3,281,291,AIR,70,72,SV5_HUB_0949d931bfb252f66eb3@70:72,UNKNOWN,AIR,ae08f7778b162cf6feef0301bce718d96153069bba0097e5c4e94b4d23303297
SV5_HUB_0949d931bfb252f66eb3,282,291,RESERVED_TREE,70,72,SV5_HUB_0949d931bfb252f66eb3@70:72,UNKNOWN,AIR,ae08f7778b162cf6feef0301bce718d96153069bba0097e5c4e94b4d23303297
SV5_HUB_0949d931bfb252f66eb3,283,291,RESERVED_TREE,70,72,SV5_HUB_0949d931bfb252f66eb3@70:72,UNKNOWN,AIR,ae08f7778b162cf6feef0301bce718d96153069bba0097e5c4e94b4d23303297
SV5_HUB_0949d931bfb252f66eb3,284,291,RESERVED_TREE,71,72,SV5_HUB_0949d931bfb252f66eb3@71:72,UNKNOWN,AIR,ae08f7778b162cf6feef0301bce718d96153069bba0097e5c4e94b4d23303297
SV5_HUB_0949d931bfb252f66eb3,285,291,RESERVED_TREE,71,72,SV5_HUB_0949d931bfb252f66eb3@71:72,UNKNOWN,AIR,ae08f7778b162cf6feef0301bce718d96153069bba0097e5c4e94b4d23303297
SV5_HUB_0949d931bfb252f66eb3,286,291,AIR,71,72,SV5_HUB_0949d931bfb252f66eb3@71:72,UNKNOWN,AIR,ae08f7778b162cf6feef0301bce718d96153069bba0097e5c4e94b4d23303297
SV5_HUB_0949d931bfb252f66eb3,287,291,AIR,71,72,SV5_HUB_0949d931bfb252f66eb3@71:72,UNKNOWN,AIR,ae08f7778b162cf6feef0301bce718d96153069bba0097e5c4e94b4d23303297
SV5_HUB_0949d931bfb252f66eb3,288,291,AIR,72,72,SV5_HUB_0949d931bfb252f66eb3@72:72,UNKNOWN,AIR,ae08f7778b162cf6feef0301bce718d96153069bba0097e5c4e94b4d23303297
SV5_HUB_0949d931bfb252f66eb3,289,291,AIR,72,72,SV5_HUB_0949d931bfb252f66eb3@72:72,UNKNOWN,AIR,ae08f7778b162cf6feef0301bce718d96153069bba0097e5c4e94b4d23303297
SV5_HUB_0949d931bfb252f66eb3,290,291,SOLID,72,72,SV5_HUB_0949d931bfb252f66eb3@72:72,UNKNOWN,SOLID,ae08f7778b162cf6feef0301bce718d96153069bba0097e5c4e94b4d23303297
SV5_HUB_0949d931bfb252f66eb3,291,291,SOLID,72,72,SV5_HUB_0949d931bfb252f66eb3@72:72,UNKNOWN,SOLID,ae08f7778b162cf6feef0301bce718d96153069bba0097e5c4e94b4d23303297
SV5_HUB_0949d931bfb252f66eb3,292,291,SOLID,73,72,SV5_HUB_0949d931bfb252f66eb3@73:72,UNKNOWN,SOLID,ae08f7778b162cf6feef0301bce718d96153069bba0097e5c4e94b4d23303297
SV5_HUB_0949d931bfb252f66eb3,293,291,SOLID,73,72,SV5_HUB_0949d931bfb252f66eb3@73:72,UNKNOWN,SOLID,ae08f7778b162cf6feef0301bce718d96153069bba0097e5c4e94b4d23303297
SV5_HUB_0949d931bfb252f66eb3,294,291,SOLID,73,72,SV5_HUB_0949d931bfb252f66eb3@73:72,UNKNOWN,SOLID,ae08f7778b162cf6feef0301bce718d96153069bba0097e5c4e94b4d23303297
SV5_HUB_0949d931bfb252f66eb3,295,291,SOLID,73,72,SV5_HUB_0949d931bfb252f66eb3@73:72,UNKNOWN,SOLID,ae08f7778b162cf6feef0301bce718d96153069bba0097e5c4e94b4d23303297
SV5_HUB_0949d931bfb252f66eb3,272,292,SOLID,68,73,SV5_HUB_0949d931bfb252f66eb3@68:73,UNKNOWN,SOLID,ae08f7778b162cf6feef0301bce718d96153069bba0097e5c4e94b4d23303297
SV5_HUB_0949d931bfb252f66eb3,273,292,SOLID,68,73,SV5_HUB_0949d931bfb252f66eb3@68:73,UNKNOWN,SOLID,ae08f7778b162cf6feef0301bce718d96153069bba0097e5c4e94b4d23303297
SV5_HUB_0949d931bfb252f66eb3,274,292,SOLID,68,73,SV5_HUB_0949d931bfb252f66eb3@68:73,UNKNOWN,SOLID,ae08f7778b162cf6feef0301bce718d96153069bba0097e5c4e94b4d23303297
SV5_HUB_0949d931bfb252f66eb3,275,292,SOLID,68,73,SV5_HUB_0949d931bfb252f66eb3@68:73,UNKNOWN,SOLID,ae08f7778b162cf6feef0301bce718d96153069bba0097e5c4e94b4d23303297
SV5_HUB_0949d931bfb252f66eb3,276,292,SOLID,69,73,SV5_HUB_0949d931bfb252f66eb3@69:73,UNKNOWN,SOLID,ae08f7778b162cf6feef0301bce718d96153069bba0097e5c4e94b4d23303297
SV5_HUB_0949d931bfb252f66eb3,277,292,SOLID,69,73,SV5_HUB_0949d931bfb252f66eb3@69:73,UNKNOWN,SOLID,ae08f7778b162cf6feef0301bce718d96153069bba0097e5c4e94b4d23303297
SV5_HUB_0949d931bfb252f66eb3,278,292,AIR,69,73,SV5_HUB_0949d931bfb252f66eb3@69:73,UNKNOWN,AIR,ae08f7778b162cf6feef0301bce718d96153069bba0097e5c4e94b4d23303297
SV5_HUB_0949d931bfb252f66eb3,279,292,AIR,69,73,SV5_HUB_0949d931bfb252f66eb3@69:73,UNKNOWN,AIR,ae08f7778b162cf6feef0301bce718d96153069bba0097e5c4e94b4d23303297
SV5_HUB_0949d931bfb252f66eb3,280,292,AIR,70,73,SV5_HUB_0949d931bfb252f66eb3@70:73,UNKNOWN,AIR,ae08f7778b162cf6feef0301bce718d96153069bba0097e5c4e94b4d23303297
SV5_HUB_0949d931bfb252f66eb3,281,292,AIR,70,73,SV5_HUB_0949d931bfb252f66eb3@70:73,UNKNOWN,AIR,ae08f7778b162cf6feef0301bce718d96153069bba0097e5c4e94b4d23303297
SV5_HUB_0949d931bfb252f66eb3,282,292,RESERVED_TREE,70,73,SV5_HUB_0949d931bfb252f66eb3@70:73,UNKNOWN,AIR,ae08f7778b162cf6feef0301bce718d96153069bba0097e5c4e94b4d23303297
SV5_HUB_0949d931bfb252f66eb3,283,292,RESERVED_TREE,70,73,SV5_HUB_0949d931bfb252f66eb3@70:73,UNKNOWN,AIR,ae08f7778b162cf6feef0301bce718d96153069bba0097e5c4e94b4d23303297
SV5_HUB_0949d931bfb252f66eb3,284,292,RESERVED_TREE,71,73,SV5_HUB_0949d931bfb252f66eb3@71:73,UNKNOWN,AIR,ae08f7778b162cf6feef0301bce718d96153069bba0097e5c4e94b4d23303297
SV5_HUB_0949d931bfb252f66eb3,285,292,RESERVED_TREE,71,73,SV5_HUB_0949d931bfb252f66eb3@71:73,UNKNOWN,AIR,ae08f7778b162cf6feef0301bce718d96153069bba0097e5c4e94b4d23303297
SV5_HUB_0949d931bfb252f66eb3,286,292,AIR,71,73,SV5_HUB_0949d931bfb252f66eb3@71:73,UNKNOWN,AIR,ae08f7778b162cf6feef0301bce718d96153069bba0097e5c4e94b4d23303297
SV5_HUB_0949d931bfb252f66eb3,287,292,AIR,71,73,SV5_HUB_0949d931bfb252f66eb3@71:73,UNKNOWN,AIR,ae08f7778b162cf6feef0301bce718d96153069bba0097e5c4e94b4d23303297
SV5_HUB_0949d931bfb252f66eb3,288,292,AIR,72,73,SV5_HUB_0949d931bfb252f66eb3@72:73,UNKNOWN,AIR,ae08f7778b162cf6feef0301bce718d96153069bba0097e5c4e94b4d23303297
SV5_HUB_0949d931bfb252f66eb3,289,292,PORT_NECK,72,73,SV5_HUB_0949d931bfb252f66eb3@72:73,UNKNOWN,AIR,ae08f7778b162cf6feef0301bce718d96153069bba0097e5c4e94b4d23303297
SV5_HUB_0949d931bfb252f66eb3,290,292,PORT_NECK,72,73,SV5_HUB_0949d931bfb252f66eb3@72:73,UNKNOWN,AIR,ae08f7778b162cf6feef0301bce718d96153069bba0097e5c4e94b4d23303297
SV5_HUB_0949d931bfb252f66eb3,291,292,PORT_NECK,72,73,SV5_HUB_0949d931bfb252f66eb3@72:73,UNKNOWN,AIR,ae08f7778b162cf6feef0301bce718d96153069bba0097e5c4e94b4d23303297
SV5_HUB_0949d931bfb252f66eb3,292,292,PORT_NECK,73,73,SV5_HUB_0949d931bfb252f66eb3@73:73,UNKNOWN,AIR,ae08f7778b162cf6feef0301bce718d96153069bba0097e5c4e94b4d23303297
SV5_HUB_0949d931bfb252f66eb3,293,292,PORT_NECK,73,73,SV5_HUB_0949d931bfb252f66eb3@73:73,UNKNOWN,AIR,ae08f7778b162cf6feef0301bce718d96153069bba0097e5c4e94b4d23303297
SV5_HUB_0949d931bfb252f66eb3,294,292,PORT_NECK,73,73,SV5_HUB_0949d931bfb252f66eb3@73:73,UNKNOWN,AIR,ae08f7778b162cf6feef0301bce718d96153069bba0097e5c4e94b4d23303297
SV5_HUB_0949d931bfb252f66eb3,295,292,PORT_NECK,73,73,SV5_HUB_0949d931bfb252f66eb3@73:73,UNKNOWN,AIR,ae08f7778b162cf6feef0301bce718d96153069bba0097e5c4e94b4d23303297
SV5_HUB_0949d931bfb252f66eb3,272,293,SOLID,68,73,SV5_HUB_0949d931bfb252f66eb3@68:73,UNKNOWN,SOLID,ae08f7778b162cf6feef0301bce718d96153069bba0097e5c4e94b4d23303297
SV5_HUB_0949d931bfb252f66eb3,273,293,SOLID,68,73,SV5_HUB_0949d931bfb252f66eb3@68:73,UNKNOWN,SOLID,ae08f7778b162cf6feef0301bce718d96153069bba0097e5c4e94b4d23303297
SV5_HUB_0949d931bfb252f66eb3,274,293,SOLID,68,73,SV5_HUB_0949d931bfb252f66eb3@68:73,UNKNOWN,SOLID,ae08f7778b162cf6feef0301bce718d96153069bba0097e5c4e94b4d23303297
SV5_HUB_0949d931bfb252f66eb3,275,293,SOLID,68,73,SV5_HUB_0949d931bfb252f66eb3@68:73,UNKNOWN,SOLID,ae08f7778b162cf6feef0301bce718d96153069bba0097e5c4e94b4d23303297
SV5_HUB_0949d931bfb252f66eb3,276,293,SOLID,69,73,SV5_HUB_0949d931bfb252f66eb3@69:73,UNKNOWN,SOLID,ae08f7778b162cf6feef0301bce718d96153069bba0097e5c4e94b4d23303297
SV5_HUB_0949d931bfb252f66eb3,277,293,SOLID,69,73,SV5_HUB_0949d931bfb252f66eb3@69:73,UNKNOWN,SOLID,ae08f7778b162cf6feef0301bce718d96153069bba0097e5c4e94b4d23303297
SV5_HUB_0949d931bfb252f66eb3,278,293,AIR,69,73,SV5_HUB_0949d931bfb252f66eb3@69:73,UNKNOWN,AIR,ae08f7778b162cf6feef0301bce718d96153069bba0097e5c4e94b4d23303297
SV5_HUB_0949d931bfb252f66eb3,279,293,AIR,69,73,SV5_HUB_0949d931bfb252f66eb3@69:73,UNKNOWN,AIR,ae08f7778b162cf6feef0301bce718d96153069bba0097e5c4e94b4d23303297
SV5_HUB_0949d931bfb252f66eb3,280,293,AIR,70,73,SV5_HUB_0949d931bfb252f66eb3@70:73,UNKNOWN,AIR,ae08f7778b162cf6feef0301bce718d96153069bba0097e5c4e94b4d23303297
SV5_HUB_0949d931bfb252f66eb3,281,293,AIR,70,73,SV5_HUB_0949d931bfb252f66eb3@70:73,UNKNOWN,AIR,ae08f7778b162cf6feef0301bce718d96153069bba0097e5c4e94b4d23303297
SV5_HUB_0949d931bfb252f66eb3,282,293,RESERVED_TREE,70,73,SV5_HUB_0949d931bfb252f66eb3@70:73,UNKNOWN,AIR,ae08f7778b162cf6feef0301bce718d96153069bba0097e5c4e94b4d23303297
SV5_HUB_0949d931bfb252f66eb3,283,293,RESERVED_TREE,70,73,SV5_HUB_0949d931bfb252f66eb3@70:73,UNKNOWN,AIR,ae08f7778b162cf6feef0301bce718d96153069bba0097e5c4e94b4d23303297
SV5_HUB_0949d931bfb252f66eb3,284,293,RESERVED_TREE,71,73,SV5_HUB_0949d931bfb252f66eb3@71:73,UNKNOWN,AIR,ae08f7778b162cf6feef0301bce718d96153069bba0097e5c4e94b4d23303297
SV5_HUB_0949d931bfb252f66eb3,285,293,RESERVED_TREE,71,73,SV5_HUB_0949d931bfb252f66eb3@71:73,UNKNOWN,AIR,ae08f7778b162cf6feef0301bce718d96153069bba0097e5c4e94b4d23303297
SV5_HUB_0949d931bfb252f66eb3,286,293,AIR,71,73,SV5_HUB_0949d931bfb252f66eb3@71:73,UNKNOWN,AIR,ae08f7778b162cf6feef0301bce718d96153069bba0097e5c4e94b4d23303297
SV5_HUB_0949d931bfb252f66eb3,287,293,AIR,71,73,SV5_HUB_0949d931bfb252f66eb3@71:73,UNKNOWN,AIR,ae08f7778b162cf6feef0301bce718d96153069bba0097e5c4e94b4d23303297
SV5_HUB_0949d931bfb252f66eb3,288,293,AIR,72,73,SV5_HUB_0949d931bfb252f66eb3@72:73,UNKNOWN,AIR,ae08f7778b162cf6feef0301bce718d96153069bba0097e5c4e94b4d23303297
SV5_HUB_0949d931bfb252f66eb3,289,293,PORT_NECK,72,73,SV5_HUB_0949d931bfb252f66eb3@72:73,UNKNOWN,AIR,ae08f7778b162cf6feef0301bce718d96153069bba0097e5c4e94b4d23303297
SV5_HUB_0949d931bfb252f66eb3,290,293,PORT_NECK,72,73,SV5_HUB_0949d931bfb252f66eb3@72:73,UNKNOWN,AIR,ae08f7778b162cf6feef0301bce718d96153069bba0097e5c4e94b4d23303297
SV5_HUB_0949d931bfb252f66eb3,291,293,PORT_NECK,72,73,SV5_HUB_0949d931bfb252f66eb3@72:73,UNKNOWN,AIR,ae08f7778b162cf6feef0301bce718d96153069bba0097e5c4e94b4d23303297
SV5_HUB_0949d931bfb252f66eb3,292,293,PORT_NECK,73,73,SV5_HUB_0949d931bfb252f66eb3@73:73,UNKNOWN,AIR,ae08f7778b162cf6feef0301bce718d96153069bba0097e5c4e94b4d23303297
SV5_HUB_0949d931bfb252f66eb3,293,293,PORT_NECK,73,73,SV5_HUB_0949d931bfb252f66eb3@73:73,UNKNOWN,AIR,ae08f7778b162cf6feef0301bce718d96153069bba0097e5c4e94b4d23303297
SV5_HUB_0949d931bfb252f66eb3,294,293,PORT_NECK,73,73,SV5_HUB_0949d931bfb252f66eb3@73:73,UNKNOWN,AIR,ae08f7778b162cf6feef0301bce718d96153069bba0097e5c4e94b4d23303297
SV5_HUB_0949d931bfb252f66eb3,295,293,PORT_NECK,73,73,SV5_HUB_0949d931bfb252f66eb3@73:73,UNKNOWN,AIR,ae08f7778b162cf6feef0301bce718d96153069bba0097e5c4e94b4d23303297
SV5_HUB_0949d931bfb252f66eb3,272,294,SOLID,68,73,SV5_HUB_0949d931bfb252f66eb3@68:73,UNKNOWN,SOLID,ae08f7778b162cf6feef0301bce718d96153069bba0097e5c4e94b4d23303297
SV5_HUB_0949d931bfb252f66eb3,273,294,SOLID,68,73,SV5_HUB_0949d931bfb252f66eb3@68:73,UNKNOWN,SOLID,ae08f7778b162cf6feef0301bce718d96153069bba0097e5c4e94b4d23303297
SV5_HUB_0949d931bfb252f66eb3,274,294,SOLID,68,73,SV5_HUB_0949d931bfb252f66eb3@68:73,UNKNOWN,SOLID,ae08f7778b162cf6feef0301bce718d96153069bba0097e5c4e94b4d23303297
SV5_HUB_0949d931bfb252f66eb3,275,294,SOLID,68,73,SV5_HUB_0949d931bfb252f66eb3@68:73,UNKNOWN,SOLID,ae08f7778b162cf6feef0301bce718d96153069bba0097e5c4e94b4d23303297
SV5_HUB_0949d931bfb252f66eb3,276,294,SOLID,69,73,SV5_HUB_0949d931bfb252f66eb3@69:73,UNKNOWN,SOLID,ae08f7778b162cf6feef0301bce718d96153069bba0097e5c4e94b4d23303297
SV5_HUB_0949d931bfb252f66eb3,277,294,SOLID,69,73,SV5_HUB_0949d931bfb252f66eb3@69:73,UNKNOWN,SOLID,ae08f7778b162cf6feef0301bce718d96153069bba0097e5c4e94b4d23303297
SV5_HUB_0949d931bfb252f66eb3,278,294,AIR,69,73,SV5_HUB_0949d931bfb252f66eb3@69:73,UNKNOWN,AIR,ae08f7778b162cf6feef0301bce718d96153069bba0097e5c4e94b4d23303297
SV5_HUB_0949d931bfb252f66eb3,279,294,AIR,69,73,SV5_HUB_0949d931bfb252f66eb3@69:73,UNKNOWN,AIR,ae08f7778b162cf6feef0301bce718d96153069bba0097e5c4e94b4d23303297
SV5_HUB_0949d931bfb252f66eb3,280,294,AIR,70,73,SV5_HUB_0949d931bfb252f66eb3@70:73,UNKNOWN,AIR,ae08f7778b162cf6feef0301bce718d96153069bba0097e5c4e94b4d23303297
SV5_HUB_0949d931bfb252f66eb3,281,294,AIR,70,73,SV5_HUB_0949d931bfb252f66eb3@70:73,UNKNOWN,AIR,ae08f7778b162cf6feef0301bce718d96153069bba0097e5c4e94b4d23303297
SV5_HUB_0949d931bfb252f66eb3,282,294,RESERVED_TREE,70,73,SV5_HUB_0949d931bfb252f66eb3@70:73,UNKNOWN,AIR,ae08f7778b162cf6feef0301bce718d96153069bba0097e5c4e94b4d23303297
SV5_HUB_0949d931bfb252f66eb3,283,294,RESERVED_TREE,70,73,SV5_HUB_0949d931bfb252f66eb3@70:73,UNKNOWN,AIR,ae08f7778b162cf6feef0301bce718d96153069bba0097e5c4e94b4d23303297
SV5_HUB_0949d931bfb252f66eb3,284,294,RESERVED_TREE,71,73,SV5_HUB_0949d931bfb252f66eb3@71:73,UNKNOWN,AIR,ae08f7778b162cf6feef0301bce718d96153069bba0097e5c4e94b4d23303297
SV5_HUB_0949d931bfb252f66eb3,285,294,RESERVED_TREE,71,73,SV5_HUB_0949d931bfb252f66eb3@71:73,UNKNOWN,AIR,ae08f7778b162cf6feef0301bce718d96153069bba0097e5c4e94b4d23303297
SV5_HUB_0949d931bfb252f66eb3,286,294,AIR,71,73,SV5_HUB_0949d931bfb252f66eb3@71:73,UNKNOWN,AIR,ae08f7778b162cf6feef0301bce718d96153069bba0097e5c4e94b4d23303297
SV5_HUB_0949d931bfb252f66eb3,287,294,AIR,71,73,SV5_HUB_0949d931bfb252f66eb3@71:73,UNKNOWN,AIR,ae08f7778b162cf6feef0301bce718d96153069bba0097e5c4e94b4d23303297
SV5_HUB_0949d931bfb252f66eb3,288,294,AIR,72,73,SV5_HUB_0949d931bfb252f66eb3@72:73,UNKNOWN,AIR,ae08f7778b162cf6feef0301bce718d96153069bba0097e5c4e94b4d23303297
SV5_HUB_0949d931bfb252f66eb3,289,294,PORT_NECK,72,73,SV5_HUB_0949d931bfb252f66eb3@72:73,UNKNOWN,AIR,ae08f7778b162cf6feef0301bce718d96153069bba0097e5c4e94b4d23303297
SV5_HUB_0949d931bfb252f66eb3,290,294,PORT_NECK,72,73,SV5_HUB_0949d931bfb252f66eb3@72:73,UNKNOWN,AIR,ae08f7778b162cf6feef0301bce718d96153069bba0097e5c4e94b4d23303297
SV5_HUB_0949d931bfb252f66eb3,291,294,PORT_NECK,72,73,SV5_HUB_0949d931bfb252f66eb3@72:73,UNKNOWN,AIR,ae08f7778b162cf6feef0301bce718d96153069bba0097e5c4e94b4d23303297
SV5_HUB_0949d931bfb252f66eb3,292,294,PORT_NECK,73,73,SV5_HUB_0949d931bfb252f66eb3@73:73,UNKNOWN,AIR,ae08f7778b162cf6feef0301bce718d96153069bba0097e5c4e94b4d23303297
SV5_HUB_0949d931bfb252f66eb3,293,294,PORT_NECK,73,73,SV5_HUB_0949d931bfb252f66eb3@73:73,UNKNOWN,AIR,ae08f7778b162cf6feef0301bce718d96153069bba0097e5c4e94b4d23303297
SV5_HUB_0949d931bfb252f66eb3,294,294,PORT_NECK,73,73,SV5_HUB_0949d931bfb252f66eb3@73:73,UNKNOWN,AIR,ae08f7778b162cf6feef0301bce718d96153069bba0097e5c4e94b4d23303297
SV5_HUB_0949d931bfb252f66eb3,295,294,PORT_NECK,73,73,SV5_HUB_0949d931bfb252f66eb3@73:73,UNKNOWN,AIR,ae08f7778b162cf6feef0301bce718d96153069bba0097e5c4e94b4d23303297
SV5_HUB_0949d931bfb252f66eb3,272,295,SOLID,68,73,SV5_HUB_0949d931bfb252f66eb3@68:73,UNKNOWN,SOLID,ae08f7778b162cf6feef0301bce718d96153069bba0097e5c4e94b4d23303297
SV5_HUB_0949d931bfb252f66eb3,273,295,SOLID,68,73,SV5_HUB_0949d931bfb252f66eb3@68:73,UNKNOWN,SOLID,ae08f7778b162cf6feef0301bce718d96153069bba0097e5c4e94b4d23303297
SV5_HUB_0949d931bfb252f66eb3,274,295,SOLID,68,73,SV5_HUB_0949d931bfb252f66eb3@68:73,UNKNOWN,SOLID,ae08f7778b162cf6feef0301bce718d96153069bba0097e5c4e94b4d23303297
SV5_HUB_0949d931bfb252f66eb3,275,295,SOLID,68,73,SV5_HUB_0949d931bfb252f66eb3@68:73,UNKNOWN,SOLID,ae08f7778b162cf6feef0301bce718d96153069bba0097e5c4e94b4d23303297
SV5_HUB_0949d931bfb252f66eb3,276,295,SOLID,69,73,SV5_HUB_0949d931bfb252f66eb3@69:73,UNKNOWN,SOLID,ae08f7778b162cf6feef0301bce718d96153069bba0097e5c4e94b4d23303297
SV5_HUB_0949d931bfb252f66eb3,277,295,SOLID,69,73,SV5_HUB_0949d931bfb252f66eb3@69:73,UNKNOWN,SOLID,ae08f7778b162cf6feef0301bce718d96153069bba0097e5c4e94b4d23303297
SV5_HUB_0949d931bfb252f66eb3,278,295,AIR,69,73,SV5_HUB_0949d931bfb252f66eb3@69:73,UNKNOWN,AIR,ae08f7778b162cf6feef0301bce718d96153069bba0097e5c4e94b4d23303297
SV5_HUB_0949d931bfb252f66eb3,279,295,AIR,69,73,SV5_HUB_0949d931bfb252f66eb3@69:73,UNKNOWN,AIR,ae08f7778b162cf6feef0301bce718d96153069bba0097e5c4e94b4d23303297
SV5_HUB_0949d931bfb252f66eb3,280,295,AIR,70,73,SV5_HUB_0949d931bfb252f66eb3@70:73,UNKNOWN,AIR,ae08f7778b162cf6feef0301bce718d96153069bba0097e5c4e94b4d23303297
SV5_HUB_0949d931bfb252f66eb3,281,295,AIR,70,73,SV5_HUB_0949d931bfb252f66eb3@70:73,UNKNOWN,AIR,ae08f7778b162cf6feef0301bce718d96153069bba0097e5c4e94b4d23303297
SV5_HUB_0949d931bfb252f66eb3,282,295,RESERVED_TREE,70,73,SV5_HUB_0949d931bfb252f66eb3@70:73,UNKNOWN,AIR,ae08f7778b162cf6feef0301bce718d96153069bba0097e5c4e94b4d23303297
SV5_HUB_0949d931bfb252f66eb3,283,295,RESERVED_TREE,70,73,SV5_HUB_0949d931bfb252f66eb3@70:73,UNKNOWN,AIR,ae08f7778b162cf6feef0301bce718d96153069bba0097e5c4e94b4d23303297
SV5_HUB_0949d931bfb252f66eb3,284,295,RESERVED_TREE,71,73,SV5_HUB_0949d931bfb252f66eb3@71:73,UNKNOWN,AIR,ae08f7778b162cf6feef0301bce718d96153069bba0097e5c4e94b4d23303297
SV5_HUB_0949d931bfb252f66eb3,285,295,RESERVED_TREE,71,73,SV5_HUB_0949d931bfb252f66eb3@71:73,UNKNOWN,AIR,ae08f7778b162cf6feef0301bce718d96153069bba0097e5c4e94b4d23303297
SV5_HUB_0949d931bfb252f66eb3,286,295,AIR,71,73,SV5_HUB_0949d931bfb252f66eb3@71:73,UNKNOWN,AIR,ae08f7778b162cf6feef0301bce718d96153069bba0097e5c4e94b4d23303297
SV5_HUB_0949d931bfb252f66eb3,287,295,AIR,71,73,SV5_HUB_0949d931bfb252f66eb3@71:73,UNKNOWN,AIR,ae08f7778b162cf6feef0301bce718d96153069bba0097e5c4e94b4d23303297
SV5_HUB_0949d931bfb252f66eb3,288,295,AIR,72,73,SV5_HUB_0949d931bfb252f66eb3@72:73,UNKNOWN,AIR,ae08f7778b162cf6feef0301bce718d96153069bba0097e5c4e94b4d23303297
SV5_HUB_0949d931bfb252f66eb3,289,295,PORT_NECK,72,73,SV5_HUB_0949d931bfb252f66eb3@72:73,UNKNOWN,AIR,ae08f7778b162cf6feef0301bce718d96153069bba0097e5c4e94b4d23303297
SV5_HUB_0949d931bfb252f66eb3,290,295,PORT_NECK,72,73,SV5_HUB_0949d931bfb252f66eb3@72:73,UNKNOWN,AIR,ae08f7778b162cf6feef0301bce718d96153069bba0097e5c4e94b4d23303297
SV5_HUB_0949d931bfb252f66eb3,291,295,PORT_NECK,72,73,SV5_HUB_0949d931bfb252f66eb3@72:73,UNKNOWN,AIR,ae08f7778b162cf6feef0301bce718d96153069bba0097e5c4e94b4d23303297
SV5_HUB_0949d931bfb252f66eb3,292,295,PORT_NECK,73,73,SV5_HUB_0949d931bfb252f66eb3@73:73,UNKNOWN,AIR,ae08f7778b162cf6feef0301bce718d96153069bba0097e5c4e94b4d23303297
SV5_HUB_0949d931bfb252f66eb3,293,295,PORT_NECK,73,73,SV5_HUB_0949d931bfb252f66eb3@73:73,UNKNOWN,AIR,ae08f7778b162cf6feef0301bce718d96153069bba0097e5c4e94b4d23303297
SV5_HUB_0949d931bfb252f66eb3,294,295,PORT_NECK,73,73,SV5_HUB_0949d931bfb252f66eb3@73:73,UNKNOWN,AIR,ae08f7778b162cf6feef0301bce718d96153069bba0097e5c4e94b4d23303297
SV5_HUB_0949d931bfb252f66eb3,295,295,PORT_NECK,73,73,SV5_HUB_0949d931bfb252f66eb3@73:73,UNKNOWN,AIR,ae08f7778b162cf6feef0301bce718d96153069bba0097e5c4e94b4d23303297
SV5_HUB_0949d931bfb252f66eb3,272,296,SOLID,68,74,SV5_HUB_0949d931bfb252f66eb3@68:74,UNKNOWN,SOLID,ae08f7778b162cf6feef0301bce718d96153069bba0097e5c4e94b4d23303297
SV5_HUB_0949d931bfb252f66eb3,273,296,SOLID,68,74,SV5_HUB_0949d931bfb252f66eb3@68:74,UNKNOWN,SOLID,ae08f7778b162cf6feef0301bce718d96153069bba0097e5c4e94b4d23303297
SV5_HUB_0949d931bfb252f66eb3,274,296,SOLID,68,74,SV5_HUB_0949d931bfb252f66eb3@68:74,UNKNOWN,SOLID,ae08f7778b162cf6feef0301bce718d96153069bba0097e5c4e94b4d23303297
SV5_HUB_0949d931bfb252f66eb3,275,296,SOLID,68,74,SV5_HUB_0949d931bfb252f66eb3@68:74,UNKNOWN,SOLID,ae08f7778b162cf6feef0301bce718d96153069bba0097e5c4e94b4d23303297
SV5_HUB_0949d931bfb252f66eb3,276,296,SOLID,69,74,SV5_HUB_0949d931bfb252f66eb3@69:74,UNKNOWN,SOLID,ae08f7778b162cf6feef0301bce718d96153069bba0097e5c4e94b4d23303297
SV5_HUB_0949d931bfb252f66eb3,277,296,SOLID,69,74,SV5_HUB_0949d931bfb252f66eb3@69:74,UNKNOWN,SOLID,ae08f7778b162cf6feef0301bce718d96153069bba0097e5c4e94b4d23303297
SV5_HUB_0949d931bfb252f66eb3,278,296,AIR,69,74,SV5_HUB_0949d931bfb252f66eb3@69:74,UNKNOWN,AIR,ae08f7778b162cf6feef0301bce718d96153069bba0097e5c4e94b4d23303297
SV5_HUB_0949d931bfb252f66eb3,279,296,AIR,69,74,SV5_HUB_0949d931bfb252f66eb3@69:74,UNKNOWN,AIR,ae08f7778b162cf6feef0301bce718d96153069bba0097e5c4e94b4d23303297
SV5_HUB_0949d931bfb252f66eb3,280,296,AIR,70,74,SV5_HUB_0949d931bfb252f66eb3@70:74,UNKNOWN,AIR,ae08f7778b162cf6feef0301bce718d96153069bba0097e5c4e94b4d23303297
SV5_HUB_0949d931bfb252f66eb3,281,296,AIR,70,74,SV5_HUB_0949d931bfb252f66eb3@70:74,UNKNOWN,AIR,ae08f7778b162cf6feef0301bce718d96153069bba0097e5c4e94b4d23303297
SV5_HUB_0949d931bfb252f66eb3,282,296,AIR,70,74,SV5_HUB_0949d931bfb252f66eb3@70:74,UNKNOWN,AIR,ae08f7778b162cf6feef0301bce718d96153069bba0097e5c4e94b4d23303297
SV5_HUB_0949d931bfb252f66eb3,283,296,AIR,70,74,SV5_HUB_0949d931bfb252f66eb3@70:74,UNKNOWN,AIR,ae08f7778b162cf6feef0301bce718d96153069bba0097e5c4e94b4d23303297
SV5_HUB_0949d931bfb252f66eb3,284,296,AIR,71,74,SV5_HUB_0949d931bfb252f66eb3@71:74,UNKNOWN,AIR,ae08f7778b162cf6feef0301bce718d96153069bba0097e5c4e94b4d23303297
SV5_HUB_0949d931bfb252f66eb3,285,296,AIR,71,74,SV5_HUB_0949d931bfb252f66eb3@71:74,UNKNOWN,AIR,ae08f7778b162cf6feef0301bce718d96153069bba0097e5c4e94b4d23303297
SV5_HUB_0949d931bfb252f66eb3,286,296,AIR,71,74,SV5_HUB_0949d931bfb252f66eb3@71:74,UNKNOWN,AIR,ae08f7778b162cf6feef0301bce718d96153069bba0097e5c4e94b4d23303297
SV5_HUB_0949d931bfb252f66eb3,287,296,AIR,71,74,SV5_HUB_0949d931bfb252f66eb3@71:74,UNKNOWN,AIR,ae08f7778b162cf6feef0301bce718d96153069bba0097e5c4e94b4d23303297
SV5_HUB_0949d931bfb252f66eb3,288,296,AIR,72,74,SV5_HUB_0949d931bfb252f66eb3@72:74,UNKNOWN,AIR,ae08f7778b162cf6feef0301bce718d96153069bba0097e5c4e94b4d23303297
SV5_HUB_0949d931bfb252f66eb3,289,296,PORT_NECK,72,74,SV5_HUB_0949d931bfb252f66eb3@72:74,UNKNOWN,AIR,ae08f7778b162cf6feef0301bce718d96153069bba0097e5c4e94b4d23303297
SV5_HUB_0949d931bfb252f66eb3,290,296,PORT_NECK,72,74,SV5_HUB_0949d931bfb252f66eb3@72:74,UNKNOWN,AIR,ae08f7778b162cf6feef0301bce718d96153069bba0097e5c4e94b4d23303297
SV5_HUB_0949d931bfb252f66eb3,291,296,PORT_NECK,72,74,SV5_HUB_0949d931bfb252f66eb3@72:74,UNKNOWN,AIR,ae08f7778b162cf6feef0301bce718d96153069bba0097e5c4e94b4d23303297
SV5_HUB_0949d931bfb252f66eb3,292,296,PORT_NECK,73,74,SV5_HUB_0949d931bfb252f66eb3@73:74,UNKNOWN,AIR,ae08f7778b162cf6feef0301bce718d96153069bba0097e5c4e94b4d23303297
SV5_HUB_0949d931bfb252f66eb3,293,296,PORT_NECK,73,74,SV5_HUB_0949d931bfb252f66eb3@73:74,UNKNOWN,AIR,ae08f7778b162cf6feef0301bce718d96153069bba0097e5c4e94b4d23303297
SV5_HUB_0949d931bfb252f66eb3,294,296,PORT_NECK,73,74,SV5_HUB_0949d931bfb252f66eb3@73:74,UNKNOWN,AIR,ae08f7778b162cf6feef0301bce718d96153069bba0097e5c4e94b4d23303297
SV5_HUB_0949d931bfb252f66eb3,295,296,PORT_NECK,73,74,SV5_HUB_0949d931bfb252f66eb3@73:74,UNKNOWN,AIR,ae08f7778b162cf6feef0301bce718d96153069bba0097e5c4e94b4d23303297
SV5_HUB_0949d931bfb252f66eb3,272,297,SOLID,68,74,SV5_HUB_0949d931bfb252f66eb3@68:74,UNKNOWN,SOLID,ae08f7778b162cf6feef0301bce718d96153069bba0097e5c4e94b4d23303297
SV5_HUB_0949d931bfb252f66eb3,273,297,SOLID,68,74,SV5_HUB_0949d931bfb252f66eb3@68:74,UNKNOWN,SOLID,ae08f7778b162cf6feef0301bce718d96153069bba0097e5c4e94b4d23303297
SV5_HUB_0949d931bfb252f66eb3,274,297,SOLID,68,74,SV5_HUB_0949d931bfb252f66eb3@68:74,UNKNOWN,SOLID,ae08f7778b162cf6feef0301bce718d96153069bba0097e5c4e94b4d23303297
SV5_HUB_0949d931bfb252f66eb3,275,297,SOLID,68,74,SV5_HUB_0949d931bfb252f66eb3@68:74,UNKNOWN,SOLID,ae08f7778b162cf6feef0301bce718d96153069bba0097e5c4e94b4d23303297
SV5_HUB_0949d931bfb252f66eb3,276,297,SOLID,69,74,SV5_HUB_0949d931bfb252f66eb3@69:74,UNKNOWN,SOLID,ae08f7778b162cf6feef0301bce718d96153069bba0097e5c4e94b4d23303297
SV5_HUB_0949d931bfb252f66eb3,277,297,SOLID,69,74,SV5_HUB_0949d931bfb252f66eb3@69:74,UNKNOWN,SOLID,ae08f7778b162cf6feef0301bce718d96153069bba0097e5c4e94b4d23303297
SV5_HUB_0949d931bfb252f66eb3,278,297,AIR,69,74,SV5_HUB_0949d931bfb252f66eb3@69:74,UNKNOWN,AIR,ae08f7778b162cf6feef0301bce718d96153069bba0097e5c4e94b4d23303297
SV5_HUB_0949d931bfb252f66eb3,279,297,AIR,69,74,SV5_HUB_0949d931bfb252f66eb3@69:74,UNKNOWN,AIR,ae08f7778b162cf6feef0301bce718d96153069bba0097e5c4e94b4d23303297
SV5_HUB_0949d931bfb252f66eb3,280,297,AIR,70,74,SV5_HUB_0949d931bfb252f66eb3@70:74,UNKNOWN,AIR,ae08f7778b162cf6feef0301bce718d96153069bba0097e5c4e94b4d23303297
SV5_HUB_0949d931bfb252f66eb3,281,297,AIR,70,74,SV5_HUB_0949d931bfb252f66eb3@70:74,UNKNOWN,AIR,ae08f7778b162cf6feef0301bce718d96153069bba0097e5c4e94b4d23303297
SV5_HUB_0949d931bfb252f66eb3,282,297,AIR,70,74,SV5_HUB_0949d931bfb252f66eb3@70:74,UNKNOWN,AIR,ae08f7778b162cf6feef0301bce718d96153069bba0097e5c4e94b4d23303297
SV5_HUB_0949d931bfb252f66eb3,283,297,AIR,70,74,SV5_HUB_0949d931bfb252f66eb3@70:74,UNKNOWN,AIR,ae08f7778b162cf6feef0301bce718d96153069bba0097e5c4e94b4d23303297
SV5_HUB_0949d931bfb252f66eb3,284,297,AIR,71,74,SV5_HUB_0949d931bfb252f66eb3@71:74,UNKNOWN,AIR,ae08f7778b162cf6feef0301bce718d96153069bba0097e5c4e94b4d23303297
SV5_HUB_0949d931bfb252f66eb3,285,297,AIR,71,74,SV5_HUB_0949d931bfb252f66eb3@71:74,UNKNOWN,AIR,ae08f7778b162cf6feef0301bce718d96153069bba0097e5c4e94b4d23303297
SV5_HUB_0949d931bfb252f66eb3,286,297,AIR,71,74,SV5_HUB_0949d931bfb252f66eb3@71:74,UNKNOWN,AIR,ae08f7778b162cf6feef0301bce718d96153069bba0097e5c4e94b4d23303297
SV5_HUB_0949d931bfb252f66eb3,287,297,AIR,71,74,SV5_HUB_0949d931bfb252f66eb3@71:74,UNKNOWN,AIR,ae08f7778b162cf6feef0301bce718d96153069bba0097e5c4e94b4d23303297
SV5_HUB_0949d931bfb252f66eb3,288,297,AIR,72,74,SV5_HUB_0949d931bfb252f66eb3@72:74,UNKNOWN,AIR,ae08f7778b162cf6feef0301bce718d96153069bba0097e5c4e94b4d23303297
SV5_HUB_0949d931bfb252f66eb3,289,297,PORT_NECK,72,74,SV5_HUB_0949d931bfb252f66eb3@72:74,UNKNOWN,AIR,ae08f7778b162cf6feef0301bce718d96153069bba0097e5c4e94b4d23303297
SV5_HUB_0949d931bfb252f66eb3,290,297,PORT_NECK,72,74,SV5_HUB_0949d931bfb252f66eb3@72:74,UNKNOWN,AIR,ae08f7778b162cf6feef0301bce718d96153069bba0097e5c4e94b4d23303297
SV5_HUB_0949d931bfb252f66eb3,291,297,PORT_NECK,72,74,SV5_HUB_0949d931bfb252f66eb3@72:74,UNKNOWN,AIR,ae08f7778b162cf6feef0301bce718d96153069bba0097e5c4e94b4d23303297
SV5_HUB_0949d931bfb252f66eb3,292,297,PORT_NECK,73,74,SV5_HUB_0949d931bfb252f66eb3@73:74,UNKNOWN,AIR,ae08f7778b162cf6feef0301bce718d96153069bba0097e5c4e94b4d23303297
SV5_HUB_0949d931bfb252f66eb3,293,297,PORT_NECK,73,74,SV5_HUB_0949d931bfb252f66eb3@73:74,UNKNOWN,AIR,ae08f7778b162cf6feef0301bce718d96153069bba0097e5c4e94b4d23303297
SV5_HUB_0949d931bfb252f66eb3,294,297,PORT_NECK,73,74,SV5_HUB_0949d931bfb252f66eb3@73:74,UNKNOWN,AIR,ae08f7778b162cf6feef0301bce718d96153069bba0097e5c4e94b4d23303297
SV5_HUB_0949d931bfb252f66eb3,295,297,PORT_NECK,73,74,SV5_HUB_0949d931bfb252f66eb3@73:74,UNKNOWN,AIR,ae08f7778b162cf6feef0301bce718d96153069bba0097e5c4e94b4d23303297
SV5_HUB_0949d931bfb252f66eb3,272,298,SOLID,68,74,SV5_HUB_0949d931bfb252f66eb3@68:74,UNKNOWN,SOLID,ae08f7778b162cf6feef0301bce718d96153069bba0097e5c4e94b4d23303297
SV5_HUB_0949d931bfb252f66eb3,273,298,SOLID,68,74,SV5_HUB_0949d931bfb252f66eb3@68:74,UNKNOWN,SOLID,ae08f7778b162cf6feef0301bce718d96153069bba0097e5c4e94b4d23303297
SV5_HUB_0949d931bfb252f66eb3,274,298,SOLID,68,74,SV5_HUB_0949d931bfb252f66eb3@68:74,UNKNOWN,SOLID,ae08f7778b162cf6feef0301bce718d96153069bba0097e5c4e94b4d23303297
SV5_HUB_0949d931bfb252f66eb3,275,298,SOLID,68,74,SV5_HUB_0949d931bfb252f66eb3@68:74,UNKNOWN,SOLID,ae08f7778b162cf6feef0301bce718d96153069bba0097e5c4e94b4d23303297
SV5_HUB_0949d931bfb252f66eb3,276,298,SOLID,69,74,SV5_HUB_0949d931bfb252f66eb3@69:74,UNKNOWN,SOLID,ae08f7778b162cf6feef0301bce718d96153069bba0097e5c4e94b4d23303297
SV5_HUB_0949d931bfb252f66eb3,277,298,SOLID,69,74,SV5_HUB_0949d931bfb252f66eb3@69:74,UNKNOWN,SOLID,ae08f7778b162cf6feef0301bce718d96153069bba0097e5c4e94b4d23303297
SV5_HUB_0949d931bfb252f66eb3,278,298,AIR,69,74,SV5_HUB_0949d931bfb252f66eb3@69:74,UNKNOWN,AIR,ae08f7778b162cf6feef0301bce718d96153069bba0097e5c4e94b4d23303297
SV5_HUB_0949d931bfb252f66eb3,279,298,AIR,69,74,SV5_HUB_0949d931bfb252f66eb3@69:74,UNKNOWN,AIR,ae08f7778b162cf6feef0301bce718d96153069bba0097e5c4e94b4d23303297
SV5_HUB_0949d931bfb252f66eb3,280,298,AIR,70,74,SV5_HUB_0949d931bfb252f66eb3@70:74,UNKNOWN,AIR,ae08f7778b162cf6feef0301bce718d96153069bba0097e5c4e94b4d23303297
SV5_HUB_0949d931bfb252f66eb3,281,298,AIR,70,74,SV5_HUB_0949d931bfb252f66eb3@70:74,UNKNOWN,AIR,ae08f7778b162cf6feef0301bce718d96153069bba0097e5c4e94b4d23303297
SV5_HUB_0949d931bfb252f66eb3,282,298,AIR,70,74,SV5_HUB_0949d931bfb252f66eb3@70:74,UNKNOWN,AIR,ae08f7778b162cf6feef0301bce718d96153069bba0097e5c4e94b4d23303297
SV5_HUB_0949d931bfb252f66eb3,283,298,AIR,70,74,SV5_HUB_0949d931bfb252f66eb3@70:74,UNKNOWN,AIR,ae08f7778b162cf6feef0301bce718d96153069bba0097e5c4e94b4d23303297
SV5_HUB_0949d931bfb252f66eb3,284,298,AIR,71,74,SV5_HUB_0949d931bfb252f66eb3@71:74,UNKNOWN,AIR,ae08f7778b162cf6feef0301bce718d96153069bba0097e5c4e94b4d23303297
SV5_HUB_0949d931bfb252f66eb3,285,298,AIR,71,74,SV5_HUB_0949d931bfb252f66eb3@71:74,UNKNOWN,AIR,ae08f7778b162cf6feef0301bce718d96153069bba0097e5c4e94b4d23303297
SV5_HUB_0949d931bfb252f66eb3,286,298,AIR,71,74,SV5_HUB_0949d931bfb252f66eb3@71:74,UNKNOWN,AIR,ae08f7778b162cf6feef0301bce718d96153069bba0097e5c4e94b4d23303297
SV5_HUB_0949d931bfb252f66eb3,287,298,AIR,71,74,SV5_HUB_0949d931bfb252f66eb3@71:74,UNKNOWN,AIR,ae08f7778b162cf6feef0301bce718d96153069bba0097e5c4e94b4d23303297
SV5_HUB_0949d931bfb252f66eb3,288,298,AIR,72,74,SV5_HUB_0949d931bfb252f66eb3@72:74,UNKNOWN,AIR,ae08f7778b162cf6feef0301bce718d96153069bba0097e5c4e94b4d23303297
SV5_HUB_0949d931bfb252f66eb3,289,298,AIR,72,74,SV5_HUB_0949d931bfb252f66eb3@72:74,UNKNOWN,AIR,ae08f7778b162cf6feef0301bce718d96153069bba0097e5c4e94b4d23303297
SV5_HUB_0949d931bfb252f66eb3,290,298,SOLID,72,74,SV5_HUB_0949d931bfb252f66eb3@72:74,UNKNOWN,SOLID,ae08f7778b162cf6feef0301bce718d96153069bba0097e5c4e94b4d23303297
SV5_HUB_0949d931bfb252f66eb3,291,298,SOLID,72,74,SV5_HUB_0949d931bfb252f66eb3@72:74,UNKNOWN,SOLID,ae08f7778b162cf6feef0301bce718d96153069bba0097e5c4e94b4d23303297
SV5_HUB_0949d931bfb252f66eb3,292,298,SOLID,73,74,SV5_HUB_0949d931bfb252f66eb3@73:74,UNKNOWN,SOLID,ae08f7778b162cf6feef0301bce718d96153069bba0097e5c4e94b4d23303297
SV5_HUB_0949d931bfb252f66eb3,293,298,SOLID,73,74,SV5_HUB_0949d931bfb252f66eb3@73:74,UNKNOWN,SOLID,ae08f7778b162cf6feef0301bce718d96153069bba0097e5c4e94b4d23303297
SV5_HUB_0949d931bfb252f66eb3,294,298,SOLID,73,74,SV5_HUB_0949d931bfb252f66eb3@73:74,UNKNOWN,SOLID,ae08f7778b162cf6feef0301bce718d96153069bba0097e5c4e94b4d23303297
SV5_HUB_0949d931bfb252f66eb3,295,298,SOLID,73,74,SV5_HUB_0949d931bfb252f66eb3@73:74,UNKNOWN,SOLID,ae08f7778b162cf6feef0301bce718d96153069bba0097e5c4e94b4d23303297
SV5_HUB_0949d931bfb252f66eb3,272,299,SOLID,68,74,SV5_HUB_0949d931bfb252f66eb3@68:74,UNKNOWN,SOLID,ae08f7778b162cf6feef0301bce718d96153069bba0097e5c4e94b4d23303297
SV5_HUB_0949d931bfb252f66eb3,273,299,SOLID,68,74,SV5_HUB_0949d931bfb252f66eb3@68:74,UNKNOWN,SOLID,ae08f7778b162cf6feef0301bce718d96153069bba0097e5c4e94b4d23303297
SV5_HUB_0949d931bfb252f66eb3,274,299,SOLID,68,74,SV5_HUB_0949d931bfb252f66eb3@68:74,UNKNOWN,SOLID,ae08f7778b162cf6feef0301bce718d96153069bba0097e5c4e94b4d23303297
SV5_HUB_0949d931bfb252f66eb3,275,299,SOLID,68,74,SV5_HUB_0949d931bfb252f66eb3@68:74,UNKNOWN,SOLID,ae08f7778b162cf6feef0301bce718d96153069bba0097e5c4e94b4d23303297
SV5_HUB_0949d931bfb252f66eb3,276,299,SOLID,69,74,SV5_HUB_0949d931bfb252f66eb3@69:74,UNKNOWN,SOLID,ae08f7778b162cf6feef0301bce718d96153069bba0097e5c4e94b4d23303297
SV5_HUB_0949d931bfb252f66eb3,277,299,SOLID,69,74,SV5_HUB_0949d931bfb252f66eb3@69:74,UNKNOWN,SOLID,ae08f7778b162cf6feef0301bce718d96153069bba0097e5c4e94b4d23303297
SV5_HUB_0949d931bfb252f66eb3,278,299,SOLID,69,74,SV5_HUB_0949d931bfb252f66eb3@69:74,UNKNOWN,SOLID,ae08f7778b162cf6feef0301bce718d96153069bba0097e5c4e94b4d23303297
SV5_HUB_0949d931bfb252f66eb3,279,299,SOLID,69,74,SV5_HUB_0949d931bfb252f66eb3@69:74,UNKNOWN,SOLID,ae08f7778b162cf6feef0301bce718d96153069bba0097e5c4e94b4d23303297
SV5_HUB_0949d931bfb252f66eb3,280,299,SOLID,70,74,SV5_HUB_0949d931bfb252f66eb3@70:74,UNKNOWN,SOLID,ae08f7778b162cf6feef0301bce718d96153069bba0097e5c4e94b4d23303297
SV5_HUB_0949d931bfb252f66eb3,281,299,SOLID,70,74,SV5_HUB_0949d931bfb252f66eb3@70:74,UNKNOWN,SOLID,ae08f7778b162cf6feef0301bce718d96153069bba0097e5c4e94b4d23303297
SV5_HUB_0949d931bfb252f66eb3,282,299,SOLID,70,74,SV5_HUB_0949d931bfb252f66eb3@70:74,UNKNOWN,SOLID,ae08f7778b162cf6feef0301bce718d96153069bba0097e5c4e94b4d23303297
SV5_HUB_0949d931bfb252f66eb3,283,299,SOLID,70,74,SV5_HUB_0949d931bfb252f66eb3@70:74,UNKNOWN,SOLID,ae08f7778b162cf6feef0301bce718d96153069bba0097e5c4e94b4d23303297
SV5_HUB_0949d931bfb252f66eb3,284,299,SOLID,71,74,SV5_HUB_0949d931bfb252f66eb3@71:74,UNKNOWN,SOLID,ae08f7778b162cf6feef0301bce718d96153069bba0097e5c4e94b4d23303297
SV5_HUB_0949d931bfb252f66eb3,285,299,SOLID,71,74,SV5_HUB_0949d931bfb252f66eb3@71:74,UNKNOWN,SOLID,ae08f7778b162cf6feef0301bce718d96153069bba0097e5c4e94b4d23303297
SV5_HUB_0949d931bfb252f66eb3,286,299,SOLID,71,74,SV5_HUB_0949d931bfb252f66eb3@71:74,UNKNOWN,SOLID,ae08f7778b162cf6feef0301bce718d96153069bba0097e5c4e94b4d23303297
SV5_HUB_0949d931bfb252f66eb3,287,299,SOLID,71,74,SV5_HUB_0949d931bfb252f66eb3@71:74,UNKNOWN,SOLID,ae08f7778b162cf6feef0301bce718d96153069bba0097e5c4e94b4d23303297
SV5_HUB_0949d931bfb252f66eb3,288,299,SOLID,72,74,SV5_HUB_0949d931bfb252f66eb3@72:74,UNKNOWN,SOLID,ae08f7778b162cf6feef0301bce718d96153069bba0097e5c4e94b4d23303297
SV5_HUB_0949d931bfb252f66eb3,289,299,SOLID,72,74,SV5_HUB_0949d931bfb252f66eb3@72:74,UNKNOWN,SOLID,ae08f7778b162cf6feef0301bce718d96153069bba0097e5c4e94b4d23303297
SV5_HUB_0949d931bfb252f66eb3,290,299,SOLID,72,74,SV5_HUB_0949d931bfb252f66eb3@72:74,UNKNOWN,SOLID,ae08f7778b162cf6feef0301bce718d96153069bba0097e5c4e94b4d23303297
SV5_HUB_0949d931bfb252f66eb3,291,299,SOLID,72,74,SV5_HUB_0949d931bfb252f66eb3@72:74,UNKNOWN,SOLID,ae08f7778b162cf6feef0301bce718d96153069bba0097e5c4e94b4d23303297
SV5_HUB_0949d931bfb252f66eb3,292,299,SOLID,73,74,SV5_HUB_0949d931bfb252f66eb3@73:74,UNKNOWN,SOLID,ae08f7778b162cf6feef0301bce718d96153069bba0097e5c4e94b4d23303297
SV5_HUB_0949d931bfb252f66eb3,293,299,SOLID,73,74,SV5_HUB_0949d931bfb252f66eb3@73:74,UNKNOWN,SOLID,ae08f7778b162cf6feef0301bce718d96153069bba0097e5c4e94b4d23303297
SV5_HUB_0949d931bfb252f66eb3,294,299,SOLID,73,74,SV5_HUB_0949d931bfb252f66eb3@73:74,UNKNOWN,SOLID,ae08f7778b162cf6feef0301bce718d96153069bba0097e5c4e94b4d23303297
SV5_HUB_0949d931bfb252f66eb3,295,299,SOLID,73,74,SV5_HUB_0949d931bfb252f66eb3@73:74,UNKNOWN,SOLID,ae08f7778b162cf6feef0301bce718d96153069bba0097e5c4e94b4d23303297
SV5_HUB_0949d931bfb252f66eb3,272,300,SOLID,68,75,SV5_HUB_0949d931bfb252f66eb3@68:75,UNKNOWN,SOLID,ae08f7778b162cf6feef0301bce718d96153069bba0097e5c4e94b4d23303297
SV5_HUB_0949d931bfb252f66eb3,273,300,SOLID,68,75,SV5_HUB_0949d931bfb252f66eb3@68:75,UNKNOWN,SOLID,ae08f7778b162cf6feef0301bce718d96153069bba0097e5c4e94b4d23303297
SV5_HUB_0949d931bfb252f66eb3,274,300,SOLID,68,75,SV5_HUB_0949d931bfb252f66eb3@68:75,UNKNOWN,SOLID,ae08f7778b162cf6feef0301bce718d96153069bba0097e5c4e94b4d23303297
SV5_HUB_0949d931bfb252f66eb3,275,300,SOLID,68,75,SV5_HUB_0949d931bfb252f66eb3@68:75,UNKNOWN,SOLID,ae08f7778b162cf6feef0301bce718d96153069bba0097e5c4e94b4d23303297
SV5_HUB_0949d931bfb252f66eb3,276,300,SOLID,69,75,SV5_HUB_0949d931bfb252f66eb3@69:75,UNKNOWN,SOLID,ae08f7778b162cf6feef0301bce718d96153069bba0097e5c4e94b4d23303297
SV5_HUB_0949d931bfb252f66eb3,277,300,SOLID,69,75,SV5_HUB_0949d931bfb252f66eb3@69:75,UNKNOWN,SOLID,ae08f7778b162cf6feef0301bce718d96153069bba0097e5c4e94b4d23303297
SV5_HUB_0949d931bfb252f66eb3,278,300,SOLID,69,75,SV5_HUB_0949d931bfb252f66eb3@69:75,UNKNOWN,SOLID,ae08f7778b162cf6feef0301bce718d96153069bba0097e5c4e94b4d23303297
SV5_HUB_0949d931bfb252f66eb3,279,300,SOLID,69,75,SV5_HUB_0949d931bfb252f66eb3@69:75,UNKNOWN,SOLID,ae08f7778b162cf6feef0301bce718d96153069bba0097e5c4e94b4d23303297
SV5_HUB_0949d931bfb252f66eb3,280,300,SOLID,70,75,SV5_HUB_0949d931bfb252f66eb3@70:75,UNKNOWN,SOLID,ae08f7778b162cf6feef0301bce718d96153069bba0097e5c4e94b4d23303297
SV5_HUB_0949d931bfb252f66eb3,281,300,SOLID,70,75,SV5_HUB_0949d931bfb252f66eb3@70:75,UNKNOWN,SOLID,ae08f7778b162cf6feef0301bce718d96153069bba0097e5c4e94b4d23303297
SV5_HUB_0949d931bfb252f66eb3,282,300,SOLID,70,75,SV5_HUB_0949d931bfb252f66eb3@70:75,UNKNOWN,SOLID,ae08f7778b162cf6feef0301bce718d96153069bba0097e5c4e94b4d23303297
SV5_HUB_0949d931bfb252f66eb3,283,300,SOLID,70,75,SV5_HUB_0949d931bfb252f66eb3@70:75,UNKNOWN,SOLID,ae08f7778b162cf6feef0301bce718d96153069bba0097e5c4e94b4d23303297
SV5_HUB_0949d931bfb252f66eb3,284,300,SOLID,71,75,SV5_HUB_0949d931bfb252f66eb3@71:75,UNKNOWN,SOLID,ae08f7778b162cf6feef0301bce718d96153069bba0097e5c4e94b4d23303297
SV5_HUB_0949d931bfb252f66eb3,285,300,SOLID,71,75,SV5_HUB_0949d931bfb252f66eb3@71:75,UNKNOWN,SOLID,ae08f7778b162cf6feef0301bce718d96153069bba0097e5c4e94b4d23303297
SV5_HUB_0949d931bfb252f66eb3,286,300,SOLID,71,75,SV5_HUB_0949d931bfb252f66eb3@71:75,UNKNOWN,SOLID,ae08f7778b162cf6feef0301bce718d96153069bba0097e5c4e94b4d23303297
SV5_HUB_0949d931bfb252f66eb3,287,300,SOLID,71,75,SV5_HUB_0949d931bfb252f66eb3@71:75,UNKNOWN,SOLID,ae08f7778b162cf6feef0301bce718d96153069bba0097e5c4e94b4d23303297
SV5_HUB_0949d931bfb252f66eb3,288,300,SOLID,72,75,SV5_HUB_0949d931bfb252f66eb3@72:75,UNKNOWN,SOLID,ae08f7778b162cf6feef0301bce718d96153069bba0097e5c4e94b4d23303297
SV5_HUB_0949d931bfb252f66eb3,289,300,SOLID,72,75,SV5_HUB_0949d931bfb252f66eb3@72:75,UNKNOWN,SOLID,ae08f7778b162cf6feef0301bce718d96153069bba0097e5c4e94b4d23303297
SV5_HUB_0949d931bfb252f66eb3,290,300,SOLID,72,75,SV5_HUB_0949d931bfb252f66eb3@72:75,UNKNOWN,SOLID,ae08f7778b162cf6feef0301bce718d96153069bba0097e5c4e94b4d23303297
SV5_HUB_0949d931bfb252f66eb3,291,300,SOLID,72,75,SV5_HUB_0949d931bfb252f66eb3@72:75,UNKNOWN,SOLID,ae08f7778b162cf6feef0301bce718d96153069bba0097e5c4e94b4d23303297
SV5_HUB_0949d931bfb252f66eb3,292,300,SOLID,73,75,SV5_HUB_0949d931bfb252f66eb3@73:75,UNKNOWN,SOLID,ae08f7778b162cf6feef0301bce718d96153069bba0097e5c4e94b4d23303297
SV5_HUB_0949d931bfb252f66eb3,293,300,SOLID,73,75,SV5_HUB_0949d931bfb252f66eb3@73:75,UNKNOWN,SOLID,ae08f7778b162cf6feef0301bce718d96153069bba0097e5c4e94b4d23303297
SV5_HUB_0949d931bfb252f66eb3,294,300,SOLID,73,75,SV5_HUB_0949d931bfb252f66eb3@73:75,UNKNOWN,SOLID,ae08f7778b162cf6feef0301bce718d96153069bba0097e5c4e94b4d23303297
SV5_HUB_0949d931bfb252f66eb3,295,300,SOLID,73,75,SV5_HUB_0949d931bfb252f66eb3@73:75,UNKNOWN,SOLID,ae08f7778b162cf6feef0301bce718d96153069bba0097e5c4e94b4d23303297
SV5_HUB_0949d931bfb252f66eb3,272,301,SOLID,68,75,SV5_HUB_0949d931bfb252f66eb3@68:75,UNKNOWN,SOLID,ae08f7778b162cf6feef0301bce718d96153069bba0097e5c4e94b4d23303297
SV5_HUB_0949d931bfb252f66eb3,273,301,SOLID,68,75,SV5_HUB_0949d931bfb252f66eb3@68:75,UNKNOWN,SOLID,ae08f7778b162cf6feef0301bce718d96153069bba0097e5c4e94b4d23303297
SV5_HUB_0949d931bfb252f66eb3,274,301,SOLID,68,75,SV5_HUB_0949d931bfb252f66eb3@68:75,UNKNOWN,SOLID,ae08f7778b162cf6feef0301bce718d96153069bba0097e5c4e94b4d23303297
SV5_HUB_0949d931bfb252f66eb3,275,301,SOLID,68,75,SV5_HUB_0949d931bfb252f66eb3@68:75,UNKNOWN,SOLID,ae08f7778b162cf6feef0301bce718d96153069bba0097e5c4e94b4d23303297
SV5_HUB_0949d931bfb252f66eb3,276,301,SOLID,69,75,SV5_HUB_0949d931bfb252f66eb3@69:75,UNKNOWN,SOLID,ae08f7778b162cf6feef0301bce718d96153069bba0097e5c4e94b4d23303297
SV5_HUB_0949d931bfb252f66eb3,277,301,SOLID,69,75,SV5_HUB_0949d931bfb252f66eb3@69:75,UNKNOWN,SOLID,ae08f7778b162cf6feef0301bce718d96153069bba0097e5c4e94b4d23303297
SV5_HUB_0949d931bfb252f66eb3,278,301,SOLID,69,75,SV5_HUB_0949d931bfb252f66eb3@69:75,UNKNOWN,SOLID,ae08f7778b162cf6feef0301bce718d96153069bba0097e5c4e94b4d23303297
SV5_HUB_0949d931bfb252f66eb3,279,301,SOLID,69,75,SV5_HUB_0949d931bfb252f66eb3@69:75,UNKNOWN,SOLID,ae08f7778b162cf6feef0301bce718d96153069bba0097e5c4e94b4d23303297
SV5_HUB_0949d931bfb252f66eb3,280,301,SOLID,70,75,SV5_HUB_0949d931bfb252f66eb3@70:75,UNKNOWN,SOLID,ae08f7778b162cf6feef0301bce718d96153069bba0097e5c4e94b4d23303297
SV5_HUB_0949d931bfb252f66eb3,281,301,SOLID,70,75,SV5_HUB_0949d931bfb252f66eb3@70:75,UNKNOWN,SOLID,ae08f7778b162cf6feef0301bce718d96153069bba0097e5c4e94b4d23303297
SV5_HUB_0949d931bfb252f66eb3,282,301,SOLID,70,75,SV5_HUB_0949d931bfb252f66eb3@70:75,UNKNOWN,SOLID,ae08f7778b162cf6feef0301bce718d96153069bba0097e5c4e94b4d23303297
SV5_HUB_0949d931bfb252f66eb3,283,301,SOLID,70,75,SV5_HUB_0949d931bfb252f66eb3@70:75,UNKNOWN,SOLID,ae08f7778b162cf6feef0301bce718d96153069bba0097e5c4e94b4d23303297
SV5_HUB_0949d931bfb252f66eb3,284,301,SOLID,71,75,SV5_HUB_0949d931bfb252f66eb3@71:75,UNKNOWN,SOLID,ae08f7778b162cf6feef0301bce718d96153069bba0097e5c4e94b4d23303297
SV5_HUB_0949d931bfb252f66eb3,285,301,SOLID,71,75,SV5_HUB_0949d931bfb252f66eb3@71:75,UNKNOWN,SOLID,ae08f7778b162cf6feef0301bce718d96153069bba0097e5c4e94b4d23303297
SV5_HUB_0949d931bfb252f66eb3,286,301,SOLID,71,75,SV5_HUB_0949d931bfb252f66eb3@71:75,UNKNOWN,SOLID,ae08f7778b162cf6feef0301bce718d96153069bba0097e5c4e94b4d23303297
SV5_HUB_0949d931bfb252f66eb3,287,301,SOLID,71,75,SV5_HUB_0949d931bfb252f66eb3@71:75,UNKNOWN,SOLID,ae08f7778b162cf6feef0301bce718d96153069bba0097e5c4e94b4d23303297
SV5_HUB_0949d931bfb252f66eb3,288,301,SOLID,72,75,SV5_HUB_0949d931bfb252f66eb3@72:75,UNKNOWN,SOLID,ae08f7778b162cf6feef0301bce718d96153069bba0097e5c4e94b4d23303297
SV5_HUB_0949d931bfb252f66eb3,289,301,SOLID,72,75,SV5_HUB_0949d931bfb252f66eb3@72:75,UNKNOWN,SOLID,ae08f7778b162cf6feef0301bce718d96153069bba0097e5c4e94b4d23303297
SV5_HUB_0949d931bfb252f66eb3,290,301,SOLID,72,75,SV5_HUB_0949d931bfb252f66eb3@72:75,UNKNOWN,SOLID,ae08f7778b162cf6feef0301bce718d96153069bba0097e5c4e94b4d23303297
SV5_HUB_0949d931bfb252f66eb3,291,301,SOLID,72,75,SV5_HUB_0949d931bfb252f66eb3@72:75,UNKNOWN,SOLID,ae08f7778b162cf6feef0301bce718d96153069bba0097e5c4e94b4d23303297
SV5_HUB_0949d931bfb252f66eb3,292,301,SOLID,73,75,SV5_HUB_0949d931bfb252f66eb3@73:75,UNKNOWN,SOLID,ae08f7778b162cf6feef0301bce718d96153069bba0097e5c4e94b4d23303297
SV5_HUB_0949d931bfb252f66eb3,293,301,SOLID,73,75,SV5_HUB_0949d931bfb252f66eb3@73:75,UNKNOWN,SOLID,ae08f7778b162cf6feef0301bce718d96153069bba0097e5c4e94b4d23303297
SV5_HUB_0949d931bfb252f66eb3,294,301,SOLID,73,75,SV5_HUB_0949d931bfb252f66eb3@73:75,UNKNOWN,SOLID,ae08f7778b162cf6feef0301bce718d96153069bba0097e5c4e94b4d23303297
SV5_HUB_0949d931bfb252f66eb3,295,301,SOLID,73,75,SV5_HUB_0949d931bfb252f66eb3@73:75,UNKNOWN,SOLID,ae08f7778b162cf6feef0301bce718d96153069bba0097e5c4e94b4d23303297
SV5_HUB_0949d931bfb252f66eb3,272,302,SOLID,68,75,SV5_HUB_0949d931bfb252f66eb3@68:75,UNKNOWN,SOLID,ae08f7778b162cf6feef0301bce718d96153069bba0097e5c4e94b4d23303297
SV5_HUB_0949d931bfb252f66eb3,273,302,SOLID,68,75,SV5_HUB_0949d931bfb252f66eb3@68:75,UNKNOWN,SOLID,ae08f7778b162cf6feef0301bce718d96153069bba0097e5c4e94b4d23303297
SV5_HUB_0949d931bfb252f66eb3,274,302,SOLID,68,75,SV5_HUB_0949d931bfb252f66eb3@68:75,UNKNOWN,SOLID,ae08f7778b162cf6feef0301bce718d96153069bba0097e5c4e94b4d23303297
SV5_HUB_0949d931bfb252f66eb3,275,302,SOLID,68,75,SV5_HUB_0949d931bfb252f66eb3@68:75,UNKNOWN,SOLID,ae08f7778b162cf6feef0301bce718d96153069bba0097e5c4e94b4d23303297
SV5_HUB_0949d931bfb252f66eb3,276,302,SOLID,69,75,SV5_HUB_0949d931bfb252f66eb3@69:75,UNKNOWN,SOLID,ae08f7778b162cf6feef0301bce718d96153069bba0097e5c4e94b4d23303297
SV5_HUB_0949d931bfb252f66eb3,277,302,SOLID,69,75,SV5_HUB_0949d931bfb252f66eb3@69:75,UNKNOWN,SOLID,ae08f7778b162cf6feef0301bce718d96153069bba0097e5c4e94b4d23303297
SV5_HUB_0949d931bfb252f66eb3,278,302,SOLID,69,75,SV5_HUB_0949d931bfb252f66eb3@69:75,UNKNOWN,SOLID,ae08f7778b162cf6feef0301bce718d96153069bba0097e5c4e94b4d23303297
SV5_HUB_0949d931bfb252f66eb3,279,302,SOLID,69,75,SV5_HUB_0949d931bfb252f66eb3@69:75,UNKNOWN,SOLID,ae08f7778b162cf6feef0301bce718d96153069bba0097e5c4e94b4d23303297
SV5_HUB_0949d931bfb252f66eb3,280,302,SOLID,70,75,SV5_HUB_0949d931bfb252f66eb3@70:75,UNKNOWN,SOLID,ae08f7778b162cf6feef0301bce718d96153069bba0097e5c4e94b4d23303297
SV5_HUB_0949d931bfb252f66eb3,281,302,SOLID,70,75,SV5_HUB_0949d931bfb252f66eb3@70:75,UNKNOWN,SOLID,ae08f7778b162cf6feef0301bce718d96153069bba0097e5c4e94b4d23303297
SV5_HUB_0949d931bfb252f66eb3,282,302,SOLID,70,75,SV5_HUB_0949d931bfb252f66eb3@70:75,UNKNOWN,SOLID,ae08f7778b162cf6feef0301bce718d96153069bba0097e5c4e94b4d23303297
SV5_HUB_0949d931bfb252f66eb3,283,302,SOLID,70,75,SV5_HUB_0949d931bfb252f66eb3@70:75,UNKNOWN,SOLID,ae08f7778b162cf6feef0301bce718d96153069bba0097e5c4e94b4d23303297
SV5_HUB_0949d931bfb252f66eb3,284,302,SOLID,71,75,SV5_HUB_0949d931bfb252f66eb3@71:75,UNKNOWN,SOLID,ae08f7778b162cf6feef0301bce718d96153069bba0097e5c4e94b4d23303297
SV5_HUB_0949d931bfb252f66eb3,285,302,SOLID,71,75,SV5_HUB_0949d931bfb252f66eb3@71:75,UNKNOWN,SOLID,ae08f7778b162cf6feef0301bce718d96153069bba0097e5c4e94b4d23303297
SV5_HUB_0949d931bfb252f66eb3,286,302,SOLID,71,75,SV5_HUB_0949d931bfb252f66eb3@71:75,UNKNOWN,SOLID,ae08f7778b162cf6feef0301bce718d96153069bba0097e5c4e94b4d23303297
SV5_HUB_0949d931bfb252f66eb3,287,302,SOLID,71,75,SV5_HUB_0949d931bfb252f66eb3@71:75,UNKNOWN,SOLID,ae08f7778b162cf6feef0301bce718d96153069bba0097e5c4e94b4d23303297
SV5_HUB_0949d931bfb252f66eb3,288,302,SOLID,72,75,SV5_HUB_0949d931bfb252f66eb3@72:75,UNKNOWN,SOLID,ae08f7778b162cf6feef0301bce718d96153069bba0097e5c4e94b4d23303297
SV5_HUB_0949d931bfb252f66eb3,289,302,SOLID,72,75,SV5_HUB_0949d931bfb252f66eb3@72:75,UNKNOWN,SOLID,ae08f7778b162cf6feef0301bce718d96153069bba0097e5c4e94b4d23303297
SV5_HUB_0949d931bfb252f66eb3,290,302,SOLID,72,75,SV5_HUB_0949d931bfb252f66eb3@72:75,UNKNOWN,SOLID,ae08f7778b162cf6feef0301bce718d96153069bba0097e5c4e94b4d23303297
SV5_HUB_0949d931bfb252f66eb3,291,302,SOLID,72,75,SV5_HUB_0949d931bfb252f66eb3@72:75,UNKNOWN,SOLID,ae08f7778b162cf6feef0301bce718d96153069bba0097e5c4e94b4d23303297
SV5_HUB_0949d931bfb252f66eb3,292,302,SOLID,73,75,SV5_HUB_0949d931bfb252f66eb3@73:75,UNKNOWN,SOLID,ae08f7778b162cf6feef0301bce718d96153069bba0097e5c4e94b4d23303297
SV5_HUB_0949d931bfb252f66eb3,293,302,SOLID,73,75,SV5_HUB_0949d931bfb252f66eb3@73:75,UNKNOWN,SOLID,ae08f7778b162cf6feef0301bce718d96153069bba0097e5c4e94b4d23303297
SV5_HUB_0949d931bfb252f66eb3,294,302,SOLID,73,75,SV5_HUB_0949d931bfb252f66eb3@73:75,UNKNOWN,SOLID,ae08f7778b162cf6feef0301bce718d96153069bba0097e5c4e94b4d23303297
SV5_HUB_0949d931bfb252f66eb3,295,302,SOLID,73,75,SV5_HUB_0949d931bfb252f66eb3@73:75,UNKNOWN,SOLID,ae08f7778b162cf6feef0301bce718d96153069bba0097e5c4e94b4d23303297
SV5_HUB_0949d931bfb252f66eb3,272,303,SOLID,68,75,SV5_HUB_0949d931bfb252f66eb3@68:75,UNKNOWN,SOLID,ae08f7778b162cf6feef0301bce718d96153069bba0097e5c4e94b4d23303297
SV5_HUB_0949d931bfb252f66eb3,273,303,SOLID,68,75,SV5_HUB_0949d931bfb252f66eb3@68:75,UNKNOWN,SOLID,ae08f7778b162cf6feef0301bce718d96153069bba0097e5c4e94b4d23303297
SV5_HUB_0949d931bfb252f66eb3,274,303,SOLID,68,75,SV5_HUB_0949d931bfb252f66eb3@68:75,UNKNOWN,SOLID,ae08f7778b162cf6feef0301bce718d96153069bba0097e5c4e94b4d23303297
SV5_HUB_0949d931bfb252f66eb3,275,303,SOLID,68,75,SV5_HUB_0949d931bfb252f66eb3@68:75,UNKNOWN,SOLID,ae08f7778b162cf6feef0301bce718d96153069bba0097e5c4e94b4d23303297
SV5_HUB_0949d931bfb252f66eb3,276,303,SOLID,69,75,SV5_HUB_0949d931bfb252f66eb3@69:75,UNKNOWN,SOLID,ae08f7778b162cf6feef0301bce718d96153069bba0097e5c4e94b4d23303297
SV5_HUB_0949d931bfb252f66eb3,277,303,SOLID,69,75,SV5_HUB_0949d931bfb252f66eb3@69:75,UNKNOWN,SOLID,ae08f7778b162cf6feef0301bce718d96153069bba0097e5c4e94b4d23303297
SV5_HUB_0949d931bfb252f66eb3,278,303,SOLID,69,75,SV5_HUB_0949d931bfb252f66eb3@69:75,UNKNOWN,SOLID,ae08f7778b162cf6feef0301bce718d96153069bba0097e5c4e94b4d23303297
SV5_HUB_0949d931bfb252f66eb3,279,303,SOLID,69,75,SV5_HUB_0949d931bfb252f66eb3@69:75,UNKNOWN,SOLID,ae08f7778b162cf6feef0301bce718d96153069bba0097e5c4e94b4d23303297
SV5_HUB_0949d931bfb252f66eb3,280,303,SOLID,70,75,SV5_HUB_0949d931bfb252f66eb3@70:75,UNKNOWN,SOLID,ae08f7778b162cf6feef0301bce718d96153069bba0097e5c4e94b4d23303297
SV5_HUB_0949d931bfb252f66eb3,281,303,SOLID,70,75,SV5_HUB_0949d931bfb252f66eb3@70:75,UNKNOWN,SOLID,ae08f7778b162cf6feef0301bce718d96153069bba0097e5c4e94b4d23303297
SV5_HUB_0949d931bfb252f66eb3,282,303,SOLID,70,75,SV5_HUB_0949d931bfb252f66eb3@70:75,UNKNOWN,SOLID,ae08f7778b162cf6feef0301bce718d96153069bba0097e5c4e94b4d23303297
SV5_HUB_0949d931bfb252f66eb3,283,303,SOLID,70,75,SV5_HUB_0949d931bfb252f66eb3@70:75,UNKNOWN,SOLID,ae08f7778b162cf6feef0301bce718d96153069bba0097e5c4e94b4d23303297
SV5_HUB_0949d931bfb252f66eb3,284,303,SOLID,71,75,SV5_HUB_0949d931bfb252f66eb3@71:75,UNKNOWN,SOLID,ae08f7778b162cf6feef0301bce718d96153069bba0097e5c4e94b4d23303297
SV5_HUB_0949d931bfb252f66eb3,285,303,SOLID,71,75,SV5_HUB_0949d931bfb252f66eb3@71:75,UNKNOWN,SOLID,ae08f7778b162cf6feef0301bce718d96153069bba0097e5c4e94b4d23303297
SV5_HUB_0949d931bfb252f66eb3,286,303,SOLID,71,75,SV5_HUB_0949d931bfb252f66eb3@71:75,UNKNOWN,SOLID,ae08f7778b162cf6feef0301bce718d96153069bba0097e5c4e94b4d23303297
SV5_HUB_0949d931bfb252f66eb3,287,303,SOLID,71,75,SV5_HUB_0949d931bfb252f66eb3@71:75,UNKNOWN,SOLID,ae08f7778b162cf6feef0301bce718d96153069bba0097e5c4e94b4d23303297
SV5_HUB_0949d931bfb252f66eb3,288,303,SOLID,72,75,SV5_HUB_0949d931bfb252f66eb3@72:75,UNKNOWN,SOLID,ae08f7778b162cf6feef0301bce718d96153069bba0097e5c4e94b4d23303297
SV5_HUB_0949d931bfb252f66eb3,289,303,SOLID,72,75,SV5_HUB_0949d931bfb252f66eb3@72:75,UNKNOWN,SOLID,ae08f7778b162cf6feef0301bce718d96153069bba0097e5c4e94b4d23303297
SV5_HUB_0949d931bfb252f66eb3,290,303,SOLID,72,75,SV5_HUB_0949d931bfb252f66eb3@72:75,UNKNOWN,SOLID,ae08f7778b162cf6feef0301bce718d96153069bba0097e5c4e94b4d23303297
SV5_HUB_0949d931bfb252f66eb3,291,303,SOLID,72,75,SV5_HUB_0949d931bfb252f66eb3@72:75,UNKNOWN,SOLID,ae08f7778b162cf6feef0301bce718d96153069bba0097e5c4e94b4d23303297
SV5_HUB_0949d931bfb252f66eb3,292,303,SOLID,73,75,SV5_HUB_0949d931bfb252f66eb3@73:75,UNKNOWN,SOLID,ae08f7778b162cf6feef0301bce718d96153069bba0097e5c4e94b4d23303297
SV5_HUB_0949d931bfb252f66eb3,293,303,SOLID,73,75,SV5_HUB_0949d931bfb252f66eb3@73:75,UNKNOWN,SOLID,ae08f7778b162cf6feef0301bce718d96153069bba0097e5c4e94b4d23303297
SV5_HUB_0949d931bfb252f66eb3,294,303,SOLID,73,75,SV5_HUB_0949d931bfb252f66eb3@73:75,UNKNOWN,SOLID,ae08f7778b162cf6feef0301bce718d96153069bba0097e5c4e94b4d23303297
SV5_HUB_0949d931bfb252f66eb3,295,303,SOLID,73,75,SV5_HUB_0949d931bfb252f66eb3@73:75,UNKNOWN,SOLID,ae08f7778b162cf6feef0301bce718d96153069bba0097e5c4e94b4d23303297
