x,y,plan_digest
560,8,03502fb599d4b513036ade56d0eac06e8cbd5ade6a2adbf028d5e2e588a11bcd
579,8,03502fb599d4b513036ade56d0eac06e8cbd5ade6a2adbf028d5e2e588a11bcd
352,22,03502fb599d4b513036ade56d0eac06e8cbd5ade6a2adbf028d5e2e588a11bcd
363,22,03502fb599d4b513036ade56d0eac06e8cbd5ade6a2adbf028d5e2e588a11bcd
245,24,03502fb599d4b513036ade56d0eac06e8cbd5ade6a2adbf028d5e2e588a11bcd
246,24,03502fb599d4b513036ade56d0eac06e8cbd5ade6a2adbf028d5e2e588a11bcd
247,24,03502fb599d4b513036ade56d0eac06e8cbd5ade6a2adbf028d5e2e588a11bcd
248,24,03502fb599d4b513036ade56d0eac06e8cbd5ade6a2adbf028d5e2e588a11bcd
249,24,03502fb599d4b513036ade56d0eac06e8cbd5ade6a2adbf028d5e2e588a11bcd
250,24,03502fb599d4b513036ade56d0eac06e8cbd5ade6a2adbf028d5e2e588a11bcd
251,24,03502fb599d4b513036ade56d0eac06e8cbd5ade6a2adbf028d5e2e588a11bcd
252,24,03502fb599d4b513036ade56d0eac06e8cbd5ade6a2adbf028d5e2e588a11bcd
253,24,03502fb599d4b513036ade56d0eac06e8cbd5ade6a2adbf028d5e2e588a11bcd
254,24,03502fb599d4b513036ade56d0eac06e8cbd5ade6a2adbf028d5e2e588a11bcd
255,24,03502fb599d4b513036ade56d0eac06e8cbd5ade6a2adbf028d5e2e588a11bcd
256,24,03502fb599d4b513036ade56d0eac06e8cbd5ade6a2adbf028d5e2e588a11bcd
257,24,03502fb599d4b513036ade56d0eac06e8cbd5ade6a2adbf028d5e2e588a11bcd
258,24,03502fb599d4b513036ade56d0eac06e8cbd5ade6a2adbf028d5e2e588a11bcd
259,24,03502fb599d4b513036ade56d0eac06e8cbd5ade6a2adbf028d5e2e588a11bcd
260,24,03502fb599d4b513036ade56d0eac06e8cbd5ade6a2adbf028d5e2e588a11bcd
261,24,03502fb599d4b513036ade56d0eac06e8cbd5ade6a2adbf028d5e2e588a11bcd
262,24,03502fb599d4b513036ade56d0eac06e8cbd5ade6a2adbf028d5e2e588a11bcd
263,24,03502fb599d4b513036ade56d0eac06e8cbd5ade6a2adbf028d5e2e588a11bcd
264,24,03502fb599d4b513036ade56d0eac06e8cbd5ade6a2adbf028d5e2e588a11bcd
245,25,03502fb599d4b513036ade56d0eac06e8cbd5ade6a2adbf028d5e2e588a11bcd
246,25,03502fb599d4b513036ade56d0eac06e8cbd5ade6a2adbf028d5e2e588a11bcd
247,25,03502fb599d4b513036ade56d0eac06e8cbd5ade6a2adbf028d5e2e588a11bcd
248,25,03502fb599d4b513036ade56d0eac06e8cbd5ade6a2adbf028d5e2e588a11bcd
249,25,03502fb599d4b513036ade56d0eac06e8cbd5ade6a2adbf028d5e2e588a11bcd
250,25,03502fb599d4b513036ade56d0eac06e8cbd5ade6a2adbf028d5e2e588a11bcd
251,25,03502fb599d4b513036ade56d0eac06e8cbd5ade6a2adbf028d5e2e588a11bcd
252,25,03502fb599d4b513036ade56d0eac06e8cbd5ade6a2adbf028d5e2e588a11bcd
253,25,03502fb599d4b513036ade56d0eac06e8cbd5ade6a2adbf028d5e2e588a11bcd
254,25,03502fb599d4b513036ade56d0eac06e8cbd5ade6a2adbf028d5e2e588a11bcd
255,25,03502fb599d4b513036ade56d0eac06e8cbd5ade6a2adbf028d5e2e588a11bcd
256,25,03502fb599d4b513036ade56d0eac06e8cbd5ade6a2adbf028d5e2e588a11bcd
257,25,03502fb599d4b513036ade56d0eac06e8cbd5ade6a2adbf028d5e2e588a11bcd
258,25,03502fb599d4b513036ade56d0eac06e8cbd5ade6a2adbf028d5e2e588a11bcd
259,25,03502fb599d4b513036ade56d0eac06e8cbd5ade6a2adbf028d5e2e588a11bcd
260,25,03502fb599d4b513036ade56d0eac06e8cbd5ade6a2adbf028d5e2e588a11bcd
261,25,03502fb599d4b513036ade56d0eac06e8cbd5ade6a2adbf028d5e2e588a11bcd
262,25,03502fb599d4b513036ade56d0eac06e8cbd5ade6a2adbf028d5e2e588a11bcd
263,25,03502fb599d4b513036ade56d0eac06e8cbd5ade6a2adbf028d5e2e588a11bcd
264,25,03502fb599d4b513036ade56d0eac06e8cbd5ade6a2adbf028d5e2e588a11bcd
245,26,03502fb599d4b513036ade56d0eac06e8cbd5ade6a2adbf028d5e2e588a11bcd
246,26,03502fb599d4b513036ade56d0eac06e8cbd5ade6a2adbf028d5e2e588a11bcd
247,26,03502fb599d4b513036ade56d0eac06e8cbd5ade6a2adbf028d5e2e588a11bcd
248,26,03502fb599d4b513036ade56d0eac06e8cbd5ade6a2adbf028d5e2e588a11bcd
249,26,03502fb599d4b513036ade56d0eac06e8cbd5ade6a2adbf028d5e2e588a11bcd
250,26,03502fb599d4b513036ade56d0eac06e8cbd5ade6a2adbf028d5e2e588a11bcd
251,26,03502fb599d4b513036ade56d0eac06e8cbd5ade6a2adbf028d5e2e588a11bcd
252,26,03502fb599d4b513036ade56d0eac06e8cbd5ade6a2adbf028d5e2e588a11bcd
253,26,03502fb599d4b513036ade56d0eac06e8cbd5ade6a2adbf028d5e2e588a11bcd
254,26,03502fb599d4b513036ade56d0eac06e8cbd5ade6a2adbf028d5e2e588a11bcd
255,26,03502fb599d4b513036ade56d0eac06e8cbd5ade6a2adbf028d5e2e588a11bcd
256,26,03502fb599d4b513036ade56d0eac06e8cbd5ade6a2adbf028d5e2e588a11bcd
257,26,03502fb599d4b513036ade56d0eac06e8cbd5ade6a2adbf028d5e2e588a11bcd
258,26,03502fb599d4b513036ade56d0eac06e8cbd5ade6a2adbf028d5e2e588a11bcd
259,26,03502fb599d4b513036ade56d0eac06e8cbd5ade6a2adbf028d5e2e588a11bcd
260,26,03502fb599d4b513036ade56d0eac06e8cbd5ade6a2adbf028d5e2e588a11bcd
261,26,03502fb599d4b513036ade56d0eac06e8cbd5ade6a2adbf028d5e2e588a11bcd
262,26,03502fb599d4b513036ade56d0eac06e8cbd5ade6a2adbf028d5e2e588a11bcd
263,26,03502fb599d4b513036ade56d0eac06e8cbd5ade6a2adbf028d5e2e588a11bcd
264,26,03502fb599d4b513036ade56d0eac06e8cbd5ade6a2adbf028d5e2e588a11bcd
245,27,03502fb599d4b513036ade56d0eac06e8cbd5ade6a2adbf028d5e2e588a11bcd
246,27,03502fb599d4b513036ade56d0eac06e8cbd5ade6a2adbf028d5e2e588a11bcd
247,27,03502fb599d4b513036ade56d0eac06e8cbd5ade6a2adbf028d5e2e588a11bcd
248,27,03502fb599d4b513036ade56d0eac06e8cbd5ade6a2adbf028d5e2e588a11bcd
249,27,03502fb599d4b513036ade56d0eac06e8cbd5ade6a2adbf028d5e2e588a11bcd
250,27,03502fb599d4b513036ade56d0eac06e8cbd5ade6a2adbf028d5e2e588a11bcd
251,27,03502fb599d4b513036ade56d0eac06e8cbd5ade6a2adbf028d5e2e588a11bcd
252,27,03502fb599d4b513036ade56d0eac06e8cbd5ade6a2adbf028d5e2e588a11bcd
253,27,03502fb599d4b513036ade56d0eac06e8cbd5ade6a2adbf028d5e2e588a11bcd
254,27,03502fb599d4b513036ade56d0eac06e8cbd5ade6a2adbf028d5e2e588a11bcd
255,27,03502fb599d4b513036ade56d0eac06e8cbd5ade6a2adbf028d5e2e588a11bcd
256,27,03502fb599d4b513036ade56d0eac06e8cbd5ade6a2adbf028d5e2e588a11bcd
257,27,03502fb599d4b513036ade56d0eac06e8cbd5ade6a2adbf028d5e2e588a11bcd
258,27,03502fb599d4b513036ade56d0eac06e8cbd5ade6a2adbf028d5e2e588a11bcd
259,27,03502fb599d4b513036ade56d0eac06e8cbd5ade6a2adbf028d5e2e588a11bcd
260,27,03502fb599d4b513036ade56d0eac06e8cbd5ade6a2adbf028d5e2e588a11bcd
261,27,03502fb599d4b513036ade56d0eac06e8cbd5ade6a2adbf028d5e2e588a11bcd
262,27,03502fb599d4b513036ade56d0eac06e8cbd5ade6a2adbf028d5e2e588a11bcd
263,27,03502fb599d4b513036ade56d0eac06e8cbd5ade6a2adbf028d5e2e588a11bcd
264,27,03502fb599d4b513036ade56d0eac06e8cbd5ade6a2adbf028d5e2e588a11bcd
245,28,03502fb599d4b513036ade56d0eac06e8cbd5ade6a2adbf028d5e2e588a11bcd
246,28,03502fb599d4b513036ade56d0eac06e8cbd5ade6a2adbf028d5e2e588a11bcd
247,28,03502fb599d4b513036ade56d0eac06e8cbd5ade6a2adbf028d5e2e588a11bcd
248,28,03502fb599d4b513036ade56d0eac06e8cbd5ade6a2adbf028d5e2e588a11bcd
249,28,03502fb599d4b513036ade56d0eac06e8cbd5ade6a2adbf028d5e2e588a11bcd
250,28,03502fb599d4b513036ade56d0eac06e8cbd5ade6a2adbf028d5e2e588a11bcd
251,28,03502fb599d4b513036ade56d0eac06e8cbd5ade6a2adbf028d5e2e588a11bcd
252,28,03502fb599d4b513036ade56d0eac06e8cbd5ade6a2adbf028d5e2e588a11bcd
253,28,03502fb599d4b513036ade56d0eac06e8cbd5ade6a2adbf028d5e2e588a11bcd
254,28,03502fb599d4b513036ade56d0eac06e8cbd5ade6a2adbf028d5e2e588a11bcd
255,28,03502fb599d4b513036ade56d0eac06e8cbd5ade6a2adbf028d5e2e588a11bcd
256,28,03502fb599d4b513036ade56d0eac06e8cbd5ade6a2adbf028d5e2e588a11bcd
257,28,03502fb599d4b513036ade56d0eac06e8cbd5ade6a2adbf028d5e2e588a11bcd
258,28,03502fb599d4b513036ade56d0eac06e8cbd5ade6a2adbf028d5e2e588a11bcd
259,28,03502fb599d4b513036ade56d0eac06e8cbd5ade6a2adbf028d5e2e588a11bcd
260,28,03502fb599d4b513036ade56d0eac06e8cbd5ade6a2adbf028d5e2e588a11bcd
261,28,03502fb599d4b513036ade56d0eac06e8cbd5ade6a2adbf028d5e2e588a11bcd
262,28,03502fb599d4b513036ade56d0eac06e8cbd5ade6a2adbf028d5e2e588a11bcd
263,28,03502fb599d4b513036ade56d0eac06e8cbd5ade6a2adbf028d5e2e588a11bcd
264,28,03502fb599d4b513036ade56d0eac06e8cbd5ade6a2adbf028d5e2e588a11bcd
245,29,03502fb599d4b513036ade56d0eac06e8cbd5ade6a2adbf028d5e2e588a11bcd
246,29,03502fb599d4b513036ade56d0eac06e8cbd5ade6a2adbf028d5e2e588a11bcd
247,29,03502fb599d4b513036ade56d0eac06e8cbd5ade6a2adbf028d5e2e588a11bcd
248,29,03502fb599d4b513036ade56d0eac06e8cbd5ade6a2adbf028d5e2e588a11bcd
249,29,03502fb599d4b513036ade56d0eac06e8cbd5ade6a2adbf028d5e2e588a11bcd
250,29,03502fb599d4b513036ade56d0eac06e8cbd5ade6a2adbf028d5e2e588a11bcd
251,29,03502fb599d4b513036ade56d0eac06e8cbd5ade6a2adbf028d5e2e588a11bcd
252,29,03502fb599d4b513036ade56d0eac06e8cbd5ade6a2adbf028d5e2e588a11bcd
253,29,03502fb599d4b513036ade56d0eac06e8cbd5ade6a2adbf028d5e2e588a11bcd
254,29,03502fb599d4b513036ade56d0eac06e8cbd5ade6a2adbf028d5e2e588a11bcd
255,29,03502fb599d4b513036ade56d0eac06e8cbd5ade6a2adbf028d5e2e588a11bcd
256,29,03502fb599d4b513036ade56d0eac06e8cbd5ade6a2adbf028d5e2e588a11bcd
257,29,03502fb599d4b513036ade56d0eac06e8cbd5ade6a2adbf028d5e2e588a11bcd
258,29,03502fb599d4b513036ade56d0eac06e8cbd5ade6a2adbf028d5e2e588a11bcd
259,29,03502fb599d4b513036ade56d0eac06e8cbd5ade6a2adbf028d5e2e588a11bcd
260,29,03502fb599d4b513036ade56d0eac06e8cbd5ade6a2adbf028d5e2e588a11bcd
261,29,03502fb599d4b513036ade56d0eac06e8cbd5ade6a2adbf028d5e2e588a11bcd
262,29,03502fb599d4b513036ade56d0eac06e8cbd5ade6a2adbf028d5e2e588a11bcd
263,29,03502fb599d4b513036ade56d0eac06e8cbd5ade6a2adbf028d5e2e588a11bcd
264,29,03502fb599d4b513036ade56d0eac06e8cbd5ade6a2adbf028d5e2e588a11bcd
244,30,03502fb599d4b513036ade56d0eac06e8cbd5ade6a2adbf028d5e2e588a11bcd
245,30,03502fb599d4b513036ade56d0eac06e8cbd5ade6a2adbf028d5e2e588a11bcd
246,30,03502fb599d4b513036ade56d0eac06e8cbd5ade6a2adbf028d5e2e588a11bcd
247,30,03502fb599d4b513036ade56d0eac06e8cbd5ade6a2adbf028d5e2e588a11bcd
248,30,03502fb599d4b513036ade56d0eac06e8cbd5ade6a2adbf028d5e2e588a11bcd
249,30,03502fb599d4b513036ade56d0eac06e8cbd5ade6a2adbf028d5e2e588a11bcd
250,30,03502fb599d4b513036ade56d0eac06e8cbd5ade6a2adbf028d5e2e588a11bcd
251,30,03502fb599d4b513036ade56d0eac06e8cbd5ade6a2adbf028d5e2e588a11bcd
252,30,03502fb599d4b513036ade56d0eac06e8cbd5ade6a2adbf028d5e2e588a11bcd
253,30,03502fb599d4b513036ade56d0eac06e8cbd5ade6a2adbf028d5e2e588a11bcd
254,30,03502fb599d4b513036ade56d0eac06e8cbd5ade6a2adbf028d5e2e588a11bcd
255,30,03502fb599d4b513036ade56d0eac06e8cbd5ade6a2adbf028d5e2e588a11bcd
256,30,03502fb599d4b513036ade56d0eac06e8cbd5ade6a2adbf028d5e2e588a11bcd
257,30,03502fb599d4b513036ade56d0eac06e8cbd5ade6a2adbf028d5e2e588a11bcd
258,30,03502fb599d4b513036ade56d0eac06e8cbd5ade6a2adbf028d5e2e588a11bcd
259,30,03502fb599d4b513036ade56d0eac06e8cbd5ade6a2adbf028d5e2e588a11bcd
260,30,03502fb599d4b513036ade56d0eac06e8cbd5ade6a2adbf028d5e2e588a11bcd
261,30,03502fb599d4b513036ade56d0eac06e8cbd5ade6a2adbf028d5e2e588a11bcd
262,30,03502fb599d4b513036ade56d0eac06e8cbd5ade6a2adbf028d5e2e588a11bcd
263,30,03502fb599d4b513036ade56d0eac06e8cbd5ade6a2adbf028d5e2e588a11bcd
264,30,03502fb599d4b513036ade56d0eac06e8cbd5ade6a2adbf028d5e2e588a11bcd
265,30,03502fb599d4b513036ade56d0eac06e8cbd5ade6a2adbf028d5e2e588a11bcd
266,30,03502fb599d4b513036ade56d0eac06e8cbd5ade6a2adbf028d5e2e588a11bcd
267,30,03502fb599d4b513036ade56d0eac06e8cbd5ade6a2adbf028d5e2e588a11bcd
268,30,03502fb599d4b513036ade56d0eac06e8cbd5ade6a2adbf028d5e2e588a11bcd
269,30,03502fb599d4b513036ade56d0eac06e8cbd5ade6a2adbf028d5e2e588a11bcd
270,30,03502fb599d4b513036ade56d0eac06e8cbd5ade6a2adbf028d5e2e588a11bcd
271,30,03502fb599d4b513036ade56d0eac06e8cbd5ade6a2adbf028d5e2e588a11bcd
272,30,03502fb599d4b513036ade56d0eac06e8cbd5ade6a2adbf028d5e2e588a11bcd
273,30,03502fb599d4b513036ade56d0eac06e8cbd5ade6a2adbf028d5e2e588a11bcd
274,30,03502fb599d4b513036ade56d0eac06e8cbd5ade6a2adbf028d5e2e588a11bcd
275,30,03502fb599d4b513036ade56d0eac06e8cbd5ade6a2adbf028d5e2e588a11bcd
276,30,03502fb599d4b513036ade56d0eac06e8cbd5ade6a2adbf028d5e2e588a11bcd
277,30,03502fb599d4b513036ade56d0eac06e8cbd5ade6a2adbf028d5e2e588a11bcd
278,30,03502fb599d4b513036ade56d0eac06e8cbd5ade6a2adbf028d5e2e588a11bcd
279,30,03502fb599d4b513036ade56d0eac06e8cbd5ade6a2adbf028d5e2e588a11bcd
280,30,03502fb599d4b513036ade56d0eac06e8cbd5ade6a2adbf028d5e2e588a11bcd
281,30,03502fb599d4b513036ade56d0eac06e8cbd5ade6a2adbf028d5e2e588a11bcd
282,30,03502fb599d4b513036ade56d0eac06e8cbd5ade6a2adbf028d5e2e588a11bcd
283,30,03502fb599d4b513036ade56d0eac06e8cbd5ade6a2adbf028d5e2e588a11bcd
284,30,03502fb599d4b513036ade56d0eac06e8cbd5ade6a2adbf028d5e2e588a11bcd
285,30,03502fb599d4b513036ade56d0eac06e8cbd5ade6a2adbf028d5e2e588a11bcd
286,30,03502fb599d4b513036ade56d0eac06e8cbd5ade6a2adbf028d5e2e588a11bcd
287,30,03502fb599d4b513036ade56d0eac06e8cbd5ade6a2adbf028d5e2e588a11bcd
288,30,03502fb599d4b513036ade56d0eac06e8cbd5ade6a2adbf028d5e2e588a11bcd
289,30,03502fb599d4b513036ade56d0eac06e8cbd5ade6a2adbf028d5e2e588a11bcd
290,30,03502fb599d4b513036ade56d0eac06e8cbd5ade6a2adbf028d5e2e588a11bcd
291,30,03502fb599d4b513036ade56d0eac06e8cbd5ade6a2adbf028d5e2e588a11bcd
292,30,03502fb599d4b513036ade56d0eac06e8cbd5ade6a2adbf028d5e2e588a11bcd
293,30,03502fb599d4b513036ade56d0eac06e8cbd5ade6a2adbf028d5e2e588a11bcd
294,30,03502fb599d4b513036ade56d0eac06e8cbd5ade6a2adbf028d5e2e588a11bcd
295,30,03502fb599d4b513036ade56d0eac06e8cbd5ade6a2adbf028d5e2e588a11bcd
296,30,03502fb599d4b513036ade56d0eac06e8cbd5ade6a2adbf028d5e2e588a11bcd
297,30,03502fb599d4b513036ade56d0eac06e8cbd5ade6a2adbf028d5e2e588a11bcd
298,30,03502fb599d4b513036ade56d0eac06e8cbd5ade6a2adbf028d5e2e588a11bcd
299,30,03502fb599d4b513036ade56d0eac06e8cbd5ade6a2adbf028d5e2e588a11bcd
300,30,03502fb599d4b513036ade56d0eac06e8cbd5ade6a2adbf028d5e2e588a11bcd
301,30,03502fb599d4b513036ade56d0eac06e8cbd5ade6a2adbf028d5e2e588a11bcd
302,30,03502fb599d4b513036ade56d0eac06e8cbd5ade6a2adbf028d5e2e588a11bcd
303,30,03502fb599d4b513036ade56d0eac06e8cbd5ade6a2adbf028d5e2e588a11bcd
304,30,03502fb599d4b513036ade56d0eac06e8cbd5ade6a2adbf028d5e2e588a11bcd
305,30,03502fb599d4b513036ade56d0eac06e8cbd5ade6a2adbf028d5e2e588a11bcd
306,30,03502fb599d4b513036ade56d0eac06e8cbd5ade6a2adbf028d5e2e588a11bcd
307,30,03502fb599d4b513036ade56d0eac06e8cbd5ade6a2adbf028d5e2e588a11bcd
308,30,03502fb599d4b513036ade56d0eac06e8cbd5ade6a2adbf028d5e2e588a11bcd
309,30,03502fb599d4b513036ade56d0eac06e8cbd5ade6a2adbf028d5e2e588a11bcd
310,30,03502fb599d4b513036ade56d0eac06e8cbd5ade6a2adbf028d5e2e588a11bcd
311,30,03502fb599d4b513036ade56d0eac06e8cbd5ade6a2adbf028d5e2e588a11bcd
312,30,03502fb599d4b513036ade56d0eac06e8cbd5ade6a2adbf028d5e2e588a11bcd
313,30,03502fb599d4b513036ade56d0eac06e8cbd5ade6a2adbf028d5e2e588a11bcd
314,30,03502fb599d4b513036ade56d0eac06e8cbd5ade6a2adbf028d5e2e588a11bcd
315,30,03502fb599d4b513036ade56d0eac06e8cbd5ade6a2adbf028d5e2e588a11bcd
316,30,03502fb599d4b513036ade56d0eac06e8cbd5ade6a2adbf028d5e2e588a11bcd
317,30,03502fb599d4b513036ade56d0eac06e8cbd5ade6a2adbf028d5e2e588a11bcd
318,30,03502fb599d4b513036ade56d0eac06e8cbd5ade6a2adbf028d5e2e588a11bcd
319,30,03502fb599d4b513036ade56d0eac06e8cbd5ade6a2adbf028d5e2e588a11bcd
320,30,03502fb599d4b513036ade56d0eac06e8cbd5ade6a2adbf028d5e2e588a11bcd
321,30,03502fb599d4b513036ade56d0eac06e8cbd5ade6a2adbf028d5e2e588a11bcd
322,30,03502fb599d4b513036ade56d0eac06e8cbd5ade6a2adbf028d5e2e588a11bcd
323,30,03502fb599d4b513036ade56d0eac06e8cbd5ade6a2adbf028d5e2e588a11bcd
324,30,03502fb599d4b513036ade56d0eac06e8cbd5ade6a2adbf028d5e2e588a11bcd
325,30,03502fb599d4b513036ade56d0eac06e8cbd5ade6a2adbf028d5e2e588a11bcd
326,30,03502fb599d4b513036ade56d0eac06e8cbd5ade6a2adbf028d5e2e588a11bcd
327,30,03502fb599d4b513036ade56d0eac06e8cbd5ade6a2adbf028d5e2e588a11bcd
328,30,03502fb599d4b513036ade56d0eac06e8cbd5ade6a2adbf028d5e2e588a11bcd
329,30,03502fb599d4b513036ade56d0eac06e8cbd5ade6a2adbf028d5e2e588a11bcd
330,30,03502fb599d4b513036ade56d0eac06e8cbd5ade6a2adbf028d5e2e588a11bcd
331,30,03502fb599d4b513036ade56d0eac06e8cbd5ade6a2adbf028d5e2e588a11bcd
332,30,03502fb599d4b513036ade56d0eac06e8cbd5ade6a2adbf028d5e2e588a11bcd
333,30,03502fb599d4b513036ade56d0eac06e8cbd5ade6a2adbf028d5e2e588a11bcd
334,30,03502fb599d4b513036ade56d0eac06e8cbd5ade6a2adbf028d5e2e588a11bcd
335,30,03502fb599d4b513036ade56d0eac06e8cbd5ade6a2adbf028d5e2e588a11bcd
336,30,03502fb599d4b513036ade56d0eac06e8cbd5ade6a2adbf028d5e2e588a11bcd
337,30,03502fb599d4b513036ade56d0eac06e8cbd5ade6a2adbf028d5e2e588a11bcd
338,30,03502fb599d4b513036ade56d0eac06e8cbd5ade6a2adbf028d5e2e588a11bcd
339,30,03502fb599d4b513036ade56d0eac06e8cbd5ade6a2adbf028d5e2e588a11bcd
340,30,03502fb599d4b513036ade56d0eac06e8cbd5ade6a2adbf028d5e2e588a11bcd
341,30,03502fb599d4b513036ade56d0eac06e8cbd5ade6a2adbf028d5e2e588a11bcd
342,30,03502fb599d4b513036ade56d0eac06e8cbd5ade6a2adbf028d5e2e588a11bcd
343,30,03502fb599d4b513036ade56d0eac06e8cbd5ade6a2adbf028d5e2e588a11bcd
344,30,03502fb599d4b513036ade56d0eac06e8cbd5ade6a2adbf028d5e2e588a11bcd
345,30,03502fb599d4b513036ade56d0eac06e8cbd5ade6a2adbf028d5e2e588a11bcd
346,30,03502fb599d4b513036ade56d0eac06e8cbd5ade6a2adbf028d5e2e588a11bcd
347,30,03502fb599d4b513036ade56d0eac06e8cbd5ade6a2adbf028d5e2e588a11bcd
348,30,03502fb599d4b513036ade56d0eac06e8cbd5ade6a2adbf028d5e2e588a11bcd
349,30,03502fb599d4b513036ade56d0eac06e8cbd5ade6a2adbf028d5e2e588a11bcd
350,30,03502fb599d4b513036ade56d0eac06e8cbd5ade6a2adbf028d5e2e588a11bcd
351,30,03502fb599d4b513036ade56d0eac06e8cbd5ade6a2adbf028d5e2e588a11bcd
352,30,03502fb599d4b513036ade56d0eac06e8cbd5ade6a2adbf028d5e2e588a11bcd
353,30,03502fb599d4b513036ade56d0eac06e8cbd5ade6a2adbf028d5e2e588a11bcd
354,30,03502fb599d4b513036ade56d0eac06e8cbd5ade6a2adbf028d5e2e588a11bcd
355,30,03502fb599d4b513036ade56d0eac06e8cbd5ade6a2adbf028d5e2e588a11bcd
356,30,03502fb599d4b513036ade56d0eac06e8cbd5ade6a2adbf028d5e2e588a11bcd
357,30,03502fb599d4b513036ade56d0eac06e8cbd5ade6a2adbf028d5e2e588a11bcd
358,30,03502fb599d4b513036ade56d0eac06e8cbd5ade6a2adbf028d5e2e588a11bcd
359,30,03502fb599d4b513036ade56d0eac06e8cbd5ade6a2adbf028d5e2e588a11bcd
360,30,03502fb599d4b513036ade56d0eac06e8cbd5ade6a2adbf028d5e2e588a11bcd
361,30,03502fb599d4b513036ade56d0eac06e8cbd5ade6a2adbf028d5e2e588a11bcd
362,30,03502fb599d4b513036ade56d0eac06e8cbd5ade6a2adbf028d5e2e588a11bcd
363,30,03502fb599d4b513036ade56d0eac06e8cbd5ade6a2adbf028d5e2e588a11bcd
364,30,03502fb599d4b513036ade56d0eac06e8cbd5ade6a2adbf028d5e2e588a11bcd
365,30,03502fb599d4b513036ade56d0eac06e8cbd5ade6a2adbf028d5e2e588a11bcd
366,30,03502fb599d4b513036ade56d0eac06e8cbd5ade6a2adbf028d5e2e588a11bcd
367,30,03502fb599d4b513036ade56d0eac06e8cbd5ade6a2adbf028d5e2e588a11bcd
368,30,03502fb599d4b513036ade56d0eac06e8cbd5ade6a2adbf028d5e2e588a11bcd
369,30,03502fb599d4b513036ade56d0eac06e8cbd5ade6a2adbf028d5e2e588a11bcd
370,30,03502fb599d4b513036ade56d0eac06e8cbd5ade6a2adbf028d5e2e588a11bcd
371,30,03502fb599d4b513036ade56d0eac06e8cbd5ade6a2adbf028d5e2e588a11bcd
372,30,03502fb599d4b513036ade56d0eac06e8cbd5ade6a2adbf028d5e2e588a11bcd
373,30,03502fb599d4b513036ade56d0eac06e8cbd5ade6a2adbf028d5e2e588a11bcd
374,30,03502fb599d4b513036ade56d0eac06e8cbd5ade6a2adbf028d5e2e588a11bcd
375,30,03502fb599d4b513036ade56d0eac06e8cbd5ade6a2adbf028d5e2e588a11bcd
376,30,03502fb599d4b513036ade56d0eac06e8cbd5ade6a2adbf028d5e2e588a11bcd
377,30,03502fb599d4b513036ade56d0eac06e8cbd5ade6a2adbf028d5e2e588a11bcd
378,30,03502fb599d4b513036ade56d0eac06e8cbd5ade6a2adbf028d5e2e588a11bcd
379,30,03502fb599d4b513036ade56d0eac06e8cbd5ade6a2adbf028d5e2e588a11bcd
380,30,03502fb599d4b513036ade56d0eac06e8cbd5ade6a2adbf028d5e2e588a11bcd
381,30,03502fb599d4b513036ade56d0eac06e8cbd5ade6a2adbf028d5e2e588a11bcd
382,30,03502fb599d4b513036ade56d0eac06e8cbd5ade6a2adbf028d5e2e588a11bcd
383,30,03502fb599d4b513036ade56d0eac06e8cbd5ade6a2adbf028d5e2e588a11bcd
384,30,03502fb599d4b513036ade56d0eac06e8cbd5ade6a2adbf028d5e2e588a11bcd
385,30,03502fb599d4b513036ade56d0eac06e8cbd5ade6a2adbf028d5e2e588a11bcd
386,30,03502fb599d4b513036ade56d0eac06e8cbd5ade6a2adbf028d5e2e588a11bcd
387,30,03502fb599d4b513036ade56d0eac06e8cbd5ade6a2adbf028d5e2e588a11bcd
388,30,03502fb599d4b513036ade56d0eac06e8cbd5ade6a2adbf028d5e2e588a11bcd
389,30,03502fb599d4b513036ade56d0eac06e8cbd5ade6a2adbf028d5e2e588a11bcd
390,30,03502fb599d4b513036ade56d0eac06e8cbd5ade6a2adbf028d5e2e588a11bcd
391,30,03502fb599d4b513036ade56d0eac06e8cbd5ade6a2adbf028d5e2e588a11bcd
392,30,03502fb599d4b513036ade56d0eac06e8cbd5ade6a2adbf028d5e2e588a11bcd
393,30,03502fb599d4b513036ade56d0eac06e8cbd5ade6a2adbf028d5e2e588a11bcd
394,30,03502fb599d4b513036ade56d0eac06e8cbd5ade6a2adbf028d5e2e588a11bcd
395,30,03502fb599d4b513036ade56d0eac06e8cbd5ade6a2adbf028d5e2e588a11bcd
396,30,03502fb599d4b513036ade56d0eac06e8cbd5ade6a2adbf028d5e2e588a11bcd
397,30,03502fb599d4b513036ade56d0eac06e8cbd5ade6a2adbf028d5e2e588a11bcd
398,30,03502fb599d4b513036ade56d0eac06e8cbd5ade6a2adbf028d5e2e588a11bcd
399,30,03502fb599d4b513036ade56d0eac06e8cbd5ade6a2adbf028d5e2e588a11bcd
400,30,03502fb599d4b513036ade56d0eac06e8cbd5ade6a2adbf028d5e2e588a11bcd
401,30,03502fb599d4b513036ade56d0eac06e8cbd5ade6a2adbf028d5e2e588a11bcd
402,30,03502fb599d4b513036ade56d0eac06e8cbd5ade6a2adbf028d5e2e588a11bcd
403,30,03502fb599d4b513036ade56d0eac06e8cbd5ade6a2adbf028d5e2e588a11bcd
404,30,03502fb599d4b513036ade56d0eac06e8cbd5ade6a2adbf028d5e2e588a11bcd
405,30,03502fb599d4b513036ade56d0eac06e8cbd5ade6a2adbf028d5e2e588a11bcd
406,30,03502fb599d4b513036ade56d0eac06e8cbd5ade6a2adbf028d5e2e588a11bcd
407,30,03502fb599d4b513036ade56d0eac06e8cbd5ade6a2adbf028d5e2e588a11bcd
408,30,03502fb599d4b513036ade56d0eac06e8cbd5ade6a2adbf028d5e2e588a11bcd
409,30,03502fb599d4b513036ade56d0eac06e8cbd5ade6a2adbf028d5e2e588a11bcd
410,30,03502fb599d4b513036ade56d0eac06e8cbd5ade6a2adbf028d5e2e588a11bcd
411,30,03502fb599d4b513036ade56d0eac06e8cbd5ade6a2adbf028d5e2e588a11bcd
412,30,03502fb599d4b513036ade56d0eac06e8cbd5ade6a2adbf028d5e2e588a11bcd
413,30,03502fb599d4b513036ade56d0eac06e8cbd5ade6a2adbf028d5e2e588a11bcd
414,30,03502fb599d4b513036ade56d0eac06e8cbd5ade6a2adbf028d5e2e588a11bcd
415,30,03502fb599d4b513036ade56d0eac06e8cbd5ade6a2adbf028d5e2e588a11bcd
244,31,03502fb599d4b513036ade56d0eac06e8cbd5ade6a2adbf028d5e2e588a11bcd
245,31,03502fb599d4b513036ade56d0eac06e8cbd5ade6a2adbf028d5e2e588a11bcd
246,31,03502fb599d4b513036ade56d0eac06e8cbd5ade6a2adbf028d5e2e588a11bcd
247,31,03502fb599d4b513036ade56d0eac06e8cbd5ade6a2adbf028d5e2e588a11bcd
248,31,03502fb599d4b513036ade56d0eac06e8cbd5ade6a2adbf028d5e2e588a11bcd
249,31,03502fb599d4b513036ade56d0eac06e8cbd5ade6a2adbf028d5e2e588a11bcd
250,31,03502fb599d4b513036ade56d0eac06e8cbd5ade6a2adbf028d5e2e588a11bcd
251,31,03502fb599d4b513036ade56d0eac06e8cbd5ade6a2adbf028d5e2e588a11bcd
252,31,03502fb599d4b513036ade56d0eac06e8cbd5ade6a2adbf028d5e2e588a11bcd
253,31,03502fb599d4b513036ade56d0eac06e8cbd5ade6a2adbf028d5e2e588a11bcd
254,31,03502fb599d4b513036ade56d0eac06e8cbd5ade6a2adbf028d5e2e588a11bcd
255,31,03502fb599d4b513036ade56d0eac06e8cbd5ade6a2adbf028d5e2e588a11bcd
256,31,03502fb599d4b513036ade56d0eac06e8cbd5ade6a2adbf028d5e2e588a11bcd
257,31,03502fb599d4b513036ade56d0eac06e8cbd5ade6a2adbf028d5e2e588a11bcd
258,31,03502fb599d4b513036ade56d0eac06e8cbd5ade6a2adbf028d5e2e588a11bcd
259,31,03502fb599d4b513036ade56d0eac06e8cbd5ade6a2adbf028d5e2e588a11bcd
260,31,03502fb599d4b513036ade56d0eac06e8cbd5ade6a2adbf028d5e2e588a11bcd
261,31,03502fb599d4b513036ade56d0eac06e8cbd5ade6a2adbf028d5e2e588a11bcd
262,31,03502fb599d4b513036ade56d0eac06e8cbd5ade6a2adbf028d5e2e588a11bcd
263,31,03502fb599d4b513036ade56d0eac06e8cbd5ade6a2adbf028d5e2e588a11bcd
264,31,03502fb599d4b513036ade56d0eac06e8cbd5ade6a2adbf028d5e2e588a11bcd
265,31,03502fb599d4b513036ade56d0eac06e8cbd5ade6a2adbf028d5e2e588a11bcd
266,31,03502fb599d4b513036ade56d0eac06e8cbd5ade6a2adbf028d5e2e588a11bcd
267,31,03502fb599d4b513036ade56d0eac06e8cbd5ade6a2adbf028d5e2e588a11bcd
268,31,03502fb599d4b513036ade56d0eac06e8cbd5ade6a2adbf028d5e2e588a11bcd
269,31,03502fb599d4b513036ade56d0eac06e8cbd5ade6a2adbf028d5e2e588a11bcd
270,31,03502fb599d4b513036ade56d0eac06e8cbd5ade6a2adbf028d5e2e588a11bcd
271,31,03502fb599d4b513036ade56d0eac06e8cbd5ade6a2adbf028d5e2e588a11bcd
272,31,03502fb599d4b513036ade56d0eac06e8cbd5ade6a2adbf028d5e2e588a11bcd
273,31,03502fb599d4b513036ade56d0eac06e8cbd5ade6a2adbf028d5e2e588a11bcd
274,31,03502fb599d4b513036ade56d0eac06e8cbd5ade6a2adbf028d5e2e588a11bcd
275,31,03502fb599d4b513036ade56d0eac06e8cbd5ade6a2adbf028d5e2e588a11bcd
276,31,03502fb599d4b513036ade56d0eac06e8cbd5ade6a2adbf028d5e2e588a11bcd
277,31,03502fb599d4b513036ade56d0eac06e8cbd5ade6a2adbf028d5e2e588a11bcd
278,31,03502fb599d4b513036ade56d0eac06e8cbd5ade6a2adbf028d5e2e588a11bcd
279,31,03502fb599d4b513036ade56d0eac06e8cbd5ade6a2adbf028d5e2e588a11bcd
280,31,03502fb599d4b513036ade56d0eac06e8cbd5ade6a2adbf028d5e2e588a11bcd
281,31,03502fb599d4b513036ade56d0eac06e8cbd5ade6a2adbf028d5e2e588a11bcd
282,31,03502fb599d4b513036ade56d0eac06e8cbd5ade6a2adbf028d5e2e588a11bcd
283,31,03502fb599d4b513036ade56d0eac06e8cbd5ade6a2adbf028d5e2e588a11bcd
284,31,03502fb599d4b513036ade56d0eac06e8cbd5ade6a2adbf028d5e2e588a11bcd
285,31,03502fb599d4b513036ade56d0eac06e8cbd5ade6a2adbf028d5e2e588a11bcd
286,31,03502fb599d4b513036ade56d0eac06e8cbd5ade6a2adbf028d5e2e588a11bcd
287,31,03502fb599d4b513036ade56d0eac06e8cbd5ade6a2adbf028d5e2e588a11bcd
288,31,03502fb599d4b513036ade56d0eac06e8cbd5ade6a2adbf028d5e2e588a11bcd
289,31,03502fb599d4b513036ade56d0eac06e8cbd5ade6a2adbf028d5e2e588a11bcd
290,31,03502fb599d4b513036ade56d0eac06e8cbd5ade6a2adbf028d5e2e588a11bcd
291,31,03502fb599d4b513036ade56d0eac06e8cbd5ade6a2adbf028d5e2e588a11bcd
292,31,03502fb599d4b513036ade56d0eac06e8cbd5ade6a2adbf028d5e2e588a11bcd
293,31,03502fb599d4b513036ade56d0eac06e8cbd5ade6a2adbf028d5e2e588a11bcd
294,31,03502fb599d4b513036ade56d0eac06e8cbd5ade6a2adbf028d5e2e588a11bcd
295,31,03502fb599d4b513036ade56d0eac06e8cbd5ade6a2adbf028d5e2e588a11bcd
296,31,03502fb599d4b513036ade56d0eac06e8cbd5ade6a2adbf028d5e2e588a11bcd
297,31,03502fb599d4b513036ade56d0eac06e8cbd5ade6a2adbf028d5e2e588a11bcd
298,31,03502fb599d4b513036ade56d0eac06e8cbd5ade6a2adbf028d5e2e588a11bcd
299,31,03502fb599d4b513036ade56d0eac06e8cbd5ade6a2adbf028d5e2e588a11bcd
300,31,03502fb599d4b513036ade56d0eac06e8cbd5ade6a2adbf028d5e2e588a11bcd
301,31,03502fb599d4b513036ade56d0eac06e8cbd5ade6a2adbf028d5e2e588a11bcd
302,31,03502fb599d4b513036ade56d0eac06e8cbd5ade6a2adbf028d5e2e588a11bcd
303,31,03502fb599d4b513036ade56d0eac06e8cbd5ade6a2adbf028d5e2e588a11bcd
304,31,03502fb599d4b513036ade56d0eac06e8cbd5ade6a2adbf028d5e2e588a11bcd
305,31,03502fb599d4b513036ade56d0eac06e8cbd5ade6a2adbf028d5e2e588a11bcd
306,31,03502fb599d4b513036ade56d0eac06e8cbd5ade6a2adbf028d5e2e588a11bcd
307,31,03502fb599d4b513036ade56d0eac06e8cbd5ade6a2adbf028d5e2e588a11bcd
308,31,03502fb599d4b513036ade56d0eac06e8cbd5ade6a2adbf028d5e2e588a11bcd
309,31,03502fb599d4b513036ade56d0eac06e8cbd5ade6a2adbf028d5e2e588a11bcd
310,31,03502fb599d4b513036ade56d0eac06e8cbd5ade6a2adbf028d5e2e588a11bcd
311,31,03502fb599d4b513036ade56d0eac06e8cbd5ade6a2adbf028d5e2e588a11bcd
312,31,03502fb599d4b513036ade56d0eac06e8cbd5ade6a2adbf028d5e2e588a11bcd
313,31,03502fb599d4b513036ade56d0eac06e8cbd5ade6a2adbf028d5e2e588a11bcd
314,31,03502fb599d4b513036ade56d0eac06e8cbd5ade6a2adbf028d5e2e588a11bcd
315,31,03502fb599d4b513036ade56d0eac06e8cbd5ade6a2adbf028d5e2e588a11bcd
316,31,03502fb599d4b513036ade56d0eac06e8cbd5ade6a2adbf028d5e2e588a11bcd
317,31,03502fb599d4b513036ade56d0eac06e8cbd5ade6a2adbf028d5e2e588a11bcd
318,31,03502fb599d4b513036ade56d0eac06e8cbd5ade6a2adbf028d5e2e588a11bcd
319,31,03502fb599d4b513036ade56d0eac06e8cbd5ade6a2adbf028d5e2e588a11bcd
320,31,03502fb599d4b513036ade56d0eac06e8cbd5ade6a2adbf028d5e2e588a11bcd
321,31,03502fb599d4b513036ade56d0eac06e8cbd5ade6a2adbf028d5e2e588a11bcd
322,31,03502fb599d4b513036ade56d0eac06e8cbd5ade6a2adbf028d5e2e588a11bcd
323,31,03502fb599d4b513036ade56d0eac06e8cbd5ade6a2adbf028d5e2e588a11bcd
324,31,03502fb599d4b513036ade56d0eac06e8cbd5ade6a2adbf028d5e2e588a11bcd
325,31,03502fb599d4b513036ade56d0eac06e8cbd5ade6a2adbf028d5e2e588a11bcd
326,31,03502fb599d4b513036ade56d0eac06e8cbd5ade6a2adbf028d5e2e588a11bcd
327,31,03502fb599d4b513036ade56d0eac06e8cbd5ade6a2adbf028d5e2e588a11bcd
328,31,03502fb599d4b513036ade56d0eac06e8cbd5ade6a2adbf028d5e2e588a11bcd
329,31,03502fb599d4b513036ade56d0eac06e8cbd5ade6a2adbf028d5e2e588a11bcd
330,31,03502fb599d4b513036ade56d0eac06e8cbd5ade6a2adbf028d5e2e588a11bcd
331,31,03502fb599d4b513036ade56d0eac06e8cbd5ade6a2adbf028d5e2e588a11bcd
332,31,03502fb599d4b513036ade56d0eac06e8cbd5ade6a2adbf028d5e2e588a11bcd
333,31,03502fb599d4b513036ade56d0eac06e8cbd5ade6a2adbf028d5e2e588a11bcd
334,31,03502fb599d4b513036ade56d0eac06e8cbd5ade6a2adbf028d5e2e588a11bcd
335,31,03502fb599d4b513036ade56d0eac06e8cbd5ade6a2adbf028d5e2e588a11bcd
336,31,03502fb599d4b513036ade56d0eac06e8cbd5ade6a2adbf028d5e2e588a11bcd
337,31,03502fb599d4b513036ade56d0eac06e8cbd5ade6a2adbf028d5e2e588a11bcd
338,31,03502fb599d4b513036ade56d0eac06e8cbd5ade6a2adbf028d5e2e588a11bcd
339,31,03502fb599d4b513036ade56d0eac06e8cbd5ade6a2adbf028d5e2e588a11bcd
340,31,03502fb599d4b513036ade56d0eac06e8cbd5ade6a2adbf028d5e2e588a11bcd
341,31,03502fb599d4b513036ade56d0eac06e8cbd5ade6a2adbf028d5e2e588a11bcd
342,31,03502fb599d4b513036ade56d0eac06e8cbd5ade6a2adbf028d5e2e588a11bcd
343,31,03502fb599d4b513036ade56d0eac06e8cbd5ade6a2adbf028d5e2e588a11bcd
344,31,03502fb599d4b513036ade56d0eac06e8cbd5ade6a2adbf028d5e2e588a11bcd
345,31,03502fb599d4b513036ade56d0eac06e8cbd5ade6a2adbf028d5e2e588a11bcd
346,31,03502fb599d4b513036ade56d0eac06e8cbd5ade6a2adbf028d5e2e588a11bcd
347,31,03502fb599d4b513036ade56d0eac06e8cbd5ade6a2adbf028d5e2e588a11bcd
348,31,03502fb599d4b513036ade56d0eac06e8cbd5ade6a2adbf028d5e2e588a11bcd
349,31,03502fb599d4b513036ade56d0eac06e8cbd5ade6a2adbf028d5e2e588a11bcd
350,31,03502fb599d4b513036ade56d0eac06e8cbd5ade6a2adbf028d5e2e588a11bcd
351,31,03502fb599d4b513036ade56d0eac06e8cbd5ade6a2adbf028d5e2e588a11bcd
352,31,03502fb599d4b513036ade56d0eac06e8cbd5ade6a2adbf028d5e2e588a11bcd
353,31,03502fb599d4b513036ade56d0eac06e8cbd5ade6a2adbf028d5e2e588a11bcd
354,31,03502fb599d4b513036ade56d0eac06e8cbd5ade6a2adbf028d5e2e588a11bcd
355,31,03502fb599d4b513036ade56d0eac06e8cbd5ade6a2adbf028d5e2e588a11bcd
356,31,03502fb599d4b513036ade56d0eac06e8cbd5ade6a2adbf028d5e2e588a11bcd
357,31,03502fb599d4b513036ade56d0eac06e8cbd5ade6a2adbf028d5e2e588a11bcd
358,31,03502fb599d4b513036ade56d0eac06e8cbd5ade6a2adbf028d5e2e588a11bcd
359,31,03502fb599d4b513036ade56d0eac06e8cbd5ade6a2adbf028d5e2e588a11bcd
360,31,03502fb599d4b513036ade56d0eac06e8cbd5ade6a2adbf028d5e2e588a11bcd
361,31,03502fb599d4b513036ade56d0eac06e8cbd5ade6a2adbf028d5e2e588a11bcd
362,31,03502fb599d4b513036ade56d0eac06e8cbd5ade6a2adbf028d5e2e588a11bcd
363,31,03502fb599d4b513036ade56d0eac06e8cbd5ade6a2adbf028d5e2e588a11bcd
364,31,03502fb599d4b513036ade56d0eac06e8cbd5ade6a2adbf028d5e2e588a11bcd
365,31,03502fb599d4b513036ade56d0eac06e8cbd5ade6a2adbf028d5e2e588a11bcd
366,31,03502fb599d4b513036ade56d0eac06e8cbd5ade6a2adbf028d5e2e588a11bcd
367,31,03502fb599d4b513036ade56d0eac06e8cbd5ade6a2adbf028d5e2e588a11bcd
368,31,03502fb599d4b513036ade56d0eac06e8cbd5ade6a2adbf028d5e2e588a11bcd
369,31,03502fb599d4b513036ade56d0eac06e8cbd5ade6a2adbf028d5e2e588a11bcd
370,31,03502fb599d4b513036ade56d0eac06e8cbd5ade6a2adbf028d5e2e588a11bcd
371,31,03502fb599d4b513036ade56d0eac06e8cbd5ade6a2adbf028d5e2e588a11bcd
372,31,03502fb599d4b513036ade56d0eac06e8cbd5ade6a2adbf028d5e2e588a11bcd
373,31,03502fb599d4b513036ade56d0eac06e8cbd5ade6a2adbf028d5e2e588a11bcd
374,31,03502fb599d4b513036ade56d0eac06e8cbd5ade6a2adbf028d5e2e588a11bcd
375,31,03502fb599d4b513036ade56d0eac06e8cbd5ade6a2adbf028d5e2e588a11bcd
376,31,03502fb599d4b513036ade56d0eac06e8cbd5ade6a2adbf028d5e2e588a11bcd
377,31,03502fb599d4b513036ade56d0eac06e8cbd5ade6a2adbf028d5e2e588a11bcd
378,31,03502fb599d4b513036ade56d0eac06e8cbd5ade6a2adbf028d5e2e588a11bcd
379,31,03502fb599d4b513036ade56d0eac06e8cbd5ade6a2adbf028d5e2e588a11bcd
380,31,03502fb599d4b513036ade56d0eac06e8cbd5ade6a2adbf028d5e2e588a11bcd
381,31,03502fb599d4b513036ade56d0eac06e8cbd5ade6a2adbf028d5e2e588a11bcd
382,31,03502fb599d4b513036ade56d0eac06e8cbd5ade6a2adbf028d5e2e588a11bcd
383,31,03502fb599d4b513036ade56d0eac06e8cbd5ade6a2adbf028d5e2e588a11bcd
384,31,03502fb599d4b513036ade56d0eac06e8cbd5ade6a2adbf028d5e2e588a11bcd
385,31,03502fb599d4b513036ade56d0eac06e8cbd5ade6a2adbf028d5e2e588a11bcd
386,31,03502fb599d4b513036ade56d0eac06e8cbd5ade6a2adbf028d5e2e588a11bcd
387,31,03502fb599d4b513036ade56d0eac06e8cbd5ade6a2adbf028d5e2e588a11bcd
388,31,03502fb599d4b513036ade56d0eac06e8cbd5ade6a2adbf028d5e2e588a11bcd
389,31,03502fb599d4b513036ade56d0eac06e8cbd5ade6a2adbf028d5e2e588a11bcd
390,31,03502fb599d4b513036ade56d0eac06e8cbd5ade6a2adbf028d5e2e588a11bcd
391,31,03502fb599d4b513036ade56d0eac06e8cbd5ade6a2adbf028d5e2e588a11bcd
392,31,03502fb599d4b513036ade56d0eac06e8cbd5ade6a2adbf028d5e2e588a11bcd
393,31,03502fb599d4b513036ade56d0eac06e8cbd5ade6a2adbf028d5e2e588a11bcd
394,31,03502fb599d4b513036ade56d0eac06e8cbd5ade6a2adbf028d5e2e588a11bcd
395,31,03502fb599d4b513036ade56d0eac06e8cbd5ade6a2adbf028d5e2e588a11bcd
396,31,03502fb599d4b513036ade56d0eac06e8cbd5ade6a2adbf028d5e2e588a11bcd
397,31,03502fb599d4b513036ade56d0eac06e8cbd5ade6a2adbf028d5e2e588a11bcd
398,31,03502fb599d4b513036ade56d0eac06e8cbd5ade6a2adbf028d5e2e588a11bcd
399,31,03502fb599d4b513036ade56d0eac06e8cbd5ade6a2adbf028d5e2e588a11bcd
400,31,03502fb599d4b513036ade56d0eac06e8cbd5ade6a2adbf028d5e2e588a11bcd
401,31,03502fb599d4b513036ade56d0eac06e8cbd5ade6a2adbf028d5e2e588a11bcd
402,31,03502fb599d4b513036ade56d0eac06e8cbd5ade6a2adbf028d5e2e588a11bcd
403,31,03502fb599d4b513036ade56d0eac06e8cbd5ade6a2adbf028d5e2e588a11bcd
404,31,03502fb599d4b513036ade56d0eac06e8cbd5ade6a2adbf028d5e2e588a11bcd
405,31,03502fb599d4b513036ade56d0eac06e8cbd5ade6a2adbf028d5e2e588a11bcd
406,31,03502fb599d4b513036ade56d0eac06e8cbd5ade6a2adbf028d5e2e588a11bcd
407,31,03502fb599d4b513036ade56d0eac06e8cbd5ade6a2adbf028d5e2e588a11bcd
408,31,03502fb599d4b513036ade56d0eac06e8cbd5ade6a2adbf028d5e2e588a11bcd
409,31,03502fb599d4b513036ade56d0eac06e8cbd5ade6a2adbf028d5e2e588a11bcd
410,31,03502fb599d4b513036ade56d0eac06e8cbd5ade6a2adbf028d5e2e588a11bcd
411,31,03502fb599d4b513036ade56d0eac06e8cbd5ade6a2adbf028d5e2e588a11bcd
412,31,03502fb599d4b513036ade56d0eac06e8cbd5ade6a2adbf028d5e2e588a11bcd
413,31,03502fb599d4b513036ade56d0eac06e8cbd5ade6a2adbf028d5e2e588a11bcd
414,31,03502fb599d4b513036ade56d0eac06e8cbd5ade6a2adbf028d5e2e588a11bcd
415,31,03502fb599d4b513036ade56d0eac06e8cbd5ade6a2adbf028d5e2e588a11bcd
244,32,03502fb599d4b513036ade56d0eac06e8cbd5ade6a2adbf028d5e2e588a11bcd
245,32,03502fb599d4b513036ade56d0eac06e8cbd5ade6a2adbf028d5e2e588a11bcd
246,32,03502fb599d4b513036ade56d0eac06e8cbd5ade6a2adbf028d5e2e588a11bcd
247,32,03502fb599d4b513036ade56d0eac06e8cbd5ade6a2adbf028d5e2e588a11bcd
248,32,03502fb599d4b513036ade56d0eac06e8cbd5ade6a2adbf028d5e2e588a11bcd
249,32,03502fb599d4b513036ade56d0eac06e8cbd5ade6a2adbf028d5e2e588a11bcd
250,32,03502fb599d4b513036ade56d0eac06e8cbd5ade6a2adbf028d5e2e588a11bcd
251,32,03502fb599d4b513036ade56d0eac06e8cbd5ade6a2adbf028d5e2e588a11bcd
252,32,03502fb599d4b513036ade56d0eac06e8cbd5ade6a2adbf028d5e2e588a11bcd
253,32,03502fb599d4b513036ade56d0eac06e8cbd5ade6a2adbf028d5e2e588a11bcd
254,32,03502fb599d4b513036ade56d0eac06e8cbd5ade6a2adbf028d5e2e588a11bcd
255,32,03502fb599d4b513036ade56d0eac06e8cbd5ade6a2adbf028d5e2e588a11bcd
256,32,03502fb599d4b513036ade56d0eac06e8cbd5ade6a2adbf028d5e2e588a11bcd
257,32,03502fb599d4b513036ade56d0eac06e8cbd5ade6a2adbf028d5e2e588a11bcd
258,32,03502fb599d4b513036ade56d0eac06e8cbd5ade6a2adbf028d5e2e588a11bcd
259,32,03502fb599d4b513036ade56d0eac06e8cbd5ade6a2adbf028d5e2e588a11bcd
260,32,03502fb599d4b513036ade56d0eac06e8cbd5ade6a2adbf028d5e2e588a11bcd
261,32,03502fb599d4b513036ade56d0eac06e8cbd5ade6a2adbf028d5e2e588a11bcd
262,32,03502fb599d4b513036ade56d0eac06e8cbd5ade6a2adbf028d5e2e588a11bcd
263,32,03502fb599d4b513036ade56d0eac06e8cbd5ade6a2adbf028d5e2e588a11bcd
264,32,03502fb599d4b513036ade56d0eac06e8cbd5ade6a2adbf028d5e2e588a11bcd
265,32,03502fb599d4b513036ade56d0eac06e8cbd5ade6a2adbf028d5e2e588a11bcd
266,32,03502fb599d4b513036ade56d0eac06e8cbd5ade6a2adbf028d5e2e588a11bcd
267,32,03502fb599d4b513036ade56d0eac06e8cbd5ade6a2adbf028d5e2e588a11bcd
268,32,03502fb599d4b513036ade56d0eac06e8cbd5ade6a2adbf028d5e2e588a11bcd
269,32,03502fb599d4b513036ade56d0eac06e8cbd5ade6a2adbf028d5e2e588a11bcd
270,32,03502fb599d4b513036ade56d0eac06e8cbd5ade6a2adbf028d5e2e588a11bcd
271,32,03502fb599d4b513036ade56d0eac06e8cbd5ade6a2adbf028d5e2e588a11bcd
272,32,03502fb599d4b513036ade56d0eac06e8cbd5ade6a2adbf028d5e2e588a11bcd
273,32,03502fb599d4b513036ade56d0eac06e8cbd5ade6a2adbf028d5e2e588a11bcd
274,32,03502fb599d4b513036ade56d0eac06e8cbd5ade6a2adbf028d5e2e588a11bcd
275,32,03502fb599d4b513036ade56d0eac06e8cbd5ade6a2adbf028d5e2e588a11bcd
276,32,03502fb599d4b513036ade56d0eac06e8cbd5ade6a2adbf028d5e2e588a11bcd
277,32,03502fb599d4b513036ade56d0eac06e8cbd5ade6a2adbf028d5e2e588a11bcd
278,32,03502fb599d4b513036ade56d0eac06e8cbd5ade6a2adbf028d5e2e588a11bcd
279,32,03502fb599d4b513036ade56d0eac06e8cbd5ade6a2adbf028d5e2e588a11bcd
280,32,03502fb599d4b513036ade56d0eac06e8cbd5ade6a2adbf028d5e2e588a11bcd
281,32,03502fb599d4b513036ade56d0eac06e8cbd5ade6a2adbf028d5e2e588a11bcd
282,32,03502fb599d4b513036ade56d0eac06e8cbd5ade6a2adbf028d5e2e588a11bcd
283,32,03502fb599d4b513036ade56d0eac06e8cbd5ade6a2adbf028d5e2e588a11bcd
284,32,03502fb599d4b513036ade56d0eac06e8cbd5ade6a2adbf028d5e2e588a11bcd
285,32,03502fb599d4b513036ade56d0eac06e8cbd5ade6a2adbf028d5e2e588a11bcd
286,32,03502fb599d4b513036ade56d0eac06e8cbd5ade6a2adbf028d5e2e588a11bcd
287,32,03502fb599d4b513036ade56d0eac06e8cbd5ade6a2adbf028d5e2e588a11bcd
288,32,03502fb599d4b513036ade56d0eac06e8cbd5ade6a2adbf028d5e2e588a11bcd
289,32,03502fb599d4b513036ade56d0eac06e8cbd5ade6a2adbf028d5e2e588a11bcd
290,32,03502fb599d4b513036ade56d0eac06e8cbd5ade6a2adbf028d5e2e588a11bcd
291,32,03502fb599d4b513036ade56d0eac06e8cbd5ade6a2adbf028d5e2e588a11bcd
292,32,03502fb599d4b513036ade56d0eac06e8cbd5ade6a2adbf028d5e2e588a11bcd
293,32,03502fb599d4b513036ade56d0eac06e8cbd5ade6a2adbf028d5e2e588a11bcd
294,32,03502fb599d4b513036ade56d0eac06e8cbd5ade6a2adbf028d5e2e588a11bcd
295,32,03502fb599d4b513036ade56d0eac06e8cbd5ade6a2adbf028d5e2e588a11bcd
296,32,03502fb599d4b513036ade56d0eac06e8cbd5ade6a2adbf028d5e2e588a11bcd
297,32,03502fb599d4b513036ade56d0eac06e8cbd5ade6a2adbf028d5e2e588a11bcd
298,32,03502fb599d4b513036ade56d0eac06e8cbd5ade6a2adbf028d5e2e588a11bcd
299,32,03502fb599d4b513036ade56d0eac06e8cbd5ade6a2adbf028d5e2e588a11bcd
300,32,03502fb599d4b513036ade56d0eac06e8cbd5ade6a2adbf028d5e2e588a11bcd
301,32,03502fb599d4b513036ade56d0eac06e8cbd5ade6a2adbf028d5e2e588a11bcd
302,32,03502fb599d4b513036ade56d0eac06e8cbd5ade6a2adbf028d5e2e588a11bcd
303,32,03502fb599d4b513036ade56d0eac06e8cbd5ade6a2adbf028d5e2e588a11bcd
304,32,03502fb599d4b513036ade56d0eac06e8cbd5ade6a2adbf028d5e2e588a11bcd
305,32,03502fb599d4b513036ade56d0eac06e8cbd5ade6a2adbf028d5e2e588a11bcd
306,32,03502fb599d4b513036ade56d0eac06e8cbd5ade6a2adbf028d5e2e588a11bcd
307,32,03502fb599d4b513036ade56d0eac06e8cbd5ade6a2adbf028d5e2e588a11bcd
308,32,03502fb599d4b513036ade56d0eac06e8cbd5ade6a2adbf028d5e2e588a11bcd
309,32,03502fb599d4b513036ade56d0eac06e8cbd5ade6a2adbf028d5e2e588a11bcd
310,32,03502fb599d4b513036ade56d0eac06e8cbd5ade6a2adbf028d5e2e588a11bcd
311,32,03502fb599d4b513036ade56d0eac06e8cbd5ade6a2adbf028d5e2e588a11bcd
312,32,03502fb599d4b513036ade56d0eac06e8cbd5ade6a2adbf028d5e2e588a11bcd
313,32,03502fb599d4b513036ade56d0eac06e8cbd5ade6a2adbf028d5e2e588a11bcd
314,32,03502fb599d4b513036ade56d0eac06e8cbd5ade6a2adbf028d5e2e588a11bcd
315,32,03502fb599d4b513036ade56d0eac06e8cbd5ade6a2adbf028d5e2e588a11bcd
316,32,03502fb599d4b513036ade56d0eac06e8cbd5ade6a2adbf028d5e2e588a11bcd
317,32,03502fb599d4b513036ade56d0eac06e8cbd5ade6a2adbf028d5e2e588a11bcd
318,32,03502fb599d4b513036ade56d0eac06e8cbd5ade6a2adbf028d5e2e588a11bcd
319,32,03502fb599d4b513036ade56d0eac06e8cbd5ade6a2adbf028d5e2e588a11bcd
320,32,03502fb599d4b513036ade56d0eac06e8cbd5ade6a2adbf028d5e2e588a11bcd
321,32,03502fb599d4b513036ade56d0eac06e8cbd5ade6a2adbf028d5e2e588a11bcd
322,32,03502fb599d4b513036ade56d0eac06e8cbd5ade6a2adbf028d5e2e588a11bcd
323,32,03502fb599d4b513036ade56d0eac06e8cbd5ade6a2adbf028d5e2e588a11bcd
324,32,03502fb599d4b513036ade56d0eac06e8cbd5ade6a2adbf028d5e2e588a11bcd
325,32,03502fb599d4b513036ade56d0eac06e8cbd5ade6a2adbf028d5e2e588a11bcd
326,32,03502fb599d4b513036ade56d0eac06e8cbd5ade6a2adbf028d5e2e588a11bcd
327,32,03502fb599d4b513036ade56d0eac06e8cbd5ade6a2adbf028d5e2e588a11bcd
328,32,03502fb599d4b513036ade56d0eac06e8cbd5ade6a2adbf028d5e2e588a11bcd
329,32,03502fb599d4b513036ade56d0eac06e8cbd5ade6a2adbf028d5e2e588a11bcd
330,32,03502fb599d4b513036ade56d0eac06e8cbd5ade6a2adbf028d5e2e588a11bcd
331,32,03502fb599d4b513036ade56d0eac06e8cbd5ade6a2adbf028d5e2e588a11bcd
332,32,03502fb599d4b513036ade56d0eac06e8cbd5ade6a2adbf028d5e2e588a11bcd
333,32,03502fb599d4b513036ade56d0eac06e8cbd5ade6a2adbf028d5e2e588a11bcd
334,32,03502fb599d4b513036ade56d0eac06e8cbd5ade6a2adbf028d5e2e588a11bcd
335,32,03502fb599d4b513036ade56d0eac06e8cbd5ade6a2adbf028d5e2e588a11bcd
336,32,03502fb599d4b513036ade56d0eac06e8cbd5ade6a2adbf028d5e2e588a11bcd
337,32,03502fb599d4b513036ade56d0eac06e8cbd5ade6a2adbf028d5e2e588a11bcd
338,32,03502fb599d4b513036ade56d0eac06e8cbd5ade6a2adbf028d5e2e588a11bcd
339,32,03502fb599d4b513036ade56d0eac06e8cbd5ade6a2adbf028d5e2e588a11bcd
340,32,03502fb599d4b513036ade56d0eac06e8cbd5ade6a2adbf028d5e2e588a11bcd
341,32,03502fb599d4b513036ade56d0eac06e8cbd5ade6a2adbf028d5e2e588a11bcd
342,32,03502fb599d4b513036ade56d0eac06e8cbd5ade6a2adbf028d5e2e588a11bcd
343,32,03502fb599d4b513036ade56d0eac06e8cbd5ade6a2adbf028d5e2e588a11bcd
344,32,03502fb599d4b513036ade56d0eac06e8cbd5ade6a2adbf028d5e2e588a11bcd
345,32,03502fb599d4b513036ade56d0eac06e8cbd5ade6a2adbf028d5e2e588a11bcd
346,32,03502fb599d4b513036ade56d0eac06e8cbd5ade6a2adbf028d5e2e588a11bcd
347,32,03502fb599d4b513036ade56d0eac06e8cbd5ade6a2adbf028d5e2e588a11bcd
348,32,03502fb599d4b513036ade56d0eac06e8cbd5ade6a2adbf028d5e2e588a11bcd
349,32,03502fb599d4b513036ade56d0eac06e8cbd5ade6a2adbf028d5e2e588a11bcd
350,32,03502fb599d4b513036ade56d0eac06e8cbd5ade6a2adbf028d5e2e588a11bcd
351,32,03502fb599d4b513036ade56d0eac06e8cbd5ade6a2adbf028d5e2e588a11bcd
352,32,03502fb599d4b513036ade56d0eac06e8cbd5ade6a2adbf028d5e2e588a11bcd
353,32,03502fb599d4b513036ade56d0eac06e8cbd5ade6a2adbf028d5e2e588a11bcd
354,32,03502fb599d4b513036ade56d0eac06e8cbd5ade6a2adbf028d5e2e588a11bcd
355,32,03502fb599d4b513036ade56d0eac06e8cbd5ade6a2adbf028d5e2e588a11bcd
356,32,03502fb599d4b513036ade56d0eac06e8cbd5ade6a2adbf028d5e2e588a11bcd
357,32,03502fb599d4b513036ade56d0eac06e8cbd5ade6a2adbf028d5e2e588a11bcd
358,32,03502fb599d4b513036ade56d0eac06e8cbd5ade6a2adbf028d5e2e588a11bcd
359,32,03502fb599d4b513036ade56d0eac06e8cbd5ade6a2adbf028d5e2e588a11bcd
360,32,03502fb599d4b513036ade56d0eac06e8cbd5ade6a2adbf028d5e2e588a11bcd
361,32,03502fb599d4b513036ade56d0eac06e8cbd5ade6a2adbf028d5e2e588a11bcd
362,32,03502fb599d4b513036ade56d0eac06e8cbd5ade6a2adbf028d5e2e588a11bcd
363,32,03502fb599d4b513036ade56d0eac06e8cbd5ade6a2adbf028d5e2e588a11bcd
364,32,03502fb599d4b513036ade56d0eac06e8cbd5ade6a2adbf028d5e2e588a11bcd
365,32,03502fb599d4b513036ade56d0eac06e8cbd5ade6a2adbf028d5e2e588a11bcd
366,32,03502fb599d4b513036ade56d0eac06e8cbd5ade6a2adbf028d5e2e588a11bcd
367,32,03502fb599d4b513036ade56d0eac06e8cbd5ade6a2adbf028d5e2e588a11bcd
368,32,03502fb599d4b513036ade56d0eac06e8cbd5ade6a2adbf028d5e2e588a11bcd
369,32,03502fb599d4b513036ade56d0eac06e8cbd5ade6a2adbf028d5e2e588a11bcd
370,32,03502fb599d4b513036ade56d0eac06e8cbd5ade6a2adbf028d5e2e588a11bcd
371,32,03502fb599d4b513036ade56d0eac06e8cbd5ade6a2adbf028d5e2e588a11bcd
372,32,03502fb599d4b513036ade56d0eac06e8cbd5ade6a2adbf028d5e2e588a11bcd
373,32,03502fb599d4b513036ade56d0eac06e8cbd5ade6a2adbf028d5e2e588a11bcd
374,32,03502fb599d4b513036ade56d0eac06e8cbd5ade6a2adbf028d5e2e588a11bcd
375,32,03502fb599d4b513036ade56d0eac06e8cbd5ade6a2adbf028d5e2e588a11bcd
376,32,03502fb599d4b513036ade56d0eac06e8cbd5ade6a2adbf028d5e2e588a11bcd
377,32,03502fb599d4b513036ade56d0eac06e8cbd5ade6a2adbf028d5e2e588a11bcd
378,32,03502fb599d4b513036ade56d0eac06e8cbd5ade6a2adbf028d5e2e588a11bcd
379,32,03502fb599d4b513036ade56d0eac06e8cbd5ade6a2adbf028d5e2e588a11bcd
380,32,03502fb599d4b513036ade56d0eac06e8cbd5ade6a2adbf028d5e2e588a11bcd
381,32,03502fb599d4b513036ade56d0eac06e8cbd5ade6a2adbf028d5e2e588a11bcd
382,32,03502fb599d4b513036ade56d0eac06e8cbd5ade6a2adbf028d5e2e588a11bcd
383,32,03502fb599d4b513036ade56d0eac06e8cbd5ade6a2adbf028d5e2e588a11bcd
384,32,03502fb599d4b513036ade56d0eac06e8cbd5ade6a2adbf028d5e2e588a11bcd
385,32,03502fb599d4b513036ade56d0eac06e8cbd5ade6a2adbf028d5e2e588a11bcd
386,32,03502fb599d4b513036ade56d0eac06e8cbd5ade6a2adbf028d5e2e588a11bcd
387,32,03502fb599d4b513036ade56d0eac06e8cbd5ade6a2adbf028d5e2e588a11bcd
388,32,03502fb599d4b513036ade56d0eac06e8cbd5ade6a2adbf028d5e2e588a11bcd
389,32,03502fb599d4b513036ade56d0eac06e8cbd5ade6a2adbf028d5e2e588a11bcd
390,32,03502fb599d4b513036ade56d0eac06e8cbd5ade6a2adbf028d5e2e588a11bcd
391,32,03502fb599d4b513036ade56d0eac06e8cbd5ade6a2adbf028d5e2e588a11bcd
392,32,03502fb599d4b513036ade56d0eac06e8cbd5ade6a2adbf028d5e2e588a11bcd
393,32,03502fb599d4b513036ade56d0eac06e8cbd5ade6a2adbf028d5e2e588a11bcd
394,32,03502fb599d4b513036ade56d0eac06e8cbd5ade6a2adbf028d5e2e588a11bcd
395,32,03502fb599d4b513036ade56d0eac06e8cbd5ade6a2adbf028d5e2e588a11bcd
396,32,03502fb599d4b513036ade56d0eac06e8cbd5ade6a2adbf028d5e2e588a11bcd
397,32,03502fb599d4b513036ade56d0eac06e8cbd5ade6a2adbf028d5e2e588a11bcd
398,32,03502fb599d4b513036ade56d0eac06e8cbd5ade6a2adbf028d5e2e588a11bcd
399,32,03502fb599d4b513036ade56d0eac06e8cbd5ade6a2adbf028d5e2e588a11bcd
400,32,03502fb599d4b513036ade56d0eac06e8cbd5ade6a2adbf028d5e2e588a11bcd
401,32,03502fb599d4b513036ade56d0eac06e8cbd5ade6a2adbf028d5e2e588a11bcd
402,32,03502fb599d4b513036ade56d0eac06e8cbd5ade6a2adbf028d5e2e588a11bcd
403,32,03502fb599d4b513036ade56d0eac06e8cbd5ade6a2adbf028d5e2e588a11bcd
404,32,03502fb599d4b513036ade56d0eac06e8cbd5ade6a2adbf028d5e2e588a11bcd
405,32,03502fb599d4b513036ade56d0eac06e8cbd5ade6a2adbf028d5e2e588a11bcd
406,32,03502fb599d4b513036ade56d0eac06e8cbd5ade6a2adbf028d5e2e588a11bcd
407,32,03502fb599d4b513036ade56d0eac06e8cbd5ade6a2adbf028d5e2e588a11bcd
408,32,03502fb599d4b513036ade56d0eac06e8cbd5ade6a2adbf028d5e2e588a11bcd
409,32,03502fb599d4b513036ade56d0eac06e8cbd5ade6a2adbf028d5e2e588a11bcd
410,32,03502fb599d4b513036ade56d0eac06e8cbd5ade6a2adbf028d5e2e588a11bcd
411,32,03502fb599d4b513036ade56d0eac06e8cbd5ade6a2adbf028d5e2e588a11bcd
412,32,03502fb599d4b513036ade56d0eac06e8cbd5ade6a2adbf028d5e2e588a11bcd
413,32,03502fb599d4b513036ade56d0eac06e8cbd5ade6a2adbf028d5e2e588a11bcd
414,32,03502fb599d4b513036ade56d0eac06e8cbd5ade6a2adbf028d5e2e588a11bcd
415,32,03502fb599d4b513036ade56d0eac06e8cbd5ade6a2adbf028d5e2e588a11bcd
244,33,03502fb599d4b513036ade56d0eac06e8cbd5ade6a2adbf028d5e2e588a11bcd
245,33,03502fb599d4b513036ade56d0eac06e8cbd5ade6a2adbf028d5e2e588a11bcd
246,33,03502fb599d4b513036ade56d0eac06e8cbd5ade6a2adbf028d5e2e588a11bcd
247,33,03502fb599d4b513036ade56d0eac06e8cbd5ade6a2adbf028d5e2e588a11bcd
248,33,03502fb599d4b513036ade56d0eac06e8cbd5ade6a2adbf028d5e2e588a11bcd
249,33,03502fb599d4b513036ade56d0eac06e8cbd5ade6a2adbf028d5e2e588a11bcd
250,33,03502fb599d4b513036ade56d0eac06e8cbd5ade6a2adbf028d5e2e588a11bcd
251,33,03502fb599d4b513036ade56d0eac06e8cbd5ade6a2adbf028d5e2e588a11bcd
252,33,03502fb599d4b513036ade56d0eac06e8cbd5ade6a2adbf028d5e2e588a11bcd
253,33,03502fb599d4b513036ade56d0eac06e8cbd5ade6a2adbf028d5e2e588a11bcd
254,33,03502fb599d4b513036ade56d0eac06e8cbd5ade6a2adbf028d5e2e588a11bcd
255,33,03502fb599d4b513036ade56d0eac06e8cbd5ade6a2adbf028d5e2e588a11bcd
256,33,03502fb599d4b513036ade56d0eac06e8cbd5ade6a2adbf028d5e2e588a11bcd
257,33,03502fb599d4b513036ade56d0eac06e8cbd5ade6a2adbf028d5e2e588a11bcd
258,33,03502fb599d4b513036ade56d0eac06e8cbd5ade6a2adbf028d5e2e588a11bcd
259,33,03502fb599d4b513036ade56d0eac06e8cbd5ade6a2adbf028d5e2e588a11bcd
260,33,03502fb599d4b513036ade56d0eac06e8cbd5ade6a2adbf028d5e2e588a11bcd
261,33,03502fb599d4b513036ade56d0eac06e8cbd5ade6a2adbf028d5e2e588a11bcd
262,33,03502fb599d4b513036ade56d0eac06e8cbd5ade6a2adbf028d5e2e588a11bcd
263,33,03502fb599d4b513036ade56d0eac06e8cbd5ade6a2adbf028d5e2e588a11bcd
264,33,03502fb599d4b513036ade56d0eac06e8cbd5ade6a2adbf028d5e2e588a11bcd
415,33,03502fb599d4b513036ade56d0eac06e8cbd5ade6a2adbf028d5e2e588a11bcd
244,34,03502fb599d4b513036ade56d0eac06e8cbd5ade6a2adbf028d5e2e588a11bcd
245,34,03502fb599d4b513036ade56d0eac06e8cbd5ade6a2adbf028d5e2e588a11bcd
246,34,03502fb599d4b513036ade56d0eac06e8cbd5ade6a2adbf028d5e2e588a11bcd
247,34,03502fb599d4b513036ade56d0eac06e8cbd5ade6a2adbf028d5e2e588a11bcd
248,34,03502fb599d4b513036ade56d0eac06e8cbd5ade6a2adbf028d5e2e588a11bcd
249,34,03502fb599d4b513036ade56d0eac06e8cbd5ade6a2adbf028d5e2e588a11bcd
250,34,03502fb599d4b513036ade56d0eac06e8cbd5ade6a2adbf028d5e2e588a11bcd
251,34,03502fb599d4b513036ade56d0eac06e8cbd5ade6a2adbf028d5e2e588a11bcd
252,34,03502fb599d4b513036ade56d0eac06e8cbd5ade6a2adbf028d5e2e588a11bcd
253,34,03502fb599d4b513036ade56d0eac06e8cbd5ade6a2adbf028d5e2e588a11bcd
254,34,03502fb599d4b513036ade56d0eac06e8cbd5ade6a2adbf028d5e2e588a11bcd
255,34,03502fb599d4b513036ade56d0eac06e8cbd5ade6a2adbf028d5e2e588a11bcd
256,34,03502fb599d4b513036ade56d0eac06e8cbd5ade6a2adbf028d5e2e588a11bcd
257,34,03502fb599d4b513036ade56d0eac06e8cbd5ade6a2adbf028d5e2e588a11bcd
258,34,03502fb599d4b513036ade56d0eac06e8cbd5ade6a2adbf028d5e2e588a11bcd
259,34,03502fb599d4b513036ade56d0eac06e8cbd5ade6a2adbf028d5e2e588a11bcd
260,34,03502fb599d4b513036ade56d0eac06e8cbd5ade6a2adbf028d5e2e588a11bcd
261,34,03502fb599d4b513036ade56d0eac06e8cbd5ade6a2adbf028d5e2e588a11bcd
262,34,03502fb599d4b513036ade56d0eac06e8cbd5ade6a2adbf028d5e2e588a11bcd
263,34,03502fb599d4b513036ade56d0eac06e8cbd5ade6a2adbf028d5e2e588a11bcd
264,34,03502fb599d4b513036ade56d0eac06e8cbd5ade6a2adbf028d5e2e588a11bcd
415,34,03502fb599d4b513036ade56d0eac06e8cbd5ade6a2adbf028d5e2e588a11bcd
244,35,03502fb599d4b513036ade56d0eac06e8cbd5ade6a2adbf028d5e2e588a11bcd
245,35,03502fb599d4b513036ade56d0eac06e8cbd5ade6a2adbf028d5e2e588a11bcd
246,35,03502fb599d4b513036ade56d0eac06e8cbd5ade6a2adbf028d5e2e588a11bcd
247,35,03502fb599d4b513036ade56d0eac06e8cbd5ade6a2adbf028d5e2e588a11bcd
248,35,03502fb599d4b513036ade56d0eac06e8cbd5ade6a2adbf028d5e2e588a11bcd
249,35,03502fb599d4b513036ade56d0eac06e8cbd5ade6a2adbf028d5e2e588a11bcd
250,35,03502fb599d4b513036ade56d0eac06e8cbd5ade6a2adbf028d5e2e588a11bcd
251,35,03502fb599d4b513036ade56d0eac06e8cbd5ade6a2adbf028d5e2e588a11bcd
252,35,03502fb599d4b513036ade56d0eac06e8cbd5ade6a2adbf028d5e2e588a11bcd
253,35,03502fb599d4b513036ade56d0eac06e8cbd5ade6a2adbf028d5e2e588a11bcd
254,35,03502fb599d4b513036ade56d0eac06e8cbd5ade6a2adbf028d5e2e588a11bcd
255,35,03502fb599d4b513036ade56d0eac06e8cbd5ade6a2adbf028d5e2e588a11bcd
256,35,03502fb599d4b513036ade56d0eac06e8cbd5ade6a2adbf028d5e2e588a11bcd
257,35,03502fb599d4b513036ade56d0eac06e8cbd5ade6a2adbf028d5e2e588a11bcd
258,35,03502fb599d4b513036ade56d0eac06e8cbd5ade6a2adbf028d5e2e588a11bcd
259,35,03502fb599d4b513036ade56d0eac06e8cbd5ade6a2adbf028d5e2e588a11bcd
260,35,03502fb599d4b513036ade56d0eac06e8cbd5ade6a2adbf028d5e2e588a11bcd
261,35,03502fb599d4b513036ade56d0eac06e8cbd5ade6a2adbf028d5e2e588a11bcd
262,35,03502fb599d4b513036ade56d0eac06e8cbd5ade6a2adbf028d5e2e588a11bcd
263,35,03502fb599d4b513036ade56d0eac06e8cbd5ade6a2adbf028d5e2e588a11bcd
264,35,03502fb599d4b513036ade56d0eac06e8cbd5ade6a2adbf028d5e2e588a11bcd
415,35,03502fb599d4b513036ade56d0eac06e8cbd5ade6a2adbf028d5e2e588a11bcd
244,36,03502fb599d4b513036ade56d0eac06e8cbd5ade6a2adbf028d5e2e588a11bcd
245,36,03502fb599d4b513036ade56d0eac06e8cbd5ade6a2adbf028d5e2e588a11bcd
246,36,03502fb599d4b513036ade56d0eac06e8cbd5ade6a2adbf028d5e2e588a11bcd
247,36,03502fb599d4b513036ade56d0eac06e8cbd5ade6a2adbf028d5e2e588a11bcd
248,36,03502fb599d4b513036ade56d0eac06e8cbd5ade6a2adbf028d5e2e588a11bcd
249,36,03502fb599d4b513036ade56d0eac06e8cbd5ade6a2adbf028d5e2e588a11bcd
250,36,03502fb599d4b513036ade56d0eac06e8cbd5ade6a2adbf028d5e2e588a11bcd
251,36,03502fb599d4b513036ade56d0eac06e8cbd5ade6a2adbf028d5e2e588a11bcd
252,36,03502fb599d4b513036ade56d0eac06e8cbd5ade6a2adbf028d5e2e588a11bcd
253,36,03502fb599d4b513036ade56d0eac06e8cbd5ade6a2adbf028d5e2e588a11bcd
254,36,03502fb599d4b513036ade56d0eac06e8cbd5ade6a2adbf028d5e2e588a11bcd
255,36,03502fb599d4b513036ade56d0eac06e8cbd5ade6a2adbf028d5e2e588a11bcd
256,36,03502fb599d4b513036ade56d0eac06e8cbd5ade6a2adbf028d5e2e588a11bcd
257,36,03502fb599d4b513036ade56d0eac06e8cbd5ade6a2adbf028d5e2e588a11bcd
258,36,03502fb599d4b513036ade56d0eac06e8cbd5ade6a2adbf028d5e2e588a11bcd
259,36,03502fb599d4b513036ade56d0eac06e8cbd5ade6a2adbf028d5e2e588a11bcd
260,36,03502fb599d4b513036ade56d0eac06e8cbd5ade6a2adbf028d5e2e588a11bcd
261,36,03502fb599d4b513036ade56d0eac06e8cbd5ade6a2adbf028d5e2e588a11bcd
262,36,03502fb599d4b513036ade56d0eac06e8cbd5ade6a2adbf028d5e2e588a11bcd
263,36,03502fb599d4b513036ade56d0eac06e8cbd5ade6a2adbf028d5e2e588a11bcd
264,36,03502fb599d4b513036ade56d0eac06e8cbd5ade6a2adbf028d5e2e588a11bcd
415,36,03502fb599d4b513036ade56d0eac06e8cbd5ade6a2adbf028d5e2e588a11bcd
244,37,03502fb599d4b513036ade56d0eac06e8cbd5ade6a2adbf028d5e2e588a11bcd
245,37,03502fb599d4b513036ade56d0eac06e8cbd5ade6a2adbf028d5e2e588a11bcd
246,37,03502fb599d4b513036ade56d0eac06e8cbd5ade6a2adbf028d5e2e588a11bcd
247,37,03502fb599d4b513036ade56d0eac06e8cbd5ade6a2adbf028d5e2e588a11bcd
248,37,03502fb599d4b513036ade56d0eac06e8cbd5ade6a2adbf028d5e2e588a11bcd
249,37,03502fb599d4b513036ade56d0eac06e8cbd5ade6a2adbf028d5e2e588a11bcd
250,37,03502fb599d4b513036ade56d0eac06e8cbd5ade6a2adbf028d5e2e588a11bcd
251,37,03502fb599d4b513036ade56d0eac06e8cbd5ade6a2adbf028d5e2e588a11bcd
252,37,03502fb599d4b513036ade56d0eac06e8cbd5ade6a2adbf028d5e2e588a11bcd
253,37,03502fb599d4b513036ade56d0eac06e8cbd5ade6a2adbf028d5e2e588a11bcd
254,37,03502fb599d4b513036ade56d0eac06e8cbd5ade6a2adbf028d5e2e588a11bcd
255,37,03502fb599d4b513036ade56d0eac06e8cbd5ade6a2adbf028d5e2e588a11bcd
256,37,03502fb599d4b513036ade56d0eac06e8cbd5ade6a2adbf028d5e2e588a11bcd
257,37,03502fb599d4b513036ade56d0eac06e8cbd5ade6a2adbf028d5e2e588a11bcd
258,37,03502fb599d4b513036ade56d0eac06e8cbd5ade6a2adbf028d5e2e588a11bcd
259,37,03502fb599d4b513036ade56d0eac06e8cbd5ade6a2adbf028d5e2e588a11bcd
260,37,03502fb599d4b513036ade56d0eac06e8cbd5ade6a2adbf028d5e2e588a11bcd
261,37,03502fb599d4b513036ade56d0eac06e8cbd5ade6a2adbf028d5e2e588a11bcd
262,37,03502fb599d4b513036ade56d0eac06e8cbd5ade6a2adbf028d5e2e588a11bcd
263,37,03502fb599d4b513036ade56d0eac06e8cbd5ade6a2adbf028d5e2e588a11bcd
264,37,03502fb599d4b513036ade56d0eac06e8cbd5ade6a2adbf028d5e2e588a11bcd
415,37,03502fb599d4b513036ade56d0eac06e8cbd5ade6a2adbf028d5e2e588a11bcd
244,38,03502fb599d4b513036ade56d0eac06e8cbd5ade6a2adbf028d5e2e588a11bcd
415,38,03502fb599d4b513036ade56d0eac06e8cbd5ade6a2adbf028d5e2e588a11bcd
244,39,03502fb599d4b513036ade56d0eac06e8cbd5ade6a2adbf028d5e2e588a11bcd
415,39,03502fb599d4b513036ade56d0eac06e8cbd5ade6a2adbf028d5e2e588a11bcd
244,40,03502fb599d4b513036ade56d0eac06e8cbd5ade6a2adbf028d5e2e588a11bcd
415,40,03502fb599d4b513036ade56d0eac06e8cbd5ade6a2adbf028d5e2e588a11bcd
244,41,03502fb599d4b513036ade56d0eac06e8cbd5ade6a2adbf028d5e2e588a11bcd
415,41,03502fb599d4b513036ade56d0eac06e8cbd5ade6a2adbf028d5e2e588a11bcd
244,42,03502fb599d4b513036ade56d0eac06e8cbd5ade6a2adbf028d5e2e588a11bcd
415,42,03502fb599d4b513036ade56d0eac06e8cbd5ade6a2adbf028d5e2e588a11bcd
244,43,03502fb599d4b513036ade56d0eac06e8cbd5ade6a2adbf028d5e2e588a11bcd
415,43,03502fb599d4b513036ade56d0eac06e8cbd5ade6a2adbf028d5e2e588a11bcd
244,44,03502fb599d4b513036ade56d0eac06e8cbd5ade6a2adbf028d5e2e588a11bcd
415,44,03502fb599d4b513036ade56d0eac06e8cbd5ade6a2adbf028d5e2e588a11bcd
244,45,03502fb599d4b513036ade56d0eac06e8cbd5ade6a2adbf028d5e2e588a11bcd
415,45,03502fb599d4b513036ade56d0eac06e8cbd5ade6a2adbf028d5e2e588a11bcd
244,46,03502fb599d4b513036ade56d0eac06e8cbd5ade6a2adbf028d5e2e588a11bcd
415,46,03502fb599d4b513036ade56d0eac06e8cbd5ade6a2adbf028d5e2e588a11bcd
244,47,03502fb599d4b513036ade56d0eac06e8cbd5ade6a2adbf028d5e2e588a11bcd
415,47,03502fb599d4b513036ade56d0eac06e8cbd5ade6a2adbf028d5e2e588a11bcd
244,48,03502fb599d4b513036ade56d0eac06e8cbd5ade6a2adbf028d5e2e588a11bcd
415,48,03502fb599d4b513036ade56d0eac06e8cbd5ade6a2adbf028d5e2e588a11bcd
244,49,03502fb599d4b513036ade56d0eac06e8cbd5ade6a2adbf028d5e2e588a11bcd
415,49,03502fb599d4b513036ade56d0eac06e8cbd5ade6a2adbf028d5e2e588a11bcd
244,50,03502fb599d4b513036ade56d0eac06e8cbd5ade6a2adbf028d5e2e588a11bcd
415,50,03502fb599d4b513036ade56d0eac06e8cbd5ade6a2adbf028d5e2e588a11bcd
244,51,03502fb599d4b513036ade56d0eac06e8cbd5ade6a2adbf028d5e2e588a11bcd
415,51,03502fb599d4b513036ade56d0eac06e8cbd5ade6a2adbf028d5e2e588a11bcd
244,52,03502fb599d4b513036ade56d0eac06e8cbd5ade6a2adbf028d5e2e588a11bcd
415,52,03502fb599d4b513036ade56d0eac06e8cbd5ade6a2adbf028d5e2e588a11bcd
244,53,03502fb599d4b513036ade56d0eac06e8cbd5ade6a2adbf028d5e2e588a11bcd
415,53,03502fb599d4b513036ade56d0eac06e8cbd5ade6a2adbf028d5e2e588a11bcd
244,54,03502fb599d4b513036ade56d0eac06e8cbd5ade6a2adbf028d5e2e588a11bcd
415,54,03502fb599d4b513036ade56d0eac06e8cbd5ade6a2adbf028d5e2e588a11bcd
244,55,03502fb599d4b513036ade56d0eac06e8cbd5ade6a2adbf028d5e2e588a11bcd
415,55,03502fb599d4b513036ade56d0eac06e8cbd5ade6a2adbf028d5e2e588a11bcd
244,56,03502fb599d4b513036ade56d0eac06e8cbd5ade6a2adbf028d5e2e588a11bcd
415,56,03502fb599d4b513036ade56d0eac06e8cbd5ade6a2adbf028d5e2e588a11bcd
244,57,03502fb599d4b513036ade56d0eac06e8cbd5ade6a2adbf028d5e2e588a11bcd
415,57,03502fb599d4b513036ade56d0eac06e8cbd5ade6a2adbf028d5e2e588a11bcd
244,58,03502fb599d4b513036ade56d0eac06e8cbd5ade6a2adbf028d5e2e588a11bcd
415,58,03502fb599d4b513036ade56d0eac06e8cbd5ade6a2adbf028d5e2e588a11bcd
244,59,03502fb599d4b513036ade56d0eac06e8cbd5ade6a2adbf028d5e2e588a11bcd
415,59,03502fb599d4b513036ade56d0eac06e8cbd5ade6a2adbf028d5e2e588a11bcd
244,60,03502fb599d4b513036ade56d0eac06e8cbd5ade6a2adbf028d5e2e588a11bcd
415,60,03502fb599d4b513036ade56d0eac06e8cbd5ade6a2adbf028d5e2e588a11bcd
244,61,03502fb599d4b513036ade56d0eac06e8cbd5ade6a2adbf028d5e2e588a11bcd
415,61,03502fb599d4b513036ade56d0eac06e8cbd5ade6a2adbf028d5e2e588a11bcd
244,62,03502fb599d4b513036ade56d0eac06e8cbd5ade6a2adbf028d5e2e588a11bcd
415,62,03502fb599d4b513036ade56d0eac06e8cbd5ade6a2adbf028d5e2e588a11bcd
244,63,03502fb599d4b513036ade56d0eac06e8cbd5ade6a2adbf028d5e2e588a11bcd
415,63,03502fb599d4b513036ade56d0eac06e8cbd5ade6a2adbf028d5e2e588a11bcd
244,64,03502fb599d4b513036ade56d0eac06e8cbd5ade6a2adbf028d5e2e588a11bcd
415,64,03502fb599d4b513036ade56d0eac06e8cbd5ade6a2adbf028d5e2e588a11bcd
244,65,03502fb599d4b513036ade56d0eac06e8cbd5ade6a2adbf028d5e2e588a11bcd
415,65,03502fb599d4b513036ade56d0eac06e8cbd5ade6a2adbf028d5e2e588a11bcd
244,66,03502fb599d4b513036ade56d0eac06e8cbd5ade6a2adbf028d5e2e588a11bcd
415,66,03502fb599d4b513036ade56d0eac06e8cbd5ade6a2adbf028d5e2e588a11bcd
244,67,03502fb599d4b513036ade56d0eac06e8cbd5ade6a2adbf028d5e2e588a11bcd
415,67,03502fb599d4b513036ade56d0eac06e8cbd5ade6a2adbf028d5e2e588a11bcd
244,68,03502fb599d4b513036ade56d0eac06e8cbd5ade6a2adbf028d5e2e588a11bcd
415,68,03502fb599d4b513036ade56d0eac06e8cbd5ade6a2adbf028d5e2e588a11bcd
244,69,03502fb599d4b513036ade56d0eac06e8cbd5ade6a2adbf028d5e2e588a11bcd
415,69,03502fb599d4b513036ade56d0eac06e8cbd5ade6a2adbf028d5e2e588a11bcd
244,70,03502fb599d4b513036ade56d0eac06e8cbd5ade6a2adbf028d5e2e588a11bcd
415,70,03502fb599d4b513036ade56d0eac06e8cbd5ade6a2adbf028d5e2e588a11bcd
244,71,03502fb599d4b513036ade56d0eac06e8cbd5ade6a2adbf028d5e2e588a11bcd
415,71,03502fb599d4b513036ade56d0eac06e8cbd5ade6a2adbf028d5e2e588a11bcd
180,72,03502fb599d4b513036ade56d0eac06e8cbd5ade6a2adbf028d5e2e588a11bcd
195,72,03502fb599d4b513036ade56d0eac06e8cbd5ade6a2adbf028d5e2e588a11bcd
244,72,03502fb599d4b513036ade56d0eac06e8cbd5ade6a2adbf028d5e2e588a11bcd
415,72,03502fb599d4b513036ade56d0eac06e8cbd5ade6a2adbf028d5e2e588a11bcd
244,73,03502fb599d4b513036ade56d0eac06e8cbd5ade6a2adbf028d5e2e588a11bcd
415,73,03502fb599d4b513036ade56d0eac06e8cbd5ade6a2adbf028d5e2e588a11bcd
244,74,03502fb599d4b513036ade56d0eac06e8cbd5ade6a2adbf028d5e2e588a11bcd
415,74,03502fb599d4b513036ade56d0eac06e8cbd5ade6a2adbf028d5e2e588a11bcd
244,75,03502fb599d4b513036ade56d0eac06e8cbd5ade6a2adbf028d5e2e588a11bcd
415,75,03502fb599d4b513036ade56d0eac06e8cbd5ade6a2adbf028d5e2e588a11bcd
244,76,03502fb599d4b513036ade56d0eac06e8cbd5ade6a2adbf028d5e2e588a11bcd
415,76,03502fb599d4b513036ade56d0eac06e8cbd5ade6a2adbf028d5e2e588a11bcd
244,77,03502fb599d4b513036ade56d0eac06e8cbd5ade6a2adbf028d5e2e588a11bcd
415,77,03502fb599d4b513036ade56d0eac06e8cbd5ade6a2adbf028d5e2e588a11bcd
244,78,03502fb599d4b513036ade56d0eac06e8cbd5ade6a2adbf028d5e2e588a11bcd
415,78,03502fb599d4b513036ade56d0eac06e8cbd5ade6a2adbf028d5e2e588a11bcd
244,79,03502fb599d4b513036ade56d0eac06e8cbd5ade6a2adbf028d5e2e588a11bcd
415,79,03502fb599d4b513036ade56d0eac06e8cbd5ade6a2adbf028d5e2e588a11bcd
244,80,03502fb599d4b513036ade56d0eac06e8cbd5ade6a2adbf028d5e2e588a11bcd
415,80,03502fb599d4b513036ade56d0eac06e8cbd5ade6a2adbf028d5e2e588a11bcd
244,81,03502fb599d4b513036ade56d0eac06e8cbd5ade6a2adbf028d5e2e588a11bcd
415,81,03502fb599d4b513036ade56d0eac06e8cbd5ade6a2adbf028d5e2e588a11bcd
244,82,03502fb599d4b513036ade56d0eac06e8cbd5ade6a2adbf028d5e2e588a11bcd
415,82,03502fb599d4b513036ade56d0eac06e8cbd5ade6a2adbf028d5e2e588a11bcd
244,83,03502fb599d4b513036ade56d0eac06e8cbd5ade6a2adbf028d5e2e588a11bcd
415,83,03502fb599d4b513036ade56d0eac06e8cbd5ade6a2adbf028d5e2e588a11bcd
136,84,03502fb599d4b513036ade56d0eac06e8cbd5ade6a2adbf028d5e2e588a11bcd
147,84,03502fb599d4b513036ade56d0eac06e8cbd5ade6a2adbf028d5e2e588a11bcd
244,84,03502fb599d4b513036ade56d0eac06e8cbd5ade6a2adbf028d5e2e588a11bcd
415,84,03502fb599d4b513036ade56d0eac06e8cbd5ade6a2adbf028d5e2e588a11bcd
244,85,03502fb599d4b513036ade56d0eac06e8cbd5ade6a2adbf028d5e2e588a11bcd
415,85,03502fb599d4b513036ade56d0eac06e8cbd5ade6a2adbf028d5e2e588a11bcd
244,86,03502fb599d4b513036ade56d0eac06e8cbd5ade6a2adbf028d5e2e588a11bcd
415,86,03502fb599d4b513036ade56d0eac06e8cbd5ade6a2adbf028d5e2e588a11bcd
244,87,03502fb599d4b513036ade56d0eac06e8cbd5ade6a2adbf028d5e2e588a11bcd
415,87,03502fb599d4b513036ade56d0eac06e8cbd5ade6a2adbf028d5e2e588a11bcd
244,88,03502fb599d4b513036ade56d0eac06e8cbd5ade6a2adbf028d5e2e588a11bcd
415,88,03502fb599d4b513036ade56d0eac06e8cbd5ade6a2adbf028d5e2e588a11bcd
244,89,03502fb599d4b513036ade56d0eac06e8cbd5ade6a2adbf028d5e2e588a11bcd
415,89,03502fb599d4b513036ade56d0eac06e8cbd5ade6a2adbf028d5e2e588a11bcd
244,90,03502fb599d4b513036ade56d0eac06e8cbd5ade6a2adbf028d5e2e588a11bcd
415,90,03502fb599d4b513036ade56d0eac06e8cbd5ade6a2adbf028d5e2e588a11bcd
244,91,03502fb599d4b513036ade56d0eac06e8cbd5ade6a2adbf028d5e2e588a11bcd
415,91,03502fb599d4b513036ade56d0eac06e8cbd5ade6a2adbf028d5e2e588a11bcd
244,92,03502fb599d4b513036ade56d0eac06e8cbd5ade6a2adbf028d5e2e588a11bcd
415,92,03502fb599d4b513036ade56d0eac06e8cbd5ade6a2adbf028d5e2e588a11bcd
244,93,03502fb599d4b513036ade56d0eac06e8cbd5ade6a2adbf028d5e2e588a11bcd
415,93,03502fb599d4b513036ade56d0eac06e8cbd5ade6a2adbf028d5e2e588a11bcd
244,94,03502fb599d4b513036ade56d0eac06e8cbd5ade6a2adbf028d5e2e588a11bcd
415,94,03502fb599d4b513036ade56d0eac06e8cbd5ade6a2adbf028d5e2e588a11bcd
244,95,03502fb599d4b513036ade56d0eac06e8cbd5ade6a2adbf028d5e2e588a11bcd
415,95,03502fb599d4b513036ade56d0eac06e8cbd5ade6a2adbf028d5e2e588a11bcd
244,96,03502fb599d4b513036ade56d0eac06e8cbd5ade6a2adbf028d5e2e588a11bcd
415,96,03502fb599d4b513036ade56d0eac06e8cbd5ade6a2adbf028d5e2e588a11bcd
244,97,03502fb599d4b513036ade56d0eac06e8cbd5ade6a2adbf028d5e2e588a11bcd
415,97,03502fb599d4b513036ade56d0eac06e8cbd5ade6a2adbf028d5e2e588a11bcd
244,98,03502fb599d4b513036ade56d0eac06e8cbd5ade6a2adbf028d5e2e588a11bcd
415,98,03502fb599d4b513036ade56d0eac06e8cbd5ade6a2adbf028d5e2e588a11bcd
244,99,03502fb599d4b513036ade56d0eac06e8cbd5ade6a2adbf028d5e2e588a11bcd
415,99,03502fb599d4b513036ade56d0eac06e8cbd5ade6a2adbf028d5e2e588a11bcd
244,100,03502fb599d4b513036ade56d0eac06e8cbd5ade6a2adbf028d5e2e588a11bcd
415,100,03502fb599d4b513036ade56d0eac06e8cbd5ade6a2adbf028d5e2e588a11bcd
244,101,03502fb599d4b513036ade56d0eac06e8cbd5ade6a2adbf028d5e2e588a11bcd
415,101,03502fb599d4b513036ade56d0eac06e8cbd5ade6a2adbf028d5e2e588a11bcd
244,102,03502fb599d4b513036ade56d0eac06e8cbd5ade6a2adbf028d5e2e588a11bcd
415,102,03502fb599d4b513036ade56d0eac06e8cbd5ade6a2adbf028d5e2e588a11bcd
244,103,03502fb599d4b513036ade56d0eac06e8cbd5ade6a2adbf028d5e2e588a11bcd
415,103,03502fb599d4b513036ade56d0eac06e8cbd5ade6a2adbf028d5e2e588a11bcd
244,104,03502fb599d4b513036ade56d0eac06e8cbd5ade6a2adbf028d5e2e588a11bcd
415,104,03502fb599d4b513036ade56d0eac06e8cbd5ade6a2adbf028d5e2e588a11bcd
244,105,03502fb599d4b513036ade56d0eac06e8cbd5ade6a2adbf028d5e2e588a11bcd
415,105,03502fb599d4b513036ade56d0eac06e8cbd5ade6a2adbf028d5e2e588a11bcd
244,106,03502fb599d4b513036ade56d0eac06e8cbd5ade6a2adbf028d5e2e588a11bcd
415,106,03502fb599d4b513036ade56d0eac06e8cbd5ade6a2adbf028d5e2e588a11bcd
244,107,03502fb599d4b513036ade56d0eac06e8cbd5ade6a2adbf028d5e2e588a11bcd
415,107,03502fb599d4b513036ade56d0eac06e8cbd5ade6a2adbf028d5e2e588a11bcd
244,108,03502fb599d4b513036ade56d0eac06e8cbd5ade6a2adbf028d5e2e588a11bcd
415,108,03502fb599d4b513036ade56d0eac06e8cbd5ade6a2adbf028d5e2e588a11bcd
244,109,03502fb599d4b513036ade56d0eac06e8cbd5ade6a2adbf028d5e2e588a11bcd
415,109,03502fb599d4b513036ade56d0eac06e8cbd5ade6a2adbf028d5e2e588a11bcd
244,110,03502fb599d4b513036ade56d0eac06e8cbd5ade6a2adbf028d5e2e588a11bcd
415,110,03502fb599d4b513036ade56d0eac06e8cbd5ade6a2adbf028d5e2e588a11bcd
244,111,03502fb599d4b513036ade56d0eac06e8cbd5ade6a2adbf028d5e2e588a11bcd
415,111,03502fb599d4b513036ade56d0eac06e8cbd5ade6a2adbf028d5e2e588a11bcd
244,112,03502fb599d4b513036ade56d0eac06e8cbd5ade6a2adbf028d5e2e588a11bcd
415,112,03502fb599d4b513036ade56d0eac06e8cbd5ade6a2adbf028d5e2e588a11bcd
244,113,03502fb599d4b513036ade56d0eac06e8cbd5ade6a2adbf028d5e2e588a11bcd
415,113,03502fb599d4b513036ade56d0eac06e8cbd5ade6a2adbf028d5e2e588a11bcd
224,114,03502fb599d4b513036ade56d0eac06e8cbd5ade6a2adbf028d5e2e588a11bcd
239,114,03502fb599d4b513036ade56d0eac06e8cbd5ade6a2adbf028d5e2e588a11bcd
244,114,03502fb599d4b513036ade56d0eac06e8cbd5ade6a2adbf028d5e2e588a11bcd
415,114,03502fb599d4b513036ade56d0eac06e8cbd5ade6a2adbf028d5e2e588a11bcd
244,115,03502fb599d4b513036ade56d0eac06e8cbd5ade6a2adbf028d5e2e588a11bcd
415,115,03502fb599d4b513036ade56d0eac06e8cbd5ade6a2adbf028d5e2e588a11bcd
244,116,03502fb599d4b513036ade56d0eac06e8cbd5ade6a2adbf028d5e2e588a11bcd
415,116,03502fb599d4b513036ade56d0eac06e8cbd5ade6a2adbf028d5e2e588a11bcd
244,117,03502fb599d4b513036ade56d0eac06e8cbd5ade6a2adbf028d5e2e588a11bcd
415,117,03502fb599d4b513036ade56d0eac06e8cbd5ade6a2adbf028d5e2e588a11bcd
244,118,03502fb599d4b513036ade56d0eac06e8cbd5ade6a2adbf028d5e2e588a11bcd
415,118,03502fb599d4b513036ade56d0eac06e8cbd5ade6a2adbf028d5e2e588a11bcd
244,119,03502fb599d4b513036ade56d0eac06e8cbd5ade6a2adbf028d5e2e588a11bcd
415,119,03502fb599d4b513036ade56d0eac06e8cbd5ade6a2adbf028d5e2e588a11bcd
244,120,03502fb599d4b513036ade56d0eac06e8cbd5ade6a2adbf028d5e2e588a11bcd
415,120,03502fb599d4b513036ade56d0eac06e8cbd5ade6a2adbf028d5e2e588a11bcd
244,121,03502fb599d4b513036ade56d0eac06e8cbd5ade6a2adbf028d5e2e588a11bcd
415,121,03502fb599d4b513036ade56d0eac06e8cbd5ade6a2adbf028d5e2e588a11bcd
244,122,03502fb599d4b513036ade56d0eac06e8cbd5ade6a2adbf028d5e2e588a11bcd
415,122,03502fb599d4b513036ade56d0eac06e8cbd5ade6a2adbf028d5e2e588a11bcd
244,123,03502fb599d4b513036ade56d0eac06e8cbd5ade6a2adbf028d5e2e588a11bcd
415,123,03502fb599d4b513036ade56d0eac06e8cbd5ade6a2adbf028d5e2e588a11bcd
244,124,03502fb599d4b513036ade56d0eac06e8cbd5ade6a2adbf028d5e2e588a11bcd
415,124,03502fb599d4b513036ade56d0eac06e8cbd5ade6a2adbf028d5e2e588a11bcd
244,125,03502fb599d4b513036ade56d0eac06e8cbd5ade6a2adbf028d5e2e588a11bcd
415,125,03502fb599d4b513036ade56d0eac06e8cbd5ade6a2adbf028d5e2e588a11bcd
244,126,03502fb599d4b513036ade56d0eac06e8cbd5ade6a2adbf028d5e2e588a11bcd
415,126,03502fb599d4b513036ade56d0eac06e8cbd5ade6a2adbf028d5e2e588a11bcd
503,126,03502fb599d4b513036ade56d0eac06e8cbd5ade6a2adbf028d5e2e588a11bcd
504,126,03502fb599d4b513036ade56d0eac06e8cbd5ade6a2adbf028d5e2e588a11bcd
505,126,03502fb599d4b513036ade56d0eac06e8cbd5ade6a2adbf028d5e2e588a11bcd
506,126,03502fb599d4b513036ade56d0eac06e8cbd5ade6a2adbf028d5e2e588a11bcd
507,126,03502fb599d4b513036ade56d0eac06e8cbd5ade6a2adbf028d5e2e588a11bcd
508,126,03502fb599d4b513036ade56d0eac06e8cbd5ade6a2adbf028d5e2e588a11bcd
509,126,03502fb599d4b513036ade56d0eac06e8cbd5ade6a2adbf028d5e2e588a11bcd
510,126,03502fb599d4b513036ade56d0eac06e8cbd5ade6a2adbf028d5e2e588a11bcd
511,126,03502fb599d4b513036ade56d0eac06e8cbd5ade6a2adbf028d5e2e588a11bcd
512,126,03502fb599d4b513036ade56d0eac06e8cbd5ade6a2adbf028d5e2e588a11bcd
513,126,03502fb599d4b513036ade56d0eac06e8cbd5ade6a2adbf028d5e2e588a11bcd
514,126,03502fb599d4b513036ade56d0eac06e8cbd5ade6a2adbf028d5e2e588a11bcd
515,126,03502fb599d4b513036ade56d0eac06e8cbd5ade6a2adbf028d5e2e588a11bcd
516,126,03502fb599d4b513036ade56d0eac06e8cbd5ade6a2adbf028d5e2e588a11bcd
517,126,03502fb599d4b513036ade56d0eac06e8cbd5ade6a2adbf028d5e2e588a11bcd
518,126,03502fb599d4b513036ade56d0eac06e8cbd5ade6a2adbf028d5e2e588a11bcd
519,126,03502fb599d4b513036ade56d0eac06e8cbd5ade6a2adbf028d5e2e588a11bcd
520,126,03502fb599d4b513036ade56d0eac06e8cbd5ade6a2adbf028d5e2e588a11bcd
521,126,03502fb599d4b513036ade56d0eac06e8cbd5ade6a2adbf028d5e2e588a11bcd
522,126,03502fb599d4b513036ade56d0eac06e8cbd5ade6a2adbf028d5e2e588a11bcd
244,127,03502fb599d4b513036ade56d0eac06e8cbd5ade6a2adbf028d5e2e588a11bcd
415,127,03502fb599d4b513036ade56d0eac06e8cbd5ade6a2adbf028d5e2e588a11bcd
503,127,03502fb599d4b513036ade56d0eac06e8cbd5ade6a2adbf028d5e2e588a11bcd
504,127,03502fb599d4b513036ade56d0eac06e8cbd5ade6a2adbf028d5e2e588a11bcd
505,127,03502fb599d4b513036ade56d0eac06e8cbd5ade6a2adbf028d5e2e588a11bcd
506,127,03502fb599d4b513036ade56d0eac06e8cbd5ade6a2adbf028d5e2e588a11bcd
507,127,03502fb599d4b513036ade56d0eac06e8cbd5ade6a2adbf028d5e2e588a11bcd
508,127,03502fb599d4b513036ade56d0eac06e8cbd5ade6a2adbf028d5e2e588a11bcd
509,127,03502fb599d4b513036ade56d0eac06e8cbd5ade6a2adbf028d5e2e588a11bcd
510,127,03502fb599d4b513036ade56d0eac06e8cbd5ade6a2adbf028d5e2e588a11bcd
511,127,03502fb599d4b513036ade56d0eac06e8cbd5ade6a2adbf028d5e2e588a11bcd
512,127,03502fb599d4b513036ade56d0eac06e8cbd5ade6a2adbf028d5e2e588a11bcd
513,127,03502fb599d4b513036ade56d0eac06e8cbd5ade6a2adbf028d5e2e588a11bcd
514,127,03502fb599d4b513036ade56d0eac06e8cbd5ade6a2adbf028d5e2e588a11bcd
515,127,03502fb599d4b513036ade56d0eac06e8cbd5ade6a2adbf028d5e2e588a11bcd
516,127,03502fb599d4b513036ade56d0eac06e8cbd5ade6a2adbf028d5e2e588a11bcd
517,127,03502fb599d4b513036ade56d0eac06e8cbd5ade6a2adbf028d5e2e588a11bcd
518,127,03502fb599d4b513036ade56d0eac06e8cbd5ade6a2adbf028d5e2e588a11bcd
519,127,03502fb599d4b513036ade56d0eac06e8cbd5ade6a2adbf028d5e2e588a11bcd
520,127,03502fb599d4b513036ade56d0eac06e8cbd5ade6a2adbf028d5e2e588a11bcd
521,127,03502fb599d4b513036ade56d0eac06e8cbd5ade6a2adbf028d5e2e588a11bcd
522,127,03502fb599d4b513036ade56d0eac06e8cbd5ade6a2adbf028d5e2e588a11bcd
244,128,03502fb599d4b513036ade56d0eac06e8cbd5ade6a2adbf028d5e2e588a11bcd
415,128,03502fb599d4b513036ade56d0eac06e8cbd5ade6a2adbf028d5e2e588a11bcd
503,128,03502fb599d4b513036ade56d0eac06e8cbd5ade6a2adbf028d5e2e588a11bcd
504,128,03502fb599d4b513036ade56d0eac06e8cbd5ade6a2adbf028d5e2e588a11bcd
505,128,03502fb599d4b513036ade56d0eac06e8cbd5ade6a2adbf028d5e2e588a11bcd
506,128,03502fb599d4b513036ade56d0eac06e8cbd5ade6a2adbf028d5e2e588a11bcd
507,128,03502fb599d4b513036ade56d0eac06e8cbd5ade6a2adbf028d5e2e588a11bcd
508,128,03502fb599d4b513036ade56d0eac06e8cbd5ade6a2adbf028d5e2e588a11bcd
509,128,03502fb599d4b513036ade56d0eac06e8cbd5ade6a2adbf028d5e2e588a11bcd
510,128,03502fb599d4b513036ade56d0eac06e8cbd5ade6a2adbf028d5e2e588a11bcd
511,128,03502fb599d4b513036ade56d0eac06e8cbd5ade6a2adbf028d5e2e588a11bcd
512,128,03502fb599d4b513036ade56d0eac06e8cbd5ade6a2adbf028d5e2e588a11bcd
513,128,03502fb599d4b513036ade56d0eac06e8cbd5ade6a2adbf028d5e2e588a11bcd
514,128,03502fb599d4b513036ade56d0eac06e8cbd5ade6a2adbf028d5e2e588a11bcd
515,128,03502fb599d4b513036ade56d0eac06e8cbd5ade6a2adbf028d5e2e588a11bcd
516,128,03502fb599d4b513036ade56d0eac06e8cbd5ade6a2adbf028d5e2e588a11bcd
517,128,03502fb599d4b513036ade56d0eac06e8cbd5ade6a2adbf028d5e2e588a11bcd
518,128,03502fb599d4b513036ade56d0eac06e8cbd5ade6a2adbf028d5e2e588a11bcd
519,128,03502fb599d4b513036ade56d0eac06e8cbd5ade6a2adbf028d5e2e588a11bcd
520,128,03502fb599d4b513036ade56d0eac06e8cbd5ade6a2adbf028d5e2e588a11bcd
521,128,03502fb599d4b513036ade56d0eac06e8cbd5ade6a2adbf028d5e2e588a11bcd
522,128,03502fb599d4b513036ade56d0eac06e8cbd5ade6a2adbf028d5e2e588a11bcd
244,129,03502fb599d4b513036ade56d0eac06e8cbd5ade6a2adbf028d5e2e588a11bcd
415,129,03502fb599d4b513036ade56d0eac06e8cbd5ade6a2adbf028d5e2e588a11bcd
503,129,03502fb599d4b513036ade56d0eac06e8cbd5ade6a2adbf028d5e2e588a11bcd
504,129,03502fb599d4b513036ade56d0eac06e8cbd5ade6a2adbf028d5e2e588a11bcd
505,129,03502fb599d4b513036ade56d0eac06e8cbd5ade6a2adbf028d5e2e588a11bcd
506,129,03502fb599d4b513036ade56d0eac06e8cbd5ade6a2adbf028d5e2e588a11bcd
507,129,03502fb599d4b513036ade56d0eac06e8cbd5ade6a2adbf028d5e2e588a11bcd
508,129,03502fb599d4b513036ade56d0eac06e8cbd5ade6a2adbf028d5e2e588a11bcd
509,129,03502fb599d4b513036ade56d0eac06e8cbd5ade6a2adbf028d5e2e588a11bcd
510,129,03502fb599d4b513036ade56d0eac06e8cbd5ade6a2adbf028d5e2e588a11bcd
511,129,03502fb599d4b513036ade56d0eac06e8cbd5ade6a2adbf028d5e2e588a11bcd
512,129,03502fb599d4b513036ade56d0eac06e8cbd5ade6a2adbf028d5e2e588a11bcd
513,129,03502fb599d4b513036ade56d0eac06e8cbd5ade6a2adbf028d5e2e588a11bcd
514,129,03502fb599d4b513036ade56d0eac06e8cbd5ade6a2adbf028d5e2e588a11bcd
515,129,03502fb599d4b513036ade56d0eac06e8cbd5ade6a2adbf028d5e2e588a11bcd
516,129,03502fb599d4b513036ade56d0eac06e8cbd5ade6a2adbf028d5e2e588a11bcd
517,129,03502fb599d4b513036ade56d0eac06e8cbd5ade6a2adbf028d5e2e588a11bcd
518,129,03502fb599d4b513036ade56d0eac06e8cbd5ade6a2adbf028d5e2e588a11bcd
519,129,03502fb599d4b513036ade56d0eac06e8cbd5ade6a2adbf028d5e2e588a11bcd
520,129,03502fb599d4b513036ade56d0eac06e8cbd5ade6a2adbf028d5e2e588a11bcd
521,129,03502fb599d4b513036ade56d0eac06e8cbd5ade6a2adbf028d5e2e588a11bcd
522,129,03502fb599d4b513036ade56d0eac06e8cbd5ade6a2adbf028d5e2e588a11bcd
244,130,03502fb599d4b513036ade56d0eac06e8cbd5ade6a2adbf028d5e2e588a11bcd
415,130,03502fb599d4b513036ade56d0eac06e8cbd5ade6a2adbf028d5e2e588a11bcd
503,130,03502fb599d4b513036ade56d0eac06e8cbd5ade6a2adbf028d5e2e588a11bcd
504,130,03502fb599d4b513036ade56d0eac06e8cbd5ade6a2adbf028d5e2e588a11bcd
505,130,03502fb599d4b513036ade56d0eac06e8cbd5ade6a2adbf028d5e2e588a11bcd
506,130,03502fb599d4b513036ade56d0eac06e8cbd5ade6a2adbf028d5e2e588a11bcd
507,130,03502fb599d4b513036ade56d0eac06e8cbd5ade6a2adbf028d5e2e588a11bcd
508,130,03502fb599d4b513036ade56d0eac06e8cbd5ade6a2adbf028d5e2e588a11bcd
509,130,03502fb599d4b513036ade56d0eac06e8cbd5ade6a2adbf028d5e2e588a11bcd
510,130,03502fb599d4b513036ade56d0eac06e8cbd5ade6a2adbf028d5e2e588a11bcd
511,130,03502fb599d4b513036ade56d0eac06e8cbd5ade6a2adbf028d5e2e588a11bcd
512,130,03502fb599d4b513036ade56d0eac06e8cbd5ade6a2adbf028d5e2e588a11bcd
513,130,03502fb599d4b513036ade56d0eac06e8cbd5ade6a2adbf028d5e2e588a11bcd
514,130,03502fb599d4b513036ade56d0eac06e8cbd5ade6a2adbf028d5e2e588a11bcd
515,130,03502fb599d4b513036ade56d0eac06e8cbd5ade6a2adbf028d5e2e588a11bcd
516,130,03502fb599d4b513036ade56d0eac06e8cbd5ade6a2adbf028d5e2e588a11bcd
517,130,03502fb599d4b513036ade56d0eac06e8cbd5ade6a2adbf028d5e2e588a11bcd
518,130,03502fb599d4b513036ade56d0eac06e8cbd5ade6a2adbf028d5e2e588a11bcd
519,130,03502fb599d4b513036ade56d0eac06e8cbd5ade6a2adbf028d5e2e588a11bcd
520,130,03502fb599d4b513036ade56d0eac06e8cbd5ade6a2adbf028d5e2e588a11bcd
521,130,03502fb599d4b513036ade56d0eac06e8cbd5ade6a2adbf028d5e2e588a11bcd
522,130,03502fb599d4b513036ade56d0eac06e8cbd5ade6a2adbf028d5e2e588a11bcd
244,131,03502fb599d4b513036ade56d0eac06e8cbd5ade6a2adbf028d5e2e588a11bcd
415,131,03502fb599d4b513036ade56d0eac06e8cbd5ade6a2adbf028d5e2e588a11bcd
503,131,03502fb599d4b513036ade56d0eac06e8cbd5ade6a2adbf028d5e2e588a11bcd
504,131,03502fb599d4b513036ade56d0eac06e8cbd5ade6a2adbf028d5e2e588a11bcd
505,131,03502fb599d4b513036ade56d0eac06e8cbd5ade6a2adbf028d5e2e588a11bcd
506,131,03502fb599d4b513036ade56d0eac06e8cbd5ade6a2adbf028d5e2e588a11bcd
507,131,03502fb599d4b513036ade56d0eac06e8cbd5ade6a2adbf028d5e2e588a11bcd
508,131,03502fb599d4b513036ade56d0eac06e8cbd5ade6a2adbf028d5e2e588a11bcd
509,131,03502fb599d4b513036ade56d0eac06e8cbd5ade6a2adbf028d5e2e588a11bcd
510,131,03502fb599d4b513036ade56d0eac06e8cbd5ade6a2adbf028d5e2e588a11bcd
511,131,03502fb599d4b513036ade56d0eac06e8cbd5ade6a2adbf028d5e2e588a11bcd
512,131,03502fb599d4b513036ade56d0eac06e8cbd5ade6a2adbf028d5e2e588a11bcd
513,131,03502fb599d4b513036ade56d0eac06e8cbd5ade6a2adbf028d5e2e588a11bcd
514,131,03502fb599d4b513036ade56d0eac06e8cbd5ade6a2adbf028d5e2e588a11bcd
515,131,03502fb599d4b513036ade56d0eac06e8cbd5ade6a2adbf028d5e2e588a11bcd
516,131,03502fb599d4b513036ade56d0eac06e8cbd5ade6a2adbf028d5e2e588a11bcd
517,131,03502fb599d4b513036ade56d0eac06e8cbd5ade6a2adbf028d5e2e588a11bcd
518,131,03502fb599d4b513036ade56d0eac06e8cbd5ade6a2adbf028d5e2e588a11bcd
519,131,03502fb599d4b513036ade56d0eac06e8cbd5ade6a2adbf028d5e2e588a11bcd
520,131,03502fb599d4b513036ade56d0eac06e8cbd5ade6a2adbf028d5e2e588a11bcd
521,131,03502fb599d4b513036ade56d0eac06e8cbd5ade6a2adbf028d5e2e588a11bcd
522,131,03502fb599d4b513036ade56d0eac06e8cbd5ade6a2adbf028d5e2e588a11bcd
244,132,03502fb599d4b513036ade56d0eac06e8cbd5ade6a2adbf028d5e2e588a11bcd
415,132,03502fb599d4b513036ade56d0eac06e8cbd5ade6a2adbf028d5e2e588a11bcd
503,132,03502fb599d4b513036ade56d0eac06e8cbd5ade6a2adbf028d5e2e588a11bcd
504,132,03502fb599d4b513036ade56d0eac06e8cbd5ade6a2adbf028d5e2e588a11bcd
505,132,03502fb599d4b513036ade56d0eac06e8cbd5ade6a2adbf028d5e2e588a11bcd
506,132,03502fb599d4b513036ade56d0eac06e8cbd5ade6a2adbf028d5e2e588a11bcd
507,132,03502fb599d4b513036ade56d0eac06e8cbd5ade6a2adbf028d5e2e588a11bcd
508,132,03502fb599d4b513036ade56d0eac06e8cbd5ade6a2adbf028d5e2e588a11bcd
509,132,03502fb599d4b513036ade56d0eac06e8cbd5ade6a2adbf028d5e2e588a11bcd
510,132,03502fb599d4b513036ade56d0eac06e8cbd5ade6a2adbf028d5e2e588a11bcd
511,132,03502fb599d4b513036ade56d0eac06e8cbd5ade6a2adbf028d5e2e588a11bcd
512,132,03502fb599d4b513036ade56d0eac06e8cbd5ade6a2adbf028d5e2e588a11bcd
513,132,03502fb599d4b513036ade56d0eac06e8cbd5ade6a2adbf028d5e2e588a11bcd
514,132,03502fb599d4b513036ade56d0eac06e8cbd5ade6a2adbf028d5e2e588a11bcd
515,132,03502fb599d4b513036ade56d0eac06e8cbd5ade6a2adbf028d5e2e588a11bcd
516,132,03502fb599d4b513036ade56d0eac06e8cbd5ade6a2adbf028d5e2e588a11bcd
517,132,03502fb599d4b513036ade56d0eac06e8cbd5ade6a2adbf028d5e2e588a11bcd
518,132,03502fb599d4b513036ade56d0eac06e8cbd5ade6a2adbf028d5e2e588a11bcd
519,132,03502fb599d4b513036ade56d0eac06e8cbd5ade6a2adbf028d5e2e588a11bcd
520,132,03502fb599d4b513036ade56d0eac06e8cbd5ade6a2adbf028d5e2e588a11bcd
521,132,03502fb599d4b513036ade56d0eac06e8cbd5ade6a2adbf028d5e2e588a11bcd
522,132,03502fb599d4b513036ade56d0eac06e8cbd5ade6a2adbf028d5e2e588a11bcd
244,133,03502fb599d4b513036ade56d0eac06e8cbd5ade6a2adbf028d5e2e588a11bcd
415,133,03502fb599d4b513036ade56d0eac06e8cbd5ade6a2adbf028d5e2e588a11bcd
502,133,03502fb599d4b513036ade56d0eac06e8cbd5ade6a2adbf028d5e2e588a11bcd
503,133,03502fb599d4b513036ade56d0eac06e8cbd5ade6a2adbf028d5e2e588a11bcd
504,133,03502fb599d4b513036ade56d0eac06e8cbd5ade6a2adbf028d5e2e588a11bcd
505,133,03502fb599d4b513036ade56d0eac06e8cbd5ade6a2adbf028d5e2e588a11bcd
506,133,03502fb599d4b513036ade56d0eac06e8cbd5ade6a2adbf028d5e2e588a11bcd
507,133,03502fb599d4b513036ade56d0eac06e8cbd5ade6a2adbf028d5e2e588a11bcd
508,133,03502fb599d4b513036ade56d0eac06e8cbd5ade6a2adbf028d5e2e588a11bcd
509,133,03502fb599d4b513036ade56d0eac06e8cbd5ade6a2adbf028d5e2e588a11bcd
510,133,03502fb599d4b513036ade56d0eac06e8cbd5ade6a2adbf028d5e2e588a11bcd
511,133,03502fb599d4b513036ade56d0eac06e8cbd5ade6a2adbf028d5e2e588a11bcd
512,133,03502fb599d4b513036ade56d0eac06e8cbd5ade6a2adbf028d5e2e588a11bcd
513,133,03502fb599d4b513036ade56d0eac06e8cbd5ade6a2adbf028d5e2e588a11bcd
514,133,03502fb599d4b513036ade56d0eac06e8cbd5ade6a2adbf028d5e2e588a11bcd
515,133,03502fb599d4b513036ade56d0eac06e8cbd5ade6a2adbf028d5e2e588a11bcd
516,133,03502fb599d4b513036ade56d0eac06e8cbd5ade6a2adbf028d5e2e588a11bcd
517,133,03502fb599d4b513036ade56d0eac06e8cbd5ade6a2adbf028d5e2e588a11bcd
518,133,03502fb599d4b513036ade56d0eac06e8cbd5ade6a2adbf028d5e2e588a11bcd
519,133,03502fb599d4b513036ade56d0eac06e8cbd5ade6a2adbf028d5e2e588a11bcd
520,133,03502fb599d4b513036ade56d0eac06e8cbd5ade6a2adbf028d5e2e588a11bcd
521,133,03502fb599d4b513036ade56d0eac06e8cbd5ade6a2adbf028d5e2e588a11bcd
522,133,03502fb599d4b513036ade56d0eac06e8cbd5ade6a2adbf028d5e2e588a11bcd
523,133,03502fb599d4b513036ade56d0eac06e8cbd5ade6a2adbf028d5e2e588a11bcd
524,133,03502fb599d4b513036ade56d0eac06e8cbd5ade6a2adbf028d5e2e588a11bcd
525,133,03502fb599d4b513036ade56d0eac06e8cbd5ade6a2adbf028d5e2e588a11bcd
526,133,03502fb599d4b513036ade56d0eac06e8cbd5ade6a2adbf028d5e2e588a11bcd
527,133,03502fb599d4b513036ade56d0eac06e8cbd5ade6a2adbf028d5e2e588a11bcd
528,133,03502fb599d4b513036ade56d0eac06e8cbd5ade6a2adbf028d5e2e588a11bcd
529,133,03502fb599d4b513036ade56d0eac06e8cbd5ade6a2adbf028d5e2e588a11bcd
530,133,03502fb599d4b513036ade56d0eac06e8cbd5ade6a2adbf028d5e2e588a11bcd
531,133,03502fb599d4b513036ade56d0eac06e8cbd5ade6a2adbf028d5e2e588a11bcd
532,133,03502fb599d4b513036ade56d0eac06e8cbd5ade6a2adbf028d5e2e588a11bcd
244,134,03502fb599d4b513036ade56d0eac06e8cbd5ade6a2adbf028d5e2e588a11bcd
415,134,03502fb599d4b513036ade56d0eac06e8cbd5ade6a2adbf028d5e2e588a11bcd
502,134,03502fb599d4b513036ade56d0eac06e8cbd5ade6a2adbf028d5e2e588a11bcd
503,134,03502fb599d4b513036ade56d0eac06e8cbd5ade6a2adbf028d5e2e588a11bcd
504,134,03502fb599d4b513036ade56d0eac06e8cbd5ade6a2adbf028d5e2e588a11bcd
505,134,03502fb599d4b513036ade56d0eac06e8cbd5ade6a2adbf028d5e2e588a11bcd
506,134,03502fb599d4b513036ade56d0eac06e8cbd5ade6a2adbf028d5e2e588a11bcd
507,134,03502fb599d4b513036ade56d0eac06e8cbd5ade6a2adbf028d5e2e588a11bcd
508,134,03502fb599d4b513036ade56d0eac06e8cbd5ade6a2adbf028d5e2e588a11bcd
509,134,03502fb599d4b513036ade56d0eac06e8cbd5ade6a2adbf028d5e2e588a11bcd
510,134,03502fb599d4b513036ade56d0eac06e8cbd5ade6a2adbf028d5e2e588a11bcd
511,134,03502fb599d4b513036ade56d0eac06e8cbd5ade6a2adbf028d5e2e588a11bcd
512,134,03502fb599d4b513036ade56d0eac06e8cbd5ade6a2adbf028d5e2e588a11bcd
513,134,03502fb599d4b513036ade56d0eac06e8cbd5ade6a2adbf028d5e2e588a11bcd
514,134,03502fb599d4b513036ade56d0eac06e8cbd5ade6a2adbf028d5e2e588a11bcd
515,134,03502fb599d4b513036ade56d0eac06e8cbd5ade6a2adbf028d5e2e588a11bcd
516,134,03502fb599d4b513036ade56d0eac06e8cbd5ade6a2adbf028d5e2e588a11bcd
517,134,03502fb599d4b513036ade56d0eac06e8cbd5ade6a2adbf028d5e2e588a11bcd
518,134,03502fb599d4b513036ade56d0eac06e8cbd5ade6a2adbf028d5e2e588a11bcd
519,134,03502fb599d4b513036ade56d0eac06e8cbd5ade6a2adbf028d5e2e588a11bcd
520,134,03502fb599d4b513036ade56d0eac06e8cbd5ade6a2adbf028d5e2e588a11bcd
521,134,03502fb599d4b513036ade56d0eac06e8cbd5ade6a2adbf028d5e2e588a11bcd
522,134,03502fb599d4b513036ade56d0eac06e8cbd5ade6a2adbf028d5e2e588a11bcd
523,134,03502fb599d4b513036ade56d0eac06e8cbd5ade6a2adbf028d5e2e588a11bcd
524,134,03502fb599d4b513036ade56d0eac06e8cbd5ade6a2adbf028d5e2e588a11bcd
525,134,03502fb599d4b513036ade56d0eac06e8cbd5ade6a2adbf028d5e2e588a11bcd
526,134,03502fb599d4b513036ade56d0eac06e8cbd5ade6a2adbf028d5e2e588a11bcd
527,134,03502fb599d4b513036ade56d0eac06e8cbd5ade6a2adbf028d5e2e588a11bcd
528,134,03502fb599d4b513036ade56d0eac06e8cbd5ade6a2adbf028d5e2e588a11bcd
529,134,03502fb599d4b513036ade56d0eac06e8cbd5ade6a2adbf028d5e2e588a11bcd
530,134,03502fb599d4b513036ade56d0eac06e8cbd5ade6a2adbf028d5e2e588a11bcd
531,134,03502fb599d4b513036ade56d0eac06e8cbd5ade6a2adbf028d5e2e588a11bcd
532,134,03502fb599d4b513036ade56d0eac06e8cbd5ade6a2adbf028d5e2e588a11bcd
244,135,03502fb599d4b513036ade56d0eac06e8cbd5ade6a2adbf028d5e2e588a11bcd
415,135,03502fb599d4b513036ade56d0eac06e8cbd5ade6a2adbf028d5e2e588a11bcd
502,135,03502fb599d4b513036ade56d0eac06e8cbd5ade6a2adbf028d5e2e588a11bcd
503,135,03502fb599d4b513036ade56d0eac06e8cbd5ade6a2adbf028d5e2e588a11bcd
504,135,03502fb599d4b513036ade56d0eac06e8cbd5ade6a2adbf028d5e2e588a11bcd
505,135,03502fb599d4b513036ade56d0eac06e8cbd5ade6a2adbf028d5e2e588a11bcd
506,135,03502fb599d4b513036ade56d0eac06e8cbd5ade6a2adbf028d5e2e588a11bcd
507,135,03502fb599d4b513036ade56d0eac06e8cbd5ade6a2adbf028d5e2e588a11bcd
508,135,03502fb599d4b513036ade56d0eac06e8cbd5ade6a2adbf028d5e2e588a11bcd
509,135,03502fb599d4b513036ade56d0eac06e8cbd5ade6a2adbf028d5e2e588a11bcd
510,135,03502fb599d4b513036ade56d0eac06e8cbd5ade6a2adbf028d5e2e588a11bcd
511,135,03502fb599d4b513036ade56d0eac06e8cbd5ade6a2adbf028d5e2e588a11bcd
512,135,03502fb599d4b513036ade56d0eac06e8cbd5ade6a2adbf028d5e2e588a11bcd
513,135,03502fb599d4b513036ade56d0eac06e8cbd5ade6a2adbf028d5e2e588a11bcd
514,135,03502fb599d4b513036ade56d0eac06e8cbd5ade6a2adbf028d5e2e588a11bcd
515,135,03502fb599d4b513036ade56d0eac06e8cbd5ade6a2adbf028d5e2e588a11bcd
516,135,03502fb599d4b513036ade56d0eac06e8cbd5ade6a2adbf028d5e2e588a11bcd
517,135,03502fb599d4b513036ade56d0eac06e8cbd5ade6a2adbf028d5e2e588a11bcd
518,135,03502fb599d4b513036ade56d0eac06e8cbd5ade6a2adbf028d5e2e588a11bcd
519,135,03502fb599d4b513036ade56d0eac06e8cbd5ade6a2adbf028d5e2e588a11bcd
520,135,03502fb599d4b513036ade56d0eac06e8cbd5ade6a2adbf028d5e2e588a11bcd
521,135,03502fb599d4b513036ade56d0eac06e8cbd5ade6a2adbf028d5e2e588a11bcd
522,135,03502fb599d4b513036ade56d0eac06e8cbd5ade6a2adbf028d5e2e588a11bcd
523,135,03502fb599d4b513036ade56d0eac06e8cbd5ade6a2adbf028d5e2e588a11bcd
524,135,03502fb599d4b513036ade56d0eac06e8cbd5ade6a2adbf028d5e2e588a11bcd
525,135,03502fb599d4b513036ade56d0eac06e8cbd5ade6a2adbf028d5e2e588a11bcd
526,135,03502fb599d4b513036ade56d0eac06e8cbd5ade6a2adbf028d5e2e588a11bcd
527,135,03502fb599d4b513036ade56d0eac06e8cbd5ade6a2adbf028d5e2e588a11bcd
528,135,03502fb599d4b513036ade56d0eac06e8cbd5ade6a2adbf028d5e2e588a11bcd
529,135,03502fb599d4b513036ade56d0eac06e8cbd5ade6a2adbf028d5e2e588a11bcd
530,135,03502fb599d4b513036ade56d0eac06e8cbd5ade6a2adbf028d5e2e588a11bcd
531,135,03502fb599d4b513036ade56d0eac06e8cbd5ade6a2adbf028d5e2e588a11bcd
532,135,03502fb599d4b513036ade56d0eac06e8cbd5ade6a2adbf028d5e2e588a11bcd
244,136,03502fb599d4b513036ade56d0eac06e8cbd5ade6a2adbf028d5e2e588a11bcd
415,136,03502fb599d4b513036ade56d0eac06e8cbd5ade6a2adbf028d5e2e588a11bcd
502,136,03502fb599d4b513036ade56d0eac06e8cbd5ade6a2adbf028d5e2e588a11bcd
503,136,03502fb599d4b513036ade56d0eac06e8cbd5ade6a2adbf028d5e2e588a11bcd
504,136,03502fb599d4b513036ade56d0eac06e8cbd5ade6a2adbf028d5e2e588a11bcd
505,136,03502fb599d4b513036ade56d0eac06e8cbd5ade6a2adbf028d5e2e588a11bcd
506,136,03502fb599d4b513036ade56d0eac06e8cbd5ade6a2adbf028d5e2e588a11bcd
507,136,03502fb599d4b513036ade56d0eac06e8cbd5ade6a2adbf028d5e2e588a11bcd
508,136,03502fb599d4b513036ade56d0eac06e8cbd5ade6a2adbf028d5e2e588a11bcd
509,136,03502fb599d4b513036ade56d0eac06e8cbd5ade6a2adbf028d5e2e588a11bcd
510,136,03502fb599d4b513036ade56d0eac06e8cbd5ade6a2adbf028d5e2e588a11bcd
511,136,03502fb599d4b513036ade56d0eac06e8cbd5ade6a2adbf028d5e2e588a11bcd
512,136,03502fb599d4b513036ade56d0eac06e8cbd5ade6a2adbf028d5e2e588a11bcd
513,136,03502fb599d4b513036ade56d0eac06e8cbd5ade6a2adbf028d5e2e588a11bcd
514,136,03502fb599d4b513036ade56d0eac06e8cbd5ade6a2adbf028d5e2e588a11bcd
515,136,03502fb599d4b513036ade56d0eac06e8cbd5ade6a2adbf028d5e2e588a11bcd
516,136,03502fb599d4b513036ade56d0eac06e8cbd5ade6a2adbf028d5e2e588a11bcd
517,136,03502fb599d4b513036ade56d0eac06e8cbd5ade6a2adbf028d5e2e588a11bcd
518,136,03502fb599d4b513036ade56d0eac06e8cbd5ade6a2adbf028d5e2e588a11bcd
519,136,03502fb599d4b513036ade56d0eac06e8cbd5ade6a2adbf028d5e2e588a11bcd
520,136,03502fb599d4b513036ade56d0eac06e8cbd5ade6a2adbf028d5e2e588a11bcd
521,136,03502fb599d4b513036ade56d0eac06e8cbd5ade6a2adbf028d5e2e588a11bcd
522,136,03502fb599d4b513036ade56d0eac06e8cbd5ade6a2adbf028d5e2e588a11bcd
523,136,03502fb599d4b513036ade56d0eac06e8cbd5ade6a2adbf028d5e2e588a11bcd
532,136,03502fb599d4b513036ade56d0eac06e8cbd5ade6a2adbf028d5e2e588a11bcd
244,137,03502fb599d4b513036ade56d0eac06e8cbd5ade6a2adbf028d5e2e588a11bcd
415,137,03502fb599d4b513036ade56d0eac06e8cbd5ade6a2adbf028d5e2e588a11bcd
502,137,03502fb599d4b513036ade56d0eac06e8cbd5ade6a2adbf028d5e2e588a11bcd
503,137,03502fb599d4b513036ade56d0eac06e8cbd5ade6a2adbf028d5e2e588a11bcd
504,137,03502fb599d4b513036ade56d0eac06e8cbd5ade6a2adbf028d5e2e588a11bcd
505,137,03502fb599d4b513036ade56d0eac06e8cbd5ade6a2adbf028d5e2e588a11bcd
506,137,03502fb599d4b513036ade56d0eac06e8cbd5ade6a2adbf028d5e2e588a11bcd
507,137,03502fb599d4b513036ade56d0eac06e8cbd5ade6a2adbf028d5e2e588a11bcd
508,137,03502fb599d4b513036ade56d0eac06e8cbd5ade6a2adbf028d5e2e588a11bcd
509,137,03502fb599d4b513036ade56d0eac06e8cbd5ade6a2adbf028d5e2e588a11bcd
510,137,03502fb599d4b513036ade56d0eac06e8cbd5ade6a2adbf028d5e2e588a11bcd
511,137,03502fb599d4b513036ade56d0eac06e8cbd5ade6a2adbf028d5e2e588a11bcd
512,137,03502fb599d4b513036ade56d0eac06e8cbd5ade6a2adbf028d5e2e588a11bcd
513,137,03502fb599d4b513036ade56d0eac06e8cbd5ade6a2adbf028d5e2e588a11bcd
514,137,03502fb599d4b513036ade56d0eac06e8cbd5ade6a2adbf028d5e2e588a11bcd
515,137,03502fb599d4b513036ade56d0eac06e8cbd5ade6a2adbf028d5e2e588a11bcd
516,137,03502fb599d4b513036ade56d0eac06e8cbd5ade6a2adbf028d5e2e588a11bcd
517,137,03502fb599d4b513036ade56d0eac06e8cbd5ade6a2adbf028d5e2e588a11bcd
518,137,03502fb599d4b513036ade56d0eac06e8cbd5ade6a2adbf028d5e2e588a11bcd
519,137,03502fb599d4b513036ade56d0eac06e8cbd5ade6a2adbf028d5e2e588a11bcd
520,137,03502fb599d4b513036ade56d0eac06e8cbd5ade6a2adbf028d5e2e588a11bcd
521,137,03502fb599d4b513036ade56d0eac06e8cbd5ade6a2adbf028d5e2e588a11bcd
522,137,03502fb599d4b513036ade56d0eac06e8cbd5ade6a2adbf028d5e2e588a11bcd
523,137,03502fb599d4b513036ade56d0eac06e8cbd5ade6a2adbf028d5e2e588a11bcd
532,137,03502fb599d4b513036ade56d0eac06e8cbd5ade6a2adbf028d5e2e588a11bcd
244,138,03502fb599d4b513036ade56d0eac06e8cbd5ade6a2adbf028d5e2e588a11bcd
415,138,03502fb599d4b513036ade56d0eac06e8cbd5ade6a2adbf028d5e2e588a11bcd
502,138,03502fb599d4b513036ade56d0eac06e8cbd5ade6a2adbf028d5e2e588a11bcd
503,138,03502fb599d4b513036ade56d0eac06e8cbd5ade6a2adbf028d5e2e588a11bcd
504,138,03502fb599d4b513036ade56d0eac06e8cbd5ade6a2adbf028d5e2e588a11bcd
505,138,03502fb599d4b513036ade56d0eac06e8cbd5ade6a2adbf028d5e2e588a11bcd
506,138,03502fb599d4b513036ade56d0eac06e8cbd5ade6a2adbf028d5e2e588a11bcd
507,138,03502fb599d4b513036ade56d0eac06e8cbd5ade6a2adbf028d5e2e588a11bcd
508,138,03502fb599d4b513036ade56d0eac06e8cbd5ade6a2adbf028d5e2e588a11bcd
509,138,03502fb599d4b513036ade56d0eac06e8cbd5ade6a2adbf028d5e2e588a11bcd
510,138,03502fb599d4b513036ade56d0eac06e8cbd5ade6a2adbf028d5e2e588a11bcd
511,138,03502fb599d4b513036ade56d0eac06e8cbd5ade6a2adbf028d5e2e588a11bcd
512,138,03502fb599d4b513036ade56d0eac06e8cbd5ade6a2adbf028d5e2e588a11bcd
513,138,03502fb599d4b513036ade56d0eac06e8cbd5ade6a2adbf028d5e2e588a11bcd
514,138,03502fb599d4b513036ade56d0eac06e8cbd5ade6a2adbf028d5e2e588a11bcd
515,138,03502fb599d4b513036ade56d0eac06e8cbd5ade6a2adbf028d5e2e588a11bcd
516,138,03502fb599d4b513036ade56d0eac06e8cbd5ade6a2adbf028d5e2e588a11bcd
517,138,03502fb599d4b513036ade56d0eac06e8cbd5ade6a2adbf028d5e2e588a11bcd
518,138,03502fb599d4b513036ade56d0eac06e8cbd5ade6a2adbf028d5e2e588a11bcd
519,138,03502fb599d4b513036ade56d0eac06e8cbd5ade6a2adbf028d5e2e588a11bcd
520,138,03502fb599d4b513036ade56d0eac06e8cbd5ade6a2adbf028d5e2e588a11bcd
521,138,03502fb599d4b513036ade56d0eac06e8cbd5ade6a2adbf028d5e2e588a11bcd
522,138,03502fb599d4b513036ade56d0eac06e8cbd5ade6a2adbf028d5e2e588a11bcd
523,138,03502fb599d4b513036ade56d0eac06e8cbd5ade6a2adbf028d5e2e588a11bcd
532,138,03502fb599d4b513036ade56d0eac06e8cbd5ade6a2adbf028d5e2e588a11bcd
244,139,03502fb599d4b513036ade56d0eac06e8cbd5ade6a2adbf028d5e2e588a11bcd
415,139,03502fb599d4b513036ade56d0eac06e8cbd5ade6a2adbf028d5e2e588a11bcd
502,139,03502fb599d4b513036ade56d0eac06e8cbd5ade6a2adbf028d5e2e588a11bcd
503,139,03502fb599d4b513036ade56d0eac06e8cbd5ade6a2adbf028d5e2e588a11bcd
504,139,03502fb599d4b513036ade56d0eac06e8cbd5ade6a2adbf028d5e2e588a11bcd
505,139,03502fb599d4b513036ade56d0eac06e8cbd5ade6a2adbf028d5e2e588a11bcd
506,139,03502fb599d4b513036ade56d0eac06e8cbd5ade6a2adbf028d5e2e588a11bcd
507,139,03502fb599d4b513036ade56d0eac06e8cbd5ade6a2adbf028d5e2e588a11bcd
508,139,03502fb599d4b513036ade56d0eac06e8cbd5ade6a2adbf028d5e2e588a11bcd
509,139,03502fb599d4b513036ade56d0eac06e8cbd5ade6a2adbf028d5e2e588a11bcd
510,139,03502fb599d4b513036ade56d0eac06e8cbd5ade6a2adbf028d5e2e588a11bcd
511,139,03502fb599d4b513036ade56d0eac06e8cbd5ade6a2adbf028d5e2e588a11bcd
512,139,03502fb599d4b513036ade56d0eac06e8cbd5ade6a2adbf028d5e2e588a11bcd
513,139,03502fb599d4b513036ade56d0eac06e8cbd5ade6a2adbf028d5e2e588a11bcd
514,139,03502fb599d4b513036ade56d0eac06e8cbd5ade6a2adbf028d5e2e588a11bcd
515,139,03502fb599d4b513036ade56d0eac06e8cbd5ade6a2adbf028d5e2e588a11bcd
516,139,03502fb599d4b513036ade56d0eac06e8cbd5ade6a2adbf028d5e2e588a11bcd
517,139,03502fb599d4b513036ade56d0eac06e8cbd5ade6a2adbf028d5e2e588a11bcd
518,139,03502fb599d4b513036ade56d0eac06e8cbd5ade6a2adbf028d5e2e588a11bcd
519,139,03502fb599d4b513036ade56d0eac06e8cbd5ade6a2adbf028d5e2e588a11bcd
520,139,03502fb599d4b513036ade56d0eac06e8cbd5ade6a2adbf028d5e2e588a11bcd
521,139,03502fb599d4b513036ade56d0eac06e8cbd5ade6a2adbf028d5e2e588a11bcd
522,139,03502fb599d4b513036ade56d0eac06e8cbd5ade6a2adbf028d5e2e588a11bcd
523,139,03502fb599d4b513036ade56d0eac06e8cbd5ade6a2adbf028d5e2e588a11bcd
532,139,03502fb599d4b513036ade56d0eac06e8cbd5ade6a2adbf028d5e2e588a11bcd
244,140,03502fb599d4b513036ade56d0eac06e8cbd5ade6a2adbf028d5e2e588a11bcd
415,140,03502fb599d4b513036ade56d0eac06e8cbd5ade6a2adbf028d5e2e588a11bcd
502,140,03502fb599d4b513036ade56d0eac06e8cbd5ade6a2adbf028d5e2e588a11bcd
503,140,03502fb599d4b513036ade56d0eac06e8cbd5ade6a2adbf028d5e2e588a11bcd
504,140,03502fb599d4b513036ade56d0eac06e8cbd5ade6a2adbf028d5e2e588a11bcd
505,140,03502fb599d4b513036ade56d0eac06e8cbd5ade6a2adbf028d5e2e588a11bcd
506,140,03502fb599d4b513036ade56d0eac06e8cbd5ade6a2adbf028d5e2e588a11bcd
507,140,03502fb599d4b513036ade56d0eac06e8cbd5ade6a2adbf028d5e2e588a11bcd
508,140,03502fb599d4b513036ade56d0eac06e8cbd5ade6a2adbf028d5e2e588a11bcd
509,140,03502fb599d4b513036ade56d0eac06e8cbd5ade6a2adbf028d5e2e588a11bcd
510,140,03502fb599d4b513036ade56d0eac06e8cbd5ade6a2adbf028d5e2e588a11bcd
511,140,03502fb599d4b513036ade56d0eac06e8cbd5ade6a2adbf028d5e2e588a11bcd
512,140,03502fb599d4b513036ade56d0eac06e8cbd5ade6a2adbf028d5e2e588a11bcd
513,140,03502fb599d4b513036ade56d0eac06e8cbd5ade6a2adbf028d5e2e588a11bcd
514,140,03502fb599d4b513036ade56d0eac06e8cbd5ade6a2adbf028d5e2e588a11bcd
515,140,03502fb599d4b513036ade56d0eac06e8cbd5ade6a2adbf028d5e2e588a11bcd
516,140,03502fb599d4b513036ade56d0eac06e8cbd5ade6a2adbf028d5e2e588a11bcd
517,140,03502fb599d4b513036ade56d0eac06e8cbd5ade6a2adbf028d5e2e588a11bcd
518,140,03502fb599d4b513036ade56d0eac06e8cbd5ade6a2adbf028d5e2e588a11bcd
519,140,03502fb599d4b513036ade56d0eac06e8cbd5ade6a2adbf028d5e2e588a11bcd
520,140,03502fb599d4b513036ade56d0eac06e8cbd5ade6a2adbf028d5e2e588a11bcd
521,140,03502fb599d4b513036ade56d0eac06e8cbd5ade6a2adbf028d5e2e588a11bcd
522,140,03502fb599d4b513036ade56d0eac06e8cbd5ade6a2adbf028d5e2e588a11bcd
523,140,03502fb599d4b513036ade56d0eac06e8cbd5ade6a2adbf028d5e2e588a11bcd
532,140,03502fb599d4b513036ade56d0eac06e8cbd5ade6a2adbf028d5e2e588a11bcd
244,141,03502fb599d4b513036ade56d0eac06e8cbd5ade6a2adbf028d5e2e588a11bcd
415,141,03502fb599d4b513036ade56d0eac06e8cbd5ade6a2adbf028d5e2e588a11bcd
416,141,03502fb599d4b513036ade56d0eac06e8cbd5ade6a2adbf028d5e2e588a11bcd
417,141,03502fb599d4b513036ade56d0eac06e8cbd5ade6a2adbf028d5e2e588a11bcd
418,141,03502fb599d4b513036ade56d0eac06e8cbd5ade6a2adbf028d5e2e588a11bcd
419,141,03502fb599d4b513036ade56d0eac06e8cbd5ade6a2adbf028d5e2e588a11bcd
420,141,03502fb599d4b513036ade56d0eac06e8cbd5ade6a2adbf028d5e2e588a11bcd
421,141,03502fb599d4b513036ade56d0eac06e8cbd5ade6a2adbf028d5e2e588a11bcd
422,141,03502fb599d4b513036ade56d0eac06e8cbd5ade6a2adbf028d5e2e588a11bcd
423,141,03502fb599d4b513036ade56d0eac06e8cbd5ade6a2adbf028d5e2e588a11bcd
424,141,03502fb599d4b513036ade56d0eac06e8cbd5ade6a2adbf028d5e2e588a11bcd
425,141,03502fb599d4b513036ade56d0eac06e8cbd5ade6a2adbf028d5e2e588a11bcd
426,141,03502fb599d4b513036ade56d0eac06e8cbd5ade6a2adbf028d5e2e588a11bcd
427,141,03502fb599d4b513036ade56d0eac06e8cbd5ade6a2adbf028d5e2e588a11bcd
428,141,03502fb599d4b513036ade56d0eac06e8cbd5ade6a2adbf028d5e2e588a11bcd
429,141,03502fb599d4b513036ade56d0eac06e8cbd5ade6a2adbf028d5e2e588a11bcd
430,141,03502fb599d4b513036ade56d0eac06e8cbd5ade6a2adbf028d5e2e588a11bcd
431,141,03502fb599d4b513036ade56d0eac06e8cbd5ade6a2adbf028d5e2e588a11bcd
432,141,03502fb599d4b513036ade56d0eac06e8cbd5ade6a2adbf028d5e2e588a11bcd
433,141,03502fb599d4b513036ade56d0eac06e8cbd5ade6a2adbf028d5e2e588a11bcd
434,141,03502fb599d4b513036ade56d0eac06e8cbd5ade6a2adbf028d5e2e588a11bcd
435,141,03502fb599d4b513036ade56d0eac06e8cbd5ade6a2adbf028d5e2e588a11bcd
436,141,03502fb599d4b513036ade56d0eac06e8cbd5ade6a2adbf028d5e2e588a11bcd
437,141,03502fb599d4b513036ade56d0eac06e8cbd5ade6a2adbf028d5e2e588a11bcd
438,141,03502fb599d4b513036ade56d0eac06e8cbd5ade6a2adbf028d5e2e588a11bcd
439,141,03502fb599d4b513036ade56d0eac06e8cbd5ade6a2adbf028d5e2e588a11bcd
440,141,03502fb599d4b513036ade56d0eac06e8cbd5ade6a2adbf028d5e2e588a11bcd
441,141,03502fb599d4b513036ade56d0eac06e8cbd5ade6a2adbf028d5e2e588a11bcd
442,141,03502fb599d4b513036ade56d0eac06e8cbd5ade6a2adbf028d5e2e588a11bcd
443,141,03502fb599d4b513036ade56d0eac06e8cbd5ade6a2adbf028d5e2e588a11bcd
444,141,03502fb599d4b513036ade56d0eac06e8cbd5ade6a2adbf028d5e2e588a11bcd
445,141,03502fb599d4b513036ade56d0eac06e8cbd5ade6a2adbf028d5e2e588a11bcd
446,141,03502fb599d4b513036ade56d0eac06e8cbd5ade6a2adbf028d5e2e588a11bcd
447,141,03502fb599d4b513036ade56d0eac06e8cbd5ade6a2adbf028d5e2e588a11bcd
448,141,03502fb599d4b513036ade56d0eac06e8cbd5ade6a2adbf028d5e2e588a11bcd
449,141,03502fb599d4b513036ade56d0eac06e8cbd5ade6a2adbf028d5e2e588a11bcd
450,141,03502fb599d4b513036ade56d0eac06e8cbd5ade6a2adbf028d5e2e588a11bcd
451,141,03502fb599d4b513036ade56d0eac06e8cbd5ade6a2adbf028d5e2e588a11bcd
452,141,03502fb599d4b513036ade56d0eac06e8cbd5ade6a2adbf028d5e2e588a11bcd
453,141,03502fb599d4b513036ade56d0eac06e8cbd5ade6a2adbf028d5e2e588a11bcd
454,141,03502fb599d4b513036ade56d0eac06e8cbd5ade6a2adbf028d5e2e588a11bcd
455,141,03502fb599d4b513036ade56d0eac06e8cbd5ade6a2adbf028d5e2e588a11bcd
456,141,03502fb599d4b513036ade56d0eac06e8cbd5ade6a2adbf028d5e2e588a11bcd
457,141,03502fb599d4b513036ade56d0eac06e8cbd5ade6a2adbf028d5e2e588a11bcd
458,141,03502fb599d4b513036ade56d0eac06e8cbd5ade6a2adbf028d5e2e588a11bcd
459,141,03502fb599d4b513036ade56d0eac06e8cbd5ade6a2adbf028d5e2e588a11bcd
460,141,03502fb599d4b513036ade56d0eac06e8cbd5ade6a2adbf028d5e2e588a11bcd
461,141,03502fb599d4b513036ade56d0eac06e8cbd5ade6a2adbf028d5e2e588a11bcd
462,141,03502fb599d4b513036ade56d0eac06e8cbd5ade6a2adbf028d5e2e588a11bcd
463,141,03502fb599d4b513036ade56d0eac06e8cbd5ade6a2adbf028d5e2e588a11bcd
464,141,03502fb599d4b513036ade56d0eac06e8cbd5ade6a2adbf028d5e2e588a11bcd
465,141,03502fb599d4b513036ade56d0eac06e8cbd5ade6a2adbf028d5e2e588a11bcd
466,141,03502fb599d4b513036ade56d0eac06e8cbd5ade6a2adbf028d5e2e588a11bcd
467,141,03502fb599d4b513036ade56d0eac06e8cbd5ade6a2adbf028d5e2e588a11bcd
468,141,03502fb599d4b513036ade56d0eac06e8cbd5ade6a2adbf028d5e2e588a11bcd
469,141,03502fb599d4b513036ade56d0eac06e8cbd5ade6a2adbf028d5e2e588a11bcd
470,141,03502fb599d4b513036ade56d0eac06e8cbd5ade6a2adbf028d5e2e588a11bcd
471,141,03502fb599d4b513036ade56d0eac06e8cbd5ade6a2adbf028d5e2e588a11bcd
472,141,03502fb599d4b513036ade56d0eac06e8cbd5ade6a2adbf028d5e2e588a11bcd
473,141,03502fb599d4b513036ade56d0eac06e8cbd5ade6a2adbf028d5e2e588a11bcd
474,141,03502fb599d4b513036ade56d0eac06e8cbd5ade6a2adbf028d5e2e588a11bcd
475,141,03502fb599d4b513036ade56d0eac06e8cbd5ade6a2adbf028d5e2e588a11bcd
476,141,03502fb599d4b513036ade56d0eac06e8cbd5ade6a2adbf028d5e2e588a11bcd
477,141,03502fb599d4b513036ade56d0eac06e8cbd5ade6a2adbf028d5e2e588a11bcd
478,141,03502fb599d4b513036ade56d0eac06e8cbd5ade6a2adbf028d5e2e588a11bcd
479,141,03502fb599d4b513036ade56d0eac06e8cbd5ade6a2adbf028d5e2e588a11bcd
480,141,03502fb599d4b513036ade56d0eac06e8cbd5ade6a2adbf028d5e2e588a11bcd
481,141,03502fb599d4b513036ade56d0eac06e8cbd5ade6a2adbf028d5e2e588a11bcd
482,141,03502fb599d4b513036ade56d0eac06e8cbd5ade6a2adbf028d5e2e588a11bcd
483,141,03502fb599d4b513036ade56d0eac06e8cbd5ade6a2adbf028d5e2e588a11bcd
484,141,03502fb599d4b513036ade56d0eac06e8cbd5ade6a2adbf028d5e2e588a11bcd
485,141,03502fb599d4b513036ade56d0eac06e8cbd5ade6a2adbf028d5e2e588a11bcd
486,141,03502fb599d4b513036ade56d0eac06e8cbd5ade6a2adbf028d5e2e588a11bcd
487,141,03502fb599d4b513036ade56d0eac06e8cbd5ade6a2adbf028d5e2e588a11bcd
488,141,03502fb599d4b513036ade56d0eac06e8cbd5ade6a2adbf028d5e2e588a11bcd
489,141,03502fb599d4b513036ade56d0eac06e8cbd5ade6a2adbf028d5e2e588a11bcd
490,141,03502fb599d4b513036ade56d0eac06e8cbd5ade6a2adbf028d5e2e588a11bcd
491,141,03502fb599d4b513036ade56d0eac06e8cbd5ade6a2adbf028d5e2e588a11bcd
492,141,03502fb599d4b513036ade56d0eac06e8cbd5ade6a2adbf028d5e2e588a11bcd
493,141,03502fb599d4b513036ade56d0eac06e8cbd5ade6a2adbf028d5e2e588a11bcd
494,141,03502fb599d4b513036ade56d0eac06e8cbd5ade6a2adbf028d5e2e588a11bcd
495,141,03502fb599d4b513036ade56d0eac06e8cbd5ade6a2adbf028d5e2e588a11bcd
496,141,03502fb599d4b513036ade56d0eac06e8cbd5ade6a2adbf028d5e2e588a11bcd
497,141,03502fb599d4b513036ade56d0eac06e8cbd5ade6a2adbf028d5e2e588a11bcd
498,141,03502fb599d4b513036ade56d0eac06e8cbd5ade6a2adbf028d5e2e588a11bcd
499,141,03502fb599d4b513036ade56d0eac06e8cbd5ade6a2adbf028d5e2e588a11bcd
500,141,03502fb599d4b513036ade56d0eac06e8cbd5ade6a2adbf028d5e2e588a11bcd
501,141,03502fb599d4b513036ade56d0eac06e8cbd5ade6a2adbf028d5e2e588a11bcd
502,141,03502fb599d4b513036ade56d0eac06e8cbd5ade6a2adbf028d5e2e588a11bcd
503,141,03502fb599d4b513036ade56d0eac06e8cbd5ade6a2adbf028d5e2e588a11bcd
504,141,03502fb599d4b513036ade56d0eac06e8cbd5ade6a2adbf028d5e2e588a11bcd
505,141,03502fb599d4b513036ade56d0eac06e8cbd5ade6a2adbf028d5e2e588a11bcd
506,141,03502fb599d4b513036ade56d0eac06e8cbd5ade6a2adbf028d5e2e588a11bcd
507,141,03502fb599d4b513036ade56d0eac06e8cbd5ade6a2adbf028d5e2e588a11bcd
508,141,03502fb599d4b513036ade56d0eac06e8cbd5ade6a2adbf028d5e2e588a11bcd
509,141,03502fb599d4b513036ade56d0eac06e8cbd5ade6a2adbf028d5e2e588a11bcd
510,141,03502fb599d4b513036ade56d0eac06e8cbd5ade6a2adbf028d5e2e588a11bcd
511,141,03502fb599d4b513036ade56d0eac06e8cbd5ade6a2adbf028d5e2e588a11bcd
512,141,03502fb599d4b513036ade56d0eac06e8cbd5ade6a2adbf028d5e2e588a11bcd
513,141,03502fb599d4b513036ade56d0eac06e8cbd5ade6a2adbf028d5e2e588a11bcd
514,141,03502fb599d4b513036ade56d0eac06e8cbd5ade6a2adbf028d5e2e588a11bcd
515,141,03502fb599d4b513036ade56d0eac06e8cbd5ade6a2adbf028d5e2e588a11bcd
516,141,03502fb599d4b513036ade56d0eac06e8cbd5ade6a2adbf028d5e2e588a11bcd
517,141,03502fb599d4b513036ade56d0eac06e8cbd5ade6a2adbf028d5e2e588a11bcd
518,141,03502fb599d4b513036ade56d0eac06e8cbd5ade6a2adbf028d5e2e588a11bcd
519,141,03502fb599d4b513036ade56d0eac06e8cbd5ade6a2adbf028d5e2e588a11bcd
520,141,03502fb599d4b513036ade56d0eac06e8cbd5ade6a2adbf028d5e2e588a11bcd
521,141,03502fb599d4b513036ade56d0eac06e8cbd5ade6a2adbf028d5e2e588a11bcd
522,141,03502fb599d4b513036ade56d0eac06e8cbd5ade6a2adbf028d5e2e588a11bcd
523,141,03502fb599d4b513036ade56d0eac06e8cbd5ade6a2adbf028d5e2e588a11bcd
532,141,03502fb599d4b513036ade56d0eac06e8cbd5ade6a2adbf028d5e2e588a11bcd
244,142,03502fb599d4b513036ade56d0eac06e8cbd5ade6a2adbf028d5e2e588a11bcd
415,142,03502fb599d4b513036ade56d0eac06e8cbd5ade6a2adbf028d5e2e588a11bcd
416,142,03502fb599d4b513036ade56d0eac06e8cbd5ade6a2adbf028d5e2e588a11bcd
417,142,03502fb599d4b513036ade56d0eac06e8cbd5ade6a2adbf028d5e2e588a11bcd
418,142,03502fb599d4b513036ade56d0eac06e8cbd5ade6a2adbf028d5e2e588a11bcd
419,142,03502fb599d4b513036ade56d0eac06e8cbd5ade6a2adbf028d5e2e588a11bcd
420,142,03502fb599d4b513036ade56d0eac06e8cbd5ade6a2adbf028d5e2e588a11bcd
421,142,03502fb599d4b513036ade56d0eac06e8cbd5ade6a2adbf028d5e2e588a11bcd
422,142,03502fb599d4b513036ade56d0eac06e8cbd5ade6a2adbf028d5e2e588a11bcd
423,142,03502fb599d4b513036ade56d0eac06e8cbd5ade6a2adbf028d5e2e588a11bcd
424,142,03502fb599d4b513036ade56d0eac06e8cbd5ade6a2adbf028d5e2e588a11bcd
425,142,03502fb599d4b513036ade56d0eac06e8cbd5ade6a2adbf028d5e2e588a11bcd
426,142,03502fb599d4b513036ade56d0eac06e8cbd5ade6a2adbf028d5e2e588a11bcd
427,142,03502fb599d4b513036ade56d0eac06e8cbd5ade6a2adbf028d5e2e588a11bcd
428,142,03502fb599d4b513036ade56d0eac06e8cbd5ade6a2adbf028d5e2e588a11bcd
429,142,03502fb599d4b513036ade56d0eac06e8cbd5ade6a2adbf028d5e2e588a11bcd
430,142,03502fb599d4b513036ade56d0eac06e8cbd5ade6a2adbf028d5e2e588a11bcd
431,142,03502fb599d4b513036ade56d0eac06e8cbd5ade6a2adbf028d5e2e588a11bcd
432,142,03502fb599d4b513036ade56d0eac06e8cbd5ade6a2adbf028d5e2e588a11bcd
433,142,03502fb599d4b513036ade56d0eac06e8cbd5ade6a2adbf028d5e2e588a11bcd
434,142,03502fb599d4b513036ade56d0eac06e8cbd5ade6a2adbf028d5e2e588a11bcd
435,142,03502fb599d4b513036ade56d0eac06e8cbd5ade6a2adbf028d5e2e588a11bcd
436,142,03502fb599d4b513036ade56d0eac06e8cbd5ade6a2adbf028d5e2e588a11bcd
437,142,03502fb599d4b513036ade56d0eac06e8cbd5ade6a2adbf028d5e2e588a11bcd
438,142,03502fb599d4b513036ade56d0eac06e8cbd5ade6a2adbf028d5e2e588a11bcd
439,142,03502fb599d4b513036ade56d0eac06e8cbd5ade6a2adbf028d5e2e588a11bcd
440,142,03502fb599d4b513036ade56d0eac06e8cbd5ade6a2adbf028d5e2e588a11bcd
441,142,03502fb599d4b513036ade56d0eac06e8cbd5ade6a2adbf028d5e2e588a11bcd
442,142,03502fb599d4b513036ade56d0eac06e8cbd5ade6a2adbf028d5e2e588a11bcd
443,142,03502fb599d4b513036ade56d0eac06e8cbd5ade6a2adbf028d5e2e588a11bcd
444,142,03502fb599d4b513036ade56d0eac06e8cbd5ade6a2adbf028d5e2e588a11bcd
445,142,03502fb599d4b513036ade56d0eac06e8cbd5ade6a2adbf028d5e2e588a11bcd
446,142,03502fb599d4b513036ade56d0eac06e8cbd5ade6a2adbf028d5e2e588a11bcd
447,142,03502fb599d4b513036ade56d0eac06e8cbd5ade6a2adbf028d5e2e588a11bcd
448,142,03502fb599d4b513036ade56d0eac06e8cbd5ade6a2adbf028d5e2e588a11bcd
449,142,03502fb599d4b513036ade56d0eac06e8cbd5ade6a2adbf028d5e2e588a11bcd
450,142,03502fb599d4b513036ade56d0eac06e8cbd5ade6a2adbf028d5e2e588a11bcd
451,142,03502fb599d4b513036ade56d0eac06e8cbd5ade6a2adbf028d5e2e588a11bcd
452,142,03502fb599d4b513036ade56d0eac06e8cbd5ade6a2adbf028d5e2e588a11bcd
453,142,03502fb599d4b513036ade56d0eac06e8cbd5ade6a2adbf028d5e2e588a11bcd
454,142,03502fb599d4b513036ade56d0eac06e8cbd5ade6a2adbf028d5e2e588a11bcd
455,142,03502fb599d4b513036ade56d0eac06e8cbd5ade6a2adbf028d5e2e588a11bcd
456,142,03502fb599d4b513036ade56d0eac06e8cbd5ade6a2adbf028d5e2e588a11bcd
457,142,03502fb599d4b513036ade56d0eac06e8cbd5ade6a2adbf028d5e2e588a11bcd
458,142,03502fb599d4b513036ade56d0eac06e8cbd5ade6a2adbf028d5e2e588a11bcd
459,142,03502fb599d4b513036ade56d0eac06e8cbd5ade6a2adbf028d5e2e588a11bcd
460,142,03502fb599d4b513036ade56d0eac06e8cbd5ade6a2adbf028d5e2e588a11bcd
461,142,03502fb599d4b513036ade56d0eac06e8cbd5ade6a2adbf028d5e2e588a11bcd
462,142,03502fb599d4b513036ade56d0eac06e8cbd5ade6a2adbf028d5e2e588a11bcd
463,142,03502fb599d4b513036ade56d0eac06e8cbd5ade6a2adbf028d5e2e588a11bcd
464,142,03502fb599d4b513036ade56d0eac06e8cbd5ade6a2adbf028d5e2e588a11bcd
465,142,03502fb599d4b513036ade56d0eac06e8cbd5ade6a2adbf028d5e2e588a11bcd
466,142,03502fb599d4b513036ade56d0eac06e8cbd5ade6a2adbf028d5e2e588a11bcd
467,142,03502fb599d4b513036ade56d0eac06e8cbd5ade6a2adbf028d5e2e588a11bcd
468,142,03502fb599d4b513036ade56d0eac06e8cbd5ade6a2adbf028d5e2e588a11bcd
469,142,03502fb599d4b513036ade56d0eac06e8cbd5ade6a2adbf028d5e2e588a11bcd
470,142,03502fb599d4b513036ade56d0eac06e8cbd5ade6a2adbf028d5e2e588a11bcd
471,142,03502fb599d4b513036ade56d0eac06e8cbd5ade6a2adbf028d5e2e588a11bcd
472,142,03502fb599d4b513036ade56d0eac06e8cbd5ade6a2adbf028d5e2e588a11bcd
473,142,03502fb599d4b513036ade56d0eac06e8cbd5ade6a2adbf028d5e2e588a11bcd
474,142,03502fb599d4b513036ade56d0eac06e8cbd5ade6a2adbf028d5e2e588a11bcd
475,142,03502fb599d4b513036ade56d0eac06e8cbd5ade6a2adbf028d5e2e588a11bcd
476,142,03502fb599d4b513036ade56d0eac06e8cbd5ade6a2adbf028d5e2e588a11bcd
477,142,03502fb599d4b513036ade56d0eac06e8cbd5ade6a2adbf028d5e2e588a11bcd
478,142,03502fb599d4b513036ade56d0eac06e8cbd5ade6a2adbf028d5e2e588a11bcd
479,142,03502fb599d4b513036ade56d0eac06e8cbd5ade6a2adbf028d5e2e588a11bcd
480,142,03502fb599d4b513036ade56d0eac06e8cbd5ade6a2adbf028d5e2e588a11bcd
481,142,03502fb599d4b513036ade56d0eac06e8cbd5ade6a2adbf028d5e2e588a11bcd
482,142,03502fb599d4b513036ade56d0eac06e8cbd5ade6a2adbf028d5e2e588a11bcd
483,142,03502fb599d4b513036ade56d0eac06e8cbd5ade6a2adbf028d5e2e588a11bcd
484,142,03502fb599d4b513036ade56d0eac06e8cbd5ade6a2adbf028d5e2e588a11bcd
485,142,03502fb599d4b513036ade56d0eac06e8cbd5ade6a2adbf028d5e2e588a11bcd
486,142,03502fb599d4b513036ade56d0eac06e8cbd5ade6a2adbf028d5e2e588a11bcd
487,142,03502fb599d4b513036ade56d0eac06e8cbd5ade6a2adbf028d5e2e588a11bcd
488,142,03502fb599d4b513036ade56d0eac06e8cbd5ade6a2adbf028d5e2e588a11bcd
489,142,03502fb599d4b513036ade56d0eac06e8cbd5ade6a2adbf028d5e2e588a11bcd
490,142,03502fb599d4b513036ade56d0eac06e8cbd5ade6a2adbf028d5e2e588a11bcd
491,142,03502fb599d4b513036ade56d0eac06e8cbd5ade6a2adbf028d5e2e588a11bcd
492,142,03502fb599d4b513036ade56d0eac06e8cbd5ade6a2adbf028d5e2e588a11bcd
493,142,03502fb599d4b513036ade56d0eac06e8cbd5ade6a2adbf028d5e2e588a11bcd
494,142,03502fb599d4b513036ade56d0eac06e8cbd5ade6a2adbf028d5e2e588a11bcd
495,142,03502fb599d4b513036ade56d0eac06e8cbd5ade6a2adbf028d5e2e588a11bcd
496,142,03502fb599d4b513036ade56d0eac06e8cbd5ade6a2adbf028d5e2e588a11bcd
497,142,03502fb599d4b513036ade56d0eac06e8cbd5ade6a2adbf028d5e2e588a11bcd
498,142,03502fb599d4b513036ade56d0eac06e8cbd5ade6a2adbf028d5e2e588a11bcd
499,142,03502fb599d4b513036ade56d0eac06e8cbd5ade6a2adbf028d5e2e588a11bcd
500,142,03502fb599d4b513036ade56d0eac06e8cbd5ade6a2adbf028d5e2e588a11bcd
501,142,03502fb599d4b513036ade56d0eac06e8cbd5ade6a2adbf028d5e2e588a11bcd
502,142,03502fb599d4b513036ade56d0eac06e8cbd5ade6a2adbf028d5e2e588a11bcd
503,142,03502fb599d4b513036ade56d0eac06e8cbd5ade6a2adbf028d5e2e588a11bcd
504,142,03502fb599d4b513036ade56d0eac06e8cbd5ade6a2adbf028d5e2e588a11bcd
505,142,03502fb599d4b513036ade56d0eac06e8cbd5ade6a2adbf028d5e2e588a11bcd
506,142,03502fb599d4b513036ade56d0eac06e8cbd5ade6a2adbf028d5e2e588a11bcd
507,142,03502fb599d4b513036ade56d0eac06e8cbd5ade6a2adbf028d5e2e588a11bcd
508,142,03502fb599d4b513036ade56d0eac06e8cbd5ade6a2adbf028d5e2e588a11bcd
509,142,03502fb599d4b513036ade56d0eac06e8cbd5ade6a2adbf028d5e2e588a11bcd
510,142,03502fb599d4b513036ade56d0eac06e8cbd5ade6a2adbf028d5e2e588a11bcd
511,142,03502fb599d4b513036ade56d0eac06e8cbd5ade6a2adbf028d5e2e588a11bcd
512,142,03502fb599d4b513036ade56d0eac06e8cbd5ade6a2adbf028d5e2e588a11bcd
513,142,03502fb599d4b513036ade56d0eac06e8cbd5ade6a2adbf028d5e2e588a11bcd
514,142,03502fb599d4b513036ade56d0eac06e8cbd5ade6a2adbf028d5e2e588a11bcd
515,142,03502fb599d4b513036ade56d0eac06e8cbd5ade6a2adbf028d5e2e588a11bcd
516,142,03502fb599d4b513036ade56d0eac06e8cbd5ade6a2adbf028d5e2e588a11bcd
517,142,03502fb599d4b513036ade56d0eac06e8cbd5ade6a2adbf028d5e2e588a11bcd
518,142,03502fb599d4b513036ade56d0eac06e8cbd5ade6a2adbf028d5e2e588a11bcd
519,142,03502fb599d4b513036ade56d0eac06e8cbd5ade6a2adbf028d5e2e588a11bcd
520,142,03502fb599d4b513036ade56d0eac06e8cbd5ade6a2adbf028d5e2e588a11bcd
521,142,03502fb599d4b513036ade56d0eac06e8cbd5ade6a2adbf028d5e2e588a11bcd
522,142,03502fb599d4b513036ade56d0eac06e8cbd5ade6a2adbf028d5e2e588a11bcd
523,142,03502fb599d4b513036ade56d0eac06e8cbd5ade6a2adbf028d5e2e588a11bcd
532,142,03502fb599d4b513036ade56d0eac06e8cbd5ade6a2adbf028d5e2e588a11bcd
244,143,03502fb599d4b513036ade56d0eac06e8cbd5ade6a2adbf028d5e2e588a11bcd
415,143,03502fb599d4b513036ade56d0eac06e8cbd5ade6a2adbf028d5e2e588a11bcd
416,143,03502fb599d4b513036ade56d0eac06e8cbd5ade6a2adbf028d5e2e588a11bcd
417,143,03502fb599d4b513036ade56d0eac06e8cbd5ade6a2adbf028d5e2e588a11bcd
418,143,03502fb599d4b513036ade56d0eac06e8cbd5ade6a2adbf028d5e2e588a11bcd
419,143,03502fb599d4b513036ade56d0eac06e8cbd5ade6a2adbf028d5e2e588a11bcd
420,143,03502fb599d4b513036ade56d0eac06e8cbd5ade6a2adbf028d5e2e588a11bcd
421,143,03502fb599d4b513036ade56d0eac06e8cbd5ade6a2adbf028d5e2e588a11bcd
422,143,03502fb599d4b513036ade56d0eac06e8cbd5ade6a2adbf028d5e2e588a11bcd
423,143,03502fb599d4b513036ade56d0eac06e8cbd5ade6a2adbf028d5e2e588a11bcd
424,143,03502fb599d4b513036ade56d0eac06e8cbd5ade6a2adbf028d5e2e588a11bcd
425,143,03502fb599d4b513036ade56d0eac06e8cbd5ade6a2adbf028d5e2e588a11bcd
426,143,03502fb599d4b513036ade56d0eac06e8cbd5ade6a2adbf028d5e2e588a11bcd
427,143,03502fb599d4b513036ade56d0eac06e8cbd5ade6a2adbf028d5e2e588a11bcd
428,143,03502fb599d4b513036ade56d0eac06e8cbd5ade6a2adbf028d5e2e588a11bcd
429,143,03502fb599d4b513036ade56d0eac06e8cbd5ade6a2adbf028d5e2e588a11bcd
430,143,03502fb599d4b513036ade56d0eac06e8cbd5ade6a2adbf028d5e2e588a11bcd
431,143,03502fb599d4b513036ade56d0eac06e8cbd5ade6a2adbf028d5e2e588a11bcd
432,143,03502fb599d4b513036ade56d0eac06e8cbd5ade6a2adbf028d5e2e588a11bcd
433,143,03502fb599d4b513036ade56d0eac06e8cbd5ade6a2adbf028d5e2e588a11bcd
434,143,03502fb599d4b513036ade56d0eac06e8cbd5ade6a2adbf028d5e2e588a11bcd
435,143,03502fb599d4b513036ade56d0eac06e8cbd5ade6a2adbf028d5e2e588a11bcd
436,143,03502fb599d4b513036ade56d0eac06e8cbd5ade6a2adbf028d5e2e588a11bcd
437,143,03502fb599d4b513036ade56d0eac06e8cbd5ade6a2adbf028d5e2e588a11bcd
438,143,03502fb599d4b513036ade56d0eac06e8cbd5ade6a2adbf028d5e2e588a11bcd
439,143,03502fb599d4b513036ade56d0eac06e8cbd5ade6a2adbf028d5e2e588a11bcd
440,143,03502fb599d4b513036ade56d0eac06e8cbd5ade6a2adbf028d5e2e588a11bcd
441,143,03502fb599d4b513036ade56d0eac06e8cbd5ade6a2adbf028d5e2e588a11bcd
442,143,03502fb599d4b513036ade56d0eac06e8cbd5ade6a2adbf028d5e2e588a11bcd
443,143,03502fb599d4b513036ade56d0eac06e8cbd5ade6a2adbf028d5e2e588a11bcd
444,143,03502fb599d4b513036ade56d0eac06e8cbd5ade6a2adbf028d5e2e588a11bcd
445,143,03502fb599d4b513036ade56d0eac06e8cbd5ade6a2adbf028d5e2e588a11bcd
446,143,03502fb599d4b513036ade56d0eac06e8cbd5ade6a2adbf028d5e2e588a11bcd
447,143,03502fb599d4b513036ade56d0eac06e8cbd5ade6a2adbf028d5e2e588a11bcd
448,143,03502fb599d4b513036ade56d0eac06e8cbd5ade6a2adbf028d5e2e588a11bcd
449,143,03502fb599d4b513036ade56d0eac06e8cbd5ade6a2adbf028d5e2e588a11bcd
450,143,03502fb599d4b513036ade56d0eac06e8cbd5ade6a2adbf028d5e2e588a11bcd
451,143,03502fb599d4b513036ade56d0eac06e8cbd5ade6a2adbf028d5e2e588a11bcd
452,143,03502fb599d4b513036ade56d0eac06e8cbd5ade6a2adbf028d5e2e588a11bcd
453,143,03502fb599d4b513036ade56d0eac06e8cbd5ade6a2adbf028d5e2e588a11bcd
454,143,03502fb599d4b513036ade56d0eac06e8cbd5ade6a2adbf028d5e2e588a11bcd
455,143,03502fb599d4b513036ade56d0eac06e8cbd5ade6a2adbf028d5e2e588a11bcd
456,143,03502fb599d4b513036ade56d0eac06e8cbd5ade6a2adbf028d5e2e588a11bcd
457,143,03502fb599d4b513036ade56d0eac06e8cbd5ade6a2adbf028d5e2e588a11bcd
458,143,03502fb599d4b513036ade56d0eac06e8cbd5ade6a2adbf028d5e2e588a11bcd
459,143,03502fb599d4b513036ade56d0eac06e8cbd5ade6a2adbf028d5e2e588a11bcd
460,143,03502fb599d4b513036ade56d0eac06e8cbd5ade6a2adbf028d5e2e588a11bcd
461,143,03502fb599d4b513036ade56d0eac06e8cbd5ade6a2adbf028d5e2e588a11bcd
462,143,03502fb599d4b513036ade56d0eac06e8cbd5ade6a2adbf028d5e2e588a11bcd
463,143,03502fb599d4b513036ade56d0eac06e8cbd5ade6a2adbf028d5e2e588a11bcd
464,143,03502fb599d4b513036ade56d0eac06e8cbd5ade6a2adbf028d5e2e588a11bcd
465,143,03502fb599d4b513036ade56d0eac06e8cbd5ade6a2adbf028d5e2e588a11bcd
466,143,03502fb599d4b513036ade56d0eac06e8cbd5ade6a2adbf028d5e2e588a11bcd
467,143,03502fb599d4b513036ade56d0eac06e8cbd5ade6a2adbf028d5e2e588a11bcd
468,143,03502fb599d4b513036ade56d0eac06e8cbd5ade6a2adbf028d5e2e588a11bcd
469,143,03502fb599d4b513036ade56d0eac06e8cbd5ade6a2adbf028d5e2e588a11bcd
470,143,03502fb599d4b513036ade56d0eac06e8cbd5ade6a2adbf028d5e2e588a11bcd
471,143,03502fb599d4b513036ade56d0eac06e8cbd5ade6a2adbf028d5e2e588a11bcd
472,143,03502fb599d4b513036ade56d0eac06e8cbd5ade6a2adbf028d5e2e588a11bcd
473,143,03502fb599d4b513036ade56d0eac06e8cbd5ade6a2adbf028d5e2e588a11bcd
474,143,03502fb599d4b513036ade56d0eac06e8cbd5ade6a2adbf028d5e2e588a11bcd
475,143,03502fb599d4b513036ade56d0eac06e8cbd5ade6a2adbf028d5e2e588a11bcd
476,143,03502fb599d4b513036ade56d0eac06e8cbd5ade6a2adbf028d5e2e588a11bcd
477,143,03502fb599d4b513036ade56d0eac06e8cbd5ade6a2adbf028d5e2e588a11bcd
478,143,03502fb599d4b513036ade56d0eac06e8cbd5ade6a2adbf028d5e2e588a11bcd
479,143,03502fb599d4b513036ade56d0eac06e8cbd5ade6a2adbf028d5e2e588a11bcd
480,143,03502fb599d4b513036ade56d0eac06e8cbd5ade6a2adbf028d5e2e588a11bcd
481,143,03502fb599d4b513036ade56d0eac06e8cbd5ade6a2adbf028d5e2e588a11bcd
482,143,03502fb599d4b513036ade56d0eac06e8cbd5ade6a2adbf028d5e2e588a11bcd
483,143,03502fb599d4b513036ade56d0eac06e8cbd5ade6a2adbf028d5e2e588a11bcd
484,143,03502fb599d4b513036ade56d0eac06e8cbd5ade6a2adbf028d5e2e588a11bcd
485,143,03502fb599d4b513036ade56d0eac06e8cbd5ade6a2adbf028d5e2e588a11bcd
486,143,03502fb599d4b513036ade56d0eac06e8cbd5ade6a2adbf028d5e2e588a11bcd
487,143,03502fb599d4b513036ade56d0eac06e8cbd5ade6a2adbf028d5e2e588a11bcd
488,143,03502fb599d4b513036ade56d0eac06e8cbd5ade6a2adbf028d5e2e588a11bcd
489,143,03502fb599d4b513036ade56d0eac06e8cbd5ade6a2adbf028d5e2e588a11bcd
490,143,03502fb599d4b513036ade56d0eac06e8cbd5ade6a2adbf028d5e2e588a11bcd
491,143,03502fb599d4b513036ade56d0eac06e8cbd5ade6a2adbf028d5e2e588a11bcd
492,143,03502fb599d4b513036ade56d0eac06e8cbd5ade6a2adbf028d5e2e588a11bcd
493,143,03502fb599d4b513036ade56d0eac06e8cbd5ade6a2adbf028d5e2e588a11bcd
494,143,03502fb599d4b513036ade56d0eac06e8cbd5ade6a2adbf028d5e2e588a11bcd
495,143,03502fb599d4b513036ade56d0eac06e8cbd5ade6a2adbf028d5e2e588a11bcd
496,143,03502fb599d4b513036ade56d0eac06e8cbd5ade6a2adbf028d5e2e588a11bcd
497,143,03502fb599d4b513036ade56d0eac06e8cbd5ade6a2adbf028d5e2e588a11bcd
498,143,03502fb599d4b513036ade56d0eac06e8cbd5ade6a2adbf028d5e2e588a11bcd
499,143,03502fb599d4b513036ade56d0eac06e8cbd5ade6a2adbf028d5e2e588a11bcd
500,143,03502fb599d4b513036ade56d0eac06e8cbd5ade6a2adbf028d5e2e588a11bcd
501,143,03502fb599d4b513036ade56d0eac06e8cbd5ade6a2adbf028d5e2e588a11bcd
502,143,03502fb599d4b513036ade56d0eac06e8cbd5ade6a2adbf028d5e2e588a11bcd
503,143,03502fb599d4b513036ade56d0eac06e8cbd5ade6a2adbf028d5e2e588a11bcd
504,143,03502fb599d4b513036ade56d0eac06e8cbd5ade6a2adbf028d5e2e588a11bcd
505,143,03502fb599d4b513036ade56d0eac06e8cbd5ade6a2adbf028d5e2e588a11bcd
506,143,03502fb599d4b513036ade56d0eac06e8cbd5ade6a2adbf028d5e2e588a11bcd
507,143,03502fb599d4b513036ade56d0eac06e8cbd5ade6a2adbf028d5e2e588a11bcd
508,143,03502fb599d4b513036ade56d0eac06e8cbd5ade6a2adbf028d5e2e588a11bcd
509,143,03502fb599d4b513036ade56d0eac06e8cbd5ade6a2adbf028d5e2e588a11bcd
510,143,03502fb599d4b513036ade56d0eac06e8cbd5ade6a2adbf028d5e2e588a11bcd
511,143,03502fb599d4b513036ade56d0eac06e8cbd5ade6a2adbf028d5e2e588a11bcd
512,143,03502fb599d4b513036ade56d0eac06e8cbd5ade6a2adbf028d5e2e588a11bcd
513,143,03502fb599d4b513036ade56d0eac06e8cbd5ade6a2adbf028d5e2e588a11bcd
514,143,03502fb599d4b513036ade56d0eac06e8cbd5ade6a2adbf028d5e2e588a11bcd
515,143,03502fb599d4b513036ade56d0eac06e8cbd5ade6a2adbf028d5e2e588a11bcd
516,143,03502fb599d4b513036ade56d0eac06e8cbd5ade6a2adbf028d5e2e588a11bcd
517,143,03502fb599d4b513036ade56d0eac06e8cbd5ade6a2adbf028d5e2e588a11bcd
518,143,03502fb599d4b513036ade56d0eac06e8cbd5ade6a2adbf028d5e2e588a11bcd
519,143,03502fb599d4b513036ade56d0eac06e8cbd5ade6a2adbf028d5e2e588a11bcd
520,143,03502fb599d4b513036ade56d0eac06e8cbd5ade6a2adbf028d5e2e588a11bcd
521,143,03502fb599d4b513036ade56d0eac06e8cbd5ade6a2adbf028d5e2e588a11bcd
522,143,03502fb599d4b513036ade56d0eac06e8cbd5ade6a2adbf028d5e2e588a11bcd
523,143,03502fb599d4b513036ade56d0eac06e8cbd5ade6a2adbf028d5e2e588a11bcd
532,143,03502fb599d4b513036ade56d0eac06e8cbd5ade6a2adbf028d5e2e588a11bcd
244,144,03502fb599d4b513036ade56d0eac06e8cbd5ade6a2adbf028d5e2e588a11bcd
415,144,03502fb599d4b513036ade56d0eac06e8cbd5ade6a2adbf028d5e2e588a11bcd
432,144,03502fb599d4b513036ade56d0eac06e8cbd5ade6a2adbf028d5e2e588a11bcd
433,144,03502fb599d4b513036ade56d0eac06e8cbd5ade6a2adbf028d5e2e588a11bcd
434,144,03502fb599d4b513036ade56d0eac06e8cbd5ade6a2adbf028d5e2e588a11bcd
435,144,03502fb599d4b513036ade56d0eac06e8cbd5ade6a2adbf028d5e2e588a11bcd
436,144,03502fb599d4b513036ade56d0eac06e8cbd5ade6a2adbf028d5e2e588a11bcd
437,144,03502fb599d4b513036ade56d0eac06e8cbd5ade6a2adbf028d5e2e588a11bcd
438,144,03502fb599d4b513036ade56d0eac06e8cbd5ade6a2adbf028d5e2e588a11bcd
439,144,03502fb599d4b513036ade56d0eac06e8cbd5ade6a2adbf028d5e2e588a11bcd
440,144,03502fb599d4b513036ade56d0eac06e8cbd5ade6a2adbf028d5e2e588a11bcd
441,144,03502fb599d4b513036ade56d0eac06e8cbd5ade6a2adbf028d5e2e588a11bcd
442,144,03502fb599d4b513036ade56d0eac06e8cbd5ade6a2adbf028d5e2e588a11bcd
443,144,03502fb599d4b513036ade56d0eac06e8cbd5ade6a2adbf028d5e2e588a11bcd
444,144,03502fb599d4b513036ade56d0eac06e8cbd5ade6a2adbf028d5e2e588a11bcd
445,144,03502fb599d4b513036ade56d0eac06e8cbd5ade6a2adbf028d5e2e588a11bcd
446,144,03502fb599d4b513036ade56d0eac06e8cbd5ade6a2adbf028d5e2e588a11bcd
447,144,03502fb599d4b513036ade56d0eac06e8cbd5ade6a2adbf028d5e2e588a11bcd
448,144,03502fb599d4b513036ade56d0eac06e8cbd5ade6a2adbf028d5e2e588a11bcd
449,144,03502fb599d4b513036ade56d0eac06e8cbd5ade6a2adbf028d5e2e588a11bcd
450,144,03502fb599d4b513036ade56d0eac06e8cbd5ade6a2adbf028d5e2e588a11bcd
451,144,03502fb599d4b513036ade56d0eac06e8cbd5ade6a2adbf028d5e2e588a11bcd
452,144,03502fb599d4b513036ade56d0eac06e8cbd5ade6a2adbf028d5e2e588a11bcd
453,144,03502fb599d4b513036ade56d0eac06e8cbd5ade6a2adbf028d5e2e588a11bcd
454,144,03502fb599d4b513036ade56d0eac06e8cbd5ade6a2adbf028d5e2e588a11bcd
455,144,03502fb599d4b513036ade56d0eac06e8cbd5ade6a2adbf028d5e2e588a11bcd
502,144,03502fb599d4b513036ade56d0eac06e8cbd5ade6a2adbf028d5e2e588a11bcd
532,144,03502fb599d4b513036ade56d0eac06e8cbd5ade6a2adbf028d5e2e588a11bcd
244,145,03502fb599d4b513036ade56d0eac06e8cbd5ade6a2adbf028d5e2e588a11bcd
415,145,03502fb599d4b513036ade56d0eac06e8cbd5ade6a2adbf028d5e2e588a11bcd
432,145,03502fb599d4b513036ade56d0eac06e8cbd5ade6a2adbf028d5e2e588a11bcd
433,145,03502fb599d4b513036ade56d0eac06e8cbd5ade6a2adbf028d5e2e588a11bcd
434,145,03502fb599d4b513036ade56d0eac06e8cbd5ade6a2adbf028d5e2e588a11bcd
435,145,03502fb599d4b513036ade56d0eac06e8cbd5ade6a2adbf028d5e2e588a11bcd
436,145,03502fb599d4b513036ade56d0eac06e8cbd5ade6a2adbf028d5e2e588a11bcd
437,145,03502fb599d4b513036ade56d0eac06e8cbd5ade6a2adbf028d5e2e588a11bcd
438,145,03502fb599d4b513036ade56d0eac06e8cbd5ade6a2adbf028d5e2e588a11bcd
439,145,03502fb599d4b513036ade56d0eac06e8cbd5ade6a2adbf028d5e2e588a11bcd
440,145,03502fb599d4b513036ade56d0eac06e8cbd5ade6a2adbf028d5e2e588a11bcd
441,145,03502fb599d4b513036ade56d0eac06e8cbd5ade6a2adbf028d5e2e588a11bcd
442,145,03502fb599d4b513036ade56d0eac06e8cbd5ade6a2adbf028d5e2e588a11bcd
443,145,03502fb599d4b513036ade56d0eac06e8cbd5ade6a2adbf028d5e2e588a11bcd
444,145,03502fb599d4b513036ade56d0eac06e8cbd5ade6a2adbf028d5e2e588a11bcd
445,145,03502fb599d4b513036ade56d0eac06e8cbd5ade6a2adbf028d5e2e588a11bcd
446,145,03502fb599d4b513036ade56d0eac06e8cbd5ade6a2adbf028d5e2e588a11bcd
447,145,03502fb599d4b513036ade56d0eac06e8cbd5ade6a2adbf028d5e2e588a11bcd
448,145,03502fb599d4b513036ade56d0eac06e8cbd5ade6a2adbf028d5e2e588a11bcd
449,145,03502fb599d4b513036ade56d0eac06e8cbd5ade6a2adbf028d5e2e588a11bcd
450,145,03502fb599d4b513036ade56d0eac06e8cbd5ade6a2adbf028d5e2e588a11bcd
451,145,03502fb599d4b513036ade56d0eac06e8cbd5ade6a2adbf028d5e2e588a11bcd
452,145,03502fb599d4b513036ade56d0eac06e8cbd5ade6a2adbf028d5e2e588a11bcd
453,145,03502fb599d4b513036ade56d0eac06e8cbd5ade6a2adbf028d5e2e588a11bcd
454,145,03502fb599d4b513036ade56d0eac06e8cbd5ade6a2adbf028d5e2e588a11bcd
455,145,03502fb599d4b513036ade56d0eac06e8cbd5ade6a2adbf028d5e2e588a11bcd
502,145,03502fb599d4b513036ade56d0eac06e8cbd5ade6a2adbf028d5e2e588a11bcd
532,145,03502fb599d4b513036ade56d0eac06e8cbd5ade6a2adbf028d5e2e588a11bcd
244,146,03502fb599d4b513036ade56d0eac06e8cbd5ade6a2adbf028d5e2e588a11bcd
415,146,03502fb599d4b513036ade56d0eac06e8cbd5ade6a2adbf028d5e2e588a11bcd
432,146,03502fb599d4b513036ade56d0eac06e8cbd5ade6a2adbf028d5e2e588a11bcd
433,146,03502fb599d4b513036ade56d0eac06e8cbd5ade6a2adbf028d5e2e588a11bcd
434,146,03502fb599d4b513036ade56d0eac06e8cbd5ade6a2adbf028d5e2e588a11bcd
435,146,03502fb599d4b513036ade56d0eac06e8cbd5ade6a2adbf028d5e2e588a11bcd
436,146,03502fb599d4b513036ade56d0eac06e8cbd5ade6a2adbf028d5e2e588a11bcd
437,146,03502fb599d4b513036ade56d0eac06e8cbd5ade6a2adbf028d5e2e588a11bcd
438,146,03502fb599d4b513036ade56d0eac06e8cbd5ade6a2adbf028d5e2e588a11bcd
439,146,03502fb599d4b513036ade56d0eac06e8cbd5ade6a2adbf028d5e2e588a11bcd
440,146,03502fb599d4b513036ade56d0eac06e8cbd5ade6a2adbf028d5e2e588a11bcd
441,146,03502fb599d4b513036ade56d0eac06e8cbd5ade6a2adbf028d5e2e588a11bcd
442,146,03502fb599d4b513036ade56d0eac06e8cbd5ade6a2adbf028d5e2e588a11bcd
443,146,03502fb599d4b513036ade56d0eac06e8cbd5ade6a2adbf028d5e2e588a11bcd
444,146,03502fb599d4b513036ade56d0eac06e8cbd5ade6a2adbf028d5e2e588a11bcd
445,146,03502fb599d4b513036ade56d0eac06e8cbd5ade6a2adbf028d5e2e588a11bcd
446,146,03502fb599d4b513036ade56d0eac06e8cbd5ade6a2adbf028d5e2e588a11bcd
447,146,03502fb599d4b513036ade56d0eac06e8cbd5ade6a2adbf028d5e2e588a11bcd
448,146,03502fb599d4b513036ade56d0eac06e8cbd5ade6a2adbf028d5e2e588a11bcd
449,146,03502fb599d4b513036ade56d0eac06e8cbd5ade6a2adbf028d5e2e588a11bcd
450,146,03502fb599d4b513036ade56d0eac06e8cbd5ade6a2adbf028d5e2e588a11bcd
451,146,03502fb599d4b513036ade56d0eac06e8cbd5ade6a2adbf028d5e2e588a11bcd
452,146,03502fb599d4b513036ade56d0eac06e8cbd5ade6a2adbf028d5e2e588a11bcd
453,146,03502fb599d4b513036ade56d0eac06e8cbd5ade6a2adbf028d5e2e588a11bcd
454,146,03502fb599d4b513036ade56d0eac06e8cbd5ade6a2adbf028d5e2e588a11bcd
455,146,03502fb599d4b513036ade56d0eac06e8cbd5ade6a2adbf028d5e2e588a11bcd
502,146,03502fb599d4b513036ade56d0eac06e8cbd5ade6a2adbf028d5e2e588a11bcd
532,146,03502fb599d4b513036ade56d0eac06e8cbd5ade6a2adbf028d5e2e588a11bcd
244,147,03502fb599d4b513036ade56d0eac06e8cbd5ade6a2adbf028d5e2e588a11bcd
415,147,03502fb599d4b513036ade56d0eac06e8cbd5ade6a2adbf028d5e2e588a11bcd
432,147,03502fb599d4b513036ade56d0eac06e8cbd5ade6a2adbf028d5e2e588a11bcd
433,147,03502fb599d4b513036ade56d0eac06e8cbd5ade6a2adbf028d5e2e588a11bcd
434,147,03502fb599d4b513036ade56d0eac06e8cbd5ade6a2adbf028d5e2e588a11bcd
435,147,03502fb599d4b513036ade56d0eac06e8cbd5ade6a2adbf028d5e2e588a11bcd
436,147,03502fb599d4b513036ade56d0eac06e8cbd5ade6a2adbf028d5e2e588a11bcd
437,147,03502fb599d4b513036ade56d0eac06e8cbd5ade6a2adbf028d5e2e588a11bcd
438,147,03502fb599d4b513036ade56d0eac06e8cbd5ade6a2adbf028d5e2e588a11bcd
439,147,03502fb599d4b513036ade56d0eac06e8cbd5ade6a2adbf028d5e2e588a11bcd
440,147,03502fb599d4b513036ade56d0eac06e8cbd5ade6a2adbf028d5e2e588a11bcd
441,147,03502fb599d4b513036ade56d0eac06e8cbd5ade6a2adbf028d5e2e588a11bcd
442,147,03502fb599d4b513036ade56d0eac06e8cbd5ade6a2adbf028d5e2e588a11bcd
443,147,03502fb599d4b513036ade56d0eac06e8cbd5ade6a2adbf028d5e2e588a11bcd
444,147,03502fb599d4b513036ade56d0eac06e8cbd5ade6a2adbf028d5e2e588a11bcd
445,147,03502fb599d4b513036ade56d0eac06e8cbd5ade6a2adbf028d5e2e588a11bcd
446,147,03502fb599d4b513036ade56d0eac06e8cbd5ade6a2adbf028d5e2e588a11bcd
447,147,03502fb599d4b513036ade56d0eac06e8cbd5ade6a2adbf028d5e2e588a11bcd
448,147,03502fb599d4b513036ade56d0eac06e8cbd5ade6a2adbf028d5e2e588a11bcd
449,147,03502fb599d4b513036ade56d0eac06e8cbd5ade6a2adbf028d5e2e588a11bcd
450,147,03502fb599d4b513036ade56d0eac06e8cbd5ade6a2adbf028d5e2e588a11bcd
451,147,03502fb599d4b513036ade56d0eac06e8cbd5ade6a2adbf028d5e2e588a11bcd
452,147,03502fb599d4b513036ade56d0eac06e8cbd5ade6a2adbf028d5e2e588a11bcd
453,147,03502fb599d4b513036ade56d0eac06e8cbd5ade6a2adbf028d5e2e588a11bcd
454,147,03502fb599d4b513036ade56d0eac06e8cbd5ade6a2adbf028d5e2e588a11bcd
455,147,03502fb599d4b513036ade56d0eac06e8cbd5ade6a2adbf028d5e2e588a11bcd
502,147,03502fb599d4b513036ade56d0eac06e8cbd5ade6a2adbf028d5e2e588a11bcd
532,147,03502fb599d4b513036ade56d0eac06e8cbd5ade6a2adbf028d5e2e588a11bcd
244,148,03502fb599d4b513036ade56d0eac06e8cbd5ade6a2adbf028d5e2e588a11bcd
415,148,03502fb599d4b513036ade56d0eac06e8cbd5ade6a2adbf028d5e2e588a11bcd
432,148,03502fb599d4b513036ade56d0eac06e8cbd5ade6a2adbf028d5e2e588a11bcd
433,148,03502fb599d4b513036ade56d0eac06e8cbd5ade6a2adbf028d5e2e588a11bcd
434,148,03502fb599d4b513036ade56d0eac06e8cbd5ade6a2adbf028d5e2e588a11bcd
435,148,03502fb599d4b513036ade56d0eac06e8cbd5ade6a2adbf028d5e2e588a11bcd
436,148,03502fb599d4b513036ade56d0eac06e8cbd5ade6a2adbf028d5e2e588a11bcd
437,148,03502fb599d4b513036ade56d0eac06e8cbd5ade6a2adbf028d5e2e588a11bcd
438,148,03502fb599d4b513036ade56d0eac06e8cbd5ade6a2adbf028d5e2e588a11bcd
439,148,03502fb599d4b513036ade56d0eac06e8cbd5ade6a2adbf028d5e2e588a11bcd
440,148,03502fb599d4b513036ade56d0eac06e8cbd5ade6a2adbf028d5e2e588a11bcd
441,148,03502fb599d4b513036ade56d0eac06e8cbd5ade6a2adbf028d5e2e588a11bcd
442,148,03502fb599d4b513036ade56d0eac06e8cbd5ade6a2adbf028d5e2e588a11bcd
443,148,03502fb599d4b513036ade56d0eac06e8cbd5ade6a2adbf028d5e2e588a11bcd
444,148,03502fb599d4b513036ade56d0eac06e8cbd5ade6a2adbf028d5e2e588a11bcd
445,148,03502fb599d4b513036ade56d0eac06e8cbd5ade6a2adbf028d5e2e588a11bcd
446,148,03502fb599d4b513036ade56d0eac06e8cbd5ade6a2adbf028d5e2e588a11bcd
447,148,03502fb599d4b513036ade56d0eac06e8cbd5ade6a2adbf028d5e2e588a11bcd
448,148,03502fb599d4b513036ade56d0eac06e8cbd5ade6a2adbf028d5e2e588a11bcd
449,148,03502fb599d4b513036ade56d0eac06e8cbd5ade6a2adbf028d5e2e588a11bcd
450,148,03502fb599d4b513036ade56d0eac06e8cbd5ade6a2adbf028d5e2e588a11bcd
451,148,03502fb599d4b513036ade56d0eac06e8cbd5ade6a2adbf028d5e2e588a11bcd
452,148,03502fb599d4b513036ade56d0eac06e8cbd5ade6a2adbf028d5e2e588a11bcd
453,148,03502fb599d4b513036ade56d0eac06e8cbd5ade6a2adbf028d5e2e588a11bcd
454,148,03502fb599d4b513036ade56d0eac06e8cbd5ade6a2adbf028d5e2e588a11bcd
455,148,03502fb599d4b513036ade56d0eac06e8cbd5ade6a2adbf028d5e2e588a11bcd
502,148,03502fb599d4b513036ade56d0eac06e8cbd5ade6a2adbf028d5e2e588a11bcd
532,148,03502fb599d4b513036ade56d0eac06e8cbd5ade6a2adbf028d5e2e588a11bcd
244,149,03502fb599d4b513036ade56d0eac06e8cbd5ade6a2adbf028d5e2e588a11bcd
415,149,03502fb599d4b513036ade56d0eac06e8cbd5ade6a2adbf028d5e2e588a11bcd
432,149,03502fb599d4b513036ade56d0eac06e8cbd5ade6a2adbf028d5e2e588a11bcd
433,149,03502fb599d4b513036ade56d0eac06e8cbd5ade6a2adbf028d5e2e588a11bcd
434,149,03502fb599d4b513036ade56d0eac06e8cbd5ade6a2adbf028d5e2e588a11bcd
435,149,03502fb599d4b513036ade56d0eac06e8cbd5ade6a2adbf028d5e2e588a11bcd
436,149,03502fb599d4b513036ade56d0eac06e8cbd5ade6a2adbf028d5e2e588a11bcd
437,149,03502fb599d4b513036ade56d0eac06e8cbd5ade6a2adbf028d5e2e588a11bcd
438,149,03502fb599d4b513036ade56d0eac06e8cbd5ade6a2adbf028d5e2e588a11bcd
439,149,03502fb599d4b513036ade56d0eac06e8cbd5ade6a2adbf028d5e2e588a11bcd
440,149,03502fb599d4b513036ade56d0eac06e8cbd5ade6a2adbf028d5e2e588a11bcd
441,149,03502fb599d4b513036ade56d0eac06e8cbd5ade6a2adbf028d5e2e588a11bcd
442,149,03502fb599d4b513036ade56d0eac06e8cbd5ade6a2adbf028d5e2e588a11bcd
443,149,03502fb599d4b513036ade56d0eac06e8cbd5ade6a2adbf028d5e2e588a11bcd
444,149,03502fb599d4b513036ade56d0eac06e8cbd5ade6a2adbf028d5e2e588a11bcd
445,149,03502fb599d4b513036ade56d0eac06e8cbd5ade6a2adbf028d5e2e588a11bcd
446,149,03502fb599d4b513036ade56d0eac06e8cbd5ade6a2adbf028d5e2e588a11bcd
447,149,03502fb599d4b513036ade56d0eac06e8cbd5ade6a2adbf028d5e2e588a11bcd
448,149,03502fb599d4b513036ade56d0eac06e8cbd5ade6a2adbf028d5e2e588a11bcd
449,149,03502fb599d4b513036ade56d0eac06e8cbd5ade6a2adbf028d5e2e588a11bcd
450,149,03502fb599d4b513036ade56d0eac06e8cbd5ade6a2adbf028d5e2e588a11bcd
451,149,03502fb599d4b513036ade56d0eac06e8cbd5ade6a2adbf028d5e2e588a11bcd
452,149,03502fb599d4b513036ade56d0eac06e8cbd5ade6a2adbf028d5e2e588a11bcd
453,149,03502fb599d4b513036ade56d0eac06e8cbd5ade6a2adbf028d5e2e588a11bcd
454,149,03502fb599d4b513036ade56d0eac06e8cbd5ade6a2adbf028d5e2e588a11bcd
455,149,03502fb599d4b513036ade56d0eac06e8cbd5ade6a2adbf028d5e2e588a11bcd
502,149,03502fb599d4b513036ade56d0eac06e8cbd5ade6a2adbf028d5e2e588a11bcd
532,149,03502fb599d4b513036ade56d0eac06e8cbd5ade6a2adbf028d5e2e588a11bcd
244,150,03502fb599d4b513036ade56d0eac06e8cbd5ade6a2adbf028d5e2e588a11bcd
415,150,03502fb599d4b513036ade56d0eac06e8cbd5ade6a2adbf028d5e2e588a11bcd
432,150,03502fb599d4b513036ade56d0eac06e8cbd5ade6a2adbf028d5e2e588a11bcd
433,150,03502fb599d4b513036ade56d0eac06e8cbd5ade6a2adbf028d5e2e588a11bcd
434,150,03502fb599d4b513036ade56d0eac06e8cbd5ade6a2adbf028d5e2e588a11bcd
435,150,03502fb599d4b513036ade56d0eac06e8cbd5ade6a2adbf028d5e2e588a11bcd
436,150,03502fb599d4b513036ade56d0eac06e8cbd5ade6a2adbf028d5e2e588a11bcd
437,150,03502fb599d4b513036ade56d0eac06e8cbd5ade6a2adbf028d5e2e588a11bcd
438,150,03502fb599d4b513036ade56d0eac06e8cbd5ade6a2adbf028d5e2e588a11bcd
439,150,03502fb599d4b513036ade56d0eac06e8cbd5ade6a2adbf028d5e2e588a11bcd
440,150,03502fb599d4b513036ade56d0eac06e8cbd5ade6a2adbf028d5e2e588a11bcd
441,150,03502fb599d4b513036ade56d0eac06e8cbd5ade6a2adbf028d5e2e588a11bcd
442,150,03502fb599d4b513036ade56d0eac06e8cbd5ade6a2adbf028d5e2e588a11bcd
443,150,03502fb599d4b513036ade56d0eac06e8cbd5ade6a2adbf028d5e2e588a11bcd
444,150,03502fb599d4b513036ade56d0eac06e8cbd5ade6a2adbf028d5e2e588a11bcd
445,150,03502fb599d4b513036ade56d0eac06e8cbd5ade6a2adbf028d5e2e588a11bcd
446,150,03502fb599d4b513036ade56d0eac06e8cbd5ade6a2adbf028d5e2e588a11bcd
447,150,03502fb599d4b513036ade56d0eac06e8cbd5ade6a2adbf028d5e2e588a11bcd
448,150,03502fb599d4b513036ade56d0eac06e8cbd5ade6a2adbf028d5e2e588a11bcd
449,150,03502fb599d4b513036ade56d0eac06e8cbd5ade6a2adbf028d5e2e588a11bcd
450,150,03502fb599d4b513036ade56d0eac06e8cbd5ade6a2adbf028d5e2e588a11bcd
451,150,03502fb599d4b513036ade56d0eac06e8cbd5ade6a2adbf028d5e2e588a11bcd
452,150,03502fb599d4b513036ade56d0eac06e8cbd5ade6a2adbf028d5e2e588a11bcd
453,150,03502fb599d4b513036ade56d0eac06e8cbd5ade6a2adbf028d5e2e588a11bcd
454,150,03502fb599d4b513036ade56d0eac06e8cbd5ade6a2adbf028d5e2e588a11bcd
455,150,03502fb599d4b513036ade56d0eac06e8cbd5ade6a2adbf028d5e2e588a11bcd
502,150,03502fb599d4b513036ade56d0eac06e8cbd5ade6a2adbf028d5e2e588a11bcd
532,150,03502fb599d4b513036ade56d0eac06e8cbd5ade6a2adbf028d5e2e588a11bcd
244,151,03502fb599d4b513036ade56d0eac06e8cbd5ade6a2adbf028d5e2e588a11bcd
415,151,03502fb599d4b513036ade56d0eac06e8cbd5ade6a2adbf028d5e2e588a11bcd
432,151,03502fb599d4b513036ade56d0eac06e8cbd5ade6a2adbf028d5e2e588a11bcd
433,151,03502fb599d4b513036ade56d0eac06e8cbd5ade6a2adbf028d5e2e588a11bcd
434,151,03502fb599d4b513036ade56d0eac06e8cbd5ade6a2adbf028d5e2e588a11bcd
435,151,03502fb599d4b513036ade56d0eac06e8cbd5ade6a2adbf028d5e2e588a11bcd
436,151,03502fb599d4b513036ade56d0eac06e8cbd5ade6a2adbf028d5e2e588a11bcd
437,151,03502fb599d4b513036ade56d0eac06e8cbd5ade6a2adbf028d5e2e588a11bcd
438,151,03502fb599d4b513036ade56d0eac06e8cbd5ade6a2adbf028d5e2e588a11bcd
439,151,03502fb599d4b513036ade56d0eac06e8cbd5ade6a2adbf028d5e2e588a11bcd
440,151,03502fb599d4b513036ade56d0eac06e8cbd5ade6a2adbf028d5e2e588a11bcd
441,151,03502fb599d4b513036ade56d0eac06e8cbd5ade6a2adbf028d5e2e588a11bcd
442,151,03502fb599d4b513036ade56d0eac06e8cbd5ade6a2adbf028d5e2e588a11bcd
443,151,03502fb599d4b513036ade56d0eac06e8cbd5ade6a2adbf028d5e2e588a11bcd
444,151,03502fb599d4b513036ade56d0eac06e8cbd5ade6a2adbf028d5e2e588a11bcd
445,151,03502fb599d4b513036ade56d0eac06e8cbd5ade6a2adbf028d5e2e588a11bcd
446,151,03502fb599d4b513036ade56d0eac06e8cbd5ade6a2adbf028d5e2e588a11bcd
447,151,03502fb599d4b513036ade56d0eac06e8cbd5ade6a2adbf028d5e2e588a11bcd
448,151,03502fb599d4b513036ade56d0eac06e8cbd5ade6a2adbf028d5e2e588a11bcd
449,151,03502fb599d4b513036ade56d0eac06e8cbd5ade6a2adbf028d5e2e588a11bcd
450,151,03502fb599d4b513036ade56d0eac06e8cbd5ade6a2adbf028d5e2e588a11bcd
451,151,03502fb599d4b513036ade56d0eac06e8cbd5ade6a2adbf028d5e2e588a11bcd
452,151,03502fb599d4b513036ade56d0eac06e8cbd5ade6a2adbf028d5e2e588a11bcd
453,151,03502fb599d4b513036ade56d0eac06e8cbd5ade6a2adbf028d5e2e588a11bcd
454,151,03502fb599d4b513036ade56d0eac06e8cbd5ade6a2adbf028d5e2e588a11bcd
455,151,03502fb599d4b513036ade56d0eac06e8cbd5ade6a2adbf028d5e2e588a11bcd
502,151,03502fb599d4b513036ade56d0eac06e8cbd5ade6a2adbf028d5e2e588a11bcd
532,151,03502fb599d4b513036ade56d0eac06e8cbd5ade6a2adbf028d5e2e588a11bcd
244,152,03502fb599d4b513036ade56d0eac06e8cbd5ade6a2adbf028d5e2e588a11bcd
415,152,03502fb599d4b513036ade56d0eac06e8cbd5ade6a2adbf028d5e2e588a11bcd
502,152,03502fb599d4b513036ade56d0eac06e8cbd5ade6a2adbf028d5e2e588a11bcd
532,152,03502fb599d4b513036ade56d0eac06e8cbd5ade6a2adbf028d5e2e588a11bcd
244,153,03502fb599d4b513036ade56d0eac06e8cbd5ade6a2adbf028d5e2e588a11bcd
415,153,03502fb599d4b513036ade56d0eac06e8cbd5ade6a2adbf028d5e2e588a11bcd
502,153,03502fb599d4b513036ade56d0eac06e8cbd5ade6a2adbf028d5e2e588a11bcd
532,153,03502fb599d4b513036ade56d0eac06e8cbd5ade6a2adbf028d5e2e588a11bcd
244,154,03502fb599d4b513036ade56d0eac06e8cbd5ade6a2adbf028d5e2e588a11bcd
415,154,03502fb599d4b513036ade56d0eac06e8cbd5ade6a2adbf028d5e2e588a11bcd
502,154,03502fb599d4b513036ade56d0eac06e8cbd5ade6a2adbf028d5e2e588a11bcd
532,154,03502fb599d4b513036ade56d0eac06e8cbd5ade6a2adbf028d5e2e588a11bcd
244,155,03502fb599d4b513036ade56d0eac06e8cbd5ade6a2adbf028d5e2e588a11bcd
415,155,03502fb599d4b513036ade56d0eac06e8cbd5ade6a2adbf028d5e2e588a11bcd
502,155,03502fb599d4b513036ade56d0eac06e8cbd5ade6a2adbf028d5e2e588a11bcd
532,155,03502fb599d4b513036ade56d0eac06e8cbd5ade6a2adbf028d5e2e588a11bcd
244,156,03502fb599d4b513036ade56d0eac06e8cbd5ade6a2adbf028d5e2e588a11bcd
415,156,03502fb599d4b513036ade56d0eac06e8cbd5ade6a2adbf028d5e2e588a11bcd
502,156,03502fb599d4b513036ade56d0eac06e8cbd5ade6a2adbf028d5e2e588a11bcd
532,156,03502fb599d4b513036ade56d0eac06e8cbd5ade6a2adbf028d5e2e588a11bcd
244,157,03502fb599d4b513036ade56d0eac06e8cbd5ade6a2adbf028d5e2e588a11bcd
415,157,03502fb599d4b513036ade56d0eac06e8cbd5ade6a2adbf028d5e2e588a11bcd
502,157,03502fb599d4b513036ade56d0eac06e8cbd5ade6a2adbf028d5e2e588a11bcd
532,157,03502fb599d4b513036ade56d0eac06e8cbd5ade6a2adbf028d5e2e588a11bcd
244,158,03502fb599d4b513036ade56d0eac06e8cbd5ade6a2adbf028d5e2e588a11bcd
415,158,03502fb599d4b513036ade56d0eac06e8cbd5ade6a2adbf028d5e2e588a11bcd
502,158,03502fb599d4b513036ade56d0eac06e8cbd5ade6a2adbf028d5e2e588a11bcd
532,158,03502fb599d4b513036ade56d0eac06e8cbd5ade6a2adbf028d5e2e588a11bcd
244,159,03502fb599d4b513036ade56d0eac06e8cbd5ade6a2adbf028d5e2e588a11bcd
415,159,03502fb599d4b513036ade56d0eac06e8cbd5ade6a2adbf028d5e2e588a11bcd
502,159,03502fb599d4b513036ade56d0eac06e8cbd5ade6a2adbf028d5e2e588a11bcd
532,159,03502fb599d4b513036ade56d0eac06e8cbd5ade6a2adbf028d5e2e588a11bcd
244,160,03502fb599d4b513036ade56d0eac06e8cbd5ade6a2adbf028d5e2e588a11bcd
272,160,03502fb599d4b513036ade56d0eac06e8cbd5ade6a2adbf028d5e2e588a11bcd
273,160,03502fb599d4b513036ade56d0eac06e8cbd5ade6a2adbf028d5e2e588a11bcd
274,160,03502fb599d4b513036ade56d0eac06e8cbd5ade6a2adbf028d5e2e588a11bcd
275,160,03502fb599d4b513036ade56d0eac06e8cbd5ade6a2adbf028d5e2e588a11bcd
276,160,03502fb599d4b513036ade56d0eac06e8cbd5ade6a2adbf028d5e2e588a11bcd
277,160,03502fb599d4b513036ade56d0eac06e8cbd5ade6a2adbf028d5e2e588a11bcd
278,160,03502fb599d4b513036ade56d0eac06e8cbd5ade6a2adbf028d5e2e588a11bcd
279,160,03502fb599d4b513036ade56d0eac06e8cbd5ade6a2adbf028d5e2e588a11bcd
280,160,03502fb599d4b513036ade56d0eac06e8cbd5ade6a2adbf028d5e2e588a11bcd
281,160,03502fb599d4b513036ade56d0eac06e8cbd5ade6a2adbf028d5e2e588a11bcd
282,160,03502fb599d4b513036ade56d0eac06e8cbd5ade6a2adbf028d5e2e588a11bcd
283,160,03502fb599d4b513036ade56d0eac06e8cbd5ade6a2adbf028d5e2e588a11bcd
284,160,03502fb599d4b513036ade56d0eac06e8cbd5ade6a2adbf028d5e2e588a11bcd
285,160,03502fb599d4b513036ade56d0eac06e8cbd5ade6a2adbf028d5e2e588a11bcd
286,160,03502fb599d4b513036ade56d0eac06e8cbd5ade6a2adbf028d5e2e588a11bcd
287,160,03502fb599d4b513036ade56d0eac06e8cbd5ade6a2adbf028d5e2e588a11bcd
288,160,03502fb599d4b513036ade56d0eac06e8cbd5ade6a2adbf028d5e2e588a11bcd
289,160,03502fb599d4b513036ade56d0eac06e8cbd5ade6a2adbf028d5e2e588a11bcd
290,160,03502fb599d4b513036ade56d0eac06e8cbd5ade6a2adbf028d5e2e588a11bcd
291,160,03502fb599d4b513036ade56d0eac06e8cbd5ade6a2adbf028d5e2e588a11bcd
415,160,03502fb599d4b513036ade56d0eac06e8cbd5ade6a2adbf028d5e2e588a11bcd
502,160,03502fb599d4b513036ade56d0eac06e8cbd5ade6a2adbf028d5e2e588a11bcd
532,160,03502fb599d4b513036ade56d0eac06e8cbd5ade6a2adbf028d5e2e588a11bcd
244,161,03502fb599d4b513036ade56d0eac06e8cbd5ade6a2adbf028d5e2e588a11bcd
272,161,03502fb599d4b513036ade56d0eac06e8cbd5ade6a2adbf028d5e2e588a11bcd
273,161,03502fb599d4b513036ade56d0eac06e8cbd5ade6a2adbf028d5e2e588a11bcd
274,161,03502fb599d4b513036ade56d0eac06e8cbd5ade6a2adbf028d5e2e588a11bcd
275,161,03502fb599d4b513036ade56d0eac06e8cbd5ade6a2adbf028d5e2e588a11bcd
276,161,03502fb599d4b513036ade56d0eac06e8cbd5ade6a2adbf028d5e2e588a11bcd
277,161,03502fb599d4b513036ade56d0eac06e8cbd5ade6a2adbf028d5e2e588a11bcd
278,161,03502fb599d4b513036ade56d0eac06e8cbd5ade6a2adbf028d5e2e588a11bcd
279,161,03502fb599d4b513036ade56d0eac06e8cbd5ade6a2adbf028d5e2e588a11bcd
280,161,03502fb599d4b513036ade56d0eac06e8cbd5ade6a2adbf028d5e2e588a11bcd
281,161,03502fb599d4b513036ade56d0eac06e8cbd5ade6a2adbf028d5e2e588a11bcd
282,161,03502fb599d4b513036ade56d0eac06e8cbd5ade6a2adbf028d5e2e588a11bcd
283,161,03502fb599d4b513036ade56d0eac06e8cbd5ade6a2adbf028d5e2e588a11bcd
284,161,03502fb599d4b513036ade56d0eac06e8cbd5ade6a2adbf028d5e2e588a11bcd
285,161,03502fb599d4b513036ade56d0eac06e8cbd5ade6a2adbf028d5e2e588a11bcd
286,161,03502fb599d4b513036ade56d0eac06e8cbd5ade6a2adbf028d5e2e588a11bcd
287,161,03502fb599d4b513036ade56d0eac06e8cbd5ade6a2adbf028d5e2e588a11bcd
288,161,03502fb599d4b513036ade56d0eac06e8cbd5ade6a2adbf028d5e2e588a11bcd
289,161,03502fb599d4b513036ade56d0eac06e8cbd5ade6a2adbf028d5e2e588a11bcd
290,161,03502fb599d4b513036ade56d0eac06e8cbd5ade6a2adbf028d5e2e588a11bcd
291,161,03502fb599d4b513036ade56d0eac06e8cbd5ade6a2adbf028d5e2e588a11bcd
415,161,03502fb599d4b513036ade56d0eac06e8cbd5ade6a2adbf028d5e2e588a11bcd
502,161,03502fb599d4b513036ade56d0eac06e8cbd5ade6a2adbf028d5e2e588a11bcd
532,161,03502fb599d4b513036ade56d0eac06e8cbd5ade6a2adbf028d5e2e588a11bcd
244,162,03502fb599d4b513036ade56d0eac06e8cbd5ade6a2adbf028d5e2e588a11bcd
272,162,03502fb599d4b513036ade56d0eac06e8cbd5ade6a2adbf028d5e2e588a11bcd
273,162,03502fb599d4b513036ade56d0eac06e8cbd5ade6a2adbf028d5e2e588a11bcd
274,162,03502fb599d4b513036ade56d0eac06e8cbd5ade6a2adbf028d5e2e588a11bcd
275,162,03502fb599d4b513036ade56d0eac06e8cbd5ade6a2adbf028d5e2e588a11bcd
276,162,03502fb599d4b513036ade56d0eac06e8cbd5ade6a2adbf028d5e2e588a11bcd
277,162,03502fb599d4b513036ade56d0eac06e8cbd5ade6a2adbf028d5e2e588a11bcd
278,162,03502fb599d4b513036ade56d0eac06e8cbd5ade6a2adbf028d5e2e588a11bcd
279,162,03502fb599d4b513036ade56d0eac06e8cbd5ade6a2adbf028d5e2e588a11bcd
280,162,03502fb599d4b513036ade56d0eac06e8cbd5ade6a2adbf028d5e2e588a11bcd
281,162,03502fb599d4b513036ade56d0eac06e8cbd5ade6a2adbf028d5e2e588a11bcd
282,162,03502fb599d4b513036ade56d0eac06e8cbd5ade6a2adbf028d5e2e588a11bcd
283,162,03502fb599d4b513036ade56d0eac06e8cbd5ade6a2adbf028d5e2e588a11bcd
284,162,03502fb599d4b513036ade56d0eac06e8cbd5ade6a2adbf028d5e2e588a11bcd
285,162,03502fb599d4b513036ade56d0eac06e8cbd5ade6a2adbf028d5e2e588a11bcd
286,162,03502fb599d4b513036ade56d0eac06e8cbd5ade6a2adbf028d5e2e588a11bcd
287,162,03502fb599d4b513036ade56d0eac06e8cbd5ade6a2adbf028d5e2e588a11bcd
288,162,03502fb599d4b513036ade56d0eac06e8cbd5ade6a2adbf028d5e2e588a11bcd
289,162,03502fb599d4b513036ade56d0eac06e8cbd5ade6a2adbf028d5e2e588a11bcd
290,162,03502fb599d4b513036ade56d0eac06e8cbd5ade6a2adbf028d5e2e588a11bcd
291,162,03502fb599d4b513036ade56d0eac06e8cbd5ade6a2adbf028d5e2e588a11bcd
415,162,03502fb599d4b513036ade56d0eac06e8cbd5ade6a2adbf028d5e2e588a11bcd
502,162,03502fb599d4b513036ade56d0eac06e8cbd5ade6a2adbf028d5e2e588a11bcd
532,162,03502fb599d4b513036ade56d0eac06e8cbd5ade6a2adbf028d5e2e588a11bcd
244,163,03502fb599d4b513036ade56d0eac06e8cbd5ade6a2adbf028d5e2e588a11bcd
272,163,03502fb599d4b513036ade56d0eac06e8cbd5ade6a2adbf028d5e2e588a11bcd
273,163,03502fb599d4b513036ade56d0eac06e8cbd5ade6a2adbf028d5e2e588a11bcd
274,163,03502fb599d4b513036ade56d0eac06e8cbd5ade6a2adbf028d5e2e588a11bcd
275,163,03502fb599d4b513036ade56d0eac06e8cbd5ade6a2adbf028d5e2e588a11bcd
276,163,03502fb599d4b513036ade56d0eac06e8cbd5ade6a2adbf028d5e2e588a11bcd
277,163,03502fb599d4b513036ade56d0eac06e8cbd5ade6a2adbf028d5e2e588a11bcd
278,163,03502fb599d4b513036ade56d0eac06e8cbd5ade6a2adbf028d5e2e588a11bcd
279,163,03502fb599d4b513036ade56d0eac06e8cbd5ade6a2adbf028d5e2e588a11bcd
280,163,03502fb599d4b513036ade56d0eac06e8cbd5ade6a2adbf028d5e2e588a11bcd
281,163,03502fb599d4b513036ade56d0eac06e8cbd5ade6a2adbf028d5e2e588a11bcd
282,163,03502fb599d4b513036ade56d0eac06e8cbd5ade6a2adbf028d5e2e588a11bcd
283,163,03502fb599d4b513036ade56d0eac06e8cbd5ade6a2adbf028d5e2e588a11bcd
284,163,03502fb599d4b513036ade56d0eac06e8cbd5ade6a2adbf028d5e2e588a11bcd
285,163,03502fb599d4b513036ade56d0eac06e8cbd5ade6a2adbf028d5e2e588a11bcd
286,163,03502fb599d4b513036ade56d0eac06e8cbd5ade6a2adbf028d5e2e588a11bcd
287,163,03502fb599d4b513036ade56d0eac06e8cbd5ade6a2adbf028d5e2e588a11bcd
288,163,03502fb599d4b513036ade56d0eac06e8cbd5ade6a2adbf028d5e2e588a11bcd
289,163,03502fb599d4b513036ade56d0eac06e8cbd5ade6a2adbf028d5e2e588a11bcd
290,163,03502fb599d4b513036ade56d0eac06e8cbd5ade6a2adbf028d5e2e588a11bcd
291,163,03502fb599d4b513036ade56d0eac06e8cbd5ade6a2adbf028d5e2e588a11bcd
415,163,03502fb599d4b513036ade56d0eac06e8cbd5ade6a2adbf028d5e2e588a11bcd
502,163,03502fb599d4b513036ade56d0eac06e8cbd5ade6a2adbf028d5e2e588a11bcd
532,163,03502fb599d4b513036ade56d0eac06e8cbd5ade6a2adbf028d5e2e588a11bcd
244,164,03502fb599d4b513036ade56d0eac06e8cbd5ade6a2adbf028d5e2e588a11bcd
272,164,03502fb599d4b513036ade56d0eac06e8cbd5ade6a2adbf028d5e2e588a11bcd
273,164,03502fb599d4b513036ade56d0eac06e8cbd5ade6a2adbf028d5e2e588a11bcd
274,164,03502fb599d4b513036ade56d0eac06e8cbd5ade6a2adbf028d5e2e588a11bcd
275,164,03502fb599d4b513036ade56d0eac06e8cbd5ade6a2adbf028d5e2e588a11bcd
276,164,03502fb599d4b513036ade56d0eac06e8cbd5ade6a2adbf028d5e2e588a11bcd
277,164,03502fb599d4b513036ade56d0eac06e8cbd5ade6a2adbf028d5e2e588a11bcd
278,164,03502fb599d4b513036ade56d0eac06e8cbd5ade6a2adbf028d5e2e588a11bcd
279,164,03502fb599d4b513036ade56d0eac06e8cbd5ade6a2adbf028d5e2e588a11bcd
280,164,03502fb599d4b513036ade56d0eac06e8cbd5ade6a2adbf028d5e2e588a11bcd
281,164,03502fb599d4b513036ade56d0eac06e8cbd5ade6a2adbf028d5e2e588a11bcd
282,164,03502fb599d4b513036ade56d0eac06e8cbd5ade6a2adbf028d5e2e588a11bcd
283,164,03502fb599d4b513036ade56d0eac06e8cbd5ade6a2adbf028d5e2e588a11bcd
284,164,03502fb599d4b513036ade56d0eac06e8cbd5ade6a2adbf028d5e2e588a11bcd
285,164,03502fb599d4b513036ade56d0eac06e8cbd5ade6a2adbf028d5e2e588a11bcd
286,164,03502fb599d4b513036ade56d0eac06e8cbd5ade6a2adbf028d5e2e588a11bcd
287,164,03502fb599d4b513036ade56d0eac06e8cbd5ade6a2adbf028d5e2e588a11bcd
288,164,03502fb599d4b513036ade56d0eac06e8cbd5ade6a2adbf028d5e2e588a11bcd
289,164,03502fb599d4b513036ade56d0eac06e8cbd5ade6a2adbf028d5e2e588a11bcd
290,164,03502fb599d4b513036ade56d0eac06e8cbd5ade6a2adbf028d5e2e588a11bcd
291,164,03502fb599d4b513036ade56d0eac06e8cbd5ade6a2adbf028d5e2e588a11bcd
415,164,03502fb599d4b513036ade56d0eac06e8cbd5ade6a2adbf028d5e2e588a11bcd
502,164,03502fb599d4b513036ade56d0eac06e8cbd5ade6a2adbf028d5e2e588a11bcd
532,164,03502fb599d4b513036ade56d0eac06e8cbd5ade6a2adbf028d5e2e588a11bcd
244,165,03502fb599d4b513036ade56d0eac06e8cbd5ade6a2adbf028d5e2e588a11bcd
272,165,03502fb599d4b513036ade56d0eac06e8cbd5ade6a2adbf028d5e2e588a11bcd
273,165,03502fb599d4b513036ade56d0eac06e8cbd5ade6a2adbf028d5e2e588a11bcd
274,165,03502fb599d4b513036ade56d0eac06e8cbd5ade6a2adbf028d5e2e588a11bcd
275,165,03502fb599d4b513036ade56d0eac06e8cbd5ade6a2adbf028d5e2e588a11bcd
276,165,03502fb599d4b513036ade56d0eac06e8cbd5ade6a2adbf028d5e2e588a11bcd
277,165,03502fb599d4b513036ade56d0eac06e8cbd5ade6a2adbf028d5e2e588a11bcd
278,165,03502fb599d4b513036ade56d0eac06e8cbd5ade6a2adbf028d5e2e588a11bcd
279,165,03502fb599d4b513036ade56d0eac06e8cbd5ade6a2adbf028d5e2e588a11bcd
280,165,03502fb599d4b513036ade56d0eac06e8cbd5ade6a2adbf028d5e2e588a11bcd
281,165,03502fb599d4b513036ade56d0eac06e8cbd5ade6a2adbf028d5e2e588a11bcd
282,165,03502fb599d4b513036ade56d0eac06e8cbd5ade6a2adbf028d5e2e588a11bcd
283,165,03502fb599d4b513036ade56d0eac06e8cbd5ade6a2adbf028d5e2e588a11bcd
284,165,03502fb599d4b513036ade56d0eac06e8cbd5ade6a2adbf028d5e2e588a11bcd
285,165,03502fb599d4b513036ade56d0eac06e8cbd5ade6a2adbf028d5e2e588a11bcd
286,165,03502fb599d4b513036ade56d0eac06e8cbd5ade6a2adbf028d5e2e588a11bcd
287,165,03502fb599d4b513036ade56d0eac06e8cbd5ade6a2adbf028d5e2e588a11bcd
288,165,03502fb599d4b513036ade56d0eac06e8cbd5ade6a2adbf028d5e2e588a11bcd
289,165,03502fb599d4b513036ade56d0eac06e8cbd5ade6a2adbf028d5e2e588a11bcd
290,165,03502fb599d4b513036ade56d0eac06e8cbd5ade6a2adbf028d5e2e588a11bcd
291,165,03502fb599d4b513036ade56d0eac06e8cbd5ade6a2adbf028d5e2e588a11bcd
415,165,03502fb599d4b513036ade56d0eac06e8cbd5ade6a2adbf028d5e2e588a11bcd
502,165,03502fb599d4b513036ade56d0eac06e8cbd5ade6a2adbf028d5e2e588a11bcd
532,165,03502fb599d4b513036ade56d0eac06e8cbd5ade6a2adbf028d5e2e588a11bcd
244,166,03502fb599d4b513036ade56d0eac06e8cbd5ade6a2adbf028d5e2e588a11bcd
271,166,03502fb599d4b513036ade56d0eac06e8cbd5ade6a2adbf028d5e2e588a11bcd
272,166,03502fb599d4b513036ade56d0eac06e8cbd5ade6a2adbf028d5e2e588a11bcd
273,166,03502fb599d4b513036ade56d0eac06e8cbd5ade6a2adbf028d5e2e588a11bcd
274,166,03502fb599d4b513036ade56d0eac06e8cbd5ade6a2adbf028d5e2e588a11bcd
275,166,03502fb599d4b513036ade56d0eac06e8cbd5ade6a2adbf028d5e2e588a11bcd
276,166,03502fb599d4b513036ade56d0eac06e8cbd5ade6a2adbf028d5e2e588a11bcd
277,166,03502fb599d4b513036ade56d0eac06e8cbd5ade6a2adbf028d5e2e588a11bcd
278,166,03502fb599d4b513036ade56d0eac06e8cbd5ade6a2adbf028d5e2e588a11bcd
279,166,03502fb599d4b513036ade56d0eac06e8cbd5ade6a2adbf028d5e2e588a11bcd
280,166,03502fb599d4b513036ade56d0eac06e8cbd5ade6a2adbf028d5e2e588a11bcd
281,166,03502fb599d4b513036ade56d0eac06e8cbd5ade6a2adbf028d5e2e588a11bcd
282,166,03502fb599d4b513036ade56d0eac06e8cbd5ade6a2adbf028d5e2e588a11bcd
283,166,03502fb599d4b513036ade56d0eac06e8cbd5ade6a2adbf028d5e2e588a11bcd
284,166,03502fb599d4b513036ade56d0eac06e8cbd5ade6a2adbf028d5e2e588a11bcd
285,166,03502fb599d4b513036ade56d0eac06e8cbd5ade6a2adbf028d5e2e588a11bcd
286,166,03502fb599d4b513036ade56d0eac06e8cbd5ade6a2adbf028d5e2e588a11bcd
287,166,03502fb599d4b513036ade56d0eac06e8cbd5ade6a2adbf028d5e2e588a11bcd
288,166,03502fb599d4b513036ade56d0eac06e8cbd5ade6a2adbf028d5e2e588a11bcd
289,166,03502fb599d4b513036ade56d0eac06e8cbd5ade6a2adbf028d5e2e588a11bcd
290,166,03502fb599d4b513036ade56d0eac06e8cbd5ade6a2adbf028d5e2e588a11bcd
291,166,03502fb599d4b513036ade56d0eac06e8cbd5ade6a2adbf028d5e2e588a11bcd
292,166,03502fb599d4b513036ade56d0eac06e8cbd5ade6a2adbf028d5e2e588a11bcd
293,166,03502fb599d4b513036ade56d0eac06e8cbd5ade6a2adbf028d5e2e588a11bcd
294,166,03502fb599d4b513036ade56d0eac06e8cbd5ade6a2adbf028d5e2e588a11bcd
295,166,03502fb599d4b513036ade56d0eac06e8cbd5ade6a2adbf028d5e2e588a11bcd
296,166,03502fb599d4b513036ade56d0eac06e8cbd5ade6a2adbf028d5e2e588a11bcd
297,166,03502fb599d4b513036ade56d0eac06e8cbd5ade6a2adbf028d5e2e588a11bcd
298,166,03502fb599d4b513036ade56d0eac06e8cbd5ade6a2adbf028d5e2e588a11bcd
299,166,03502fb599d4b513036ade56d0eac06e8cbd5ade6a2adbf028d5e2e588a11bcd
300,166,03502fb599d4b513036ade56d0eac06e8cbd5ade6a2adbf028d5e2e588a11bcd
301,166,03502fb599d4b513036ade56d0eac06e8cbd5ade6a2adbf028d5e2e588a11bcd
302,166,03502fb599d4b513036ade56d0eac06e8cbd5ade6a2adbf028d5e2e588a11bcd
303,166,03502fb599d4b513036ade56d0eac06e8cbd5ade6a2adbf028d5e2e588a11bcd
304,166,03502fb599d4b513036ade56d0eac06e8cbd5ade6a2adbf028d5e2e588a11bcd
305,166,03502fb599d4b513036ade56d0eac06e8cbd5ade6a2adbf028d5e2e588a11bcd
306,166,03502fb599d4b513036ade56d0eac06e8cbd5ade6a2adbf028d5e2e588a11bcd
307,166,03502fb599d4b513036ade56d0eac06e8cbd5ade6a2adbf028d5e2e588a11bcd
308,166,03502fb599d4b513036ade56d0eac06e8cbd5ade6a2adbf028d5e2e588a11bcd
309,166,03502fb599d4b513036ade56d0eac06e8cbd5ade6a2adbf028d5e2e588a11bcd
310,166,03502fb599d4b513036ade56d0eac06e8cbd5ade6a2adbf028d5e2e588a11bcd
311,166,03502fb599d4b513036ade56d0eac06e8cbd5ade6a2adbf028d5e2e588a11bcd
312,166,03502fb599d4b513036ade56d0eac06e8cbd5ade6a2adbf028d5e2e588a11bcd
313,166,03502fb599d4b513036ade56d0eac06e8cbd5ade6a2adbf028d5e2e588a11bcd
314,166,03502fb599d4b513036ade56d0eac06e8cbd5ade6a2adbf028d5e2e588a11bcd
315,166,03502fb599d4b513036ade56d0eac06e8cbd5ade6a2adbf028d5e2e588a11bcd
316,166,03502fb599d4b513036ade56d0eac06e8cbd5ade6a2adbf028d5e2e588a11bcd
317,166,03502fb599d4b513036ade56d0eac06e8cbd5ade6a2adbf028d5e2e588a11bcd
318,166,03502fb599d4b513036ade56d0eac06e8cbd5ade6a2adbf028d5e2e588a11bcd
319,166,03502fb599d4b513036ade56d0eac06e8cbd5ade6a2adbf028d5e2e588a11bcd
320,166,03502fb599d4b513036ade56d0eac06e8cbd5ade6a2adbf028d5e2e588a11bcd
321,166,03502fb599d4b513036ade56d0eac06e8cbd5ade6a2adbf028d5e2e588a11bcd
322,166,03502fb599d4b513036ade56d0eac06e8cbd5ade6a2adbf028d5e2e588a11bcd
323,166,03502fb599d4b513036ade56d0eac06e8cbd5ade6a2adbf028d5e2e588a11bcd
324,166,03502fb599d4b513036ade56d0eac06e8cbd5ade6a2adbf028d5e2e588a11bcd
325,166,03502fb599d4b513036ade56d0eac06e8cbd5ade6a2adbf028d5e2e588a11bcd
326,166,03502fb599d4b513036ade56d0eac06e8cbd5ade6a2adbf028d5e2e588a11bcd
327,166,03502fb599d4b513036ade56d0eac06e8cbd5ade6a2adbf028d5e2e588a11bcd
328,166,03502fb599d4b513036ade56d0eac06e8cbd5ade6a2adbf028d5e2e588a11bcd
329,166,03502fb599d4b513036ade56d0eac06e8cbd5ade6a2adbf028d5e2e588a11bcd
330,166,03502fb599d4b513036ade56d0eac06e8cbd5ade6a2adbf028d5e2e588a11bcd
331,166,03502fb599d4b513036ade56d0eac06e8cbd5ade6a2adbf028d5e2e588a11bcd
332,166,03502fb599d4b513036ade56d0eac06e8cbd5ade6a2adbf028d5e2e588a11bcd
333,166,03502fb599d4b513036ade56d0eac06e8cbd5ade6a2adbf028d5e2e588a11bcd
334,166,03502fb599d4b513036ade56d0eac06e8cbd5ade6a2adbf028d5e2e588a11bcd
335,166,03502fb599d4b513036ade56d0eac06e8cbd5ade6a2adbf028d5e2e588a11bcd
336,166,03502fb599d4b513036ade56d0eac06e8cbd5ade6a2adbf028d5e2e588a11bcd
337,166,03502fb599d4b513036ade56d0eac06e8cbd5ade6a2adbf028d5e2e588a11bcd
338,166,03502fb599d4b513036ade56d0eac06e8cbd5ade6a2adbf028d5e2e588a11bcd
339,166,03502fb599d4b513036ade56d0eac06e8cbd5ade6a2adbf028d5e2e588a11bcd
340,166,03502fb599d4b513036ade56d0eac06e8cbd5ade6a2adbf028d5e2e588a11bcd
341,166,03502fb599d4b513036ade56d0eac06e8cbd5ade6a2adbf028d5e2e588a11bcd
342,166,03502fb599d4b513036ade56d0eac06e8cbd5ade6a2adbf028d5e2e588a11bcd
343,166,03502fb599d4b513036ade56d0eac06e8cbd5ade6a2adbf028d5e2e588a11bcd
344,166,03502fb599d4b513036ade56d0eac06e8cbd5ade6a2adbf028d5e2e588a11bcd
345,166,03502fb599d4b513036ade56d0eac06e8cbd5ade6a2adbf028d5e2e588a11bcd
346,166,03502fb599d4b513036ade56d0eac06e8cbd5ade6a2adbf028d5e2e588a11bcd
347,166,03502fb599d4b513036ade56d0eac06e8cbd5ade6a2adbf028d5e2e588a11bcd
348,166,03502fb599d4b513036ade56d0eac06e8cbd5ade6a2adbf028d5e2e588a11bcd
349,166,03502fb599d4b513036ade56d0eac06e8cbd5ade6a2adbf028d5e2e588a11bcd
350,166,03502fb599d4b513036ade56d0eac06e8cbd5ade6a2adbf028d5e2e588a11bcd
351,166,03502fb599d4b513036ade56d0eac06e8cbd5ade6a2adbf028d5e2e588a11bcd
352,166,03502fb599d4b513036ade56d0eac06e8cbd5ade6a2adbf028d5e2e588a11bcd
353,166,03502fb599d4b513036ade56d0eac06e8cbd5ade6a2adbf028d5e2e588a11bcd
354,166,03502fb599d4b513036ade56d0eac06e8cbd5ade6a2adbf028d5e2e588a11bcd
355,166,03502fb599d4b513036ade56d0eac06e8cbd5ade6a2adbf028d5e2e588a11bcd
356,166,03502fb599d4b513036ade56d0eac06e8cbd5ade6a2adbf028d5e2e588a11bcd
357,166,03502fb599d4b513036ade56d0eac06e8cbd5ade6a2adbf028d5e2e588a11bcd
358,166,03502fb599d4b513036ade56d0eac06e8cbd5ade6a2adbf028d5e2e588a11bcd
359,166,03502fb599d4b513036ade56d0eac06e8cbd5ade6a2adbf028d5e2e588a11bcd
360,166,03502fb599d4b513036ade56d0eac06e8cbd5ade6a2adbf028d5e2e588a11bcd
361,166,03502fb599d4b513036ade56d0eac06e8cbd5ade6a2adbf028d5e2e588a11bcd
362,166,03502fb599d4b513036ade56d0eac06e8cbd5ade6a2adbf028d5e2e588a11bcd
363,166,03502fb599d4b513036ade56d0eac06e8cbd5ade6a2adbf028d5e2e588a11bcd
364,166,03502fb599d4b513036ade56d0eac06e8cbd5ade6a2adbf028d5e2e588a11bcd
365,166,03502fb599d4b513036ade56d0eac06e8cbd5ade6a2adbf028d5e2e588a11bcd
366,166,03502fb599d4b513036ade56d0eac06e8cbd5ade6a2adbf028d5e2e588a11bcd
367,166,03502fb599d4b513036ade56d0eac06e8cbd5ade6a2adbf028d5e2e588a11bcd
368,166,03502fb599d4b513036ade56d0eac06e8cbd5ade6a2adbf028d5e2e588a11bcd
369,166,03502fb599d4b513036ade56d0eac06e8cbd5ade6a2adbf028d5e2e588a11bcd
370,166,03502fb599d4b513036ade56d0eac06e8cbd5ade6a2adbf028d5e2e588a11bcd
371,166,03502fb599d4b513036ade56d0eac06e8cbd5ade6a2adbf028d5e2e588a11bcd
372,166,03502fb599d4b513036ade56d0eac06e8cbd5ade6a2adbf028d5e2e588a11bcd
373,166,03502fb599d4b513036ade56d0eac06e8cbd5ade6a2adbf028d5e2e588a11bcd
374,166,03502fb599d4b513036ade56d0eac06e8cbd5ade6a2adbf028d5e2e588a11bcd
375,166,03502fb599d4b513036ade56d0eac06e8cbd5ade6a2adbf028d5e2e588a11bcd
376,166,03502fb599d4b513036ade56d0eac06e8cbd5ade6a2adbf028d5e2e588a11bcd
377,166,03502fb599d4b513036ade56d0eac06e8cbd5ade6a2adbf028d5e2e588a11bcd
378,166,03502fb599d4b513036ade56d0eac06e8cbd5ade6a2adbf028d5e2e588a11bcd
379,166,03502fb599d4b513036ade56d0eac06e8cbd5ade6a2adbf028d5e2e588a11bcd
380,166,03502fb599d4b513036ade56d0eac06e8cbd5ade6a2adbf028d5e2e588a11bcd
381,166,03502fb599d4b513036ade56d0eac06e8cbd5ade6a2adbf028d5e2e588a11bcd
382,166,03502fb599d4b513036ade56d0eac06e8cbd5ade6a2adbf028d5e2e588a11bcd
383,166,03502fb599d4b513036ade56d0eac06e8cbd5ade6a2adbf028d5e2e588a11bcd
384,166,03502fb599d4b513036ade56d0eac06e8cbd5ade6a2adbf028d5e2e588a11bcd
385,166,03502fb599d4b513036ade56d0eac06e8cbd5ade6a2adbf028d5e2e588a11bcd
386,166,03502fb599d4b513036ade56d0eac06e8cbd5ade6a2adbf028d5e2e588a11bcd
387,166,03502fb599d4b513036ade56d0eac06e8cbd5ade6a2adbf028d5e2e588a11bcd
388,166,03502fb599d4b513036ade56d0eac06e8cbd5ade6a2adbf028d5e2e588a11bcd
389,166,03502fb599d4b513036ade56d0eac06e8cbd5ade6a2adbf028d5e2e588a11bcd
390,166,03502fb599d4b513036ade56d0eac06e8cbd5ade6a2adbf028d5e2e588a11bcd
391,166,03502fb599d4b513036ade56d0eac06e8cbd5ade6a2adbf028d5e2e588a11bcd
392,166,03502fb599d4b513036ade56d0eac06e8cbd5ade6a2adbf028d5e2e588a11bcd
393,166,03502fb599d4b513036ade56d0eac06e8cbd5ade6a2adbf028d5e2e588a11bcd
394,166,03502fb599d4b513036ade56d0eac06e8cbd5ade6a2adbf028d5e2e588a11bcd
395,166,03502fb599d4b513036ade56d0eac06e8cbd5ade6a2adbf028d5e2e588a11bcd
396,166,03502fb599d4b513036ade56d0eac06e8cbd5ade6a2adbf028d5e2e588a11bcd
397,166,03502fb599d4b513036ade56d0eac06e8cbd5ade6a2adbf028d5e2e588a11bcd
398,166,03502fb599d4b513036ade56d0eac06e8cbd5ade6a2adbf028d5e2e588a11bcd
399,166,03502fb599d4b513036ade56d0eac06e8cbd5ade6a2adbf028d5e2e588a11bcd
400,166,03502fb599d4b513036ade56d0eac06e8cbd5ade6a2adbf028d5e2e588a11bcd
401,166,03502fb599d4b513036ade56d0eac06e8cbd5ade6a2adbf028d5e2e588a11bcd
402,166,03502fb599d4b513036ade56d0eac06e8cbd5ade6a2adbf028d5e2e588a11bcd
403,166,03502fb599d4b513036ade56d0eac06e8cbd5ade6a2adbf028d5e2e588a11bcd
404,166,03502fb599d4b513036ade56d0eac06e8cbd5ade6a2adbf028d5e2e588a11bcd
405,166,03502fb599d4b513036ade56d0eac06e8cbd5ade6a2adbf028d5e2e588a11bcd
406,166,03502fb599d4b513036ade56d0eac06e8cbd5ade6a2adbf028d5e2e588a11bcd
407,166,03502fb599d4b513036ade56d0eac06e8cbd5ade6a2adbf028d5e2e588a11bcd
408,166,03502fb599d4b513036ade56d0eac06e8cbd5ade6a2adbf028d5e2e588a11bcd
409,166,03502fb599d4b513036ade56d0eac06e8cbd5ade6a2adbf028d5e2e588a11bcd
410,166,03502fb599d4b513036ade56d0eac06e8cbd5ade6a2adbf028d5e2e588a11bcd
411,166,03502fb599d4b513036ade56d0eac06e8cbd5ade6a2adbf028d5e2e588a11bcd
412,166,03502fb599d4b513036ade56d0eac06e8cbd5ade6a2adbf028d5e2e588a11bcd
413,166,03502fb599d4b513036ade56d0eac06e8cbd5ade6a2adbf028d5e2e588a11bcd
414,166,03502fb599d4b513036ade56d0eac06e8cbd5ade6a2adbf028d5e2e588a11bcd
415,166,03502fb599d4b513036ade56d0eac06e8cbd5ade6a2adbf028d5e2e588a11bcd
502,166,03502fb599d4b513036ade56d0eac06e8cbd5ade6a2adbf028d5e2e588a11bcd
532,166,03502fb599d4b513036ade56d0eac06e8cbd5ade6a2adbf028d5e2e588a11bcd
244,167,03502fb599d4b513036ade56d0eac06e8cbd5ade6a2adbf028d5e2e588a11bcd
271,167,03502fb599d4b513036ade56d0eac06e8cbd5ade6a2adbf028d5e2e588a11bcd
272,167,03502fb599d4b513036ade56d0eac06e8cbd5ade6a2adbf028d5e2e588a11bcd
273,167,03502fb599d4b513036ade56d0eac06e8cbd5ade6a2adbf028d5e2e588a11bcd
274,167,03502fb599d4b513036ade56d0eac06e8cbd5ade6a2adbf028d5e2e588a11bcd
275,167,03502fb599d4b513036ade56d0eac06e8cbd5ade6a2adbf028d5e2e588a11bcd
276,167,03502fb599d4b513036ade56d0eac06e8cbd5ade6a2adbf028d5e2e588a11bcd
277,167,03502fb599d4b513036ade56d0eac06e8cbd5ade6a2adbf028d5e2e588a11bcd
278,167,03502fb599d4b513036ade56d0eac06e8cbd5ade6a2adbf028d5e2e588a11bcd
279,167,03502fb599d4b513036ade56d0eac06e8cbd5ade6a2adbf028d5e2e588a11bcd
280,167,03502fb599d4b513036ade56d0eac06e8cbd5ade6a2adbf028d5e2e588a11bcd
281,167,03502fb599d4b513036ade56d0eac06e8cbd5ade6a2adbf028d5e2e588a11bcd
282,167,03502fb599d4b513036ade56d0eac06e8cbd5ade6a2adbf028d5e2e588a11bcd
283,167,03502fb599d4b513036ade56d0eac06e8cbd5ade6a2adbf028d5e2e588a11bcd
284,167,03502fb599d4b513036ade56d0eac06e8cbd5ade6a2adbf028d5e2e588a11bcd
285,167,03502fb599d4b513036ade56d0eac06e8cbd5ade6a2adbf028d5e2e588a11bcd
286,167,03502fb599d4b513036ade56d0eac06e8cbd5ade6a2adbf028d5e2e588a11bcd
287,167,03502fb599d4b513036ade56d0eac06e8cbd5ade6a2adbf028d5e2e588a11bcd
288,167,03502fb599d4b513036ade56d0eac06e8cbd5ade6a2adbf028d5e2e588a11bcd
289,167,03502fb599d4b513036ade56d0eac06e8cbd5ade6a2adbf028d5e2e588a11bcd
290,167,03502fb599d4b513036ade56d0eac06e8cbd5ade6a2adbf028d5e2e588a11bcd
291,167,03502fb599d4b513036ade56d0eac06e8cbd5ade6a2adbf028d5e2e588a11bcd
292,167,03502fb599d4b513036ade56d0eac06e8cbd5ade6a2adbf028d5e2e588a11bcd
293,167,03502fb599d4b513036ade56d0eac06e8cbd5ade6a2adbf028d5e2e588a11bcd
294,167,03502fb599d4b513036ade56d0eac06e8cbd5ade6a2adbf028d5e2e588a11bcd
295,167,03502fb599d4b513036ade56d0eac06e8cbd5ade6a2adbf028d5e2e588a11bcd
296,167,03502fb599d4b513036ade56d0eac06e8cbd5ade6a2adbf028d5e2e588a11bcd
297,167,03502fb599d4b513036ade56d0eac06e8cbd5ade6a2adbf028d5e2e588a11bcd
298,167,03502fb599d4b513036ade56d0eac06e8cbd5ade6a2adbf028d5e2e588a11bcd
299,167,03502fb599d4b513036ade56d0eac06e8cbd5ade6a2adbf028d5e2e588a11bcd
300,167,03502fb599d4b513036ade56d0eac06e8cbd5ade6a2adbf028d5e2e588a11bcd
301,167,03502fb599d4b513036ade56d0eac06e8cbd5ade6a2adbf028d5e2e588a11bcd
302,167,03502fb599d4b513036ade56d0eac06e8cbd5ade6a2adbf028d5e2e588a11bcd
303,167,03502fb599d4b513036ade56d0eac06e8cbd5ade6a2adbf028d5e2e588a11bcd
304,167,03502fb599d4b513036ade56d0eac06e8cbd5ade6a2adbf028d5e2e588a11bcd
305,167,03502fb599d4b513036ade56d0eac06e8cbd5ade6a2adbf028d5e2e588a11bcd
306,167,03502fb599d4b513036ade56d0eac06e8cbd5ade6a2adbf028d5e2e588a11bcd
307,167,03502fb599d4b513036ade56d0eac06e8cbd5ade6a2adbf028d5e2e588a11bcd
308,167,03502fb599d4b513036ade56d0eac06e8cbd5ade6a2adbf028d5e2e588a11bcd
309,167,03502fb599d4b513036ade56d0eac06e8cbd5ade6a2adbf028d5e2e588a11bcd
310,167,03502fb599d4b513036ade56d0eac06e8cbd5ade6a2adbf028d5e2e588a11bcd
311,167,03502fb599d4b513036ade56d0eac06e8cbd5ade6a2adbf028d5e2e588a11bcd
312,167,03502fb599d4b513036ade56d0eac06e8cbd5ade6a2adbf028d5e2e588a11bcd
313,167,03502fb599d4b513036ade56d0eac06e8cbd5ade6a2adbf028d5e2e588a11bcd
314,167,03502fb599d4b513036ade56d0eac06e8cbd5ade6a2adbf028d5e2e588a11bcd
315,167,03502fb599d4b513036ade56d0eac06e8cbd5ade6a2adbf028d5e2e588a11bcd
316,167,03502fb599d4b513036ade56d0eac06e8cbd5ade6a2adbf028d5e2e588a11bcd
317,167,03502fb599d4b513036ade56d0eac06e8cbd5ade6a2adbf028d5e2e588a11bcd
318,167,03502fb599d4b513036ade56d0eac06e8cbd5ade6a2adbf028d5e2e588a11bcd
319,167,03502fb599d4b513036ade56d0eac06e8cbd5ade6a2adbf028d5e2e588a11bcd
320,167,03502fb599d4b513036ade56d0eac06e8cbd5ade6a2adbf028d5e2e588a11bcd
321,167,03502fb599d4b513036ade56d0eac06e8cbd5ade6a2adbf028d5e2e588a11bcd
322,167,03502fb599d4b513036ade56d0eac06e8cbd5ade6a2adbf028d5e2e588a11bcd
323,167,03502fb599d4b513036ade56d0eac06e8cbd5ade6a2adbf028d5e2e588a11bcd
324,167,03502fb599d4b513036ade56d0eac06e8cbd5ade6a2adbf028d5e2e588a11bcd
325,167,03502fb599d4b513036ade56d0eac06e8cbd5ade6a2adbf028d5e2e588a11bcd
326,167,03502fb599d4b513036ade56d0eac06e8cbd5ade6a2adbf028d5e2e588a11bcd
327,167,03502fb599d4b513036ade56d0eac06e8cbd5ade6a2adbf028d5e2e588a11bcd
328,167,03502fb599d4b513036ade56d0eac06e8cbd5ade6a2adbf028d5e2e588a11bcd
329,167,03502fb599d4b513036ade56d0eac06e8cbd5ade6a2adbf028d5e2e588a11bcd
330,167,03502fb599d4b513036ade56d0eac06e8cbd5ade6a2adbf028d5e2e588a11bcd
331,167,03502fb599d4b513036ade56d0eac06e8cbd5ade6a2adbf028d5e2e588a11bcd
332,167,03502fb599d4b513036ade56d0eac06e8cbd5ade6a2adbf028d5e2e588a11bcd
333,167,03502fb599d4b513036ade56d0eac06e8cbd5ade6a2adbf028d5e2e588a11bcd
334,167,03502fb599d4b513036ade56d0eac06e8cbd5ade6a2adbf028d5e2e588a11bcd
335,167,03502fb599d4b513036ade56d0eac06e8cbd5ade6a2adbf028d5e2e588a11bcd
336,167,03502fb599d4b513036ade56d0eac06e8cbd5ade6a2adbf028d5e2e588a11bcd
337,167,03502fb599d4b513036ade56d0eac06e8cbd5ade6a2adbf028d5e2e588a11bcd
338,167,03502fb599d4b513036ade56d0eac06e8cbd5ade6a2adbf028d5e2e588a11bcd
339,167,03502fb599d4b513036ade56d0eac06e8cbd5ade6a2adbf028d5e2e588a11bcd
340,167,03502fb599d4b513036ade56d0eac06e8cbd5ade6a2adbf028d5e2e588a11bcd
341,167,03502fb599d4b513036ade56d0eac06e8cbd5ade6a2adbf028d5e2e588a11bcd
342,167,03502fb599d4b513036ade56d0eac06e8cbd5ade6a2adbf028d5e2e588a11bcd
343,167,03502fb599d4b513036ade56d0eac06e8cbd5ade6a2adbf028d5e2e588a11bcd
344,167,03502fb599d4b513036ade56d0eac06e8cbd5ade6a2adbf028d5e2e588a11bcd
345,167,03502fb599d4b513036ade56d0eac06e8cbd5ade6a2adbf028d5e2e588a11bcd
346,167,03502fb599d4b513036ade56d0eac06e8cbd5ade6a2adbf028d5e2e588a11bcd
347,167,03502fb599d4b513036ade56d0eac06e8cbd5ade6a2adbf028d5e2e588a11bcd
348,167,03502fb599d4b513036ade56d0eac06e8cbd5ade6a2adbf028d5e2e588a11bcd
349,167,03502fb599d4b513036ade56d0eac06e8cbd5ade6a2adbf028d5e2e588a11bcd
350,167,03502fb599d4b513036ade56d0eac06e8cbd5ade6a2adbf028d5e2e588a11bcd
351,167,03502fb599d4b513036ade56d0eac06e8cbd5ade6a2adbf028d5e2e588a11bcd
352,167,03502fb599d4b513036ade56d0eac06e8cbd5ade6a2adbf028d5e2e588a11bcd
353,167,03502fb599d4b513036ade56d0eac06e8cbd5ade6a2adbf028d5e2e588a11bcd
354,167,03502fb599d4b513036ade56d0eac06e8cbd5ade6a2adbf028d5e2e588a11bcd
355,167,03502fb599d4b513036ade56d0eac06e8cbd5ade6a2adbf028d5e2e588a11bcd
356,167,03502fb599d4b513036ade56d0eac06e8cbd5ade6a2adbf028d5e2e588a11bcd
357,167,03502fb599d4b513036ade56d0eac06e8cbd5ade6a2adbf028d5e2e588a11bcd
358,167,03502fb599d4b513036ade56d0eac06e8cbd5ade6a2adbf028d5e2e588a11bcd
359,167,03502fb599d4b513036ade56d0eac06e8cbd5ade6a2adbf028d5e2e588a11bcd
360,167,03502fb599d4b513036ade56d0eac06e8cbd5ade6a2adbf028d5e2e588a11bcd
361,167,03502fb599d4b513036ade56d0eac06e8cbd5ade6a2adbf028d5e2e588a11bcd
362,167,03502fb599d4b513036ade56d0eac06e8cbd5ade6a2adbf028d5e2e588a11bcd
363,167,03502fb599d4b513036ade56d0eac06e8cbd5ade6a2adbf028d5e2e588a11bcd
364,167,03502fb599d4b513036ade56d0eac06e8cbd5ade6a2adbf028d5e2e588a11bcd
365,167,03502fb599d4b513036ade56d0eac06e8cbd5ade6a2adbf028d5e2e588a11bcd
366,167,03502fb599d4b513036ade56d0eac06e8cbd5ade6a2adbf028d5e2e588a11bcd
367,167,03502fb599d4b513036ade56d0eac06e8cbd5ade6a2adbf028d5e2e588a11bcd
368,167,03502fb599d4b513036ade56d0eac06e8cbd5ade6a2adbf028d5e2e588a11bcd
369,167,03502fb599d4b513036ade56d0eac06e8cbd5ade6a2adbf028d5e2e588a11bcd
370,167,03502fb599d4b513036ade56d0eac06e8cbd5ade6a2adbf028d5e2e588a11bcd
371,167,03502fb599d4b513036ade56d0eac06e8cbd5ade6a2adbf028d5e2e588a11bcd
372,167,03502fb599d4b513036ade56d0eac06e8cbd5ade6a2adbf028d5e2e588a11bcd
373,167,03502fb599d4b513036ade56d0eac06e8cbd5ade6a2adbf028d5e2e588a11bcd
374,167,03502fb599d4b513036ade56d0eac06e8cbd5ade6a2adbf028d5e2e588a11bcd
375,167,03502fb599d4b513036ade56d0eac06e8cbd5ade6a2adbf028d5e2e588a11bcd
376,167,03502fb599d4b513036ade56d0eac06e8cbd5ade6a2adbf028d5e2e588a11bcd
377,167,03502fb599d4b513036ade56d0eac06e8cbd5ade6a2adbf028d5e2e588a11bcd
378,167,03502fb599d4b513036ade56d0eac06e8cbd5ade6a2adbf028d5e2e588a11bcd
379,167,03502fb599d4b513036ade56d0eac06e8cbd5ade6a2adbf028d5e2e588a11bcd
380,167,03502fb599d4b513036ade56d0eac06e8cbd5ade6a2adbf028d5e2e588a11bcd
381,167,03502fb599d4b513036ade56d0eac06e8cbd5ade6a2adbf028d5e2e588a11bcd
382,167,03502fb599d4b513036ade56d0eac06e8cbd5ade6a2adbf028d5e2e588a11bcd
383,167,03502fb599d4b513036ade56d0eac06e8cbd5ade6a2adbf028d5e2e588a11bcd
384,167,03502fb599d4b513036ade56d0eac06e8cbd5ade6a2adbf028d5e2e588a11bcd
385,167,03502fb599d4b513036ade56d0eac06e8cbd5ade6a2adbf028d5e2e588a11bcd
386,167,03502fb599d4b513036ade56d0eac06e8cbd5ade6a2adbf028d5e2e588a11bcd
387,167,03502fb599d4b513036ade56d0eac06e8cbd5ade6a2adbf028d5e2e588a11bcd
388,167,03502fb599d4b513036ade56d0eac06e8cbd5ade6a2adbf028d5e2e588a11bcd
389,167,03502fb599d4b513036ade56d0eac06e8cbd5ade6a2adbf028d5e2e588a11bcd
390,167,03502fb599d4b513036ade56d0eac06e8cbd5ade6a2adbf028d5e2e588a11bcd
391,167,03502fb599d4b513036ade56d0eac06e8cbd5ade6a2adbf028d5e2e588a11bcd
392,167,03502fb599d4b513036ade56d0eac06e8cbd5ade6a2adbf028d5e2e588a11bcd
393,167,03502fb599d4b513036ade56d0eac06e8cbd5ade6a2adbf028d5e2e588a11bcd
394,167,03502fb599d4b513036ade56d0eac06e8cbd5ade6a2adbf028d5e2e588a11bcd
395,167,03502fb599d4b513036ade56d0eac06e8cbd5ade6a2adbf028d5e2e588a11bcd
396,167,03502fb599d4b513036ade56d0eac06e8cbd5ade6a2adbf028d5e2e588a11bcd
397,167,03502fb599d4b513036ade56d0eac06e8cbd5ade6a2adbf028d5e2e588a11bcd
398,167,03502fb599d4b513036ade56d0eac06e8cbd5ade6a2adbf028d5e2e588a11bcd
399,167,03502fb599d4b513036ade56d0eac06e8cbd5ade6a2adbf028d5e2e588a11bcd
400,167,03502fb599d4b513036ade56d0eac06e8cbd5ade6a2adbf028d5e2e588a11bcd
401,167,03502fb599d4b513036ade56d0eac06e8cbd5ade6a2adbf028d5e2e588a11bcd
402,167,03502fb599d4b513036ade56d0eac06e8cbd5ade6a2adbf028d5e2e588a11bcd
403,167,03502fb599d4b513036ade56d0eac06e8cbd5ade6a2adbf028d5e2e588a11bcd
404,167,03502fb599d4b513036ade56d0eac06e8cbd5ade6a2adbf028d5e2e588a11bcd
405,167,03502fb599d4b513036ade56d0eac06e8cbd5ade6a2adbf028d5e2e588a11bcd
406,167,03502fb599d4b513036ade56d0eac06e8cbd5ade6a2adbf028d5e2e588a11bcd
407,167,03502fb599d4b513036ade56d0eac06e8cbd5ade6a2adbf028d5e2e588a11bcd
408,167,03502fb599d4b513036ade56d0eac06e8cbd5ade6a2adbf028d5e2e588a11bcd
409,167,03502fb599d4b513036ade56d0eac06e8cbd5ade6a2adbf028d5e2e588a11bcd
410,167,03502fb599d4b513036ade56d0eac06e8cbd5ade6a2adbf028d5e2e588a11bcd
411,167,03502fb599d4b513036ade56d0eac06e8cbd5ade6a2adbf028d5e2e588a11bcd
412,167,03502fb599d4b513036ade56d0eac06e8cbd5ade6a2adbf028d5e2e588a11bcd
413,167,03502fb599d4b513036ade56d0eac06e8cbd5ade6a2adbf028d5e2e588a11bcd
414,167,03502fb599d4b513036ade56d0eac06e8cbd5ade6a2adbf028d5e2e588a11bcd
415,167,03502fb599d4b513036ade56d0eac06e8cbd5ade6a2adbf028d5e2e588a11bcd
502,167,03502fb599d4b513036ade56d0eac06e8cbd5ade6a2adbf028d5e2e588a11bcd
532,167,03502fb599d4b513036ade56d0eac06e8cbd5ade6a2adbf028d5e2e588a11bcd
244,168,03502fb599d4b513036ade56d0eac06e8cbd5ade6a2adbf028d5e2e588a11bcd
271,168,03502fb599d4b513036ade56d0eac06e8cbd5ade6a2adbf028d5e2e588a11bcd
272,168,03502fb599d4b513036ade56d0eac06e8cbd5ade6a2adbf028d5e2e588a11bcd
273,168,03502fb599d4b513036ade56d0eac06e8cbd5ade6a2adbf028d5e2e588a11bcd
274,168,03502fb599d4b513036ade56d0eac06e8cbd5ade6a2adbf028d5e2e588a11bcd
275,168,03502fb599d4b513036ade56d0eac06e8cbd5ade6a2adbf028d5e2e588a11bcd
276,168,03502fb599d4b513036ade56d0eac06e8cbd5ade6a2adbf028d5e2e588a11bcd
277,168,03502fb599d4b513036ade56d0eac06e8cbd5ade6a2adbf028d5e2e588a11bcd
278,168,03502fb599d4b513036ade56d0eac06e8cbd5ade6a2adbf028d5e2e588a11bcd
279,168,03502fb599d4b513036ade56d0eac06e8cbd5ade6a2adbf028d5e2e588a11bcd
280,168,03502fb599d4b513036ade56d0eac06e8cbd5ade6a2adbf028d5e2e588a11bcd
281,168,03502fb599d4b513036ade56d0eac06e8cbd5ade6a2adbf028d5e2e588a11bcd
282,168,03502fb599d4b513036ade56d0eac06e8cbd5ade6a2adbf028d5e2e588a11bcd
283,168,03502fb599d4b513036ade56d0eac06e8cbd5ade6a2adbf028d5e2e588a11bcd
284,168,03502fb599d4b513036ade56d0eac06e8cbd5ade6a2adbf028d5e2e588a11bcd
285,168,03502fb599d4b513036ade56d0eac06e8cbd5ade6a2adbf028d5e2e588a11bcd
286,168,03502fb599d4b513036ade56d0eac06e8cbd5ade6a2adbf028d5e2e588a11bcd
287,168,03502fb599d4b513036ade56d0eac06e8cbd5ade6a2adbf028d5e2e588a11bcd
288,168,03502fb599d4b513036ade56d0eac06e8cbd5ade6a2adbf028d5e2e588a11bcd
289,168,03502fb599d4b513036ade56d0eac06e8cbd5ade6a2adbf028d5e2e588a11bcd
290,168,03502fb599d4b513036ade56d0eac06e8cbd5ade6a2adbf028d5e2e588a11bcd
291,168,03502fb599d4b513036ade56d0eac06e8cbd5ade6a2adbf028d5e2e588a11bcd
292,168,03502fb599d4b513036ade56d0eac06e8cbd5ade6a2adbf028d5e2e588a11bcd
293,168,03502fb599d4b513036ade56d0eac06e8cbd5ade6a2adbf028d5e2e588a11bcd
294,168,03502fb599d4b513036ade56d0eac06e8cbd5ade6a2adbf028d5e2e588a11bcd
295,168,03502fb599d4b513036ade56d0eac06e8cbd5ade6a2adbf028d5e2e588a11bcd
296,168,03502fb599d4b513036ade56d0eac06e8cbd5ade6a2adbf028d5e2e588a11bcd
297,168,03502fb599d4b513036ade56d0eac06e8cbd5ade6a2adbf028d5e2e588a11bcd
298,168,03502fb599d4b513036ade56d0eac06e8cbd5ade6a2adbf028d5e2e588a11bcd
299,168,03502fb599d4b513036ade56d0eac06e8cbd5ade6a2adbf028d5e2e588a11bcd
300,168,03502fb599d4b513036ade56d0eac06e8cbd5ade6a2adbf028d5e2e588a11bcd
301,168,03502fb599d4b513036ade56d0eac06e8cbd5ade6a2adbf028d5e2e588a11bcd
302,168,03502fb599d4b513036ade56d0eac06e8cbd5ade6a2adbf028d5e2e588a11bcd
303,168,03502fb599d4b513036ade56d0eac06e8cbd5ade6a2adbf028d5e2e588a11bcd
304,168,03502fb599d4b513036ade56d0eac06e8cbd5ade6a2adbf028d5e2e588a11bcd
305,168,03502fb599d4b513036ade56d0eac06e8cbd5ade6a2adbf028d5e2e588a11bcd
306,168,03502fb599d4b513036ade56d0eac06e8cbd5ade6a2adbf028d5e2e588a11bcd
307,168,03502fb599d4b513036ade56d0eac06e8cbd5ade6a2adbf028d5e2e588a11bcd
308,168,03502fb599d4b513036ade56d0eac06e8cbd5ade6a2adbf028d5e2e588a11bcd
309,168,03502fb599d4b513036ade56d0eac06e8cbd5ade6a2adbf028d5e2e588a11bcd
310,168,03502fb599d4b513036ade56d0eac06e8cbd5ade6a2adbf028d5e2e588a11bcd
311,168,03502fb599d4b513036ade56d0eac06e8cbd5ade6a2adbf028d5e2e588a11bcd
312,168,03502fb599d4b513036ade56d0eac06e8cbd5ade6a2adbf028d5e2e588a11bcd
313,168,03502fb599d4b513036ade56d0eac06e8cbd5ade6a2adbf028d5e2e588a11bcd
314,168,03502fb599d4b513036ade56d0eac06e8cbd5ade6a2adbf028d5e2e588a11bcd
315,168,03502fb599d4b513036ade56d0eac06e8cbd5ade6a2adbf028d5e2e588a11bcd
316,168,03502fb599d4b513036ade56d0eac06e8cbd5ade6a2adbf028d5e2e588a11bcd
317,168,03502fb599d4b513036ade56d0eac06e8cbd5ade6a2adbf028d5e2e588a11bcd
318,168,03502fb599d4b513036ade56d0eac06e8cbd5ade6a2adbf028d5e2e588a11bcd
319,168,03502fb599d4b513036ade56d0eac06e8cbd5ade6a2adbf028d5e2e588a11bcd
320,168,03502fb599d4b513036ade56d0eac06e8cbd5ade6a2adbf028d5e2e588a11bcd
321,168,03502fb599d4b513036ade56d0eac06e8cbd5ade6a2adbf028d5e2e588a11bcd
322,168,03502fb599d4b513036ade56d0eac06e8cbd5ade6a2adbf028d5e2e588a11bcd
323,168,03502fb599d4b513036ade56d0eac06e8cbd5ade6a2adbf028d5e2e588a11bcd
324,168,03502fb599d4b513036ade56d0eac06e8cbd5ade6a2adbf028d5e2e588a11bcd
325,168,03502fb599d4b513036ade56d0eac06e8cbd5ade6a2adbf028d5e2e588a11bcd
326,168,03502fb599d4b513036ade56d0eac06e8cbd5ade6a2adbf028d5e2e588a11bcd
327,168,03502fb599d4b513036ade56d0eac06e8cbd5ade6a2adbf028d5e2e588a11bcd
328,168,03502fb599d4b513036ade56d0eac06e8cbd5ade6a2adbf028d5e2e588a11bcd
329,168,03502fb599d4b513036ade56d0eac06e8cbd5ade6a2adbf028d5e2e588a11bcd
330,168,03502fb599d4b513036ade56d0eac06e8cbd5ade6a2adbf028d5e2e588a11bcd
331,168,03502fb599d4b513036ade56d0eac06e8cbd5ade6a2adbf028d5e2e588a11bcd
332,168,03502fb599d4b513036ade56d0eac06e8cbd5ade6a2adbf028d5e2e588a11bcd
333,168,03502fb599d4b513036ade56d0eac06e8cbd5ade6a2adbf028d5e2e588a11bcd
334,168,03502fb599d4b513036ade56d0eac06e8cbd5ade6a2adbf028d5e2e588a11bcd
335,168,03502fb599d4b513036ade56d0eac06e8cbd5ade6a2adbf028d5e2e588a11bcd
336,168,03502fb599d4b513036ade56d0eac06e8cbd5ade6a2adbf028d5e2e588a11bcd
337,168,03502fb599d4b513036ade56d0eac06e8cbd5ade6a2adbf028d5e2e588a11bcd
338,168,03502fb599d4b513036ade56d0eac06e8cbd5ade6a2adbf028d5e2e588a11bcd
339,168,03502fb599d4b513036ade56d0eac06e8cbd5ade6a2adbf028d5e2e588a11bcd
340,168,03502fb599d4b513036ade56d0eac06e8cbd5ade6a2adbf028d5e2e588a11bcd
341,168,03502fb599d4b513036ade56d0eac06e8cbd5ade6a2adbf028d5e2e588a11bcd
342,168,03502fb599d4b513036ade56d0eac06e8cbd5ade6a2adbf028d5e2e588a11bcd
343,168,03502fb599d4b513036ade56d0eac06e8cbd5ade6a2adbf028d5e2e588a11bcd
344,168,03502fb599d4b513036ade56d0eac06e8cbd5ade6a2adbf028d5e2e588a11bcd
345,168,03502fb599d4b513036ade56d0eac06e8cbd5ade6a2adbf028d5e2e588a11bcd
346,168,03502fb599d4b513036ade56d0eac06e8cbd5ade6a2adbf028d5e2e588a11bcd
347,168,03502fb599d4b513036ade56d0eac06e8cbd5ade6a2adbf028d5e2e588a11bcd
348,168,03502fb599d4b513036ade56d0eac06e8cbd5ade6a2adbf028d5e2e588a11bcd
349,168,03502fb599d4b513036ade56d0eac06e8cbd5ade6a2adbf028d5e2e588a11bcd
350,168,03502fb599d4b513036ade56d0eac06e8cbd5ade6a2adbf028d5e2e588a11bcd
351,168,03502fb599d4b513036ade56d0eac06e8cbd5ade6a2adbf028d5e2e588a11bcd
352,168,03502fb599d4b513036ade56d0eac06e8cbd5ade6a2adbf028d5e2e588a11bcd
353,168,03502fb599d4b513036ade56d0eac06e8cbd5ade6a2adbf028d5e2e588a11bcd
354,168,03502fb599d4b513036ade56d0eac06e8cbd5ade6a2adbf028d5e2e588a11bcd
355,168,03502fb599d4b513036ade56d0eac06e8cbd5ade6a2adbf028d5e2e588a11bcd
356,168,03502fb599d4b513036ade56d0eac06e8cbd5ade6a2adbf028d5e2e588a11bcd
357,168,03502fb599d4b513036ade56d0eac06e8cbd5ade6a2adbf028d5e2e588a11bcd
358,168,03502fb599d4b513036ade56d0eac06e8cbd5ade6a2adbf028d5e2e588a11bcd
359,168,03502fb599d4b513036ade56d0eac06e8cbd5ade6a2adbf028d5e2e588a11bcd
360,168,03502fb599d4b513036ade56d0eac06e8cbd5ade6a2adbf028d5e2e588a11bcd
361,168,03502fb599d4b513036ade56d0eac06e8cbd5ade6a2adbf028d5e2e588a11bcd
362,168,03502fb599d4b513036ade56d0eac06e8cbd5ade6a2adbf028d5e2e588a11bcd
363,168,03502fb599d4b513036ade56d0eac06e8cbd5ade6a2adbf028d5e2e588a11bcd
364,168,03502fb599d4b513036ade56d0eac06e8cbd5ade6a2adbf028d5e2e588a11bcd
365,168,03502fb599d4b513036ade56d0eac06e8cbd5ade6a2adbf028d5e2e588a11bcd
366,168,03502fb599d4b513036ade56d0eac06e8cbd5ade6a2adbf028d5e2e588a11bcd
367,168,03502fb599d4b513036ade56d0eac06e8cbd5ade6a2adbf028d5e2e588a11bcd
368,168,03502fb599d4b513036ade56d0eac06e8cbd5ade6a2adbf028d5e2e588a11bcd
369,168,03502fb599d4b513036ade56d0eac06e8cbd5ade6a2adbf028d5e2e588a11bcd
370,168,03502fb599d4b513036ade56d0eac06e8cbd5ade6a2adbf028d5e2e588a11bcd
371,168,03502fb599d4b513036ade56d0eac06e8cbd5ade6a2adbf028d5e2e588a11bcd
372,168,03502fb599d4b513036ade56d0eac06e8cbd5ade6a2adbf028d5e2e588a11bcd
373,168,03502fb599d4b513036ade56d0eac06e8cbd5ade6a2adbf028d5e2e588a11bcd
374,168,03502fb599d4b513036ade56d0eac06e8cbd5ade6a2adbf028d5e2e588a11bcd
375,168,03502fb599d4b513036ade56d0eac06e8cbd5ade6a2adbf028d5e2e588a11bcd
376,168,03502fb599d4b513036ade56d0eac06e8cbd5ade6a2adbf028d5e2e588a11bcd
377,168,03502fb599d4b513036ade56d0eac06e8cbd5ade6a2adbf028d5e2e588a11bcd
378,168,03502fb599d4b513036ade56d0eac06e8cbd5ade6a2adbf028d5e2e588a11bcd
379,168,03502fb599d4b513036ade56d0eac06e8cbd5ade6a2adbf028d5e2e588a11bcd
380,168,03502fb599d4b513036ade56d0eac06e8cbd5ade6a2adbf028d5e2e588a11bcd
381,168,03502fb599d4b513036ade56d0eac06e8cbd5ade6a2adbf028d5e2e588a11bcd
382,168,03502fb599d4b513036ade56d0eac06e8cbd5ade6a2adbf028d5e2e588a11bcd
383,168,03502fb599d4b513036ade56d0eac06e8cbd5ade6a2adbf028d5e2e588a11bcd
384,168,03502fb599d4b513036ade56d0eac06e8cbd5ade6a2adbf028d5e2e588a11bcd
385,168,03502fb599d4b513036ade56d0eac06e8cbd5ade6a2adbf028d5e2e588a11bcd
386,168,03502fb599d4b513036ade56d0eac06e8cbd5ade6a2adbf028d5e2e588a11bcd
387,168,03502fb599d4b513036ade56d0eac06e8cbd5ade6a2adbf028d5e2e588a11bcd
388,168,03502fb599d4b513036ade56d0eac06e8cbd5ade6a2adbf028d5e2e588a11bcd
389,168,03502fb599d4b513036ade56d0eac06e8cbd5ade6a2adbf028d5e2e588a11bcd
390,168,03502fb599d4b513036ade56d0eac06e8cbd5ade6a2adbf028d5e2e588a11bcd
391,168,03502fb599d4b513036ade56d0eac06e8cbd5ade6a2adbf028d5e2e588a11bcd
392,168,03502fb599d4b513036ade56d0eac06e8cbd5ade6a2adbf028d5e2e588a11bcd
393,168,03502fb599d4b513036ade56d0eac06e8cbd5ade6a2adbf028d5e2e588a11bcd
394,168,03502fb599d4b513036ade56d0eac06e8cbd5ade6a2adbf028d5e2e588a11bcd
395,168,03502fb599d4b513036ade56d0eac06e8cbd5ade6a2adbf028d5e2e588a11bcd
396,168,03502fb599d4b513036ade56d0eac06e8cbd5ade6a2adbf028d5e2e588a11bcd
397,168,03502fb599d4b513036ade56d0eac06e8cbd5ade6a2adbf028d5e2e588a11bcd
398,168,03502fb599d4b513036ade56d0eac06e8cbd5ade6a2adbf028d5e2e588a11bcd
399,168,03502fb599d4b513036ade56d0eac06e8cbd5ade6a2adbf028d5e2e588a11bcd
400,168,03502fb599d4b513036ade56d0eac06e8cbd5ade6a2adbf028d5e2e588a11bcd
401,168,03502fb599d4b513036ade56d0eac06e8cbd5ade6a2adbf028d5e2e588a11bcd
402,168,03502fb599d4b513036ade56d0eac06e8cbd5ade6a2adbf028d5e2e588a11bcd
403,168,03502fb599d4b513036ade56d0eac06e8cbd5ade6a2adbf028d5e2e588a11bcd
404,168,03502fb599d4b513036ade56d0eac06e8cbd5ade6a2adbf028d5e2e588a11bcd
405,168,03502fb599d4b513036ade56d0eac06e8cbd5ade6a2adbf028d5e2e588a11bcd
406,168,03502fb599d4b513036ade56d0eac06e8cbd5ade6a2adbf028d5e2e588a11bcd
407,168,03502fb599d4b513036ade56d0eac06e8cbd5ade6a2adbf028d5e2e588a11bcd
408,168,03502fb599d4b513036ade56d0eac06e8cbd5ade6a2adbf028d5e2e588a11bcd
409,168,03502fb599d4b513036ade56d0eac06e8cbd5ade6a2adbf028d5e2e588a11bcd
410,168,03502fb599d4b513036ade56d0eac06e8cbd5ade6a2adbf028d5e2e588a11bcd
411,168,03502fb599d4b513036ade56d0eac06e8cbd5ade6a2adbf028d5e2e588a11bcd
412,168,03502fb599d4b513036ade56d0eac06e8cbd5ade6a2adbf028d5e2e588a11bcd
413,168,03502fb599d4b513036ade56d0eac06e8cbd5ade6a2adbf028d5e2e588a11bcd
414,168,03502fb599d4b513036ade56d0eac06e8cbd5ade6a2adbf028d5e2e588a11bcd
415,168,03502fb599d4b513036ade56d0eac06e8cbd5ade6a2adbf028d5e2e588a11bcd
502,168,03502fb599d4b513036ade56d0eac06e8cbd5ade6a2adbf028d5e2e588a11bcd
532,168,03502fb599d4b513036ade56d0eac06e8cbd5ade6a2adbf028d5e2e588a11bcd
244,169,03502fb599d4b513036ade56d0eac06e8cbd5ade6a2adbf028d5e2e588a11bcd
271,169,03502fb599d4b513036ade56d0eac06e8cbd5ade6a2adbf028d5e2e588a11bcd
272,169,03502fb599d4b513036ade56d0eac06e8cbd5ade6a2adbf028d5e2e588a11bcd
273,169,03502fb599d4b513036ade56d0eac06e8cbd5ade6a2adbf028d5e2e588a11bcd
274,169,03502fb599d4b513036ade56d0eac06e8cbd5ade6a2adbf028d5e2e588a11bcd
275,169,03502fb599d4b513036ade56d0eac06e8cbd5ade6a2adbf028d5e2e588a11bcd
276,169,03502fb599d4b513036ade56d0eac06e8cbd5ade6a2adbf028d5e2e588a11bcd
277,169,03502fb599d4b513036ade56d0eac06e8cbd5ade6a2adbf028d5e2e588a11bcd
278,169,03502fb599d4b513036ade56d0eac06e8cbd5ade6a2adbf028d5e2e588a11bcd
279,169,03502fb599d4b513036ade56d0eac06e8cbd5ade6a2adbf028d5e2e588a11bcd
280,169,03502fb599d4b513036ade56d0eac06e8cbd5ade6a2adbf028d5e2e588a11bcd
281,169,03502fb599d4b513036ade56d0eac06e8cbd5ade6a2adbf028d5e2e588a11bcd
282,169,03502fb599d4b513036ade56d0eac06e8cbd5ade6a2adbf028d5e2e588a11bcd
283,169,03502fb599d4b513036ade56d0eac06e8cbd5ade6a2adbf028d5e2e588a11bcd
284,169,03502fb599d4b513036ade56d0eac06e8cbd5ade6a2adbf028d5e2e588a11bcd
285,169,03502fb599d4b513036ade56d0eac06e8cbd5ade6a2adbf028d5e2e588a11bcd
286,169,03502fb599d4b513036ade56d0eac06e8cbd5ade6a2adbf028d5e2e588a11bcd
287,169,03502fb599d4b513036ade56d0eac06e8cbd5ade6a2adbf028d5e2e588a11bcd
288,169,03502fb599d4b513036ade56d0eac06e8cbd5ade6a2adbf028d5e2e588a11bcd
289,169,03502fb599d4b513036ade56d0eac06e8cbd5ade6a2adbf028d5e2e588a11bcd
290,169,03502fb599d4b513036ade56d0eac06e8cbd5ade6a2adbf028d5e2e588a11bcd
291,169,03502fb599d4b513036ade56d0eac06e8cbd5ade6a2adbf028d5e2e588a11bcd
415,169,03502fb599d4b513036ade56d0eac06e8cbd5ade6a2adbf028d5e2e588a11bcd
502,169,03502fb599d4b513036ade56d0eac06e8cbd5ade6a2adbf028d5e2e588a11bcd
532,169,03502fb599d4b513036ade56d0eac06e8cbd5ade6a2adbf028d5e2e588a11bcd
244,170,03502fb599d4b513036ade56d0eac06e8cbd5ade6a2adbf028d5e2e588a11bcd
271,170,03502fb599d4b513036ade56d0eac06e8cbd5ade6a2adbf028d5e2e588a11bcd
272,170,03502fb599d4b513036ade56d0eac06e8cbd5ade6a2adbf028d5e2e588a11bcd
273,170,03502fb599d4b513036ade56d0eac06e8cbd5ade6a2adbf028d5e2e588a11bcd
274,170,03502fb599d4b513036ade56d0eac06e8cbd5ade6a2adbf028d5e2e588a11bcd
275,170,03502fb599d4b513036ade56d0eac06e8cbd5ade6a2adbf028d5e2e588a11bcd
276,170,03502fb599d4b513036ade56d0eac06e8cbd5ade6a2adbf028d5e2e588a11bcd
277,170,03502fb599d4b513036ade56d0eac06e8cbd5ade6a2adbf028d5e2e588a11bcd
278,170,03502fb599d4b513036ade56d0eac06e8cbd5ade6a2adbf028d5e2e588a11bcd
279,170,03502fb599d4b513036ade56d0eac06e8cbd5ade6a2adbf028d5e2e588a11bcd
280,170,03502fb599d4b513036ade56d0eac06e8cbd5ade6a2adbf028d5e2e588a11bcd
281,170,03502fb599d4b513036ade56d0eac06e8cbd5ade6a2adbf028d5e2e588a11bcd
282,170,03502fb599d4b513036ade56d0eac06e8cbd5ade6a2adbf028d5e2e588a11bcd
283,170,03502fb599d4b513036ade56d0eac06e8cbd5ade6a2adbf028d5e2e588a11bcd
284,170,03502fb599d4b513036ade56d0eac06e8cbd5ade6a2adbf028d5e2e588a11bcd
285,170,03502fb599d4b513036ade56d0eac06e8cbd5ade6a2adbf028d5e2e588a11bcd
286,170,03502fb599d4b513036ade56d0eac06e8cbd5ade6a2adbf028d5e2e588a11bcd
287,170,03502fb599d4b513036ade56d0eac06e8cbd5ade6a2adbf028d5e2e588a11bcd
288,170,03502fb599d4b513036ade56d0eac06e8cbd5ade6a2adbf028d5e2e588a11bcd
289,170,03502fb599d4b513036ade56d0eac06e8cbd5ade6a2adbf028d5e2e588a11bcd
290,170,03502fb599d4b513036ade56d0eac06e8cbd5ade6a2adbf028d5e2e588a11bcd
291,170,03502fb599d4b513036ade56d0eac06e8cbd5ade6a2adbf028d5e2e588a11bcd
415,170,03502fb599d4b513036ade56d0eac06e8cbd5ade6a2adbf028d5e2e588a11bcd
502,170,03502fb599d4b513036ade56d0eac06e8cbd5ade6a2adbf028d5e2e588a11bcd
532,170,03502fb599d4b513036ade56d0eac06e8cbd5ade6a2adbf028d5e2e588a11bcd
244,171,03502fb599d4b513036ade56d0eac06e8cbd5ade6a2adbf028d5e2e588a11bcd
271,171,03502fb599d4b513036ade56d0eac06e8cbd5ade6a2adbf028d5e2e588a11bcd
272,171,03502fb599d4b513036ade56d0eac06e8cbd5ade6a2adbf028d5e2e588a11bcd
273,171,03502fb599d4b513036ade56d0eac06e8cbd5ade6a2adbf028d5e2e588a11bcd
274,171,03502fb599d4b513036ade56d0eac06e8cbd5ade6a2adbf028d5e2e588a11bcd
275,171,03502fb599d4b513036ade56d0eac06e8cbd5ade6a2adbf028d5e2e588a11bcd
276,171,03502fb599d4b513036ade56d0eac06e8cbd5ade6a2adbf028d5e2e588a11bcd
277,171,03502fb599d4b513036ade56d0eac06e8cbd5ade6a2adbf028d5e2e588a11bcd
278,171,03502fb599d4b513036ade56d0eac06e8cbd5ade6a2adbf028d5e2e588a11bcd
279,171,03502fb599d4b513036ade56d0eac06e8cbd5ade6a2adbf028d5e2e588a11bcd
280,171,03502fb599d4b513036ade56d0eac06e8cbd5ade6a2adbf028d5e2e588a11bcd
281,171,03502fb599d4b513036ade56d0eac06e8cbd5ade6a2adbf028d5e2e588a11bcd
282,171,03502fb599d4b513036ade56d0eac06e8cbd5ade6a2adbf028d5e2e588a11bcd
283,171,03502fb599d4b513036ade56d0eac06e8cbd5ade6a2adbf028d5e2e588a11bcd
284,171,03502fb599d4b513036ade56d0eac06e8cbd5ade6a2adbf028d5e2e588a11bcd
285,171,03502fb599d4b513036ade56d0eac06e8cbd5ade6a2adbf028d5e2e588a11bcd
286,171,03502fb599d4b513036ade56d0eac06e8cbd5ade6a2adbf028d5e2e588a11bcd
287,171,03502fb599d4b513036ade56d0eac06e8cbd5ade6a2adbf028d5e2e588a11bcd
288,171,03502fb599d4b513036ade56d0eac06e8cbd5ade6a2adbf028d5e2e588a11bcd
289,171,03502fb599d4b513036ade56d0eac06e8cbd5ade6a2adbf028d5e2e588a11bcd
290,171,03502fb599d4b513036ade56d0eac06e8cbd5ade6a2adbf028d5e2e588a11bcd
291,171,03502fb599d4b513036ade56d0eac06e8cbd5ade6a2adbf028d5e2e588a11bcd
415,171,03502fb599d4b513036ade56d0eac06e8cbd5ade6a2adbf028d5e2e588a11bcd
502,171,03502fb599d4b513036ade56d0eac06e8cbd5ade6a2adbf028d5e2e588a11bcd
532,171,03502fb599d4b513036ade56d0eac06e8cbd5ade6a2adbf028d5e2e588a11bcd
244,172,03502fb599d4b513036ade56d0eac06e8cbd5ade6a2adbf028d5e2e588a11bcd
271,172,03502fb599d4b513036ade56d0eac06e8cbd5ade6a2adbf028d5e2e588a11bcd
272,172,03502fb599d4b513036ade56d0eac06e8cbd5ade6a2adbf028d5e2e588a11bcd
273,172,03502fb599d4b513036ade56d0eac06e8cbd5ade6a2adbf028d5e2e588a11bcd
274,172,03502fb599d4b513036ade56d0eac06e8cbd5ade6a2adbf028d5e2e588a11bcd
275,172,03502fb599d4b513036ade56d0eac06e8cbd5ade6a2adbf028d5e2e588a11bcd
276,172,03502fb599d4b513036ade56d0eac06e8cbd5ade6a2adbf028d5e2e588a11bcd
277,172,03502fb599d4b513036ade56d0eac06e8cbd5ade6a2adbf028d5e2e588a11bcd
278,172,03502fb599d4b513036ade56d0eac06e8cbd5ade6a2adbf028d5e2e588a11bcd
279,172,03502fb599d4b513036ade56d0eac06e8cbd5ade6a2adbf028d5e2e588a11bcd
280,172,03502fb599d4b513036ade56d0eac06e8cbd5ade6a2adbf028d5e2e588a11bcd
281,172,03502fb599d4b513036ade56d0eac06e8cbd5ade6a2adbf028d5e2e588a11bcd
282,172,03502fb599d4b513036ade56d0eac06e8cbd5ade6a2adbf028d5e2e588a11bcd
283,172,03502fb599d4b513036ade56d0eac06e8cbd5ade6a2adbf028d5e2e588a11bcd
284,172,03502fb599d4b513036ade56d0eac06e8cbd5ade6a2adbf028d5e2e588a11bcd
285,172,03502fb599d4b513036ade56d0eac06e8cbd5ade6a2adbf028d5e2e588a11bcd
286,172,03502fb599d4b513036ade56d0eac06e8cbd5ade6a2adbf028d5e2e588a11bcd
287,172,03502fb599d4b513036ade56d0eac06e8cbd5ade6a2adbf028d5e2e588a11bcd
288,172,03502fb599d4b513036ade56d0eac06e8cbd5ade6a2adbf028d5e2e588a11bcd
289,172,03502fb599d4b513036ade56d0eac06e8cbd5ade6a2adbf028d5e2e588a11bcd
290,172,03502fb599d4b513036ade56d0eac06e8cbd5ade6a2adbf028d5e2e588a11bcd
291,172,03502fb599d4b513036ade56d0eac06e8cbd5ade6a2adbf028d5e2e588a11bcd
415,172,03502fb599d4b513036ade56d0eac06e8cbd5ade6a2adbf028d5e2e588a11bcd
502,172,03502fb599d4b513036ade56d0eac06e8cbd5ade6a2adbf028d5e2e588a11bcd
532,172,03502fb599d4b513036ade56d0eac06e8cbd5ade6a2adbf028d5e2e588a11bcd
244,173,03502fb599d4b513036ade56d0eac06e8cbd5ade6a2adbf028d5e2e588a11bcd
271,173,03502fb599d4b513036ade56d0eac06e8cbd5ade6a2adbf028d5e2e588a11bcd
272,173,03502fb599d4b513036ade56d0eac06e8cbd5ade6a2adbf028d5e2e588a11bcd
273,173,03502fb599d4b513036ade56d0eac06e8cbd5ade6a2adbf028d5e2e588a11bcd
274,173,03502fb599d4b513036ade56d0eac06e8cbd5ade6a2adbf028d5e2e588a11bcd
275,173,03502fb599d4b513036ade56d0eac06e8cbd5ade6a2adbf028d5e2e588a11bcd
276,173,03502fb599d4b513036ade56d0eac06e8cbd5ade6a2adbf028d5e2e588a11bcd
277,173,03502fb599d4b513036ade56d0eac06e8cbd5ade6a2adbf028d5e2e588a11bcd
278,173,03502fb599d4b513036ade56d0eac06e8cbd5ade6a2adbf028d5e2e588a11bcd
279,173,03502fb599d4b513036ade56d0eac06e8cbd5ade6a2adbf028d5e2e588a11bcd
280,173,03502fb599d4b513036ade56d0eac06e8cbd5ade6a2adbf028d5e2e588a11bcd
281,173,03502fb599d4b513036ade56d0eac06e8cbd5ade6a2adbf028d5e2e588a11bcd
282,173,03502fb599d4b513036ade56d0eac06e8cbd5ade6a2adbf028d5e2e588a11bcd
283,173,03502fb599d4b513036ade56d0eac06e8cbd5ade6a2adbf028d5e2e588a11bcd
284,173,03502fb599d4b513036ade56d0eac06e8cbd5ade6a2adbf028d5e2e588a11bcd
285,173,03502fb599d4b513036ade56d0eac06e8cbd5ade6a2adbf028d5e2e588a11bcd
286,173,03502fb599d4b513036ade56d0eac06e8cbd5ade6a2adbf028d5e2e588a11bcd
287,173,03502fb599d4b513036ade56d0eac06e8cbd5ade6a2adbf028d5e2e588a11bcd
288,173,03502fb599d4b513036ade56d0eac06e8cbd5ade6a2adbf028d5e2e588a11bcd
289,173,03502fb599d4b513036ade56d0eac06e8cbd5ade6a2adbf028d5e2e588a11bcd
290,173,03502fb599d4b513036ade56d0eac06e8cbd5ade6a2adbf028d5e2e588a11bcd
291,173,03502fb599d4b513036ade56d0eac06e8cbd5ade6a2adbf028d5e2e588a11bcd
415,173,03502fb599d4b513036ade56d0eac06e8cbd5ade6a2adbf028d5e2e588a11bcd
502,173,03502fb599d4b513036ade56d0eac06e8cbd5ade6a2adbf028d5e2e588a11bcd
532,173,03502fb599d4b513036ade56d0eac06e8cbd5ade6a2adbf028d5e2e588a11bcd
244,174,03502fb599d4b513036ade56d0eac06e8cbd5ade6a2adbf028d5e2e588a11bcd
271,174,03502fb599d4b513036ade56d0eac06e8cbd5ade6a2adbf028d5e2e588a11bcd
415,174,03502fb599d4b513036ade56d0eac06e8cbd5ade6a2adbf028d5e2e588a11bcd
502,174,03502fb599d4b513036ade56d0eac06e8cbd5ade6a2adbf028d5e2e588a11bcd
532,174,03502fb599d4b513036ade56d0eac06e8cbd5ade6a2adbf028d5e2e588a11bcd
244,175,03502fb599d4b513036ade56d0eac06e8cbd5ade6a2adbf028d5e2e588a11bcd
271,175,03502fb599d4b513036ade56d0eac06e8cbd5ade6a2adbf028d5e2e588a11bcd
415,175,03502fb599d4b513036ade56d0eac06e8cbd5ade6a2adbf028d5e2e588a11bcd
502,175,03502fb599d4b513036ade56d0eac06e8cbd5ade6a2adbf028d5e2e588a11bcd
532,175,03502fb599d4b513036ade56d0eac06e8cbd5ade6a2adbf028d5e2e588a11bcd
244,176,03502fb599d4b513036ade56d0eac06e8cbd5ade6a2adbf028d5e2e588a11bcd
271,176,03502fb599d4b513036ade56d0eac06e8cbd5ade6a2adbf028d5e2e588a11bcd
415,176,03502fb599d4b513036ade56d0eac06e8cbd5ade6a2adbf028d5e2e588a11bcd
502,176,03502fb599d4b513036ade56d0eac06e8cbd5ade6a2adbf028d5e2e588a11bcd
532,176,03502fb599d4b513036ade56d0eac06e8cbd5ade6a2adbf028d5e2e588a11bcd
244,177,03502fb599d4b513036ade56d0eac06e8cbd5ade6a2adbf028d5e2e588a11bcd
271,177,03502fb599d4b513036ade56d0eac06e8cbd5ade6a2adbf028d5e2e588a11bcd
415,177,03502fb599d4b513036ade56d0eac06e8cbd5ade6a2adbf028d5e2e588a11bcd
502,177,03502fb599d4b513036ade56d0eac06e8cbd5ade6a2adbf028d5e2e588a11bcd
532,177,03502fb599d4b513036ade56d0eac06e8cbd5ade6a2adbf028d5e2e588a11bcd
244,178,03502fb599d4b513036ade56d0eac06e8cbd5ade6a2adbf028d5e2e588a11bcd
271,178,03502fb599d4b513036ade56d0eac06e8cbd5ade6a2adbf028d5e2e588a11bcd
415,178,03502fb599d4b513036ade56d0eac06e8cbd5ade6a2adbf028d5e2e588a11bcd
502,178,03502fb599d4b513036ade56d0eac06e8cbd5ade6a2adbf028d5e2e588a11bcd
532,178,03502fb599d4b513036ade56d0eac06e8cbd5ade6a2adbf028d5e2e588a11bcd
244,179,03502fb599d4b513036ade56d0eac06e8cbd5ade6a2adbf028d5e2e588a11bcd
271,179,03502fb599d4b513036ade56d0eac06e8cbd5ade6a2adbf028d5e2e588a11bcd
415,179,03502fb599d4b513036ade56d0eac06e8cbd5ade6a2adbf028d5e2e588a11bcd
502,179,03502fb599d4b513036ade56d0eac06e8cbd5ade6a2adbf028d5e2e588a11bcd
532,179,03502fb599d4b513036ade56d0eac06e8cbd5ade6a2adbf028d5e2e588a11bcd
244,180,03502fb599d4b513036ade56d0eac06e8cbd5ade6a2adbf028d5e2e588a11bcd
271,180,03502fb599d4b513036ade56d0eac06e8cbd5ade6a2adbf028d5e2e588a11bcd
415,180,03502fb599d4b513036ade56d0eac06e8cbd5ade6a2adbf028d5e2e588a11bcd
502,180,03502fb599d4b513036ade56d0eac06e8cbd5ade6a2adbf028d5e2e588a11bcd
532,180,03502fb599d4b513036ade56d0eac06e8cbd5ade6a2adbf028d5e2e588a11bcd
244,181,03502fb599d4b513036ade56d0eac06e8cbd5ade6a2adbf028d5e2e588a11bcd
271,181,03502fb599d4b513036ade56d0eac06e8cbd5ade6a2adbf028d5e2e588a11bcd
415,181,03502fb599d4b513036ade56d0eac06e8cbd5ade6a2adbf028d5e2e588a11bcd
502,181,03502fb599d4b513036ade56d0eac06e8cbd5ade6a2adbf028d5e2e588a11bcd
532,181,03502fb599d4b513036ade56d0eac06e8cbd5ade6a2adbf028d5e2e588a11bcd
244,182,03502fb599d4b513036ade56d0eac06e8cbd5ade6a2adbf028d5e2e588a11bcd
271,182,03502fb599d4b513036ade56d0eac06e8cbd5ade6a2adbf028d5e2e588a11bcd
415,182,03502fb599d4b513036ade56d0eac06e8cbd5ade6a2adbf028d5e2e588a11bcd
502,182,03502fb599d4b513036ade56d0eac06e8cbd5ade6a2adbf028d5e2e588a11bcd
532,182,03502fb599d4b513036ade56d0eac06e8cbd5ade6a2adbf028d5e2e588a11bcd
244,183,03502fb599d4b513036ade56d0eac06e8cbd5ade6a2adbf028d5e2e588a11bcd
271,183,03502fb599d4b513036ade56d0eac06e8cbd5ade6a2adbf028d5e2e588a11bcd
415,183,03502fb599d4b513036ade56d0eac06e8cbd5ade6a2adbf028d5e2e588a11bcd
502,183,03502fb599d4b513036ade56d0eac06e8cbd5ade6a2adbf028d5e2e588a11bcd
532,183,03502fb599d4b513036ade56d0eac06e8cbd5ade6a2adbf028d5e2e588a11bcd
244,184,03502fb599d4b513036ade56d0eac06e8cbd5ade6a2adbf028d5e2e588a11bcd
271,184,03502fb599d4b513036ade56d0eac06e8cbd5ade6a2adbf028d5e2e588a11bcd
415,184,03502fb599d4b513036ade56d0eac06e8cbd5ade6a2adbf028d5e2e588a11bcd
502,184,03502fb599d4b513036ade56d0eac06e8cbd5ade6a2adbf028d5e2e588a11bcd
532,184,03502fb599d4b513036ade56d0eac06e8cbd5ade6a2adbf028d5e2e588a11bcd
244,185,03502fb599d4b513036ade56d0eac06e8cbd5ade6a2adbf028d5e2e588a11bcd
271,185,03502fb599d4b513036ade56d0eac06e8cbd5ade6a2adbf028d5e2e588a11bcd
415,185,03502fb599d4b513036ade56d0eac06e8cbd5ade6a2adbf028d5e2e588a11bcd
502,185,03502fb599d4b513036ade56d0eac06e8cbd5ade6a2adbf028d5e2e588a11bcd
532,185,03502fb599d4b513036ade56d0eac06e8cbd5ade6a2adbf028d5e2e588a11bcd
244,186,03502fb599d4b513036ade56d0eac06e8cbd5ade6a2adbf028d5e2e588a11bcd
271,186,03502fb599d4b513036ade56d0eac06e8cbd5ade6a2adbf028d5e2e588a11bcd
415,186,03502fb599d4b513036ade56d0eac06e8cbd5ade6a2adbf028d5e2e588a11bcd
502,186,03502fb599d4b513036ade56d0eac06e8cbd5ade6a2adbf028d5e2e588a11bcd
532,186,03502fb599d4b513036ade56d0eac06e8cbd5ade6a2adbf028d5e2e588a11bcd
244,187,03502fb599d4b513036ade56d0eac06e8cbd5ade6a2adbf028d5e2e588a11bcd
271,187,03502fb599d4b513036ade56d0eac06e8cbd5ade6a2adbf028d5e2e588a11bcd
415,187,03502fb599d4b513036ade56d0eac06e8cbd5ade6a2adbf028d5e2e588a11bcd
502,187,03502fb599d4b513036ade56d0eac06e8cbd5ade6a2adbf028d5e2e588a11bcd
532,187,03502fb599d4b513036ade56d0eac06e8cbd5ade6a2adbf028d5e2e588a11bcd
244,188,03502fb599d4b513036ade56d0eac06e8cbd5ade6a2adbf028d5e2e588a11bcd
271,188,03502fb599d4b513036ade56d0eac06e8cbd5ade6a2adbf028d5e2e588a11bcd
415,188,03502fb599d4b513036ade56d0eac06e8cbd5ade6a2adbf028d5e2e588a11bcd
502,188,03502fb599d4b513036ade56d0eac06e8cbd5ade6a2adbf028d5e2e588a11bcd
532,188,03502fb599d4b513036ade56d0eac06e8cbd5ade6a2adbf028d5e2e588a11bcd
244,189,03502fb599d4b513036ade56d0eac06e8cbd5ade6a2adbf028d5e2e588a11bcd
271,189,03502fb599d4b513036ade56d0eac06e8cbd5ade6a2adbf028d5e2e588a11bcd
415,189,03502fb599d4b513036ade56d0eac06e8cbd5ade6a2adbf028d5e2e588a11bcd
502,189,03502fb599d4b513036ade56d0eac06e8cbd5ade6a2adbf028d5e2e588a11bcd
532,189,03502fb599d4b513036ade56d0eac06e8cbd5ade6a2adbf028d5e2e588a11bcd
244,190,03502fb599d4b513036ade56d0eac06e8cbd5ade6a2adbf028d5e2e588a11bcd
271,190,03502fb599d4b513036ade56d0eac06e8cbd5ade6a2adbf028d5e2e588a11bcd
415,190,03502fb599d4b513036ade56d0eac06e8cbd5ade6a2adbf028d5e2e588a11bcd
502,190,03502fb599d4b513036ade56d0eac06e8cbd5ade6a2adbf028d5e2e588a11bcd
532,190,03502fb599d4b513036ade56d0eac06e8cbd5ade6a2adbf028d5e2e588a11bcd
244,191,03502fb599d4b513036ade56d0eac06e8cbd5ade6a2adbf028d5e2e588a11bcd
271,191,03502fb599d4b513036ade56d0eac06e8cbd5ade6a2adbf028d5e2e588a11bcd
415,191,03502fb599d4b513036ade56d0eac06e8cbd5ade6a2adbf028d5e2e588a11bcd
502,191,03502fb599d4b513036ade56d0eac06e8cbd5ade6a2adbf028d5e2e588a11bcd
532,191,03502fb599d4b513036ade56d0eac06e8cbd5ade6a2adbf028d5e2e588a11bcd
244,192,03502fb599d4b513036ade56d0eac06e8cbd5ade6a2adbf028d5e2e588a11bcd
271,192,03502fb599d4b513036ade56d0eac06e8cbd5ade6a2adbf028d5e2e588a11bcd
415,192,03502fb599d4b513036ade56d0eac06e8cbd5ade6a2adbf028d5e2e588a11bcd
502,192,03502fb599d4b513036ade56d0eac06e8cbd5ade6a2adbf028d5e2e588a11bcd
532,192,03502fb599d4b513036ade56d0eac06e8cbd5ade6a2adbf028d5e2e588a11bcd
244,193,03502fb599d4b513036ade56d0eac06e8cbd5ade6a2adbf028d5e2e588a11bcd
271,193,03502fb599d4b513036ade56d0eac06e8cbd5ade6a2adbf028d5e2e588a11bcd
415,193,03502fb599d4b513036ade56d0eac06e8cbd5ade6a2adbf028d5e2e588a11bcd
502,193,03502fb599d4b513036ade56d0eac06e8cbd5ade6a2adbf028d5e2e588a11bcd
532,193,03502fb599d4b513036ade56d0eac06e8cbd5ade6a2adbf028d5e2e588a11bcd
244,194,03502fb599d4b513036ade56d0eac06e8cbd5ade6a2adbf028d5e2e588a11bcd
271,194,03502fb599d4b513036ade56d0eac06e8cbd5ade6a2adbf028d5e2e588a11bcd
415,194,03502fb599d4b513036ade56d0eac06e8cbd5ade6a2adbf028d5e2e588a11bcd
502,194,03502fb599d4b513036ade56d0eac06e8cbd5ade6a2adbf028d5e2e588a11bcd
532,194,03502fb599d4b513036ade56d0eac06e8cbd5ade6a2adbf028d5e2e588a11bcd
244,195,03502fb599d4b513036ade56d0eac06e8cbd5ade6a2adbf028d5e2e588a11bcd
271,195,03502fb599d4b513036ade56d0eac06e8cbd5ade6a2adbf028d5e2e588a11bcd
415,195,03502fb599d4b513036ade56d0eac06e8cbd5ade6a2adbf028d5e2e588a11bcd
502,195,03502fb599d4b513036ade56d0eac06e8cbd5ade6a2adbf028d5e2e588a11bcd
532,195,03502fb599d4b513036ade56d0eac06e8cbd5ade6a2adbf028d5e2e588a11bcd
132,196,03502fb599d4b513036ade56d0eac06e8cbd5ade6a2adbf028d5e2e588a11bcd
143,196,03502fb599d4b513036ade56d0eac06e8cbd5ade6a2adbf028d5e2e588a11bcd
244,196,03502fb599d4b513036ade56d0eac06e8cbd5ade6a2adbf028d5e2e588a11bcd
271,196,03502fb599d4b513036ade56d0eac06e8cbd5ade6a2adbf028d5e2e588a11bcd
415,196,03502fb599d4b513036ade56d0eac06e8cbd5ade6a2adbf028d5e2e588a11bcd
502,196,03502fb599d4b513036ade56d0eac06e8cbd5ade6a2adbf028d5e2e588a11bcd
532,196,03502fb599d4b513036ade56d0eac06e8cbd5ade6a2adbf028d5e2e588a11bcd
244,197,03502fb599d4b513036ade56d0eac06e8cbd5ade6a2adbf028d5e2e588a11bcd
271,197,03502fb599d4b513036ade56d0eac06e8cbd5ade6a2adbf028d5e2e588a11bcd
415,197,03502fb599d4b513036ade56d0eac06e8cbd5ade6a2adbf028d5e2e588a11bcd
502,197,03502fb599d4b513036ade56d0eac06e8cbd5ade6a2adbf028d5e2e588a11bcd
532,197,03502fb599d4b513036ade56d0eac06e8cbd5ade6a2adbf028d5e2e588a11bcd
244,198,03502fb599d4b513036ade56d0eac06e8cbd5ade6a2adbf028d5e2e588a11bcd
271,198,03502fb599d4b513036ade56d0eac06e8cbd5ade6a2adbf028d5e2e588a11bcd
415,198,03502fb599d4b513036ade56d0eac06e8cbd5ade6a2adbf028d5e2e588a11bcd
502,198,03502fb599d4b513036ade56d0eac06e8cbd5ade6a2adbf028d5e2e588a11bcd
532,198,03502fb599d4b513036ade56d0eac06e8cbd5ade6a2adbf028d5e2e588a11bcd
244,199,03502fb599d4b513036ade56d0eac06e8cbd5ade6a2adbf028d5e2e588a11bcd
271,199,03502fb599d4b513036ade56d0eac06e8cbd5ade6a2adbf028d5e2e588a11bcd
415,199,03502fb599d4b513036ade56d0eac06e8cbd5ade6a2adbf028d5e2e588a11bcd
502,199,03502fb599d4b513036ade56d0eac06e8cbd5ade6a2adbf028d5e2e588a11bcd
532,199,03502fb599d4b513036ade56d0eac06e8cbd5ade6a2adbf028d5e2e588a11bcd
244,200,03502fb599d4b513036ade56d0eac06e8cbd5ade6a2adbf028d5e2e588a11bcd
271,200,03502fb599d4b513036ade56d0eac06e8cbd5ade6a2adbf028d5e2e588a11bcd
415,200,03502fb599d4b513036ade56d0eac06e8cbd5ade6a2adbf028d5e2e588a11bcd
502,200,03502fb599d4b513036ade56d0eac06e8cbd5ade6a2adbf028d5e2e588a11bcd
532,200,03502fb599d4b513036ade56d0eac06e8cbd5ade6a2adbf028d5e2e588a11bcd
244,201,03502fb599d4b513036ade56d0eac06e8cbd5ade6a2adbf028d5e2e588a11bcd
271,201,03502fb599d4b513036ade56d0eac06e8cbd5ade6a2adbf028d5e2e588a11bcd
415,201,03502fb599d4b513036ade56d0eac06e8cbd5ade6a2adbf028d5e2e588a11bcd
502,201,03502fb599d4b513036ade56d0eac06e8cbd5ade6a2adbf028d5e2e588a11bcd
532,201,03502fb599d4b513036ade56d0eac06e8cbd5ade6a2adbf028d5e2e588a11bcd
244,202,03502fb599d4b513036ade56d0eac06e8cbd5ade6a2adbf028d5e2e588a11bcd
271,202,03502fb599d4b513036ade56d0eac06e8cbd5ade6a2adbf028d5e2e588a11bcd
415,202,03502fb599d4b513036ade56d0eac06e8cbd5ade6a2adbf028d5e2e588a11bcd
502,202,03502fb599d4b513036ade56d0eac06e8cbd5ade6a2adbf028d5e2e588a11bcd
532,202,03502fb599d4b513036ade56d0eac06e8cbd5ade6a2adbf028d5e2e588a11bcd
244,203,03502fb599d4b513036ade56d0eac06e8cbd5ade6a2adbf028d5e2e588a11bcd
271,203,03502fb599d4b513036ade56d0eac06e8cbd5ade6a2adbf028d5e2e588a11bcd
415,203,03502fb599d4b513036ade56d0eac06e8cbd5ade6a2adbf028d5e2e588a11bcd
502,203,03502fb599d4b513036ade56d0eac06e8cbd5ade6a2adbf028d5e2e588a11bcd
532,203,03502fb599d4b513036ade56d0eac06e8cbd5ade6a2adbf028d5e2e588a11bcd
244,204,03502fb599d4b513036ade56d0eac06e8cbd5ade6a2adbf028d5e2e588a11bcd
271,204,03502fb599d4b513036ade56d0eac06e8cbd5ade6a2adbf028d5e2e588a11bcd
415,204,03502fb599d4b513036ade56d0eac06e8cbd5ade6a2adbf028d5e2e588a11bcd
502,204,03502fb599d4b513036ade56d0eac06e8cbd5ade6a2adbf028d5e2e588a11bcd
532,204,03502fb599d4b513036ade56d0eac06e8cbd5ade6a2adbf028d5e2e588a11bcd
244,205,03502fb599d4b513036ade56d0eac06e8cbd5ade6a2adbf028d5e2e588a11bcd
271,205,03502fb599d4b513036ade56d0eac06e8cbd5ade6a2adbf028d5e2e588a11bcd
415,205,03502fb599d4b513036ade56d0eac06e8cbd5ade6a2adbf028d5e2e588a11bcd
502,205,03502fb599d4b513036ade56d0eac06e8cbd5ade6a2adbf028d5e2e588a11bcd
532,205,03502fb599d4b513036ade56d0eac06e8cbd5ade6a2adbf028d5e2e588a11bcd
244,206,03502fb599d4b513036ade56d0eac06e8cbd5ade6a2adbf028d5e2e588a11bcd
271,206,03502fb599d4b513036ade56d0eac06e8cbd5ade6a2adbf028d5e2e588a11bcd
415,206,03502fb599d4b513036ade56d0eac06e8cbd5ade6a2adbf028d5e2e588a11bcd
502,206,03502fb599d4b513036ade56d0eac06e8cbd5ade6a2adbf028d5e2e588a11bcd
532,206,03502fb599d4b513036ade56d0eac06e8cbd5ade6a2adbf028d5e2e588a11bcd
244,207,03502fb599d4b513036ade56d0eac06e8cbd5ade6a2adbf028d5e2e588a11bcd
271,207,03502fb599d4b513036ade56d0eac06e8cbd5ade6a2adbf028d5e2e588a11bcd
415,207,03502fb599d4b513036ade56d0eac06e8cbd5ade6a2adbf028d5e2e588a11bcd
502,207,03502fb599d4b513036ade56d0eac06e8cbd5ade6a2adbf028d5e2e588a11bcd
532,207,03502fb599d4b513036ade56d0eac06e8cbd5ade6a2adbf028d5e2e588a11bcd
244,208,03502fb599d4b513036ade56d0eac06e8cbd5ade6a2adbf028d5e2e588a11bcd
271,208,03502fb599d4b513036ade56d0eac06e8cbd5ade6a2adbf028d5e2e588a11bcd
415,208,03502fb599d4b513036ade56d0eac06e8cbd5ade6a2adbf028d5e2e588a11bcd
502,208,03502fb599d4b513036ade56d0eac06e8cbd5ade6a2adbf028d5e2e588a11bcd
532,208,03502fb599d4b513036ade56d0eac06e8cbd5ade6a2adbf028d5e2e588a11bcd
244,209,03502fb599d4b513036ade56d0eac06e8cbd5ade6a2adbf028d5e2e588a11bcd
271,209,03502fb599d4b513036ade56d0eac06e8cbd5ade6a2adbf028d5e2e588a11bcd
415,209,03502fb599d4b513036ade56d0eac06e8cbd5ade6a2adbf028d5e2e588a11bcd
502,209,03502fb599d4b513036ade56d0eac06e8cbd5ade6a2adbf028d5e2e588a11bcd
532,209,03502fb599d4b513036ade56d0eac06e8cbd5ade6a2adbf028d5e2e588a11bcd
244,210,03502fb599d4b513036ade56d0eac06e8cbd5ade6a2adbf028d5e2e588a11bcd
271,210,03502fb599d4b513036ade56d0eac06e8cbd5ade6a2adbf028d5e2e588a11bcd
415,210,03502fb599d4b513036ade56d0eac06e8cbd5ade6a2adbf028d5e2e588a11bcd
502,210,03502fb599d4b513036ade56d0eac06e8cbd5ade6a2adbf028d5e2e588a11bcd
532,210,03502fb599d4b513036ade56d0eac06e8cbd5ade6a2adbf028d5e2e588a11bcd
244,211,03502fb599d4b513036ade56d0eac06e8cbd5ade6a2adbf028d5e2e588a11bcd
271,211,03502fb599d4b513036ade56d0eac06e8cbd5ade6a2adbf028d5e2e588a11bcd
415,211,03502fb599d4b513036ade56d0eac06e8cbd5ade6a2adbf028d5e2e588a11bcd
502,211,03502fb599d4b513036ade56d0eac06e8cbd5ade6a2adbf028d5e2e588a11bcd
532,211,03502fb599d4b513036ade56d0eac06e8cbd5ade6a2adbf028d5e2e588a11bcd
244,212,03502fb599d4b513036ade56d0eac06e8cbd5ade6a2adbf028d5e2e588a11bcd
271,212,03502fb599d4b513036ade56d0eac06e8cbd5ade6a2adbf028d5e2e588a11bcd
415,212,03502fb599d4b513036ade56d0eac06e8cbd5ade6a2adbf028d5e2e588a11bcd
502,212,03502fb599d4b513036ade56d0eac06e8cbd5ade6a2adbf028d5e2e588a11bcd
532,212,03502fb599d4b513036ade56d0eac06e8cbd5ade6a2adbf028d5e2e588a11bcd
244,213,03502fb599d4b513036ade56d0eac06e8cbd5ade6a2adbf028d5e2e588a11bcd
271,213,03502fb599d4b513036ade56d0eac06e8cbd5ade6a2adbf028d5e2e588a11bcd
415,213,03502fb599d4b513036ade56d0eac06e8cbd5ade6a2adbf028d5e2e588a11bcd
502,213,03502fb599d4b513036ade56d0eac06e8cbd5ade6a2adbf028d5e2e588a11bcd
532,213,03502fb599d4b513036ade56d0eac06e8cbd5ade6a2adbf028d5e2e588a11bcd
244,214,03502fb599d4b513036ade56d0eac06e8cbd5ade6a2adbf028d5e2e588a11bcd
271,214,03502fb599d4b513036ade56d0eac06e8cbd5ade6a2adbf028d5e2e588a11bcd
415,214,03502fb599d4b513036ade56d0eac06e8cbd5ade6a2adbf028d5e2e588a11bcd
502,214,03502fb599d4b513036ade56d0eac06e8cbd5ade6a2adbf028d5e2e588a11bcd
532,214,03502fb599d4b513036ade56d0eac06e8cbd5ade6a2adbf028d5e2e588a11bcd
244,215,03502fb599d4b513036ade56d0eac06e8cbd5ade6a2adbf028d5e2e588a11bcd
271,215,03502fb599d4b513036ade56d0eac06e8cbd5ade6a2adbf028d5e2e588a11bcd
415,215,03502fb599d4b513036ade56d0eac06e8cbd5ade6a2adbf028d5e2e588a11bcd
502,215,03502fb599d4b513036ade56d0eac06e8cbd5ade6a2adbf028d5e2e588a11bcd
532,215,03502fb599d4b513036ade56d0eac06e8cbd5ade6a2adbf028d5e2e588a11bcd
244,216,03502fb599d4b513036ade56d0eac06e8cbd5ade6a2adbf028d5e2e588a11bcd
271,216,03502fb599d4b513036ade56d0eac06e8cbd5ade6a2adbf028d5e2e588a11bcd
415,216,03502fb599d4b513036ade56d0eac06e8cbd5ade6a2adbf028d5e2e588a11bcd
502,216,03502fb599d4b513036ade56d0eac06e8cbd5ade6a2adbf028d5e2e588a11bcd
532,216,03502fb599d4b513036ade56d0eac06e8cbd5ade6a2adbf028d5e2e588a11bcd
244,217,03502fb599d4b513036ade56d0eac06e8cbd5ade6a2adbf028d5e2e588a11bcd
271,217,03502fb599d4b513036ade56d0eac06e8cbd5ade6a2adbf028d5e2e588a11bcd
415,217,03502fb599d4b513036ade56d0eac06e8cbd5ade6a2adbf028d5e2e588a11bcd
502,217,03502fb599d4b513036ade56d0eac06e8cbd5ade6a2adbf028d5e2e588a11bcd
532,217,03502fb599d4b513036ade56d0eac06e8cbd5ade6a2adbf028d5e2e588a11bcd
244,218,03502fb599d4b513036ade56d0eac06e8cbd5ade6a2adbf028d5e2e588a11bcd
271,218,03502fb599d4b513036ade56d0eac06e8cbd5ade6a2adbf028d5e2e588a11bcd
415,218,03502fb599d4b513036ade56d0eac06e8cbd5ade6a2adbf028d5e2e588a11bcd
502,218,03502fb599d4b513036ade56d0eac06e8cbd5ade6a2adbf028d5e2e588a11bcd
532,218,03502fb599d4b513036ade56d0eac06e8cbd5ade6a2adbf028d5e2e588a11bcd
244,219,03502fb599d4b513036ade56d0eac06e8cbd5ade6a2adbf028d5e2e588a11bcd
271,219,03502fb599d4b513036ade56d0eac06e8cbd5ade6a2adbf028d5e2e588a11bcd
415,219,03502fb599d4b513036ade56d0eac06e8cbd5ade6a2adbf028d5e2e588a11bcd
502,219,03502fb599d4b513036ade56d0eac06e8cbd5ade6a2adbf028d5e2e588a11bcd
532,219,03502fb599d4b513036ade56d0eac06e8cbd5ade6a2adbf028d5e2e588a11bcd
244,220,03502fb599d4b513036ade56d0eac06e8cbd5ade6a2adbf028d5e2e588a11bcd
271,220,03502fb599d4b513036ade56d0eac06e8cbd5ade6a2adbf028d5e2e588a11bcd
415,220,03502fb599d4b513036ade56d0eac06e8cbd5ade6a2adbf028d5e2e588a11bcd
502,220,03502fb599d4b513036ade56d0eac06e8cbd5ade6a2adbf028d5e2e588a11bcd
532,220,03502fb599d4b513036ade56d0eac06e8cbd5ade6a2adbf028d5e2e588a11bcd
584,220,03502fb599d4b513036ade56d0eac06e8cbd5ade6a2adbf028d5e2e588a11bcd
619,220,03502fb599d4b513036ade56d0eac06e8cbd5ade6a2adbf028d5e2e588a11bcd
244,221,03502fb599d4b513036ade56d0eac06e8cbd5ade6a2adbf028d5e2e588a11bcd
271,221,03502fb599d4b513036ade56d0eac06e8cbd5ade6a2adbf028d5e2e588a11bcd
415,221,03502fb599d4b513036ade56d0eac06e8cbd5ade6a2adbf028d5e2e588a11bcd
502,221,03502fb599d4b513036ade56d0eac06e8cbd5ade6a2adbf028d5e2e588a11bcd
532,221,03502fb599d4b513036ade56d0eac06e8cbd5ade6a2adbf028d5e2e588a11bcd
244,222,03502fb599d4b513036ade56d0eac06e8cbd5ade6a2adbf028d5e2e588a11bcd
271,222,03502fb599d4b513036ade56d0eac06e8cbd5ade6a2adbf028d5e2e588a11bcd
415,222,03502fb599d4b513036ade56d0eac06e8cbd5ade6a2adbf028d5e2e588a11bcd
502,222,03502fb599d4b513036ade56d0eac06e8cbd5ade6a2adbf028d5e2e588a11bcd
532,222,03502fb599d4b513036ade56d0eac06e8cbd5ade6a2adbf028d5e2e588a11bcd
244,223,03502fb599d4b513036ade56d0eac06e8cbd5ade6a2adbf028d5e2e588a11bcd
271,223,03502fb599d4b513036ade56d0eac06e8cbd5ade6a2adbf028d5e2e588a11bcd
415,223,03502fb599d4b513036ade56d0eac06e8cbd5ade6a2adbf028d5e2e588a11bcd
502,223,03502fb599d4b513036ade56d0eac06e8cbd5ade6a2adbf028d5e2e588a11bcd
532,223,03502fb599d4b513036ade56d0eac06e8cbd5ade6a2adbf028d5e2e588a11bcd
244,224,03502fb599d4b513036ade56d0eac06e8cbd5ade6a2adbf028d5e2e588a11bcd
271,224,03502fb599d4b513036ade56d0eac06e8cbd5ade6a2adbf028d5e2e588a11bcd
415,224,03502fb599d4b513036ade56d0eac06e8cbd5ade6a2adbf028d5e2e588a11bcd
502,224,03502fb599d4b513036ade56d0eac06e8cbd5ade6a2adbf028d5e2e588a11bcd
532,224,03502fb599d4b513036ade56d0eac06e8cbd5ade6a2adbf028d5e2e588a11bcd
244,225,03502fb599d4b513036ade56d0eac06e8cbd5ade6a2adbf028d5e2e588a11bcd
271,225,03502fb599d4b513036ade56d0eac06e8cbd5ade6a2adbf028d5e2e588a11bcd
415,225,03502fb599d4b513036ade56d0eac06e8cbd5ade6a2adbf028d5e2e588a11bcd
502,225,03502fb599d4b513036ade56d0eac06e8cbd5ade6a2adbf028d5e2e588a11bcd
532,225,03502fb599d4b513036ade56d0eac06e8cbd5ade6a2adbf028d5e2e588a11bcd
244,226,03502fb599d4b513036ade56d0eac06e8cbd5ade6a2adbf028d5e2e588a11bcd
271,226,03502fb599d4b513036ade56d0eac06e8cbd5ade6a2adbf028d5e2e588a11bcd
415,226,03502fb599d4b513036ade56d0eac06e8cbd5ade6a2adbf028d5e2e588a11bcd
502,226,03502fb599d4b513036ade56d0eac06e8cbd5ade6a2adbf028d5e2e588a11bcd
532,226,03502fb599d4b513036ade56d0eac06e8cbd5ade6a2adbf028d5e2e588a11bcd
244,227,03502fb599d4b513036ade56d0eac06e8cbd5ade6a2adbf028d5e2e588a11bcd
271,227,03502fb599d4b513036ade56d0eac06e8cbd5ade6a2adbf028d5e2e588a11bcd
415,227,03502fb599d4b513036ade56d0eac06e8cbd5ade6a2adbf028d5e2e588a11bcd
502,227,03502fb599d4b513036ade56d0eac06e8cbd5ade6a2adbf028d5e2e588a11bcd
532,227,03502fb599d4b513036ade56d0eac06e8cbd5ade6a2adbf028d5e2e588a11bcd
244,228,03502fb599d4b513036ade56d0eac06e8cbd5ade6a2adbf028d5e2e588a11bcd
271,228,03502fb599d4b513036ade56d0eac06e8cbd5ade6a2adbf028d5e2e588a11bcd
415,228,03502fb599d4b513036ade56d0eac06e8cbd5ade6a2adbf028d5e2e588a11bcd
502,228,03502fb599d4b513036ade56d0eac06e8cbd5ade6a2adbf028d5e2e588a11bcd
532,228,03502fb599d4b513036ade56d0eac06e8cbd5ade6a2adbf028d5e2e588a11bcd
244,229,03502fb599d4b513036ade56d0eac06e8cbd5ade6a2adbf028d5e2e588a11bcd
271,229,03502fb599d4b513036ade56d0eac06e8cbd5ade6a2adbf028d5e2e588a11bcd
415,229,03502fb599d4b513036ade56d0eac06e8cbd5ade6a2adbf028d5e2e588a11bcd
502,229,03502fb599d4b513036ade56d0eac06e8cbd5ade6a2adbf028d5e2e588a11bcd
532,229,03502fb599d4b513036ade56d0eac06e8cbd5ade6a2adbf028d5e2e588a11bcd
244,230,03502fb599d4b513036ade56d0eac06e8cbd5ade6a2adbf028d5e2e588a11bcd
271,230,03502fb599d4b513036ade56d0eac06e8cbd5ade6a2adbf028d5e2e588a11bcd
415,230,03502fb599d4b513036ade56d0eac06e8cbd5ade6a2adbf028d5e2e588a11bcd
502,230,03502fb599d4b513036ade56d0eac06e8cbd5ade6a2adbf028d5e2e588a11bcd
532,230,03502fb599d4b513036ade56d0eac06e8cbd5ade6a2adbf028d5e2e588a11bcd
244,231,03502fb599d4b513036ade56d0eac06e8cbd5ade6a2adbf028d5e2e588a11bcd
271,231,03502fb599d4b513036ade56d0eac06e8cbd5ade6a2adbf028d5e2e588a11bcd
415,231,03502fb599d4b513036ade56d0eac06e8cbd5ade6a2adbf028d5e2e588a11bcd
502,231,03502fb599d4b513036ade56d0eac06e8cbd5ade6a2adbf028d5e2e588a11bcd
532,231,03502fb599d4b513036ade56d0eac06e8cbd5ade6a2adbf028d5e2e588a11bcd
244,232,03502fb599d4b513036ade56d0eac06e8cbd5ade6a2adbf028d5e2e588a11bcd
271,232,03502fb599d4b513036ade56d0eac06e8cbd5ade6a2adbf028d5e2e588a11bcd
415,232,03502fb599d4b513036ade56d0eac06e8cbd5ade6a2adbf028d5e2e588a11bcd
502,232,03502fb599d4b513036ade56d0eac06e8cbd5ade6a2adbf028d5e2e588a11bcd
532,232,03502fb599d4b513036ade56d0eac06e8cbd5ade6a2adbf028d5e2e588a11bcd
244,233,03502fb599d4b513036ade56d0eac06e8cbd5ade6a2adbf028d5e2e588a11bcd
271,233,03502fb599d4b513036ade56d0eac06e8cbd5ade6a2adbf028d5e2e588a11bcd
415,233,03502fb599d4b513036ade56d0eac06e8cbd5ade6a2adbf028d5e2e588a11bcd
502,233,03502fb599d4b513036ade56d0eac06e8cbd5ade6a2adbf028d5e2e588a11bcd
532,233,03502fb599d4b513036ade56d0eac06e8cbd5ade6a2adbf028d5e2e588a11bcd
244,234,03502fb599d4b513036ade56d0eac06e8cbd5ade6a2adbf028d5e2e588a11bcd
271,234,03502fb599d4b513036ade56d0eac06e8cbd5ade6a2adbf028d5e2e588a11bcd
415,234,03502fb599d4b513036ade56d0eac06e8cbd5ade6a2adbf028d5e2e588a11bcd
502,234,03502fb599d4b513036ade56d0eac06e8cbd5ade6a2adbf028d5e2e588a11bcd
532,234,03502fb599d4b513036ade56d0eac06e8cbd5ade6a2adbf028d5e2e588a11bcd
244,235,03502fb599d4b513036ade56d0eac06e8cbd5ade6a2adbf028d5e2e588a11bcd
271,235,03502fb599d4b513036ade56d0eac06e8cbd5ade6a2adbf028d5e2e588a11bcd
415,235,03502fb599d4b513036ade56d0eac06e8cbd5ade6a2adbf028d5e2e588a11bcd
502,235,03502fb599d4b513036ade56d0eac06e8cbd5ade6a2adbf028d5e2e588a11bcd
532,235,03502fb599d4b513036ade56d0eac06e8cbd5ade6a2adbf028d5e2e588a11bcd
244,236,03502fb599d4b513036ade56d0eac06e8cbd5ade6a2adbf028d5e2e588a11bcd
271,236,03502fb599d4b513036ade56d0eac06e8cbd5ade6a2adbf028d5e2e588a11bcd
415,236,03502fb599d4b513036ade56d0eac06e8cbd5ade6a2adbf028d5e2e588a11bcd
502,236,03502fb599d4b513036ade56d0eac06e8cbd5ade6a2adbf028d5e2e588a11bcd
532,236,03502fb599d4b513036ade56d0eac06e8cbd5ade6a2adbf028d5e2e588a11bcd
244,237,03502fb599d4b513036ade56d0eac06e8cbd5ade6a2adbf028d5e2e588a11bcd
271,237,03502fb599d4b513036ade56d0eac06e8cbd5ade6a2adbf028d5e2e588a11bcd
415,237,03502fb599d4b513036ade56d0eac06e8cbd5ade6a2adbf028d5e2e588a11bcd
502,237,03502fb599d4b513036ade56d0eac06e8cbd5ade6a2adbf028d5e2e588a11bcd
532,237,03502fb599d4b513036ade56d0eac06e8cbd5ade6a2adbf028d5e2e588a11bcd
244,238,03502fb599d4b513036ade56d0eac06e8cbd5ade6a2adbf028d5e2e588a11bcd
271,238,03502fb599d4b513036ade56d0eac06e8cbd5ade6a2adbf028d5e2e588a11bcd
415,238,03502fb599d4b513036ade56d0eac06e8cbd5ade6a2adbf028d5e2e588a11bcd
502,238,03502fb599d4b513036ade56d0eac06e8cbd5ade6a2adbf028d5e2e588a11bcd
532,238,03502fb599d4b513036ade56d0eac06e8cbd5ade6a2adbf028d5e2e588a11bcd
244,239,03502fb599d4b513036ade56d0eac06e8cbd5ade6a2adbf028d5e2e588a11bcd
271,239,03502fb599d4b513036ade56d0eac06e8cbd5ade6a2adbf028d5e2e588a11bcd
415,239,03502fb599d4b513036ade56d0eac06e8cbd5ade6a2adbf028d5e2e588a11bcd
502,239,03502fb599d4b513036ade56d0eac06e8cbd5ade6a2adbf028d5e2e588a11bcd
532,239,03502fb599d4b513036ade56d0eac06e8cbd5ade6a2adbf028d5e2e588a11bcd
244,240,03502fb599d4b513036ade56d0eac06e8cbd5ade6a2adbf028d5e2e588a11bcd
271,240,03502fb599d4b513036ade56d0eac06e8cbd5ade6a2adbf028d5e2e588a11bcd
415,240,03502fb599d4b513036ade56d0eac06e8cbd5ade6a2adbf028d5e2e588a11bcd
502,240,03502fb599d4b513036ade56d0eac06e8cbd5ade6a2adbf028d5e2e588a11bcd
532,240,03502fb599d4b513036ade56d0eac06e8cbd5ade6a2adbf028d5e2e588a11bcd
244,241,03502fb599d4b513036ade56d0eac06e8cbd5ade6a2adbf028d5e2e588a11bcd
271,241,03502fb599d4b513036ade56d0eac06e8cbd5ade6a2adbf028d5e2e588a11bcd
415,241,03502fb599d4b513036ade56d0eac06e8cbd5ade6a2adbf028d5e2e588a11bcd
502,241,03502fb599d4b513036ade56d0eac06e8cbd5ade6a2adbf028d5e2e588a11bcd
532,241,03502fb599d4b513036ade56d0eac06e8cbd5ade6a2adbf028d5e2e588a11bcd
244,242,03502fb599d4b513036ade56d0eac06e8cbd5ade6a2adbf028d5e2e588a11bcd
271,242,03502fb599d4b513036ade56d0eac06e8cbd5ade6a2adbf028d5e2e588a11bcd
415,242,03502fb599d4b513036ade56d0eac06e8cbd5ade6a2adbf028d5e2e588a11bcd
502,242,03502fb599d4b513036ade56d0eac06e8cbd5ade6a2adbf028d5e2e588a11bcd
532,242,03502fb599d4b513036ade56d0eac06e8cbd5ade6a2adbf028d5e2e588a11bcd
244,243,03502fb599d4b513036ade56d0eac06e8cbd5ade6a2adbf028d5e2e588a11bcd
271,243,03502fb599d4b513036ade56d0eac06e8cbd5ade6a2adbf028d5e2e588a11bcd
415,243,03502fb599d4b513036ade56d0eac06e8cbd5ade6a2adbf028d5e2e588a11bcd
502,243,03502fb599d4b513036ade56d0eac06e8cbd5ade6a2adbf028d5e2e588a11bcd
532,243,03502fb599d4b513036ade56d0eac06e8cbd5ade6a2adbf028d5e2e588a11bcd
172,244,03502fb599d4b513036ade56d0eac06e8cbd5ade6a2adbf028d5e2e588a11bcd
207,244,03502fb599d4b513036ade56d0eac06e8cbd5ade6a2adbf028d5e2e588a11bcd
244,244,03502fb599d4b513036ade56d0eac06e8cbd5ade6a2adbf028d5e2e588a11bcd
271,244,03502fb599d4b513036ade56d0eac06e8cbd5ade6a2adbf028d5e2e588a11bcd
415,244,03502fb599d4b513036ade56d0eac06e8cbd5ade6a2adbf028d5e2e588a11bcd
502,244,03502fb599d4b513036ade56d0eac06e8cbd5ade6a2adbf028d5e2e588a11bcd
532,244,03502fb599d4b513036ade56d0eac06e8cbd5ade6a2adbf028d5e2e588a11bcd
244,245,03502fb599d4b513036ade56d0eac06e8cbd5ade6a2adbf028d5e2e588a11bcd
271,245,03502fb599d4b513036ade56d0eac06e8cbd5ade6a2adbf028d5e2e588a11bcd
415,245,03502fb599d4b513036ade56d0eac06e8cbd5ade6a2adbf028d5e2e588a11bcd
502,245,03502fb599d4b513036ade56d0eac06e8cbd5ade6a2adbf028d5e2e588a11bcd
532,245,03502fb599d4b513036ade56d0eac06e8cbd5ade6a2adbf028d5e2e588a11bcd
244,246,03502fb599d4b513036ade56d0eac06e8cbd5ade6a2adbf028d5e2e588a11bcd
271,246,03502fb599d4b513036ade56d0eac06e8cbd5ade6a2adbf028d5e2e588a11bcd
415,246,03502fb599d4b513036ade56d0eac06e8cbd5ade6a2adbf028d5e2e588a11bcd
502,246,03502fb599d4b513036ade56d0eac06e8cbd5ade6a2adbf028d5e2e588a11bcd
532,246,03502fb599d4b513036ade56d0eac06e8cbd5ade6a2adbf028d5e2e588a11bcd
244,247,03502fb599d4b513036ade56d0eac06e8cbd5ade6a2adbf028d5e2e588a11bcd
271,247,03502fb599d4b513036ade56d0eac06e8cbd5ade6a2adbf028d5e2e588a11bcd
415,247,03502fb599d4b513036ade56d0eac06e8cbd5ade6a2adbf028d5e2e588a11bcd
502,247,03502fb599d4b513036ade56d0eac06e8cbd5ade6a2adbf028d5e2e588a11bcd
532,247,03502fb599d4b513036ade56d0eac06e8cbd5ade6a2adbf028d5e2e588a11bcd
244,248,03502fb599d4b513036ade56d0eac06e8cbd5ade6a2adbf028d5e2e588a11bcd
271,248,03502fb599d4b513036ade56d0eac06e8cbd5ade6a2adbf028d5e2e588a11bcd
415,248,03502fb599d4b513036ade56d0eac06e8cbd5ade6a2adbf028d5e2e588a11bcd
502,248,03502fb599d4b513036ade56d0eac06e8cbd5ade6a2adbf028d5e2e588a11bcd
532,248,03502fb599d4b513036ade56d0eac06e8cbd5ade6a2adbf028d5e2e588a11bcd
244,249,03502fb599d4b513036ade56d0eac06e8cbd5ade6a2adbf028d5e2e588a11bcd
271,249,03502fb599d4b513036ade56d0eac06e8cbd5ade6a2adbf028d5e2e588a11bcd
415,249,03502fb599d4b513036ade56d0eac06e8cbd5ade6a2adbf028d5e2e588a11bcd
502,249,03502fb599d4b513036ade56d0eac06e8cbd5ade6a2adbf028d5e2e588a11bcd
532,249,03502fb599d4b513036ade56d0eac06e8cbd5ade6a2adbf028d5e2e588a11bcd
244,250,03502fb599d4b513036ade56d0eac06e8cbd5ade6a2adbf028d5e2e588a11bcd
271,250,03502fb599d4b513036ade56d0eac06e8cbd5ade6a2adbf028d5e2e588a11bcd
415,250,03502fb599d4b513036ade56d0eac06e8cbd5ade6a2adbf028d5e2e588a11bcd
502,250,03502fb599d4b513036ade56d0eac06e8cbd5ade6a2adbf028d5e2e588a11bcd
532,250,03502fb599d4b513036ade56d0eac06e8cbd5ade6a2adbf028d5e2e588a11bcd
244,251,03502fb599d4b513036ade56d0eac06e8cbd5ade6a2adbf028d5e2e588a11bcd
271,251,03502fb599d4b513036ade56d0eac06e8cbd5ade6a2adbf028d5e2e588a11bcd
415,251,03502fb599d4b513036ade56d0eac06e8cbd5ade6a2adbf028d5e2e588a11bcd
502,251,03502fb599d4b513036ade56d0eac06e8cbd5ade6a2adbf028d5e2e588a11bcd
532,251,03502fb599d4b513036ade56d0eac06e8cbd5ade6a2adbf028d5e2e588a11bcd
244,252,03502fb599d4b513036ade56d0eac06e8cbd5ade6a2adbf028d5e2e588a11bcd
271,252,03502fb599d4b513036ade56d0eac06e8cbd5ade6a2adbf028d5e2e588a11bcd
415,252,03502fb599d4b513036ade56d0eac06e8cbd5ade6a2adbf028d5e2e588a11bcd
502,252,03502fb599d4b513036ade56d0eac06e8cbd5ade6a2adbf028d5e2e588a11bcd
532,252,03502fb599d4b513036ade56d0eac06e8cbd5ade6a2adbf028d5e2e588a11bcd
244,253,03502fb599d4b513036ade56d0eac06e8cbd5ade6a2adbf028d5e2e588a11bcd
271,253,03502fb599d4b513036ade56d0eac06e8cbd5ade6a2adbf028d5e2e588a11bcd
415,253,03502fb599d4b513036ade56d0eac06e8cbd5ade6a2adbf028d5e2e588a11bcd
502,253,03502fb599d4b513036ade56d0eac06e8cbd5ade6a2adbf028d5e2e588a11bcd
532,253,03502fb599d4b513036ade56d0eac06e8cbd5ade6a2adbf028d5e2e588a11bcd
244,254,03502fb599d4b513036ade56d0eac06e8cbd5ade6a2adbf028d5e2e588a11bcd
271,254,03502fb599d4b513036ade56d0eac06e8cbd5ade6a2adbf028d5e2e588a11bcd
415,254,03502fb599d4b513036ade56d0eac06e8cbd5ade6a2adbf028d5e2e588a11bcd
502,254,03502fb599d4b513036ade56d0eac06e8cbd5ade6a2adbf028d5e2e588a11bcd
532,254,03502fb599d4b513036ade56d0eac06e8cbd5ade6a2adbf028d5e2e588a11bcd
244,255,03502fb599d4b513036ade56d0eac06e8cbd5ade6a2adbf028d5e2e588a11bcd
271,255,03502fb599d4b513036ade56d0eac06e8cbd5ade6a2adbf028d5e2e588a11bcd
415,255,03502fb599d4b513036ade56d0eac06e8cbd5ade6a2adbf028d5e2e588a11bcd
502,255,03502fb599d4b513036ade56d0eac06e8cbd5ade6a2adbf028d5e2e588a11bcd
532,255,03502fb599d4b513036ade56d0eac06e8cbd5ade6a2adbf028d5e2e588a11bcd
244,256,03502fb599d4b513036ade56d0eac06e8cbd5ade6a2adbf028d5e2e588a11bcd
271,256,03502fb599d4b513036ade56d0eac06e8cbd5ade6a2adbf028d5e2e588a11bcd
415,256,03502fb599d4b513036ade56d0eac06e8cbd5ade6a2adbf028d5e2e588a11bcd
502,256,03502fb599d4b513036ade56d0eac06e8cbd5ade6a2adbf028d5e2e588a11bcd
532,256,03502fb599d4b513036ade56d0eac06e8cbd5ade6a2adbf028d5e2e588a11bcd
244,257,03502fb599d4b513036ade56d0eac06e8cbd5ade6a2adbf028d5e2e588a11bcd
271,257,03502fb599d4b513036ade56d0eac06e8cbd5ade6a2adbf028d5e2e588a11bcd
415,257,03502fb599d4b513036ade56d0eac06e8cbd5ade6a2adbf028d5e2e588a11bcd
502,257,03502fb599d4b513036ade56d0eac06e8cbd5ade6a2adbf028d5e2e588a11bcd
532,257,03502fb599d4b513036ade56d0eac06e8cbd5ade6a2adbf028d5e2e588a11bcd
244,258,03502fb599d4b513036ade56d0eac06e8cbd5ade6a2adbf028d5e2e588a11bcd
271,258,03502fb599d4b513036ade56d0eac06e8cbd5ade6a2adbf028d5e2e588a11bcd
415,258,03502fb599d4b513036ade56d0eac06e8cbd5ade6a2adbf028d5e2e588a11bcd
502,258,03502fb599d4b513036ade56d0eac06e8cbd5ade6a2adbf028d5e2e588a11bcd
532,258,03502fb599d4b513036ade56d0eac06e8cbd5ade6a2adbf028d5e2e588a11bcd
244,259,03502fb599d4b513036ade56d0eac06e8cbd5ade6a2adbf028d5e2e588a11bcd
271,259,03502fb599d4b513036ade56d0eac06e8cbd5ade6a2adbf028d5e2e588a11bcd
415,259,03502fb599d4b513036ade56d0eac06e8cbd5ade6a2adbf028d5e2e588a11bcd
502,259,03502fb599d4b513036ade56d0eac06e8cbd5ade6a2adbf028d5e2e588a11bcd
532,259,03502fb599d4b513036ade56d0eac06e8cbd5ade6a2adbf028d5e2e588a11bcd
244,260,03502fb599d4b513036ade56d0eac06e8cbd5ade6a2adbf028d5e2e588a11bcd
271,260,03502fb599d4b513036ade56d0eac06e8cbd5ade6a2adbf028d5e2e588a11bcd
415,260,03502fb599d4b513036ade56d0eac06e8cbd5ade6a2adbf028d5e2e588a11bcd
502,260,03502fb599d4b513036ade56d0eac06e8cbd5ade6a2adbf028d5e2e588a11bcd
532,260,03502fb599d4b513036ade56d0eac06e8cbd5ade6a2adbf028d5e2e588a11bcd
244,261,03502fb599d4b513036ade56d0eac06e8cbd5ade6a2adbf028d5e2e588a11bcd
271,261,03502fb599d4b513036ade56d0eac06e8cbd5ade6a2adbf028d5e2e588a11bcd
415,261,03502fb599d4b513036ade56d0eac06e8cbd5ade6a2adbf028d5e2e588a11bcd
502,261,03502fb599d4b513036ade56d0eac06e8cbd5ade6a2adbf028d5e2e588a11bcd
532,261,03502fb599d4b513036ade56d0eac06e8cbd5ade6a2adbf028d5e2e588a11bcd
244,262,03502fb599d4b513036ade56d0eac06e8cbd5ade6a2adbf028d5e2e588a11bcd
271,262,03502fb599d4b513036ade56d0eac06e8cbd5ade6a2adbf028d5e2e588a11bcd
415,262,03502fb599d4b513036ade56d0eac06e8cbd5ade6a2adbf028d5e2e588a11bcd
502,262,03502fb599d4b513036ade56d0eac06e8cbd5ade6a2adbf028d5e2e588a11bcd
532,262,03502fb599d4b513036ade56d0eac06e8cbd5ade6a2adbf028d5e2e588a11bcd
244,263,03502fb599d4b513036ade56d0eac06e8cbd5ade6a2adbf028d5e2e588a11bcd
271,263,03502fb599d4b513036ade56d0eac06e8cbd5ade6a2adbf028d5e2e588a11bcd
415,263,03502fb599d4b513036ade56d0eac06e8cbd5ade6a2adbf028d5e2e588a11bcd
502,263,03502fb599d4b513036ade56d0eac06e8cbd5ade6a2adbf028d5e2e588a11bcd
532,263,03502fb599d4b513036ade56d0eac06e8cbd5ade6a2adbf028d5e2e588a11bcd
244,264,03502fb599d4b513036ade56d0eac06e8cbd5ade6a2adbf028d5e2e588a11bcd
271,264,03502fb599d4b513036ade56d0eac06e8cbd5ade6a2adbf028d5e2e588a11bcd
415,264,03502fb599d4b513036ade56d0eac06e8cbd5ade6a2adbf028d5e2e588a11bcd
502,264,03502fb599d4b513036ade56d0eac06e8cbd5ade6a2adbf028d5e2e588a11bcd
532,264,03502fb599d4b513036ade56d0eac06e8cbd5ade6a2adbf028d5e2e588a11bcd
244,265,03502fb599d4b513036ade56d0eac06e8cbd5ade6a2adbf028d5e2e588a11bcd
271,265,03502fb599d4b513036ade56d0eac06e8cbd5ade6a2adbf028d5e2e588a11bcd
415,265,03502fb599d4b513036ade56d0eac06e8cbd5ade6a2adbf028d5e2e588a11bcd
502,265,03502fb599d4b513036ade56d0eac06e8cbd5ade6a2adbf028d5e2e588a11bcd
532,265,03502fb599d4b513036ade56d0eac06e8cbd5ade6a2adbf028d5e2e588a11bcd
244,266,03502fb599d4b513036ade56d0eac06e8cbd5ade6a2adbf028d5e2e588a11bcd
271,266,03502fb599d4b513036ade56d0eac06e8cbd5ade6a2adbf028d5e2e588a11bcd
415,266,03502fb599d4b513036ade56d0eac06e8cbd5ade6a2adbf028d5e2e588a11bcd
502,266,03502fb599d4b513036ade56d0eac06e8cbd5ade6a2adbf028d5e2e588a11bcd
532,266,03502fb599d4b513036ade56d0eac06e8cbd5ade6a2adbf028d5e2e588a11bcd
244,267,03502fb599d4b513036ade56d0eac06e8cbd5ade6a2adbf028d5e2e588a11bcd
271,267,03502fb599d4b513036ade56d0eac06e8cbd5ade6a2adbf028d5e2e588a11bcd
415,267,03502fb599d4b513036ade56d0eac06e8cbd5ade6a2adbf028d5e2e588a11bcd
491,267,03502fb599d4b513036ade56d0eac06e8cbd5ade6a2adbf028d5e2e588a11bcd
492,267,03502fb599d4b513036ade56d0eac06e8cbd5ade6a2adbf028d5e2e588a11bcd
493,267,03502fb599d4b513036ade56d0eac06e8cbd5ade6a2adbf028d5e2e588a11bcd
494,267,03502fb599d4b513036ade56d0eac06e8cbd5ade6a2adbf028d5e2e588a11bcd
495,267,03502fb599d4b513036ade56d0eac06e8cbd5ade6a2adbf028d5e2e588a11bcd
496,267,03502fb599d4b513036ade56d0eac06e8cbd5ade6a2adbf028d5e2e588a11bcd
497,267,03502fb599d4b513036ade56d0eac06e8cbd5ade6a2adbf028d5e2e588a11bcd
498,267,03502fb599d4b513036ade56d0eac06e8cbd5ade6a2adbf028d5e2e588a11bcd
499,267,03502fb599d4b513036ade56d0eac06e8cbd5ade6a2adbf028d5e2e588a11bcd
500,267,03502fb599d4b513036ade56d0eac06e8cbd5ade6a2adbf028d5e2e588a11bcd
501,267,03502fb599d4b513036ade56d0eac06e8cbd5ade6a2adbf028d5e2e588a11bcd
502,267,03502fb599d4b513036ade56d0eac06e8cbd5ade6a2adbf028d5e2e588a11bcd
532,267,03502fb599d4b513036ade56d0eac06e8cbd5ade6a2adbf028d5e2e588a11bcd
244,268,03502fb599d4b513036ade56d0eac06e8cbd5ade6a2adbf028d5e2e588a11bcd
271,268,03502fb599d4b513036ade56d0eac06e8cbd5ade6a2adbf028d5e2e588a11bcd
415,268,03502fb599d4b513036ade56d0eac06e8cbd5ade6a2adbf028d5e2e588a11bcd
491,268,03502fb599d4b513036ade56d0eac06e8cbd5ade6a2adbf028d5e2e588a11bcd
492,268,03502fb599d4b513036ade56d0eac06e8cbd5ade6a2adbf028d5e2e588a11bcd
493,268,03502fb599d4b513036ade56d0eac06e8cbd5ade6a2adbf028d5e2e588a11bcd
494,268,03502fb599d4b513036ade56d0eac06e8cbd5ade6a2adbf028d5e2e588a11bcd
495,268,03502fb599d4b513036ade56d0eac06e8cbd5ade6a2adbf028d5e2e588a11bcd
496,268,03502fb599d4b513036ade56d0eac06e8cbd5ade6a2adbf028d5e2e588a11bcd
497,268,03502fb599d4b513036ade56d0eac06e8cbd5ade6a2adbf028d5e2e588a11bcd
498,268,03502fb599d4b513036ade56d0eac06e8cbd5ade6a2adbf028d5e2e588a11bcd
499,268,03502fb599d4b513036ade56d0eac06e8cbd5ade6a2adbf028d5e2e588a11bcd
500,268,03502fb599d4b513036ade56d0eac06e8cbd5ade6a2adbf028d5e2e588a11bcd
501,268,03502fb599d4b513036ade56d0eac06e8cbd5ade6a2adbf028d5e2e588a11bcd
502,268,03502fb599d4b513036ade56d0eac06e8cbd5ade6a2adbf028d5e2e588a11bcd
532,268,03502fb599d4b513036ade56d0eac06e8cbd5ade6a2adbf028d5e2e588a11bcd
244,269,03502fb599d4b513036ade56d0eac06e8cbd5ade6a2adbf028d5e2e588a11bcd
271,269,03502fb599d4b513036ade56d0eac06e8cbd5ade6a2adbf028d5e2e588a11bcd
415,269,03502fb599d4b513036ade56d0eac06e8cbd5ade6a2adbf028d5e2e588a11bcd
491,269,03502fb599d4b513036ade56d0eac06e8cbd5ade6a2adbf028d5e2e588a11bcd
492,269,03502fb599d4b513036ade56d0eac06e8cbd5ade6a2adbf028d5e2e588a11bcd
493,269,03502fb599d4b513036ade56d0eac06e8cbd5ade6a2adbf028d5e2e588a11bcd
494,269,03502fb599d4b513036ade56d0eac06e8cbd5ade6a2adbf028d5e2e588a11bcd
495,269,03502fb599d4b513036ade56d0eac06e8cbd5ade6a2adbf028d5e2e588a11bcd
496,269,03502fb599d4b513036ade56d0eac06e8cbd5ade6a2adbf028d5e2e588a11bcd
497,269,03502fb599d4b513036ade56d0eac06e8cbd5ade6a2adbf028d5e2e588a11bcd
498,269,03502fb599d4b513036ade56d0eac06e8cbd5ade6a2adbf028d5e2e588a11bcd
499,269,03502fb599d4b513036ade56d0eac06e8cbd5ade6a2adbf028d5e2e588a11bcd
500,269,03502fb599d4b513036ade56d0eac06e8cbd5ade6a2adbf028d5e2e588a11bcd
501,269,03502fb599d4b513036ade56d0eac06e8cbd5ade6a2adbf028d5e2e588a11bcd
502,269,03502fb599d4b513036ade56d0eac06e8cbd5ade6a2adbf028d5e2e588a11bcd
532,269,03502fb599d4b513036ade56d0eac06e8cbd5ade6a2adbf028d5e2e588a11bcd
244,270,03502fb599d4b513036ade56d0eac06e8cbd5ade6a2adbf028d5e2e588a11bcd
271,270,03502fb599d4b513036ade56d0eac06e8cbd5ade6a2adbf028d5e2e588a11bcd
415,270,03502fb599d4b513036ade56d0eac06e8cbd5ade6a2adbf028d5e2e588a11bcd
491,270,03502fb599d4b513036ade56d0eac06e8cbd5ade6a2adbf028d5e2e588a11bcd
492,270,03502fb599d4b513036ade56d0eac06e8cbd5ade6a2adbf028d5e2e588a11bcd
493,270,03502fb599d4b513036ade56d0eac06e8cbd5ade6a2adbf028d5e2e588a11bcd
494,270,03502fb599d4b513036ade56d0eac06e8cbd5ade6a2adbf028d5e2e588a11bcd
495,270,03502fb599d4b513036ade56d0eac06e8cbd5ade6a2adbf028d5e2e588a11bcd
496,270,03502fb599d4b513036ade56d0eac06e8cbd5ade6a2adbf028d5e2e588a11bcd
497,270,03502fb599d4b513036ade56d0eac06e8cbd5ade6a2adbf028d5e2e588a11bcd
498,270,03502fb599d4b513036ade56d0eac06e8cbd5ade6a2adbf028d5e2e588a11bcd
499,270,03502fb599d4b513036ade56d0eac06e8cbd5ade6a2adbf028d5e2e588a11bcd
500,270,03502fb599d4b513036ade56d0eac06e8cbd5ade6a2adbf028d5e2e588a11bcd
501,270,03502fb599d4b513036ade56d0eac06e8cbd5ade6a2adbf028d5e2e588a11bcd
502,270,03502fb599d4b513036ade56d0eac06e8cbd5ade6a2adbf028d5e2e588a11bcd
503,270,03502fb599d4b513036ade56d0eac06e8cbd5ade6a2adbf028d5e2e588a11bcd
504,270,03502fb599d4b513036ade56d0eac06e8cbd5ade6a2adbf028d5e2e588a11bcd
505,270,03502fb599d4b513036ade56d0eac06e8cbd5ade6a2adbf028d5e2e588a11bcd
506,270,03502fb599d4b513036ade56d0eac06e8cbd5ade6a2adbf028d5e2e588a11bcd
507,270,03502fb599d4b513036ade56d0eac06e8cbd5ade6a2adbf028d5e2e588a11bcd
508,270,03502fb599d4b513036ade56d0eac06e8cbd5ade6a2adbf028d5e2e588a11bcd
509,270,03502fb599d4b513036ade56d0eac06e8cbd5ade6a2adbf028d5e2e588a11bcd
510,270,03502fb599d4b513036ade56d0eac06e8cbd5ade6a2adbf028d5e2e588a11bcd
511,270,03502fb599d4b513036ade56d0eac06e8cbd5ade6a2adbf028d5e2e588a11bcd
512,270,03502fb599d4b513036ade56d0eac06e8cbd5ade6a2adbf028d5e2e588a11bcd
513,270,03502fb599d4b513036ade56d0eac06e8cbd5ade6a2adbf028d5e2e588a11bcd
514,270,03502fb599d4b513036ade56d0eac06e8cbd5ade6a2adbf028d5e2e588a11bcd
515,270,03502fb599d4b513036ade56d0eac06e8cbd5ade6a2adbf028d5e2e588a11bcd
532,270,03502fb599d4b513036ade56d0eac06e8cbd5ade6a2adbf028d5e2e588a11bcd
244,271,03502fb599d4b513036ade56d0eac06e8cbd5ade6a2adbf028d5e2e588a11bcd
271,271,03502fb599d4b513036ade56d0eac06e8cbd5ade6a2adbf028d5e2e588a11bcd
415,271,03502fb599d4b513036ade56d0eac06e8cbd5ade6a2adbf028d5e2e588a11bcd
491,271,03502fb599d4b513036ade56d0eac06e8cbd5ade6a2adbf028d5e2e588a11bcd
492,271,03502fb599d4b513036ade56d0eac06e8cbd5ade6a2adbf028d5e2e588a11bcd
493,271,03502fb599d4b513036ade56d0eac06e8cbd5ade6a2adbf028d5e2e588a11bcd
494,271,03502fb599d4b513036ade56d0eac06e8cbd5ade6a2adbf028d5e2e588a11bcd
495,271,03502fb599d4b513036ade56d0eac06e8cbd5ade6a2adbf028d5e2e588a11bcd
496,271,03502fb599d4b513036ade56d0eac06e8cbd5ade6a2adbf028d5e2e588a11bcd
497,271,03502fb599d4b513036ade56d0eac06e8cbd5ade6a2adbf028d5e2e588a11bcd
498,271,03502fb599d4b513036ade56d0eac06e8cbd5ade6a2adbf028d5e2e588a11bcd
499,271,03502fb599d4b513036ade56d0eac06e8cbd5ade6a2adbf028d5e2e588a11bcd
500,271,03502fb599d4b513036ade56d0eac06e8cbd5ade6a2adbf028d5e2e588a11bcd
501,271,03502fb599d4b513036ade56d0eac06e8cbd5ade6a2adbf028d5e2e588a11bcd
502,271,03502fb599d4b513036ade56d0eac06e8cbd5ade6a2adbf028d5e2e588a11bcd
503,271,03502fb599d4b513036ade56d0eac06e8cbd5ade6a2adbf028d5e2e588a11bcd
504,271,03502fb599d4b513036ade56d0eac06e8cbd5ade6a2adbf028d5e2e588a11bcd
505,271,03502fb599d4b513036ade56d0eac06e8cbd5ade6a2adbf028d5e2e588a11bcd
506,271,03502fb599d4b513036ade56d0eac06e8cbd5ade6a2adbf028d5e2e588a11bcd
507,271,03502fb599d4b513036ade56d0eac06e8cbd5ade6a2adbf028d5e2e588a11bcd
508,271,03502fb599d4b513036ade56d0eac06e8cbd5ade6a2adbf028d5e2e588a11bcd
509,271,03502fb599d4b513036ade56d0eac06e8cbd5ade6a2adbf028d5e2e588a11bcd
510,271,03502fb599d4b513036ade56d0eac06e8cbd5ade6a2adbf028d5e2e588a11bcd
511,271,03502fb599d4b513036ade56d0eac06e8cbd5ade6a2adbf028d5e2e588a11bcd
512,271,03502fb599d4b513036ade56d0eac06e8cbd5ade6a2adbf028d5e2e588a11bcd
513,271,03502fb599d4b513036ade56d0eac06e8cbd5ade6a2adbf028d5e2e588a11bcd
514,271,03502fb599d4b513036ade56d0eac06e8cbd5ade6a2adbf028d5e2e588a11bcd
515,271,03502fb599d4b513036ade56d0eac06e8cbd5ade6a2adbf028d5e2e588a11bcd
532,271,03502fb599d4b513036ade56d0eac06e8cbd5ade6a2adbf028d5e2e588a11bcd
244,272,03502fb599d4b513036ade56d0eac06e8cbd5ade6a2adbf028d5e2e588a11bcd
271,272,03502fb599d4b513036ade56d0eac06e8cbd5ade6a2adbf028d5e2e588a11bcd
415,272,03502fb599d4b513036ade56d0eac06e8cbd5ade6a2adbf028d5e2e588a11bcd
491,272,03502fb599d4b513036ade56d0eac06e8cbd5ade6a2adbf028d5e2e588a11bcd
492,272,03502fb599d4b513036ade56d0eac06e8cbd5ade6a2adbf028d5e2e588a11bcd
493,272,03502fb599d4b513036ade56d0eac06e8cbd5ade6a2adbf028d5e2e588a11bcd
494,272,03502fb599d4b513036ade56d0eac06e8cbd5ade6a2adbf028d5e2e588a11bcd
495,272,03502fb599d4b513036ade56d0eac06e8cbd5ade6a2adbf028d5e2e588a11bcd
496,272,03502fb599d4b513036ade56d0eac06e8cbd5ade6a2adbf028d5e2e588a11bcd
497,272,03502fb599d4b513036ade56d0eac06e8cbd5ade6a2adbf028d5e2e588a11bcd
498,272,03502fb599d4b513036ade56d0eac06e8cbd5ade6a2adbf028d5e2e588a11bcd
499,272,03502fb599d4b513036ade56d0eac06e8cbd5ade6a2adbf028d5e2e588a11bcd
500,272,03502fb599d4b513036ade56d0eac06e8cbd5ade6a2adbf028d5e2e588a11bcd
501,272,03502fb599d4b513036ade56d0eac06e8cbd5ade6a2adbf028d5e2e588a11bcd
502,272,03502fb599d4b513036ade56d0eac06e8cbd5ade6a2adbf028d5e2e588a11bcd
503,272,03502fb599d4b513036ade56d0eac06e8cbd5ade6a2adbf028d5e2e588a11bcd
504,272,03502fb599d4b513036ade56d0eac06e8cbd5ade6a2adbf028d5e2e588a11bcd
505,272,03502fb599d4b513036ade56d0eac06e8cbd5ade6a2adbf028d5e2e588a11bcd
506,272,03502fb599d4b513036ade56d0eac06e8cbd5ade6a2adbf028d5e2e588a11bcd
507,272,03502fb599d4b513036ade56d0eac06e8cbd5ade6a2adbf028d5e2e588a11bcd
508,272,03502fb599d4b513036ade56d0eac06e8cbd5ade6a2adbf028d5e2e588a11bcd
509,272,03502fb599d4b513036ade56d0eac06e8cbd5ade6a2adbf028d5e2e588a11bcd
510,272,03502fb599d4b513036ade56d0eac06e8cbd5ade6a2adbf028d5e2e588a11bcd
511,272,03502fb599d4b513036ade56d0eac06e8cbd5ade6a2adbf028d5e2e588a11bcd
512,272,03502fb599d4b513036ade56d0eac06e8cbd5ade6a2adbf028d5e2e588a11bcd
513,272,03502fb599d4b513036ade56d0eac06e8cbd5ade6a2adbf028d5e2e588a11bcd
514,272,03502fb599d4b513036ade56d0eac06e8cbd5ade6a2adbf028d5e2e588a11bcd
515,272,03502fb599d4b513036ade56d0eac06e8cbd5ade6a2adbf028d5e2e588a11bcd
532,272,03502fb599d4b513036ade56d0eac06e8cbd5ade6a2adbf028d5e2e588a11bcd
244,273,03502fb599d4b513036ade56d0eac06e8cbd5ade6a2adbf028d5e2e588a11bcd
271,273,03502fb599d4b513036ade56d0eac06e8cbd5ade6a2adbf028d5e2e588a11bcd
415,273,03502fb599d4b513036ade56d0eac06e8cbd5ade6a2adbf028d5e2e588a11bcd
491,273,03502fb599d4b513036ade56d0eac06e8cbd5ade6a2adbf028d5e2e588a11bcd
492,273,03502fb599d4b513036ade56d0eac06e8cbd5ade6a2adbf028d5e2e588a11bcd
493,273,03502fb599d4b513036ade56d0eac06e8cbd5ade6a2adbf028d5e2e588a11bcd
494,273,03502fb599d4b513036ade56d0eac06e8cbd5ade6a2adbf028d5e2e588a11bcd
495,273,03502fb599d4b513036ade56d0eac06e8cbd5ade6a2adbf028d5e2e588a11bcd
496,273,03502fb599d4b513036ade56d0eac06e8cbd5ade6a2adbf028d5e2e588a11bcd
497,273,03502fb599d4b513036ade56d0eac06e8cbd5ade6a2adbf028d5e2e588a11bcd
498,273,03502fb599d4b513036ade56d0eac06e8cbd5ade6a2adbf028d5e2e588a11bcd
499,273,03502fb599d4b513036ade56d0eac06e8cbd5ade6a2adbf028d5e2e588a11bcd
500,273,03502fb599d4b513036ade56d0eac06e8cbd5ade6a2adbf028d5e2e588a11bcd
501,273,03502fb599d4b513036ade56d0eac06e8cbd5ade6a2adbf028d5e2e588a11bcd
502,273,03502fb599d4b513036ade56d0eac06e8cbd5ade6a2adbf028d5e2e588a11bcd
503,273,03502fb599d4b513036ade56d0eac06e8cbd5ade6a2adbf028d5e2e588a11bcd
504,273,03502fb599d4b513036ade56d0eac06e8cbd5ade6a2adbf028d5e2e588a11bcd
505,273,03502fb599d4b513036ade56d0eac06e8cbd5ade6a2adbf028d5e2e588a11bcd
506,273,03502fb599d4b513036ade56d0eac06e8cbd5ade6a2adbf028d5e2e588a11bcd
507,273,03502fb599d4b513036ade56d0eac06e8cbd5ade6a2adbf028d5e2e588a11bcd
508,273,03502fb599d4b513036ade56d0eac06e8cbd5ade6a2adbf028d5e2e588a11bcd
509,273,03502fb599d4b513036ade56d0eac06e8cbd5ade6a2adbf028d5e2e588a11bcd
510,273,03502fb599d4b513036ade56d0eac06e8cbd5ade6a2adbf028d5e2e588a11bcd
511,273,03502fb599d4b513036ade56d0eac06e8cbd5ade6a2adbf028d5e2e588a11bcd
512,273,03502fb599d4b513036ade56d0eac06e8cbd5ade6a2adbf028d5e2e588a11bcd
513,273,03502fb599d4b513036ade56d0eac06e8cbd5ade6a2adbf028d5e2e588a11bcd
514,273,03502fb599d4b513036ade56d0eac06e8cbd5ade6a2adbf028d5e2e588a11bcd
515,273,03502fb599d4b513036ade56d0eac06e8cbd5ade6a2adbf028d5e2e588a11bcd
532,273,03502fb599d4b513036ade56d0eac06e8cbd5ade6a2adbf028d5e2e588a11bcd
244,274,03502fb599d4b513036ade56d0eac06e8cbd5ade6a2adbf028d5e2e588a11bcd
271,274,03502fb599d4b513036ade56d0eac06e8cbd5ade6a2adbf028d5e2e588a11bcd
415,274,03502fb599d4b513036ade56d0eac06e8cbd5ade6a2adbf028d5e2e588a11bcd
491,274,03502fb599d4b513036ade56d0eac06e8cbd5ade6a2adbf028d5e2e588a11bcd
492,274,03502fb599d4b513036ade56d0eac06e8cbd5ade6a2adbf028d5e2e588a11bcd
493,274,03502fb599d4b513036ade56d0eac06e8cbd5ade6a2adbf028d5e2e588a11bcd
494,274,03502fb599d4b513036ade56d0eac06e8cbd5ade6a2adbf028d5e2e588a11bcd
495,274,03502fb599d4b513036ade56d0eac06e8cbd5ade6a2adbf028d5e2e588a11bcd
496,274,03502fb599d4b513036ade56d0eac06e8cbd5ade6a2adbf028d5e2e588a11bcd
497,274,03502fb599d4b513036ade56d0eac06e8cbd5ade6a2adbf028d5e2e588a11bcd
498,274,03502fb599d4b513036ade56d0eac06e8cbd5ade6a2adbf028d5e2e588a11bcd
499,274,03502fb599d4b513036ade56d0eac06e8cbd5ade6a2adbf028d5e2e588a11bcd
500,274,03502fb599d4b513036ade56d0eac06e8cbd5ade6a2adbf028d5e2e588a11bcd
501,274,03502fb599d4b513036ade56d0eac06e8cbd5ade6a2adbf028d5e2e588a11bcd
502,274,03502fb599d4b513036ade56d0eac06e8cbd5ade6a2adbf028d5e2e588a11bcd
503,274,03502fb599d4b513036ade56d0eac06e8cbd5ade6a2adbf028d5e2e588a11bcd
504,274,03502fb599d4b513036ade56d0eac06e8cbd5ade6a2adbf028d5e2e588a11bcd
505,274,03502fb599d4b513036ade56d0eac06e8cbd5ade6a2adbf028d5e2e588a11bcd
506,274,03502fb599d4b513036ade56d0eac06e8cbd5ade6a2adbf028d5e2e588a11bcd
507,274,03502fb599d4b513036ade56d0eac06e8cbd5ade6a2adbf028d5e2e588a11bcd
508,274,03502fb599d4b513036ade56d0eac06e8cbd5ade6a2adbf028d5e2e588a11bcd
509,274,03502fb599d4b513036ade56d0eac06e8cbd5ade6a2adbf028d5e2e588a11bcd
510,274,03502fb599d4b513036ade56d0eac06e8cbd5ade6a2adbf028d5e2e588a11bcd
511,274,03502fb599d4b513036ade56d0eac06e8cbd5ade6a2adbf028d5e2e588a11bcd
512,274,03502fb599d4b513036ade56d0eac06e8cbd5ade6a2adbf028d5e2e588a11bcd
513,274,03502fb599d4b513036ade56d0eac06e8cbd5ade6a2adbf028d5e2e588a11bcd
514,274,03502fb599d4b513036ade56d0eac06e8cbd5ade6a2adbf028d5e2e588a11bcd
515,274,03502fb599d4b513036ade56d0eac06e8cbd5ade6a2adbf028d5e2e588a11bcd
532,274,03502fb599d4b513036ade56d0eac06e8cbd5ade6a2adbf028d5e2e588a11bcd
244,275,03502fb599d4b513036ade56d0eac06e8cbd5ade6a2adbf028d5e2e588a11bcd
271,275,03502fb599d4b513036ade56d0eac06e8cbd5ade6a2adbf028d5e2e588a11bcd
415,275,03502fb599d4b513036ade56d0eac06e8cbd5ade6a2adbf028d5e2e588a11bcd
491,275,03502fb599d4b513036ade56d0eac06e8cbd5ade6a2adbf028d5e2e588a11bcd
492,275,03502fb599d4b513036ade56d0eac06e8cbd5ade6a2adbf028d5e2e588a11bcd
493,275,03502fb599d4b513036ade56d0eac06e8cbd5ade6a2adbf028d5e2e588a11bcd
494,275,03502fb599d4b513036ade56d0eac06e8cbd5ade6a2adbf028d5e2e588a11bcd
495,275,03502fb599d4b513036ade56d0eac06e8cbd5ade6a2adbf028d5e2e588a11bcd
496,275,03502fb599d4b513036ade56d0eac06e8cbd5ade6a2adbf028d5e2e588a11bcd
497,275,03502fb599d4b513036ade56d0eac06e8cbd5ade6a2adbf028d5e2e588a11bcd
498,275,03502fb599d4b513036ade56d0eac06e8cbd5ade6a2adbf028d5e2e588a11bcd
499,275,03502fb599d4b513036ade56d0eac06e8cbd5ade6a2adbf028d5e2e588a11bcd
500,275,03502fb599d4b513036ade56d0eac06e8cbd5ade6a2adbf028d5e2e588a11bcd
501,275,03502fb599d4b513036ade56d0eac06e8cbd5ade6a2adbf028d5e2e588a11bcd
502,275,03502fb599d4b513036ade56d0eac06e8cbd5ade6a2adbf028d5e2e588a11bcd
503,275,03502fb599d4b513036ade56d0eac06e8cbd5ade6a2adbf028d5e2e588a11bcd
504,275,03502fb599d4b513036ade56d0eac06e8cbd5ade6a2adbf028d5e2e588a11bcd
505,275,03502fb599d4b513036ade56d0eac06e8cbd5ade6a2adbf028d5e2e588a11bcd
506,275,03502fb599d4b513036ade56d0eac06e8cbd5ade6a2adbf028d5e2e588a11bcd
507,275,03502fb599d4b513036ade56d0eac06e8cbd5ade6a2adbf028d5e2e588a11bcd
508,275,03502fb599d4b513036ade56d0eac06e8cbd5ade6a2adbf028d5e2e588a11bcd
509,275,03502fb599d4b513036ade56d0eac06e8cbd5ade6a2adbf028d5e2e588a11bcd
510,275,03502fb599d4b513036ade56d0eac06e8cbd5ade6a2adbf028d5e2e588a11bcd
511,275,03502fb599d4b513036ade56d0eac06e8cbd5ade6a2adbf028d5e2e588a11bcd
512,275,03502fb599d4b513036ade56d0eac06e8cbd5ade6a2adbf028d5e2e588a11bcd
513,275,03502fb599d4b513036ade56d0eac06e8cbd5ade6a2adbf028d5e2e588a11bcd
514,275,03502fb599d4b513036ade56d0eac06e8cbd5ade6a2adbf028d5e2e588a11bcd
515,275,03502fb599d4b513036ade56d0eac06e8cbd5ade6a2adbf028d5e2e588a11bcd
532,275,03502fb599d4b513036ade56d0eac06e8cbd5ade6a2adbf028d5e2e588a11bcd
244,276,03502fb599d4b513036ade56d0eac06e8cbd5ade6a2adbf028d5e2e588a11bcd
271,276,03502fb599d4b513036ade56d0eac06e8cbd5ade6a2adbf028d5e2e588a11bcd
415,276,03502fb599d4b513036ade56d0eac06e8cbd5ade6a2adbf028d5e2e588a11bcd
491,276,03502fb599d4b513036ade56d0eac06e8cbd5ade6a2adbf028d5e2e588a11bcd
492,276,03502fb599d4b513036ade56d0eac06e8cbd5ade6a2adbf028d5e2e588a11bcd
493,276,03502fb599d4b513036ade56d0eac06e8cbd5ade6a2adbf028d5e2e588a11bcd
494,276,03502fb599d4b513036ade56d0eac06e8cbd5ade6a2adbf028d5e2e588a11bcd
495,276,03502fb599d4b513036ade56d0eac06e8cbd5ade6a2adbf028d5e2e588a11bcd
496,276,03502fb599d4b513036ade56d0eac06e8cbd5ade6a2adbf028d5e2e588a11bcd
497,276,03502fb599d4b513036ade56d0eac06e8cbd5ade6a2adbf028d5e2e588a11bcd
498,276,03502fb599d4b513036ade56d0eac06e8cbd5ade6a2adbf028d5e2e588a11bcd
499,276,03502fb599d4b513036ade56d0eac06e8cbd5ade6a2adbf028d5e2e588a11bcd
500,276,03502fb599d4b513036ade56d0eac06e8cbd5ade6a2adbf028d5e2e588a11bcd
501,276,03502fb599d4b513036ade56d0eac06e8cbd5ade6a2adbf028d5e2e588a11bcd
502,276,03502fb599d4b513036ade56d0eac06e8cbd5ade6a2adbf028d5e2e588a11bcd
503,276,03502fb599d4b513036ade56d0eac06e8cbd5ade6a2adbf028d5e2e588a11bcd
504,276,03502fb599d4b513036ade56d0eac06e8cbd5ade6a2adbf028d5e2e588a11bcd
505,276,03502fb599d4b513036ade56d0eac06e8cbd5ade6a2adbf028d5e2e588a11bcd
506,276,03502fb599d4b513036ade56d0eac06e8cbd5ade6a2adbf028d5e2e588a11bcd
507,276,03502fb599d4b513036ade56d0eac06e8cbd5ade6a2adbf028d5e2e588a11bcd
508,276,03502fb599d4b513036ade56d0eac06e8cbd5ade6a2adbf028d5e2e588a11bcd
509,276,03502fb599d4b513036ade56d0eac06e8cbd5ade6a2adbf028d5e2e588a11bcd
510,276,03502fb599d4b513036ade56d0eac06e8cbd5ade6a2adbf028d5e2e588a11bcd
511,276,03502fb599d4b513036ade56d0eac06e8cbd5ade6a2adbf028d5e2e588a11bcd
512,276,03502fb599d4b513036ade56d0eac06e8cbd5ade6a2adbf028d5e2e588a11bcd
513,276,03502fb599d4b513036ade56d0eac06e8cbd5ade6a2adbf028d5e2e588a11bcd
514,276,03502fb599d4b513036ade56d0eac06e8cbd5ade6a2adbf028d5e2e588a11bcd
515,276,03502fb599d4b513036ade56d0eac06e8cbd5ade6a2adbf028d5e2e588a11bcd
532,276,03502fb599d4b513036ade56d0eac06e8cbd5ade6a2adbf028d5e2e588a11bcd
244,277,03502fb599d4b513036ade56d0eac06e8cbd5ade6a2adbf028d5e2e588a11bcd
271,277,03502fb599d4b513036ade56d0eac06e8cbd5ade6a2adbf028d5e2e588a11bcd
415,277,03502fb599d4b513036ade56d0eac06e8cbd5ade6a2adbf028d5e2e588a11bcd
491,277,03502fb599d4b513036ade56d0eac06e8cbd5ade6a2adbf028d5e2e588a11bcd
492,277,03502fb599d4b513036ade56d0eac06e8cbd5ade6a2adbf028d5e2e588a11bcd
493,277,03502fb599d4b513036ade56d0eac06e8cbd5ade6a2adbf028d5e2e588a11bcd
494,277,03502fb599d4b513036ade56d0eac06e8cbd5ade6a2adbf028d5e2e588a11bcd
495,277,03502fb599d4b513036ade56d0eac06e8cbd5ade6a2adbf028d5e2e588a11bcd
496,277,03502fb599d4b513036ade56d0eac06e8cbd5ade6a2adbf028d5e2e588a11bcd
497,277,03502fb599d4b513036ade56d0eac06e8cbd5ade6a2adbf028d5e2e588a11bcd
498,277,03502fb599d4b513036ade56d0eac06e8cbd5ade6a2adbf028d5e2e588a11bcd
499,277,03502fb599d4b513036ade56d0eac06e8cbd5ade6a2adbf028d5e2e588a11bcd
500,277,03502fb599d4b513036ade56d0eac06e8cbd5ade6a2adbf028d5e2e588a11bcd
501,277,03502fb599d4b513036ade56d0eac06e8cbd5ade6a2adbf028d5e2e588a11bcd
502,277,03502fb599d4b513036ade56d0eac06e8cbd5ade6a2adbf028d5e2e588a11bcd
503,277,03502fb599d4b513036ade56d0eac06e8cbd5ade6a2adbf028d5e2e588a11bcd
504,277,03502fb599d4b513036ade56d0eac06e8cbd5ade6a2adbf028d5e2e588a11bcd
505,277,03502fb599d4b513036ade56d0eac06e8cbd5ade6a2adbf028d5e2e588a11bcd
506,277,03502fb599d4b513036ade56d0eac06e8cbd5ade6a2adbf028d5e2e588a11bcd
507,277,03502fb599d4b513036ade56d0eac06e8cbd5ade6a2adbf028d5e2e588a11bcd
508,277,03502fb599d4b513036ade56d0eac06e8cbd5ade6a2adbf028d5e2e588a11bcd
509,277,03502fb599d4b513036ade56d0eac06e8cbd5ade6a2adbf028d5e2e588a11bcd
510,277,03502fb599d4b513036ade56d0eac06e8cbd5ade6a2adbf028d5e2e588a11bcd
511,277,03502fb599d4b513036ade56d0eac06e8cbd5ade6a2adbf028d5e2e588a11bcd
512,277,03502fb599d4b513036ade56d0eac06e8cbd5ade6a2adbf028d5e2e588a11bcd
513,277,03502fb599d4b513036ade56d0eac06e8cbd5ade6a2adbf028d5e2e588a11bcd
514,277,03502fb599d4b513036ade56d0eac06e8cbd5ade6a2adbf028d5e2e588a11bcd
515,277,03502fb599d4b513036ade56d0eac06e8cbd5ade6a2adbf028d5e2e588a11bcd
532,277,03502fb599d4b513036ade56d0eac06e8cbd5ade6a2adbf028d5e2e588a11bcd
244,278,03502fb599d4b513036ade56d0eac06e8cbd5ade6a2adbf028d5e2e588a11bcd
271,278,03502fb599d4b513036ade56d0eac06e8cbd5ade6a2adbf028d5e2e588a11bcd
415,278,03502fb599d4b513036ade56d0eac06e8cbd5ade6a2adbf028d5e2e588a11bcd
491,278,03502fb599d4b513036ade56d0eac06e8cbd5ade6a2adbf028d5e2e588a11bcd
492,278,03502fb599d4b513036ade56d0eac06e8cbd5ade6a2adbf028d5e2e588a11bcd
493,278,03502fb599d4b513036ade56d0eac06e8cbd5ade6a2adbf028d5e2e588a11bcd
494,278,03502fb599d4b513036ade56d0eac06e8cbd5ade6a2adbf028d5e2e588a11bcd
495,278,03502fb599d4b513036ade56d0eac06e8cbd5ade6a2adbf028d5e2e588a11bcd
496,278,03502fb599d4b513036ade56d0eac06e8cbd5ade6a2adbf028d5e2e588a11bcd
497,278,03502fb599d4b513036ade56d0eac06e8cbd5ade6a2adbf028d5e2e588a11bcd
498,278,03502fb599d4b513036ade56d0eac06e8cbd5ade6a2adbf028d5e2e588a11bcd
499,278,03502fb599d4b513036ade56d0eac06e8cbd5ade6a2adbf028d5e2e588a11bcd
500,278,03502fb599d4b513036ade56d0eac06e8cbd5ade6a2adbf028d5e2e588a11bcd
501,278,03502fb599d4b513036ade56d0eac06e8cbd5ade6a2adbf028d5e2e588a11bcd
502,278,03502fb599d4b513036ade56d0eac06e8cbd5ade6a2adbf028d5e2e588a11bcd
503,278,03502fb599d4b513036ade56d0eac06e8cbd5ade6a2adbf028d5e2e588a11bcd
504,278,03502fb599d4b513036ade56d0eac06e8cbd5ade6a2adbf028d5e2e588a11bcd
505,278,03502fb599d4b513036ade56d0eac06e8cbd5ade6a2adbf028d5e2e588a11bcd
506,278,03502fb599d4b513036ade56d0eac06e8cbd5ade6a2adbf028d5e2e588a11bcd
507,278,03502fb599d4b513036ade56d0eac06e8cbd5ade6a2adbf028d5e2e588a11bcd
508,278,03502fb599d4b513036ade56d0eac06e8cbd5ade6a2adbf028d5e2e588a11bcd
509,278,03502fb599d4b513036ade56d0eac06e8cbd5ade6a2adbf028d5e2e588a11bcd
510,278,03502fb599d4b513036ade56d0eac06e8cbd5ade6a2adbf028d5e2e588a11bcd
511,278,03502fb599d4b513036ade56d0eac06e8cbd5ade6a2adbf028d5e2e588a11bcd
512,278,03502fb599d4b513036ade56d0eac06e8cbd5ade6a2adbf028d5e2e588a11bcd
513,278,03502fb599d4b513036ade56d0eac06e8cbd5ade6a2adbf028d5e2e588a11bcd
514,278,03502fb599d4b513036ade56d0eac06e8cbd5ade6a2adbf028d5e2e588a11bcd
515,278,03502fb599d4b513036ade56d0eac06e8cbd5ade6a2adbf028d5e2e588a11bcd
532,278,03502fb599d4b513036ade56d0eac06e8cbd5ade6a2adbf028d5e2e588a11bcd
244,279,03502fb599d4b513036ade56d0eac06e8cbd5ade6a2adbf028d5e2e588a11bcd
271,279,03502fb599d4b513036ade56d0eac06e8cbd5ade6a2adbf028d5e2e588a11bcd
415,279,03502fb599d4b513036ade56d0eac06e8cbd5ade6a2adbf028d5e2e588a11bcd
491,279,03502fb599d4b513036ade56d0eac06e8cbd5ade6a2adbf028d5e2e588a11bcd
492,279,03502fb599d4b513036ade56d0eac06e8cbd5ade6a2adbf028d5e2e588a11bcd
493,279,03502fb599d4b513036ade56d0eac06e8cbd5ade6a2adbf028d5e2e588a11bcd
494,279,03502fb599d4b513036ade56d0eac06e8cbd5ade6a2adbf028d5e2e588a11bcd
495,279,03502fb599d4b513036ade56d0eac06e8cbd5ade6a2adbf028d5e2e588a11bcd
496,279,03502fb599d4b513036ade56d0eac06e8cbd5ade6a2adbf028d5e2e588a11bcd
497,279,03502fb599d4b513036ade56d0eac06e8cbd5ade6a2adbf028d5e2e588a11bcd
498,279,03502fb599d4b513036ade56d0eac06e8cbd5ade6a2adbf028d5e2e588a11bcd
499,279,03502fb599d4b513036ade56d0eac06e8cbd5ade6a2adbf028d5e2e588a11bcd
500,279,03502fb599d4b513036ade56d0eac06e8cbd5ade6a2adbf028d5e2e588a11bcd
501,279,03502fb599d4b513036ade56d0eac06e8cbd5ade6a2adbf028d5e2e588a11bcd
502,279,03502fb599d4b513036ade56d0eac06e8cbd5ade6a2adbf028d5e2e588a11bcd
503,279,03502fb599d4b513036ade56d0eac06e8cbd5ade6a2adbf028d5e2e588a11bcd
504,279,03502fb599d4b513036ade56d0eac06e8cbd5ade6a2adbf028d5e2e588a11bcd
505,279,03502fb599d4b513036ade56d0eac06e8cbd5ade6a2adbf028d5e2e588a11bcd
506,279,03502fb599d4b513036ade56d0eac06e8cbd5ade6a2adbf028d5e2e588a11bcd
507,279,03502fb599d4b513036ade56d0eac06e8cbd5ade6a2adbf028d5e2e588a11bcd
508,279,03502fb599d4b513036ade56d0eac06e8cbd5ade6a2adbf028d5e2e588a11bcd
509,279,03502fb599d4b513036ade56d0eac06e8cbd5ade6a2adbf028d5e2e588a11bcd
510,279,03502fb599d4b513036ade56d0eac06e8cbd5ade6a2adbf028d5e2e588a11bcd
511,279,03502fb599d4b513036ade56d0eac06e8cbd5ade6a2adbf028d5e2e588a11bcd
512,279,03502fb599d4b513036ade56d0eac06e8cbd5ade6a2adbf028d5e2e588a11bcd
513,279,03502fb599d4b513036ade56d0eac06e8cbd5ade6a2adbf028d5e2e588a11bcd
514,279,03502fb599d4b513036ade56d0eac06e8cbd5ade6a2adbf028d5e2e588a11bcd
515,279,03502fb599d4b513036ade56d0eac06e8cbd5ade6a2adbf028d5e2e588a11bcd
532,279,03502fb599d4b513036ade56d0eac06e8cbd5ade6a2adbf028d5e2e588a11bcd
244,280,03502fb599d4b513036ade56d0eac06e8cbd5ade6a2adbf028d5e2e588a11bcd
271,280,03502fb599d4b513036ade56d0eac06e8cbd5ade6a2adbf028d5e2e588a11bcd
415,280,03502fb599d4b513036ade56d0eac06e8cbd5ade6a2adbf028d5e2e588a11bcd
440,280,03502fb599d4b513036ade56d0eac06e8cbd5ade6a2adbf028d5e2e588a11bcd
463,280,03502fb599d4b513036ade56d0eac06e8cbd5ade6a2adbf028d5e2e588a11bcd
491,280,03502fb599d4b513036ade56d0eac06e8cbd5ade6a2adbf028d5e2e588a11bcd
492,280,03502fb599d4b513036ade56d0eac06e8cbd5ade6a2adbf028d5e2e588a11bcd
493,280,03502fb599d4b513036ade56d0eac06e8cbd5ade6a2adbf028d5e2e588a11bcd
494,280,03502fb599d4b513036ade56d0eac06e8cbd5ade6a2adbf028d5e2e588a11bcd
495,280,03502fb599d4b513036ade56d0eac06e8cbd5ade6a2adbf028d5e2e588a11bcd
496,280,03502fb599d4b513036ade56d0eac06e8cbd5ade6a2adbf028d5e2e588a11bcd
497,280,03502fb599d4b513036ade56d0eac06e8cbd5ade6a2adbf028d5e2e588a11bcd
498,280,03502fb599d4b513036ade56d0eac06e8cbd5ade6a2adbf028d5e2e588a11bcd
499,280,03502fb599d4b513036ade56d0eac06e8cbd5ade6a2adbf028d5e2e588a11bcd
500,280,03502fb599d4b513036ade56d0eac06e8cbd5ade6a2adbf028d5e2e588a11bcd
501,280,03502fb599d4b513036ade56d0eac06e8cbd5ade6a2adbf028d5e2e588a11bcd
502,280,03502fb599d4b513036ade56d0eac06e8cbd5ade6a2adbf028d5e2e588a11bcd
503,280,03502fb599d4b513036ade56d0eac06e8cbd5ade6a2adbf028d5e2e588a11bcd
504,280,03502fb599d4b513036ade56d0eac06e8cbd5ade6a2adbf028d5e2e588a11bcd
505,280,03502fb599d4b513036ade56d0eac06e8cbd5ade6a2adbf028d5e2e588a11bcd
506,280,03502fb599d4b513036ade56d0eac06e8cbd5ade6a2adbf028d5e2e588a11bcd
507,280,03502fb599d4b513036ade56d0eac06e8cbd5ade6a2adbf028d5e2e588a11bcd
508,280,03502fb599d4b513036ade56d0eac06e8cbd5ade6a2adbf028d5e2e588a11bcd
509,280,03502fb599d4b513036ade56d0eac06e8cbd5ade6a2adbf028d5e2e588a11bcd
510,280,03502fb599d4b513036ade56d0eac06e8cbd5ade6a2adbf028d5e2e588a11bcd
511,280,03502fb599d4b513036ade56d0eac06e8cbd5ade6a2adbf028d5e2e588a11bcd
512,280,03502fb599d4b513036ade56d0eac06e8cbd5ade6a2adbf028d5e2e588a11bcd
513,280,03502fb599d4b513036ade56d0eac06e8cbd5ade6a2adbf028d5e2e588a11bcd
514,280,03502fb599d4b513036ade56d0eac06e8cbd5ade6a2adbf028d5e2e588a11bcd
515,280,03502fb599d4b513036ade56d0eac06e8cbd5ade6a2adbf028d5e2e588a11bcd
532,280,03502fb599d4b513036ade56d0eac06e8cbd5ade6a2adbf028d5e2e588a11bcd
244,281,03502fb599d4b513036ade56d0eac06e8cbd5ade6a2adbf028d5e2e588a11bcd
271,281,03502fb599d4b513036ade56d0eac06e8cbd5ade6a2adbf028d5e2e588a11bcd
415,281,03502fb599d4b513036ade56d0eac06e8cbd5ade6a2adbf028d5e2e588a11bcd
491,281,03502fb599d4b513036ade56d0eac06e8cbd5ade6a2adbf028d5e2e588a11bcd
492,281,03502fb599d4b513036ade56d0eac06e8cbd5ade6a2adbf028d5e2e588a11bcd
493,281,03502fb599d4b513036ade56d0eac06e8cbd5ade6a2adbf028d5e2e588a11bcd
494,281,03502fb599d4b513036ade56d0eac06e8cbd5ade6a2adbf028d5e2e588a11bcd
495,281,03502fb599d4b513036ade56d0eac06e8cbd5ade6a2adbf028d5e2e588a11bcd
496,281,03502fb599d4b513036ade56d0eac06e8cbd5ade6a2adbf028d5e2e588a11bcd
497,281,03502fb599d4b513036ade56d0eac06e8cbd5ade6a2adbf028d5e2e588a11bcd
498,281,03502fb599d4b513036ade56d0eac06e8cbd5ade6a2adbf028d5e2e588a11bcd
499,281,03502fb599d4b513036ade56d0eac06e8cbd5ade6a2adbf028d5e2e588a11bcd
500,281,03502fb599d4b513036ade56d0eac06e8cbd5ade6a2adbf028d5e2e588a11bcd
501,281,03502fb599d4b513036ade56d0eac06e8cbd5ade6a2adbf028d5e2e588a11bcd
502,281,03502fb599d4b513036ade56d0eac06e8cbd5ade6a2adbf028d5e2e588a11bcd
503,281,03502fb599d4b513036ade56d0eac06e8cbd5ade6a2adbf028d5e2e588a11bcd
504,281,03502fb599d4b513036ade56d0eac06e8cbd5ade6a2adbf028d5e2e588a11bcd
505,281,03502fb599d4b513036ade56d0eac06e8cbd5ade6a2adbf028d5e2e588a11bcd
506,281,03502fb599d4b513036ade56d0eac06e8cbd5ade6a2adbf028d5e2e588a11bcd
507,281,03502fb599d4b513036ade56d0eac06e8cbd5ade6a2adbf028d5e2e588a11bcd
508,281,03502fb599d4b513036ade56d0eac06e8cbd5ade6a2adbf028d5e2e588a11bcd
509,281,03502fb599d4b513036ade56d0eac06e8cbd5ade6a2adbf028d5e2e588a11bcd
510,281,03502fb599d4b513036ade56d0eac06e8cbd5ade6a2adbf028d5e2e588a11bcd
511,281,03502fb599d4b513036ade56d0eac06e8cbd5ade6a2adbf028d5e2e588a11bcd
512,281,03502fb599d4b513036ade56d0eac06e8cbd5ade6a2adbf028d5e2e588a11bcd
513,281,03502fb599d4b513036ade56d0eac06e8cbd5ade6a2adbf028d5e2e588a11bcd
514,281,03502fb599d4b513036ade56d0eac06e8cbd5ade6a2adbf028d5e2e588a11bcd
515,281,03502fb599d4b513036ade56d0eac06e8cbd5ade6a2adbf028d5e2e588a11bcd
532,281,03502fb599d4b513036ade56d0eac06e8cbd5ade6a2adbf028d5e2e588a11bcd
244,282,03502fb599d4b513036ade56d0eac06e8cbd5ade6a2adbf028d5e2e588a11bcd
271,282,03502fb599d4b513036ade56d0eac06e8cbd5ade6a2adbf028d5e2e588a11bcd
415,282,03502fb599d4b513036ade56d0eac06e8cbd5ade6a2adbf028d5e2e588a11bcd
491,282,03502fb599d4b513036ade56d0eac06e8cbd5ade6a2adbf028d5e2e588a11bcd
492,282,03502fb599d4b513036ade56d0eac06e8cbd5ade6a2adbf028d5e2e588a11bcd
493,282,03502fb599d4b513036ade56d0eac06e8cbd5ade6a2adbf028d5e2e588a11bcd
494,282,03502fb599d4b513036ade56d0eac06e8cbd5ade6a2adbf028d5e2e588a11bcd
495,282,03502fb599d4b513036ade56d0eac06e8cbd5ade6a2adbf028d5e2e588a11bcd
496,282,03502fb599d4b513036ade56d0eac06e8cbd5ade6a2adbf028d5e2e588a11bcd
497,282,03502fb599d4b513036ade56d0eac06e8cbd5ade6a2adbf028d5e2e588a11bcd
498,282,03502fb599d4b513036ade56d0eac06e8cbd5ade6a2adbf028d5e2e588a11bcd
499,282,03502fb599d4b513036ade56d0eac06e8cbd5ade6a2adbf028d5e2e588a11bcd
500,282,03502fb599d4b513036ade56d0eac06e8cbd5ade6a2adbf028d5e2e588a11bcd
501,282,03502fb599d4b513036ade56d0eac06e8cbd5ade6a2adbf028d5e2e588a11bcd
502,282,03502fb599d4b513036ade56d0eac06e8cbd5ade6a2adbf028d5e2e588a11bcd
503,282,03502fb599d4b513036ade56d0eac06e8cbd5ade6a2adbf028d5e2e588a11bcd
504,282,03502fb599d4b513036ade56d0eac06e8cbd5ade6a2adbf028d5e2e588a11bcd
505,282,03502fb599d4b513036ade56d0eac06e8cbd5ade6a2adbf028d5e2e588a11bcd
506,282,03502fb599d4b513036ade56d0eac06e8cbd5ade6a2adbf028d5e2e588a11bcd
507,282,03502fb599d4b513036ade56d0eac06e8cbd5ade6a2adbf028d5e2e588a11bcd
508,282,03502fb599d4b513036ade56d0eac06e8cbd5ade6a2adbf028d5e2e588a11bcd
509,282,03502fb599d4b513036ade56d0eac06e8cbd5ade6a2adbf028d5e2e588a11bcd
510,282,03502fb599d4b513036ade56d0eac06e8cbd5ade6a2adbf028d5e2e588a11bcd
511,282,03502fb599d4b513036ade56d0eac06e8cbd5ade6a2adbf028d5e2e588a11bcd
512,282,03502fb599d4b513036ade56d0eac06e8cbd5ade6a2adbf028d5e2e588a11bcd
513,282,03502fb599d4b513036ade56d0eac06e8cbd5ade6a2adbf028d5e2e588a11bcd
514,282,03502fb599d4b513036ade56d0eac06e8cbd5ade6a2adbf028d5e2e588a11bcd
515,282,03502fb599d4b513036ade56d0eac06e8cbd5ade6a2adbf028d5e2e588a11bcd
532,282,03502fb599d4b513036ade56d0eac06e8cbd5ade6a2adbf028d5e2e588a11bcd
244,283,03502fb599d4b513036ade56d0eac06e8cbd5ade6a2adbf028d5e2e588a11bcd
271,283,03502fb599d4b513036ade56d0eac06e8cbd5ade6a2adbf028d5e2e588a11bcd
415,283,03502fb599d4b513036ade56d0eac06e8cbd5ade6a2adbf028d5e2e588a11bcd
491,283,03502fb599d4b513036ade56d0eac06e8cbd5ade6a2adbf028d5e2e588a11bcd
492,283,03502fb599d4b513036ade56d0eac06e8cbd5ade6a2adbf028d5e2e588a11bcd
493,283,03502fb599d4b513036ade56d0eac06e8cbd5ade6a2adbf028d5e2e588a11bcd
494,283,03502fb599d4b513036ade56d0eac06e8cbd5ade6a2adbf028d5e2e588a11bcd
495,283,03502fb599d4b513036ade56d0eac06e8cbd5ade6a2adbf028d5e2e588a11bcd
496,283,03502fb599d4b513036ade56d0eac06e8cbd5ade6a2adbf028d5e2e588a11bcd
497,283,03502fb599d4b513036ade56d0eac06e8cbd5ade6a2adbf028d5e2e588a11bcd
498,283,03502fb599d4b513036ade56d0eac06e8cbd5ade6a2adbf028d5e2e588a11bcd
499,283,03502fb599d4b513036ade56d0eac06e8cbd5ade6a2adbf028d5e2e588a11bcd
500,283,03502fb599d4b513036ade56d0eac06e8cbd5ade6a2adbf028d5e2e588a11bcd
501,283,03502fb599d4b513036ade56d0eac06e8cbd5ade6a2adbf028d5e2e588a11bcd
502,283,03502fb599d4b513036ade56d0eac06e8cbd5ade6a2adbf028d5e2e588a11bcd
503,283,03502fb599d4b513036ade56d0eac06e8cbd5ade6a2adbf028d5e2e588a11bcd
504,283,03502fb599d4b513036ade56d0eac06e8cbd5ade6a2adbf028d5e2e588a11bcd
505,283,03502fb599d4b513036ade56d0eac06e8cbd5ade6a2adbf028d5e2e588a11bcd
506,283,03502fb599d4b513036ade56d0eac06e8cbd5ade6a2adbf028d5e2e588a11bcd
507,283,03502fb599d4b513036ade56d0eac06e8cbd5ade6a2adbf028d5e2e588a11bcd
508,283,03502fb599d4b513036ade56d0eac06e8cbd5ade6a2adbf028d5e2e588a11bcd
509,283,03502fb599d4b513036ade56d0eac06e8cbd5ade6a2adbf028d5e2e588a11bcd
510,283,03502fb599d4b513036ade56d0eac06e8cbd5ade6a2adbf028d5e2e588a11bcd
511,283,03502fb599d4b513036ade56d0eac06e8cbd5ade6a2adbf028d5e2e588a11bcd
512,283,03502fb599d4b513036ade56d0eac06e8cbd5ade6a2adbf028d5e2e588a11bcd
513,283,03502fb599d4b513036ade56d0eac06e8cbd5ade6a2adbf028d5e2e588a11bcd
514,283,03502fb599d4b513036ade56d0eac06e8cbd5ade6a2adbf028d5e2e588a11bcd
515,283,03502fb599d4b513036ade56d0eac06e8cbd5ade6a2adbf028d5e2e588a11bcd
532,283,03502fb599d4b513036ade56d0eac06e8cbd5ade6a2adbf028d5e2e588a11bcd
64,284,03502fb599d4b513036ade56d0eac06e8cbd5ade6a2adbf028d5e2e588a11bcd
123,284,03502fb599d4b513036ade56d0eac06e8cbd5ade6a2adbf028d5e2e588a11bcd
244,284,03502fb599d4b513036ade56d0eac06e8cbd5ade6a2adbf028d5e2e588a11bcd
271,284,03502fb599d4b513036ade56d0eac06e8cbd5ade6a2adbf028d5e2e588a11bcd
415,284,03502fb599d4b513036ade56d0eac06e8cbd5ade6a2adbf028d5e2e588a11bcd
491,284,03502fb599d4b513036ade56d0eac06e8cbd5ade6a2adbf028d5e2e588a11bcd
492,284,03502fb599d4b513036ade56d0eac06e8cbd5ade6a2adbf028d5e2e588a11bcd
493,284,03502fb599d4b513036ade56d0eac06e8cbd5ade6a2adbf028d5e2e588a11bcd
494,284,03502fb599d4b513036ade56d0eac06e8cbd5ade6a2adbf028d5e2e588a11bcd
495,284,03502fb599d4b513036ade56d0eac06e8cbd5ade6a2adbf028d5e2e588a11bcd
496,284,03502fb599d4b513036ade56d0eac06e8cbd5ade6a2adbf028d5e2e588a11bcd
497,284,03502fb599d4b513036ade56d0eac06e8cbd5ade6a2adbf028d5e2e588a11bcd
498,284,03502fb599d4b513036ade56d0eac06e8cbd5ade6a2adbf028d5e2e588a11bcd
499,284,03502fb599d4b513036ade56d0eac06e8cbd5ade6a2adbf028d5e2e588a11bcd
500,284,03502fb599d4b513036ade56d0eac06e8cbd5ade6a2adbf028d5e2e588a11bcd
501,284,03502fb599d4b513036ade56d0eac06e8cbd5ade6a2adbf028d5e2e588a11bcd
502,284,03502fb599d4b513036ade56d0eac06e8cbd5ade6a2adbf028d5e2e588a11bcd
503,284,03502fb599d4b513036ade56d0eac06e8cbd5ade6a2adbf028d5e2e588a11bcd
504,284,03502fb599d4b513036ade56d0eac06e8cbd5ade6a2adbf028d5e2e588a11bcd
505,284,03502fb599d4b513036ade56d0eac06e8cbd5ade6a2adbf028d5e2e588a11bcd
506,284,03502fb599d4b513036ade56d0eac06e8cbd5ade6a2adbf028d5e2e588a11bcd
507,284,03502fb599d4b513036ade56d0eac06e8cbd5ade6a2adbf028d5e2e588a11bcd
508,284,03502fb599d4b513036ade56d0eac06e8cbd5ade6a2adbf028d5e2e588a11bcd
509,284,03502fb599d4b513036ade56d0eac06e8cbd5ade6a2adbf028d5e2e588a11bcd
510,284,03502fb599d4b513036ade56d0eac06e8cbd5ade6a2adbf028d5e2e588a11bcd
511,284,03502fb599d4b513036ade56d0eac06e8cbd5ade6a2adbf028d5e2e588a11bcd
512,284,03502fb599d4b513036ade56d0eac06e8cbd5ade6a2adbf028d5e2e588a11bcd
513,284,03502fb599d4b513036ade56d0eac06e8cbd5ade6a2adbf028d5e2e588a11bcd
514,284,03502fb599d4b513036ade56d0eac06e8cbd5ade6a2adbf028d5e2e588a11bcd
515,284,03502fb599d4b513036ade56d0eac06e8cbd5ade6a2adbf028d5e2e588a11bcd
532,284,03502fb599d4b513036ade56d0eac06e8cbd5ade6a2adbf028d5e2e588a11bcd
244,285,03502fb599d4b513036ade56d0eac06e8cbd5ade6a2adbf028d5e2e588a11bcd
271,285,03502fb599d4b513036ade56d0eac06e8cbd5ade6a2adbf028d5e2e588a11bcd
415,285,03502fb599d4b513036ade56d0eac06e8cbd5ade6a2adbf028d5e2e588a11bcd
491,285,03502fb599d4b513036ade56d0eac06e8cbd5ade6a2adbf028d5e2e588a11bcd
492,285,03502fb599d4b513036ade56d0eac06e8cbd5ade6a2adbf028d5e2e588a11bcd
493,285,03502fb599d4b513036ade56d0eac06e8cbd5ade6a2adbf028d5e2e588a11bcd
494,285,03502fb599d4b513036ade56d0eac06e8cbd5ade6a2adbf028d5e2e588a11bcd
495,285,03502fb599d4b513036ade56d0eac06e8cbd5ade6a2adbf028d5e2e588a11bcd
496,285,03502fb599d4b513036ade56d0eac06e8cbd5ade6a2adbf028d5e2e588a11bcd
497,285,03502fb599d4b513036ade56d0eac06e8cbd5ade6a2adbf028d5e2e588a11bcd
498,285,03502fb599d4b513036ade56d0eac06e8cbd5ade6a2adbf028d5e2e588a11bcd
499,285,03502fb599d4b513036ade56d0eac06e8cbd5ade6a2adbf028d5e2e588a11bcd
500,285,03502fb599d4b513036ade56d0eac06e8cbd5ade6a2adbf028d5e2e588a11bcd
501,285,03502fb599d4b513036ade56d0eac06e8cbd5ade6a2adbf028d5e2e588a11bcd
502,285,03502fb599d4b513036ade56d0eac06e8cbd5ade6a2adbf028d5e2e588a11bcd
503,285,03502fb599d4b513036ade56d0eac06e8cbd5ade6a2adbf028d5e2e588a11bcd
504,285,03502fb599d4b513036ade56d0eac06e8cbd5ade6a2adbf028d5e2e588a11bcd
505,285,03502fb599d4b513036ade56d0eac06e8cbd5ade6a2adbf028d5e2e588a11bcd
506,285,03502fb599d4b513036ade56d0eac06e8cbd5ade6a2adbf028d5e2e588a11bcd
507,285,03502fb599d4b513036ade56d0eac06e8cbd5ade6a2adbf028d5e2e588a11bcd
508,285,03502fb599d4b513036ade56d0eac06e8cbd5ade6a2adbf028d5e2e588a11bcd
509,285,03502fb599d4b513036ade56d0eac06e8cbd5ade6a2adbf028d5e2e588a11bcd
510,285,03502fb599d4b513036ade56d0eac06e8cbd5ade6a2adbf028d5e2e588a11bcd
511,285,03502fb599d4b513036ade56d0eac06e8cbd5ade6a2adbf028d5e2e588a11bcd
512,285,03502fb599d4b513036ade56d0eac06e8cbd5ade6a2adbf028d5e2e588a11bcd
513,285,03502fb599d4b513036ade56d0eac06e8cbd5ade6a2adbf028d5e2e588a11bcd
514,285,03502fb599d4b513036ade56d0eac06e8cbd5ade6a2adbf028d5e2e588a11bcd
515,285,03502fb599d4b513036ade56d0eac06e8cbd5ade6a2adbf028d5e2e588a11bcd
532,285,03502fb599d4b513036ade56d0eac06e8cbd5ade6a2adbf028d5e2e588a11bcd
244,286,03502fb599d4b513036ade56d0eac06e8cbd5ade6a2adbf028d5e2e588a11bcd
271,286,03502fb599d4b513036ade56d0eac06e8cbd5ade6a2adbf028d5e2e588a11bcd
415,286,03502fb599d4b513036ade56d0eac06e8cbd5ade6a2adbf028d5e2e588a11bcd
491,286,03502fb599d4b513036ade56d0eac06e8cbd5ade6a2adbf028d5e2e588a11bcd
532,286,03502fb599d4b513036ade56d0eac06e8cbd5ade6a2adbf028d5e2e588a11bcd
244,287,03502fb599d4b513036ade56d0eac06e8cbd5ade6a2adbf028d5e2e588a11bcd
271,287,03502fb599d4b513036ade56d0eac06e8cbd5ade6a2adbf028d5e2e588a11bcd
415,287,03502fb599d4b513036ade56d0eac06e8cbd5ade6a2adbf028d5e2e588a11bcd
491,287,03502fb599d4b513036ade56d0eac06e8cbd5ade6a2adbf028d5e2e588a11bcd
532,287,03502fb599d4b513036ade56d0eac06e8cbd5ade6a2adbf028d5e2e588a11bcd
244,288,03502fb599d4b513036ade56d0eac06e8cbd5ade6a2adbf028d5e2e588a11bcd
271,288,03502fb599d4b513036ade56d0eac06e8cbd5ade6a2adbf028d5e2e588a11bcd
415,288,03502fb599d4b513036ade56d0eac06e8cbd5ade6a2adbf028d5e2e588a11bcd
491,288,03502fb599d4b513036ade56d0eac06e8cbd5ade6a2adbf028d5e2e588a11bcd
532,288,03502fb599d4b513036ade56d0eac06e8cbd5ade6a2adbf028d5e2e588a11bcd
244,289,03502fb599d4b513036ade56d0eac06e8cbd5ade6a2adbf028d5e2e588a11bcd
271,289,03502fb599d4b513036ade56d0eac06e8cbd5ade6a2adbf028d5e2e588a11bcd
415,289,03502fb599d4b513036ade56d0eac06e8cbd5ade6a2adbf028d5e2e588a11bcd
491,289,03502fb599d4b513036ade56d0eac06e8cbd5ade6a2adbf028d5e2e588a11bcd
532,289,03502fb599d4b513036ade56d0eac06e8cbd5ade6a2adbf028d5e2e588a11bcd
244,290,03502fb599d4b513036ade56d0eac06e8cbd5ade6a2adbf028d5e2e588a11bcd
271,290,03502fb599d4b513036ade56d0eac06e8cbd5ade6a2adbf028d5e2e588a11bcd
350,290,03502fb599d4b513036ade56d0eac06e8cbd5ade6a2adbf028d5e2e588a11bcd
351,290,03502fb599d4b513036ade56d0eac06e8cbd5ade6a2adbf028d5e2e588a11bcd
352,290,03502fb599d4b513036ade56d0eac06e8cbd5ade6a2adbf028d5e2e588a11bcd
353,290,03502fb599d4b513036ade56d0eac06e8cbd5ade6a2adbf028d5e2e588a11bcd
354,290,03502fb599d4b513036ade56d0eac06e8cbd5ade6a2adbf028d5e2e588a11bcd
355,290,03502fb599d4b513036ade56d0eac06e8cbd5ade6a2adbf028d5e2e588a11bcd
356,290,03502fb599d4b513036ade56d0eac06e8cbd5ade6a2adbf028d5e2e588a11bcd
357,290,03502fb599d4b513036ade56d0eac06e8cbd5ade6a2adbf028d5e2e588a11bcd
358,290,03502fb599d4b513036ade56d0eac06e8cbd5ade6a2adbf028d5e2e588a11bcd
359,290,03502fb599d4b513036ade56d0eac06e8cbd5ade6a2adbf028d5e2e588a11bcd
360,290,03502fb599d4b513036ade56d0eac06e8cbd5ade6a2adbf028d5e2e588a11bcd
361,290,03502fb599d4b513036ade56d0eac06e8cbd5ade6a2adbf028d5e2e588a11bcd
362,290,03502fb599d4b513036ade56d0eac06e8cbd5ade6a2adbf028d5e2e588a11bcd
363,290,03502fb599d4b513036ade56d0eac06e8cbd5ade6a2adbf028d5e2e588a11bcd
364,290,03502fb599d4b513036ade56d0eac06e8cbd5ade6a2adbf028d5e2e588a11bcd
365,290,03502fb599d4b513036ade56d0eac06e8cbd5ade6a2adbf028d5e2e588a11bcd
415,290,03502fb599d4b513036ade56d0eac06e8cbd5ade6a2adbf028d5e2e588a11bcd
491,290,03502fb599d4b513036ade56d0eac06e8cbd5ade6a2adbf028d5e2e588a11bcd
532,290,03502fb599d4b513036ade56d0eac06e8cbd5ade6a2adbf028d5e2e588a11bcd
244,291,03502fb599d4b513036ade56d0eac06e8cbd5ade6a2adbf028d5e2e588a11bcd
271,291,03502fb599d4b513036ade56d0eac06e8cbd5ade6a2adbf028d5e2e588a11bcd
350,291,03502fb599d4b513036ade56d0eac06e8cbd5ade6a2adbf028d5e2e588a11bcd
351,291,03502fb599d4b513036ade56d0eac06e8cbd5ade6a2adbf028d5e2e588a11bcd
352,291,03502fb599d4b513036ade56d0eac06e8cbd5ade6a2adbf028d5e2e588a11bcd
353,291,03502fb599d4b513036ade56d0eac06e8cbd5ade6a2adbf028d5e2e588a11bcd
354,291,03502fb599d4b513036ade56d0eac06e8cbd5ade6a2adbf028d5e2e588a11bcd
355,291,03502fb599d4b513036ade56d0eac06e8cbd5ade6a2adbf028d5e2e588a11bcd
356,291,03502fb599d4b513036ade56d0eac06e8cbd5ade6a2adbf028d5e2e588a11bcd
357,291,03502fb599d4b513036ade56d0eac06e8cbd5ade6a2adbf028d5e2e588a11bcd
358,291,03502fb599d4b513036ade56d0eac06e8cbd5ade6a2adbf028d5e2e588a11bcd
359,291,03502fb599d4b513036ade56d0eac06e8cbd5ade6a2adbf028d5e2e588a11bcd
360,291,03502fb599d4b513036ade56d0eac06e8cbd5ade6a2adbf028d5e2e588a11bcd
361,291,03502fb599d4b513036ade56d0eac06e8cbd5ade6a2adbf028d5e2e588a11bcd
362,291,03502fb599d4b513036ade56d0eac06e8cbd5ade6a2adbf028d5e2e588a11bcd
363,291,03502fb599d4b513036ade56d0eac06e8cbd5ade6a2adbf028d5e2e588a11bcd
364,291,03502fb599d4b513036ade56d0eac06e8cbd5ade6a2adbf028d5e2e588a11bcd
365,291,03502fb599d4b513036ade56d0eac06e8cbd5ade6a2adbf028d5e2e588a11bcd
415,291,03502fb599d4b513036ade56d0eac06e8cbd5ade6a2adbf028d5e2e588a11bcd
491,291,03502fb599d4b513036ade56d0eac06e8cbd5ade6a2adbf028d5e2e588a11bcd
532,291,03502fb599d4b513036ade56d0eac06e8cbd5ade6a2adbf028d5e2e588a11bcd
244,292,03502fb599d4b513036ade56d0eac06e8cbd5ade6a2adbf028d5e2e588a11bcd
271,292,03502fb599d4b513036ade56d0eac06e8cbd5ade6a2adbf028d5e2e588a11bcd
350,292,03502fb599d4b513036ade56d0eac06e8cbd5ade6a2adbf028d5e2e588a11bcd
351,292,03502fb599d4b513036ade56d0eac06e8cbd5ade6a2adbf028d5e2e588a11bcd
352,292,03502fb599d4b513036ade56d0eac06e8cbd5ade6a2adbf028d5e2e588a11bcd
353,292,03502fb599d4b513036ade56d0eac06e8cbd5ade6a2adbf028d5e2e588a11bcd
354,292,03502fb599d4b513036ade56d0eac06e8cbd5ade6a2adbf028d5e2e588a11bcd
355,292,03502fb599d4b513036ade56d0eac06e8cbd5ade6a2adbf028d5e2e588a11bcd
356,292,03502fb599d4b513036ade56d0eac06e8cbd5ade6a2adbf028d5e2e588a11bcd
357,292,03502fb599d4b513036ade56d0eac06e8cbd5ade6a2adbf028d5e2e588a11bcd
358,292,03502fb599d4b513036ade56d0eac06e8cbd5ade6a2adbf028d5e2e588a11bcd
359,292,03502fb599d4b513036ade56d0eac06e8cbd5ade6a2adbf028d5e2e588a11bcd
360,292,03502fb599d4b513036ade56d0eac06e8cbd5ade6a2adbf028d5e2e588a11bcd
361,292,03502fb599d4b513036ade56d0eac06e8cbd5ade6a2adbf028d5e2e588a11bcd
362,292,03502fb599d4b513036ade56d0eac06e8cbd5ade6a2adbf028d5e2e588a11bcd
363,292,03502fb599d4b513036ade56d0eac06e8cbd5ade6a2adbf028d5e2e588a11bcd
364,292,03502fb599d4b513036ade56d0eac06e8cbd5ade6a2adbf028d5e2e588a11bcd
365,292,03502fb599d4b513036ade56d0eac06e8cbd5ade6a2adbf028d5e2e588a11bcd
415,292,03502fb599d4b513036ade56d0eac06e8cbd5ade6a2adbf028d5e2e588a11bcd
491,292,03502fb599d4b513036ade56d0eac06e8cbd5ade6a2adbf028d5e2e588a11bcd
532,292,03502fb599d4b513036ade56d0eac06e8cbd5ade6a2adbf028d5e2e588a11bcd
244,293,03502fb599d4b513036ade56d0eac06e8cbd5ade6a2adbf028d5e2e588a11bcd
271,293,03502fb599d4b513036ade56d0eac06e8cbd5ade6a2adbf028d5e2e588a11bcd
350,293,03502fb599d4b513036ade56d0eac06e8cbd5ade6a2adbf028d5e2e588a11bcd
351,293,03502fb599d4b513036ade56d0eac06e8cbd5ade6a2adbf028d5e2e588a11bcd
352,293,03502fb599d4b513036ade56d0eac06e8cbd5ade6a2adbf028d5e2e588a11bcd
353,293,03502fb599d4b513036ade56d0eac06e8cbd5ade6a2adbf028d5e2e588a11bcd
354,293,03502fb599d4b513036ade56d0eac06e8cbd5ade6a2adbf028d5e2e588a11bcd
355,293,03502fb599d4b513036ade56d0eac06e8cbd5ade6a2adbf028d5e2e588a11bcd
356,293,03502fb599d4b513036ade56d0eac06e8cbd5ade6a2adbf028d5e2e588a11bcd
357,293,03502fb599d4b513036ade56d0eac06e8cbd5ade6a2adbf028d5e2e588a11bcd
358,293,03502fb599d4b513036ade56d0eac06e8cbd5ade6a2adbf028d5e2e588a11bcd
359,293,03502fb599d4b513036ade56d0eac06e8cbd5ade6a2adbf028d5e2e588a11bcd
360,293,03502fb599d4b513036ade56d0eac06e8cbd5ade6a2adbf028d5e2e588a11bcd
361,293,03502fb599d4b513036ade56d0eac06e8cbd5ade6a2adbf028d5e2e588a11bcd
362,293,03502fb599d4b513036ade56d0eac06e8cbd5ade6a2adbf028d5e2e588a11bcd
363,293,03502fb599d4b513036ade56d0eac06e8cbd5ade6a2adbf028d5e2e588a11bcd
364,293,03502fb599d4b513036ade56d0eac06e8cbd5ade6a2adbf028d5e2e588a11bcd
365,293,03502fb599d4b513036ade56d0eac06e8cbd5ade6a2adbf028d5e2e588a11bcd
415,293,03502fb599d4b513036ade56d0eac06e8cbd5ade6a2adbf028d5e2e588a11bcd
491,293,03502fb599d4b513036ade56d0eac06e8cbd5ade6a2adbf028d5e2e588a11bcd
532,293,03502fb599d4b513036ade56d0eac06e8cbd5ade6a2adbf028d5e2e588a11bcd
244,294,03502fb599d4b513036ade56d0eac06e8cbd5ade6a2adbf028d5e2e588a11bcd
271,294,03502fb599d4b513036ade56d0eac06e8cbd5ade6a2adbf028d5e2e588a11bcd
350,294,03502fb599d4b513036ade56d0eac06e8cbd5ade6a2adbf028d5e2e588a11bcd
351,294,03502fb599d4b513036ade56d0eac06e8cbd5ade6a2adbf028d5e2e588a11bcd
352,294,03502fb599d4b513036ade56d0eac06e8cbd5ade6a2adbf028d5e2e588a11bcd
353,294,03502fb599d4b513036ade56d0eac06e8cbd5ade6a2adbf028d5e2e588a11bcd
354,294,03502fb599d4b513036ade56d0eac06e8cbd5ade6a2adbf028d5e2e588a11bcd
355,294,03502fb599d4b513036ade56d0eac06e8cbd5ade6a2adbf028d5e2e588a11bcd
356,294,03502fb599d4b513036ade56d0eac06e8cbd5ade6a2adbf028d5e2e588a11bcd
357,294,03502fb599d4b513036ade56d0eac06e8cbd5ade6a2adbf028d5e2e588a11bcd
358,294,03502fb599d4b513036ade56d0eac06e8cbd5ade6a2adbf028d5e2e588a11bcd
359,294,03502fb599d4b513036ade56d0eac06e8cbd5ade6a2adbf028d5e2e588a11bcd
360,294,03502fb599d4b513036ade56d0eac06e8cbd5ade6a2adbf028d5e2e588a11bcd
361,294,03502fb599d4b513036ade56d0eac06e8cbd5ade6a2adbf028d5e2e588a11bcd
362,294,03502fb599d4b513036ade56d0eac06e8cbd5ade6a2adbf028d5e2e588a11bcd
363,294,03502fb599d4b513036ade56d0eac06e8cbd5ade6a2adbf028d5e2e588a11bcd
364,294,03502fb599d4b513036ade56d0eac06e8cbd5ade6a2adbf028d5e2e588a11bcd
365,294,03502fb599d4b513036ade56d0eac06e8cbd5ade6a2adbf028d5e2e588a11bcd
415,294,03502fb599d4b513036ade56d0eac06e8cbd5ade6a2adbf028d5e2e588a11bcd
491,294,03502fb599d4b513036ade56d0eac06e8cbd5ade6a2adbf028d5e2e588a11bcd
532,294,03502fb599d4b513036ade56d0eac06e8cbd5ade6a2adbf028d5e2e588a11bcd
244,295,03502fb599d4b513036ade56d0eac06e8cbd5ade6a2adbf028d5e2e588a11bcd
271,295,03502fb599d4b513036ade56d0eac06e8cbd5ade6a2adbf028d5e2e588a11bcd
349,295,03502fb599d4b513036ade56d0eac06e8cbd5ade6a2adbf028d5e2e588a11bcd
350,295,03502fb599d4b513036ade56d0eac06e8cbd5ade6a2adbf028d5e2e588a11bcd
351,295,03502fb599d4b513036ade56d0eac06e8cbd5ade6a2adbf028d5e2e588a11bcd
352,295,03502fb599d4b513036ade56d0eac06e8cbd5ade6a2adbf028d5e2e588a11bcd
353,295,03502fb599d4b513036ade56d0eac06e8cbd5ade6a2adbf028d5e2e588a11bcd
354,295,03502fb599d4b513036ade56d0eac06e8cbd5ade6a2adbf028d5e2e588a11bcd
355,295,03502fb599d4b513036ade56d0eac06e8cbd5ade6a2adbf028d5e2e588a11bcd
356,295,03502fb599d4b513036ade56d0eac06e8cbd5ade6a2adbf028d5e2e588a11bcd
357,295,03502fb599d4b513036ade56d0eac06e8cbd5ade6a2adbf028d5e2e588a11bcd
358,295,03502fb599d4b513036ade56d0eac06e8cbd5ade6a2adbf028d5e2e588a11bcd
359,295,03502fb599d4b513036ade56d0eac06e8cbd5ade6a2adbf028d5e2e588a11bcd
360,295,03502fb599d4b513036ade56d0eac06e8cbd5ade6a2adbf028d5e2e588a11bcd
361,295,03502fb599d4b513036ade56d0eac06e8cbd5ade6a2adbf028d5e2e588a11bcd
362,295,03502fb599d4b513036ade56d0eac06e8cbd5ade6a2adbf028d5e2e588a11bcd
363,295,03502fb599d4b513036ade56d0eac06e8cbd5ade6a2adbf028d5e2e588a11bcd
364,295,03502fb599d4b513036ade56d0eac06e8cbd5ade6a2adbf028d5e2e588a11bcd
365,295,03502fb599d4b513036ade56d0eac06e8cbd5ade6a2adbf028d5e2e588a11bcd
415,295,03502fb599d4b513036ade56d0eac06e8cbd5ade6a2adbf028d5e2e588a11bcd
491,295,03502fb599d4b513036ade56d0eac06e8cbd5ade6a2adbf028d5e2e588a11bcd
532,295,03502fb599d4b513036ade56d0eac06e8cbd5ade6a2adbf028d5e2e588a11bcd
244,296,03502fb599d4b513036ade56d0eac06e8cbd5ade6a2adbf028d5e2e588a11bcd
271,296,03502fb599d4b513036ade56d0eac06e8cbd5ade6a2adbf028d5e2e588a11bcd
349,296,03502fb599d4b513036ade56d0eac06e8cbd5ade6a2adbf028d5e2e588a11bcd
350,296,03502fb599d4b513036ade56d0eac06e8cbd5ade6a2adbf028d5e2e588a11bcd
351,296,03502fb599d4b513036ade56d0eac06e8cbd5ade6a2adbf028d5e2e588a11bcd
352,296,03502fb599d4b513036ade56d0eac06e8cbd5ade6a2adbf028d5e2e588a11bcd
353,296,03502fb599d4b513036ade56d0eac06e8cbd5ade6a2adbf028d5e2e588a11bcd
354,296,03502fb599d4b513036ade56d0eac06e8cbd5ade6a2adbf028d5e2e588a11bcd
355,296,03502fb599d4b513036ade56d0eac06e8cbd5ade6a2adbf028d5e2e588a11bcd
356,296,03502fb599d4b513036ade56d0eac06e8cbd5ade6a2adbf028d5e2e588a11bcd
357,296,03502fb599d4b513036ade56d0eac06e8cbd5ade6a2adbf028d5e2e588a11bcd
358,296,03502fb599d4b513036ade56d0eac06e8cbd5ade6a2adbf028d5e2e588a11bcd
359,296,03502fb599d4b513036ade56d0eac06e8cbd5ade6a2adbf028d5e2e588a11bcd
360,296,03502fb599d4b513036ade56d0eac06e8cbd5ade6a2adbf028d5e2e588a11bcd
361,296,03502fb599d4b513036ade56d0eac06e8cbd5ade6a2adbf028d5e2e588a11bcd
362,296,03502fb599d4b513036ade56d0eac06e8cbd5ade6a2adbf028d5e2e588a11bcd
363,296,03502fb599d4b513036ade56d0eac06e8cbd5ade6a2adbf028d5e2e588a11bcd
364,296,03502fb599d4b513036ade56d0eac06e8cbd5ade6a2adbf028d5e2e588a11bcd
365,296,03502fb599d4b513036ade56d0eac06e8cbd5ade6a2adbf028d5e2e588a11bcd
415,296,03502fb599d4b513036ade56d0eac06e8cbd5ade6a2adbf028d5e2e588a11bcd
491,296,03502fb599d4b513036ade56d0eac06e8cbd5ade6a2adbf028d5e2e588a11bcd
532,296,03502fb599d4b513036ade56d0eac06e8cbd5ade6a2adbf028d5e2e588a11bcd
244,297,03502fb599d4b513036ade56d0eac06e8cbd5ade6a2adbf028d5e2e588a11bcd
271,297,03502fb599d4b513036ade56d0eac06e8cbd5ade6a2adbf028d5e2e588a11bcd
349,297,03502fb599d4b513036ade56d0eac06e8cbd5ade6a2adbf028d5e2e588a11bcd
350,297,03502fb599d4b513036ade56d0eac06e8cbd5ade6a2adbf028d5e2e588a11bcd
351,297,03502fb599d4b513036ade56d0eac06e8cbd5ade6a2adbf028d5e2e588a11bcd
352,297,03502fb599d4b513036ade56d0eac06e8cbd5ade6a2adbf028d5e2e588a11bcd
353,297,03502fb599d4b513036ade56d0eac06e8cbd5ade6a2adbf028d5e2e588a11bcd
354,297,03502fb599d4b513036ade56d0eac06e8cbd5ade6a2adbf028d5e2e588a11bcd
355,297,03502fb599d4b513036ade56d0eac06e8cbd5ade6a2adbf028d5e2e588a11bcd
356,297,03502fb599d4b513036ade56d0eac06e8cbd5ade6a2adbf028d5e2e588a11bcd
357,297,03502fb599d4b513036ade56d0eac06e8cbd5ade6a2adbf028d5e2e588a11bcd
358,297,03502fb599d4b513036ade56d0eac06e8cbd5ade6a2adbf028d5e2e588a11bcd
359,297,03502fb599d4b513036ade56d0eac06e8cbd5ade6a2adbf028d5e2e588a11bcd
360,297,03502fb599d4b513036ade56d0eac06e8cbd5ade6a2adbf028d5e2e588a11bcd
361,297,03502fb599d4b513036ade56d0eac06e8cbd5ade6a2adbf028d5e2e588a11bcd
362,297,03502fb599d4b513036ade56d0eac06e8cbd5ade6a2adbf028d5e2e588a11bcd
363,297,03502fb599d4b513036ade56d0eac06e8cbd5ade6a2adbf028d5e2e588a11bcd
364,297,03502fb599d4b513036ade56d0eac06e8cbd5ade6a2adbf028d5e2e588a11bcd
365,297,03502fb599d4b513036ade56d0eac06e8cbd5ade6a2adbf028d5e2e588a11bcd
415,297,03502fb599d4b513036ade56d0eac06e8cbd5ade6a2adbf028d5e2e588a11bcd
491,297,03502fb599d4b513036ade56d0eac06e8cbd5ade6a2adbf028d5e2e588a11bcd
532,297,03502fb599d4b513036ade56d0eac06e8cbd5ade6a2adbf028d5e2e588a11bcd
244,298,03502fb599d4b513036ade56d0eac06e8cbd5ade6a2adbf028d5e2e588a11bcd
271,298,03502fb599d4b513036ade56d0eac06e8cbd5ade6a2adbf028d5e2e588a11bcd
349,298,03502fb599d4b513036ade56d0eac06e8cbd5ade6a2adbf028d5e2e588a11bcd
350,298,03502fb599d4b513036ade56d0eac06e8cbd5ade6a2adbf028d5e2e588a11bcd
351,298,03502fb599d4b513036ade56d0eac06e8cbd5ade6a2adbf028d5e2e588a11bcd
352,298,03502fb599d4b513036ade56d0eac06e8cbd5ade6a2adbf028d5e2e588a11bcd
353,298,03502fb599d4b513036ade56d0eac06e8cbd5ade6a2adbf028d5e2e588a11bcd
354,298,03502fb599d4b513036ade56d0eac06e8cbd5ade6a2adbf028d5e2e588a11bcd
355,298,03502fb599d4b513036ade56d0eac06e8cbd5ade6a2adbf028d5e2e588a11bcd
356,298,03502fb599d4b513036ade56d0eac06e8cbd5ade6a2adbf028d5e2e588a11bcd
357,298,03502fb599d4b513036ade56d0eac06e8cbd5ade6a2adbf028d5e2e588a11bcd
358,298,03502fb599d4b513036ade56d0eac06e8cbd5ade6a2adbf028d5e2e588a11bcd
359,298,03502fb599d4b513036ade56d0eac06e8cbd5ade6a2adbf028d5e2e588a11bcd
360,298,03502fb599d4b513036ade56d0eac06e8cbd5ade6a2adbf028d5e2e588a11bcd
361,298,03502fb599d4b513036ade56d0eac06e8cbd5ade6a2adbf028d5e2e588a11bcd
362,298,03502fb599d4b513036ade56d0eac06e8cbd5ade6a2adbf028d5e2e588a11bcd
363,298,03502fb599d4b513036ade56d0eac06e8cbd5ade6a2adbf028d5e2e588a11bcd
364,298,03502fb599d4b513036ade56d0eac06e8cbd5ade6a2adbf028d5e2e588a11bcd
365,298,03502fb599d4b513036ade56d0eac06e8cbd5ade6a2adbf028d5e2e588a11bcd
415,298,03502fb599d4b513036ade56d0eac06e8cbd5ade6a2adbf028d5e2e588a11bcd
491,298,03502fb599d4b513036ade56d0eac06e8cbd5ade6a2adbf028d5e2e588a11bcd
532,298,03502fb599d4b513036ade56d0eac06e8cbd5ade6a2adbf028d5e2e588a11bcd
244,299,03502fb599d4b513036ade56d0eac06e8cbd5ade6a2adbf028d5e2e588a11bcd
271,299,03502fb599d4b513036ade56d0eac06e8cbd5ade6a2adbf028d5e2e588a11bcd
349,299,03502fb599d4b513036ade56d0eac06e8cbd5ade6a2adbf028d5e2e588a11bcd
350,299,03502fb599d4b513036ade56d0eac06e8cbd5ade6a2adbf028d5e2e588a11bcd
351,299,03502fb599d4b513036ade56d0eac06e8cbd5ade6a2adbf028d5e2e588a11bcd
352,299,03502fb599d4b513036ade56d0eac06e8cbd5ade6a2adbf028d5e2e588a11bcd
353,299,03502fb599d4b513036ade56d0eac06e8cbd5ade6a2adbf028d5e2e588a11bcd
354,299,03502fb599d4b513036ade56d0eac06e8cbd5ade6a2adbf028d5e2e588a11bcd
355,299,03502fb599d4b513036ade56d0eac06e8cbd5ade6a2adbf028d5e2e588a11bcd
356,299,03502fb599d4b513036ade56d0eac06e8cbd5ade6a2adbf028d5e2e588a11bcd
357,299,03502fb599d4b513036ade56d0eac06e8cbd5ade6a2adbf028d5e2e588a11bcd
358,299,03502fb599d4b513036ade56d0eac06e8cbd5ade6a2adbf028d5e2e588a11bcd
359,299,03502fb599d4b513036ade56d0eac06e8cbd5ade6a2adbf028d5e2e588a11bcd
360,299,03502fb599d4b513036ade56d0eac06e8cbd5ade6a2adbf028d5e2e588a11bcd
361,299,03502fb599d4b513036ade56d0eac06e8cbd5ade6a2adbf028d5e2e588a11bcd
362,299,03502fb599d4b513036ade56d0eac06e8cbd5ade6a2adbf028d5e2e588a11bcd
363,299,03502fb599d4b513036ade56d0eac06e8cbd5ade6a2adbf028d5e2e588a11bcd
364,299,03502fb599d4b513036ade56d0eac06e8cbd5ade6a2adbf028d5e2e588a11bcd
365,299,03502fb599d4b513036ade56d0eac06e8cbd5ade6a2adbf028d5e2e588a11bcd
415,299,03502fb599d4b513036ade56d0eac06e8cbd5ade6a2adbf028d5e2e588a11bcd
491,299,03502fb599d4b513036ade56d0eac06e8cbd5ade6a2adbf028d5e2e588a11bcd
532,299,03502fb599d4b513036ade56d0eac06e8cbd5ade6a2adbf028d5e2e588a11bcd
244,300,03502fb599d4b513036ade56d0eac06e8cbd5ade6a2adbf028d5e2e588a11bcd
271,300,03502fb599d4b513036ade56d0eac06e8cbd5ade6a2adbf028d5e2e588a11bcd
349,300,03502fb599d4b513036ade56d0eac06e8cbd5ade6a2adbf028d5e2e588a11bcd
350,300,03502fb599d4b513036ade56d0eac06e8cbd5ade6a2adbf028d5e2e588a11bcd
351,300,03502fb599d4b513036ade56d0eac06e8cbd5ade6a2adbf028d5e2e588a11bcd
352,300,03502fb599d4b513036ade56d0eac06e8cbd5ade6a2adbf028d5e2e588a11bcd
353,300,03502fb599d4b513036ade56d0eac06e8cbd5ade6a2adbf028d5e2e588a11bcd
354,300,03502fb599d4b513036ade56d0eac06e8cbd5ade6a2adbf028d5e2e588a11bcd
355,300,03502fb599d4b513036ade56d0eac06e8cbd5ade6a2adbf028d5e2e588a11bcd
356,300,03502fb599d4b513036ade56d0eac06e8cbd5ade6a2adbf028d5e2e588a11bcd
357,300,03502fb599d4b513036ade56d0eac06e8cbd5ade6a2adbf028d5e2e588a11bcd
358,300,03502fb599d4b513036ade56d0eac06e8cbd5ade6a2adbf028d5e2e588a11bcd
359,300,03502fb599d4b513036ade56d0eac06e8cbd5ade6a2adbf028d5e2e588a11bcd
360,300,03502fb599d4b513036ade56d0eac06e8cbd5ade6a2adbf028d5e2e588a11bcd
361,300,03502fb599d4b513036ade56d0eac06e8cbd5ade6a2adbf028d5e2e588a11bcd
362,300,03502fb599d4b513036ade56d0eac06e8cbd5ade6a2adbf028d5e2e588a11bcd
363,300,03502fb599d4b513036ade56d0eac06e8cbd5ade6a2adbf028d5e2e588a11bcd
364,300,03502fb599d4b513036ade56d0eac06e8cbd5ade6a2adbf028d5e2e588a11bcd
365,300,03502fb599d4b513036ade56d0eac06e8cbd5ade6a2adbf028d5e2e588a11bcd
366,300,03502fb599d4b513036ade56d0eac06e8cbd5ade6a2adbf028d5e2e588a11bcd
367,300,03502fb599d4b513036ade56d0eac06e8cbd5ade6a2adbf028d5e2e588a11bcd
368,300,03502fb599d4b513036ade56d0eac06e8cbd5ade6a2adbf028d5e2e588a11bcd
369,300,03502fb599d4b513036ade56d0eac06e8cbd5ade6a2adbf028d5e2e588a11bcd
370,300,03502fb599d4b513036ade56d0eac06e8cbd5ade6a2adbf028d5e2e588a11bcd
371,300,03502fb599d4b513036ade56d0eac06e8cbd5ade6a2adbf028d5e2e588a11bcd
372,300,03502fb599d4b513036ade56d0eac06e8cbd5ade6a2adbf028d5e2e588a11bcd
373,300,03502fb599d4b513036ade56d0eac06e8cbd5ade6a2adbf028d5e2e588a11bcd
374,300,03502fb599d4b513036ade56d0eac06e8cbd5ade6a2adbf028d5e2e588a11bcd
375,300,03502fb599d4b513036ade56d0eac06e8cbd5ade6a2adbf028d5e2e588a11bcd
376,300,03502fb599d4b513036ade56d0eac06e8cbd5ade6a2adbf028d5e2e588a11bcd
377,300,03502fb599d4b513036ade56d0eac06e8cbd5ade6a2adbf028d5e2e588a11bcd
378,300,03502fb599d4b513036ade56d0eac06e8cbd5ade6a2adbf028d5e2e588a11bcd
379,300,03502fb599d4b513036ade56d0eac06e8cbd5ade6a2adbf028d5e2e588a11bcd
380,300,03502fb599d4b513036ade56d0eac06e8cbd5ade6a2adbf028d5e2e588a11bcd
381,300,03502fb599d4b513036ade56d0eac06e8cbd5ade6a2adbf028d5e2e588a11bcd
382,300,03502fb599d4b513036ade56d0eac06e8cbd5ade6a2adbf028d5e2e588a11bcd
383,300,03502fb599d4b513036ade56d0eac06e8cbd5ade6a2adbf028d5e2e588a11bcd
384,300,03502fb599d4b513036ade56d0eac06e8cbd5ade6a2adbf028d5e2e588a11bcd
385,300,03502fb599d4b513036ade56d0eac06e8cbd5ade6a2adbf028d5e2e588a11bcd
386,300,03502fb599d4b513036ade56d0eac06e8cbd5ade6a2adbf028d5e2e588a11bcd
387,300,03502fb599d4b513036ade56d0eac06e8cbd5ade6a2adbf028d5e2e588a11bcd
388,300,03502fb599d4b513036ade56d0eac06e8cbd5ade6a2adbf028d5e2e588a11bcd
389,300,03502fb599d4b513036ade56d0eac06e8cbd5ade6a2adbf028d5e2e588a11bcd
390,300,03502fb599d4b513036ade56d0eac06e8cbd5ade6a2adbf028d5e2e588a11bcd
391,300,03502fb599d4b513036ade56d0eac06e8cbd5ade6a2adbf028d5e2e588a11bcd
392,300,03502fb599d4b513036ade56d0eac06e8cbd5ade6a2adbf028d5e2e588a11bcd
393,300,03502fb599d4b513036ade56d0eac06e8cbd5ade6a2adbf028d5e2e588a11bcd
394,300,03502fb599d4b513036ade56d0eac06e8cbd5ade6a2adbf028d5e2e588a11bcd
395,300,03502fb599d4b513036ade56d0eac06e8cbd5ade6a2adbf028d5e2e588a11bcd
396,300,03502fb599d4b513036ade56d0eac06e8cbd5ade6a2adbf028d5e2e588a11bcd
397,300,03502fb599d4b513036ade56d0eac06e8cbd5ade6a2adbf028d5e2e588a11bcd
398,300,03502fb599d4b513036ade56d0eac06e8cbd5ade6a2adbf028d5e2e588a11bcd
399,300,03502fb599d4b513036ade56d0eac06e8cbd5ade6a2adbf028d5e2e588a11bcd
400,300,03502fb599d4b513036ade56d0eac06e8cbd5ade6a2adbf028d5e2e588a11bcd
401,300,03502fb599d4b513036ade56d0eac06e8cbd5ade6a2adbf028d5e2e588a11bcd
402,300,03502fb599d4b513036ade56d0eac06e8cbd5ade6a2adbf028d5e2e588a11bcd
403,300,03502fb599d4b513036ade56d0eac06e8cbd5ade6a2adbf028d5e2e588a11bcd
404,300,03502fb599d4b513036ade56d0eac06e8cbd5ade6a2adbf028d5e2e588a11bcd
405,300,03502fb599d4b513036ade56d0eac06e8cbd5ade6a2adbf028d5e2e588a11bcd
406,300,03502fb599d4b513036ade56d0eac06e8cbd5ade6a2adbf028d5e2e588a11bcd
407,300,03502fb599d4b513036ade56d0eac06e8cbd5ade6a2adbf028d5e2e588a11bcd
408,300,03502fb599d4b513036ade56d0eac06e8cbd5ade6a2adbf028d5e2e588a11bcd
409,300,03502fb599d4b513036ade56d0eac06e8cbd5ade6a2adbf028d5e2e588a11bcd
410,300,03502fb599d4b513036ade56d0eac06e8cbd5ade6a2adbf028d5e2e588a11bcd
411,300,03502fb599d4b513036ade56d0eac06e8cbd5ade6a2adbf028d5e2e588a11bcd
412,300,03502fb599d4b513036ade56d0eac06e8cbd5ade6a2adbf028d5e2e588a11bcd
413,300,03502fb599d4b513036ade56d0eac06e8cbd5ade6a2adbf028d5e2e588a11bcd
414,300,03502fb599d4b513036ade56d0eac06e8cbd5ade6a2adbf028d5e2e588a11bcd
415,300,03502fb599d4b513036ade56d0eac06e8cbd5ade6a2adbf028d5e2e588a11bcd
416,300,03502fb599d4b513036ade56d0eac06e8cbd5ade6a2adbf028d5e2e588a11bcd
417,300,03502fb599d4b513036ade56d0eac06e8cbd5ade6a2adbf028d5e2e588a11bcd
418,300,03502fb599d4b513036ade56d0eac06e8cbd5ade6a2adbf028d5e2e588a11bcd
419,300,03502fb599d4b513036ade56d0eac06e8cbd5ade6a2adbf028d5e2e588a11bcd
420,300,03502fb599d4b513036ade56d0eac06e8cbd5ade6a2adbf028d5e2e588a11bcd
421,300,03502fb599d4b513036ade56d0eac06e8cbd5ade6a2adbf028d5e2e588a11bcd
422,300,03502fb599d4b513036ade56d0eac06e8cbd5ade6a2adbf028d5e2e588a11bcd
423,300,03502fb599d4b513036ade56d0eac06e8cbd5ade6a2adbf028d5e2e588a11bcd
424,300,03502fb599d4b513036ade56d0eac06e8cbd5ade6a2adbf028d5e2e588a11bcd
425,300,03502fb599d4b513036ade56d0eac06e8cbd5ade6a2adbf028d5e2e588a11bcd
426,300,03502fb599d4b513036ade56d0eac06e8cbd5ade6a2adbf028d5e2e588a11bcd
427,300,03502fb599d4b513036ade56d0eac06e8cbd5ade6a2adbf028d5e2e588a11bcd
428,300,03502fb599d4b513036ade56d0eac06e8cbd5ade6a2adbf028d5e2e588a11bcd
429,300,03502fb599d4b513036ade56d0eac06e8cbd5ade6a2adbf028d5e2e588a11bcd
430,300,03502fb599d4b513036ade56d0eac06e8cbd5ade6a2adbf028d5e2e588a11bcd
431,300,03502fb599d4b513036ade56d0eac06e8cbd5ade6a2adbf028d5e2e588a11bcd
432,300,03502fb599d4b513036ade56d0eac06e8cbd5ade6a2adbf028d5e2e588a11bcd
433,300,03502fb599d4b513036ade56d0eac06e8cbd5ade6a2adbf028d5e2e588a11bcd
434,300,03502fb599d4b513036ade56d0eac06e8cbd5ade6a2adbf028d5e2e588a11bcd
435,300,03502fb599d4b513036ade56d0eac06e8cbd5ade6a2adbf028d5e2e588a11bcd
436,300,03502fb599d4b513036ade56d0eac06e8cbd5ade6a2adbf028d5e2e588a11bcd
437,300,03502fb599d4b513036ade56d0eac06e8cbd5ade6a2adbf028d5e2e588a11bcd
438,300,03502fb599d4b513036ade56d0eac06e8cbd5ade6a2adbf028d5e2e588a11bcd
439,300,03502fb599d4b513036ade56d0eac06e8cbd5ade6a2adbf028d5e2e588a11bcd
440,300,03502fb599d4b513036ade56d0eac06e8cbd5ade6a2adbf028d5e2e588a11bcd
441,300,03502fb599d4b513036ade56d0eac06e8cbd5ade6a2adbf028d5e2e588a11bcd
442,300,03502fb599d4b513036ade56d0eac06e8cbd5ade6a2adbf028d5e2e588a11bcd
443,300,03502fb599d4b513036ade56d0eac06e8cbd5ade6a2adbf028d5e2e588a11bcd
444,300,03502fb599d4b513036ade56d0eac06e8cbd5ade6a2adbf028d5e2e588a11bcd
445,300,03502fb599d4b513036ade56d0eac06e8cbd5ade6a2adbf028d5e2e588a11bcd
446,300,03502fb599d4b513036ade56d0eac06e8cbd5ade6a2adbf028d5e2e588a11bcd
447,300,03502fb599d4b513036ade56d0eac06e8cbd5ade6a2adbf028d5e2e588a11bcd
448,300,03502fb599d4b513036ade56d0eac06e8cbd5ade6a2adbf028d5e2e588a11bcd
449,300,03502fb599d4b513036ade56d0eac06e8cbd5ade6a2adbf028d5e2e588a11bcd
450,300,03502fb599d4b513036ade56d0eac06e8cbd5ade6a2adbf028d5e2e588a11bcd
451,300,03502fb599d4b513036ade56d0eac06e8cbd5ade6a2adbf028d5e2e588a11bcd
452,300,03502fb599d4b513036ade56d0eac06e8cbd5ade6a2adbf028d5e2e588a11bcd
453,300,03502fb599d4b513036ade56d0eac06e8cbd5ade6a2adbf028d5e2e588a11bcd
454,300,03502fb599d4b513036ade56d0eac06e8cbd5ade6a2adbf028d5e2e588a11bcd
455,300,03502fb599d4b513036ade56d0eac06e8cbd5ade6a2adbf028d5e2e588a11bcd
456,300,03502fb599d4b513036ade56d0eac06e8cbd5ade6a2adbf028d5e2e588a11bcd
457,300,03502fb599d4b513036ade56d0eac06e8cbd5ade6a2adbf028d5e2e588a11bcd
458,300,03502fb599d4b513036ade56d0eac06e8cbd5ade6a2adbf028d5e2e588a11bcd
459,300,03502fb599d4b513036ade56d0eac06e8cbd5ade6a2adbf028d5e2e588a11bcd
460,300,03502fb599d4b513036ade56d0eac06e8cbd5ade6a2adbf028d5e2e588a11bcd
461,300,03502fb599d4b513036ade56d0eac06e8cbd5ade6a2adbf028d5e2e588a11bcd
462,300,03502fb599d4b513036ade56d0eac06e8cbd5ade6a2adbf028d5e2e588a11bcd
463,300,03502fb599d4b513036ade56d0eac06e8cbd5ade6a2adbf028d5e2e588a11bcd
464,300,03502fb599d4b513036ade56d0eac06e8cbd5ade6a2adbf028d5e2e588a11bcd
465,300,03502fb599d4b513036ade56d0eac06e8cbd5ade6a2adbf028d5e2e588a11bcd
466,300,03502fb599d4b513036ade56d0eac06e8cbd5ade6a2adbf028d5e2e588a11bcd
467,300,03502fb599d4b513036ade56d0eac06e8cbd5ade6a2adbf028d5e2e588a11bcd
468,300,03502fb599d4b513036ade56d0eac06e8cbd5ade6a2adbf028d5e2e588a11bcd
469,300,03502fb599d4b513036ade56d0eac06e8cbd5ade6a2adbf028d5e2e588a11bcd
470,300,03502fb599d4b513036ade56d0eac06e8cbd5ade6a2adbf028d5e2e588a11bcd
471,300,03502fb599d4b513036ade56d0eac06e8cbd5ade6a2adbf028d5e2e588a11bcd
472,300,03502fb599d4b513036ade56d0eac06e8cbd5ade6a2adbf028d5e2e588a11bcd
473,300,03502fb599d4b513036ade56d0eac06e8cbd5ade6a2adbf028d5e2e588a11bcd
474,300,03502fb599d4b513036ade56d0eac06e8cbd5ade6a2adbf028d5e2e588a11bcd
475,300,03502fb599d4b513036ade56d0eac06e8cbd5ade6a2adbf028d5e2e588a11bcd
476,300,03502fb599d4b513036ade56d0eac06e8cbd5ade6a2adbf028d5e2e588a11bcd
477,300,03502fb599d4b513036ade56d0eac06e8cbd5ade6a2adbf028d5e2e588a11bcd
478,300,03502fb599d4b513036ade56d0eac06e8cbd5ade6a2adbf028d5e2e588a11bcd
479,300,03502fb599d4b513036ade56d0eac06e8cbd5ade6a2adbf028d5e2e588a11bcd
480,300,03502fb599d4b513036ade56d0eac06e8cbd5ade6a2adbf028d5e2e588a11bcd
481,300,03502fb599d4b513036ade56d0eac06e8cbd5ade6a2adbf028d5e2e588a11bcd
482,300,03502fb599d4b513036ade56d0eac06e8cbd5ade6a2adbf028d5e2e588a11bcd
483,300,03502fb599d4b513036ade56d0eac06e8cbd5ade6a2adbf028d5e2e588a11bcd
484,300,03502fb599d4b513036ade56d0eac06e8cbd5ade6a2adbf028d5e2e588a11bcd
485,300,03502fb599d4b513036ade56d0eac06e8cbd5ade6a2adbf028d5e2e588a11bcd
486,300,03502fb599d4b513036ade56d0eac06e8cbd5ade6a2adbf028d5e2e588a11bcd
487,300,03502fb599d4b513036ade56d0eac06e8cbd5ade6a2adbf028d5e2e588a11bcd
488,300,03502fb599d4b513036ade56d0eac06e8cbd5ade6a2adbf028d5e2e588a11bcd
489,300,03502fb599d4b513036ade56d0eac06e8cbd5ade6a2adbf028d5e2e588a11bcd
490,300,03502fb599d4b513036ade56d0eac06e8cbd5ade6a2adbf028d5e2e588a11bcd
491,300,03502fb599d4b513036ade56d0eac06e8cbd5ade6a2adbf028d5e2e588a11bcd
492,300,03502fb599d4b513036ade56d0eac06e8cbd5ade6a2adbf028d5e2e588a11bcd
493,300,03502fb599d4b513036ade56d0eac06e8cbd5ade6a2adbf028d5e2e588a11bcd
494,300,03502fb599d4b513036ade56d0eac06e8cbd5ade6a2adbf028d5e2e588a11bcd
495,300,03502fb599d4b513036ade56d0eac06e8cbd5ade6a2adbf028d5e2e588a11bcd
496,300,03502fb599d4b513036ade56d0eac06e8cbd5ade6a2adbf028d5e2e588a11bcd
497,300,03502fb599d4b513036ade56d0eac06e8cbd5ade6a2adbf028d5e2e588a11bcd
498,300,03502fb599d4b513036ade56d0eac06e8cbd5ade6a2adbf028d5e2e588a11bcd
499,300,03502fb599d4b513036ade56d0eac06e8cbd5ade6a2adbf028d5e2e588a11bcd
500,300,03502fb599d4b513036ade56d0eac06e8cbd5ade6a2adbf028d5e2e588a11bcd
501,300,03502fb599d4b513036ade56d0eac06e8cbd5ade6a2adbf028d5e2e588a11bcd
502,300,03502fb599d4b513036ade56d0eac06e8cbd5ade6a2adbf028d5e2e588a11bcd
503,300,03502fb599d4b513036ade56d0eac06e8cbd5ade6a2adbf028d5e2e588a11bcd
504,300,03502fb599d4b513036ade56d0eac06e8cbd5ade6a2adbf028d5e2e588a11bcd
505,300,03502fb599d4b513036ade56d0eac06e8cbd5ade6a2adbf028d5e2e588a11bcd
506,300,03502fb599d4b513036ade56d0eac06e8cbd5ade6a2adbf028d5e2e588a11bcd
507,300,03502fb599d4b513036ade56d0eac06e8cbd5ade6a2adbf028d5e2e588a11bcd
508,300,03502fb599d4b513036ade56d0eac06e8cbd5ade6a2adbf028d5e2e588a11bcd
509,300,03502fb599d4b513036ade56d0eac06e8cbd5ade6a2adbf028d5e2e588a11bcd
510,300,03502fb599d4b513036ade56d0eac06e8cbd5ade6a2adbf028d5e2e588a11bcd
511,300,03502fb599d4b513036ade56d0eac06e8cbd5ade6a2adbf028d5e2e588a11bcd
512,300,03502fb599d4b513036ade56d0eac06e8cbd5ade6a2adbf028d5e2e588a11bcd
513,300,03502fb599d4b513036ade56d0eac06e8cbd5ade6a2adbf028d5e2e588a11bcd
514,300,03502fb599d4b513036ade56d0eac06e8cbd5ade6a2adbf028d5e2e588a11bcd
515,300,03502fb599d4b513036ade56d0eac06e8cbd5ade6a2adbf028d5e2e588a11bcd
516,300,03502fb599d4b513036ade56d0eac06e8cbd5ade6a2adbf028d5e2e588a11bcd
517,300,03502fb599d4b513036ade56d0eac06e8cbd5ade6a2adbf028d5e2e588a11bcd
518,300,03502fb599d4b513036ade56d0eac06e8cbd5ade6a2adbf028d5e2e588a11bcd
519,300,03502fb599d4b513036ade56d0eac06e8cbd5ade6a2adbf028d5e2e588a11bcd
520,300,03502fb599d4b513036ade56d0eac06e8cbd5ade6a2adbf028d5e2e588a11bcd
521,300,03502fb599d4b513036ade56d0eac06e8cbd5ade6a2adbf028d5e2e588a11bcd
522,300,03502fb599d4b513036ade56d0eac06e8cbd5ade6a2adbf028d5e2e588a11bcd
523,300,03502fb599d4b513036ade56d0eac06e8cbd5ade6a2adbf028d5e2e588a11bcd
524,300,03502fb599d4b513036ade56d0eac06e8cbd5ade6a2adbf028d5e2e588a11bcd
525,300,03502fb599d4b513036ade56d0eac06e8cbd5ade6a2adbf028d5e2e588a11bcd
526,300,03502fb599d4b513036ade56d0eac06e8cbd5ade6a2adbf028d5e2e588a11bcd
527,300,03502fb599d4b513036ade56d0eac06e8cbd5ade6a2adbf028d5e2e588a11bcd
528,300,03502fb599d4b513036ade56d0eac06e8cbd5ade6a2adbf028d5e2e588a11bcd
529,300,03502fb599d4b513036ade56d0eac06e8cbd5ade6a2adbf028d5e2e588a11bcd
530,300,03502fb599d4b513036ade56d0eac06e8cbd5ade6a2adbf028d5e2e588a11bcd
531,300,03502fb599d4b513036ade56d0eac06e8cbd5ade6a2adbf028d5e2e588a11bcd
532,300,03502fb599d4b513036ade56d0eac06e8cbd5ade6a2adbf028d5e2e588a11bcd
533,300,03502fb599d4b513036ade56d0eac06e8cbd5ade6a2adbf028d5e2e588a11bcd
534,300,03502fb599d4b513036ade56d0eac06e8cbd5ade6a2adbf028d5e2e588a11bcd
535,300,03502fb599d4b513036ade56d0eac06e8cbd5ade6a2adbf028d5e2e588a11bcd
536,300,03502fb599d4b513036ade56d0eac06e8cbd5ade6a2adbf028d5e2e588a11bcd
537,300,03502fb599d4b513036ade56d0eac06e8cbd5ade6a2adbf028d5e2e588a11bcd
538,300,03502fb599d4b513036ade56d0eac06e8cbd5ade6a2adbf028d5e2e588a11bcd
539,300,03502fb599d4b513036ade56d0eac06e8cbd5ade6a2adbf028d5e2e588a11bcd
540,300,03502fb599d4b513036ade56d0eac06e8cbd5ade6a2adbf028d5e2e588a11bcd
541,300,03502fb599d4b513036ade56d0eac06e8cbd5ade6a2adbf028d5e2e588a11bcd
542,300,03502fb599d4b513036ade56d0eac06e8cbd5ade6a2adbf028d5e2e588a11bcd
543,300,03502fb599d4b513036ade56d0eac06e8cbd5ade6a2adbf028d5e2e588a11bcd
544,300,03502fb599d4b513036ade56d0eac06e8cbd5ade6a2adbf028d5e2e588a11bcd
545,300,03502fb599d4b513036ade56d0eac06e8cbd5ade6a2adbf028d5e2e588a11bcd
546,300,03502fb599d4b513036ade56d0eac06e8cbd5ade6a2adbf028d5e2e588a11bcd
547,300,03502fb599d4b513036ade56d0eac06e8cbd5ade6a2adbf028d5e2e588a11bcd
548,300,03502fb599d4b513036ade56d0eac06e8cbd5ade6a2adbf028d5e2e588a11bcd
549,300,03502fb599d4b513036ade56d0eac06e8cbd5ade6a2adbf028d5e2e588a11bcd
550,300,03502fb599d4b513036ade56d0eac06e8cbd5ade6a2adbf028d5e2e588a11bcd
551,300,03502fb599d4b513036ade56d0eac06e8cbd5ade6a2adbf028d5e2e588a11bcd
552,300,03502fb599d4b513036ade56d0eac06e8cbd5ade6a2adbf028d5e2e588a11bcd
553,300,03502fb599d4b513036ade56d0eac06e8cbd5ade6a2adbf028d5e2e588a11bcd
554,300,03502fb599d4b513036ade56d0eac06e8cbd5ade6a2adbf028d5e2e588a11bcd
555,300,03502fb599d4b513036ade56d0eac06e8cbd5ade6a2adbf028d5e2e588a11bcd
556,300,03502fb599d4b513036ade56d0eac06e8cbd5ade6a2adbf028d5e2e588a11bcd
557,300,03502fb599d4b513036ade56d0eac06e8cbd5ade6a2adbf028d5e2e588a11bcd
558,300,03502fb599d4b513036ade56d0eac06e8cbd5ade6a2adbf028d5e2e588a11bcd
559,300,03502fb599d4b513036ade56d0eac06e8cbd5ade6a2adbf028d5e2e588a11bcd
560,300,03502fb599d4b513036ade56d0eac06e8cbd5ade6a2adbf028d5e2e588a11bcd
561,300,03502fb599d4b513036ade56d0eac06e8cbd5ade6a2adbf028d5e2e588a11bcd
244,301,03502fb599d4b513036ade56d0eac06e8cbd5ade6a2adbf028d5e2e588a11bcd
271,301,03502fb599d4b513036ade56d0eac06e8cbd5ade6a2adbf028d5e2e588a11bcd
349,301,03502fb599d4b513036ade56d0eac06e8cbd5ade6a2adbf028d5e2e588a11bcd
350,301,03502fb599d4b513036ade56d0eac06e8cbd5ade6a2adbf028d5e2e588a11bcd
351,301,03502fb599d4b513036ade56d0eac06e8cbd5ade6a2adbf028d5e2e588a11bcd
352,301,03502fb599d4b513036ade56d0eac06e8cbd5ade6a2adbf028d5e2e588a11bcd
353,301,03502fb599d4b513036ade56d0eac06e8cbd5ade6a2adbf028d5e2e588a11bcd
354,301,03502fb599d4b513036ade56d0eac06e8cbd5ade6a2adbf028d5e2e588a11bcd
355,301,03502fb599d4b513036ade56d0eac06e8cbd5ade6a2adbf028d5e2e588a11bcd
356,301,03502fb599d4b513036ade56d0eac06e8cbd5ade6a2adbf028d5e2e588a11bcd
357,301,03502fb599d4b513036ade56d0eac06e8cbd5ade6a2adbf028d5e2e588a11bcd
358,301,03502fb599d4b513036ade56d0eac06e8cbd5ade6a2adbf028d5e2e588a11bcd
359,301,03502fb599d4b513036ade56d0eac06e8cbd5ade6a2adbf028d5e2e588a11bcd
360,301,03502fb599d4b513036ade56d0eac06e8cbd5ade6a2adbf028d5e2e588a11bcd
361,301,03502fb599d4b513036ade56d0eac06e8cbd5ade6a2adbf028d5e2e588a11bcd
362,301,03502fb599d4b513036ade56d0eac06e8cbd5ade6a2adbf028d5e2e588a11bcd
363,301,03502fb599d4b513036ade56d0eac06e8cbd5ade6a2adbf028d5e2e588a11bcd
364,301,03502fb599d4b513036ade56d0eac06e8cbd5ade6a2adbf028d5e2e588a11bcd
365,301,03502fb599d4b513036ade56d0eac06e8cbd5ade6a2adbf028d5e2e588a11bcd
366,301,03502fb599d4b513036ade56d0eac06e8cbd5ade6a2adbf028d5e2e588a11bcd
367,301,03502fb599d4b513036ade56d0eac06e8cbd5ade6a2adbf028d5e2e588a11bcd
368,301,03502fb599d4b513036ade56d0eac06e8cbd5ade6a2adbf028d5e2e588a11bcd
369,301,03502fb599d4b513036ade56d0eac06e8cbd5ade6a2adbf028d5e2e588a11bcd
370,301,03502fb599d4b513036ade56d0eac06e8cbd5ade6a2adbf028d5e2e588a11bcd
371,301,03502fb599d4b513036ade56d0eac06e8cbd5ade6a2adbf028d5e2e588a11bcd
372,301,03502fb599d4b513036ade56d0eac06e8cbd5ade6a2adbf028d5e2e588a11bcd
373,301,03502fb599d4b513036ade56d0eac06e8cbd5ade6a2adbf028d5e2e588a11bcd
374,301,03502fb599d4b513036ade56d0eac06e8cbd5ade6a2adbf028d5e2e588a11bcd
375,301,03502fb599d4b513036ade56d0eac06e8cbd5ade6a2adbf028d5e2e588a11bcd
376,301,03502fb599d4b513036ade56d0eac06e8cbd5ade6a2adbf028d5e2e588a11bcd
377,301,03502fb599d4b513036ade56d0eac06e8cbd5ade6a2adbf028d5e2e588a11bcd
378,301,03502fb599d4b513036ade56d0eac06e8cbd5ade6a2adbf028d5e2e588a11bcd
379,301,03502fb599d4b513036ade56d0eac06e8cbd5ade6a2adbf028d5e2e588a11bcd
380,301,03502fb599d4b513036ade56d0eac06e8cbd5ade6a2adbf028d5e2e588a11bcd
381,301,03502fb599d4b513036ade56d0eac06e8cbd5ade6a2adbf028d5e2e588a11bcd
382,301,03502fb599d4b513036ade56d0eac06e8cbd5ade6a2adbf028d5e2e588a11bcd
383,301,03502fb599d4b513036ade56d0eac06e8cbd5ade6a2adbf028d5e2e588a11bcd
384,301,03502fb599d4b513036ade56d0eac06e8cbd5ade6a2adbf028d5e2e588a11bcd
385,301,03502fb599d4b513036ade56d0eac06e8cbd5ade6a2adbf028d5e2e588a11bcd
386,301,03502fb599d4b513036ade56d0eac06e8cbd5ade6a2adbf028d5e2e588a11bcd
387,301,03502fb599d4b513036ade56d0eac06e8cbd5ade6a2adbf028d5e2e588a11bcd
388,301,03502fb599d4b513036ade56d0eac06e8cbd5ade6a2adbf028d5e2e588a11bcd
389,301,03502fb599d4b513036ade56d0eac06e8cbd5ade6a2adbf028d5e2e588a11bcd
390,301,03502fb599d4b513036ade56d0eac06e8cbd5ade6a2adbf028d5e2e588a11bcd
391,301,03502fb599d4b513036ade56d0eac06e8cbd5ade6a2adbf028d5e2e588a11bcd
392,301,03502fb599d4b513036ade56d0eac06e8cbd5ade6a2adbf028d5e2e588a11bcd
393,301,03502fb599d4b513036ade56d0eac06e8cbd5ade6a2adbf028d5e2e588a11bcd
394,301,03502fb599d4b513036ade56d0eac06e8cbd5ade6a2adbf028d5e2e588a11bcd
395,301,03502fb599d4b513036ade56d0eac06e8cbd5ade6a2adbf028d5e2e588a11bcd
396,301,03502fb599d4b513036ade56d0eac06e8cbd5ade6a2adbf028d5e2e588a11bcd
397,301,03502fb599d4b513036ade56d0eac06e8cbd5ade6a2adbf028d5e2e588a11bcd
398,301,03502fb599d4b513036ade56d0eac06e8cbd5ade6a2adbf028d5e2e588a11bcd
399,301,03502fb599d4b513036ade56d0eac06e8cbd5ade6a2adbf028d5e2e588a11bcd
400,301,03502fb599d4b513036ade56d0eac06e8cbd5ade6a2adbf028d5e2e588a11bcd
401,301,03502fb599d4b513036ade56d0eac06e8cbd5ade6a2adbf028d5e2e588a11bcd
402,301,03502fb599d4b513036ade56d0eac06e8cbd5ade6a2adbf028d5e2e588a11bcd
403,301,03502fb599d4b513036ade56d0eac06e8cbd5ade6a2adbf028d5e2e588a11bcd
404,301,03502fb599d4b513036ade56d0eac06e8cbd5ade6a2adbf028d5e2e588a11bcd
405,301,03502fb599d4b513036ade56d0eac06e8cbd5ade6a2adbf028d5e2e588a11bcd
406,301,03502fb599d4b513036ade56d0eac06e8cbd5ade6a2adbf028d5e2e588a11bcd
407,301,03502fb599d4b513036ade56d0eac06e8cbd5ade6a2adbf028d5e2e588a11bcd
408,301,03502fb599d4b513036ade56d0eac06e8cbd5ade6a2adbf028d5e2e588a11bcd
409,301,03502fb599d4b513036ade56d0eac06e8cbd5ade6a2adbf028d5e2e588a11bcd
410,301,03502fb599d4b513036ade56d0eac06e8cbd5ade6a2adbf028d5e2e588a11bcd
411,301,03502fb599d4b513036ade56d0eac06e8cbd5ade6a2adbf028d5e2e588a11bcd
412,301,03502fb599d4b513036ade56d0eac06e8cbd5ade6a2adbf028d5e2e588a11bcd
413,301,03502fb599d4b513036ade56d0eac06e8cbd5ade6a2adbf028d5e2e588a11bcd
414,301,03502fb599d4b513036ade56d0eac06e8cbd5ade6a2adbf028d5e2e588a11bcd
415,301,03502fb599d4b513036ade56d0eac06e8cbd5ade6a2adbf028d5e2e588a11bcd
416,301,03502fb599d4b513036ade56d0eac06e8cbd5ade6a2adbf028d5e2e588a11bcd
417,301,03502fb599d4b513036ade56d0eac06e8cbd5ade6a2adbf028d5e2e588a11bcd
418,301,03502fb599d4b513036ade56d0eac06e8cbd5ade6a2adbf028d5e2e588a11bcd
419,301,03502fb599d4b513036ade56d0eac06e8cbd5ade6a2adbf028d5e2e588a11bcd
420,301,03502fb599d4b513036ade56d0eac06e8cbd5ade6a2adbf028d5e2e588a11bcd
421,301,03502fb599d4b513036ade56d0eac06e8cbd5ade6a2adbf028d5e2e588a11bcd
422,301,03502fb599d4b513036ade56d0eac06e8cbd5ade6a2adbf028d5e2e588a11bcd
423,301,03502fb599d4b513036ade56d0eac06e8cbd5ade6a2adbf028d5e2e588a11bcd
424,301,03502fb599d4b513036ade56d0eac06e8cbd5ade6a2adbf028d5e2e588a11bcd
425,301,03502fb599d4b513036ade56d0eac06e8cbd5ade6a2adbf028d5e2e588a11bcd
426,301,03502fb599d4b513036ade56d0eac06e8cbd5ade6a2adbf028d5e2e588a11bcd
427,301,03502fb599d4b513036ade56d0eac06e8cbd5ade6a2adbf028d5e2e588a11bcd
428,301,03502fb599d4b513036ade56d0eac06e8cbd5ade6a2adbf028d5e2e588a11bcd
429,301,03502fb599d4b513036ade56d0eac06e8cbd5ade6a2adbf028d5e2e588a11bcd
430,301,03502fb599d4b513036ade56d0eac06e8cbd5ade6a2adbf028d5e2e588a11bcd
431,301,03502fb599d4b513036ade56d0eac06e8cbd5ade6a2adbf028d5e2e588a11bcd
432,301,03502fb599d4b513036ade56d0eac06e8cbd5ade6a2adbf028d5e2e588a11bcd
433,301,03502fb599d4b513036ade56d0eac06e8cbd5ade6a2adbf028d5e2e588a11bcd
434,301,03502fb599d4b513036ade56d0eac06e8cbd5ade6a2adbf028d5e2e588a11bcd
435,301,03502fb599d4b513036ade56d0eac06e8cbd5ade6a2adbf028d5e2e588a11bcd
436,301,03502fb599d4b513036ade56d0eac06e8cbd5ade6a2adbf028d5e2e588a11bcd
437,301,03502fb599d4b513036ade56d0eac06e8cbd5ade6a2adbf028d5e2e588a11bcd
438,301,03502fb599d4b513036ade56d0eac06e8cbd5ade6a2adbf028d5e2e588a11bcd
439,301,03502fb599d4b513036ade56d0eac06e8cbd5ade6a2adbf028d5e2e588a11bcd
440,301,03502fb599d4b513036ade56d0eac06e8cbd5ade6a2adbf028d5e2e588a11bcd
441,301,03502fb599d4b513036ade56d0eac06e8cbd5ade6a2adbf028d5e2e588a11bcd
442,301,03502fb599d4b513036ade56d0eac06e8cbd5ade6a2adbf028d5e2e588a11bcd
443,301,03502fb599d4b513036ade56d0eac06e8cbd5ade6a2adbf028d5e2e588a11bcd
444,301,03502fb599d4b513036ade56d0eac06e8cbd5ade6a2adbf028d5e2e588a11bcd
445,301,03502fb599d4b513036ade56d0eac06e8cbd5ade6a2adbf028d5e2e588a11bcd
446,301,03502fb599d4b513036ade56d0eac06e8cbd5ade6a2adbf028d5e2e588a11bcd
447,301,03502fb599d4b513036ade56d0eac06e8cbd5ade6a2adbf028d5e2e588a11bcd
448,301,03502fb599d4b513036ade56d0eac06e8cbd5ade6a2adbf028d5e2e588a11bcd
449,301,03502fb599d4b513036ade56d0eac06e8cbd5ade6a2adbf028d5e2e588a11bcd
450,301,03502fb599d4b513036ade56d0eac06e8cbd5ade6a2adbf028d5e2e588a11bcd
451,301,03502fb599d4b513036ade56d0eac06e8cbd5ade6a2adbf028d5e2e588a11bcd
452,301,03502fb599d4b513036ade56d0eac06e8cbd5ade6a2adbf028d5e2e588a11bcd
453,301,03502fb599d4b513036ade56d0eac06e8cbd5ade6a2adbf028d5e2e588a11bcd
454,301,03502fb599d4b513036ade56d0eac06e8cbd5ade6a2adbf028d5e2e588a11bcd
455,301,03502fb599d4b513036ade56d0eac06e8cbd5ade6a2adbf028d5e2e588a11bcd
456,301,03502fb599d4b513036ade56d0eac06e8cbd5ade6a2adbf028d5e2e588a11bcd
457,301,03502fb599d4b513036ade56d0eac06e8cbd5ade6a2adbf028d5e2e588a11bcd
458,301,03502fb599d4b513036ade56d0eac06e8cbd5ade6a2adbf028d5e2e588a11bcd
459,301,03502fb599d4b513036ade56d0eac06e8cbd5ade6a2adbf028d5e2e588a11bcd
460,301,03502fb599d4b513036ade56d0eac06e8cbd5ade6a2adbf028d5e2e588a11bcd
461,301,03502fb599d4b513036ade56d0eac06e8cbd5ade6a2adbf028d5e2e588a11bcd
462,301,03502fb599d4b513036ade56d0eac06e8cbd5ade6a2adbf028d5e2e588a11bcd
463,301,03502fb599d4b513036ade56d0eac06e8cbd5ade6a2adbf028d5e2e588a11bcd
464,301,03502fb599d4b513036ade56d0eac06e8cbd5ade6a2adbf028d5e2e588a11bcd
465,301,03502fb599d4b513036ade56d0eac06e8cbd5ade6a2adbf028d5e2e588a11bcd
466,301,03502fb599d4b513036ade56d0eac06e8cbd5ade6a2adbf028d5e2e588a11bcd
467,301,03502fb599d4b513036ade56d0eac06e8cbd5ade6a2adbf028d5e2e588a11bcd
468,301,03502fb599d4b513036ade56d0eac06e8cbd5ade6a2adbf028d5e2e588a11bcd
469,301,03502fb599d4b513036ade56d0eac06e8cbd5ade6a2adbf028d5e2e588a11bcd
470,301,03502fb599d4b513036ade56d0eac06e8cbd5ade6a2adbf028d5e2e588a11bcd
471,301,03502fb599d4b513036ade56d0eac06e8cbd5ade6a2adbf028d5e2e588a11bcd
472,301,03502fb599d4b513036ade56d0eac06e8cbd5ade6a2adbf028d5e2e588a11bcd
473,301,03502fb599d4b513036ade56d0eac06e8cbd5ade6a2adbf028d5e2e588a11bcd
474,301,03502fb599d4b513036ade56d0eac06e8cbd5ade6a2adbf028d5e2e588a11bcd
475,301,03502fb599d4b513036ade56d0eac06e8cbd5ade6a2adbf028d5e2e588a11bcd
476,301,03502fb599d4b513036ade56d0eac06e8cbd5ade6a2adbf028d5e2e588a11bcd
477,301,03502fb599d4b513036ade56d0eac06e8cbd5ade6a2adbf028d5e2e588a11bcd
478,301,03502fb599d4b513036ade56d0eac06e8cbd5ade6a2adbf028d5e2e588a11bcd
479,301,03502fb599d4b513036ade56d0eac06e8cbd5ade6a2adbf028d5e2e588a11bcd
480,301,03502fb599d4b513036ade56d0eac06e8cbd5ade6a2adbf028d5e2e588a11bcd
481,301,03502fb599d4b513036ade56d0eac06e8cbd5ade6a2adbf028d5e2e588a11bcd
482,301,03502fb599d4b513036ade56d0eac06e8cbd5ade6a2adbf028d5e2e588a11bcd
483,301,03502fb599d4b513036ade56d0eac06e8cbd5ade6a2adbf028d5e2e588a11bcd
484,301,03502fb599d4b513036ade56d0eac06e8cbd5ade6a2adbf028d5e2e588a11bcd
485,301,03502fb599d4b513036ade56d0eac06e8cbd5ade6a2adbf028d5e2e588a11bcd
486,301,03502fb599d4b513036ade56d0eac06e8cbd5ade6a2adbf028d5e2e588a11bcd
487,301,03502fb599d4b513036ade56d0eac06e8cbd5ade6a2adbf028d5e2e588a11bcd
488,301,03502fb599d4b513036ade56d0eac06e8cbd5ade6a2adbf028d5e2e588a11bcd
489,301,03502fb599d4b513036ade56d0eac06e8cbd5ade6a2adbf028d5e2e588a11bcd
490,301,03502fb599d4b513036ade56d0eac06e8cbd5ade6a2adbf028d5e2e588a11bcd
491,301,03502fb599d4b513036ade56d0eac06e8cbd5ade6a2adbf028d5e2e588a11bcd
492,301,03502fb599d4b513036ade56d0eac06e8cbd5ade6a2adbf028d5e2e588a11bcd
493,301,03502fb599d4b513036ade56d0eac06e8cbd5ade6a2adbf028d5e2e588a11bcd
494,301,03502fb599d4b513036ade56d0eac06e8cbd5ade6a2adbf028d5e2e588a11bcd
495,301,03502fb599d4b513036ade56d0eac06e8cbd5ade6a2adbf028d5e2e588a11bcd
496,301,03502fb599d4b513036ade56d0eac06e8cbd5ade6a2adbf028d5e2e588a11bcd
497,301,03502fb599d4b513036ade56d0eac06e8cbd5ade6a2adbf028d5e2e588a11bcd
498,301,03502fb599d4b513036ade56d0eac06e8cbd5ade6a2adbf028d5e2e588a11bcd
499,301,03502fb599d4b513036ade56d0eac06e8cbd5ade6a2adbf028d5e2e588a11bcd
500,301,03502fb599d4b513036ade56d0eac06e8cbd5ade6a2adbf028d5e2e588a11bcd
501,301,03502fb599d4b513036ade56d0eac06e8cbd5ade6a2adbf028d5e2e588a11bcd
502,301,03502fb599d4b513036ade56d0eac06e8cbd5ade6a2adbf028d5e2e588a11bcd
503,301,03502fb599d4b513036ade56d0eac06e8cbd5ade6a2adbf028d5e2e588a11bcd
504,301,03502fb599d4b513036ade56d0eac06e8cbd5ade6a2adbf028d5e2e588a11bcd
505,301,03502fb599d4b513036ade56d0eac06e8cbd5ade6a2adbf028d5e2e588a11bcd
506,301,03502fb599d4b513036ade56d0eac06e8cbd5ade6a2adbf028d5e2e588a11bcd
507,301,03502fb599d4b513036ade56d0eac06e8cbd5ade6a2adbf028d5e2e588a11bcd
508,301,03502fb599d4b513036ade56d0eac06e8cbd5ade6a2adbf028d5e2e588a11bcd
509,301,03502fb599d4b513036ade56d0eac06e8cbd5ade6a2adbf028d5e2e588a11bcd
510,301,03502fb599d4b513036ade56d0eac06e8cbd5ade6a2adbf028d5e2e588a11bcd
511,301,03502fb599d4b513036ade56d0eac06e8cbd5ade6a2adbf028d5e2e588a11bcd
512,301,03502fb599d4b513036ade56d0eac06e8cbd5ade6a2adbf028d5e2e588a11bcd
513,301,03502fb599d4b513036ade56d0eac06e8cbd5ade6a2adbf028d5e2e588a11bcd
514,301,03502fb599d4b513036ade56d0eac06e8cbd5ade6a2adbf028d5e2e588a11bcd
515,301,03502fb599d4b513036ade56d0eac06e8cbd5ade6a2adbf028d5e2e588a11bcd
516,301,03502fb599d4b513036ade56d0eac06e8cbd5ade6a2adbf028d5e2e588a11bcd
517,301,03502fb599d4b513036ade56d0eac06e8cbd5ade6a2adbf028d5e2e588a11bcd
518,301,03502fb599d4b513036ade56d0eac06e8cbd5ade6a2adbf028d5e2e588a11bcd
519,301,03502fb599d4b513036ade56d0eac06e8cbd5ade6a2adbf028d5e2e588a11bcd
520,301,03502fb599d4b513036ade56d0eac06e8cbd5ade6a2adbf028d5e2e588a11bcd
521,301,03502fb599d4b513036ade56d0eac06e8cbd5ade6a2adbf028d5e2e588a11bcd
522,301,03502fb599d4b513036ade56d0eac06e8cbd5ade6a2adbf028d5e2e588a11bcd
523,301,03502fb599d4b513036ade56d0eac06e8cbd5ade6a2adbf028d5e2e588a11bcd
524,301,03502fb599d4b513036ade56d0eac06e8cbd5ade6a2adbf028d5e2e588a11bcd
525,301,03502fb599d4b513036ade56d0eac06e8cbd5ade6a2adbf028d5e2e588a11bcd
526,301,03502fb599d4b513036ade56d0eac06e8cbd5ade6a2adbf028d5e2e588a11bcd
527,301,03502fb599d4b513036ade56d0eac06e8cbd5ade6a2adbf028d5e2e588a11bcd
528,301,03502fb599d4b513036ade56d0eac06e8cbd5ade6a2adbf028d5e2e588a11bcd
529,301,03502fb599d4b513036ade56d0eac06e8cbd5ade6a2adbf028d5e2e588a11bcd
530,301,03502fb599d4b513036ade56d0eac06e8cbd5ade6a2adbf028d5e2e588a11bcd
531,301,03502fb599d4b513036ade56d0eac06e8cbd5ade6a2adbf028d5e2e588a11bcd
532,301,03502fb599d4b513036ade56d0eac06e8cbd5ade6a2adbf028d5e2e588a11bcd
533,301,03502fb599d4b513036ade56d0eac06e8cbd5ade6a2adbf028d5e2e588a11bcd
534,301,03502fb599d4b513036ade56d0eac06e8cbd5ade6a2adbf028d5e2e588a11bcd
535,301,03502fb599d4b513036ade56d0eac06e8cbd5ade6a2adbf028d5e2e588a11bcd
536,301,03502fb599d4b513036ade56d0eac06e8cbd5ade6a2adbf028d5e2e588a11bcd
537,301,03502fb599d4b513036ade56d0eac06e8cbd5ade6a2adbf028d5e2e588a11bcd
538,301,03502fb599d4b513036ade56d0eac06e8cbd5ade6a2adbf028d5e2e588a11bcd
539,301,03502fb599d4b513036ade56d0eac06e8cbd5ade6a2adbf028d5e2e588a11bcd
540,301,03502fb599d4b513036ade56d0eac06e8cbd5ade6a2adbf028d5e2e588a11bcd
541,301,03502fb599d4b513036ade56d0eac06e8cbd5ade6a2adbf028d5e2e588a11bcd
542,301,03502fb599d4b513036ade56d0eac06e8cbd5ade6a2adbf028d5e2e588a11bcd
543,301,03502fb599d4b513036ade56d0eac06e8cbd5ade6a2adbf028d5e2e588a11bcd
544,301,03502fb599d4b513036ade56d0eac06e8cbd5ade6a2adbf028d5e2e588a11bcd
545,301,03502fb599d4b513036ade56d0eac06e8cbd5ade6a2adbf028d5e2e588a11bcd
546,301,03502fb599d4b513036ade56d0eac06e8cbd5ade6a2adbf028d5e2e588a11bcd
547,301,03502fb599d4b513036ade56d0eac06e8cbd5ade6a2adbf028d5e2e588a11bcd
548,301,03502fb599d4b513036ade56d0eac06e8cbd5ade6a2adbf028d5e2e588a11bcd
549,301,03502fb599d4b513036ade56d0eac06e8cbd5ade6a2adbf028d5e2e588a11bcd
550,301,03502fb599d4b513036ade56d0eac06e8cbd5ade6a2adbf028d5e2e588a11bcd
551,301,03502fb599d4b513036ade56d0eac06e8cbd5ade6a2adbf028d5e2e588a11bcd
552,301,03502fb599d4b513036ade56d0eac06e8cbd5ade6a2adbf028d5e2e588a11bcd
553,301,03502fb599d4b513036ade56d0eac06e8cbd5ade6a2adbf028d5e2e588a11bcd
554,301,03502fb599d4b513036ade56d0eac06e8cbd5ade6a2adbf028d5e2e588a11bcd
555,301,03502fb599d4b513036ade56d0eac06e8cbd5ade6a2adbf028d5e2e588a11bcd
556,301,03502fb599d4b513036ade56d0eac06e8cbd5ade6a2adbf028d5e2e588a11bcd
557,301,03502fb599d4b513036ade56d0eac06e8cbd5ade6a2adbf028d5e2e588a11bcd
558,301,03502fb599d4b513036ade56d0eac06e8cbd5ade6a2adbf028d5e2e588a11bcd
559,301,03502fb599d4b513036ade56d0eac06e8cbd5ade6a2adbf028d5e2e588a11bcd
560,301,03502fb599d4b513036ade56d0eac06e8cbd5ade6a2adbf028d5e2e588a11bcd
561,301,03502fb599d4b513036ade56d0eac06e8cbd5ade6a2adbf028d5e2e588a11bcd
244,302,03502fb599d4b513036ade56d0eac06e8cbd5ade6a2adbf028d5e2e588a11bcd
271,302,03502fb599d4b513036ade56d0eac06e8cbd5ade6a2adbf028d5e2e588a11bcd
349,302,03502fb599d4b513036ade56d0eac06e8cbd5ade6a2adbf028d5e2e588a11bcd
350,302,03502fb599d4b513036ade56d0eac06e8cbd5ade6a2adbf028d5e2e588a11bcd
351,302,03502fb599d4b513036ade56d0eac06e8cbd5ade6a2adbf028d5e2e588a11bcd
352,302,03502fb599d4b513036ade56d0eac06e8cbd5ade6a2adbf028d5e2e588a11bcd
353,302,03502fb599d4b513036ade56d0eac06e8cbd5ade6a2adbf028d5e2e588a11bcd
354,302,03502fb599d4b513036ade56d0eac06e8cbd5ade6a2adbf028d5e2e588a11bcd
355,302,03502fb599d4b513036ade56d0eac06e8cbd5ade6a2adbf028d5e2e588a11bcd
356,302,03502fb599d4b513036ade56d0eac06e8cbd5ade6a2adbf028d5e2e588a11bcd
357,302,03502fb599d4b513036ade56d0eac06e8cbd5ade6a2adbf028d5e2e588a11bcd
358,302,03502fb599d4b513036ade56d0eac06e8cbd5ade6a2adbf028d5e2e588a11bcd
359,302,03502fb599d4b513036ade56d0eac06e8cbd5ade6a2adbf028d5e2e588a11bcd
360,302,03502fb599d4b513036ade56d0eac06e8cbd5ade6a2adbf028d5e2e588a11bcd
361,302,03502fb599d4b513036ade56d0eac06e8cbd5ade6a2adbf028d5e2e588a11bcd
362,302,03502fb599d4b513036ade56d0eac06e8cbd5ade6a2adbf028d5e2e588a11bcd
363,302,03502fb599d4b513036ade56d0eac06e8cbd5ade6a2adbf028d5e2e588a11bcd
364,302,03502fb599d4b513036ade56d0eac06e8cbd5ade6a2adbf028d5e2e588a11bcd
365,302,03502fb599d4b513036ade56d0eac06e8cbd5ade6a2adbf028d5e2e588a11bcd
366,302,03502fb599d4b513036ade56d0eac06e8cbd5ade6a2adbf028d5e2e588a11bcd
367,302,03502fb599d4b513036ade56d0eac06e8cbd5ade6a2adbf028d5e2e588a11bcd
368,302,03502fb599d4b513036ade56d0eac06e8cbd5ade6a2adbf028d5e2e588a11bcd
369,302,03502fb599d4b513036ade56d0eac06e8cbd5ade6a2adbf028d5e2e588a11bcd
370,302,03502fb599d4b513036ade56d0eac06e8cbd5ade6a2adbf028d5e2e588a11bcd
371,302,03502fb599d4b513036ade56d0eac06e8cbd5ade6a2adbf028d5e2e588a11bcd
372,302,03502fb599d4b513036ade56d0eac06e8cbd5ade6a2adbf028d5e2e588a11bcd
373,302,03502fb599d4b513036ade56d0eac06e8cbd5ade6a2adbf028d5e2e588a11bcd
374,302,03502fb599d4b513036ade56d0eac06e8cbd5ade6a2adbf028d5e2e588a11bcd
375,302,03502fb599d4b513036ade56d0eac06e8cbd5ade6a2adbf028d5e2e588a11bcd
376,302,03502fb599d4b513036ade56d0eac06e8cbd5ade6a2adbf028d5e2e588a11bcd
377,302,03502fb599d4b513036ade56d0eac06e8cbd5ade6a2adbf028d5e2e588a11bcd
378,302,03502fb599d4b513036ade56d0eac06e8cbd5ade6a2adbf028d5e2e588a11bcd
379,302,03502fb599d4b513036ade56d0eac06e8cbd5ade6a2adbf028d5e2e588a11bcd
380,302,03502fb599d4b513036ade56d0eac06e8cbd5ade6a2adbf028d5e2e588a11bcd
381,302,03502fb599d4b513036ade56d0eac06e8cbd5ade6a2adbf028d5e2e588a11bcd
382,302,03502fb599d4b513036ade56d0eac06e8cbd5ade6a2adbf028d5e2e588a11bcd
383,302,03502fb599d4b513036ade56d0eac06e8cbd5ade6a2adbf028d5e2e588a11bcd
384,302,03502fb599d4b513036ade56d0eac06e8cbd5ade6a2adbf028d5e2e588a11bcd
385,302,03502fb599d4b513036ade56d0eac06e8cbd5ade6a2adbf028d5e2e588a11bcd
386,302,03502fb599d4b513036ade56d0eac06e8cbd5ade6a2adbf028d5e2e588a11bcd
387,302,03502fb599d4b513036ade56d0eac06e8cbd5ade6a2adbf028d5e2e588a11bcd
388,302,03502fb599d4b513036ade56d0eac06e8cbd5ade6a2adbf028d5e2e588a11bcd
389,302,03502fb599d4b513036ade56d0eac06e8cbd5ade6a2adbf028d5e2e588a11bcd
390,302,03502fb599d4b513036ade56d0eac06e8cbd5ade6a2adbf028d5e2e588a11bcd
391,302,03502fb599d4b513036ade56d0eac06e8cbd5ade6a2adbf028d5e2e588a11bcd
392,302,03502fb599d4b513036ade56d0eac06e8cbd5ade6a2adbf028d5e2e588a11bcd
393,302,03502fb599d4b513036ade56d0eac06e8cbd5ade6a2adbf028d5e2e588a11bcd
394,302,03502fb599d4b513036ade56d0eac06e8cbd5ade6a2adbf028d5e2e588a11bcd
395,302,03502fb599d4b513036ade56d0eac06e8cbd5ade6a2adbf028d5e2e588a11bcd
396,302,03502fb599d4b513036ade56d0eac06e8cbd5ade6a2adbf028d5e2e588a11bcd
397,302,03502fb599d4b513036ade56d0eac06e8cbd5ade6a2adbf028d5e2e588a11bcd
398,302,03502fb599d4b513036ade56d0eac06e8cbd5ade6a2adbf028d5e2e588a11bcd
399,302,03502fb599d4b513036ade56d0eac06e8cbd5ade6a2adbf028d5e2e588a11bcd
400,302,03502fb599d4b513036ade56d0eac06e8cbd5ade6a2adbf028d5e2e588a11bcd
401,302,03502fb599d4b513036ade56d0eac06e8cbd5ade6a2adbf028d5e2e588a11bcd
402,302,03502fb599d4b513036ade56d0eac06e8cbd5ade6a2adbf028d5e2e588a11bcd
403,302,03502fb599d4b513036ade56d0eac06e8cbd5ade6a2adbf028d5e2e588a11bcd
404,302,03502fb599d4b513036ade56d0eac06e8cbd5ade6a2adbf028d5e2e588a11bcd
405,302,03502fb599d4b513036ade56d0eac06e8cbd5ade6a2adbf028d5e2e588a11bcd
406,302,03502fb599d4b513036ade56d0eac06e8cbd5ade6a2adbf028d5e2e588a11bcd
407,302,03502fb599d4b513036ade56d0eac06e8cbd5ade6a2adbf028d5e2e588a11bcd
408,302,03502fb599d4b513036ade56d0eac06e8cbd5ade6a2adbf028d5e2e588a11bcd
409,302,03502fb599d4b513036ade56d0eac06e8cbd5ade6a2adbf028d5e2e588a11bcd
410,302,03502fb599d4b513036ade56d0eac06e8cbd5ade6a2adbf028d5e2e588a11bcd
411,302,03502fb599d4b513036ade56d0eac06e8cbd5ade6a2adbf028d5e2e588a11bcd
412,302,03502fb599d4b513036ade56d0eac06e8cbd5ade6a2adbf028d5e2e588a11bcd
413,302,03502fb599d4b513036ade56d0eac06e8cbd5ade6a2adbf028d5e2e588a11bcd
414,302,03502fb599d4b513036ade56d0eac06e8cbd5ade6a2adbf028d5e2e588a11bcd
415,302,03502fb599d4b513036ade56d0eac06e8cbd5ade6a2adbf028d5e2e588a11bcd
416,302,03502fb599d4b513036ade56d0eac06e8cbd5ade6a2adbf028d5e2e588a11bcd
417,302,03502fb599d4b513036ade56d0eac06e8cbd5ade6a2adbf028d5e2e588a11bcd
418,302,03502fb599d4b513036ade56d0eac06e8cbd5ade6a2adbf028d5e2e588a11bcd
419,302,03502fb599d4b513036ade56d0eac06e8cbd5ade6a2adbf028d5e2e588a11bcd
420,302,03502fb599d4b513036ade56d0eac06e8cbd5ade6a2adbf028d5e2e588a11bcd
421,302,03502fb599d4b513036ade56d0eac06e8cbd5ade6a2adbf028d5e2e588a11bcd
422,302,03502fb599d4b513036ade56d0eac06e8cbd5ade6a2adbf028d5e2e588a11bcd
423,302,03502fb599d4b513036ade56d0eac06e8cbd5ade6a2adbf028d5e2e588a11bcd
424,302,03502fb599d4b513036ade56d0eac06e8cbd5ade6a2adbf028d5e2e588a11bcd
425,302,03502fb599d4b513036ade56d0eac06e8cbd5ade6a2adbf028d5e2e588a11bcd
426,302,03502fb599d4b513036ade56d0eac06e8cbd5ade6a2adbf028d5e2e588a11bcd
427,302,03502fb599d4b513036ade56d0eac06e8cbd5ade6a2adbf028d5e2e588a11bcd
428,302,03502fb599d4b513036ade56d0eac06e8cbd5ade6a2adbf028d5e2e588a11bcd
429,302,03502fb599d4b513036ade56d0eac06e8cbd5ade6a2adbf028d5e2e588a11bcd
430,302,03502fb599d4b513036ade56d0eac06e8cbd5ade6a2adbf028d5e2e588a11bcd
431,302,03502fb599d4b513036ade56d0eac06e8cbd5ade6a2adbf028d5e2e588a11bcd
432,302,03502fb599d4b513036ade56d0eac06e8cbd5ade6a2adbf028d5e2e588a11bcd
433,302,03502fb599d4b513036ade56d0eac06e8cbd5ade6a2adbf028d5e2e588a11bcd
434,302,03502fb599d4b513036ade56d0eac06e8cbd5ade6a2adbf028d5e2e588a11bcd
435,302,03502fb599d4b513036ade56d0eac06e8cbd5ade6a2adbf028d5e2e588a11bcd
436,302,03502fb599d4b513036ade56d0eac06e8cbd5ade6a2adbf028d5e2e588a11bcd
437,302,03502fb599d4b513036ade56d0eac06e8cbd5ade6a2adbf028d5e2e588a11bcd
438,302,03502fb599d4b513036ade56d0eac06e8cbd5ade6a2adbf028d5e2e588a11bcd
439,302,03502fb599d4b513036ade56d0eac06e8cbd5ade6a2adbf028d5e2e588a11bcd
440,302,03502fb599d4b513036ade56d0eac06e8cbd5ade6a2adbf028d5e2e588a11bcd
441,302,03502fb599d4b513036ade56d0eac06e8cbd5ade6a2adbf028d5e2e588a11bcd
442,302,03502fb599d4b513036ade56d0eac06e8cbd5ade6a2adbf028d5e2e588a11bcd
443,302,03502fb599d4b513036ade56d0eac06e8cbd5ade6a2adbf028d5e2e588a11bcd
444,302,03502fb599d4b513036ade56d0eac06e8cbd5ade6a2adbf028d5e2e588a11bcd
445,302,03502fb599d4b513036ade56d0eac06e8cbd5ade6a2adbf028d5e2e588a11bcd
446,302,03502fb599d4b513036ade56d0eac06e8cbd5ade6a2adbf028d5e2e588a11bcd
447,302,03502fb599d4b513036ade56d0eac06e8cbd5ade6a2adbf028d5e2e588a11bcd
448,302,03502fb599d4b513036ade56d0eac06e8cbd5ade6a2adbf028d5e2e588a11bcd
449,302,03502fb599d4b513036ade56d0eac06e8cbd5ade6a2adbf028d5e2e588a11bcd
450,302,03502fb599d4b513036ade56d0eac06e8cbd5ade6a2adbf028d5e2e588a11bcd
451,302,03502fb599d4b513036ade56d0eac06e8cbd5ade6a2adbf028d5e2e588a11bcd
452,302,03502fb599d4b513036ade56d0eac06e8cbd5ade6a2adbf028d5e2e588a11bcd
453,302,03502fb599d4b513036ade56d0eac06e8cbd5ade6a2adbf028d5e2e588a11bcd
454,302,03502fb599d4b513036ade56d0eac06e8cbd5ade6a2adbf028d5e2e588a11bcd
455,302,03502fb599d4b513036ade56d0eac06e8cbd5ade6a2adbf028d5e2e588a11bcd
456,302,03502fb599d4b513036ade56d0eac06e8cbd5ade6a2adbf028d5e2e588a11bcd
457,302,03502fb599d4b513036ade56d0eac06e8cbd5ade6a2adbf028d5e2e588a11bcd
458,302,03502fb599d4b513036ade56d0eac06e8cbd5ade6a2adbf028d5e2e588a11bcd
459,302,03502fb599d4b513036ade56d0eac06e8cbd5ade6a2adbf028d5e2e588a11bcd
460,302,03502fb599d4b513036ade56d0eac06e8cbd5ade6a2adbf028d5e2e588a11bcd
461,302,03502fb599d4b513036ade56d0eac06e8cbd5ade6a2adbf028d5e2e588a11bcd
462,302,03502fb599d4b513036ade56d0eac06e8cbd5ade6a2adbf028d5e2e588a11bcd
463,302,03502fb599d4b513036ade56d0eac06e8cbd5ade6a2adbf028d5e2e588a11bcd
464,302,03502fb599d4b513036ade56d0eac06e8cbd5ade6a2adbf028d5e2e588a11bcd
465,302,03502fb599d4b513036ade56d0eac06e8cbd5ade6a2adbf028d5e2e588a11bcd
466,302,03502fb599d4b513036ade56d0eac06e8cbd5ade6a2adbf028d5e2e588a11bcd
467,302,03502fb599d4b513036ade56d0eac06e8cbd5ade6a2adbf028d5e2e588a11bcd
468,302,03502fb599d4b513036ade56d0eac06e8cbd5ade6a2adbf028d5e2e588a11bcd
469,302,03502fb599d4b513036ade56d0eac06e8cbd5ade6a2adbf028d5e2e588a11bcd
470,302,03502fb599d4b513036ade56d0eac06e8cbd5ade6a2adbf028d5e2e588a11bcd
471,302,03502fb599d4b513036ade56d0eac06e8cbd5ade6a2adbf028d5e2e588a11bcd
472,302,03502fb599d4b513036ade56d0eac06e8cbd5ade6a2adbf028d5e2e588a11bcd
473,302,03502fb599d4b513036ade56d0eac06e8cbd5ade6a2adbf028d5e2e588a11bcd
474,302,03502fb599d4b513036ade56d0eac06e8cbd5ade6a2adbf028d5e2e588a11bcd
475,302,03502fb599d4b513036ade56d0eac06e8cbd5ade6a2adbf028d5e2e588a11bcd
476,302,03502fb599d4b513036ade56d0eac06e8cbd5ade6a2adbf028d5e2e588a11bcd
477,302,03502fb599d4b513036ade56d0eac06e8cbd5ade6a2adbf028d5e2e588a11bcd
478,302,03502fb599d4b513036ade56d0eac06e8cbd5ade6a2adbf028d5e2e588a11bcd
479,302,03502fb599d4b513036ade56d0eac06e8cbd5ade6a2adbf028d5e2e588a11bcd
480,302,03502fb599d4b513036ade56d0eac06e8cbd5ade6a2adbf028d5e2e588a11bcd
481,302,03502fb599d4b513036ade56d0eac06e8cbd5ade6a2adbf028d5e2e588a11bcd
482,302,03502fb599d4b513036ade56d0eac06e8cbd5ade6a2adbf028d5e2e588a11bcd
483,302,03502fb599d4b513036ade56d0eac06e8cbd5ade6a2adbf028d5e2e588a11bcd
484,302,03502fb599d4b513036ade56d0eac06e8cbd5ade6a2adbf028d5e2e588a11bcd
485,302,03502fb599d4b513036ade56d0eac06e8cbd5ade6a2adbf028d5e2e588a11bcd
486,302,03502fb599d4b513036ade56d0eac06e8cbd5ade6a2adbf028d5e2e588a11bcd
487,302,03502fb599d4b513036ade56d0eac06e8cbd5ade6a2adbf028d5e2e588a11bcd
488,302,03502fb599d4b513036ade56d0eac06e8cbd5ade6a2adbf028d5e2e588a11bcd
489,302,03502fb599d4b513036ade56d0eac06e8cbd5ade6a2adbf028d5e2e588a11bcd
490,302,03502fb599d4b513036ade56d0eac06e8cbd5ade6a2adbf028d5e2e588a11bcd
491,302,03502fb599d4b513036ade56d0eac06e8cbd5ade6a2adbf028d5e2e588a11bcd
492,302,03502fb599d4b513036ade56d0eac06e8cbd5ade6a2adbf028d5e2e588a11bcd
493,302,03502fb599d4b513036ade56d0eac06e8cbd5ade6a2adbf028d5e2e588a11bcd
494,302,03502fb599d4b513036ade56d0eac06e8cbd5ade6a2adbf028d5e2e588a11bcd
495,302,03502fb599d4b513036ade56d0eac06e8cbd5ade6a2adbf028d5e2e588a11bcd
496,302,03502fb599d4b513036ade56d0eac06e8cbd5ade6a2adbf028d5e2e588a11bcd
497,302,03502fb599d4b513036ade56d0eac06e8cbd5ade6a2adbf028d5e2e588a11bcd
498,302,03502fb599d4b513036ade56d0eac06e8cbd5ade6a2adbf028d5e2e588a11bcd
499,302,03502fb599d4b513036ade56d0eac06e8cbd5ade6a2adbf028d5e2e588a11bcd
500,302,03502fb599d4b513036ade56d0eac06e8cbd5ade6a2adbf028d5e2e588a11bcd
501,302,03502fb599d4b513036ade56d0eac06e8cbd5ade6a2adbf028d5e2e588a11bcd
502,302,03502fb599d4b513036ade56d0eac06e8cbd5ade6a2adbf028d5e2e588a11bcd
503,302,03502fb599d4b513036ade56d0eac06e8cbd5ade6a2adbf028d5e2e588a11bcd
504,302,03502fb599d4b513036ade56d0eac06e8cbd5ade6a2adbf028d5e2e588a11bcd
505,302,03502fb599d4b513036ade56d0eac06e8cbd5ade6a2adbf028d5e2e588a11bcd
506,302,03502fb599d4b513036ade56d0eac06e8cbd5ade6a2adbf028d5e2e588a11bcd
507,302,03502fb599d4b513036ade56d0eac06e8cbd5ade6a2adbf028d5e2e588a11bcd
508,302,03502fb599d4b513036ade56d0eac06e8cbd5ade6a2adbf028d5e2e588a11bcd
509,302,03502fb599d4b513036ade56d0eac06e8cbd5ade6a2adbf028d5e2e588a11bcd
510,302,03502fb599d4b513036ade56d0eac06e8cbd5ade6a2adbf028d5e2e588a11bcd
511,302,03502fb599d4b513036ade56d0eac06e8cbd5ade6a2adbf028d5e2e588a11bcd
512,302,03502fb599d4b513036ade56d0eac06e8cbd5ade6a2adbf028d5e2e588a11bcd
513,302,03502fb599d4b513036ade56d0eac06e8cbd5ade6a2adbf028d5e2e588a11bcd
514,302,03502fb599d4b513036ade56d0eac06e8cbd5ade6a2adbf028d5e2e588a11bcd
515,302,03502fb599d4b513036ade56d0eac06e8cbd5ade6a2adbf028d5e2e588a11bcd
516,302,03502fb599d4b513036ade56d0eac06e8cbd5ade6a2adbf028d5e2e588a11bcd
517,302,03502fb599d4b513036ade56d0eac06e8cbd5ade6a2adbf028d5e2e588a11bcd
518,302,03502fb599d4b513036ade56d0eac06e8cbd5ade6a2adbf028d5e2e588a11bcd
519,302,03502fb599d4b513036ade56d0eac06e8cbd5ade6a2adbf028d5e2e588a11bcd
520,302,03502fb599d4b513036ade56d0eac06e8cbd5ade6a2adbf028d5e2e588a11bcd
521,302,03502fb599d4b513036ade56d0eac06e8cbd5ade6a2adbf028d5e2e588a11bcd
522,302,03502fb599d4b513036ade56d0eac06e8cbd5ade6a2adbf028d5e2e588a11bcd
523,302,03502fb599d4b513036ade56d0eac06e8cbd5ade6a2adbf028d5e2e588a11bcd
524,302,03502fb599d4b513036ade56d0eac06e8cbd5ade6a2adbf028d5e2e588a11bcd
525,302,03502fb599d4b513036ade56d0eac06e8cbd5ade6a2adbf028d5e2e588a11bcd
526,302,03502fb599d4b513036ade56d0eac06e8cbd5ade6a2adbf028d5e2e588a11bcd
527,302,03502fb599d4b513036ade56d0eac06e8cbd5ade6a2adbf028d5e2e588a11bcd
528,302,03502fb599d4b513036ade56d0eac06e8cbd5ade6a2adbf028d5e2e588a11bcd
529,302,03502fb599d4b513036ade56d0eac06e8cbd5ade6a2adbf028d5e2e588a11bcd
530,302,03502fb599d4b513036ade56d0eac06e8cbd5ade6a2adbf028d5e2e588a11bcd
531,302,03502fb599d4b513036ade56d0eac06e8cbd5ade6a2adbf028d5e2e588a11bcd
532,302,03502fb599d4b513036ade56d0eac06e8cbd5ade6a2adbf028d5e2e588a11bcd
533,302,03502fb599d4b513036ade56d0eac06e8cbd5ade6a2adbf028d5e2e588a11bcd
534,302,03502fb599d4b513036ade56d0eac06e8cbd5ade6a2adbf028d5e2e588a11bcd
535,302,03502fb599d4b513036ade56d0eac06e8cbd5ade6a2adbf028d5e2e588a11bcd
536,302,03502fb599d4b513036ade56d0eac06e8cbd5ade6a2adbf028d5e2e588a11bcd
537,302,03502fb599d4b513036ade56d0eac06e8cbd5ade6a2adbf028d5e2e588a11bcd
538,302,03502fb599d4b513036ade56d0eac06e8cbd5ade6a2adbf028d5e2e588a11bcd
539,302,03502fb599d4b513036ade56d0eac06e8cbd5ade6a2adbf028d5e2e588a11bcd
540,302,03502fb599d4b513036ade56d0eac06e8cbd5ade6a2adbf028d5e2e588a11bcd
541,302,03502fb599d4b513036ade56d0eac06e8cbd5ade6a2adbf028d5e2e588a11bcd
542,302,03502fb599d4b513036ade56d0eac06e8cbd5ade6a2adbf028d5e2e588a11bcd
543,302,03502fb599d4b513036ade56d0eac06e8cbd5ade6a2adbf028d5e2e588a11bcd
544,302,03502fb599d4b513036ade56d0eac06e8cbd5ade6a2adbf028d5e2e588a11bcd
545,302,03502fb599d4b513036ade56d0eac06e8cbd5ade6a2adbf028d5e2e588a11bcd
546,302,03502fb599d4b513036ade56d0eac06e8cbd5ade6a2adbf028d5e2e588a11bcd
547,302,03502fb599d4b513036ade56d0eac06e8cbd5ade6a2adbf028d5e2e588a11bcd
548,302,03502fb599d4b513036ade56d0eac06e8cbd5ade6a2adbf028d5e2e588a11bcd
549,302,03502fb599d4b513036ade56d0eac06e8cbd5ade6a2adbf028d5e2e588a11bcd
550,302,03502fb599d4b513036ade56d0eac06e8cbd5ade6a2adbf028d5e2e588a11bcd
551,302,03502fb599d4b513036ade56d0eac06e8cbd5ade6a2adbf028d5e2e588a11bcd
552,302,03502fb599d4b513036ade56d0eac06e8cbd5ade6a2adbf028d5e2e588a11bcd
553,302,03502fb599d4b513036ade56d0eac06e8cbd5ade6a2adbf028d5e2e588a11bcd
554,302,03502fb599d4b513036ade56d0eac06e8cbd5ade6a2adbf028d5e2e588a11bcd
555,302,03502fb599d4b513036ade56d0eac06e8cbd5ade6a2adbf028d5e2e588a11bcd
556,302,03502fb599d4b513036ade56d0eac06e8cbd5ade6a2adbf028d5e2e588a11bcd
557,302,03502fb599d4b513036ade56d0eac06e8cbd5ade6a2adbf028d5e2e588a11bcd
558,302,03502fb599d4b513036ade56d0eac06e8cbd5ade6a2adbf028d5e2e588a11bcd
559,302,03502fb599d4b513036ade56d0eac06e8cbd5ade6a2adbf028d5e2e588a11bcd
560,302,03502fb599d4b513036ade56d0eac06e8cbd5ade6a2adbf028d5e2e588a11bcd
561,302,03502fb599d4b513036ade56d0eac06e8cbd5ade6a2adbf028d5e2e588a11bcd
244,303,03502fb599d4b513036ade56d0eac06e8cbd5ade6a2adbf028d5e2e588a11bcd
271,303,03502fb599d4b513036ade56d0eac06e8cbd5ade6a2adbf028d5e2e588a11bcd
349,303,03502fb599d4b513036ade56d0eac06e8cbd5ade6a2adbf028d5e2e588a11bcd
350,303,03502fb599d4b513036ade56d0eac06e8cbd5ade6a2adbf028d5e2e588a11bcd
351,303,03502fb599d4b513036ade56d0eac06e8cbd5ade6a2adbf028d5e2e588a11bcd
352,303,03502fb599d4b513036ade56d0eac06e8cbd5ade6a2adbf028d5e2e588a11bcd
353,303,03502fb599d4b513036ade56d0eac06e8cbd5ade6a2adbf028d5e2e588a11bcd
354,303,03502fb599d4b513036ade56d0eac06e8cbd5ade6a2adbf028d5e2e588a11bcd
355,303,03502fb599d4b513036ade56d0eac06e8cbd5ade6a2adbf028d5e2e588a11bcd
356,303,03502fb599d4b513036ade56d0eac06e8cbd5ade6a2adbf028d5e2e588a11bcd
357,303,03502fb599d4b513036ade56d0eac06e8cbd5ade6a2adbf028d5e2e588a11bcd
358,303,03502fb599d4b513036ade56d0eac06e8cbd5ade6a2adbf028d5e2e588a11bcd
359,303,03502fb599d4b513036ade56d0eac06e8cbd5ade6a2adbf028d5e2e588a11bcd
360,303,03502fb599d4b513036ade56d0eac06e8cbd5ade6a2adbf028d5e2e588a11bcd
361,303,03502fb599d4b513036ade56d0eac06e8cbd5ade6a2adbf028d5e2e588a11bcd
362,303,03502fb599d4b513036ade56d0eac06e8cbd5ade6a2adbf028d5e2e588a11bcd
363,303,03502fb599d4b513036ade56d0eac06e8cbd5ade6a2adbf028d5e2e588a11bcd
364,303,03502fb599d4b513036ade56d0eac06e8cbd5ade6a2adbf028d5e2e588a11bcd
365,303,03502fb599d4b513036ade56d0eac06e8cbd5ade6a2adbf028d5e2e588a11bcd
366,303,03502fb599d4b513036ade56d0eac06e8cbd5ade6a2adbf028d5e2e588a11bcd
415,303,03502fb599d4b513036ade56d0eac06e8cbd5ade6a2adbf028d5e2e588a11bcd
491,303,03502fb599d4b513036ade56d0eac06e8cbd5ade6a2adbf028d5e2e588a11bcd
532,303,03502fb599d4b513036ade56d0eac06e8cbd5ade6a2adbf028d5e2e588a11bcd
533,303,03502fb599d4b513036ade56d0eac06e8cbd5ade6a2adbf028d5e2e588a11bcd
534,303,03502fb599d4b513036ade56d0eac06e8cbd5ade6a2adbf028d5e2e588a11bcd
535,303,03502fb599d4b513036ade56d0eac06e8cbd5ade6a2adbf028d5e2e588a11bcd
536,303,03502fb599d4b513036ade56d0eac06e8cbd5ade6a2adbf028d5e2e588a11bcd
537,303,03502fb599d4b513036ade56d0eac06e8cbd5ade6a2adbf028d5e2e588a11bcd
538,303,03502fb599d4b513036ade56d0eac06e8cbd5ade6a2adbf028d5e2e588a11bcd
539,303,03502fb599d4b513036ade56d0eac06e8cbd5ade6a2adbf028d5e2e588a11bcd
540,303,03502fb599d4b513036ade56d0eac06e8cbd5ade6a2adbf028d5e2e588a11bcd
541,303,03502fb599d4b513036ade56d0eac06e8cbd5ade6a2adbf028d5e2e588a11bcd
542,303,03502fb599d4b513036ade56d0eac06e8cbd5ade6a2adbf028d5e2e588a11bcd
543,303,03502fb599d4b513036ade56d0eac06e8cbd5ade6a2adbf028d5e2e588a11bcd
544,303,03502fb599d4b513036ade56d0eac06e8cbd5ade6a2adbf028d5e2e588a11bcd
545,303,03502fb599d4b513036ade56d0eac06e8cbd5ade6a2adbf028d5e2e588a11bcd
546,303,03502fb599d4b513036ade56d0eac06e8cbd5ade6a2adbf028d5e2e588a11bcd
547,303,03502fb599d4b513036ade56d0eac06e8cbd5ade6a2adbf028d5e2e588a11bcd
548,303,03502fb599d4b513036ade56d0eac06e8cbd5ade6a2adbf028d5e2e588a11bcd
549,303,03502fb599d4b513036ade56d0eac06e8cbd5ade6a2adbf028d5e2e588a11bcd
550,303,03502fb599d4b513036ade56d0eac06e8cbd5ade6a2adbf028d5e2e588a11bcd
551,303,03502fb599d4b513036ade56d0eac06e8cbd5ade6a2adbf028d5e2e588a11bcd
552,303,03502fb599d4b513036ade56d0eac06e8cbd5ade6a2adbf028d5e2e588a11bcd
553,303,03502fb599d4b513036ade56d0eac06e8cbd5ade6a2adbf028d5e2e588a11bcd
554,303,03502fb599d4b513036ade56d0eac06e8cbd5ade6a2adbf028d5e2e588a11bcd
555,303,03502fb599d4b513036ade56d0eac06e8cbd5ade6a2adbf028d5e2e588a11bcd
556,303,03502fb599d4b513036ade56d0eac06e8cbd5ade6a2adbf028d5e2e588a11bcd
557,303,03502fb599d4b513036ade56d0eac06e8cbd5ade6a2adbf028d5e2e588a11bcd
558,303,03502fb599d4b513036ade56d0eac06e8cbd5ade6a2adbf028d5e2e588a11bcd
559,303,03502fb599d4b513036ade56d0eac06e8cbd5ade6a2adbf028d5e2e588a11bcd
560,303,03502fb599d4b513036ade56d0eac06e8cbd5ade6a2adbf028d5e2e588a11bcd
561,303,03502fb599d4b513036ade56d0eac06e8cbd5ade6a2adbf028d5e2e588a11bcd
244,304,03502fb599d4b513036ade56d0eac06e8cbd5ade6a2adbf028d5e2e588a11bcd
271,304,03502fb599d4b513036ade56d0eac06e8cbd5ade6a2adbf028d5e2e588a11bcd
415,304,03502fb599d4b513036ade56d0eac06e8cbd5ade6a2adbf028d5e2e588a11bcd
491,304,03502fb599d4b513036ade56d0eac06e8cbd5ade6a2adbf028d5e2e588a11bcd
532,304,03502fb599d4b513036ade56d0eac06e8cbd5ade6a2adbf028d5e2e588a11bcd
533,304,03502fb599d4b513036ade56d0eac06e8cbd5ade6a2adbf028d5e2e588a11bcd
534,304,03502fb599d4b513036ade56d0eac06e8cbd5ade6a2adbf028d5e2e588a11bcd
535,304,03502fb599d4b513036ade56d0eac06e8cbd5ade6a2adbf028d5e2e588a11bcd
536,304,03502fb599d4b513036ade56d0eac06e8cbd5ade6a2adbf028d5e2e588a11bcd
537,304,03502fb599d4b513036ade56d0eac06e8cbd5ade6a2adbf028d5e2e588a11bcd
538,304,03502fb599d4b513036ade56d0eac06e8cbd5ade6a2adbf028d5e2e588a11bcd
539,304,03502fb599d4b513036ade56d0eac06e8cbd5ade6a2adbf028d5e2e588a11bcd
540,304,03502fb599d4b513036ade56d0eac06e8cbd5ade6a2adbf028d5e2e588a11bcd
541,304,03502fb599d4b513036ade56d0eac06e8cbd5ade6a2adbf028d5e2e588a11bcd
542,304,03502fb599d4b513036ade56d0eac06e8cbd5ade6a2adbf028d5e2e588a11bcd
543,304,03502fb599d4b513036ade56d0eac06e8cbd5ade6a2adbf028d5e2e588a11bcd
544,304,03502fb599d4b513036ade56d0eac06e8cbd5ade6a2adbf028d5e2e588a11bcd
545,304,03502fb599d4b513036ade56d0eac06e8cbd5ade6a2adbf028d5e2e588a11bcd
546,304,03502fb599d4b513036ade56d0eac06e8cbd5ade6a2adbf028d5e2e588a11bcd
547,304,03502fb599d4b513036ade56d0eac06e8cbd5ade6a2adbf028d5e2e588a11bcd
548,304,03502fb599d4b513036ade56d0eac06e8cbd5ade6a2adbf028d5e2e588a11bcd
549,304,03502fb599d4b513036ade56d0eac06e8cbd5ade6a2adbf028d5e2e588a11bcd
550,304,03502fb599d4b513036ade56d0eac06e8cbd5ade6a2adbf028d5e2e588a11bcd
551,304,03502fb599d4b513036ade56d0eac06e8cbd5ade6a2adbf028d5e2e588a11bcd
552,304,03502fb599d4b513036ade56d0eac06e8cbd5ade6a2adbf028d5e2e588a11bcd
553,304,03502fb599d4b513036ade56d0eac06e8cbd5ade6a2adbf028d5e2e588a11bcd
554,304,03502fb599d4b513036ade56d0eac06e8cbd5ade6a2adbf028d5e2e588a11bcd
555,304,03502fb599d4b513036ade56d0eac06e8cbd5ade6a2adbf028d5e2e588a11bcd
556,304,03502fb599d4b513036ade56d0eac06e8cbd5ade6a2adbf028d5e2e588a11bcd
557,304,03502fb599d4b513036ade56d0eac06e8cbd5ade6a2adbf028d5e2e588a11bcd
558,304,03502fb599d4b513036ade56d0eac06e8cbd5ade6a2adbf028d5e2e588a11bcd
559,304,03502fb599d4b513036ade56d0eac06e8cbd5ade6a2adbf028d5e2e588a11bcd
560,304,03502fb599d4b513036ade56d0eac06e8cbd5ade6a2adbf028d5e2e588a11bcd
561,304,03502fb599d4b513036ade56d0eac06e8cbd5ade6a2adbf028d5e2e588a11bcd
244,305,03502fb599d4b513036ade56d0eac06e8cbd5ade6a2adbf028d5e2e588a11bcd
271,305,03502fb599d4b513036ade56d0eac06e8cbd5ade6a2adbf028d5e2e588a11bcd
415,305,03502fb599d4b513036ade56d0eac06e8cbd5ade6a2adbf028d5e2e588a11bcd
491,305,03502fb599d4b513036ade56d0eac06e8cbd5ade6a2adbf028d5e2e588a11bcd
532,305,03502fb599d4b513036ade56d0eac06e8cbd5ade6a2adbf028d5e2e588a11bcd
533,305,03502fb599d4b513036ade56d0eac06e8cbd5ade6a2adbf028d5e2e588a11bcd
534,305,03502fb599d4b513036ade56d0eac06e8cbd5ade6a2adbf028d5e2e588a11bcd
535,305,03502fb599d4b513036ade56d0eac06e8cbd5ade6a2adbf028d5e2e588a11bcd
536,305,03502fb599d4b513036ade56d0eac06e8cbd5ade6a2adbf028d5e2e588a11bcd
537,305,03502fb599d4b513036ade56d0eac06e8cbd5ade6a2adbf028d5e2e588a11bcd
538,305,03502fb599d4b513036ade56d0eac06e8cbd5ade6a2adbf028d5e2e588a11bcd
539,305,03502fb599d4b513036ade56d0eac06e8cbd5ade6a2adbf028d5e2e588a11bcd
540,305,03502fb599d4b513036ade56d0eac06e8cbd5ade6a2adbf028d5e2e588a11bcd
541,305,03502fb599d4b513036ade56d0eac06e8cbd5ade6a2adbf028d5e2e588a11bcd
542,305,03502fb599d4b513036ade56d0eac06e8cbd5ade6a2adbf028d5e2e588a11bcd
543,305,03502fb599d4b513036ade56d0eac06e8cbd5ade6a2adbf028d5e2e588a11bcd
544,305,03502fb599d4b513036ade56d0eac06e8cbd5ade6a2adbf028d5e2e588a11bcd
545,305,03502fb599d4b513036ade56d0eac06e8cbd5ade6a2adbf028d5e2e588a11bcd
546,305,03502fb599d4b513036ade56d0eac06e8cbd5ade6a2adbf028d5e2e588a11bcd
547,305,03502fb599d4b513036ade56d0eac06e8cbd5ade6a2adbf028d5e2e588a11bcd
548,305,03502fb599d4b513036ade56d0eac06e8cbd5ade6a2adbf028d5e2e588a11bcd
549,305,03502fb599d4b513036ade56d0eac06e8cbd5ade6a2adbf028d5e2e588a11bcd
550,305,03502fb599d4b513036ade56d0eac06e8cbd5ade6a2adbf028d5e2e588a11bcd
551,305,03502fb599d4b513036ade56d0eac06e8cbd5ade6a2adbf028d5e2e588a11bcd
552,305,03502fb599d4b513036ade56d0eac06e8cbd5ade6a2adbf028d5e2e588a11bcd
553,305,03502fb599d4b513036ade56d0eac06e8cbd5ade6a2adbf028d5e2e588a11bcd
554,305,03502fb599d4b513036ade56d0eac06e8cbd5ade6a2adbf028d5e2e588a11bcd
555,305,03502fb599d4b513036ade56d0eac06e8cbd5ade6a2adbf028d5e2e588a11bcd
556,305,03502fb599d4b513036ade56d0eac06e8cbd5ade6a2adbf028d5e2e588a11bcd
557,305,03502fb599d4b513036ade56d0eac06e8cbd5ade6a2adbf028d5e2e588a11bcd
558,305,03502fb599d4b513036ade56d0eac06e8cbd5ade6a2adbf028d5e2e588a11bcd
559,305,03502fb599d4b513036ade56d0eac06e8cbd5ade6a2adbf028d5e2e588a11bcd
560,305,03502fb599d4b513036ade56d0eac06e8cbd5ade6a2adbf028d5e2e588a11bcd
561,305,03502fb599d4b513036ade56d0eac06e8cbd5ade6a2adbf028d5e2e588a11bcd
244,306,03502fb599d4b513036ade56d0eac06e8cbd5ade6a2adbf028d5e2e588a11bcd
271,306,03502fb599d4b513036ade56d0eac06e8cbd5ade6a2adbf028d5e2e588a11bcd
415,306,03502fb599d4b513036ade56d0eac06e8cbd5ade6a2adbf028d5e2e588a11bcd
491,306,03502fb599d4b513036ade56d0eac06e8cbd5ade6a2adbf028d5e2e588a11bcd
532,306,03502fb599d4b513036ade56d0eac06e8cbd5ade6a2adbf028d5e2e588a11bcd
533,306,03502fb599d4b513036ade56d0eac06e8cbd5ade6a2adbf028d5e2e588a11bcd
534,306,03502fb599d4b513036ade56d0eac06e8cbd5ade6a2adbf028d5e2e588a11bcd
535,306,03502fb599d4b513036ade56d0eac06e8cbd5ade6a2adbf028d5e2e588a11bcd
536,306,03502fb599d4b513036ade56d0eac06e8cbd5ade6a2adbf028d5e2e588a11bcd
537,306,03502fb599d4b513036ade56d0eac06e8cbd5ade6a2adbf028d5e2e588a11bcd
538,306,03502fb599d4b513036ade56d0eac06e8cbd5ade6a2adbf028d5e2e588a11bcd
539,306,03502fb599d4b513036ade56d0eac06e8cbd5ade6a2adbf028d5e2e588a11bcd
540,306,03502fb599d4b513036ade56d0eac06e8cbd5ade6a2adbf028d5e2e588a11bcd
541,306,03502fb599d4b513036ade56d0eac06e8cbd5ade6a2adbf028d5e2e588a11bcd
542,306,03502fb599d4b513036ade56d0eac06e8cbd5ade6a2adbf028d5e2e588a11bcd
543,306,03502fb599d4b513036ade56d0eac06e8cbd5ade6a2adbf028d5e2e588a11bcd
544,306,03502fb599d4b513036ade56d0eac06e8cbd5ade6a2adbf028d5e2e588a11bcd
545,306,03502fb599d4b513036ade56d0eac06e8cbd5ade6a2adbf028d5e2e588a11bcd
546,306,03502fb599d4b513036ade56d0eac06e8cbd5ade6a2adbf028d5e2e588a11bcd
547,306,03502fb599d4b513036ade56d0eac06e8cbd5ade6a2adbf028d5e2e588a11bcd
548,306,03502fb599d4b513036ade56d0eac06e8cbd5ade6a2adbf028d5e2e588a11bcd
549,306,03502fb599d4b513036ade56d0eac06e8cbd5ade6a2adbf028d5e2e588a11bcd
550,306,03502fb599d4b513036ade56d0eac06e8cbd5ade6a2adbf028d5e2e588a11bcd
551,306,03502fb599d4b513036ade56d0eac06e8cbd5ade6a2adbf028d5e2e588a11bcd
552,306,03502fb599d4b513036ade56d0eac06e8cbd5ade6a2adbf028d5e2e588a11bcd
553,306,03502fb599d4b513036ade56d0eac06e8cbd5ade6a2adbf028d5e2e588a11bcd
554,306,03502fb599d4b513036ade56d0eac06e8cbd5ade6a2adbf028d5e2e588a11bcd
555,306,03502fb599d4b513036ade56d0eac06e8cbd5ade6a2adbf028d5e2e588a11bcd
556,306,03502fb599d4b513036ade56d0eac06e8cbd5ade6a2adbf028d5e2e588a11bcd
557,306,03502fb599d4b513036ade56d0eac06e8cbd5ade6a2adbf028d5e2e588a11bcd
558,306,03502fb599d4b513036ade56d0eac06e8cbd5ade6a2adbf028d5e2e588a11bcd
559,306,03502fb599d4b513036ade56d0eac06e8cbd5ade6a2adbf028d5e2e588a11bcd
560,306,03502fb599d4b513036ade56d0eac06e8cbd5ade6a2adbf028d5e2e588a11bcd
561,306,03502fb599d4b513036ade56d0eac06e8cbd5ade6a2adbf028d5e2e588a11bcd
244,307,03502fb599d4b513036ade56d0eac06e8cbd5ade6a2adbf028d5e2e588a11bcd
271,307,03502fb599d4b513036ade56d0eac06e8cbd5ade6a2adbf028d5e2e588a11bcd
415,307,03502fb599d4b513036ade56d0eac06e8cbd5ade6a2adbf028d5e2e588a11bcd
491,307,03502fb599d4b513036ade56d0eac06e8cbd5ade6a2adbf028d5e2e588a11bcd
532,307,03502fb599d4b513036ade56d0eac06e8cbd5ade6a2adbf028d5e2e588a11bcd
533,307,03502fb599d4b513036ade56d0eac06e8cbd5ade6a2adbf028d5e2e588a11bcd
534,307,03502fb599d4b513036ade56d0eac06e8cbd5ade6a2adbf028d5e2e588a11bcd
535,307,03502fb599d4b513036ade56d0eac06e8cbd5ade6a2adbf028d5e2e588a11bcd
536,307,03502fb599d4b513036ade56d0eac06e8cbd5ade6a2adbf028d5e2e588a11bcd
537,307,03502fb599d4b513036ade56d0eac06e8cbd5ade6a2adbf028d5e2e588a11bcd
538,307,03502fb599d4b513036ade56d0eac06e8cbd5ade6a2adbf028d5e2e588a11bcd
539,307,03502fb599d4b513036ade56d0eac06e8cbd5ade6a2adbf028d5e2e588a11bcd
540,307,03502fb599d4b513036ade56d0eac06e8cbd5ade6a2adbf028d5e2e588a11bcd
541,307,03502fb599d4b513036ade56d0eac06e8cbd5ade6a2adbf028d5e2e588a11bcd
542,307,03502fb599d4b513036ade56d0eac06e8cbd5ade6a2adbf028d5e2e588a11bcd
543,307,03502fb599d4b513036ade56d0eac06e8cbd5ade6a2adbf028d5e2e588a11bcd
544,307,03502fb599d4b513036ade56d0eac06e8cbd5ade6a2adbf028d5e2e588a11bcd
545,307,03502fb599d4b513036ade56d0eac06e8cbd5ade6a2adbf028d5e2e588a11bcd
546,307,03502fb599d4b513036ade56d0eac06e8cbd5ade6a2adbf028d5e2e588a11bcd
547,307,03502fb599d4b513036ade56d0eac06e8cbd5ade6a2adbf028d5e2e588a11bcd
548,307,03502fb599d4b513036ade56d0eac06e8cbd5ade6a2adbf028d5e2e588a11bcd
549,307,03502fb599d4b513036ade56d0eac06e8cbd5ade6a2adbf028d5e2e588a11bcd
550,307,03502fb599d4b513036ade56d0eac06e8cbd5ade6a2adbf028d5e2e588a11bcd
551,307,03502fb599d4b513036ade56d0eac06e8cbd5ade6a2adbf028d5e2e588a11bcd
552,307,03502fb599d4b513036ade56d0eac06e8cbd5ade6a2adbf028d5e2e588a11bcd
553,307,03502fb599d4b513036ade56d0eac06e8cbd5ade6a2adbf028d5e2e588a11bcd
554,307,03502fb599d4b513036ade56d0eac06e8cbd5ade6a2adbf028d5e2e588a11bcd
555,307,03502fb599d4b513036ade56d0eac06e8cbd5ade6a2adbf028d5e2e588a11bcd
556,307,03502fb599d4b513036ade56d0eac06e8cbd5ade6a2adbf028d5e2e588a11bcd
557,307,03502fb599d4b513036ade56d0eac06e8cbd5ade6a2adbf028d5e2e588a11bcd
558,307,03502fb599d4b513036ade56d0eac06e8cbd5ade6a2adbf028d5e2e588a11bcd
559,307,03502fb599d4b513036ade56d0eac06e8cbd5ade6a2adbf028d5e2e588a11bcd
560,307,03502fb599d4b513036ade56d0eac06e8cbd5ade6a2adbf028d5e2e588a11bcd
561,307,03502fb599d4b513036ade56d0eac06e8cbd5ade6a2adbf028d5e2e588a11bcd
244,308,03502fb599d4b513036ade56d0eac06e8cbd5ade6a2adbf028d5e2e588a11bcd
271,308,03502fb599d4b513036ade56d0eac06e8cbd5ade6a2adbf028d5e2e588a11bcd
415,308,03502fb599d4b513036ade56d0eac06e8cbd5ade6a2adbf028d5e2e588a11bcd
491,308,03502fb599d4b513036ade56d0eac06e8cbd5ade6a2adbf028d5e2e588a11bcd
532,308,03502fb599d4b513036ade56d0eac06e8cbd5ade6a2adbf028d5e2e588a11bcd
533,308,03502fb599d4b513036ade56d0eac06e8cbd5ade6a2adbf028d5e2e588a11bcd
534,308,03502fb599d4b513036ade56d0eac06e8cbd5ade6a2adbf028d5e2e588a11bcd
535,308,03502fb599d4b513036ade56d0eac06e8cbd5ade6a2adbf028d5e2e588a11bcd
536,308,03502fb599d4b513036ade56d0eac06e8cbd5ade6a2adbf028d5e2e588a11bcd
537,308,03502fb599d4b513036ade56d0eac06e8cbd5ade6a2adbf028d5e2e588a11bcd
538,308,03502fb599d4b513036ade56d0eac06e8cbd5ade6a2adbf028d5e2e588a11bcd
539,308,03502fb599d4b513036ade56d0eac06e8cbd5ade6a2adbf028d5e2e588a11bcd
540,308,03502fb599d4b513036ade56d0eac06e8cbd5ade6a2adbf028d5e2e588a11bcd
541,308,03502fb599d4b513036ade56d0eac06e8cbd5ade6a2adbf028d5e2e588a11bcd
542,308,03502fb599d4b513036ade56d0eac06e8cbd5ade6a2adbf028d5e2e588a11bcd
543,308,03502fb599d4b513036ade56d0eac06e8cbd5ade6a2adbf028d5e2e588a11bcd
544,308,03502fb599d4b513036ade56d0eac06e8cbd5ade6a2adbf028d5e2e588a11bcd
545,308,03502fb599d4b513036ade56d0eac06e8cbd5ade6a2adbf028d5e2e588a11bcd
546,308,03502fb599d4b513036ade56d0eac06e8cbd5ade6a2adbf028d5e2e588a11bcd
547,308,03502fb599d4b513036ade56d0eac06e8cbd5ade6a2adbf028d5e2e588a11bcd
548,308,03502fb599d4b513036ade56d0eac06e8cbd5ade6a2adbf028d5e2e588a11bcd
549,308,03502fb599d4b513036ade56d0eac06e8cbd5ade6a2adbf028d5e2e588a11bcd
550,308,03502fb599d4b513036ade56d0eac06e8cbd5ade6a2adbf028d5e2e588a11bcd
551,308,03502fb599d4b513036ade56d0eac06e8cbd5ade6a2adbf028d5e2e588a11bcd
552,308,03502fb599d4b513036ade56d0eac06e8cbd5ade6a2adbf028d5e2e588a11bcd
553,308,03502fb599d4b513036ade56d0eac06e8cbd5ade6a2adbf028d5e2e588a11bcd
554,308,03502fb599d4b513036ade56d0eac06e8cbd5ade6a2adbf028d5e2e588a11bcd
555,308,03502fb599d4b513036ade56d0eac06e8cbd5ade6a2adbf028d5e2e588a11bcd
556,308,03502fb599d4b513036ade56d0eac06e8cbd5ade6a2adbf028d5e2e588a11bcd
557,308,03502fb599d4b513036ade56d0eac06e8cbd5ade6a2adbf028d5e2e588a11bcd
558,308,03502fb599d4b513036ade56d0eac06e8cbd5ade6a2adbf028d5e2e588a11bcd
559,308,03502fb599d4b513036ade56d0eac06e8cbd5ade6a2adbf028d5e2e588a11bcd
560,308,03502fb599d4b513036ade56d0eac06e8cbd5ade6a2adbf028d5e2e588a11bcd
561,308,03502fb599d4b513036ade56d0eac06e8cbd5ade6a2adbf028d5e2e588a11bcd
244,309,03502fb599d4b513036ade56d0eac06e8cbd5ade6a2adbf028d5e2e588a11bcd
271,309,03502fb599d4b513036ade56d0eac06e8cbd5ade6a2adbf028d5e2e588a11bcd
415,309,03502fb599d4b513036ade56d0eac06e8cbd5ade6a2adbf028d5e2e588a11bcd
491,309,03502fb599d4b513036ade56d0eac06e8cbd5ade6a2adbf028d5e2e588a11bcd
532,309,03502fb599d4b513036ade56d0eac06e8cbd5ade6a2adbf028d5e2e588a11bcd
533,309,03502fb599d4b513036ade56d0eac06e8cbd5ade6a2adbf028d5e2e588a11bcd
534,309,03502fb599d4b513036ade56d0eac06e8cbd5ade6a2adbf028d5e2e588a11bcd
535,309,03502fb599d4b513036ade56d0eac06e8cbd5ade6a2adbf028d5e2e588a11bcd
536,309,03502fb599d4b513036ade56d0eac06e8cbd5ade6a2adbf028d5e2e588a11bcd
537,309,03502fb599d4b513036ade56d0eac06e8cbd5ade6a2adbf028d5e2e588a11bcd
538,309,03502fb599d4b513036ade56d0eac06e8cbd5ade6a2adbf028d5e2e588a11bcd
539,309,03502fb599d4b513036ade56d0eac06e8cbd5ade6a2adbf028d5e2e588a11bcd
540,309,03502fb599d4b513036ade56d0eac06e8cbd5ade6a2adbf028d5e2e588a11bcd
541,309,03502fb599d4b513036ade56d0eac06e8cbd5ade6a2adbf028d5e2e588a11bcd
542,309,03502fb599d4b513036ade56d0eac06e8cbd5ade6a2adbf028d5e2e588a11bcd
543,309,03502fb599d4b513036ade56d0eac06e8cbd5ade6a2adbf028d5e2e588a11bcd
544,309,03502fb599d4b513036ade56d0eac06e8cbd5ade6a2adbf028d5e2e588a11bcd
545,309,03502fb599d4b513036ade56d0eac06e8cbd5ade6a2adbf028d5e2e588a11bcd
546,309,03502fb599d4b513036ade56d0eac06e8cbd5ade6a2adbf028d5e2e588a11bcd
547,309,03502fb599d4b513036ade56d0eac06e8cbd5ade6a2adbf028d5e2e588a11bcd
548,309,03502fb599d4b513036ade56d0eac06e8cbd5ade6a2adbf028d5e2e588a11bcd
549,309,03502fb599d4b513036ade56d0eac06e8cbd5ade6a2adbf028d5e2e588a11bcd
550,309,03502fb599d4b513036ade56d0eac06e8cbd5ade6a2adbf028d5e2e588a11bcd
551,309,03502fb599d4b513036ade56d0eac06e8cbd5ade6a2adbf028d5e2e588a11bcd
552,309,03502fb599d4b513036ade56d0eac06e8cbd5ade6a2adbf028d5e2e588a11bcd
553,309,03502fb599d4b513036ade56d0eac06e8cbd5ade6a2adbf028d5e2e588a11bcd
554,309,03502fb599d4b513036ade56d0eac06e8cbd5ade6a2adbf028d5e2e588a11bcd
555,309,03502fb599d4b513036ade56d0eac06e8cbd5ade6a2adbf028d5e2e588a11bcd
556,309,03502fb599d4b513036ade56d0eac06e8cbd5ade6a2adbf028d5e2e588a11bcd
557,309,03502fb599d4b513036ade56d0eac06e8cbd5ade6a2adbf028d5e2e588a11bcd
558,309,03502fb599d4b513036ade56d0eac06e8cbd5ade6a2adbf028d5e2e588a11bcd
559,309,03502fb599d4b513036ade56d0eac06e8cbd5ade6a2adbf028d5e2e588a11bcd
560,309,03502fb599d4b513036ade56d0eac06e8cbd5ade6a2adbf028d5e2e588a11bcd
561,309,03502fb599d4b513036ade56d0eac06e8cbd5ade6a2adbf028d5e2e588a11bcd
244,310,03502fb599d4b513036ade56d0eac06e8cbd5ade6a2adbf028d5e2e588a11bcd
271,310,03502fb599d4b513036ade56d0eac06e8cbd5ade6a2adbf028d5e2e588a11bcd
415,310,03502fb599d4b513036ade56d0eac06e8cbd5ade6a2adbf028d5e2e588a11bcd
491,310,03502fb599d4b513036ade56d0eac06e8cbd5ade6a2adbf028d5e2e588a11bcd
532,310,03502fb599d4b513036ade56d0eac06e8cbd5ade6a2adbf028d5e2e588a11bcd
533,310,03502fb599d4b513036ade56d0eac06e8cbd5ade6a2adbf028d5e2e588a11bcd
534,310,03502fb599d4b513036ade56d0eac06e8cbd5ade6a2adbf028d5e2e588a11bcd
535,310,03502fb599d4b513036ade56d0eac06e8cbd5ade6a2adbf028d5e2e588a11bcd
536,310,03502fb599d4b513036ade56d0eac06e8cbd5ade6a2adbf028d5e2e588a11bcd
537,310,03502fb599d4b513036ade56d0eac06e8cbd5ade6a2adbf028d5e2e588a11bcd
538,310,03502fb599d4b513036ade56d0eac06e8cbd5ade6a2adbf028d5e2e588a11bcd
539,310,03502fb599d4b513036ade56d0eac06e8cbd5ade6a2adbf028d5e2e588a11bcd
540,310,03502fb599d4b513036ade56d0eac06e8cbd5ade6a2adbf028d5e2e588a11bcd
541,310,03502fb599d4b513036ade56d0eac06e8cbd5ade6a2adbf028d5e2e588a11bcd
542,310,03502fb599d4b513036ade56d0eac06e8cbd5ade6a2adbf028d5e2e588a11bcd
543,310,03502fb599d4b513036ade56d0eac06e8cbd5ade6a2adbf028d5e2e588a11bcd
544,310,03502fb599d4b513036ade56d0eac06e8cbd5ade6a2adbf028d5e2e588a11bcd
545,310,03502fb599d4b513036ade56d0eac06e8cbd5ade6a2adbf028d5e2e588a11bcd
546,310,03502fb599d4b513036ade56d0eac06e8cbd5ade6a2adbf028d5e2e588a11bcd
547,310,03502fb599d4b513036ade56d0eac06e8cbd5ade6a2adbf028d5e2e588a11bcd
548,310,03502fb599d4b513036ade56d0eac06e8cbd5ade6a2adbf028d5e2e588a11bcd
549,310,03502fb599d4b513036ade56d0eac06e8cbd5ade6a2adbf028d5e2e588a11bcd
550,310,03502fb599d4b513036ade56d0eac06e8cbd5ade6a2adbf028d5e2e588a11bcd
551,310,03502fb599d4b513036ade56d0eac06e8cbd5ade6a2adbf028d5e2e588a11bcd
552,310,03502fb599d4b513036ade56d0eac06e8cbd5ade6a2adbf028d5e2e588a11bcd
553,310,03502fb599d4b513036ade56d0eac06e8cbd5ade6a2adbf028d5e2e588a11bcd
554,310,03502fb599d4b513036ade56d0eac06e8cbd5ade6a2adbf028d5e2e588a11bcd
555,310,03502fb599d4b513036ade56d0eac06e8cbd5ade6a2adbf028d5e2e588a11bcd
556,310,03502fb599d4b513036ade56d0eac06e8cbd5ade6a2adbf028d5e2e588a11bcd
557,310,03502fb599d4b513036ade56d0eac06e8cbd5ade6a2adbf028d5e2e588a11bcd
558,310,03502fb599d4b513036ade56d0eac06e8cbd5ade6a2adbf028d5e2e588a11bcd
559,310,03502fb599d4b513036ade56d0eac06e8cbd5ade6a2adbf028d5e2e588a11bcd
560,310,03502fb599d4b513036ade56d0eac06e8cbd5ade6a2adbf028d5e2e588a11bcd
561,310,03502fb599d4b513036ade56d0eac06e8cbd5ade6a2adbf028d5e2e588a11bcd
244,311,03502fb599d4b513036ade56d0eac06e8cbd5ade6a2adbf028d5e2e588a11bcd
271,311,03502fb599d4b513036ade56d0eac06e8cbd5ade6a2adbf028d5e2e588a11bcd
415,311,03502fb599d4b513036ade56d0eac06e8cbd5ade6a2adbf028d5e2e588a11bcd
491,311,03502fb599d4b513036ade56d0eac06e8cbd5ade6a2adbf028d5e2e588a11bcd
532,311,03502fb599d4b513036ade56d0eac06e8cbd5ade6a2adbf028d5e2e588a11bcd
533,311,03502fb599d4b513036ade56d0eac06e8cbd5ade6a2adbf028d5e2e588a11bcd
534,311,03502fb599d4b513036ade56d0eac06e8cbd5ade6a2adbf028d5e2e588a11bcd
535,311,03502fb599d4b513036ade56d0eac06e8cbd5ade6a2adbf028d5e2e588a11bcd
536,311,03502fb599d4b513036ade56d0eac06e8cbd5ade6a2adbf028d5e2e588a11bcd
537,311,03502fb599d4b513036ade56d0eac06e8cbd5ade6a2adbf028d5e2e588a11bcd
538,311,03502fb599d4b513036ade56d0eac06e8cbd5ade6a2adbf028d5e2e588a11bcd
539,311,03502fb599d4b513036ade56d0eac06e8cbd5ade6a2adbf028d5e2e588a11bcd
540,311,03502fb599d4b513036ade56d0eac06e8cbd5ade6a2adbf028d5e2e588a11bcd
541,311,03502fb599d4b513036ade56d0eac06e8cbd5ade6a2adbf028d5e2e588a11bcd
542,311,03502fb599d4b513036ade56d0eac06e8cbd5ade6a2adbf028d5e2e588a11bcd
543,311,03502fb599d4b513036ade56d0eac06e8cbd5ade6a2adbf028d5e2e588a11bcd
544,311,03502fb599d4b513036ade56d0eac06e8cbd5ade6a2adbf028d5e2e588a11bcd
545,311,03502fb599d4b513036ade56d0eac06e8cbd5ade6a2adbf028d5e2e588a11bcd
546,311,03502fb599d4b513036ade56d0eac06e8cbd5ade6a2adbf028d5e2e588a11bcd
547,311,03502fb599d4b513036ade56d0eac06e8cbd5ade6a2adbf028d5e2e588a11bcd
548,311,03502fb599d4b513036ade56d0eac06e8cbd5ade6a2adbf028d5e2e588a11bcd
549,311,03502fb599d4b513036ade56d0eac06e8cbd5ade6a2adbf028d5e2e588a11bcd
550,311,03502fb599d4b513036ade56d0eac06e8cbd5ade6a2adbf028d5e2e588a11bcd
551,311,03502fb599d4b513036ade56d0eac06e8cbd5ade6a2adbf028d5e2e588a11bcd
552,311,03502fb599d4b513036ade56d0eac06e8cbd5ade6a2adbf028d5e2e588a11bcd
553,311,03502fb599d4b513036ade56d0eac06e8cbd5ade6a2adbf028d5e2e588a11bcd
554,311,03502fb599d4b513036ade56d0eac06e8cbd5ade6a2adbf028d5e2e588a11bcd
555,311,03502fb599d4b513036ade56d0eac06e8cbd5ade6a2adbf028d5e2e588a11bcd
556,311,03502fb599d4b513036ade56d0eac06e8cbd5ade6a2adbf028d5e2e588a11bcd
557,311,03502fb599d4b513036ade56d0eac06e8cbd5ade6a2adbf028d5e2e588a11bcd
558,311,03502fb599d4b513036ade56d0eac06e8cbd5ade6a2adbf028d5e2e588a11bcd
559,311,03502fb599d4b513036ade56d0eac06e8cbd5ade6a2adbf028d5e2e588a11bcd
560,311,03502fb599d4b513036ade56d0eac06e8cbd5ade6a2adbf028d5e2e588a11bcd
561,311,03502fb599d4b513036ade56d0eac06e8cbd5ade6a2adbf028d5e2e588a11bcd
244,312,03502fb599d4b513036ade56d0eac06e8cbd5ade6a2adbf028d5e2e588a11bcd
271,312,03502fb599d4b513036ade56d0eac06e8cbd5ade6a2adbf028d5e2e588a11bcd
415,312,03502fb599d4b513036ade56d0eac06e8cbd5ade6a2adbf028d5e2e588a11bcd
491,312,03502fb599d4b513036ade56d0eac06e8cbd5ade6a2adbf028d5e2e588a11bcd
532,312,03502fb599d4b513036ade56d0eac06e8cbd5ade6a2adbf028d5e2e588a11bcd
533,312,03502fb599d4b513036ade56d0eac06e8cbd5ade6a2adbf028d5e2e588a11bcd
534,312,03502fb599d4b513036ade56d0eac06e8cbd5ade6a2adbf028d5e2e588a11bcd
535,312,03502fb599d4b513036ade56d0eac06e8cbd5ade6a2adbf028d5e2e588a11bcd
536,312,03502fb599d4b513036ade56d0eac06e8cbd5ade6a2adbf028d5e2e588a11bcd
537,312,03502fb599d4b513036ade56d0eac06e8cbd5ade6a2adbf028d5e2e588a11bcd
538,312,03502fb599d4b513036ade56d0eac06e8cbd5ade6a2adbf028d5e2e588a11bcd
539,312,03502fb599d4b513036ade56d0eac06e8cbd5ade6a2adbf028d5e2e588a11bcd
540,312,03502fb599d4b513036ade56d0eac06e8cbd5ade6a2adbf028d5e2e588a11bcd
541,312,03502fb599d4b513036ade56d0eac06e8cbd5ade6a2adbf028d5e2e588a11bcd
542,312,03502fb599d4b513036ade56d0eac06e8cbd5ade6a2adbf028d5e2e588a11bcd
543,312,03502fb599d4b513036ade56d0eac06e8cbd5ade6a2adbf028d5e2e588a11bcd
544,312,03502fb599d4b513036ade56d0eac06e8cbd5ade6a2adbf028d5e2e588a11bcd
545,312,03502fb599d4b513036ade56d0eac06e8cbd5ade6a2adbf028d5e2e588a11bcd
546,312,03502fb599d4b513036ade56d0eac06e8cbd5ade6a2adbf028d5e2e588a11bcd
547,312,03502fb599d4b513036ade56d0eac06e8cbd5ade6a2adbf028d5e2e588a11bcd
548,312,03502fb599d4b513036ade56d0eac06e8cbd5ade6a2adbf028d5e2e588a11bcd
549,312,03502fb599d4b513036ade56d0eac06e8cbd5ade6a2adbf028d5e2e588a11bcd
550,312,03502fb599d4b513036ade56d0eac06e8cbd5ade6a2adbf028d5e2e588a11bcd
551,312,03502fb599d4b513036ade56d0eac06e8cbd5ade6a2adbf028d5e2e588a11bcd
552,312,03502fb599d4b513036ade56d0eac06e8cbd5ade6a2adbf028d5e2e588a11bcd
553,312,03502fb599d4b513036ade56d0eac06e8cbd5ade6a2adbf028d5e2e588a11bcd
554,312,03502fb599d4b513036ade56d0eac06e8cbd5ade6a2adbf028d5e2e588a11bcd
555,312,03502fb599d4b513036ade56d0eac06e8cbd5ade6a2adbf028d5e2e588a11bcd
556,312,03502fb599d4b513036ade56d0eac06e8cbd5ade6a2adbf028d5e2e588a11bcd
557,312,03502fb599d4b513036ade56d0eac06e8cbd5ade6a2adbf028d5e2e588a11bcd
558,312,03502fb599d4b513036ade56d0eac06e8cbd5ade6a2adbf028d5e2e588a11bcd
559,312,03502fb599d4b513036ade56d0eac06e8cbd5ade6a2adbf028d5e2e588a11bcd
560,312,03502fb599d4b513036ade56d0eac06e8cbd5ade6a2adbf028d5e2e588a11bcd
561,312,03502fb599d4b513036ade56d0eac06e8cbd5ade6a2adbf028d5e2e588a11bcd
244,313,03502fb599d4b513036ade56d0eac06e8cbd5ade6a2adbf028d5e2e588a11bcd
271,313,03502fb599d4b513036ade56d0eac06e8cbd5ade6a2adbf028d5e2e588a11bcd
415,313,03502fb599d4b513036ade56d0eac06e8cbd5ade6a2adbf028d5e2e588a11bcd
491,313,03502fb599d4b513036ade56d0eac06e8cbd5ade6a2adbf028d5e2e588a11bcd
532,313,03502fb599d4b513036ade56d0eac06e8cbd5ade6a2adbf028d5e2e588a11bcd
533,313,03502fb599d4b513036ade56d0eac06e8cbd5ade6a2adbf028d5e2e588a11bcd
534,313,03502fb599d4b513036ade56d0eac06e8cbd5ade6a2adbf028d5e2e588a11bcd
535,313,03502fb599d4b513036ade56d0eac06e8cbd5ade6a2adbf028d5e2e588a11bcd
536,313,03502fb599d4b513036ade56d0eac06e8cbd5ade6a2adbf028d5e2e588a11bcd
537,313,03502fb599d4b513036ade56d0eac06e8cbd5ade6a2adbf028d5e2e588a11bcd
538,313,03502fb599d4b513036ade56d0eac06e8cbd5ade6a2adbf028d5e2e588a11bcd
539,313,03502fb599d4b513036ade56d0eac06e8cbd5ade6a2adbf028d5e2e588a11bcd
540,313,03502fb599d4b513036ade56d0eac06e8cbd5ade6a2adbf028d5e2e588a11bcd
541,313,03502fb599d4b513036ade56d0eac06e8cbd5ade6a2adbf028d5e2e588a11bcd
542,313,03502fb599d4b513036ade56d0eac06e8cbd5ade6a2adbf028d5e2e588a11bcd
543,313,03502fb599d4b513036ade56d0eac06e8cbd5ade6a2adbf028d5e2e588a11bcd
544,313,03502fb599d4b513036ade56d0eac06e8cbd5ade6a2adbf028d5e2e588a11bcd
545,313,03502fb599d4b513036ade56d0eac06e8cbd5ade6a2adbf028d5e2e588a11bcd
546,313,03502fb599d4b513036ade56d0eac06e8cbd5ade6a2adbf028d5e2e588a11bcd
547,313,03502fb599d4b513036ade56d0eac06e8cbd5ade6a2adbf028d5e2e588a11bcd
548,313,03502fb599d4b513036ade56d0eac06e8cbd5ade6a2adbf028d5e2e588a11bcd
549,313,03502fb599d4b513036ade56d0eac06e8cbd5ade6a2adbf028d5e2e588a11bcd
550,313,03502fb599d4b513036ade56d0eac06e8cbd5ade6a2adbf028d5e2e588a11bcd
551,313,03502fb599d4b513036ade56d0eac06e8cbd5ade6a2adbf028d5e2e588a11bcd
552,313,03502fb599d4b513036ade56d0eac06e8cbd5ade6a2adbf028d5e2e588a11bcd
553,313,03502fb599d4b513036ade56d0eac06e8cbd5ade6a2adbf028d5e2e588a11bcd
554,313,03502fb599d4b513036ade56d0eac06e8cbd5ade6a2adbf028d5e2e588a11bcd
555,313,03502fb599d4b513036ade56d0eac06e8cbd5ade6a2adbf028d5e2e588a11bcd
556,313,03502fb599d4b513036ade56d0eac06e8cbd5ade6a2adbf028d5e2e588a11bcd
557,313,03502fb599d4b513036ade56d0eac06e8cbd5ade6a2adbf028d5e2e588a11bcd
558,313,03502fb599d4b513036ade56d0eac06e8cbd5ade6a2adbf028d5e2e588a11bcd
559,313,03502fb599d4b513036ade56d0eac06e8cbd5ade6a2adbf028d5e2e588a11bcd
560,313,03502fb599d4b513036ade56d0eac06e8cbd5ade6a2adbf028d5e2e588a11bcd
561,313,03502fb599d4b513036ade56d0eac06e8cbd5ade6a2adbf028d5e2e588a11bcd
244,314,03502fb599d4b513036ade56d0eac06e8cbd5ade6a2adbf028d5e2e588a11bcd
271,314,03502fb599d4b513036ade56d0eac06e8cbd5ade6a2adbf028d5e2e588a11bcd
415,314,03502fb599d4b513036ade56d0eac06e8cbd5ade6a2adbf028d5e2e588a11bcd
491,314,03502fb599d4b513036ade56d0eac06e8cbd5ade6a2adbf028d5e2e588a11bcd
532,314,03502fb599d4b513036ade56d0eac06e8cbd5ade6a2adbf028d5e2e588a11bcd
533,314,03502fb599d4b513036ade56d0eac06e8cbd5ade6a2adbf028d5e2e588a11bcd
534,314,03502fb599d4b513036ade56d0eac06e8cbd5ade6a2adbf028d5e2e588a11bcd
535,314,03502fb599d4b513036ade56d0eac06e8cbd5ade6a2adbf028d5e2e588a11bcd
536,314,03502fb599d4b513036ade56d0eac06e8cbd5ade6a2adbf028d5e2e588a11bcd
537,314,03502fb599d4b513036ade56d0eac06e8cbd5ade6a2adbf028d5e2e588a11bcd
538,314,03502fb599d4b513036ade56d0eac06e8cbd5ade6a2adbf028d5e2e588a11bcd
539,314,03502fb599d4b513036ade56d0eac06e8cbd5ade6a2adbf028d5e2e588a11bcd
540,314,03502fb599d4b513036ade56d0eac06e8cbd5ade6a2adbf028d5e2e588a11bcd
541,314,03502fb599d4b513036ade56d0eac06e8cbd5ade6a2adbf028d5e2e588a11bcd
542,314,03502fb599d4b513036ade56d0eac06e8cbd5ade6a2adbf028d5e2e588a11bcd
543,314,03502fb599d4b513036ade56d0eac06e8cbd5ade6a2adbf028d5e2e588a11bcd
544,314,03502fb599d4b513036ade56d0eac06e8cbd5ade6a2adbf028d5e2e588a11bcd
545,314,03502fb599d4b513036ade56d0eac06e8cbd5ade6a2adbf028d5e2e588a11bcd
546,314,03502fb599d4b513036ade56d0eac06e8cbd5ade6a2adbf028d5e2e588a11bcd
547,314,03502fb599d4b513036ade56d0eac06e8cbd5ade6a2adbf028d5e2e588a11bcd
548,314,03502fb599d4b513036ade56d0eac06e8cbd5ade6a2adbf028d5e2e588a11bcd
549,314,03502fb599d4b513036ade56d0eac06e8cbd5ade6a2adbf028d5e2e588a11bcd
550,314,03502fb599d4b513036ade56d0eac06e8cbd5ade6a2adbf028d5e2e588a11bcd
551,314,03502fb599d4b513036ade56d0eac06e8cbd5ade6a2adbf028d5e2e588a11bcd
552,314,03502fb599d4b513036ade56d0eac06e8cbd5ade6a2adbf028d5e2e588a11bcd
553,314,03502fb599d4b513036ade56d0eac06e8cbd5ade6a2adbf028d5e2e588a11bcd
554,314,03502fb599d4b513036ade56d0eac06e8cbd5ade6a2adbf028d5e2e588a11bcd
555,314,03502fb599d4b513036ade56d0eac06e8cbd5ade6a2adbf028d5e2e588a11bcd
556,314,03502fb599d4b513036ade56d0eac06e8cbd5ade6a2adbf028d5e2e588a11bcd
557,314,03502fb599d4b513036ade56d0eac06e8cbd5ade6a2adbf028d5e2e588a11bcd
558,314,03502fb599d4b513036ade56d0eac06e8cbd5ade6a2adbf028d5e2e588a11bcd
559,314,03502fb599d4b513036ade56d0eac06e8cbd5ade6a2adbf028d5e2e588a11bcd
560,314,03502fb599d4b513036ade56d0eac06e8cbd5ade6a2adbf028d5e2e588a11bcd
561,314,03502fb599d4b513036ade56d0eac06e8cbd5ade6a2adbf028d5e2e588a11bcd
244,315,03502fb599d4b513036ade56d0eac06e8cbd5ade6a2adbf028d5e2e588a11bcd
271,315,03502fb599d4b513036ade56d0eac06e8cbd5ade6a2adbf028d5e2e588a11bcd
415,315,03502fb599d4b513036ade56d0eac06e8cbd5ade6a2adbf028d5e2e588a11bcd
491,315,03502fb599d4b513036ade56d0eac06e8cbd5ade6a2adbf028d5e2e588a11bcd
532,315,03502fb599d4b513036ade56d0eac06e8cbd5ade6a2adbf028d5e2e588a11bcd
533,315,03502fb599d4b513036ade56d0eac06e8cbd5ade6a2adbf028d5e2e588a11bcd
534,315,03502fb599d4b513036ade56d0eac06e8cbd5ade6a2adbf028d5e2e588a11bcd
535,315,03502fb599d4b513036ade56d0eac06e8cbd5ade6a2adbf028d5e2e588a11bcd
536,315,03502fb599d4b513036ade56d0eac06e8cbd5ade6a2adbf028d5e2e588a11bcd
537,315,03502fb599d4b513036ade56d0eac06e8cbd5ade6a2adbf028d5e2e588a11bcd
538,315,03502fb599d4b513036ade56d0eac06e8cbd5ade6a2adbf028d5e2e588a11bcd
539,315,03502fb599d4b513036ade56d0eac06e8cbd5ade6a2adbf028d5e2e588a11bcd
540,315,03502fb599d4b513036ade56d0eac06e8cbd5ade6a2adbf028d5e2e588a11bcd
541,315,03502fb599d4b513036ade56d0eac06e8cbd5ade6a2adbf028d5e2e588a11bcd
542,315,03502fb599d4b513036ade56d0eac06e8cbd5ade6a2adbf028d5e2e588a11bcd
543,315,03502fb599d4b513036ade56d0eac06e8cbd5ade6a2adbf028d5e2e588a11bcd
544,315,03502fb599d4b513036ade56d0eac06e8cbd5ade6a2adbf028d5e2e588a11bcd
545,315,03502fb599d4b513036ade56d0eac06e8cbd5ade6a2adbf028d5e2e588a11bcd
546,315,03502fb599d4b513036ade56d0eac06e8cbd5ade6a2adbf028d5e2e588a11bcd
547,315,03502fb599d4b513036ade56d0eac06e8cbd5ade6a2adbf028d5e2e588a11bcd
548,315,03502fb599d4b513036ade56d0eac06e8cbd5ade6a2adbf028d5e2e588a11bcd
549,315,03502fb599d4b513036ade56d0eac06e8cbd5ade6a2adbf028d5e2e588a11bcd
550,315,03502fb599d4b513036ade56d0eac06e8cbd5ade6a2adbf028d5e2e588a11bcd
551,315,03502fb599d4b513036ade56d0eac06e8cbd5ade6a2adbf028d5e2e588a11bcd
552,315,03502fb599d4b513036ade56d0eac06e8cbd5ade6a2adbf028d5e2e588a11bcd
553,315,03502fb599d4b513036ade56d0eac06e8cbd5ade6a2adbf028d5e2e588a11bcd
554,315,03502fb599d4b513036ade56d0eac06e8cbd5ade6a2adbf028d5e2e588a11bcd
555,315,03502fb599d4b513036ade56d0eac06e8cbd5ade6a2adbf028d5e2e588a11bcd
556,315,03502fb599d4b513036ade56d0eac06e8cbd5ade6a2adbf028d5e2e588a11bcd
557,315,03502fb599d4b513036ade56d0eac06e8cbd5ade6a2adbf028d5e2e588a11bcd
558,315,03502fb599d4b513036ade56d0eac06e8cbd5ade6a2adbf028d5e2e588a11bcd
559,315,03502fb599d4b513036ade56d0eac06e8cbd5ade6a2adbf028d5e2e588a11bcd
560,315,03502fb599d4b513036ade56d0eac06e8cbd5ade6a2adbf028d5e2e588a11bcd
561,315,03502fb599d4b513036ade56d0eac06e8cbd5ade6a2adbf028d5e2e588a11bcd
244,316,03502fb599d4b513036ade56d0eac06e8cbd5ade6a2adbf028d5e2e588a11bcd
271,316,03502fb599d4b513036ade56d0eac06e8cbd5ade6a2adbf028d5e2e588a11bcd
415,316,03502fb599d4b513036ade56d0eac06e8cbd5ade6a2adbf028d5e2e588a11bcd
491,316,03502fb599d4b513036ade56d0eac06e8cbd5ade6a2adbf028d5e2e588a11bcd
530,316,03502fb599d4b513036ade56d0eac06e8cbd5ade6a2adbf028d5e2e588a11bcd
532,316,03502fb599d4b513036ade56d0eac06e8cbd5ade6a2adbf028d5e2e588a11bcd
533,316,03502fb599d4b513036ade56d0eac06e8cbd5ade6a2adbf028d5e2e588a11bcd
534,316,03502fb599d4b513036ade56d0eac06e8cbd5ade6a2adbf028d5e2e588a11bcd
535,316,03502fb599d4b513036ade56d0eac06e8cbd5ade6a2adbf028d5e2e588a11bcd
536,316,03502fb599d4b513036ade56d0eac06e8cbd5ade6a2adbf028d5e2e588a11bcd
537,316,03502fb599d4b513036ade56d0eac06e8cbd5ade6a2adbf028d5e2e588a11bcd
538,316,03502fb599d4b513036ade56d0eac06e8cbd5ade6a2adbf028d5e2e588a11bcd
539,316,03502fb599d4b513036ade56d0eac06e8cbd5ade6a2adbf028d5e2e588a11bcd
540,316,03502fb599d4b513036ade56d0eac06e8cbd5ade6a2adbf028d5e2e588a11bcd
541,316,03502fb599d4b513036ade56d0eac06e8cbd5ade6a2adbf028d5e2e588a11bcd
542,316,03502fb599d4b513036ade56d0eac06e8cbd5ade6a2adbf028d5e2e588a11bcd
543,316,03502fb599d4b513036ade56d0eac06e8cbd5ade6a2adbf028d5e2e588a11bcd
544,316,03502fb599d4b513036ade56d0eac06e8cbd5ade6a2adbf028d5e2e588a11bcd
545,316,03502fb599d4b513036ade56d0eac06e8cbd5ade6a2adbf028d5e2e588a11bcd
546,316,03502fb599d4b513036ade56d0eac06e8cbd5ade6a2adbf028d5e2e588a11bcd
547,316,03502fb599d4b513036ade56d0eac06e8cbd5ade6a2adbf028d5e2e588a11bcd
548,316,03502fb599d4b513036ade56d0eac06e8cbd5ade6a2adbf028d5e2e588a11bcd
549,316,03502fb599d4b513036ade56d0eac06e8cbd5ade6a2adbf028d5e2e588a11bcd
550,316,03502fb599d4b513036ade56d0eac06e8cbd5ade6a2adbf028d5e2e588a11bcd
551,316,03502fb599d4b513036ade56d0eac06e8cbd5ade6a2adbf028d5e2e588a11bcd
552,316,03502fb599d4b513036ade56d0eac06e8cbd5ade6a2adbf028d5e2e588a11bcd
553,316,03502fb599d4b513036ade56d0eac06e8cbd5ade6a2adbf028d5e2e588a11bcd
554,316,03502fb599d4b513036ade56d0eac06e8cbd5ade6a2adbf028d5e2e588a11bcd
555,316,03502fb599d4b513036ade56d0eac06e8cbd5ade6a2adbf028d5e2e588a11bcd
556,316,03502fb599d4b513036ade56d0eac06e8cbd5ade6a2adbf028d5e2e588a11bcd
557,316,03502fb599d4b513036ade56d0eac06e8cbd5ade6a2adbf028d5e2e588a11bcd
558,316,03502fb599d4b513036ade56d0eac06e8cbd5ade6a2adbf028d5e2e588a11bcd
559,316,03502fb599d4b513036ade56d0eac06e8cbd5ade6a2adbf028d5e2e588a11bcd
560,316,03502fb599d4b513036ade56d0eac06e8cbd5ade6a2adbf028d5e2e588a11bcd
561,316,03502fb599d4b513036ade56d0eac06e8cbd5ade6a2adbf028d5e2e588a11bcd
244,317,03502fb599d4b513036ade56d0eac06e8cbd5ade6a2adbf028d5e2e588a11bcd
271,317,03502fb599d4b513036ade56d0eac06e8cbd5ade6a2adbf028d5e2e588a11bcd
415,317,03502fb599d4b513036ade56d0eac06e8cbd5ade6a2adbf028d5e2e588a11bcd
491,317,03502fb599d4b513036ade56d0eac06e8cbd5ade6a2adbf028d5e2e588a11bcd
530,317,03502fb599d4b513036ade56d0eac06e8cbd5ade6a2adbf028d5e2e588a11bcd
532,317,03502fb599d4b513036ade56d0eac06e8cbd5ade6a2adbf028d5e2e588a11bcd
533,317,03502fb599d4b513036ade56d0eac06e8cbd5ade6a2adbf028d5e2e588a11bcd
534,317,03502fb599d4b513036ade56d0eac06e8cbd5ade6a2adbf028d5e2e588a11bcd
535,317,03502fb599d4b513036ade56d0eac06e8cbd5ade6a2adbf028d5e2e588a11bcd
536,317,03502fb599d4b513036ade56d0eac06e8cbd5ade6a2adbf028d5e2e588a11bcd
537,317,03502fb599d4b513036ade56d0eac06e8cbd5ade6a2adbf028d5e2e588a11bcd
538,317,03502fb599d4b513036ade56d0eac06e8cbd5ade6a2adbf028d5e2e588a11bcd
539,317,03502fb599d4b513036ade56d0eac06e8cbd5ade6a2adbf028d5e2e588a11bcd
540,317,03502fb599d4b513036ade56d0eac06e8cbd5ade6a2adbf028d5e2e588a11bcd
541,317,03502fb599d4b513036ade56d0eac06e8cbd5ade6a2adbf028d5e2e588a11bcd
542,317,03502fb599d4b513036ade56d0eac06e8cbd5ade6a2adbf028d5e2e588a11bcd
543,317,03502fb599d4b513036ade56d0eac06e8cbd5ade6a2adbf028d5e2e588a11bcd
544,317,03502fb599d4b513036ade56d0eac06e8cbd5ade6a2adbf028d5e2e588a11bcd
545,317,03502fb599d4b513036ade56d0eac06e8cbd5ade6a2adbf028d5e2e588a11bcd
546,317,03502fb599d4b513036ade56d0eac06e8cbd5ade6a2adbf028d5e2e588a11bcd
547,317,03502fb599d4b513036ade56d0eac06e8cbd5ade6a2adbf028d5e2e588a11bcd
548,317,03502fb599d4b513036ade56d0eac06e8cbd5ade6a2adbf028d5e2e588a11bcd
549,317,03502fb599d4b513036ade56d0eac06e8cbd5ade6a2adbf028d5e2e588a11bcd
550,317,03502fb599d4b513036ade56d0eac06e8cbd5ade6a2adbf028d5e2e588a11bcd
551,317,03502fb599d4b513036ade56d0eac06e8cbd5ade6a2adbf028d5e2e588a11bcd
552,317,03502fb599d4b513036ade56d0eac06e8cbd5ade6a2adbf028d5e2e588a11bcd
553,317,03502fb599d4b513036ade56d0eac06e8cbd5ade6a2adbf028d5e2e588a11bcd
554,317,03502fb599d4b513036ade56d0eac06e8cbd5ade6a2adbf028d5e2e588a11bcd
555,317,03502fb599d4b513036ade56d0eac06e8cbd5ade6a2adbf028d5e2e588a11bcd
556,317,03502fb599d4b513036ade56d0eac06e8cbd5ade6a2adbf028d5e2e588a11bcd
557,317,03502fb599d4b513036ade56d0eac06e8cbd5ade6a2adbf028d5e2e588a11bcd
558,317,03502fb599d4b513036ade56d0eac06e8cbd5ade6a2adbf028d5e2e588a11bcd
559,317,03502fb599d4b513036ade56d0eac06e8cbd5ade6a2adbf028d5e2e588a11bcd
560,317,03502fb599d4b513036ade56d0eac06e8cbd5ade6a2adbf028d5e2e588a11bcd
561,317,03502fb599d4b513036ade56d0eac06e8cbd5ade6a2adbf028d5e2e588a11bcd
244,318,03502fb599d4b513036ade56d0eac06e8cbd5ade6a2adbf028d5e2e588a11bcd
271,318,03502fb599d4b513036ade56d0eac06e8cbd5ade6a2adbf028d5e2e588a11bcd
415,318,03502fb599d4b513036ade56d0eac06e8cbd5ade6a2adbf028d5e2e588a11bcd
491,318,03502fb599d4b513036ade56d0eac06e8cbd5ade6a2adbf028d5e2e588a11bcd
532,318,03502fb599d4b513036ade56d0eac06e8cbd5ade6a2adbf028d5e2e588a11bcd
533,318,03502fb599d4b513036ade56d0eac06e8cbd5ade6a2adbf028d5e2e588a11bcd
534,318,03502fb599d4b513036ade56d0eac06e8cbd5ade6a2adbf028d5e2e588a11bcd
535,318,03502fb599d4b513036ade56d0eac06e8cbd5ade6a2adbf028d5e2e588a11bcd
536,318,03502fb599d4b513036ade56d0eac06e8cbd5ade6a2adbf028d5e2e588a11bcd
537,318,03502fb599d4b513036ade56d0eac06e8cbd5ade6a2adbf028d5e2e588a11bcd
538,318,03502fb599d4b513036ade56d0eac06e8cbd5ade6a2adbf028d5e2e588a11bcd
539,318,03502fb599d4b513036ade56d0eac06e8cbd5ade6a2adbf028d5e2e588a11bcd
540,318,03502fb599d4b513036ade56d0eac06e8cbd5ade6a2adbf028d5e2e588a11bcd
541,318,03502fb599d4b513036ade56d0eac06e8cbd5ade6a2adbf028d5e2e588a11bcd
542,318,03502fb599d4b513036ade56d0eac06e8cbd5ade6a2adbf028d5e2e588a11bcd
543,318,03502fb599d4b513036ade56d0eac06e8cbd5ade6a2adbf028d5e2e588a11bcd
544,318,03502fb599d4b513036ade56d0eac06e8cbd5ade6a2adbf028d5e2e588a11bcd
545,318,03502fb599d4b513036ade56d0eac06e8cbd5ade6a2adbf028d5e2e588a11bcd
546,318,03502fb599d4b513036ade56d0eac06e8cbd5ade6a2adbf028d5e2e588a11bcd
547,318,03502fb599d4b513036ade56d0eac06e8cbd5ade6a2adbf028d5e2e588a11bcd
548,318,03502fb599d4b513036ade56d0eac06e8cbd5ade6a2adbf028d5e2e588a11bcd
549,318,03502fb599d4b513036ade56d0eac06e8cbd5ade6a2adbf028d5e2e588a11bcd
550,318,03502fb599d4b513036ade56d0eac06e8cbd5ade6a2adbf028d5e2e588a11bcd
551,318,03502fb599d4b513036ade56d0eac06e8cbd5ade6a2adbf028d5e2e588a11bcd
552,318,03502fb599d4b513036ade56d0eac06e8cbd5ade6a2adbf028d5e2e588a11bcd
553,318,03502fb599d4b513036ade56d0eac06e8cbd5ade6a2adbf028d5e2e588a11bcd
554,318,03502fb599d4b513036ade56d0eac06e8cbd5ade6a2adbf028d5e2e588a11bcd
555,318,03502fb599d4b513036ade56d0eac06e8cbd5ade6a2adbf028d5e2e588a11bcd
556,318,03502fb599d4b513036ade56d0eac06e8cbd5ade6a2adbf028d5e2e588a11bcd
557,318,03502fb599d4b513036ade56d0eac06e8cbd5ade6a2adbf028d5e2e588a11bcd
558,318,03502fb599d4b513036ade56d0eac06e8cbd5ade6a2adbf028d5e2e588a11bcd
559,318,03502fb599d4b513036ade56d0eac06e8cbd5ade6a2adbf028d5e2e588a11bcd
560,318,03502fb599d4b513036ade56d0eac06e8cbd5ade6a2adbf028d5e2e588a11bcd
561,318,03502fb599d4b513036ade56d0eac06e8cbd5ade6a2adbf028d5e2e588a11bcd
244,319,03502fb599d4b513036ade56d0eac06e8cbd5ade6a2adbf028d5e2e588a11bcd
271,319,03502fb599d4b513036ade56d0eac06e8cbd5ade6a2adbf028d5e2e588a11bcd
415,319,03502fb599d4b513036ade56d0eac06e8cbd5ade6a2adbf028d5e2e588a11bcd
491,319,03502fb599d4b513036ade56d0eac06e8cbd5ade6a2adbf028d5e2e588a11bcd
532,319,03502fb599d4b513036ade56d0eac06e8cbd5ade6a2adbf028d5e2e588a11bcd
533,319,03502fb599d4b513036ade56d0eac06e8cbd5ade6a2adbf028d5e2e588a11bcd
534,319,03502fb599d4b513036ade56d0eac06e8cbd5ade6a2adbf028d5e2e588a11bcd
535,319,03502fb599d4b513036ade56d0eac06e8cbd5ade6a2adbf028d5e2e588a11bcd
536,319,03502fb599d4b513036ade56d0eac06e8cbd5ade6a2adbf028d5e2e588a11bcd
537,319,03502fb599d4b513036ade56d0eac06e8cbd5ade6a2adbf028d5e2e588a11bcd
538,319,03502fb599d4b513036ade56d0eac06e8cbd5ade6a2adbf028d5e2e588a11bcd
539,319,03502fb599d4b513036ade56d0eac06e8cbd5ade6a2adbf028d5e2e588a11bcd
540,319,03502fb599d4b513036ade56d0eac06e8cbd5ade6a2adbf028d5e2e588a11bcd
541,319,03502fb599d4b513036ade56d0eac06e8cbd5ade6a2adbf028d5e2e588a11bcd
542,319,03502fb599d4b513036ade56d0eac06e8cbd5ade6a2adbf028d5e2e588a11bcd
543,319,03502fb599d4b513036ade56d0eac06e8cbd5ade6a2adbf028d5e2e588a11bcd
544,319,03502fb599d4b513036ade56d0eac06e8cbd5ade6a2adbf028d5e2e588a11bcd
545,319,03502fb599d4b513036ade56d0eac06e8cbd5ade6a2adbf028d5e2e588a11bcd
546,319,03502fb599d4b513036ade56d0eac06e8cbd5ade6a2adbf028d5e2e588a11bcd
547,319,03502fb599d4b513036ade56d0eac06e8cbd5ade6a2adbf028d5e2e588a11bcd
548,319,03502fb599d4b513036ade56d0eac06e8cbd5ade6a2adbf028d5e2e588a11bcd
549,319,03502fb599d4b513036ade56d0eac06e8cbd5ade6a2adbf028d5e2e588a11bcd
550,319,03502fb599d4b513036ade56d0eac06e8cbd5ade6a2adbf028d5e2e588a11bcd
551,319,03502fb599d4b513036ade56d0eac06e8cbd5ade6a2adbf028d5e2e588a11bcd
552,319,03502fb599d4b513036ade56d0eac06e8cbd5ade6a2adbf028d5e2e588a11bcd
553,319,03502fb599d4b513036ade56d0eac06e8cbd5ade6a2adbf028d5e2e588a11bcd
554,319,03502fb599d4b513036ade56d0eac06e8cbd5ade6a2adbf028d5e2e588a11bcd
555,319,03502fb599d4b513036ade56d0eac06e8cbd5ade6a2adbf028d5e2e588a11bcd
556,319,03502fb599d4b513036ade56d0eac06e8cbd5ade6a2adbf028d5e2e588a11bcd
557,319,03502fb599d4b513036ade56d0eac06e8cbd5ade6a2adbf028d5e2e588a11bcd
558,319,03502fb599d4b513036ade56d0eac06e8cbd5ade6a2adbf028d5e2e588a11bcd
559,319,03502fb599d4b513036ade56d0eac06e8cbd5ade6a2adbf028d5e2e588a11bcd
560,319,03502fb599d4b513036ade56d0eac06e8cbd5ade6a2adbf028d5e2e588a11bcd
561,319,03502fb599d4b513036ade56d0eac06e8cbd5ade6a2adbf028d5e2e588a11bcd
244,320,03502fb599d4b513036ade56d0eac06e8cbd5ade6a2adbf028d5e2e588a11bcd
271,320,03502fb599d4b513036ade56d0eac06e8cbd5ade6a2adbf028d5e2e588a11bcd
415,320,03502fb599d4b513036ade56d0eac06e8cbd5ade6a2adbf028d5e2e588a11bcd
491,320,03502fb599d4b513036ade56d0eac06e8cbd5ade6a2adbf028d5e2e588a11bcd
532,320,03502fb599d4b513036ade56d0eac06e8cbd5ade6a2adbf028d5e2e588a11bcd
533,320,03502fb599d4b513036ade56d0eac06e8cbd5ade6a2adbf028d5e2e588a11bcd
534,320,03502fb599d4b513036ade56d0eac06e8cbd5ade6a2adbf028d5e2e588a11bcd
535,320,03502fb599d4b513036ade56d0eac06e8cbd5ade6a2adbf028d5e2e588a11bcd
536,320,03502fb599d4b513036ade56d0eac06e8cbd5ade6a2adbf028d5e2e588a11bcd
537,320,03502fb599d4b513036ade56d0eac06e8cbd5ade6a2adbf028d5e2e588a11bcd
538,320,03502fb599d4b513036ade56d0eac06e8cbd5ade6a2adbf028d5e2e588a11bcd
539,320,03502fb599d4b513036ade56d0eac06e8cbd5ade6a2adbf028d5e2e588a11bcd
540,320,03502fb599d4b513036ade56d0eac06e8cbd5ade6a2adbf028d5e2e588a11bcd
541,320,03502fb599d4b513036ade56d0eac06e8cbd5ade6a2adbf028d5e2e588a11bcd
542,320,03502fb599d4b513036ade56d0eac06e8cbd5ade6a2adbf028d5e2e588a11bcd
543,320,03502fb599d4b513036ade56d0eac06e8cbd5ade6a2adbf028d5e2e588a11bcd
544,320,03502fb599d4b513036ade56d0eac06e8cbd5ade6a2adbf028d5e2e588a11bcd
545,320,03502fb599d4b513036ade56d0eac06e8cbd5ade6a2adbf028d5e2e588a11bcd
546,320,03502fb599d4b513036ade56d0eac06e8cbd5ade6a2adbf028d5e2e588a11bcd
547,320,03502fb599d4b513036ade56d0eac06e8cbd5ade6a2adbf028d5e2e588a11bcd
548,320,03502fb599d4b513036ade56d0eac06e8cbd5ade6a2adbf028d5e2e588a11bcd
549,320,03502fb599d4b513036ade56d0eac06e8cbd5ade6a2adbf028d5e2e588a11bcd
550,320,03502fb599d4b513036ade56d0eac06e8cbd5ade6a2adbf028d5e2e588a11bcd
551,320,03502fb599d4b513036ade56d0eac06e8cbd5ade6a2adbf028d5e2e588a11bcd
552,320,03502fb599d4b513036ade56d0eac06e8cbd5ade6a2adbf028d5e2e588a11bcd
553,320,03502fb599d4b513036ade56d0eac06e8cbd5ade6a2adbf028d5e2e588a11bcd
554,320,03502fb599d4b513036ade56d0eac06e8cbd5ade6a2adbf028d5e2e588a11bcd
555,320,03502fb599d4b513036ade56d0eac06e8cbd5ade6a2adbf028d5e2e588a11bcd
556,320,03502fb599d4b513036ade56d0eac06e8cbd5ade6a2adbf028d5e2e588a11bcd
557,320,03502fb599d4b513036ade56d0eac06e8cbd5ade6a2adbf028d5e2e588a11bcd
558,320,03502fb599d4b513036ade56d0eac06e8cbd5ade6a2adbf028d5e2e588a11bcd
559,320,03502fb599d4b513036ade56d0eac06e8cbd5ade6a2adbf028d5e2e588a11bcd
560,320,03502fb599d4b513036ade56d0eac06e8cbd5ade6a2adbf028d5e2e588a11bcd
561,320,03502fb599d4b513036ade56d0eac06e8cbd5ade6a2adbf028d5e2e588a11bcd
244,321,03502fb599d4b513036ade56d0eac06e8cbd5ade6a2adbf028d5e2e588a11bcd
271,321,03502fb599d4b513036ade56d0eac06e8cbd5ade6a2adbf028d5e2e588a11bcd
415,321,03502fb599d4b513036ade56d0eac06e8cbd5ade6a2adbf028d5e2e588a11bcd
491,321,03502fb599d4b513036ade56d0eac06e8cbd5ade6a2adbf028d5e2e588a11bcd
532,321,03502fb599d4b513036ade56d0eac06e8cbd5ade6a2adbf028d5e2e588a11bcd
533,321,03502fb599d4b513036ade56d0eac06e8cbd5ade6a2adbf028d5e2e588a11bcd
534,321,03502fb599d4b513036ade56d0eac06e8cbd5ade6a2adbf028d5e2e588a11bcd
535,321,03502fb599d4b513036ade56d0eac06e8cbd5ade6a2adbf028d5e2e588a11bcd
536,321,03502fb599d4b513036ade56d0eac06e8cbd5ade6a2adbf028d5e2e588a11bcd
537,321,03502fb599d4b513036ade56d0eac06e8cbd5ade6a2adbf028d5e2e588a11bcd
538,321,03502fb599d4b513036ade56d0eac06e8cbd5ade6a2adbf028d5e2e588a11bcd
539,321,03502fb599d4b513036ade56d0eac06e8cbd5ade6a2adbf028d5e2e588a11bcd
540,321,03502fb599d4b513036ade56d0eac06e8cbd5ade6a2adbf028d5e2e588a11bcd
541,321,03502fb599d4b513036ade56d0eac06e8cbd5ade6a2adbf028d5e2e588a11bcd
542,321,03502fb599d4b513036ade56d0eac06e8cbd5ade6a2adbf028d5e2e588a11bcd
543,321,03502fb599d4b513036ade56d0eac06e8cbd5ade6a2adbf028d5e2e588a11bcd
544,321,03502fb599d4b513036ade56d0eac06e8cbd5ade6a2adbf028d5e2e588a11bcd
545,321,03502fb599d4b513036ade56d0eac06e8cbd5ade6a2adbf028d5e2e588a11bcd
546,321,03502fb599d4b513036ade56d0eac06e8cbd5ade6a2adbf028d5e2e588a11bcd
547,321,03502fb599d4b513036ade56d0eac06e8cbd5ade6a2adbf028d5e2e588a11bcd
548,321,03502fb599d4b513036ade56d0eac06e8cbd5ade6a2adbf028d5e2e588a11bcd
549,321,03502fb599d4b513036ade56d0eac06e8cbd5ade6a2adbf028d5e2e588a11bcd
550,321,03502fb599d4b513036ade56d0eac06e8cbd5ade6a2adbf028d5e2e588a11bcd
551,321,03502fb599d4b513036ade56d0eac06e8cbd5ade6a2adbf028d5e2e588a11bcd
552,321,03502fb599d4b513036ade56d0eac06e8cbd5ade6a2adbf028d5e2e588a11bcd
553,321,03502fb599d4b513036ade56d0eac06e8cbd5ade6a2adbf028d5e2e588a11bcd
554,321,03502fb599d4b513036ade56d0eac06e8cbd5ade6a2adbf028d5e2e588a11bcd
555,321,03502fb599d4b513036ade56d0eac06e8cbd5ade6a2adbf028d5e2e588a11bcd
556,321,03502fb599d4b513036ade56d0eac06e8cbd5ade6a2adbf028d5e2e588a11bcd
557,321,03502fb599d4b513036ade56d0eac06e8cbd5ade6a2adbf028d5e2e588a11bcd
558,321,03502fb599d4b513036ade56d0eac06e8cbd5ade6a2adbf028d5e2e588a11bcd
559,321,03502fb599d4b513036ade56d0eac06e8cbd5ade6a2adbf028d5e2e588a11bcd
560,321,03502fb599d4b513036ade56d0eac06e8cbd5ade6a2adbf028d5e2e588a11bcd
561,321,03502fb599d4b513036ade56d0eac06e8cbd5ade6a2adbf028d5e2e588a11bcd
244,322,03502fb599d4b513036ade56d0eac06e8cbd5ade6a2adbf028d5e2e588a11bcd
271,322,03502fb599d4b513036ade56d0eac06e8cbd5ade6a2adbf028d5e2e588a11bcd
415,322,03502fb599d4b513036ade56d0eac06e8cbd5ade6a2adbf028d5e2e588a11bcd
491,322,03502fb599d4b513036ade56d0eac06e8cbd5ade6a2adbf028d5e2e588a11bcd
532,322,03502fb599d4b513036ade56d0eac06e8cbd5ade6a2adbf028d5e2e588a11bcd
533,322,03502fb599d4b513036ade56d0eac06e8cbd5ade6a2adbf028d5e2e588a11bcd
534,322,03502fb599d4b513036ade56d0eac06e8cbd5ade6a2adbf028d5e2e588a11bcd
535,322,03502fb599d4b513036ade56d0eac06e8cbd5ade6a2adbf028d5e2e588a11bcd
536,322,03502fb599d4b513036ade56d0eac06e8cbd5ade6a2adbf028d5e2e588a11bcd
537,322,03502fb599d4b513036ade56d0eac06e8cbd5ade6a2adbf028d5e2e588a11bcd
538,322,03502fb599d4b513036ade56d0eac06e8cbd5ade6a2adbf028d5e2e588a11bcd
539,322,03502fb599d4b513036ade56d0eac06e8cbd5ade6a2adbf028d5e2e588a11bcd
540,322,03502fb599d4b513036ade56d0eac06e8cbd5ade6a2adbf028d5e2e588a11bcd
541,322,03502fb599d4b513036ade56d0eac06e8cbd5ade6a2adbf028d5e2e588a11bcd
542,322,03502fb599d4b513036ade56d0eac06e8cbd5ade6a2adbf028d5e2e588a11bcd
543,322,03502fb599d4b513036ade56d0eac06e8cbd5ade6a2adbf028d5e2e588a11bcd
544,322,03502fb599d4b513036ade56d0eac06e8cbd5ade6a2adbf028d5e2e588a11bcd
545,322,03502fb599d4b513036ade56d0eac06e8cbd5ade6a2adbf028d5e2e588a11bcd
546,322,03502fb599d4b513036ade56d0eac06e8cbd5ade6a2adbf028d5e2e588a11bcd
547,322,03502fb599d4b513036ade56d0eac06e8cbd5ade6a2adbf028d5e2e588a11bcd
548,322,03502fb599d4b513036ade56d0eac06e8cbd5ade6a2adbf028d5e2e588a11bcd
549,322,03502fb599d4b513036ade56d0eac06e8cbd5ade6a2adbf028d5e2e588a11bcd
550,322,03502fb599d4b513036ade56d0eac06e8cbd5ade6a2adbf028d5e2e588a11bcd
551,322,03502fb599d4b513036ade56d0eac06e8cbd5ade6a2adbf028d5e2e588a11bcd
552,322,03502fb599d4b513036ade56d0eac06e8cbd5ade6a2adbf028d5e2e588a11bcd
553,322,03502fb599d4b513036ade56d0eac06e8cbd5ade6a2adbf028d5e2e588a11bcd
554,322,03502fb599d4b513036ade56d0eac06e8cbd5ade6a2adbf028d5e2e588a11bcd
555,322,03502fb599d4b513036ade56d0eac06e8cbd5ade6a2adbf028d5e2e588a11bcd
556,322,03502fb599d4b513036ade56d0eac06e8cbd5ade6a2adbf028d5e2e588a11bcd
557,322,03502fb599d4b513036ade56d0eac06e8cbd5ade6a2adbf028d5e2e588a11bcd
558,322,03502fb599d4b513036ade56d0eac06e8cbd5ade6a2adbf028d5e2e588a11bcd
559,322,03502fb599d4b513036ade56d0eac06e8cbd5ade6a2adbf028d5e2e588a11bcd
560,322,03502fb599d4b513036ade56d0eac06e8cbd5ade6a2adbf028d5e2e588a11bcd
561,322,03502fb599d4b513036ade56d0eac06e8cbd5ade6a2adbf028d5e2e588a11bcd
244,323,03502fb599d4b513036ade56d0eac06e8cbd5ade6a2adbf028d5e2e588a11bcd
271,323,03502fb599d4b513036ade56d0eac06e8cbd5ade6a2adbf028d5e2e588a11bcd
415,323,03502fb599d4b513036ade56d0eac06e8cbd5ade6a2adbf028d5e2e588a11bcd
491,323,03502fb599d4b513036ade56d0eac06e8cbd5ade6a2adbf028d5e2e588a11bcd
244,324,03502fb599d4b513036ade56d0eac06e8cbd5ade6a2adbf028d5e2e588a11bcd
271,324,03502fb599d4b513036ade56d0eac06e8cbd5ade6a2adbf028d5e2e588a11bcd
415,324,03502fb599d4b513036ade56d0eac06e8cbd5ade6a2adbf028d5e2e588a11bcd
491,324,03502fb599d4b513036ade56d0eac06e8cbd5ade6a2adbf028d5e2e588a11bcd
244,325,03502fb599d4b513036ade56d0eac06e8cbd5ade6a2adbf028d5e2e588a11bcd
271,325,03502fb599d4b513036ade56d0eac06e8cbd5ade6a2adbf028d5e2e588a11bcd
415,325,03502fb599d4b513036ade56d0eac06e8cbd5ade6a2adbf028d5e2e588a11bcd
491,325,03502fb599d4b513036ade56d0eac06e8cbd5ade6a2adbf028d5e2e588a11bcd
244,326,03502fb599d4b513036ade56d0eac06e8cbd5ade6a2adbf028d5e2e588a11bcd
271,326,03502fb599d4b513036ade56d0eac06e8cbd5ade6a2adbf028d5e2e588a11bcd
415,326,03502fb599d4b513036ade56d0eac06e8cbd5ade6a2adbf028d5e2e588a11bcd
491,326,03502fb599d4b513036ade56d0eac06e8cbd5ade6a2adbf028d5e2e588a11bcd
244,327,03502fb599d4b513036ade56d0eac06e8cbd5ade6a2adbf028d5e2e588a11bcd
271,327,03502fb599d4b513036ade56d0eac06e8cbd5ade6a2adbf028d5e2e588a11bcd
415,327,03502fb599d4b513036ade56d0eac06e8cbd5ade6a2adbf028d5e2e588a11bcd
491,327,03502fb599d4b513036ade56d0eac06e8cbd5ade6a2adbf028d5e2e588a11bcd
581,327,03502fb599d4b513036ade56d0eac06e8cbd5ade6a2adbf028d5e2e588a11bcd
582,327,03502fb599d4b513036ade56d0eac06e8cbd5ade6a2adbf028d5e2e588a11bcd
583,327,03502fb599d4b513036ade56d0eac06e8cbd5ade6a2adbf028d5e2e588a11bcd
584,327,03502fb599d4b513036ade56d0eac06e8cbd5ade6a2adbf028d5e2e588a11bcd
585,327,03502fb599d4b513036ade56d0eac06e8cbd5ade6a2adbf028d5e2e588a11bcd
586,327,03502fb599d4b513036ade56d0eac06e8cbd5ade6a2adbf028d5e2e588a11bcd
587,327,03502fb599d4b513036ade56d0eac06e8cbd5ade6a2adbf028d5e2e588a11bcd
588,327,03502fb599d4b513036ade56d0eac06e8cbd5ade6a2adbf028d5e2e588a11bcd
589,327,03502fb599d4b513036ade56d0eac06e8cbd5ade6a2adbf028d5e2e588a11bcd
590,327,03502fb599d4b513036ade56d0eac06e8cbd5ade6a2adbf028d5e2e588a11bcd
591,327,03502fb599d4b513036ade56d0eac06e8cbd5ade6a2adbf028d5e2e588a11bcd
592,327,03502fb599d4b513036ade56d0eac06e8cbd5ade6a2adbf028d5e2e588a11bcd
593,327,03502fb599d4b513036ade56d0eac06e8cbd5ade6a2adbf028d5e2e588a11bcd
594,327,03502fb599d4b513036ade56d0eac06e8cbd5ade6a2adbf028d5e2e588a11bcd
595,327,03502fb599d4b513036ade56d0eac06e8cbd5ade6a2adbf028d5e2e588a11bcd
596,327,03502fb599d4b513036ade56d0eac06e8cbd5ade6a2adbf028d5e2e588a11bcd
597,327,03502fb599d4b513036ade56d0eac06e8cbd5ade6a2adbf028d5e2e588a11bcd
598,327,03502fb599d4b513036ade56d0eac06e8cbd5ade6a2adbf028d5e2e588a11bcd
599,327,03502fb599d4b513036ade56d0eac06e8cbd5ade6a2adbf028d5e2e588a11bcd
600,327,03502fb599d4b513036ade56d0eac06e8cbd5ade6a2adbf028d5e2e588a11bcd
244,328,03502fb599d4b513036ade56d0eac06e8cbd5ade6a2adbf028d5e2e588a11bcd
271,328,03502fb599d4b513036ade56d0eac06e8cbd5ade6a2adbf028d5e2e588a11bcd
415,328,03502fb599d4b513036ade56d0eac06e8cbd5ade6a2adbf028d5e2e588a11bcd
491,328,03502fb599d4b513036ade56d0eac06e8cbd5ade6a2adbf028d5e2e588a11bcd
581,328,03502fb599d4b513036ade56d0eac06e8cbd5ade6a2adbf028d5e2e588a11bcd
582,328,03502fb599d4b513036ade56d0eac06e8cbd5ade6a2adbf028d5e2e588a11bcd
583,328,03502fb599d4b513036ade56d0eac06e8cbd5ade6a2adbf028d5e2e588a11bcd
584,328,03502fb599d4b513036ade56d0eac06e8cbd5ade6a2adbf028d5e2e588a11bcd
585,328,03502fb599d4b513036ade56d0eac06e8cbd5ade6a2adbf028d5e2e588a11bcd
586,328,03502fb599d4b513036ade56d0eac06e8cbd5ade6a2adbf028d5e2e588a11bcd
587,328,03502fb599d4b513036ade56d0eac06e8cbd5ade6a2adbf028d5e2e588a11bcd
588,328,03502fb599d4b513036ade56d0eac06e8cbd5ade6a2adbf028d5e2e588a11bcd
589,328,03502fb599d4b513036ade56d0eac06e8cbd5ade6a2adbf028d5e2e588a11bcd
590,328,03502fb599d4b513036ade56d0eac06e8cbd5ade6a2adbf028d5e2e588a11bcd
591,328,03502fb599d4b513036ade56d0eac06e8cbd5ade6a2adbf028d5e2e588a11bcd
592,328,03502fb599d4b513036ade56d0eac06e8cbd5ade6a2adbf028d5e2e588a11bcd
593,328,03502fb599d4b513036ade56d0eac06e8cbd5ade6a2adbf028d5e2e588a11bcd
594,328,03502fb599d4b513036ade56d0eac06e8cbd5ade6a2adbf028d5e2e588a11bcd
595,328,03502fb599d4b513036ade56d0eac06e8cbd5ade6a2adbf028d5e2e588a11bcd
596,328,03502fb599d4b513036ade56d0eac06e8cbd5ade6a2adbf028d5e2e588a11bcd
597,328,03502fb599d4b513036ade56d0eac06e8cbd5ade6a2adbf028d5e2e588a11bcd
598,328,03502fb599d4b513036ade56d0eac06e8cbd5ade6a2adbf028d5e2e588a11bcd
599,328,03502fb599d4b513036ade56d0eac06e8cbd5ade6a2adbf028d5e2e588a11bcd
600,328,03502fb599d4b513036ade56d0eac06e8cbd5ade6a2adbf028d5e2e588a11bcd
244,329,03502fb599d4b513036ade56d0eac06e8cbd5ade6a2adbf028d5e2e588a11bcd
271,329,03502fb599d4b513036ade56d0eac06e8cbd5ade6a2adbf028d5e2e588a11bcd
415,329,03502fb599d4b513036ade56d0eac06e8cbd5ade6a2adbf028d5e2e588a11bcd
491,329,03502fb599d4b513036ade56d0eac06e8cbd5ade6a2adbf028d5e2e588a11bcd
581,329,03502fb599d4b513036ade56d0eac06e8cbd5ade6a2adbf028d5e2e588a11bcd
582,329,03502fb599d4b513036ade56d0eac06e8cbd5ade6a2adbf028d5e2e588a11bcd
583,329,03502fb599d4b513036ade56d0eac06e8cbd5ade6a2adbf028d5e2e588a11bcd
584,329,03502fb599d4b513036ade56d0eac06e8cbd5ade6a2adbf028d5e2e588a11bcd
585,329,03502fb599d4b513036ade56d0eac06e8cbd5ade6a2adbf028d5e2e588a11bcd
586,329,03502fb599d4b513036ade56d0eac06e8cbd5ade6a2adbf028d5e2e588a11bcd
587,329,03502fb599d4b513036ade56d0eac06e8cbd5ade6a2adbf028d5e2e588a11bcd
588,329,03502fb599d4b513036ade56d0eac06e8cbd5ade6a2adbf028d5e2e588a11bcd
589,329,03502fb599d4b513036ade56d0eac06e8cbd5ade6a2adbf028d5e2e588a11bcd
590,329,03502fb599d4b513036ade56d0eac06e8cbd5ade6a2adbf028d5e2e588a11bcd
591,329,03502fb599d4b513036ade56d0eac06e8cbd5ade6a2adbf028d5e2e588a11bcd
592,329,03502fb599d4b513036ade56d0eac06e8cbd5ade6a2adbf028d5e2e588a11bcd
593,329,03502fb599d4b513036ade56d0eac06e8cbd5ade6a2adbf028d5e2e588a11bcd
594,329,03502fb599d4b513036ade56d0eac06e8cbd5ade6a2adbf028d5e2e588a11bcd
595,329,03502fb599d4b513036ade56d0eac06e8cbd5ade6a2adbf028d5e2e588a11bcd
596,329,03502fb599d4b513036ade56d0eac06e8cbd5ade6a2adbf028d5e2e588a11bcd
597,329,03502fb599d4b513036ade56d0eac06e8cbd5ade6a2adbf028d5e2e588a11bcd
598,329,03502fb599d4b513036ade56d0eac06e8cbd5ade6a2adbf028d5e2e588a11bcd
599,329,03502fb599d4b513036ade56d0eac06e8cbd5ade6a2adbf028d5e2e588a11bcd
600,329,03502fb599d4b513036ade56d0eac06e8cbd5ade6a2adbf028d5e2e588a11bcd
244,330,03502fb599d4b513036ade56d0eac06e8cbd5ade6a2adbf028d5e2e588a11bcd
271,330,03502fb599d4b513036ade56d0eac06e8cbd5ade6a2adbf028d5e2e588a11bcd
415,330,03502fb599d4b513036ade56d0eac06e8cbd5ade6a2adbf028d5e2e588a11bcd
491,330,03502fb599d4b513036ade56d0eac06e8cbd5ade6a2adbf028d5e2e588a11bcd
581,330,03502fb599d4b513036ade56d0eac06e8cbd5ade6a2adbf028d5e2e588a11bcd
582,330,03502fb599d4b513036ade56d0eac06e8cbd5ade6a2adbf028d5e2e588a11bcd
583,330,03502fb599d4b513036ade56d0eac06e8cbd5ade6a2adbf028d5e2e588a11bcd
584,330,03502fb599d4b513036ade56d0eac06e8cbd5ade6a2adbf028d5e2e588a11bcd
585,330,03502fb599d4b513036ade56d0eac06e8cbd5ade6a2adbf028d5e2e588a11bcd
586,330,03502fb599d4b513036ade56d0eac06e8cbd5ade6a2adbf028d5e2e588a11bcd
587,330,03502fb599d4b513036ade56d0eac06e8cbd5ade6a2adbf028d5e2e588a11bcd
588,330,03502fb599d4b513036ade56d0eac06e8cbd5ade6a2adbf028d5e2e588a11bcd
589,330,03502fb599d4b513036ade56d0eac06e8cbd5ade6a2adbf028d5e2e588a11bcd
590,330,03502fb599d4b513036ade56d0eac06e8cbd5ade6a2adbf028d5e2e588a11bcd
591,330,03502fb599d4b513036ade56d0eac06e8cbd5ade6a2adbf028d5e2e588a11bcd
592,330,03502fb599d4b513036ade56d0eac06e8cbd5ade6a2adbf028d5e2e588a11bcd
593,330,03502fb599d4b513036ade56d0eac06e8cbd5ade6a2adbf028d5e2e588a11bcd
594,330,03502fb599d4b513036ade56d0eac06e8cbd5ade6a2adbf028d5e2e588a11bcd
595,330,03502fb599d4b513036ade56d0eac06e8cbd5ade6a2adbf028d5e2e588a11bcd
596,330,03502fb599d4b513036ade56d0eac06e8cbd5ade6a2adbf028d5e2e588a11bcd
597,330,03502fb599d4b513036ade56d0eac06e8cbd5ade6a2adbf028d5e2e588a11bcd
598,330,03502fb599d4b513036ade56d0eac06e8cbd5ade6a2adbf028d5e2e588a11bcd
599,330,03502fb599d4b513036ade56d0eac06e8cbd5ade6a2adbf028d5e2e588a11bcd
600,330,03502fb599d4b513036ade56d0eac06e8cbd5ade6a2adbf028d5e2e588a11bcd
244,331,03502fb599d4b513036ade56d0eac06e8cbd5ade6a2adbf028d5e2e588a11bcd
271,331,03502fb599d4b513036ade56d0eac06e8cbd5ade6a2adbf028d5e2e588a11bcd
415,331,03502fb599d4b513036ade56d0eac06e8cbd5ade6a2adbf028d5e2e588a11bcd
491,331,03502fb599d4b513036ade56d0eac06e8cbd5ade6a2adbf028d5e2e588a11bcd
581,331,03502fb599d4b513036ade56d0eac06e8cbd5ade6a2adbf028d5e2e588a11bcd
582,331,03502fb599d4b513036ade56d0eac06e8cbd5ade6a2adbf028d5e2e588a11bcd
583,331,03502fb599d4b513036ade56d0eac06e8cbd5ade6a2adbf028d5e2e588a11bcd
584,331,03502fb599d4b513036ade56d0eac06e8cbd5ade6a2adbf028d5e2e588a11bcd
585,331,03502fb599d4b513036ade56d0eac06e8cbd5ade6a2adbf028d5e2e588a11bcd
586,331,03502fb599d4b513036ade56d0eac06e8cbd5ade6a2adbf028d5e2e588a11bcd
587,331,03502fb599d4b513036ade56d0eac06e8cbd5ade6a2adbf028d5e2e588a11bcd
588,331,03502fb599d4b513036ade56d0eac06e8cbd5ade6a2adbf028d5e2e588a11bcd
589,331,03502fb599d4b513036ade56d0eac06e8cbd5ade6a2adbf028d5e2e588a11bcd
590,331,03502fb599d4b513036ade56d0eac06e8cbd5ade6a2adbf028d5e2e588a11bcd
591,331,03502fb599d4b513036ade56d0eac06e8cbd5ade6a2adbf028d5e2e588a11bcd
592,331,03502fb599d4b513036ade56d0eac06e8cbd5ade6a2adbf028d5e2e588a11bcd
593,331,03502fb599d4b513036ade56d0eac06e8cbd5ade6a2adbf028d5e2e588a11bcd
594,331,03502fb599d4b513036ade56d0eac06e8cbd5ade6a2adbf028d5e2e588a11bcd
595,331,03502fb599d4b513036ade56d0eac06e8cbd5ade6a2adbf028d5e2e588a11bcd
596,331,03502fb599d4b513036ade56d0eac06e8cbd5ade6a2adbf028d5e2e588a11bcd
597,331,03502fb599d4b513036ade56d0eac06e8cbd5ade6a2adbf028d5e2e588a11bcd
598,331,03502fb599d4b513036ade56d0eac06e8cbd5ade6a2adbf028d5e2e588a11bcd
599,331,03502fb599d4b513036ade56d0eac06e8cbd5ade6a2adbf028d5e2e588a11bcd
600,331,03502fb599d4b513036ade56d0eac06e8cbd5ade6a2adbf028d5e2e588a11bcd
244,332,03502fb599d4b513036ade56d0eac06e8cbd5ade6a2adbf028d5e2e588a11bcd
271,332,03502fb599d4b513036ade56d0eac06e8cbd5ade6a2adbf028d5e2e588a11bcd
415,332,03502fb599d4b513036ade56d0eac06e8cbd5ade6a2adbf028d5e2e588a11bcd
416,332,03502fb599d4b513036ade56d0eac06e8cbd5ade6a2adbf028d5e2e588a11bcd
417,332,03502fb599d4b513036ade56d0eac06e8cbd5ade6a2adbf028d5e2e588a11bcd
418,332,03502fb599d4b513036ade56d0eac06e8cbd5ade6a2adbf028d5e2e588a11bcd
419,332,03502fb599d4b513036ade56d0eac06e8cbd5ade6a2adbf028d5e2e588a11bcd
420,332,03502fb599d4b513036ade56d0eac06e8cbd5ade6a2adbf028d5e2e588a11bcd
421,332,03502fb599d4b513036ade56d0eac06e8cbd5ade6a2adbf028d5e2e588a11bcd
422,332,03502fb599d4b513036ade56d0eac06e8cbd5ade6a2adbf028d5e2e588a11bcd
423,332,03502fb599d4b513036ade56d0eac06e8cbd5ade6a2adbf028d5e2e588a11bcd
424,332,03502fb599d4b513036ade56d0eac06e8cbd5ade6a2adbf028d5e2e588a11bcd
425,332,03502fb599d4b513036ade56d0eac06e8cbd5ade6a2adbf028d5e2e588a11bcd
426,332,03502fb599d4b513036ade56d0eac06e8cbd5ade6a2adbf028d5e2e588a11bcd
427,332,03502fb599d4b513036ade56d0eac06e8cbd5ade6a2adbf028d5e2e588a11bcd
428,332,03502fb599d4b513036ade56d0eac06e8cbd5ade6a2adbf028d5e2e588a11bcd
429,332,03502fb599d4b513036ade56d0eac06e8cbd5ade6a2adbf028d5e2e588a11bcd
430,332,03502fb599d4b513036ade56d0eac06e8cbd5ade6a2adbf028d5e2e588a11bcd
431,332,03502fb599d4b513036ade56d0eac06e8cbd5ade6a2adbf028d5e2e588a11bcd
432,332,03502fb599d4b513036ade56d0eac06e8cbd5ade6a2adbf028d5e2e588a11bcd
433,332,03502fb599d4b513036ade56d0eac06e8cbd5ade6a2adbf028d5e2e588a11bcd
434,332,03502fb599d4b513036ade56d0eac06e8cbd5ade6a2adbf028d5e2e588a11bcd
435,332,03502fb599d4b513036ade56d0eac06e8cbd5ade6a2adbf028d5e2e588a11bcd
436,332,03502fb599d4b513036ade56d0eac06e8cbd5ade6a2adbf028d5e2e588a11bcd
437,332,03502fb599d4b513036ade56d0eac06e8cbd5ade6a2adbf028d5e2e588a11bcd
438,332,03502fb599d4b513036ade56d0eac06e8cbd5ade6a2adbf028d5e2e588a11bcd
439,332,03502fb599d4b513036ade56d0eac06e8cbd5ade6a2adbf028d5e2e588a11bcd
440,332,03502fb599d4b513036ade56d0eac06e8cbd5ade6a2adbf028d5e2e588a11bcd
441,332,03502fb599d4b513036ade56d0eac06e8cbd5ade6a2adbf028d5e2e588a11bcd
442,332,03502fb599d4b513036ade56d0eac06e8cbd5ade6a2adbf028d5e2e588a11bcd
443,332,03502fb599d4b513036ade56d0eac06e8cbd5ade6a2adbf028d5e2e588a11bcd
444,332,03502fb599d4b513036ade56d0eac06e8cbd5ade6a2adbf028d5e2e588a11bcd
445,332,03502fb599d4b513036ade56d0eac06e8cbd5ade6a2adbf028d5e2e588a11bcd
446,332,03502fb599d4b513036ade56d0eac06e8cbd5ade6a2adbf028d5e2e588a11bcd
447,332,03502fb599d4b513036ade56d0eac06e8cbd5ade6a2adbf028d5e2e588a11bcd
448,332,03502fb599d4b513036ade56d0eac06e8cbd5ade6a2adbf028d5e2e588a11bcd
449,332,03502fb599d4b513036ade56d0eac06e8cbd5ade6a2adbf028d5e2e588a11bcd
450,332,03502fb599d4b513036ade56d0eac06e8cbd5ade6a2adbf028d5e2e588a11bcd
451,332,03502fb599d4b513036ade56d0eac06e8cbd5ade6a2adbf028d5e2e588a11bcd
452,332,03502fb599d4b513036ade56d0eac06e8cbd5ade6a2adbf028d5e2e588a11bcd
453,332,03502fb599d4b513036ade56d0eac06e8cbd5ade6a2adbf028d5e2e588a11bcd
454,332,03502fb599d4b513036ade56d0eac06e8cbd5ade6a2adbf028d5e2e588a11bcd
455,332,03502fb599d4b513036ade56d0eac06e8cbd5ade6a2adbf028d5e2e588a11bcd
456,332,03502fb599d4b513036ade56d0eac06e8cbd5ade6a2adbf028d5e2e588a11bcd
457,332,03502fb599d4b513036ade56d0eac06e8cbd5ade6a2adbf028d5e2e588a11bcd
458,332,03502fb599d4b513036ade56d0eac06e8cbd5ade6a2adbf028d5e2e588a11bcd
459,332,03502fb599d4b513036ade56d0eac06e8cbd5ade6a2adbf028d5e2e588a11bcd
460,332,03502fb599d4b513036ade56d0eac06e8cbd5ade6a2adbf028d5e2e588a11bcd
461,332,03502fb599d4b513036ade56d0eac06e8cbd5ade6a2adbf028d5e2e588a11bcd
462,332,03502fb599d4b513036ade56d0eac06e8cbd5ade6a2adbf028d5e2e588a11bcd
463,332,03502fb599d4b513036ade56d0eac06e8cbd5ade6a2adbf028d5e2e588a11bcd
464,332,03502fb599d4b513036ade56d0eac06e8cbd5ade6a2adbf028d5e2e588a11bcd
465,332,03502fb599d4b513036ade56d0eac06e8cbd5ade6a2adbf028d5e2e588a11bcd
466,332,03502fb599d4b513036ade56d0eac06e8cbd5ade6a2adbf028d5e2e588a11bcd
467,332,03502fb599d4b513036ade56d0eac06e8cbd5ade6a2adbf028d5e2e588a11bcd
468,332,03502fb599d4b513036ade56d0eac06e8cbd5ade6a2adbf028d5e2e588a11bcd
469,332,03502fb599d4b513036ade56d0eac06e8cbd5ade6a2adbf028d5e2e588a11bcd
470,332,03502fb599d4b513036ade56d0eac06e8cbd5ade6a2adbf028d5e2e588a11bcd
471,332,03502fb599d4b513036ade56d0eac06e8cbd5ade6a2adbf028d5e2e588a11bcd
472,332,03502fb599d4b513036ade56d0eac06e8cbd5ade6a2adbf028d5e2e588a11bcd
473,332,03502fb599d4b513036ade56d0eac06e8cbd5ade6a2adbf028d5e2e588a11bcd
474,332,03502fb599d4b513036ade56d0eac06e8cbd5ade6a2adbf028d5e2e588a11bcd
475,332,03502fb599d4b513036ade56d0eac06e8cbd5ade6a2adbf028d5e2e588a11bcd
476,332,03502fb599d4b513036ade56d0eac06e8cbd5ade6a2adbf028d5e2e588a11bcd
477,332,03502fb599d4b513036ade56d0eac06e8cbd5ade6a2adbf028d5e2e588a11bcd
478,332,03502fb599d4b513036ade56d0eac06e8cbd5ade6a2adbf028d5e2e588a11bcd
479,332,03502fb599d4b513036ade56d0eac06e8cbd5ade6a2adbf028d5e2e588a11bcd
480,332,03502fb599d4b513036ade56d0eac06e8cbd5ade6a2adbf028d5e2e588a11bcd
481,332,03502fb599d4b513036ade56d0eac06e8cbd5ade6a2adbf028d5e2e588a11bcd
482,332,03502fb599d4b513036ade56d0eac06e8cbd5ade6a2adbf028d5e2e588a11bcd
483,332,03502fb599d4b513036ade56d0eac06e8cbd5ade6a2adbf028d5e2e588a11bcd
484,332,03502fb599d4b513036ade56d0eac06e8cbd5ade6a2adbf028d5e2e588a11bcd
485,332,03502fb599d4b513036ade56d0eac06e8cbd5ade6a2adbf028d5e2e588a11bcd
486,332,03502fb599d4b513036ade56d0eac06e8cbd5ade6a2adbf028d5e2e588a11bcd
487,332,03502fb599d4b513036ade56d0eac06e8cbd5ade6a2adbf028d5e2e588a11bcd
488,332,03502fb599d4b513036ade56d0eac06e8cbd5ade6a2adbf028d5e2e588a11bcd
489,332,03502fb599d4b513036ade56d0eac06e8cbd5ade6a2adbf028d5e2e588a11bcd
490,332,03502fb599d4b513036ade56d0eac06e8cbd5ade6a2adbf028d5e2e588a11bcd
491,332,03502fb599d4b513036ade56d0eac06e8cbd5ade6a2adbf028d5e2e588a11bcd
492,332,03502fb599d4b513036ade56d0eac06e8cbd5ade6a2adbf028d5e2e588a11bcd
493,332,03502fb599d4b513036ade56d0eac06e8cbd5ade6a2adbf028d5e2e588a11bcd
494,332,03502fb599d4b513036ade56d0eac06e8cbd5ade6a2adbf028d5e2e588a11bcd
495,332,03502fb599d4b513036ade56d0eac06e8cbd5ade6a2adbf028d5e2e588a11bcd
496,332,03502fb599d4b513036ade56d0eac06e8cbd5ade6a2adbf028d5e2e588a11bcd
497,332,03502fb599d4b513036ade56d0eac06e8cbd5ade6a2adbf028d5e2e588a11bcd
498,332,03502fb599d4b513036ade56d0eac06e8cbd5ade6a2adbf028d5e2e588a11bcd
499,332,03502fb599d4b513036ade56d0eac06e8cbd5ade6a2adbf028d5e2e588a11bcd
500,332,03502fb599d4b513036ade56d0eac06e8cbd5ade6a2adbf028d5e2e588a11bcd
501,332,03502fb599d4b513036ade56d0eac06e8cbd5ade6a2adbf028d5e2e588a11bcd
502,332,03502fb599d4b513036ade56d0eac06e8cbd5ade6a2adbf028d5e2e588a11bcd
503,332,03502fb599d4b513036ade56d0eac06e8cbd5ade6a2adbf028d5e2e588a11bcd
504,332,03502fb599d4b513036ade56d0eac06e8cbd5ade6a2adbf028d5e2e588a11bcd
505,332,03502fb599d4b513036ade56d0eac06e8cbd5ade6a2adbf028d5e2e588a11bcd
506,332,03502fb599d4b513036ade56d0eac06e8cbd5ade6a2adbf028d5e2e588a11bcd
507,332,03502fb599d4b513036ade56d0eac06e8cbd5ade6a2adbf028d5e2e588a11bcd
508,332,03502fb599d4b513036ade56d0eac06e8cbd5ade6a2adbf028d5e2e588a11bcd
509,332,03502fb599d4b513036ade56d0eac06e8cbd5ade6a2adbf028d5e2e588a11bcd
510,332,03502fb599d4b513036ade56d0eac06e8cbd5ade6a2adbf028d5e2e588a11bcd
511,332,03502fb599d4b513036ade56d0eac06e8cbd5ade6a2adbf028d5e2e588a11bcd
512,332,03502fb599d4b513036ade56d0eac06e8cbd5ade6a2adbf028d5e2e588a11bcd
513,332,03502fb599d4b513036ade56d0eac06e8cbd5ade6a2adbf028d5e2e588a11bcd
514,332,03502fb599d4b513036ade56d0eac06e8cbd5ade6a2adbf028d5e2e588a11bcd
515,332,03502fb599d4b513036ade56d0eac06e8cbd5ade6a2adbf028d5e2e588a11bcd
516,332,03502fb599d4b513036ade56d0eac06e8cbd5ade6a2adbf028d5e2e588a11bcd
517,332,03502fb599d4b513036ade56d0eac06e8cbd5ade6a2adbf028d5e2e588a11bcd
518,332,03502fb599d4b513036ade56d0eac06e8cbd5ade6a2adbf028d5e2e588a11bcd
519,332,03502fb599d4b513036ade56d0eac06e8cbd5ade6a2adbf028d5e2e588a11bcd
520,332,03502fb599d4b513036ade56d0eac06e8cbd5ade6a2adbf028d5e2e588a11bcd
521,332,03502fb599d4b513036ade56d0eac06e8cbd5ade6a2adbf028d5e2e588a11bcd
522,332,03502fb599d4b513036ade56d0eac06e8cbd5ade6a2adbf028d5e2e588a11bcd
523,332,03502fb599d4b513036ade56d0eac06e8cbd5ade6a2adbf028d5e2e588a11bcd
524,332,03502fb599d4b513036ade56d0eac06e8cbd5ade6a2adbf028d5e2e588a11bcd
525,332,03502fb599d4b513036ade56d0eac06e8cbd5ade6a2adbf028d5e2e588a11bcd
526,332,03502fb599d4b513036ade56d0eac06e8cbd5ade6a2adbf028d5e2e588a11bcd
527,332,03502fb599d4b513036ade56d0eac06e8cbd5ade6a2adbf028d5e2e588a11bcd
528,332,03502fb599d4b513036ade56d0eac06e8cbd5ade6a2adbf028d5e2e588a11bcd
529,332,03502fb599d4b513036ade56d0eac06e8cbd5ade6a2adbf028d5e2e588a11bcd
530,332,03502fb599d4b513036ade56d0eac06e8cbd5ade6a2adbf028d5e2e588a11bcd
531,332,03502fb599d4b513036ade56d0eac06e8cbd5ade6a2adbf028d5e2e588a11bcd
532,332,03502fb599d4b513036ade56d0eac06e8cbd5ade6a2adbf028d5e2e588a11bcd
533,332,03502fb599d4b513036ade56d0eac06e8cbd5ade6a2adbf028d5e2e588a11bcd
534,332,03502fb599d4b513036ade56d0eac06e8cbd5ade6a2adbf028d5e2e588a11bcd
535,332,03502fb599d4b513036ade56d0eac06e8cbd5ade6a2adbf028d5e2e588a11bcd
536,332,03502fb599d4b513036ade56d0eac06e8cbd5ade6a2adbf028d5e2e588a11bcd
537,332,03502fb599d4b513036ade56d0eac06e8cbd5ade6a2adbf028d5e2e588a11bcd
538,332,03502fb599d4b513036ade56d0eac06e8cbd5ade6a2adbf028d5e2e588a11bcd
539,332,03502fb599d4b513036ade56d0eac06e8cbd5ade6a2adbf028d5e2e588a11bcd
540,332,03502fb599d4b513036ade56d0eac06e8cbd5ade6a2adbf028d5e2e588a11bcd
541,332,03502fb599d4b513036ade56d0eac06e8cbd5ade6a2adbf028d5e2e588a11bcd
542,332,03502fb599d4b513036ade56d0eac06e8cbd5ade6a2adbf028d5e2e588a11bcd
543,332,03502fb599d4b513036ade56d0eac06e8cbd5ade6a2adbf028d5e2e588a11bcd
544,332,03502fb599d4b513036ade56d0eac06e8cbd5ade6a2adbf028d5e2e588a11bcd
545,332,03502fb599d4b513036ade56d0eac06e8cbd5ade6a2adbf028d5e2e588a11bcd
546,332,03502fb599d4b513036ade56d0eac06e8cbd5ade6a2adbf028d5e2e588a11bcd
547,332,03502fb599d4b513036ade56d0eac06e8cbd5ade6a2adbf028d5e2e588a11bcd
548,332,03502fb599d4b513036ade56d0eac06e8cbd5ade6a2adbf028d5e2e588a11bcd
549,332,03502fb599d4b513036ade56d0eac06e8cbd5ade6a2adbf028d5e2e588a11bcd
550,332,03502fb599d4b513036ade56d0eac06e8cbd5ade6a2adbf028d5e2e588a11bcd
551,332,03502fb599d4b513036ade56d0eac06e8cbd5ade6a2adbf028d5e2e588a11bcd
552,332,03502fb599d4b513036ade56d0eac06e8cbd5ade6a2adbf028d5e2e588a11bcd
553,332,03502fb599d4b513036ade56d0eac06e8cbd5ade6a2adbf028d5e2e588a11bcd
554,332,03502fb599d4b513036ade56d0eac06e8cbd5ade6a2adbf028d5e2e588a11bcd
555,332,03502fb599d4b513036ade56d0eac06e8cbd5ade6a2adbf028d5e2e588a11bcd
556,332,03502fb599d4b513036ade56d0eac06e8cbd5ade6a2adbf028d5e2e588a11bcd
557,332,03502fb599d4b513036ade56d0eac06e8cbd5ade6a2adbf028d5e2e588a11bcd
558,332,03502fb599d4b513036ade56d0eac06e8cbd5ade6a2adbf028d5e2e588a11bcd
559,332,03502fb599d4b513036ade56d0eac06e8cbd5ade6a2adbf028d5e2e588a11bcd
560,332,03502fb599d4b513036ade56d0eac06e8cbd5ade6a2adbf028d5e2e588a11bcd
561,332,03502fb599d4b513036ade56d0eac06e8cbd5ade6a2adbf028d5e2e588a11bcd
562,332,03502fb599d4b513036ade56d0eac06e8cbd5ade6a2adbf028d5e2e588a11bcd
563,332,03502fb599d4b513036ade56d0eac06e8cbd5ade6a2adbf028d5e2e588a11bcd
564,332,03502fb599d4b513036ade56d0eac06e8cbd5ade6a2adbf028d5e2e588a11bcd
565,332,03502fb599d4b513036ade56d0eac06e8cbd5ade6a2adbf028d5e2e588a11bcd
566,332,03502fb599d4b513036ade56d0eac06e8cbd5ade6a2adbf028d5e2e588a11bcd
567,332,03502fb599d4b513036ade56d0eac06e8cbd5ade6a2adbf028d5e2e588a11bcd
568,332,03502fb599d4b513036ade56d0eac06e8cbd5ade6a2adbf028d5e2e588a11bcd
569,332,03502fb599d4b513036ade56d0eac06e8cbd5ade6a2adbf028d5e2e588a11bcd
570,332,03502fb599d4b513036ade56d0eac06e8cbd5ade6a2adbf028d5e2e588a11bcd
571,332,03502fb599d4b513036ade56d0eac06e8cbd5ade6a2adbf028d5e2e588a11bcd
572,332,03502fb599d4b513036ade56d0eac06e8cbd5ade6a2adbf028d5e2e588a11bcd
573,332,03502fb599d4b513036ade56d0eac06e8cbd5ade6a2adbf028d5e2e588a11bcd
574,332,03502fb599d4b513036ade56d0eac06e8cbd5ade6a2adbf028d5e2e588a11bcd
575,332,03502fb599d4b513036ade56d0eac06e8cbd5ade6a2adbf028d5e2e588a11bcd
576,332,03502fb599d4b513036ade56d0eac06e8cbd5ade6a2adbf028d5e2e588a11bcd
577,332,03502fb599d4b513036ade56d0eac06e8cbd5ade6a2adbf028d5e2e588a11bcd
578,332,03502fb599d4b513036ade56d0eac06e8cbd5ade6a2adbf028d5e2e588a11bcd
579,332,03502fb599d4b513036ade56d0eac06e8cbd5ade6a2adbf028d5e2e588a11bcd
580,332,03502fb599d4b513036ade56d0eac06e8cbd5ade6a2adbf028d5e2e588a11bcd
581,332,03502fb599d4b513036ade56d0eac06e8cbd5ade6a2adbf028d5e2e588a11bcd
582,332,03502fb599d4b513036ade56d0eac06e8cbd5ade6a2adbf028d5e2e588a11bcd
583,332,03502fb599d4b513036ade56d0eac06e8cbd5ade6a2adbf028d5e2e588a11bcd
584,332,03502fb599d4b513036ade56d0eac06e8cbd5ade6a2adbf028d5e2e588a11bcd
585,332,03502fb599d4b513036ade56d0eac06e8cbd5ade6a2adbf028d5e2e588a11bcd
586,332,03502fb599d4b513036ade56d0eac06e8cbd5ade6a2adbf028d5e2e588a11bcd
587,332,03502fb599d4b513036ade56d0eac06e8cbd5ade6a2adbf028d5e2e588a11bcd
588,332,03502fb599d4b513036ade56d0eac06e8cbd5ade6a2adbf028d5e2e588a11bcd
589,332,03502fb599d4b513036ade56d0eac06e8cbd5ade6a2adbf028d5e2e588a11bcd
590,332,03502fb599d4b513036ade56d0eac06e8cbd5ade6a2adbf028d5e2e588a11bcd
591,332,03502fb599d4b513036ade56d0eac06e8cbd5ade6a2adbf028d5e2e588a11bcd
592,332,03502fb599d4b513036ade56d0eac06e8cbd5ade6a2adbf028d5e2e588a11bcd
593,332,03502fb599d4b513036ade56d0eac06e8cbd5ade6a2adbf028d5e2e588a11bcd
594,332,03502fb599d4b513036ade56d0eac06e8cbd5ade6a2adbf028d5e2e588a11bcd
595,332,03502fb599d4b513036ade56d0eac06e8cbd5ade6a2adbf028d5e2e588a11bcd
596,332,03502fb599d4b513036ade56d0eac06e8cbd5ade6a2adbf028d5e2e588a11bcd
597,332,03502fb599d4b513036ade56d0eac06e8cbd5ade6a2adbf028d5e2e588a11bcd
598,332,03502fb599d4b513036ade56d0eac06e8cbd5ade6a2adbf028d5e2e588a11bcd
599,332,03502fb599d4b513036ade56d0eac06e8cbd5ade6a2adbf028d5e2e588a11bcd
600,332,03502fb599d4b513036ade56d0eac06e8cbd5ade6a2adbf028d5e2e588a11bcd
244,333,03502fb599d4b513036ade56d0eac06e8cbd5ade6a2adbf028d5e2e588a11bcd
271,333,03502fb599d4b513036ade56d0eac06e8cbd5ade6a2adbf028d5e2e588a11bcd
415,333,03502fb599d4b513036ade56d0eac06e8cbd5ade6a2adbf028d5e2e588a11bcd
416,333,03502fb599d4b513036ade56d0eac06e8cbd5ade6a2adbf028d5e2e588a11bcd
417,333,03502fb599d4b513036ade56d0eac06e8cbd5ade6a2adbf028d5e2e588a11bcd
418,333,03502fb599d4b513036ade56d0eac06e8cbd5ade6a2adbf028d5e2e588a11bcd
419,333,03502fb599d4b513036ade56d0eac06e8cbd5ade6a2adbf028d5e2e588a11bcd
420,333,03502fb599d4b513036ade56d0eac06e8cbd5ade6a2adbf028d5e2e588a11bcd
421,333,03502fb599d4b513036ade56d0eac06e8cbd5ade6a2adbf028d5e2e588a11bcd
422,333,03502fb599d4b513036ade56d0eac06e8cbd5ade6a2adbf028d5e2e588a11bcd
423,333,03502fb599d4b513036ade56d0eac06e8cbd5ade6a2adbf028d5e2e588a11bcd
424,333,03502fb599d4b513036ade56d0eac06e8cbd5ade6a2adbf028d5e2e588a11bcd
425,333,03502fb599d4b513036ade56d0eac06e8cbd5ade6a2adbf028d5e2e588a11bcd
426,333,03502fb599d4b513036ade56d0eac06e8cbd5ade6a2adbf028d5e2e588a11bcd
427,333,03502fb599d4b513036ade56d0eac06e8cbd5ade6a2adbf028d5e2e588a11bcd
428,333,03502fb599d4b513036ade56d0eac06e8cbd5ade6a2adbf028d5e2e588a11bcd
429,333,03502fb599d4b513036ade56d0eac06e8cbd5ade6a2adbf028d5e2e588a11bcd
430,333,03502fb599d4b513036ade56d0eac06e8cbd5ade6a2adbf028d5e2e588a11bcd
431,333,03502fb599d4b513036ade56d0eac06e8cbd5ade6a2adbf028d5e2e588a11bcd
432,333,03502fb599d4b513036ade56d0eac06e8cbd5ade6a2adbf028d5e2e588a11bcd
433,333,03502fb599d4b513036ade56d0eac06e8cbd5ade6a2adbf028d5e2e588a11bcd
434,333,03502fb599d4b513036ade56d0eac06e8cbd5ade6a2adbf028d5e2e588a11bcd
435,333,03502fb599d4b513036ade56d0eac06e8cbd5ade6a2adbf028d5e2e588a11bcd
436,333,03502fb599d4b513036ade56d0eac06e8cbd5ade6a2adbf028d5e2e588a11bcd
437,333,03502fb599d4b513036ade56d0eac06e8cbd5ade6a2adbf028d5e2e588a11bcd
438,333,03502fb599d4b513036ade56d0eac06e8cbd5ade6a2adbf028d5e2e588a11bcd
439,333,03502fb599d4b513036ade56d0eac06e8cbd5ade6a2adbf028d5e2e588a11bcd
440,333,03502fb599d4b513036ade56d0eac06e8cbd5ade6a2adbf028d5e2e588a11bcd
441,333,03502fb599d4b513036ade56d0eac06e8cbd5ade6a2adbf028d5e2e588a11bcd
442,333,03502fb599d4b513036ade56d0eac06e8cbd5ade6a2adbf028d5e2e588a11bcd
443,333,03502fb599d4b513036ade56d0eac06e8cbd5ade6a2adbf028d5e2e588a11bcd
444,333,03502fb599d4b513036ade56d0eac06e8cbd5ade6a2adbf028d5e2e588a11bcd
445,333,03502fb599d4b513036ade56d0eac06e8cbd5ade6a2adbf028d5e2e588a11bcd
446,333,03502fb599d4b513036ade56d0eac06e8cbd5ade6a2adbf028d5e2e588a11bcd
447,333,03502fb599d4b513036ade56d0eac06e8cbd5ade6a2adbf028d5e2e588a11bcd
448,333,03502fb599d4b513036ade56d0eac06e8cbd5ade6a2adbf028d5e2e588a11bcd
449,333,03502fb599d4b513036ade56d0eac06e8cbd5ade6a2adbf028d5e2e588a11bcd
450,333,03502fb599d4b513036ade56d0eac06e8cbd5ade6a2adbf028d5e2e588a11bcd
451,333,03502fb599d4b513036ade56d0eac06e8cbd5ade6a2adbf028d5e2e588a11bcd
452,333,03502fb599d4b513036ade56d0eac06e8cbd5ade6a2adbf028d5e2e588a11bcd
453,333,03502fb599d4b513036ade56d0eac06e8cbd5ade6a2adbf028d5e2e588a11bcd
454,333,03502fb599d4b513036ade56d0eac06e8cbd5ade6a2adbf028d5e2e588a11bcd
455,333,03502fb599d4b513036ade56d0eac06e8cbd5ade6a2adbf028d5e2e588a11bcd
456,333,03502fb599d4b513036ade56d0eac06e8cbd5ade6a2adbf028d5e2e588a11bcd
457,333,03502fb599d4b513036ade56d0eac06e8cbd5ade6a2adbf028d5e2e588a11bcd
458,333,03502fb599d4b513036ade56d0eac06e8cbd5ade6a2adbf028d5e2e588a11bcd
459,333,03502fb599d4b513036ade56d0eac06e8cbd5ade6a2adbf028d5e2e588a11bcd
460,333,03502fb599d4b513036ade56d0eac06e8cbd5ade6a2adbf028d5e2e588a11bcd
461,333,03502fb599d4b513036ade56d0eac06e8cbd5ade6a2adbf028d5e2e588a11bcd
462,333,03502fb599d4b513036ade56d0eac06e8cbd5ade6a2adbf028d5e2e588a11bcd
463,333,03502fb599d4b513036ade56d0eac06e8cbd5ade6a2adbf028d5e2e588a11bcd
464,333,03502fb599d4b513036ade56d0eac06e8cbd5ade6a2adbf028d5e2e588a11bcd
465,333,03502fb599d4b513036ade56d0eac06e8cbd5ade6a2adbf028d5e2e588a11bcd
466,333,03502fb599d4b513036ade56d0eac06e8cbd5ade6a2adbf028d5e2e588a11bcd
467,333,03502fb599d4b513036ade56d0eac06e8cbd5ade6a2adbf028d5e2e588a11bcd
468,333,03502fb599d4b513036ade56d0eac06e8cbd5ade6a2adbf028d5e2e588a11bcd
469,333,03502fb599d4b513036ade56d0eac06e8cbd5ade6a2adbf028d5e2e588a11bcd
470,333,03502fb599d4b513036ade56d0eac06e8cbd5ade6a2adbf028d5e2e588a11bcd
471,333,03502fb599d4b513036ade56d0eac06e8cbd5ade6a2adbf028d5e2e588a11bcd
472,333,03502fb599d4b513036ade56d0eac06e8cbd5ade6a2adbf028d5e2e588a11bcd
473,333,03502fb599d4b513036ade56d0eac06e8cbd5ade6a2adbf028d5e2e588a11bcd
474,333,03502fb599d4b513036ade56d0eac06e8cbd5ade6a2adbf028d5e2e588a11bcd
475,333,03502fb599d4b513036ade56d0eac06e8cbd5ade6a2adbf028d5e2e588a11bcd
476,333,03502fb599d4b513036ade56d0eac06e8cbd5ade6a2adbf028d5e2e588a11bcd
477,333,03502fb599d4b513036ade56d0eac06e8cbd5ade6a2adbf028d5e2e588a11bcd
478,333,03502fb599d4b513036ade56d0eac06e8cbd5ade6a2adbf028d5e2e588a11bcd
479,333,03502fb599d4b513036ade56d0eac06e8cbd5ade6a2adbf028d5e2e588a11bcd
480,333,03502fb599d4b513036ade56d0eac06e8cbd5ade6a2adbf028d5e2e588a11bcd
481,333,03502fb599d4b513036ade56d0eac06e8cbd5ade6a2adbf028d5e2e588a11bcd
482,333,03502fb599d4b513036ade56d0eac06e8cbd5ade6a2adbf028d5e2e588a11bcd
483,333,03502fb599d4b513036ade56d0eac06e8cbd5ade6a2adbf028d5e2e588a11bcd
484,333,03502fb599d4b513036ade56d0eac06e8cbd5ade6a2adbf028d5e2e588a11bcd
485,333,03502fb599d4b513036ade56d0eac06e8cbd5ade6a2adbf028d5e2e588a11bcd
486,333,03502fb599d4b513036ade56d0eac06e8cbd5ade6a2adbf028d5e2e588a11bcd
487,333,03502fb599d4b513036ade56d0eac06e8cbd5ade6a2adbf028d5e2e588a11bcd
488,333,03502fb599d4b513036ade56d0eac06e8cbd5ade6a2adbf028d5e2e588a11bcd
489,333,03502fb599d4b513036ade56d0eac06e8cbd5ade6a2adbf028d5e2e588a11bcd
490,333,03502fb599d4b513036ade56d0eac06e8cbd5ade6a2adbf028d5e2e588a11bcd
491,333,03502fb599d4b513036ade56d0eac06e8cbd5ade6a2adbf028d5e2e588a11bcd
492,333,03502fb599d4b513036ade56d0eac06e8cbd5ade6a2adbf028d5e2e588a11bcd
493,333,03502fb599d4b513036ade56d0eac06e8cbd5ade6a2adbf028d5e2e588a11bcd
494,333,03502fb599d4b513036ade56d0eac06e8cbd5ade6a2adbf028d5e2e588a11bcd
495,333,03502fb599d4b513036ade56d0eac06e8cbd5ade6a2adbf028d5e2e588a11bcd
496,333,03502fb599d4b513036ade56d0eac06e8cbd5ade6a2adbf028d5e2e588a11bcd
497,333,03502fb599d4b513036ade56d0eac06e8cbd5ade6a2adbf028d5e2e588a11bcd
498,333,03502fb599d4b513036ade56d0eac06e8cbd5ade6a2adbf028d5e2e588a11bcd
499,333,03502fb599d4b513036ade56d0eac06e8cbd5ade6a2adbf028d5e2e588a11bcd
500,333,03502fb599d4b513036ade56d0eac06e8cbd5ade6a2adbf028d5e2e588a11bcd
501,333,03502fb599d4b513036ade56d0eac06e8cbd5ade6a2adbf028d5e2e588a11bcd
502,333,03502fb599d4b513036ade56d0eac06e8cbd5ade6a2adbf028d5e2e588a11bcd
503,333,03502fb599d4b513036ade56d0eac06e8cbd5ade6a2adbf028d5e2e588a11bcd
504,333,03502fb599d4b513036ade56d0eac06e8cbd5ade6a2adbf028d5e2e588a11bcd
505,333,03502fb599d4b513036ade56d0eac06e8cbd5ade6a2adbf028d5e2e588a11bcd
506,333,03502fb599d4b513036ade56d0eac06e8cbd5ade6a2adbf028d5e2e588a11bcd
507,333,03502fb599d4b513036ade56d0eac06e8cbd5ade6a2adbf028d5e2e588a11bcd
508,333,03502fb599d4b513036ade56d0eac06e8cbd5ade6a2adbf028d5e2e588a11bcd
509,333,03502fb599d4b513036ade56d0eac06e8cbd5ade6a2adbf028d5e2e588a11bcd
510,333,03502fb599d4b513036ade56d0eac06e8cbd5ade6a2adbf028d5e2e588a11bcd
511,333,03502fb599d4b513036ade56d0eac06e8cbd5ade6a2adbf028d5e2e588a11bcd
512,333,03502fb599d4b513036ade56d0eac06e8cbd5ade6a2adbf028d5e2e588a11bcd
513,333,03502fb599d4b513036ade56d0eac06e8cbd5ade6a2adbf028d5e2e588a11bcd
514,333,03502fb599d4b513036ade56d0eac06e8cbd5ade6a2adbf028d5e2e588a11bcd
515,333,03502fb599d4b513036ade56d0eac06e8cbd5ade6a2adbf028d5e2e588a11bcd
516,333,03502fb599d4b513036ade56d0eac06e8cbd5ade6a2adbf028d5e2e588a11bcd
517,333,03502fb599d4b513036ade56d0eac06e8cbd5ade6a2adbf028d5e2e588a11bcd
518,333,03502fb599d4b513036ade56d0eac06e8cbd5ade6a2adbf028d5e2e588a11bcd
519,333,03502fb599d4b513036ade56d0eac06e8cbd5ade6a2adbf028d5e2e588a11bcd
520,333,03502fb599d4b513036ade56d0eac06e8cbd5ade6a2adbf028d5e2e588a11bcd
521,333,03502fb599d4b513036ade56d0eac06e8cbd5ade6a2adbf028d5e2e588a11bcd
522,333,03502fb599d4b513036ade56d0eac06e8cbd5ade6a2adbf028d5e2e588a11bcd
523,333,03502fb599d4b513036ade56d0eac06e8cbd5ade6a2adbf028d5e2e588a11bcd
524,333,03502fb599d4b513036ade56d0eac06e8cbd5ade6a2adbf028d5e2e588a11bcd
525,333,03502fb599d4b513036ade56d0eac06e8cbd5ade6a2adbf028d5e2e588a11bcd
526,333,03502fb599d4b513036ade56d0eac06e8cbd5ade6a2adbf028d5e2e588a11bcd
527,333,03502fb599d4b513036ade56d0eac06e8cbd5ade6a2adbf028d5e2e588a11bcd
528,333,03502fb599d4b513036ade56d0eac06e8cbd5ade6a2adbf028d5e2e588a11bcd
529,333,03502fb599d4b513036ade56d0eac06e8cbd5ade6a2adbf028d5e2e588a11bcd
530,333,03502fb599d4b513036ade56d0eac06e8cbd5ade6a2adbf028d5e2e588a11bcd
531,333,03502fb599d4b513036ade56d0eac06e8cbd5ade6a2adbf028d5e2e588a11bcd
532,333,03502fb599d4b513036ade56d0eac06e8cbd5ade6a2adbf028d5e2e588a11bcd
533,333,03502fb599d4b513036ade56d0eac06e8cbd5ade6a2adbf028d5e2e588a11bcd
534,333,03502fb599d4b513036ade56d0eac06e8cbd5ade6a2adbf028d5e2e588a11bcd
535,333,03502fb599d4b513036ade56d0eac06e8cbd5ade6a2adbf028d5e2e588a11bcd
536,333,03502fb599d4b513036ade56d0eac06e8cbd5ade6a2adbf028d5e2e588a11bcd
537,333,03502fb599d4b513036ade56d0eac06e8cbd5ade6a2adbf028d5e2e588a11bcd
538,333,03502fb599d4b513036ade56d0eac06e8cbd5ade6a2adbf028d5e2e588a11bcd
539,333,03502fb599d4b513036ade56d0eac06e8cbd5ade6a2adbf028d5e2e588a11bcd
540,333,03502fb599d4b513036ade56d0eac06e8cbd5ade6a2adbf028d5e2e588a11bcd
541,333,03502fb599d4b513036ade56d0eac06e8cbd5ade6a2adbf028d5e2e588a11bcd
542,333,03502fb599d4b513036ade56d0eac06e8cbd5ade6a2adbf028d5e2e588a11bcd
543,333,03502fb599d4b513036ade56d0eac06e8cbd5ade6a2adbf028d5e2e588a11bcd
544,333,03502fb599d4b513036ade56d0eac06e8cbd5ade6a2adbf028d5e2e588a11bcd
545,333,03502fb599d4b513036ade56d0eac06e8cbd5ade6a2adbf028d5e2e588a11bcd
546,333,03502fb599d4b513036ade56d0eac06e8cbd5ade6a2adbf028d5e2e588a11bcd
547,333,03502fb599d4b513036ade56d0eac06e8cbd5ade6a2adbf028d5e2e588a11bcd
548,333,03502fb599d4b513036ade56d0eac06e8cbd5ade6a2adbf028d5e2e588a11bcd
549,333,03502fb599d4b513036ade56d0eac06e8cbd5ade6a2adbf028d5e2e588a11bcd
550,333,03502fb599d4b513036ade56d0eac06e8cbd5ade6a2adbf028d5e2e588a11bcd
551,333,03502fb599d4b513036ade56d0eac06e8cbd5ade6a2adbf028d5e2e588a11bcd
552,333,03502fb599d4b513036ade56d0eac06e8cbd5ade6a2adbf028d5e2e588a11bcd
553,333,03502fb599d4b513036ade56d0eac06e8cbd5ade6a2adbf028d5e2e588a11bcd
554,333,03502fb599d4b513036ade56d0eac06e8cbd5ade6a2adbf028d5e2e588a11bcd
555,333,03502fb599d4b513036ade56d0eac06e8cbd5ade6a2adbf028d5e2e588a11bcd
556,333,03502fb599d4b513036ade56d0eac06e8cbd5ade6a2adbf028d5e2e588a11bcd
557,333,03502fb599d4b513036ade56d0eac06e8cbd5ade6a2adbf028d5e2e588a11bcd
558,333,03502fb599d4b513036ade56d0eac06e8cbd5ade6a2adbf028d5e2e588a11bcd
559,333,03502fb599d4b513036ade56d0eac06e8cbd5ade6a2adbf028d5e2e588a11bcd
560,333,03502fb599d4b513036ade56d0eac06e8cbd5ade6a2adbf028d5e2e588a11bcd
561,333,03502fb599d4b513036ade56d0eac06e8cbd5ade6a2adbf028d5e2e588a11bcd
562,333,03502fb599d4b513036ade56d0eac06e8cbd5ade6a2adbf028d5e2e588a11bcd
563,333,03502fb599d4b513036ade56d0eac06e8cbd5ade6a2adbf028d5e2e588a11bcd
564,333,03502fb599d4b513036ade56d0eac06e8cbd5ade6a2adbf028d5e2e588a11bcd
565,333,03502fb599d4b513036ade56d0eac06e8cbd5ade6a2adbf028d5e2e588a11bcd
566,333,03502fb599d4b513036ade56d0eac06e8cbd5ade6a2adbf028d5e2e588a11bcd
567,333,03502fb599d4b513036ade56d0eac06e8cbd5ade6a2adbf028d5e2e588a11bcd
568,333,03502fb599d4b513036ade56d0eac06e8cbd5ade6a2adbf028d5e2e588a11bcd
569,333,03502fb599d4b513036ade56d0eac06e8cbd5ade6a2adbf028d5e2e588a11bcd
570,333,03502fb599d4b513036ade56d0eac06e8cbd5ade6a2adbf028d5e2e588a11bcd
571,333,03502fb599d4b513036ade56d0eac06e8cbd5ade6a2adbf028d5e2e588a11bcd
572,333,03502fb599d4b513036ade56d0eac06e8cbd5ade6a2adbf028d5e2e588a11bcd
573,333,03502fb599d4b513036ade56d0eac06e8cbd5ade6a2adbf028d5e2e588a11bcd
574,333,03502fb599d4b513036ade56d0eac06e8cbd5ade6a2adbf028d5e2e588a11bcd
575,333,03502fb599d4b513036ade56d0eac06e8cbd5ade6a2adbf028d5e2e588a11bcd
576,333,03502fb599d4b513036ade56d0eac06e8cbd5ade6a2adbf028d5e2e588a11bcd
577,333,03502fb599d4b513036ade56d0eac06e8cbd5ade6a2adbf028d5e2e588a11bcd
578,333,03502fb599d4b513036ade56d0eac06e8cbd5ade6a2adbf028d5e2e588a11bcd
579,333,03502fb599d4b513036ade56d0eac06e8cbd5ade6a2adbf028d5e2e588a11bcd
580,333,03502fb599d4b513036ade56d0eac06e8cbd5ade6a2adbf028d5e2e588a11bcd
581,333,03502fb599d4b513036ade56d0eac06e8cbd5ade6a2adbf028d5e2e588a11bcd
582,333,03502fb599d4b513036ade56d0eac06e8cbd5ade6a2adbf028d5e2e588a11bcd
583,333,03502fb599d4b513036ade56d0eac06e8cbd5ade6a2adbf028d5e2e588a11bcd
584,333,03502fb599d4b513036ade56d0eac06e8cbd5ade6a2adbf028d5e2e588a11bcd
585,333,03502fb599d4b513036ade56d0eac06e8cbd5ade6a2adbf028d5e2e588a11bcd
586,333,03502fb599d4b513036ade56d0eac06e8cbd5ade6a2adbf028d5e2e588a11bcd
587,333,03502fb599d4b513036ade56d0eac06e8cbd5ade6a2adbf028d5e2e588a11bcd
588,333,03502fb599d4b513036ade56d0eac06e8cbd5ade6a2adbf028d5e2e588a11bcd
589,333,03502fb599d4b513036ade56d0eac06e8cbd5ade6a2adbf028d5e2e588a11bcd
590,333,03502fb599d4b513036ade56d0eac06e8cbd5ade6a2adbf028d5e2e588a11bcd
591,333,03502fb599d4b513036ade56d0eac06e8cbd5ade6a2adbf028d5e2e588a11bcd
592,333,03502fb599d4b513036ade56d0eac06e8cbd5ade6a2adbf028d5e2e588a11bcd
593,333,03502fb599d4b513036ade56d0eac06e8cbd5ade6a2adbf028d5e2e588a11bcd
594,333,03502fb599d4b513036ade56d0eac06e8cbd5ade6a2adbf028d5e2e588a11bcd
595,333,03502fb599d4b513036ade56d0eac06e8cbd5ade6a2adbf028d5e2e588a11bcd
596,333,03502fb599d4b513036ade56d0eac06e8cbd5ade6a2adbf028d5e2e588a11bcd
597,333,03502fb599d4b513036ade56d0eac06e8cbd5ade6a2adbf028d5e2e588a11bcd
598,333,03502fb599d4b513036ade56d0eac06e8cbd5ade6a2adbf028d5e2e588a11bcd
599,333,03502fb599d4b513036ade56d0eac06e8cbd5ade6a2adbf028d5e2e588a11bcd
600,333,03502fb599d4b513036ade56d0eac06e8cbd5ade6a2adbf028d5e2e588a11bcd
601,333,03502fb599d4b513036ade56d0eac06e8cbd5ade6a2adbf028d5e2e588a11bcd
244,334,03502fb599d4b513036ade56d0eac06e8cbd5ade6a2adbf028d5e2e588a11bcd
271,334,03502fb599d4b513036ade56d0eac06e8cbd5ade6a2adbf028d5e2e588a11bcd
415,334,03502fb599d4b513036ade56d0eac06e8cbd5ade6a2adbf028d5e2e588a11bcd
416,334,03502fb599d4b513036ade56d0eac06e8cbd5ade6a2adbf028d5e2e588a11bcd
417,334,03502fb599d4b513036ade56d0eac06e8cbd5ade6a2adbf028d5e2e588a11bcd
418,334,03502fb599d4b513036ade56d0eac06e8cbd5ade6a2adbf028d5e2e588a11bcd
419,334,03502fb599d4b513036ade56d0eac06e8cbd5ade6a2adbf028d5e2e588a11bcd
420,334,03502fb599d4b513036ade56d0eac06e8cbd5ade6a2adbf028d5e2e588a11bcd
421,334,03502fb599d4b513036ade56d0eac06e8cbd5ade6a2adbf028d5e2e588a11bcd
422,334,03502fb599d4b513036ade56d0eac06e8cbd5ade6a2adbf028d5e2e588a11bcd
423,334,03502fb599d4b513036ade56d0eac06e8cbd5ade6a2adbf028d5e2e588a11bcd
424,334,03502fb599d4b513036ade56d0eac06e8cbd5ade6a2adbf028d5e2e588a11bcd
425,334,03502fb599d4b513036ade56d0eac06e8cbd5ade6a2adbf028d5e2e588a11bcd
426,334,03502fb599d4b513036ade56d0eac06e8cbd5ade6a2adbf028d5e2e588a11bcd
427,334,03502fb599d4b513036ade56d0eac06e8cbd5ade6a2adbf028d5e2e588a11bcd
428,334,03502fb599d4b513036ade56d0eac06e8cbd5ade6a2adbf028d5e2e588a11bcd
429,334,03502fb599d4b513036ade56d0eac06e8cbd5ade6a2adbf028d5e2e588a11bcd
430,334,03502fb599d4b513036ade56d0eac06e8cbd5ade6a2adbf028d5e2e588a11bcd
431,334,03502fb599d4b513036ade56d0eac06e8cbd5ade6a2adbf028d5e2e588a11bcd
432,334,03502fb599d4b513036ade56d0eac06e8cbd5ade6a2adbf028d5e2e588a11bcd
433,334,03502fb599d4b513036ade56d0eac06e8cbd5ade6a2adbf028d5e2e588a11bcd
434,334,03502fb599d4b513036ade56d0eac06e8cbd5ade6a2adbf028d5e2e588a11bcd
435,334,03502fb599d4b513036ade56d0eac06e8cbd5ade6a2adbf028d5e2e588a11bcd
436,334,03502fb599d4b513036ade56d0eac06e8cbd5ade6a2adbf028d5e2e588a11bcd
437,334,03502fb599d4b513036ade56d0eac06e8cbd5ade6a2adbf028d5e2e588a11bcd
438,334,03502fb599d4b513036ade56d0eac06e8cbd5ade6a2adbf028d5e2e588a11bcd
439,334,03502fb599d4b513036ade56d0eac06e8cbd5ade6a2adbf028d5e2e588a11bcd
440,334,03502fb599d4b513036ade56d0eac06e8cbd5ade6a2adbf028d5e2e588a11bcd
441,334,03502fb599d4b513036ade56d0eac06e8cbd5ade6a2adbf028d5e2e588a11bcd
442,334,03502fb599d4b513036ade56d0eac06e8cbd5ade6a2adbf028d5e2e588a11bcd
443,334,03502fb599d4b513036ade56d0eac06e8cbd5ade6a2adbf028d5e2e588a11bcd
444,334,03502fb599d4b513036ade56d0eac06e8cbd5ade6a2adbf028d5e2e588a11bcd
445,334,03502fb599d4b513036ade56d0eac06e8cbd5ade6a2adbf028d5e2e588a11bcd
446,334,03502fb599d4b513036ade56d0eac06e8cbd5ade6a2adbf028d5e2e588a11bcd
447,334,03502fb599d4b513036ade56d0eac06e8cbd5ade6a2adbf028d5e2e588a11bcd
448,334,03502fb599d4b513036ade56d0eac06e8cbd5ade6a2adbf028d5e2e588a11bcd
449,334,03502fb599d4b513036ade56d0eac06e8cbd5ade6a2adbf028d5e2e588a11bcd
450,334,03502fb599d4b513036ade56d0eac06e8cbd5ade6a2adbf028d5e2e588a11bcd
451,334,03502fb599d4b513036ade56d0eac06e8cbd5ade6a2adbf028d5e2e588a11bcd
452,334,03502fb599d4b513036ade56d0eac06e8cbd5ade6a2adbf028d5e2e588a11bcd
453,334,03502fb599d4b513036ade56d0eac06e8cbd5ade6a2adbf028d5e2e588a11bcd
454,334,03502fb599d4b513036ade56d0eac06e8cbd5ade6a2adbf028d5e2e588a11bcd
455,334,03502fb599d4b513036ade56d0eac06e8cbd5ade6a2adbf028d5e2e588a11bcd
456,334,03502fb599d4b513036ade56d0eac06e8cbd5ade6a2adbf028d5e2e588a11bcd
457,334,03502fb599d4b513036ade56d0eac06e8cbd5ade6a2adbf028d5e2e588a11bcd
458,334,03502fb599d4b513036ade56d0eac06e8cbd5ade6a2adbf028d5e2e588a11bcd
459,334,03502fb599d4b513036ade56d0eac06e8cbd5ade6a2adbf028d5e2e588a11bcd
460,334,03502fb599d4b513036ade56d0eac06e8cbd5ade6a2adbf028d5e2e588a11bcd
461,334,03502fb599d4b513036ade56d0eac06e8cbd5ade6a2adbf028d5e2e588a11bcd
462,334,03502fb599d4b513036ade56d0eac06e8cbd5ade6a2adbf028d5e2e588a11bcd
463,334,03502fb599d4b513036ade56d0eac06e8cbd5ade6a2adbf028d5e2e588a11bcd
464,334,03502fb599d4b513036ade56d0eac06e8cbd5ade6a2adbf028d5e2e588a11bcd
465,334,03502fb599d4b513036ade56d0eac06e8cbd5ade6a2adbf028d5e2e588a11bcd
466,334,03502fb599d4b513036ade56d0eac06e8cbd5ade6a2adbf028d5e2e588a11bcd
467,334,03502fb599d4b513036ade56d0eac06e8cbd5ade6a2adbf028d5e2e588a11bcd
468,334,03502fb599d4b513036ade56d0eac06e8cbd5ade6a2adbf028d5e2e588a11bcd
469,334,03502fb599d4b513036ade56d0eac06e8cbd5ade6a2adbf028d5e2e588a11bcd
470,334,03502fb599d4b513036ade56d0eac06e8cbd5ade6a2adbf028d5e2e588a11bcd
471,334,03502fb599d4b513036ade56d0eac06e8cbd5ade6a2adbf028d5e2e588a11bcd
472,334,03502fb599d4b513036ade56d0eac06e8cbd5ade6a2adbf028d5e2e588a11bcd
473,334,03502fb599d4b513036ade56d0eac06e8cbd5ade6a2adbf028d5e2e588a11bcd
474,334,03502fb599d4b513036ade56d0eac06e8cbd5ade6a2adbf028d5e2e588a11bcd
475,334,03502fb599d4b513036ade56d0eac06e8cbd5ade6a2adbf028d5e2e588a11bcd
476,334,03502fb599d4b513036ade56d0eac06e8cbd5ade6a2adbf028d5e2e588a11bcd
477,334,03502fb599d4b513036ade56d0eac06e8cbd5ade6a2adbf028d5e2e588a11bcd
478,334,03502fb599d4b513036ade56d0eac06e8cbd5ade6a2adbf028d5e2e588a11bcd
479,334,03502fb599d4b513036ade56d0eac06e8cbd5ade6a2adbf028d5e2e588a11bcd
480,334,03502fb599d4b513036ade56d0eac06e8cbd5ade6a2adbf028d5e2e588a11bcd
481,334,03502fb599d4b513036ade56d0eac06e8cbd5ade6a2adbf028d5e2e588a11bcd
482,334,03502fb599d4b513036ade56d0eac06e8cbd5ade6a2adbf028d5e2e588a11bcd
483,334,03502fb599d4b513036ade56d0eac06e8cbd5ade6a2adbf028d5e2e588a11bcd
484,334,03502fb599d4b513036ade56d0eac06e8cbd5ade6a2adbf028d5e2e588a11bcd
485,334,03502fb599d4b513036ade56d0eac06e8cbd5ade6a2adbf028d5e2e588a11bcd
486,334,03502fb599d4b513036ade56d0eac06e8cbd5ade6a2adbf028d5e2e588a11bcd
487,334,03502fb599d4b513036ade56d0eac06e8cbd5ade6a2adbf028d5e2e588a11bcd
488,334,03502fb599d4b513036ade56d0eac06e8cbd5ade6a2adbf028d5e2e588a11bcd
489,334,03502fb599d4b513036ade56d0eac06e8cbd5ade6a2adbf028d5e2e588a11bcd
490,334,03502fb599d4b513036ade56d0eac06e8cbd5ade6a2adbf028d5e2e588a11bcd
491,334,03502fb599d4b513036ade56d0eac06e8cbd5ade6a2adbf028d5e2e588a11bcd
492,334,03502fb599d4b513036ade56d0eac06e8cbd5ade6a2adbf028d5e2e588a11bcd
493,334,03502fb599d4b513036ade56d0eac06e8cbd5ade6a2adbf028d5e2e588a11bcd
494,334,03502fb599d4b513036ade56d0eac06e8cbd5ade6a2adbf028d5e2e588a11bcd
495,334,03502fb599d4b513036ade56d0eac06e8cbd5ade6a2adbf028d5e2e588a11bcd
496,334,03502fb599d4b513036ade56d0eac06e8cbd5ade6a2adbf028d5e2e588a11bcd
497,334,03502fb599d4b513036ade56d0eac06e8cbd5ade6a2adbf028d5e2e588a11bcd
498,334,03502fb599d4b513036ade56d0eac06e8cbd5ade6a2adbf028d5e2e588a11bcd
499,334,03502fb599d4b513036ade56d0eac06e8cbd5ade6a2adbf028d5e2e588a11bcd
500,334,03502fb599d4b513036ade56d0eac06e8cbd5ade6a2adbf028d5e2e588a11bcd
501,334,03502fb599d4b513036ade56d0eac06e8cbd5ade6a2adbf028d5e2e588a11bcd
502,334,03502fb599d4b513036ade56d0eac06e8cbd5ade6a2adbf028d5e2e588a11bcd
503,334,03502fb599d4b513036ade56d0eac06e8cbd5ade6a2adbf028d5e2e588a11bcd
504,334,03502fb599d4b513036ade56d0eac06e8cbd5ade6a2adbf028d5e2e588a11bcd
505,334,03502fb599d4b513036ade56d0eac06e8cbd5ade6a2adbf028d5e2e588a11bcd
506,334,03502fb599d4b513036ade56d0eac06e8cbd5ade6a2adbf028d5e2e588a11bcd
507,334,03502fb599d4b513036ade56d0eac06e8cbd5ade6a2adbf028d5e2e588a11bcd
508,334,03502fb599d4b513036ade56d0eac06e8cbd5ade6a2adbf028d5e2e588a11bcd
509,334,03502fb599d4b513036ade56d0eac06e8cbd5ade6a2adbf028d5e2e588a11bcd
510,334,03502fb599d4b513036ade56d0eac06e8cbd5ade6a2adbf028d5e2e588a11bcd
511,334,03502fb599d4b513036ade56d0eac06e8cbd5ade6a2adbf028d5e2e588a11bcd
512,334,03502fb599d4b513036ade56d0eac06e8cbd5ade6a2adbf028d5e2e588a11bcd
513,334,03502fb599d4b513036ade56d0eac06e8cbd5ade6a2adbf028d5e2e588a11bcd
514,334,03502fb599d4b513036ade56d0eac06e8cbd5ade6a2adbf028d5e2e588a11bcd
515,334,03502fb599d4b513036ade56d0eac06e8cbd5ade6a2adbf028d5e2e588a11bcd
516,334,03502fb599d4b513036ade56d0eac06e8cbd5ade6a2adbf028d5e2e588a11bcd
517,334,03502fb599d4b513036ade56d0eac06e8cbd5ade6a2adbf028d5e2e588a11bcd
518,334,03502fb599d4b513036ade56d0eac06e8cbd5ade6a2adbf028d5e2e588a11bcd
519,334,03502fb599d4b513036ade56d0eac06e8cbd5ade6a2adbf028d5e2e588a11bcd
520,334,03502fb599d4b513036ade56d0eac06e8cbd5ade6a2adbf028d5e2e588a11bcd
521,334,03502fb599d4b513036ade56d0eac06e8cbd5ade6a2adbf028d5e2e588a11bcd
522,334,03502fb599d4b513036ade56d0eac06e8cbd5ade6a2adbf028d5e2e588a11bcd
523,334,03502fb599d4b513036ade56d0eac06e8cbd5ade6a2adbf028d5e2e588a11bcd
524,334,03502fb599d4b513036ade56d0eac06e8cbd5ade6a2adbf028d5e2e588a11bcd
525,334,03502fb599d4b513036ade56d0eac06e8cbd5ade6a2adbf028d5e2e588a11bcd
526,334,03502fb599d4b513036ade56d0eac06e8cbd5ade6a2adbf028d5e2e588a11bcd
527,334,03502fb599d4b513036ade56d0eac06e8cbd5ade6a2adbf028d5e2e588a11bcd
528,334,03502fb599d4b513036ade56d0eac06e8cbd5ade6a2adbf028d5e2e588a11bcd
529,334,03502fb599d4b513036ade56d0eac06e8cbd5ade6a2adbf028d5e2e588a11bcd
530,334,03502fb599d4b513036ade56d0eac06e8cbd5ade6a2adbf028d5e2e588a11bcd
531,334,03502fb599d4b513036ade56d0eac06e8cbd5ade6a2adbf028d5e2e588a11bcd
532,334,03502fb599d4b513036ade56d0eac06e8cbd5ade6a2adbf028d5e2e588a11bcd
533,334,03502fb599d4b513036ade56d0eac06e8cbd5ade6a2adbf028d5e2e588a11bcd
534,334,03502fb599d4b513036ade56d0eac06e8cbd5ade6a2adbf028d5e2e588a11bcd
535,334,03502fb599d4b513036ade56d0eac06e8cbd5ade6a2adbf028d5e2e588a11bcd
536,334,03502fb599d4b513036ade56d0eac06e8cbd5ade6a2adbf028d5e2e588a11bcd
537,334,03502fb599d4b513036ade56d0eac06e8cbd5ade6a2adbf028d5e2e588a11bcd
538,334,03502fb599d4b513036ade56d0eac06e8cbd5ade6a2adbf028d5e2e588a11bcd
539,334,03502fb599d4b513036ade56d0eac06e8cbd5ade6a2adbf028d5e2e588a11bcd
540,334,03502fb599d4b513036ade56d0eac06e8cbd5ade6a2adbf028d5e2e588a11bcd
541,334,03502fb599d4b513036ade56d0eac06e8cbd5ade6a2adbf028d5e2e588a11bcd
542,334,03502fb599d4b513036ade56d0eac06e8cbd5ade6a2adbf028d5e2e588a11bcd
543,334,03502fb599d4b513036ade56d0eac06e8cbd5ade6a2adbf028d5e2e588a11bcd
544,334,03502fb599d4b513036ade56d0eac06e8cbd5ade6a2adbf028d5e2e588a11bcd
545,334,03502fb599d4b513036ade56d0eac06e8cbd5ade6a2adbf028d5e2e588a11bcd
546,334,03502fb599d4b513036ade56d0eac06e8cbd5ade6a2adbf028d5e2e588a11bcd
547,334,03502fb599d4b513036ade56d0eac06e8cbd5ade6a2adbf028d5e2e588a11bcd
548,334,03502fb599d4b513036ade56d0eac06e8cbd5ade6a2adbf028d5e2e588a11bcd
549,334,03502fb599d4b513036ade56d0eac06e8cbd5ade6a2adbf028d5e2e588a11bcd
550,334,03502fb599d4b513036ade56d0eac06e8cbd5ade6a2adbf028d5e2e588a11bcd
551,334,03502fb599d4b513036ade56d0eac06e8cbd5ade6a2adbf028d5e2e588a11bcd
552,334,03502fb599d4b513036ade56d0eac06e8cbd5ade6a2adbf028d5e2e588a11bcd
553,334,03502fb599d4b513036ade56d0eac06e8cbd5ade6a2adbf028d5e2e588a11bcd
554,334,03502fb599d4b513036ade56d0eac06e8cbd5ade6a2adbf028d5e2e588a11bcd
555,334,03502fb599d4b513036ade56d0eac06e8cbd5ade6a2adbf028d5e2e588a11bcd
556,334,03502fb599d4b513036ade56d0eac06e8cbd5ade6a2adbf028d5e2e588a11bcd
557,334,03502fb599d4b513036ade56d0eac06e8cbd5ade6a2adbf028d5e2e588a11bcd
558,334,03502fb599d4b513036ade56d0eac06e8cbd5ade6a2adbf028d5e2e588a11bcd
559,334,03502fb599d4b513036ade56d0eac06e8cbd5ade6a2adbf028d5e2e588a11bcd
560,334,03502fb599d4b513036ade56d0eac06e8cbd5ade6a2adbf028d5e2e588a11bcd
561,334,03502fb599d4b513036ade56d0eac06e8cbd5ade6a2adbf028d5e2e588a11bcd
562,334,03502fb599d4b513036ade56d0eac06e8cbd5ade6a2adbf028d5e2e588a11bcd
563,334,03502fb599d4b513036ade56d0eac06e8cbd5ade6a2adbf028d5e2e588a11bcd
564,334,03502fb599d4b513036ade56d0eac06e8cbd5ade6a2adbf028d5e2e588a11bcd
565,334,03502fb599d4b513036ade56d0eac06e8cbd5ade6a2adbf028d5e2e588a11bcd
566,334,03502fb599d4b513036ade56d0eac06e8cbd5ade6a2adbf028d5e2e588a11bcd
567,334,03502fb599d4b513036ade56d0eac06e8cbd5ade6a2adbf028d5e2e588a11bcd
568,334,03502fb599d4b513036ade56d0eac06e8cbd5ade6a2adbf028d5e2e588a11bcd
569,334,03502fb599d4b513036ade56d0eac06e8cbd5ade6a2adbf028d5e2e588a11bcd
570,334,03502fb599d4b513036ade56d0eac06e8cbd5ade6a2adbf028d5e2e588a11bcd
571,334,03502fb599d4b513036ade56d0eac06e8cbd5ade6a2adbf028d5e2e588a11bcd
572,334,03502fb599d4b513036ade56d0eac06e8cbd5ade6a2adbf028d5e2e588a11bcd
573,334,03502fb599d4b513036ade56d0eac06e8cbd5ade6a2adbf028d5e2e588a11bcd
574,334,03502fb599d4b513036ade56d0eac06e8cbd5ade6a2adbf028d5e2e588a11bcd
575,334,03502fb599d4b513036ade56d0eac06e8cbd5ade6a2adbf028d5e2e588a11bcd
576,334,03502fb599d4b513036ade56d0eac06e8cbd5ade6a2adbf028d5e2e588a11bcd
577,334,03502fb599d4b513036ade56d0eac06e8cbd5ade6a2adbf028d5e2e588a11bcd
578,334,03502fb599d4b513036ade56d0eac06e8cbd5ade6a2adbf028d5e2e588a11bcd
579,334,03502fb599d4b513036ade56d0eac06e8cbd5ade6a2adbf028d5e2e588a11bcd
580,334,03502fb599d4b513036ade56d0eac06e8cbd5ade6a2adbf028d5e2e588a11bcd
581,334,03502fb599d4b513036ade56d0eac06e8cbd5ade6a2adbf028d5e2e588a11bcd
582,334,03502fb599d4b513036ade56d0eac06e8cbd5ade6a2adbf028d5e2e588a11bcd
583,334,03502fb599d4b513036ade56d0eac06e8cbd5ade6a2adbf028d5e2e588a11bcd
584,334,03502fb599d4b513036ade56d0eac06e8cbd5ade6a2adbf028d5e2e588a11bcd
585,334,03502fb599d4b513036ade56d0eac06e8cbd5ade6a2adbf028d5e2e588a11bcd
586,334,03502fb599d4b513036ade56d0eac06e8cbd5ade6a2adbf028d5e2e588a11bcd
587,334,03502fb599d4b513036ade56d0eac06e8cbd5ade6a2adbf028d5e2e588a11bcd
588,334,03502fb599d4b513036ade56d0eac06e8cbd5ade6a2adbf028d5e2e588a11bcd
589,334,03502fb599d4b513036ade56d0eac06e8cbd5ade6a2adbf028d5e2e588a11bcd
590,334,03502fb599d4b513036ade56d0eac06e8cbd5ade6a2adbf028d5e2e588a11bcd
591,334,03502fb599d4b513036ade56d0eac06e8cbd5ade6a2adbf028d5e2e588a11bcd
592,334,03502fb599d4b513036ade56d0eac06e8cbd5ade6a2adbf028d5e2e588a11bcd
593,334,03502fb599d4b513036ade56d0eac06e8cbd5ade6a2adbf028d5e2e588a11bcd
594,334,03502fb599d4b513036ade56d0eac06e8cbd5ade6a2adbf028d5e2e588a11bcd
595,334,03502fb599d4b513036ade56d0eac06e8cbd5ade6a2adbf028d5e2e588a11bcd
596,334,03502fb599d4b513036ade56d0eac06e8cbd5ade6a2adbf028d5e2e588a11bcd
597,334,03502fb599d4b513036ade56d0eac06e8cbd5ade6a2adbf028d5e2e588a11bcd
598,334,03502fb599d4b513036ade56d0eac06e8cbd5ade6a2adbf028d5e2e588a11bcd
599,334,03502fb599d4b513036ade56d0eac06e8cbd5ade6a2adbf028d5e2e588a11bcd
600,334,03502fb599d4b513036ade56d0eac06e8cbd5ade6a2adbf028d5e2e588a11bcd
601,334,03502fb599d4b513036ade56d0eac06e8cbd5ade6a2adbf028d5e2e588a11bcd
244,335,03502fb599d4b513036ade56d0eac06e8cbd5ade6a2adbf028d5e2e588a11bcd
271,335,03502fb599d4b513036ade56d0eac06e8cbd5ade6a2adbf028d5e2e588a11bcd
415,335,03502fb599d4b513036ade56d0eac06e8cbd5ade6a2adbf028d5e2e588a11bcd
416,335,03502fb599d4b513036ade56d0eac06e8cbd5ade6a2adbf028d5e2e588a11bcd
417,335,03502fb599d4b513036ade56d0eac06e8cbd5ade6a2adbf028d5e2e588a11bcd
418,335,03502fb599d4b513036ade56d0eac06e8cbd5ade6a2adbf028d5e2e588a11bcd
419,335,03502fb599d4b513036ade56d0eac06e8cbd5ade6a2adbf028d5e2e588a11bcd
420,335,03502fb599d4b513036ade56d0eac06e8cbd5ade6a2adbf028d5e2e588a11bcd
421,335,03502fb599d4b513036ade56d0eac06e8cbd5ade6a2adbf028d5e2e588a11bcd
422,335,03502fb599d4b513036ade56d0eac06e8cbd5ade6a2adbf028d5e2e588a11bcd
423,335,03502fb599d4b513036ade56d0eac06e8cbd5ade6a2adbf028d5e2e588a11bcd
424,335,03502fb599d4b513036ade56d0eac06e8cbd5ade6a2adbf028d5e2e588a11bcd
425,335,03502fb599d4b513036ade56d0eac06e8cbd5ade6a2adbf028d5e2e588a11bcd
426,335,03502fb599d4b513036ade56d0eac06e8cbd5ade6a2adbf028d5e2e588a11bcd
427,335,03502fb599d4b513036ade56d0eac06e8cbd5ade6a2adbf028d5e2e588a11bcd
428,335,03502fb599d4b513036ade56d0eac06e8cbd5ade6a2adbf028d5e2e588a11bcd
429,335,03502fb599d4b513036ade56d0eac06e8cbd5ade6a2adbf028d5e2e588a11bcd
430,335,03502fb599d4b513036ade56d0eac06e8cbd5ade6a2adbf028d5e2e588a11bcd
431,335,03502fb599d4b513036ade56d0eac06e8cbd5ade6a2adbf028d5e2e588a11bcd
580,335,03502fb599d4b513036ade56d0eac06e8cbd5ade6a2adbf028d5e2e588a11bcd
581,335,03502fb599d4b513036ade56d0eac06e8cbd5ade6a2adbf028d5e2e588a11bcd
582,335,03502fb599d4b513036ade56d0eac06e8cbd5ade6a2adbf028d5e2e588a11bcd
583,335,03502fb599d4b513036ade56d0eac06e8cbd5ade6a2adbf028d5e2e588a11bcd
584,335,03502fb599d4b513036ade56d0eac06e8cbd5ade6a2adbf028d5e2e588a11bcd
585,335,03502fb599d4b513036ade56d0eac06e8cbd5ade6a2adbf028d5e2e588a11bcd
586,335,03502fb599d4b513036ade56d0eac06e8cbd5ade6a2adbf028d5e2e588a11bcd
587,335,03502fb599d4b513036ade56d0eac06e8cbd5ade6a2adbf028d5e2e588a11bcd
588,335,03502fb599d4b513036ade56d0eac06e8cbd5ade6a2adbf028d5e2e588a11bcd
589,335,03502fb599d4b513036ade56d0eac06e8cbd5ade6a2adbf028d5e2e588a11bcd
590,335,03502fb599d4b513036ade56d0eac06e8cbd5ade6a2adbf028d5e2e588a11bcd
591,335,03502fb599d4b513036ade56d0eac06e8cbd5ade6a2adbf028d5e2e588a11bcd
592,335,03502fb599d4b513036ade56d0eac06e8cbd5ade6a2adbf028d5e2e588a11bcd
593,335,03502fb599d4b513036ade56d0eac06e8cbd5ade6a2adbf028d5e2e588a11bcd
594,335,03502fb599d4b513036ade56d0eac06e8cbd5ade6a2adbf028d5e2e588a11bcd
595,335,03502fb599d4b513036ade56d0eac06e8cbd5ade6a2adbf028d5e2e588a11bcd
596,335,03502fb599d4b513036ade56d0eac06e8cbd5ade6a2adbf028d5e2e588a11bcd
597,335,03502fb599d4b513036ade56d0eac06e8cbd5ade6a2adbf028d5e2e588a11bcd
598,335,03502fb599d4b513036ade56d0eac06e8cbd5ade6a2adbf028d5e2e588a11bcd
599,335,03502fb599d4b513036ade56d0eac06e8cbd5ade6a2adbf028d5e2e588a11bcd
600,335,03502fb599d4b513036ade56d0eac06e8cbd5ade6a2adbf028d5e2e588a11bcd
601,335,03502fb599d4b513036ade56d0eac06e8cbd5ade6a2adbf028d5e2e588a11bcd
244,336,03502fb599d4b513036ade56d0eac06e8cbd5ade6a2adbf028d5e2e588a11bcd
271,336,03502fb599d4b513036ade56d0eac06e8cbd5ade6a2adbf028d5e2e588a11bcd
415,336,03502fb599d4b513036ade56d0eac06e8cbd5ade6a2adbf028d5e2e588a11bcd
416,336,03502fb599d4b513036ade56d0eac06e8cbd5ade6a2adbf028d5e2e588a11bcd
417,336,03502fb599d4b513036ade56d0eac06e8cbd5ade6a2adbf028d5e2e588a11bcd
418,336,03502fb599d4b513036ade56d0eac06e8cbd5ade6a2adbf028d5e2e588a11bcd
419,336,03502fb599d4b513036ade56d0eac06e8cbd5ade6a2adbf028d5e2e588a11bcd
420,336,03502fb599d4b513036ade56d0eac06e8cbd5ade6a2adbf028d5e2e588a11bcd
421,336,03502fb599d4b513036ade56d0eac06e8cbd5ade6a2adbf028d5e2e588a11bcd
422,336,03502fb599d4b513036ade56d0eac06e8cbd5ade6a2adbf028d5e2e588a11bcd
423,336,03502fb599d4b513036ade56d0eac06e8cbd5ade6a2adbf028d5e2e588a11bcd
424,336,03502fb599d4b513036ade56d0eac06e8cbd5ade6a2adbf028d5e2e588a11bcd
425,336,03502fb599d4b513036ade56d0eac06e8cbd5ade6a2adbf028d5e2e588a11bcd
426,336,03502fb599d4b513036ade56d0eac06e8cbd5ade6a2adbf028d5e2e588a11bcd
427,336,03502fb599d4b513036ade56d0eac06e8cbd5ade6a2adbf028d5e2e588a11bcd
428,336,03502fb599d4b513036ade56d0eac06e8cbd5ade6a2adbf028d5e2e588a11bcd
429,336,03502fb599d4b513036ade56d0eac06e8cbd5ade6a2adbf028d5e2e588a11bcd
430,336,03502fb599d4b513036ade56d0eac06e8cbd5ade6a2adbf028d5e2e588a11bcd
431,336,03502fb599d4b513036ade56d0eac06e8cbd5ade6a2adbf028d5e2e588a11bcd
581,336,03502fb599d4b513036ade56d0eac06e8cbd5ade6a2adbf028d5e2e588a11bcd
582,336,03502fb599d4b513036ade56d0eac06e8cbd5ade6a2adbf028d5e2e588a11bcd
583,336,03502fb599d4b513036ade56d0eac06e8cbd5ade6a2adbf028d5e2e588a11bcd
584,336,03502fb599d4b513036ade56d0eac06e8cbd5ade6a2adbf028d5e2e588a11bcd
585,336,03502fb599d4b513036ade56d0eac06e8cbd5ade6a2adbf028d5e2e588a11bcd
586,336,03502fb599d4b513036ade56d0eac06e8cbd5ade6a2adbf028d5e2e588a11bcd
587,336,03502fb599d4b513036ade56d0eac06e8cbd5ade6a2adbf028d5e2e588a11bcd
588,336,03502fb599d4b513036ade56d0eac06e8cbd5ade6a2adbf028d5e2e588a11bcd
589,336,03502fb599d4b513036ade56d0eac06e8cbd5ade6a2adbf028d5e2e588a11bcd
590,336,03502fb599d4b513036ade56d0eac06e8cbd5ade6a2adbf028d5e2e588a11bcd
591,336,03502fb599d4b513036ade56d0eac06e8cbd5ade6a2adbf028d5e2e588a11bcd
592,336,03502fb599d4b513036ade56d0eac06e8cbd5ade6a2adbf028d5e2e588a11bcd
593,336,03502fb599d4b513036ade56d0eac06e8cbd5ade6a2adbf028d5e2e588a11bcd
594,336,03502fb599d4b513036ade56d0eac06e8cbd5ade6a2adbf028d5e2e588a11bcd
595,336,03502fb599d4b513036ade56d0eac06e8cbd5ade6a2adbf028d5e2e588a11bcd
596,336,03502fb599d4b513036ade56d0eac06e8cbd5ade6a2adbf028d5e2e588a11bcd
597,336,03502fb599d4b513036ade56d0eac06e8cbd5ade6a2adbf028d5e2e588a11bcd
598,336,03502fb599d4b513036ade56d0eac06e8cbd5ade6a2adbf028d5e2e588a11bcd
599,336,03502fb599d4b513036ade56d0eac06e8cbd5ade6a2adbf028d5e2e588a11bcd
600,336,03502fb599d4b513036ade56d0eac06e8cbd5ade6a2adbf028d5e2e588a11bcd
601,336,03502fb599d4b513036ade56d0eac06e8cbd5ade6a2adbf028d5e2e588a11bcd
244,337,03502fb599d4b513036ade56d0eac06e8cbd5ade6a2adbf028d5e2e588a11bcd
271,337,03502fb599d4b513036ade56d0eac06e8cbd5ade6a2adbf028d5e2e588a11bcd
415,337,03502fb599d4b513036ade56d0eac06e8cbd5ade6a2adbf028d5e2e588a11bcd
416,337,03502fb599d4b513036ade56d0eac06e8cbd5ade6a2adbf028d5e2e588a11bcd
417,337,03502fb599d4b513036ade56d0eac06e8cbd5ade6a2adbf028d5e2e588a11bcd
418,337,03502fb599d4b513036ade56d0eac06e8cbd5ade6a2adbf028d5e2e588a11bcd
419,337,03502fb599d4b513036ade56d0eac06e8cbd5ade6a2adbf028d5e2e588a11bcd
420,337,03502fb599d4b513036ade56d0eac06e8cbd5ade6a2adbf028d5e2e588a11bcd
421,337,03502fb599d4b513036ade56d0eac06e8cbd5ade6a2adbf028d5e2e588a11bcd
422,337,03502fb599d4b513036ade56d0eac06e8cbd5ade6a2adbf028d5e2e588a11bcd
423,337,03502fb599d4b513036ade56d0eac06e8cbd5ade6a2adbf028d5e2e588a11bcd
424,337,03502fb599d4b513036ade56d0eac06e8cbd5ade6a2adbf028d5e2e588a11bcd
425,337,03502fb599d4b513036ade56d0eac06e8cbd5ade6a2adbf028d5e2e588a11bcd
426,337,03502fb599d4b513036ade56d0eac06e8cbd5ade6a2adbf028d5e2e588a11bcd
427,337,03502fb599d4b513036ade56d0eac06e8cbd5ade6a2adbf028d5e2e588a11bcd
428,337,03502fb599d4b513036ade56d0eac06e8cbd5ade6a2adbf028d5e2e588a11bcd
429,337,03502fb599d4b513036ade56d0eac06e8cbd5ade6a2adbf028d5e2e588a11bcd
430,337,03502fb599d4b513036ade56d0eac06e8cbd5ade6a2adbf028d5e2e588a11bcd
431,337,03502fb599d4b513036ade56d0eac06e8cbd5ade6a2adbf028d5e2e588a11bcd
581,337,03502fb599d4b513036ade56d0eac06e8cbd5ade6a2adbf028d5e2e588a11bcd
582,337,03502fb599d4b513036ade56d0eac06e8cbd5ade6a2adbf028d5e2e588a11bcd
583,337,03502fb599d4b513036ade56d0eac06e8cbd5ade6a2adbf028d5e2e588a11bcd
584,337,03502fb599d4b513036ade56d0eac06e8cbd5ade6a2adbf028d5e2e588a11bcd
585,337,03502fb599d4b513036ade56d0eac06e8cbd5ade6a2adbf028d5e2e588a11bcd
586,337,03502fb599d4b513036ade56d0eac06e8cbd5ade6a2adbf028d5e2e588a11bcd
587,337,03502fb599d4b513036ade56d0eac06e8cbd5ade6a2adbf028d5e2e588a11bcd
588,337,03502fb599d4b513036ade56d0eac06e8cbd5ade6a2adbf028d5e2e588a11bcd
589,337,03502fb599d4b513036ade56d0eac06e8cbd5ade6a2adbf028d5e2e588a11bcd
590,337,03502fb599d4b513036ade56d0eac06e8cbd5ade6a2adbf028d5e2e588a11bcd
591,337,03502fb599d4b513036ade56d0eac06e8cbd5ade6a2adbf028d5e2e588a11bcd
592,337,03502fb599d4b513036ade56d0eac06e8cbd5ade6a2adbf028d5e2e588a11bcd
593,337,03502fb599d4b513036ade56d0eac06e8cbd5ade6a2adbf028d5e2e588a11bcd
594,337,03502fb599d4b513036ade56d0eac06e8cbd5ade6a2adbf028d5e2e588a11bcd
595,337,03502fb599d4b513036ade56d0eac06e8cbd5ade6a2adbf028d5e2e588a11bcd
596,337,03502fb599d4b513036ade56d0eac06e8cbd5ade6a2adbf028d5e2e588a11bcd
597,337,03502fb599d4b513036ade56d0eac06e8cbd5ade6a2adbf028d5e2e588a11bcd
598,337,03502fb599d4b513036ade56d0eac06e8cbd5ade6a2adbf028d5e2e588a11bcd
599,337,03502fb599d4b513036ade56d0eac06e8cbd5ade6a2adbf028d5e2e588a11bcd
600,337,03502fb599d4b513036ade56d0eac06e8cbd5ade6a2adbf028d5e2e588a11bcd
601,337,03502fb599d4b513036ade56d0eac06e8cbd5ade6a2adbf028d5e2e588a11bcd
244,338,03502fb599d4b513036ade56d0eac06e8cbd5ade6a2adbf028d5e2e588a11bcd
271,338,03502fb599d4b513036ade56d0eac06e8cbd5ade6a2adbf028d5e2e588a11bcd
415,338,03502fb599d4b513036ade56d0eac06e8cbd5ade6a2adbf028d5e2e588a11bcd
416,338,03502fb599d4b513036ade56d0eac06e8cbd5ade6a2adbf028d5e2e588a11bcd
417,338,03502fb599d4b513036ade56d0eac06e8cbd5ade6a2adbf028d5e2e588a11bcd
418,338,03502fb599d4b513036ade56d0eac06e8cbd5ade6a2adbf028d5e2e588a11bcd
419,338,03502fb599d4b513036ade56d0eac06e8cbd5ade6a2adbf028d5e2e588a11bcd
420,338,03502fb599d4b513036ade56d0eac06e8cbd5ade6a2adbf028d5e2e588a11bcd
421,338,03502fb599d4b513036ade56d0eac06e8cbd5ade6a2adbf028d5e2e588a11bcd
422,338,03502fb599d4b513036ade56d0eac06e8cbd5ade6a2adbf028d5e2e588a11bcd
423,338,03502fb599d4b513036ade56d0eac06e8cbd5ade6a2adbf028d5e2e588a11bcd
424,338,03502fb599d4b513036ade56d0eac06e8cbd5ade6a2adbf028d5e2e588a11bcd
425,338,03502fb599d4b513036ade56d0eac06e8cbd5ade6a2adbf028d5e2e588a11bcd
426,338,03502fb599d4b513036ade56d0eac06e8cbd5ade6a2adbf028d5e2e588a11bcd
427,338,03502fb599d4b513036ade56d0eac06e8cbd5ade6a2adbf028d5e2e588a11bcd
428,338,03502fb599d4b513036ade56d0eac06e8cbd5ade6a2adbf028d5e2e588a11bcd
429,338,03502fb599d4b513036ade56d0eac06e8cbd5ade6a2adbf028d5e2e588a11bcd
430,338,03502fb599d4b513036ade56d0eac06e8cbd5ade6a2adbf028d5e2e588a11bcd
431,338,03502fb599d4b513036ade56d0eac06e8cbd5ade6a2adbf028d5e2e588a11bcd
581,338,03502fb599d4b513036ade56d0eac06e8cbd5ade6a2adbf028d5e2e588a11bcd
582,338,03502fb599d4b513036ade56d0eac06e8cbd5ade6a2adbf028d5e2e588a11bcd
583,338,03502fb599d4b513036ade56d0eac06e8cbd5ade6a2adbf028d5e2e588a11bcd
584,338,03502fb599d4b513036ade56d0eac06e8cbd5ade6a2adbf028d5e2e588a11bcd
585,338,03502fb599d4b513036ade56d0eac06e8cbd5ade6a2adbf028d5e2e588a11bcd
586,338,03502fb599d4b513036ade56d0eac06e8cbd5ade6a2adbf028d5e2e588a11bcd
587,338,03502fb599d4b513036ade56d0eac06e8cbd5ade6a2adbf028d5e2e588a11bcd
588,338,03502fb599d4b513036ade56d0eac06e8cbd5ade6a2adbf028d5e2e588a11bcd
589,338,03502fb599d4b513036ade56d0eac06e8cbd5ade6a2adbf028d5e2e588a11bcd
590,338,03502fb599d4b513036ade56d0eac06e8cbd5ade6a2adbf028d5e2e588a11bcd
591,338,03502fb599d4b513036ade56d0eac06e8cbd5ade6a2adbf028d5e2e588a11bcd
592,338,03502fb599d4b513036ade56d0eac06e8cbd5ade6a2adbf028d5e2e588a11bcd
593,338,03502fb599d4b513036ade56d0eac06e8cbd5ade6a2adbf028d5e2e588a11bcd
594,338,03502fb599d4b513036ade56d0eac06e8cbd5ade6a2adbf028d5e2e588a11bcd
595,338,03502fb599d4b513036ade56d0eac06e8cbd5ade6a2adbf028d5e2e588a11bcd
596,338,03502fb599d4b513036ade56d0eac06e8cbd5ade6a2adbf028d5e2e588a11bcd
597,338,03502fb599d4b513036ade56d0eac06e8cbd5ade6a2adbf028d5e2e588a11bcd
598,338,03502fb599d4b513036ade56d0eac06e8cbd5ade6a2adbf028d5e2e588a11bcd
599,338,03502fb599d4b513036ade56d0eac06e8cbd5ade6a2adbf028d5e2e588a11bcd
600,338,03502fb599d4b513036ade56d0eac06e8cbd5ade6a2adbf028d5e2e588a11bcd
601,338,03502fb599d4b513036ade56d0eac06e8cbd5ade6a2adbf028d5e2e588a11bcd
244,339,03502fb599d4b513036ade56d0eac06e8cbd5ade6a2adbf028d5e2e588a11bcd
271,339,03502fb599d4b513036ade56d0eac06e8cbd5ade6a2adbf028d5e2e588a11bcd
415,339,03502fb599d4b513036ade56d0eac06e8cbd5ade6a2adbf028d5e2e588a11bcd
416,339,03502fb599d4b513036ade56d0eac06e8cbd5ade6a2adbf028d5e2e588a11bcd
417,339,03502fb599d4b513036ade56d0eac06e8cbd5ade6a2adbf028d5e2e588a11bcd
418,339,03502fb599d4b513036ade56d0eac06e8cbd5ade6a2adbf028d5e2e588a11bcd
419,339,03502fb599d4b513036ade56d0eac06e8cbd5ade6a2adbf028d5e2e588a11bcd
420,339,03502fb599d4b513036ade56d0eac06e8cbd5ade6a2adbf028d5e2e588a11bcd
421,339,03502fb599d4b513036ade56d0eac06e8cbd5ade6a2adbf028d5e2e588a11bcd
422,339,03502fb599d4b513036ade56d0eac06e8cbd5ade6a2adbf028d5e2e588a11bcd
423,339,03502fb599d4b513036ade56d0eac06e8cbd5ade6a2adbf028d5e2e588a11bcd
424,339,03502fb599d4b513036ade56d0eac06e8cbd5ade6a2adbf028d5e2e588a11bcd
425,339,03502fb599d4b513036ade56d0eac06e8cbd5ade6a2adbf028d5e2e588a11bcd
426,339,03502fb599d4b513036ade56d0eac06e8cbd5ade6a2adbf028d5e2e588a11bcd
427,339,03502fb599d4b513036ade56d0eac06e8cbd5ade6a2adbf028d5e2e588a11bcd
428,339,03502fb599d4b513036ade56d0eac06e8cbd5ade6a2adbf028d5e2e588a11bcd
429,339,03502fb599d4b513036ade56d0eac06e8cbd5ade6a2adbf028d5e2e588a11bcd
430,339,03502fb599d4b513036ade56d0eac06e8cbd5ade6a2adbf028d5e2e588a11bcd
431,339,03502fb599d4b513036ade56d0eac06e8cbd5ade6a2adbf028d5e2e588a11bcd
581,339,03502fb599d4b513036ade56d0eac06e8cbd5ade6a2adbf028d5e2e588a11bcd
582,339,03502fb599d4b513036ade56d0eac06e8cbd5ade6a2adbf028d5e2e588a11bcd
583,339,03502fb599d4b513036ade56d0eac06e8cbd5ade6a2adbf028d5e2e588a11bcd
584,339,03502fb599d4b513036ade56d0eac06e8cbd5ade6a2adbf028d5e2e588a11bcd
585,339,03502fb599d4b513036ade56d0eac06e8cbd5ade6a2adbf028d5e2e588a11bcd
586,339,03502fb599d4b513036ade56d0eac06e8cbd5ade6a2adbf028d5e2e588a11bcd
587,339,03502fb599d4b513036ade56d0eac06e8cbd5ade6a2adbf028d5e2e588a11bcd
588,339,03502fb599d4b513036ade56d0eac06e8cbd5ade6a2adbf028d5e2e588a11bcd
589,339,03502fb599d4b513036ade56d0eac06e8cbd5ade6a2adbf028d5e2e588a11bcd
590,339,03502fb599d4b513036ade56d0eac06e8cbd5ade6a2adbf028d5e2e588a11bcd
591,339,03502fb599d4b513036ade56d0eac06e8cbd5ade6a2adbf028d5e2e588a11bcd
592,339,03502fb599d4b513036ade56d0eac06e8cbd5ade6a2adbf028d5e2e588a11bcd
593,339,03502fb599d4b513036ade56d0eac06e8cbd5ade6a2adbf028d5e2e588a11bcd
594,339,03502fb599d4b513036ade56d0eac06e8cbd5ade6a2adbf028d5e2e588a11bcd
595,339,03502fb599d4b513036ade56d0eac06e8cbd5ade6a2adbf028d5e2e588a11bcd
596,339,03502fb599d4b513036ade56d0eac06e8cbd5ade6a2adbf028d5e2e588a11bcd
597,339,03502fb599d4b513036ade56d0eac06e8cbd5ade6a2adbf028d5e2e588a11bcd
598,339,03502fb599d4b513036ade56d0eac06e8cbd5ade6a2adbf028d5e2e588a11bcd
599,339,03502fb599d4b513036ade56d0eac06e8cbd5ade6a2adbf028d5e2e588a11bcd
600,339,03502fb599d4b513036ade56d0eac06e8cbd5ade6a2adbf028d5e2e588a11bcd
601,339,03502fb599d4b513036ade56d0eac06e8cbd5ade6a2adbf028d5e2e588a11bcd
244,340,03502fb599d4b513036ade56d0eac06e8cbd5ade6a2adbf028d5e2e588a11bcd
245,340,03502fb599d4b513036ade56d0eac06e8cbd5ade6a2adbf028d5e2e588a11bcd
246,340,03502fb599d4b513036ade56d0eac06e8cbd5ade6a2adbf028d5e2e588a11bcd
247,340,03502fb599d4b513036ade56d0eac06e8cbd5ade6a2adbf028d5e2e588a11bcd
248,340,03502fb599d4b513036ade56d0eac06e8cbd5ade6a2adbf028d5e2e588a11bcd
249,340,03502fb599d4b513036ade56d0eac06e8cbd5ade6a2adbf028d5e2e588a11bcd
250,340,03502fb599d4b513036ade56d0eac06e8cbd5ade6a2adbf028d5e2e588a11bcd
251,340,03502fb599d4b513036ade56d0eac06e8cbd5ade6a2adbf028d5e2e588a11bcd
252,340,03502fb599d4b513036ade56d0eac06e8cbd5ade6a2adbf028d5e2e588a11bcd
253,340,03502fb599d4b513036ade56d0eac06e8cbd5ade6a2adbf028d5e2e588a11bcd
254,340,03502fb599d4b513036ade56d0eac06e8cbd5ade6a2adbf028d5e2e588a11bcd
255,340,03502fb599d4b513036ade56d0eac06e8cbd5ade6a2adbf028d5e2e588a11bcd
256,340,03502fb599d4b513036ade56d0eac06e8cbd5ade6a2adbf028d5e2e588a11bcd
257,340,03502fb599d4b513036ade56d0eac06e8cbd5ade6a2adbf028d5e2e588a11bcd
258,340,03502fb599d4b513036ade56d0eac06e8cbd5ade6a2adbf028d5e2e588a11bcd
259,340,03502fb599d4b513036ade56d0eac06e8cbd5ade6a2adbf028d5e2e588a11bcd
260,340,03502fb599d4b513036ade56d0eac06e8cbd5ade6a2adbf028d5e2e588a11bcd
261,340,03502fb599d4b513036ade56d0eac06e8cbd5ade6a2adbf028d5e2e588a11bcd
262,340,03502fb599d4b513036ade56d0eac06e8cbd5ade6a2adbf028d5e2e588a11bcd
263,340,03502fb599d4b513036ade56d0eac06e8cbd5ade6a2adbf028d5e2e588a11bcd
264,340,03502fb599d4b513036ade56d0eac06e8cbd5ade6a2adbf028d5e2e588a11bcd
265,340,03502fb599d4b513036ade56d0eac06e8cbd5ade6a2adbf028d5e2e588a11bcd
266,340,03502fb599d4b513036ade56d0eac06e8cbd5ade6a2adbf028d5e2e588a11bcd
267,340,03502fb599d4b513036ade56d0eac06e8cbd5ade6a2adbf028d5e2e588a11bcd
268,340,03502fb599d4b513036ade56d0eac06e8cbd5ade6a2adbf028d5e2e588a11bcd
269,340,03502fb599d4b513036ade56d0eac06e8cbd5ade6a2adbf028d5e2e588a11bcd
270,340,03502fb599d4b513036ade56d0eac06e8cbd5ade6a2adbf028d5e2e588a11bcd
271,340,03502fb599d4b513036ade56d0eac06e8cbd5ade6a2adbf028d5e2e588a11bcd
272,340,03502fb599d4b513036ade56d0eac06e8cbd5ade6a2adbf028d5e2e588a11bcd
273,340,03502fb599d4b513036ade56d0eac06e8cbd5ade6a2adbf028d5e2e588a11bcd
274,340,03502fb599d4b513036ade56d0eac06e8cbd5ade6a2adbf028d5e2e588a11bcd
275,340,03502fb599d4b513036ade56d0eac06e8cbd5ade6a2adbf028d5e2e588a11bcd
276,340,03502fb599d4b513036ade56d0eac06e8cbd5ade6a2adbf028d5e2e588a11bcd
277,340,03502fb599d4b513036ade56d0eac06e8cbd5ade6a2adbf028d5e2e588a11bcd
278,340,03502fb599d4b513036ade56d0eac06e8cbd5ade6a2adbf028d5e2e588a11bcd
279,340,03502fb599d4b513036ade56d0eac06e8cbd5ade6a2adbf028d5e2e588a11bcd
280,340,03502fb599d4b513036ade56d0eac06e8cbd5ade6a2adbf028d5e2e588a11bcd
281,340,03502fb599d4b513036ade56d0eac06e8cbd5ade6a2adbf028d5e2e588a11bcd
282,340,03502fb599d4b513036ade56d0eac06e8cbd5ade6a2adbf028d5e2e588a11bcd
283,340,03502fb599d4b513036ade56d0eac06e8cbd5ade6a2adbf028d5e2e588a11bcd
284,340,03502fb599d4b513036ade56d0eac06e8cbd5ade6a2adbf028d5e2e588a11bcd
285,340,03502fb599d4b513036ade56d0eac06e8cbd5ade6a2adbf028d5e2e588a11bcd
286,340,03502fb599d4b513036ade56d0eac06e8cbd5ade6a2adbf028d5e2e588a11bcd
287,340,03502fb599d4b513036ade56d0eac06e8cbd5ade6a2adbf028d5e2e588a11bcd
288,340,03502fb599d4b513036ade56d0eac06e8cbd5ade6a2adbf028d5e2e588a11bcd
289,340,03502fb599d4b513036ade56d0eac06e8cbd5ade6a2adbf028d5e2e588a11bcd
290,340,03502fb599d4b513036ade56d0eac06e8cbd5ade6a2adbf028d5e2e588a11bcd
291,340,03502fb599d4b513036ade56d0eac06e8cbd5ade6a2adbf028d5e2e588a11bcd
292,340,03502fb599d4b513036ade56d0eac06e8cbd5ade6a2adbf028d5e2e588a11bcd
293,340,03502fb599d4b513036ade56d0eac06e8cbd5ade6a2adbf028d5e2e588a11bcd
294,340,03502fb599d4b513036ade56d0eac06e8cbd5ade6a2adbf028d5e2e588a11bcd
295,340,03502fb599d4b513036ade56d0eac06e8cbd5ade6a2adbf028d5e2e588a11bcd
296,340,03502fb599d4b513036ade56d0eac06e8cbd5ade6a2adbf028d5e2e588a11bcd
297,340,03502fb599d4b513036ade56d0eac06e8cbd5ade6a2adbf028d5e2e588a11bcd
298,340,03502fb599d4b513036ade56d0eac06e8cbd5ade6a2adbf028d5e2e588a11bcd
299,340,03502fb599d4b513036ade56d0eac06e8cbd5ade6a2adbf028d5e2e588a11bcd
300,340,03502fb599d4b513036ade56d0eac06e8cbd5ade6a2adbf028d5e2e588a11bcd
301,340,03502fb599d4b513036ade56d0eac06e8cbd5ade6a2adbf028d5e2e588a11bcd
302,340,03502fb599d4b513036ade56d0eac06e8cbd5ade6a2adbf028d5e2e588a11bcd
303,340,03502fb599d4b513036ade56d0eac06e8cbd5ade6a2adbf028d5e2e588a11bcd
304,340,03502fb599d4b513036ade56d0eac06e8cbd5ade6a2adbf028d5e2e588a11bcd
305,340,03502fb599d4b513036ade56d0eac06e8cbd5ade6a2adbf028d5e2e588a11bcd
306,340,03502fb599d4b513036ade56d0eac06e8cbd5ade6a2adbf028d5e2e588a11bcd
307,340,03502fb599d4b513036ade56d0eac06e8cbd5ade6a2adbf028d5e2e588a11bcd
308,340,03502fb599d4b513036ade56d0eac06e8cbd5ade6a2adbf028d5e2e588a11bcd
309,340,03502fb599d4b513036ade56d0eac06e8cbd5ade6a2adbf028d5e2e588a11bcd
310,340,03502fb599d4b513036ade56d0eac06e8cbd5ade6a2adbf028d5e2e588a11bcd
311,340,03502fb599d4b513036ade56d0eac06e8cbd5ade6a2adbf028d5e2e588a11bcd
312,340,03502fb599d4b513036ade56d0eac06e8cbd5ade6a2adbf028d5e2e588a11bcd
313,340,03502fb599d4b513036ade56d0eac06e8cbd5ade6a2adbf028d5e2e588a11bcd
314,340,03502fb599d4b513036ade56d0eac06e8cbd5ade6a2adbf028d5e2e588a11bcd
315,340,03502fb599d4b513036ade56d0eac06e8cbd5ade6a2adbf028d5e2e588a11bcd
316,340,03502fb599d4b513036ade56d0eac06e8cbd5ade6a2adbf028d5e2e588a11bcd
317,340,03502fb599d4b513036ade56d0eac06e8cbd5ade6a2adbf028d5e2e588a11bcd
318,340,03502fb599d4b513036ade56d0eac06e8cbd5ade6a2adbf028d5e2e588a11bcd
319,340,03502fb599d4b513036ade56d0eac06e8cbd5ade6a2adbf028d5e2e588a11bcd
320,340,03502fb599d4b513036ade56d0eac06e8cbd5ade6a2adbf028d5e2e588a11bcd
321,340,03502fb599d4b513036ade56d0eac06e8cbd5ade6a2adbf028d5e2e588a11bcd
322,340,03502fb599d4b513036ade56d0eac06e8cbd5ade6a2adbf028d5e2e588a11bcd
323,340,03502fb599d4b513036ade56d0eac06e8cbd5ade6a2adbf028d5e2e588a11bcd
324,340,03502fb599d4b513036ade56d0eac06e8cbd5ade6a2adbf028d5e2e588a11bcd
325,340,03502fb599d4b513036ade56d0eac06e8cbd5ade6a2adbf028d5e2e588a11bcd
326,340,03502fb599d4b513036ade56d0eac06e8cbd5ade6a2adbf028d5e2e588a11bcd
327,340,03502fb599d4b513036ade56d0eac06e8cbd5ade6a2adbf028d5e2e588a11bcd
328,340,03502fb599d4b513036ade56d0eac06e8cbd5ade6a2adbf028d5e2e588a11bcd
329,340,03502fb599d4b513036ade56d0eac06e8cbd5ade6a2adbf028d5e2e588a11bcd
330,340,03502fb599d4b513036ade56d0eac06e8cbd5ade6a2adbf028d5e2e588a11bcd
331,340,03502fb599d4b513036ade56d0eac06e8cbd5ade6a2adbf028d5e2e588a11bcd
332,340,03502fb599d4b513036ade56d0eac06e8cbd5ade6a2adbf028d5e2e588a11bcd
333,340,03502fb599d4b513036ade56d0eac06e8cbd5ade6a2adbf028d5e2e588a11bcd
334,340,03502fb599d4b513036ade56d0eac06e8cbd5ade6a2adbf028d5e2e588a11bcd
335,340,03502fb599d4b513036ade56d0eac06e8cbd5ade6a2adbf028d5e2e588a11bcd
336,340,03502fb599d4b513036ade56d0eac06e8cbd5ade6a2adbf028d5e2e588a11bcd
337,340,03502fb599d4b513036ade56d0eac06e8cbd5ade6a2adbf028d5e2e588a11bcd
338,340,03502fb599d4b513036ade56d0eac06e8cbd5ade6a2adbf028d5e2e588a11bcd
339,340,03502fb599d4b513036ade56d0eac06e8cbd5ade6a2adbf028d5e2e588a11bcd
340,340,03502fb599d4b513036ade56d0eac06e8cbd5ade6a2adbf028d5e2e588a11bcd
341,340,03502fb599d4b513036ade56d0eac06e8cbd5ade6a2adbf028d5e2e588a11bcd
342,340,03502fb599d4b513036ade56d0eac06e8cbd5ade6a2adbf028d5e2e588a11bcd
343,340,03502fb599d4b513036ade56d0eac06e8cbd5ade6a2adbf028d5e2e588a11bcd
344,340,03502fb599d4b513036ade56d0eac06e8cbd5ade6a2adbf028d5e2e588a11bcd
345,340,03502fb599d4b513036ade56d0eac06e8cbd5ade6a2adbf028d5e2e588a11bcd
346,340,03502fb599d4b513036ade56d0eac06e8cbd5ade6a2adbf028d5e2e588a11bcd
347,340,03502fb599d4b513036ade56d0eac06e8cbd5ade6a2adbf028d5e2e588a11bcd
348,340,03502fb599d4b513036ade56d0eac06e8cbd5ade6a2adbf028d5e2e588a11bcd
349,340,03502fb599d4b513036ade56d0eac06e8cbd5ade6a2adbf028d5e2e588a11bcd
350,340,03502fb599d4b513036ade56d0eac06e8cbd5ade6a2adbf028d5e2e588a11bcd
351,340,03502fb599d4b513036ade56d0eac06e8cbd5ade6a2adbf028d5e2e588a11bcd
352,340,03502fb599d4b513036ade56d0eac06e8cbd5ade6a2adbf028d5e2e588a11bcd
353,340,03502fb599d4b513036ade56d0eac06e8cbd5ade6a2adbf028d5e2e588a11bcd
354,340,03502fb599d4b513036ade56d0eac06e8cbd5ade6a2adbf028d5e2e588a11bcd
355,340,03502fb599d4b513036ade56d0eac06e8cbd5ade6a2adbf028d5e2e588a11bcd
356,340,03502fb599d4b513036ade56d0eac06e8cbd5ade6a2adbf028d5e2e588a11bcd
357,340,03502fb599d4b513036ade56d0eac06e8cbd5ade6a2adbf028d5e2e588a11bcd
358,340,03502fb599d4b513036ade56d0eac06e8cbd5ade6a2adbf028d5e2e588a11bcd
359,340,03502fb599d4b513036ade56d0eac06e8cbd5ade6a2adbf028d5e2e588a11bcd
384,340,03502fb599d4b513036ade56d0eac06e8cbd5ade6a2adbf028d5e2e588a11bcd
385,340,03502fb599d4b513036ade56d0eac06e8cbd5ade6a2adbf028d5e2e588a11bcd
386,340,03502fb599d4b513036ade56d0eac06e8cbd5ade6a2adbf028d5e2e588a11bcd
387,340,03502fb599d4b513036ade56d0eac06e8cbd5ade6a2adbf028d5e2e588a11bcd
388,340,03502fb599d4b513036ade56d0eac06e8cbd5ade6a2adbf028d5e2e588a11bcd
389,340,03502fb599d4b513036ade56d0eac06e8cbd5ade6a2adbf028d5e2e588a11bcd
390,340,03502fb599d4b513036ade56d0eac06e8cbd5ade6a2adbf028d5e2e588a11bcd
391,340,03502fb599d4b513036ade56d0eac06e8cbd5ade6a2adbf028d5e2e588a11bcd
392,340,03502fb599d4b513036ade56d0eac06e8cbd5ade6a2adbf028d5e2e588a11bcd
393,340,03502fb599d4b513036ade56d0eac06e8cbd5ade6a2adbf028d5e2e588a11bcd
394,340,03502fb599d4b513036ade56d0eac06e8cbd5ade6a2adbf028d5e2e588a11bcd
395,340,03502fb599d4b513036ade56d0eac06e8cbd5ade6a2adbf028d5e2e588a11bcd
396,340,03502fb599d4b513036ade56d0eac06e8cbd5ade6a2adbf028d5e2e588a11bcd
397,340,03502fb599d4b513036ade56d0eac06e8cbd5ade6a2adbf028d5e2e588a11bcd
398,340,03502fb599d4b513036ade56d0eac06e8cbd5ade6a2adbf028d5e2e588a11bcd
399,340,03502fb599d4b513036ade56d0eac06e8cbd5ade6a2adbf028d5e2e588a11bcd
400,340,03502fb599d4b513036ade56d0eac06e8cbd5ade6a2adbf028d5e2e588a11bcd
401,340,03502fb599d4b513036ade56d0eac06e8cbd5ade6a2adbf028d5e2e588a11bcd
402,340,03502fb599d4b513036ade56d0eac06e8cbd5ade6a2adbf028d5e2e588a11bcd
403,340,03502fb599d4b513036ade56d0eac06e8cbd5ade6a2adbf028d5e2e588a11bcd
404,340,03502fb599d4b513036ade56d0eac06e8cbd5ade6a2adbf028d5e2e588a11bcd
405,340,03502fb599d4b513036ade56d0eac06e8cbd5ade6a2adbf028d5e2e588a11bcd
406,340,03502fb599d4b513036ade56d0eac06e8cbd5ade6a2adbf028d5e2e588a11bcd
407,340,03502fb599d4b513036ade56d0eac06e8cbd5ade6a2adbf028d5e2e588a11bcd
408,340,03502fb599d4b513036ade56d0eac06e8cbd5ade6a2adbf028d5e2e588a11bcd
409,340,03502fb599d4b513036ade56d0eac06e8cbd5ade6a2adbf028d5e2e588a11bcd
410,340,03502fb599d4b513036ade56d0eac06e8cbd5ade6a2adbf028d5e2e588a11bcd
411,340,03502fb599d4b513036ade56d0eac06e8cbd5ade6a2adbf028d5e2e588a11bcd
412,340,03502fb599d4b513036ade56d0eac06e8cbd5ade6a2adbf028d5e2e588a11bcd
413,340,03502fb599d4b513036ade56d0eac06e8cbd5ade6a2adbf028d5e2e588a11bcd
414,340,03502fb599d4b513036ade56d0eac06e8cbd5ade6a2adbf028d5e2e588a11bcd
415,340,03502fb599d4b513036ade56d0eac06e8cbd5ade6a2adbf028d5e2e588a11bcd
416,340,03502fb599d4b513036ade56d0eac06e8cbd5ade6a2adbf028d5e2e588a11bcd
417,340,03502fb599d4b513036ade56d0eac06e8cbd5ade6a2adbf028d5e2e588a11bcd
418,340,03502fb599d4b513036ade56d0eac06e8cbd5ade6a2adbf028d5e2e588a11bcd
419,340,03502fb599d4b513036ade56d0eac06e8cbd5ade6a2adbf028d5e2e588a11bcd
420,340,03502fb599d4b513036ade56d0eac06e8cbd5ade6a2adbf028d5e2e588a11bcd
421,340,03502fb599d4b513036ade56d0eac06e8cbd5ade6a2adbf028d5e2e588a11bcd
422,340,03502fb599d4b513036ade56d0eac06e8cbd5ade6a2adbf028d5e2e588a11bcd
423,340,03502fb599d4b513036ade56d0eac06e8cbd5ade6a2adbf028d5e2e588a11bcd
424,340,03502fb599d4b513036ade56d0eac06e8cbd5ade6a2adbf028d5e2e588a11bcd
425,340,03502fb599d4b513036ade56d0eac06e8cbd5ade6a2adbf028d5e2e588a11bcd
426,340,03502fb599d4b513036ade56d0eac06e8cbd5ade6a2adbf028d5e2e588a11bcd
427,340,03502fb599d4b513036ade56d0eac06e8cbd5ade6a2adbf028d5e2e588a11bcd
428,340,03502fb599d4b513036ade56d0eac06e8cbd5ade6a2adbf028d5e2e588a11bcd
429,340,03502fb599d4b513036ade56d0eac06e8cbd5ade6a2adbf028d5e2e588a11bcd
430,340,03502fb599d4b513036ade56d0eac06e8cbd5ade6a2adbf028d5e2e588a11bcd
431,340,03502fb599d4b513036ade56d0eac06e8cbd5ade6a2adbf028d5e2e588a11bcd
432,340,03502fb599d4b513036ade56d0eac06e8cbd5ade6a2adbf028d5e2e588a11bcd
433,340,03502fb599d4b513036ade56d0eac06e8cbd5ade6a2adbf028d5e2e588a11bcd
434,340,03502fb599d4b513036ade56d0eac06e8cbd5ade6a2adbf028d5e2e588a11bcd
435,340,03502fb599d4b513036ade56d0eac06e8cbd5ade6a2adbf028d5e2e588a11bcd
436,340,03502fb599d4b513036ade56d0eac06e8cbd5ade6a2adbf028d5e2e588a11bcd
437,340,03502fb599d4b513036ade56d0eac06e8cbd5ade6a2adbf028d5e2e588a11bcd
438,340,03502fb599d4b513036ade56d0eac06e8cbd5ade6a2adbf028d5e2e588a11bcd
439,340,03502fb599d4b513036ade56d0eac06e8cbd5ade6a2adbf028d5e2e588a11bcd
440,340,03502fb599d4b513036ade56d0eac06e8cbd5ade6a2adbf028d5e2e588a11bcd
441,340,03502fb599d4b513036ade56d0eac06e8cbd5ade6a2adbf028d5e2e588a11bcd
442,340,03502fb599d4b513036ade56d0eac06e8cbd5ade6a2adbf028d5e2e588a11bcd
443,340,03502fb599d4b513036ade56d0eac06e8cbd5ade6a2adbf028d5e2e588a11bcd
444,340,03502fb599d4b513036ade56d0eac06e8cbd5ade6a2adbf028d5e2e588a11bcd
445,340,03502fb599d4b513036ade56d0eac06e8cbd5ade6a2adbf028d5e2e588a11bcd
446,340,03502fb599d4b513036ade56d0eac06e8cbd5ade6a2adbf028d5e2e588a11bcd
447,340,03502fb599d4b513036ade56d0eac06e8cbd5ade6a2adbf028d5e2e588a11bcd
448,340,03502fb599d4b513036ade56d0eac06e8cbd5ade6a2adbf028d5e2e588a11bcd
449,340,03502fb599d4b513036ade56d0eac06e8cbd5ade6a2adbf028d5e2e588a11bcd
450,340,03502fb599d4b513036ade56d0eac06e8cbd5ade6a2adbf028d5e2e588a11bcd
451,340,03502fb599d4b513036ade56d0eac06e8cbd5ade6a2adbf028d5e2e588a11bcd
452,340,03502fb599d4b513036ade56d0eac06e8cbd5ade6a2adbf028d5e2e588a11bcd
453,340,03502fb599d4b513036ade56d0eac06e8cbd5ade6a2adbf028d5e2e588a11bcd
454,340,03502fb599d4b513036ade56d0eac06e8cbd5ade6a2adbf028d5e2e588a11bcd
455,340,03502fb599d4b513036ade56d0eac06e8cbd5ade6a2adbf028d5e2e588a11bcd
456,340,03502fb599d4b513036ade56d0eac06e8cbd5ade6a2adbf028d5e2e588a11bcd
457,340,03502fb599d4b513036ade56d0eac06e8cbd5ade6a2adbf028d5e2e588a11bcd
458,340,03502fb599d4b513036ade56d0eac06e8cbd5ade6a2adbf028d5e2e588a11bcd
459,340,03502fb599d4b513036ade56d0eac06e8cbd5ade6a2adbf028d5e2e588a11bcd
460,340,03502fb599d4b513036ade56d0eac06e8cbd5ade6a2adbf028d5e2e588a11bcd
461,340,03502fb599d4b513036ade56d0eac06e8cbd5ade6a2adbf028d5e2e588a11bcd
462,340,03502fb599d4b513036ade56d0eac06e8cbd5ade6a2adbf028d5e2e588a11bcd
463,340,03502fb599d4b513036ade56d0eac06e8cbd5ade6a2adbf028d5e2e588a11bcd
464,340,03502fb599d4b513036ade56d0eac06e8cbd5ade6a2adbf028d5e2e588a11bcd
465,340,03502fb599d4b513036ade56d0eac06e8cbd5ade6a2adbf028d5e2e588a11bcd
466,340,03502fb599d4b513036ade56d0eac06e8cbd5ade6a2adbf028d5e2e588a11bcd
467,340,03502fb599d4b513036ade56d0eac06e8cbd5ade6a2adbf028d5e2e588a11bcd
468,340,03502fb599d4b513036ade56d0eac06e8cbd5ade6a2adbf028d5e2e588a11bcd
469,340,03502fb599d4b513036ade56d0eac06e8cbd5ade6a2adbf028d5e2e588a11bcd
470,340,03502fb599d4b513036ade56d0eac06e8cbd5ade6a2adbf028d5e2e588a11bcd
471,340,03502fb599d4b513036ade56d0eac06e8cbd5ade6a2adbf028d5e2e588a11bcd
472,340,03502fb599d4b513036ade56d0eac06e8cbd5ade6a2adbf028d5e2e588a11bcd
473,340,03502fb599d4b513036ade56d0eac06e8cbd5ade6a2adbf028d5e2e588a11bcd
474,340,03502fb599d4b513036ade56d0eac06e8cbd5ade6a2adbf028d5e2e588a11bcd
475,340,03502fb599d4b513036ade56d0eac06e8cbd5ade6a2adbf028d5e2e588a11bcd
476,340,03502fb599d4b513036ade56d0eac06e8cbd5ade6a2adbf028d5e2e588a11bcd
477,340,03502fb599d4b513036ade56d0eac06e8cbd5ade6a2adbf028d5e2e588a11bcd
478,340,03502fb599d4b513036ade56d0eac06e8cbd5ade6a2adbf028d5e2e588a11bcd
479,340,03502fb599d4b513036ade56d0eac06e8cbd5ade6a2adbf028d5e2e588a11bcd
480,340,03502fb599d4b513036ade56d0eac06e8cbd5ade6a2adbf028d5e2e588a11bcd
481,340,03502fb599d4b513036ade56d0eac06e8cbd5ade6a2adbf028d5e2e588a11bcd
482,340,03502fb599d4b513036ade56d0eac06e8cbd5ade6a2adbf028d5e2e588a11bcd
483,340,03502fb599d4b513036ade56d0eac06e8cbd5ade6a2adbf028d5e2e588a11bcd
484,340,03502fb599d4b513036ade56d0eac06e8cbd5ade6a2adbf028d5e2e588a11bcd
485,340,03502fb599d4b513036ade56d0eac06e8cbd5ade6a2adbf028d5e2e588a11bcd
486,340,03502fb599d4b513036ade56d0eac06e8cbd5ade6a2adbf028d5e2e588a11bcd
487,340,03502fb599d4b513036ade56d0eac06e8cbd5ade6a2adbf028d5e2e588a11bcd
488,340,03502fb599d4b513036ade56d0eac06e8cbd5ade6a2adbf028d5e2e588a11bcd
489,340,03502fb599d4b513036ade56d0eac06e8cbd5ade6a2adbf028d5e2e588a11bcd
490,340,03502fb599d4b513036ade56d0eac06e8cbd5ade6a2adbf028d5e2e588a11bcd
491,340,03502fb599d4b513036ade56d0eac06e8cbd5ade6a2adbf028d5e2e588a11bcd
492,340,03502fb599d4b513036ade56d0eac06e8cbd5ade6a2adbf028d5e2e588a11bcd
493,340,03502fb599d4b513036ade56d0eac06e8cbd5ade6a2adbf028d5e2e588a11bcd
494,340,03502fb599d4b513036ade56d0eac06e8cbd5ade6a2adbf028d5e2e588a11bcd
495,340,03502fb599d4b513036ade56d0eac06e8cbd5ade6a2adbf028d5e2e588a11bcd
496,340,03502fb599d4b513036ade56d0eac06e8cbd5ade6a2adbf028d5e2e588a11bcd
497,340,03502fb599d4b513036ade56d0eac06e8cbd5ade6a2adbf028d5e2e588a11bcd
498,340,03502fb599d4b513036ade56d0eac06e8cbd5ade6a2adbf028d5e2e588a11bcd
499,340,03502fb599d4b513036ade56d0eac06e8cbd5ade6a2adbf028d5e2e588a11bcd
500,340,03502fb599d4b513036ade56d0eac06e8cbd5ade6a2adbf028d5e2e588a11bcd
501,340,03502fb599d4b513036ade56d0eac06e8cbd5ade6a2adbf028d5e2e588a11bcd
502,340,03502fb599d4b513036ade56d0eac06e8cbd5ade6a2adbf028d5e2e588a11bcd
503,340,03502fb599d4b513036ade56d0eac06e8cbd5ade6a2adbf028d5e2e588a11bcd
504,340,03502fb599d4b513036ade56d0eac06e8cbd5ade6a2adbf028d5e2e588a11bcd
505,340,03502fb599d4b513036ade56d0eac06e8cbd5ade6a2adbf028d5e2e588a11bcd
506,340,03502fb599d4b513036ade56d0eac06e8cbd5ade6a2adbf028d5e2e588a11bcd
507,340,03502fb599d4b513036ade56d0eac06e8cbd5ade6a2adbf028d5e2e588a11bcd
508,340,03502fb599d4b513036ade56d0eac06e8cbd5ade6a2adbf028d5e2e588a11bcd
509,340,03502fb599d4b513036ade56d0eac06e8cbd5ade6a2adbf028d5e2e588a11bcd
510,340,03502fb599d4b513036ade56d0eac06e8cbd5ade6a2adbf028d5e2e588a11bcd
511,340,03502fb599d4b513036ade56d0eac06e8cbd5ade6a2adbf028d5e2e588a11bcd
512,340,03502fb599d4b513036ade56d0eac06e8cbd5ade6a2adbf028d5e2e588a11bcd
513,340,03502fb599d4b513036ade56d0eac06e8cbd5ade6a2adbf028d5e2e588a11bcd
514,340,03502fb599d4b513036ade56d0eac06e8cbd5ade6a2adbf028d5e2e588a11bcd
515,340,03502fb599d4b513036ade56d0eac06e8cbd5ade6a2adbf028d5e2e588a11bcd
516,340,03502fb599d4b513036ade56d0eac06e8cbd5ade6a2adbf028d5e2e588a11bcd
517,340,03502fb599d4b513036ade56d0eac06e8cbd5ade6a2adbf028d5e2e588a11bcd
518,340,03502fb599d4b513036ade56d0eac06e8cbd5ade6a2adbf028d5e2e588a11bcd
519,340,03502fb599d4b513036ade56d0eac06e8cbd5ade6a2adbf028d5e2e588a11bcd
520,340,03502fb599d4b513036ade56d0eac06e8cbd5ade6a2adbf028d5e2e588a11bcd
521,340,03502fb599d4b513036ade56d0eac06e8cbd5ade6a2adbf028d5e2e588a11bcd
522,340,03502fb599d4b513036ade56d0eac06e8cbd5ade6a2adbf028d5e2e588a11bcd
523,340,03502fb599d4b513036ade56d0eac06e8cbd5ade6a2adbf028d5e2e588a11bcd
524,340,03502fb599d4b513036ade56d0eac06e8cbd5ade6a2adbf028d5e2e588a11bcd
525,340,03502fb599d4b513036ade56d0eac06e8cbd5ade6a2adbf028d5e2e588a11bcd
526,340,03502fb599d4b513036ade56d0eac06e8cbd5ade6a2adbf028d5e2e588a11bcd
527,340,03502fb599d4b513036ade56d0eac06e8cbd5ade6a2adbf028d5e2e588a11bcd
528,340,03502fb599d4b513036ade56d0eac06e8cbd5ade6a2adbf028d5e2e588a11bcd
529,340,03502fb599d4b513036ade56d0eac06e8cbd5ade6a2adbf028d5e2e588a11bcd
530,340,03502fb599d4b513036ade56d0eac06e8cbd5ade6a2adbf028d5e2e588a11bcd
531,340,03502fb599d4b513036ade56d0eac06e8cbd5ade6a2adbf028d5e2e588a11bcd
532,340,03502fb599d4b513036ade56d0eac06e8cbd5ade6a2adbf028d5e2e588a11bcd
533,340,03502fb599d4b513036ade56d0eac06e8cbd5ade6a2adbf028d5e2e588a11bcd
534,340,03502fb599d4b513036ade56d0eac06e8cbd5ade6a2adbf028d5e2e588a11bcd
535,340,03502fb599d4b513036ade56d0eac06e8cbd5ade6a2adbf028d5e2e588a11bcd
536,340,03502fb599d4b513036ade56d0eac06e8cbd5ade6a2adbf028d5e2e588a11bcd
537,340,03502fb599d4b513036ade56d0eac06e8cbd5ade6a2adbf028d5e2e588a11bcd
538,340,03502fb599d4b513036ade56d0eac06e8cbd5ade6a2adbf028d5e2e588a11bcd
539,340,03502fb599d4b513036ade56d0eac06e8cbd5ade6a2adbf028d5e2e588a11bcd
540,340,03502fb599d4b513036ade56d0eac06e8cbd5ade6a2adbf028d5e2e588a11bcd
541,340,03502fb599d4b513036ade56d0eac06e8cbd5ade6a2adbf028d5e2e588a11bcd
542,340,03502fb599d4b513036ade56d0eac06e8cbd5ade6a2adbf028d5e2e588a11bcd
543,340,03502fb599d4b513036ade56d0eac06e8cbd5ade6a2adbf028d5e2e588a11bcd
544,340,03502fb599d4b513036ade56d0eac06e8cbd5ade6a2adbf028d5e2e588a11bcd
545,340,03502fb599d4b513036ade56d0eac06e8cbd5ade6a2adbf028d5e2e588a11bcd
546,340,03502fb599d4b513036ade56d0eac06e8cbd5ade6a2adbf028d5e2e588a11bcd
547,340,03502fb599d4b513036ade56d0eac06e8cbd5ade6a2adbf028d5e2e588a11bcd
548,340,03502fb599d4b513036ade56d0eac06e8cbd5ade6a2adbf028d5e2e588a11bcd
549,340,03502fb599d4b513036ade56d0eac06e8cbd5ade6a2adbf028d5e2e588a11bcd
550,340,03502fb599d4b513036ade56d0eac06e8cbd5ade6a2adbf028d5e2e588a11bcd
551,340,03502fb599d4b513036ade56d0eac06e8cbd5ade6a2adbf028d5e2e588a11bcd
552,340,03502fb599d4b513036ade56d0eac06e8cbd5ade6a2adbf028d5e2e588a11bcd
553,340,03502fb599d4b513036ade56d0eac06e8cbd5ade6a2adbf028d5e2e588a11bcd
554,340,03502fb599d4b513036ade56d0eac06e8cbd5ade6a2adbf028d5e2e588a11bcd
555,340,03502fb599d4b513036ade56d0eac06e8cbd5ade6a2adbf028d5e2e588a11bcd
556,340,03502fb599d4b513036ade56d0eac06e8cbd5ade6a2adbf028d5e2e588a11bcd
557,340,03502fb599d4b513036ade56d0eac06e8cbd5ade6a2adbf028d5e2e588a11bcd
558,340,03502fb599d4b513036ade56d0eac06e8cbd5ade6a2adbf028d5e2e588a11bcd
559,340,03502fb599d4b513036ade56d0eac06e8cbd5ade6a2adbf028d5e2e588a11bcd
560,340,03502fb599d4b513036ade56d0eac06e8cbd5ade6a2adbf028d5e2e588a11bcd
561,340,03502fb599d4b513036ade56d0eac06e8cbd5ade6a2adbf028d5e2e588a11bcd
562,340,03502fb599d4b513036ade56d0eac06e8cbd5ade6a2adbf028d5e2e588a11bcd
563,340,03502fb599d4b513036ade56d0eac06e8cbd5ade6a2adbf028d5e2e588a11bcd
564,340,03502fb599d4b513036ade56d0eac06e8cbd5ade6a2adbf028d5e2e588a11bcd
565,340,03502fb599d4b513036ade56d0eac06e8cbd5ade6a2adbf028d5e2e588a11bcd
566,340,03502fb599d4b513036ade56d0eac06e8cbd5ade6a2adbf028d5e2e588a11bcd
567,340,03502fb599d4b513036ade56d0eac06e8cbd5ade6a2adbf028d5e2e588a11bcd
568,340,03502fb599d4b513036ade56d0eac06e8cbd5ade6a2adbf028d5e2e588a11bcd
569,340,03502fb599d4b513036ade56d0eac06e8cbd5ade6a2adbf028d5e2e588a11bcd
570,340,03502fb599d4b513036ade56d0eac06e8cbd5ade6a2adbf028d5e2e588a11bcd
571,340,03502fb599d4b513036ade56d0eac06e8cbd5ade6a2adbf028d5e2e588a11bcd
572,340,03502fb599d4b513036ade56d0eac06e8cbd5ade6a2adbf028d5e2e588a11bcd
573,340,03502fb599d4b513036ade56d0eac06e8cbd5ade6a2adbf028d5e2e588a11bcd
574,340,03502fb599d4b513036ade56d0eac06e8cbd5ade6a2adbf028d5e2e588a11bcd
575,340,03502fb599d4b513036ade56d0eac06e8cbd5ade6a2adbf028d5e2e588a11bcd
576,340,03502fb599d4b513036ade56d0eac06e8cbd5ade6a2adbf028d5e2e588a11bcd
577,340,03502fb599d4b513036ade56d0eac06e8cbd5ade6a2adbf028d5e2e588a11bcd
578,340,03502fb599d4b513036ade56d0eac06e8cbd5ade6a2adbf028d5e2e588a11bcd
579,340,03502fb599d4b513036ade56d0eac06e8cbd5ade6a2adbf028d5e2e588a11bcd
580,340,03502fb599d4b513036ade56d0eac06e8cbd5ade6a2adbf028d5e2e588a11bcd
581,340,03502fb599d4b513036ade56d0eac06e8cbd5ade6a2adbf028d5e2e588a11bcd
582,340,03502fb599d4b513036ade56d0eac06e8cbd5ade6a2adbf028d5e2e588a11bcd
583,340,03502fb599d4b513036ade56d0eac06e8cbd5ade6a2adbf028d5e2e588a11bcd
584,340,03502fb599d4b513036ade56d0eac06e8cbd5ade6a2adbf028d5e2e588a11bcd
585,340,03502fb599d4b513036ade56d0eac06e8cbd5ade6a2adbf028d5e2e588a11bcd
586,340,03502fb599d4b513036ade56d0eac06e8cbd5ade6a2adbf028d5e2e588a11bcd
587,340,03502fb599d4b513036ade56d0eac06e8cbd5ade6a2adbf028d5e2e588a11bcd
588,340,03502fb599d4b513036ade56d0eac06e8cbd5ade6a2adbf028d5e2e588a11bcd
589,340,03502fb599d4b513036ade56d0eac06e8cbd5ade6a2adbf028d5e2e588a11bcd
590,340,03502fb599d4b513036ade56d0eac06e8cbd5ade6a2adbf028d5e2e588a11bcd
591,340,03502fb599d4b513036ade56d0eac06e8cbd5ade6a2adbf028d5e2e588a11bcd
592,340,03502fb599d4b513036ade56d0eac06e8cbd5ade6a2adbf028d5e2e588a11bcd
593,340,03502fb599d4b513036ade56d0eac06e8cbd5ade6a2adbf028d5e2e588a11bcd
594,340,03502fb599d4b513036ade56d0eac06e8cbd5ade6a2adbf028d5e2e588a11bcd
595,340,03502fb599d4b513036ade56d0eac06e8cbd5ade6a2adbf028d5e2e588a11bcd
596,340,03502fb599d4b513036ade56d0eac06e8cbd5ade6a2adbf028d5e2e588a11bcd
597,340,03502fb599d4b513036ade56d0eac06e8cbd5ade6a2adbf028d5e2e588a11bcd
598,340,03502fb599d4b513036ade56d0eac06e8cbd5ade6a2adbf028d5e2e588a11bcd
599,340,03502fb599d4b513036ade56d0eac06e8cbd5ade6a2adbf028d5e2e588a11bcd
600,340,03502fb599d4b513036ade56d0eac06e8cbd5ade6a2adbf028d5e2e588a11bcd
601,340,03502fb599d4b513036ade56d0eac06e8cbd5ade6a2adbf028d5e2e588a11bcd
244,341,03502fb599d4b513036ade56d0eac06e8cbd5ade6a2adbf028d5e2e588a11bcd
245,341,03502fb599d4b513036ade56d0eac06e8cbd5ade6a2adbf028d5e2e588a11bcd
246,341,03502fb599d4b513036ade56d0eac06e8cbd5ade6a2adbf028d5e2e588a11bcd
247,341,03502fb599d4b513036ade56d0eac06e8cbd5ade6a2adbf028d5e2e588a11bcd
248,341,03502fb599d4b513036ade56d0eac06e8cbd5ade6a2adbf028d5e2e588a11bcd
249,341,03502fb599d4b513036ade56d0eac06e8cbd5ade6a2adbf028d5e2e588a11bcd
250,341,03502fb599d4b513036ade56d0eac06e8cbd5ade6a2adbf028d5e2e588a11bcd
251,341,03502fb599d4b513036ade56d0eac06e8cbd5ade6a2adbf028d5e2e588a11bcd
252,341,03502fb599d4b513036ade56d0eac06e8cbd5ade6a2adbf028d5e2e588a11bcd
253,341,03502fb599d4b513036ade56d0eac06e8cbd5ade6a2adbf028d5e2e588a11bcd
254,341,03502fb599d4b513036ade56d0eac06e8cbd5ade6a2adbf028d5e2e588a11bcd
255,341,03502fb599d4b513036ade56d0eac06e8cbd5ade6a2adbf028d5e2e588a11bcd
256,341,03502fb599d4b513036ade56d0eac06e8cbd5ade6a2adbf028d5e2e588a11bcd
257,341,03502fb599d4b513036ade56d0eac06e8cbd5ade6a2adbf028d5e2e588a11bcd
258,341,03502fb599d4b513036ade56d0eac06e8cbd5ade6a2adbf028d5e2e588a11bcd
259,341,03502fb599d4b513036ade56d0eac06e8cbd5ade6a2adbf028d5e2e588a11bcd
260,341,03502fb599d4b513036ade56d0eac06e8cbd5ade6a2adbf028d5e2e588a11bcd
261,341,03502fb599d4b513036ade56d0eac06e8cbd5ade6a2adbf028d5e2e588a11bcd
262,341,03502fb599d4b513036ade56d0eac06e8cbd5ade6a2adbf028d5e2e588a11bcd
263,341,03502fb599d4b513036ade56d0eac06e8cbd5ade6a2adbf028d5e2e588a11bcd
264,341,03502fb599d4b513036ade56d0eac06e8cbd5ade6a2adbf028d5e2e588a11bcd
265,341,03502fb599d4b513036ade56d0eac06e8cbd5ade6a2adbf028d5e2e588a11bcd
266,341,03502fb599d4b513036ade56d0eac06e8cbd5ade6a2adbf028d5e2e588a11bcd
267,341,03502fb599d4b513036ade56d0eac06e8cbd5ade6a2adbf028d5e2e588a11bcd
268,341,03502fb599d4b513036ade56d0eac06e8cbd5ade6a2adbf028d5e2e588a11bcd
269,341,03502fb599d4b513036ade56d0eac06e8cbd5ade6a2adbf028d5e2e588a11bcd
270,341,03502fb599d4b513036ade56d0eac06e8cbd5ade6a2adbf028d5e2e588a11bcd
271,341,03502fb599d4b513036ade56d0eac06e8cbd5ade6a2adbf028d5e2e588a11bcd
272,341,03502fb599d4b513036ade56d0eac06e8cbd5ade6a2adbf028d5e2e588a11bcd
273,341,03502fb599d4b513036ade56d0eac06e8cbd5ade6a2adbf028d5e2e588a11bcd
274,341,03502fb599d4b513036ade56d0eac06e8cbd5ade6a2adbf028d5e2e588a11bcd
275,341,03502fb599d4b513036ade56d0eac06e8cbd5ade6a2adbf028d5e2e588a11bcd
276,341,03502fb599d4b513036ade56d0eac06e8cbd5ade6a2adbf028d5e2e588a11bcd
277,341,03502fb599d4b513036ade56d0eac06e8cbd5ade6a2adbf028d5e2e588a11bcd
278,341,03502fb599d4b513036ade56d0eac06e8cbd5ade6a2adbf028d5e2e588a11bcd
279,341,03502fb599d4b513036ade56d0eac06e8cbd5ade6a2adbf028d5e2e588a11bcd
280,341,03502fb599d4b513036ade56d0eac06e8cbd5ade6a2adbf028d5e2e588a11bcd
281,341,03502fb599d4b513036ade56d0eac06e8cbd5ade6a2adbf028d5e2e588a11bcd
282,341,03502fb599d4b513036ade56d0eac06e8cbd5ade6a2adbf028d5e2e588a11bcd
283,341,03502fb599d4b513036ade56d0eac06e8cbd5ade6a2adbf028d5e2e588a11bcd
284,341,03502fb599d4b513036ade56d0eac06e8cbd5ade6a2adbf028d5e2e588a11bcd
285,341,03502fb599d4b513036ade56d0eac06e8cbd5ade6a2adbf028d5e2e588a11bcd
286,341,03502fb599d4b513036ade56d0eac06e8cbd5ade6a2adbf028d5e2e588a11bcd
287,341,03502fb599d4b513036ade56d0eac06e8cbd5ade6a2adbf028d5e2e588a11bcd
288,341,03502fb599d4b513036ade56d0eac06e8cbd5ade6a2adbf028d5e2e588a11bcd
289,341,03502fb599d4b513036ade56d0eac06e8cbd5ade6a2adbf028d5e2e588a11bcd
290,341,03502fb599d4b513036ade56d0eac06e8cbd5ade6a2adbf028d5e2e588a11bcd
291,341,03502fb599d4b513036ade56d0eac06e8cbd5ade6a2adbf028d5e2e588a11bcd
292,341,03502fb599d4b513036ade56d0eac06e8cbd5ade6a2adbf028d5e2e588a11bcd
293,341,03502fb599d4b513036ade56d0eac06e8cbd5ade6a2adbf028d5e2e588a11bcd
294,341,03502fb599d4b513036ade56d0eac06e8cbd5ade6a2adbf028d5e2e588a11bcd
295,341,03502fb599d4b513036ade56d0eac06e8cbd5ade6a2adbf028d5e2e588a11bcd
296,341,03502fb599d4b513036ade56d0eac06e8cbd5ade6a2adbf028d5e2e588a11bcd
297,341,03502fb599d4b513036ade56d0eac06e8cbd5ade6a2adbf028d5e2e588a11bcd
298,341,03502fb599d4b513036ade56d0eac06e8cbd5ade6a2adbf028d5e2e588a11bcd
299,341,03502fb599d4b513036ade56d0eac06e8cbd5ade6a2adbf028d5e2e588a11bcd
300,341,03502fb599d4b513036ade56d0eac06e8cbd5ade6a2adbf028d5e2e588a11bcd
301,341,03502fb599d4b513036ade56d0eac06e8cbd5ade6a2adbf028d5e2e588a11bcd
302,341,03502fb599d4b513036ade56d0eac06e8cbd5ade6a2adbf028d5e2e588a11bcd
303,341,03502fb599d4b513036ade56d0eac06e8cbd5ade6a2adbf028d5e2e588a11bcd
304,341,03502fb599d4b513036ade56d0eac06e8cbd5ade6a2adbf028d5e2e588a11bcd
305,341,03502fb599d4b513036ade56d0eac06e8cbd5ade6a2adbf028d5e2e588a11bcd
306,341,03502fb599d4b513036ade56d0eac06e8cbd5ade6a2adbf028d5e2e588a11bcd
307,341,03502fb599d4b513036ade56d0eac06e8cbd5ade6a2adbf028d5e2e588a11bcd
308,341,03502fb599d4b513036ade56d0eac06e8cbd5ade6a2adbf028d5e2e588a11bcd
309,341,03502fb599d4b513036ade56d0eac06e8cbd5ade6a2adbf028d5e2e588a11bcd
310,341,03502fb599d4b513036ade56d0eac06e8cbd5ade6a2adbf028d5e2e588a11bcd
311,341,03502fb599d4b513036ade56d0eac06e8cbd5ade6a2adbf028d5e2e588a11bcd
312,341,03502fb599d4b513036ade56d0eac06e8cbd5ade6a2adbf028d5e2e588a11bcd
313,341,03502fb599d4b513036ade56d0eac06e8cbd5ade6a2adbf028d5e2e588a11bcd
314,341,03502fb599d4b513036ade56d0eac06e8cbd5ade6a2adbf028d5e2e588a11bcd
315,341,03502fb599d4b513036ade56d0eac06e8cbd5ade6a2adbf028d5e2e588a11bcd
316,341,03502fb599d4b513036ade56d0eac06e8cbd5ade6a2adbf028d5e2e588a11bcd
317,341,03502fb599d4b513036ade56d0eac06e8cbd5ade6a2adbf028d5e2e588a11bcd
318,341,03502fb599d4b513036ade56d0eac06e8cbd5ade6a2adbf028d5e2e588a11bcd
319,341,03502fb599d4b513036ade56d0eac06e8cbd5ade6a2adbf028d5e2e588a11bcd
320,341,03502fb599d4b513036ade56d0eac06e8cbd5ade6a2adbf028d5e2e588a11bcd
321,341,03502fb599d4b513036ade56d0eac06e8cbd5ade6a2adbf028d5e2e588a11bcd
322,341,03502fb599d4b513036ade56d0eac06e8cbd5ade6a2adbf028d5e2e588a11bcd
323,341,03502fb599d4b513036ade56d0eac06e8cbd5ade6a2adbf028d5e2e588a11bcd
324,341,03502fb599d4b513036ade56d0eac06e8cbd5ade6a2adbf028d5e2e588a11bcd
325,341,03502fb599d4b513036ade56d0eac06e8cbd5ade6a2adbf028d5e2e588a11bcd
326,341,03502fb599d4b513036ade56d0eac06e8cbd5ade6a2adbf028d5e2e588a11bcd
327,341,03502fb599d4b513036ade56d0eac06e8cbd5ade6a2adbf028d5e2e588a11bcd
328,341,03502fb599d4b513036ade56d0eac06e8cbd5ade6a2adbf028d5e2e588a11bcd
329,341,03502fb599d4b513036ade56d0eac06e8cbd5ade6a2adbf028d5e2e588a11bcd
330,341,03502fb599d4b513036ade56d0eac06e8cbd5ade6a2adbf028d5e2e588a11bcd
331,341,03502fb599d4b513036ade56d0eac06e8cbd5ade6a2adbf028d5e2e588a11bcd
332,341,03502fb599d4b513036ade56d0eac06e8cbd5ade6a2adbf028d5e2e588a11bcd
333,341,03502fb599d4b513036ade56d0eac06e8cbd5ade6a2adbf028d5e2e588a11bcd
334,341,03502fb599d4b513036ade56d0eac06e8cbd5ade6a2adbf028d5e2e588a11bcd
335,341,03502fb599d4b513036ade56d0eac06e8cbd5ade6a2adbf028d5e2e588a11bcd
336,341,03502fb599d4b513036ade56d0eac06e8cbd5ade6a2adbf028d5e2e588a11bcd
337,341,03502fb599d4b513036ade56d0eac06e8cbd5ade6a2adbf028d5e2e588a11bcd
338,341,03502fb599d4b513036ade56d0eac06e8cbd5ade6a2adbf028d5e2e588a11bcd
339,341,03502fb599d4b513036ade56d0eac06e8cbd5ade6a2adbf028d5e2e588a11bcd
340,341,03502fb599d4b513036ade56d0eac06e8cbd5ade6a2adbf028d5e2e588a11bcd
341,341,03502fb599d4b513036ade56d0eac06e8cbd5ade6a2adbf028d5e2e588a11bcd
342,341,03502fb599d4b513036ade56d0eac06e8cbd5ade6a2adbf028d5e2e588a11bcd
343,341,03502fb599d4b513036ade56d0eac06e8cbd5ade6a2adbf028d5e2e588a11bcd
344,341,03502fb599d4b513036ade56d0eac06e8cbd5ade6a2adbf028d5e2e588a11bcd
345,341,03502fb599d4b513036ade56d0eac06e8cbd5ade6a2adbf028d5e2e588a11bcd
346,341,03502fb599d4b513036ade56d0eac06e8cbd5ade6a2adbf028d5e2e588a11bcd
347,341,03502fb599d4b513036ade56d0eac06e8cbd5ade6a2adbf028d5e2e588a11bcd
348,341,03502fb599d4b513036ade56d0eac06e8cbd5ade6a2adbf028d5e2e588a11bcd
349,341,03502fb599d4b513036ade56d0eac06e8cbd5ade6a2adbf028d5e2e588a11bcd
350,341,03502fb599d4b513036ade56d0eac06e8cbd5ade6a2adbf028d5e2e588a11bcd
351,341,03502fb599d4b513036ade56d0eac06e8cbd5ade6a2adbf028d5e2e588a11bcd
352,341,03502fb599d4b513036ade56d0eac06e8cbd5ade6a2adbf028d5e2e588a11bcd
353,341,03502fb599d4b513036ade56d0eac06e8cbd5ade6a2adbf028d5e2e588a11bcd
354,341,03502fb599d4b513036ade56d0eac06e8cbd5ade6a2adbf028d5e2e588a11bcd
355,341,03502fb599d4b513036ade56d0eac06e8cbd5ade6a2adbf028d5e2e588a11bcd
356,341,03502fb599d4b513036ade56d0eac06e8cbd5ade6a2adbf028d5e2e588a11bcd
357,341,03502fb599d4b513036ade56d0eac06e8cbd5ade6a2adbf028d5e2e588a11bcd
358,341,03502fb599d4b513036ade56d0eac06e8cbd5ade6a2adbf028d5e2e588a11bcd
359,341,03502fb599d4b513036ade56d0eac06e8cbd5ade6a2adbf028d5e2e588a11bcd
360,341,03502fb599d4b513036ade56d0eac06e8cbd5ade6a2adbf028d5e2e588a11bcd
361,341,03502fb599d4b513036ade56d0eac06e8cbd5ade6a2adbf028d5e2e588a11bcd
362,341,03502fb599d4b513036ade56d0eac06e8cbd5ade6a2adbf028d5e2e588a11bcd
363,341,03502fb599d4b513036ade56d0eac06e8cbd5ade6a2adbf028d5e2e588a11bcd
364,341,03502fb599d4b513036ade56d0eac06e8cbd5ade6a2adbf028d5e2e588a11bcd
365,341,03502fb599d4b513036ade56d0eac06e8cbd5ade6a2adbf028d5e2e588a11bcd
366,341,03502fb599d4b513036ade56d0eac06e8cbd5ade6a2adbf028d5e2e588a11bcd
367,341,03502fb599d4b513036ade56d0eac06e8cbd5ade6a2adbf028d5e2e588a11bcd
368,341,03502fb599d4b513036ade56d0eac06e8cbd5ade6a2adbf028d5e2e588a11bcd
369,341,03502fb599d4b513036ade56d0eac06e8cbd5ade6a2adbf028d5e2e588a11bcd
370,341,03502fb599d4b513036ade56d0eac06e8cbd5ade6a2adbf028d5e2e588a11bcd
371,341,03502fb599d4b513036ade56d0eac06e8cbd5ade6a2adbf028d5e2e588a11bcd
372,341,03502fb599d4b513036ade56d0eac06e8cbd5ade6a2adbf028d5e2e588a11bcd
373,341,03502fb599d4b513036ade56d0eac06e8cbd5ade6a2adbf028d5e2e588a11bcd
374,341,03502fb599d4b513036ade56d0eac06e8cbd5ade6a2adbf028d5e2e588a11bcd
375,341,03502fb599d4b513036ade56d0eac06e8cbd5ade6a2adbf028d5e2e588a11bcd
376,341,03502fb599d4b513036ade56d0eac06e8cbd5ade6a2adbf028d5e2e588a11bcd
377,341,03502fb599d4b513036ade56d0eac06e8cbd5ade6a2adbf028d5e2e588a11bcd
378,341,03502fb599d4b513036ade56d0eac06e8cbd5ade6a2adbf028d5e2e588a11bcd
379,341,03502fb599d4b513036ade56d0eac06e8cbd5ade6a2adbf028d5e2e588a11bcd
380,341,03502fb599d4b513036ade56d0eac06e8cbd5ade6a2adbf028d5e2e588a11bcd
381,341,03502fb599d4b513036ade56d0eac06e8cbd5ade6a2adbf028d5e2e588a11bcd
382,341,03502fb599d4b513036ade56d0eac06e8cbd5ade6a2adbf028d5e2e588a11bcd
383,341,03502fb599d4b513036ade56d0eac06e8cbd5ade6a2adbf028d5e2e588a11bcd
384,341,03502fb599d4b513036ade56d0eac06e8cbd5ade6a2adbf028d5e2e588a11bcd
385,341,03502fb599d4b513036ade56d0eac06e8cbd5ade6a2adbf028d5e2e588a11bcd
386,341,03502fb599d4b513036ade56d0eac06e8cbd5ade6a2adbf028d5e2e588a11bcd
387,341,03502fb599d4b513036ade56d0eac06e8cbd5ade6a2adbf028d5e2e588a11bcd
388,341,03502fb599d4b513036ade56d0eac06e8cbd5ade6a2adbf028d5e2e588a11bcd
389,341,03502fb599d4b513036ade56d0eac06e8cbd5ade6a2adbf028d5e2e588a11bcd
390,341,03502fb599d4b513036ade56d0eac06e8cbd5ade6a2adbf028d5e2e588a11bcd
391,341,03502fb599d4b513036ade56d0eac06e8cbd5ade6a2adbf028d5e2e588a11bcd
392,341,03502fb599d4b513036ade56d0eac06e8cbd5ade6a2adbf028d5e2e588a11bcd
393,341,03502fb599d4b513036ade56d0eac06e8cbd5ade6a2adbf028d5e2e588a11bcd
394,341,03502fb599d4b513036ade56d0eac06e8cbd5ade6a2adbf028d5e2e588a11bcd
395,341,03502fb599d4b513036ade56d0eac06e8cbd5ade6a2adbf028d5e2e588a11bcd
396,341,03502fb599d4b513036ade56d0eac06e8cbd5ade6a2adbf028d5e2e588a11bcd
397,341,03502fb599d4b513036ade56d0eac06e8cbd5ade6a2adbf028d5e2e588a11bcd
398,341,03502fb599d4b513036ade56d0eac06e8cbd5ade6a2adbf028d5e2e588a11bcd
399,341,03502fb599d4b513036ade56d0eac06e8cbd5ade6a2adbf028d5e2e588a11bcd
400,341,03502fb599d4b513036ade56d0eac06e8cbd5ade6a2adbf028d5e2e588a11bcd
401,341,03502fb599d4b513036ade56d0eac06e8cbd5ade6a2adbf028d5e2e588a11bcd
402,341,03502fb599d4b513036ade56d0eac06e8cbd5ade6a2adbf028d5e2e588a11bcd
403,341,03502fb599d4b513036ade56d0eac06e8cbd5ade6a2adbf028d5e2e588a11bcd
404,341,03502fb599d4b513036ade56d0eac06e8cbd5ade6a2adbf028d5e2e588a11bcd
405,341,03502fb599d4b513036ade56d0eac06e8cbd5ade6a2adbf028d5e2e588a11bcd
406,341,03502fb599d4b513036ade56d0eac06e8cbd5ade6a2adbf028d5e2e588a11bcd
407,341,03502fb599d4b513036ade56d0eac06e8cbd5ade6a2adbf028d5e2e588a11bcd
408,341,03502fb599d4b513036ade56d0eac06e8cbd5ade6a2adbf028d5e2e588a11bcd
409,341,03502fb599d4b513036ade56d0eac06e8cbd5ade6a2adbf028d5e2e588a11bcd
410,341,03502fb599d4b513036ade56d0eac06e8cbd5ade6a2adbf028d5e2e588a11bcd
411,341,03502fb599d4b513036ade56d0eac06e8cbd5ade6a2adbf028d5e2e588a11bcd
412,341,03502fb599d4b513036ade56d0eac06e8cbd5ade6a2adbf028d5e2e588a11bcd
413,341,03502fb599d4b513036ade56d0eac06e8cbd5ade6a2adbf028d5e2e588a11bcd
414,341,03502fb599d4b513036ade56d0eac06e8cbd5ade6a2adbf028d5e2e588a11bcd
415,341,03502fb599d4b513036ade56d0eac06e8cbd5ade6a2adbf028d5e2e588a11bcd
416,341,03502fb599d4b513036ade56d0eac06e8cbd5ade6a2adbf028d5e2e588a11bcd
417,341,03502fb599d4b513036ade56d0eac06e8cbd5ade6a2adbf028d5e2e588a11bcd
418,341,03502fb599d4b513036ade56d0eac06e8cbd5ade6a2adbf028d5e2e588a11bcd
419,341,03502fb599d4b513036ade56d0eac06e8cbd5ade6a2adbf028d5e2e588a11bcd
420,341,03502fb599d4b513036ade56d0eac06e8cbd5ade6a2adbf028d5e2e588a11bcd
421,341,03502fb599d4b513036ade56d0eac06e8cbd5ade6a2adbf028d5e2e588a11bcd
422,341,03502fb599d4b513036ade56d0eac06e8cbd5ade6a2adbf028d5e2e588a11bcd
423,341,03502fb599d4b513036ade56d0eac06e8cbd5ade6a2adbf028d5e2e588a11bcd
424,341,03502fb599d4b513036ade56d0eac06e8cbd5ade6a2adbf028d5e2e588a11bcd
425,341,03502fb599d4b513036ade56d0eac06e8cbd5ade6a2adbf028d5e2e588a11bcd
426,341,03502fb599d4b513036ade56d0eac06e8cbd5ade6a2adbf028d5e2e588a11bcd
427,341,03502fb599d4b513036ade56d0eac06e8cbd5ade6a2adbf028d5e2e588a11bcd
428,341,03502fb599d4b513036ade56d0eac06e8cbd5ade6a2adbf028d5e2e588a11bcd
429,341,03502fb599d4b513036ade56d0eac06e8cbd5ade6a2adbf028d5e2e588a11bcd
430,341,03502fb599d4b513036ade56d0eac06e8cbd5ade6a2adbf028d5e2e588a11bcd
431,341,03502fb599d4b513036ade56d0eac06e8cbd5ade6a2adbf028d5e2e588a11bcd
432,341,03502fb599d4b513036ade56d0eac06e8cbd5ade6a2adbf028d5e2e588a11bcd
433,341,03502fb599d4b513036ade56d0eac06e8cbd5ade6a2adbf028d5e2e588a11bcd
434,341,03502fb599d4b513036ade56d0eac06e8cbd5ade6a2adbf028d5e2e588a11bcd
435,341,03502fb599d4b513036ade56d0eac06e8cbd5ade6a2adbf028d5e2e588a11bcd
436,341,03502fb599d4b513036ade56d0eac06e8cbd5ade6a2adbf028d5e2e588a11bcd
437,341,03502fb599d4b513036ade56d0eac06e8cbd5ade6a2adbf028d5e2e588a11bcd
438,341,03502fb599d4b513036ade56d0eac06e8cbd5ade6a2adbf028d5e2e588a11bcd
439,341,03502fb599d4b513036ade56d0eac06e8cbd5ade6a2adbf028d5e2e588a11bcd
440,341,03502fb599d4b513036ade56d0eac06e8cbd5ade6a2adbf028d5e2e588a11bcd
441,341,03502fb599d4b513036ade56d0eac06e8cbd5ade6a2adbf028d5e2e588a11bcd
442,341,03502fb599d4b513036ade56d0eac06e8cbd5ade6a2adbf028d5e2e588a11bcd
443,341,03502fb599d4b513036ade56d0eac06e8cbd5ade6a2adbf028d5e2e588a11bcd
444,341,03502fb599d4b513036ade56d0eac06e8cbd5ade6a2adbf028d5e2e588a11bcd
445,341,03502fb599d4b513036ade56d0eac06e8cbd5ade6a2adbf028d5e2e588a11bcd
446,341,03502fb599d4b513036ade56d0eac06e8cbd5ade6a2adbf028d5e2e588a11bcd
447,341,03502fb599d4b513036ade56d0eac06e8cbd5ade6a2adbf028d5e2e588a11bcd
448,341,03502fb599d4b513036ade56d0eac06e8cbd5ade6a2adbf028d5e2e588a11bcd
449,341,03502fb599d4b513036ade56d0eac06e8cbd5ade6a2adbf028d5e2e588a11bcd
450,341,03502fb599d4b513036ade56d0eac06e8cbd5ade6a2adbf028d5e2e588a11bcd
451,341,03502fb599d4b513036ade56d0eac06e8cbd5ade6a2adbf028d5e2e588a11bcd
452,341,03502fb599d4b513036ade56d0eac06e8cbd5ade6a2adbf028d5e2e588a11bcd
453,341,03502fb599d4b513036ade56d0eac06e8cbd5ade6a2adbf028d5e2e588a11bcd
454,341,03502fb599d4b513036ade56d0eac06e8cbd5ade6a2adbf028d5e2e588a11bcd
455,341,03502fb599d4b513036ade56d0eac06e8cbd5ade6a2adbf028d5e2e588a11bcd
456,341,03502fb599d4b513036ade56d0eac06e8cbd5ade6a2adbf028d5e2e588a11bcd
457,341,03502fb599d4b513036ade56d0eac06e8cbd5ade6a2adbf028d5e2e588a11bcd
458,341,03502fb599d4b513036ade56d0eac06e8cbd5ade6a2adbf028d5e2e588a11bcd
459,341,03502fb599d4b513036ade56d0eac06e8cbd5ade6a2adbf028d5e2e588a11bcd
460,341,03502fb599d4b513036ade56d0eac06e8cbd5ade6a2adbf028d5e2e588a11bcd
461,341,03502fb599d4b513036ade56d0eac06e8cbd5ade6a2adbf028d5e2e588a11bcd
462,341,03502fb599d4b513036ade56d0eac06e8cbd5ade6a2adbf028d5e2e588a11bcd
463,341,03502fb599d4b513036ade56d0eac06e8cbd5ade6a2adbf028d5e2e588a11bcd
464,341,03502fb599d4b513036ade56d0eac06e8cbd5ade6a2adbf028d5e2e588a11bcd
465,341,03502fb599d4b513036ade56d0eac06e8cbd5ade6a2adbf028d5e2e588a11bcd
466,341,03502fb599d4b513036ade56d0eac06e8cbd5ade6a2adbf028d5e2e588a11bcd
467,341,03502fb599d4b513036ade56d0eac06e8cbd5ade6a2adbf028d5e2e588a11bcd
468,341,03502fb599d4b513036ade56d0eac06e8cbd5ade6a2adbf028d5e2e588a11bcd
469,341,03502fb599d4b513036ade56d0eac06e8cbd5ade6a2adbf028d5e2e588a11bcd
470,341,03502fb599d4b513036ade56d0eac06e8cbd5ade6a2adbf028d5e2e588a11bcd
471,341,03502fb599d4b513036ade56d0eac06e8cbd5ade6a2adbf028d5e2e588a11bcd
472,341,03502fb599d4b513036ade56d0eac06e8cbd5ade6a2adbf028d5e2e588a11bcd
473,341,03502fb599d4b513036ade56d0eac06e8cbd5ade6a2adbf028d5e2e588a11bcd
474,341,03502fb599d4b513036ade56d0eac06e8cbd5ade6a2adbf028d5e2e588a11bcd
475,341,03502fb599d4b513036ade56d0eac06e8cbd5ade6a2adbf028d5e2e588a11bcd
476,341,03502fb599d4b513036ade56d0eac06e8cbd5ade6a2adbf028d5e2e588a11bcd
477,341,03502fb599d4b513036ade56d0eac06e8cbd5ade6a2adbf028d5e2e588a11bcd
478,341,03502fb599d4b513036ade56d0eac06e8cbd5ade6a2adbf028d5e2e588a11bcd
479,341,03502fb599d4b513036ade56d0eac06e8cbd5ade6a2adbf028d5e2e588a11bcd
480,341,03502fb599d4b513036ade56d0eac06e8cbd5ade6a2adbf028d5e2e588a11bcd
481,341,03502fb599d4b513036ade56d0eac06e8cbd5ade6a2adbf028d5e2e588a11bcd
482,341,03502fb599d4b513036ade56d0eac06e8cbd5ade6a2adbf028d5e2e588a11bcd
483,341,03502fb599d4b513036ade56d0eac06e8cbd5ade6a2adbf028d5e2e588a11bcd
484,341,03502fb599d4b513036ade56d0eac06e8cbd5ade6a2adbf028d5e2e588a11bcd
485,341,03502fb599d4b513036ade56d0eac06e8cbd5ade6a2adbf028d5e2e588a11bcd
486,341,03502fb599d4b513036ade56d0eac06e8cbd5ade6a2adbf028d5e2e588a11bcd
487,341,03502fb599d4b513036ade56d0eac06e8cbd5ade6a2adbf028d5e2e588a11bcd
488,341,03502fb599d4b513036ade56d0eac06e8cbd5ade6a2adbf028d5e2e588a11bcd
489,341,03502fb599d4b513036ade56d0eac06e8cbd5ade6a2adbf028d5e2e588a11bcd
490,341,03502fb599d4b513036ade56d0eac06e8cbd5ade6a2adbf028d5e2e588a11bcd
491,341,03502fb599d4b513036ade56d0eac06e8cbd5ade6a2adbf028d5e2e588a11bcd
492,341,03502fb599d4b513036ade56d0eac06e8cbd5ade6a2adbf028d5e2e588a11bcd
493,341,03502fb599d4b513036ade56d0eac06e8cbd5ade6a2adbf028d5e2e588a11bcd
494,341,03502fb599d4b513036ade56d0eac06e8cbd5ade6a2adbf028d5e2e588a11bcd
495,341,03502fb599d4b513036ade56d0eac06e8cbd5ade6a2adbf028d5e2e588a11bcd
496,341,03502fb599d4b513036ade56d0eac06e8cbd5ade6a2adbf028d5e2e588a11bcd
497,341,03502fb599d4b513036ade56d0eac06e8cbd5ade6a2adbf028d5e2e588a11bcd
498,341,03502fb599d4b513036ade56d0eac06e8cbd5ade6a2adbf028d5e2e588a11bcd
499,341,03502fb599d4b513036ade56d0eac06e8cbd5ade6a2adbf028d5e2e588a11bcd
500,341,03502fb599d4b513036ade56d0eac06e8cbd5ade6a2adbf028d5e2e588a11bcd
501,341,03502fb599d4b513036ade56d0eac06e8cbd5ade6a2adbf028d5e2e588a11bcd
502,341,03502fb599d4b513036ade56d0eac06e8cbd5ade6a2adbf028d5e2e588a11bcd
503,341,03502fb599d4b513036ade56d0eac06e8cbd5ade6a2adbf028d5e2e588a11bcd
504,341,03502fb599d4b513036ade56d0eac06e8cbd5ade6a2adbf028d5e2e588a11bcd
505,341,03502fb599d4b513036ade56d0eac06e8cbd5ade6a2adbf028d5e2e588a11bcd
506,341,03502fb599d4b513036ade56d0eac06e8cbd5ade6a2adbf028d5e2e588a11bcd
507,341,03502fb599d4b513036ade56d0eac06e8cbd5ade6a2adbf028d5e2e588a11bcd
508,341,03502fb599d4b513036ade56d0eac06e8cbd5ade6a2adbf028d5e2e588a11bcd
509,341,03502fb599d4b513036ade56d0eac06e8cbd5ade6a2adbf028d5e2e588a11bcd
510,341,03502fb599d4b513036ade56d0eac06e8cbd5ade6a2adbf028d5e2e588a11bcd
511,341,03502fb599d4b513036ade56d0eac06e8cbd5ade6a2adbf028d5e2e588a11bcd
512,341,03502fb599d4b513036ade56d0eac06e8cbd5ade6a2adbf028d5e2e588a11bcd
513,341,03502fb599d4b513036ade56d0eac06e8cbd5ade6a2adbf028d5e2e588a11bcd
514,341,03502fb599d4b513036ade56d0eac06e8cbd5ade6a2adbf028d5e2e588a11bcd
515,341,03502fb599d4b513036ade56d0eac06e8cbd5ade6a2adbf028d5e2e588a11bcd
516,341,03502fb599d4b513036ade56d0eac06e8cbd5ade6a2adbf028d5e2e588a11bcd
517,341,03502fb599d4b513036ade56d0eac06e8cbd5ade6a2adbf028d5e2e588a11bcd
518,341,03502fb599d4b513036ade56d0eac06e8cbd5ade6a2adbf028d5e2e588a11bcd
519,341,03502fb599d4b513036ade56d0eac06e8cbd5ade6a2adbf028d5e2e588a11bcd
520,341,03502fb599d4b513036ade56d0eac06e8cbd5ade6a2adbf028d5e2e588a11bcd
521,341,03502fb599d4b513036ade56d0eac06e8cbd5ade6a2adbf028d5e2e588a11bcd
522,341,03502fb599d4b513036ade56d0eac06e8cbd5ade6a2adbf028d5e2e588a11bcd
523,341,03502fb599d4b513036ade56d0eac06e8cbd5ade6a2adbf028d5e2e588a11bcd
524,341,03502fb599d4b513036ade56d0eac06e8cbd5ade6a2adbf028d5e2e588a11bcd
525,341,03502fb599d4b513036ade56d0eac06e8cbd5ade6a2adbf028d5e2e588a11bcd
526,341,03502fb599d4b513036ade56d0eac06e8cbd5ade6a2adbf028d5e2e588a11bcd
527,341,03502fb599d4b513036ade56d0eac06e8cbd5ade6a2adbf028d5e2e588a11bcd
528,341,03502fb599d4b513036ade56d0eac06e8cbd5ade6a2adbf028d5e2e588a11bcd
529,341,03502fb599d4b513036ade56d0eac06e8cbd5ade6a2adbf028d5e2e588a11bcd
530,341,03502fb599d4b513036ade56d0eac06e8cbd5ade6a2adbf028d5e2e588a11bcd
531,341,03502fb599d4b513036ade56d0eac06e8cbd5ade6a2adbf028d5e2e588a11bcd
532,341,03502fb599d4b513036ade56d0eac06e8cbd5ade6a2adbf028d5e2e588a11bcd
533,341,03502fb599d4b513036ade56d0eac06e8cbd5ade6a2adbf028d5e2e588a11bcd
534,341,03502fb599d4b513036ade56d0eac06e8cbd5ade6a2adbf028d5e2e588a11bcd
535,341,03502fb599d4b513036ade56d0eac06e8cbd5ade6a2adbf028d5e2e588a11bcd
536,341,03502fb599d4b513036ade56d0eac06e8cbd5ade6a2adbf028d5e2e588a11bcd
537,341,03502fb599d4b513036ade56d0eac06e8cbd5ade6a2adbf028d5e2e588a11bcd
538,341,03502fb599d4b513036ade56d0eac06e8cbd5ade6a2adbf028d5e2e588a11bcd
539,341,03502fb599d4b513036ade56d0eac06e8cbd5ade6a2adbf028d5e2e588a11bcd
540,341,03502fb599d4b513036ade56d0eac06e8cbd5ade6a2adbf028d5e2e588a11bcd
541,341,03502fb599d4b513036ade56d0eac06e8cbd5ade6a2adbf028d5e2e588a11bcd
542,341,03502fb599d4b513036ade56d0eac06e8cbd5ade6a2adbf028d5e2e588a11bcd
543,341,03502fb599d4b513036ade56d0eac06e8cbd5ade6a2adbf028d5e2e588a11bcd
544,341,03502fb599d4b513036ade56d0eac06e8cbd5ade6a2adbf028d5e2e588a11bcd
545,341,03502fb599d4b513036ade56d0eac06e8cbd5ade6a2adbf028d5e2e588a11bcd
546,341,03502fb599d4b513036ade56d0eac06e8cbd5ade6a2adbf028d5e2e588a11bcd
547,341,03502fb599d4b513036ade56d0eac06e8cbd5ade6a2adbf028d5e2e588a11bcd
548,341,03502fb599d4b513036ade56d0eac06e8cbd5ade6a2adbf028d5e2e588a11bcd
549,341,03502fb599d4b513036ade56d0eac06e8cbd5ade6a2adbf028d5e2e588a11bcd
550,341,03502fb599d4b513036ade56d0eac06e8cbd5ade6a2adbf028d5e2e588a11bcd
551,341,03502fb599d4b513036ade56d0eac06e8cbd5ade6a2adbf028d5e2e588a11bcd
552,341,03502fb599d4b513036ade56d0eac06e8cbd5ade6a2adbf028d5e2e588a11bcd
553,341,03502fb599d4b513036ade56d0eac06e8cbd5ade6a2adbf028d5e2e588a11bcd
554,341,03502fb599d4b513036ade56d0eac06e8cbd5ade6a2adbf028d5e2e588a11bcd
555,341,03502fb599d4b513036ade56d0eac06e8cbd5ade6a2adbf028d5e2e588a11bcd
556,341,03502fb599d4b513036ade56d0eac06e8cbd5ade6a2adbf028d5e2e588a11bcd
557,341,03502fb599d4b513036ade56d0eac06e8cbd5ade6a2adbf028d5e2e588a11bcd
558,341,03502fb599d4b513036ade56d0eac06e8cbd5ade6a2adbf028d5e2e588a11bcd
559,341,03502fb599d4b513036ade56d0eac06e8cbd5ade6a2adbf028d5e2e588a11bcd
560,341,03502fb599d4b513036ade56d0eac06e8cbd5ade6a2adbf028d5e2e588a11bcd
561,341,03502fb599d4b513036ade56d0eac06e8cbd5ade6a2adbf028d5e2e588a11bcd
562,341,03502fb599d4b513036ade56d0eac06e8cbd5ade6a2adbf028d5e2e588a11bcd
563,341,03502fb599d4b513036ade56d0eac06e8cbd5ade6a2adbf028d5e2e588a11bcd
564,341,03502fb599d4b513036ade56d0eac06e8cbd5ade6a2adbf028d5e2e588a11bcd
565,341,03502fb599d4b513036ade56d0eac06e8cbd5ade6a2adbf028d5e2e588a11bcd
566,341,03502fb599d4b513036ade56d0eac06e8cbd5ade6a2adbf028d5e2e588a11bcd
567,341,03502fb599d4b513036ade56d0eac06e8cbd5ade6a2adbf028d5e2e588a11bcd
568,341,03502fb599d4b513036ade56d0eac06e8cbd5ade6a2adbf028d5e2e588a11bcd
569,341,03502fb599d4b513036ade56d0eac06e8cbd5ade6a2adbf028d5e2e588a11bcd
570,341,03502fb599d4b513036ade56d0eac06e8cbd5ade6a2adbf028d5e2e588a11bcd
571,341,03502fb599d4b513036ade56d0eac06e8cbd5ade6a2adbf028d5e2e588a11bcd
572,341,03502fb599d4b513036ade56d0eac06e8cbd5ade6a2adbf028d5e2e588a11bcd
573,341,03502fb599d4b513036ade56d0eac06e8cbd5ade6a2adbf028d5e2e588a11bcd
574,341,03502fb599d4b513036ade56d0eac06e8cbd5ade6a2adbf028d5e2e588a11bcd
575,341,03502fb599d4b513036ade56d0eac06e8cbd5ade6a2adbf028d5e2e588a11bcd
576,341,03502fb599d4b513036ade56d0eac06e8cbd5ade6a2adbf028d5e2e588a11bcd
577,341,03502fb599d4b513036ade56d0eac06e8cbd5ade6a2adbf028d5e2e588a11bcd
578,341,03502fb599d4b513036ade56d0eac06e8cbd5ade6a2adbf028d5e2e588a11bcd
579,341,03502fb599d4b513036ade56d0eac06e8cbd5ade6a2adbf028d5e2e588a11bcd
580,341,03502fb599d4b513036ade56d0eac06e8cbd5ade6a2adbf028d5e2e588a11bcd
581,341,03502fb599d4b513036ade56d0eac06e8cbd5ade6a2adbf028d5e2e588a11bcd
582,341,03502fb599d4b513036ade56d0eac06e8cbd5ade6a2adbf028d5e2e588a11bcd
583,341,03502fb599d4b513036ade56d0eac06e8cbd5ade6a2adbf028d5e2e588a11bcd
584,341,03502fb599d4b513036ade56d0eac06e8cbd5ade6a2adbf028d5e2e588a11bcd
585,341,03502fb599d4b513036ade56d0eac06e8cbd5ade6a2adbf028d5e2e588a11bcd
586,341,03502fb599d4b513036ade56d0eac06e8cbd5ade6a2adbf028d5e2e588a11bcd
587,341,03502fb599d4b513036ade56d0eac06e8cbd5ade6a2adbf028d5e2e588a11bcd
588,341,03502fb599d4b513036ade56d0eac06e8cbd5ade6a2adbf028d5e2e588a11bcd
589,341,03502fb599d4b513036ade56d0eac06e8cbd5ade6a2adbf028d5e2e588a11bcd
590,341,03502fb599d4b513036ade56d0eac06e8cbd5ade6a2adbf028d5e2e588a11bcd
591,341,03502fb599d4b513036ade56d0eac06e8cbd5ade6a2adbf028d5e2e588a11bcd
592,341,03502fb599d4b513036ade56d0eac06e8cbd5ade6a2adbf028d5e2e588a11bcd
593,341,03502fb599d4b513036ade56d0eac06e8cbd5ade6a2adbf028d5e2e588a11bcd
594,341,03502fb599d4b513036ade56d0eac06e8cbd5ade6a2adbf028d5e2e588a11bcd
595,341,03502fb599d4b513036ade56d0eac06e8cbd5ade6a2adbf028d5e2e588a11bcd
596,341,03502fb599d4b513036ade56d0eac06e8cbd5ade6a2adbf028d5e2e588a11bcd
597,341,03502fb599d4b513036ade56d0eac06e8cbd5ade6a2adbf028d5e2e588a11bcd
598,341,03502fb599d4b513036ade56d0eac06e8cbd5ade6a2adbf028d5e2e588a11bcd
599,341,03502fb599d4b513036ade56d0eac06e8cbd5ade6a2adbf028d5e2e588a11bcd
600,341,03502fb599d4b513036ade56d0eac06e8cbd5ade6a2adbf028d5e2e588a11bcd
601,341,03502fb599d4b513036ade56d0eac06e8cbd5ade6a2adbf028d5e2e588a11bcd
244,342,03502fb599d4b513036ade56d0eac06e8cbd5ade6a2adbf028d5e2e588a11bcd
245,342,03502fb599d4b513036ade56d0eac06e8cbd5ade6a2adbf028d5e2e588a11bcd
246,342,03502fb599d4b513036ade56d0eac06e8cbd5ade6a2adbf028d5e2e588a11bcd
247,342,03502fb599d4b513036ade56d0eac06e8cbd5ade6a2adbf028d5e2e588a11bcd
248,342,03502fb599d4b513036ade56d0eac06e8cbd5ade6a2adbf028d5e2e588a11bcd
249,342,03502fb599d4b513036ade56d0eac06e8cbd5ade6a2adbf028d5e2e588a11bcd
250,342,03502fb599d4b513036ade56d0eac06e8cbd5ade6a2adbf028d5e2e588a11bcd
251,342,03502fb599d4b513036ade56d0eac06e8cbd5ade6a2adbf028d5e2e588a11bcd
252,342,03502fb599d4b513036ade56d0eac06e8cbd5ade6a2adbf028d5e2e588a11bcd
253,342,03502fb599d4b513036ade56d0eac06e8cbd5ade6a2adbf028d5e2e588a11bcd
254,342,03502fb599d4b513036ade56d0eac06e8cbd5ade6a2adbf028d5e2e588a11bcd
255,342,03502fb599d4b513036ade56d0eac06e8cbd5ade6a2adbf028d5e2e588a11bcd
256,342,03502fb599d4b513036ade56d0eac06e8cbd5ade6a2adbf028d5e2e588a11bcd
257,342,03502fb599d4b513036ade56d0eac06e8cbd5ade6a2adbf028d5e2e588a11bcd
258,342,03502fb599d4b513036ade56d0eac06e8cbd5ade6a2adbf028d5e2e588a11bcd
259,342,03502fb599d4b513036ade56d0eac06e8cbd5ade6a2adbf028d5e2e588a11bcd
260,342,03502fb599d4b513036ade56d0eac06e8cbd5ade6a2adbf028d5e2e588a11bcd
261,342,03502fb599d4b513036ade56d0eac06e8cbd5ade6a2adbf028d5e2e588a11bcd
262,342,03502fb599d4b513036ade56d0eac06e8cbd5ade6a2adbf028d5e2e588a11bcd
263,342,03502fb599d4b513036ade56d0eac06e8cbd5ade6a2adbf028d5e2e588a11bcd
264,342,03502fb599d4b513036ade56d0eac06e8cbd5ade6a2adbf028d5e2e588a11bcd
265,342,03502fb599d4b513036ade56d0eac06e8cbd5ade6a2adbf028d5e2e588a11bcd
266,342,03502fb599d4b513036ade56d0eac06e8cbd5ade6a2adbf028d5e2e588a11bcd
267,342,03502fb599d4b513036ade56d0eac06e8cbd5ade6a2adbf028d5e2e588a11bcd
268,342,03502fb599d4b513036ade56d0eac06e8cbd5ade6a2adbf028d5e2e588a11bcd
269,342,03502fb599d4b513036ade56d0eac06e8cbd5ade6a2adbf028d5e2e588a11bcd
270,342,03502fb599d4b513036ade56d0eac06e8cbd5ade6a2adbf028d5e2e588a11bcd
271,342,03502fb599d4b513036ade56d0eac06e8cbd5ade6a2adbf028d5e2e588a11bcd
272,342,03502fb599d4b513036ade56d0eac06e8cbd5ade6a2adbf028d5e2e588a11bcd
273,342,03502fb599d4b513036ade56d0eac06e8cbd5ade6a2adbf028d5e2e588a11bcd
274,342,03502fb599d4b513036ade56d0eac06e8cbd5ade6a2adbf028d5e2e588a11bcd
275,342,03502fb599d4b513036ade56d0eac06e8cbd5ade6a2adbf028d5e2e588a11bcd
276,342,03502fb599d4b513036ade56d0eac06e8cbd5ade6a2adbf028d5e2e588a11bcd
277,342,03502fb599d4b513036ade56d0eac06e8cbd5ade6a2adbf028d5e2e588a11bcd
278,342,03502fb599d4b513036ade56d0eac06e8cbd5ade6a2adbf028d5e2e588a11bcd
279,342,03502fb599d4b513036ade56d0eac06e8cbd5ade6a2adbf028d5e2e588a11bcd
280,342,03502fb599d4b513036ade56d0eac06e8cbd5ade6a2adbf028d5e2e588a11bcd
281,342,03502fb599d4b513036ade56d0eac06e8cbd5ade6a2adbf028d5e2e588a11bcd
282,342,03502fb599d4b513036ade56d0eac06e8cbd5ade6a2adbf028d5e2e588a11bcd
283,342,03502fb599d4b513036ade56d0eac06e8cbd5ade6a2adbf028d5e2e588a11bcd
284,342,03502fb599d4b513036ade56d0eac06e8cbd5ade6a2adbf028d5e2e588a11bcd
285,342,03502fb599d4b513036ade56d0eac06e8cbd5ade6a2adbf028d5e2e588a11bcd
286,342,03502fb599d4b513036ade56d0eac06e8cbd5ade6a2adbf028d5e2e588a11bcd
287,342,03502fb599d4b513036ade56d0eac06e8cbd5ade6a2adbf028d5e2e588a11bcd
288,342,03502fb599d4b513036ade56d0eac06e8cbd5ade6a2adbf028d5e2e588a11bcd
289,342,03502fb599d4b513036ade56d0eac06e8cbd5ade6a2adbf028d5e2e588a11bcd
290,342,03502fb599d4b513036ade56d0eac06e8cbd5ade6a2adbf028d5e2e588a11bcd
291,342,03502fb599d4b513036ade56d0eac06e8cbd5ade6a2adbf028d5e2e588a11bcd
292,342,03502fb599d4b513036ade56d0eac06e8cbd5ade6a2adbf028d5e2e588a11bcd
293,342,03502fb599d4b513036ade56d0eac06e8cbd5ade6a2adbf028d5e2e588a11bcd
294,342,03502fb599d4b513036ade56d0eac06e8cbd5ade6a2adbf028d5e2e588a11bcd
295,342,03502fb599d4b513036ade56d0eac06e8cbd5ade6a2adbf028d5e2e588a11bcd
296,342,03502fb599d4b513036ade56d0eac06e8cbd5ade6a2adbf028d5e2e588a11bcd
297,342,03502fb599d4b513036ade56d0eac06e8cbd5ade6a2adbf028d5e2e588a11bcd
298,342,03502fb599d4b513036ade56d0eac06e8cbd5ade6a2adbf028d5e2e588a11bcd
299,342,03502fb599d4b513036ade56d0eac06e8cbd5ade6a2adbf028d5e2e588a11bcd
300,342,03502fb599d4b513036ade56d0eac06e8cbd5ade6a2adbf028d5e2e588a11bcd
301,342,03502fb599d4b513036ade56d0eac06e8cbd5ade6a2adbf028d5e2e588a11bcd
302,342,03502fb599d4b513036ade56d0eac06e8cbd5ade6a2adbf028d5e2e588a11bcd
303,342,03502fb599d4b513036ade56d0eac06e8cbd5ade6a2adbf028d5e2e588a11bcd
304,342,03502fb599d4b513036ade56d0eac06e8cbd5ade6a2adbf028d5e2e588a11bcd
305,342,03502fb599d4b513036ade56d0eac06e8cbd5ade6a2adbf028d5e2e588a11bcd
306,342,03502fb599d4b513036ade56d0eac06e8cbd5ade6a2adbf028d5e2e588a11bcd
307,342,03502fb599d4b513036ade56d0eac06e8cbd5ade6a2adbf028d5e2e588a11bcd
308,342,03502fb599d4b513036ade56d0eac06e8cbd5ade6a2adbf028d5e2e588a11bcd
309,342,03502fb599d4b513036ade56d0eac06e8cbd5ade6a2adbf028d5e2e588a11bcd
310,342,03502fb599d4b513036ade56d0eac06e8cbd5ade6a2adbf028d5e2e588a11bcd
311,342,03502fb599d4b513036ade56d0eac06e8cbd5ade6a2adbf028d5e2e588a11bcd
312,342,03502fb599d4b513036ade56d0eac06e8cbd5ade6a2adbf028d5e2e588a11bcd
313,342,03502fb599d4b513036ade56d0eac06e8cbd5ade6a2adbf028d5e2e588a11bcd
314,342,03502fb599d4b513036ade56d0eac06e8cbd5ade6a2adbf028d5e2e588a11bcd
315,342,03502fb599d4b513036ade56d0eac06e8cbd5ade6a2adbf028d5e2e588a11bcd
316,342,03502fb599d4b513036ade56d0eac06e8cbd5ade6a2adbf028d5e2e588a11bcd
317,342,03502fb599d4b513036ade56d0eac06e8cbd5ade6a2adbf028d5e2e588a11bcd
318,342,03502fb599d4b513036ade56d0eac06e8cbd5ade6a2adbf028d5e2e588a11bcd
319,342,03502fb599d4b513036ade56d0eac06e8cbd5ade6a2adbf028d5e2e588a11bcd
320,342,03502fb599d4b513036ade56d0eac06e8cbd5ade6a2adbf028d5e2e588a11bcd
321,342,03502fb599d4b513036ade56d0eac06e8cbd5ade6a2adbf028d5e2e588a11bcd
322,342,03502fb599d4b513036ade56d0eac06e8cbd5ade6a2adbf028d5e2e588a11bcd
323,342,03502fb599d4b513036ade56d0eac06e8cbd5ade6a2adbf028d5e2e588a11bcd
324,342,03502fb599d4b513036ade56d0eac06e8cbd5ade6a2adbf028d5e2e588a11bcd
325,342,03502fb599d4b513036ade56d0eac06e8cbd5ade6a2adbf028d5e2e588a11bcd
326,342,03502fb599d4b513036ade56d0eac06e8cbd5ade6a2adbf028d5e2e588a11bcd
327,342,03502fb599d4b513036ade56d0eac06e8cbd5ade6a2adbf028d5e2e588a11bcd
328,342,03502fb599d4b513036ade56d0eac06e8cbd5ade6a2adbf028d5e2e588a11bcd
329,342,03502fb599d4b513036ade56d0eac06e8cbd5ade6a2adbf028d5e2e588a11bcd
330,342,03502fb599d4b513036ade56d0eac06e8cbd5ade6a2adbf028d5e2e588a11bcd
331,342,03502fb599d4b513036ade56d0eac06e8cbd5ade6a2adbf028d5e2e588a11bcd
332,342,03502fb599d4b513036ade56d0eac06e8cbd5ade6a2adbf028d5e2e588a11bcd
333,342,03502fb599d4b513036ade56d0eac06e8cbd5ade6a2adbf028d5e2e588a11bcd
334,342,03502fb599d4b513036ade56d0eac06e8cbd5ade6a2adbf028d5e2e588a11bcd
335,342,03502fb599d4b513036ade56d0eac06e8cbd5ade6a2adbf028d5e2e588a11bcd
336,342,03502fb599d4b513036ade56d0eac06e8cbd5ade6a2adbf028d5e2e588a11bcd
337,342,03502fb599d4b513036ade56d0eac06e8cbd5ade6a2adbf028d5e2e588a11bcd
338,342,03502fb599d4b513036ade56d0eac06e8cbd5ade6a2adbf028d5e2e588a11bcd
339,342,03502fb599d4b513036ade56d0eac06e8cbd5ade6a2adbf028d5e2e588a11bcd
340,342,03502fb599d4b513036ade56d0eac06e8cbd5ade6a2adbf028d5e2e588a11bcd
341,342,03502fb599d4b513036ade56d0eac06e8cbd5ade6a2adbf028d5e2e588a11bcd
342,342,03502fb599d4b513036ade56d0eac06e8cbd5ade6a2adbf028d5e2e588a11bcd
343,342,03502fb599d4b513036ade56d0eac06e8cbd5ade6a2adbf028d5e2e588a11bcd
344,342,03502fb599d4b513036ade56d0eac06e8cbd5ade6a2adbf028d5e2e588a11bcd
345,342,03502fb599d4b513036ade56d0eac06e8cbd5ade6a2adbf028d5e2e588a11bcd
346,342,03502fb599d4b513036ade56d0eac06e8cbd5ade6a2adbf028d5e2e588a11bcd
347,342,03502fb599d4b513036ade56d0eac06e8cbd5ade6a2adbf028d5e2e588a11bcd
348,342,03502fb599d4b513036ade56d0eac06e8cbd5ade6a2adbf028d5e2e588a11bcd
349,342,03502fb599d4b513036ade56d0eac06e8cbd5ade6a2adbf028d5e2e588a11bcd
350,342,03502fb599d4b513036ade56d0eac06e8cbd5ade6a2adbf028d5e2e588a11bcd
351,342,03502fb599d4b513036ade56d0eac06e8cbd5ade6a2adbf028d5e2e588a11bcd
352,342,03502fb599d4b513036ade56d0eac06e8cbd5ade6a2adbf028d5e2e588a11bcd
353,342,03502fb599d4b513036ade56d0eac06e8cbd5ade6a2adbf028d5e2e588a11bcd
354,342,03502fb599d4b513036ade56d0eac06e8cbd5ade6a2adbf028d5e2e588a11bcd
355,342,03502fb599d4b513036ade56d0eac06e8cbd5ade6a2adbf028d5e2e588a11bcd
356,342,03502fb599d4b513036ade56d0eac06e8cbd5ade6a2adbf028d5e2e588a11bcd
357,342,03502fb599d4b513036ade56d0eac06e8cbd5ade6a2adbf028d5e2e588a11bcd
358,342,03502fb599d4b513036ade56d0eac06e8cbd5ade6a2adbf028d5e2e588a11bcd
359,342,03502fb599d4b513036ade56d0eac06e8cbd5ade6a2adbf028d5e2e588a11bcd
360,342,03502fb599d4b513036ade56d0eac06e8cbd5ade6a2adbf028d5e2e588a11bcd
361,342,03502fb599d4b513036ade56d0eac06e8cbd5ade6a2adbf028d5e2e588a11bcd
362,342,03502fb599d4b513036ade56d0eac06e8cbd5ade6a2adbf028d5e2e588a11bcd
363,342,03502fb599d4b513036ade56d0eac06e8cbd5ade6a2adbf028d5e2e588a11bcd
364,342,03502fb599d4b513036ade56d0eac06e8cbd5ade6a2adbf028d5e2e588a11bcd
365,342,03502fb599d4b513036ade56d0eac06e8cbd5ade6a2adbf028d5e2e588a11bcd
366,342,03502fb599d4b513036ade56d0eac06e8cbd5ade6a2adbf028d5e2e588a11bcd
367,342,03502fb599d4b513036ade56d0eac06e8cbd5ade6a2adbf028d5e2e588a11bcd
368,342,03502fb599d4b513036ade56d0eac06e8cbd5ade6a2adbf028d5e2e588a11bcd
369,342,03502fb599d4b513036ade56d0eac06e8cbd5ade6a2adbf028d5e2e588a11bcd
370,342,03502fb599d4b513036ade56d0eac06e8cbd5ade6a2adbf028d5e2e588a11bcd
371,342,03502fb599d4b513036ade56d0eac06e8cbd5ade6a2adbf028d5e2e588a11bcd
372,342,03502fb599d4b513036ade56d0eac06e8cbd5ade6a2adbf028d5e2e588a11bcd
373,342,03502fb599d4b513036ade56d0eac06e8cbd5ade6a2adbf028d5e2e588a11bcd
374,342,03502fb599d4b513036ade56d0eac06e8cbd5ade6a2adbf028d5e2e588a11bcd
375,342,03502fb599d4b513036ade56d0eac06e8cbd5ade6a2adbf028d5e2e588a11bcd
376,342,03502fb599d4b513036ade56d0eac06e8cbd5ade6a2adbf028d5e2e588a11bcd
377,342,03502fb599d4b513036ade56d0eac06e8cbd5ade6a2adbf028d5e2e588a11bcd
378,342,03502fb599d4b513036ade56d0eac06e8cbd5ade6a2adbf028d5e2e588a11bcd
379,342,03502fb599d4b513036ade56d0eac06e8cbd5ade6a2adbf028d5e2e588a11bcd
380,342,03502fb599d4b513036ade56d0eac06e8cbd5ade6a2adbf028d5e2e588a11bcd
381,342,03502fb599d4b513036ade56d0eac06e8cbd5ade6a2adbf028d5e2e588a11bcd
382,342,03502fb599d4b513036ade56d0eac06e8cbd5ade6a2adbf028d5e2e588a11bcd
383,342,03502fb599d4b513036ade56d0eac06e8cbd5ade6a2adbf028d5e2e588a11bcd
384,342,03502fb599d4b513036ade56d0eac06e8cbd5ade6a2adbf028d5e2e588a11bcd
385,342,03502fb599d4b513036ade56d0eac06e8cbd5ade6a2adbf028d5e2e588a11bcd
386,342,03502fb599d4b513036ade56d0eac06e8cbd5ade6a2adbf028d5e2e588a11bcd
387,342,03502fb599d4b513036ade56d0eac06e8cbd5ade6a2adbf028d5e2e588a11bcd
388,342,03502fb599d4b513036ade56d0eac06e8cbd5ade6a2adbf028d5e2e588a11bcd
389,342,03502fb599d4b513036ade56d0eac06e8cbd5ade6a2adbf028d5e2e588a11bcd
390,342,03502fb599d4b513036ade56d0eac06e8cbd5ade6a2adbf028d5e2e588a11bcd
391,342,03502fb599d4b513036ade56d0eac06e8cbd5ade6a2adbf028d5e2e588a11bcd
392,342,03502fb599d4b513036ade56d0eac06e8cbd5ade6a2adbf028d5e2e588a11bcd
393,342,03502fb599d4b513036ade56d0eac06e8cbd5ade6a2adbf028d5e2e588a11bcd
394,342,03502fb599d4b513036ade56d0eac06e8cbd5ade6a2adbf028d5e2e588a11bcd
395,342,03502fb599d4b513036ade56d0eac06e8cbd5ade6a2adbf028d5e2e588a11bcd
396,342,03502fb599d4b513036ade56d0eac06e8cbd5ade6a2adbf028d5e2e588a11bcd
397,342,03502fb599d4b513036ade56d0eac06e8cbd5ade6a2adbf028d5e2e588a11bcd
398,342,03502fb599d4b513036ade56d0eac06e8cbd5ade6a2adbf028d5e2e588a11bcd
399,342,03502fb599d4b513036ade56d0eac06e8cbd5ade6a2adbf028d5e2e588a11bcd
400,342,03502fb599d4b513036ade56d0eac06e8cbd5ade6a2adbf028d5e2e588a11bcd
401,342,03502fb599d4b513036ade56d0eac06e8cbd5ade6a2adbf028d5e2e588a11bcd
402,342,03502fb599d4b513036ade56d0eac06e8cbd5ade6a2adbf028d5e2e588a11bcd
403,342,03502fb599d4b513036ade56d0eac06e8cbd5ade6a2adbf028d5e2e588a11bcd
404,342,03502fb599d4b513036ade56d0eac06e8cbd5ade6a2adbf028d5e2e588a11bcd
405,342,03502fb599d4b513036ade56d0eac06e8cbd5ade6a2adbf028d5e2e588a11bcd
406,342,03502fb599d4b513036ade56d0eac06e8cbd5ade6a2adbf028d5e2e588a11bcd
407,342,03502fb599d4b513036ade56d0eac06e8cbd5ade6a2adbf028d5e2e588a11bcd
408,342,03502fb599d4b513036ade56d0eac06e8cbd5ade6a2adbf028d5e2e588a11bcd
409,342,03502fb599d4b513036ade56d0eac06e8cbd5ade6a2adbf028d5e2e588a11bcd
410,342,03502fb599d4b513036ade56d0eac06e8cbd5ade6a2adbf028d5e2e588a11bcd
411,342,03502fb599d4b513036ade56d0eac06e8cbd5ade6a2adbf028d5e2e588a11bcd
412,342,03502fb599d4b513036ade56d0eac06e8cbd5ade6a2adbf028d5e2e588a11bcd
413,342,03502fb599d4b513036ade56d0eac06e8cbd5ade6a2adbf028d5e2e588a11bcd
414,342,03502fb599d4b513036ade56d0eac06e8cbd5ade6a2adbf028d5e2e588a11bcd
415,342,03502fb599d4b513036ade56d0eac06e8cbd5ade6a2adbf028d5e2e588a11bcd
416,342,03502fb599d4b513036ade56d0eac06e8cbd5ade6a2adbf028d5e2e588a11bcd
417,342,03502fb599d4b513036ade56d0eac06e8cbd5ade6a2adbf028d5e2e588a11bcd
418,342,03502fb599d4b513036ade56d0eac06e8cbd5ade6a2adbf028d5e2e588a11bcd
419,342,03502fb599d4b513036ade56d0eac06e8cbd5ade6a2adbf028d5e2e588a11bcd
420,342,03502fb599d4b513036ade56d0eac06e8cbd5ade6a2adbf028d5e2e588a11bcd
421,342,03502fb599d4b513036ade56d0eac06e8cbd5ade6a2adbf028d5e2e588a11bcd
422,342,03502fb599d4b513036ade56d0eac06e8cbd5ade6a2adbf028d5e2e588a11bcd
423,342,03502fb599d4b513036ade56d0eac06e8cbd5ade6a2adbf028d5e2e588a11bcd
424,342,03502fb599d4b513036ade56d0eac06e8cbd5ade6a2adbf028d5e2e588a11bcd
425,342,03502fb599d4b513036ade56d0eac06e8cbd5ade6a2adbf028d5e2e588a11bcd
426,342,03502fb599d4b513036ade56d0eac06e8cbd5ade6a2adbf028d5e2e588a11bcd
427,342,03502fb599d4b513036ade56d0eac06e8cbd5ade6a2adbf028d5e2e588a11bcd
428,342,03502fb599d4b513036ade56d0eac06e8cbd5ade6a2adbf028d5e2e588a11bcd
429,342,03502fb599d4b513036ade56d0eac06e8cbd5ade6a2adbf028d5e2e588a11bcd
430,342,03502fb599d4b513036ade56d0eac06e8cbd5ade6a2adbf028d5e2e588a11bcd
431,342,03502fb599d4b513036ade56d0eac06e8cbd5ade6a2adbf028d5e2e588a11bcd
432,342,03502fb599d4b513036ade56d0eac06e8cbd5ade6a2adbf028d5e2e588a11bcd
433,342,03502fb599d4b513036ade56d0eac06e8cbd5ade6a2adbf028d5e2e588a11bcd
434,342,03502fb599d4b513036ade56d0eac06e8cbd5ade6a2adbf028d5e2e588a11bcd
435,342,03502fb599d4b513036ade56d0eac06e8cbd5ade6a2adbf028d5e2e588a11bcd
436,342,03502fb599d4b513036ade56d0eac06e8cbd5ade6a2adbf028d5e2e588a11bcd
437,342,03502fb599d4b513036ade56d0eac06e8cbd5ade6a2adbf028d5e2e588a11bcd
438,342,03502fb599d4b513036ade56d0eac06e8cbd5ade6a2adbf028d5e2e588a11bcd
439,342,03502fb599d4b513036ade56d0eac06e8cbd5ade6a2adbf028d5e2e588a11bcd
440,342,03502fb599d4b513036ade56d0eac06e8cbd5ade6a2adbf028d5e2e588a11bcd
441,342,03502fb599d4b513036ade56d0eac06e8cbd5ade6a2adbf028d5e2e588a11bcd
442,342,03502fb599d4b513036ade56d0eac06e8cbd5ade6a2adbf028d5e2e588a11bcd
443,342,03502fb599d4b513036ade56d0eac06e8cbd5ade6a2adbf028d5e2e588a11bcd
444,342,03502fb599d4b513036ade56d0eac06e8cbd5ade6a2adbf028d5e2e588a11bcd
445,342,03502fb599d4b513036ade56d0eac06e8cbd5ade6a2adbf028d5e2e588a11bcd
446,342,03502fb599d4b513036ade56d0eac06e8cbd5ade6a2adbf028d5e2e588a11bcd
447,342,03502fb599d4b513036ade56d0eac06e8cbd5ade6a2adbf028d5e2e588a11bcd
448,342,03502fb599d4b513036ade56d0eac06e8cbd5ade6a2adbf028d5e2e588a11bcd
449,342,03502fb599d4b513036ade56d0eac06e8cbd5ade6a2adbf028d5e2e588a11bcd
450,342,03502fb599d4b513036ade56d0eac06e8cbd5ade6a2adbf028d5e2e588a11bcd
451,342,03502fb599d4b513036ade56d0eac06e8cbd5ade6a2adbf028d5e2e588a11bcd
452,342,03502fb599d4b513036ade56d0eac06e8cbd5ade6a2adbf028d5e2e588a11bcd
453,342,03502fb599d4b513036ade56d0eac06e8cbd5ade6a2adbf028d5e2e588a11bcd
454,342,03502fb599d4b513036ade56d0eac06e8cbd5ade6a2adbf028d5e2e588a11bcd
455,342,03502fb599d4b513036ade56d0eac06e8cbd5ade6a2adbf028d5e2e588a11bcd
456,342,03502fb599d4b513036ade56d0eac06e8cbd5ade6a2adbf028d5e2e588a11bcd
457,342,03502fb599d4b513036ade56d0eac06e8cbd5ade6a2adbf028d5e2e588a11bcd
458,342,03502fb599d4b513036ade56d0eac06e8cbd5ade6a2adbf028d5e2e588a11bcd
459,342,03502fb599d4b513036ade56d0eac06e8cbd5ade6a2adbf028d5e2e588a11bcd
460,342,03502fb599d4b513036ade56d0eac06e8cbd5ade6a2adbf028d5e2e588a11bcd
461,342,03502fb599d4b513036ade56d0eac06e8cbd5ade6a2adbf028d5e2e588a11bcd
462,342,03502fb599d4b513036ade56d0eac06e8cbd5ade6a2adbf028d5e2e588a11bcd
463,342,03502fb599d4b513036ade56d0eac06e8cbd5ade6a2adbf028d5e2e588a11bcd
464,342,03502fb599d4b513036ade56d0eac06e8cbd5ade6a2adbf028d5e2e588a11bcd
465,342,03502fb599d4b513036ade56d0eac06e8cbd5ade6a2adbf028d5e2e588a11bcd
466,342,03502fb599d4b513036ade56d0eac06e8cbd5ade6a2adbf028d5e2e588a11bcd
467,342,03502fb599d4b513036ade56d0eac06e8cbd5ade6a2adbf028d5e2e588a11bcd
468,342,03502fb599d4b513036ade56d0eac06e8cbd5ade6a2adbf028d5e2e588a11bcd
469,342,03502fb599d4b513036ade56d0eac06e8cbd5ade6a2adbf028d5e2e588a11bcd
470,342,03502fb599d4b513036ade56d0eac06e8cbd5ade6a2adbf028d5e2e588a11bcd
471,342,03502fb599d4b513036ade56d0eac06e8cbd5ade6a2adbf028d5e2e588a11bcd
472,342,03502fb599d4b513036ade56d0eac06e8cbd5ade6a2adbf028d5e2e588a11bcd
473,342,03502fb599d4b513036ade56d0eac06e8cbd5ade6a2adbf028d5e2e588a11bcd
474,342,03502fb599d4b513036ade56d0eac06e8cbd5ade6a2adbf028d5e2e588a11bcd
475,342,03502fb599d4b513036ade56d0eac06e8cbd5ade6a2adbf028d5e2e588a11bcd
476,342,03502fb599d4b513036ade56d0eac06e8cbd5ade6a2adbf028d5e2e588a11bcd
477,342,03502fb599d4b513036ade56d0eac06e8cbd5ade6a2adbf028d5e2e588a11bcd
478,342,03502fb599d4b513036ade56d0eac06e8cbd5ade6a2adbf028d5e2e588a11bcd
479,342,03502fb599d4b513036ade56d0eac06e8cbd5ade6a2adbf028d5e2e588a11bcd
480,342,03502fb599d4b513036ade56d0eac06e8cbd5ade6a2adbf028d5e2e588a11bcd
481,342,03502fb599d4b513036ade56d0eac06e8cbd5ade6a2adbf028d5e2e588a11bcd
482,342,03502fb599d4b513036ade56d0eac06e8cbd5ade6a2adbf028d5e2e588a11bcd
483,342,03502fb599d4b513036ade56d0eac06e8cbd5ade6a2adbf028d5e2e588a11bcd
484,342,03502fb599d4b513036ade56d0eac06e8cbd5ade6a2adbf028d5e2e588a11bcd
485,342,03502fb599d4b513036ade56d0eac06e8cbd5ade6a2adbf028d5e2e588a11bcd
486,342,03502fb599d4b513036ade56d0eac06e8cbd5ade6a2adbf028d5e2e588a11bcd
487,342,03502fb599d4b513036ade56d0eac06e8cbd5ade6a2adbf028d5e2e588a11bcd
488,342,03502fb599d4b513036ade56d0eac06e8cbd5ade6a2adbf028d5e2e588a11bcd
489,342,03502fb599d4b513036ade56d0eac06e8cbd5ade6a2adbf028d5e2e588a11bcd
490,342,03502fb599d4b513036ade56d0eac06e8cbd5ade6a2adbf028d5e2e588a11bcd
491,342,03502fb599d4b513036ade56d0eac06e8cbd5ade6a2adbf028d5e2e588a11bcd
492,342,03502fb599d4b513036ade56d0eac06e8cbd5ade6a2adbf028d5e2e588a11bcd
493,342,03502fb599d4b513036ade56d0eac06e8cbd5ade6a2adbf028d5e2e588a11bcd
494,342,03502fb599d4b513036ade56d0eac06e8cbd5ade6a2adbf028d5e2e588a11bcd
495,342,03502fb599d4b513036ade56d0eac06e8cbd5ade6a2adbf028d5e2e588a11bcd
496,342,03502fb599d4b513036ade56d0eac06e8cbd5ade6a2adbf028d5e2e588a11bcd
497,342,03502fb599d4b513036ade56d0eac06e8cbd5ade6a2adbf028d5e2e588a11bcd
498,342,03502fb599d4b513036ade56d0eac06e8cbd5ade6a2adbf028d5e2e588a11bcd
499,342,03502fb599d4b513036ade56d0eac06e8cbd5ade6a2adbf028d5e2e588a11bcd
500,342,03502fb599d4b513036ade56d0eac06e8cbd5ade6a2adbf028d5e2e588a11bcd
501,342,03502fb599d4b513036ade56d0eac06e8cbd5ade6a2adbf028d5e2e588a11bcd
502,342,03502fb599d4b513036ade56d0eac06e8cbd5ade6a2adbf028d5e2e588a11bcd
503,342,03502fb599d4b513036ade56d0eac06e8cbd5ade6a2adbf028d5e2e588a11bcd
504,342,03502fb599d4b513036ade56d0eac06e8cbd5ade6a2adbf028d5e2e588a11bcd
505,342,03502fb599d4b513036ade56d0eac06e8cbd5ade6a2adbf028d5e2e588a11bcd
506,342,03502fb599d4b513036ade56d0eac06e8cbd5ade6a2adbf028d5e2e588a11bcd
507,342,03502fb599d4b513036ade56d0eac06e8cbd5ade6a2adbf028d5e2e588a11bcd
508,342,03502fb599d4b513036ade56d0eac06e8cbd5ade6a2adbf028d5e2e588a11bcd
509,342,03502fb599d4b513036ade56d0eac06e8cbd5ade6a2adbf028d5e2e588a11bcd
510,342,03502fb599d4b513036ade56d0eac06e8cbd5ade6a2adbf028d5e2e588a11bcd
511,342,03502fb599d4b513036ade56d0eac06e8cbd5ade6a2adbf028d5e2e588a11bcd
512,342,03502fb599d4b513036ade56d0eac06e8cbd5ade6a2adbf028d5e2e588a11bcd
513,342,03502fb599d4b513036ade56d0eac06e8cbd5ade6a2adbf028d5e2e588a11bcd
514,342,03502fb599d4b513036ade56d0eac06e8cbd5ade6a2adbf028d5e2e588a11bcd
515,342,03502fb599d4b513036ade56d0eac06e8cbd5ade6a2adbf028d5e2e588a11bcd
516,342,03502fb599d4b513036ade56d0eac06e8cbd5ade6a2adbf028d5e2e588a11bcd
517,342,03502fb599d4b513036ade56d0eac06e8cbd5ade6a2adbf028d5e2e588a11bcd
518,342,03502fb599d4b513036ade56d0eac06e8cbd5ade6a2adbf028d5e2e588a11bcd
519,342,03502fb599d4b513036ade56d0eac06e8cbd5ade6a2adbf028d5e2e588a11bcd
520,342,03502fb599d4b513036ade56d0eac06e8cbd5ade6a2adbf028d5e2e588a11bcd
521,342,03502fb599d4b513036ade56d0eac06e8cbd5ade6a2adbf028d5e2e588a11bcd
522,342,03502fb599d4b513036ade56d0eac06e8cbd5ade6a2adbf028d5e2e588a11bcd
523,342,03502fb599d4b513036ade56d0eac06e8cbd5ade6a2adbf028d5e2e588a11bcd
524,342,03502fb599d4b513036ade56d0eac06e8cbd5ade6a2adbf028d5e2e588a11bcd
525,342,03502fb599d4b513036ade56d0eac06e8cbd5ade6a2adbf028d5e2e588a11bcd
526,342,03502fb599d4b513036ade56d0eac06e8cbd5ade6a2adbf028d5e2e588a11bcd
527,342,03502fb599d4b513036ade56d0eac06e8cbd5ade6a2adbf028d5e2e588a11bcd
528,342,03502fb599d4b513036ade56d0eac06e8cbd5ade6a2adbf028d5e2e588a11bcd
529,342,03502fb599d4b513036ade56d0eac06e8cbd5ade6a2adbf028d5e2e588a11bcd
530,342,03502fb599d4b513036ade56d0eac06e8cbd5ade6a2adbf028d5e2e588a11bcd
531,342,03502fb599d4b513036ade56d0eac06e8cbd5ade6a2adbf028d5e2e588a11bcd
532,342,03502fb599d4b513036ade56d0eac06e8cbd5ade6a2adbf028d5e2e588a11bcd
533,342,03502fb599d4b513036ade56d0eac06e8cbd5ade6a2adbf028d5e2e588a11bcd
534,342,03502fb599d4b513036ade56d0eac06e8cbd5ade6a2adbf028d5e2e588a11bcd
535,342,03502fb599d4b513036ade56d0eac06e8cbd5ade6a2adbf028d5e2e588a11bcd
536,342,03502fb599d4b513036ade56d0eac06e8cbd5ade6a2adbf028d5e2e588a11bcd
537,342,03502fb599d4b513036ade56d0eac06e8cbd5ade6a2adbf028d5e2e588a11bcd
538,342,03502fb599d4b513036ade56d0eac06e8cbd5ade6a2adbf028d5e2e588a11bcd
539,342,03502fb599d4b513036ade56d0eac06e8cbd5ade6a2adbf028d5e2e588a11bcd
540,342,03502fb599d4b513036ade56d0eac06e8cbd5ade6a2adbf028d5e2e588a11bcd
541,342,03502fb599d4b513036ade56d0eac06e8cbd5ade6a2adbf028d5e2e588a11bcd
542,342,03502fb599d4b513036ade56d0eac06e8cbd5ade6a2adbf028d5e2e588a11bcd
543,342,03502fb599d4b513036ade56d0eac06e8cbd5ade6a2adbf028d5e2e588a11bcd
544,342,03502fb599d4b513036ade56d0eac06e8cbd5ade6a2adbf028d5e2e588a11bcd
545,342,03502fb599d4b513036ade56d0eac06e8cbd5ade6a2adbf028d5e2e588a11bcd
546,342,03502fb599d4b513036ade56d0eac06e8cbd5ade6a2adbf028d5e2e588a11bcd
547,342,03502fb599d4b513036ade56d0eac06e8cbd5ade6a2adbf028d5e2e588a11bcd
548,342,03502fb599d4b513036ade56d0eac06e8cbd5ade6a2adbf028d5e2e588a11bcd
549,342,03502fb599d4b513036ade56d0eac06e8cbd5ade6a2adbf028d5e2e588a11bcd
550,342,03502fb599d4b513036ade56d0eac06e8cbd5ade6a2adbf028d5e2e588a11bcd
551,342,03502fb599d4b513036ade56d0eac06e8cbd5ade6a2adbf028d5e2e588a11bcd
552,342,03502fb599d4b513036ade56d0eac06e8cbd5ade6a2adbf028d5e2e588a11bcd
553,342,03502fb599d4b513036ade56d0eac06e8cbd5ade6a2adbf028d5e2e588a11bcd
554,342,03502fb599d4b513036ade56d0eac06e8cbd5ade6a2adbf028d5e2e588a11bcd
555,342,03502fb599d4b513036ade56d0eac06e8cbd5ade6a2adbf028d5e2e588a11bcd
556,342,03502fb599d4b513036ade56d0eac06e8cbd5ade6a2adbf028d5e2e588a11bcd
557,342,03502fb599d4b513036ade56d0eac06e8cbd5ade6a2adbf028d5e2e588a11bcd
558,342,03502fb599d4b513036ade56d0eac06e8cbd5ade6a2adbf028d5e2e588a11bcd
559,342,03502fb599d4b513036ade56d0eac06e8cbd5ade6a2adbf028d5e2e588a11bcd
560,342,03502fb599d4b513036ade56d0eac06e8cbd5ade6a2adbf028d5e2e588a11bcd
561,342,03502fb599d4b513036ade56d0eac06e8cbd5ade6a2adbf028d5e2e588a11bcd
562,342,03502fb599d4b513036ade56d0eac06e8cbd5ade6a2adbf028d5e2e588a11bcd
563,342,03502fb599d4b513036ade56d0eac06e8cbd5ade6a2adbf028d5e2e588a11bcd
564,342,03502fb599d4b513036ade56d0eac06e8cbd5ade6a2adbf028d5e2e588a11bcd
565,342,03502fb599d4b513036ade56d0eac06e8cbd5ade6a2adbf028d5e2e588a11bcd
566,342,03502fb599d4b513036ade56d0eac06e8cbd5ade6a2adbf028d5e2e588a11bcd
567,342,03502fb599d4b513036ade56d0eac06e8cbd5ade6a2adbf028d5e2e588a11bcd
568,342,03502fb599d4b513036ade56d0eac06e8cbd5ade6a2adbf028d5e2e588a11bcd
569,342,03502fb599d4b513036ade56d0eac06e8cbd5ade6a2adbf028d5e2e588a11bcd
570,342,03502fb599d4b513036ade56d0eac06e8cbd5ade6a2adbf028d5e2e588a11bcd
571,342,03502fb599d4b513036ade56d0eac06e8cbd5ade6a2adbf028d5e2e588a11bcd
572,342,03502fb599d4b513036ade56d0eac06e8cbd5ade6a2adbf028d5e2e588a11bcd
573,342,03502fb599d4b513036ade56d0eac06e8cbd5ade6a2adbf028d5e2e588a11bcd
574,342,03502fb599d4b513036ade56d0eac06e8cbd5ade6a2adbf028d5e2e588a11bcd
575,342,03502fb599d4b513036ade56d0eac06e8cbd5ade6a2adbf028d5e2e588a11bcd
576,342,03502fb599d4b513036ade56d0eac06e8cbd5ade6a2adbf028d5e2e588a11bcd
577,342,03502fb599d4b513036ade56d0eac06e8cbd5ade6a2adbf028d5e2e588a11bcd
578,342,03502fb599d4b513036ade56d0eac06e8cbd5ade6a2adbf028d5e2e588a11bcd
579,342,03502fb599d4b513036ade56d0eac06e8cbd5ade6a2adbf028d5e2e588a11bcd
580,342,03502fb599d4b513036ade56d0eac06e8cbd5ade6a2adbf028d5e2e588a11bcd
581,342,03502fb599d4b513036ade56d0eac06e8cbd5ade6a2adbf028d5e2e588a11bcd
582,342,03502fb599d4b513036ade56d0eac06e8cbd5ade6a2adbf028d5e2e588a11bcd
583,342,03502fb599d4b513036ade56d0eac06e8cbd5ade6a2adbf028d5e2e588a11bcd
584,342,03502fb599d4b513036ade56d0eac06e8cbd5ade6a2adbf028d5e2e588a11bcd
585,342,03502fb599d4b513036ade56d0eac06e8cbd5ade6a2adbf028d5e2e588a11bcd
586,342,03502fb599d4b513036ade56d0eac06e8cbd5ade6a2adbf028d5e2e588a11bcd
587,342,03502fb599d4b513036ade56d0eac06e8cbd5ade6a2adbf028d5e2e588a11bcd
588,342,03502fb599d4b513036ade56d0eac06e8cbd5ade6a2adbf028d5e2e588a11bcd
589,342,03502fb599d4b513036ade56d0eac06e8cbd5ade6a2adbf028d5e2e588a11bcd
590,342,03502fb599d4b513036ade56d0eac06e8cbd5ade6a2adbf028d5e2e588a11bcd
591,342,03502fb599d4b513036ade56d0eac06e8cbd5ade6a2adbf028d5e2e588a11bcd
592,342,03502fb599d4b513036ade56d0eac06e8cbd5ade6a2adbf028d5e2e588a11bcd
593,342,03502fb599d4b513036ade56d0eac06e8cbd5ade6a2adbf028d5e2e588a11bcd
594,342,03502fb599d4b513036ade56d0eac06e8cbd5ade6a2adbf028d5e2e588a11bcd
595,342,03502fb599d4b513036ade56d0eac06e8cbd5ade6a2adbf028d5e2e588a11bcd
596,342,03502fb599d4b513036ade56d0eac06e8cbd5ade6a2adbf028d5e2e588a11bcd
597,342,03502fb599d4b513036ade56d0eac06e8cbd5ade6a2adbf028d5e2e588a11bcd
598,342,03502fb599d4b513036ade56d0eac06e8cbd5ade6a2adbf028d5e2e588a11bcd
599,342,03502fb599d4b513036ade56d0eac06e8cbd5ade6a2adbf028d5e2e588a11bcd
600,342,03502fb599d4b513036ade56d0eac06e8cbd5ade6a2adbf028d5e2e588a11bcd
601,342,03502fb599d4b513036ade56d0eac06e8cbd5ade6a2adbf028d5e2e588a11bcd
415,343,03502fb599d4b513036ade56d0eac06e8cbd5ade6a2adbf028d5e2e588a11bcd
416,343,03502fb599d4b513036ade56d0eac06e8cbd5ade6a2adbf028d5e2e588a11bcd
417,343,03502fb599d4b513036ade56d0eac06e8cbd5ade6a2adbf028d5e2e588a11bcd
418,343,03502fb599d4b513036ade56d0eac06e8cbd5ade6a2adbf028d5e2e588a11bcd
419,343,03502fb599d4b513036ade56d0eac06e8cbd5ade6a2adbf028d5e2e588a11bcd
420,343,03502fb599d4b513036ade56d0eac06e8cbd5ade6a2adbf028d5e2e588a11bcd
421,343,03502fb599d4b513036ade56d0eac06e8cbd5ade6a2adbf028d5e2e588a11bcd
422,343,03502fb599d4b513036ade56d0eac06e8cbd5ade6a2adbf028d5e2e588a11bcd
423,343,03502fb599d4b513036ade56d0eac06e8cbd5ade6a2adbf028d5e2e588a11bcd
424,343,03502fb599d4b513036ade56d0eac06e8cbd5ade6a2adbf028d5e2e588a11bcd
425,343,03502fb599d4b513036ade56d0eac06e8cbd5ade6a2adbf028d5e2e588a11bcd
426,343,03502fb599d4b513036ade56d0eac06e8cbd5ade6a2adbf028d5e2e588a11bcd
427,343,03502fb599d4b513036ade56d0eac06e8cbd5ade6a2adbf028d5e2e588a11bcd
428,343,03502fb599d4b513036ade56d0eac06e8cbd5ade6a2adbf028d5e2e588a11bcd
429,343,03502fb599d4b513036ade56d0eac06e8cbd5ade6a2adbf028d5e2e588a11bcd
430,343,03502fb599d4b513036ade56d0eac06e8cbd5ade6a2adbf028d5e2e588a11bcd
431,343,03502fb599d4b513036ade56d0eac06e8cbd5ade6a2adbf028d5e2e588a11bcd
432,343,03502fb599d4b513036ade56d0eac06e8cbd5ade6a2adbf028d5e2e588a11bcd
415,344,03502fb599d4b513036ade56d0eac06e8cbd5ade6a2adbf028d5e2e588a11bcd
416,344,03502fb599d4b513036ade56d0eac06e8cbd5ade6a2adbf028d5e2e588a11bcd
417,344,03502fb599d4b513036ade56d0eac06e8cbd5ade6a2adbf028d5e2e588a11bcd
418,344,03502fb599d4b513036ade56d0eac06e8cbd5ade6a2adbf028d5e2e588a11bcd
419,344,03502fb599d4b513036ade56d0eac06e8cbd5ade6a2adbf028d5e2e588a11bcd
420,344,03502fb599d4b513036ade56d0eac06e8cbd5ade6a2adbf028d5e2e588a11bcd
421,344,03502fb599d4b513036ade56d0eac06e8cbd5ade6a2adbf028d5e2e588a11bcd
422,344,03502fb599d4b513036ade56d0eac06e8cbd5ade6a2adbf028d5e2e588a11bcd
423,344,03502fb599d4b513036ade56d0eac06e8cbd5ade6a2adbf028d5e2e588a11bcd
424,344,03502fb599d4b513036ade56d0eac06e8cbd5ade6a2adbf028d5e2e588a11bcd
425,344,03502fb599d4b513036ade56d0eac06e8cbd5ade6a2adbf028d5e2e588a11bcd
426,344,03502fb599d4b513036ade56d0eac06e8cbd5ade6a2adbf028d5e2e588a11bcd
427,344,03502fb599d4b513036ade56d0eac06e8cbd5ade6a2adbf028d5e2e588a11bcd
428,344,03502fb599d4b513036ade56d0eac06e8cbd5ade6a2adbf028d5e2e588a11bcd
429,344,03502fb599d4b513036ade56d0eac06e8cbd5ade6a2adbf028d5e2e588a11bcd
430,344,03502fb599d4b513036ade56d0eac06e8cbd5ade6a2adbf028d5e2e588a11bcd
431,344,03502fb599d4b513036ade56d0eac06e8cbd5ade6a2adbf028d5e2e588a11bcd
432,344,03502fb599d4b513036ade56d0eac06e8cbd5ade6a2adbf028d5e2e588a11bcd
415,345,03502fb599d4b513036ade56d0eac06e8cbd5ade6a2adbf028d5e2e588a11bcd
416,345,03502fb599d4b513036ade56d0eac06e8cbd5ade6a2adbf028d5e2e588a11bcd
417,345,03502fb599d4b513036ade56d0eac06e8cbd5ade6a2adbf028d5e2e588a11bcd
418,345,03502fb599d4b513036ade56d0eac06e8cbd5ade6a2adbf028d5e2e588a11bcd
419,345,03502fb599d4b513036ade56d0eac06e8cbd5ade6a2adbf028d5e2e588a11bcd
420,345,03502fb599d4b513036ade56d0eac06e8cbd5ade6a2adbf028d5e2e588a11bcd
421,345,03502fb599d4b513036ade56d0eac06e8cbd5ade6a2adbf028d5e2e588a11bcd
422,345,03502fb599d4b513036ade56d0eac06e8cbd5ade6a2adbf028d5e2e588a11bcd
423,345,03502fb599d4b513036ade56d0eac06e8cbd5ade6a2adbf028d5e2e588a11bcd
424,345,03502fb599d4b513036ade56d0eac06e8cbd5ade6a2adbf028d5e2e588a11bcd
425,345,03502fb599d4b513036ade56d0eac06e8cbd5ade6a2adbf028d5e2e588a11bcd
426,345,03502fb599d4b513036ade56d0eac06e8cbd5ade6a2adbf028d5e2e588a11bcd
427,345,03502fb599d4b513036ade56d0eac06e8cbd5ade6a2adbf028d5e2e588a11bcd
428,345,03502fb599d4b513036ade56d0eac06e8cbd5ade6a2adbf028d5e2e588a11bcd
429,345,03502fb599d4b513036ade56d0eac06e8cbd5ade6a2adbf028d5e2e588a11bcd
430,345,03502fb599d4b513036ade56d0eac06e8cbd5ade6a2adbf028d5e2e588a11bcd
431,345,03502fb599d4b513036ade56d0eac06e8cbd5ade6a2adbf028d5e2e588a11bcd
432,345,03502fb599d4b513036ade56d0eac06e8cbd5ade6a2adbf028d5e2e588a11bcd
415,346,03502fb599d4b513036ade56d0eac06e8cbd5ade6a2adbf028d5e2e588a11bcd
416,346,03502fb599d4b513036ade56d0eac06e8cbd5ade6a2adbf028d5e2e588a11bcd
417,346,03502fb599d4b513036ade56d0eac06e8cbd5ade6a2adbf028d5e2e588a11bcd
418,346,03502fb599d4b513036ade56d0eac06e8cbd5ade6a2adbf028d5e2e588a11bcd
419,346,03502fb599d4b513036ade56d0eac06e8cbd5ade6a2adbf028d5e2e588a11bcd
420,346,03502fb599d4b513036ade56d0eac06e8cbd5ade6a2adbf028d5e2e588a11bcd
421,346,03502fb599d4b513036ade56d0eac06e8cbd5ade6a2adbf028d5e2e588a11bcd
422,346,03502fb599d4b513036ade56d0eac06e8cbd5ade6a2adbf028d5e2e588a11bcd
423,346,03502fb599d4b513036ade56d0eac06e8cbd5ade6a2adbf028d5e2e588a11bcd
424,346,03502fb599d4b513036ade56d0eac06e8cbd5ade6a2adbf028d5e2e588a11bcd
425,346,03502fb599d4b513036ade56d0eac06e8cbd5ade6a2adbf028d5e2e588a11bcd
426,346,03502fb599d4b513036ade56d0eac06e8cbd5ade6a2adbf028d5e2e588a11bcd
427,346,03502fb599d4b513036ade56d0eac06e8cbd5ade6a2adbf028d5e2e588a11bcd
428,346,03502fb599d4b513036ade56d0eac06e8cbd5ade6a2adbf028d5e2e588a11bcd
429,346,03502fb599d4b513036ade56d0eac06e8cbd5ade6a2adbf028d5e2e588a11bcd
430,346,03502fb599d4b513036ade56d0eac06e8cbd5ade6a2adbf028d5e2e588a11bcd
431,346,03502fb599d4b513036ade56d0eac06e8cbd5ade6a2adbf028d5e2e588a11bcd
432,346,03502fb599d4b513036ade56d0eac06e8cbd5ade6a2adbf028d5e2e588a11bcd
415,347,03502fb599d4b513036ade56d0eac06e8cbd5ade6a2adbf028d5e2e588a11bcd
416,347,03502fb599d4b513036ade56d0eac06e8cbd5ade6a2adbf028d5e2e588a11bcd
417,347,03502fb599d4b513036ade56d0eac06e8cbd5ade6a2adbf028d5e2e588a11bcd
418,347,03502fb599d4b513036ade56d0eac06e8cbd5ade6a2adbf028d5e2e588a11bcd
419,347,03502fb599d4b513036ade56d0eac06e8cbd5ade6a2adbf028d5e2e588a11bcd
420,347,03502fb599d4b513036ade56d0eac06e8cbd5ade6a2adbf028d5e2e588a11bcd
421,347,03502fb599d4b513036ade56d0eac06e8cbd5ade6a2adbf028d5e2e588a11bcd
422,347,03502fb599d4b513036ade56d0eac06e8cbd5ade6a2adbf028d5e2e588a11bcd
423,347,03502fb599d4b513036ade56d0eac06e8cbd5ade6a2adbf028d5e2e588a11bcd
424,347,03502fb599d4b513036ade56d0eac06e8cbd5ade6a2adbf028d5e2e588a11bcd
425,347,03502fb599d4b513036ade56d0eac06e8cbd5ade6a2adbf028d5e2e588a11bcd
426,347,03502fb599d4b513036ade56d0eac06e8cbd5ade6a2adbf028d5e2e588a11bcd
427,347,03502fb599d4b513036ade56d0eac06e8cbd5ade6a2adbf028d5e2e588a11bcd
428,347,03502fb599d4b513036ade56d0eac06e8cbd5ade6a2adbf028d5e2e588a11bcd
429,347,03502fb599d4b513036ade56d0eac06e8cbd5ade6a2adbf028d5e2e588a11bcd
430,347,03502fb599d4b513036ade56d0eac06e8cbd5ade6a2adbf028d5e2e588a11bcd
431,347,03502fb599d4b513036ade56d0eac06e8cbd5ade6a2adbf028d5e2e588a11bcd
432,347,03502fb599d4b513036ade56d0eac06e8cbd5ade6a2adbf028d5e2e588a11bcd
415,348,03502fb599d4b513036ade56d0eac06e8cbd5ade6a2adbf028d5e2e588a11bcd
416,348,03502fb599d4b513036ade56d0eac06e8cbd5ade6a2adbf028d5e2e588a11bcd
417,348,03502fb599d4b513036ade56d0eac06e8cbd5ade6a2adbf028d5e2e588a11bcd
418,348,03502fb599d4b513036ade56d0eac06e8cbd5ade6a2adbf028d5e2e588a11bcd
419,348,03502fb599d4b513036ade56d0eac06e8cbd5ade6a2adbf028d5e2e588a11bcd
420,348,03502fb599d4b513036ade56d0eac06e8cbd5ade6a2adbf028d5e2e588a11bcd
421,348,03502fb599d4b513036ade56d0eac06e8cbd5ade6a2adbf028d5e2e588a11bcd
422,348,03502fb599d4b513036ade56d0eac06e8cbd5ade6a2adbf028d5e2e588a11bcd
423,348,03502fb599d4b513036ade56d0eac06e8cbd5ade6a2adbf028d5e2e588a11bcd
424,348,03502fb599d4b513036ade56d0eac06e8cbd5ade6a2adbf028d5e2e588a11bcd
425,348,03502fb599d4b513036ade56d0eac06e8cbd5ade6a2adbf028d5e2e588a11bcd
426,348,03502fb599d4b513036ade56d0eac06e8cbd5ade6a2adbf028d5e2e588a11bcd
427,348,03502fb599d4b513036ade56d0eac06e8cbd5ade6a2adbf028d5e2e588a11bcd
428,348,03502fb599d4b513036ade56d0eac06e8cbd5ade6a2adbf028d5e2e588a11bcd
429,348,03502fb599d4b513036ade56d0eac06e8cbd5ade6a2adbf028d5e2e588a11bcd
430,348,03502fb599d4b513036ade56d0eac06e8cbd5ade6a2adbf028d5e2e588a11bcd
431,348,03502fb599d4b513036ade56d0eac06e8cbd5ade6a2adbf028d5e2e588a11bcd
432,348,03502fb599d4b513036ade56d0eac06e8cbd5ade6a2adbf028d5e2e588a11bcd
532,364,03502fb599d4b513036ade56d0eac06e8cbd5ade6a2adbf028d5e2e588a11bcd
555,364,03502fb599d4b513036ade56d0eac06e8cbd5ade6a2adbf028d5e2e588a11bcd
44,396,03502fb599d4b513036ade56d0eac06e8cbd5ade6a2adbf028d5e2e588a11bcd
79,396,03502fb599d4b513036ade56d0eac06e8cbd5ade6a2adbf028d5e2e588a11bcd
388,396,03502fb599d4b513036ade56d0eac06e8cbd5ade6a2adbf028d5e2e588a11bcd
423,396,03502fb599d4b513036ade56d0eac06e8cbd5ade6a2adbf028d5e2e588a11bcd
248,400,03502fb599d4b513036ade56d0eac06e8cbd5ade6a2adbf028d5e2e588a11bcd
271,400,03502fb599d4b513036ade56d0eac06e8cbd5ade6a2adbf028d5e2e588a11bcd
