room_id,parent,host,ordered_cardinal_air_path,host_access,external_cardinal_air,external_cell_count,connection_centerline,connection_cell_count,length_policy,length_status,opening_faces,support_cells,approach,return,success,qualification,plan_digest
"SV5_INFILL_ROOM_0004120110f44eef5c72","SV5_INFILL_ROOM_07af10cb4acde894de2d","SV5_OPTIONAL_06","[[132,51],[131,51],[130,51],[129,51],[128,51],[127,51],[126,51],[125,51],[124,51],[123,51],[122,51],[121,51],[120,51],[119,51],[118,51],[117,51],[116,51],[115,51],[114,51],[113,51],[112,51],[111,51]]","[]","[[131,51],[130,51],[129,51],[128,51],[127,51],[126,51],[125,51],[124,51],[123,51],[122,51],[121,51],[120,51],[119,51],[118,51],[117,51],[116,51],[115,51],[114,51],[113,51],[112,51]]","20","[[132,51],[131,51],[130,51],[129,51],[128,51],[127,51],[126,51],[125,51],[124,51],[123,51],[122,51],[121,51],[120,51],[119,51],[118,51],[117,51],[116,51],[115,51],[114,51],[113,51],[112,51],[111,51]]","22","SV5_INFILL_LENGTH_RULE_V2","PASS","131,51>132,51|131,52>132,52","[[151,50],[150,50],[149,50],[148,50],[147,50],[146,50],[145,50],[144,50],[143,50],[142,50],[141,50],[140,50],[139,50],[138,50],[137,50],[136,50],[135,50],[134,50],[133,50],[132,50],[131,50],[130,50],[129,50],[128,50],[127,50],[126,50],[125,50],[124,50],[123,50],[122,50],[121,50],[120,50],[119,50],[118,50],[117,50],[116,50],[115,50],[114,50],[113,50],[112,50],[111,50],[110,50],[109,50],[108,50],[107,50],[106,51],[105,51],[104,52],[103,52],[102,52],[101,52],[100,52],[99,52]]","[[151,51],[150,51],[149,51],[148,51],[147,51],[146,51],[145,51],[144,51],[143,51],[142,51],[141,51],[140,51],[139,51],[138,51],[137,51],[136,51],[135,51],[134,51],[133,51],[132,51],[131,51],[130,51],[129,51],[128,51],[127,51],[126,51],[125,51],[124,51],[123,51],[122,51],[121,51],[120,51],[119,51],[118,51],[117,51],[116,51],[115,51],[114,51],[113,51],[112,51],[111,51],[110,51],[109,51],[108,51],[107,51],[106,52],[105,52],[104,53],[103,53],[102,53],[101,53],[100,53],[99,53]]","[[99,53],[100,53],[101,53],[102,53],[103,53],[104,53],[105,52],[106,52],[107,51],[108,51],[109,51],[110,51],[111,51],[112,51],[113,51],[114,51],[115,51],[116,51],[117,51],[118,51],[119,51],[120,51],[121,51],[122,51],[123,51],[124,51],[125,51],[126,51],[127,51],[128,51],[129,51],[130,51],[131,51],[132,51],[133,51],[134,51],[135,51],[136,51],[137,51],[138,51],[139,51],[140,51],[141,51],[142,51],[143,51],[144,51],[145,51],[146,51],[147,51],[148,51],[149,51],[150,51],[151,51]]","True","STATIC_SCREEN_SUPPORTED_PLUS_ONE_AABB_0.4x0.8_HEADROOM_2;NOT_PLAYER_VERIFIED","d381ea7f0f21f05701140f12f3d305a8dc506a576371888395da9c021b1352d5"
"SV5_INFILL_ROOM_0009256b2ee54633b586","SV5_OPTIONAL_14","SV5_OPTIONAL_14","[[62,335],[62,336],[63,336],[63,337],[64,337],[64,338],[65,338],[66,338],[67,338],[67,339],[68,339]]","[[60,335],[61,335],[62,335]]","[[61,335],[62,335],[62,336],[63,336],[63,337],[64,337],[64,338],[65,338],[66,338],[67,338],[67,339]]","11","[[60,335],[61,335],[62,335],[62,336],[63,336],[63,337],[64,337],[64,338],[65,338],[66,338],[67,338],[67,339],[68,339]]","13","SV5_INFILL_LENGTH_RULE_V2","PASS","60,335>61,335|60,336>61,336","[[62,334],[63,335],[64,336],[65,337],[66,337],[67,337],[68,338],[69,338],[70,338],[71,338],[72,338],[73,338],[74,338],[75,338],[76,338],[77,338],[78,338],[79,338],[80,338]]","[[62,335],[63,336],[64,337],[65,338],[66,338],[67,338],[68,339],[69,339],[70,339],[71,339],[72,339],[73,339],[74,339],[75,339],[76,339],[77,339],[78,339],[79,339],[80,339]]","[[80,339],[79,339],[78,339],[77,339],[76,339],[75,339],[74,339],[73,339],[72,339],[71,339],[70,339],[69,339],[68,339],[67,338],[66,338],[65,338],[64,337],[63,336],[62,335]]","True","STATIC_SCREEN_SUPPORTED_PLUS_ONE_AABB_0.4x0.8_HEADROOM_2;NOT_PLAYER_VERIFIED","d381ea7f0f21f05701140f12f3d305a8dc506a576371888395da9c021b1352d5"
"SV5_INFILL_ROOM_000c3495817d6dc43df6","SV5_OPTIONAL_14","SV5_OPTIONAL_14","[[85,387],[85,388],[86,388],[86,389],[87,389],[87,390],[88,390],[89,390],[90,390],[91,390],[91,391],[92,391]]","[[83,387],[84,387],[85,387]]","[[84,387],[85,387],[85,388],[86,388],[86,389],[87,389],[87,390],[88,390],[89,390],[90,390],[91,390],[91,391]]","12","[[83,387],[84,387],[85,387],[85,388],[86,388],[86,389],[87,389],[87,390],[88,390],[89,390],[90,390],[91,390],[91,391],[92,391]]","14","SV5_INFILL_LENGTH_RULE_V2","PASS","83,387>84,387|83,388>84,388","[[85,386],[86,387],[87,388],[88,389],[89,389],[90,389],[91,389],[92,390],[93,390],[94,390],[95,390],[96,390],[97,390],[98,390],[99,390],[100,390],[101,390],[102,390],[103,390],[104,390],[105,390],[106,390],[107,390],[108,390]]","[[85,387],[86,388],[87,389],[88,390],[89,390],[90,390],[91,390],[92,391],[93,391],[94,391],[95,391],[96,391],[97,391],[98,391],[99,391],[100,391],[101,391],[102,391],[103,391],[104,391],[105,391],[106,391],[107,391],[108,391]]","[[108,391],[107,391],[106,391],[105,391],[104,391],[103,391],[102,391],[101,391],[100,391],[99,391],[98,391],[97,391],[96,391],[95,391],[94,391],[93,391],[92,391],[91,390],[90,390],[89,390],[88,390],[87,389],[86,388],[85,387]]","True","STATIC_SCREEN_SUPPORTED_PLUS_ONE_AABB_0.4x0.8_HEADROOM_2;NOT_PLAYER_VERIFIED","d381ea7f0f21f05701140f12f3d305a8dc506a576371888395da9c021b1352d5"
"SV5_INFILL_ROOM_0024793eb465e7cf43f8","SV5_INFILL_ROOM_019f7dfb6c5038fd6bbb","SV5_OPTIONAL_06","[[184,11],[184,12],[183,12],[183,13],[182,13],[182,14],[181,14],[180,14],[180,15],[179,15]]","[]","[[183,12],[183,13],[182,13],[182,14],[181,14],[180,14],[180,15]]","7","[[184,11],[184,12],[183,12],[183,13],[182,13],[182,14],[181,14],[180,14],[180,15],[179,15]]","10","SV5_INFILL_LENGTH_RULE_V2","PASS","183,12>184,12","[[199,10],[198,10],[197,10],[196,10],[195,10],[194,10],[193,10],[192,10],[191,10],[190,10],[189,10],[188,10],[187,10],[186,10],[185,10],[184,10],[183,11],[182,12],[181,13],[180,13],[179,14],[178,14],[177,14],[176,14],[175,14],[174,14],[173,14],[172,14],[171,14],[170,14],[169,14],[168,14],[167,14]]","[[199,11],[198,11],[197,11],[196,11],[195,11],[194,11],[193,11],[192,11],[191,11],[190,11],[189,11],[188,11],[187,11],[186,11],[185,11],[184,11],[183,12],[182,13],[181,14],[180,14],[179,15],[178,15],[177,15],[176,15],[175,15],[174,15],[173,15],[172,15],[171,15],[170,15],[169,15],[168,15],[167,15]]","[[167,15],[168,15],[169,15],[170,15],[171,15],[172,15],[173,15],[174,15],[175,15],[176,15],[177,15],[178,15],[179,15],[180,14],[181,14],[182,13],[183,12],[184,11],[185,11],[186,11],[187,11],[188,11],[189,11],[190,11],[191,11],[192,11],[193,11],[194,11],[195,11],[196,11],[197,11],[198,11],[199,11]]","True","STATIC_SCREEN_SUPPORTED_PLUS_ONE_AABB_0.4x0.8_HEADROOM_2;NOT_PLAYER_VERIFIED","d381ea7f0f21f05701140f12f3d305a8dc506a576371888395da9c021b1352d5"
"SV5_INFILL_ROOM_002847beba22c27fafc7","SV5_OPTIONAL_00","SV5_OPTIONAL_00","[[386,355],[387,355],[388,355],[389,355],[390,355],[391,355],[392,355],[393,355],[394,355],[395,355],[396,355],[397,355],[398,355],[399,355],[400,355],[401,355],[402,355],[403,355],[404,355]]","[[384,355],[385,355],[386,355]]","[[385,355],[386,355],[387,355],[388,355],[389,355],[390,355],[391,355],[392,355],[393,355],[394,355],[395,355],[396,355],[397,355],[398,355],[399,355],[400,355],[401,355],[402,355],[403,355]]","19","[[384,355],[385,355],[386,355],[387,355],[388,355],[389,355],[390,355],[391,355],[392,355],[393,355],[394,355],[395,355],[396,355],[397,355],[398,355],[399,355],[400,355],[401,355],[402,355],[403,355],[404,355]]","21","SV5_INFILL_LENGTH_RULE_V2","PASS","384,355>385,355|384,356>385,356","[[386,354],[387,354],[388,354],[389,354],[390,354],[391,354],[392,354],[393,354],[394,354],[395,354],[396,354],[397,354],[398,354],[399,354],[400,354],[401,354],[402,354],[403,354],[404,354],[405,354],[406,354],[407,354],[408,354],[409,355],[410,355],[411,356],[412,356],[413,356],[414,356],[415,356],[416,356]]","[[386,355],[387,355],[388,355],[389,355],[390,355],[391,355],[392,355],[393,355],[394,355],[395,355],[396,355],[397,355],[398,355],[399,355],[400,355],[401,355],[402,355],[403,355],[404,355],[405,355],[406,355],[407,355],[408,355],[409,356],[410,356],[411,357],[412,357],[413,357],[414,357],[415,357],[416,357]]","[[416,357],[415,357],[414,357],[413,357],[412,357],[411,357],[410,356],[409,356],[408,355],[407,355],[406,355],[405,355],[404,355],[403,355],[402,355],[401,355],[400,355],[399,355],[398,355],[397,355],[396,355],[395,355],[394,355],[393,355],[392,355],[391,355],[390,355],[389,355],[388,355],[387,355],[386,355]]","True","STATIC_SCREEN_SUPPORTED_PLUS_ONE_AABB_0.4x0.8_HEADROOM_2;NOT_PLAYER_VERIFIED","d381ea7f0f21f05701140f12f3d305a8dc506a576371888395da9c021b1352d5"
"SV5_INFILL_ROOM_002b1fdb38d3b5d62912","SV5_OPTIONAL_04","SV5_OPTIONAL_04","[[558,23],[559,23],[560,23]]","[[556,23],[557,23],[558,23]]","[[557,23],[558,23],[559,23]]","3","[[556,23],[557,23],[558,23],[559,23],[560,23]]","5","SV5_INFILL_LENGTH_RULE_V2","PASS","556,23>557,23|556,24>557,24","[[558,22],[559,22],[560,22],[561,22],[562,22],[563,22],[564,22],[565,22],[566,22],[567,22],[568,22],[569,22],[570,22],[571,22],[572,22],[573,22],[574,22],[575,22],[576,22]]","[[558,23],[559,23],[560,23],[561,23],[562,23],[563,23],[564,23],[565,23],[566,23],[567,23],[568,23],[569,23],[570,23],[571,23],[572,23],[573,23],[574,23],[575,23],[576,23]]","[[576,23],[575,23],[574,23],[573,23],[572,23],[571,23],[570,23],[569,23],[568,23],[567,23],[566,23],[565,23],[564,23],[563,23],[562,23],[561,23],[560,23],[559,23],[558,23]]","True","STATIC_SCREEN_SUPPORTED_PLUS_ONE_AABB_0.4x0.8_HEADROOM_2;NOT_PLAYER_VERIFIED","d381ea7f0f21f05701140f12f3d305a8dc506a576371888395da9c021b1352d5"
"SV5_INFILL_ROOM_002d3e65ad37c08fccde","SV5_INFILL_ROOM_09edbb024af8e2bb536d","SV5_OPTIONAL_09","[[44,199],[43,199],[43,198],[42,198],[42,197],[41,197],[41,196],[40,196],[40,195],[39,195]]","[]","[[43,199],[43,198],[42,198],[42,197],[41,197],[41,196],[40,196],[40,195]]","8","[[44,199],[43,199],[43,198],[42,198],[42,197],[41,197],[41,196],[40,196],[40,195],[39,195]]","10","SV5_INFILL_LENGTH_RULE_V2","PASS","43,199>44,199","[[59,198],[58,198],[57,198],[56,198],[55,198],[54,198],[53,198],[52,198],[51,198],[50,198],[49,198],[48,198],[47,198],[46,198],[45,198],[44,198],[43,197],[42,196],[41,195],[40,194],[39,194],[38,194],[37,194],[36,194],[35,194],[34,194],[33,194],[32,194],[31,194],[30,194],[29,194],[28,194],[27,194]]","[[59,199],[58,199],[57,199],[56,199],[55,199],[54,199],[53,199],[52,199],[51,199],[50,199],[49,199],[48,199],[47,199],[46,199],[45,199],[44,199],[43,198],[42,197],[41,196],[40,195],[39,195],[38,195],[37,195],[36,195],[35,195],[34,195],[33,195],[32,195],[31,195],[30,195],[29,195],[28,195],[27,195]]","[[27,195],[28,195],[29,195],[30,195],[31,195],[32,195],[33,195],[34,195],[35,195],[36,195],[37,195],[38,195],[39,195],[40,195],[41,196],[42,197],[43,198],[44,199],[45,199],[46,199],[47,199],[48,199],[49,199],[50,199],[51,199],[52,199],[53,199],[54,199],[55,199],[56,199],[57,199],[58,199],[59,199]]","True","STATIC_SCREEN_SUPPORTED_PLUS_ONE_AABB_0.4x0.8_HEADROOM_2;NOT_PLAYER_VERIFIED","d381ea7f0f21f05701140f12f3d305a8dc506a576371888395da9c021b1352d5"
"SV5_INFILL_ROOM_0033f24aa202678fd527","SV5_OPTIONAL_10","SV5_OPTIONAL_10","[[170,207],[170,208],[171,208],[171,209],[172,209],[172,210],[173,210],[174,210],[175,210],[175,211],[176,211]]","[[168,207],[169,207],[170,207]]","[[169,207],[170,207],[170,208],[171,208],[171,209],[172,209],[172,210],[173,210],[174,210],[175,210],[175,211]]","11","[[168,207],[169,207],[170,207],[170,208],[171,208],[171,209],[172,209],[172,210],[173,210],[174,210],[175,210],[175,211],[176,211]]","13","SV5_INFILL_LENGTH_RULE_V2","PASS","168,207>169,207|168,208>169,208","[[170,206],[171,207],[172,208],[173,209],[174,209],[175,209],[176,210],[177,210],[178,210],[179,210],[180,210],[181,210],[182,210],[183,210],[184,210],[185,210],[186,210],[187,210],[188,210]]","[[170,207],[171,208],[172,209],[173,210],[174,210],[175,210],[176,211],[177,211],[178,211],[179,211],[180,211],[181,211],[182,211],[183,211],[184,211],[185,211],[186,211],[187,211],[188,211]]","[[188,211],[187,211],[186,211],[185,211],[184,211],[183,211],[182,211],[181,211],[180,211],[179,211],[178,211],[177,211],[176,211],[175,210],[174,210],[173,210],[172,209],[171,208],[170,207]]","True","STATIC_SCREEN_SUPPORTED_PLUS_ONE_AABB_0.4x0.8_HEADROOM_2;NOT_PLAYER_VERIFIED","d381ea7f0f21f05701140f12f3d305a8dc506a576371888395da9c021b1352d5"
"SV5_INFILL_ROOM_0038cd07afe0acfefffa","SV5_INFILL_ROOM_018765724e6a988ed29c","SV5_OPTIONAL_01","[[531,393],[532,393],[532,392],[533,392],[533,391],[534,391],[535,391],[536,391],[537,391],[538,391],[539,391],[540,391],[541,391],[542,391],[543,391],[544,391],[545,391],[546,391],[547,391],[548,391]]","[]","[[532,393],[532,392],[533,392],[533,391],[534,391],[535,391],[536,391],[537,391],[538,391],[539,391],[540,391],[541,391],[542,391],[543,391],[544,391],[545,391],[546,391],[547,391]]","18","[[531,393],[532,393],[532,392],[533,392],[533,391],[534,391],[535,391],[536,391],[537,391],[538,391],[539,391],[540,391],[541,391],[542,391],[543,391],[544,391],[545,391],[546,391],[547,391],[548,391]]","20","SV5_INFILL_LENGTH_RULE_V2","PASS","531,393>532,393","[[516,390],[517,390],[518,390],[519,390],[520,390],[521,391],[522,391],[523,392],[524,392],[525,392],[526,392],[527,392],[528,392],[529,392],[530,392],[531,392],[532,391],[533,390],[534,390],[535,390],[536,390],[537,390],[538,390],[539,390],[540,390],[541,390],[542,390],[543,390],[544,390],[545,390],[546,390],[547,390],[548,390],[549,390],[550,390],[551,390],[552,390],[553,390],[554,390],[555,390],[556,390],[557,390],[558,390],[559,390],[560,390]]","[[516,391],[517,391],[518,391],[519,391],[520,391],[521,392],[522,392],[523,393],[524,393],[525,393],[526,393],[527,393],[528,393],[529,393],[530,393],[531,393],[532,392],[533,391],[534,391],[535,391],[536,391],[537,391],[538,391],[539,391],[540,391],[541,391],[542,391],[543,391],[544,391],[545,391],[546,391],[547,391],[548,391],[549,391],[550,391],[551,391],[552,391],[553,391],[554,391],[555,391],[556,391],[557,391],[558,391],[559,391],[560,391]]","[[560,391],[559,391],[558,391],[557,391],[556,391],[555,391],[554,391],[553,391],[552,391],[551,391],[550,391],[549,391],[548,391],[547,391],[546,391],[545,391],[544,391],[543,391],[542,391],[541,391],[540,391],[539,391],[538,391],[537,391],[536,391],[535,391],[534,391],[533,391],[532,392],[531,393],[530,393],[529,393],[528,393],[527,393],[526,393],[525,393],[524,393],[523,393],[522,392],[521,392],[520,391],[519,391],[518,391],[517,391],[516,391]]","True","STATIC_SCREEN_SUPPORTED_PLUS_ONE_AABB_0.4x0.8_HEADROOM_2;NOT_PLAYER_VERIFIED","d381ea7f0f21f05701140f12f3d305a8dc506a576371888395da9c021b1352d5"
"SV5_INFILL_ROOM_003c64be23db80287d41","SV5_INFILL_ROOM_002b1fdb38d3b5d62912","SV5_OPTIONAL_04","[[579,23],[580,23],[581,23],[582,23],[583,23],[584,23],[585,23],[586,23],[587,23],[588,23],[589,23],[590,23],[591,23],[592,23],[593,23],[594,23],[595,23],[596,23],[597,23],[598,23],[599,23],[600,23]]","[]","[[580,23],[581,23],[582,23],[583,23],[584,23],[585,23],[586,23],[587,23],[588,23],[589,23],[590,23],[591,23],[592,23],[593,23],[594,23],[595,23],[596,23],[597,23],[598,23],[599,23]]","20","[[579,23],[580,23],[581,23],[582,23],[583,23],[584,23],[585,23],[586,23],[587,23],[588,23],[589,23],[590,23],[591,23],[592,23],[593,23],[594,23],[595,23],[596,23],[597,23],[598,23],[599,23],[600,23]]","22","SV5_INFILL_LENGTH_RULE_V2","PASS","579,23>580,23|579,24>580,24","[[560,22],[561,22],[562,22],[563,22],[564,22],[565,22],[566,22],[567,22],[568,22],[569,22],[570,22],[571,22],[572,22],[573,22],[574,22],[575,22],[576,22],[577,22],[578,22],[579,22],[580,22],[581,22],[582,22],[583,22],[584,22],[585,22],[586,22],[587,22],[588,22],[589,22],[590,22],[591,22],[592,22],[593,22],[594,22],[595,22],[596,22],[597,22],[598,22],[599,22],[600,22],[601,22],[602,22],[603,22],[604,22],[605,22],[606,22],[607,22],[608,22],[609,22],[610,22],[611,22],[612,22]]","[[560,23],[561,23],[562,23],[563,23],[564,23],[565,23],[566,23],[567,23],[568,23],[569,23],[570,23],[571,23],[572,23],[573,23],[574,23],[575,23],[576,23],[577,23],[578,23],[579,23],[580,23],[581,23],[582,23],[583,23],[584,23],[585,23],[586,23],[587,23],[588,23],[589,23],[590,23],[591,23],[592,23],[593,23],[594,23],[595,23],[596,23],[597,23],[598,23],[599,23],[600,23],[601,23],[602,23],[603,23],[604,23],[605,23],[606,23],[607,23],[608,23],[609,23],[610,23],[611,23],[612,23]]","[[612,23],[611,23],[610,23],[609,23],[608,23],[607,23],[606,23],[605,23],[604,23],[603,23],[602,23],[601,23],[600,23],[599,23],[598,23],[597,23],[596,23],[595,23],[594,23],[593,23],[592,23],[591,23],[590,23],[589,23],[588,23],[587,23],[586,23],[585,23],[584,23],[583,23],[582,23],[581,23],[580,23],[579,23],[578,23],[577,23],[576,23],[575,23],[574,23],[573,23],[572,23],[571,23],[570,23],[569,23],[568,23],[567,23],[566,23],[565,23],[564,23],[563,23],[562,23],[561,23],[560,23]]","True","STATIC_SCREEN_SUPPORTED_PLUS_ONE_AABB_0.4x0.8_HEADROOM_2;NOT_PLAYER_VERIFIED","d381ea7f0f21f05701140f12f3d305a8dc506a576371888395da9c021b1352d5"
"SV5_INFILL_ROOM_0051000692d8e452ab1f","SV5_INFILL_ROOM_04e7f66dbff892010bd0","SV5_OPTIONAL_TO_VILLAGE","[[375,251],[376,251],[376,250],[377,250],[377,249],[378,249],[378,248],[379,248],[379,247],[380,247]]","[]","[[376,251],[376,250],[377,250],[377,249],[378,249],[378,248],[379,248],[379,247]]","8","[[375,251],[376,251],[376,250],[377,250],[377,249],[378,249],[378,248],[379,248],[379,247],[380,247]]","10","SV5_INFILL_LENGTH_RULE_V2","PASS","375,251>376,251","[[360,250],[361,250],[362,250],[363,250],[364,250],[365,250],[366,250],[367,250],[368,250],[369,250],[370,250],[371,250],[372,250],[373,250],[374,250],[375,250],[376,249],[377,248],[378,247],[379,246],[380,246],[381,246],[382,246],[383,246],[384,246],[385,246],[386,246],[387,246],[388,246],[389,246],[390,246],[391,246],[392,246],[393,246],[394,246],[395,246],[396,246]]","[[360,251],[361,251],[362,251],[363,251],[364,251],[365,251],[366,251],[367,251],[368,251],[369,251],[370,251],[371,251],[372,251],[373,251],[374,251],[375,251],[376,250],[377,249],[378,248],[379,247],[380,247],[381,247],[382,247],[383,247],[384,247],[385,247],[386,247],[387,247],[388,247],[389,247],[390,247],[391,247],[392,247],[393,247],[394,247],[395,247],[396,247]]","[[396,247],[395,247],[394,247],[393,247],[392,247],[391,247],[390,247],[389,247],[388,247],[387,247],[386,247],[385,247],[384,247],[383,247],[382,247],[381,247],[380,247],[379,247],[378,248],[377,249],[376,250],[375,251],[374,251],[373,251],[372,251],[371,251],[370,251],[369,251],[368,251],[367,251],[366,251],[365,251],[364,251],[363,251],[362,251],[361,251],[360,251]]","True","STATIC_SCREEN_SUPPORTED_PLUS_ONE_AABB_0.4x0.8_HEADROOM_2;NOT_PLAYER_VERIFIED","d381ea7f0f21f05701140f12f3d305a8dc506a576371888395da9c021b1352d5"
"SV5_INFILL_ROOM_00567d25c8515283ea43","SV5_OPTIONAL_15","SV5_OPTIONAL_15","[[42,259],[41,259],[40,259],[39,259]]","[[44,259],[43,259],[42,259]]","[[43,259],[42,259],[41,259],[40,259]]","4","[[44,259],[43,259],[42,259],[41,259],[40,259],[39,259]]","6","SV5_INFILL_LENGTH_RULE_V2","PASS","43,259>44,259|43,260>44,260","[[42,258],[41,258],[40,258],[39,258],[38,258],[37,258],[36,258],[35,258],[34,258],[33,258],[32,258],[31,258],[30,258],[29,258],[28,258],[27,258]]","[[42,259],[41,259],[40,259],[39,259],[38,259],[37,259],[36,259],[35,259],[34,259],[33,259],[32,259],[31,259],[30,259],[29,259],[28,259],[27,259]]","[[27,259],[28,259],[29,259],[30,259],[31,259],[32,259],[33,259],[34,259],[35,259],[36,259],[37,259],[38,259],[39,259],[40,259],[41,259],[42,259]]","True","STATIC_SCREEN_SUPPORTED_PLUS_ONE_AABB_0.4x0.8_HEADROOM_2;NOT_PLAYER_VERIFIED","d381ea7f0f21f05701140f12f3d305a8dc506a576371888395da9c021b1352d5"
"SV5_INFILL_ROOM_0058509cbbf5ecd5a28e","SV5_INFILL_ROOM_062bdedbace97bb71fc4","SV5_OPTIONAL_01","[[583,393],[584,393],[584,392],[585,392],[585,391],[586,391],[587,391],[588,391],[589,391],[590,391],[591,391],[592,391],[593,391],[594,391],[595,391],[596,391],[597,391],[598,391],[599,391],[600,391],[601,391],[602,391],[603,391],[604,391]]","[]","[[584,393],[584,392],[585,392],[585,391],[586,391],[587,391],[588,391],[589,391],[590,391],[591,391],[592,391],[593,391],[594,391],[595,391],[596,391],[597,391],[598,391],[599,391],[600,391],[601,391],[602,391],[603,391]]","22","[[583,393],[584,393],[584,392],[585,392],[585,391],[586,391],[587,391],[588,391],[589,391],[590,391],[591,391],[592,391],[593,391],[594,391],[595,391],[596,391],[597,391],[598,391],[599,391],[600,391],[601,391],[602,391],[603,391],[604,391]]","24","SV5_INFILL_LENGTH_RULE_V2","PASS","583,393>584,393","[[568,390],[569,390],[570,390],[571,390],[572,390],[573,391],[574,391],[575,392],[576,392],[577,392],[578,392],[579,392],[580,392],[581,392],[582,392],[583,392],[584,391],[585,390],[586,390],[587,390],[588,390],[589,390],[590,390],[591,390],[592,390],[593,390],[594,390],[595,390],[596,390],[597,390],[598,390],[599,390],[600,390],[601,390],[602,390],[603,390],[604,390],[605,390],[606,390],[607,390],[608,390],[609,390],[610,390],[611,390],[612,390],[613,390],[614,390],[615,390],[616,390]]","[[568,391],[569,391],[570,391],[571,391],[572,391],[573,392],[574,392],[575,393],[576,393],[577,393],[578,393],[579,393],[580,393],[581,393],[582,393],[583,393],[584,392],[585,391],[586,391],[587,391],[588,391],[589,391],[590,391],[591,391],[592,391],[593,391],[594,391],[595,391],[596,391],[597,391],[598,391],[599,391],[600,391],[601,391],[602,391],[603,391],[604,391],[605,391],[606,391],[607,391],[608,391],[609,391],[610,391],[611,391],[612,391],[613,391],[614,391],[615,391],[616,391]]","[[616,391],[615,391],[614,391],[613,391],[612,391],[611,391],[610,391],[609,391],[608,391],[607,391],[606,391],[605,391],[604,391],[603,391],[602,391],[601,391],[600,391],[599,391],[598,391],[597,391],[596,391],[595,391],[594,391],[593,391],[592,391],[591,391],[590,391],[589,391],[588,391],[587,391],[586,391],[585,391],[584,392],[583,393],[582,393],[581,393],[580,393],[579,393],[578,393],[577,393],[576,393],[575,393],[574,392],[573,392],[572,391],[571,391],[570,391],[569,391],[568,391]]","True","STATIC_SCREEN_SUPPORTED_PLUS_ONE_AABB_0.4x0.8_HEADROOM_2;NOT_PLAYER_VERIFIED","d381ea7f0f21f05701140f12f3d305a8dc506a576371888395da9c021b1352d5"
"SV5_INFILL_ROOM_005a04bda9ede05b1190","SV5_OPTIONAL_09","SV5_OPTIONAL_09","[[126,131],[125,131],[124,131],[123,131],[122,131],[121,131],[120,131],[119,131],[118,131],[117,131],[116,131],[115,131],[114,131],[113,131],[112,131],[111,131],[110,131],[109,131],[108,131],[107,131]]","[[128,131],[127,131],[126,131]]","[[127,131],[126,131],[125,131],[124,131],[123,131],[122,131],[121,131],[120,131],[119,131],[118,131],[117,131],[116,131],[115,131],[114,131],[113,131],[112,131],[111,131],[110,131],[109,131],[108,131]]","20","[[128,131],[127,131],[126,131],[125,131],[124,131],[123,131],[122,131],[121,131],[120,131],[119,131],[118,131],[117,131],[116,131],[115,131],[114,131],[113,131],[112,131],[111,131],[110,131],[109,131],[108,131],[107,131]]","22","SV5_INFILL_LENGTH_RULE_V2","PASS","127,131>128,131|127,132>128,132","[[126,130],[125,130],[124,130],[123,130],[122,130],[121,130],[120,130],[119,130],[118,130],[117,130],[116,130],[115,130],[114,130],[113,130],[112,130],[111,130],[110,130],[109,130],[108,130],[107,130],[106,130],[105,130],[104,130],[103,130],[102,130],[101,130],[100,130],[99,130],[98,130],[97,130],[96,130],[95,130]]","[[126,131],[125,131],[124,131],[123,131],[122,131],[121,131],[120,131],[119,131],[118,131],[117,131],[116,131],[115,131],[114,131],[113,131],[112,131],[111,131],[110,131],[109,131],[108,131],[107,131],[106,131],[105,131],[104,131],[103,131],[102,131],[101,131],[100,131],[99,131],[98,131],[97,131],[96,131],[95,131]]","[[95,131],[96,131],[97,131],[98,131],[99,131],[100,131],[101,131],[102,131],[103,131],[104,131],[105,131],[106,131],[107,131],[108,131],[109,131],[110,131],[111,131],[112,131],[113,131],[114,131],[115,131],[116,131],[117,131],[118,131],[119,131],[120,131],[121,131],[122,131],[123,131],[124,131],[125,131],[126,131]]","True","STATIC_SCREEN_SUPPORTED_PLUS_ONE_AABB_0.4x0.8_HEADROOM_2;NOT_PLAYER_VERIFIED","d381ea7f0f21f05701140f12f3d305a8dc506a576371888395da9c021b1352d5"
"SV5_INFILL_ROOM_00636997b68d562b57db","SV5_OPTIONAL_07","SV5_OPTIONAL_07","[[174,99],[174,100],[173,100],[173,101],[172,101],[172,102],[171,102],[170,102],[169,102],[168,102],[168,103],[167,103]]","[[176,99],[175,99],[174,99]]","[[175,99],[174,99],[174,100],[173,100],[173,101],[172,101],[172,102],[171,102],[170,102],[169,102],[168,102],[168,103]]","12","[[176,99],[175,99],[174,99],[174,100],[173,100],[173,101],[172,101],[172,102],[171,102],[170,102],[169,102],[168,102],[168,103],[167,103]]","14","SV5_INFILL_LENGTH_RULE_V2","PASS","175,99>176,99|175,100>176,100","[[174,98],[173,99],[172,100],[171,101],[170,101],[169,101],[168,101],[167,102],[166,102],[165,102],[164,102],[163,102],[162,102],[161,102],[160,102],[159,102],[158,102],[157,102],[156,102],[155,102],[154,102],[153,102],[152,102],[151,102]]","[[174,99],[173,100],[172,101],[171,102],[170,102],[169,102],[168,102],[167,103],[166,103],[165,103],[164,103],[163,103],[162,103],[161,103],[160,103],[159,103],[158,103],[157,103],[156,103],[155,103],[154,103],[153,103],[152,103],[151,103]]","[[151,103],[152,103],[153,103],[154,103],[155,103],[156,103],[157,103],[158,103],[159,103],[160,103],[161,103],[162,103],[163,103],[164,103],[165,103],[166,103],[167,103],[168,102],[169,102],[170,102],[171,102],[172,101],[173,100],[174,99]]","True","STATIC_SCREEN_SUPPORTED_PLUS_ONE_AABB_0.4x0.8_HEADROOM_2;NOT_PLAYER_VERIFIED","d381ea7f0f21f05701140f12f3d305a8dc506a576371888395da9c021b1352d5"
"SV5_INFILL_ROOM_006e09773eb20b7351b0","SV5_OPTIONAL_06","SV5_OPTIONAL_06","[[218,111],[217,111],[216,111],[215,111],[214,111],[213,111],[212,111],[211,111],[210,111],[209,111],[208,111],[207,111]]","[[220,111],[219,111],[218,111]]","[[219,111],[218,111],[217,111],[216,111],[215,111],[214,111],[213,111],[212,111],[211,111],[210,111],[209,111],[208,111]]","12","[[220,111],[219,111],[218,111],[217,111],[216,111],[215,111],[214,111],[213,111],[212,111],[211,111],[210,111],[209,111],[208,111],[207,111]]","14","SV5_INFILL_LENGTH_RULE_V2","PASS","219,111>220,111|219,112>220,112","[[218,110],[217,110],[216,110],[215,110],[214,110],[213,110],[212,110],[211,110],[210,110],[209,110],[208,110],[207,110],[206,110],[205,110],[204,110],[203,110],[202,110],[201,110],[200,110],[199,110],[198,110],[197,110],[196,110],[195,110]]","[[218,111],[217,111],[216,111],[215,111],[214,111],[213,111],[212,111],[211,111],[210,111],[209,111],[208,111],[207,111],[206,111],[205,111],[204,111],[203,111],[202,111],[201,111],[200,111],[199,111],[198,111],[197,111],[196,111],[195,111]]","[[195,111],[196,111],[197,111],[198,111],[199,111],[200,111],[201,111],[202,111],[203,111],[204,111],[205,111],[206,111],[207,111],[208,111],[209,111],[210,111],[211,111],[212,111],[213,111],[214,111],[215,111],[216,111],[217,111],[218,111]]","True","STATIC_SCREEN_SUPPORTED_PLUS_ONE_AABB_0.4x0.8_HEADROOM_2;NOT_PLAYER_VERIFIED","d381ea7f0f21f05701140f12f3d305a8dc506a576371888395da9c021b1352d5"
"SV5_INFILL_ROOM_007c17890d68e31350a9","SV5_INFILL_ROOM_00e46d5d0ba666a9579a","SV5_OPTIONAL_06","[[144,27],[144,28],[143,28],[143,29],[142,29],[142,30],[141,30],[140,30],[139,30],[138,30],[137,30],[136,30],[135,30],[134,30],[133,30],[132,30],[131,30],[130,30],[129,30],[128,30],[128,31],[127,31]]","[]","[[143,28],[143,29],[142,29],[142,30],[141,30],[140,30],[139,30],[138,30],[137,30],[136,30],[135,30],[134,30],[133,30],[132,30],[131,30],[130,30],[129,30],[128,30],[128,31]]","19","[[144,27],[144,28],[143,28],[143,29],[142,29],[142,30],[141,30],[140,30],[139,30],[138,30],[137,30],[136,30],[135,30],[134,30],[133,30],[132,30],[131,30],[130,30],[129,30],[128,30],[128,31],[127,31]]","22","SV5_INFILL_LENGTH_RULE_V2","PASS","143,28>144,28","[[159,26],[158,26],[157,26],[156,26],[155,26],[154,26],[153,26],[152,26],[151,26],[150,26],[149,26],[148,26],[147,26],[146,26],[145,26],[144,26],[143,27],[142,28],[141,29],[140,29],[139,29],[138,29],[137,29],[136,29],[135,29],[134,29],[133,29],[132,29],[131,29],[130,29],[129,29],[128,29],[127,30],[126,30],[125,30],[124,30],[123,30],[122,30],[121,30],[120,30],[119,30],[118,30],[117,30],[116,30],[115,30]]","[[159,27],[158,27],[157,27],[156,27],[155,27],[154,27],[153,27],[152,27],[151,27],[150,27],[149,27],[148,27],[147,27],[146,27],[145,27],[144,27],[143,28],[142,29],[141,30],[140,30],[139,30],[138,30],[137,30],[136,30],[135,30],[134,30],[133,30],[132,30],[131,30],[130,30],[129,30],[128,30],[127,31],[126,31],[125,31],[124,31],[123,31],[122,31],[121,31],[120,31],[119,31],[118,31],[117,31],[116,31],[115,31]]","[[115,31],[116,31],[117,31],[118,31],[119,31],[120,31],[121,31],[122,31],[123,31],[124,31],[125,31],[126,31],[127,31],[128,30],[129,30],[130,30],[131,30],[132,30],[133,30],[134,30],[135,30],[136,30],[137,30],[138,30],[139,30],[140,30],[141,30],[142,29],[143,28],[144,27],[145,27],[146,27],[147,27],[148,27],[149,27],[150,27],[151,27],[152,27],[153,27],[154,27],[155,27],[156,27],[157,27],[158,27],[159,27]]","True","STATIC_SCREEN_SUPPORTED_PLUS_ONE_AABB_0.4x0.8_HEADROOM_2;NOT_PLAYER_VERIFIED","d381ea7f0f21f05701140f12f3d305a8dc506a576371888395da9c021b1352d5"
"SV5_INFILL_ROOM_0081ac017846ab0e0d78","SV5_INFILL_ROOM_0d6757c798ece8ef8ef4","SV5_OPTIONAL_04","[[500,79],[499,79],[499,78],[498,78],[498,77],[497,77],[497,76],[496,76],[496,75],[495,75],[495,74],[494,74],[494,73],[493,73],[493,72],[492,72],[492,71],[491,71],[490,71],[489,71],[488,71],[487,71]]","[]","[[499,79],[499,78],[498,78],[498,77],[497,77],[497,76],[496,76],[496,75],[495,75],[495,74],[494,74],[494,73],[493,73],[493,72],[492,72],[492,71],[491,71],[490,71],[489,71],[488,71]]","20","[[500,79],[499,79],[499,78],[498,78],[498,77],[497,77],[497,76],[496,76],[496,75],[495,75],[495,74],[494,74],[494,73],[493,73],[493,72],[492,72],[492,71],[491,71],[490,71],[489,71],[488,71],[487,71]]","22","SV5_INFILL_LENGTH_RULE_V2","PASS","499,79>500,79","[[515,78],[514,78],[513,78],[512,78],[511,78],[510,78],[509,78],[508,78],[507,78],[506,78],[505,78],[504,78],[503,78],[502,78],[501,78],[500,78],[499,77],[498,76],[497,75],[496,74],[495,73],[494,72],[493,71],[492,70],[491,70],[490,70],[489,70],[488,70],[487,70],[486,70],[485,70],[484,70],[483,70],[482,71],[481,71],[480,72],[479,72],[478,72],[477,72],[476,72],[475,72]]","[[515,79],[514,79],[513,79],[512,79],[511,79],[510,79],[509,79],[508,79],[507,79],[506,79],[505,79],[504,79],[503,79],[502,79],[501,79],[500,79],[499,78],[498,77],[497,76],[496,75],[495,74],[494,73],[493,72],[492,71],[491,71],[490,71],[489,71],[488,71],[487,71],[486,71],[485,71],[484,71],[483,71],[482,72],[481,72],[480,73],[479,73],[478,73],[477,73],[476,73],[475,73]]","[[475,73],[476,73],[477,73],[478,73],[479,73],[480,73],[481,72],[482,72],[483,71],[484,71],[485,71],[486,71],[487,71],[488,71],[489,71],[490,71],[491,71],[492,71],[493,72],[494,73],[495,74],[496,75],[497,76],[498,77],[499,78],[500,79],[501,79],[502,79],[503,79],[504,79],[505,79],[506,79],[507,79],[508,79],[509,79],[510,79],[511,79],[512,79],[513,79],[514,79],[515,79]]","True","STATIC_SCREEN_SUPPORTED_PLUS_ONE_AABB_0.4x0.8_HEADROOM_2;NOT_PLAYER_VERIFIED","d381ea7f0f21f05701140f12f3d305a8dc506a576371888395da9c021b1352d5"
"SV5_INFILL_ROOM_008612738e348fea12fd","SV5_OPTIONAL_14","SV5_OPTIONAL_14","[[58,367],[58,368],[57,368],[57,369],[56,369],[56,370],[55,370],[54,370],[53,370],[52,370],[52,371],[51,371]]","[[60,367],[59,367],[58,367]]","[[59,367],[58,367],[58,368],[57,368],[57,369],[56,369],[56,370],[55,370],[54,370],[53,370],[52,370],[52,371]]","12","[[60,367],[59,367],[58,367],[58,368],[57,368],[57,369],[56,369],[56,370],[55,370],[54,370],[53,370],[52,370],[52,371],[51,371]]","14","SV5_INFILL_LENGTH_RULE_V2","PASS","59,367>60,367|59,368>60,368","[[58,366],[57,367],[56,368],[55,369],[54,369],[53,369],[52,369],[51,370],[50,370],[49,370],[48,370],[47,370],[46,371],[45,371],[44,372],[43,372],[42,372],[41,372],[40,372],[39,372]]","[[58,367],[57,368],[56,369],[55,370],[54,370],[53,370],[52,370],[51,371],[50,371],[49,371],[48,371],[47,371],[46,372],[45,372],[44,373],[43,373],[42,373],[41,373],[40,373],[39,373]]","[[39,373],[40,373],[41,373],[42,373],[43,373],[44,373],[45,372],[46,372],[47,371],[48,371],[49,371],[50,371],[51,371],[52,370],[53,370],[54,370],[55,370],[56,369],[57,368],[58,367]]","True","STATIC_SCREEN_SUPPORTED_PLUS_ONE_AABB_0.4x0.8_HEADROOM_2;NOT_PLAYER_VERIFIED","d381ea7f0f21f05701140f12f3d305a8dc506a576371888395da9c021b1352d5"
"SV5_INFILL_ROOM_008784ed882cfab2d029","SV5_OPTIONAL_01","SV5_OPTIONAL_01","[[359,363],[359,364],[358,364],[358,365],[357,365],[357,366],[356,366],[356,367],[355,367]]","[[361,363],[360,363],[359,363]]","[[360,363],[359,363],[359,364],[358,364],[358,365],[357,365],[357,366],[356,366],[356,367]]","9","[[361,363],[360,363],[359,363],[359,364],[358,364],[358,365],[357,365],[357,366],[356,366],[356,367],[355,367]]","11","SV5_INFILL_LENGTH_RULE_V2","PASS","360,363>361,363|360,364>361,364","[[359,362],[358,363],[357,364],[356,365],[355,366],[354,366],[353,366],[352,366],[351,366],[350,367],[349,367],[348,368],[347,368],[346,368],[345,368],[344,368],[343,368]]","[[359,363],[358,364],[357,365],[356,366],[355,367],[354,367],[353,367],[352,367],[351,367],[350,368],[349,368],[348,369],[347,369],[346,369],[345,369],[344,369],[343,369]]","[[343,369],[344,369],[345,369],[346,369],[347,369],[348,369],[349,368],[350,368],[351,367],[352,367],[353,367],[354,367],[355,367],[356,366],[357,365],[358,364],[359,363]]","True","STATIC_SCREEN_SUPPORTED_PLUS_ONE_AABB_0.4x0.8_HEADROOM_2;NOT_PLAYER_VERIFIED","d381ea7f0f21f05701140f12f3d305a8dc506a576371888395da9c021b1352d5"
"SV5_INFILL_ROOM_00882305a20f8d480cad","SV5_INFILL_ROOM_06398b49b858f203e93f","SV5_OPTIONAL_14","[[123,355],[124,355],[124,354],[125,354],[125,353],[126,353],[126,352],[127,352],[127,351],[128,351]]","[]","[[124,355],[124,354],[125,354],[125,353],[126,353],[126,352],[127,352],[127,351]]","8","[[123,355],[124,355],[124,354],[125,354],[125,353],[126,353],[126,352],[127,352],[127,351],[128,351]]","10","SV5_INFILL_LENGTH_RULE_V2","PASS","123,355>124,355","[[104,354],[105,354],[106,354],[107,354],[108,354],[109,354],[110,354],[111,354],[112,354],[113,354],[114,354],[115,354],[116,354],[117,354],[118,354],[119,354],[120,354],[121,354],[122,354],[123,354],[124,353],[125,352],[126,351],[127,350],[128,350],[129,350],[130,350],[131,350],[132,350],[133,351],[134,351],[135,352],[136,352],[137,352],[138,352],[139,352],[140,352]]","[[104,355],[105,355],[106,355],[107,355],[108,355],[109,355],[110,355],[111,355],[112,355],[113,355],[114,355],[115,355],[116,355],[117,355],[118,355],[119,355],[120,355],[121,355],[122,355],[123,355],[124,354],[125,353],[126,352],[127,351],[128,351],[129,351],[130,351],[131,351],[132,351],[133,352],[134,352],[135,353],[136,353],[137,353],[138,353],[139,353],[140,353]]","[[140,353],[139,353],[138,353],[137,353],[136,353],[135,353],[134,352],[133,352],[132,351],[131,351],[130,351],[129,351],[128,351],[127,351],[126,352],[125,353],[124,354],[123,355],[122,355],[121,355],[120,355],[119,355],[118,355],[117,355],[116,355],[115,355],[114,355],[113,355],[112,355],[111,355],[110,355],[109,355],[108,355],[107,355],[106,355],[105,355],[104,355]]","True","STATIC_SCREEN_SUPPORTED_PLUS_ONE_AABB_0.4x0.8_HEADROOM_2;NOT_PLAYER_VERIFIED","d381ea7f0f21f05701140f12f3d305a8dc506a576371888395da9c021b1352d5"
"SV5_INFILL_ROOM_008dd29754a6056014e3","SV5_INFILL_ROOM_057bf90d15626a0398cb","SV5_OPTIONAL_01","[[308,303],[307,303],[307,302],[306,302],[306,301],[305,301],[305,300],[304,300],[304,299],[303,299]]","[]","[[307,303],[307,302],[306,302],[306,301],[305,301],[305,300],[304,300],[304,299]]","8","[[308,303],[307,303],[307,302],[306,302],[306,301],[305,301],[305,300],[304,300],[304,299],[303,299]]","10","SV5_INFILL_LENGTH_RULE_V2","PASS","307,303>308,303","[[323,302],[322,302],[321,302],[320,302],[319,302],[318,302],[317,302],[316,302],[315,302],[314,302],[313,302],[312,302],[311,302],[310,302],[309,302],[308,302],[307,301],[306,300],[305,299],[304,298],[303,298],[302,298],[301,298],[300,298],[299,298],[298,298],[297,298],[296,298],[295,298],[294,298],[293,298],[292,298],[291,298]]","[[323,303],[322,303],[321,303],[320,303],[319,303],[318,303],[317,303],[316,303],[315,303],[314,303],[313,303],[312,303],[311,303],[310,303],[309,303],[308,303],[307,302],[306,301],[305,300],[304,299],[303,299],[302,299],[301,299],[300,299],[299,299],[298,299],[297,299],[296,299],[295,299],[294,299],[293,299],[292,299],[291,299]]","[[291,299],[292,299],[293,299],[294,299],[295,299],[296,299],[297,299],[298,299],[299,299],[300,299],[301,299],[302,299],[303,299],[304,299],[305,300],[306,301],[307,302],[308,303],[309,303],[310,303],[311,303],[312,303],[313,303],[314,303],[315,303],[316,303],[317,303],[318,303],[319,303],[320,303],[321,303],[322,303],[323,303]]","True","STATIC_SCREEN_SUPPORTED_PLUS_ONE_AABB_0.4x0.8_HEADROOM_2;NOT_PLAYER_VERIFIED","d381ea7f0f21f05701140f12f3d305a8dc506a576371888395da9c021b1352d5"
"SV5_INFILL_ROOM_0093829c5033366c54f2","SV5_OPTIONAL_14","SV5_OPTIONAL_14","[[58,331],[58,332],[57,332],[57,333],[56,333],[56,334],[55,334],[54,334],[53,334],[52,334],[51,334],[50,334],[49,334],[48,334],[47,334],[46,334],[45,334],[44,334],[44,335],[43,335]]","[[60,331],[59,331],[58,331]]","[[59,331],[58,331],[58,332],[57,332],[57,333],[56,333],[56,334],[55,334],[54,334],[53,334],[52,334],[51,334],[50,334],[49,334],[48,334],[47,334],[46,334],[45,334],[44,334],[44,335]]","20","[[60,331],[59,331],[58,331],[58,332],[57,332],[57,333],[56,333],[56,334],[55,334],[54,334],[53,334],[52,334],[51,334],[50,334],[49,334],[48,334],[47,334],[46,334],[45,334],[44,334],[44,335],[43,335]]","22","SV5_INFILL_LENGTH_RULE_V2","PASS","59,331>60,331|59,332>60,332","[[58,330],[57,331],[56,332],[55,333],[54,333],[53,333],[52,333],[51,333],[50,333],[49,333],[48,333],[47,333],[46,333],[45,333],[44,333],[43,334],[42,334],[41,334],[40,334],[39,334],[38,334],[37,334],[36,334],[35,334],[34,334],[33,334],[32,334],[31,334],[30,334],[29,334],[28,334],[27,334]]","[[58,331],[57,332],[56,333],[55,334],[54,334],[53,334],[52,334],[51,334],[50,334],[49,334],[48,334],[47,334],[46,334],[45,334],[44,334],[43,335],[42,335],[41,335],[40,335],[39,335],[38,335],[37,335],[36,335],[35,335],[34,335],[33,335],[32,335],[31,335],[30,335],[29,335],[28,335],[27,335]]","[[27,335],[28,335],[29,335],[30,335],[31,335],[32,335],[33,335],[34,335],[35,335],[36,335],[37,335],[38,335],[39,335],[40,335],[41,335],[42,335],[43,335],[44,334],[45,334],[46,334],[47,334],[48,334],[49,334],[50,334],[51,334],[52,334],[53,334],[54,334],[55,334],[56,333],[57,332],[58,331]]","True","STATIC_SCREEN_SUPPORTED_PLUS_ONE_AABB_0.4x0.8_HEADROOM_2;NOT_PLAYER_VERIFIED","d381ea7f0f21f05701140f12f3d305a8dc506a576371888395da9c021b1352d5"
"SV5_INFILL_ROOM_0096ec3a665cb4efc92b","SV5_OPTIONAL_10","SV5_OPTIONAL_10","[[156,195],[157,195],[157,194],[158,194],[158,193],[159,193],[159,192],[160,192],[160,191],[161,191],[162,191],[162,190],[163,190],[164,190],[165,190],[166,190],[167,190],[168,190],[169,190],[170,190],[171,190],[171,191],[172,191]]","[[156,196],[156,195]]","[[156,196],[156,195],[157,195],[157,194],[158,194],[158,193],[159,193],[159,192],[160,192],[160,191],[161,191],[162,191],[162,190],[163,190],[164,190],[165,190],[166,190],[167,190],[168,190],[169,190],[170,190],[171,190],[171,191]]","23","[[156,196],[156,195],[157,195],[157,194],[158,194],[158,193],[159,193],[159,192],[160,192],[160,191],[161,191],[162,191],[162,190],[163,190],[164,190],[165,190],[166,190],[167,190],[168,190],[169,190],[170,190],[171,190],[171,191],[172,191]]","24","SV5_INFILL_LENGTH_RULE_V2","PASS","156,195>156,196|155,196>156,196|156,196>157,196|157,195>157,196","[[156,194],[157,193],[158,192],[159,191],[160,190],[161,190],[162,189],[163,189],[164,189],[165,189],[166,189],[167,189],[168,189],[169,189],[170,189],[171,189],[172,190],[173,190],[174,190],[175,190],[176,190],[177,190],[178,190],[179,190],[180,190],[181,190],[182,190],[183,190],[184,190]]","[[156,195],[157,194],[158,193],[159,192],[160,191],[161,191],[162,190],[163,190],[164,190],[165,190],[166,190],[167,190],[168,190],[169,190],[170,190],[171,190],[172,191],[173,191],[174,191],[175,191],[176,191],[177,191],[178,191],[179,191],[180,191],[181,191],[182,191],[183,191],[184,191]]","[[184,191],[183,191],[182,191],[181,191],[180,191],[179,191],[178,191],[177,191],[176,191],[175,191],[174,191],[173,191],[172,191],[171,190],[170,190],[169,190],[168,190],[167,190],[166,190],[165,190],[164,190],[163,190],[162,190],[161,191],[160,191],[159,192],[158,193],[157,194],[156,195]]","True","STATIC_SCREEN_SUPPORTED_PLUS_ONE_AABB_0.4x0.8_HEADROOM_2;NOT_PLAYER_VERIFIED","d381ea7f0f21f05701140f12f3d305a8dc506a576371888395da9c021b1352d5"
"SV5_INFILL_ROOM_0097a6b558d6e61e58f5","SV5_OPTIONAL_RETURN_TO_START","SV5_OPTIONAL_RETURN_TO_START","[[380,315],[380,316],[379,316],[379,317],[378,317],[378,318],[377,318],[377,319],[376,319],[376,320],[375,320],[375,321],[374,321],[374,322],[373,322],[372,322],[372,323],[371,323]]","[[382,315],[381,315],[380,315]]","[[381,315],[380,315],[380,316],[379,316],[379,317],[378,317],[378,318],[377,318],[377,319],[376,319],[376,320],[375,320],[375,321],[374,321],[374,322],[373,322],[372,322],[372,323]]","18","[[382,315],[381,315],[380,315],[380,316],[379,316],[379,317],[378,317],[378,318],[377,318],[377,319],[376,319],[376,320],[375,320],[375,321],[374,321],[374,322],[373,322],[372,322],[372,323],[371,323]]","20","SV5_INFILL_LENGTH_RULE_V2","PASS","381,315>382,315|381,316>382,316","[[380,314],[379,315],[378,316],[377,317],[376,318],[375,319],[374,320],[373,321],[372,321],[371,322],[370,322],[369,322],[368,322],[367,322],[366,322],[365,322],[364,322],[363,322],[362,322],[361,322],[360,322],[359,322]]","[[380,315],[379,316],[378,317],[377,318],[376,319],[375,320],[374,321],[373,322],[372,322],[371,323],[370,323],[369,323],[368,323],[367,323],[366,323],[365,323],[364,323],[363,323],[362,323],[361,323],[360,323],[359,323]]","[[359,323],[360,323],[361,323],[362,323],[363,323],[364,323],[365,323],[366,323],[367,323],[368,323],[369,323],[370,323],[371,323],[372,322],[373,322],[374,321],[375,320],[376,319],[377,318],[378,317],[379,316],[380,315]]","True","STATIC_SCREEN_SUPPORTED_PLUS_ONE_AABB_0.4x0.8_HEADROOM_2;NOT_PLAYER_VERIFIED","d381ea7f0f21f05701140f12f3d305a8dc506a576371888395da9c021b1352d5"
"SV5_INFILL_ROOM_009ef3f64388d61dce55","SV5_INFILL_ROOM_0233efc146f9a48950d8","SV5_OPTIONAL_01","[[463,383],[463,384],[464,384],[464,385],[465,385],[465,386],[466,386],[467,386],[467,387],[468,387]]","[]","[[464,384],[464,385],[465,385],[465,386],[466,386],[467,386],[467,387]]","7","[[463,383],[463,384],[464,384],[464,385],[465,385],[465,386],[466,386],[467,386],[467,387],[468,387]]","10","SV5_INFILL_LENGTH_RULE_V2","PASS","463,384>464,384","[[448,382],[449,382],[450,382],[451,382],[452,382],[453,382],[454,382],[455,382],[456,382],[457,382],[458,382],[459,382],[460,382],[461,382],[462,382],[463,382],[464,383],[465,384],[466,385],[467,385],[468,386],[469,386],[470,386],[471,386],[472,386],[473,387],[474,387],[475,388],[476,388],[477,388],[478,388],[479,388],[480,388]]","[[448,383],[449,383],[450,383],[451,383],[452,383],[453,383],[454,383],[455,383],[456,383],[457,383],[458,383],[459,383],[460,383],[461,383],[462,383],[463,383],[464,384],[465,385],[466,386],[467,386],[468,387],[469,387],[470,387],[471,387],[472,387],[473,388],[474,388],[475,389],[476,389],[477,389],[478,389],[479,389],[480,389]]","[[480,389],[479,389],[478,389],[477,389],[476,389],[475,389],[474,388],[473,388],[472,387],[471,387],[470,387],[469,387],[468,387],[467,386],[466,386],[465,385],[464,384],[463,383],[462,383],[461,383],[460,383],[459,383],[458,383],[457,383],[456,383],[455,383],[454,383],[453,383],[452,383],[451,383],[450,383],[449,383],[448,383]]","True","STATIC_SCREEN_SUPPORTED_PLUS_ONE_AABB_0.4x0.8_HEADROOM_2;NOT_PLAYER_VERIFIED","d381ea7f0f21f05701140f12f3d305a8dc506a576371888395da9c021b1352d5"
"SV5_INFILL_ROOM_00b4a4fe56b192880b8c","SV5_OPTIONAL_04","SV5_OPTIONAL_04","[[558,43],[558,44],[559,44],[559,45],[560,45],[560,46],[561,46],[561,47],[562,47],[562,48],[563,48],[563,49],[564,49],[564,50],[565,50],[566,50],[567,50],[567,51],[568,51]]","[[556,43],[557,43],[558,43]]","[[557,43],[558,43],[558,44],[559,44],[559,45],[560,45],[560,46],[561,46],[561,47],[562,47],[562,48],[563,48],[563,49],[564,49],[564,50],[565,50],[566,50],[567,50],[567,51]]","19","[[556,43],[557,43],[558,43],[558,44],[559,44],[559,45],[560,45],[560,46],[561,46],[561,47],[562,47],[562,48],[563,48],[563,49],[564,49],[564,50],[565,50],[566,50],[567,50],[567,51],[568,51]]","21","SV5_INFILL_LENGTH_RULE_V2","PASS","556,43>557,43|556,44>557,44","[[558,42],[559,43],[560,44],[561,45],[562,46],[563,47],[564,48],[565,49],[566,49],[567,49],[568,50],[569,50],[570,50],[571,50],[572,50],[573,51],[574,51],[575,52],[576,52],[577,52],[578,52],[579,52],[580,52]]","[[558,43],[559,44],[560,45],[561,46],[562,47],[563,48],[564,49],[565,50],[566,50],[567,50],[568,51],[569,51],[570,51],[571,51],[572,51],[573,52],[574,52],[575,53],[576,53],[577,53],[578,53],[579,53],[580,53]]","[[580,53],[579,53],[578,53],[577,53],[576,53],[575,53],[574,52],[573,52],[572,51],[571,51],[570,51],[569,51],[568,51],[567,50],[566,50],[565,50],[564,49],[563,48],[562,47],[561,46],[560,45],[559,44],[558,43]]","True","STATIC_SCREEN_SUPPORTED_PLUS_ONE_AABB_0.4x0.8_HEADROOM_2;NOT_PLAYER_VERIFIED","d381ea7f0f21f05701140f12f3d305a8dc506a576371888395da9c021b1352d5"
"SV5_INFILL_ROOM_00c18a953b0a68c4097f","SV5_OPTIONAL_02","SV5_OPTIONAL_02","[[585,286],[586,286],[586,285],[587,285],[587,284],[588,284],[588,283],[589,283],[589,282],[590,282],[590,281],[591,281],[591,280],[592,280],[592,279],[593,279],[593,278],[594,278],[594,277],[595,277],[595,276],[596,276],[596,275]]","[[585,287],[585,286]]","[[585,287],[585,286],[586,286],[586,285],[587,285],[587,284],[588,284],[588,283],[589,283],[589,282],[590,282],[590,281],[591,281],[591,280],[592,280],[592,279],[593,279],[593,278],[594,278],[594,277],[595,277],[595,276]]","22","[[585,287],[585,286],[586,286],[586,285],[587,285],[587,284],[588,284],[588,283],[589,283],[589,282],[590,282],[590,281],[591,281],[591,280],[592,280],[592,279],[593,279],[593,278],[594,278],[594,277],[595,277],[595,276],[596,276],[596,275]]","24","SV5_INFILL_LENGTH_RULE_V2","PASS","585,286>585,287|584,287>585,287|585,287>586,287|586,286>586,287","[[585,285],[586,284],[587,283],[588,282],[589,281],[590,280],[591,279],[592,278],[593,277],[594,276],[595,275],[596,274],[597,274],[598,274],[599,274],[600,274],[601,274],[602,274],[603,274],[604,274],[605,274],[606,274],[607,274],[608,274]]","[[585,286],[586,285],[587,284],[588,283],[589,282],[590,281],[591,280],[592,279],[593,278],[594,277],[595,276],[596,275],[597,275],[598,275],[599,275],[600,275],[601,275],[602,275],[603,275],[604,275],[605,275],[606,275],[607,275],[608,275]]","[[608,275],[607,275],[606,275],[605,275],[604,275],[603,275],[602,275],[601,275],[600,275],[599,275],[598,275],[597,275],[596,275],[595,276],[594,277],[593,278],[592,279],[591,280],[590,281],[589,282],[588,283],[587,284],[586,285],[585,286]]","True","STATIC_SCREEN_SUPPORTED_PLUS_ONE_AABB_0.4x0.8_HEADROOM_2;NOT_PLAYER_VERIFIED","d381ea7f0f21f05701140f12f3d305a8dc506a576371888395da9c021b1352d5"
"SV5_INFILL_ROOM_00cf93b8e5daaa4b04e1","SV5_OPTIONAL_09","SV5_OPTIONAL_09","[[126,103],[125,103],[124,103],[123,103]]","[[128,103],[127,103],[126,103]]","[[127,103],[126,103],[125,103],[124,103]]","4","[[128,103],[127,103],[126,103],[125,103],[124,103],[123,103]]","6","SV5_INFILL_LENGTH_RULE_V2","PASS","127,103>128,103|127,104>128,104","[[126,102],[125,102],[124,102],[123,102],[122,102],[121,102],[120,102],[119,102],[118,102],[117,102],[116,102],[115,102],[114,102],[113,102],[112,102],[111,102],[110,102],[109,102],[108,102],[107,102]]","[[126,103],[125,103],[124,103],[123,103],[122,103],[121,103],[120,103],[119,103],[118,103],[117,103],[116,103],[115,103],[114,103],[113,103],[112,103],[111,103],[110,103],[109,103],[108,103],[107,103]]","[[107,103],[108,103],[109,103],[110,103],[111,103],[112,103],[113,103],[114,103],[115,103],[116,103],[117,103],[118,103],[119,103],[120,103],[121,103],[122,103],[123,103],[124,103],[125,103],[126,103]]","True","STATIC_SCREEN_SUPPORTED_PLUS_ONE_AABB_0.4x0.8_HEADROOM_2;NOT_PLAYER_VERIFIED","d381ea7f0f21f05701140f12f3d305a8dc506a576371888395da9c021b1352d5"
"SV5_INFILL_ROOM_00d2455ea8bdf900b553","SV5_OPTIONAL_12","SV5_OPTIONAL_12","[[246,359],[246,360],[247,360],[247,361],[248,361],[248,362],[249,362],[250,362],[251,362],[251,363],[252,363]]","[[244,359],[245,359],[246,359]]","[[245,359],[246,359],[246,360],[247,360],[247,361],[248,361],[248,362],[249,362],[250,362],[251,362],[251,363]]","11","[[244,359],[245,359],[246,359],[246,360],[247,360],[247,361],[248,361],[248,362],[249,362],[250,362],[251,362],[251,363],[252,363]]","13","SV5_INFILL_LENGTH_RULE_V2","PASS","244,359>245,359|244,360>245,360","[[246,358],[247,359],[248,360],[249,361],[250,361],[251,361],[252,362],[253,362],[254,362],[255,362],[256,362],[257,362],[258,362],[259,362],[260,362],[261,362],[262,362],[263,362],[264,362]]","[[246,359],[247,360],[248,361],[249,362],[250,362],[251,362],[252,363],[253,363],[254,363],[255,363],[256,363],[257,363],[258,363],[259,363],[260,363],[261,363],[262,363],[263,363],[264,363]]","[[264,363],[263,363],[262,363],[261,363],[260,363],[259,363],[258,363],[257,363],[256,363],[255,363],[254,363],[253,363],[252,363],[251,362],[250,362],[249,362],[248,361],[247,360],[246,359]]","True","STATIC_SCREEN_SUPPORTED_PLUS_ONE_AABB_0.4x0.8_HEADROOM_2;NOT_PLAYER_VERIFIED","d381ea7f0f21f05701140f12f3d305a8dc506a576371888395da9c021b1352d5"
"SV5_INFILL_ROOM_00d2b967a3d3b2f6b4b1","SV5_OPTIONAL_06","SV5_OPTIONAL_06","[[218,23],[218,24],[217,24],[217,25],[216,25],[216,26],[215,26],[214,26],[213,26],[212,26],[212,27],[211,27]]","[[220,23],[219,23],[218,23]]","[[219,23],[218,23],[218,24],[217,24],[217,25],[216,25],[216,26],[215,26],[214,26],[213,26],[212,26],[212,27]]","12","[[220,23],[219,23],[218,23],[218,24],[217,24],[217,25],[216,25],[216,26],[215,26],[214,26],[213,26],[212,26],[212,27],[211,27]]","14","SV5_INFILL_LENGTH_RULE_V2","PASS","219,23>220,23|219,24>220,24","[[218,22],[217,23],[216,24],[215,25],[214,25],[213,25],[212,25],[211,26],[210,26],[209,26],[208,26],[207,26],[206,27],[205,27],[204,28],[203,28],[202,28],[201,28],[200,28],[199,28]]","[[218,23],[217,24],[216,25],[215,26],[214,26],[213,26],[212,26],[211,27],[210,27],[209,27],[208,27],[207,27],[206,28],[205,28],[204,29],[203,29],[202,29],[201,29],[200,29],[199,29]]","[[199,29],[200,29],[201,29],[202,29],[203,29],[204,29],[205,28],[206,28],[207,27],[208,27],[209,27],[210,27],[211,27],[212,26],[213,26],[214,26],[215,26],[216,25],[217,24],[218,23]]","True","STATIC_SCREEN_SUPPORTED_PLUS_ONE_AABB_0.4x0.8_HEADROOM_2;NOT_PLAYER_VERIFIED","d381ea7f0f21f05701140f12f3d305a8dc506a576371888395da9c021b1352d5"
"SV5_INFILL_ROOM_00d4966768776d94d554","SV5_INFILL_ROOM_032723ec76224555dc3f","SV5_OPTIONAL_01","[[336,351],[335,351],[334,351],[333,351],[332,351],[331,351],[330,351],[329,351],[328,351],[327,351],[326,351],[325,351],[324,351],[323,351]]","[]","[[335,351],[334,351],[333,351],[332,351],[331,351],[330,351],[329,351],[328,351],[327,351],[326,351],[325,351],[324,351]]","12","[[336,351],[335,351],[334,351],[333,351],[332,351],[331,351],[330,351],[329,351],[328,351],[327,351],[326,351],[325,351],[324,351],[323,351]]","14","SV5_INFILL_LENGTH_RULE_V2","PASS","335,351>336,351|335,352>336,352","[[355,350],[354,350],[353,350],[352,350],[351,350],[350,350],[349,350],[348,350],[347,350],[346,350],[345,350],[344,350],[343,350],[342,350],[341,350],[340,350],[339,350],[338,350],[337,350],[336,350],[335,350],[334,350],[333,350],[332,350],[331,350],[330,350],[329,350],[328,350],[327,350],[326,350],[325,350],[324,350],[323,350],[322,350],[321,350],[320,350],[319,350],[318,350],[317,350],[316,350],[315,350],[314,350],[313,350],[312,350],[311,350],[310,350],[309,350],[308,350],[307,350]]","[[355,351],[354,351],[353,351],[352,351],[351,351],[350,351],[349,351],[348,351],[347,351],[346,351],[345,351],[344,351],[343,351],[342,351],[341,351],[340,351],[339,351],[338,351],[337,351],[336,351],[335,351],[334,351],[333,351],[332,351],[331,351],[330,351],[329,351],[328,351],[327,351],[326,351],[325,351],[324,351],[323,351],[322,351],[321,351],[320,351],[319,351],[318,351],[317,351],[316,351],[315,351],[314,351],[313,351],[312,351],[311,351],[310,351],[309,351],[308,351],[307,351]]","[[307,351],[308,351],[309,351],[310,351],[311,351],[312,351],[313,351],[314,351],[315,351],[316,351],[317,351],[318,351],[319,351],[320,351],[321,351],[322,351],[323,351],[324,351],[325,351],[326,351],[327,351],[328,351],[329,351],[330,351],[331,351],[332,351],[333,351],[334,351],[335,351],[336,351],[337,351],[338,351],[339,351],[340,351],[341,351],[342,351],[343,351],[344,351],[345,351],[346,351],[347,351],[348,351],[349,351],[350,351],[351,351],[352,351],[353,351],[354,351],[355,351]]","True","STATIC_SCREEN_SUPPORTED_PLUS_ONE_AABB_0.4x0.8_HEADROOM_2;NOT_PLAYER_VERIFIED","d381ea7f0f21f05701140f12f3d305a8dc506a576371888395da9c021b1352d5"
"SV5_INFILL_ROOM_00e46d5d0ba666a9579a","SV5_INFILL_ROOM_03f794e9844c481d8faa","SV5_OPTIONAL_06","[[168,31],[167,31],[167,30],[166,30],[166,29],[165,29],[165,28],[164,28],[164,27],[163,27],[162,27],[161,27],[160,27],[159,27]]","[]","[[167,31],[167,30],[166,30],[166,29],[165,29],[165,28],[164,28],[164,27],[163,27],[162,27],[161,27],[160,27]]","12","[[168,31],[167,31],[167,30],[166,30],[166,29],[165,29],[165,28],[164,28],[164,27],[163,27],[162,27],[161,27],[160,27],[159,27]]","14","SV5_INFILL_LENGTH_RULE_V2","PASS","167,31>168,31","[[187,30],[186,30],[185,30],[184,30],[183,30],[182,30],[181,30],[180,30],[179,30],[178,30],[177,30],[176,30],[175,30],[174,30],[173,30],[172,30],[171,30],[170,30],[169,30],[168,30],[167,29],[166,28],[165,27],[164,26],[163,26],[162,26],[161,26],[160,26],[159,26],[158,26],[157,26],[156,26],[155,26],[154,26],[153,26],[152,26],[151,26],[150,26],[149,26],[148,26],[147,26]]","[[187,31],[186,31],[185,31],[184,31],[183,31],[182,31],[181,31],[180,31],[179,31],[178,31],[177,31],[176,31],[175,31],[174,31],[173,31],[172,31],[171,31],[170,31],[169,31],[168,31],[167,30],[166,29],[165,28],[164,27],[163,27],[162,27],[161,27],[160,27],[159,27],[158,27],[157,27],[156,27],[155,27],[154,27],[153,27],[152,27],[151,27],[150,27],[149,27],[148,27],[147,27]]","[[147,27],[148,27],[149,27],[150,27],[151,27],[152,27],[153,27],[154,27],[155,27],[156,27],[157,27],[158,27],[159,27],[160,27],[161,27],[162,27],[163,27],[164,27],[165,28],[166,29],[167,30],[168,31],[169,31],[170,31],[171,31],[172,31],[173,31],[174,31],[175,31],[176,31],[177,31],[178,31],[179,31],[180,31],[181,31],[182,31],[183,31],[184,31],[185,31],[186,31],[187,31]]","True","STATIC_SCREEN_SUPPORTED_PLUS_ONE_AABB_0.4x0.8_HEADROOM_2;NOT_PLAYER_VERIFIED","d381ea7f0f21f05701140f12f3d305a8dc506a576371888395da9c021b1352d5"
"SV5_INFILL_ROOM_00e5c1799c48f53348c3","SV5_OPTIONAL_04","SV5_OPTIONAL_04","[[554,91],[553,91],[552,91],[551,91]]","[[556,91],[555,91],[554,91]]","[[555,91],[554,91],[553,91],[552,91]]","4","[[556,91],[555,91],[554,91],[553,91],[552,91],[551,91]]","6","SV5_INFILL_LENGTH_RULE_V2","PASS","555,91>556,91|555,92>556,92","[[554,90],[553,90],[552,90],[551,90],[550,90],[549,90],[548,90],[547,90],[546,90],[545,90],[544,90],[543,90],[542,90],[541,90],[540,90],[539,90]]","[[554,91],[553,91],[552,91],[551,91],[550,91],[549,91],[548,91],[547,91],[546,91],[545,91],[544,91],[543,91],[542,91],[541,91],[540,91],[539,91]]","[[539,91],[540,91],[541,91],[542,91],[543,91],[544,91],[545,91],[546,91],[547,91],[548,91],[549,91],[550,91],[551,91],[552,91],[553,91],[554,91]]","True","STATIC_SCREEN_SUPPORTED_PLUS_ONE_AABB_0.4x0.8_HEADROOM_2;NOT_PLAYER_VERIFIED","d381ea7f0f21f05701140f12f3d305a8dc506a576371888395da9c021b1352d5"
"SV5_INFILL_ROOM_00fe6dfb4eef486a889c","SV5_OPTIONAL_04","SV5_OPTIONAL_04","[[558,87],[558,88],[559,88],[559,89],[560,89],[560,90],[561,90],[562,90],[563,90],[564,90],[565,90],[566,90],[567,90],[568,90],[569,90],[570,90],[571,90],[571,91],[572,91]]","[[556,87],[557,87],[558,87]]","[[557,87],[558,87],[558,88],[559,88],[559,89],[560,89],[560,90],[561,90],[562,90],[563,90],[564,90],[565,90],[566,90],[567,90],[568,90],[569,90],[570,90],[571,90],[571,91]]","19","[[556,87],[557,87],[558,87],[558,88],[559,88],[559,89],[560,89],[560,90],[561,90],[562,90],[563,90],[564,90],[565,90],[566,90],[567,90],[568,90],[569,90],[570,90],[571,90],[571,91],[572,91]]","21","SV5_INFILL_LENGTH_RULE_V2","PASS","556,87>557,87|556,88>557,88","[[558,86],[559,87],[560,88],[561,89],[562,89],[563,89],[564,89],[565,89],[566,89],[567,89],[568,89],[569,89],[570,89],[571,89],[572,90],[573,90],[574,90],[575,90],[576,90],[577,91],[578,91],[579,92],[580,92],[581,92],[582,92],[583,92],[584,92]]","[[558,87],[559,88],[560,89],[561,90],[562,90],[563,90],[564,90],[565,90],[566,90],[567,90],[568,90],[569,90],[570,90],[571,90],[572,91],[573,91],[574,91],[575,91],[576,91],[577,92],[578,92],[579,93],[580,93],[581,93],[582,93],[583,93],[584,93]]","[[584,93],[583,93],[582,93],[581,93],[580,93],[579,93],[578,92],[577,92],[576,91],[575,91],[574,91],[573,91],[572,91],[571,90],[570,90],[569,90],[568,90],[567,90],[566,90],[565,90],[564,90],[563,90],[562,90],[561,90],[560,89],[559,88],[558,87]]","True","STATIC_SCREEN_SUPPORTED_PLUS_ONE_AABB_0.4x0.8_HEADROOM_2;NOT_PLAYER_VERIFIED","d381ea7f0f21f05701140f12f3d305a8dc506a576371888395da9c021b1352d5"
"SV5_INFILL_ROOM_010b8263d27bde49eb3b","SV5_INFILL_ROOM_008784ed882cfab2d029","SV5_OPTIONAL_01","[[340,369],[340,370],[339,370],[338,370],[337,370],[336,370],[336,371],[335,371]]","[]","[[339,370],[338,370],[337,370],[336,370],[336,371]]","5","[[340,369],[340,370],[339,370],[338,370],[337,370],[336,370],[336,371],[335,371]]","8","SV5_INFILL_LENGTH_RULE_V2","PASS","339,370>340,370","[[355,366],[354,366],[353,366],[352,366],[351,366],[350,367],[349,367],[348,368],[347,368],[346,368],[345,368],[344,368],[343,368],[342,368],[341,368],[340,368],[339,369],[338,369],[337,369],[336,369],[335,370],[334,370],[333,370],[332,370],[331,370],[330,370],[329,370],[328,370],[327,370],[326,370],[325,370],[324,370],[323,370],[322,370],[321,370],[320,370],[319,370]]","[[355,367],[354,367],[353,367],[352,367],[351,367],[350,368],[349,368],[348,369],[347,369],[346,369],[345,369],[344,369],[343,369],[342,369],[341,369],[340,369],[339,370],[338,370],[337,370],[336,370],[335,371],[334,371],[333,371],[332,371],[331,371],[330,371],[329,371],[328,371],[327,371],[326,371],[325,371],[324,371],[323,371],[322,371],[321,371],[320,371],[319,371]]","[[319,371],[320,371],[321,371],[322,371],[323,371],[324,371],[325,371],[326,371],[327,371],[328,371],[329,371],[330,371],[331,371],[332,371],[333,371],[334,371],[335,371],[336,370],[337,370],[338,370],[339,370],[340,369],[341,369],[342,369],[343,369],[344,369],[345,369],[346,369],[347,369],[348,369],[349,368],[350,368],[351,367],[352,367],[353,367],[354,367],[355,367]]","True","STATIC_SCREEN_SUPPORTED_PLUS_ONE_AABB_0.4x0.8_HEADROOM_2;NOT_PLAYER_VERIFIED","d381ea7f0f21f05701140f12f3d305a8dc506a576371888395da9c021b1352d5"
"SV5_INFILL_ROOM_011090d282560d8c79a1","SV5_INFILL_ROOM_018ed3e9158d726fe3ab","SV5_OPTIONAL_12","[[180,393],[180,394],[179,394],[178,394],[177,394],[176,394],[175,394],[174,394],[173,394],[172,394],[172,395],[171,395]]","[]","[[179,394],[178,394],[177,394],[176,394],[175,394],[174,394],[173,394],[172,394],[172,395]]","9","[[180,393],[180,394],[179,394],[178,394],[177,394],[176,394],[175,394],[174,394],[173,394],[172,394],[172,395],[171,395]]","12","SV5_INFILL_LENGTH_RULE_V2","PASS","179,394>180,394","[[195,390],[194,390],[193,390],[192,390],[191,390],[190,391],[189,391],[188,392],[187,392],[186,392],[185,392],[184,392],[183,392],[182,392],[181,392],[180,392],[179,393],[178,393],[177,393],[176,393],[175,393],[174,393],[173,393],[172,393],[171,394],[170,394],[169,394],[168,394],[167,394],[166,394],[165,394],[164,394],[163,394],[162,394],[161,394],[160,394],[159,394],[158,394],[157,394],[156,394],[155,394]]","[[195,391],[194,391],[193,391],[192,391],[191,391],[190,392],[189,392],[188,393],[187,393],[186,393],[185,393],[184,393],[183,393],[182,393],[181,393],[180,393],[179,394],[178,394],[177,394],[176,394],[175,394],[174,394],[173,394],[172,394],[171,395],[170,395],[169,395],[168,395],[167,395],[166,395],[165,395],[164,395],[163,395],[162,395],[161,395],[160,395],[159,395],[158,395],[157,395],[156,395],[155,395]]","[[155,395],[156,395],[157,395],[158,395],[159,395],[160,395],[161,395],[162,395],[163,395],[164,395],[165,395],[166,395],[167,395],[168,395],[169,395],[170,395],[171,395],[172,394],[173,394],[174,394],[175,394],[176,394],[177,394],[178,394],[179,394],[180,393],[181,393],[182,393],[183,393],[184,393],[185,393],[186,393],[187,393],[188,393],[189,392],[190,392],[191,391],[192,391],[193,391],[194,391],[195,391]]","True","STATIC_SCREEN_SUPPORTED_PLUS_ONE_AABB_0.4x0.8_HEADROOM_2;NOT_PLAYER_VERIFIED","d381ea7f0f21f05701140f12f3d305a8dc506a576371888395da9c021b1352d5"
"SV5_INFILL_ROOM_0113db4a7212c3db13e5","SV5_INFILL_ROOM_0478d2bded42dc4c9dba","SV5_OPTIONAL_02","[[492,355],[492,356],[491,356],[491,357],[490,357],[490,358],[489,358],[488,358],[488,359],[487,359]]","[]","[[491,356],[491,357],[490,357],[490,358],[489,358],[488,358],[488,359]]","7","[[492,355],[492,356],[491,356],[491,357],[490,357],[490,358],[489,358],[488,358],[488,359],[487,359]]","10","SV5_INFILL_LENGTH_RULE_V2","PASS","491,356>492,356","[[507,354],[506,354],[505,354],[504,354],[503,354],[502,354],[501,354],[500,354],[499,354],[498,354],[497,354],[496,354],[495,354],[494,354],[493,354],[492,354],[491,355],[490,356],[489,357],[488,357],[487,358],[486,358],[485,358],[484,358],[483,358],[482,358],[481,358],[480,358],[479,358],[478,358],[477,358],[476,358],[475,358],[474,358],[473,358],[472,358],[471,358]]","[[507,355],[506,355],[505,355],[504,355],[503,355],[502,355],[501,355],[500,355],[499,355],[498,355],[497,355],[496,355],[495,355],[494,355],[493,355],[492,355],[491,356],[490,357],[489,358],[488,358],[487,359],[486,359],[485,359],[484,359],[483,359],[482,359],[481,359],[480,359],[479,359],[478,359],[477,359],[476,359],[475,359],[474,359],[473,359],[472,359],[471,359]]","[[471,359],[472,359],[473,359],[474,359],[475,359],[476,359],[477,359],[478,359],[479,359],[480,359],[481,359],[482,359],[483,359],[484,359],[485,359],[486,359],[487,359],[488,358],[489,358],[490,357],[491,356],[492,355],[493,355],[494,355],[495,355],[496,355],[497,355],[498,355],[499,355],[500,355],[501,355],[502,355],[503,355],[504,355],[505,355],[506,355],[507,355]]","True","STATIC_SCREEN_SUPPORTED_PLUS_ONE_AABB_0.4x0.8_HEADROOM_2;NOT_PLAYER_VERIFIED","d381ea7f0f21f05701140f12f3d305a8dc506a576371888395da9c021b1352d5"
"SV5_INFILL_ROOM_012515d71cbb8a4aa159","SV5_INFILL_ROOM_04b3ee2d2f798b163c8e","SV5_OPTIONAL_04","[[524,23],[524,24],[523,24],[523,25],[522,25],[522,26],[521,26],[520,26],[519,26],[518,26],[517,26],[516,26],[515,26],[514,26],[513,26],[512,26],[511,26],[510,26],[509,26],[508,26],[508,27],[507,27]]","[]","[[523,24],[523,25],[522,25],[522,26],[521,26],[520,26],[519,26],[518,26],[517,26],[516,26],[515,26],[514,26],[513,26],[512,26],[511,26],[510,26],[509,26],[508,26],[508,27]]","19","[[524,23],[524,24],[523,24],[523,25],[522,25],[522,26],[521,26],[520,26],[519,26],[518,26],[517,26],[516,26],[515,26],[514,26],[513,26],[512,26],[511,26],[510,26],[509,26],[508,26],[508,27],[507,27]]","22","SV5_INFILL_LENGTH_RULE_V2","PASS","523,24>524,24","[[539,22],[538,22],[537,22],[536,22],[535,22],[534,22],[533,22],[532,22],[531,22],[530,22],[529,22],[528,22],[527,22],[526,22],[525,22],[524,22],[523,23],[522,24],[521,25],[520,25],[519,25],[518,25],[517,25],[516,25],[515,25],[514,25],[513,25],[512,25],[511,25],[510,25],[509,25],[508,25],[507,26],[506,26],[505,26],[504,26],[503,26],[502,26],[501,26],[500,26],[499,26],[498,26],[497,26],[496,26],[495,26]]","[[539,23],[538,23],[537,23],[536,23],[535,23],[534,23],[533,23],[532,23],[531,23],[530,23],[529,23],[528,23],[527,23],[526,23],[525,23],[524,23],[523,24],[522,25],[521,26],[520,26],[519,26],[518,26],[517,26],[516,26],[515,26],[514,26],[513,26],[512,26],[511,26],[510,26],[509,26],[508,26],[507,27],[506,27],[505,27],[504,27],[503,27],[502,27],[501,27],[500,27],[499,27],[498,27],[497,27],[496,27],[495,27]]","[[495,27],[496,27],[497,27],[498,27],[499,27],[500,27],[501,27],[502,27],[503,27],[504,27],[505,27],[506,27],[507,27],[508,26],[509,26],[510,26],[511,26],[512,26],[513,26],[514,26],[515,26],[516,26],[517,26],[518,26],[519,26],[520,26],[521,26],[522,25],[523,24],[524,23],[525,23],[526,23],[527,23],[528,23],[529,23],[530,23],[531,23],[532,23],[533,23],[534,23],[535,23],[536,23],[537,23],[538,23],[539,23]]","True","STATIC_SCREEN_SUPPORTED_PLUS_ONE_AABB_0.4x0.8_HEADROOM_2;NOT_PLAYER_VERIFIED","d381ea7f0f21f05701140f12f3d305a8dc506a576371888395da9c021b1352d5"
"SV5_INFILL_ROOM_0126187edf0338c47579","SV5_OPTIONAL_TO_VILLAGE","SV5_OPTIONAL_TO_VILLAGE","[[281,262],[282,262],[282,261],[283,261],[283,260],[284,260],[284,259],[285,259],[285,258],[286,258],[286,257],[287,257],[287,256],[288,256],[288,255],[289,255],[289,254],[290,254],[290,253],[291,253],[291,252],[292,252],[292,251]]","[[281,263],[281,262]]","[[281,263],[281,262],[282,262],[282,261],[283,261],[283,260],[284,260],[284,259],[285,259],[285,258],[286,258],[286,257],[287,257],[287,256],[288,256],[288,255],[289,255],[289,254],[290,254],[290,253],[291,253],[291,252]]","22","[[281,263],[281,262],[282,262],[282,261],[283,261],[283,260],[284,260],[284,259],[285,259],[285,258],[286,258],[286,257],[287,257],[287,256],[288,256],[288,255],[289,255],[289,254],[290,254],[290,253],[291,253],[291,252],[292,252],[292,251]]","24","SV5_INFILL_LENGTH_RULE_V2","PASS","281,262>281,263|280,263>281,263|281,263>282,263|282,262>282,263","[[281,261],[282,260],[283,259],[284,258],[285,257],[286,256],[287,255],[288,254],[289,253],[290,252],[291,251],[292,250],[293,250],[294,250],[295,250],[296,250],[297,250],[298,250],[299,250],[300,250],[301,250],[302,250],[303,250],[304,250],[305,250],[306,250],[307,250],[308,250]]","[[281,262],[282,261],[283,260],[284,259],[285,258],[286,257],[287,256],[288,255],[289,254],[290,253],[291,252],[292,251],[293,251],[294,251],[295,251],[296,251],[297,251],[298,251],[299,251],[300,251],[301,251],[302,251],[303,251],[304,251],[305,251],[306,251],[307,251],[308,251]]","[[308,251],[307,251],[306,251],[305,251],[304,251],[303,251],[302,251],[301,251],[300,251],[299,251],[298,251],[297,251],[296,251],[295,251],[294,251],[293,251],[292,251],[291,252],[290,253],[289,254],[288,255],[287,256],[286,257],[285,258],[284,259],[283,260],[282,261],[281,262]]","True","STATIC_SCREEN_SUPPORTED_PLUS_ONE_AABB_0.4x0.8_HEADROOM_2;NOT_PLAYER_VERIFIED","d381ea7f0f21f05701140f12f3d305a8dc506a576371888395da9c021b1352d5"
"SV5_INFILL_ROOM_01436909100db22b451e","SV5_OPTIONAL_10","SV5_OPTIONAL_10","[[166,235],[166,236],[165,236],[165,237],[164,237],[164,238],[163,238],[162,238],[161,238],[160,238],[160,239],[159,239]]","[[168,235],[167,235],[166,235]]","[[167,235],[166,235],[166,236],[165,236],[165,237],[164,237],[164,238],[163,238],[162,238],[161,238],[160,238],[160,239]]","12","[[168,235],[167,235],[166,235],[166,236],[165,236],[165,237],[164,237],[164,238],[163,238],[162,238],[161,238],[160,238],[160,239],[159,239]]","14","SV5_INFILL_LENGTH_RULE_V2","PASS","167,235>168,235|167,236>168,236","[[166,234],[165,235],[164,236],[163,237],[162,237],[161,237],[160,237],[159,238],[158,238],[157,238],[156,238],[155,238],[154,238],[153,238],[152,238],[151,238],[150,238],[149,238],[148,238],[147,238]]","[[166,235],[165,236],[164,237],[163,238],[162,238],[161,238],[160,238],[159,239],[158,239],[157,239],[156,239],[155,239],[154,239],[153,239],[152,239],[151,239],[150,239],[149,239],[148,239],[147,239]]","[[147,239],[148,239],[149,239],[150,239],[151,239],[152,239],[153,239],[154,239],[155,239],[156,239],[157,239],[158,239],[159,239],[160,238],[161,238],[162,238],[163,238],[164,237],[165,236],[166,235]]","True","STATIC_SCREEN_SUPPORTED_PLUS_ONE_AABB_0.4x0.8_HEADROOM_2;NOT_PLAYER_VERIFIED","d381ea7f0f21f05701140f12f3d305a8dc506a576371888395da9c021b1352d5"
"SV5_INFILL_ROOM_014900279cc1ebc8f1c2","SV5_OPTIONAL_02","SV5_OPTIONAL_02","[[601,311],[600,311],[599,311]]","[[603,311],[602,311],[601,311]]","[[602,311],[601,311],[600,311]]","3","[[603,311],[602,311],[601,311],[600,311],[599,311]]","5","SV5_INFILL_LENGTH_RULE_V2","PASS","602,311>603,311|602,312>603,312","[[601,310],[600,310],[599,310],[598,310],[597,310],[596,310],[595,310],[594,310],[593,310],[592,310],[591,310],[590,310],[589,310],[588,310],[587,310]]","[[601,311],[600,311],[599,311],[598,311],[597,311],[596,311],[595,311],[594,311],[593,311],[592,311],[591,311],[590,311],[589,311],[588,311],[587,311]]","[[587,311],[588,311],[589,311],[590,311],[591,311],[592,311],[593,311],[594,311],[595,311],[596,311],[597,311],[598,311],[599,311],[600,311],[601,311]]","True","STATIC_SCREEN_SUPPORTED_PLUS_ONE_AABB_0.4x0.8_HEADROOM_2;NOT_PLAYER_VERIFIED","d381ea7f0f21f05701140f12f3d305a8dc506a576371888395da9c021b1352d5"
"SV5_INFILL_ROOM_01492d75910c4c5fcc30","SV5_OPTIONAL_12","SV5_OPTIONAL_12","[[242,391],[242,392],[241,392],[241,393],[240,393],[240,394],[239,394],[238,394],[237,394],[236,394],[235,394],[234,394],[233,394],[232,394],[231,394],[230,394],[229,394],[228,394],[228,395],[227,395]]","[[244,391],[243,391],[242,391]]","[[243,391],[242,391],[242,392],[241,392],[241,393],[240,393],[240,394],[239,394],[238,394],[237,394],[236,394],[235,394],[234,394],[233,394],[232,394],[231,394],[230,394],[229,394],[228,394],[228,395]]","20","[[244,391],[243,391],[242,391],[242,392],[241,392],[241,393],[240,393],[240,394],[239,394],[238,394],[237,394],[236,394],[235,394],[234,394],[233,394],[232,394],[231,394],[230,394],[229,394],[228,394],[228,395],[227,395]]","22","SV5_INFILL_LENGTH_RULE_V2","PASS","243,391>244,391|243,392>244,392","[[242,390],[241,391],[240,392],[239,393],[238,393],[237,393],[236,393],[235,393],[234,393],[233,393],[232,393],[231,393],[230,393],[229,393],[228,393],[227,394],[226,394],[225,394],[224,394],[223,394],[222,394],[221,394],[220,394],[219,394],[218,394],[217,394],[216,394],[215,394]]","[[242,391],[241,392],[240,393],[239,394],[238,394],[237,394],[236,394],[235,394],[234,394],[233,394],[232,394],[231,394],[230,394],[229,394],[228,394],[227,395],[226,395],[225,395],[224,395],[223,395],[222,395],[221,395],[220,395],[219,395],[218,395],[217,395],[216,395],[215,395]]","[[215,395],[216,395],[217,395],[218,395],[219,395],[220,395],[221,395],[222,395],[223,395],[224,395],[225,395],[226,395],[227,395],[228,394],[229,394],[230,394],[231,394],[232,394],[233,394],[234,394],[235,394],[236,394],[237,394],[238,394],[239,394],[240,393],[241,392],[242,391]]","True","STATIC_SCREEN_SUPPORTED_PLUS_ONE_AABB_0.4x0.8_HEADROOM_2;NOT_PLAYER_VERIFIED","d381ea7f0f21f05701140f12f3d305a8dc506a576371888395da9c021b1352d5"
"SV5_INFILL_ROOM_014ea698f88348a9d9a6","SV5_OPTIONAL_03","SV5_OPTIONAL_03","[[582,247],[583,247],[584,247]]","[[580,247],[581,247],[582,247]]","[[581,247],[582,247],[583,247]]","3","[[580,247],[581,247],[582,247],[583,247],[584,247]]","5","SV5_INFILL_LENGTH_RULE_V2","PASS","580,247>581,247|580,248>581,248","[[582,246],[583,246],[584,246],[585,246],[586,246],[587,246],[588,246],[589,246],[590,246],[591,246],[592,246],[593,246],[594,246],[595,246],[596,246]]","[[582,247],[583,247],[584,247],[585,247],[586,247],[587,247],[588,247],[589,247],[590,247],[591,247],[592,247],[593,247],[594,247],[595,247],[596,247]]","[[596,247],[595,247],[594,247],[593,247],[592,247],[591,247],[590,247],[589,247],[588,247],[587,247],[586,247],[585,247],[584,247],[583,247],[582,247]]","True","STATIC_SCREEN_SUPPORTED_PLUS_ONE_AABB_0.4x0.8_HEADROOM_2;NOT_PLAYER_VERIFIED","d381ea7f0f21f05701140f12f3d305a8dc506a576371888395da9c021b1352d5"
"SV5_INFILL_ROOM_014ff8b35cb7a06ee610","SV5_OPTIONAL_09","SV5_OPTIONAL_09","[[126,187],[126,188],[125,188],[125,189],[124,189],[124,190],[123,190],[122,190],[121,190],[120,190],[119,190],[118,190],[117,190],[116,190],[115,190],[114,190],[113,190],[112,190],[112,191],[111,191]]","[[128,187],[127,187],[126,187]]","[[127,187],[126,187],[126,188],[125,188],[125,189],[124,189],[124,190],[123,190],[122,190],[121,190],[120,190],[119,190],[118,190],[117,190],[116,190],[115,190],[114,190],[113,190],[112,190],[112,191]]","20","[[128,187],[127,187],[126,187],[126,188],[125,188],[125,189],[124,189],[124,190],[123,190],[122,190],[121,190],[120,190],[119,190],[118,190],[117,190],[116,190],[115,190],[114,190],[113,190],[112,190],[112,191],[111,191]]","22","SV5_INFILL_LENGTH_RULE_V2","PASS","127,187>128,187|127,188>128,188","[[126,186],[125,187],[124,188],[123,189],[122,189],[121,189],[120,189],[119,189],[118,189],[117,189],[116,189],[115,189],[114,189],[113,189],[112,189],[111,190],[110,190],[109,190],[108,190],[107,190],[106,191],[105,191],[104,192],[103,192],[102,192],[101,192],[100,192],[99,192]]","[[126,187],[125,188],[124,189],[123,190],[122,190],[121,190],[120,190],[119,190],[118,190],[117,190],[116,190],[115,190],[114,190],[113,190],[112,190],[111,191],[110,191],[109,191],[108,191],[107,191],[106,192],[105,192],[104,193],[103,193],[102,193],[101,193],[100,193],[99,193]]","[[99,193],[100,193],[101,193],[102,193],[103,193],[104,193],[105,192],[106,192],[107,191],[108,191],[109,191],[110,191],[111,191],[112,190],[113,190],[114,190],[115,190],[116,190],[117,190],[118,190],[119,190],[120,190],[121,190],[122,190],[123,190],[124,189],[125,188],[126,187]]","True","STATIC_SCREEN_SUPPORTED_PLUS_ONE_AABB_0.4x0.8_HEADROOM_2;NOT_PLAYER_VERIFIED","d381ea7f0f21f05701140f12f3d305a8dc506a576371888395da9c021b1352d5"
"SV5_INFILL_ROOM_015c9cef18a476102e65","SV5_INFILL_ROOM_0c97bc8d682a1b5e9ce0","SV5_OPTIONAL_10","[[108,213],[108,214],[107,214],[107,215],[106,215],[106,216],[105,216],[105,217],[104,217],[104,218],[103,218],[102,218],[101,218],[100,218],[100,219],[99,219]]","[]","[[107,214],[107,215],[106,215],[106,216],[105,216],[105,217],[104,217],[104,218],[103,218],[102,218],[101,218],[100,218],[100,219]]","13","[[108,213],[108,214],[107,214],[107,215],[106,215],[106,216],[105,216],[105,217],[104,217],[104,218],[103,218],[102,218],[101,218],[100,218],[100,219],[99,219]]","16","SV5_INFILL_LENGTH_RULE_V2","PASS","107,214>108,214","[[123,210],[122,210],[121,210],[120,210],[119,210],[118,211],[117,211],[116,212],[115,212],[114,212],[113,212],[112,212],[111,212],[110,212],[109,212],[108,212],[107,213],[106,214],[105,215],[104,216],[103,217],[102,217],[101,217],[100,217],[99,218],[98,218],[97,218],[96,218],[95,218],[94,218],[93,218],[92,218],[91,218],[90,218],[89,218],[88,218],[87,218]]","[[123,211],[122,211],[121,211],[120,211],[119,211],[118,212],[117,212],[116,213],[115,213],[114,213],[113,213],[112,213],[111,213],[110,213],[109,213],[108,213],[107,214],[106,215],[105,216],[104,217],[103,218],[102,218],[101,218],[100,218],[99,219],[98,219],[97,219],[96,219],[95,219],[94,219],[93,219],[92,219],[91,219],[90,219],[89,219],[88,219],[87,219]]","[[87,219],[88,219],[89,219],[90,219],[91,219],[92,219],[93,219],[94,219],[95,219],[96,219],[97,219],[98,219],[99,219],[100,218],[101,218],[102,218],[103,218],[104,217],[105,216],[106,215],[107,214],[108,213],[109,213],[110,213],[111,213],[112,213],[113,213],[114,213],[115,213],[116,213],[117,212],[118,212],[119,211],[120,211],[121,211],[122,211],[123,211]]","True","STATIC_SCREEN_SUPPORTED_PLUS_ONE_AABB_0.4x0.8_HEADROOM_2;NOT_PLAYER_VERIFIED","d381ea7f0f21f05701140f12f3d305a8dc506a576371888395da9c021b1352d5"
"SV5_INFILL_ROOM_015e047734bb1781d7ff","SV5_INFILL_ROOM_0cf3150abb2be197bdc3","SV5_OPTIONAL_09","[[76,111],[75,111],[75,110],[74,110],[74,109],[73,109],[73,108],[72,108],[72,107],[71,107],[70,107],[69,107],[68,107],[67,107],[66,107],[65,107],[64,107],[63,107]]","[]","[[75,111],[75,110],[74,110],[74,109],[73,109],[73,108],[72,108],[72,107],[71,107],[70,107],[69,107],[68,107],[67,107],[66,107],[65,107],[64,107]]","16","[[76,111],[75,111],[75,110],[74,110],[74,109],[73,109],[73,108],[72,108],[72,107],[71,107],[70,107],[69,107],[68,107],[67,107],[66,107],[65,107],[64,107],[63,107]]","18","SV5_INFILL_LENGTH_RULE_V2","PASS","75,111>76,111","[[95,110],[94,110],[93,110],[92,110],[91,110],[90,110],[89,110],[88,110],[87,110],[86,110],[85,110],[84,110],[83,110],[82,110],[81,110],[80,110],[79,110],[78,110],[77,110],[76,110],[75,109],[74,108],[73,107],[72,106],[71,106],[70,106],[69,106],[68,106],[67,106],[66,106],[65,106],[64,106],[63,106],[62,106],[61,106],[60,106],[59,106],[58,107],[57,107],[56,108],[55,108],[54,108],[53,108],[52,108],[51,108]]","[[95,111],[94,111],[93,111],[92,111],[91,111],[90,111],[89,111],[88,111],[87,111],[86,111],[85,111],[84,111],[83,111],[82,111],[81,111],[80,111],[79,111],[78,111],[77,111],[76,111],[75,110],[74,109],[73,108],[72,107],[71,107],[70,107],[69,107],[68,107],[67,107],[66,107],[65,107],[64,107],[63,107],[62,107],[61,107],[60,107],[59,107],[58,108],[57,108],[56,109],[55,109],[54,109],[53,109],[52,109],[51,109]]","[[51,109],[52,109],[53,109],[54,109],[55,109],[56,109],[57,108],[58,108],[59,107],[60,107],[61,107],[62,107],[63,107],[64,107],[65,107],[66,107],[67,107],[68,107],[69,107],[70,107],[71,107],[72,107],[73,108],[74,109],[75,110],[76,111],[77,111],[78,111],[79,111],[80,111],[81,111],[82,111],[83,111],[84,111],[85,111],[86,111],[87,111],[88,111],[89,111],[90,111],[91,111],[92,111],[93,111],[94,111],[95,111]]","True","STATIC_SCREEN_SUPPORTED_PLUS_ONE_AABB_0.4x0.8_HEADROOM_2;NOT_PLAYER_VERIFIED","d381ea7f0f21f05701140f12f3d305a8dc506a576371888395da9c021b1352d5"
"SV5_INFILL_ROOM_016130f8c175d446c415","SV5_INFILL_ROOM_041cc40ca34ac9669c39","SV5_OPTIONAL_08","[[40,83],[39,83],[39,82],[38,82],[38,81],[37,81],[37,80],[36,80],[36,79],[35,79],[34,79],[33,79],[32,79],[31,79],[30,79],[29,79],[28,79],[27,79],[26,79],[25,79],[24,79],[23,79]]","[]","[[39,83],[39,82],[38,82],[38,81],[37,81],[37,80],[36,80],[36,79],[35,79],[34,79],[33,79],[32,79],[31,79],[30,79],[29,79],[28,79],[27,79],[26,79],[25,79],[24,79]]","20","[[40,83],[39,83],[39,82],[38,82],[38,81],[37,81],[37,80],[36,80],[36,79],[35,79],[34,79],[33,79],[32,79],[31,79],[30,79],[29,79],[28,79],[27,79],[26,79],[25,79],[24,79],[23,79]]","22","SV5_INFILL_LENGTH_RULE_V2","PASS","39,83>40,83","[[55,82],[54,82],[53,82],[52,82],[51,82],[50,82],[49,82],[48,82],[47,82],[46,82],[45,82],[44,82],[43,82],[42,82],[41,82],[40,82],[39,81],[38,80],[37,79],[36,78],[35,78],[34,78],[33,78],[32,78],[31,78],[30,78],[29,78],[28,78],[27,78],[26,78],[25,78],[24,78],[23,78],[22,78],[21,78],[20,78],[19,78],[18,79],[17,79],[16,80],[15,80],[14,80],[13,80],[12,80],[11,80]]","[[55,83],[54,83],[53,83],[52,83],[51,83],[50,83],[49,83],[48,83],[47,83],[46,83],[45,83],[44,83],[43,83],[42,83],[41,83],[40,83],[39,82],[38,81],[37,80],[36,79],[35,79],[34,79],[33,79],[32,79],[31,79],[30,79],[29,79],[28,79],[27,79],[26,79],[25,79],[24,79],[23,79],[22,79],[21,79],[20,79],[19,79],[18,80],[17,80],[16,81],[15,81],[14,81],[13,81],[12,81],[11,81]]","[[11,81],[12,81],[13,81],[14,81],[15,81],[16,81],[17,80],[18,80],[19,79],[20,79],[21,79],[22,79],[23,79],[24,79],[25,79],[26,79],[27,79],[28,79],[29,79],[30,79],[31,79],[32,79],[33,79],[34,79],[35,79],[36,79],[37,80],[38,81],[39,82],[40,83],[41,83],[42,83],[43,83],[44,83],[45,83],[46,83],[47,83],[48,83],[49,83],[50,83],[51,83],[52,83],[53,83],[54,83],[55,83]]","True","STATIC_SCREEN_SUPPORTED_PLUS_ONE_AABB_0.4x0.8_HEADROOM_2;NOT_PLAYER_VERIFIED","d381ea7f0f21f05701140f12f3d305a8dc506a576371888395da9c021b1352d5"
"SV5_INFILL_ROOM_016e566fdda939779b86","SV5_OPTIONAL_03","SV5_OPTIONAL_03","[[601,351],[600,351],[599,351]]","[[603,351],[602,351],[601,351]]","[[602,351],[601,351],[600,351]]","3","[[603,351],[602,351],[601,351],[600,351],[599,351]]","5","SV5_INFILL_LENGTH_RULE_V2","PASS","602,351>603,351|602,352>603,352","[[601,350],[600,350],[599,350],[598,350],[597,350],[596,350],[595,350],[594,350],[593,350],[592,350],[591,350],[590,350],[589,350],[588,350],[587,350]]","[[601,351],[600,351],[599,351],[598,351],[597,351],[596,351],[595,351],[594,351],[593,351],[592,351],[591,351],[590,351],[589,351],[588,351],[587,351]]","[[587,351],[588,351],[589,351],[590,351],[591,351],[592,351],[593,351],[594,351],[595,351],[596,351],[597,351],[598,351],[599,351],[600,351],[601,351]]","True","STATIC_SCREEN_SUPPORTED_PLUS_ONE_AABB_0.4x0.8_HEADROOM_2;NOT_PLAYER_VERIFIED","d381ea7f0f21f05701140f12f3d305a8dc506a576371888395da9c021b1352d5"
"SV5_INFILL_ROOM_0172fae7eed3ae487f8f","SV5_OPTIONAL_09","SV5_OPTIONAL_09","[[130,159],[130,160],[131,160],[131,161],[132,161],[132,162],[133,162],[134,162],[135,162],[136,162],[137,162],[138,162],[139,162],[140,162],[141,162],[142,162],[143,162],[143,163],[144,163]]","[[128,159],[129,159],[130,159]]","[[129,159],[130,159],[130,160],[131,160],[131,161],[132,161],[132,162],[133,162],[134,162],[135,162],[136,162],[137,162],[138,162],[139,162],[140,162],[141,162],[142,162],[143,162],[143,163]]","19","[[128,159],[129,159],[130,159],[130,160],[131,160],[131,161],[132,161],[132,162],[133,162],[134,162],[135,162],[136,162],[137,162],[138,162],[139,162],[140,162],[141,162],[142,162],[143,162],[143,163],[144,163]]","21","SV5_INFILL_LENGTH_RULE_V2","PASS","128,159>129,159|128,160>129,160","[[130,158],[131,159],[132,160],[133,161],[134,161],[135,161],[136,161],[137,161],[138,161],[139,161],[140,161],[141,161],[142,161],[143,161],[144,162],[145,162],[146,162],[147,162],[148,162],[149,162],[150,162],[151,162],[152,162],[153,162],[154,162],[155,162],[156,162],[157,162],[158,162],[159,162],[160,162]]","[[130,159],[131,160],[132,161],[133,162],[134,162],[135,162],[136,162],[137,162],[138,162],[139,162],[140,162],[141,162],[142,162],[143,162],[144,163],[145,163],[146,163],[147,163],[148,163],[149,163],[150,163],[151,163],[152,163],[153,163],[154,163],[155,163],[156,163],[157,163],[158,163],[159,163],[160,163]]","[[160,163],[159,163],[158,163],[157,163],[156,163],[155,163],[154,163],[153,163],[152,163],[151,163],[150,163],[149,163],[148,163],[147,163],[146,163],[145,163],[144,163],[143,162],[142,162],[141,162],[140,162],[139,162],[138,162],[137,162],[136,162],[135,162],[134,162],[133,162],[132,161],[131,160],[130,159]]","True","STATIC_SCREEN_SUPPORTED_PLUS_ONE_AABB_0.4x0.8_HEADROOM_2;NOT_PLAYER_VERIFIED","d381ea7f0f21f05701140f12f3d305a8dc506a576371888395da9c021b1352d5"
"SV5_INFILL_ROOM_017b400cb5829173a757","SV5_INFILL_ROOM_02cd489a4e683021fd8e","SV5_OPTIONAL_14","[[167,307],[167,308],[168,308],[168,309],[169,309],[169,310],[170,310],[170,311],[171,311],[171,312],[172,312],[172,313],[173,313],[173,314],[174,314],[175,314],[175,315],[176,315]]","[]","[[168,308],[168,309],[169,309],[169,310],[170,310],[170,311],[171,311],[171,312],[172,312],[172,313],[173,313],[173,314],[174,314],[175,314],[175,315]]","15","[[167,307],[167,308],[168,308],[168,309],[169,309],[169,310],[170,310],[170,311],[171,311],[171,312],[172,312],[172,313],[173,313],[173,314],[174,314],[175,314],[175,315],[176,315]]","18","SV5_INFILL_LENGTH_RULE_V2","PASS","167,308>168,308","[[148,306],[149,306],[150,306],[151,306],[152,306],[153,306],[154,306],[155,306],[156,306],[157,306],[158,306],[159,306],[160,306],[161,306],[162,306],[163,306],[164,306],[165,306],[166,306],[167,306],[168,307],[169,308],[170,309],[171,310],[172,311],[173,312],[174,313],[175,313],[176,314],[177,314],[178,314],[179,314],[180,314],[181,315],[182,315],[183,316],[184,316],[185,316],[186,316],[187,316],[188,316]]","[[148,307],[149,307],[150,307],[151,307],[152,307],[153,307],[154,307],[155,307],[156,307],[157,307],[158,307],[159,307],[160,307],[161,307],[162,307],[163,307],[164,307],[165,307],[166,307],[167,307],[168,308],[169,309],[170,310],[171,311],[172,312],[173,313],[174,314],[175,314],[176,315],[177,315],[178,315],[179,315],[180,315],[181,316],[182,316],[183,317],[184,317],[185,317],[186,317],[187,317],[188,317]]","[[188,317],[187,317],[186,317],[185,317],[184,317],[183,317],[182,316],[181,316],[180,315],[179,315],[178,315],[177,315],[176,315],[175,314],[174,314],[173,313],[172,312],[171,311],[170,310],[169,309],[168,308],[167,307],[166,307],[165,307],[164,307],[163,307],[162,307],[161,307],[160,307],[159,307],[158,307],[157,307],[156,307],[155,307],[154,307],[153,307],[152,307],[151,307],[150,307],[149,307],[148,307]]","True","STATIC_SCREEN_SUPPORTED_PLUS_ONE_AABB_0.4x0.8_HEADROOM_2;NOT_PLAYER_VERIFIED","d381ea7f0f21f05701140f12f3d305a8dc506a576371888395da9c021b1352d5"
"SV5_INFILL_ROOM_0185002ddaf865f0355b","SV5_INFILL_ROOM_029b432f4140a9c49192","SV5_OPTIONAL_09","[[36,131],[36,132],[35,132],[35,133],[34,133],[34,134],[33,134],[32,134],[31,134],[30,134],[29,134],[28,134],[27,134],[26,134],[25,134],[24,134],[23,134],[22,134],[21,134],[20,134],[20,135],[19,135]]","[]","[[35,132],[35,133],[34,133],[34,134],[33,134],[32,134],[31,134],[30,134],[29,134],[28,134],[27,134],[26,134],[25,134],[24,134],[23,134],[22,134],[21,134],[20,134],[20,135]]","19","[[36,131],[36,132],[35,132],[35,133],[34,133],[34,134],[33,134],[32,134],[31,134],[30,134],[29,134],[28,134],[27,134],[26,134],[25,134],[24,134],[23,134],[22,134],[21,134],[20,134],[20,135],[19,135]]","22","SV5_INFILL_LENGTH_RULE_V2","PASS","35,132>36,132","[[51,130],[50,130],[49,130],[48,130],[47,130],[46,130],[45,130],[44,130],[43,130],[42,130],[41,130],[40,130],[39,130],[38,130],[37,130],[36,130],[35,131],[34,132],[33,133],[32,133],[31,133],[30,133],[29,133],[28,133],[27,133],[26,133],[25,133],[24,133],[23,133],[22,133],[21,133],[20,133],[19,134],[18,134],[17,134],[16,134],[15,134],[14,134],[13,134],[12,134],[11,134],[10,134],[9,134],[8,134],[7,134]]","[[51,131],[50,131],[49,131],[48,131],[47,131],[46,131],[45,131],[44,131],[43,131],[42,131],[41,131],[40,131],[39,131],[38,131],[37,131],[36,131],[35,132],[34,133],[33,134],[32,134],[31,134],[30,134],[29,134],[28,134],[27,134],[26,134],[25,134],[24,134],[23,134],[22,134],[21,134],[20,134],[19,135],[18,135],[17,135],[16,135],[15,135],[14,135],[13,135],[12,135],[11,135],[10,135],[9,135],[8,135],[7,135]]","[[7,135],[8,135],[9,135],[10,135],[11,135],[12,135],[13,135],[14,135],[15,135],[16,135],[17,135],[18,135],[19,135],[20,134],[21,134],[22,134],[23,134],[24,134],[25,134],[26,134],[27,134],[28,134],[29,134],[30,134],[31,134],[32,134],[33,134],[34,133],[35,132],[36,131],[37,131],[38,131],[39,131],[40,131],[41,131],[42,131],[43,131],[44,131],[45,131],[46,131],[47,131],[48,131],[49,131],[50,131],[51,131]]","True","STATIC_SCREEN_SUPPORTED_PLUS_ONE_AABB_0.4x0.8_HEADROOM_2;NOT_PLAYER_VERIFIED","d381ea7f0f21f05701140f12f3d305a8dc506a576371888395da9c021b1352d5"
"SV5_INFILL_ROOM_0186b28fa0b2a39be20e","SV5_OPTIONAL_00","SV5_OPTIONAL_00","[[382,387],[382,388],[381,388],[381,389],[380,389],[380,390],[379,390],[378,390],[377,390],[376,390],[376,391],[375,391]]","[[384,387],[383,387],[382,387]]","[[383,387],[382,387],[382,388],[381,388],[381,389],[380,389],[380,390],[379,390],[378,390],[377,390],[376,390],[376,391]]","12","[[384,387],[383,387],[382,387],[382,388],[381,388],[381,389],[380,389],[380,390],[379,390],[378,390],[377,390],[376,390],[376,391],[375,391]]","14","SV5_INFILL_LENGTH_RULE_V2","PASS","383,387>384,387|383,388>384,388","[[382,386],[381,387],[380,388],[379,389],[378,389],[377,389],[376,389],[375,390],[374,390],[373,390],[372,390],[371,390],[370,390],[369,390],[368,390],[367,390],[366,390],[365,390],[364,390],[363,390],[362,390],[361,390],[360,390],[359,390]]","[[382,387],[381,388],[380,389],[379,390],[378,390],[377,390],[376,390],[375,391],[374,391],[373,391],[372,391],[371,391],[370,391],[369,391],[368,391],[367,391],[366,391],[365,391],[364,391],[363,391],[362,391],[361,391],[360,391],[359,391]]","[[359,391],[360,391],[361,391],[362,391],[363,391],[364,391],[365,391],[366,391],[367,391],[368,391],[369,391],[370,391],[371,391],[372,391],[373,391],[374,391],[375,391],[376,390],[377,390],[378,390],[379,390],[380,389],[381,388],[382,387]]","True","STATIC_SCREEN_SUPPORTED_PLUS_ONE_AABB_0.4x0.8_HEADROOM_2;NOT_PLAYER_VERIFIED","d381ea7f0f21f05701140f12f3d305a8dc506a576371888395da9c021b1352d5"
"SV5_INFILL_ROOM_018765724e6a988ed29c","SV5_INFILL_ROOM_04683155dc682c4ccd05","SV5_OPTIONAL_01","[[503,387],[503,388],[504,388],[504,389],[505,389],[505,390],[506,390],[507,390],[508,390],[509,390],[510,390],[511,390],[512,390],[513,390],[514,390],[515,390],[515,391],[516,391]]","[]","[[504,388],[504,389],[505,389],[505,390],[506,390],[507,390],[508,390],[509,390],[510,390],[511,390],[512,390],[513,390],[514,390],[515,390],[515,391]]","15","[[503,387],[503,388],[504,388],[504,389],[505,389],[505,390],[506,390],[507,390],[508,390],[509,390],[510,390],[511,390],[512,390],[513,390],[514,390],[515,390],[515,391],[516,391]]","18","SV5_INFILL_LENGTH_RULE_V2","PASS","503,388>504,388","[[488,386],[489,386],[490,386],[491,386],[492,386],[493,386],[494,386],[495,386],[496,386],[497,386],[498,386],[499,386],[500,386],[501,386],[502,386],[503,386],[504,387],[505,388],[506,389],[507,389],[508,389],[509,389],[510,389],[511,389],[512,389],[513,389],[514,389],[515,389],[516,390],[517,390],[518,390],[519,390],[520,390],[521,391],[522,391],[523,392],[524,392],[525,392],[526,392],[527,392],[528,392]]","[[488,387],[489,387],[490,387],[491,387],[492,387],[493,387],[494,387],[495,387],[496,387],[497,387],[498,387],[499,387],[500,387],[501,387],[502,387],[503,387],[504,388],[505,389],[506,390],[507,390],[508,390],[509,390],[510,390],[511,390],[512,390],[513,390],[514,390],[515,390],[516,391],[517,391],[518,391],[519,391],[520,391],[521,392],[522,392],[523,393],[524,393],[525,393],[526,393],[527,393],[528,393]]","[[528,393],[527,393],[526,393],[525,393],[524,393],[523,393],[522,392],[521,392],[520,391],[519,391],[518,391],[517,391],[516,391],[515,390],[514,390],[513,390],[512,390],[511,390],[510,390],[509,390],[508,390],[507,390],[506,390],[505,389],[504,388],[503,387],[502,387],[501,387],[500,387],[499,387],[498,387],[497,387],[496,387],[495,387],[494,387],[493,387],[492,387],[491,387],[490,387],[489,387],[488,387]]","True","STATIC_SCREEN_SUPPORTED_PLUS_ONE_AABB_0.4x0.8_HEADROOM_2;NOT_PLAYER_VERIFIED","d381ea7f0f21f05701140f12f3d305a8dc506a576371888395da9c021b1352d5"
"SV5_INFILL_ROOM_018ed3e9158d726fe3ab","SV5_INFILL_ROOM_01492d75910c4c5fcc30","SV5_OPTIONAL_12","[[212,395],[211,395],[211,394],[210,394],[210,393],[209,393],[209,392],[208,392],[208,391],[207,391],[206,391],[205,391],[204,391],[203,391],[202,391],[201,391],[200,391],[199,391],[198,391],[197,391],[196,391],[195,391]]","[]","[[211,395],[211,394],[210,394],[210,393],[209,393],[209,392],[208,392],[208,391],[207,391],[206,391],[205,391],[204,391],[203,391],[202,391],[201,391],[200,391],[199,391],[198,391],[197,391],[196,391]]","20","[[212,395],[211,395],[211,394],[210,394],[210,393],[209,393],[209,392],[208,392],[208,391],[207,391],[206,391],[205,391],[204,391],[203,391],[202,391],[201,391],[200,391],[199,391],[198,391],[197,391],[196,391],[195,391]]","22","SV5_INFILL_LENGTH_RULE_V2","PASS","211,395>212,395","[[227,394],[226,394],[225,394],[224,394],[223,394],[222,394],[221,394],[220,394],[219,394],[218,394],[217,394],[216,394],[215,394],[214,394],[213,394],[212,394],[211,393],[210,392],[209,391],[208,390],[207,390],[206,390],[205,390],[204,390],[203,390],[202,390],[201,390],[200,390],[199,390],[198,390],[197,390],[196,390],[195,390],[194,390],[193,390],[192,390],[191,390],[190,391],[189,391],[188,392],[187,392],[186,392],[185,392],[184,392],[183,392]]","[[227,395],[226,395],[225,395],[224,395],[223,395],[222,395],[221,395],[220,395],[219,395],[218,395],[217,395],[216,395],[215,395],[214,395],[213,395],[212,395],[211,394],[210,393],[209,392],[208,391],[207,391],[206,391],[205,391],[204,391],[203,391],[202,391],[201,391],[200,391],[199,391],[198,391],[197,391],[196,391],[195,391],[194,391],[193,391],[192,391],[191,391],[190,392],[189,392],[188,393],[187,393],[186,393],[185,393],[184,393],[183,393]]","[[183,393],[184,393],[185,393],[186,393],[187,393],[188,393],[189,392],[190,392],[191,391],[192,391],[193,391],[194,391],[195,391],[196,391],[197,391],[198,391],[199,391],[200,391],[201,391],[202,391],[203,391],[204,391],[205,391],[206,391],[207,391],[208,391],[209,392],[210,393],[211,394],[212,395],[213,395],[214,395],[215,395],[216,395],[217,395],[218,395],[219,395],[220,395],[221,395],[222,395],[223,395],[224,395],[225,395],[226,395],[227,395]]","True","STATIC_SCREEN_SUPPORTED_PLUS_ONE_AABB_0.4x0.8_HEADROOM_2;NOT_PLAYER_VERIFIED","d381ea7f0f21f05701140f12f3d305a8dc506a576371888395da9c021b1352d5"
"SV5_INFILL_ROOM_0190d41e154eefdb6547","SV5_INFILL_ROOM_010b8263d27bde49eb3b","SV5_OPTIONAL_01","[[316,371],[315,371],[315,370],[314,370],[314,369],[313,369],[313,368],[312,368],[312,367],[311,367],[310,367],[309,367],[308,367],[307,367],[306,367],[305,367],[304,367],[303,367]]","[]","[[315,371],[315,370],[314,370],[314,369],[313,369],[313,368],[312,368],[312,367],[311,367],[310,367],[309,367],[308,367],[307,367],[306,367],[305,367],[304,367]]","16","[[316,371],[315,371],[315,370],[314,370],[314,369],[313,369],[313,368],[312,368],[312,367],[311,367],[310,367],[309,367],[308,367],[307,367],[306,367],[305,367],[304,367],[303,367]]","18","SV5_INFILL_LENGTH_RULE_V2","PASS","315,371>316,371","[[335,370],[334,370],[333,370],[332,370],[331,370],[330,370],[329,370],[328,370],[327,370],[326,370],[325,370],[324,370],[323,370],[322,370],[321,370],[320,370],[319,370],[318,370],[317,370],[316,370],[315,369],[314,368],[313,367],[312,366],[311,366],[310,366],[309,366],[308,366],[307,366],[306,366],[305,366],[304,366],[303,366],[302,366],[301,366],[300,366],[299,366],[298,367],[297,367],[296,368],[295,368],[294,368],[293,368],[292,368],[291,368]]","[[335,371],[334,371],[333,371],[332,371],[331,371],[330,371],[329,371],[328,371],[327,371],[326,371],[325,371],[324,371],[323,371],[322,371],[321,371],[320,371],[319,371],[318,371],[317,371],[316,371],[315,370],[314,369],[313,368],[312,367],[311,367],[310,367],[309,367],[308,367],[307,367],[306,367],[305,367],[304,367],[303,367],[302,367],[301,367],[300,367],[299,367],[298,368],[297,368],[296,369],[295,369],[294,369],[293,369],[292,369],[291,369]]","[[291,369],[292,369],[293,369],[294,369],[295,369],[296,369],[297,368],[298,368],[299,367],[300,367],[301,367],[302,367],[303,367],[304,367],[305,367],[306,367],[307,367],[308,367],[309,367],[310,367],[311,367],[312,367],[313,368],[314,369],[315,370],[316,371],[317,371],[318,371],[319,371],[320,371],[321,371],[322,371],[323,371],[324,371],[325,371],[326,371],[327,371],[328,371],[329,371],[330,371],[331,371],[332,371],[333,371],[334,371],[335,371]]","True","STATIC_SCREEN_SUPPORTED_PLUS_ONE_AABB_0.4x0.8_HEADROOM_2;NOT_PLAYER_VERIFIED","d381ea7f0f21f05701140f12f3d305a8dc506a576371888395da9c021b1352d5"
"SV5_INFILL_ROOM_0193b889fad304bdfe2d","SV5_INFILL_ROOM_0081ac017846ab0e0d78","SV5_OPTIONAL_04","[[472,73],[472,74],[471,74],[471,75],[470,75],[470,76],[469,76],[469,77],[468,77],[468,78],[467,78],[466,78],[465,78],[464,78],[463,78],[462,78],[461,78],[460,78],[460,79],[459,79]]","[]","[[471,74],[471,75],[470,75],[470,76],[469,76],[469,77],[468,77],[468,78],[467,78],[466,78],[465,78],[464,78],[463,78],[462,78],[461,78],[460,78],[460,79]]","17","[[472,73],[472,74],[471,74],[471,75],[470,75],[470,76],[469,76],[469,77],[468,77],[468,78],[467,78],[466,78],[465,78],[464,78],[463,78],[462,78],[461,78],[460,78],[460,79],[459,79]]","20","SV5_INFILL_LENGTH_RULE_V2","PASS","471,74>472,74","[[487,70],[486,70],[485,70],[484,70],[483,70],[482,71],[481,71],[480,72],[479,72],[478,72],[477,72],[476,72],[475,72],[474,72],[473,72],[472,72],[471,73],[470,74],[469,75],[468,76],[467,77],[466,77],[465,77],[464,77],[463,77],[462,77],[461,77],[460,77],[459,78],[458,78],[457,78],[456,78],[455,78],[454,78],[453,78],[452,78],[451,78],[450,78],[449,78],[448,78],[447,78]]","[[487,71],[486,71],[485,71],[484,71],[483,71],[482,72],[481,72],[480,73],[479,73],[478,73],[477,73],[476,73],[475,73],[474,73],[473,73],[472,73],[471,74],[470,75],[469,76],[468,77],[467,78],[466,78],[465,78],[464,78],[463,78],[462,78],[461,78],[460,78],[459,79],[458,79],[457,79],[456,79],[455,79],[454,79],[453,79],[452,79],[451,79],[450,79],[449,79],[448,79],[447,79]]","[[447,79],[448,79],[449,79],[450,79],[451,79],[452,79],[453,79],[454,79],[455,79],[456,79],[457,79],[458,79],[459,79],[460,78],[461,78],[462,78],[463,78],[464,78],[465,78],[466,78],[467,78],[468,77],[469,76],[470,75],[471,74],[472,73],[473,73],[474,73],[475,73],[476,73],[477,73],[478,73],[479,73],[480,73],[481,72],[482,72],[483,71],[484,71],[485,71],[486,71],[487,71]]","True","STATIC_SCREEN_SUPPORTED_PLUS_ONE_AABB_0.4x0.8_HEADROOM_2;NOT_PLAYER_VERIFIED","d381ea7f0f21f05701140f12f3d305a8dc506a576371888395da9c021b1352d5"
"SV5_INFILL_ROOM_019f7dfb6c5038fd6bbb","SV5_OPTIONAL_06","SV5_OPTIONAL_06","[[221,11],[220,11],[219,11],[218,11],[217,11],[216,11],[215,11],[214,11],[213,11],[212,11],[211,11],[210,11],[209,11],[208,11],[207,11],[206,11],[205,11],[204,11],[203,11],[202,11],[201,11],[200,11],[199,11]]","[[221,12],[221,11]]","[[221,12],[221,11],[220,11],[219,11],[218,11],[217,11],[216,11],[215,11],[214,11],[213,11],[212,11],[211,11],[210,11],[209,11],[208,11],[207,11],[206,11],[205,11],[204,11],[203,11],[202,11],[201,11],[200,11]]","23","[[221,12],[221,11],[220,11],[219,11],[218,11],[217,11],[216,11],[215,11],[214,11],[213,11],[212,11],[211,11],[210,11],[209,11],[208,11],[207,11],[206,11],[205,11],[204,11],[203,11],[202,11],[201,11],[200,11],[199,11]]","24","SV5_INFILL_LENGTH_RULE_V2","PASS","221,11>221,12|220,12>221,12|221,12>222,12|220,11>220,12|220,12>221,12|220,12>220,13|219,12>220,12","[[221,10],[220,10],[219,10],[218,10],[217,10],[216,10],[215,10],[214,10],[213,10],[212,10],[211,10],[210,10],[209,10],[208,10],[207,10],[206,10],[205,10],[204,10],[203,10],[202,10],[201,10],[200,10],[199,10],[198,10],[197,10],[196,10],[195,10],[194,10],[193,10],[192,10],[191,10],[190,10],[189,10],[188,10],[187,10]]","[[221,11],[220,11],[219,11],[218,11],[217,11],[216,11],[215,11],[214,11],[213,11],[212,11],[211,11],[210,11],[209,11],[208,11],[207,11],[206,11],[205,11],[204,11],[203,11],[202,11],[201,11],[200,11],[199,11],[198,11],[197,11],[196,11],[195,11],[194,11],[193,11],[192,11],[191,11],[190,11],[189,11],[188,11],[187,11]]","[[187,11],[188,11],[189,11],[190,11],[191,11],[192,11],[193,11],[194,11],[195,11],[196,11],[197,11],[198,11],[199,11],[200,11],[201,11],[202,11],[203,11],[204,11],[205,11],[206,11],[207,11],[208,11],[209,11],[210,11],[211,11],[212,11],[213,11],[214,11],[215,11],[216,11],[217,11],[218,11],[219,11],[220,11],[221,11]]","True","STATIC_SCREEN_SUPPORTED_PLUS_ONE_AABB_0.4x0.8_HEADROOM_2;NOT_PLAYER_VERIFIED","d381ea7f0f21f05701140f12f3d305a8dc506a576371888395da9c021b1352d5"
"SV5_INFILL_ROOM_01ab4f357f1a1a51e05d","SV5_OPTIONAL_06","SV5_OPTIONAL_06","[[222,23],[223,23],[224,23]]","[[220,23],[221,23],[222,23]]","[[221,23],[222,23],[223,23]]","3","[[220,23],[221,23],[222,23],[223,23],[224,23]]","5","SV5_INFILL_LENGTH_RULE_V2","PASS","220,23>221,23|220,24>221,24","[[222,22],[223,22],[224,22],[225,22],[226,22],[227,22],[228,22],[229,22],[230,22],[231,22],[232,22],[233,22],[234,22],[235,22],[236,22]]","[[222,23],[223,23],[224,23],[225,23],[226,23],[227,23],[228,23],[229,23],[230,23],[231,23],[232,23],[233,23],[234,23],[235,23],[236,23]]","[[236,23],[235,23],[234,23],[233,23],[232,23],[231,23],[230,23],[229,23],[228,23],[227,23],[226,23],[225,23],[224,23],[223,23],[222,23]]","True","STATIC_SCREEN_SUPPORTED_PLUS_ONE_AABB_0.4x0.8_HEADROOM_2;NOT_PLAYER_VERIFIED","d381ea7f0f21f05701140f12f3d305a8dc506a576371888395da9c021b1352d5"
"SV5_INFILL_ROOM_01ba3c3a3c17419084a1","SV5_OPTIONAL_09","SV5_OPTIONAL_09","[[126,163],[125,163],[124,163],[123,163]]","[[128,163],[127,163],[126,163]]","[[127,163],[126,163],[125,163],[124,163]]","4","[[128,163],[127,163],[126,163],[125,163],[124,163],[123,163]]","6","SV5_INFILL_LENGTH_RULE_V2","PASS","127,163>128,163|127,164>128,164","[[126,162],[125,162],[124,162],[123,162],[122,162],[121,162],[120,162],[119,162],[118,162],[117,162],[116,162],[115,162],[114,162],[113,162],[112,162],[111,162]]","[[126,163],[125,163],[124,163],[123,163],[122,163],[121,163],[120,163],[119,163],[118,163],[117,163],[116,163],[115,163],[114,163],[113,163],[112,163],[111,163]]","[[111,163],[112,163],[113,163],[114,163],[115,163],[116,163],[117,163],[118,163],[119,163],[120,163],[121,163],[122,163],[123,163],[124,163],[125,163],[126,163]]","True","STATIC_SCREEN_SUPPORTED_PLUS_ONE_AABB_0.4x0.8_HEADROOM_2;NOT_PLAYER_VERIFIED","d381ea7f0f21f05701140f12f3d305a8dc506a576371888395da9c021b1352d5"
"SV5_INFILL_ROOM_01c1477b3c55cfc6e110","SV5_INFILL_ROOM_02587486b3c152380c1b","SV5_OPTIONAL_09","[[187,139],[188,139],[188,138],[189,138],[189,137],[190,137],[190,136],[191,136],[191,135],[192,135],[192,134],[193,134],[193,133],[194,133],[194,132],[195,132],[195,131],[196,131],[197,131],[198,131],[199,131],[200,131]]","[]","[[188,139],[188,138],[189,138],[189,137],[190,137],[190,136],[191,136],[191,135],[192,135],[192,134],[193,134],[193,133],[194,133],[194,132],[195,132],[195,131],[196,131],[197,131],[198,131],[199,131]]","20","[[187,139],[188,139],[188,138],[189,138],[189,137],[190,137],[190,136],[191,136],[191,135],[192,135],[192,134],[193,134],[193,133],[194,133],[194,132],[195,132],[195,131],[196,131],[197,131],[198,131],[199,131],[200,131]]","22","SV5_INFILL_LENGTH_RULE_V2","PASS","187,139>188,139","[[172,138],[173,138],[174,138],[175,138],[176,138],[177,138],[178,138],[179,138],[180,138],[181,138],[182,138],[183,138],[184,138],[185,138],[186,138],[187,138],[188,137],[189,136],[190,135],[191,134],[192,133],[193,132],[194,131],[195,130],[196,130],[197,130],[198,130],[199,130],[200,130],[201,130],[202,130],[203,130],[204,130],[205,130],[206,130],[207,130],[208,130],[209,130],[210,130],[211,130],[212,130]]","[[172,139],[173,139],[174,139],[175,139],[176,139],[177,139],[178,139],[179,139],[180,139],[181,139],[182,139],[183,139],[184,139],[185,139],[186,139],[187,139],[188,138],[189,137],[190,136],[191,135],[192,134],[193,133],[194,132],[195,131],[196,131],[197,131],[198,131],[199,131],[200,131],[201,131],[202,131],[203,131],[204,131],[205,131],[206,131],[207,131],[208,131],[209,131],[210,131],[211,131],[212,131]]","[[212,131],[211,131],[210,131],[209,131],[208,131],[207,131],[206,131],[205,131],[204,131],[203,131],[202,131],[201,131],[200,131],[199,131],[198,131],[197,131],[196,131],[195,131],[194,132],[193,133],[192,134],[191,135],[190,136],[189,137],[188,138],[187,139],[186,139],[185,139],[184,139],[183,139],[182,139],[181,139],[180,139],[179,139],[178,139],[177,139],[176,139],[175,139],[174,139],[173,139],[172,139]]","True","STATIC_SCREEN_SUPPORTED_PLUS_ONE_AABB_0.4x0.8_HEADROOM_2;NOT_PLAYER_VERIFIED","d381ea7f0f21f05701140f12f3d305a8dc506a576371888395da9c021b1352d5"
"SV5_INFILL_ROOM_01ca61b13471c905122c","SV5_INFILL_ROOM_0190d41e154eefdb6547","SV5_OPTIONAL_01","[[288,369],[288,370],[287,370],[287,371],[286,371],[286,372],[285,372],[285,373],[284,373],[284,374],[283,374],[282,374],[281,374],[280,374],[280,375],[279,375]]","[]","[[287,370],[287,371],[286,371],[286,372],[285,372],[285,373],[284,373],[284,374],[283,374],[282,374],[281,374],[280,374],[280,375]]","13","[[288,369],[288,370],[287,370],[287,371],[286,371],[286,372],[285,372],[285,373],[284,373],[284,374],[283,374],[282,374],[281,374],[280,374],[280,375],[279,375]]","16","SV5_INFILL_LENGTH_RULE_V2","PASS","287,370>288,370","[[303,366],[302,366],[301,366],[300,366],[299,366],[298,367],[297,367],[296,368],[295,368],[294,368],[293,368],[292,368],[291,368],[290,368],[289,368],[288,368],[287,369],[286,370],[285,371],[284,372],[283,373],[282,373],[281,373],[280,373],[279,374],[278,374],[277,374],[276,374],[275,374],[274,375],[273,375],[272,376],[271,376],[270,376],[269,376],[268,376],[267,376]]","[[303,367],[302,367],[301,367],[300,367],[299,367],[298,368],[297,368],[296,369],[295,369],[294,369],[293,369],[292,369],[291,369],[290,369],[289,369],[288,369],[287,370],[286,371],[285,372],[284,373],[283,374],[282,374],[281,374],[280,374],[279,375],[278,375],[277,375],[276,375],[275,375],[274,376],[273,376],[272,377],[271,377],[270,377],[269,377],[268,377],[267,377]]","[[267,377],[268,377],[269,377],[270,377],[271,377],[272,377],[273,376],[274,376],[275,375],[276,375],[277,375],[278,375],[279,375],[280,374],[281,374],[282,374],[283,374],[284,373],[285,372],[286,371],[287,370],[288,369],[289,369],[290,369],[291,369],[292,369],[293,369],[294,369],[295,369],[296,369],[297,368],[298,368],[299,367],[300,367],[301,367],[302,367],[303,367]]","True","STATIC_SCREEN_SUPPORTED_PLUS_ONE_AABB_0.4x0.8_HEADROOM_2;NOT_PLAYER_VERIFIED","d381ea7f0f21f05701140f12f3d305a8dc506a576371888395da9c021b1352d5"
"SV5_INFILL_ROOM_01d0bc2f676c3532c7ce","SV5_OPTIONAL_14","SV5_OPTIONAL_14","[[61,283],[60,283],[60,282],[59,282],[59,281],[58,281],[58,280],[57,280],[57,279],[56,279],[55,279],[54,279],[53,279],[52,279],[51,279],[50,279],[49,279],[48,279],[47,279],[46,279],[45,279],[44,279],[43,279]]","[[61,284],[61,283]]","[[61,284],[61,283],[60,283],[60,282],[59,282],[59,281],[58,281],[58,280],[57,280],[57,279],[56,279],[55,279],[54,279],[53,279],[52,279],[51,279],[50,279],[49,279],[48,279],[47,279],[46,279],[45,279],[44,279]]","23","[[61,284],[61,283],[60,283],[60,282],[59,282],[59,281],[58,281],[58,280],[57,280],[57,279],[56,279],[55,279],[54,279],[53,279],[52,279],[51,279],[50,279],[49,279],[48,279],[47,279],[46,279],[45,279],[44,279],[43,279]]","24","SV5_INFILL_LENGTH_RULE_V2","PASS","61,283>61,284|60,284>61,284|61,284>62,284|60,283>60,284","[[61,282],[60,281],[59,280],[58,279],[57,278],[56,278],[55,278],[54,278],[53,278],[52,278],[51,278],[50,278],[49,278],[48,278],[47,278],[46,278],[45,278],[44,278],[43,278],[42,278],[41,278],[40,278],[39,278],[38,278],[37,278],[36,278],[35,278],[34,278],[33,278],[32,278],[31,278]]","[[61,283],[60,282],[59,281],[58,280],[57,279],[56,279],[55,279],[54,279],[53,279],[52,279],[51,279],[50,279],[49,279],[48,279],[47,279],[46,279],[45,279],[44,279],[43,279],[42,279],[41,279],[40,279],[39,279],[38,279],[37,279],[36,279],[35,279],[34,279],[33,279],[32,279],[31,279]]","[[31,279],[32,279],[33,279],[34,279],[35,279],[36,279],[37,279],[38,279],[39,279],[40,279],[41,279],[42,279],[43,279],[44,279],[45,279],[46,279],[47,279],[48,279],[49,279],[50,279],[51,279],[52,279],[53,279],[54,279],[55,279],[56,279],[57,279],[58,280],[59,281],[60,282],[61,283]]","True","STATIC_SCREEN_SUPPORTED_PLUS_ONE_AABB_0.4x0.8_HEADROOM_2;NOT_PLAYER_VERIFIED","d381ea7f0f21f05701140f12f3d305a8dc506a576371888395da9c021b1352d5"
"SV5_INFILL_ROOM_01ddd88472d49aff5c99","SV5_INFILL_ROOM_05c86cf090f60cb83689","SV5_OPTIONAL_06","[[44,63],[43,63],[42,63],[41,63],[40,63],[39,63]]","[]","[[43,63],[42,63],[41,63],[40,63]]","4","[[44,63],[43,63],[42,63],[41,63],[40,63],[39,63]]","6","SV5_INFILL_LENGTH_RULE_V2","PASS","43,63>44,63|43,64>44,64","[[63,62],[62,62],[61,62],[60,62],[59,62],[58,62],[57,62],[56,62],[55,62],[54,62],[53,62],[52,62],[51,62],[50,62],[49,62],[48,62],[47,62],[46,62],[45,62],[44,62],[43,62],[42,62],[41,62],[40,62],[39,62],[38,62],[37,62],[36,62],[35,62],[34,62],[33,62],[32,62],[31,62],[30,62],[29,62],[28,62],[27,62],[26,62],[25,62],[24,62],[23,62]]","[[63,63],[62,63],[61,63],[60,63],[59,63],[58,63],[57,63],[56,63],[55,63],[54,63],[53,63],[52,63],[51,63],[50,63],[49,63],[48,63],[47,63],[46,63],[45,63],[44,63],[43,63],[42,63],[41,63],[40,63],[39,63],[38,63],[37,63],[36,63],[35,63],[34,63],[33,63],[32,63],[31,63],[30,63],[29,63],[28,63],[27,63],[26,63],[25,63],[24,63],[23,63]]","[[23,63],[24,63],[25,63],[26,63],[27,63],[28,63],[29,63],[30,63],[31,63],[32,63],[33,63],[34,63],[35,63],[36,63],[37,63],[38,63],[39,63],[40,63],[41,63],[42,63],[43,63],[44,63],[45,63],[46,63],[47,63],[48,63],[49,63],[50,63],[51,63],[52,63],[53,63],[54,63],[55,63],[56,63],[57,63],[58,63],[59,63],[60,63],[61,63],[62,63],[63,63]]","True","STATIC_SCREEN_SUPPORTED_PLUS_ONE_AABB_0.4x0.8_HEADROOM_2;NOT_PLAYER_VERIFIED","d381ea7f0f21f05701140f12f3d305a8dc506a576371888395da9c021b1352d5"
"SV5_INFILL_ROOM_01ed7b7c5925bf37dc1e","SV5_INFILL_ROOM_04258432ab0f33139931","SV5_OPTIONAL_12","[[212,363],[211,363],[211,362],[210,362],[210,361],[209,361],[209,360],[208,360],[208,359],[207,359],[206,359],[205,359],[204,359],[203,359],[202,359],[201,359],[200,359],[199,359],[198,359],[197,359],[196,359],[195,359]]","[]","[[211,363],[211,362],[210,362],[210,361],[209,361],[209,360],[208,360],[208,359],[207,359],[206,359],[205,359],[204,359],[203,359],[202,359],[201,359],[200,359],[199,359],[198,359],[197,359],[196,359]]","20","[[212,363],[211,363],[211,362],[210,362],[210,361],[209,361],[209,360],[208,360],[208,359],[207,359],[206,359],[205,359],[204,359],[203,359],[202,359],[201,359],[200,359],[199,359],[198,359],[197,359],[196,359],[195,359]]","22","SV5_INFILL_LENGTH_RULE_V2","PASS","211,363>212,363","[[231,362],[230,362],[229,362],[228,362],[227,362],[226,362],[225,362],[224,362],[223,362],[222,362],[221,362],[220,362],[219,362],[218,362],[217,362],[216,362],[215,362],[214,362],[213,362],[212,362],[211,361],[210,360],[209,359],[208,358],[207,358],[206,358],[205,358],[204,358],[203,358],[202,358],[201,358],[200,358],[199,358],[198,358],[197,358],[196,358],[195,358],[194,358],[193,358],[192,358],[191,358],[190,359],[189,359],[188,360],[187,360],[186,360],[185,360],[184,360],[183,360]]","[[231,363],[230,363],[229,363],[228,363],[227,363],[226,363],[225,363],[224,363],[223,363],[222,363],[221,363],[220,363],[219,363],[218,363],[217,363],[216,363],[215,363],[214,363],[213,363],[212,363],[211,362],[210,361],[209,360],[208,359],[207,359],[206,359],[205,359],[204,359],[203,359],[202,359],[201,359],[200,359],[199,359],[198,359],[197,359],[196,359],[195,359],[194,359],[193,359],[192,359],[191,359],[190,360],[189,360],[188,361],[187,361],[186,361],[185,361],[184,361],[183,361]]","[[183,361],[184,361],[185,361],[186,361],[187,361],[188,361],[189,360],[190,360],[191,359],[192,359],[193,359],[194,359],[195,359],[196,359],[197,359],[198,359],[199,359],[200,359],[201,359],[202,359],[203,359],[204,359],[205,359],[206,359],[207,359],[208,359],[209,360],[210,361],[211,362],[212,363],[213,363],[214,363],[215,363],[216,363],[217,363],[218,363],[219,363],[220,363],[221,363],[222,363],[223,363],[224,363],[225,363],[226,363],[227,363],[228,363],[229,363],[230,363],[231,363]]","True","STATIC_SCREEN_SUPPORTED_PLUS_ONE_AABB_0.4x0.8_HEADROOM_2;NOT_PLAYER_VERIFIED","d381ea7f0f21f05701140f12f3d305a8dc506a576371888395da9c021b1352d5"
"SV5_INFILL_ROOM_01fd763216564c4ab82e","SV5_INFILL_ROOM_0004120110f44eef5c72","SV5_OPTIONAL_06","[[96,53],[96,54],[95,54],[94,54],[93,54],[92,54],[92,55],[91,55]]","[]","[[95,54],[94,54],[93,54],[92,54],[92,55]]","5","[[96,53],[96,54],[95,54],[94,54],[93,54],[92,54],[92,55],[91,55]]","8","SV5_INFILL_LENGTH_RULE_V2","PASS","95,54>96,54","[[111,50],[110,50],[109,50],[108,50],[107,50],[106,51],[105,51],[104,52],[103,52],[102,52],[101,52],[100,52],[99,52],[98,52],[97,52],[96,52],[95,53],[94,53],[93,53],[92,53],[91,54],[90,54],[89,54],[88,54],[87,54],[86,54],[85,54],[84,54],[83,54],[82,54],[81,54],[80,54],[79,54]]","[[111,51],[110,51],[109,51],[108,51],[107,51],[106,52],[105,52],[104,53],[103,53],[102,53],[101,53],[100,53],[99,53],[98,53],[97,53],[96,53],[95,54],[94,54],[93,54],[92,54],[91,55],[90,55],[89,55],[88,55],[87,55],[86,55],[85,55],[84,55],[83,55],[82,55],[81,55],[80,55],[79,55]]","[[79,55],[80,55],[81,55],[82,55],[83,55],[84,55],[85,55],[86,55],[87,55],[88,55],[89,55],[90,55],[91,55],[92,54],[93,54],[94,54],[95,54],[96,53],[97,53],[98,53],[99,53],[100,53],[101,53],[102,53],[103,53],[104,53],[105,52],[106,52],[107,51],[108,51],[109,51],[110,51],[111,51]]","True","STATIC_SCREEN_SUPPORTED_PLUS_ONE_AABB_0.4x0.8_HEADROOM_2;NOT_PLAYER_VERIFIED","d381ea7f0f21f05701140f12f3d305a8dc506a576371888395da9c021b1352d5"
"SV5_INFILL_ROOM_0211dda6690845617294","SV5_OPTIONAL_06","SV5_OPTIONAL_06","[[218,51],[218,52],[217,52],[217,53],[216,53],[216,54],[215,54],[214,54],[213,54],[212,54],[211,54],[210,54],[209,54],[208,54],[207,54],[206,54],[205,54],[204,54],[204,55],[203,55]]","[[220,51],[219,51],[218,51]]","[[219,51],[218,51],[218,52],[217,52],[217,53],[216,53],[216,54],[215,54],[214,54],[213,54],[212,54],[211,54],[210,54],[209,54],[208,54],[207,54],[206,54],[205,54],[204,54],[204,55]]","20","[[220,51],[219,51],[218,51],[218,52],[217,52],[217,53],[216,53],[216,54],[215,54],[214,54],[213,54],[212,54],[211,54],[210,54],[209,54],[208,54],[207,54],[206,54],[205,54],[204,54],[204,55],[203,55]]","22","SV5_INFILL_LENGTH_RULE_V2","PASS","219,51>220,51|219,52>220,52","[[218,50],[217,51],[216,52],[215,53],[214,53],[213,53],[212,53],[211,53],[210,53],[209,53],[208,53],[207,53],[206,53],[205,53],[204,53],[203,54],[202,54],[201,54],[200,54],[199,54],[198,54],[197,54],[196,54],[195,54],[194,54],[193,54],[192,54],[191,54]]","[[218,51],[217,52],[216,53],[215,54],[214,54],[213,54],[212,54],[211,54],[210,54],[209,54],[208,54],[207,54],[206,54],[205,54],[204,54],[203,55],[202,55],[201,55],[200,55],[199,55],[198,55],[197,55],[196,55],[195,55],[194,55],[193,55],[192,55],[191,55]]","[[191,55],[192,55],[193,55],[194,55],[195,55],[196,55],[197,55],[198,55],[199,55],[200,55],[201,55],[202,55],[203,55],[204,54],[205,54],[206,54],[207,54],[208,54],[209,54],[210,54],[211,54],[212,54],[213,54],[214,54],[215,54],[216,53],[217,52],[218,51]]","True","STATIC_SCREEN_SUPPORTED_PLUS_ONE_AABB_0.4x0.8_HEADROOM_2;NOT_PLAYER_VERIFIED","d381ea7f0f21f05701140f12f3d305a8dc506a576371888395da9c021b1352d5"
"SV5_INFILL_ROOM_02131663b956c4b63225","SV5_INFILL_ROOM_0024793eb465e7cf43f8","SV5_OPTIONAL_06","[[164,15],[163,15],[163,14],[162,14],[162,13],[161,13],[161,12],[160,12],[160,11],[159,11],[159,10],[158,10],[158,9],[157,9],[157,8],[156,8],[156,7],[155,7]]","[]","[[163,15],[163,14],[162,14],[162,13],[161,13],[161,12],[160,12],[160,11],[159,11],[159,10],[158,10],[158,9],[157,9],[157,8],[156,8],[156,7]]","16","[[164,15],[163,15],[163,14],[162,14],[162,13],[161,13],[161,12],[160,12],[160,11],[159,11],[159,10],[158,10],[158,9],[157,9],[157,8],[156,8],[156,7],[155,7]]","18","SV5_INFILL_LENGTH_RULE_V2","PASS","163,15>164,15","[[179,14],[178,14],[177,14],[176,14],[175,14],[174,14],[173,14],[172,14],[171,14],[170,14],[169,14],[168,14],[167,14],[166,14],[165,14],[164,14],[163,13],[162,12],[161,11],[160,10],[159,9],[158,8],[157,7],[156,6],[155,6],[154,6],[153,6],[152,6],[151,6],[150,7],[149,7],[148,8],[147,8],[146,8],[145,8],[144,8],[143,8]]","[[179,15],[178,15],[177,15],[176,15],[175,15],[174,15],[173,15],[172,15],[171,15],[170,15],[169,15],[168,15],[167,15],[166,15],[165,15],[164,15],[163,14],[162,13],[161,12],[160,11],[159,10],[158,9],[157,8],[156,7],[155,7],[154,7],[153,7],[152,7],[151,7],[150,8],[149,8],[148,9],[147,9],[146,9],[145,9],[144,9],[143,9]]","[[143,9],[144,9],[145,9],[146,9],[147,9],[148,9],[149,8],[150,8],[151,7],[152,7],[153,7],[154,7],[155,7],[156,7],[157,8],[158,9],[159,10],[160,11],[161,12],[162,13],[163,14],[164,15],[165,15],[166,15],[167,15],[168,15],[169,15],[170,15],[171,15],[172,15],[173,15],[174,15],[175,15],[176,15],[177,15],[178,15],[179,15]]","True","STATIC_SCREEN_SUPPORTED_PLUS_ONE_AABB_0.4x0.8_HEADROOM_2;NOT_PLAYER_VERIFIED","d381ea7f0f21f05701140f12f3d305a8dc506a576371888395da9c021b1352d5"
"SV5_INFILL_ROOM_021416edcede730f39c2","SV5_OPTIONAL_12","SV5_OPTIONAL_12","[[246,347],[247,347],[248,347],[249,347],[250,347],[251,347],[252,347]]","[[244,347],[245,347],[246,347]]","[[245,347],[246,347],[247,347],[248,347],[249,347],[250,347],[251,347]]","7","[[244,347],[245,347],[246,347],[247,347],[248,347],[249,347],[250,347],[251,347],[252,347]]","9","SV5_INFILL_LENGTH_RULE_V2","PASS","244,347>245,347|244,348>245,348","[[246,346],[247,346],[248,346],[249,346],[250,346],[251,346],[252,346],[253,346],[254,346],[255,346],[256,346],[257,346],[258,346],[259,346],[260,346],[261,346],[262,346],[263,346],[264,346]]","[[246,347],[247,347],[248,347],[249,347],[250,347],[251,347],[252,347],[253,347],[254,347],[255,347],[256,347],[257,347],[258,347],[259,347],[260,347],[261,347],[262,347],[263,347],[264,347]]","[[264,347],[263,347],[262,347],[261,347],[260,347],[259,347],[258,347],[257,347],[256,347],[255,347],[254,347],[253,347],[252,347],[251,347],[250,347],[249,347],[248,347],[247,347],[246,347]]","True","STATIC_SCREEN_SUPPORTED_PLUS_ONE_AABB_0.4x0.8_HEADROOM_2;NOT_PLAYER_VERIFIED","d381ea7f0f21f05701140f12f3d305a8dc506a576371888395da9c021b1352d5"
"SV5_INFILL_ROOM_021b4048fa47706aeaf6","SV5_INFILL_ROOM_03e607e34238c975c8c8","SV5_OPTIONAL_09","[[76,167],[76,168],[75,168],[75,169],[74,169],[74,170],[73,170],[72,170],[72,171],[71,171]]","[]","[[75,168],[75,169],[74,169],[74,170],[73,170],[72,170],[72,171]]","7","[[76,167],[76,168],[75,168],[75,169],[74,169],[74,170],[73,170],[72,170],[72,171],[71,171]]","10","SV5_INFILL_LENGTH_RULE_V2","PASS","75,168>76,168","[[95,166],[94,166],[93,166],[92,166],[91,166],[90,166],[89,166],[88,166],[87,166],[86,166],[85,166],[84,166],[83,166],[82,166],[81,166],[80,166],[79,166],[78,166],[77,166],[76,166],[75,167],[74,168],[73,169],[72,169],[71,170],[70,170],[69,170],[68,170],[67,170],[66,170],[65,170],[64,170],[63,170],[62,170],[61,170],[60,170],[59,170]]","[[95,167],[94,167],[93,167],[92,167],[91,167],[90,167],[89,167],[88,167],[87,167],[86,167],[85,167],[84,167],[83,167],[82,167],[81,167],[80,167],[79,167],[78,167],[77,167],[76,167],[75,168],[74,169],[73,170],[72,170],[71,171],[70,171],[69,171],[68,171],[67,171],[66,171],[65,171],[64,171],[63,171],[62,171],[61,171],[60,171],[59,171]]","[[59,171],[60,171],[61,171],[62,171],[63,171],[64,171],[65,171],[66,171],[67,171],[68,171],[69,171],[70,171],[71,171],[72,170],[73,170],[74,169],[75,168],[76,167],[77,167],[78,167],[79,167],[80,167],[81,167],[82,167],[83,167],[84,167],[85,167],[86,167],[87,167],[88,167],[89,167],[90,167],[91,167],[92,167],[93,167],[94,167],[95,167]]","True","STATIC_SCREEN_SUPPORTED_PLUS_ONE_AABB_0.4x0.8_HEADROOM_2;NOT_PLAYER_VERIFIED","d381ea7f0f21f05701140f12f3d305a8dc506a576371888395da9c021b1352d5"
"SV5_INFILL_ROOM_0226d4b2d11164e9e339","SV5_OPTIONAL_01","SV5_OPTIONAL_01","[[345,319],[345,320],[344,320],[344,321],[343,321],[343,322],[342,322],[342,323],[341,323],[341,324],[340,324],[340,325],[339,325],[339,326],[338,326],[337,326],[336,326],[336,327],[335,327]]","[[347,319],[346,319],[345,319]]","[[346,319],[345,319],[345,320],[344,320],[344,321],[343,321],[343,322],[342,322],[342,323],[341,323],[341,324],[340,324],[340,325],[339,325],[339,326],[338,326],[337,326],[336,326],[336,327]]","19","[[347,319],[346,319],[345,319],[345,320],[344,320],[344,321],[343,321],[343,322],[342,322],[342,323],[341,323],[341,324],[340,324],[340,325],[339,325],[339,326],[338,326],[337,326],[336,326],[336,327],[335,327]]","21","SV5_INFILL_LENGTH_RULE_V2","PASS","346,319>347,319|346,320>347,320","[[345,318],[344,319],[343,320],[342,321],[341,322],[340,323],[339,324],[338,325],[337,325],[336,325],[335,326],[334,326],[333,326],[332,326],[331,326],[330,326],[329,326],[328,326],[327,326],[326,326],[325,326],[324,326],[323,326]]","[[345,319],[344,320],[343,321],[342,322],[341,323],[340,324],[339,325],[338,326],[337,326],[336,326],[335,327],[334,327],[333,327],[332,327],[331,327],[330,327],[329,327],[328,327],[327,327],[326,327],[325,327],[324,327],[323,327]]","[[323,327],[324,327],[325,327],[326,327],[327,327],[328,327],[329,327],[330,327],[331,327],[332,327],[333,327],[334,327],[335,327],[336,326],[337,326],[338,326],[339,325],[340,324],[341,323],[342,322],[343,321],[344,320],[345,319]]","True","STATIC_SCREEN_SUPPORTED_PLUS_ONE_AABB_0.4x0.8_HEADROOM_2;NOT_PLAYER_VERIFIED","d381ea7f0f21f05701140f12f3d305a8dc506a576371888395da9c021b1352d5"
"SV5_INFILL_ROOM_0233efc146f9a48950d8","SV5_OPTIONAL_01","SV5_OPTIONAL_01","[[429,383],[430,383],[431,383],[432,383],[433,383],[434,383],[435,383],[436,383],[437,383],[438,383],[439,383],[440,383],[441,383],[442,383],[443,383],[444,383],[445,383],[446,383],[447,383],[448,383]]","[[427,383],[428,383],[429,383]]","[[428,383],[429,383],[430,383],[431,383],[432,383],[433,383],[434,383],[435,383],[436,383],[437,383],[438,383],[439,383],[440,383],[441,383],[442,383],[443,383],[444,383],[445,383],[446,383],[447,383]]","20","[[427,383],[428,383],[429,383],[430,383],[431,383],[432,383],[433,383],[434,383],[435,383],[436,383],[437,383],[438,383],[439,383],[440,383],[441,383],[442,383],[443,383],[444,383],[445,383],[446,383],[447,383],[448,383]]","22","SV5_INFILL_LENGTH_RULE_V2","PASS","427,383>428,383|427,384>428,384","[[429,382],[430,382],[431,382],[432,382],[433,382],[434,382],[435,382],[436,382],[437,382],[438,382],[439,382],[440,382],[441,382],[442,382],[443,382],[444,382],[445,382],[446,382],[447,382],[448,382],[449,382],[450,382],[451,382],[452,382],[453,382],[454,382],[455,382],[456,382],[457,382],[458,382],[459,382],[460,382]]","[[429,383],[430,383],[431,383],[432,383],[433,383],[434,383],[435,383],[436,383],[437,383],[438,383],[439,383],[440,383],[441,383],[442,383],[443,383],[444,383],[445,383],[446,383],[447,383],[448,383],[449,383],[450,383],[451,383],[452,383],[453,383],[454,383],[455,383],[456,383],[457,383],[458,383],[459,383],[460,383]]","[[460,383],[459,383],[458,383],[457,383],[456,383],[455,383],[454,383],[453,383],[452,383],[451,383],[450,383],[449,383],[448,383],[447,383],[446,383],[445,383],[444,383],[443,383],[442,383],[441,383],[440,383],[439,383],[438,383],[437,383],[436,383],[435,383],[434,383],[433,383],[432,383],[431,383],[430,383],[429,383]]","True","STATIC_SCREEN_SUPPORTED_PLUS_ONE_AABB_0.4x0.8_HEADROOM_2;NOT_PLAYER_VERIFIED","d381ea7f0f21f05701140f12f3d305a8dc506a576371888395da9c021b1352d5"
"SV5_INFILL_ROOM_0249a8d4b3775d965893","SV5_OPTIONAL_06","SV5_OPTIONAL_06","[[222,79],[223,79],[224,79]]","[[220,79],[221,79],[222,79]]","[[221,79],[222,79],[223,79]]","3","[[220,79],[221,79],[222,79],[223,79],[224,79]]","5","SV5_INFILL_LENGTH_RULE_V2","PASS","220,79>221,79|220,80>221,80","[[222,78],[223,78],[224,78],[225,78],[226,78],[227,78],[228,78],[229,78],[230,78],[231,78],[232,78],[233,78],[234,78],[235,78],[236,78]]","[[222,79],[223,79],[224,79],[225,79],[226,79],[227,79],[228,79],[229,79],[230,79],[231,79],[232,79],[233,79],[234,79],[235,79],[236,79]]","[[236,79],[235,79],[234,79],[233,79],[232,79],[231,79],[230,79],[229,79],[228,79],[227,79],[226,79],[225,79],[224,79],[223,79],[222,79]]","True","STATIC_SCREEN_SUPPORTED_PLUS_ONE_AABB_0.4x0.8_HEADROOM_2;NOT_PLAYER_VERIFIED","d381ea7f0f21f05701140f12f3d305a8dc506a576371888395da9c021b1352d5"
"SV5_INFILL_ROOM_02515634e73d42bbbebe","SV5_INFILL_ROOM_0096ec3a665cb4efc92b","SV5_OPTIONAL_10","[[187,191],[187,192],[188,192],[188,193],[189,193],[189,194],[190,194],[191,194],[192,194],[193,194],[194,194],[195,194],[195,195],[196,195]]","[]","[[188,192],[188,193],[189,193],[189,194],[190,194],[191,194],[192,194],[193,194],[194,194],[195,194],[195,195]]","11","[[187,191],[187,192],[188,192],[188,193],[189,193],[189,194],[190,194],[191,194],[192,194],[193,194],[194,194],[195,194],[195,195],[196,195]]","14","SV5_INFILL_LENGTH_RULE_V2","PASS","187,192>188,192","[[172,190],[173,190],[174,190],[175,190],[176,190],[177,190],[178,190],[179,190],[180,190],[181,190],[182,190],[183,190],[184,190],[185,190],[186,190],[187,190],[188,191],[189,192],[190,193],[191,193],[192,193],[193,193],[194,193],[195,193],[196,194],[197,194],[198,194],[199,194],[200,194],[201,194],[202,194],[203,194],[204,194],[205,194],[206,194],[207,194],[208,194]]","[[172,191],[173,191],[174,191],[175,191],[176,191],[177,191],[178,191],[179,191],[180,191],[181,191],[182,191],[183,191],[184,191],[185,191],[186,191],[187,191],[188,192],[189,193],[190,194],[191,194],[192,194],[193,194],[194,194],[195,194],[196,195],[197,195],[198,195],[199,195],[200,195],[201,195],[202,195],[203,195],[204,195],[205,195],[206,195],[207,195],[208,195]]","[[208,195],[207,195],[206,195],[205,195],[204,195],[203,195],[202,195],[201,195],[200,195],[199,195],[198,195],[197,195],[196,195],[195,194],[194,194],[193,194],[192,194],[191,194],[190,194],[189,193],[188,192],[187,191],[186,191],[185,191],[184,191],[183,191],[182,191],[181,191],[180,191],[179,191],[178,191],[177,191],[176,191],[175,191],[174,191],[173,191],[172,191]]","True","STATIC_SCREEN_SUPPORTED_PLUS_ONE_AABB_0.4x0.8_HEADROOM_2;NOT_PLAYER_VERIFIED","d381ea7f0f21f05701140f12f3d305a8dc506a576371888395da9c021b1352d5"
"SV5_INFILL_ROOM_02587486b3c152380c1b","SV5_INFILL_ROOM_1c4c6b34887f12eefac3","SV5_OPTIONAL_09","[[163,135],[163,136],[164,136],[164,137],[165,137],[165,138],[166,138],[167,138],[168,138],[169,138],[170,138],[171,138],[171,139],[172,139]]","[]","[[164,136],[164,137],[165,137],[165,138],[166,138],[167,138],[168,138],[169,138],[170,138],[171,138],[171,139]]","11","[[163,135],[163,136],[164,136],[164,137],[165,137],[165,138],[166,138],[167,138],[168,138],[169,138],[170,138],[171,138],[171,139],[172,139]]","14","SV5_INFILL_LENGTH_RULE_V2","PASS","163,136>164,136","[[148,134],[149,134],[150,134],[151,134],[152,134],[153,134],[154,134],[155,134],[156,134],[157,134],[158,134],[159,134],[160,134],[161,134],[162,134],[163,134],[164,135],[165,136],[166,137],[167,137],[168,137],[169,137],[170,137],[171,137],[172,138],[173,138],[174,138],[175,138],[176,138],[177,138],[178,138],[179,138],[180,138],[181,138],[182,138],[183,138],[184,138]]","[[148,135],[149,135],[150,135],[151,135],[152,135],[153,135],[154,135],[155,135],[156,135],[157,135],[158,135],[159,135],[160,135],[161,135],[162,135],[163,135],[164,136],[165,137],[166,138],[167,138],[168,138],[169,138],[170,138],[171,138],[172,139],[173,139],[174,139],[175,139],[176,139],[177,139],[178,139],[179,139],[180,139],[181,139],[182,139],[183,139],[184,139]]","[[184,139],[183,139],[182,139],[181,139],[180,139],[179,139],[178,139],[177,139],[176,139],[175,139],[174,139],[173,139],[172,139],[171,138],[170,138],[169,138],[168,138],[167,138],[166,138],[165,137],[164,136],[163,135],[162,135],[161,135],[160,135],[159,135],[158,135],[157,135],[156,135],[155,135],[154,135],[153,135],[152,135],[151,135],[150,135],[149,135],[148,135]]","True","STATIC_SCREEN_SUPPORTED_PLUS_ONE_AABB_0.4x0.8_HEADROOM_2;NOT_PLAYER_VERIFIED","d381ea7f0f21f05701140f12f3d305a8dc506a576371888395da9c021b1352d5"
"SV5_INFILL_ROOM_026b4248321dee685078","SV5_INFILL_ROOM_00fe6dfb4eef486a889c","SV5_OPTIONAL_04","[[587,93],[587,94],[588,94],[588,95],[589,95],[589,96],[590,96],[590,97],[591,97],[591,98],[592,98],[592,99],[593,99],[593,100],[594,100],[594,101],[595,101],[595,102],[596,102],[597,102],[598,102],[599,102],[599,103],[600,103]]","[]","[[588,94],[588,95],[589,95],[589,96],[590,96],[590,97],[591,97],[591,98],[592,98],[592,99],[593,99],[593,100],[594,100],[594,101],[595,101],[595,102],[596,102],[597,102],[598,102],[599,102],[599,103]]","21","[[587,93],[587,94],[588,94],[588,95],[589,95],[589,96],[590,96],[590,97],[591,97],[591,98],[592,98],[592,99],[593,99],[593,100],[594,100],[594,101],[595,101],[595,102],[596,102],[597,102],[598,102],[599,102],[599,103],[600,103]]","24","SV5_INFILL_LENGTH_RULE_V2","PASS","587,94>588,94","[[572,90],[573,90],[574,90],[575,90],[576,90],[577,91],[578,91],[579,92],[580,92],[581,92],[582,92],[583,92],[584,92],[585,92],[586,92],[587,92],[588,93],[589,94],[590,95],[591,96],[592,97],[593,98],[594,99],[595,100],[596,101],[597,101],[598,101],[599,101],[600,102],[601,102],[602,102],[603,102],[604,102],[605,102],[606,102],[607,102],[608,102],[609,102],[610,102],[611,102],[612,102],[613,102],[614,102],[615,102],[616,102]]","[[572,91],[573,91],[574,91],[575,91],[576,91],[577,92],[578,92],[579,93],[580,93],[581,93],[582,93],[583,93],[584,93],[585,93],[586,93],[587,93],[588,94],[589,95],[590,96],[591,97],[592,98],[593,99],[594,100],[595,101],[596,102],[597,102],[598,102],[599,102],[600,103],[601,103],[602,103],[603,103],[604,103],[605,103],[606,103],[607,103],[608,103],[609,103],[610,103],[611,103],[612,103],[613,103],[614,103],[615,103],[616,103]]","[[616,103],[615,103],[614,103],[613,103],[612,103],[611,103],[610,103],[609,103],[608,103],[607,103],[606,103],[605,103],[604,103],[603,103],[602,103],[601,103],[600,103],[599,102],[598,102],[597,102],[596,102],[595,101],[594,100],[593,99],[592,98],[591,97],[590,96],[589,95],[588,94],[587,93],[586,93],[585,93],[584,93],[583,93],[582,93],[581,93],[580,93],[579,93],[578,92],[577,92],[576,91],[575,91],[574,91],[573,91],[572,91]]","True","STATIC_SCREEN_SUPPORTED_PLUS_ONE_AABB_0.4x0.8_HEADROOM_2;NOT_PLAYER_VERIFIED","d381ea7f0f21f05701140f12f3d305a8dc506a576371888395da9c021b1352d5"
"SV5_INFILL_ROOM_0274815fcd6818f05a6a","SV5_OPTIONAL_09","SV5_OPTIONAL_09","[[126,151],[125,151],[124,151],[123,151],[122,151],[121,151],[120,151],[119,151],[118,151],[117,151],[116,151],[115,151],[114,151],[113,151],[112,151],[111,151],[110,151],[109,151],[108,151],[107,151]]","[[128,151],[127,151],[126,151]]","[[127,151],[126,151],[125,151],[124,151],[123,151],[122,151],[121,151],[120,151],[119,151],[118,151],[117,151],[116,151],[115,151],[114,151],[113,151],[112,151],[111,151],[110,151],[109,151],[108,151]]","20","[[128,151],[127,151],[126,151],[125,151],[124,151],[123,151],[122,151],[121,151],[120,151],[119,151],[118,151],[117,151],[116,151],[115,151],[114,151],[113,151],[112,151],[111,151],[110,151],[109,151],[108,151],[107,151]]","22","SV5_INFILL_LENGTH_RULE_V2","PASS","127,151>128,151|127,152>128,152","[[126,150],[125,150],[124,150],[123,150],[122,150],[121,150],[120,150],[119,150],[118,150],[117,150],[116,150],[115,150],[114,150],[113,150],[112,150],[111,150],[110,150],[109,150],[108,150],[107,150],[106,150],[105,150],[104,150],[103,150],[102,150],[101,150],[100,150],[99,150],[98,150],[97,150],[96,150],[95,150],[94,150],[93,150],[92,150],[91,150]]","[[126,151],[125,151],[124,151],[123,151],[122,151],[121,151],[120,151],[119,151],[118,151],[117,151],[116,151],[115,151],[114,151],[113,151],[112,151],[111,151],[110,151],[109,151],[108,151],[107,151],[106,151],[105,151],[104,151],[103,151],[102,151],[101,151],[100,151],[99,151],[98,151],[97,151],[96,151],[95,151],[94,151],[93,151],[92,151],[91,151]]","[[91,151],[92,151],[93,151],[94,151],[95,151],[96,151],[97,151],[98,151],[99,151],[100,151],[101,151],[102,151],[103,151],[104,151],[105,151],[106,151],[107,151],[108,151],[109,151],[110,151],[111,151],[112,151],[113,151],[114,151],[115,151],[116,151],[117,151],[118,151],[119,151],[120,151],[121,151],[122,151],[123,151],[124,151],[125,151],[126,151]]","True","STATIC_SCREEN_SUPPORTED_PLUS_ONE_AABB_0.4x0.8_HEADROOM_2;NOT_PLAYER_VERIFIED","d381ea7f0f21f05701140f12f3d305a8dc506a576371888395da9c021b1352d5"
"SV5_INFILL_ROOM_0277e37d8a1cd7afd435","SV5_INFILL_ROOM_01d0bc2f676c3532c7ce","SV5_OPTIONAL_14","[[28,279],[28,280],[27,280],[27,281],[26,281],[26,282],[25,282],[24,282],[24,283],[23,283]]","[]","[[27,280],[27,281],[26,281],[26,282],[25,282],[24,282],[24,283]]","7","[[28,279],[28,280],[27,280],[27,281],[26,281],[26,282],[25,282],[24,282],[24,283],[23,283]]","10","SV5_INFILL_LENGTH_RULE_V2","PASS","27,280>28,280","[[43,278],[42,278],[41,278],[40,278],[39,278],[38,278],[37,278],[36,278],[35,278],[34,278],[33,278],[32,278],[31,278],[30,278],[29,278],[28,278],[27,279],[26,280],[25,281],[24,281],[23,282],[22,282],[21,282],[20,282],[19,282],[18,282],[17,282],[16,282],[15,282],[14,282],[13,282],[12,282],[11,282]]","[[43,279],[42,279],[41,279],[40,279],[39,279],[38,279],[37,279],[36,279],[35,279],[34,279],[33,279],[32,279],[31,279],[30,279],[29,279],[28,279],[27,280],[26,281],[25,282],[24,282],[23,283],[22,283],[21,283],[20,283],[19,283],[18,283],[17,283],[16,283],[15,283],[14,283],[13,283],[12,283],[11,283]]","[[11,283],[12,283],[13,283],[14,283],[15,283],[16,283],[17,283],[18,283],[19,283],[20,283],[21,283],[22,283],[23,283],[24,282],[25,282],[26,281],[27,280],[28,279],[29,279],[30,279],[31,279],[32,279],[33,279],[34,279],[35,279],[36,279],[37,279],[38,279],[39,279],[40,279],[41,279],[42,279],[43,279]]","True","STATIC_SCREEN_SUPPORTED_PLUS_ONE_AABB_0.4x0.8_HEADROOM_2;NOT_PLAYER_VERIFIED","d381ea7f0f21f05701140f12f3d305a8dc506a576371888395da9c021b1352d5"
"SV5_INFILL_ROOM_0282f0dabf4912108d47","SV5_INFILL_ROOM_021416edcede730f39c2","SV5_OPTIONAL_12","[[267,347],[267,348],[268,348],[268,349],[269,349],[269,350],[270,350],[271,350],[272,350],[273,350],[274,350],[275,350],[276,350],[277,350],[278,350],[279,350],[280,350],[281,350],[282,350],[283,350],[283,351],[284,351]]","[]","[[268,348],[268,349],[269,349],[269,350],[270,350],[271,350],[272,350],[273,350],[274,350],[275,350],[276,350],[277,350],[278,350],[279,350],[280,350],[281,350],[282,350],[283,350],[283,351]]","19","[[267,347],[267,348],[268,348],[268,349],[269,349],[269,350],[270,350],[271,350],[272,350],[273,350],[274,350],[275,350],[276,350],[277,350],[278,350],[279,350],[280,350],[281,350],[282,350],[283,350],[283,351],[284,351]]","22","SV5_INFILL_LENGTH_RULE_V2","PASS","267,348>268,348","[[252,346],[253,346],[254,346],[255,346],[256,346],[257,346],[258,346],[259,346],[260,346],[261,346],[262,346],[263,346],[264,346],[265,346],[266,346],[267,346],[268,347],[269,348],[270,349],[271,349],[272,349],[273,349],[274,349],[275,349],[276,349],[277,349],[278,349],[279,349],[280,349],[281,349],[282,349],[283,349],[284,350],[285,350],[286,350],[287,350],[288,350],[289,350],[290,350],[291,350],[292,350],[293,350],[294,350],[295,350],[296,350]]","[[252,347],[253,347],[254,347],[255,347],[256,347],[257,347],[258,347],[259,347],[260,347],[261,347],[262,347],[263,347],[264,347],[265,347],[266,347],[267,347],[268,348],[269,349],[270,350],[271,350],[272,350],[273,350],[274,350],[275,350],[276,350],[277,350],[278,350],[279,350],[280,350],[281,350],[282,350],[283,350],[284,351],[285,351],[286,351],[287,351],[288,351],[289,351],[290,351],[291,351],[292,351],[293,351],[294,351],[295,351],[296,351]]","[[296,351],[295,351],[294,351],[293,351],[292,351],[291,351],[290,351],[289,351],[288,351],[287,351],[286,351],[285,351],[284,351],[283,350],[282,350],[281,350],[280,350],[279,350],[278,350],[277,350],[276,350],[275,350],[274,350],[273,350],[272,350],[271,350],[270,350],[269,349],[268,348],[267,347],[266,347],[265,347],[264,347],[263,347],[262,347],[261,347],[260,347],[259,347],[258,347],[257,347],[256,347],[255,347],[254,347],[253,347],[252,347]]","True","STATIC_SCREEN_SUPPORTED_PLUS_ONE_AABB_0.4x0.8_HEADROOM_2;NOT_PLAYER_VERIFIED","d381ea7f0f21f05701140f12f3d305a8dc506a576371888395da9c021b1352d5"
"SV5_INFILL_ROOM_029b432f4140a9c49192","SV5_INFILL_ROOM_055856717f4139baf16b","SV5_OPTIONAL_09","[[68,129],[68,130],[67,130],[66,130],[65,130],[64,130],[63,130],[62,130],[61,130],[60,130],[59,130],[58,130],[57,130],[56,130],[55,130],[54,130],[53,130],[52,130],[52,131],[51,131]]","[]","[[67,130],[66,130],[65,130],[64,130],[63,130],[62,130],[61,130],[60,130],[59,130],[58,130],[57,130],[56,130],[55,130],[54,130],[53,130],[52,130],[52,131]]","17","[[68,129],[68,130],[67,130],[66,130],[65,130],[64,130],[63,130],[62,130],[61,130],[60,130],[59,130],[58,130],[57,130],[56,130],[55,130],[54,130],[53,130],[52,130],[52,131],[51,131]]","20","SV5_INFILL_LENGTH_RULE_V2","PASS","67,130>68,130","[[83,126],[82,126],[81,126],[80,126],[79,126],[78,127],[77,127],[76,128],[75,128],[74,128],[73,128],[72,128],[71,128],[70,128],[69,128],[68,128],[67,129],[66,129],[65,129],[64,129],[63,129],[62,129],[61,129],[60,129],[59,129],[58,129],[57,129],[56,129],[55,129],[54,129],[53,129],[52,129],[51,130],[50,130],[49,130],[48,130],[47,130],[46,130],[45,130],[44,130],[43,130],[42,130],[41,130],[40,130],[39,130]]","[[83,127],[82,127],[81,127],[80,127],[79,127],[78,128],[77,128],[76,129],[75,129],[74,129],[73,129],[72,129],[71,129],[70,129],[69,129],[68,129],[67,130],[66,130],[65,130],[64,130],[63,130],[62,130],[61,130],[60,130],[59,130],[58,130],[57,130],[56,130],[55,130],[54,130],[53,130],[52,130],[51,131],[50,131],[49,131],[48,131],[47,131],[46,131],[45,131],[44,131],[43,131],[42,131],[41,131],[40,131],[39,131]]","[[39,131],[40,131],[41,131],[42,131],[43,131],[44,131],[45,131],[46,131],[47,131],[48,131],[49,131],[50,131],[51,131],[52,130],[53,130],[54,130],[55,130],[56,130],[57,130],[58,130],[59,130],[60,130],[61,130],[62,130],[63,130],[64,130],[65,130],[66,130],[67,130],[68,129],[69,129],[70,129],[71,129],[72,129],[73,129],[74,129],[75,129],[76,129],[77,128],[78,128],[79,127],[80,127],[81,127],[82,127],[83,127]]","True","STATIC_SCREEN_SUPPORTED_PLUS_ONE_AABB_0.4x0.8_HEADROOM_2;NOT_PLAYER_VERIFIED","d381ea7f0f21f05701140f12f3d305a8dc506a576371888395da9c021b1352d5"
"SV5_INFILL_ROOM_02ad728ae6ec8e988675","SV5_INFILL_ROOM_044025be775aa1c9b4b9","SV5_OPTIONAL_14","[[107,303],[108,303],[108,302],[109,302],[109,301],[110,301],[110,300],[111,300],[111,299],[112,299],[113,299],[114,299],[115,299],[116,299],[117,299],[118,299],[119,299],[120,299]]","[]","[[108,303],[108,302],[109,302],[109,301],[110,301],[110,300],[111,300],[111,299],[112,299],[113,299],[114,299],[115,299],[116,299],[117,299],[118,299],[119,299]]","16","[[107,303],[108,303],[108,302],[109,302],[109,301],[110,301],[110,300],[111,300],[111,299],[112,299],[113,299],[114,299],[115,299],[116,299],[117,299],[118,299],[119,299],[120,299]]","18","SV5_INFILL_LENGTH_RULE_V2","PASS","107,303>108,303","[[92,302],[93,302],[94,302],[95,302],[96,302],[97,302],[98,302],[99,302],[100,302],[101,302],[102,302],[103,302],[104,302],[105,302],[106,302],[107,302],[108,301],[109,300],[110,299],[111,298],[112,298],[113,298],[114,298],[115,298],[116,298],[117,298],[118,298],[119,298],[120,298],[121,298],[122,298],[123,298],[124,298],[125,299],[126,299],[127,300],[128,300],[129,300],[130,300],[131,300],[132,300]]","[[92,303],[93,303],[94,303],[95,303],[96,303],[97,303],[98,303],[99,303],[100,303],[101,303],[102,303],[103,303],[104,303],[105,303],[106,303],[107,303],[108,302],[109,301],[110,300],[111,299],[112,299],[113,299],[114,299],[115,299],[116,299],[117,299],[118,299],[119,299],[120,299],[121,299],[122,299],[123,299],[124,299],[125,300],[126,300],[127,301],[128,301],[129,301],[130,301],[131,301],[132,301]]","[[132,301],[131,301],[130,301],[129,301],[128,301],[127,301],[126,300],[125,300],[124,299],[123,299],[122,299],[121,299],[120,299],[119,299],[118,299],[117,299],[116,299],[115,299],[114,299],[113,299],[112,299],[111,299],[110,300],[109,301],[108,302],[107,303],[106,303],[105,303],[104,303],[103,303],[102,303],[101,303],[100,303],[99,303],[98,303],[97,303],[96,303],[95,303],[94,303],[93,303],[92,303]]","True","STATIC_SCREEN_SUPPORTED_PLUS_ONE_AABB_0.4x0.8_HEADROOM_2;NOT_PLAYER_VERIFIED","d381ea7f0f21f05701140f12f3d305a8dc506a576371888395da9c021b1352d5"
"SV5_INFILL_ROOM_02ae7414022cdad35012","SV5_INFILL_ROOM_174a5fe09e7fd27dfbba","SV5_OPTIONAL_04","[[512,101],[511,101],[511,100],[510,100],[510,99],[509,99],[509,98],[508,98],[508,97],[507,97],[507,96],[506,96],[506,95],[505,95],[504,95],[503,95]]","[]","[[511,101],[511,100],[510,100],[510,99],[509,99],[509,98],[508,98],[508,97],[507,97],[507,96],[506,96],[506,95],[505,95],[504,95]]","14","[[512,101],[511,101],[511,100],[510,100],[510,99],[509,99],[509,98],[508,98],[508,97],[507,97],[507,96],[506,96],[506,95],[505,95],[504,95],[503,95]]","16","SV5_INFILL_LENGTH_RULE_V2","PASS","511,101>512,101","[[527,98],[526,98],[525,98],[524,98],[523,98],[522,99],[521,99],[520,100],[519,100],[518,100],[517,100],[516,100],[515,100],[514,100],[513,100],[512,100],[511,99],[510,98],[509,97],[508,96],[507,95],[506,94],[505,94],[504,94],[503,94],[502,94],[501,94],[500,94],[499,94],[498,95],[497,95],[496,96],[495,96],[494,96],[493,96],[492,96],[491,96]]","[[527,99],[526,99],[525,99],[524,99],[523,99],[522,100],[521,100],[520,101],[519,101],[518,101],[517,101],[516,101],[515,101],[514,101],[513,101],[512,101],[511,100],[510,99],[509,98],[508,97],[507,96],[506,95],[505,95],[504,95],[503,95],[502,95],[501,95],[500,95],[499,95],[498,96],[497,96],[496,97],[495,97],[494,97],[493,97],[492,97],[491,97]]","[[491,97],[492,97],[493,97],[494,97],[495,97],[496,97],[497,96],[498,96],[499,95],[500,95],[501,95],[502,95],[503,95],[504,95],[505,95],[506,95],[507,96],[508,97],[509,98],[510,99],[511,100],[512,101],[513,101],[514,101],[515,101],[516,101],[517,101],[518,101],[519,101],[520,101],[521,100],[522,100],[523,99],[524,99],[525,99],[526,99],[527,99]]","True","STATIC_SCREEN_SUPPORTED_PLUS_ONE_AABB_0.4x0.8_HEADROOM_2;NOT_PLAYER_VERIFIED","d381ea7f0f21f05701140f12f3d305a8dc506a576371888395da9c021b1352d5"
"SV5_INFILL_ROOM_02bb145ab70126550c47","SV5_OPTIONAL_11","SV5_OPTIONAL_11","[[208,243],[209,243],[209,242],[210,242],[210,241],[211,241],[211,240],[212,240],[212,239],[213,239],[213,238],[214,238],[214,237],[215,237],[215,236],[216,236],[216,235]]","[[208,244],[208,243]]","[[208,244],[208,243],[209,243],[209,242],[210,242],[210,241],[211,241],[211,240],[212,240],[212,239],[213,239],[213,238],[214,238],[214,237],[215,237],[215,236]]","16","[[208,244],[208,243],[209,243],[209,242],[210,242],[210,241],[211,241],[211,240],[212,240],[212,239],[213,239],[213,238],[214,238],[214,237],[215,237],[215,236],[216,236],[216,235]]","18","SV5_INFILL_LENGTH_RULE_V2","PASS","208,243>208,244|207,244>208,244|208,244>209,244|209,243>209,244","[[208,242],[209,241],[210,240],[211,239],[212,238],[213,237],[214,236],[215,235],[216,234],[217,234],[218,234],[219,234],[220,234],[221,234],[222,234],[223,234],[224,234],[225,234],[226,234],[227,234],[228,234]]","[[208,243],[209,242],[210,241],[211,240],[212,239],[213,238],[214,237],[215,236],[216,235],[217,235],[218,235],[219,235],[220,235],[221,235],[222,235],[223,235],[224,235],[225,235],[226,235],[227,235],[228,235]]","[[228,235],[227,235],[226,235],[225,235],[224,235],[223,235],[222,235],[221,235],[220,235],[219,235],[218,235],[217,235],[216,235],[215,236],[214,237],[213,238],[212,239],[211,240],[210,241],[209,242],[208,243]]","True","STATIC_SCREEN_SUPPORTED_PLUS_ONE_AABB_0.4x0.8_HEADROOM_2;NOT_PLAYER_VERIFIED","d381ea7f0f21f05701140f12f3d305a8dc506a576371888395da9c021b1352d5"
"SV5_INFILL_ROOM_02c450bd7f02577d51cc","SV5_INFILL_ROOM_015e047734bb1781d7ff","SV5_OPTIONAL_09","[[48,109],[47,109],[47,108],[46,108],[46,107],[45,107],[45,106],[44,106],[44,105],[43,105],[43,104],[42,104],[42,103],[41,103],[41,102],[40,102],[40,101],[39,101],[39,100],[38,100],[38,99],[37,99],[36,99],[35,99]]","[]","[[47,109],[47,108],[46,108],[46,107],[45,107],[45,106],[44,106],[44,105],[43,105],[43,104],[42,104],[42,103],[41,103],[41,102],[40,102],[40,101],[39,101],[39,100],[38,100],[38,99],[37,99],[36,99]]","22","[[48,109],[47,109],[47,108],[46,108],[46,107],[45,107],[45,106],[44,106],[44,105],[43,105],[43,104],[42,104],[42,103],[41,103],[41,102],[40,102],[40,101],[39,101],[39,100],[38,100],[38,99],[37,99],[36,99],[35,99]]","24","SV5_INFILL_LENGTH_RULE_V2","PASS","47,109>48,109","[[63,106],[62,106],[61,106],[60,106],[59,106],[58,107],[57,107],[56,108],[55,108],[54,108],[53,108],[52,108],[51,108],[50,108],[49,108],[48,108],[47,107],[46,106],[45,105],[44,104],[43,103],[42,102],[41,101],[40,100],[39,99],[38,98],[37,98],[36,98],[35,98],[34,98],[33,98],[32,98],[31,98],[30,98],[29,98],[28,98],[27,98],[26,98],[25,98],[24,98],[23,98],[22,98],[21,98],[20,98],[19,98]]","[[63,107],[62,107],[61,107],[60,107],[59,107],[58,108],[57,108],[56,109],[55,109],[54,109],[53,109],[52,109],[51,109],[50,109],[49,109],[48,109],[47,108],[46,107],[45,106],[44,105],[43,104],[42,103],[41,102],[40,101],[39,100],[38,99],[37,99],[36,99],[35,99],[34,99],[33,99],[32,99],[31,99],[30,99],[29,99],[28,99],[27,99],[26,99],[25,99],[24,99],[23,99],[22,99],[21,99],[20,99],[19,99]]","[[19,99],[20,99],[21,99],[22,99],[23,99],[24,99],[25,99],[26,99],[27,99],[28,99],[29,99],[30,99],[31,99],[32,99],[33,99],[34,99],[35,99],[36,99],[37,99],[38,99],[39,100],[40,101],[41,102],[42,103],[43,104],[44,105],[45,106],[46,107],[47,108],[48,109],[49,109],[50,109],[51,109],[52,109],[53,109],[54,109],[55,109],[56,109],[57,108],[58,108],[59,107],[60,107],[61,107],[62,107],[63,107]]","True","STATIC_SCREEN_SUPPORTED_PLUS_ONE_AABB_0.4x0.8_HEADROOM_2;NOT_PLAYER_VERIFIED","d381ea7f0f21f05701140f12f3d305a8dc506a576371888395da9c021b1352d5"
"SV5_INFILL_ROOM_02c9b2d6e7ba5ded15f4","SV5_INFILL_ROOM_05ca1ce41aa5fccf5e3e","SV5_OPTIONAL_08","[[96,83],[96,84],[95,84],[95,85],[94,85],[94,86],[93,86],[92,86],[92,87],[91,87]]","[]","[[95,84],[95,85],[94,85],[94,86],[93,86],[92,86],[92,87]]","7","[[96,83],[96,84],[95,84],[95,85],[94,85],[94,86],[93,86],[92,86],[92,87],[91,87]]","10","SV5_INFILL_LENGTH_RULE_V2","PASS","95,84>96,84","[[115,82],[114,82],[113,82],[112,82],[111,82],[110,82],[109,82],[108,82],[107,82],[106,82],[105,82],[104,82],[103,82],[102,82],[101,82],[100,82],[99,82],[98,82],[97,82],[96,82],[95,83],[94,84],[93,85],[92,85],[91,86],[90,86],[89,86],[88,86],[87,86],[86,86],[85,86],[84,86],[83,86],[82,86],[81,86],[80,86],[79,86],[78,86],[77,86],[76,86],[75,86]]","[[115,83],[114,83],[113,83],[112,83],[111,83],[110,83],[109,83],[108,83],[107,83],[106,83],[105,83],[104,83],[103,83],[102,83],[101,83],[100,83],[99,83],[98,83],[97,83],[96,83],[95,84],[94,85],[93,86],[92,86],[91,87],[90,87],[89,87],[88,87],[87,87],[86,87],[85,87],[84,87],[83,87],[82,87],[81,87],[80,87],[79,87],[78,87],[77,87],[76,87],[75,87]]","[[75,87],[76,87],[77,87],[78,87],[79,87],[80,87],[81,87],[82,87],[83,87],[84,87],[85,87],[86,87],[87,87],[88,87],[89,87],[90,87],[91,87],[92,86],[93,86],[94,85],[95,84],[96,83],[97,83],[98,83],[99,83],[100,83],[101,83],[102,83],[103,83],[104,83],[105,83],[106,83],[107,83],[108,83],[109,83],[110,83],[111,83],[112,83],[113,83],[114,83],[115,83]]","True","STATIC_SCREEN_SUPPORTED_PLUS_ONE_AABB_0.4x0.8_HEADROOM_2;NOT_PLAYER_VERIFIED","d381ea7f0f21f05701140f12f3d305a8dc506a576371888395da9c021b1352d5"
"SV5_INFILL_ROOM_02cd489a4e683021fd8e","SV5_INFILL_ROOM_02ad728ae6ec8e988675","SV5_OPTIONAL_14","[[135,301],[135,302],[136,302],[136,303],[137,303],[137,304],[138,304],[138,305],[139,305],[139,306],[140,306],[141,306],[142,306],[143,306],[144,306],[145,306],[146,306],[147,306],[147,307],[148,307]]","[]","[[136,302],[136,303],[137,303],[137,304],[138,304],[138,305],[139,305],[139,306],[140,306],[141,306],[142,306],[143,306],[144,306],[145,306],[146,306],[147,306],[147,307]]","17","[[135,301],[135,302],[136,302],[136,303],[137,303],[137,304],[138,304],[138,305],[139,305],[139,306],[140,306],[141,306],[142,306],[143,306],[144,306],[145,306],[146,306],[147,306],[147,307],[148,307]]","20","SV5_INFILL_LENGTH_RULE_V2","PASS","135,302>136,302","[[120,298],[121,298],[122,298],[123,298],[124,298],[125,299],[126,299],[127,300],[128,300],[129,300],[130,300],[131,300],[132,300],[133,300],[134,300],[135,300],[136,301],[137,302],[138,303],[139,304],[140,305],[141,305],[142,305],[143,305],[144,305],[145,305],[146,305],[147,305],[148,306],[149,306],[150,306],[151,306],[152,306],[153,306],[154,306],[155,306],[156,306],[157,306],[158,306],[159,306],[160,306],[161,306],[162,306],[163,306],[164,306]]","[[120,299],[121,299],[122,299],[123,299],[124,299],[125,300],[126,300],[127,301],[128,301],[129,301],[130,301],[131,301],[132,301],[133,301],[134,301],[135,301],[136,302],[137,303],[138,304],[139,305],[140,306],[141,306],[142,306],[143,306],[144,306],[145,306],[146,306],[147,306],[148,307],[149,307],[150,307],[151,307],[152,307],[153,307],[154,307],[155,307],[156,307],[157,307],[158,307],[159,307],[160,307],[161,307],[162,307],[163,307],[164,307]]","[[164,307],[163,307],[162,307],[161,307],[160,307],[159,307],[158,307],[157,307],[156,307],[155,307],[154,307],[153,307],[152,307],[151,307],[150,307],[149,307],[148,307],[147,306],[146,306],[145,306],[144,306],[143,306],[142,306],[141,306],[140,306],[139,305],[138,304],[137,303],[136,302],[135,301],[134,301],[133,301],[132,301],[131,301],[130,301],[129,301],[128,301],[127,301],[126,300],[125,300],[124,299],[123,299],[122,299],[121,299],[120,299]]","True","STATIC_SCREEN_SUPPORTED_PLUS_ONE_AABB_0.4x0.8_HEADROOM_2;NOT_PLAYER_VERIFIED","d381ea7f0f21f05701140f12f3d305a8dc506a576371888395da9c021b1352d5"
"SV5_INFILL_ROOM_02eb000c5def9fe17f6c","SV5_OPTIONAL_14","SV5_OPTIONAL_14","[[58,303],[58,304],[57,304],[57,305],[56,305],[56,306],[55,306],[55,307],[54,307],[54,308],[53,308],[53,309],[52,309],[52,310],[51,310],[50,310],[49,310],[48,310],[48,311],[47,311]]","[[60,303],[59,303],[58,303]]","[[59,303],[58,303],[58,304],[57,304],[57,305],[56,305],[56,306],[55,306],[55,307],[54,307],[54,308],[53,308],[53,309],[52,309],[52,310],[51,310],[50,310],[49,310],[48,310],[48,311]]","20","[[60,303],[59,303],[58,303],[58,304],[57,304],[57,305],[56,305],[56,306],[55,306],[55,307],[54,307],[54,308],[53,308],[53,309],[52,309],[52,310],[51,310],[50,310],[49,310],[48,310],[48,311],[47,311]]","22","SV5_INFILL_LENGTH_RULE_V2","PASS","59,303>60,303|59,304>60,304","[[58,302],[57,303],[56,304],[55,305],[54,306],[53,307],[52,308],[51,309],[50,309],[49,309],[48,309],[47,310],[46,310],[45,310],[44,310],[43,310],[42,311],[41,311],[40,312],[39,312],[38,312],[37,312],[36,312],[35,312]]","[[58,303],[57,304],[56,305],[55,306],[54,307],[53,308],[52,309],[51,310],[50,310],[49,310],[48,310],[47,311],[46,311],[45,311],[44,311],[43,311],[42,312],[41,312],[40,313],[39,313],[38,313],[37,313],[36,313],[35,313]]","[[35,313],[36,313],[37,313],[38,313],[39,313],[40,313],[41,312],[42,312],[43,311],[44,311],[45,311],[46,311],[47,311],[48,310],[49,310],[50,310],[51,310],[52,309],[53,308],[54,307],[55,306],[56,305],[57,304],[58,303]]","True","STATIC_SCREEN_SUPPORTED_PLUS_ONE_AABB_0.4x0.8_HEADROOM_2;NOT_PLAYER_VERIFIED","d381ea7f0f21f05701140f12f3d305a8dc506a576371888395da9c021b1352d5"
"SV5_INFILL_ROOM_0302951adf56016fc5e5","SV5_OPTIONAL_14","SV5_OPTIONAL_14","[[62,311],[63,311],[64,311]]","[[60,311],[61,311],[62,311]]","[[61,311],[62,311],[63,311]]","3","[[60,311],[61,311],[62,311],[63,311],[64,311]]","5","SV5_INFILL_LENGTH_RULE_V2","PASS","60,311>61,311|60,312>61,312","[[62,310],[63,310],[64,310],[65,310],[66,310],[67,310],[68,310],[69,311],[70,311],[71,312],[72,312],[73,312],[74,312],[75,312],[76,312]]","[[62,311],[63,311],[64,311],[65,311],[66,311],[67,311],[68,311],[69,312],[70,312],[71,313],[72,313],[73,313],[74,313],[75,313],[76,313]]","[[76,313],[75,313],[74,313],[73,313],[72,313],[71,313],[70,312],[69,312],[68,311],[67,311],[66,311],[65,311],[64,311],[63,311],[62,311]]","True","STATIC_SCREEN_SUPPORTED_PLUS_ONE_AABB_0.4x0.8_HEADROOM_2;NOT_PLAYER_VERIFIED","d381ea7f0f21f05701140f12f3d305a8dc506a576371888395da9c021b1352d5"
"SV5_INFILL_ROOM_032723ec76224555dc3f","SV5_OPTIONAL_01","SV5_OPTIONAL_01","[[359,347],[359,348],[358,348],[358,349],[357,349],[357,350],[356,350],[356,351],[355,351]]","[[361,347],[360,347],[359,347]]","[[360,347],[359,347],[359,348],[358,348],[358,349],[357,349],[357,350],[356,350],[356,351]]","9","[[361,347],[360,347],[359,347],[359,348],[358,348],[358,349],[357,349],[357,350],[356,350],[356,351],[355,351]]","11","SV5_INFILL_LENGTH_RULE_V2","PASS","360,347>361,347|360,348>361,348","[[359,346],[358,347],[357,348],[356,349],[355,350],[354,350],[353,350],[352,350],[351,350],[350,350],[349,350],[348,350],[347,350],[346,350],[345,350],[344,350],[343,350],[342,350],[341,350],[340,350],[339,350]]","[[359,347],[358,348],[357,349],[356,350],[355,351],[354,351],[353,351],[352,351],[351,351],[350,351],[349,351],[348,351],[347,351],[346,351],[345,351],[344,351],[343,351],[342,351],[341,351],[340,351],[339,351]]","[[339,351],[340,351],[341,351],[342,351],[343,351],[344,351],[345,351],[346,351],[347,351],[348,351],[349,351],[350,351],[351,351],[352,351],[353,351],[354,351],[355,351],[356,350],[357,349],[358,348],[359,347]]","True","STATIC_SCREEN_SUPPORTED_PLUS_ONE_AABB_0.4x0.8_HEADROOM_2;NOT_PLAYER_VERIFIED","d381ea7f0f21f05701140f12f3d305a8dc506a576371888395da9c021b1352d5"
"SV5_INFILL_ROOM_033321d73a23186368ba","SV5_INFILL_ROOM_03eb84acec7e9db8f52e","SV5_OPTIONAL_10","[[52,219],[51,219],[51,218],[50,218],[50,217],[49,217],[49,216],[48,216],[48,215],[47,215],[47,214],[46,214],[46,213],[45,213],[45,212],[44,212],[44,211],[43,211],[42,211],[41,211],[40,211],[39,211]]","[]","[[51,219],[51,218],[50,218],[50,217],[49,217],[49,216],[48,216],[48,215],[47,215],[47,214],[46,214],[46,213],[45,213],[45,212],[44,212],[44,211],[43,211],[42,211],[41,211],[40,211]]","20","[[52,219],[51,219],[51,218],[50,218],[50,217],[49,217],[49,216],[48,216],[48,215],[47,215],[47,214],[46,214],[46,213],[45,213],[45,212],[44,212],[44,211],[43,211],[42,211],[41,211],[40,211],[39,211]]","22","SV5_INFILL_LENGTH_RULE_V2","PASS","51,219>52,219","[[67,218],[66,218],[65,218],[64,218],[63,218],[62,218],[61,218],[60,218],[59,218],[58,218],[57,218],[56,218],[55,218],[54,218],[53,218],[52,218],[51,217],[50,216],[49,215],[48,214],[47,213],[46,212],[45,211],[44,210],[43,210],[42,210],[41,210],[40,210],[39,210],[38,210],[37,210],[36,210],[35,210],[34,210],[33,210],[32,210],[31,210],[30,210],[29,210],[28,210],[27,210]]","[[67,219],[66,219],[65,219],[64,219],[63,219],[62,219],[61,219],[60,219],[59,219],[58,219],[57,219],[56,219],[55,219],[54,219],[53,219],[52,219],[51,218],[50,217],[49,216],[48,215],[47,214],[46,213],[45,212],[44,211],[43,211],[42,211],[41,211],[40,211],[39,211],[38,211],[37,211],[36,211],[35,211],[34,211],[33,211],[32,211],[31,211],[30,211],[29,211],[28,211],[27,211]]","[[27,211],[28,211],[29,211],[30,211],[31,211],[32,211],[33,211],[34,211],[35,211],[36,211],[37,211],[38,211],[39,211],[40,211],[41,211],[42,211],[43,211],[44,211],[45,212],[46,213],[47,214],[48,215],[49,216],[50,217],[51,218],[52,219],[53,219],[54,219],[55,219],[56,219],[57,219],[58,219],[59,219],[60,219],[61,219],[62,219],[63,219],[64,219],[65,219],[66,219],[67,219]]","True","STATIC_SCREEN_SUPPORTED_PLUS_ONE_AABB_0.4x0.8_HEADROOM_2;NOT_PLAYER_VERIFIED","d381ea7f0f21f05701140f12f3d305a8dc506a576371888395da9c021b1352d5"
"SV5_INFILL_ROOM_033678ff7e9c05d21528","SV5_OPTIONAL_09","SV5_OPTIONAL_09","[[130,115],[130,116],[131,116],[131,117],[132,117],[132,118],[133,118],[134,118],[135,118],[136,118],[137,118],[138,118],[139,118],[140,118],[141,118],[142,118],[143,118],[143,119],[144,119]]","[[128,115],[129,115],[130,115]]","[[129,115],[130,115],[130,116],[131,116],[131,117],[132,117],[132,118],[133,118],[134,118],[135,118],[136,118],[137,118],[138,118],[139,118],[140,118],[141,118],[142,118],[143,118],[143,119]]","19","[[128,115],[129,115],[130,115],[130,116],[131,116],[131,117],[132,117],[132,118],[133,118],[134,118],[135,118],[136,118],[137,118],[138,118],[139,118],[140,118],[141,118],[142,118],[143,118],[143,119],[144,119]]","21","SV5_INFILL_LENGTH_RULE_V2","PASS","128,115>129,115|128,116>129,116","[[130,114],[131,115],[132,116],[133,117],[134,117],[135,117],[136,117],[137,117],[138,117],[139,117],[140,117],[141,117],[142,117],[143,117],[144,118],[145,118],[146,118],[147,118],[148,118],[149,118],[150,118],[151,118],[152,118],[153,118],[154,118],[155,118],[156,118],[157,118],[158,118],[159,118],[160,118]]","[[130,115],[131,116],[132,117],[133,118],[134,118],[135,118],[136,118],[137,118],[138,118],[139,118],[140,118],[141,118],[142,118],[143,118],[144,119],[145,119],[146,119],[147,119],[148,119],[149,119],[150,119],[151,119],[152,119],[153,119],[154,119],[155,119],[156,119],[157,119],[158,119],[159,119],[160,119]]","[[160,119],[159,119],[158,119],[157,119],[156,119],[155,119],[154,119],[153,119],[152,119],[151,119],[150,119],[149,119],[148,119],[147,119],[146,119],[145,119],[144,119],[143,118],[142,118],[141,118],[140,118],[139,118],[138,118],[137,118],[136,118],[135,118],[134,118],[133,118],[132,117],[131,116],[130,115]]","True","STATIC_SCREEN_SUPPORTED_PLUS_ONE_AABB_0.4x0.8_HEADROOM_2;NOT_PLAYER_VERIFIED","d381ea7f0f21f05701140f12f3d305a8dc506a576371888395da9c021b1352d5"
"SV5_INFILL_ROOM_0336ae99bc580abe01f7","SV5_OPTIONAL_14","SV5_OPTIONAL_14","[[58,359],[57,359],[56,359],[55,359],[54,359],[53,359],[52,359],[51,359],[50,359],[49,359],[48,359],[47,359],[46,359],[45,359],[44,359],[43,359],[42,359],[41,359],[40,359],[39,359]]","[[60,359],[59,359],[58,359]]","[[59,359],[58,359],[57,359],[56,359],[55,359],[54,359],[53,359],[52,359],[51,359],[50,359],[49,359],[48,359],[47,359],[46,359],[45,359],[44,359],[43,359],[42,359],[41,359],[40,359]]","20","[[60,359],[59,359],[58,359],[57,359],[56,359],[55,359],[54,359],[53,359],[52,359],[51,359],[50,359],[49,359],[48,359],[47,359],[46,359],[45,359],[44,359],[43,359],[42,359],[41,359],[40,359],[39,359]]","22","SV5_INFILL_LENGTH_RULE_V2","PASS","59,359>60,359|59,360>60,360","[[58,358],[57,358],[56,358],[55,358],[54,358],[53,358],[52,358],[51,358],[50,358],[49,358],[48,358],[47,358],[46,358],[45,358],[44,358],[43,358],[42,358],[41,358],[40,358],[39,358],[38,358],[37,358],[36,358],[35,358],[34,358],[33,358],[32,358],[31,358],[30,358],[29,358],[28,358],[27,358]]","[[58,359],[57,359],[56,359],[55,359],[54,359],[53,359],[52,359],[51,359],[50,359],[49,359],[48,359],[47,359],[46,359],[45,359],[44,359],[43,359],[42,359],[41,359],[40,359],[39,359],[38,359],[37,359],[36,359],[35,359],[34,359],[33,359],[32,359],[31,359],[30,359],[29,359],[28,359],[27,359]]","[[27,359],[28,359],[29,359],[30,359],[31,359],[32,359],[33,359],[34,359],[35,359],[36,359],[37,359],[38,359],[39,359],[40,359],[41,359],[42,359],[43,359],[44,359],[45,359],[46,359],[47,359],[48,359],[49,359],[50,359],[51,359],[52,359],[53,359],[54,359],[55,359],[56,359],[57,359],[58,359]]","True","STATIC_SCREEN_SUPPORTED_PLUS_ONE_AABB_0.4x0.8_HEADROOM_2;NOT_PLAYER_VERIFIED","d381ea7f0f21f05701140f12f3d305a8dc506a576371888395da9c021b1352d5"
"SV5_INFILL_ROOM_03457115457eb0b59c96","SV5_INFILL_ROOM_021b4048fa47706aeaf6","SV5_OPTIONAL_09","[[56,171],[55,171],[55,170],[54,170],[54,169],[53,169],[53,168],[52,168],[52,167],[51,167],[51,166],[50,166],[50,165],[49,165],[49,164],[48,164],[48,163],[47,163]]","[]","[[55,171],[55,170],[54,170],[54,169],[53,169],[53,168],[52,168],[52,167],[51,167],[51,166],[50,166],[50,165],[49,165],[49,164],[48,164],[48,163]]","16","[[56,171],[55,171],[55,170],[54,170],[54,169],[53,169],[53,168],[52,168],[52,167],[51,167],[51,166],[50,166],[50,165],[49,165],[49,164],[48,164],[48,163],[47,163]]","18","SV5_INFILL_LENGTH_RULE_V2","PASS","55,171>56,171","[[71,170],[70,170],[69,170],[68,170],[67,170],[66,170],[65,170],[64,170],[63,170],[62,170],[61,170],[60,170],[59,170],[58,170],[57,170],[56,170],[55,169],[54,168],[53,167],[52,166],[51,165],[50,164],[49,163],[48,162],[47,162],[46,162],[45,162],[44,162],[43,162],[42,162],[41,162],[40,162],[39,162],[38,162],[37,162],[36,162],[35,162],[34,162],[33,162],[32,162],[31,162]]","[[71,171],[70,171],[69,171],[68,171],[67,171],[66,171],[65,171],[64,171],[63,171],[62,171],[61,171],[60,171],[59,171],[58,171],[57,171],[56,171],[55,170],[54,169],[53,168],[52,167],[51,166],[50,165],[49,164],[48,163],[47,163],[46,163],[45,163],[44,163],[43,163],[42,163],[41,163],[40,163],[39,163],[38,163],[37,163],[36,163],[35,163],[34,163],[33,163],[32,163],[31,163]]","[[31,163],[32,163],[33,163],[34,163],[35,163],[36,163],[37,163],[38,163],[39,163],[40,163],[41,163],[42,163],[43,163],[44,163],[45,163],[46,163],[47,163],[48,163],[49,164],[50,165],[51,166],[52,167],[53,168],[54,169],[55,170],[56,171],[57,171],[58,171],[59,171],[60,171],[61,171],[62,171],[63,171],[64,171],[65,171],[66,171],[67,171],[68,171],[69,171],[70,171],[71,171]]","True","STATIC_SCREEN_SUPPORTED_PLUS_ONE_AABB_0.4x0.8_HEADROOM_2;NOT_PLAYER_VERIFIED","d381ea7f0f21f05701140f12f3d305a8dc506a576371888395da9c021b1352d5"
"SV5_INFILL_ROOM_0348461d960659e46de4","SV5_INFILL_ROOM_02131663b956c4b63225","SV5_OPTIONAL_06","[[140,9],[139,9],[139,8],[138,8],[138,7],[137,7],[136,7],[135,7],[134,7],[133,7],[132,7],[131,7],[130,7],[129,7],[128,7],[127,7],[126,7],[125,7],[124,7],[123,7],[122,7],[121,7],[120,7],[119,7]]","[]","[[139,9],[139,8],[138,8],[138,7],[137,7],[136,7],[135,7],[134,7],[133,7],[132,7],[131,7],[130,7],[129,7],[128,7],[127,7],[126,7],[125,7],[124,7],[123,7],[122,7],[121,7],[120,7]]","22","[[140,9],[139,9],[139,8],[138,8],[138,7],[137,7],[136,7],[135,7],[134,7],[133,7],[132,7],[131,7],[130,7],[129,7],[128,7],[127,7],[126,7],[125,7],[124,7],[123,7],[122,7],[121,7],[120,7],[119,7]]","24","SV5_INFILL_LENGTH_RULE_V2","PASS","139,9>140,9","[[155,6],[154,6],[153,6],[152,6],[151,6],[150,7],[149,7],[148,8],[147,8],[146,8],[145,8],[144,8],[143,8],[142,8],[141,8],[140,8],[139,7],[138,6],[137,6],[136,6],[135,6],[134,6],[133,6],[132,6],[131,6],[130,6],[129,6],[128,6],[127,6],[126,6],[125,6],[124,6],[123,6],[122,6],[121,6],[120,6],[119,6],[118,6],[117,6],[116,6],[115,6],[114,6],[113,6],[112,6],[111,6],[110,6],[109,6],[108,6],[107,6],[106,6],[105,6],[104,6],[103,6]]","[[155,7],[154,7],[153,7],[152,7],[151,7],[150,8],[149,8],[148,9],[147,9],[146,9],[145,9],[144,9],[143,9],[142,9],[141,9],[140,9],[139,8],[138,7],[137,7],[136,7],[135,7],[134,7],[133,7],[132,7],[131,7],[130,7],[129,7],[128,7],[127,7],[126,7],[125,7],[124,7],[123,7],[122,7],[121,7],[120,7],[119,7],[118,7],[117,7],[116,7],[115,7],[114,7],[113,7],[112,7],[111,7],[110,7],[109,7],[108,7],[107,7],[106,7],[105,7],[104,7],[103,7]]","[[103,7],[104,7],[105,7],[106,7],[107,7],[108,7],[109,7],[110,7],[111,7],[112,7],[113,7],[114,7],[115,7],[116,7],[117,7],[118,7],[119,7],[120,7],[121,7],[122,7],[123,7],[124,7],[125,7],[126,7],[127,7],[128,7],[129,7],[130,7],[131,7],[132,7],[133,7],[134,7],[135,7],[136,7],[137,7],[138,7],[139,8],[140,9],[141,9],[142,9],[143,9],[144,9],[145,9],[146,9],[147,9],[148,9],[149,8],[150,8],[151,7],[152,7],[153,7],[154,7],[155,7]]","True","STATIC_SCREEN_SUPPORTED_PLUS_ONE_AABB_0.4x0.8_HEADROOM_2;NOT_PLAYER_VERIFIED","d381ea7f0f21f05701140f12f3d305a8dc506a576371888395da9c021b1352d5"
"SV5_INFILL_ROOM_034e96ec4b59b2e7de89","SV5_INFILL_ROOM_0336ae99bc580abe01f7","SV5_OPTIONAL_14","[[24,359],[23,359],[23,358],[22,358],[22,357],[21,357],[21,356],[20,356],[20,355],[19,355]]","[]","[[23,359],[23,358],[22,358],[22,357],[21,357],[21,356],[20,356],[20,355]]","8","[[24,359],[23,359],[23,358],[22,358],[22,357],[21,357],[21,356],[20,356],[20,355],[19,355]]","10","SV5_INFILL_LENGTH_RULE_V2","PASS","23,359>24,359","[[39,358],[38,358],[37,358],[36,358],[35,358],[34,358],[33,358],[32,358],[31,358],[30,358],[29,358],[28,358],[27,358],[26,358],[25,358],[24,358],[23,357],[22,356],[21,355],[20,354],[19,354],[18,354],[17,354],[16,354],[15,354],[14,354],[13,354],[12,354],[11,354],[10,354],[9,354],[8,354],[7,354]]","[[39,359],[38,359],[37,359],[36,359],[35,359],[34,359],[33,359],[32,359],[31,359],[30,359],[29,359],[28,359],[27,359],[26,359],[25,359],[24,359],[23,358],[22,357],[21,356],[20,355],[19,355],[18,355],[17,355],[16,355],[15,355],[14,355],[13,355],[12,355],[11,355],[10,355],[9,355],[8,355],[7,355]]","[[7,355],[8,355],[9,355],[10,355],[11,355],[12,355],[13,355],[14,355],[15,355],[16,355],[17,355],[18,355],[19,355],[20,355],[21,356],[22,357],[23,358],[24,359],[25,359],[26,359],[27,359],[28,359],[29,359],[30,359],[31,359],[32,359],[33,359],[34,359],[35,359],[36,359],[37,359],[38,359],[39,359]]","True","STATIC_SCREEN_SUPPORTED_PLUS_ONE_AABB_0.4x0.8_HEADROOM_2;NOT_PLAYER_VERIFIED","d381ea7f0f21f05701140f12f3d305a8dc506a576371888395da9c021b1352d5"
"SV5_INFILL_ROOM_035798141bd571f529ac","SV5_INFILL_ROOM_0186b28fa0b2a39be20e","SV5_OPTIONAL_00","[[356,391],[355,391],[355,390],[354,390],[354,389],[353,389],[353,388],[352,388],[352,387],[351,387],[350,387],[349,387],[348,387],[347,387]]","[]","[[355,391],[355,390],[354,390],[354,389],[353,389],[353,388],[352,388],[352,387],[351,387],[350,387],[349,387],[348,387]]","12","[[356,391],[355,391],[355,390],[354,390],[354,389],[353,389],[353,388],[352,388],[352,387],[351,387],[350,387],[349,387],[348,387],[347,387]]","14","SV5_INFILL_LENGTH_RULE_V2","PASS","355,391>356,391","[[375,390],[374,390],[373,390],[372,390],[371,390],[370,390],[369,390],[368,390],[367,390],[366,390],[365,390],[364,390],[363,390],[362,390],[361,390],[360,390],[359,390],[358,390],[357,390],[356,390],[355,389],[354,388],[353,387],[352,386],[351,386],[350,386],[349,386],[348,386],[347,386],[346,386],[345,386],[344,386],[343,386],[342,386],[341,386],[340,386],[339,386],[338,386],[337,386],[336,386],[335,386]]","[[375,391],[374,391],[373,391],[372,391],[371,391],[370,391],[369,391],[368,391],[367,391],[366,391],[365,391],[364,391],[363,391],[362,391],[361,391],[360,391],[359,391],[358,391],[357,391],[356,391],[355,390],[354,389],[353,388],[352,387],[351,387],[350,387],[349,387],[348,387],[347,387],[346,387],[345,387],[344,387],[343,387],[342,387],[341,387],[340,387],[339,387],[338,387],[337,387],[336,387],[335,387]]","[[335,387],[336,387],[337,387],[338,387],[339,387],[340,387],[341,387],[342,387],[343,387],[344,387],[345,387],[346,387],[347,387],[348,387],[349,387],[350,387],[351,387],[352,387],[353,388],[354,389],[355,390],[356,391],[357,391],[358,391],[359,391],[360,391],[361,391],[362,391],[363,391],[364,391],[365,391],[366,391],[367,391],[368,391],[369,391],[370,391],[371,391],[372,391],[373,391],[374,391],[375,391]]","True","STATIC_SCREEN_SUPPORTED_PLUS_ONE_AABB_0.4x0.8_HEADROOM_2;NOT_PLAYER_VERIFIED","d381ea7f0f21f05701140f12f3d305a8dc506a576371888395da9c021b1352d5"
"SV5_INFILL_ROOM_0385fb7a684e6007e3c3","SV5_INFILL_ROOM_033678ff7e9c05d21528","SV5_OPTIONAL_09","[[163,119],[164,119],[164,118],[165,118],[165,117],[166,117],[166,116],[167,116],[167,115],[168,115]]","[]","[[164,119],[164,118],[165,118],[165,117],[166,117],[166,116],[167,116],[167,115]]","8","[[163,119],[164,119],[164,118],[165,118],[165,117],[166,117],[166,116],[167,116],[167,115],[168,115]]","10","SV5_INFILL_LENGTH_RULE_V2","PASS","163,119>164,119","[[144,118],[145,118],[146,118],[147,118],[148,118],[149,118],[150,118],[151,118],[152,118],[153,118],[154,118],[155,118],[156,118],[157,118],[158,118],[159,118],[160,118],[161,118],[162,118],[163,118],[164,117],[165,116],[166,115],[167,114],[168,114],[169,114],[170,114],[171,114],[172,114],[173,115],[174,115],[175,116],[176,116],[177,116],[178,116],[179,116],[180,116]]","[[144,119],[145,119],[146,119],[147,119],[148,119],[149,119],[150,119],[151,119],[152,119],[153,119],[154,119],[155,119],[156,119],[157,119],[158,119],[159,119],[160,119],[161,119],[162,119],[163,119],[164,118],[165,117],[166,116],[167,115],[168,115],[169,115],[170,115],[171,115],[172,115],[173,116],[174,116],[175,117],[176,117],[177,117],[178,117],[179,117],[180,117]]","[[180,117],[179,117],[178,117],[177,117],[176,117],[175,117],[174,116],[173,116],[172,115],[171,115],[170,115],[169,115],[168,115],[167,115],[166,116],[165,117],[164,118],[163,119],[162,119],[161,119],[160,119],[159,119],[158,119],[157,119],[156,119],[155,119],[154,119],[153,119],[152,119],[151,119],[150,119],[149,119],[148,119],[147,119],[146,119],[145,119],[144,119]]","True","STATIC_SCREEN_SUPPORTED_PLUS_ONE_AABB_0.4x0.8_HEADROOM_2;NOT_PLAYER_VERIFIED","d381ea7f0f21f05701140f12f3d305a8dc506a576371888395da9c021b1352d5"
"SV5_INFILL_ROOM_039382eb9614b75fd49c","SV5_OPTIONAL_15","SV5_OPTIONAL_15","[[129,275],[130,275],[131,275],[132,275]]","[[127,275],[128,275],[129,275]]","[[128,275],[129,275],[130,275],[131,275]]","4","[[127,275],[128,275],[129,275],[130,275],[131,275],[132,275]]","6","SV5_INFILL_LENGTH_RULE_V2","PASS","127,275>128,275|127,276>128,276","[[129,274],[130,274],[131,274],[132,274],[133,274],[134,274],[135,274],[136,274],[137,274],[138,274],[139,274],[140,274],[141,274],[142,274],[143,274],[144,274],[145,274],[146,274],[147,274],[148,274]]","[[129,275],[130,275],[131,275],[132,275],[133,275],[134,275],[135,275],[136,275],[137,275],[138,275],[139,275],[140,275],[141,275],[142,275],[143,275],[144,275],[145,275],[146,275],[147,275],[148,275]]","[[148,275],[147,275],[146,275],[145,275],[144,275],[143,275],[142,275],[141,275],[140,275],[139,275],[138,275],[137,275],[136,275],[135,275],[134,275],[133,275],[132,275],[131,275],[130,275],[129,275]]","True","STATIC_SCREEN_SUPPORTED_PLUS_ONE_AABB_0.4x0.8_HEADROOM_2;NOT_PLAYER_VERIFIED","d381ea7f0f21f05701140f12f3d305a8dc506a576371888395da9c021b1352d5"
"SV5_INFILL_ROOM_03bff8d63e21cbc62be9","SV5_OPTIONAL_06","SV5_OPTIONAL_06","[[222,51],[223,51],[224,51]]","[[220,51],[221,51],[222,51]]","[[221,51],[222,51],[223,51]]","3","[[220,51],[221,51],[222,51],[223,51],[224,51]]","5","SV5_INFILL_LENGTH_RULE_V2","PASS","220,51>221,51|220,52>221,52","[[222,50],[223,50],[224,50],[225,50],[226,50],[227,50],[228,50],[229,51],[230,51],[231,52],[232,52],[233,52],[234,52],[235,52],[236,52]]","[[222,51],[223,51],[224,51],[225,51],[226,51],[227,51],[228,51],[229,52],[230,52],[231,53],[232,53],[233,53],[234,53],[235,53],[236,53]]","[[236,53],[235,53],[234,53],[233,53],[232,53],[231,53],[230,52],[229,52],[228,51],[227,51],[226,51],[225,51],[224,51],[223,51],[222,51]]","True","STATIC_SCREEN_SUPPORTED_PLUS_ONE_AABB_0.4x0.8_HEADROOM_2;NOT_PLAYER_VERIFIED","d381ea7f0f21f05701140f12f3d305a8dc506a576371888395da9c021b1352d5"
"SV5_INFILL_ROOM_03e009d59a50bdf34915","SV5_INFILL_ROOM_0226d4b2d11164e9e339","SV5_OPTIONAL_01","[[320,327],[319,327],[318,327],[317,327],[316,327],[315,327],[314,327],[313,327],[312,327],[311,327],[310,327],[309,327],[308,327],[307,327],[306,327],[305,327],[304,327],[303,327]]","[]","[[319,327],[318,327],[317,327],[316,327],[315,327],[314,327],[313,327],[312,327],[311,327],[310,327],[309,327],[308,327],[307,327],[306,327],[305,327],[304,327]]","16","[[320,327],[319,327],[318,327],[317,327],[316,327],[315,327],[314,327],[313,327],[312,327],[311,327],[310,327],[309,327],[308,327],[307,327],[306,327],[305,327],[304,327],[303,327]]","18","SV5_INFILL_LENGTH_RULE_V2","PASS","319,327>320,327|319,328>320,328","[[335,326],[334,326],[333,326],[332,326],[331,326],[330,326],[329,326],[328,326],[327,326],[326,326],[325,326],[324,326],[323,326],[322,326],[321,326],[320,326],[319,326],[318,326],[317,326],[316,326],[315,326],[314,326],[313,326],[312,326],[311,326],[310,326],[309,326],[308,326],[307,326],[306,326],[305,326],[304,326],[303,326],[302,326],[301,326],[300,326],[299,326],[298,326],[297,326],[296,326],[295,326],[294,326],[293,326],[292,326],[291,326]]","[[335,327],[334,327],[333,327],[332,327],[331,327],[330,327],[329,327],[328,327],[327,327],[326,327],[325,327],[324,327],[323,327],[322,327],[321,327],[320,327],[319,327],[318,327],[317,327],[316,327],[315,327],[314,327],[313,327],[312,327],[311,327],[310,327],[309,327],[308,327],[307,327],[306,327],[305,327],[304,327],[303,327],[302,327],[301,327],[300,327],[299,327],[298,327],[297,327],[296,327],[295,327],[294,327],[293,327],[292,327],[291,327]]","[[291,327],[292,327],[293,327],[294,327],[295,327],[296,327],[297,327],[298,327],[299,327],[300,327],[301,327],[302,327],[303,327],[304,327],[305,327],[306,327],[307,327],[308,327],[309,327],[310,327],[311,327],[312,327],[313,327],[314,327],[315,327],[316,327],[317,327],[318,327],[319,327],[320,327],[321,327],[322,327],[323,327],[324,327],[325,327],[326,327],[327,327],[328,327],[329,327],[330,327],[331,327],[332,327],[333,327],[334,327],[335,327]]","True","STATIC_SCREEN_SUPPORTED_PLUS_ONE_AABB_0.4x0.8_HEADROOM_2;NOT_PLAYER_VERIFIED","d381ea7f0f21f05701140f12f3d305a8dc506a576371888395da9c021b1352d5"
"SV5_INFILL_ROOM_03e607e34238c975c8c8","SV5_INFILL_ROOM_01ba3c3a3c17419084a1","SV5_OPTIONAL_09","[[108,163],[108,164],[107,164],[107,165],[106,165],[106,166],[105,166],[104,166],[103,166],[102,166],[101,166],[100,166],[99,166],[98,166],[97,166],[96,166],[96,167],[95,167]]","[]","[[107,164],[107,165],[106,165],[106,166],[105,166],[104,166],[103,166],[102,166],[101,166],[100,166],[99,166],[98,166],[97,166],[96,166],[96,167]]","15","[[108,163],[108,164],[107,164],[107,165],[106,165],[106,166],[105,166],[104,166],[103,166],[102,166],[101,166],[100,166],[99,166],[98,166],[97,166],[96,166],[96,167],[95,167]]","18","SV5_INFILL_LENGTH_RULE_V2","PASS","107,164>108,164","[[123,162],[122,162],[121,162],[120,162],[119,162],[118,162],[117,162],[116,162],[115,162],[114,162],[113,162],[112,162],[111,162],[110,162],[109,162],[108,162],[107,163],[106,164],[105,165],[104,165],[103,165],[102,165],[101,165],[100,165],[99,165],[98,165],[97,165],[96,165],[95,166],[94,166],[93,166],[92,166],[91,166],[90,166],[89,166],[88,166],[87,166],[86,166],[85,166],[84,166],[83,166],[82,166],[81,166],[80,166],[79,166]]","[[123,163],[122,163],[121,163],[120,163],[119,163],[118,163],[117,163],[116,163],[115,163],[114,163],[113,163],[112,163],[111,163],[110,163],[109,163],[108,163],[107,164],[106,165],[105,166],[104,166],[103,166],[102,166],[101,166],[100,166],[99,166],[98,166],[97,166],[96,166],[95,167],[94,167],[93,167],[92,167],[91,167],[90,167],[89,167],[88,167],[87,167],[86,167],[85,167],[84,167],[83,167],[82,167],[81,167],[80,167],[79,167]]","[[79,167],[80,167],[81,167],[82,167],[83,167],[84,167],[85,167],[86,167],[87,167],[88,167],[89,167],[90,167],[91,167],[92,167],[93,167],[94,167],[95,167],[96,166],[97,166],[98,166],[99,166],[100,166],[101,166],[102,166],[103,166],[104,166],[105,166],[106,165],[107,164],[108,163],[109,163],[110,163],[111,163],[112,163],[113,163],[114,163],[115,163],[116,163],[117,163],[118,163],[119,163],[120,163],[121,163],[122,163],[123,163]]","True","STATIC_SCREEN_SUPPORTED_PLUS_ONE_AABB_0.4x0.8_HEADROOM_2;NOT_PLAYER_VERIFIED","d381ea7f0f21f05701140f12f3d305a8dc506a576371888395da9c021b1352d5"
"SV5_INFILL_ROOM_03e9854a823531fd8709","SV5_OPTIONAL_01","SV5_OPTIONAL_01","[[345,307],[344,307],[343,307]]","[[347,307],[346,307],[345,307]]","[[346,307],[345,307],[344,307]]","3","[[347,307],[346,307],[345,307],[344,307],[343,307]]","5","SV5_INFILL_LENGTH_RULE_V2","PASS","346,307>347,307|346,308>347,308","[[345,306],[344,306],[343,306],[342,306],[341,306],[340,306],[339,306],[338,306],[337,306],[336,306],[335,306],[334,306],[333,306],[332,306],[331,306]]","[[345,307],[344,307],[343,307],[342,307],[341,307],[340,307],[339,307],[338,307],[337,307],[336,307],[335,307],[334,307],[333,307],[332,307],[331,307]]","[[331,307],[332,307],[333,307],[334,307],[335,307],[336,307],[337,307],[338,307],[339,307],[340,307],[341,307],[342,307],[343,307],[344,307],[345,307]]","True","STATIC_SCREEN_SUPPORTED_PLUS_ONE_AABB_0.4x0.8_HEADROOM_2;NOT_PLAYER_VERIFIED","d381ea7f0f21f05701140f12f3d305a8dc506a576371888395da9c021b1352d5"
"SV5_INFILL_ROOM_03eb84acec7e9db8f52e","SV5_INFILL_ROOM_015c9cef18a476102e65","SV5_OPTIONAL_10","[[84,219],[83,219],[82,219],[81,219],[80,219],[79,219],[78,219],[77,219],[76,219],[75,219],[74,219],[73,219],[72,219],[71,219],[70,219],[69,219],[68,219],[67,219]]","[]","[[83,219],[82,219],[81,219],[80,219],[79,219],[78,219],[77,219],[76,219],[75,219],[74,219],[73,219],[72,219],[71,219],[70,219],[69,219],[68,219]]","16","[[84,219],[83,219],[82,219],[81,219],[80,219],[79,219],[78,219],[77,219],[76,219],[75,219],[74,219],[73,219],[72,219],[71,219],[70,219],[69,219],[68,219],[67,219]]","18","SV5_INFILL_LENGTH_RULE_V2","PASS","83,219>84,219|83,220>84,220","[[99,218],[98,218],[97,218],[96,218],[95,218],[94,218],[93,218],[92,218],[91,218],[90,218],[89,218],[88,218],[87,218],[86,218],[85,218],[84,218],[83,218],[82,218],[81,218],[80,218],[79,218],[78,218],[77,218],[76,218],[75,218],[74,218],[73,218],[72,218],[71,218],[70,218],[69,218],[68,218],[67,218],[66,218],[65,218],[64,218],[63,218],[62,218],[61,218],[60,218],[59,218],[58,218],[57,218],[56,218],[55,218]]","[[99,219],[98,219],[97,219],[96,219],[95,219],[94,219],[93,219],[92,219],[91,219],[90,219],[89,219],[88,219],[87,219],[86,219],[85,219],[84,219],[83,219],[82,219],[81,219],[80,219],[79,219],[78,219],[77,219],[76,219],[75,219],[74,219],[73,219],[72,219],[71,219],[70,219],[69,219],[68,219],[67,219],[66,219],[65,219],[64,219],[63,219],[62,219],[61,219],[60,219],[59,219],[58,219],[57,219],[56,219],[55,219]]","[[55,219],[56,219],[57,219],[58,219],[59,219],[60,219],[61,219],[62,219],[63,219],[64,219],[65,219],[66,219],[67,219],[68,219],[69,219],[70,219],[71,219],[72,219],[73,219],[74,219],[75,219],[76,219],[77,219],[78,219],[79,219],[80,219],[81,219],[82,219],[83,219],[84,219],[85,219],[86,219],[87,219],[88,219],[89,219],[90,219],[91,219],[92,219],[93,219],[94,219],[95,219],[96,219],[97,219],[98,219],[99,219]]","True","STATIC_SCREEN_SUPPORTED_PLUS_ONE_AABB_0.4x0.8_HEADROOM_2;NOT_PLAYER_VERIFIED","d381ea7f0f21f05701140f12f3d305a8dc506a576371888395da9c021b1352d5"
"SV5_INFILL_ROOM_03f794e9844c481d8faa","SV5_INFILL_ROOM_00d2b967a3d3b2f6b4b1","SV5_OPTIONAL_06","[[196,29],[196,30],[195,30],[194,30],[193,30],[192,30],[191,30],[190,30],[189,30],[188,30],[188,31],[187,31]]","[]","[[195,30],[194,30],[193,30],[192,30],[191,30],[190,30],[189,30],[188,30],[188,31]]","9","[[196,29],[196,30],[195,30],[194,30],[193,30],[192,30],[191,30],[190,30],[189,30],[188,30],[188,31],[187,31]]","12","SV5_INFILL_LENGTH_RULE_V2","PASS","195,30>196,30","[[211,26],[210,26],[209,26],[208,26],[207,26],[206,27],[205,27],[204,28],[203,28],[202,28],[201,28],[200,28],[199,28],[198,28],[197,28],[196,28],[195,29],[194,29],[193,29],[192,29],[191,29],[190,29],[189,29],[188,29],[187,30],[186,30],[185,30],[184,30],[183,30],[182,30],[181,30],[180,30],[179,30],[178,30],[177,30],[176,30],[175,30],[174,30],[173,30],[172,30],[171,30]]","[[211,27],[210,27],[209,27],[208,27],[207,27],[206,28],[205,28],[204,29],[203,29],[202,29],[201,29],[200,29],[199,29],[198,29],[197,29],[196,29],[195,30],[194,30],[193,30],[192,30],[191,30],[190,30],[189,30],[188,30],[187,31],[186,31],[185,31],[184,31],[183,31],[182,31],[181,31],[180,31],[179,31],[178,31],[177,31],[176,31],[175,31],[174,31],[173,31],[172,31],[171,31]]","[[171,31],[172,31],[173,31],[174,31],[175,31],[176,31],[177,31],[178,31],[179,31],[180,31],[181,31],[182,31],[183,31],[184,31],[185,31],[186,31],[187,31],[188,30],[189,30],[190,30],[191,30],[192,30],[193,30],[194,30],[195,30],[196,29],[197,29],[198,29],[199,29],[200,29],[201,29],[202,29],[203,29],[204,29],[205,28],[206,28],[207,27],[208,27],[209,27],[210,27],[211,27]]","True","STATIC_SCREEN_SUPPORTED_PLUS_ONE_AABB_0.4x0.8_HEADROOM_2;NOT_PLAYER_VERIFIED","d381ea7f0f21f05701140f12f3d305a8dc506a576371888395da9c021b1352d5"
"SV5_INFILL_ROOM_03ffbc2c3bc5f015a247","SV5_INFILL_ROOM_046d6d59228be1a29d93","SV5_OPTIONAL_09","[[211,171],[212,171],[213,171],[214,171],[215,171],[216,171],[217,171],[218,171],[219,171],[220,171],[221,171],[222,171],[223,171],[224,171],[225,171],[226,171],[227,171],[228,171]]","[]","[[212,171],[213,171],[214,171],[215,171],[216,171],[217,171],[218,171],[219,171],[220,171],[221,171],[222,171],[223,171],[224,171],[225,171],[226,171],[227,171]]","16","[[211,171],[212,171],[213,171],[214,171],[215,171],[216,171],[217,171],[218,171],[219,171],[220,171],[221,171],[222,171],[223,171],[224,171],[225,171],[226,171],[227,171],[228,171]]","18","SV5_INFILL_LENGTH_RULE_V2","PASS","211,171>212,171|211,172>212,172","[[196,170],[197,170],[198,170],[199,170],[200,170],[201,170],[202,170],[203,170],[204,170],[205,170],[206,170],[207,170],[208,170],[209,170],[210,170],[211,170],[212,170],[213,170],[214,170],[215,170],[216,170],[217,170],[218,170],[219,170],[220,170],[221,170],[222,170],[223,170],[224,170],[225,170],[226,170],[227,170],[228,170],[229,170],[230,170],[231,170],[232,170],[233,170],[234,170],[235,170],[236,170],[237,170],[238,170],[239,170],[240,170]]","[[196,171],[197,171],[198,171],[199,171],[200,171],[201,171],[202,171],[203,171],[204,171],[205,171],[206,171],[207,171],[208,171],[209,171],[210,171],[211,171],[212,171],[213,171],[214,171],[215,171],[216,171],[217,171],[218,171],[219,171],[220,171],[221,171],[222,171],[223,171],[224,171],[225,171],[226,171],[227,171],[228,171],[229,171],[230,171],[231,171],[232,171],[233,171],[234,171],[235,171],[236,171],[237,171],[238,171],[239,171],[240,171]]","[[240,171],[239,171],[238,171],[237,171],[236,171],[235,171],[234,171],[233,171],[232,171],[231,171],[230,171],[229,171],[228,171],[227,171],[226,171],[225,171],[224,171],[223,171],[222,171],[221,171],[220,171],[219,171],[218,171],[217,171],[216,171],[215,171],[214,171],[213,171],[212,171],[211,171],[210,171],[209,171],[208,171],[207,171],[206,171],[205,171],[204,171],[203,171],[202,171],[201,171],[200,171],[199,171],[198,171],[197,171],[196,171]]","True","STATIC_SCREEN_SUPPORTED_PLUS_ONE_AABB_0.4x0.8_HEADROOM_2;NOT_PLAYER_VERIFIED","d381ea7f0f21f05701140f12f3d305a8dc506a576371888395da9c021b1352d5"
"SV5_INFILL_ROOM_041cc40ca34ac9669c39","SV5_INFILL_ROOM_02c9b2d6e7ba5ded15f4","SV5_OPTIONAL_08","[[72,87],[71,87],[71,86],[70,86],[70,85],[69,85],[69,84],[68,84],[68,83],[67,83],[66,83],[65,83],[64,83],[63,83],[62,83],[61,83],[60,83],[59,83],[58,83],[57,83],[56,83],[55,83]]","[]","[[71,87],[71,86],[70,86],[70,85],[69,85],[69,84],[68,84],[68,83],[67,83],[66,83],[65,83],[64,83],[63,83],[62,83],[61,83],[60,83],[59,83],[58,83],[57,83],[56,83]]","20","[[72,87],[71,87],[71,86],[70,86],[70,85],[69,85],[69,84],[68,84],[68,83],[67,83],[66,83],[65,83],[64,83],[63,83],[62,83],[61,83],[60,83],[59,83],[58,83],[57,83],[56,83],[55,83]]","22","SV5_INFILL_LENGTH_RULE_V2","PASS","71,87>72,87","[[91,86],[90,86],[89,86],[88,86],[87,86],[86,86],[85,86],[84,86],[83,86],[82,86],[81,86],[80,86],[79,86],[78,86],[77,86],[76,86],[75,86],[74,86],[73,86],[72,86],[71,85],[70,84],[69,83],[68,82],[67,82],[66,82],[65,82],[64,82],[63,82],[62,82],[61,82],[60,82],[59,82],[58,82],[57,82],[56,82],[55,82],[54,82],[53,82],[52,82],[51,82],[50,82],[49,82],[48,82],[47,82],[46,82],[45,82],[44,82],[43,82]]","[[91,87],[90,87],[89,87],[88,87],[87,87],[86,87],[85,87],[84,87],[83,87],[82,87],[81,87],[80,87],[79,87],[78,87],[77,87],[76,87],[75,87],[74,87],[73,87],[72,87],[71,86],[70,85],[69,84],[68,83],[67,83],[66,83],[65,83],[64,83],[63,83],[62,83],[61,83],[60,83],[59,83],[58,83],[57,83],[56,83],[55,83],[54,83],[53,83],[52,83],[51,83],[50,83],[49,83],[48,83],[47,83],[46,83],[45,83],[44,83],[43,83]]","[[43,83],[44,83],[45,83],[46,83],[47,83],[48,83],[49,83],[50,83],[51,83],[52,83],[53,83],[54,83],[55,83],[56,83],[57,83],[58,83],[59,83],[60,83],[61,83],[62,83],[63,83],[64,83],[65,83],[66,83],[67,83],[68,83],[69,84],[70,85],[71,86],[72,87],[73,87],[74,87],[75,87],[76,87],[77,87],[78,87],[79,87],[80,87],[81,87],[82,87],[83,87],[84,87],[85,87],[86,87],[87,87],[88,87],[89,87],[90,87],[91,87]]","True","STATIC_SCREEN_SUPPORTED_PLUS_ONE_AABB_0.4x0.8_HEADROOM_2;NOT_PLAYER_VERIFIED","d381ea7f0f21f05701140f12f3d305a8dc506a576371888395da9c021b1352d5"
"SV5_INFILL_ROOM_042225214705273a5475","SV5_INFILL_ROOM_0740dfaa546673a8b5c1","SV5_OPTIONAL_04","[[456,27],[456,28],[455,28],[455,29],[454,29],[454,30],[453,30],[452,30],[452,31],[451,31]]","[]","[[455,28],[455,29],[454,29],[454,30],[453,30],[452,30],[452,31]]","7","[[456,27],[456,28],[455,28],[455,29],[454,29],[454,30],[453,30],[452,30],[452,31],[451,31]]","10","SV5_INFILL_LENGTH_RULE_V2","PASS","455,28>456,28","[[471,26],[470,26],[469,26],[468,26],[467,26],[466,26],[465,26],[464,26],[463,26],[462,26],[461,26],[460,26],[459,26],[458,26],[457,26],[456,26],[455,27],[454,28],[453,29],[452,29],[451,30],[450,30],[449,30],[448,30],[447,30],[446,30],[445,30],[444,30],[443,30],[442,30],[441,30],[440,30],[439,30]]","[[471,27],[470,27],[469,27],[468,27],[467,27],[466,27],[465,27],[464,27],[463,27],[462,27],[461,27],[460,27],[459,27],[458,27],[457,27],[456,27],[455,28],[454,29],[453,30],[452,30],[451,31],[450,31],[449,31],[448,31],[447,31],[446,31],[445,31],[444,31],[443,31],[442,31],[441,31],[440,31],[439,31]]","[[439,31],[440,31],[441,31],[442,31],[443,31],[444,31],[445,31],[446,31],[447,31],[448,31],[449,31],[450,31],[451,31],[452,30],[453,30],[454,29],[455,28],[456,27],[457,27],[458,27],[459,27],[460,27],[461,27],[462,27],[463,27],[464,27],[465,27],[466,27],[467,27],[468,27],[469,27],[470,27],[471,27]]","True","STATIC_SCREEN_SUPPORTED_PLUS_ONE_AABB_0.4x0.8_HEADROOM_2;NOT_PLAYER_VERIFIED","d381ea7f0f21f05701140f12f3d305a8dc506a576371888395da9c021b1352d5"
"SV5_INFILL_ROOM_04258432ab0f33139931","SV5_OPTIONAL_12","SV5_OPTIONAL_12","[[242,355],[242,356],[241,356],[241,357],[240,357],[240,358],[239,358],[239,359],[238,359],[238,360],[237,360],[237,361],[236,361],[236,362],[235,362],[234,362],[233,362],[232,362],[232,363],[231,363]]","[[244,355],[243,355],[242,355]]","[[243,355],[242,355],[242,356],[241,356],[241,357],[240,357],[240,358],[239,358],[239,359],[238,359],[238,360],[237,360],[237,361],[236,361],[236,362],[235,362],[234,362],[233,362],[232,362],[232,363]]","20","[[244,355],[243,355],[242,355],[242,356],[241,356],[241,357],[240,357],[240,358],[239,358],[239,359],[238,359],[238,360],[237,360],[237,361],[236,361],[236,362],[235,362],[234,362],[233,362],[232,362],[232,363],[231,363]]","22","SV5_INFILL_LENGTH_RULE_V2","PASS","243,355>244,355|243,356>244,356","[[242,354],[241,355],[240,356],[239,357],[238,358],[237,359],[236,360],[235,361],[234,361],[233,361],[232,361],[231,362],[230,362],[229,362],[228,362],[227,362],[226,362],[225,362],[224,362],[223,362],[222,362],[221,362],[220,362],[219,362],[218,362],[217,362],[216,362],[215,362]]","[[242,355],[241,356],[240,357],[239,358],[238,359],[237,360],[236,361],[235,362],[234,362],[233,362],[232,362],[231,363],[230,363],[229,363],[228,363],[227,363],[226,363],[225,363],[224,363],[223,363],[222,363],[221,363],[220,363],[219,363],[218,363],[217,363],[216,363],[215,363]]","[[215,363],[216,363],[217,363],[218,363],[219,363],[220,363],[221,363],[222,363],[223,363],[224,363],[225,363],[226,363],[227,363],[228,363],[229,363],[230,363],[231,363],[232,362],[233,362],[234,362],[235,362],[236,361],[237,360],[238,359],[239,358],[240,357],[241,356],[242,355]]","True","STATIC_SCREEN_SUPPORTED_PLUS_ONE_AABB_0.4x0.8_HEADROOM_2;NOT_PLAYER_VERIFIED","d381ea7f0f21f05701140f12f3d305a8dc506a576371888395da9c021b1352d5"
"SV5_INFILL_ROOM_04306d96a9442be86a73","SV5_INFILL_ROOM_0033f24aa202678fd527","SV5_OPTIONAL_10","[[191,211],[192,211],[193,211],[194,211],[195,211],[196,211],[197,211],[198,211],[199,211],[200,211],[201,211],[202,211],[203,211],[204,211],[205,211],[206,211],[207,211],[208,211]]","[]","[[192,211],[193,211],[194,211],[195,211],[196,211],[197,211],[198,211],[199,211],[200,211],[201,211],[202,211],[203,211],[204,211],[205,211],[206,211],[207,211]]","16","[[191,211],[192,211],[193,211],[194,211],[195,211],[196,211],[197,211],[198,211],[199,211],[200,211],[201,211],[202,211],[203,211],[204,211],[205,211],[206,211],[207,211],[208,211]]","18","SV5_INFILL_LENGTH_RULE_V2","PASS","191,211>192,211|191,212>192,212","[[176,210],[177,210],[178,210],[179,210],[180,210],[181,210],[182,210],[183,210],[184,210],[185,210],[186,210],[187,210],[188,210],[189,210],[190,210],[191,210],[192,210],[193,210],[194,210],[195,210],[196,210],[197,210],[198,210],[199,210],[200,210],[201,210],[202,210],[203,210],[204,210],[205,210],[206,210],[207,210],[208,210],[209,210],[210,210],[211,210],[212,210],[213,210],[214,210],[215,210],[216,210],[217,210],[218,210],[219,210],[220,210]]","[[176,211],[177,211],[178,211],[179,211],[180,211],[181,211],[182,211],[183,211],[184,211],[185,211],[186,211],[187,211],[188,211],[189,211],[190,211],[191,211],[192,211],[193,211],[194,211],[195,211],[196,211],[197,211],[198,211],[199,211],[200,211],[201,211],[202,211],[203,211],[204,211],[205,211],[206,211],[207,211],[208,211],[209,211],[210,211],[211,211],[212,211],[213,211],[214,211],[215,211],[216,211],[217,211],[218,211],[219,211],[220,211]]","[[220,211],[219,211],[218,211],[217,211],[216,211],[215,211],[214,211],[213,211],[212,211],[211,211],[210,211],[209,211],[208,211],[207,211],[206,211],[205,211],[204,211],[203,211],[202,211],[201,211],[200,211],[199,211],[198,211],[197,211],[196,211],[195,211],[194,211],[193,211],[192,211],[191,211],[190,211],[189,211],[188,211],[187,211],[186,211],[185,211],[184,211],[183,211],[182,211],[181,211],[180,211],[179,211],[178,211],[177,211],[176,211]]","True","STATIC_SCREEN_SUPPORTED_PLUS_ONE_AABB_0.4x0.8_HEADROOM_2;NOT_PLAYER_VERIFIED","d381ea7f0f21f05701140f12f3d305a8dc506a576371888395da9c021b1352d5"
"SV5_INFILL_ROOM_044025be775aa1c9b4b9","SV5_INFILL_ROOM_0302951adf56016fc5e5","SV5_OPTIONAL_14","[[79,313],[80,313],[80,312],[81,312],[81,311],[82,311],[82,310],[83,310],[83,309],[84,309],[84,308],[85,308],[85,307],[86,307],[86,306],[87,306],[87,305],[88,305],[88,304],[89,304],[89,303],[90,303],[91,303],[92,303]]","[]","[[80,313],[80,312],[81,312],[81,311],[82,311],[82,310],[83,310],[83,309],[84,309],[84,308],[85,308],[85,307],[86,307],[86,306],[87,306],[87,305],[88,305],[88,304],[89,304],[89,303],[90,303],[91,303]]","22","[[79,313],[80,313],[80,312],[81,312],[81,311],[82,311],[82,310],[83,310],[83,309],[84,309],[84,308],[85,308],[85,307],[86,307],[86,306],[87,306],[87,305],[88,305],[88,304],[89,304],[89,303],[90,303],[91,303],[92,303]]","24","SV5_INFILL_LENGTH_RULE_V2","PASS","79,313>80,313","[[64,310],[65,310],[66,310],[67,310],[68,310],[69,311],[70,311],[71,312],[72,312],[73,312],[74,312],[75,312],[76,312],[77,312],[78,312],[79,312],[80,311],[81,310],[82,309],[83,308],[84,307],[85,306],[86,305],[87,304],[88,303],[89,302],[90,302],[91,302],[92,302],[93,302],[94,302],[95,302],[96,302],[97,302],[98,302],[99,302],[100,302],[101,302],[102,302],[103,302],[104,302]]","[[64,311],[65,311],[66,311],[67,311],[68,311],[69,312],[70,312],[71,313],[72,313],[73,313],[74,313],[75,313],[76,313],[77,313],[78,313],[79,313],[80,312],[81,311],[82,310],[83,309],[84,308],[85,307],[86,306],[87,305],[88,304],[89,303],[90,303],[91,303],[92,303],[93,303],[94,303],[95,303],[96,303],[97,303],[98,303],[99,303],[100,303],[101,303],[102,303],[103,303],[104,303]]","[[104,303],[103,303],[102,303],[101,303],[100,303],[99,303],[98,303],[97,303],[96,303],[95,303],[94,303],[93,303],[92,303],[91,303],[90,303],[89,303],[88,304],[87,305],[86,306],[85,307],[84,308],[83,309],[82,310],[81,311],[80,312],[79,313],[78,313],[77,313],[76,313],[75,313],[74,313],[73,313],[72,313],[71,313],[70,312],[69,312],[68,311],[67,311],[66,311],[65,311],[64,311]]","True","STATIC_SCREEN_SUPPORTED_PLUS_ONE_AABB_0.4x0.8_HEADROOM_2;NOT_PLAYER_VERIFIED","d381ea7f0f21f05701140f12f3d305a8dc506a576371888395da9c021b1352d5"
"SV5_INFILL_ROOM_04458846b0c9a081817d","SV5_OPTIONAL_07","SV5_OPTIONAL_07","[[178,87],[179,87],[180,87],[181,87],[182,87],[183,87],[184,87],[185,87],[186,87],[187,87],[188,87]]","[[176,87],[177,87],[178,87]]","[[177,87],[178,87],[179,87],[180,87],[181,87],[182,87],[183,87],[184,87],[185,87],[186,87],[187,87]]","11","[[176,87],[177,87],[178,87],[179,87],[180,87],[181,87],[182,87],[183,87],[184,87],[185,87],[186,87],[187,87],[188,87]]","13","SV5_INFILL_LENGTH_RULE_V2","PASS","176,87>177,87|176,88>177,88","[[178,86],[179,86],[180,86],[181,86],[182,86],[183,86],[184,86],[185,86],[186,86],[187,86],[188,86],[189,86],[190,86],[191,86],[192,86],[193,86],[194,86],[195,86],[196,86],[197,86],[198,86],[199,86],[200,86],[201,86],[202,86],[203,86],[204,86]]","[[178,87],[179,87],[180,87],[181,87],[182,87],[183,87],[184,87],[185,87],[186,87],[187,87],[188,87],[189,87],[190,87],[191,87],[192,87],[193,87],[194,87],[195,87],[196,87],[197,87],[198,87],[199,87],[200,87],[201,87],[202,87],[203,87],[204,87]]","[[204,87],[203,87],[202,87],[201,87],[200,87],[199,87],[198,87],[197,87],[196,87],[195,87],[194,87],[193,87],[192,87],[191,87],[190,87],[189,87],[188,87],[187,87],[186,87],[185,87],[184,87],[183,87],[182,87],[181,87],[180,87],[179,87],[178,87]]","True","STATIC_SCREEN_SUPPORTED_PLUS_ONE_AABB_0.4x0.8_HEADROOM_2;NOT_PLAYER_VERIFIED","d381ea7f0f21f05701140f12f3d305a8dc506a576371888395da9c021b1352d5"
"SV5_INFILL_ROOM_04563627f2f464bd550e","SV5_INFILL_ROOM_059f0ce534524d850551","SV5_OPTIONAL_12","[[220,327],[220,328],[219,328],[219,329],[218,329],[218,330],[217,330],[216,330],[215,330],[214,330],[213,330],[212,330],[212,331],[211,331]]","[]","[[219,328],[219,329],[218,329],[218,330],[217,330],[216,330],[215,330],[214,330],[213,330],[212,330],[212,331]]","11","[[220,327],[220,328],[219,328],[219,329],[218,329],[218,330],[217,330],[216,330],[215,330],[214,330],[213,330],[212,330],[212,331],[211,331]]","14","SV5_INFILL_LENGTH_RULE_V2","PASS","219,328>220,328","[[235,326],[234,326],[233,326],[232,326],[231,326],[230,326],[229,326],[228,326],[227,326],[226,326],[225,326],[224,326],[223,326],[222,326],[221,326],[220,326],[219,327],[218,328],[217,329],[216,329],[215,329],[214,329],[213,329],[212,329],[211,330],[210,330],[209,330],[208,330],[207,330],[206,330],[205,330],[204,330],[203,330],[202,330],[201,330],[200,330],[199,330]]","[[235,327],[234,327],[233,327],[232,327],[231,327],[230,327],[229,327],[228,327],[227,327],[226,327],[225,327],[224,327],[223,327],[222,327],[221,327],[220,327],[219,328],[218,329],[217,330],[216,330],[215,330],[214,330],[213,330],[212,330],[211,331],[210,331],[209,331],[208,331],[207,331],[206,331],[205,331],[204,331],[203,331],[202,331],[201,331],[200,331],[199,331]]","[[199,331],[200,331],[201,331],[202,331],[203,331],[204,331],[205,331],[206,331],[207,331],[208,331],[209,331],[210,331],[211,331],[212,330],[213,330],[214,330],[215,330],[216,330],[217,330],[218,329],[219,328],[220,327],[221,327],[222,327],[223,327],[224,327],[225,327],[226,327],[227,327],[228,327],[229,327],[230,327],[231,327],[232,327],[233,327],[234,327],[235,327]]","True","STATIC_SCREEN_SUPPORTED_PLUS_ONE_AABB_0.4x0.8_HEADROOM_2;NOT_PLAYER_VERIFIED","d381ea7f0f21f05701140f12f3d305a8dc506a576371888395da9c021b1352d5"
"SV5_INFILL_ROOM_04683155dc682c4ccd05","SV5_INFILL_ROOM_009ef3f64388d61dce55","SV5_OPTIONAL_01","[[483,389],[484,389],[484,388],[485,388],[485,387],[486,387],[487,387],[488,387]]","[]","[[484,389],[484,388],[485,388],[485,387],[486,387],[487,387]]","6","[[483,389],[484,389],[484,388],[485,388],[485,387],[486,387],[487,387],[488,387]]","8","SV5_INFILL_LENGTH_RULE_V2","PASS","483,389>484,389","[[468,386],[469,386],[470,386],[471,386],[472,386],[473,387],[474,387],[475,388],[476,388],[477,388],[478,388],[479,388],[480,388],[481,388],[482,388],[483,388],[484,387],[485,386],[486,386],[487,386],[488,386],[489,386],[490,386],[491,386],[492,386],[493,386],[494,386],[495,386],[496,386],[497,386],[498,386],[499,386],[500,386]]","[[468,387],[469,387],[470,387],[471,387],[472,387],[473,388],[474,388],[475,389],[476,389],[477,389],[478,389],[479,389],[480,389],[481,389],[482,389],[483,389],[484,388],[485,387],[486,387],[487,387],[488,387],[489,387],[490,387],[491,387],[492,387],[493,387],[494,387],[495,387],[496,387],[497,387],[498,387],[499,387],[500,387]]","[[500,387],[499,387],[498,387],[497,387],[496,387],[495,387],[494,387],[493,387],[492,387],[491,387],[490,387],[489,387],[488,387],[487,387],[486,387],[485,387],[484,388],[483,389],[482,389],[481,389],[480,389],[479,389],[478,389],[477,389],[476,389],[475,389],[474,388],[473,388],[472,387],[471,387],[470,387],[469,387],[468,387]]","True","STATIC_SCREEN_SUPPORTED_PLUS_ONE_AABB_0.4x0.8_HEADROOM_2;NOT_PLAYER_VERIFIED","d381ea7f0f21f05701140f12f3d305a8dc506a576371888395da9c021b1352d5"
"SV5_INFILL_ROOM_046863d4c69cd86e081e","SV5_OPTIONAL_04","SV5_OPTIONAL_04","[[554,75],[553,75],[552,75],[551,75],[550,75],[549,75],[548,75],[547,75],[546,75],[545,75],[544,75],[543,75],[542,75],[541,75],[540,75],[539,75],[538,75],[537,75],[536,75],[535,75]]","[[556,75],[555,75],[554,75]]","[[555,75],[554,75],[553,75],[552,75],[551,75],[550,75],[549,75],[548,75],[547,75],[546,75],[545,75],[544,75],[543,75],[542,75],[541,75],[540,75],[539,75],[538,75],[537,75],[536,75]]","20","[[556,75],[555,75],[554,75],[553,75],[552,75],[551,75],[550,75],[549,75],[548,75],[547,75],[546,75],[545,75],[544,75],[543,75],[542,75],[541,75],[540,75],[539,75],[538,75],[537,75],[536,75],[535,75]]","22","SV5_INFILL_LENGTH_RULE_V2","PASS","555,75>556,75|555,76>556,76","[[554,74],[553,74],[552,74],[551,74],[550,74],[549,74],[548,74],[547,74],[546,74],[545,74],[544,74],[543,74],[542,74],[541,74],[540,74],[539,74],[538,74],[537,74],[536,74],[535,74],[534,74],[533,74],[532,74],[531,74],[530,74],[529,74],[528,74],[527,74],[526,74],[525,74],[524,74],[523,74]]","[[554,75],[553,75],[552,75],[551,75],[550,75],[549,75],[548,75],[547,75],[546,75],[545,75],[544,75],[543,75],[542,75],[541,75],[540,75],[539,75],[538,75],[537,75],[536,75],[535,75],[534,75],[533,75],[532,75],[531,75],[530,75],[529,75],[528,75],[527,75],[526,75],[525,75],[524,75],[523,75]]","[[523,75],[524,75],[525,75],[526,75],[527,75],[528,75],[529,75],[530,75],[531,75],[532,75],[533,75],[534,75],[535,75],[536,75],[537,75],[538,75],[539,75],[540,75],[541,75],[542,75],[543,75],[544,75],[545,75],[546,75],[547,75],[548,75],[549,75],[550,75],[551,75],[552,75],[553,75],[554,75]]","True","STATIC_SCREEN_SUPPORTED_PLUS_ONE_AABB_0.4x0.8_HEADROOM_2;NOT_PLAYER_VERIFIED","d381ea7f0f21f05701140f12f3d305a8dc506a576371888395da9c021b1352d5"
"SV5_INFILL_ROOM_046d6d59228be1a29d93","SV5_INFILL_ROOM_04aa6c25103dea14b6e1","SV5_OPTIONAL_09","[[187,165],[187,166],[188,166],[188,167],[189,167],[189,168],[190,168],[190,169],[191,169],[191,170],[192,170],[193,170],[194,170],[195,170],[195,171],[196,171]]","[]","[[188,166],[188,167],[189,167],[189,168],[190,168],[190,169],[191,169],[191,170],[192,170],[193,170],[194,170],[195,170],[195,171]]","13","[[187,165],[187,166],[188,166],[188,167],[189,167],[189,168],[190,168],[190,169],[191,169],[191,170],[192,170],[193,170],[194,170],[195,170],[195,171],[196,171]]","16","SV5_INFILL_LENGTH_RULE_V2","PASS","187,166>188,166","[[172,162],[173,162],[174,162],[175,162],[176,162],[177,163],[178,163],[179,164],[180,164],[181,164],[182,164],[183,164],[184,164],[185,164],[186,164],[187,164],[188,165],[189,166],[190,167],[191,168],[192,169],[193,169],[194,169],[195,169],[196,170],[197,170],[198,170],[199,170],[200,170],[201,170],[202,170],[203,170],[204,170],[205,170],[206,170],[207,170],[208,170]]","[[172,163],[173,163],[174,163],[175,163],[176,163],[177,164],[178,164],[179,165],[180,165],[181,165],[182,165],[183,165],[184,165],[185,165],[186,165],[187,165],[188,166],[189,167],[190,168],[191,169],[192,170],[193,170],[194,170],[195,170],[196,171],[197,171],[198,171],[199,171],[200,171],[201,171],[202,171],[203,171],[204,171],[205,171],[206,171],[207,171],[208,171]]","[[208,171],[207,171],[206,171],[205,171],[204,171],[203,171],[202,171],[201,171],[200,171],[199,171],[198,171],[197,171],[196,171],[195,170],[194,170],[193,170],[192,170],[191,169],[190,168],[189,167],[188,166],[187,165],[186,165],[185,165],[184,165],[183,165],[182,165],[181,165],[180,165],[179,165],[178,164],[177,164],[176,163],[175,163],[174,163],[173,163],[172,163]]","True","STATIC_SCREEN_SUPPORTED_PLUS_ONE_AABB_0.4x0.8_HEADROOM_2;NOT_PLAYER_VERIFIED","d381ea7f0f21f05701140f12f3d305a8dc506a576371888395da9c021b1352d5"
"SV5_INFILL_ROOM_0478d2bded42dc4c9dba","SV5_OPTIONAL_02","SV5_OPTIONAL_02","[[526,355],[525,355],[524,355],[523,355],[522,355],[521,355],[520,355],[519,355],[518,355],[517,355],[516,355],[515,355],[514,355],[513,355],[512,355],[511,355],[510,355],[509,355],[508,355],[507,355]]","[[528,355],[527,355],[526,355]]","[[527,355],[526,355],[525,355],[524,355],[523,355],[522,355],[521,355],[520,355],[519,355],[518,355],[517,355],[516,355],[515,355],[514,355],[513,355],[512,355],[511,355],[510,355],[509,355],[508,355]]","20","[[528,355],[527,355],[526,355],[525,355],[524,355],[523,355],[522,355],[521,355],[520,355],[519,355],[518,355],[517,355],[516,355],[515,355],[514,355],[513,355],[512,355],[511,355],[510,355],[509,355],[508,355],[507,355]]","22","SV5_INFILL_LENGTH_RULE_V2","PASS","527,355>528,355|527,356>528,356","[[526,354],[525,354],[524,354],[523,354],[522,354],[521,354],[520,354],[519,354],[518,354],[517,354],[516,354],[515,354],[514,354],[513,354],[512,354],[511,354],[510,354],[509,354],[508,354],[507,354],[506,354],[505,354],[504,354],[503,354],[502,354],[501,354],[500,354],[499,354],[498,354],[497,354],[496,354],[495,354]]","[[526,355],[525,355],[524,355],[523,355],[522,355],[521,355],[520,355],[519,355],[518,355],[517,355],[516,355],[515,355],[514,355],[513,355],[512,355],[511,355],[510,355],[509,355],[508,355],[507,355],[506,355],[505,355],[504,355],[503,355],[502,355],[501,355],[500,355],[499,355],[498,355],[497,355],[496,355],[495,355]]","[[495,355],[496,355],[497,355],[498,355],[499,355],[500,355],[501,355],[502,355],[503,355],[504,355],[505,355],[506,355],[507,355],[508,355],[509,355],[510,355],[511,355],[512,355],[513,355],[514,355],[515,355],[516,355],[517,355],[518,355],[519,355],[520,355],[521,355],[522,355],[523,355],[524,355],[525,355],[526,355]]","True","STATIC_SCREEN_SUPPORTED_PLUS_ONE_AABB_0.4x0.8_HEADROOM_2;NOT_PLAYER_VERIFIED","d381ea7f0f21f05701140f12f3d305a8dc506a576371888395da9c021b1352d5"
"SV5_INFILL_ROOM_0478ddb1471ef6cceb90","SV5_INFILL_ROOM_035798141bd571f529ac","SV5_OPTIONAL_00","[[332,387],[331,387],[330,387],[329,387],[328,387],[327,387],[326,387],[325,387],[324,387],[323,387],[322,387],[321,387],[320,387],[319,387]]","[]","[[331,387],[330,387],[329,387],[328,387],[327,387],[326,387],[325,387],[324,387],[323,387],[322,387],[321,387],[320,387]]","12","[[332,387],[331,387],[330,387],[329,387],[328,387],[327,387],[326,387],[325,387],[324,387],[323,387],[322,387],[321,387],[320,387],[319,387]]","14","SV5_INFILL_LENGTH_RULE_V2","PASS","331,387>332,387|331,388>332,388","[[347,386],[346,386],[345,386],[344,386],[343,386],[342,386],[341,386],[340,386],[339,386],[338,386],[337,386],[336,386],[335,386],[334,386],[333,386],[332,386],[331,386],[330,386],[329,386],[328,386],[327,386],[326,386],[325,386],[324,386],[323,386],[322,386],[321,386],[320,386],[319,386],[318,386],[317,386],[316,386],[315,386],[314,386],[313,386],[312,386],[311,386],[310,386],[309,386],[308,386],[307,386]]","[[347,387],[346,387],[345,387],[344,387],[343,387],[342,387],[341,387],[340,387],[339,387],[338,387],[337,387],[336,387],[335,387],[334,387],[333,387],[332,387],[331,387],[330,387],[329,387],[328,387],[327,387],[326,387],[325,387],[324,387],[323,387],[322,387],[321,387],[320,387],[319,387],[318,387],[317,387],[316,387],[315,387],[314,387],[313,387],[312,387],[311,387],[310,387],[309,387],[308,387],[307,387]]","[[307,387],[308,387],[309,387],[310,387],[311,387],[312,387],[313,387],[314,387],[315,387],[316,387],[317,387],[318,387],[319,387],[320,387],[321,387],[322,387],[323,387],[324,387],[325,387],[326,387],[327,387],[328,387],[329,387],[330,387],[331,387],[332,387],[333,387],[334,387],[335,387],[336,387],[337,387],[338,387],[339,387],[340,387],[341,387],[342,387],[343,387],[344,387],[345,387],[346,387],[347,387]]","True","STATIC_SCREEN_SUPPORTED_PLUS_ONE_AABB_0.4x0.8_HEADROOM_2;NOT_PLAYER_VERIFIED","d381ea7f0f21f05701140f12f3d305a8dc506a576371888395da9c021b1352d5"
"SV5_INFILL_ROOM_0496c8692f6450167db1","SV5_OPTIONAL_14","SV5_OPTIONAL_14","[[62,359],[63,359],[64,359],[65,359],[66,359],[67,359],[68,359],[69,359],[70,359],[71,359],[72,359],[73,359],[74,359],[75,359],[76,359],[77,359],[78,359],[79,359],[80,359]]","[[60,359],[61,359],[62,359]]","[[61,359],[62,359],[63,359],[64,359],[65,359],[66,359],[67,359],[68,359],[69,359],[70,359],[71,359],[72,359],[73,359],[74,359],[75,359],[76,359],[77,359],[78,359],[79,359]]","19","[[60,359],[61,359],[62,359],[63,359],[64,359],[65,359],[66,359],[67,359],[68,359],[69,359],[70,359],[71,359],[72,359],[73,359],[74,359],[75,359],[76,359],[77,359],[78,359],[79,359],[80,359]]","21","SV5_INFILL_LENGTH_RULE_V2","PASS","60,359>61,359|60,360>61,360","[[62,358],[63,358],[64,358],[65,358],[66,358],[67,358],[68,358],[69,358],[70,358],[71,358],[72,358],[73,358],[74,358],[75,358],[76,358],[77,358],[78,358],[79,358],[80,358],[81,358],[82,358],[83,358],[84,358],[85,359],[86,359],[87,360],[88,360],[89,360],[90,360],[91,360],[92,360]]","[[62,359],[63,359],[64,359],[65,359],[66,359],[67,359],[68,359],[69,359],[70,359],[71,359],[72,359],[73,359],[74,359],[75,359],[76,359],[77,359],[78,359],[79,359],[80,359],[81,359],[82,359],[83,359],[84,359],[85,360],[86,360],[87,361],[88,361],[89,361],[90,361],[91,361],[92,361]]","[[92,361],[91,361],[90,361],[89,361],[88,361],[87,361],[86,360],[85,360],[84,359],[83,359],[82,359],[81,359],[80,359],[79,359],[78,359],[77,359],[76,359],[75,359],[74,359],[73,359],[72,359],[71,359],[70,359],[69,359],[68,359],[67,359],[66,359],[65,359],[64,359],[63,359],[62,359]]","True","STATIC_SCREEN_SUPPORTED_PLUS_ONE_AABB_0.4x0.8_HEADROOM_2;NOT_PLAYER_VERIFIED","d381ea7f0f21f05701140f12f3d305a8dc506a576371888395da9c021b1352d5"
"SV5_INFILL_ROOM_04a09a81b1cf9f7b40f0","SV5_INFILL_ROOM_01ed7b7c5925bf37dc1e","SV5_OPTIONAL_12","[[180,361],[180,362],[179,362],[178,362],[177,362],[176,362],[175,362],[174,362],[173,362],[172,362],[171,362],[170,362],[169,362],[168,362],[167,362],[166,362],[165,362],[164,362],[163,362],[162,362],[161,362],[160,362],[160,363],[159,363]]","[]","[[179,362],[178,362],[177,362],[176,362],[175,362],[174,362],[173,362],[172,362],[171,362],[170,362],[169,362],[168,362],[167,362],[166,362],[165,362],[164,362],[163,362],[162,362],[161,362],[160,362],[160,363]]","21","[[180,361],[180,362],[179,362],[178,362],[177,362],[176,362],[175,362],[174,362],[173,362],[172,362],[171,362],[170,362],[169,362],[168,362],[167,362],[166,362],[165,362],[164,362],[163,362],[162,362],[161,362],[160,362],[160,363],[159,363]]","24","SV5_INFILL_LENGTH_RULE_V2","PASS","179,362>180,362","[[195,358],[194,358],[193,358],[192,358],[191,358],[190,359],[189,359],[188,360],[187,360],[186,360],[185,360],[184,360],[183,360],[182,360],[181,360],[180,360],[179,361],[178,361],[177,361],[176,361],[175,361],[174,361],[173,361],[172,361],[171,361],[170,361],[169,361],[168,361],[167,361],[166,361],[165,361],[164,361],[163,361],[162,361],[161,361],[160,361],[159,362],[158,362],[157,362],[156,362],[155,362],[154,362],[153,362],[152,362],[151,362],[150,362],[149,362],[148,362],[147,362]]","[[195,359],[194,359],[193,359],[192,359],[191,359],[190,360],[189,360],[188,361],[187,361],[186,361],[185,361],[184,361],[183,361],[182,361],[181,361],[180,361],[179,362],[178,362],[177,362],[176,362],[175,362],[174,362],[173,362],[172,362],[171,362],[170,362],[169,362],[168,362],[167,362],[166,362],[165,362],[164,362],[163,362],[162,362],[161,362],[160,362],[159,363],[158,363],[157,363],[156,363],[155,363],[154,363],[153,363],[152,363],[151,363],[150,363],[149,363],[148,363],[147,363]]","[[147,363],[148,363],[149,363],[150,363],[151,363],[152,363],[153,363],[154,363],[155,363],[156,363],[157,363],[158,363],[159,363],[160,362],[161,362],[162,362],[163,362],[164,362],[165,362],[166,362],[167,362],[168,362],[169,362],[170,362],[171,362],[172,362],[173,362],[174,362],[175,362],[176,362],[177,362],[178,362],[179,362],[180,361],[181,361],[182,361],[183,361],[184,361],[185,361],[186,361],[187,361],[188,361],[189,360],[190,360],[191,359],[192,359],[193,359],[194,359],[195,359]]","True","STATIC_SCREEN_SUPPORTED_PLUS_ONE_AABB_0.4x0.8_HEADROOM_2;NOT_PLAYER_VERIFIED","d381ea7f0f21f05701140f12f3d305a8dc506a576371888395da9c021b1352d5"
"SV5_INFILL_ROOM_04a89a1ea13d228de7cf","SV5_INFILL_ROOM_1021773e205f6254b33f","SV5_OPTIONAL_06","[[48,39],[48,40],[47,40],[47,41],[46,41],[46,42],[45,42],[44,42],[43,42],[42,42],[41,42],[40,42],[39,42],[38,42],[37,42],[36,42],[36,43],[35,43]]","[]","[[47,40],[47,41],[46,41],[46,42],[45,42],[44,42],[43,42],[42,42],[41,42],[40,42],[39,42],[38,42],[37,42],[36,42],[36,43]]","15","[[48,39],[48,40],[47,40],[47,41],[46,41],[46,42],[45,42],[44,42],[43,42],[42,42],[41,42],[40,42],[39,42],[38,42],[37,42],[36,42],[36,43],[35,43]]","18","SV5_INFILL_LENGTH_RULE_V2","PASS","47,40>48,40","[[63,38],[62,38],[61,38],[60,38],[59,38],[58,38],[57,38],[56,38],[55,38],[54,38],[53,38],[52,38],[51,38],[50,38],[49,38],[48,38],[47,39],[46,40],[45,41],[44,41],[43,41],[42,41],[41,41],[40,41],[39,41],[38,41],[37,41],[36,41],[35,42],[34,42],[33,42],[32,42],[31,42],[30,42],[29,42],[28,42],[27,42],[26,42],[25,42],[24,42],[23,42],[22,42],[21,42],[20,42],[19,42]]","[[63,39],[62,39],[61,39],[60,39],[59,39],[58,39],[57,39],[56,39],[55,39],[54,39],[53,39],[52,39],[51,39],[50,39],[49,39],[48,39],[47,40],[46,41],[45,42],[44,42],[43,42],[42,42],[41,42],[40,42],[39,42],[38,42],[37,42],[36,42],[35,43],[34,43],[33,43],[32,43],[31,43],[30,43],[29,43],[28,43],[27,43],[26,43],[25,43],[24,43],[23,43],[22,43],[21,43],[20,43],[19,43]]","[[19,43],[20,43],[21,43],[22,43],[23,43],[24,43],[25,43],[26,43],[27,43],[28,43],[29,43],[30,43],[31,43],[32,43],[33,43],[34,43],[35,43],[36,42],[37,42],[38,42],[39,42],[40,42],[41,42],[42,42],[43,42],[44,42],[45,42],[46,41],[47,40],[48,39],[49,39],[50,39],[51,39],[52,39],[53,39],[54,39],[55,39],[56,39],[57,39],[58,39],[59,39],[60,39],[61,39],[62,39],[63,39]]","True","STATIC_SCREEN_SUPPORTED_PLUS_ONE_AABB_0.4x0.8_HEADROOM_2;NOT_PLAYER_VERIFIED","d381ea7f0f21f05701140f12f3d305a8dc506a576371888395da9c021b1352d5"
"SV5_INFILL_ROOM_04aa6c25103dea14b6e1","SV5_INFILL_ROOM_0172fae7eed3ae487f8f","SV5_OPTIONAL_09","[[163,163],[164,163],[165,163],[166,163],[167,163],[168,163],[169,163],[170,163],[171,163],[172,163]]","[]","[[164,163],[165,163],[166,163],[167,163],[168,163],[169,163],[170,163],[171,163]]","8","[[163,163],[164,163],[165,163],[166,163],[167,163],[168,163],[169,163],[170,163],[171,163],[172,163]]","10","SV5_INFILL_LENGTH_RULE_V2","PASS","163,163>164,163|163,164>164,164","[[144,162],[145,162],[146,162],[147,162],[148,162],[149,162],[150,162],[151,162],[152,162],[153,162],[154,162],[155,162],[156,162],[157,162],[158,162],[159,162],[160,162],[161,162],[162,162],[163,162],[164,162],[165,162],[166,162],[167,162],[168,162],[169,162],[170,162],[171,162],[172,162],[173,162],[174,162],[175,162],[176,162],[177,163],[178,163],[179,164],[180,164],[181,164],[182,164],[183,164],[184,164]]","[[144,163],[145,163],[146,163],[147,163],[148,163],[149,163],[150,163],[151,163],[152,163],[153,163],[154,163],[155,163],[156,163],[157,163],[158,163],[159,163],[160,163],[161,163],[162,163],[163,163],[164,163],[165,163],[166,163],[167,163],[168,163],[169,163],[170,163],[171,163],[172,163],[173,163],[174,163],[175,163],[176,163],[177,164],[178,164],[179,165],[180,165],[181,165],[182,165],[183,165],[184,165]]","[[184,165],[183,165],[182,165],[181,165],[180,165],[179,165],[178,164],[177,164],[176,163],[175,163],[174,163],[173,163],[172,163],[171,163],[170,163],[169,163],[168,163],[167,163],[166,163],[165,163],[164,163],[163,163],[162,163],[161,163],[160,163],[159,163],[158,163],[157,163],[156,163],[155,163],[154,163],[153,163],[152,163],[151,163],[150,163],[149,163],[148,163],[147,163],[146,163],[145,163],[144,163]]","True","STATIC_SCREEN_SUPPORTED_PLUS_ONE_AABB_0.4x0.8_HEADROOM_2;NOT_PLAYER_VERIFIED","d381ea7f0f21f05701140f12f3d305a8dc506a576371888395da9c021b1352d5"
"SV5_INFILL_ROOM_04ad25dcb101169f2db9","SV5_OPTIONAL_12","SV5_OPTIONAL_12","[[242,375],[242,376],[241,376],[241,377],[240,377],[240,378],[239,378],[238,378],[237,378],[236,378],[236,379],[235,379]]","[[244,375],[243,375],[242,375]]","[[243,375],[242,375],[242,376],[241,376],[241,377],[240,377],[240,378],[239,378],[238,378],[237,378],[236,378],[236,379]]","12","[[244,375],[243,375],[242,375],[242,376],[241,376],[241,377],[240,377],[240,378],[239,378],[238,378],[237,378],[236,378],[236,379],[235,379]]","14","SV5_INFILL_LENGTH_RULE_V2","PASS","243,375>244,375|243,376>244,376","[[242,374],[241,375],[240,376],[239,377],[238,377],[237,377],[236,377],[235,378],[234,378],[233,378],[232,378],[231,378],[230,378],[229,378],[228,378],[227,378],[226,378],[225,378],[224,378],[223,378],[222,378],[221,378],[220,378],[219,378]]","[[242,375],[241,376],[240,377],[239,378],[238,378],[237,378],[236,378],[235,379],[234,379],[233,379],[232,379],[231,379],[230,379],[229,379],[228,379],[227,379],[226,379],[225,379],[224,379],[223,379],[222,379],[221,379],[220,379],[219,379]]","[[219,379],[220,379],[221,379],[222,379],[223,379],[224,379],[225,379],[226,379],[227,379],[228,379],[229,379],[230,379],[231,379],[232,379],[233,379],[234,379],[235,379],[236,378],[237,378],[238,378],[239,378],[240,377],[241,376],[242,375]]","True","STATIC_SCREEN_SUPPORTED_PLUS_ONE_AABB_0.4x0.8_HEADROOM_2;NOT_PLAYER_VERIFIED","d381ea7f0f21f05701140f12f3d305a8dc506a576371888395da9c021b1352d5"
"SV5_INFILL_ROOM_04b3ee2d2f798b163c8e","SV5_OPTIONAL_04","SV5_OPTIONAL_04","[[554,23],[553,23],[552,23],[551,23],[550,23],[549,23],[548,23],[547,23],[546,23],[545,23],[544,23],[543,23],[542,23],[541,23],[540,23],[539,23]]","[[556,23],[555,23],[554,23]]","[[555,23],[554,23],[553,23],[552,23],[551,23],[550,23],[549,23],[548,23],[547,23],[546,23],[545,23],[544,23],[543,23],[542,23],[541,23],[540,23]]","16","[[556,23],[555,23],[554,23],[553,23],[552,23],[551,23],[550,23],[549,23],[548,23],[547,23],[546,23],[545,23],[544,23],[543,23],[542,23],[541,23],[540,23],[539,23]]","18","SV5_INFILL_LENGTH_RULE_V2","PASS","555,23>556,23|555,24>556,24","[[554,22],[553,22],[552,22],[551,22],[550,22],[549,22],[548,22],[547,22],[546,22],[545,22],[544,22],[543,22],[542,22],[541,22],[540,22],[539,22],[538,22],[537,22],[536,22],[535,22],[534,22],[533,22],[532,22],[531,22],[530,22],[529,22],[528,22],[527,22]]","[[554,23],[553,23],[552,23],[551,23],[550,23],[549,23],[548,23],[547,23],[546,23],[545,23],[544,23],[543,23],[542,23],[541,23],[540,23],[539,23],[538,23],[537,23],[536,23],[535,23],[534,23],[533,23],[532,23],[531,23],[530,23],[529,23],[528,23],[527,23]]","[[527,23],[528,23],[529,23],[530,23],[531,23],[532,23],[533,23],[534,23],[535,23],[536,23],[537,23],[538,23],[539,23],[540,23],[541,23],[542,23],[543,23],[544,23],[545,23],[546,23],[547,23],[548,23],[549,23],[550,23],[551,23],[552,23],[553,23],[554,23]]","True","STATIC_SCREEN_SUPPORTED_PLUS_ONE_AABB_0.4x0.8_HEADROOM_2;NOT_PLAYER_VERIFIED","d381ea7f0f21f05701140f12f3d305a8dc506a576371888395da9c021b1352d5"
"SV5_INFILL_ROOM_04e7f66dbff892010bd0","SV5_OPTIONAL_TO_VILLAGE","SV5_OPTIONAL_TO_VILLAGE","[[349,262],[350,262],[350,261],[351,261],[351,260],[352,260],[352,259],[353,259],[353,258],[354,258],[354,257],[355,257],[355,256],[356,256],[356,255],[357,255],[357,254],[358,254],[358,253],[359,253],[359,252],[360,252],[360,251]]","[[349,263],[349,262]]","[[349,263],[349,262],[350,262],[350,261],[351,261],[351,260],[352,260],[352,259],[353,259],[353,258],[354,258],[354,257],[355,257],[355,256],[356,256],[356,255],[357,255],[357,254],[358,254],[358,253],[359,253],[359,252]]","22","[[349,263],[349,262],[350,262],[350,261],[351,261],[351,260],[352,260],[352,259],[353,259],[353,258],[354,258],[354,257],[355,257],[355,256],[356,256],[356,255],[357,255],[357,254],[358,254],[358,253],[359,253],[359,252],[360,252],[360,251]]","24","SV5_INFILL_LENGTH_RULE_V2","PASS","349,262>349,263|348,263>349,263|349,263>350,263|350,262>350,263","[[349,261],[350,260],[351,259],[352,258],[353,257],[354,256],[355,255],[356,254],[357,253],[358,252],[359,251],[360,250],[361,250],[362,250],[363,250],[364,250],[365,250],[366,250],[367,250],[368,250],[369,250],[370,250],[371,250],[372,250]]","[[349,262],[350,261],[351,260],[352,259],[353,258],[354,257],[355,256],[356,255],[357,254],[358,253],[359,252],[360,251],[361,251],[362,251],[363,251],[364,251],[365,251],[366,251],[367,251],[368,251],[369,251],[370,251],[371,251],[372,251]]","[[372,251],[371,251],[370,251],[369,251],[368,251],[367,251],[366,251],[365,251],[364,251],[363,251],[362,251],[361,251],[360,251],[359,252],[358,253],[357,254],[356,255],[355,256],[354,257],[353,258],[352,259],[351,260],[350,261],[349,262]]","True","STATIC_SCREEN_SUPPORTED_PLUS_ONE_AABB_0.4x0.8_HEADROOM_2;NOT_PLAYER_VERIFIED","d381ea7f0f21f05701140f12f3d305a8dc506a576371888395da9c021b1352d5"
"SV5_INFILL_ROOM_04ed135bc0ea044996b2","SV5_OPTIONAL_12","SV5_OPTIONAL_12","[[241,291],[241,292],[240,292],[240,293],[239,293],[239,294],[238,294],[237,294],[236,294],[236,295],[235,295]]","[[243,291],[242,291],[241,291]]","[[242,291],[241,291],[241,292],[240,292],[240,293],[239,293],[239,294],[238,294],[237,294],[236,294],[236,295]]","11","[[243,291],[242,291],[241,291],[241,292],[240,292],[240,293],[239,293],[239,294],[238,294],[237,294],[236,294],[236,295],[235,295]]","13","SV5_INFILL_LENGTH_RULE_V2","PASS","242,291>243,291|242,292>243,292","[[241,290],[240,291],[239,292],[238,293],[237,293],[236,293],[235,294],[234,294],[233,294],[232,294],[231,294],[230,294],[229,294],[228,294],[227,294],[226,294],[225,294],[224,294],[223,294]]","[[241,291],[240,292],[239,293],[238,294],[237,294],[236,294],[235,295],[234,295],[233,295],[232,295],[231,295],[230,295],[229,295],[228,295],[227,295],[226,295],[225,295],[224,295],[223,295]]","[[223,295],[224,295],[225,295],[226,295],[227,295],[228,295],[229,295],[230,295],[231,295],[232,295],[233,295],[234,295],[235,295],[236,294],[237,294],[238,294],[239,293],[240,292],[241,291]]","True","STATIC_SCREEN_SUPPORTED_PLUS_ONE_AABB_0.4x0.8_HEADROOM_2;NOT_PLAYER_VERIFIED","d381ea7f0f21f05701140f12f3d305a8dc506a576371888395da9c021b1352d5"
"SV5_INFILL_ROOM_050904725fdcd82ff28e","SV5_OPTIONAL_04","SV5_OPTIONAL_04","[[558,71],[558,72],[559,72],[559,73],[560,73],[560,74],[561,74],[562,74],[563,74],[564,74],[565,74],[566,74],[567,74],[568,74],[569,74],[570,74],[571,74],[571,75],[572,75]]","[[556,71],[557,71],[558,71]]","[[557,71],[558,71],[558,72],[559,72],[559,73],[560,73],[560,74],[561,74],[562,74],[563,74],[564,74],[565,74],[566,74],[567,74],[568,74],[569,74],[570,74],[571,74],[571,75]]","19","[[556,71],[557,71],[558,71],[558,72],[559,72],[559,73],[560,73],[560,74],[561,74],[562,74],[563,74],[564,74],[565,74],[566,74],[567,74],[568,74],[569,74],[570,74],[571,74],[571,75],[572,75]]","21","SV5_INFILL_LENGTH_RULE_V2","PASS","556,71>557,71|556,72>557,72","[[558,70],[559,71],[560,72],[561,73],[562,73],[563,73],[564,73],[565,73],[566,73],[567,73],[568,73],[569,73],[570,73],[571,73],[572,74],[573,74],[574,74],[575,74],[576,74],[577,74],[578,74],[579,74],[580,74],[581,74],[582,74],[583,74],[584,74],[585,74],[586,74],[587,74],[588,74]]","[[558,71],[559,72],[560,73],[561,74],[562,74],[563,74],[564,74],[565,74],[566,74],[567,74],[568,74],[569,74],[570,74],[571,74],[572,75],[573,75],[574,75],[575,75],[576,75],[577,75],[578,75],[579,75],[580,75],[581,75],[582,75],[583,75],[584,75],[585,75],[586,75],[587,75],[588,75]]","[[588,75],[587,75],[586,75],[585,75],[584,75],[583,75],[582,75],[581,75],[580,75],[579,75],[578,75],[577,75],[576,75],[575,75],[574,75],[573,75],[572,75],[571,74],[570,74],[569,74],[568,74],[567,74],[566,74],[565,74],[564,74],[563,74],[562,74],[561,74],[560,73],[559,72],[558,71]]","True","STATIC_SCREEN_SUPPORTED_PLUS_ONE_AABB_0.4x0.8_HEADROOM_2;NOT_PLAYER_VERIFIED","d381ea7f0f21f05701140f12f3d305a8dc506a576371888395da9c021b1352d5"
"SV5_INFILL_ROOM_050dc7e3b0d32cf22249","SV5_INFILL_ROOM_071e519de6c295adb1fe","SV5_OPTIONAL_06","[[52,21],[52,22],[51,22],[50,22],[49,22],[48,22],[47,22],[46,22],[45,22],[44,22],[43,22],[42,22],[41,22],[40,22],[39,22],[38,22],[37,22],[36,22],[35,22],[34,22],[33,22],[32,22],[32,23],[31,23]]","[]","[[51,22],[50,22],[49,22],[48,22],[47,22],[46,22],[45,22],[44,22],[43,22],[42,22],[41,22],[40,22],[39,22],[38,22],[37,22],[36,22],[35,22],[34,22],[33,22],[32,22],[32,23]]","21","[[52,21],[52,22],[51,22],[50,22],[49,22],[48,22],[47,22],[46,22],[45,22],[44,22],[43,22],[42,22],[41,22],[40,22],[39,22],[38,22],[37,22],[36,22],[35,22],[34,22],[33,22],[32,22],[32,23],[31,23]]","24","SV5_INFILL_LENGTH_RULE_V2","PASS","51,22>52,22","[[67,18],[66,18],[65,18],[64,18],[63,18],[62,19],[61,19],[60,20],[59,20],[58,20],[57,20],[56,20],[55,20],[54,20],[53,20],[52,20],[51,21],[50,21],[49,21],[48,21],[47,21],[46,21],[45,21],[44,21],[43,21],[42,21],[41,21],[40,21],[39,21],[38,21],[37,21],[36,21],[35,21],[34,21],[33,21],[32,21],[31,22],[30,22],[29,22],[28,22],[27,22],[26,22],[25,22],[24,22],[23,22],[22,22],[21,22],[20,22],[19,22]]","[[67,19],[66,19],[65,19],[64,19],[63,19],[62,20],[61,20],[60,21],[59,21],[58,21],[57,21],[56,21],[55,21],[54,21],[53,21],[52,21],[51,22],[50,22],[49,22],[48,22],[47,22],[46,22],[45,22],[44,22],[43,22],[42,22],[41,22],[40,22],[39,22],[38,22],[37,22],[36,22],[35,22],[34,22],[33,22],[32,22],[31,23],[30,23],[29,23],[28,23],[27,23],[26,23],[25,23],[24,23],[23,23],[22,23],[21,23],[20,23],[19,23]]","[[19,23],[20,23],[21,23],[22,23],[23,23],[24,23],[25,23],[26,23],[27,23],[28,23],[29,23],[30,23],[31,23],[32,22],[33,22],[34,22],[35,22],[36,22],[37,22],[38,22],[39,22],[40,22],[41,22],[42,22],[43,22],[44,22],[45,22],[46,22],[47,22],[48,22],[49,22],[50,22],[51,22],[52,21],[53,21],[54,21],[55,21],[56,21],[57,21],[58,21],[59,21],[60,21],[61,20],[62,20],[63,19],[64,19],[65,19],[66,19],[67,19]]","True","STATIC_SCREEN_SUPPORTED_PLUS_ONE_AABB_0.4x0.8_HEADROOM_2;NOT_PLAYER_VERIFIED","d381ea7f0f21f05701140f12f3d305a8dc506a576371888395da9c021b1352d5"
"SV5_INFILL_ROOM_05128c4f61465444fbf3","SV5_INFILL_ROOM_011090d282560d8c79a1","SV5_OPTIONAL_12","[[152,395],[151,395],[150,395],[149,395],[148,395],[147,395],[146,395],[145,395],[144,395],[143,395],[142,395],[141,395],[140,395],[139,395]]","[]","[[151,395],[150,395],[149,395],[148,395],[147,395],[146,395],[145,395],[144,395],[143,395],[142,395],[141,395],[140,395]]","12","[[152,395],[151,395],[150,395],[149,395],[148,395],[147,395],[146,395],[145,395],[144,395],[143,395],[142,395],[141,395],[140,395],[139,395]]","14","SV5_INFILL_LENGTH_RULE_V2","PASS","151,395>152,395|151,396>152,396","[[171,394],[170,394],[169,394],[168,394],[167,394],[166,394],[165,394],[164,394],[163,394],[162,394],[161,394],[160,394],[159,394],[158,394],[157,394],[156,394],[155,394],[154,394],[153,394],[152,394],[151,394],[150,394],[149,394],[148,394],[147,394],[146,394],[145,394],[144,394],[143,394],[142,394],[141,394],[140,394],[139,394],[138,394],[137,394],[136,394],[135,394],[134,394],[133,394],[132,394],[131,394],[130,394],[129,394],[128,394],[127,394],[126,394],[125,394],[124,394],[123,394]]","[[171,395],[170,395],[169,395],[168,395],[167,395],[166,395],[165,395],[164,395],[163,395],[162,395],[161,395],[160,395],[159,395],[158,395],[157,395],[156,395],[155,395],[154,395],[153,395],[152,395],[151,395],[150,395],[149,395],[148,395],[147,395],[146,395],[145,395],[144,395],[143,395],[142,395],[141,395],[140,395],[139,395],[138,395],[137,395],[136,395],[135,395],[134,395],[133,395],[132,395],[131,395],[130,395],[129,395],[128,395],[127,395],[126,395],[125,395],[124,395],[123,395]]","[[123,395],[124,395],[125,395],[126,395],[127,395],[128,395],[129,395],[130,395],[131,395],[132,395],[133,395],[134,395],[135,395],[136,395],[137,395],[138,395],[139,395],[140,395],[141,395],[142,395],[143,395],[144,395],[145,395],[146,395],[147,395],[148,395],[149,395],[150,395],[151,395],[152,395],[153,395],[154,395],[155,395],[156,395],[157,395],[158,395],[159,395],[160,395],[161,395],[162,395],[163,395],[164,395],[165,395],[166,395],[167,395],[168,395],[169,395],[170,395],[171,395]]","True","STATIC_SCREEN_SUPPORTED_PLUS_ONE_AABB_0.4x0.8_HEADROOM_2;NOT_PLAYER_VERIFIED","d381ea7f0f21f05701140f12f3d305a8dc506a576371888395da9c021b1352d5"
"SV5_INFILL_ROOM_05300313b23b3b52092c","SV5_INFILL_ROOM_002847beba22c27fafc7","SV5_OPTIONAL_00","[[419,357],[420,357],[420,356],[421,356],[421,355],[422,355],[422,354],[423,354],[423,353],[424,353],[424,352],[425,352],[426,352],[427,352],[428,352],[429,352],[430,352],[431,352],[432,352],[433,352],[433,351],[434,351],[435,351],[436,351]]","[]","[[420,357],[420,356],[421,356],[421,355],[422,355],[422,354],[423,354],[423,353],[424,353],[424,352],[425,352],[426,352],[427,352],[428,352],[429,352],[430,352],[431,352],[432,352],[433,352],[433,351],[434,351],[435,351]]","22","[[419,357],[420,357],[420,356],[421,356],[421,355],[422,355],[422,354],[423,354],[423,353],[424,353],[424,352],[425,352],[426,352],[427,352],[428,352],[429,352],[430,352],[431,352],[432,352],[433,352],[433,351],[434,351],[435,351],[436,351]]","24","SV5_INFILL_LENGTH_RULE_V2","PASS","419,357>420,357","[[404,354],[405,354],[406,354],[407,354],[408,354],[409,355],[410,355],[411,356],[412,356],[413,356],[414,356],[415,356],[416,356],[417,356],[418,356],[419,356],[420,355],[421,354],[422,353],[423,352],[424,351],[425,351],[426,351],[427,351],[428,351],[429,351],[430,351],[431,351],[432,351],[433,350],[434,350],[435,350],[436,350],[437,350],[438,350],[439,350],[440,350],[441,351],[442,351],[443,352],[444,352],[445,352],[446,352],[447,352],[448,352]]","[[404,355],[405,355],[406,355],[407,355],[408,355],[409,356],[410,356],[411,357],[412,357],[413,357],[414,357],[415,357],[416,357],[417,357],[418,357],[419,357],[420,356],[421,355],[422,354],[423,353],[424,352],[425,352],[426,352],[427,352],[428,352],[429,352],[430,352],[431,352],[432,352],[433,351],[434,351],[435,351],[436,351],[437,351],[438,351],[439,351],[440,351],[441,352],[442,352],[443,353],[444,353],[445,353],[446,353],[447,353],[448,353]]","[[448,353],[447,353],[446,353],[445,353],[444,353],[443,353],[442,352],[441,352],[440,351],[439,351],[438,351],[437,351],[436,351],[435,351],[434,351],[433,351],[432,352],[431,352],[430,352],[429,352],[428,352],[427,352],[426,352],[425,352],[424,352],[423,353],[422,354],[421,355],[420,356],[419,357],[418,357],[417,357],[416,357],[415,357],[414,357],[413,357],[412,357],[411,357],[410,356],[409,356],[408,355],[407,355],[406,355],[405,355],[404,355]]","True","STATIC_SCREEN_SUPPORTED_PLUS_ONE_AABB_0.4x0.8_HEADROOM_2;NOT_PLAYER_VERIFIED","d381ea7f0f21f05701140f12f3d305a8dc506a576371888395da9c021b1352d5"
"SV5_INFILL_ROOM_0555f7159cc5807eccd0","SV5_OPTIONAL_10","SV5_OPTIONAL_10","[[166,203],[166,204],[165,204],[165,205],[164,205],[164,206],[163,206],[163,207],[162,207],[162,208],[161,208],[161,209],[160,209],[160,210],[159,210],[158,210],[157,210],[156,210],[156,211],[155,211]]","[[168,203],[167,203],[166,203]]","[[167,203],[166,203],[166,204],[165,204],[165,205],[164,205],[164,206],[163,206],[163,207],[162,207],[162,208],[161,208],[161,209],[160,209],[160,210],[159,210],[158,210],[157,210],[156,210],[156,211]]","20","[[168,203],[167,203],[166,203],[166,204],[165,204],[165,205],[164,205],[164,206],[163,206],[163,207],[162,207],[162,208],[161,208],[161,209],[160,209],[160,210],[159,210],[158,210],[157,210],[156,210],[156,211],[155,211]]","22","SV5_INFILL_LENGTH_RULE_V2","PASS","167,203>168,203|167,204>168,204","[[166,202],[165,203],[164,204],[163,205],[162,206],[161,207],[160,208],[159,209],[158,209],[157,209],[156,209],[155,210],[154,210],[153,210],[152,210],[151,210],[150,211],[149,211],[148,212],[147,212],[146,212],[145,212],[144,212],[143,212]]","[[166,203],[165,204],[164,205],[163,206],[162,207],[161,208],[160,209],[159,210],[158,210],[157,210],[156,210],[155,211],[154,211],[153,211],[152,211],[151,211],[150,212],[149,212],[148,213],[147,213],[146,213],[145,213],[144,213],[143,213]]","[[143,213],[144,213],[145,213],[146,213],[147,213],[148,213],[149,212],[150,212],[151,211],[152,211],[153,211],[154,211],[155,211],[156,210],[157,210],[158,210],[159,210],[160,209],[161,208],[162,207],[163,206],[164,205],[165,204],[166,203]]","True","STATIC_SCREEN_SUPPORTED_PLUS_ONE_AABB_0.4x0.8_HEADROOM_2;NOT_PLAYER_VERIFIED","d381ea7f0f21f05701140f12f3d305a8dc506a576371888395da9c021b1352d5"
"SV5_INFILL_ROOM_055856717f4139baf16b","SV5_INFILL_ROOM_005a04bda9ede05b1190","SV5_OPTIONAL_09","[[92,131],[91,131],[91,130],[90,130],[90,129],[89,129],[89,128],[88,128],[88,127],[87,127],[86,127],[85,127],[84,127],[83,127]]","[]","[[91,131],[91,130],[90,130],[90,129],[89,129],[89,128],[88,128],[88,127],[87,127],[86,127],[85,127],[84,127]]","12","[[92,131],[91,131],[91,130],[90,130],[90,129],[89,129],[89,128],[88,128],[88,127],[87,127],[86,127],[85,127],[84,127],[83,127]]","14","SV5_INFILL_LENGTH_RULE_V2","PASS","91,131>92,131","[[107,130],[106,130],[105,130],[104,130],[103,130],[102,130],[101,130],[100,130],[99,130],[98,130],[97,130],[96,130],[95,130],[94,130],[93,130],[92,130],[91,129],[90,128],[89,127],[88,126],[87,126],[86,126],[85,126],[84,126],[83,126],[82,126],[81,126],[80,126],[79,126],[78,127],[77,127],[76,128],[75,128],[74,128],[73,128],[72,128],[71,128]]","[[107,131],[106,131],[105,131],[104,131],[103,131],[102,131],[101,131],[100,131],[99,131],[98,131],[97,131],[96,131],[95,131],[94,131],[93,131],[92,131],[91,130],[90,129],[89,128],[88,127],[87,127],[86,127],[85,127],[84,127],[83,127],[82,127],[81,127],[80,127],[79,127],[78,128],[77,128],[76,129],[75,129],[74,129],[73,129],[72,129],[71,129]]","[[71,129],[72,129],[73,129],[74,129],[75,129],[76,129],[77,128],[78,128],[79,127],[80,127],[81,127],[82,127],[83,127],[84,127],[85,127],[86,127],[87,127],[88,127],[89,128],[90,129],[91,130],[92,131],[93,131],[94,131],[95,131],[96,131],[97,131],[98,131],[99,131],[100,131],[101,131],[102,131],[103,131],[104,131],[105,131],[106,131],[107,131]]","True","STATIC_SCREEN_SUPPORTED_PLUS_ONE_AABB_0.4x0.8_HEADROOM_2;NOT_PLAYER_VERIFIED","d381ea7f0f21f05701140f12f3d305a8dc506a576371888395da9c021b1352d5"
"SV5_INFILL_ROOM_0573f914122762e2eb87","SV5_OPTIONAL_TO_VILLAGE","SV5_OPTIONAL_TO_VILLAGE","[[439,259],[438,259],[438,258],[437,258],[437,257],[436,257],[436,256],[435,256],[435,255],[434,255],[434,254],[433,254],[433,253],[432,253],[432,252],[431,252],[431,251]]","[[439,260],[439,259]]","[[439,260],[439,259],[438,259],[438,258],[437,258],[437,257],[436,257],[436,256],[435,256],[435,255],[434,255],[434,254],[433,254],[433,253],[432,253],[432,252]]","16","[[439,260],[439,259],[438,259],[438,258],[437,258],[437,257],[436,257],[436,256],[435,256],[435,255],[434,255],[434,254],[433,254],[433,253],[432,253],[432,252],[431,252],[431,251]]","18","SV5_INFILL_LENGTH_RULE_V2","PASS","439,259>439,260|438,260>439,260|439,260>440,260|438,259>438,260","[[439,258],[438,257],[437,256],[436,255],[435,254],[434,253],[433,252],[432,251],[431,250],[430,250],[429,250],[428,250],[427,250],[426,250],[425,250],[424,250],[423,250],[422,250],[421,250],[420,250],[419,250]]","[[439,259],[438,258],[437,257],[436,256],[435,255],[434,254],[433,253],[432,252],[431,251],[430,251],[429,251],[428,251],[427,251],[426,251],[425,251],[424,251],[423,251],[422,251],[421,251],[420,251],[419,251]]","[[419,251],[420,251],[421,251],[422,251],[423,251],[424,251],[425,251],[426,251],[427,251],[428,251],[429,251],[430,251],[431,251],[432,252],[433,253],[434,254],[435,255],[436,256],[437,257],[438,258],[439,259]]","True","STATIC_SCREEN_SUPPORTED_PLUS_ONE_AABB_0.4x0.8_HEADROOM_2;NOT_PLAYER_VERIFIED","d381ea7f0f21f05701140f12f3d305a8dc506a576371888395da9c021b1352d5"
"SV5_INFILL_ROOM_057bf90d15626a0398cb","SV5_INFILL_ROOM_03e9854a823531fd8709","SV5_OPTIONAL_01","[[328,307],[327,307],[327,306],[326,306],[326,305],[325,305],[325,304],[324,304],[324,303],[323,303]]","[]","[[327,307],[327,306],[326,306],[326,305],[325,305],[325,304],[324,304],[324,303]]","8","[[328,307],[327,307],[327,306],[326,306],[326,305],[325,305],[325,304],[324,304],[324,303],[323,303]]","10","SV5_INFILL_LENGTH_RULE_V2","PASS","327,307>328,307","[[343,306],[342,306],[341,306],[340,306],[339,306],[338,306],[337,306],[336,306],[335,306],[334,306],[333,306],[332,306],[331,306],[330,306],[329,306],[328,306],[327,305],[326,304],[325,303],[324,302],[323,302],[322,302],[321,302],[320,302],[319,302],[318,302],[317,302],[316,302],[315,302],[314,302],[313,302],[312,302],[311,302]]","[[343,307],[342,307],[341,307],[340,307],[339,307],[338,307],[337,307],[336,307],[335,307],[334,307],[333,307],[332,307],[331,307],[330,307],[329,307],[328,307],[327,306],[326,305],[325,304],[324,303],[323,303],[322,303],[321,303],[320,303],[319,303],[318,303],[317,303],[316,303],[315,303],[314,303],[313,303],[312,303],[311,303]]","[[311,303],[312,303],[313,303],[314,303],[315,303],[316,303],[317,303],[318,303],[319,303],[320,303],[321,303],[322,303],[323,303],[324,303],[325,304],[326,305],[327,306],[328,307],[329,307],[330,307],[331,307],[332,307],[333,307],[334,307],[335,307],[336,307],[337,307],[338,307],[339,307],[340,307],[341,307],[342,307],[343,307]]","True","STATIC_SCREEN_SUPPORTED_PLUS_ONE_AABB_0.4x0.8_HEADROOM_2;NOT_PLAYER_VERIFIED","d381ea7f0f21f05701140f12f3d305a8dc506a576371888395da9c021b1352d5"
"SV5_INFILL_ROOM_0584c23697100b09d0ae","SV5_INFILL_ROOM_0211dda6690845617294","SV5_OPTIONAL_06","[[188,55],[187,55],[187,54],[186,54],[186,53],[185,53],[185,52],[184,52],[184,51],[183,51]]","[]","[[187,55],[187,54],[186,54],[186,53],[185,53],[185,52],[184,52],[184,51]]","8","[[188,55],[187,55],[187,54],[186,54],[186,53],[185,53],[185,52],[184,52],[184,51],[183,51]]","10","SV5_INFILL_LENGTH_RULE_V2","PASS","187,55>188,55","[[203,54],[202,54],[201,54],[200,54],[199,54],[198,54],[197,54],[196,54],[195,54],[194,54],[193,54],[192,54],[191,54],[190,54],[189,54],[188,54],[187,53],[186,52],[185,51],[184,50],[183,50],[182,50],[181,50],[180,50],[179,50],[178,50],[177,50],[176,50],[175,50],[174,50],[173,50],[172,50],[171,50],[170,50],[169,50],[168,50],[167,50]]","[[203,55],[202,55],[201,55],[200,55],[199,55],[198,55],[197,55],[196,55],[195,55],[194,55],[193,55],[192,55],[191,55],[190,55],[189,55],[188,55],[187,54],[186,53],[185,52],[184,51],[183,51],[182,51],[181,51],[180,51],[179,51],[178,51],[177,51],[176,51],[175,51],[174,51],[173,51],[172,51],[171,51],[170,51],[169,51],[168,51],[167,51]]","[[167,51],[168,51],[169,51],[170,51],[171,51],[172,51],[173,51],[174,51],[175,51],[176,51],[177,51],[178,51],[179,51],[180,51],[181,51],[182,51],[183,51],[184,51],[185,52],[186,53],[187,54],[188,55],[189,55],[190,55],[191,55],[192,55],[193,55],[194,55],[195,55],[196,55],[197,55],[198,55],[199,55],[200,55],[201,55],[202,55],[203,55]]","True","STATIC_SCREEN_SUPPORTED_PLUS_ONE_AABB_0.4x0.8_HEADROOM_2;NOT_PLAYER_VERIFIED","d381ea7f0f21f05701140f12f3d305a8dc506a576371888395da9c021b1352d5"
"SV5_INFILL_ROOM_05885ce148e473a135b3","SV5_OPTIONAL_04","SV5_OPTIONAL_04","[[554,155],[553,155],[552,155],[551,155]]","[[556,155],[555,155],[554,155]]","[[555,155],[554,155],[553,155],[552,155]]","4","[[556,155],[555,155],[554,155],[553,155],[552,155],[551,155]]","6","SV5_INFILL_LENGTH_RULE_V2","PASS","555,155>556,155|555,156>556,156","[[554,154],[553,154],[552,154],[551,154],[550,154],[549,154],[548,154],[547,154],[546,154],[545,154],[544,154],[543,154],[542,154],[541,154],[540,154],[539,154]]","[[554,155],[553,155],[552,155],[551,155],[550,155],[549,155],[548,155],[547,155],[546,155],[545,155],[544,155],[543,155],[542,155],[541,155],[540,155],[539,155]]","[[539,155],[540,155],[541,155],[542,155],[543,155],[544,155],[545,155],[546,155],[547,155],[548,155],[549,155],[550,155],[551,155],[552,155],[553,155],[554,155]]","True","STATIC_SCREEN_SUPPORTED_PLUS_ONE_AABB_0.4x0.8_HEADROOM_2;NOT_PLAYER_VERIFIED","d381ea7f0f21f05701140f12f3d305a8dc506a576371888395da9c021b1352d5"
"SV5_INFILL_ROOM_0591ab8eb2a9227b48a9","SV5_OPTIONAL_03","SV5_OPTIONAL_03","[[582,295],[583,295],[584,295]]","[[580,295],[581,295],[582,295]]","[[581,295],[582,295],[583,295]]","3","[[580,295],[581,295],[582,295],[583,295],[584,295]]","5","SV5_INFILL_LENGTH_RULE_V2","PASS","580,295>581,295|580,296>581,296","[[582,294],[583,294],[584,294],[585,294],[586,294],[587,294],[588,294],[589,294],[590,294],[591,294],[592,294],[593,294],[594,294],[595,294],[596,294]]","[[582,295],[583,295],[584,295],[585,295],[586,295],[587,295],[588,295],[589,295],[590,295],[591,295],[592,295],[593,295],[594,295],[595,295],[596,295]]","[[596,295],[595,295],[594,295],[593,295],[592,295],[591,295],[590,295],[589,295],[588,295],[587,295],[586,295],[585,295],[584,295],[583,295],[582,295]]","True","STATIC_SCREEN_SUPPORTED_PLUS_ONE_AABB_0.4x0.8_HEADROOM_2;NOT_PLAYER_VERIFIED","d381ea7f0f21f05701140f12f3d305a8dc506a576371888395da9c021b1352d5"
"SV5_INFILL_ROOM_059f0ce534524d850551","SV5_OPTIONAL_12","SV5_OPTIONAL_12","[[241,323],[241,324],[240,324],[240,325],[239,325],[239,326],[238,326],[237,326],[236,326],[236,327],[235,327]]","[[243,323],[242,323],[241,323]]","[[242,323],[241,323],[241,324],[240,324],[240,325],[239,325],[239,326],[238,326],[237,326],[236,326],[236,327]]","11","[[243,323],[242,323],[241,323],[241,324],[240,324],[240,325],[239,325],[239,326],[238,326],[237,326],[236,326],[236,327],[235,327]]","13","SV5_INFILL_LENGTH_RULE_V2","PASS","242,323>243,323|242,324>243,324","[[241,322],[240,323],[239,324],[238,325],[237,325],[236,325],[235,326],[234,326],[233,326],[232,326],[231,326],[230,326],[229,326],[228,326],[227,326],[226,326],[225,326],[224,326],[223,326]]","[[241,323],[240,324],[239,325],[238,326],[237,326],[236,326],[235,327],[234,327],[233,327],[232,327],[231,327],[230,327],[229,327],[228,327],[227,327],[226,327],[225,327],[224,327],[223,327]]","[[223,327],[224,327],[225,327],[226,327],[227,327],[228,327],[229,327],[230,327],[231,327],[232,327],[233,327],[234,327],[235,327],[236,326],[237,326],[238,326],[239,325],[240,324],[241,323]]","True","STATIC_SCREEN_SUPPORTED_PLUS_ONE_AABB_0.4x0.8_HEADROOM_2;NOT_PLAYER_VERIFIED","d381ea7f0f21f05701140f12f3d305a8dc506a576371888395da9c021b1352d5"
"SV5_INFILL_ROOM_05c86cf090f60cb83689","SV5_INFILL_ROOM_01fd763216564c4ab82e","SV5_OPTIONAL_06","[[76,55],[76,56],[75,56],[75,57],[74,57],[74,58],[73,58],[73,59],[72,59],[72,60],[71,60],[71,61],[70,61],[70,62],[69,62],[68,62],[67,62],[66,62],[65,62],[64,62],[64,63],[63,63]]","[]","[[75,56],[75,57],[74,57],[74,58],[73,58],[73,59],[72,59],[72,60],[71,60],[71,61],[70,61],[70,62],[69,62],[68,62],[67,62],[66,62],[65,62],[64,62],[64,63]]","19","[[76,55],[76,56],[75,56],[75,57],[74,57],[74,58],[73,58],[73,59],[72,59],[72,60],[71,60],[71,61],[70,61],[70,62],[69,62],[68,62],[67,62],[66,62],[65,62],[64,62],[64,63],[63,63]]","22","SV5_INFILL_LENGTH_RULE_V2","PASS","75,56>76,56","[[91,54],[90,54],[89,54],[88,54],[87,54],[86,54],[85,54],[84,54],[83,54],[82,54],[81,54],[80,54],[79,54],[78,54],[77,54],[76,54],[75,55],[74,56],[73,57],[72,58],[71,59],[70,60],[69,61],[68,61],[67,61],[66,61],[65,61],[64,61],[63,62],[62,62],[61,62],[60,62],[59,62],[58,62],[57,62],[56,62],[55,62],[54,62],[53,62],[52,62],[51,62],[50,62],[49,62],[48,62],[47,62]]","[[91,55],[90,55],[89,55],[88,55],[87,55],[86,55],[85,55],[84,55],[83,55],[82,55],[81,55],[80,55],[79,55],[78,55],[77,55],[76,55],[75,56],[74,57],[73,58],[72,59],[71,60],[70,61],[69,62],[68,62],[67,62],[66,62],[65,62],[64,62],[63,63],[62,63],[61,63],[60,63],[59,63],[58,63],[57,63],[56,63],[55,63],[54,63],[53,63],[52,63],[51,63],[50,63],[49,63],[48,63],[47,63]]","[[47,63],[48,63],[49,63],[50,63],[51,63],[52,63],[53,63],[54,63],[55,63],[56,63],[57,63],[58,63],[59,63],[60,63],[61,63],[62,63],[63,63],[64,62],[65,62],[66,62],[67,62],[68,62],[69,62],[70,61],[71,60],[72,59],[73,58],[74,57],[75,56],[76,55],[77,55],[78,55],[79,55],[80,55],[81,55],[82,55],[83,55],[84,55],[85,55],[86,55],[87,55],[88,55],[89,55],[90,55],[91,55]]","True","STATIC_SCREEN_SUPPORTED_PLUS_ONE_AABB_0.4x0.8_HEADROOM_2;NOT_PLAYER_VERIFIED","d381ea7f0f21f05701140f12f3d305a8dc506a576371888395da9c021b1352d5"
"SV5_INFILL_ROOM_05ca1ce41aa5fccf5e3e","SV5_OPTIONAL_08","SV5_OPTIONAL_08","[[130,79],[130,80],[129,80],[129,81],[128,81],[128,82],[127,82],[126,82],[125,82],[124,82],[123,82],[122,82],[121,82],[120,82],[119,82],[118,82],[117,82],[116,82],[116,83],[115,83]]","[[132,79],[131,79],[130,79]]","[[131,79],[130,79],[130,80],[129,80],[129,81],[128,81],[128,82],[127,82],[126,82],[125,82],[124,82],[123,82],[122,82],[121,82],[120,82],[119,82],[118,82],[117,82],[116,82],[116,83]]","20","[[132,79],[131,79],[130,79],[130,80],[129,80],[129,81],[128,81],[128,82],[127,82],[126,82],[125,82],[124,82],[123,82],[122,82],[121,82],[120,82],[119,82],[118,82],[117,82],[116,82],[116,83],[115,83]]","22","SV5_INFILL_LENGTH_RULE_V2","PASS","131,79>132,79|131,80>132,80","[[130,78],[129,79],[128,80],[127,81],[126,81],[125,81],[124,81],[123,81],[122,81],[121,81],[120,81],[119,81],[118,81],[117,81],[116,81],[115,82],[114,82],[113,82],[112,82],[111,82],[110,82],[109,82],[108,82],[107,82],[106,82],[105,82],[104,82],[103,82],[102,82],[101,82],[100,82],[99,82]]","[[130,79],[129,80],[128,81],[127,82],[126,82],[125,82],[124,82],[123,82],[122,82],[121,82],[120,82],[119,82],[118,82],[117,82],[116,82],[115,83],[114,83],[113,83],[112,83],[111,83],[110,83],[109,83],[108,83],[107,83],[106,83],[105,83],[104,83],[103,83],[102,83],[101,83],[100,83],[99,83]]","[[99,83],[100,83],[101,83],[102,83],[103,83],[104,83],[105,83],[106,83],[107,83],[108,83],[109,83],[110,83],[111,83],[112,83],[113,83],[114,83],[115,83],[116,82],[117,82],[118,82],[119,82],[120,82],[121,82],[122,82],[123,82],[124,82],[125,82],[126,82],[127,82],[128,81],[129,80],[130,79]]","True","STATIC_SCREEN_SUPPORTED_PLUS_ONE_AABB_0.4x0.8_HEADROOM_2;NOT_PLAYER_VERIFIED","d381ea7f0f21f05701140f12f3d305a8dc506a576371888395da9c021b1352d5"
"SV5_INFILL_ROOM_05e0339d990ed8f50723","SV5_INFILL_ROOM_0ca00de1852445b16dcc","SV5_OPTIONAL_14","[[111,335],[112,335],[112,334],[113,334],[113,333],[114,333],[114,332],[115,332],[115,331],[116,331],[116,330],[117,330],[117,329],[118,329],[118,328],[119,328],[119,327],[120,327]]","[]","[[112,335],[112,334],[113,334],[113,333],[114,333],[114,332],[115,332],[115,331],[116,331],[116,330],[117,330],[117,329],[118,329],[118,328],[119,328],[119,327]]","16","[[111,335],[112,335],[112,334],[113,334],[113,333],[114,333],[114,332],[115,332],[115,331],[116,331],[116,330],[117,330],[117,329],[118,329],[118,328],[119,328],[119,327],[120,327]]","18","SV5_INFILL_LENGTH_RULE_V2","PASS","111,335>112,335","[[92,334],[93,334],[94,334],[95,334],[96,334],[97,334],[98,334],[99,334],[100,334],[101,334],[102,334],[103,334],[104,334],[105,334],[106,334],[107,334],[108,334],[109,334],[110,334],[111,334],[112,333],[113,332],[114,331],[115,330],[116,329],[117,328],[118,327],[119,326],[120,326],[121,326],[122,326],[123,326],[124,326],[125,326],[126,326],[127,326],[128,326],[129,326],[130,326],[131,326],[132,326],[133,326],[134,326],[135,326],[136,326]]","[[92,335],[93,335],[94,335],[95,335],[96,335],[97,335],[98,335],[99,335],[100,335],[101,335],[102,335],[103,335],[104,335],[105,335],[106,335],[107,335],[108,335],[109,335],[110,335],[111,335],[112,334],[113,333],[114,332],[115,331],[116,330],[117,329],[118,328],[119,327],[120,327],[121,327],[122,327],[123,327],[124,327],[125,327],[126,327],[127,327],[128,327],[129,327],[130,327],[131,327],[132,327],[133,327],[134,327],[135,327],[136,327]]","[[136,327],[135,327],[134,327],[133,327],[132,327],[131,327],[130,327],[129,327],[128,327],[127,327],[126,327],[125,327],[124,327],[123,327],[122,327],[121,327],[120,327],[119,327],[118,328],[117,329],[116,330],[115,331],[114,332],[113,333],[112,334],[111,335],[110,335],[109,335],[108,335],[107,335],[106,335],[105,335],[104,335],[103,335],[102,335],[101,335],[100,335],[99,335],[98,335],[97,335],[96,335],[95,335],[94,335],[93,335],[92,335]]","True","STATIC_SCREEN_SUPPORTED_PLUS_ONE_AABB_0.4x0.8_HEADROOM_2;NOT_PLAYER_VERIFIED","d381ea7f0f21f05701140f12f3d305a8dc506a576371888395da9c021b1352d5"
"SV5_INFILL_ROOM_06221a856d3548df6440","SV5_OPTIONAL_04","SV5_OPTIONAL_04","[[554,47],[553,47],[552,47],[551,47]]","[[556,47],[555,47],[554,47]]","[[555,47],[554,47],[553,47],[552,47]]","4","[[556,47],[555,47],[554,47],[553,47],[552,47],[551,47]]","6","SV5_INFILL_LENGTH_RULE_V2","PASS","555,47>556,47|555,48>556,48","[[554,46],[553,46],[552,46],[551,46],[550,46],[549,46],[548,46],[547,46],[546,46],[545,46],[544,46],[543,46],[542,46],[541,46],[540,46],[539,46]]","[[554,47],[553,47],[552,47],[551,47],[550,47],[549,47],[548,47],[547,47],[546,47],[545,47],[544,47],[543,47],[542,47],[541,47],[540,47],[539,47]]","[[539,47],[540,47],[541,47],[542,47],[543,47],[544,47],[545,47],[546,47],[547,47],[548,47],[549,47],[550,47],[551,47],[552,47],[553,47],[554,47]]","True","STATIC_SCREEN_SUPPORTED_PLUS_ONE_AABB_0.4x0.8_HEADROOM_2;NOT_PLAYER_VERIFIED","d381ea7f0f21f05701140f12f3d305a8dc506a576371888395da9c021b1352d5"
"SV5_INFILL_ROOM_062bdedbace97bb71fc4","SV5_INFILL_ROOM_0038cd07afe0acfefffa","SV5_OPTIONAL_01","[[563,391],[564,391],[565,391],[566,391],[567,391],[568,391]]","[]","[[564,391],[565,391],[566,391],[567,391]]","4","[[563,391],[564,391],[565,391],[566,391],[567,391],[568,391]]","6","SV5_INFILL_LENGTH_RULE_V2","PASS","563,391>564,391|563,392>564,392","[[548,390],[549,390],[550,390],[551,390],[552,390],[553,390],[554,390],[555,390],[556,390],[557,390],[558,390],[559,390],[560,390],[561,390],[562,390],[563,390],[564,390],[565,390],[566,390],[567,390],[568,390],[569,390],[570,390],[571,390],[572,390],[573,391],[574,391],[575,392],[576,392],[577,392],[578,392],[579,392],[580,392]]","[[548,391],[549,391],[550,391],[551,391],[552,391],[553,391],[554,391],[555,391],[556,391],[557,391],[558,391],[559,391],[560,391],[561,391],[562,391],[563,391],[564,391],[565,391],[566,391],[567,391],[568,391],[569,391],[570,391],[571,391],[572,391],[573,392],[574,392],[575,393],[576,393],[577,393],[578,393],[579,393],[580,393]]","[[580,393],[579,393],[578,393],[577,393],[576,393],[575,393],[574,392],[573,392],[572,391],[571,391],[570,391],[569,391],[568,391],[567,391],[566,391],[565,391],[564,391],[563,391],[562,391],[561,391],[560,391],[559,391],[558,391],[557,391],[556,391],[555,391],[554,391],[553,391],[552,391],[551,391],[550,391],[549,391],[548,391]]","True","STATIC_SCREEN_SUPPORTED_PLUS_ONE_AABB_0.4x0.8_HEADROOM_2;NOT_PLAYER_VERIFIED","d381ea7f0f21f05701140f12f3d305a8dc506a576371888395da9c021b1352d5"
"SV5_INFILL_ROOM_06398b49b858f203e93f","SV5_INFILL_ROOM_0496c8692f6450167db1","SV5_OPTIONAL_14","[[95,361],[96,361],[96,360],[97,360],[97,359],[98,359],[98,358],[99,358],[99,357],[100,357],[100,356],[101,356],[101,355],[102,355],[103,355],[104,355]]","[]","[[96,361],[96,360],[97,360],[97,359],[98,359],[98,358],[99,358],[99,357],[100,357],[100,356],[101,356],[101,355],[102,355],[103,355]]","14","[[95,361],[96,361],[96,360],[97,360],[97,359],[98,359],[98,358],[99,358],[99,357],[100,357],[100,356],[101,356],[101,355],[102,355],[103,355],[104,355]]","16","SV5_INFILL_LENGTH_RULE_V2","PASS","95,361>96,361","[[80,358],[81,358],[82,358],[83,358],[84,358],[85,359],[86,359],[87,360],[88,360],[89,360],[90,360],[91,360],[92,360],[93,360],[94,360],[95,360],[96,359],[97,358],[98,357],[99,356],[100,355],[101,354],[102,354],[103,354],[104,354],[105,354],[106,354],[107,354],[108,354],[109,354],[110,354],[111,354],[112,354],[113,354],[114,354],[115,354],[116,354],[117,354],[118,354],[119,354],[120,354]]","[[80,359],[81,359],[82,359],[83,359],[84,359],[85,360],[86,360],[87,361],[88,361],[89,361],[90,361],[91,361],[92,361],[93,361],[94,361],[95,361],[96,360],[97,359],[98,358],[99,357],[100,356],[101,355],[102,355],[103,355],[104,355],[105,355],[106,355],[107,355],[108,355],[109,355],[110,355],[111,355],[112,355],[113,355],[114,355],[115,355],[116,355],[117,355],[118,355],[119,355],[120,355]]","[[120,355],[119,355],[118,355],[117,355],[116,355],[115,355],[114,355],[113,355],[112,355],[111,355],[110,355],[109,355],[108,355],[107,355],[106,355],[105,355],[104,355],[103,355],[102,355],[101,355],[100,356],[99,357],[98,358],[97,359],[96,360],[95,361],[94,361],[93,361],[92,361],[91,361],[90,361],[89,361],[88,361],[87,361],[86,360],[85,360],[84,359],[83,359],[82,359],[81,359],[80,359]]","True","STATIC_SCREEN_SUPPORTED_PLUS_ONE_AABB_0.4x0.8_HEADROOM_2;NOT_PLAYER_VERIFIED","d381ea7f0f21f05701140f12f3d305a8dc506a576371888395da9c021b1352d5"
"SV5_INFILL_ROOM_066d680be4ccb704b181","SV5_OPTIONAL_11","SV5_OPTIONAL_11","[[157,262],[156,262],[156,261],[155,261],[155,260],[154,260],[154,259],[153,259],[152,259],[151,259],[150,259],[149,259],[148,259],[147,259]]","[[157,263],[157,262]]","[[157,263],[157,262],[156,262],[156,261],[155,261],[155,260],[154,260],[154,259],[153,259],[152,259],[151,259],[150,259],[149,259],[148,259]]","14","[[157,263],[157,262],[156,262],[156,261],[155,261],[155,260],[154,260],[154,259],[153,259],[152,259],[151,259],[150,259],[149,259],[148,259],[147,259]]","15","SV5_INFILL_LENGTH_RULE_V2","PASS","157,262>157,263|156,263>157,263|157,263>158,263|156,262>156,263","[[157,261],[156,260],[155,259],[154,258],[153,258],[152,258],[151,258],[150,258],[149,258],[148,258],[147,258],[146,258],[145,258],[144,258],[143,258],[142,258],[141,258],[140,258],[139,258],[138,258],[137,258],[136,258],[135,258]]","[[157,262],[156,261],[155,260],[154,259],[153,259],[152,259],[151,259],[150,259],[149,259],[148,259],[147,259],[146,259],[145,259],[144,259],[143,259],[142,259],[141,259],[140,259],[139,259],[138,259],[137,259],[136,259],[135,259]]","[[135,259],[136,259],[137,259],[138,259],[139,259],[140,259],[141,259],[142,259],[143,259],[144,259],[145,259],[146,259],[147,259],[148,259],[149,259],[150,259],[151,259],[152,259],[153,259],[154,259],[155,260],[156,261],[157,262]]","True","STATIC_SCREEN_SUPPORTED_PLUS_ONE_AABB_0.4x0.8_HEADROOM_2;NOT_PLAYER_VERIFIED","d381ea7f0f21f05701140f12f3d305a8dc506a576371888395da9c021b1352d5"
"SV5_INFILL_ROOM_068aa4ee0963a83e4586","SV5_OPTIONAL_15","SV5_OPTIONAL_15","[[47,251],[46,251],[46,250],[45,250],[45,249],[44,249],[44,248],[43,248],[43,247],[42,247],[42,246],[41,246],[41,245],[40,245],[40,244],[39,244],[39,243]]","[[47,252],[47,251]]","[[47,252],[47,251],[46,251],[46,250],[45,250],[45,249],[44,249],[44,248],[43,248],[43,247],[42,247],[42,246],[41,246],[41,245],[40,245],[40,244]]","16","[[47,252],[47,251],[46,251],[46,250],[45,250],[45,249],[44,249],[44,248],[43,248],[43,247],[42,247],[42,246],[41,246],[41,245],[40,245],[40,244],[39,244],[39,243]]","18","SV5_INFILL_LENGTH_RULE_V2","PASS","47,251>47,252|46,252>47,252|47,252>48,252|46,251>46,252","[[47,250],[46,249],[45,248],[44,247],[43,246],[42,245],[41,244],[40,243],[39,242],[38,242],[37,242],[36,242],[35,242],[34,242],[33,242],[32,242],[31,242],[30,242],[29,242],[28,242],[27,242]]","[[47,251],[46,250],[45,249],[44,248],[43,247],[42,246],[41,245],[40,244],[39,243],[38,243],[37,243],[36,243],[35,243],[34,243],[33,243],[32,243],[31,243],[30,243],[29,243],[28,243],[27,243]]","[[27,243],[28,243],[29,243],[30,243],[31,243],[32,243],[33,243],[34,243],[35,243],[36,243],[37,243],[38,243],[39,243],[40,244],[41,245],[42,246],[43,247],[44,248],[45,249],[46,250],[47,251]]","True","STATIC_SCREEN_SUPPORTED_PLUS_ONE_AABB_0.4x0.8_HEADROOM_2;NOT_PLAYER_VERIFIED","d381ea7f0f21f05701140f12f3d305a8dc506a576371888395da9c021b1352d5"
"SV5_INFILL_ROOM_071e519de6c295adb1fe","SV5_INFILL_ROOM_0b37330b20cc0a7ce9c9","SV5_OPTIONAL_06","[[76,15],[76,16],[75,16],[75,17],[74,17],[74,18],[73,18],[72,18],[71,18],[70,18],[69,18],[68,18],[68,19],[67,19]]","[]","[[75,16],[75,17],[74,17],[74,18],[73,18],[72,18],[71,18],[70,18],[69,18],[68,18],[68,19]]","11","[[76,15],[76,16],[75,16],[75,17],[74,17],[74,18],[73,18],[72,18],[71,18],[70,18],[69,18],[68,18],[68,19],[67,19]]","14","SV5_INFILL_LENGTH_RULE_V2","PASS","75,16>76,16","[[91,14],[90,14],[89,14],[88,14],[87,14],[86,14],[85,14],[84,14],[83,14],[82,14],[81,14],[80,14],[79,14],[78,14],[77,14],[76,14],[75,15],[74,16],[73,17],[72,17],[71,17],[70,17],[69,17],[68,17],[67,18],[66,18],[65,18],[64,18],[63,18],[62,19],[61,19],[60,20],[59,20],[58,20],[57,20],[56,20],[55,20]]","[[91,15],[90,15],[89,15],[88,15],[87,15],[86,15],[85,15],[84,15],[83,15],[82,15],[81,15],[80,15],[79,15],[78,15],[77,15],[76,15],[75,16],[74,17],[73,18],[72,18],[71,18],[70,18],[69,18],[68,18],[67,19],[66,19],[65,19],[64,19],[63,19],[62,20],[61,20],[60,21],[59,21],[58,21],[57,21],[56,21],[55,21]]","[[55,21],[56,21],[57,21],[58,21],[59,21],[60,21],[61,20],[62,20],[63,19],[64,19],[65,19],[66,19],[67,19],[68,18],[69,18],[70,18],[71,18],[72,18],[73,18],[74,17],[75,16],[76,15],[77,15],[78,15],[79,15],[80,15],[81,15],[82,15],[83,15],[84,15],[85,15],[86,15],[87,15],[88,15],[89,15],[90,15],[91,15]]","True","STATIC_SCREEN_SUPPORTED_PLUS_ONE_AABB_0.4x0.8_HEADROOM_2;NOT_PLAYER_VERIFIED","d381ea7f0f21f05701140f12f3d305a8dc506a576371888395da9c021b1352d5"
"SV5_INFILL_ROOM_0740dfaa546673a8b5c1","SV5_INFILL_ROOM_012515d71cbb8a4aa159","SV5_OPTIONAL_04","[[492,27],[491,27],[490,27],[489,27],[488,27],[487,27],[486,27],[485,27],[484,27],[483,27],[482,27],[481,27],[480,27],[479,27],[478,27],[477,27],[476,27],[475,27],[474,27],[473,27],[472,27],[471,27]]","[]","[[491,27],[490,27],[489,27],[488,27],[487,27],[486,27],[485,27],[484,27],[483,27],[482,27],[481,27],[480,27],[479,27],[478,27],[477,27],[476,27],[475,27],[474,27],[473,27],[472,27]]","20","[[492,27],[491,27],[490,27],[489,27],[488,27],[487,27],[486,27],[485,27],[484,27],[483,27],[482,27],[481,27],[480,27],[479,27],[478,27],[477,27],[476,27],[475,27],[474,27],[473,27],[472,27],[471,27]]","22","SV5_INFILL_LENGTH_RULE_V2","PASS","491,27>492,27|491,28>492,28","[[507,26],[506,26],[505,26],[504,26],[503,26],[502,26],[501,26],[500,26],[499,26],[498,26],[497,26],[496,26],[495,26],[494,26],[493,26],[492,26],[491,26],[490,26],[489,26],[488,26],[487,26],[486,26],[485,26],[484,26],[483,26],[482,26],[481,26],[480,26],[479,26],[478,26],[477,26],[476,26],[475,26],[474,26],[473,26],[472,26],[471,26],[470,26],[469,26],[468,26],[467,26],[466,26],[465,26],[464,26],[463,26],[462,26],[461,26],[460,26],[459,26]]","[[507,27],[506,27],[505,27],[504,27],[503,27],[502,27],[501,27],[500,27],[499,27],[498,27],[497,27],[496,27],[495,27],[494,27],[493,27],[492,27],[491,27],[490,27],[489,27],[488,27],[487,27],[486,27],[485,27],[484,27],[483,27],[482,27],[481,27],[480,27],[479,27],[478,27],[477,27],[476,27],[475,27],[474,27],[473,27],[472,27],[471,27],[470,27],[469,27],[468,27],[467,27],[466,27],[465,27],[464,27],[463,27],[462,27],[461,27],[460,27],[459,27]]","[[459,27],[460,27],[461,27],[462,27],[463,27],[464,27],[465,27],[466,27],[467,27],[468,27],[469,27],[470,27],[471,27],[472,27],[473,27],[474,27],[475,27],[476,27],[477,27],[478,27],[479,27],[480,27],[481,27],[482,27],[483,27],[484,27],[485,27],[486,27],[487,27],[488,27],[489,27],[490,27],[491,27],[492,27],[493,27],[494,27],[495,27],[496,27],[497,27],[498,27],[499,27],[500,27],[501,27],[502,27],[503,27],[504,27],[505,27],[506,27],[507,27]]","True","STATIC_SCREEN_SUPPORTED_PLUS_ONE_AABB_0.4x0.8_HEADROOM_2;NOT_PLAYER_VERIFIED","d381ea7f0f21f05701140f12f3d305a8dc506a576371888395da9c021b1352d5"
"SV5_INFILL_ROOM_07ae130cd11db41e86f7","SV5_INFILL_ROOM_01c1477b3c55cfc6e110","SV5_OPTIONAL_09","[[215,131],[216,131],[217,131],[218,131],[219,131],[220,131],[221,131],[222,131],[223,131],[224,131]]","[]","[[216,131],[217,131],[218,131],[219,131],[220,131],[221,131],[222,131],[223,131]]","8","[[215,131],[216,131],[217,131],[218,131],[219,131],[220,131],[221,131],[222,131],[223,131],[224,131]]","10","SV5_INFILL_LENGTH_RULE_V2","PASS","215,131>216,131|215,132>216,132","[[200,130],[201,130],[202,130],[203,130],[204,130],[205,130],[206,130],[207,130],[208,130],[209,130],[210,130],[211,130],[212,130],[213,130],[214,130],[215,130],[216,130],[217,130],[218,130],[219,130],[220,130],[221,130],[222,130],[223,130],[224,130],[225,130],[226,130],[227,130],[228,130],[229,130],[230,130],[231,130],[232,130],[233,130],[234,130],[235,130],[236,130]]","[[200,131],[201,131],[202,131],[203,131],[204,131],[205,131],[206,131],[207,131],[208,131],[209,131],[210,131],[211,131],[212,131],[213,131],[214,131],[215,131],[216,131],[217,131],[218,131],[219,131],[220,131],[221,131],[222,131],[223,131],[224,131],[225,131],[226,131],[227,131],[228,131],[229,131],[230,131],[231,131],[232,131],[233,131],[234,131],[235,131],[236,131]]","[[236,131],[235,131],[234,131],[233,131],[232,131],[231,131],[230,131],[229,131],[228,131],[227,131],[226,131],[225,131],[224,131],[223,131],[222,131],[221,131],[220,131],[219,131],[218,131],[217,131],[216,131],[215,131],[214,131],[213,131],[212,131],[211,131],[210,131],[209,131],[208,131],[207,131],[206,131],[205,131],[204,131],[203,131],[202,131],[201,131],[200,131]]","True","STATIC_SCREEN_SUPPORTED_PLUS_ONE_AABB_0.4x0.8_HEADROOM_2;NOT_PLAYER_VERIFIED","d381ea7f0f21f05701140f12f3d305a8dc506a576371888395da9c021b1352d5"
"SV5_INFILL_ROOM_07af10cb4acde894de2d","SV5_INFILL_ROOM_0584c23697100b09d0ae","SV5_OPTIONAL_06","[[164,51],[163,51],[162,51],[161,51],[160,51],[159,51],[158,51],[157,51],[156,51],[155,51],[154,51],[153,51],[152,51],[151,51]]","[]","[[163,51],[162,51],[161,51],[160,51],[159,51],[158,51],[157,51],[156,51],[155,51],[154,51],[153,51],[152,51]]","12","[[164,51],[163,51],[162,51],[161,51],[160,51],[159,51],[158,51],[157,51],[156,51],[155,51],[154,51],[153,51],[152,51],[151,51]]","14","SV5_INFILL_LENGTH_RULE_V2","PASS","163,51>164,51|163,52>164,52","[[183,50],[182,50],[181,50],[180,50],[179,50],[178,50],[177,50],[176,50],[175,50],[174,50],[173,50],[172,50],[171,50],[170,50],[169,50],[168,50],[167,50],[166,50],[165,50],[164,50],[163,50],[162,50],[161,50],[160,50],[159,50],[158,50],[157,50],[156,50],[155,50],[154,50],[153,50],[152,50],[151,50],[150,50],[149,50],[148,50],[147,50],[146,50],[145,50],[144,50],[143,50],[142,50],[141,50],[140,50],[139,50],[138,50],[137,50],[136,50],[135,50]]","[[183,51],[182,51],[181,51],[180,51],[179,51],[178,51],[177,51],[176,51],[175,51],[174,51],[173,51],[172,51],[171,51],[170,51],[169,51],[168,51],[167,51],[166,51],[165,51],[164,51],[163,51],[162,51],[161,51],[160,51],[159,51],[158,51],[157,51],[156,51],[155,51],[154,51],[153,51],[152,51],[151,51],[150,51],[149,51],[148,51],[147,51],[146,51],[145,51],[144,51],[143,51],[142,51],[141,51],[140,51],[139,51],[138,51],[137,51],[136,51],[135,51]]","[[135,51],[136,51],[137,51],[138,51],[139,51],[140,51],[141,51],[142,51],[143,51],[144,51],[145,51],[146,51],[147,51],[148,51],[149,51],[150,51],[151,51],[152,51],[153,51],[154,51],[155,51],[156,51],[157,51],[158,51],[159,51],[160,51],[161,51],[162,51],[163,51],[164,51],[165,51],[166,51],[167,51],[168,51],[169,51],[170,51],[171,51],[172,51],[173,51],[174,51],[175,51],[176,51],[177,51],[178,51],[179,51],[180,51],[181,51],[182,51],[183,51]]","True","STATIC_SCREEN_SUPPORTED_PLUS_ONE_AABB_0.4x0.8_HEADROOM_2;NOT_PLAYER_VERIFIED","d381ea7f0f21f05701140f12f3d305a8dc506a576371888395da9c021b1352d5"
"SV5_INFILL_ROOM_07e007d06ec3f751ba08","SV5_INFILL_ROOM_050904725fdcd82ff28e","SV5_OPTIONAL_04","[[591,75],[592,75],[592,74],[593,74],[593,73],[594,73],[594,72],[595,72],[595,71],[596,71],[596,70],[597,70],[597,69],[598,69],[598,68],[599,68],[599,67],[600,67],[601,67],[602,67],[603,67],[604,67]]","[]","[[592,75],[592,74],[593,74],[593,73],[594,73],[594,72],[595,72],[595,71],[596,71],[596,70],[597,70],[597,69],[598,69],[598,68],[599,68],[599,67],[600,67],[601,67],[602,67],[603,67]]","20","[[591,75],[592,75],[592,74],[593,74],[593,73],[594,73],[594,72],[595,72],[595,71],[596,71],[596,70],[597,70],[597,69],[598,69],[598,68],[599,68],[599,67],[600,67],[601,67],[602,67],[603,67],[604,67]]","22","SV5_INFILL_LENGTH_RULE_V2","PASS","591,75>592,75","[[572,74],[573,74],[574,74],[575,74],[576,74],[577,74],[578,74],[579,74],[580,74],[581,74],[582,74],[583,74],[584,74],[585,74],[586,74],[587,74],[588,74],[589,74],[590,74],[591,74],[592,73],[593,72],[594,71],[595,70],[596,69],[597,68],[598,67],[599,66],[600,66],[601,66],[602,66],[603,66],[604,66],[605,66],[606,66],[607,66],[608,66],[609,66],[610,66],[611,66],[612,66],[613,66],[614,66],[615,66],[616,66]]","[[572,75],[573,75],[574,75],[575,75],[576,75],[577,75],[578,75],[579,75],[580,75],[581,75],[582,75],[583,75],[584,75],[585,75],[586,75],[587,75],[588,75],[589,75],[590,75],[591,75],[592,74],[593,73],[594,72],[595,71],[596,70],[597,69],[598,68],[599,67],[600,67],[601,67],[602,67],[603,67],[604,67],[605,67],[606,67],[607,67],[608,67],[609,67],[610,67],[611,67],[612,67],[613,67],[614,67],[615,67],[616,67]]","[[616,67],[615,67],[614,67],[613,67],[612,67],[611,67],[610,67],[609,67],[608,67],[607,67],[606,67],[605,67],[604,67],[603,67],[602,67],[601,67],[600,67],[599,67],[598,68],[597,69],[596,70],[595,71],[594,72],[593,73],[592,74],[591,75],[590,75],[589,75],[588,75],[587,75],[586,75],[585,75],[584,75],[583,75],[582,75],[581,75],[580,75],[579,75],[578,75],[577,75],[576,75],[575,75],[574,75],[573,75],[572,75]]","True","STATIC_SCREEN_SUPPORTED_PLUS_ONE_AABB_0.4x0.8_HEADROOM_2;NOT_PLAYER_VERIFIED","d381ea7f0f21f05701140f12f3d305a8dc506a576371888395da9c021b1352d5"
"SV5_INFILL_ROOM_07fb3ac254e765673737","SV5_OPTIONAL_04","SV5_OPTIONAL_04","[[558,127],[559,127],[560,127],[561,127],[562,127],[563,127],[564,127],[565,127],[566,127],[567,127],[568,127],[569,127],[570,127],[571,127],[572,127],[573,127],[574,127],[575,127],[576,127]]","[[556,127],[557,127],[558,127]]","[[557,127],[558,127],[559,127],[560,127],[561,127],[562,127],[563,127],[564,127],[565,127],[566,127],[567,127],[568,127],[569,127],[570,127],[571,127],[572,127],[573,127],[574,127],[575,127]]","19","[[556,127],[557,127],[558,127],[559,127],[560,127],[561,127],[562,127],[563,127],[564,127],[565,127],[566,127],[567,127],[568,127],[569,127],[570,127],[571,127],[572,127],[573,127],[574,127],[575,127],[576,127]]","21","SV5_INFILL_LENGTH_RULE_V2","PASS","556,127>557,127|556,128>557,128","[[558,126],[559,126],[560,126],[561,126],[562,126],[563,126],[564,126],[565,126],[566,126],[567,126],[568,126],[569,126],[570,126],[571,126],[572,126],[573,126],[574,126],[575,126],[576,126],[577,126],[578,126],[579,126],[580,126],[581,126],[582,126],[583,126],[584,126],[585,126],[586,126],[587,126],[588,126],[589,126],[590,126],[591,126],[592,126]]","[[558,127],[559,127],[560,127],[561,127],[562,127],[563,127],[564,127],[565,127],[566,127],[567,127],[568,127],[569,127],[570,127],[571,127],[572,127],[573,127],[574,127],[575,127],[576,127],[577,127],[578,127],[579,127],[580,127],[581,127],[582,127],[583,127],[584,127],[585,127],[586,127],[587,127],[588,127],[589,127],[590,127],[591,127],[592,127]]","[[592,127],[591,127],[590,127],[589,127],[588,127],[587,127],[586,127],[585,127],[584,127],[583,127],[582,127],[581,127],[580,127],[579,127],[578,127],[577,127],[576,127],[575,127],[574,127],[573,127],[572,127],[571,127],[570,127],[569,127],[568,127],[567,127],[566,127],[565,127],[564,127],[563,127],[562,127],[561,127],[560,127],[559,127],[558,127]]","True","STATIC_SCREEN_SUPPORTED_PLUS_ONE_AABB_0.4x0.8_HEADROOM_2;NOT_PLAYER_VERIFIED","d381ea7f0f21f05701140f12f3d305a8dc506a576371888395da9c021b1352d5"
"SV5_INFILL_ROOM_080cbfaf4cd9064064d3","SV5_OPTIONAL_13","SV5_OPTIONAL_13","[[41,395],[40,395],[40,394],[39,394],[39,393],[38,393],[38,392],[37,392],[37,391],[36,391],[36,390],[35,390],[35,389],[34,389],[34,388],[33,388],[33,387],[32,387],[31,387]]","[[41,396],[41,395]]","[[41,396],[41,395],[40,395],[40,394],[39,394],[39,393],[38,393],[38,392],[37,392],[37,391],[36,391],[36,390],[35,390],[35,389],[34,389],[34,388],[33,388],[33,387],[32,387]]","19","[[41,396],[41,395],[40,395],[40,394],[39,394],[39,393],[38,393],[38,392],[37,392],[37,391],[36,391],[36,390],[35,390],[35,389],[34,389],[34,388],[33,388],[33,387],[32,387],[31,387]]","20","SV5_INFILL_LENGTH_RULE_V2","PASS","41,395>41,396|40,396>41,396|41,396>42,396|40,395>40,396","[[41,394],[40,393],[39,392],[38,391],[37,390],[36,389],[35,388],[34,387],[33,386],[32,386],[31,386],[30,386],[29,386],[28,386],[27,386],[26,387],[25,387],[24,388],[23,388],[22,388],[21,388],[20,388],[19,388]]","[[41,395],[40,394],[39,393],[38,392],[37,391],[36,390],[35,389],[34,388],[33,387],[32,387],[31,387],[30,387],[29,387],[28,387],[27,387],[26,388],[25,388],[24,389],[23,389],[22,389],[21,389],[20,389],[19,389]]","[[19,389],[20,389],[21,389],[22,389],[23,389],[24,389],[25,388],[26,388],[27,387],[28,387],[29,387],[30,387],[31,387],[32,387],[33,387],[34,388],[35,389],[36,390],[37,391],[38,392],[39,393],[40,394],[41,395]]","True","STATIC_SCREEN_SUPPORTED_PLUS_ONE_AABB_0.4x0.8_HEADROOM_2;NOT_PLAYER_VERIFIED","d381ea7f0f21f05701140f12f3d305a8dc506a576371888395da9c021b1352d5"
"SV5_INFILL_ROOM_085ccdd2aab522478401","SV5_INFILL_ROOM_07fb3ac254e765673737","SV5_OPTIONAL_04","[[595,127],[596,127],[596,126],[597,126],[597,125],[598,125],[598,124],[599,124],[599,123],[600,123],[600,122],[601,122],[601,121],[602,121],[602,120],[603,120],[603,119],[604,119]]","[]","[[596,127],[596,126],[597,126],[597,125],[598,125],[598,124],[599,124],[599,123],[600,123],[600,122],[601,122],[601,121],[602,121],[602,120],[603,120],[603,119]]","16","[[595,127],[596,127],[596,126],[597,126],[597,125],[598,125],[598,124],[599,124],[599,123],[600,123],[600,122],[601,122],[601,121],[602,121],[602,120],[603,120],[603,119],[604,119]]","18","SV5_INFILL_LENGTH_RULE_V2","PASS","595,127>596,127","[[576,126],[577,126],[578,126],[579,126],[580,126],[581,126],[582,126],[583,126],[584,126],[585,126],[586,126],[587,126],[588,126],[589,126],[590,126],[591,126],[592,126],[593,126],[594,126],[595,126],[596,125],[597,124],[598,123],[599,122],[600,121],[601,120],[602,119],[603,118],[604,118],[605,118],[606,118],[607,118],[608,118],[609,118],[610,118],[611,118],[612,118],[613,118],[614,118],[615,118],[616,118]]","[[576,127],[577,127],[578,127],[579,127],[580,127],[581,127],[582,127],[583,127],[584,127],[585,127],[586,127],[587,127],[588,127],[589,127],[590,127],[591,127],[592,127],[593,127],[594,127],[595,127],[596,126],[597,125],[598,124],[599,123],[600,122],[601,121],[602,120],[603,119],[604,119],[605,119],[606,119],[607,119],[608,119],[609,119],[610,119],[611,119],[612,119],[613,119],[614,119],[615,119],[616,119]]","[[616,119],[615,119],[614,119],[613,119],[612,119],[611,119],[610,119],[609,119],[608,119],[607,119],[606,119],[605,119],[604,119],[603,119],[602,120],[601,121],[600,122],[599,123],[598,124],[597,125],[596,126],[595,127],[594,127],[593,127],[592,127],[591,127],[590,127],[589,127],[588,127],[587,127],[586,127],[585,127],[584,127],[583,127],[582,127],[581,127],[580,127],[579,127],[578,127],[577,127],[576,127]]","True","STATIC_SCREEN_SUPPORTED_PLUS_ONE_AABB_0.4x0.8_HEADROOM_2;NOT_PLAYER_VERIFIED","d381ea7f0f21f05701140f12f3d305a8dc506a576371888395da9c021b1352d5"
"SV5_INFILL_ROOM_08841863b709bc42cfdb","SV5_OPTIONAL_01","SV5_OPTIONAL_01","[[429,395],[429,396],[430,396],[430,397],[431,397],[431,398],[432,398],[433,398],[434,398],[435,398],[436,398],[437,398],[438,398],[439,398],[440,398],[441,398],[442,398],[443,398],[443,399],[444,399]]","[[427,395],[428,395],[429,395]]","[[428,395],[429,395],[429,396],[430,396],[430,397],[431,397],[431,398],[432,398],[433,398],[434,398],[435,398],[436,398],[437,398],[438,398],[439,398],[440,398],[441,398],[442,398],[443,398],[443,399]]","20","[[427,395],[428,395],[429,395],[429,396],[430,396],[430,397],[431,397],[431,398],[432,398],[433,398],[434,398],[435,398],[436,398],[437,398],[438,398],[439,398],[440,398],[441,398],[442,398],[443,398],[443,399],[444,399]]","22","SV5_INFILL_LENGTH_RULE_V2","PASS","427,395>428,395|427,396>428,396","[[429,394],[430,395],[431,396],[432,397],[433,397],[434,397],[435,397],[436,397],[437,397],[438,397],[439,397],[440,397],[441,397],[442,397],[443,397],[444,398],[445,398],[446,398],[447,398],[448,398],[449,398],[450,398],[451,398],[452,398],[453,398],[454,398],[455,398],[456,398]]","[[429,395],[430,396],[431,397],[432,398],[433,398],[434,398],[435,398],[436,398],[437,398],[438,398],[439,398],[440,398],[441,398],[442,398],[443,398],[444,399],[445,399],[446,399],[447,399],[448,399],[449,399],[450,399],[451,399],[452,399],[453,399],[454,399],[455,399],[456,399]]","[[456,399],[455,399],[454,399],[453,399],[452,399],[451,399],[450,399],[449,399],[448,399],[447,399],[446,399],[445,399],[444,399],[443,398],[442,398],[441,398],[440,398],[439,398],[438,398],[437,398],[436,398],[435,398],[434,398],[433,398],[432,398],[431,397],[430,396],[429,395]]","True","STATIC_SCREEN_SUPPORTED_PLUS_ONE_AABB_0.4x0.8_HEADROOM_2;NOT_PLAYER_VERIFIED","d381ea7f0f21f05701140f12f3d305a8dc506a576371888395da9c021b1352d5"
"SV5_INFILL_ROOM_088f25cbc663d6d3b7a4","SV5_OPTIONAL_00","SV5_OPTIONAL_00","[[382,367],[381,367],[380,367],[379,367]]","[[384,367],[383,367],[382,367]]","[[383,367],[382,367],[381,367],[380,367]]","4","[[384,367],[383,367],[382,367],[381,367],[380,367],[379,367]]","6","SV5_INFILL_LENGTH_RULE_V2","PASS","383,367>384,367|383,368>384,368","[[382,366],[381,366],[380,366],[379,366],[378,366],[377,366],[376,366],[375,366],[374,366],[373,366],[372,366],[371,366],[370,366],[369,366],[368,366],[367,366]]","[[382,367],[381,367],[380,367],[379,367],[378,367],[377,367],[376,367],[375,367],[374,367],[373,367],[372,367],[371,367],[370,367],[369,367],[368,367],[367,367]]","[[367,367],[368,367],[369,367],[370,367],[371,367],[372,367],[373,367],[374,367],[375,367],[376,367],[377,367],[378,367],[379,367],[380,367],[381,367],[382,367]]","True","STATIC_SCREEN_SUPPORTED_PLUS_ONE_AABB_0.4x0.8_HEADROOM_2;NOT_PLAYER_VERIFIED","d381ea7f0f21f05701140f12f3d305a8dc506a576371888395da9c021b1352d5"
"SV5_INFILL_ROOM_090a609dee25321d7a17","SV5_INFILL_ROOM_00567d25c8515283ea43","SV5_OPTIONAL_15","[[24,259],[23,259],[22,259],[21,259],[20,259],[19,259]]","[]","[[23,259],[22,259],[21,259],[20,259]]","4","[[24,259],[23,259],[22,259],[21,259],[20,259],[19,259]]","6","SV5_INFILL_LENGTH_RULE_V2","PASS","23,259>24,259|23,260>24,260","[[39,258],[38,258],[37,258],[36,258],[35,258],[34,258],[33,258],[32,258],[31,258],[30,258],[29,258],[28,258],[27,258],[26,258],[25,258],[24,258],[23,258],[22,258],[21,258],[20,258],[19,258],[18,258],[17,258],[16,258],[15,258],[14,258],[13,258],[12,258],[11,258],[10,258],[9,258],[8,258],[7,258]]","[[39,259],[38,259],[37,259],[36,259],[35,259],[34,259],[33,259],[32,259],[31,259],[30,259],[29,259],[28,259],[27,259],[26,259],[25,259],[24,259],[23,259],[22,259],[21,259],[20,259],[19,259],[18,259],[17,259],[16,259],[15,259],[14,259],[13,259],[12,259],[11,259],[10,259],[9,259],[8,259],[7,259]]","[[7,259],[8,259],[9,259],[10,259],[11,259],[12,259],[13,259],[14,259],[15,259],[16,259],[17,259],[18,259],[19,259],[20,259],[21,259],[22,259],[23,259],[24,259],[25,259],[26,259],[27,259],[28,259],[29,259],[30,259],[31,259],[32,259],[33,259],[34,259],[35,259],[36,259],[37,259],[38,259],[39,259]]","True","STATIC_SCREEN_SUPPORTED_PLUS_ONE_AABB_0.4x0.8_HEADROOM_2;NOT_PLAYER_VERIFIED","d381ea7f0f21f05701140f12f3d305a8dc506a576371888395da9c021b1352d5"
"SV5_INFILL_ROOM_090d026d03e4c895fe2f","SV5_INFILL_ROOM_0274815fcd6818f05a6a","SV5_OPTIONAL_09","[[88,151],[88,152],[87,152],[87,153],[86,153],[86,154],[85,154],[84,154],[83,154],[82,154],[81,154],[80,154],[80,155],[79,155]]","[]","[[87,152],[87,153],[86,153],[86,154],[85,154],[84,154],[83,154],[82,154],[81,154],[80,154],[80,155]]","11","[[88,151],[88,152],[87,152],[87,153],[86,153],[86,154],[85,154],[84,154],[83,154],[82,154],[81,154],[80,154],[80,155],[79,155]]","14","SV5_INFILL_LENGTH_RULE_V2","PASS","87,152>88,152","[[107,150],[106,150],[105,150],[104,150],[103,150],[102,150],[101,150],[100,150],[99,150],[98,150],[97,150],[96,150],[95,150],[94,150],[93,150],[92,150],[91,150],[90,150],[89,150],[88,150],[87,151],[86,152],[85,153],[84,153],[83,153],[82,153],[81,153],[80,153],[79,154],[78,154],[77,154],[76,154],[75,154],[74,154],[73,154],[72,154],[71,154],[70,154],[69,154],[68,154],[67,154],[66,154],[65,154],[64,154],[63,154]]","[[107,151],[106,151],[105,151],[104,151],[103,151],[102,151],[101,151],[100,151],[99,151],[98,151],[97,151],[96,151],[95,151],[94,151],[93,151],[92,151],[91,151],[90,151],[89,151],[88,151],[87,152],[86,153],[85,154],[84,154],[83,154],[82,154],[81,154],[80,154],[79,155],[78,155],[77,155],[76,155],[75,155],[74,155],[73,155],[72,155],[71,155],[70,155],[69,155],[68,155],[67,155],[66,155],[65,155],[64,155],[63,155]]","[[63,155],[64,155],[65,155],[66,155],[67,155],[68,155],[69,155],[70,155],[71,155],[72,155],[73,155],[74,155],[75,155],[76,155],[77,155],[78,155],[79,155],[80,154],[81,154],[82,154],[83,154],[84,154],[85,154],[86,153],[87,152],[88,151],[89,151],[90,151],[91,151],[92,151],[93,151],[94,151],[95,151],[96,151],[97,151],[98,151],[99,151],[100,151],[101,151],[102,151],[103,151],[104,151],[105,151],[106,151],[107,151]]","True","STATIC_SCREEN_SUPPORTED_PLUS_ONE_AABB_0.4x0.8_HEADROOM_2;NOT_PLAYER_VERIFIED","d381ea7f0f21f05701140f12f3d305a8dc506a576371888395da9c021b1352d5"
"SV5_INFILL_ROOM_0975974720d7a7ab44f2","SV5_INFILL_ROOM_0c69ae74af31ab21da75","SV5_OPTIONAL_04","[[456,103],[455,103],[454,103],[453,103],[452,103],[451,103]]","[]","[[455,103],[454,103],[453,103],[452,103]]","4","[[456,103],[455,103],[454,103],[453,103],[452,103],[451,103]]","6","SV5_INFILL_LENGTH_RULE_V2","PASS","455,103>456,103|455,104>456,104","[[471,102],[470,102],[469,102],[468,102],[467,102],[466,102],[465,102],[464,102],[463,102],[462,102],[461,102],[460,102],[459,102],[458,102],[457,102],[456,102],[455,102],[454,102],[453,102],[452,102],[451,102],[450,102],[449,102],[448,102],[447,102],[446,102],[445,102],[444,102],[443,102],[442,102],[441,102],[440,102],[439,102]]","[[471,103],[470,103],[469,103],[468,103],[467,103],[466,103],[465,103],[464,103],[463,103],[462,103],[461,103],[460,103],[459,103],[458,103],[457,103],[456,103],[455,103],[454,103],[453,103],[452,103],[451,103],[450,103],[449,103],[448,103],[447,103],[446,103],[445,103],[444,103],[443,103],[442,103],[441,103],[440,103],[439,103]]","[[439,103],[440,103],[441,103],[442,103],[443,103],[444,103],[445,103],[446,103],[447,103],[448,103],[449,103],[450,103],[451,103],[452,103],[453,103],[454,103],[455,103],[456,103],[457,103],[458,103],[459,103],[460,103],[461,103],[462,103],[463,103],[464,103],[465,103],[466,103],[467,103],[468,103],[469,103],[470,103],[471,103]]","True","STATIC_SCREEN_SUPPORTED_PLUS_ONE_AABB_0.4x0.8_HEADROOM_2;NOT_PLAYER_VERIFIED","d381ea7f0f21f05701140f12f3d305a8dc506a576371888395da9c021b1352d5"
"SV5_INFILL_ROOM_09857e406b1f72017408","SV5_INFILL_ROOM_0126187edf0338c47579","SV5_OPTIONAL_TO_VILLAGE","[[311,251],[312,251],[312,250],[313,250],[313,249],[314,249],[314,248],[315,248],[315,247],[316,247]]","[]","[[312,251],[312,250],[313,250],[313,249],[314,249],[314,248],[315,248],[315,247]]","8","[[311,251],[312,251],[312,250],[313,250],[313,249],[314,249],[314,248],[315,248],[315,247],[316,247]]","10","SV5_INFILL_LENGTH_RULE_V2","PASS","311,251>312,251","[[292,250],[293,250],[294,250],[295,250],[296,250],[297,250],[298,250],[299,250],[300,250],[301,250],[302,250],[303,250],[304,250],[305,250],[306,250],[307,250],[308,250],[309,250],[310,250],[311,250],[312,249],[313,248],[314,247],[315,246],[316,246],[317,246],[318,246],[319,246],[320,246],[321,247],[322,247],[323,248],[324,248],[325,248],[326,248],[327,248],[328,248]]","[[292,251],[293,251],[294,251],[295,251],[296,251],[297,251],[298,251],[299,251],[300,251],[301,251],[302,251],[303,251],[304,251],[305,251],[306,251],[307,251],[308,251],[309,251],[310,251],[311,251],[312,250],[313,249],[314,248],[315,247],[316,247],[317,247],[318,247],[319,247],[320,247],[321,248],[322,248],[323,249],[324,249],[325,249],[326,249],[327,249],[328,249]]","[[328,249],[327,249],[326,249],[325,249],[324,249],[323,249],[322,248],[321,248],[320,247],[319,247],[318,247],[317,247],[316,247],[315,247],[314,248],[313,249],[312,250],[311,251],[310,251],[309,251],[308,251],[307,251],[306,251],[305,251],[304,251],[303,251],[302,251],[301,251],[300,251],[299,251],[298,251],[297,251],[296,251],[295,251],[294,251],[293,251],[292,251]]","True","STATIC_SCREEN_SUPPORTED_PLUS_ONE_AABB_0.4x0.8_HEADROOM_2;NOT_PLAYER_VERIFIED","d381ea7f0f21f05701140f12f3d305a8dc506a576371888395da9c021b1352d5"
"SV5_INFILL_ROOM_09beaf6f785387326af3","SV5_INFILL_ROOM_01436909100db22b451e","SV5_OPTIONAL_10","[[144,239],[143,239],[143,238],[142,238],[142,237],[141,237],[141,236],[140,236],[140,235],[139,235],[138,235],[137,235],[136,235],[135,235],[134,235],[133,235],[132,235],[131,235],[130,235],[129,235],[128,235],[127,235]]","[]","[[143,239],[143,238],[142,238],[142,237],[141,237],[141,236],[140,236],[140,235],[139,235],[138,235],[137,235],[136,235],[135,235],[134,235],[133,235],[132,235],[131,235],[130,235],[129,235],[128,235]]","20","[[144,239],[143,239],[143,238],[142,238],[142,237],[141,237],[141,236],[140,236],[140,235],[139,235],[138,235],[137,235],[136,235],[135,235],[134,235],[133,235],[132,235],[131,235],[130,235],[129,235],[128,235],[127,235]]","22","SV5_INFILL_LENGTH_RULE_V2","PASS","143,239>144,239","[[159,238],[158,238],[157,238],[156,238],[155,238],[154,238],[153,238],[152,238],[151,238],[150,238],[149,238],[148,238],[147,238],[146,238],[145,238],[144,238],[143,237],[142,236],[141,235],[140,234],[139,234],[138,234],[137,234],[136,234],[135,234],[134,234],[133,234],[132,234],[131,234],[130,234],[129,234],[128,234],[127,234],[126,234],[125,234],[124,234],[123,234],[122,234],[121,234],[120,234],[119,234],[118,234],[117,234],[116,234],[115,234]]","[[159,239],[158,239],[157,239],[156,239],[155,239],[154,239],[153,239],[152,239],[151,239],[150,239],[149,239],[148,239],[147,239],[146,239],[145,239],[144,239],[143,238],[142,237],[141,236],[140,235],[139,235],[138,235],[137,235],[136,235],[135,235],[134,235],[133,235],[132,235],[131,235],[130,235],[129,235],[128,235],[127,235],[126,235],[125,235],[124,235],[123,235],[122,235],[121,235],[120,235],[119,235],[118,235],[117,235],[116,235],[115,235]]","[[115,235],[116,235],[117,235],[118,235],[119,235],[120,235],[121,235],[122,235],[123,235],[124,235],[125,235],[126,235],[127,235],[128,235],[129,235],[130,235],[131,235],[132,235],[133,235],[134,235],[135,235],[136,235],[137,235],[138,235],[139,235],[140,235],[141,236],[142,237],[143,238],[144,239],[145,239],[146,239],[147,239],[148,239],[149,239],[150,239],[151,239],[152,239],[153,239],[154,239],[155,239],[156,239],[157,239],[158,239],[159,239]]","True","STATIC_SCREEN_SUPPORTED_PLUS_ONE_AABB_0.4x0.8_HEADROOM_2;NOT_PLAYER_VERIFIED","d381ea7f0f21f05701140f12f3d305a8dc506a576371888395da9c021b1352d5"
"SV5_INFILL_ROOM_09cb99c9abddc7fd396e","SV5_OPTIONAL_03","SV5_OPTIONAL_03","[[582,231],[583,231],[584,231],[585,231],[586,231],[587,231],[588,231],[589,231],[590,231],[591,231],[592,231]]","[[580,231],[581,231],[582,231]]","[[581,231],[582,231],[583,231],[584,231],[585,231],[586,231],[587,231],[588,231],[589,231],[590,231],[591,231]]","11","[[580,231],[581,231],[582,231],[583,231],[584,231],[585,231],[586,231],[587,231],[588,231],[589,231],[590,231],[591,231],[592,231]]","13","SV5_INFILL_LENGTH_RULE_V2","PASS","580,231>581,231|580,232>581,232","[[582,230],[583,230],[584,230],[585,230],[586,230],[587,230],[588,230],[589,230],[590,230],[591,230],[592,230],[593,230],[594,230],[595,230],[596,230],[597,230],[598,230],[599,230],[600,230],[601,230],[602,230],[603,230],[604,230],[605,230],[606,230],[607,230],[608,230]]","[[582,231],[583,231],[584,231],[585,231],[586,231],[587,231],[588,231],[589,231],[590,231],[591,231],[592,231],[593,231],[594,231],[595,231],[596,231],[597,231],[598,231],[599,231],[600,231],[601,231],[602,231],[603,231],[604,231],[605,231],[606,231],[607,231],[608,231]]","[[608,231],[607,231],[606,231],[605,231],[604,231],[603,231],[602,231],[601,231],[600,231],[599,231],[598,231],[597,231],[596,231],[595,231],[594,231],[593,231],[592,231],[591,231],[590,231],[589,231],[588,231],[587,231],[586,231],[585,231],[584,231],[583,231],[582,231]]","True","STATIC_SCREEN_SUPPORTED_PLUS_ONE_AABB_0.4x0.8_HEADROOM_2;NOT_PLAYER_VERIFIED","d381ea7f0f21f05701140f12f3d305a8dc506a576371888395da9c021b1352d5"
"SV5_INFILL_ROOM_09edbb024af8e2bb536d","SV5_INFILL_ROOM_0e316ce78212c7a7aa18","SV5_OPTIONAL_09","[[64,199],[63,199],[62,199],[61,199],[60,199],[59,199]]","[]","[[63,199],[62,199],[61,199],[60,199]]","4","[[64,199],[63,199],[62,199],[61,199],[60,199],[59,199]]","6","SV5_INFILL_LENGTH_RULE_V2","PASS","63,199>64,199|63,200>64,200","[[79,198],[78,198],[77,198],[76,198],[75,198],[74,198],[73,198],[72,198],[71,198],[70,198],[69,198],[68,198],[67,198],[66,198],[65,198],[64,198],[63,198],[62,198],[61,198],[60,198],[59,198],[58,198],[57,198],[56,198],[55,198],[54,198],[53,198],[52,198],[51,198],[50,198],[49,198],[48,198],[47,198]]","[[79,199],[78,199],[77,199],[76,199],[75,199],[74,199],[73,199],[72,199],[71,199],[70,199],[69,199],[68,199],[67,199],[66,199],[65,199],[64,199],[63,199],[62,199],[61,199],[60,199],[59,199],[58,199],[57,199],[56,199],[55,199],[54,199],[53,199],[52,199],[51,199],[50,199],[49,199],[48,199],[47,199]]","[[47,199],[48,199],[49,199],[50,199],[51,199],[52,199],[53,199],[54,199],[55,199],[56,199],[57,199],[58,199],[59,199],[60,199],[61,199],[62,199],[63,199],[64,199],[65,199],[66,199],[67,199],[68,199],[69,199],[70,199],[71,199],[72,199],[73,199],[74,199],[75,199],[76,199],[77,199],[78,199],[79,199]]","True","STATIC_SCREEN_SUPPORTED_PLUS_ONE_AABB_0.4x0.8_HEADROOM_2;NOT_PLAYER_VERIFIED","d381ea7f0f21f05701140f12f3d305a8dc506a576371888395da9c021b1352d5"
"SV5_INFILL_ROOM_0a36c81afd9dafbde939","SV5_INFILL_ROOM_06221a856d3548df6440","SV5_OPTIONAL_04","[[536,47],[535,47],[535,46],[534,46],[534,45],[533,45],[533,44],[532,44],[532,43],[531,43],[531,42],[530,42],[530,41],[529,41],[529,40],[528,40],[528,39],[527,39],[526,39],[525,39],[524,39],[523,39]]","[]","[[535,47],[535,46],[534,46],[534,45],[533,45],[533,44],[532,44],[532,43],[531,43],[531,42],[530,42],[530,41],[529,41],[529,40],[528,40],[528,39],[527,39],[526,39],[525,39],[524,39]]","20","[[536,47],[535,47],[535,46],[534,46],[534,45],[533,45],[533,44],[532,44],[532,43],[531,43],[531,42],[530,42],[530,41],[529,41],[529,40],[528,40],[528,39],[527,39],[526,39],[525,39],[524,39],[523,39]]","22","SV5_INFILL_LENGTH_RULE_V2","PASS","535,47>536,47","[[551,46],[550,46],[549,46],[548,46],[547,46],[546,46],[545,46],[544,46],[543,46],[542,46],[541,46],[540,46],[539,46],[538,46],[537,46],[536,46],[535,45],[534,44],[533,43],[532,42],[531,41],[530,40],[529,39],[528,38],[527,38],[526,38],[525,38],[524,38],[523,38],[522,38],[521,38],[520,38],[519,38],[518,38],[517,38],[516,38],[515,38],[514,38],[513,38],[512,38],[511,38],[510,38],[509,38],[508,38],[507,38]]","[[551,47],[550,47],[549,47],[548,47],[547,47],[546,47],[545,47],[544,47],[543,47],[542,47],[541,47],[540,47],[539,47],[538,47],[537,47],[536,47],[535,46],[534,45],[533,44],[532,43],[531,42],[530,41],[529,40],[528,39],[527,39],[526,39],[525,39],[524,39],[523,39],[522,39],[521,39],[520,39],[519,39],[518,39],[517,39],[516,39],[515,39],[514,39],[513,39],[512,39],[511,39],[510,39],[509,39],[508,39],[507,39]]","[[507,39],[508,39],[509,39],[510,39],[511,39],[512,39],[513,39],[514,39],[515,39],[516,39],[517,39],[518,39],[519,39],[520,39],[521,39],[522,39],[523,39],[524,39],[525,39],[526,39],[527,39],[528,39],[529,40],[530,41],[531,42],[532,43],[533,44],[534,45],[535,46],[536,47],[537,47],[538,47],[539,47],[540,47],[541,47],[542,47],[543,47],[544,47],[545,47],[546,47],[547,47],[548,47],[549,47],[550,47],[551,47]]","True","STATIC_SCREEN_SUPPORTED_PLUS_ONE_AABB_0.4x0.8_HEADROOM_2;NOT_PLAYER_VERIFIED","d381ea7f0f21f05701140f12f3d305a8dc506a576371888395da9c021b1352d5"
"SV5_INFILL_ROOM_0a4e21aecf9c9f3a7057","SV5_INFILL_ROOM_0a96510a05956c16451a","SV5_OPTIONAL_14","[[28,295],[28,296],[27,296],[27,297],[26,297],[26,298],[25,298],[25,299],[24,299],[24,300],[23,300],[23,301],[22,301],[22,302],[21,302],[20,302],[20,303],[19,303]]","[]","[[27,296],[27,297],[26,297],[26,298],[25,298],[25,299],[24,299],[24,300],[23,300],[23,301],[22,301],[22,302],[21,302],[20,302],[20,303]]","15","[[28,295],[28,296],[27,296],[27,297],[26,297],[26,298],[25,298],[25,299],[24,299],[24,300],[23,300],[23,301],[22,301],[22,302],[21,302],[20,302],[20,303],[19,303]]","18","SV5_INFILL_LENGTH_RULE_V2","PASS","27,296>28,296","[[43,294],[42,294],[41,294],[40,294],[39,294],[38,294],[37,294],[36,294],[35,294],[34,294],[33,294],[32,294],[31,294],[30,294],[29,294],[28,294],[27,295],[26,296],[25,297],[24,298],[23,299],[22,300],[21,301],[20,301],[19,302],[18,302],[17,302],[16,302],[15,302],[14,302],[13,302],[12,302],[11,302],[10,302],[9,302],[8,302],[7,302]]","[[43,295],[42,295],[41,295],[40,295],[39,295],[38,295],[37,295],[36,295],[35,295],[34,295],[33,295],[32,295],[31,295],[30,295],[29,295],[28,295],[27,296],[26,297],[25,298],[24,299],[23,300],[22,301],[21,302],[20,302],[19,303],[18,303],[17,303],[16,303],[15,303],[14,303],[13,303],[12,303],[11,303],[10,303],[9,303],[8,303],[7,303]]","[[7,303],[8,303],[9,303],[10,303],[11,303],[12,303],[13,303],[14,303],[15,303],[16,303],[17,303],[18,303],[19,303],[20,302],[21,302],[22,301],[23,300],[24,299],[25,298],[26,297],[27,296],[28,295],[29,295],[30,295],[31,295],[32,295],[33,295],[34,295],[35,295],[36,295],[37,295],[38,295],[39,295],[40,295],[41,295],[42,295],[43,295]]","True","STATIC_SCREEN_SUPPORTED_PLUS_ONE_AABB_0.4x0.8_HEADROOM_2;NOT_PLAYER_VERIFIED","d381ea7f0f21f05701140f12f3d305a8dc506a576371888395da9c021b1352d5"
"SV5_INFILL_ROOM_0a876125fd11905b88fc","SV5_INFILL_ROOM_02515634e73d42bbbebe","SV5_OPTIONAL_10","[[211,195],[211,196],[212,196],[212,197],[213,197],[213,198],[214,198],[215,198],[216,198],[217,198],[218,198],[219,198],[220,198],[221,198],[222,198],[223,198],[224,198],[225,198],[226,198],[227,198],[227,199],[228,199]]","[]","[[212,196],[212,197],[213,197],[213,198],[214,198],[215,198],[216,198],[217,198],[218,198],[219,198],[220,198],[221,198],[222,198],[223,198],[224,198],[225,198],[226,198],[227,198],[227,199]]","19","[[211,195],[211,196],[212,196],[212,197],[213,197],[213,198],[214,198],[215,198],[216,198],[217,198],[218,198],[219,198],[220,198],[221,198],[222,198],[223,198],[224,198],[225,198],[226,198],[227,198],[227,199],[228,199]]","22","SV5_INFILL_LENGTH_RULE_V2","PASS","211,196>212,196","[[196,194],[197,194],[198,194],[199,194],[200,194],[201,194],[202,194],[203,194],[204,194],[205,194],[206,194],[207,194],[208,194],[209,194],[210,194],[211,194],[212,195],[213,196],[214,197],[215,197],[216,197],[217,197],[218,197],[219,197],[220,197],[221,197],[222,197],[223,197],[224,197],[225,197],[226,197],[227,197],[228,198],[229,198],[230,198],[231,198],[232,198],[233,198],[234,198],[235,198],[236,198],[237,198],[238,198],[239,198],[240,198]]","[[196,195],[197,195],[198,195],[199,195],[200,195],[201,195],[202,195],[203,195],[204,195],[205,195],[206,195],[207,195],[208,195],[209,195],[210,195],[211,195],[212,196],[213,197],[214,198],[215,198],[216,198],[217,198],[218,198],[219,198],[220,198],[221,198],[222,198],[223,198],[224,198],[225,198],[226,198],[227,198],[228,199],[229,199],[230,199],[231,199],[232,199],[233,199],[234,199],[235,199],[236,199],[237,199],[238,199],[239,199],[240,199]]","[[240,199],[239,199],[238,199],[237,199],[236,199],[235,199],[234,199],[233,199],[232,199],[231,199],[230,199],[229,199],[228,199],[227,198],[226,198],[225,198],[224,198],[223,198],[222,198],[221,198],[220,198],[219,198],[218,198],[217,198],[216,198],[215,198],[214,198],[213,197],[212,196],[211,195],[210,195],[209,195],[208,195],[207,195],[206,195],[205,195],[204,195],[203,195],[202,195],[201,195],[200,195],[199,195],[198,195],[197,195],[196,195]]","True","STATIC_SCREEN_SUPPORTED_PLUS_ONE_AABB_0.4x0.8_HEADROOM_2;NOT_PLAYER_VERIFIED","d381ea7f0f21f05701140f12f3d305a8dc506a576371888395da9c021b1352d5"
"SV5_INFILL_ROOM_0a96510a05956c16451a","SV5_OPTIONAL_14","SV5_OPTIONAL_14","[[58,291],[58,292],[57,292],[57,293],[56,293],[56,294],[55,294],[54,294],[53,294],[52,294],[51,294],[50,294],[49,294],[48,294],[47,294],[46,294],[45,294],[44,294],[44,295],[43,295]]","[[60,291],[59,291],[58,291]]","[[59,291],[58,291],[58,292],[57,292],[57,293],[56,293],[56,294],[55,294],[54,294],[53,294],[52,294],[51,294],[50,294],[49,294],[48,294],[47,294],[46,294],[45,294],[44,294],[44,295]]","20","[[60,291],[59,291],[58,291],[58,292],[57,292],[57,293],[56,293],[56,294],[55,294],[54,294],[53,294],[52,294],[51,294],[50,294],[49,294],[48,294],[47,294],[46,294],[45,294],[44,294],[44,295],[43,295]]","22","SV5_INFILL_LENGTH_RULE_V2","PASS","59,291>60,291|59,292>60,292","[[58,290],[57,291],[56,292],[55,293],[54,293],[53,293],[52,293],[51,293],[50,293],[49,293],[48,293],[47,293],[46,293],[45,293],[44,293],[43,294],[42,294],[41,294],[40,294],[39,294],[38,294],[37,294],[36,294],[35,294],[34,294],[33,294],[32,294],[31,294]]","[[58,291],[57,292],[56,293],[55,294],[54,294],[53,294],[52,294],[51,294],[50,294],[49,294],[48,294],[47,294],[46,294],[45,294],[44,294],[43,295],[42,295],[41,295],[40,295],[39,295],[38,295],[37,295],[36,295],[35,295],[34,295],[33,295],[32,295],[31,295]]","[[31,295],[32,295],[33,295],[34,295],[35,295],[36,295],[37,295],[38,295],[39,295],[40,295],[41,295],[42,295],[43,295],[44,294],[45,294],[46,294],[47,294],[48,294],[49,294],[50,294],[51,294],[52,294],[53,294],[54,294],[55,294],[56,293],[57,292],[58,291]]","True","STATIC_SCREEN_SUPPORTED_PLUS_ONE_AABB_0.4x0.8_HEADROOM_2;NOT_PLAYER_VERIFIED","d381ea7f0f21f05701140f12f3d305a8dc506a576371888395da9c021b1352d5"
"SV5_INFILL_ROOM_0ae6927cb63168de9a09","SV5_OPTIONAL_09","SV5_OPTIONAL_09","[[130,175],[131,175],[132,175]]","[[128,175],[129,175],[130,175]]","[[129,175],[130,175],[131,175]]","3","[[128,175],[129,175],[130,175],[131,175],[132,175]]","5","SV5_INFILL_LENGTH_RULE_V2","PASS","128,175>129,175|128,176>129,176","[[130,174],[131,174],[132,174],[133,174],[134,174],[135,174],[136,174],[137,174],[138,174],[139,174],[140,174],[141,174],[142,174],[143,174],[144,174]]","[[130,175],[131,175],[132,175],[133,175],[134,175],[135,175],[136,175],[137,175],[138,175],[139,175],[140,175],[141,175],[142,175],[143,175],[144,175]]","[[144,175],[143,175],[142,175],[141,175],[140,175],[139,175],[138,175],[137,175],[136,175],[135,175],[134,175],[133,175],[132,175],[131,175],[130,175]]","True","STATIC_SCREEN_SUPPORTED_PLUS_ONE_AABB_0.4x0.8_HEADROOM_2;NOT_PLAYER_VERIFIED","d381ea7f0f21f05701140f12f3d305a8dc506a576371888395da9c021b1352d5"
"SV5_INFILL_ROOM_0b37330b20cc0a7ce9c9","SV5_INFILL_ROOM_0348461d960659e46de4","SV5_OPTIONAL_06","[[100,7],[100,8],[99,8],[99,9],[98,9],[98,10],[97,10],[97,11],[96,11],[96,12],[95,12],[95,13],[94,13],[94,14],[93,14],[92,14],[92,15],[91,15]]","[]","[[99,8],[99,9],[98,9],[98,10],[97,10],[97,11],[96,11],[96,12],[95,12],[95,13],[94,13],[94,14],[93,14],[92,14],[92,15]]","15","[[100,7],[100,8],[99,8],[99,9],[98,9],[98,10],[97,10],[97,11],[96,11],[96,12],[95,12],[95,13],[94,13],[94,14],[93,14],[92,14],[92,15],[91,15]]","18","SV5_INFILL_LENGTH_RULE_V2","PASS","99,8>100,8","[[119,6],[118,6],[117,6],[116,6],[115,6],[114,6],[113,6],[112,6],[111,6],[110,6],[109,6],[108,6],[107,6],[106,6],[105,6],[104,6],[103,6],[102,6],[101,6],[100,6],[99,7],[98,8],[97,9],[96,10],[95,11],[94,12],[93,13],[92,13],[91,14],[90,14],[89,14],[88,14],[87,14],[86,14],[85,14],[84,14],[83,14],[82,14],[81,14],[80,14],[79,14]]","[[119,7],[118,7],[117,7],[116,7],[115,7],[114,7],[113,7],[112,7],[111,7],[110,7],[109,7],[108,7],[107,7],[106,7],[105,7],[104,7],[103,7],[102,7],[101,7],[100,7],[99,8],[98,9],[97,10],[96,11],[95,12],[94,13],[93,14],[92,14],[91,15],[90,15],[89,15],[88,15],[87,15],[86,15],[85,15],[84,15],[83,15],[82,15],[81,15],[80,15],[79,15]]","[[79,15],[80,15],[81,15],[82,15],[83,15],[84,15],[85,15],[86,15],[87,15],[88,15],[89,15],[90,15],[91,15],[92,14],[93,14],[94,13],[95,12],[96,11],[97,10],[98,9],[99,8],[100,7],[101,7],[102,7],[103,7],[104,7],[105,7],[106,7],[107,7],[108,7],[109,7],[110,7],[111,7],[112,7],[113,7],[114,7],[115,7],[116,7],[117,7],[118,7],[119,7]]","True","STATIC_SCREEN_SUPPORTED_PLUS_ONE_AABB_0.4x0.8_HEADROOM_2;NOT_PLAYER_VERIFIED","d381ea7f0f21f05701140f12f3d305a8dc506a576371888395da9c021b1352d5"
"SV5_INFILL_ROOM_0c69ae74af31ab21da75","SV5_INFILL_ROOM_02ae7414022cdad35012","SV5_OPTIONAL_04","[[488,97],[488,98],[487,98],[487,99],[486,99],[486,100],[485,100],[485,101],[484,101],[484,102],[483,102],[482,102],[481,102],[480,102],[479,102],[478,102],[477,102],[476,102],[475,102],[474,102],[473,102],[472,102],[472,103],[471,103]]","[]","[[487,98],[487,99],[486,99],[486,100],[485,100],[485,101],[484,101],[484,102],[483,102],[482,102],[481,102],[480,102],[479,102],[478,102],[477,102],[476,102],[475,102],[474,102],[473,102],[472,102],[472,103]]","21","[[488,97],[488,98],[487,98],[487,99],[486,99],[486,100],[485,100],[485,101],[484,101],[484,102],[483,102],[482,102],[481,102],[480,102],[479,102],[478,102],[477,102],[476,102],[475,102],[474,102],[473,102],[472,102],[472,103],[471,103]]","24","SV5_INFILL_LENGTH_RULE_V2","PASS","487,98>488,98","[[503,94],[502,94],[501,94],[500,94],[499,94],[498,95],[497,95],[496,96],[495,96],[494,96],[493,96],[492,96],[491,96],[490,96],[489,96],[488,96],[487,97],[486,98],[485,99],[484,100],[483,101],[482,101],[481,101],[480,101],[479,101],[478,101],[477,101],[476,101],[475,101],[474,101],[473,101],[472,101],[471,102],[470,102],[469,102],[468,102],[467,102],[466,102],[465,102],[464,102],[463,102],[462,102],[461,102],[460,102],[459,102]]","[[503,95],[502,95],[501,95],[500,95],[499,95],[498,96],[497,96],[496,97],[495,97],[494,97],[493,97],[492,97],[491,97],[490,97],[489,97],[488,97],[487,98],[486,99],[485,100],[484,101],[483,102],[482,102],[481,102],[480,102],[479,102],[478,102],[477,102],[476,102],[475,102],[474,102],[473,102],[472,102],[471,103],[470,103],[469,103],[468,103],[467,103],[466,103],[465,103],[464,103],[463,103],[462,103],[461,103],[460,103],[459,103]]","[[459,103],[460,103],[461,103],[462,103],[463,103],[464,103],[465,103],[466,103],[467,103],[468,103],[469,103],[470,103],[471,103],[472,102],[473,102],[474,102],[475,102],[476,102],[477,102],[478,102],[479,102],[480,102],[481,102],[482,102],[483,102],[484,101],[485,100],[486,99],[487,98],[488,97],[489,97],[490,97],[491,97],[492,97],[493,97],[494,97],[495,97],[496,97],[497,96],[498,96],[499,95],[500,95],[501,95],[502,95],[503,95]]","True","STATIC_SCREEN_SUPPORTED_PLUS_ONE_AABB_0.4x0.8_HEADROOM_2;NOT_PLAYER_VERIFIED","d381ea7f0f21f05701140f12f3d305a8dc506a576371888395da9c021b1352d5"
"SV5_INFILL_ROOM_0c74848c713648c23e1f","SV5_INFILL_ROOM_042225214705273a5475","SV5_OPTIONAL_04","[[436,31],[436,32],[435,32],[435,33],[434,33],[434,34],[433,34],[432,34],[432,35],[431,35]]","[]","[[435,32],[435,33],[434,33],[434,34],[433,34],[432,34],[432,35]]","7","[[436,31],[436,32],[435,32],[435,33],[434,33],[434,34],[433,34],[432,34],[432,35],[431,35]]","10","SV5_INFILL_LENGTH_RULE_V2","PASS","435,32>436,32","[[451,30],[450,30],[449,30],[448,30],[447,30],[446,30],[445,30],[444,30],[443,30],[442,30],[441,30],[440,30],[439,30],[438,30],[437,30],[436,30],[435,31],[434,32],[433,33],[432,33],[431,34],[430,34],[429,34],[428,34],[427,34],[426,34],[425,34],[424,34],[423,34],[422,34],[421,34],[420,34],[419,34]]","[[451,31],[450,31],[449,31],[448,31],[447,31],[446,31],[445,31],[444,31],[443,31],[442,31],[441,31],[440,31],[439,31],[438,31],[437,31],[436,31],[435,32],[434,33],[433,34],[432,34],[431,35],[430,35],[429,35],[428,35],[427,35],[426,35],[425,35],[424,35],[423,35],[422,35],[421,35],[420,35],[419,35]]","[[419,35],[420,35],[421,35],[422,35],[423,35],[424,35],[425,35],[426,35],[427,35],[428,35],[429,35],[430,35],[431,35],[432,34],[433,34],[434,33],[435,32],[436,31],[437,31],[438,31],[439,31],[440,31],[441,31],[442,31],[443,31],[444,31],[445,31],[446,31],[447,31],[448,31],[449,31],[450,31],[451,31]]","True","STATIC_SCREEN_SUPPORTED_PLUS_ONE_AABB_0.4x0.8_HEADROOM_2;NOT_PLAYER_VERIFIED","d381ea7f0f21f05701140f12f3d305a8dc506a576371888395da9c021b1352d5"
"SV5_INFILL_ROOM_0c97bc8d682a1b5e9ce0","SV5_INFILL_ROOM_0555f7159cc5807eccd0","SV5_OPTIONAL_10","[[140,213],[139,213],[139,212],[138,212],[138,211],[137,211],[136,211],[135,211],[134,211],[133,211],[132,211],[131,211],[130,211],[129,211],[128,211],[127,211],[126,211],[125,211],[124,211],[123,211]]","[]","[[139,213],[139,212],[138,212],[138,211],[137,211],[136,211],[135,211],[134,211],[133,211],[132,211],[131,211],[130,211],[129,211],[128,211],[127,211],[126,211],[125,211],[124,211]]","18","[[140,213],[139,213],[139,212],[138,212],[138,211],[137,211],[136,211],[135,211],[134,211],[133,211],[132,211],[131,211],[130,211],[129,211],[128,211],[127,211],[126,211],[125,211],[124,211],[123,211]]","20","SV5_INFILL_LENGTH_RULE_V2","PASS","139,213>140,213","[[155,210],[154,210],[153,210],[152,210],[151,210],[150,211],[149,211],[148,212],[147,212],[146,212],[145,212],[144,212],[143,212],[142,212],[141,212],[140,212],[139,211],[138,210],[137,210],[136,210],[135,210],[134,210],[133,210],[132,210],[131,210],[130,210],[129,210],[128,210],[127,210],[126,210],[125,210],[124,210],[123,210],[122,210],[121,210],[120,210],[119,210],[118,211],[117,211],[116,212],[115,212],[114,212],[113,212],[112,212],[111,212]]","[[155,211],[154,211],[153,211],[152,211],[151,211],[150,212],[149,212],[148,213],[147,213],[146,213],[145,213],[144,213],[143,213],[142,213],[141,213],[140,213],[139,212],[138,211],[137,211],[136,211],[135,211],[134,211],[133,211],[132,211],[131,211],[130,211],[129,211],[128,211],[127,211],[126,211],[125,211],[124,211],[123,211],[122,211],[121,211],[120,211],[119,211],[118,212],[117,212],[116,213],[115,213],[114,213],[113,213],[112,213],[111,213]]","[[111,213],[112,213],[113,213],[114,213],[115,213],[116,213],[117,212],[118,212],[119,211],[120,211],[121,211],[122,211],[123,211],[124,211],[125,211],[126,211],[127,211],[128,211],[129,211],[130,211],[131,211],[132,211],[133,211],[134,211],[135,211],[136,211],[137,211],[138,211],[139,212],[140,213],[141,213],[142,213],[143,213],[144,213],[145,213],[146,213],[147,213],[148,213],[149,212],[150,212],[151,211],[152,211],[153,211],[154,211],[155,211]]","True","STATIC_SCREEN_SUPPORTED_PLUS_ONE_AABB_0.4x0.8_HEADROOM_2;NOT_PLAYER_VERIFIED","d381ea7f0f21f05701140f12f3d305a8dc506a576371888395da9c021b1352d5"
"SV5_INFILL_ROOM_0ca00de1852445b16dcc","SV5_INFILL_ROOM_0009256b2ee54633b586","SV5_OPTIONAL_14","[[83,339],[84,339],[84,338],[85,338],[85,337],[86,337],[86,336],[87,336],[87,335],[88,335],[89,335],[90,335],[91,335],[92,335]]","[]","[[84,339],[84,338],[85,338],[85,337],[86,337],[86,336],[87,336],[87,335],[88,335],[89,335],[90,335],[91,335]]","12","[[83,339],[84,339],[84,338],[85,338],[85,337],[86,337],[86,336],[87,336],[87,335],[88,335],[89,335],[90,335],[91,335],[92,335]]","14","SV5_INFILL_LENGTH_RULE_V2","PASS","83,339>84,339","[[68,338],[69,338],[70,338],[71,338],[72,338],[73,338],[74,338],[75,338],[76,338],[77,338],[78,338],[79,338],[80,338],[81,338],[82,338],[83,338],[84,337],[85,336],[86,335],[87,334],[88,334],[89,334],[90,334],[91,334],[92,334],[93,334],[94,334],[95,334],[96,334],[97,334],[98,334],[99,334],[100,334],[101,334],[102,334],[103,334],[104,334],[105,334],[106,334],[107,334],[108,334]]","[[68,339],[69,339],[70,339],[71,339],[72,339],[73,339],[74,339],[75,339],[76,339],[77,339],[78,339],[79,339],[80,339],[81,339],[82,339],[83,339],[84,338],[85,337],[86,336],[87,335],[88,335],[89,335],[90,335],[91,335],[92,335],[93,335],[94,335],[95,335],[96,335],[97,335],[98,335],[99,335],[100,335],[101,335],[102,335],[103,335],[104,335],[105,335],[106,335],[107,335],[108,335]]","[[108,335],[107,335],[106,335],[105,335],[104,335],[103,335],[102,335],[101,335],[100,335],[99,335],[98,335],[97,335],[96,335],[95,335],[94,335],[93,335],[92,335],[91,335],[90,335],[89,335],[88,335],[87,335],[86,336],[85,337],[84,338],[83,339],[82,339],[81,339],[80,339],[79,339],[78,339],[77,339],[76,339],[75,339],[74,339],[73,339],[72,339],[71,339],[70,339],[69,339],[68,339]]","True","STATIC_SCREEN_SUPPORTED_PLUS_ONE_AABB_0.4x0.8_HEADROOM_2;NOT_PLAYER_VERIFIED","d381ea7f0f21f05701140f12f3d305a8dc506a576371888395da9c021b1352d5"
"SV5_INFILL_ROOM_0cbd9840d4ac1034b3bf","SV5_INFILL_ROOM_124ad82e5ac8eaa42c0f","SV5_OPTIONAL_14","[[171,331],[171,332],[172,332],[172,333],[173,333],[173,334],[174,334],[175,334],[175,335],[176,335]]","[]","[[172,332],[172,333],[173,333],[173,334],[174,334],[175,334],[175,335]]","7","[[171,331],[171,332],[172,332],[172,333],[173,333],[173,334],[174,334],[175,334],[175,335],[176,335]]","10","SV5_INFILL_LENGTH_RULE_V2","PASS","171,332>172,332","[[152,330],[153,330],[154,330],[155,330],[156,330],[157,330],[158,330],[159,330],[160,330],[161,330],[162,330],[163,330],[164,330],[165,330],[166,330],[167,330],[168,330],[169,330],[170,330],[171,330],[172,331],[173,332],[174,333],[175,333],[176,334],[177,334],[178,334],[179,334],[180,334],[181,335],[182,335],[183,336],[184,336],[185,336],[186,336],[187,336],[188,336]]","[[152,331],[153,331],[154,331],[155,331],[156,331],[157,331],[158,331],[159,331],[160,331],[161,331],[162,331],[163,331],[164,331],[165,331],[166,331],[167,331],[168,331],[169,331],[170,331],[171,331],[172,332],[173,333],[174,334],[175,334],[176,335],[177,335],[178,335],[179,335],[180,335],[181,336],[182,336],[183,337],[184,337],[185,337],[186,337],[187,337],[188,337]]","[[188,337],[187,337],[186,337],[185,337],[184,337],[183,337],[182,336],[181,336],[180,335],[179,335],[178,335],[177,335],[176,335],[175,334],[174,334],[173,333],[172,332],[171,331],[170,331],[169,331],[168,331],[167,331],[166,331],[165,331],[164,331],[163,331],[162,331],[161,331],[160,331],[159,331],[158,331],[157,331],[156,331],[155,331],[154,331],[153,331],[152,331]]","True","STATIC_SCREEN_SUPPORTED_PLUS_ONE_AABB_0.4x0.8_HEADROOM_2;NOT_PLAYER_VERIFIED","d381ea7f0f21f05701140f12f3d305a8dc506a576371888395da9c021b1352d5"
"SV5_INFILL_ROOM_0cf3150abb2be197bdc3","SV5_INFILL_ROOM_00cf93b8e5daaa4b04e1","SV5_OPTIONAL_09","[[104,103],[104,104],[103,104],[103,105],[102,105],[102,106],[101,106],[101,107],[100,107],[100,108],[99,108],[99,109],[98,109],[98,110],[97,110],[96,110],[96,111],[95,111]]","[]","[[103,104],[103,105],[102,105],[102,106],[101,106],[101,107],[100,107],[100,108],[99,108],[99,109],[98,109],[98,110],[97,110],[96,110],[96,111]]","15","[[104,103],[104,104],[103,104],[103,105],[102,105],[102,106],[101,106],[101,107],[100,107],[100,108],[99,108],[99,109],[98,109],[98,110],[97,110],[96,110],[96,111],[95,111]]","18","SV5_INFILL_LENGTH_RULE_V2","PASS","103,104>104,104","[[123,102],[122,102],[121,102],[120,102],[119,102],[118,102],[117,102],[116,102],[115,102],[114,102],[113,102],[112,102],[111,102],[110,102],[109,102],[108,102],[107,102],[106,102],[105,102],[104,102],[103,103],[102,104],[101,105],[100,106],[99,107],[98,108],[97,109],[96,109],[95,110],[94,110],[93,110],[92,110],[91,110],[90,110],[89,110],[88,110],[87,110],[86,110],[85,110],[84,110],[83,110],[82,110],[81,110],[80,110],[79,110]]","[[123,103],[122,103],[121,103],[120,103],[119,103],[118,103],[117,103],[116,103],[115,103],[114,103],[113,103],[112,103],[111,103],[110,103],[109,103],[108,103],[107,103],[106,103],[105,103],[104,103],[103,104],[102,105],[101,106],[100,107],[99,108],[98,109],[97,110],[96,110],[95,111],[94,111],[93,111],[92,111],[91,111],[90,111],[89,111],[88,111],[87,111],[86,111],[85,111],[84,111],[83,111],[82,111],[81,111],[80,111],[79,111]]","[[79,111],[80,111],[81,111],[82,111],[83,111],[84,111],[85,111],[86,111],[87,111],[88,111],[89,111],[90,111],[91,111],[92,111],[93,111],[94,111],[95,111],[96,110],[97,110],[98,109],[99,108],[100,107],[101,106],[102,105],[103,104],[104,103],[105,103],[106,103],[107,103],[108,103],[109,103],[110,103],[111,103],[112,103],[113,103],[114,103],[115,103],[116,103],[117,103],[118,103],[119,103],[120,103],[121,103],[122,103],[123,103]]","True","STATIC_SCREEN_SUPPORTED_PLUS_ONE_AABB_0.4x0.8_HEADROOM_2;NOT_PLAYER_VERIFIED","d381ea7f0f21f05701140f12f3d305a8dc506a576371888395da9c021b1352d5"
"SV5_INFILL_ROOM_0d63595f6cd949c1a932","SV5_OPTIONAL_05","SV5_OPTIONAL_05","[[581,7],[582,7],[583,7],[584,7],[584,6],[585,6],[586,6],[587,6],[588,6],[589,6],[590,6],[591,6],[592,6],[593,6],[594,6],[595,6],[595,7],[596,7]]","[[581,8],[581,7]]","[[581,8],[581,7],[582,7],[583,7],[584,7],[584,6],[585,6],[586,6],[587,6],[588,6],[589,6],[590,6],[591,6],[592,6],[593,6],[594,6],[595,6],[595,7]]","18","[[581,8],[581,7],[582,7],[583,7],[584,7],[584,6],[585,6],[586,6],[587,6],[588,6],[589,6],[590,6],[591,6],[592,6],[593,6],[594,6],[595,6],[595,7],[596,7]]","19","SV5_INFILL_LENGTH_RULE_V2","PASS","581,7>581,8|580,8>581,8|581,8>582,8|582,7>582,8|581,8>582,8|582,8>583,8|583,7>583,8|582,8>583,8|583,8>583,9","[[581,6],[582,6],[583,6],[584,5],[585,5],[586,5],[587,5],[588,5],[589,5],[590,5],[591,5],[592,5],[593,5],[594,5],[595,5],[596,6],[597,6],[598,6],[599,6],[600,6],[601,6],[602,6],[603,6],[604,6],[605,6],[606,6],[607,6],[608,6]]","[[581,7],[582,7],[583,7],[584,6],[585,6],[586,6],[587,6],[588,6],[589,6],[590,6],[591,6],[592,6],[593,6],[594,6],[595,6],[596,7],[597,7],[598,7],[599,7],[600,7],[601,7],[602,7],[603,7],[604,7],[605,7],[606,7],[607,7],[608,7]]","[[608,7],[607,7],[606,7],[605,7],[604,7],[603,7],[602,7],[601,7],[600,7],[599,7],[598,7],[597,7],[596,7],[595,6],[594,6],[593,6],[592,6],[591,6],[590,6],[589,6],[588,6],[587,6],[586,6],[585,6],[584,6],[583,7],[582,7],[581,7]]","True","STATIC_SCREEN_SUPPORTED_PLUS_ONE_AABB_0.4x0.8_HEADROOM_2;NOT_PLAYER_VERIFIED","d381ea7f0f21f05701140f12f3d305a8dc506a576371888395da9c021b1352d5"
"SV5_INFILL_ROOM_0d6757c798ece8ef8ef4","SV5_INFILL_ROOM_046863d4c69cd86e081e","SV5_OPTIONAL_04","[[520,75],[520,76],[519,76],[519,77],[518,77],[518,78],[517,78],[516,78],[516,79],[515,79]]","[]","[[519,76],[519,77],[518,77],[518,78],[517,78],[516,78],[516,79]]","7","[[520,75],[520,76],[519,76],[519,77],[518,77],[518,78],[517,78],[516,78],[516,79],[515,79]]","10","SV5_INFILL_LENGTH_RULE_V2","PASS","519,76>520,76","[[535,74],[534,74],[533,74],[532,74],[531,74],[530,74],[529,74],[528,74],[527,74],[526,74],[525,74],[524,74],[523,74],[522,74],[521,74],[520,74],[519,75],[518,76],[517,77],[516,77],[515,78],[514,78],[513,78],[512,78],[511,78],[510,78],[509,78],[508,78],[507,78],[506,78],[505,78],[504,78],[503,78]]","[[535,75],[534,75],[533,75],[532,75],[531,75],[530,75],[529,75],[528,75],[527,75],[526,75],[525,75],[524,75],[523,75],[522,75],[521,75],[520,75],[519,76],[518,77],[517,78],[516,78],[515,79],[514,79],[513,79],[512,79],[511,79],[510,79],[509,79],[508,79],[507,79],[506,79],[505,79],[504,79],[503,79]]","[[503,79],[504,79],[505,79],[506,79],[507,79],[508,79],[509,79],[510,79],[511,79],[512,79],[513,79],[514,79],[515,79],[516,78],[517,78],[518,77],[519,76],[520,75],[521,75],[522,75],[523,75],[524,75],[525,75],[526,75],[527,75],[528,75],[529,75],[530,75],[531,75],[532,75],[533,75],[534,75],[535,75]]","True","STATIC_SCREEN_SUPPORTED_PLUS_ONE_AABB_0.4x0.8_HEADROOM_2;NOT_PLAYER_VERIFIED","d381ea7f0f21f05701140f12f3d305a8dc506a576371888395da9c021b1352d5"
"SV5_INFILL_ROOM_0dab25b86c4a80f558fb","SV5_INFILL_ROOM_00b4a4fe56b192880b8c","SV5_OPTIONAL_04","[[583,53],[584,53],[584,52],[585,52],[585,51],[586,51],[586,50],[587,50],[587,49],[588,49],[588,48],[589,48],[589,47],[590,47],[590,46],[591,46],[591,45],[592,45],[592,44],[593,44],[593,43],[594,43],[595,43],[596,43]]","[]","[[584,53],[584,52],[585,52],[585,51],[586,51],[586,50],[587,50],[587,49],[588,49],[588,48],[589,48],[589,47],[590,47],[590,46],[591,46],[591,45],[592,45],[592,44],[593,44],[593,43],[594,43],[595,43]]","22","[[583,53],[584,53],[584,52],[585,52],[585,51],[586,51],[586,50],[587,50],[587,49],[588,49],[588,48],[589,48],[589,47],[590,47],[590,46],[591,46],[591,45],[592,45],[592,44],[593,44],[593,43],[594,43],[595,43],[596,43]]","24","SV5_INFILL_LENGTH_RULE_V2","PASS","583,53>584,53","[[568,50],[569,50],[570,50],[571,50],[572,50],[573,51],[574,51],[575,52],[576,52],[577,52],[578,52],[579,52],[580,52],[581,52],[582,52],[583,52],[584,51],[585,50],[586,49],[587,48],[588,47],[589,46],[590,45],[591,44],[592,43],[593,42],[594,42],[595,42],[596,42],[597,42],[598,42],[599,42],[600,42],[601,43],[602,43],[603,44],[604,44],[605,44],[606,44],[607,44],[608,44]]","[[568,51],[569,51],[570,51],[571,51],[572,51],[573,52],[574,52],[575,53],[576,53],[577,53],[578,53],[579,53],[580,53],[581,53],[582,53],[583,53],[584,52],[585,51],[586,50],[587,49],[588,48],[589,47],[590,46],[591,45],[592,44],[593,43],[594,43],[595,43],[596,43],[597,43],[598,43],[599,43],[600,43],[601,44],[602,44],[603,45],[604,45],[605,45],[606,45],[607,45],[608,45]]","[[608,45],[607,45],[606,45],[605,45],[604,45],[603,45],[602,44],[601,44],[600,43],[599,43],[598,43],[597,43],[596,43],[595,43],[594,43],[593,43],[592,44],[591,45],[590,46],[589,47],[588,48],[587,49],[586,50],[585,51],[584,52],[583,53],[582,53],[581,53],[580,53],[579,53],[578,53],[577,53],[576,53],[575,53],[574,52],[573,52],[572,51],[571,51],[570,51],[569,51],[568,51]]","True","STATIC_SCREEN_SUPPORTED_PLUS_ONE_AABB_0.4x0.8_HEADROOM_2;NOT_PLAYER_VERIFIED","d381ea7f0f21f05701140f12f3d305a8dc506a576371888395da9c021b1352d5"
"SV5_INFILL_ROOM_0dbd53f17d6303f0e39e","SV5_INFILL_ROOM_0975974720d7a7ab44f2","SV5_OPTIONAL_04","[[436,103],[435,103],[434,103],[433,103],[432,103],[431,103]]","[]","[[435,103],[434,103],[433,103],[432,103]]","4","[[436,103],[435,103],[434,103],[433,103],[432,103],[431,103]]","6","SV5_INFILL_LENGTH_RULE_V2","PASS","435,103>436,103|435,104>436,104","[[451,102],[450,102],[449,102],[448,102],[447,102],[446,102],[445,102],[444,102],[443,102],[442,102],[441,102],[440,102],[439,102],[438,102],[437,102],[436,102],[435,102],[434,102],[433,102],[432,102],[431,102],[430,102],[429,102],[428,102],[427,102],[426,103],[425,103],[424,104],[423,104],[422,104],[421,104],[420,104],[419,104]]","[[451,103],[450,103],[449,103],[448,103],[447,103],[446,103],[445,103],[444,103],[443,103],[442,103],[441,103],[440,103],[439,103],[438,103],[437,103],[436,103],[435,103],[434,103],[433,103],[432,103],[431,103],[430,103],[429,103],[428,103],[427,103],[426,104],[425,104],[424,105],[423,105],[422,105],[421,105],[420,105],[419,105]]","[[419,105],[420,105],[421,105],[422,105],[423,105],[424,105],[425,104],[426,104],[427,103],[428,103],[429,103],[430,103],[431,103],[432,103],[433,103],[434,103],[435,103],[436,103],[437,103],[438,103],[439,103],[440,103],[441,103],[442,103],[443,103],[444,103],[445,103],[446,103],[447,103],[448,103],[449,103],[450,103],[451,103]]","True","STATIC_SCREEN_SUPPORTED_PLUS_ONE_AABB_0.4x0.8_HEADROOM_2;NOT_PLAYER_VERIFIED","d381ea7f0f21f05701140f12f3d305a8dc506a576371888395da9c021b1352d5"
"SV5_INFILL_ROOM_0e03c89fc44cb27c66ab","SV5_OPTIONAL_04","SV5_OPTIONAL_04","[[554,187],[553,187],[552,187],[551,187]]","[[556,187],[555,187],[554,187]]","[[555,187],[554,187],[553,187],[552,187]]","4","[[556,187],[555,187],[554,187],[553,187],[552,187],[551,187]]","6","SV5_INFILL_LENGTH_RULE_V2","PASS","555,187>556,187|555,188>556,188","[[554,186],[553,186],[552,186],[551,186],[550,186],[549,186],[548,186],[547,186],[546,186],[545,186],[544,186],[543,186],[542,186],[541,186],[540,186],[539,186]]","[[554,187],[553,187],[552,187],[551,187],[550,187],[549,187],[548,187],[547,187],[546,187],[545,187],[544,187],[543,187],[542,187],[541,187],[540,187],[539,187]]","[[539,187],[540,187],[541,187],[542,187],[543,187],[544,187],[545,187],[546,187],[547,187],[548,187],[549,187],[550,187],[551,187],[552,187],[553,187],[554,187]]","True","STATIC_SCREEN_SUPPORTED_PLUS_ONE_AABB_0.4x0.8_HEADROOM_2;NOT_PLAYER_VERIFIED","d381ea7f0f21f05701140f12f3d305a8dc506a576371888395da9c021b1352d5"
"SV5_INFILL_ROOM_0e1d0458b0d793642356","SV5_INFILL_ROOM_0193b889fad304bdfe2d","SV5_OPTIONAL_04","[[444,79],[443,79],[443,78],[442,78],[442,77],[441,77],[441,76],[440,76],[440,75],[439,75],[439,74],[438,74],[438,73],[437,73],[437,72],[436,72],[436,71],[435,71]]","[]","[[443,79],[443,78],[442,78],[442,77],[441,77],[441,76],[440,76],[440,75],[439,75],[439,74],[438,74],[438,73],[437,73],[437,72],[436,72],[436,71]]","16","[[444,79],[443,79],[443,78],[442,78],[442,77],[441,77],[441,76],[440,76],[440,75],[439,75],[439,74],[438,74],[438,73],[437,73],[437,72],[436,72],[436,71],[435,71]]","18","SV5_INFILL_LENGTH_RULE_V2","PASS","443,79>444,79","[[459,78],[458,78],[457,78],[456,78],[455,78],[454,78],[453,78],[452,78],[451,78],[450,78],[449,78],[448,78],[447,78],[446,78],[445,78],[444,78],[443,77],[442,76],[441,75],[440,74],[439,73],[438,72],[437,71],[436,70],[435,70],[434,70],[433,70],[432,70],[431,70],[430,70],[429,70],[428,70],[427,70],[426,70],[425,70],[424,70],[423,70]]","[[459,79],[458,79],[457,79],[456,79],[455,79],[454,79],[453,79],[452,79],[451,79],[450,79],[449,79],[448,79],[447,79],[446,79],[445,79],[444,79],[443,78],[442,77],[441,76],[440,75],[439,74],[438,73],[437,72],[436,71],[435,71],[434,71],[433,71],[432,71],[431,71],[430,71],[429,71],[428,71],[427,71],[426,71],[425,71],[424,71],[423,71]]","[[423,71],[424,71],[425,71],[426,71],[427,71],[428,71],[429,71],[430,71],[431,71],[432,71],[433,71],[434,71],[435,71],[436,71],[437,72],[438,73],[439,74],[440,75],[441,76],[442,77],[443,78],[444,79],[445,79],[446,79],[447,79],[448,79],[449,79],[450,79],[451,79],[452,79],[453,79],[454,79],[455,79],[456,79],[457,79],[458,79],[459,79]]","True","STATIC_SCREEN_SUPPORTED_PLUS_ONE_AABB_0.4x0.8_HEADROOM_2;NOT_PLAYER_VERIFIED","d381ea7f0f21f05701140f12f3d305a8dc506a576371888395da9c021b1352d5"
"SV5_INFILL_ROOM_0e316ce78212c7a7aa18","SV5_INFILL_ROOM_014ff8b35cb7a06ee610","SV5_OPTIONAL_09","[[96,193],[96,194],[95,194],[95,195],[94,195],[94,196],[93,196],[93,197],[92,197],[92,198],[91,198],[90,198],[89,198],[88,198],[87,198],[86,198],[85,198],[84,198],[83,198],[82,198],[81,198],[80,198],[80,199],[79,199]]","[]","[[95,194],[95,195],[94,195],[94,196],[93,196],[93,197],[92,197],[92,198],[91,198],[90,198],[89,198],[88,198],[87,198],[86,198],[85,198],[84,198],[83,198],[82,198],[81,198],[80,198],[80,199]]","21","[[96,193],[96,194],[95,194],[95,195],[94,195],[94,196],[93,196],[93,197],[92,197],[92,198],[91,198],[90,198],[89,198],[88,198],[87,198],[86,198],[85,198],[84,198],[83,198],[82,198],[81,198],[80,198],[80,199],[79,199]]","24","SV5_INFILL_LENGTH_RULE_V2","PASS","95,194>96,194","[[111,190],[110,190],[109,190],[108,190],[107,190],[106,191],[105,191],[104,192],[103,192],[102,192],[101,192],[100,192],[99,192],[98,192],[97,192],[96,192],[95,193],[94,194],[93,195],[92,196],[91,197],[90,197],[89,197],[88,197],[87,197],[86,197],[85,197],[84,197],[83,197],[82,197],[81,197],[80,197],[79,198],[78,198],[77,198],[76,198],[75,198],[74,198],[73,198],[72,198],[71,198],[70,198],[69,198],[68,198],[67,198]]","[[111,191],[110,191],[109,191],[108,191],[107,191],[106,192],[105,192],[104,193],[103,193],[102,193],[101,193],[100,193],[99,193],[98,193],[97,193],[96,193],[95,194],[94,195],[93,196],[92,197],[91,198],[90,198],[89,198],[88,198],[87,198],[86,198],[85,198],[84,198],[83,198],[82,198],[81,198],[80,198],[79,199],[78,199],[77,199],[76,199],[75,199],[74,199],[73,199],[72,199],[71,199],[70,199],[69,199],[68,199],[67,199]]","[[67,199],[68,199],[69,199],[70,199],[71,199],[72,199],[73,199],[74,199],[75,199],[76,199],[77,199],[78,199],[79,199],[80,198],[81,198],[82,198],[83,198],[84,198],[85,198],[86,198],[87,198],[88,198],[89,198],[90,198],[91,198],[92,197],[93,196],[94,195],[95,194],[96,193],[97,193],[98,193],[99,193],[100,193],[101,193],[102,193],[103,193],[104,193],[105,192],[106,192],[107,191],[108,191],[109,191],[110,191],[111,191]]","True","STATIC_SCREEN_SUPPORTED_PLUS_ONE_AABB_0.4x0.8_HEADROOM_2;NOT_PLAYER_VERIFIED","d381ea7f0f21f05701140f12f3d305a8dc506a576371888395da9c021b1352d5"
"SV5_INFILL_ROOM_0eaf7a838d77541f94b1","SV5_INFILL_ROOM_03457115457eb0b59c96","SV5_OPTIONAL_09","[[28,163],[28,164],[27,164],[27,165],[26,165],[26,166],[25,166],[25,167],[24,167],[24,168],[23,168],[23,169],[22,169],[22,170],[21,170],[20,170],[20,171],[19,171]]","[]","[[27,164],[27,165],[26,165],[26,166],[25,166],[25,167],[24,167],[24,168],[23,168],[23,169],[22,169],[22,170],[21,170],[20,170],[20,171]]","15","[[28,163],[28,164],[27,164],[27,165],[26,165],[26,166],[25,166],[25,167],[24,167],[24,168],[23,168],[23,169],[22,169],[22,170],[21,170],[20,170],[20,171],[19,171]]","18","SV5_INFILL_LENGTH_RULE_V2","PASS","27,164>28,164","[[47,162],[46,162],[45,162],[44,162],[43,162],[42,162],[41,162],[40,162],[39,162],[38,162],[37,162],[36,162],[35,162],[34,162],[33,162],[32,162],[31,162],[30,162],[29,162],[28,162],[27,163],[26,164],[25,165],[24,166],[23,167],[22,168],[21,169],[20,169],[19,170],[18,170],[17,170],[16,170],[15,170],[14,170],[13,170],[12,170],[11,170],[10,170],[9,170],[8,170],[7,170]]","[[47,163],[46,163],[45,163],[44,163],[43,163],[42,163],[41,163],[40,163],[39,163],[38,163],[37,163],[36,163],[35,163],[34,163],[33,163],[32,163],[31,163],[30,163],[29,163],[28,163],[27,164],[26,165],[25,166],[24,167],[23,168],[22,169],[21,170],[20,170],[19,171],[18,171],[17,171],[16,171],[15,171],[14,171],[13,171],[12,171],[11,171],[10,171],[9,171],[8,171],[7,171]]","[[7,171],[8,171],[9,171],[10,171],[11,171],[12,171],[13,171],[14,171],[15,171],[16,171],[17,171],[18,171],[19,171],[20,170],[21,170],[22,169],[23,168],[24,167],[25,166],[26,165],[27,164],[28,163],[29,163],[30,163],[31,163],[32,163],[33,163],[34,163],[35,163],[36,163],[37,163],[38,163],[39,163],[40,163],[41,163],[42,163],[43,163],[44,163],[45,163],[46,163],[47,163]]","True","STATIC_SCREEN_SUPPORTED_PLUS_ONE_AABB_0.4x0.8_HEADROOM_2;NOT_PLAYER_VERIFIED","d381ea7f0f21f05701140f12f3d305a8dc506a576371888395da9c021b1352d5"
"SV5_INFILL_ROOM_0eec20aa3a5b45e6fa41","SV5_INFILL_ROOM_11ea6749b4a84e4590a4","SV5_OPTIONAL_04","[[436,49],[436,50],[435,50],[434,50],[433,50],[432,50],[432,51],[431,51]]","[]","[[435,50],[434,50],[433,50],[432,50],[432,51]]","5","[[436,49],[436,50],[435,50],[434,50],[433,50],[432,50],[432,51],[431,51]]","8","SV5_INFILL_LENGTH_RULE_V2","PASS","435,50>436,50","[[451,46],[450,46],[449,46],[448,46],[447,46],[446,47],[445,47],[444,48],[443,48],[442,48],[441,48],[440,48],[439,48],[438,48],[437,48],[436,48],[435,49],[434,49],[433,49],[432,49],[431,50],[430,50],[429,50],[428,50],[427,50],[426,51],[425,51],[424,52],[423,52],[422,52],[421,52],[420,52],[419,52]]","[[451,47],[450,47],[449,47],[448,47],[447,47],[446,48],[445,48],[444,49],[443,49],[442,49],[441,49],[440,49],[439,49],[438,49],[437,49],[436,49],[435,50],[434,50],[433,50],[432,50],[431,51],[430,51],[429,51],[428,51],[427,51],[426,52],[425,52],[424,53],[423,53],[422,53],[421,53],[420,53],[419,53]]","[[419,53],[420,53],[421,53],[422,53],[423,53],[424,53],[425,52],[426,52],[427,51],[428,51],[429,51],[430,51],[431,51],[432,50],[433,50],[434,50],[435,50],[436,49],[437,49],[438,49],[439,49],[440,49],[441,49],[442,49],[443,49],[444,49],[445,48],[446,48],[447,47],[448,47],[449,47],[450,47],[451,47]]","True","STATIC_SCREEN_SUPPORTED_PLUS_ONE_AABB_0.4x0.8_HEADROOM_2;NOT_PLAYER_VERIFIED","d381ea7f0f21f05701140f12f3d305a8dc506a576371888395da9c021b1352d5"
"SV5_INFILL_ROOM_0f10462cbb3bfe892933","SV5_INFILL_ROOM_0478ddb1471ef6cceb90","SV5_OPTIONAL_00","[[304,387],[304,388],[303,388],[303,389],[302,389],[302,390],[301,390],[300,390],[299,390],[298,390],[297,390],[296,390],[295,390],[294,390],[293,390],[292,390],[292,391],[291,391]]","[]","[[303,388],[303,389],[302,389],[302,390],[301,390],[300,390],[299,390],[298,390],[297,390],[296,390],[295,390],[294,390],[293,390],[292,390],[292,391]]","15","[[304,387],[304,388],[303,388],[303,389],[302,389],[302,390],[301,390],[300,390],[299,390],[298,390],[297,390],[296,390],[295,390],[294,390],[293,390],[292,390],[292,391],[291,391]]","18","SV5_INFILL_LENGTH_RULE_V2","PASS","303,388>304,388","[[319,386],[318,386],[317,386],[316,386],[315,386],[314,386],[313,386],[312,386],[311,386],[310,386],[309,386],[308,386],[307,386],[306,386],[305,386],[304,386],[303,387],[302,388],[301,389],[300,389],[299,389],[298,389],[297,389],[296,389],[295,389],[294,389],[293,389],[292,389],[291,390],[290,390],[289,390],[288,390],[287,390],[286,390],[285,390],[284,390],[283,390],[282,390],[281,390],[280,390],[279,390]]","[[319,387],[318,387],[317,387],[316,387],[315,387],[314,387],[313,387],[312,387],[311,387],[310,387],[309,387],[308,387],[307,387],[306,387],[305,387],[304,387],[303,388],[302,389],[301,390],[300,390],[299,390],[298,390],[297,390],[296,390],[295,390],[294,390],[293,390],[292,390],[291,391],[290,391],[289,391],[288,391],[287,391],[286,391],[285,391],[284,391],[283,391],[282,391],[281,391],[280,391],[279,391]]","[[279,391],[280,391],[281,391],[282,391],[283,391],[284,391],[285,391],[286,391],[287,391],[288,391],[289,391],[290,391],[291,391],[292,390],[293,390],[294,390],[295,390],[296,390],[297,390],[298,390],[299,390],[300,390],[301,390],[302,389],[303,388],[304,387],[305,387],[306,387],[307,387],[308,387],[309,387],[310,387],[311,387],[312,387],[313,387],[314,387],[315,387],[316,387],[317,387],[318,387],[319,387]]","True","STATIC_SCREEN_SUPPORTED_PLUS_ONE_AABB_0.4x0.8_HEADROOM_2;NOT_PLAYER_VERIFIED","d381ea7f0f21f05701140f12f3d305a8dc506a576371888395da9c021b1352d5"
"SV5_INFILL_ROOM_0f17f69a0304b7b0be0e","SV5_OPTIONAL_RETURN_TO_START","SV5_OPTIONAL_RETURN_TO_START","[[384,319],[384,320],[385,320],[385,321],[386,321],[386,322],[387,322],[387,323],[388,323],[388,324],[389,324],[389,325],[390,325],[390,326],[391,326],[391,327],[392,327]]","[[382,319],[383,319],[384,319]]","[[383,319],[384,319],[384,320],[385,320],[385,321],[386,321],[386,322],[387,322],[387,323],[388,323],[388,324],[389,324],[389,325],[390,325],[390,326],[391,326],[391,327]]","17","[[382,319],[383,319],[384,319],[384,320],[385,320],[385,321],[386,321],[386,322],[387,322],[387,323],[388,323],[388,324],[389,324],[389,325],[390,325],[390,326],[391,326],[391,327],[392,327]]","19","SV5_INFILL_LENGTH_RULE_V2","PASS","382,319>383,319|382,320>383,320","[[384,318],[385,319],[386,320],[387,321],[388,322],[389,323],[390,324],[391,325],[392,326],[393,326],[394,326],[395,326],[396,326],[397,326],[398,326],[399,326],[400,326],[401,326],[402,326],[403,326],[404,326]]","[[384,319],[385,320],[386,321],[387,322],[388,323],[389,324],[390,325],[391,326],[392,327],[393,327],[394,327],[395,327],[396,327],[397,327],[398,327],[399,327],[400,327],[401,327],[402,327],[403,327],[404,327]]","[[404,327],[403,327],[402,327],[401,327],[400,327],[399,327],[398,327],[397,327],[396,327],[395,327],[394,327],[393,327],[392,327],[391,326],[390,325],[389,324],[388,323],[387,322],[386,321],[385,320],[384,319]]","True","STATIC_SCREEN_SUPPORTED_PLUS_ONE_AABB_0.4x0.8_HEADROOM_2;NOT_PLAYER_VERIFIED","d381ea7f0f21f05701140f12f3d305a8dc506a576371888395da9c021b1352d5"
"SV5_INFILL_ROOM_0f5736599d7acc3ea0a8","SV5_OPTIONAL_04","SV5_OPTIONAL_04","[[554,123],[553,123],[552,123],[551,123]]","[[556,123],[555,123],[554,123]]","[[555,123],[554,123],[553,123],[552,123]]","4","[[556,123],[555,123],[554,123],[553,123],[552,123],[551,123]]","6","SV5_INFILL_LENGTH_RULE_V2","PASS","555,123>556,123|555,124>556,124","[[554,122],[553,122],[552,122],[551,122],[550,122],[549,122],[548,122],[547,122],[546,122],[545,122],[544,122],[543,122],[542,122],[541,122],[540,122],[539,122]]","[[554,123],[553,123],[552,123],[551,123],[550,123],[549,123],[548,123],[547,123],[546,123],[545,123],[544,123],[543,123],[542,123],[541,123],[540,123],[539,123]]","[[539,123],[540,123],[541,123],[542,123],[543,123],[544,123],[545,123],[546,123],[547,123],[548,123],[549,123],[550,123],[551,123],[552,123],[553,123],[554,123]]","True","STATIC_SCREEN_SUPPORTED_PLUS_ONE_AABB_0.4x0.8_HEADROOM_2;NOT_PLAYER_VERIFIED","d381ea7f0f21f05701140f12f3d305a8dc506a576371888395da9c021b1352d5"
"SV5_INFILL_ROOM_1021773e205f6254b33f","SV5_INFILL_ROOM_12b7e28ceac0decd5997","SV5_OPTIONAL_06","[[72,31],[72,32],[71,32],[71,33],[70,33],[70,34],[69,34],[69,35],[68,35],[68,36],[67,36],[67,37],[66,37],[66,38],[65,38],[64,38],[64,39],[63,39]]","[]","[[71,32],[71,33],[70,33],[70,34],[69,34],[69,35],[68,35],[68,36],[67,36],[67,37],[66,37],[66,38],[65,38],[64,38],[64,39]]","15","[[72,31],[72,32],[71,32],[71,33],[70,33],[70,34],[69,34],[69,35],[68,35],[68,36],[67,36],[67,37],[66,37],[66,38],[65,38],[64,38],[64,39],[63,39]]","18","SV5_INFILL_LENGTH_RULE_V2","PASS","71,32>72,32","[[91,30],[90,30],[89,30],[88,30],[87,30],[86,30],[85,30],[84,30],[83,30],[82,30],[81,30],[80,30],[79,30],[78,30],[77,30],[76,30],[75,30],[74,30],[73,30],[72,30],[71,31],[70,32],[69,33],[68,34],[67,35],[66,36],[65,37],[64,37],[63,38],[62,38],[61,38],[60,38],[59,38],[58,38],[57,38],[56,38],[55,38],[54,38],[53,38],[52,38],[51,38]]","[[91,31],[90,31],[89,31],[88,31],[87,31],[86,31],[85,31],[84,31],[83,31],[82,31],[81,31],[80,31],[79,31],[78,31],[77,31],[76,31],[75,31],[74,31],[73,31],[72,31],[71,32],[70,33],[69,34],[68,35],[67,36],[66,37],[65,38],[64,38],[63,39],[62,39],[61,39],[60,39],[59,39],[58,39],[57,39],[56,39],[55,39],[54,39],[53,39],[52,39],[51,39]]","[[51,39],[52,39],[53,39],[54,39],[55,39],[56,39],[57,39],[58,39],[59,39],[60,39],[61,39],[62,39],[63,39],[64,38],[65,38],[66,37],[67,36],[68,35],[69,34],[70,33],[71,32],[72,31],[73,31],[74,31],[75,31],[76,31],[77,31],[78,31],[79,31],[80,31],[81,31],[82,31],[83,31],[84,31],[85,31],[86,31],[87,31],[88,31],[89,31],[90,31],[91,31]]","True","STATIC_SCREEN_SUPPORTED_PLUS_ONE_AABB_0.4x0.8_HEADROOM_2;NOT_PLAYER_VERIFIED","d381ea7f0f21f05701140f12f3d305a8dc506a576371888395da9c021b1352d5"
"SV5_INFILL_ROOM_10723a60cc9b706bf1c1","SV5_INFILL_ROOM_016e566fdda939779b86","SV5_OPTIONAL_03","[[584,351],[583,351],[583,350],[582,350],[582,349],[581,349],[581,348],[580,348],[580,347],[579,347]]","[]","[[583,351],[583,350],[582,350],[582,349],[581,349],[581,348],[580,348],[580,347]]","8","[[584,351],[583,351],[583,350],[582,350],[582,349],[581,349],[581,348],[580,348],[580,347],[579,347]]","10","SV5_INFILL_LENGTH_RULE_V2","PASS","583,351>584,351","[[599,350],[598,350],[597,350],[596,350],[595,350],[594,350],[593,350],[592,350],[591,350],[590,350],[589,350],[588,350],[587,350],[586,350],[585,350],[584,350],[583,349],[582,348],[581,347],[580,346],[579,346],[578,346],[577,346],[576,346],[575,346],[574,346],[573,346],[572,346],[571,346],[570,346],[569,346],[568,346],[567,346]]","[[599,351],[598,351],[597,351],[596,351],[595,351],[594,351],[593,351],[592,351],[591,351],[590,351],[589,351],[588,351],[587,351],[586,351],[585,351],[584,351],[583,350],[582,349],[581,348],[580,347],[579,347],[578,347],[577,347],[576,347],[575,347],[574,347],[573,347],[572,347],[571,347],[570,347],[569,347],[568,347],[567,347]]","[[567,347],[568,347],[569,347],[570,347],[571,347],[572,347],[573,347],[574,347],[575,347],[576,347],[577,347],[578,347],[579,347],[580,347],[581,348],[582,349],[583,350],[584,351],[585,351],[586,351],[587,351],[588,351],[589,351],[590,351],[591,351],[592,351],[593,351],[594,351],[595,351],[596,351],[597,351],[598,351],[599,351]]","True","STATIC_SCREEN_SUPPORTED_PLUS_ONE_AABB_0.4x0.8_HEADROOM_2;NOT_PLAYER_VERIFIED","d381ea7f0f21f05701140f12f3d305a8dc506a576371888395da9c021b1352d5"
"SV5_INFILL_ROOM_10889819727ae935e66a","SV5_OPTIONAL_01","SV5_OPTIONAL_01","[[439,279],[438,279],[438,278],[437,278],[437,277],[436,277],[436,276],[435,276],[435,275],[434,275],[434,274],[433,274],[433,273],[432,273],[432,272],[431,272],[431,271]]","[[439,280],[439,279]]","[[439,280],[439,279],[438,279],[438,278],[437,278],[437,277],[436,277],[436,276],[435,276],[435,275],[434,275],[434,274],[433,274],[433,273],[432,273],[432,272]]","16","[[439,280],[439,279],[438,279],[438,278],[437,278],[437,277],[436,277],[436,276],[435,276],[435,275],[434,275],[434,274],[433,274],[433,273],[432,273],[432,272],[431,272],[431,271]]","18","SV5_INFILL_LENGTH_RULE_V2","PASS","439,279>439,280|438,280>439,280|439,280>440,280|438,279>438,280","[[439,278],[438,277],[437,276],[436,275],[435,274],[434,273],[433,272],[432,271],[431,270],[430,270],[429,270],[428,270],[427,270],[426,270],[425,270],[424,270],[423,270],[422,270],[421,270],[420,270],[419,270]]","[[439,279],[438,278],[437,277],[436,276],[435,275],[434,274],[433,273],[432,272],[431,271],[430,271],[429,271],[428,271],[427,271],[426,271],[425,271],[424,271],[423,271],[422,271],[421,271],[420,271],[419,271]]","[[419,271],[420,271],[421,271],[422,271],[423,271],[424,271],[425,271],[426,271],[427,271],[428,271],[429,271],[430,271],[431,271],[432,272],[433,273],[434,274],[435,275],[436,276],[437,277],[438,278],[439,279]]","True","STATIC_SCREEN_SUPPORTED_PLUS_ONE_AABB_0.4x0.8_HEADROOM_2;NOT_PLAYER_VERIFIED","d381ea7f0f21f05701140f12f3d305a8dc506a576371888395da9c021b1352d5"
"SV5_INFILL_ROOM_11a8f5a23fa5db0212cf","SV5_INFILL_ROOM_51f93c3ba5c26c6ed4d2","SV5_OPTIONAL_12","[[128,379],[127,379],[127,378],[126,378],[126,377],[125,377],[125,376],[124,376],[124,375],[123,375],[122,375],[121,375],[120,375],[119,375]]","[]","[[127,379],[127,378],[126,378],[126,377],[125,377],[125,376],[124,376],[124,375],[123,375],[122,375],[121,375],[120,375]]","12","[[128,379],[127,379],[127,378],[126,378],[126,377],[125,377],[125,376],[124,376],[124,375],[123,375],[122,375],[121,375],[120,375],[119,375]]","14","SV5_INFILL_LENGTH_RULE_V2","PASS","127,379>128,379","[[147,378],[146,378],[145,378],[144,378],[143,378],[142,378],[141,378],[140,378],[139,378],[138,378],[137,378],[136,378],[135,378],[134,378],[133,378],[132,378],[131,378],[130,378],[129,378],[128,378],[127,377],[126,376],[125,375],[124,374],[123,374],[122,374],[121,374],[120,374],[119,374],[118,374],[117,374],[116,374],[115,374],[114,374],[113,374],[112,374],[111,374],[110,374],[109,374],[108,374],[107,374]]","[[147,379],[146,379],[145,379],[144,379],[143,379],[142,379],[141,379],[140,379],[139,379],[138,379],[137,379],[136,379],[135,379],[134,379],[133,379],[132,379],[131,379],[130,379],[129,379],[128,379],[127,378],[126,377],[125,376],[124,375],[123,375],[122,375],[121,375],[120,375],[119,375],[118,375],[117,375],[116,375],[115,375],[114,375],[113,375],[112,375],[111,375],[110,375],[109,375],[108,375],[107,375]]","[[107,375],[108,375],[109,375],[110,375],[111,375],[112,375],[113,375],[114,375],[115,375],[116,375],[117,375],[118,375],[119,375],[120,375],[121,375],[122,375],[123,375],[124,375],[125,376],[126,377],[127,378],[128,379],[129,379],[130,379],[131,379],[132,379],[133,379],[134,379],[135,379],[136,379],[137,379],[138,379],[139,379],[140,379],[141,379],[142,379],[143,379],[144,379],[145,379],[146,379],[147,379]]","True","STATIC_SCREEN_SUPPORTED_PLUS_ONE_AABB_0.4x0.8_HEADROOM_2;NOT_PLAYER_VERIFIED","d381ea7f0f21f05701140f12f3d305a8dc506a576371888395da9c021b1352d5"
"SV5_INFILL_ROOM_11ea6749b4a84e4590a4","SV5_INFILL_ROOM_19a08e580d8eca79134f","SV5_OPTIONAL_04","[[468,43],[468,44],[467,44],[467,45],[466,45],[466,46],[465,46],[464,46],[463,46],[462,46],[461,46],[460,46],[459,46],[458,46],[457,46],[456,46],[455,46],[454,46],[453,46],[452,46],[452,47],[451,47]]","[]","[[467,44],[467,45],[466,45],[466,46],[465,46],[464,46],[463,46],[462,46],[461,46],[460,46],[459,46],[458,46],[457,46],[456,46],[455,46],[454,46],[453,46],[452,46],[452,47]]","19","[[468,43],[468,44],[467,44],[467,45],[466,45],[466,46],[465,46],[464,46],[463,46],[462,46],[461,46],[460,46],[459,46],[458,46],[457,46],[456,46],[455,46],[454,46],[453,46],[452,46],[452,47],[451,47]]","22","SV5_INFILL_LENGTH_RULE_V2","PASS","467,44>468,44","[[487,42],[486,42],[485,42],[484,42],[483,42],[482,42],[481,42],[480,42],[479,42],[478,42],[477,42],[476,42],[475,42],[474,42],[473,42],[472,42],[471,42],[470,42],[469,42],[468,42],[467,43],[466,44],[465,45],[464,45],[463,45],[462,45],[461,45],[460,45],[459,45],[458,45],[457,45],[456,45],[455,45],[454,45],[453,45],[452,45],[451,46],[450,46],[449,46],[448,46],[447,46],[446,47],[445,47],[444,48],[443,48],[442,48],[441,48],[440,48],[439,48]]","[[487,43],[486,43],[485,43],[484,43],[483,43],[482,43],[481,43],[480,43],[479,43],[478,43],[477,43],[476,43],[475,43],[474,43],[473,43],[472,43],[471,43],[470,43],[469,43],[468,43],[467,44],[466,45],[465,46],[464,46],[463,46],[462,46],[461,46],[460,46],[459,46],[458,46],[457,46],[456,46],[455,46],[454,46],[453,46],[452,46],[451,47],[450,47],[449,47],[448,47],[447,47],[446,48],[445,48],[444,49],[443,49],[442,49],[441,49],[440,49],[439,49]]","[[439,49],[440,49],[441,49],[442,49],[443,49],[444,49],[445,48],[446,48],[447,47],[448,47],[449,47],[450,47],[451,47],[452,46],[453,46],[454,46],[455,46],[456,46],[457,46],[458,46],[459,46],[460,46],[461,46],[462,46],[463,46],[464,46],[465,46],[466,45],[467,44],[468,43],[469,43],[470,43],[471,43],[472,43],[473,43],[474,43],[475,43],[476,43],[477,43],[478,43],[479,43],[480,43],[481,43],[482,43],[483,43],[484,43],[485,43],[486,43],[487,43]]","True","STATIC_SCREEN_SUPPORTED_PLUS_ONE_AABB_0.4x0.8_HEADROOM_2;NOT_PLAYER_VERIFIED","d381ea7f0f21f05701140f12f3d305a8dc506a576371888395da9c021b1352d5"
"SV5_INFILL_ROOM_124ad82e5ac8eaa42c0f","SV5_INFILL_ROOM_05e0339d990ed8f50723","SV5_OPTIONAL_14","[[139,327],[139,328],[140,328],[140,329],[141,329],[141,330],[142,330],[143,330],[144,330],[145,330],[146,330],[147,330],[148,330],[149,330],[150,330],[151,330],[151,331],[152,331]]","[]","[[140,328],[140,329],[141,329],[141,330],[142,330],[143,330],[144,330],[145,330],[146,330],[147,330],[148,330],[149,330],[150,330],[151,330],[151,331]]","15","[[139,327],[139,328],[140,328],[140,329],[141,329],[141,330],[142,330],[143,330],[144,330],[145,330],[146,330],[147,330],[148,330],[149,330],[150,330],[151,330],[151,331],[152,331]]","18","SV5_INFILL_LENGTH_RULE_V2","PASS","139,328>140,328","[[120,326],[121,326],[122,326],[123,326],[124,326],[125,326],[126,326],[127,326],[128,326],[129,326],[130,326],[131,326],[132,326],[133,326],[134,326],[135,326],[136,326],[137,326],[138,326],[139,326],[140,327],[141,328],[142,329],[143,329],[144,329],[145,329],[146,329],[147,329],[148,329],[149,329],[150,329],[151,329],[152,330],[153,330],[154,330],[155,330],[156,330],[157,330],[158,330],[159,330],[160,330],[161,330],[162,330],[163,330],[164,330],[165,330],[166,330],[167,330],[168,330]]","[[120,327],[121,327],[122,327],[123,327],[124,327],[125,327],[126,327],[127,327],[128,327],[129,327],[130,327],[131,327],[132,327],[133,327],[134,327],[135,327],[136,327],[137,327],[138,327],[139,327],[140,328],[141,329],[142,330],[143,330],[144,330],[145,330],[146,330],[147,330],[148,330],[149,330],[150,330],[151,330],[152,331],[153,331],[154,331],[155,331],[156,331],[157,331],[158,331],[159,331],[160,331],[161,331],[162,331],[163,331],[164,331],[165,331],[166,331],[167,331],[168,331]]","[[168,331],[167,331],[166,331],[165,331],[164,331],[163,331],[162,331],[161,331],[160,331],[159,331],[158,331],[157,331],[156,331],[155,331],[154,331],[153,331],[152,331],[151,330],[150,330],[149,330],[148,330],[147,330],[146,330],[145,330],[144,330],[143,330],[142,330],[141,329],[140,328],[139,327],[138,327],[137,327],[136,327],[135,327],[134,327],[133,327],[132,327],[131,327],[130,327],[129,327],[128,327],[127,327],[126,327],[125,327],[124,327],[123,327],[122,327],[121,327],[120,327]]","True","STATIC_SCREEN_SUPPORTED_PLUS_ONE_AABB_0.4x0.8_HEADROOM_2;NOT_PLAYER_VERIFIED","d381ea7f0f21f05701140f12f3d305a8dc506a576371888395da9c021b1352d5"
"SV5_INFILL_ROOM_12b7e28ceac0decd5997","SV5_INFILL_ROOM_007c17890d68e31350a9","SV5_OPTIONAL_06","[[112,31],[111,31],[110,31],[109,31],[108,31],[107,31],[106,31],[105,31],[104,31],[103,31],[102,31],[101,31],[100,31],[99,31],[98,31],[97,31],[96,31],[95,31],[94,31],[93,31],[92,31],[91,31]]","[]","[[111,31],[110,31],[109,31],[108,31],[107,31],[106,31],[105,31],[104,31],[103,31],[102,31],[101,31],[100,31],[99,31],[98,31],[97,31],[96,31],[95,31],[94,31],[93,31],[92,31]]","20","[[112,31],[111,31],[110,31],[109,31],[108,31],[107,31],[106,31],[105,31],[104,31],[103,31],[102,31],[101,31],[100,31],[99,31],[98,31],[97,31],[96,31],[95,31],[94,31],[93,31],[92,31],[91,31]]","22","SV5_INFILL_LENGTH_RULE_V2","PASS","111,31>112,31|111,32>112,32","[[127,30],[126,30],[125,30],[124,30],[123,30],[122,30],[121,30],[120,30],[119,30],[118,30],[117,30],[116,30],[115,30],[114,30],[113,30],[112,30],[111,30],[110,30],[109,30],[108,30],[107,30],[106,30],[105,30],[104,30],[103,30],[102,30],[101,30],[100,30],[99,30],[98,30],[97,30],[96,30],[95,30],[94,30],[93,30],[92,30],[91,30],[90,30],[89,30],[88,30],[87,30],[86,30],[85,30],[84,30],[83,30],[82,30],[81,30],[80,30],[79,30],[78,30],[77,30],[76,30],[75,30]]","[[127,31],[126,31],[125,31],[124,31],[123,31],[122,31],[121,31],[120,31],[119,31],[118,31],[117,31],[116,31],[115,31],[114,31],[113,31],[112,31],[111,31],[110,31],[109,31],[108,31],[107,31],[106,31],[105,31],[104,31],[103,31],[102,31],[101,31],[100,31],[99,31],[98,31],[97,31],[96,31],[95,31],[94,31],[93,31],[92,31],[91,31],[90,31],[89,31],[88,31],[87,31],[86,31],[85,31],[84,31],[83,31],[82,31],[81,31],[80,31],[79,31],[78,31],[77,31],[76,31],[75,31]]","[[75,31],[76,31],[77,31],[78,31],[79,31],[80,31],[81,31],[82,31],[83,31],[84,31],[85,31],[86,31],[87,31],[88,31],[89,31],[90,31],[91,31],[92,31],[93,31],[94,31],[95,31],[96,31],[97,31],[98,31],[99,31],[100,31],[101,31],[102,31],[103,31],[104,31],[105,31],[106,31],[107,31],[108,31],[109,31],[110,31],[111,31],[112,31],[113,31],[114,31],[115,31],[116,31],[117,31],[118,31],[119,31],[120,31],[121,31],[122,31],[123,31],[124,31],[125,31],[126,31],[127,31]]","True","STATIC_SCREEN_SUPPORTED_PLUS_ONE_AABB_0.4x0.8_HEADROOM_2;NOT_PLAYER_VERIFIED","d381ea7f0f21f05701140f12f3d305a8dc506a576371888395da9c021b1352d5"
"SV5_INFILL_ROOM_1339e7469794e57cceef","SV5_INFILL_ROOM_00882305a20f8d480cad","SV5_OPTIONAL_14","[[143,353],[144,353],[144,352],[145,352],[145,351],[146,351],[146,350],[147,350],[147,349],[148,349],[148,348],[149,348],[149,347],[150,347],[151,347],[152,347],[153,347],[154,347],[155,347],[156,347],[157,347],[158,347],[159,347],[160,347]]","[]","[[144,353],[144,352],[145,352],[145,351],[146,351],[146,350],[147,350],[147,349],[148,349],[148,348],[149,348],[149,347],[150,347],[151,347],[152,347],[153,347],[154,347],[155,347],[156,347],[157,347],[158,347],[159,347]]","22","[[143,353],[144,353],[144,352],[145,352],[145,351],[146,351],[146,350],[147,350],[147,349],[148,349],[148,348],[149,348],[149,347],[150,347],[151,347],[152,347],[153,347],[154,347],[155,347],[156,347],[157,347],[158,347],[159,347],[160,347]]","24","SV5_INFILL_LENGTH_RULE_V2","PASS","143,353>144,353","[[128,350],[129,350],[130,350],[131,350],[132,350],[133,351],[134,351],[135,352],[136,352],[137,352],[138,352],[139,352],[140,352],[141,352],[142,352],[143,352],[144,351],[145,350],[146,349],[147,348],[148,347],[149,346],[150,346],[151,346],[152,346],[153,346],[154,346],[155,346],[156,346],[157,346],[158,346],[159,346],[160,346],[161,346],[162,346],[163,346],[164,346],[165,346],[166,346],[167,346],[168,346],[169,346],[170,346],[171,346],[172,346]]","[[128,351],[129,351],[130,351],[131,351],[132,351],[133,352],[134,352],[135,353],[136,353],[137,353],[138,353],[139,353],[140,353],[141,353],[142,353],[143,353],[144,352],[145,351],[146,350],[147,349],[148,348],[149,347],[150,347],[151,347],[152,347],[153,347],[154,347],[155,347],[156,347],[157,347],[158,347],[159,347],[160,347],[161,347],[162,347],[163,347],[164,347],[165,347],[166,347],[167,347],[168,347],[169,347],[170,347],[171,347],[172,347]]","[[172,347],[171,347],[170,347],[169,347],[168,347],[167,347],[166,347],[165,347],[164,347],[163,347],[162,347],[161,347],[160,347],[159,347],[158,347],[157,347],[156,347],[155,347],[154,347],[153,347],[152,347],[151,347],[150,347],[149,347],[148,348],[147,349],[146,350],[145,351],[144,352],[143,353],[142,353],[141,353],[140,353],[139,353],[138,353],[137,353],[136,353],[135,353],[134,352],[133,352],[132,351],[131,351],[130,351],[129,351],[128,351]]","True","STATIC_SCREEN_SUPPORTED_PLUS_ONE_AABB_0.4x0.8_HEADROOM_2;NOT_PLAYER_VERIFIED","d381ea7f0f21f05701140f12f3d305a8dc506a576371888395da9c021b1352d5"
"SV5_INFILL_ROOM_136a2d749c8d7eddcf7e","SV5_OPTIONAL_09","SV5_OPTIONAL_09","[[130,147],[131,147],[132,147]]","[[128,147],[129,147],[130,147]]","[[129,147],[130,147],[131,147]]","3","[[128,147],[129,147],[130,147],[131,147],[132,147]]","5","SV5_INFILL_LENGTH_RULE_V2","PASS","128,147>129,147|128,148>129,148","[[130,146],[131,146],[132,146],[133,146],[134,146],[135,146],[136,146],[137,146],[138,146],[139,146],[140,146],[141,146],[142,146],[143,146],[144,146]]","[[130,147],[131,147],[132,147],[133,147],[134,147],[135,147],[136,147],[137,147],[138,147],[139,147],[140,147],[141,147],[142,147],[143,147],[144,147]]","[[144,147],[143,147],[142,147],[141,147],[140,147],[139,147],[138,147],[137,147],[136,147],[135,147],[134,147],[133,147],[132,147],[131,147],[130,147]]","True","STATIC_SCREEN_SUPPORTED_PLUS_ONE_AABB_0.4x0.8_HEADROOM_2;NOT_PLAYER_VERIFIED","d381ea7f0f21f05701140f12f3d305a8dc506a576371888395da9c021b1352d5"
"SV5_INFILL_ROOM_136ff74ff913d769873e","SV5_OPTIONAL_03","SV5_OPTIONAL_03","[[582,263],[583,263],[584,263]]","[[580,263],[581,263],[582,263]]","[[581,263],[582,263],[583,263]]","3","[[580,263],[581,263],[582,263],[583,263],[584,263]]","5","SV5_INFILL_LENGTH_RULE_V2","PASS","580,263>581,263|580,264>581,264","[[582,262],[583,262],[584,262],[585,262],[586,262],[587,262],[588,262],[589,262],[590,262],[591,262],[592,262],[593,262],[594,262],[595,262],[596,262]]","[[582,263],[583,263],[584,263],[585,263],[586,263],[587,263],[588,263],[589,263],[590,263],[591,263],[592,263],[593,263],[594,263],[595,263],[596,263]]","[[596,263],[595,263],[594,263],[593,263],[592,263],[591,263],[590,263],[589,263],[588,263],[587,263],[586,263],[585,263],[584,263],[583,263],[582,263]]","True","STATIC_SCREEN_SUPPORTED_PLUS_ONE_AABB_0.4x0.8_HEADROOM_2;NOT_PLAYER_VERIFIED","d381ea7f0f21f05701140f12f3d305a8dc506a576371888395da9c021b1352d5"
"SV5_INFILL_ROOM_1375931bdd10c74015a5","SV5_INFILL_ROOM_04ad25dcb101169f2db9","SV5_OPTIONAL_12","[[216,379],[215,379],[215,378],[214,378],[214,377],[213,377],[213,376],[212,376],[212,375],[211,375]]","[]","[[215,379],[215,378],[214,378],[214,377],[213,377],[213,376],[212,376],[212,375]]","8","[[216,379],[215,379],[215,378],[214,378],[214,377],[213,377],[213,376],[212,376],[212,375],[211,375]]","10","SV5_INFILL_LENGTH_RULE_V2","PASS","215,379>216,379","[[235,378],[234,378],[233,378],[232,378],[231,378],[230,378],[229,378],[228,378],[227,378],[226,378],[225,378],[224,378],[223,378],[222,378],[221,378],[220,378],[219,378],[218,378],[217,378],[216,378],[215,377],[214,376],[213,375],[212,374],[211,374],[210,374],[209,374],[208,374],[207,374],[206,374],[205,374],[204,374],[203,374],[202,374],[201,374],[200,374],[199,374]]","[[235,379],[234,379],[233,379],[232,379],[231,379],[230,379],[229,379],[228,379],[227,379],[226,379],[225,379],[224,379],[223,379],[222,379],[221,379],[220,379],[219,379],[218,379],[217,379],[216,379],[215,378],[214,377],[213,376],[212,375],[211,375],[210,375],[209,375],[208,375],[207,375],[206,375],[205,375],[204,375],[203,375],[202,375],[201,375],[200,375],[199,375]]","[[199,375],[200,375],[201,375],[202,375],[203,375],[204,375],[205,375],[206,375],[207,375],[208,375],[209,375],[210,375],[211,375],[212,375],[213,376],[214,377],[215,378],[216,379],[217,379],[218,379],[219,379],[220,379],[221,379],[222,379],[223,379],[224,379],[225,379],[226,379],[227,379],[228,379],[229,379],[230,379],[231,379],[232,379],[233,379],[234,379],[235,379]]","True","STATIC_SCREEN_SUPPORTED_PLUS_ONE_AABB_0.4x0.8_HEADROOM_2;NOT_PLAYER_VERIFIED","d381ea7f0f21f05701140f12f3d305a8dc506a576371888395da9c021b1352d5"
"SV5_INFILL_ROOM_14ba504102951d122e14","SV5_INFILL_ROOM_068aa4ee0963a83e4586","SV5_OPTIONAL_15","[[24,243],[23,243],[23,242],[22,242],[22,241],[21,241],[21,240],[20,240],[20,239],[19,239]]","[]","[[23,243],[23,242],[22,242],[22,241],[21,241],[21,240],[20,240],[20,239]]","8","[[24,243],[23,243],[23,242],[22,242],[22,241],[21,241],[21,240],[20,240],[20,239],[19,239]]","10","SV5_INFILL_LENGTH_RULE_V2","PASS","23,243>24,243","[[39,242],[38,242],[37,242],[36,242],[35,242],[34,242],[33,242],[32,242],[31,242],[30,242],[29,242],[28,242],[27,242],[26,242],[25,242],[24,242],[23,241],[22,240],[21,239],[20,238],[19,238],[18,238],[17,238],[16,238],[15,238],[14,238],[13,238],[12,238],[11,238],[10,238],[9,238],[8,238],[7,238]]","[[39,243],[38,243],[37,243],[36,243],[35,243],[34,243],[33,243],[32,243],[31,243],[30,243],[29,243],[28,243],[27,243],[26,243],[25,243],[24,243],[23,242],[22,241],[21,240],[20,239],[19,239],[18,239],[17,239],[16,239],[15,239],[14,239],[13,239],[12,239],[11,239],[10,239],[9,239],[8,239],[7,239]]","[[7,239],[8,239],[9,239],[10,239],[11,239],[12,239],[13,239],[14,239],[15,239],[16,239],[17,239],[18,239],[19,239],[20,239],[21,240],[22,241],[23,242],[24,243],[25,243],[26,243],[27,243],[28,243],[29,243],[30,243],[31,243],[32,243],[33,243],[34,243],[35,243],[36,243],[37,243],[38,243],[39,243]]","True","STATIC_SCREEN_SUPPORTED_PLUS_ONE_AABB_0.4x0.8_HEADROOM_2;NOT_PLAYER_VERIFIED","d381ea7f0f21f05701140f12f3d305a8dc506a576371888395da9c021b1352d5"
"SV5_INFILL_ROOM_150d787e360e62610bbb","SV5_INFILL_ROOM_2192769697c59dae3b85","SV5_OPTIONAL_05","[[312,19],[311,19],[310,19],[309,19],[308,19],[307,19],[306,19],[305,19],[304,19],[303,19],[302,19],[301,19],[300,19],[299,19],[298,19],[297,19],[296,19],[295,19]]","[]","[[311,19],[310,19],[309,19],[308,19],[307,19],[306,19],[305,19],[304,19],[303,19],[302,19],[301,19],[300,19],[299,19],[298,19],[297,19],[296,19]]","16","[[312,19],[311,19],[310,19],[309,19],[308,19],[307,19],[306,19],[305,19],[304,19],[303,19],[302,19],[301,19],[300,19],[299,19],[298,19],[297,19],[296,19],[295,19]]","18","SV5_INFILL_LENGTH_RULE_V2","PASS","311,19>312,19|311,20>312,20","[[327,18],[326,18],[325,18],[324,18],[323,18],[322,18],[321,18],[320,18],[319,18],[318,18],[317,18],[316,18],[315,18],[314,18],[313,18],[312,18],[311,18],[310,18],[309,18],[308,18],[307,18],[306,18],[305,18],[304,18],[303,18],[302,18],[301,18],[300,18],[299,18],[298,18],[297,18],[296,18],[295,18],[294,18],[293,18],[292,18],[291,18],[290,18],[289,18],[288,18],[287,18],[286,18],[285,18],[284,18],[283,18]]","[[327,19],[326,19],[325,19],[324,19],[323,19],[322,19],[321,19],[320,19],[319,19],[318,19],[317,19],[316,19],[315,19],[314,19],[313,19],[312,19],[311,19],[310,19],[309,19],[308,19],[307,19],[306,19],[305,19],[304,19],[303,19],[302,19],[301,19],[300,19],[299,19],[298,19],[297,19],[296,19],[295,19],[294,19],[293,19],[292,19],[291,19],[290,19],[289,19],[288,19],[287,19],[286,19],[285,19],[284,19],[283,19]]","[[283,19],[284,19],[285,19],[286,19],[287,19],[288,19],[289,19],[290,19],[291,19],[292,19],[293,19],[294,19],[295,19],[296,19],[297,19],[298,19],[299,19],[300,19],[301,19],[302,19],[303,19],[304,19],[305,19],[306,19],[307,19],[308,19],[309,19],[310,19],[311,19],[312,19],[313,19],[314,19],[315,19],[316,19],[317,19],[318,19],[319,19],[320,19],[321,19],[322,19],[323,19],[324,19],[325,19],[326,19],[327,19]]","True","STATIC_SCREEN_SUPPORTED_PLUS_ONE_AABB_0.4x0.8_HEADROOM_2;NOT_PLAYER_VERIFIED","d381ea7f0f21f05701140f12f3d305a8dc506a576371888395da9c021b1352d5"
"SV5_INFILL_ROOM_151318558e48aa217292","SV5_OPTIONAL_04","SV5_OPTIONAL_04","[[554,203],[553,203],[552,203],[551,203]]","[[556,203],[555,203],[554,203]]","[[555,203],[554,203],[553,203],[552,203]]","4","[[556,203],[555,203],[554,203],[553,203],[552,203],[551,203]]","6","SV5_INFILL_LENGTH_RULE_V2","PASS","555,203>556,203|555,204>556,204","[[554,202],[553,202],[552,202],[551,202],[550,202],[549,202],[548,202],[547,202],[546,202],[545,202],[544,202],[543,202],[542,202],[541,202],[540,202],[539,202]]","[[554,203],[553,203],[552,203],[551,203],[550,203],[549,203],[548,203],[547,203],[546,203],[545,203],[544,203],[543,203],[542,203],[541,203],[540,203],[539,203]]","[[539,203],[540,203],[541,203],[542,203],[543,203],[544,203],[545,203],[546,203],[547,203],[548,203],[549,203],[550,203],[551,203],[552,203],[553,203],[554,203]]","True","STATIC_SCREEN_SUPPORTED_PLUS_ONE_AABB_0.4x0.8_HEADROOM_2;NOT_PLAYER_VERIFIED","d381ea7f0f21f05701140f12f3d305a8dc506a576371888395da9c021b1352d5"
"SV5_INFILL_ROOM_1549fa7dd8ce7f1d3376","SV5_OPTIONAL_12","SV5_OPTIONAL_12","[[241,339],[241,340],[240,340],[240,341],[239,341],[239,342],[238,342],[237,342],[236,342],[235,342],[234,342],[233,342],[232,342],[231,342],[230,342],[229,342],[228,342],[228,343],[227,343]]","[[243,339],[242,339],[241,339]]","[[242,339],[241,339],[241,340],[240,340],[240,341],[239,341],[239,342],[238,342],[237,342],[236,342],[235,342],[234,342],[233,342],[232,342],[231,342],[230,342],[229,342],[228,342],[228,343]]","19","[[243,339],[242,339],[241,339],[241,340],[240,340],[240,341],[239,341],[239,342],[238,342],[237,342],[236,342],[235,342],[234,342],[233,342],[232,342],[231,342],[230,342],[229,342],[228,342],[228,343],[227,343]]","21","SV5_INFILL_LENGTH_RULE_V2","PASS","242,339>243,339|242,340>243,340","[[241,338],[240,339],[239,340],[238,341],[237,341],[236,341],[235,341],[234,341],[233,341],[232,341],[231,341],[230,341],[229,341],[228,341],[227,342],[226,342],[225,342],[224,342],[223,342],[222,342],[221,342],[220,342],[219,342],[218,342],[217,342],[216,342],[215,342]]","[[241,339],[240,340],[239,341],[238,342],[237,342],[236,342],[235,342],[234,342],[233,342],[232,342],[231,342],[230,342],[229,342],[228,342],[227,343],[226,343],[225,343],[224,343],[223,343],[222,343],[221,343],[220,343],[219,343],[218,343],[217,343],[216,343],[215,343]]","[[215,343],[216,343],[217,343],[218,343],[219,343],[220,343],[221,343],[222,343],[223,343],[224,343],[225,343],[226,343],[227,343],[228,342],[229,342],[230,342],[231,342],[232,342],[233,342],[234,342],[235,342],[236,342],[237,342],[238,342],[239,341],[240,340],[241,339]]","True","STATIC_SCREEN_SUPPORTED_PLUS_ONE_AABB_0.4x0.8_HEADROOM_2;NOT_PLAYER_VERIFIED","d381ea7f0f21f05701140f12f3d305a8dc506a576371888395da9c021b1352d5"
"SV5_INFILL_ROOM_16de283f3026f06e031f","SV5_OPTIONAL_04","SV5_OPTIONAL_04","[[558,107],[558,108],[559,108],[559,109],[560,109],[560,110],[561,110],[562,110],[563,110],[564,110],[565,110],[566,110],[567,110],[568,110],[569,110],[570,110],[571,110],[571,111],[572,111]]","[[556,107],[557,107],[558,107]]","[[557,107],[558,107],[558,108],[559,108],[559,109],[560,109],[560,110],[561,110],[562,110],[563,110],[564,110],[565,110],[566,110],[567,110],[568,110],[569,110],[570,110],[571,110],[571,111]]","19","[[556,107],[557,107],[558,107],[558,108],[559,108],[559,109],[560,109],[560,110],[561,110],[562,110],[563,110],[564,110],[565,110],[566,110],[567,110],[568,110],[569,110],[570,110],[571,110],[571,111],[572,111]]","21","SV5_INFILL_LENGTH_RULE_V2","PASS","556,107>557,107|556,108>557,108","[[558,106],[559,107],[560,108],[561,109],[562,109],[563,109],[564,109],[565,109],[566,109],[567,109],[568,109],[569,109],[570,109],[571,109],[572,110],[573,110],[574,110],[575,110],[576,110],[577,110],[578,110],[579,110],[580,110],[581,110],[582,110],[583,110],[584,110]]","[[558,107],[559,108],[560,109],[561,110],[562,110],[563,110],[564,110],[565,110],[566,110],[567,110],[568,110],[569,110],[570,110],[571,110],[572,111],[573,111],[574,111],[575,111],[576,111],[577,111],[578,111],[579,111],[580,111],[581,111],[582,111],[583,111],[584,111]]","[[584,111],[583,111],[582,111],[581,111],[580,111],[579,111],[578,111],[577,111],[576,111],[575,111],[574,111],[573,111],[572,111],[571,110],[570,110],[569,110],[568,110],[567,110],[566,110],[565,110],[564,110],[563,110],[562,110],[561,110],[560,109],[559,108],[558,107]]","True","STATIC_SCREEN_SUPPORTED_PLUS_ONE_AABB_0.4x0.8_HEADROOM_2;NOT_PLAYER_VERIFIED","d381ea7f0f21f05701140f12f3d305a8dc506a576371888395da9c021b1352d5"
"SV5_INFILL_ROOM_16ef78d2a7097c01be03","SV5_OPTIONAL_02","SV5_OPTIONAL_02","[[526,363],[526,364],[525,364],[525,365],[524,365],[524,366],[523,366],[522,366],[521,366],[520,366],[520,367],[519,367]]","[[528,363],[527,363],[526,363]]","[[527,363],[526,363],[526,364],[525,364],[525,365],[524,365],[524,366],[523,366],[522,366],[521,366],[520,366],[520,367]]","12","[[528,363],[527,363],[526,363],[526,364],[525,364],[525,365],[524,365],[524,366],[523,366],[522,366],[521,366],[520,366],[520,367],[519,367]]","14","SV5_INFILL_LENGTH_RULE_V2","PASS","527,363>528,363|527,364>528,364","[[526,362],[525,363],[524,364],[523,365],[522,365],[521,365],[520,365],[519,366],[518,366],[517,366],[516,366],[515,366],[514,366],[513,366],[512,366],[511,366],[510,366],[509,366],[508,366],[507,366]]","[[526,363],[525,364],[524,365],[523,366],[522,366],[521,366],[520,366],[519,367],[518,367],[517,367],[516,367],[515,367],[514,367],[513,367],[512,367],[511,367],[510,367],[509,367],[508,367],[507,367]]","[[507,367],[508,367],[509,367],[510,367],[511,367],[512,367],[513,367],[514,367],[515,367],[516,367],[517,367],[518,367],[519,367],[520,366],[521,366],[522,366],[523,366],[524,365],[525,364],[526,363]]","True","STATIC_SCREEN_SUPPORTED_PLUS_ONE_AABB_0.4x0.8_HEADROOM_2;NOT_PLAYER_VERIFIED","d381ea7f0f21f05701140f12f3d305a8dc506a576371888395da9c021b1352d5"
"SV5_INFILL_ROOM_174a5fe09e7fd27dfbba","SV5_INFILL_ROOM_00e5c1799c48f53348c3","SV5_OPTIONAL_04","[[536,91],[536,92],[535,92],[535,93],[534,93],[534,94],[533,94],[533,95],[532,95],[532,96],[531,96],[531,97],[530,97],[530,98],[529,98],[528,98],[528,99],[527,99]]","[]","[[535,92],[535,93],[534,93],[534,94],[533,94],[533,95],[532,95],[532,96],[531,96],[531,97],[530,97],[530,98],[529,98],[528,98],[528,99]]","15","[[536,91],[536,92],[535,92],[535,93],[534,93],[534,94],[533,94],[533,95],[532,95],[532,96],[531,96],[531,97],[530,97],[530,98],[529,98],[528,98],[528,99],[527,99]]","18","SV5_INFILL_LENGTH_RULE_V2","PASS","535,92>536,92","[[551,90],[550,90],[549,90],[548,90],[547,90],[546,90],[545,90],[544,90],[543,90],[542,90],[541,90],[540,90],[539,90],[538,90],[537,90],[536,90],[535,91],[534,92],[533,93],[532,94],[531,95],[530,96],[529,97],[528,97],[527,98],[526,98],[525,98],[524,98],[523,98],[522,99],[521,99],[520,100],[519,100],[518,100],[517,100],[516,100],[515,100]]","[[551,91],[550,91],[549,91],[548,91],[547,91],[546,91],[545,91],[544,91],[543,91],[542,91],[541,91],[540,91],[539,91],[538,91],[537,91],[536,91],[535,92],[534,93],[533,94],[532,95],[531,96],[530,97],[529,98],[528,98],[527,99],[526,99],[525,99],[524,99],[523,99],[522,100],[521,100],[520,101],[519,101],[518,101],[517,101],[516,101],[515,101]]","[[515,101],[516,101],[517,101],[518,101],[519,101],[520,101],[521,100],[522,100],[523,99],[524,99],[525,99],[526,99],[527,99],[528,98],[529,98],[530,97],[531,96],[532,95],[533,94],[534,93],[535,92],[536,91],[537,91],[538,91],[539,91],[540,91],[541,91],[542,91],[543,91],[544,91],[545,91],[546,91],[547,91],[548,91],[549,91],[550,91],[551,91]]","True","STATIC_SCREEN_SUPPORTED_PLUS_ONE_AABB_0.4x0.8_HEADROOM_2;NOT_PLAYER_VERIFIED","d381ea7f0f21f05701140f12f3d305a8dc506a576371888395da9c021b1352d5"
"SV5_INFILL_ROOM_190cf8428ea073484d80","SV5_OPTIONAL_07","SV5_OPTIONAL_07","[[177,71],[176,71],[176,70],[175,70],[175,69],[174,69],[174,68],[173,68],[173,67],[172,67],[171,67]]","[[177,72],[177,71]]","[[177,72],[177,71],[176,71],[176,70],[175,70],[175,69],[174,69],[174,68],[173,68],[173,67],[172,67]]","11","[[177,72],[177,71],[176,71],[176,70],[175,70],[175,69],[174,69],[174,68],[173,68],[173,67],[172,67],[171,67]]","12","SV5_INFILL_LENGTH_RULE_V2","PASS","177,71>177,72|176,72>177,72|177,72>178,72|176,71>176,72","[[177,70],[176,69],[175,68],[174,67],[173,66],[172,66],[171,66],[170,66],[169,66],[168,66],[167,66],[166,66],[165,66],[164,66],[163,66],[162,66],[161,66],[160,66],[159,66]]","[[177,71],[176,70],[175,69],[174,68],[173,67],[172,67],[171,67],[170,67],[169,67],[168,67],[167,67],[166,67],[165,67],[164,67],[163,67],[162,67],[161,67],[160,67],[159,67]]","[[159,67],[160,67],[161,67],[162,67],[163,67],[164,67],[165,67],[166,67],[167,67],[168,67],[169,67],[170,67],[171,67],[172,67],[173,67],[174,68],[175,69],[176,70],[177,71]]","True","STATIC_SCREEN_SUPPORTED_PLUS_ONE_AABB_0.4x0.8_HEADROOM_2;NOT_PLAYER_VERIFIED","d381ea7f0f21f05701140f12f3d305a8dc506a576371888395da9c021b1352d5"
"SV5_INFILL_ROOM_19964c61275fdbcb2d6a","SV5_INFILL_ROOM_090d026d03e4c895fe2f","SV5_OPTIONAL_09","[[60,155],[59,155],[59,154],[58,154],[58,153],[57,153],[57,152],[56,152],[56,151],[55,151],[55,150],[54,150],[54,149],[53,149],[53,148],[52,148],[52,147],[51,147],[50,147],[49,147],[48,147],[47,147]]","[]","[[59,155],[59,154],[58,154],[58,153],[57,153],[57,152],[56,152],[56,151],[55,151],[55,150],[54,150],[54,149],[53,149],[53,148],[52,148],[52,147],[51,147],[50,147],[49,147],[48,147]]","20","[[60,155],[59,155],[59,154],[58,154],[58,153],[57,153],[57,152],[56,152],[56,151],[55,151],[55,150],[54,150],[54,149],[53,149],[53,148],[52,148],[52,147],[51,147],[50,147],[49,147],[48,147],[47,147]]","22","SV5_INFILL_LENGTH_RULE_V2","PASS","59,155>60,155","[[79,154],[78,154],[77,154],[76,154],[75,154],[74,154],[73,154],[72,154],[71,154],[70,154],[69,154],[68,154],[67,154],[66,154],[65,154],[64,154],[63,154],[62,154],[61,154],[60,154],[59,153],[58,152],[57,151],[56,150],[55,149],[54,148],[53,147],[52,146],[51,146],[50,146],[49,146],[48,146],[47,146],[46,146],[45,146],[44,146],[43,146],[42,146],[41,146],[40,146],[39,146],[38,146],[37,146],[36,146],[35,146]]","[[79,155],[78,155],[77,155],[76,155],[75,155],[74,155],[73,155],[72,155],[71,155],[70,155],[69,155],[68,155],[67,155],[66,155],[65,155],[64,155],[63,155],[62,155],[61,155],[60,155],[59,154],[58,153],[57,152],[56,151],[55,150],[54,149],[53,148],[52,147],[51,147],[50,147],[49,147],[48,147],[47,147],[46,147],[45,147],[44,147],[43,147],[42,147],[41,147],[40,147],[39,147],[38,147],[37,147],[36,147],[35,147]]","[[35,147],[36,147],[37,147],[38,147],[39,147],[40,147],[41,147],[42,147],[43,147],[44,147],[45,147],[46,147],[47,147],[48,147],[49,147],[50,147],[51,147],[52,147],[53,148],[54,149],[55,150],[56,151],[57,152],[58,153],[59,154],[60,155],[61,155],[62,155],[63,155],[64,155],[65,155],[66,155],[67,155],[68,155],[69,155],[70,155],[71,155],[72,155],[73,155],[74,155],[75,155],[76,155],[77,155],[78,155],[79,155]]","True","STATIC_SCREEN_SUPPORTED_PLUS_ONE_AABB_0.4x0.8_HEADROOM_2;NOT_PLAYER_VERIFIED","d381ea7f0f21f05701140f12f3d305a8dc506a576371888395da9c021b1352d5"
"SV5_INFILL_ROOM_19a08e580d8eca79134f","SV5_INFILL_ROOM_0a36c81afd9dafbde939","SV5_OPTIONAL_04","[[504,39],[504,40],[503,40],[503,41],[502,41],[502,42],[501,42],[500,42],[499,42],[498,42],[497,42],[496,42],[495,42],[494,42],[493,42],[492,42],[491,42],[490,42],[489,42],[488,42],[488,43],[487,43]]","[]","[[503,40],[503,41],[502,41],[502,42],[501,42],[500,42],[499,42],[498,42],[497,42],[496,42],[495,42],[494,42],[493,42],[492,42],[491,42],[490,42],[489,42],[488,42],[488,43]]","19","[[504,39],[504,40],[503,40],[503,41],[502,41],[502,42],[501,42],[500,42],[499,42],[498,42],[497,42],[496,42],[495,42],[494,42],[493,42],[492,42],[491,42],[490,42],[489,42],[488,42],[488,43],[487,43]]","22","SV5_INFILL_LENGTH_RULE_V2","PASS","503,40>504,40","[[523,38],[522,38],[521,38],[520,38],[519,38],[518,38],[517,38],[516,38],[515,38],[514,38],[513,38],[512,38],[511,38],[510,38],[509,38],[508,38],[507,38],[506,38],[505,38],[504,38],[503,39],[502,40],[501,41],[500,41],[499,41],[498,41],[497,41],[496,41],[495,41],[494,41],[493,41],[492,41],[491,41],[490,41],[489,41],[488,41],[487,42],[486,42],[485,42],[484,42],[483,42],[482,42],[481,42],[480,42],[479,42],[478,42],[477,42],[476,42],[475,42],[474,42],[473,42],[472,42],[471,42]]","[[523,39],[522,39],[521,39],[520,39],[519,39],[518,39],[517,39],[516,39],[515,39],[514,39],[513,39],[512,39],[511,39],[510,39],[509,39],[508,39],[507,39],[506,39],[505,39],[504,39],[503,40],[502,41],[501,42],[500,42],[499,42],[498,42],[497,42],[496,42],[495,42],[494,42],[493,42],[492,42],[491,42],[490,42],[489,42],[488,42],[487,43],[486,43],[485,43],[484,43],[483,43],[482,43],[481,43],[480,43],[479,43],[478,43],[477,43],[476,43],[475,43],[474,43],[473,43],[472,43],[471,43]]","[[471,43],[472,43],[473,43],[474,43],[475,43],[476,43],[477,43],[478,43],[479,43],[480,43],[481,43],[482,43],[483,43],[484,43],[485,43],[486,43],[487,43],[488,42],[489,42],[490,42],[491,42],[492,42],[493,42],[494,42],[495,42],[496,42],[497,42],[498,42],[499,42],[500,42],[501,42],[502,41],[503,40],[504,39],[505,39],[506,39],[507,39],[508,39],[509,39],[510,39],[511,39],[512,39],[513,39],[514,39],[515,39],[516,39],[517,39],[518,39],[519,39],[520,39],[521,39],[522,39],[523,39]]","True","STATIC_SCREEN_SUPPORTED_PLUS_ONE_AABB_0.4x0.8_HEADROOM_2;NOT_PLAYER_VERIFIED","d381ea7f0f21f05701140f12f3d305a8dc506a576371888395da9c021b1352d5"
"SV5_INFILL_ROOM_1a82971bf4756de9b6e1","SV5_OPTIONAL_00","SV5_OPTIONAL_00","[[386,367],[387,367],[388,367]]","[[384,367],[385,367],[386,367]]","[[385,367],[386,367],[387,367]]","3","[[384,367],[385,367],[386,367],[387,367],[388,367]]","5","SV5_INFILL_LENGTH_RULE_V2","PASS","384,367>385,367|384,368>385,368","[[386,366],[387,366],[388,366],[389,366],[390,366],[391,366],[392,366],[393,366],[394,366],[395,366],[396,366],[397,366],[398,366],[399,366],[400,366]]","[[386,367],[387,367],[388,367],[389,367],[390,367],[391,367],[392,367],[393,367],[394,367],[395,367],[396,367],[397,367],[398,367],[399,367],[400,367]]","[[400,367],[399,367],[398,367],[397,367],[396,367],[395,367],[394,367],[393,367],[392,367],[391,367],[390,367],[389,367],[388,367],[387,367],[386,367]]","True","STATIC_SCREEN_SUPPORTED_PLUS_ONE_AABB_0.4x0.8_HEADROOM_2;NOT_PLAYER_VERIFIED","d381ea7f0f21f05701140f12f3d305a8dc506a576371888395da9c021b1352d5"
"SV5_INFILL_ROOM_1c4c6b34887f12eefac3","SV5_OPTIONAL_09","SV5_OPTIONAL_09","[[130,135],[131,135],[132,135],[133,135],[134,135],[135,135],[136,135],[137,135],[138,135],[139,135],[140,135],[141,135],[142,135],[143,135],[144,135],[145,135],[146,135],[147,135],[148,135]]","[[128,135],[129,135],[130,135]]","[[129,135],[130,135],[131,135],[132,135],[133,135],[134,135],[135,135],[136,135],[137,135],[138,135],[139,135],[140,135],[141,135],[142,135],[143,135],[144,135],[145,135],[146,135],[147,135]]","19","[[128,135],[129,135],[130,135],[131,135],[132,135],[133,135],[134,135],[135,135],[136,135],[137,135],[138,135],[139,135],[140,135],[141,135],[142,135],[143,135],[144,135],[145,135],[146,135],[147,135],[148,135]]","21","SV5_INFILL_LENGTH_RULE_V2","PASS","128,135>129,135|128,136>129,136","[[130,134],[131,134],[132,134],[133,134],[134,134],[135,134],[136,134],[137,134],[138,134],[139,134],[140,134],[141,134],[142,134],[143,134],[144,134],[145,134],[146,134],[147,134],[148,134],[149,134],[150,134],[151,134],[152,134],[153,134],[154,134],[155,134],[156,134],[157,134],[158,134],[159,134],[160,134]]","[[130,135],[131,135],[132,135],[133,135],[134,135],[135,135],[136,135],[137,135],[138,135],[139,135],[140,135],[141,135],[142,135],[143,135],[144,135],[145,135],[146,135],[147,135],[148,135],[149,135],[150,135],[151,135],[152,135],[153,135],[154,135],[155,135],[156,135],[157,135],[158,135],[159,135],[160,135]]","[[160,135],[159,135],[158,135],[157,135],[156,135],[155,135],[154,135],[153,135],[152,135],[151,135],[150,135],[149,135],[148,135],[147,135],[146,135],[145,135],[144,135],[143,135],[142,135],[141,135],[140,135],[139,135],[138,135],[137,135],[136,135],[135,135],[134,135],[133,135],[132,135],[131,135],[130,135]]","True","STATIC_SCREEN_SUPPORTED_PLUS_ONE_AABB_0.4x0.8_HEADROOM_2;NOT_PLAYER_VERIFIED","d381ea7f0f21f05701140f12f3d305a8dc506a576371888395da9c021b1352d5"
"SV5_INFILL_ROOM_1ea3a9898e39ffe90dff","SV5_OPTIONAL_04","SV5_OPTIONAL_04","[[554,107],[553,107],[552,107],[551,107]]","[[556,107],[555,107],[554,107]]","[[555,107],[554,107],[553,107],[552,107]]","4","[[556,107],[555,107],[554,107],[553,107],[552,107],[551,107]]","6","SV5_INFILL_LENGTH_RULE_V2","PASS","555,107>556,107|555,108>556,108","[[554,106],[553,106],[552,106],[551,106],[550,106],[549,106],[548,106],[547,106],[546,106],[545,106],[544,106],[543,106],[542,106],[541,106],[540,106],[539,106]]","[[554,107],[553,107],[552,107],[551,107],[550,107],[549,107],[548,107],[547,107],[546,107],[545,107],[544,107],[543,107],[542,107],[541,107],[540,107],[539,107]]","[[539,107],[540,107],[541,107],[542,107],[543,107],[544,107],[545,107],[546,107],[547,107],[548,107],[549,107],[550,107],[551,107],[552,107],[553,107],[554,107]]","True","STATIC_SCREEN_SUPPORTED_PLUS_ONE_AABB_0.4x0.8_HEADROOM_2;NOT_PLAYER_VERIFIED","d381ea7f0f21f05701140f12f3d305a8dc506a576371888395da9c021b1352d5"
"SV5_INFILL_ROOM_2086070c2f754602b0be","SV5_OPTIONAL_TO_VILLAGE","SV5_OPTIONAL_TO_VILLAGE","[[487,267],[486,267],[485,267],[484,267],[483,267]]","[[489,267],[488,267],[487,267]]","[[488,267],[487,267],[486,267],[485,267],[484,267]]","5","[[489,267],[488,267],[487,267],[486,267],[485,267],[484,267],[483,267]]","7","SV5_INFILL_LENGTH_RULE_V2","PASS","488,267>489,267|488,268>489,268","[[487,266],[486,266],[485,266],[484,266],[483,266],[482,266],[481,266],[480,266],[479,266],[478,266],[477,266],[476,266],[475,266],[474,266],[473,266],[472,266],[471,266]]","[[487,267],[486,267],[485,267],[484,267],[483,267],[482,267],[481,267],[480,267],[479,267],[478,267],[477,267],[476,267],[475,267],[474,267],[473,267],[472,267],[471,267]]","[[471,267],[472,267],[473,267],[474,267],[475,267],[476,267],[477,267],[478,267],[479,267],[480,267],[481,267],[482,267],[483,267],[484,267],[485,267],[486,267],[487,267]]","True","STATIC_SCREEN_SUPPORTED_PLUS_ONE_AABB_0.4x0.8_HEADROOM_2;NOT_PLAYER_VERIFIED","d381ea7f0f21f05701140f12f3d305a8dc506a576371888395da9c021b1352d5"
"SV5_INFILL_ROOM_2089d42e9ee8a59ad22d","SV5_OPTIONAL_08","SV5_OPTIONAL_08","[[135,75],[134,75],[134,74],[133,74],[133,73],[132,73],[132,72],[131,72],[131,71],[130,71],[130,70],[129,70],[129,69],[128,69],[128,68],[127,68],[127,67]]","[[135,76],[135,75]]","[[135,76],[135,75],[134,75],[134,74],[133,74],[133,73],[132,73],[132,72],[131,72],[131,71],[130,71],[130,70],[129,70],[129,69],[128,69],[128,68]]","16","[[135,76],[135,75],[134,75],[134,74],[133,74],[133,73],[132,73],[132,72],[131,72],[131,71],[130,71],[130,70],[129,70],[129,69],[128,69],[128,68],[127,68],[127,67]]","18","SV5_INFILL_LENGTH_RULE_V2","PASS","135,75>135,76|134,76>135,76|135,76>136,76|134,75>134,76","[[135,74],[134,73],[133,72],[132,71],[131,70],[130,69],[129,68],[128,67],[127,66],[126,66],[125,66],[124,66],[123,66],[122,66],[121,66],[120,66],[119,66],[118,66],[117,66],[116,66],[115,66],[114,66],[113,66],[112,66],[111,66]]","[[135,75],[134,74],[133,73],[132,72],[131,71],[130,70],[129,69],[128,68],[127,67],[126,67],[125,67],[124,67],[123,67],[122,67],[121,67],[120,67],[119,67],[118,67],[117,67],[116,67],[115,67],[114,67],[113,67],[112,67],[111,67]]","[[111,67],[112,67],[113,67],[114,67],[115,67],[116,67],[117,67],[118,67],[119,67],[120,67],[121,67],[122,67],[123,67],[124,67],[125,67],[126,67],[127,67],[128,68],[129,69],[130,70],[131,71],[132,72],[133,73],[134,74],[135,75]]","True","STATIC_SCREEN_SUPPORTED_PLUS_ONE_AABB_0.4x0.8_HEADROOM_2;NOT_PLAYER_VERIFIED","d381ea7f0f21f05701140f12f3d305a8dc506a576371888395da9c021b1352d5"
"SV5_INFILL_ROOM_2192769697c59dae3b85","SV5_OPTIONAL_05","SV5_OPTIONAL_05","[[346,19],[345,19],[344,19],[343,19],[342,19],[341,19],[340,19],[339,19],[338,19],[337,19],[336,19],[335,19],[334,19],[333,19],[332,19],[331,19],[330,19],[329,19],[328,19],[327,19]]","[[348,19],[347,19],[346,19]]","[[347,19],[346,19],[345,19],[344,19],[343,19],[342,19],[341,19],[340,19],[339,19],[338,19],[337,19],[336,19],[335,19],[334,19],[333,19],[332,19],[331,19],[330,19],[329,19],[328,19]]","20","[[348,19],[347,19],[346,19],[345,19],[344,19],[343,19],[342,19],[341,19],[340,19],[339,19],[338,19],[337,19],[336,19],[335,19],[334,19],[333,19],[332,19],[331,19],[330,19],[329,19],[328,19],[327,19]]","22","SV5_INFILL_LENGTH_RULE_V2","PASS","347,19>348,19|347,20>348,20","[[346,18],[345,18],[344,18],[343,18],[342,18],[341,18],[340,18],[339,18],[338,18],[337,18],[336,18],[335,18],[334,18],[333,18],[332,18],[331,18],[330,18],[329,18],[328,18],[327,18],[326,18],[325,18],[324,18],[323,18],[322,18],[321,18],[320,18],[319,18],[318,18],[317,18],[316,18],[315,18]]","[[346,19],[345,19],[344,19],[343,19],[342,19],[341,19],[340,19],[339,19],[338,19],[337,19],[336,19],[335,19],[334,19],[333,19],[332,19],[331,19],[330,19],[329,19],[328,19],[327,19],[326,19],[325,19],[324,19],[323,19],[322,19],[321,19],[320,19],[319,19],[318,19],[317,19],[316,19],[315,19]]","[[315,19],[316,19],[317,19],[318,19],[319,19],[320,19],[321,19],[322,19],[323,19],[324,19],[325,19],[326,19],[327,19],[328,19],[329,19],[330,19],[331,19],[332,19],[333,19],[334,19],[335,19],[336,19],[337,19],[338,19],[339,19],[340,19],[341,19],[342,19],[343,19],[344,19],[345,19],[346,19]]","True","STATIC_SCREEN_SUPPORTED_PLUS_ONE_AABB_0.4x0.8_HEADROOM_2;NOT_PLAYER_VERIFIED","d381ea7f0f21f05701140f12f3d305a8dc506a576371888395da9c021b1352d5"
"SV5_INFILL_ROOM_220f9ac2dcdf86c3e8d0","SV5_INFILL_ROOM_0093829c5033366c54f2","SV5_OPTIONAL_14","[[24,335],[24,336],[23,336],[23,337],[22,337],[22,338],[21,338],[20,338],[20,339],[19,339]]","[]","[[23,336],[23,337],[22,337],[22,338],[21,338],[20,338],[20,339]]","7","[[24,335],[24,336],[23,336],[23,337],[22,337],[22,338],[21,338],[20,338],[20,339],[19,339]]","10","SV5_INFILL_LENGTH_RULE_V2","PASS","23,336>24,336","[[43,334],[42,334],[41,334],[40,334],[39,334],[38,334],[37,334],[36,334],[35,334],[34,334],[33,334],[32,334],[31,334],[30,334],[29,334],[28,334],[27,334],[26,334],[25,334],[24,334],[23,335],[22,336],[21,337],[20,337],[19,338],[18,338],[17,338],[16,338],[15,338],[14,338],[13,338],[12,338],[11,338],[10,338],[9,338],[8,338],[7,338]]","[[43,335],[42,335],[41,335],[40,335],[39,335],[38,335],[37,335],[36,335],[35,335],[34,335],[33,335],[32,335],[31,335],[30,335],[29,335],[28,335],[27,335],[26,335],[25,335],[24,335],[23,336],[22,337],[21,338],[20,338],[19,339],[18,339],[17,339],[16,339],[15,339],[14,339],[13,339],[12,339],[11,339],[10,339],[9,339],[8,339],[7,339]]","[[7,339],[8,339],[9,339],[10,339],[11,339],[12,339],[13,339],[14,339],[15,339],[16,339],[17,339],[18,339],[19,339],[20,338],[21,338],[22,337],[23,336],[24,335],[25,335],[26,335],[27,335],[28,335],[29,335],[30,335],[31,335],[32,335],[33,335],[34,335],[35,335],[36,335],[37,335],[38,335],[39,335],[40,335],[41,335],[42,335],[43,335]]","True","STATIC_SCREEN_SUPPORTED_PLUS_ONE_AABB_0.4x0.8_HEADROOM_2;NOT_PLAYER_VERIFIED","d381ea7f0f21f05701140f12f3d305a8dc506a576371888395da9c021b1352d5"
"SV5_INFILL_ROOM_225c40e5664c1cf9ab35","SV5_INFILL_ROOM_19964c61275fdbcb2d6a","SV5_OPTIONAL_09","[[32,147],[32,148],[31,148],[31,149],[30,149],[30,150],[29,150],[29,151],[28,151],[28,152],[27,152],[27,153],[26,153],[26,154],[25,154],[24,154],[24,155],[23,155]]","[]","[[31,148],[31,149],[30,149],[30,150],[29,150],[29,151],[28,151],[28,152],[27,152],[27,153],[26,153],[26,154],[25,154],[24,154],[24,155]]","15","[[32,147],[32,148],[31,148],[31,149],[30,149],[30,150],[29,150],[29,151],[28,151],[28,152],[27,152],[27,153],[26,153],[26,154],[25,154],[24,154],[24,155],[23,155]]","18","SV5_INFILL_LENGTH_RULE_V2","PASS","31,148>32,148","[[47,146],[46,146],[45,146],[44,146],[43,146],[42,146],[41,146],[40,146],[39,146],[38,146],[37,146],[36,146],[35,146],[34,146],[33,146],[32,146],[31,147],[30,148],[29,149],[28,150],[27,151],[26,152],[25,153],[24,153],[23,154],[22,154],[21,154],[20,154],[19,154],[18,154],[17,154],[16,154],[15,154],[14,154],[13,154],[12,154],[11,154]]","[[47,147],[46,147],[45,147],[44,147],[43,147],[42,147],[41,147],[40,147],[39,147],[38,147],[37,147],[36,147],[35,147],[34,147],[33,147],[32,147],[31,148],[30,149],[29,150],[28,151],[27,152],[26,153],[25,154],[24,154],[23,155],[22,155],[21,155],[20,155],[19,155],[18,155],[17,155],[16,155],[15,155],[14,155],[13,155],[12,155],[11,155]]","[[11,155],[12,155],[13,155],[14,155],[15,155],[16,155],[17,155],[18,155],[19,155],[20,155],[21,155],[22,155],[23,155],[24,154],[25,154],[26,153],[27,152],[28,151],[29,150],[30,149],[31,148],[32,147],[33,147],[34,147],[35,147],[36,147],[37,147],[38,147],[39,147],[40,147],[41,147],[42,147],[43,147],[44,147],[45,147],[46,147],[47,147]]","True","STATIC_SCREEN_SUPPORTED_PLUS_ONE_AABB_0.4x0.8_HEADROOM_2;NOT_PLAYER_VERIFIED","d381ea7f0f21f05701140f12f3d305a8dc506a576371888395da9c021b1352d5"
"SV5_INFILL_ROOM_25052f4dc79f3d703bac","SV5_INFILL_ROOM_008612738e348fea12fd","SV5_OPTIONAL_14","[[36,373],[36,374],[35,374],[34,374],[33,374],[32,374],[31,374],[30,374],[29,374],[28,374],[27,374],[26,374],[25,374],[24,374],[23,374],[22,374],[21,374],[20,374],[20,375],[19,375]]","[]","[[35,374],[34,374],[33,374],[32,374],[31,374],[30,374],[29,374],[28,374],[27,374],[26,374],[25,374],[24,374],[23,374],[22,374],[21,374],[20,374],[20,375]]","17","[[36,373],[36,374],[35,374],[34,374],[33,374],[32,374],[31,374],[30,374],[29,374],[28,374],[27,374],[26,374],[25,374],[24,374],[23,374],[22,374],[21,374],[20,374],[20,375],[19,375]]","20","SV5_INFILL_LENGTH_RULE_V2","PASS","35,374>36,374","[[51,370],[50,370],[49,370],[48,370],[47,370],[46,371],[45,371],[44,372],[43,372],[42,372],[41,372],[40,372],[39,372],[38,372],[37,372],[36,372],[35,373],[34,373],[33,373],[32,373],[31,373],[30,373],[29,373],[28,373],[27,373],[26,373],[25,373],[24,373],[23,373],[22,373],[21,373],[20,373],[19,374],[18,374],[17,374],[16,374],[15,374],[14,374],[13,374],[12,374],[11,374],[10,374],[9,374],[8,374],[7,374]]","[[51,371],[50,371],[49,371],[48,371],[47,371],[46,372],[45,372],[44,373],[43,373],[42,373],[41,373],[40,373],[39,373],[38,373],[37,373],[36,373],[35,374],[34,374],[33,374],[32,374],[31,374],[30,374],[29,374],[28,374],[27,374],[26,374],[25,374],[24,374],[23,374],[22,374],[21,374],[20,374],[19,375],[18,375],[17,375],[16,375],[15,375],[14,375],[13,375],[12,375],[11,375],[10,375],[9,375],[8,375],[7,375]]","[[7,375],[8,375],[9,375],[10,375],[11,375],[12,375],[13,375],[14,375],[15,375],[16,375],[17,375],[18,375],[19,375],[20,374],[21,374],[22,374],[23,374],[24,374],[25,374],[26,374],[27,374],[28,374],[29,374],[30,374],[31,374],[32,374],[33,374],[34,374],[35,374],[36,373],[37,373],[38,373],[39,373],[40,373],[41,373],[42,373],[43,373],[44,373],[45,372],[46,372],[47,371],[48,371],[49,371],[50,371],[51,371]]","True","STATIC_SCREEN_SUPPORTED_PLUS_ONE_AABB_0.4x0.8_HEADROOM_2;NOT_PLAYER_VERIFIED","d381ea7f0f21f05701140f12f3d305a8dc506a576371888395da9c021b1352d5"
"SV5_INFILL_ROOM_2552a495926947171721","SV5_INFILL_ROOM_2089d42e9ee8a59ad22d","SV5_OPTIONAL_08","[[108,67],[108,68],[107,68],[107,69],[106,69],[106,70],[105,70],[104,70],[103,70],[102,70],[101,70],[100,70],[100,71],[99,71]]","[]","[[107,68],[107,69],[106,69],[106,70],[105,70],[104,70],[103,70],[102,70],[101,70],[100,70],[100,71]]","11","[[108,67],[108,68],[107,68],[107,69],[106,69],[106,70],[105,70],[104,70],[103,70],[102,70],[101,70],[100,70],[100,71],[99,71]]","14","SV5_INFILL_LENGTH_RULE_V2","PASS","107,68>108,68","[[127,66],[126,66],[125,66],[124,66],[123,66],[122,66],[121,66],[120,66],[119,66],[118,66],[117,66],[116,66],[115,66],[114,66],[113,66],[112,66],[111,66],[110,66],[109,66],[108,66],[107,67],[106,68],[105,69],[104,69],[103,69],[102,69],[101,69],[100,69],[99,70],[98,70],[97,70],[96,70],[95,70],[94,70],[93,70],[92,70],[91,70],[90,70],[89,70],[88,70],[87,70]]","[[127,67],[126,67],[125,67],[124,67],[123,67],[122,67],[121,67],[120,67],[119,67],[118,67],[117,67],[116,67],[115,67],[114,67],[113,67],[112,67],[111,67],[110,67],[109,67],[108,67],[107,68],[106,69],[105,70],[104,70],[103,70],[102,70],[101,70],[100,70],[99,71],[98,71],[97,71],[96,71],[95,71],[94,71],[93,71],[92,71],[91,71],[90,71],[89,71],[88,71],[87,71]]","[[87,71],[88,71],[89,71],[90,71],[91,71],[92,71],[93,71],[94,71],[95,71],[96,71],[97,71],[98,71],[99,71],[100,70],[101,70],[102,70],[103,70],[104,70],[105,70],[106,69],[107,68],[108,67],[109,67],[110,67],[111,67],[112,67],[113,67],[114,67],[115,67],[116,67],[117,67],[118,67],[119,67],[120,67],[121,67],[122,67],[123,67],[124,67],[125,67],[126,67],[127,67]]","True","STATIC_SCREEN_SUPPORTED_PLUS_ONE_AABB_0.4x0.8_HEADROOM_2;NOT_PLAYER_VERIFIED","d381ea7f0f21f05701140f12f3d305a8dc506a576371888395da9c021b1352d5"
"SV5_INFILL_ROOM_25b653b8d4924f41c50c","SV5_OPTIONAL_04","SV5_OPTIONAL_04","[[554,171],[553,171],[552,171],[551,171]]","[[556,171],[555,171],[554,171]]","[[555,171],[554,171],[553,171],[552,171]]","4","[[556,171],[555,171],[554,171],[553,171],[552,171],[551,171]]","6","SV5_INFILL_LENGTH_RULE_V2","PASS","555,171>556,171|555,172>556,172","[[554,170],[553,170],[552,170],[551,170],[550,170],[549,170],[548,170],[547,170],[546,170],[545,170],[544,170],[543,170],[542,170],[541,170],[540,170],[539,170]]","[[554,171],[553,171],[552,171],[551,171],[550,171],[549,171],[548,171],[547,171],[546,171],[545,171],[544,171],[543,171],[542,171],[541,171],[540,171],[539,171]]","[[539,171],[540,171],[541,171],[542,171],[543,171],[544,171],[545,171],[546,171],[547,171],[548,171],[549,171],[550,171],[551,171],[552,171],[553,171],[554,171]]","True","STATIC_SCREEN_SUPPORTED_PLUS_ONE_AABB_0.4x0.8_HEADROOM_2;NOT_PLAYER_VERIFIED","d381ea7f0f21f05701140f12f3d305a8dc506a576371888395da9c021b1352d5"
"SV5_INFILL_ROOM_2678b577b7872468bc34","SV5_INFILL_ROOM_04306d96a9442be86a73","SV5_OPTIONAL_10","[[223,211],[223,212],[224,212],[224,213],[225,213],[225,214],[226,214],[227,214],[227,215],[228,215]]","[]","[[224,212],[224,213],[225,213],[225,214],[226,214],[227,214],[227,215]]","7","[[223,211],[223,212],[224,212],[224,213],[225,213],[225,214],[226,214],[227,214],[227,215],[228,215]]","10","SV5_INFILL_LENGTH_RULE_V2","PASS","223,212>224,212","[[208,210],[209,210],[210,210],[211,210],[212,210],[213,210],[214,210],[215,210],[216,210],[217,210],[218,210],[219,210],[220,210],[221,210],[222,210],[223,210],[224,211],[225,212],[226,213],[227,213],[228,214],[229,214],[230,214],[231,214],[232,214],[233,215],[234,215],[235,216],[236,216],[237,216],[238,216],[239,216],[240,216]]","[[208,211],[209,211],[210,211],[211,211],[212,211],[213,211],[214,211],[215,211],[216,211],[217,211],[218,211],[219,211],[220,211],[221,211],[222,211],[223,211],[224,212],[225,213],[226,214],[227,214],[228,215],[229,215],[230,215],[231,215],[232,215],[233,216],[234,216],[235,217],[236,217],[237,217],[238,217],[239,217],[240,217]]","[[240,217],[239,217],[238,217],[237,217],[236,217],[235,217],[234,216],[233,216],[232,215],[231,215],[230,215],[229,215],[228,215],[227,214],[226,214],[225,213],[224,212],[223,211],[222,211],[221,211],[220,211],[219,211],[218,211],[217,211],[216,211],[215,211],[214,211],[213,211],[212,211],[211,211],[210,211],[209,211],[208,211]]","True","STATIC_SCREEN_SUPPORTED_PLUS_ONE_AABB_0.4x0.8_HEADROOM_2;NOT_PLAYER_VERIFIED","d381ea7f0f21f05701140f12f3d305a8dc506a576371888395da9c021b1352d5"
"SV5_INFILL_ROOM_293f0bf6c0c941e6658b","SV5_OPTIONAL_TO_VILLAGE","SV5_OPTIONAL_TO_VILLAGE","[[242,262],[241,262],[241,261],[240,261],[240,260],[239,260],[239,259],[238,259],[238,258],[237,258],[237,257],[236,257],[236,256],[235,256],[235,255],[234,255],[234,254],[233,254],[233,253],[232,253],[232,252],[231,252],[231,251]]","[[242,263],[242,262]]","[[242,263],[242,262],[241,262],[241,261],[240,261],[240,260],[239,260],[239,259],[238,259],[238,258],[237,258],[237,257],[236,257],[236,256],[235,256],[235,255],[234,255],[234,254],[233,254],[233,253],[232,253],[232,252]]","22","[[242,263],[242,262],[241,262],[241,261],[240,261],[240,260],[239,260],[239,259],[238,259],[238,258],[237,258],[237,257],[236,257],[236,256],[235,256],[235,255],[234,255],[234,254],[233,254],[233,253],[232,253],[232,252],[231,252],[231,251]]","24","SV5_INFILL_LENGTH_RULE_V2","PASS","242,262>242,263|241,263>242,263|242,263>243,263|241,262>241,263","[[242,261],[241,260],[240,259],[239,258],[238,257],[237,256],[236,255],[235,254],[234,253],[233,252],[232,251],[231,250],[230,250],[229,250],[228,250],[227,250],[226,250],[225,250],[224,250],[223,250],[222,250],[221,250],[220,250],[219,250]]","[[242,262],[241,261],[240,260],[239,259],[238,258],[237,257],[236,256],[235,255],[234,254],[233,253],[232,252],[231,251],[230,251],[229,251],[228,251],[227,251],[226,251],[225,251],[224,251],[223,251],[222,251],[221,251],[220,251],[219,251]]","[[219,251],[220,251],[221,251],[222,251],[223,251],[224,251],[225,251],[226,251],[227,251],[228,251],[229,251],[230,251],[231,251],[232,252],[233,253],[234,254],[235,255],[236,256],[237,257],[238,258],[239,259],[240,260],[241,261],[242,262]]","True","STATIC_SCREEN_SUPPORTED_PLUS_ONE_AABB_0.4x0.8_HEADROOM_2;NOT_PLAYER_VERIFIED","d381ea7f0f21f05701140f12f3d305a8dc506a576371888395da9c021b1352d5"
"SV5_INFILL_ROOM_2ce7d4a9aa467ee54218","SV5_INFILL_ROOM_033321d73a23186368ba","SV5_OPTIONAL_10","[[24,211],[23,211],[23,210],[22,210],[22,209],[21,209],[21,208],[20,208],[20,207],[19,207]]","[]","[[23,211],[23,210],[22,210],[22,209],[21,209],[21,208],[20,208],[20,207]]","8","[[24,211],[23,211],[23,210],[22,210],[22,209],[21,209],[21,208],[20,208],[20,207],[19,207]]","10","SV5_INFILL_LENGTH_RULE_V2","PASS","23,211>24,211","[[39,210],[38,210],[37,210],[36,210],[35,210],[34,210],[33,210],[32,210],[31,210],[30,210],[29,210],[28,210],[27,210],[26,210],[25,210],[24,210],[23,209],[22,208],[21,207],[20,206],[19,206],[18,206],[17,206],[16,206],[15,206],[14,206],[13,206],[12,206],[11,206],[10,206],[9,206],[8,206],[7,206]]","[[39,211],[38,211],[37,211],[36,211],[35,211],[34,211],[33,211],[32,211],[31,211],[30,211],[29,211],[28,211],[27,211],[26,211],[25,211],[24,211],[23,210],[22,209],[21,208],[20,207],[19,207],[18,207],[17,207],[16,207],[15,207],[14,207],[13,207],[12,207],[11,207],[10,207],[9,207],[8,207],[7,207]]","[[7,207],[8,207],[9,207],[10,207],[11,207],[12,207],[13,207],[14,207],[15,207],[16,207],[17,207],[18,207],[19,207],[20,207],[21,208],[22,209],[23,210],[24,211],[25,211],[26,211],[27,211],[28,211],[29,211],[30,211],[31,211],[32,211],[33,211],[34,211],[35,211],[36,211],[37,211],[38,211],[39,211]]","True","STATIC_SCREEN_SUPPORTED_PLUS_ONE_AABB_0.4x0.8_HEADROOM_2;NOT_PLAYER_VERIFIED","d381ea7f0f21f05701140f12f3d305a8dc506a576371888395da9c021b1352d5"
"SV5_INFILL_ROOM_2ffc6e44cb591e10f332","SV5_INFILL_ROOM_2552a495926947171721","SV5_OPTIONAL_08","[[84,71],[83,71],[82,71],[81,71],[80,71],[79,71]]","[]","[[83,71],[82,71],[81,71],[80,71]]","4","[[84,71],[83,71],[82,71],[81,71],[80,71],[79,71]]","6","SV5_INFILL_LENGTH_RULE_V2","PASS","83,71>84,71|83,72>84,72","[[99,70],[98,70],[97,70],[96,70],[95,70],[94,70],[93,70],[92,70],[91,70],[90,70],[89,70],[88,70],[87,70],[86,70],[85,70],[84,70],[83,70],[82,70],[81,70],[80,70],[79,70],[78,70],[77,70],[76,70],[75,70],[74,70],[73,70],[72,70],[71,70],[70,70],[69,70],[68,70],[67,70]]","[[99,71],[98,71],[97,71],[96,71],[95,71],[94,71],[93,71],[92,71],[91,71],[90,71],[89,71],[88,71],[87,71],[86,71],[85,71],[84,71],[83,71],[82,71],[81,71],[80,71],[79,71],[78,71],[77,71],[76,71],[75,71],[74,71],[73,71],[72,71],[71,71],[70,71],[69,71],[68,71],[67,71]]","[[67,71],[68,71],[69,71],[70,71],[71,71],[72,71],[73,71],[74,71],[75,71],[76,71],[77,71],[78,71],[79,71],[80,71],[81,71],[82,71],[83,71],[84,71],[85,71],[86,71],[87,71],[88,71],[89,71],[90,71],[91,71],[92,71],[93,71],[94,71],[95,71],[96,71],[97,71],[98,71],[99,71]]","True","STATIC_SCREEN_SUPPORTED_PLUS_ONE_AABB_0.4x0.8_HEADROOM_2;NOT_PLAYER_VERIFIED","d381ea7f0f21f05701140f12f3d305a8dc506a576371888395da9c021b1352d5"
"SV5_INFILL_ROOM_3258f8060835e58eb197","SV5_INFILL_ROOM_02eb000c5def9fe17f6c","SV5_OPTIONAL_14","[[32,313],[32,314],[31,314],[31,315],[30,315],[30,316],[29,316],[29,317],[28,317],[28,318],[27,318],[26,318],[25,318],[24,318],[24,319],[23,319]]","[]","[[31,314],[31,315],[30,315],[30,316],[29,316],[29,317],[28,317],[28,318],[27,318],[26,318],[25,318],[24,318],[24,319]]","13","[[32,313],[32,314],[31,314],[31,315],[30,315],[30,316],[29,316],[29,317],[28,317],[28,318],[27,318],[26,318],[25,318],[24,318],[24,319],[23,319]]","16","SV5_INFILL_LENGTH_RULE_V2","PASS","31,314>32,314","[[47,310],[46,310],[45,310],[44,310],[43,310],[42,311],[41,311],[40,312],[39,312],[38,312],[37,312],[36,312],[35,312],[34,312],[33,312],[32,312],[31,313],[30,314],[29,315],[28,316],[27,317],[26,317],[25,317],[24,317],[23,318],[22,318],[21,318],[20,318],[19,318],[18,318],[17,318],[16,318],[15,318],[14,318],[13,318],[12,318],[11,318]]","[[47,311],[46,311],[45,311],[44,311],[43,311],[42,312],[41,312],[40,313],[39,313],[38,313],[37,313],[36,313],[35,313],[34,313],[33,313],[32,313],[31,314],[30,315],[29,316],[28,317],[27,318],[26,318],[25,318],[24,318],[23,319],[22,319],[21,319],[20,319],[19,319],[18,319],[17,319],[16,319],[15,319],[14,319],[13,319],[12,319],[11,319]]","[[11,319],[12,319],[13,319],[14,319],[15,319],[16,319],[17,319],[18,319],[19,319],[20,319],[21,319],[22,319],[23,319],[24,318],[25,318],[26,318],[27,318],[28,317],[29,316],[30,315],[31,314],[32,313],[33,313],[34,313],[35,313],[36,313],[37,313],[38,313],[39,313],[40,313],[41,312],[42,312],[43,311],[44,311],[45,311],[46,311],[47,311]]","True","STATIC_SCREEN_SUPPORTED_PLUS_ONE_AABB_0.4x0.8_HEADROOM_2;NOT_PLAYER_VERIFIED","d381ea7f0f21f05701140f12f3d305a8dc506a576371888395da9c021b1352d5"
"SV5_INFILL_ROOM_33f41990cacb1dba9034","SV5_OPTIONAL_RETURN_TO_START","SV5_OPTIONAL_RETURN_TO_START","[[384,311],[385,311],[386,311],[387,311],[388,311]]","[[382,311],[383,311],[384,311]]","[[383,311],[384,311],[385,311],[386,311],[387,311]]","5","[[382,311],[383,311],[384,311],[385,311],[386,311],[387,311],[388,311]]","7","SV5_INFILL_LENGTH_RULE_V2","PASS","382,311>383,311|382,312>383,312","[[384,310],[385,310],[386,310],[387,310],[388,310],[389,310],[390,310],[391,310],[392,310],[393,310],[394,310],[395,310],[396,310],[397,310],[398,310],[399,310],[400,310]]","[[384,311],[385,311],[386,311],[387,311],[388,311],[389,311],[390,311],[391,311],[392,311],[393,311],[394,311],[395,311],[396,311],[397,311],[398,311],[399,311],[400,311]]","[[400,311],[399,311],[398,311],[397,311],[396,311],[395,311],[394,311],[393,311],[392,311],[391,311],[390,311],[389,311],[388,311],[387,311],[386,311],[385,311],[384,311]]","True","STATIC_SCREEN_SUPPORTED_PLUS_ONE_AABB_0.4x0.8_HEADROOM_2;NOT_PLAYER_VERIFIED","d381ea7f0f21f05701140f12f3d305a8dc506a576371888395da9c021b1352d5"
"SV5_INFILL_ROOM_39e7fd02f83a59cef59e","SV5_INFILL_ROOM_16ef78d2a7097c01be03","SV5_OPTIONAL_02","[[504,367],[504,368],[503,368],[503,369],[502,369],[502,370],[501,370],[500,370],[500,371],[499,371]]","[]","[[503,368],[503,369],[502,369],[502,370],[501,370],[500,370],[500,371]]","7","[[504,367],[504,368],[503,368],[503,369],[502,369],[502,370],[501,370],[500,370],[500,371],[499,371]]","10","SV5_INFILL_LENGTH_RULE_V2","PASS","503,368>504,368","[[519,366],[518,366],[517,366],[516,366],[515,366],[514,366],[513,366],[512,366],[511,366],[510,366],[509,366],[508,366],[507,366],[506,366],[505,366],[504,366],[503,367],[502,368],[501,369],[500,369],[499,370],[498,370],[497,370],[496,370],[495,370],[494,370],[493,370],[492,370],[491,370],[490,370],[489,370],[488,370],[487,370]]","[[519,367],[518,367],[517,367],[516,367],[515,367],[514,367],[513,367],[512,367],[511,367],[510,367],[509,367],[508,367],[507,367],[506,367],[505,367],[504,367],[503,368],[502,369],[501,370],[500,370],[499,371],[498,371],[497,371],[496,371],[495,371],[494,371],[493,371],[492,371],[491,371],[490,371],[489,371],[488,371],[487,371]]","[[487,371],[488,371],[489,371],[490,371],[491,371],[492,371],[493,371],[494,371],[495,371],[496,371],[497,371],[498,371],[499,371],[500,370],[501,370],[502,369],[503,368],[504,367],[505,367],[506,367],[507,367],[508,367],[509,367],[510,367],[511,367],[512,367],[513,367],[514,367],[515,367],[516,367],[517,367],[518,367],[519,367]]","True","STATIC_SCREEN_SUPPORTED_PLUS_ONE_AABB_0.4x0.8_HEADROOM_2;NOT_PLAYER_VERIFIED","d381ea7f0f21f05701140f12f3d305a8dc506a576371888395da9c021b1352d5"
"SV5_INFILL_ROOM_3c929c46695361d1801a","SV5_OPTIONAL_01","SV5_OPTIONAL_01","[[363,351],[364,351]]","[[361,351],[362,351],[363,351]]","[[362,351],[363,351]]","2","[[361,351],[362,351],[363,351],[364,351]]","4","SV5_INFILL_LENGTH_RULE_V2","PASS","361,351>362,351|361,352>362,352","[[363,350],[364,350],[365,350],[366,350],[367,350],[368,350],[369,350],[370,350],[371,350],[372,350],[373,350],[374,350],[375,350],[376,350]]","[[363,351],[364,351],[365,351],[366,351],[367,351],[368,351],[369,351],[370,351],[371,351],[372,351],[373,351],[374,351],[375,351],[376,351]]","[[376,351],[375,351],[374,351],[373,351],[372,351],[371,351],[370,351],[369,351],[368,351],[367,351],[366,351],[365,351],[364,351],[363,351]]","True","STATIC_SCREEN_SUPPORTED_PLUS_ONE_AABB_0.4x0.8_HEADROOM_2;NOT_PLAYER_VERIFIED","d381ea7f0f21f05701140f12f3d305a8dc506a576371888395da9c021b1352d5"
"SV5_INFILL_ROOM_41bfb11db98643b33449","SV5_OPTIONAL_07","SV5_OPTIONAL_07","[[174,87],[173,87],[172,87],[171,87]]","[[176,87],[175,87],[174,87]]","[[175,87],[174,87],[173,87],[172,87]]","4","[[176,87],[175,87],[174,87],[173,87],[172,87],[171,87]]","6","SV5_INFILL_LENGTH_RULE_V2","PASS","175,87>176,87|175,88>176,88","[[174,86],[173,86],[172,86],[171,86],[170,86],[169,86],[168,86],[167,86],[166,86],[165,86],[164,86],[163,86],[162,86],[161,86],[160,86],[159,86]]","[[174,87],[173,87],[172,87],[171,87],[170,87],[169,87],[168,87],[167,87],[166,87],[165,87],[164,87],[163,87],[162,87],[161,87],[160,87],[159,87]]","[[159,87],[160,87],[161,87],[162,87],[163,87],[164,87],[165,87],[166,87],[167,87],[168,87],[169,87],[170,87],[171,87],[172,87],[173,87],[174,87]]","True","STATIC_SCREEN_SUPPORTED_PLUS_ONE_AABB_0.4x0.8_HEADROOM_2;NOT_PLAYER_VERIFIED","d381ea7f0f21f05701140f12f3d305a8dc506a576371888395da9c021b1352d5"
"SV5_INFILL_ROOM_41d8d12437f0a0253f28","SV5_INFILL_ROOM_014ea698f88348a9d9a6","SV5_OPTIONAL_03","[[599,247],[599,248],[600,248],[600,249],[601,249],[601,250],[602,250],[603,250],[603,251],[604,251]]","[]","[[600,248],[600,249],[601,249],[601,250],[602,250],[603,250],[603,251]]","7","[[599,247],[599,248],[600,248],[600,249],[601,249],[601,250],[602,250],[603,250],[603,251],[604,251]]","10","SV5_INFILL_LENGTH_RULE_V2","PASS","599,248>600,248","[[584,246],[585,246],[586,246],[587,246],[588,246],[589,246],[590,246],[591,246],[592,246],[593,246],[594,246],[595,246],[596,246],[597,246],[598,246],[599,246],[600,247],[601,248],[602,249],[603,249],[604,250],[605,250],[606,250],[607,250],[608,250],[609,250],[610,250],[611,250],[612,250],[613,250],[614,250],[615,250],[616,250]]","[[584,247],[585,247],[586,247],[587,247],[588,247],[589,247],[590,247],[591,247],[592,247],[593,247],[594,247],[595,247],[596,247],[597,247],[598,247],[599,247],[600,248],[601,249],[602,250],[603,250],[604,251],[605,251],[606,251],[607,251],[608,251],[609,251],[610,251],[611,251],[612,251],[613,251],[614,251],[615,251],[616,251]]","[[616,251],[615,251],[614,251],[613,251],[612,251],[611,251],[610,251],[609,251],[608,251],[607,251],[606,251],[605,251],[604,251],[603,250],[602,250],[601,249],[600,248],[599,247],[598,247],[597,247],[596,247],[595,247],[594,247],[593,247],[592,247],[591,247],[590,247],[589,247],[588,247],[587,247],[586,247],[585,247],[584,247]]","True","STATIC_SCREEN_SUPPORTED_PLUS_ONE_AABB_0.4x0.8_HEADROOM_2;NOT_PLAYER_VERIFIED","d381ea7f0f21f05701140f12f3d305a8dc506a576371888395da9c021b1352d5"
"SV5_INFILL_ROOM_51f93c3ba5c26c6ed4d2","SV5_INFILL_ROOM_63a46d00061f6e91bdcc","SV5_OPTIONAL_12","[[168,379],[167,379],[166,379],[165,379],[164,379],[163,379],[162,379],[161,379],[160,379],[159,379],[158,379],[157,379],[156,379],[155,379],[154,379],[153,379],[152,379],[151,379],[150,379],[149,379],[148,379],[147,379]]","[]","[[167,379],[166,379],[165,379],[164,379],[163,379],[162,379],[161,379],[160,379],[159,379],[158,379],[157,379],[156,379],[155,379],[154,379],[153,379],[152,379],[151,379],[150,379],[149,379],[148,379]]","20","[[168,379],[167,379],[166,379],[165,379],[164,379],[163,379],[162,379],[161,379],[160,379],[159,379],[158,379],[157,379],[156,379],[155,379],[154,379],[153,379],[152,379],[151,379],[150,379],[149,379],[148,379],[147,379]]","22","SV5_INFILL_LENGTH_RULE_V2","PASS","167,379>168,379|167,380>168,380","[[183,378],[182,378],[181,378],[180,378],[179,378],[178,378],[177,378],[176,378],[175,378],[174,378],[173,378],[172,378],[171,378],[170,378],[169,378],[168,378],[167,378],[166,378],[165,378],[164,378],[163,378],[162,378],[161,378],[160,378],[159,378],[158,378],[157,378],[156,378],[155,378],[154,378],[153,378],[152,378],[151,378],[150,378],[149,378],[148,378],[147,378],[146,378],[145,378],[144,378],[143,378],[142,378],[141,378],[140,378],[139,378],[138,378],[137,378],[136,378],[135,378],[134,378],[133,378],[132,378],[131,378]]","[[183,379],[182,379],[181,379],[180,379],[179,379],[178,379],[177,379],[176,379],[175,379],[174,379],[173,379],[172,379],[171,379],[170,379],[169,379],[168,379],[167,379],[166,379],[165,379],[164,379],[163,379],[162,379],[161,379],[160,379],[159,379],[158,379],[157,379],[156,379],[155,379],[154,379],[153,379],[152,379],[151,379],[150,379],[149,379],[148,379],[147,379],[146,379],[145,379],[144,379],[143,379],[142,379],[141,379],[140,379],[139,379],[138,379],[137,379],[136,379],[135,379],[134,379],[133,379],[132,379],[131,379]]","[[131,379],[132,379],[133,379],[134,379],[135,379],[136,379],[137,379],[138,379],[139,379],[140,379],[141,379],[142,379],[143,379],[144,379],[145,379],[146,379],[147,379],[148,379],[149,379],[150,379],[151,379],[152,379],[153,379],[154,379],[155,379],[156,379],[157,379],[158,379],[159,379],[160,379],[161,379],[162,379],[163,379],[164,379],[165,379],[166,379],[167,379],[168,379],[169,379],[170,379],[171,379],[172,379],[173,379],[174,379],[175,379],[176,379],[177,379],[178,379],[179,379],[180,379],[181,379],[182,379],[183,379]]","True","STATIC_SCREEN_SUPPORTED_PLUS_ONE_AABB_0.4x0.8_HEADROOM_2;NOT_PLAYER_VERIFIED","d381ea7f0f21f05701140f12f3d305a8dc506a576371888395da9c021b1352d5"
"SV5_INFILL_ROOM_5eb07ccd7c43c8a2a37d","SV5_OPTIONAL_04","SV5_OPTIONAL_04","[[554,139],[553,139],[552,139],[551,139]]","[[556,139],[555,139],[554,139]]","[[555,139],[554,139],[553,139],[552,139]]","4","[[556,139],[555,139],[554,139],[553,139],[552,139],[551,139]]","6","SV5_INFILL_LENGTH_RULE_V2","PASS","555,139>556,139|555,140>556,140","[[554,138],[553,138],[552,138],[551,138],[550,138],[549,138],[548,138],[547,138],[546,138],[545,138],[544,138],[543,138],[542,138],[541,138],[540,138],[539,138]]","[[554,139],[553,139],[552,139],[551,139],[550,139],[549,139],[548,139],[547,139],[546,139],[545,139],[544,139],[543,139],[542,139],[541,139],[540,139],[539,139]]","[[539,139],[540,139],[541,139],[542,139],[543,139],[544,139],[545,139],[546,139],[547,139],[548,139],[549,139],[550,139],[551,139],[552,139],[553,139],[554,139]]","True","STATIC_SCREEN_SUPPORTED_PLUS_ONE_AABB_0.4x0.8_HEADROOM_2;NOT_PLAYER_VERIFIED","d381ea7f0f21f05701140f12f3d305a8dc506a576371888395da9c021b1352d5"
"SV5_INFILL_ROOM_63a46d00061f6e91bdcc","SV5_INFILL_ROOM_1375931bdd10c74015a5","SV5_OPTIONAL_12","[[196,375],[196,376],[195,376],[195,377],[194,377],[194,378],[193,378],[192,378],[191,378],[190,378],[189,378],[188,378],[187,378],[186,378],[185,378],[184,378],[184,379],[183,379]]","[]","[[195,376],[195,377],[194,377],[194,378],[193,378],[192,378],[191,378],[190,378],[189,378],[188,378],[187,378],[186,378],[185,378],[184,378],[184,379]]","15","[[196,375],[196,376],[195,376],[195,377],[194,377],[194,378],[193,378],[192,378],[191,378],[190,378],[189,378],[188,378],[187,378],[186,378],[185,378],[184,378],[184,379],[183,379]]","18","SV5_INFILL_LENGTH_RULE_V2","PASS","195,376>196,376","[[211,374],[210,374],[209,374],[208,374],[207,374],[206,374],[205,374],[204,374],[203,374],[202,374],[201,374],[200,374],[199,374],[198,374],[197,374],[196,374],[195,375],[194,376],[193,377],[192,377],[191,377],[190,377],[189,377],[188,377],[187,377],[186,377],[185,377],[184,377],[183,378],[182,378],[181,378],[180,378],[179,378],[178,378],[177,378],[176,378],[175,378],[174,378],[173,378],[172,378],[171,378]]","[[211,375],[210,375],[209,375],[208,375],[207,375],[206,375],[205,375],[204,375],[203,375],[202,375],[201,375],[200,375],[199,375],[198,375],[197,375],[196,375],[195,376],[194,377],[193,378],[192,378],[191,378],[190,378],[189,378],[188,378],[187,378],[186,378],[185,378],[184,378],[183,379],[182,379],[181,379],[180,379],[179,379],[178,379],[177,379],[176,379],[175,379],[174,379],[173,379],[172,379],[171,379]]","[[171,379],[172,379],[173,379],[174,379],[175,379],[176,379],[177,379],[178,379],[179,379],[180,379],[181,379],[182,379],[183,379],[184,378],[185,378],[186,378],[187,378],[188,378],[189,378],[190,378],[191,378],[192,378],[193,378],[194,377],[195,376],[196,375],[197,375],[198,375],[199,375],[200,375],[201,375],[202,375],[203,375],[204,375],[205,375],[206,375],[207,375],[208,375],[209,375],[210,375],[211,375]]","True","STATIC_SCREEN_SUPPORTED_PLUS_ONE_AABB_0.4x0.8_HEADROOM_2;NOT_PLAYER_VERIFIED","d381ea7f0f21f05701140f12f3d305a8dc506a576371888395da9c021b1352d5"
"SV5_INFILL_ROOM_939a268ae0351a48d2f8","SV5_OPTIONAL_02","SV5_OPTIONAL_02","[[533,286],[534,286],[534,285],[535,285],[535,284],[536,284],[536,283],[537,283],[537,282],[538,282],[538,281],[539,281],[539,280],[540,280],[540,279],[541,279],[541,278],[542,278],[542,277],[543,277],[543,276],[544,276],[544,275]]","[[533,287],[533,286]]","[[533,287],[533,286],[534,286],[534,285],[535,285],[535,284],[536,284],[536,283],[537,283],[537,282],[538,282],[538,281],[539,281],[539,280],[540,280],[540,279],[541,279],[541,278],[542,278],[542,277],[543,277],[543,276]]","22","[[533,287],[533,286],[534,286],[534,285],[535,285],[535,284],[536,284],[536,283],[537,283],[537,282],[538,282],[538,281],[539,281],[539,280],[540,280],[540,279],[541,279],[541,278],[542,278],[542,277],[543,277],[543,276],[544,276],[544,275]]","24","SV5_INFILL_LENGTH_RULE_V2","PASS","533,286>533,287|532,287>533,287|533,287>534,287|534,286>534,287","[[533,285],[534,284],[535,283],[536,282],[537,281],[538,280],[539,279],[540,278],[541,277],[542,276],[543,275],[544,274],[545,274],[546,274],[547,274],[548,274],[549,274],[550,274],[551,274],[552,274],[553,274],[554,274],[555,274],[556,274]]","[[533,286],[534,285],[535,284],[536,283],[537,282],[538,281],[539,280],[540,279],[541,278],[542,277],[543,276],[544,275],[545,275],[546,275],[547,275],[548,275],[549,275],[550,275],[551,275],[552,275],[553,275],[554,275],[555,275],[556,275]]","[[556,275],[555,275],[554,275],[553,275],[552,275],[551,275],[550,275],[549,275],[548,275],[547,275],[546,275],[545,275],[544,275],[543,276],[542,277],[541,278],[540,279],[539,280],[538,281],[537,282],[536,283],[535,284],[534,285],[533,286]]","True","STATIC_SCREEN_SUPPORTED_PLUS_ONE_AABB_0.4x0.8_HEADROOM_2;NOT_PLAYER_VERIFIED","d381ea7f0f21f05701140f12f3d305a8dc506a576371888395da9c021b1352d5"
"SV5_INFILL_ROOM_a0f29a931c0e9e317692","SV5_INFILL_ROOM_017b400cb5829173a757","SV5_OPTIONAL_14","[[191,317],[192,317],[192,316],[193,316],[193,315],[194,315],[194,314],[195,314],[195,313],[196,313],[196,312],[197,312],[197,311],[198,311],[198,310],[199,310],[199,309],[200,309],[200,308],[201,308],[201,307],[202,307],[203,307],[204,307]]","[]","[[192,317],[192,316],[193,316],[193,315],[194,315],[194,314],[195,314],[195,313],[196,313],[196,312],[197,312],[197,311],[198,311],[198,310],[199,310],[199,309],[200,309],[200,308],[201,308],[201,307],[202,307],[203,307]]","22","[[191,317],[192,317],[192,316],[193,316],[193,315],[194,315],[194,314],[195,314],[195,313],[196,313],[196,312],[197,312],[197,311],[198,311],[198,310],[199,310],[199,309],[200,309],[200,308],[201,308],[201,307],[202,307],[203,307],[204,307]]","24","SV5_INFILL_LENGTH_RULE_V2","PASS","191,317>192,317","[[176,314],[177,314],[178,314],[179,314],[180,314],[181,315],[182,315],[183,316],[184,316],[185,316],[186,316],[187,316],[188,316],[189,316],[190,316],[191,316],[192,315],[193,314],[194,313],[195,312],[196,311],[197,310],[198,309],[199,308],[200,307],[201,306],[202,306],[203,306],[204,306],[205,306],[206,306],[207,306],[208,306],[209,306],[210,306],[211,306],[212,306],[213,306],[214,306],[215,306],[216,306],[217,306],[218,306],[219,306],[220,306]]","[[176,315],[177,315],[178,315],[179,315],[180,315],[181,316],[182,316],[183,317],[184,317],[185,317],[186,317],[187,317],[188,317],[189,317],[190,317],[191,317],[192,316],[193,315],[194,314],[195,313],[196,312],[197,311],[198,310],[199,309],[200,308],[201,307],[202,307],[203,307],[204,307],[205,307],[206,307],[207,307],[208,307],[209,307],[210,307],[211,307],[212,307],[213,307],[214,307],[215,307],[216,307],[217,307],[218,307],[219,307],[220,307]]","[[220,307],[219,307],[218,307],[217,307],[216,307],[215,307],[214,307],[213,307],[212,307],[211,307],[210,307],[209,307],[208,307],[207,307],[206,307],[205,307],[204,307],[203,307],[202,307],[201,307],[200,308],[199,309],[198,310],[197,311],[196,312],[195,313],[194,314],[193,315],[192,316],[191,317],[190,317],[189,317],[188,317],[187,317],[186,317],[185,317],[184,317],[183,317],[182,316],[181,316],[180,315],[179,315],[178,315],[177,315],[176,315]]","True","STATIC_SCREEN_SUPPORTED_PLUS_ONE_AABB_0.4x0.8_HEADROOM_2;NOT_PLAYER_VERIFIED","d381ea7f0f21f05701140f12f3d305a8dc506a576371888395da9c021b1352d5"
"SV5_INFILL_ROOM_c2da6dab2de50b0a12bc","SV5_INFILL_ROOM_002d3e65ad37c08fccde","SV5_OPTIONAL_09","[[24,195],[23,195],[23,194],[22,194],[22,193],[21,193],[21,192],[20,192],[20,191],[19,191]]","[]","[[23,195],[23,194],[22,194],[22,193],[21,193],[21,192],[20,192],[20,191]]","8","[[24,195],[23,195],[23,194],[22,194],[22,193],[21,193],[21,192],[20,192],[20,191],[19,191]]","10","SV5_INFILL_LENGTH_RULE_V2","PASS","23,195>24,195","[[39,194],[38,194],[37,194],[36,194],[35,194],[34,194],[33,194],[32,194],[31,194],[30,194],[29,194],[28,194],[27,194],[26,194],[25,194],[24,194],[23,193],[22,192],[21,191],[20,190],[19,190],[18,190],[17,190],[16,190],[15,190],[14,190],[13,190],[12,190],[11,190],[10,190],[9,190],[8,190],[7,190]]","[[39,195],[38,195],[37,195],[36,195],[35,195],[34,195],[33,195],[32,195],[31,195],[30,195],[29,195],[28,195],[27,195],[26,195],[25,195],[24,195],[23,194],[22,193],[21,192],[20,191],[19,191],[18,191],[17,191],[16,191],[15,191],[14,191],[13,191],[12,191],[11,191],[10,191],[9,191],[8,191],[7,191]]","[[7,191],[8,191],[9,191],[10,191],[11,191],[12,191],[13,191],[14,191],[15,191],[16,191],[17,191],[18,191],[19,191],[20,191],[21,192],[22,193],[23,194],[24,195],[25,195],[26,195],[27,195],[28,195],[29,195],[30,195],[31,195],[32,195],[33,195],[34,195],[35,195],[36,195],[37,195],[38,195],[39,195]]","True","STATIC_SCREEN_SUPPORTED_PLUS_ONE_AABB_0.4x0.8_HEADROOM_2;NOT_PLAYER_VERIFIED","d381ea7f0f21f05701140f12f3d305a8dc506a576371888395da9c021b1352d5"
"SV5_PLACE_08_3479F08218885852","SV5_PLACE_08_3479F08218885852","SV5_OPTIONAL_08;SV5_OPTIONAL_09","[[136,83],[137,83],[138,83],[139,83],[140,83],[141,83],[142,83],[143,83],[144,83],[145,83],[146,83],[147,83]]","[]","[]","0","[[136,83],[137,83],[138,83],[139,83],[140,83],[141,83],[142,83],[143,83],[144,83],[145,83],[146,83],[147,83]]","12","SV5_INFILL_LENGTH_RULE_V2","NOT_APPLICABLE_LEGACY_INTERIOR","","[[136,82],[137,82],[138,82],[139,82],[140,82],[141,82],[142,82],[143,82],[144,82],[145,82],[146,82],[147,82]]","[[136,83],[137,83],[138,83],[139,83],[140,83],[141,83],[142,83],[143,83],[144,83],[145,83],[146,83],[147,83]]","[[147,83],[146,83],[145,83],[144,83],[143,83],[142,83],[141,83],[140,83],[139,83],[138,83],[137,83],[136,83]]","True","STATIC_SCREEN_SUPPORTED_PLUS_ONE_AABB_0.4x0.8_HEADROOM_2;NOT_PLAYER_VERIFIED","d381ea7f0f21f05701140f12f3d305a8dc506a576371888395da9c021b1352d5"
"SV5_PLACE_09_0BAFE3A7FA93D31C","SV5_PLACE_09_0BAFE3A7FA93D31C","SV5_OPTIONAL_07;SV5_OPTIONAL_08","[[180,71],[181,71],[182,71],[183,71],[184,71],[185,71],[186,71],[187,71],[188,71],[189,71],[190,71],[191,71],[192,71],[193,71],[194,71],[195,71]]","[]","[]","0","[[180,71],[181,71],[182,71],[183,71],[184,71],[185,71],[186,71],[187,71],[188,71],[189,71],[190,71],[191,71],[192,71],[193,71],[194,71],[195,71]]","16","SV5_INFILL_LENGTH_RULE_V2","NOT_APPLICABLE_LEGACY_INTERIOR","","[[180,70],[181,70],[182,70],[183,70],[184,70],[185,70],[186,70],[187,70],[188,70],[189,70],[190,70],[191,70],[192,70],[193,70],[194,70],[195,70]]","[[180,71],[181,71],[182,71],[183,71],[184,71],[185,71],[186,71],[187,71],[188,71],[189,71],[190,71],[191,71],[192,71],[193,71],[194,71],[195,71]]","[[195,71],[194,71],[193,71],[192,71],[191,71],[190,71],[189,71],[188,71],[187,71],[186,71],[185,71],[184,71],[183,71],[182,71],[181,71],[180,71]]","True","STATIC_SCREEN_SUPPORTED_PLUS_ONE_AABB_0.4x0.8_HEADROOM_2;NOT_PLAYER_VERIFIED","d381ea7f0f21f05701140f12f3d305a8dc506a576371888395da9c021b1352d5"
"SV5_PLACE_10_F83FE72914C9299C","SV5_PLACE_10_F83FE72914C9299C","SV5_OPTIONAL_05;SV5_OPTIONAL_06","[[352,21],[353,21],[354,21],[355,21],[356,20],[357,19],[358,19],[359,20],[360,21],[361,21],[362,21],[363,21]]","[]","[]","0","[[352,21],[353,21],[354,21],[355,21],[356,20],[357,19],[358,19],[359,20],[360,21],[361,21],[362,21],[363,21]]","12","SV5_INFILL_LENGTH_RULE_V2","NOT_APPLICABLE_LEGACY_INTERIOR","","[[352,20],[353,20],[354,20],[355,20],[356,19],[357,18],[358,18],[359,19],[360,20],[361,20],[362,20],[363,20]]","[[352,21],[353,21],[354,21],[355,21],[356,20],[357,19],[358,19],[359,20],[360,21],[361,21],[362,21],[363,21]]","[[363,21],[362,21],[361,21],[360,21],[359,20],[358,19],[357,19],[356,20],[355,21],[354,21],[353,21],[352,21]]","True","STATIC_SCREEN_SUPPORTED_PLUS_ONE_AABB_0.4x0.8_HEADROOM_2;NOT_PLAYER_VERIFIED","d381ea7f0f21f05701140f12f3d305a8dc506a576371888395da9c021b1352d5"
"SV5_PLACE_11_E64745F7462770DD","SV5_PLACE_11_E64745F7462770DD","SV5_OPTIONAL_04;SV5_OPTIONAL_05","[[560,7],[561,7],[562,7],[563,7],[564,7],[565,7],[566,7],[567,7],[568,7],[569,7],[570,7],[571,7],[572,7],[573,7],[574,7],[575,7],[576,7],[577,7],[578,7],[579,7]]","[]","[]","0","[[560,7],[561,7],[562,7],[563,7],[564,7],[565,7],[566,7],[567,7],[568,7],[569,7],[570,7],[571,7],[572,7],[573,7],[574,7],[575,7],[576,7],[577,7],[578,7],[579,7]]","20","SV5_INFILL_LENGTH_RULE_V2","NOT_APPLICABLE_LEGACY_INTERIOR","","[[560,6],[561,6],[562,6],[563,6],[564,6],[565,6],[566,6],[567,6],[568,6],[569,6],[570,6],[571,6],[572,6],[573,6],[574,6],[575,6],[576,6],[577,6],[578,6],[579,6]]","[[560,7],[561,7],[562,7],[563,7],[564,7],[565,7],[566,7],[567,7],[568,7],[569,7],[570,7],[571,7],[572,7],[573,7],[574,7],[575,7],[576,7],[577,7],[578,7],[579,7]]","[[579,7],[578,7],[577,7],[576,7],[575,7],[574,7],[573,7],[572,7],[571,7],[570,7],[569,7],[568,7],[567,7],[566,7],[565,7],[564,7],[563,7],[562,7],[561,7],[560,7]]","True","STATIC_SCREEN_SUPPORTED_PLUS_ONE_AABB_0.4x0.8_HEADROOM_2;NOT_PLAYER_VERIFIED","d381ea7f0f21f05701140f12f3d305a8dc506a576371888395da9c021b1352d5"
"SV5_PLACE_12_391D0CF7A4422180","SV5_PLACE_12_391D0CF7A4422180","SV5_OPTIONAL_09;SV5_OPTIONAL_10","[[132,195],[133,195],[134,195],[135,195],[136,195],[137,195],[138,195],[139,195],[140,195],[141,195],[142,195],[143,195]]","[]","[]","0","[[132,195],[133,195],[134,195],[135,195],[136,195],[137,195],[138,195],[139,195],[140,195],[141,195],[142,195],[143,195]]","12","SV5_INFILL_LENGTH_RULE_V2","NOT_APPLICABLE_LEGACY_INTERIOR","","[[132,194],[133,194],[134,194],[135,194],[136,194],[137,194],[138,194],[139,194],[140,194],[141,194],[142,194],[143,194]]","[[132,195],[133,195],[134,195],[135,195],[136,195],[137,195],[138,195],[139,195],[140,195],[141,195],[142,195],[143,195]]","[[143,195],[142,195],[141,195],[140,195],[139,195],[138,195],[137,195],[136,195],[135,195],[134,195],[133,195],[132,195]]","True","STATIC_SCREEN_SUPPORTED_PLUS_ONE_AABB_0.4x0.8_HEADROOM_2;NOT_PLAYER_VERIFIED","d381ea7f0f21f05701140f12f3d305a8dc506a576371888395da9c021b1352d5"
"SV5_PLACE_13_97A1D09E3197EA92","SV5_PLACE_13_97A1D09E3197EA92","SV5_OPTIONAL_06;SV5_OPTIONAL_07","[[224,113],[225,113],[226,113],[227,113],[228,112],[229,111],[230,111],[231,111],[232,111],[233,111],[234,111],[235,112],[236,113],[237,113],[238,113],[239,113]]","[]","[]","0","[[224,113],[225,113],[226,113],[227,113],[228,112],[229,111],[230,111],[231,111],[232,111],[233,111],[234,111],[235,112],[236,113],[237,113],[238,113],[239,113]]","16","SV5_INFILL_LENGTH_RULE_V2","NOT_APPLICABLE_LEGACY_INTERIOR","","[[224,112],[225,112],[226,112],[227,112],[228,111],[229,110],[230,110],[231,110],[232,110],[233,110],[234,110],[235,111],[236,112],[237,112],[238,112],[239,112]]","[[224,113],[225,113],[226,113],[227,113],[228,112],[229,111],[230,111],[231,111],[232,111],[233,111],[234,111],[235,112],[236,113],[237,113],[238,113],[239,113]]","[[239,113],[238,113],[237,113],[236,113],[235,112],[234,111],[233,111],[232,111],[231,111],[230,111],[229,111],[228,112],[227,113],[226,113],[225,113],[224,113]]","True","STATIC_SCREEN_SUPPORTED_PLUS_ONE_AABB_0.4x0.8_HEADROOM_2;NOT_PLAYER_VERIFIED","d381ea7f0f21f05701140f12f3d305a8dc506a576371888395da9c021b1352d5"
