hub_id,x,y,cell_role,micro_x,micro_y,micro_pattern_owner,source_value,final_value,plan_digest
SV5_HUB_7f53c12e20096748c0c6,272,208,SOLID,68,52,SV5_HUB_7f53c12e20096748c0c6@68:52,UNKNOWN,SOLID,ced4c4300ffac6957c7c0ef85cbceeb6c89eb47ef91cd1565d4a0dc0bbdc0511
SV5_HUB_7f53c12e20096748c0c6,273,208,SOLID,68,52,SV5_HUB_7f53c12e20096748c0c6@68:52,UNKNOWN,SOLID,ced4c4300ffac6957c7c0ef85cbceeb6c89eb47ef91cd1565d4a0dc0bbdc0511
SV5_HUB_7f53c12e20096748c0c6,274,208,SOLID,68,52,SV5_HUB_7f53c12e20096748c0c6@68:52,UNKNOWN,SOLID,ced4c4300ffac6957c7c0ef85cbceeb6c89eb47ef91cd1565d4a0dc0bbdc0511
SV5_HUB_7f53c12e20096748c0c6,275,208,SOLID,68,52,SV5_HUB_7f53c12e20096748c0c6@68:52,UNKNOWN,SOLID,ced4c4300ffac6957c7c0ef85cbceeb6c89eb47ef91cd1565d4a0dc0bbdc0511
SV5_HUB_7f53c12e20096748c0c6,276,208,SOLID,69,52,SV5_HUB_7f53c12e20096748c0c6@69:52,UNKNOWN,SOLID,ced4c4300ffac6957c7c0ef85cbceeb6c89eb47ef91cd1565d4a0dc0bbdc0511
SV5_HUB_7f53c12e20096748c0c6,277,208,SOLID,69,52,SV5_HUB_7f53c12e20096748c0c6@69:52,UNKNOWN,SOLID,ced4c4300ffac6957c7c0ef85cbceeb6c89eb47ef91cd1565d4a0dc0bbdc0511
SV5_HUB_7f53c12e20096748c0c6,278,208,SOLID,69,52,SV5_HUB_7f53c12e20096748c0c6@69:52,UNKNOWN,SOLID,ced4c4300ffac6957c7c0ef85cbceeb6c89eb47ef91cd1565d4a0dc0bbdc0511
SV5_HUB_7f53c12e20096748c0c6,279,208,SOLID,69,52,SV5_HUB_7f53c12e20096748c0c6@69:52,UNKNOWN,SOLID,ced4c4300ffac6957c7c0ef85cbceeb6c89eb47ef91cd1565d4a0dc0bbdc0511
SV5_HUB_7f53c12e20096748c0c6,280,208,SOLID,70,52,SV5_HUB_7f53c12e20096748c0c6@70:52,UNKNOWN,SOLID,ced4c4300ffac6957c7c0ef85cbceeb6c89eb47ef91cd1565d4a0dc0bbdc0511
SV5_HUB_7f53c12e20096748c0c6,281,208,SOLID,70,52,SV5_HUB_7f53c12e20096748c0c6@70:52,UNKNOWN,SOLID,ced4c4300ffac6957c7c0ef85cbceeb6c89eb47ef91cd1565d4a0dc0bbdc0511
SV5_HUB_7f53c12e20096748c0c6,282,208,SOLID,70,52,SV5_HUB_7f53c12e20096748c0c6@70:52,UNKNOWN,SOLID,ced4c4300ffac6957c7c0ef85cbceeb6c89eb47ef91cd1565d4a0dc0bbdc0511
SV5_HUB_7f53c12e20096748c0c6,283,208,SOLID,70,52,SV5_HUB_7f53c12e20096748c0c6@70:52,UNKNOWN,SOLID,ced4c4300ffac6957c7c0ef85cbceeb6c89eb47ef91cd1565d4a0dc0bbdc0511
SV5_HUB_7f53c12e20096748c0c6,284,208,SOLID,71,52,SV5_HUB_7f53c12e20096748c0c6@71:52,UNKNOWN,SOLID,ced4c4300ffac6957c7c0ef85cbceeb6c89eb47ef91cd1565d4a0dc0bbdc0511
SV5_HUB_7f53c12e20096748c0c6,285,208,SOLID,71,52,SV5_HUB_7f53c12e20096748c0c6@71:52,UNKNOWN,SOLID,ced4c4300ffac6957c7c0ef85cbceeb6c89eb47ef91cd1565d4a0dc0bbdc0511
SV5_HUB_7f53c12e20096748c0c6,286,208,SOLID,71,52,SV5_HUB_7f53c12e20096748c0c6@71:52,UNKNOWN,SOLID,ced4c4300ffac6957c7c0ef85cbceeb6c89eb47ef91cd1565d4a0dc0bbdc0511
SV5_HUB_7f53c12e20096748c0c6,287,208,SOLID,71,52,SV5_HUB_7f53c12e20096748c0c6@71:52,UNKNOWN,SOLID,ced4c4300ffac6957c7c0ef85cbceeb6c89eb47ef91cd1565d4a0dc0bbdc0511
SV5_HUB_7f53c12e20096748c0c6,288,208,SOLID,72,52,SV5_HUB_7f53c12e20096748c0c6@72:52,UNKNOWN,SOLID,ced4c4300ffac6957c7c0ef85cbceeb6c89eb47ef91cd1565d4a0dc0bbdc0511
SV5_HUB_7f53c12e20096748c0c6,289,208,SOLID,72,52,SV5_HUB_7f53c12e20096748c0c6@72:52,UNKNOWN,SOLID,ced4c4300ffac6957c7c0ef85cbceeb6c89eb47ef91cd1565d4a0dc0bbdc0511
SV5_HUB_7f53c12e20096748c0c6,290,208,SOLID,72,52,SV5_HUB_7f53c12e20096748c0c6@72:52,UNKNOWN,SOLID,ced4c4300ffac6957c7c0ef85cbceeb6c89eb47ef91cd1565d4a0dc0bbdc0511
SV5_HUB_7f53c12e20096748c0c6,291,208,SOLID,72,52,SV5_HUB_7f53c12e20096748c0c6@72:52,UNKNOWN,SOLID,ced4c4300ffac6957c7c0ef85cbceeb6c89eb47ef91cd1565d4a0dc0bbdc0511
SV5_HUB_7f53c12e20096748c0c6,292,208,SOLID,73,52,SV5_HUB_7f53c12e20096748c0c6@73:52,UNKNOWN,SOLID,ced4c4300ffac6957c7c0ef85cbceeb6c89eb47ef91cd1565d4a0dc0bbdc0511
SV5_HUB_7f53c12e20096748c0c6,293,208,SOLID,73,52,SV5_HUB_7f53c12e20096748c0c6@73:52,UNKNOWN,SOLID,ced4c4300ffac6957c7c0ef85cbceeb6c89eb47ef91cd1565d4a0dc0bbdc0511
SV5_HUB_7f53c12e20096748c0c6,294,208,SOLID,73,52,SV5_HUB_7f53c12e20096748c0c6@73:52,UNKNOWN,SOLID,ced4c4300ffac6957c7c0ef85cbceeb6c89eb47ef91cd1565d4a0dc0bbdc0511
SV5_HUB_7f53c12e20096748c0c6,295,208,SOLID,73,52,SV5_HUB_7f53c12e20096748c0c6@73:52,UNKNOWN,SOLID,ced4c4300ffac6957c7c0ef85cbceeb6c89eb47ef91cd1565d4a0dc0bbdc0511
SV5_HUB_7f53c12e20096748c0c6,272,209,SOLID,68,52,SV5_HUB_7f53c12e20096748c0c6@68:52,UNKNOWN,SOLID,ced4c4300ffac6957c7c0ef85cbceeb6c89eb47ef91cd1565d4a0dc0bbdc0511
SV5_HUB_7f53c12e20096748c0c6,273,209,SOLID,68,52,SV5_HUB_7f53c12e20096748c0c6@68:52,UNKNOWN,SOLID,ced4c4300ffac6957c7c0ef85cbceeb6c89eb47ef91cd1565d4a0dc0bbdc0511
SV5_HUB_7f53c12e20096748c0c6,274,209,SOLID,68,52,SV5_HUB_7f53c12e20096748c0c6@68:52,UNKNOWN,SOLID,ced4c4300ffac6957c7c0ef85cbceeb6c89eb47ef91cd1565d4a0dc0bbdc0511
SV5_HUB_7f53c12e20096748c0c6,275,209,SOLID,68,52,SV5_HUB_7f53c12e20096748c0c6@68:52,UNKNOWN,SOLID,ced4c4300ffac6957c7c0ef85cbceeb6c89eb47ef91cd1565d4a0dc0bbdc0511
SV5_HUB_7f53c12e20096748c0c6,276,209,SOLID,69,52,SV5_HUB_7f53c12e20096748c0c6@69:52,UNKNOWN,SOLID,ced4c4300ffac6957c7c0ef85cbceeb6c89eb47ef91cd1565d4a0dc0bbdc0511
SV5_HUB_7f53c12e20096748c0c6,277,209,SOLID,69,52,SV5_HUB_7f53c12e20096748c0c6@69:52,UNKNOWN,SOLID,ced4c4300ffac6957c7c0ef85cbceeb6c89eb47ef91cd1565d4a0dc0bbdc0511
SV5_HUB_7f53c12e20096748c0c6,278,209,SOLID,69,52,SV5_HUB_7f53c12e20096748c0c6@69:52,UNKNOWN,SOLID,ced4c4300ffac6957c7c0ef85cbceeb6c89eb47ef91cd1565d4a0dc0bbdc0511
SV5_HUB_7f53c12e20096748c0c6,279,209,SOLID,69,52,SV5_HUB_7f53c12e20096748c0c6@69:52,UNKNOWN,SOLID,ced4c4300ffac6957c7c0ef85cbceeb6c89eb47ef91cd1565d4a0dc0bbdc0511
SV5_HUB_7f53c12e20096748c0c6,280,209,SOLID,70,52,SV5_HUB_7f53c12e20096748c0c6@70:52,UNKNOWN,SOLID,ced4c4300ffac6957c7c0ef85cbceeb6c89eb47ef91cd1565d4a0dc0bbdc0511
SV5_HUB_7f53c12e20096748c0c6,281,209,SOLID,70,52,SV5_HUB_7f53c12e20096748c0c6@70:52,UNKNOWN,SOLID,ced4c4300ffac6957c7c0ef85cbceeb6c89eb47ef91cd1565d4a0dc0bbdc0511
SV5_HUB_7f53c12e20096748c0c6,282,209,SOLID,70,52,SV5_HUB_7f53c12e20096748c0c6@70:52,UNKNOWN,SOLID,ced4c4300ffac6957c7c0ef85cbceeb6c89eb47ef91cd1565d4a0dc0bbdc0511
SV5_HUB_7f53c12e20096748c0c6,283,209,SOLID,70,52,SV5_HUB_7f53c12e20096748c0c6@70:52,UNKNOWN,SOLID,ced4c4300ffac6957c7c0ef85cbceeb6c89eb47ef91cd1565d4a0dc0bbdc0511
SV5_HUB_7f53c12e20096748c0c6,284,209,SOLID,71,52,SV5_HUB_7f53c12e20096748c0c6@71:52,UNKNOWN,SOLID,ced4c4300ffac6957c7c0ef85cbceeb6c89eb47ef91cd1565d4a0dc0bbdc0511
SV5_HUB_7f53c12e20096748c0c6,285,209,SOLID,71,52,SV5_HUB_7f53c12e20096748c0c6@71:52,UNKNOWN,SOLID,ced4c4300ffac6957c7c0ef85cbceeb6c89eb47ef91cd1565d4a0dc0bbdc0511
SV5_HUB_7f53c12e20096748c0c6,286,209,SOLID,71,52,SV5_HUB_7f53c12e20096748c0c6@71:52,UNKNOWN,SOLID,ced4c4300ffac6957c7c0ef85cbceeb6c89eb47ef91cd1565d4a0dc0bbdc0511
SV5_HUB_7f53c12e20096748c0c6,287,209,SOLID,71,52,SV5_HUB_7f53c12e20096748c0c6@71:52,UNKNOWN,SOLID,ced4c4300ffac6957c7c0ef85cbceeb6c89eb47ef91cd1565d4a0dc0bbdc0511
SV5_HUB_7f53c12e20096748c0c6,288,209,SOLID,72,52,SV5_HUB_7f53c12e20096748c0c6@72:52,UNKNOWN,SOLID,ced4c4300ffac6957c7c0ef85cbceeb6c89eb47ef91cd1565d4a0dc0bbdc0511
SV5_HUB_7f53c12e20096748c0c6,289,209,SOLID,72,52,SV5_HUB_7f53c12e20096748c0c6@72:52,UNKNOWN,SOLID,ced4c4300ffac6957c7c0ef85cbceeb6c89eb47ef91cd1565d4a0dc0bbdc0511
SV5_HUB_7f53c12e20096748c0c6,290,209,SOLID,72,52,SV5_HUB_7f53c12e20096748c0c6@72:52,UNKNOWN,SOLID,ced4c4300ffac6957c7c0ef85cbceeb6c89eb47ef91cd1565d4a0dc0bbdc0511
SV5_HUB_7f53c12e20096748c0c6,291,209,SOLID,72,52,SV5_HUB_7f53c12e20096748c0c6@72:52,UNKNOWN,SOLID,ced4c4300ffac6957c7c0ef85cbceeb6c89eb47ef91cd1565d4a0dc0bbdc0511
SV5_HUB_7f53c12e20096748c0c6,292,209,SOLID,73,52,SV5_HUB_7f53c12e20096748c0c6@73:52,UNKNOWN,SOLID,ced4c4300ffac6957c7c0ef85cbceeb6c89eb47ef91cd1565d4a0dc0bbdc0511
SV5_HUB_7f53c12e20096748c0c6,293,209,SOLID,73,52,SV5_HUB_7f53c12e20096748c0c6@73:52,UNKNOWN,SOLID,ced4c4300ffac6957c7c0ef85cbceeb6c89eb47ef91cd1565d4a0dc0bbdc0511
SV5_HUB_7f53c12e20096748c0c6,294,209,SOLID,73,52,SV5_HUB_7f53c12e20096748c0c6@73:52,UNKNOWN,SOLID,ced4c4300ffac6957c7c0ef85cbceeb6c89eb47ef91cd1565d4a0dc0bbdc0511
SV5_HUB_7f53c12e20096748c0c6,295,209,SOLID,73,52,SV5_HUB_7f53c12e20096748c0c6@73:52,UNKNOWN,SOLID,ced4c4300ffac6957c7c0ef85cbceeb6c89eb47ef91cd1565d4a0dc0bbdc0511
SV5_HUB_7f53c12e20096748c0c6,272,210,SOLID,68,52,SV5_HUB_7f53c12e20096748c0c6@68:52,UNKNOWN,SOLID,ced4c4300ffac6957c7c0ef85cbceeb6c89eb47ef91cd1565d4a0dc0bbdc0511
SV5_HUB_7f53c12e20096748c0c6,273,210,SOLID,68,52,SV5_HUB_7f53c12e20096748c0c6@68:52,UNKNOWN,SOLID,ced4c4300ffac6957c7c0ef85cbceeb6c89eb47ef91cd1565d4a0dc0bbdc0511
SV5_HUB_7f53c12e20096748c0c6,274,210,SOLID,68,52,SV5_HUB_7f53c12e20096748c0c6@68:52,UNKNOWN,SOLID,ced4c4300ffac6957c7c0ef85cbceeb6c89eb47ef91cd1565d4a0dc0bbdc0511
SV5_HUB_7f53c12e20096748c0c6,275,210,SOLID,68,52,SV5_HUB_7f53c12e20096748c0c6@68:52,UNKNOWN,SOLID,ced4c4300ffac6957c7c0ef85cbceeb6c89eb47ef91cd1565d4a0dc0bbdc0511
SV5_HUB_7f53c12e20096748c0c6,276,210,SOLID,69,52,SV5_HUB_7f53c12e20096748c0c6@69:52,UNKNOWN,SOLID,ced4c4300ffac6957c7c0ef85cbceeb6c89eb47ef91cd1565d4a0dc0bbdc0511
SV5_HUB_7f53c12e20096748c0c6,277,210,SOLID,69,52,SV5_HUB_7f53c12e20096748c0c6@69:52,UNKNOWN,SOLID,ced4c4300ffac6957c7c0ef85cbceeb6c89eb47ef91cd1565d4a0dc0bbdc0511
SV5_HUB_7f53c12e20096748c0c6,278,210,SOLID,69,52,SV5_HUB_7f53c12e20096748c0c6@69:52,UNKNOWN,SOLID,ced4c4300ffac6957c7c0ef85cbceeb6c89eb47ef91cd1565d4a0dc0bbdc0511
SV5_HUB_7f53c12e20096748c0c6,279,210,SOLID,69,52,SV5_HUB_7f53c12e20096748c0c6@69:52,UNKNOWN,SOLID,ced4c4300ffac6957c7c0ef85cbceeb6c89eb47ef91cd1565d4a0dc0bbdc0511
SV5_HUB_7f53c12e20096748c0c6,280,210,SOLID,70,52,SV5_HUB_7f53c12e20096748c0c6@70:52,UNKNOWN,SOLID,ced4c4300ffac6957c7c0ef85cbceeb6c89eb47ef91cd1565d4a0dc0bbdc0511
SV5_HUB_7f53c12e20096748c0c6,281,210,SOLID,70,52,SV5_HUB_7f53c12e20096748c0c6@70:52,UNKNOWN,SOLID,ced4c4300ffac6957c7c0ef85cbceeb6c89eb47ef91cd1565d4a0dc0bbdc0511
SV5_HUB_7f53c12e20096748c0c6,282,210,SOLID,70,52,SV5_HUB_7f53c12e20096748c0c6@70:52,UNKNOWN,SOLID,ced4c4300ffac6957c7c0ef85cbceeb6c89eb47ef91cd1565d4a0dc0bbdc0511
SV5_HUB_7f53c12e20096748c0c6,283,210,SOLID,70,52,SV5_HUB_7f53c12e20096748c0c6@70:52,UNKNOWN,SOLID,ced4c4300ffac6957c7c0ef85cbceeb6c89eb47ef91cd1565d4a0dc0bbdc0511
SV5_HUB_7f53c12e20096748c0c6,284,210,SOLID,71,52,SV5_HUB_7f53c12e20096748c0c6@71:52,UNKNOWN,SOLID,ced4c4300ffac6957c7c0ef85cbceeb6c89eb47ef91cd1565d4a0dc0bbdc0511
SV5_HUB_7f53c12e20096748c0c6,285,210,SOLID,71,52,SV5_HUB_7f53c12e20096748c0c6@71:52,UNKNOWN,SOLID,ced4c4300ffac6957c7c0ef85cbceeb6c89eb47ef91cd1565d4a0dc0bbdc0511
SV5_HUB_7f53c12e20096748c0c6,286,210,SOLID,71,52,SV5_HUB_7f53c12e20096748c0c6@71:52,UNKNOWN,SOLID,ced4c4300ffac6957c7c0ef85cbceeb6c89eb47ef91cd1565d4a0dc0bbdc0511
SV5_HUB_7f53c12e20096748c0c6,287,210,SOLID,71,52,SV5_HUB_7f53c12e20096748c0c6@71:52,UNKNOWN,SOLID,ced4c4300ffac6957c7c0ef85cbceeb6c89eb47ef91cd1565d4a0dc0bbdc0511
SV5_HUB_7f53c12e20096748c0c6,288,210,SOLID,72,52,SV5_HUB_7f53c12e20096748c0c6@72:52,UNKNOWN,SOLID,ced4c4300ffac6957c7c0ef85cbceeb6c89eb47ef91cd1565d4a0dc0bbdc0511
SV5_HUB_7f53c12e20096748c0c6,289,210,SOLID,72,52,SV5_HUB_7f53c12e20096748c0c6@72:52,UNKNOWN,SOLID,ced4c4300ffac6957c7c0ef85cbceeb6c89eb47ef91cd1565d4a0dc0bbdc0511
SV5_HUB_7f53c12e20096748c0c6,290,210,SOLID,72,52,SV5_HUB_7f53c12e20096748c0c6@72:52,UNKNOWN,SOLID,ced4c4300ffac6957c7c0ef85cbceeb6c89eb47ef91cd1565d4a0dc0bbdc0511
SV5_HUB_7f53c12e20096748c0c6,291,210,SOLID,72,52,SV5_HUB_7f53c12e20096748c0c6@72:52,UNKNOWN,SOLID,ced4c4300ffac6957c7c0ef85cbceeb6c89eb47ef91cd1565d4a0dc0bbdc0511
SV5_HUB_7f53c12e20096748c0c6,292,210,SOLID,73,52,SV5_HUB_7f53c12e20096748c0c6@73:52,UNKNOWN,SOLID,ced4c4300ffac6957c7c0ef85cbceeb6c89eb47ef91cd1565d4a0dc0bbdc0511
SV5_HUB_7f53c12e20096748c0c6,293,210,SOLID,73,52,SV5_HUB_7f53c12e20096748c0c6@73:52,UNKNOWN,SOLID,ced4c4300ffac6957c7c0ef85cbceeb6c89eb47ef91cd1565d4a0dc0bbdc0511
SV5_HUB_7f53c12e20096748c0c6,294,210,SOLID,73,52,SV5_HUB_7f53c12e20096748c0c6@73:52,UNKNOWN,SOLID,ced4c4300ffac6957c7c0ef85cbceeb6c89eb47ef91cd1565d4a0dc0bbdc0511
SV5_HUB_7f53c12e20096748c0c6,295,210,SOLID,73,52,SV5_HUB_7f53c12e20096748c0c6@73:52,UNKNOWN,SOLID,ced4c4300ffac6957c7c0ef85cbceeb6c89eb47ef91cd1565d4a0dc0bbdc0511
SV5_HUB_7f53c12e20096748c0c6,272,211,SOLID,68,52,SV5_HUB_7f53c12e20096748c0c6@68:52,UNKNOWN,SOLID,ced4c4300ffac6957c7c0ef85cbceeb6c89eb47ef91cd1565d4a0dc0bbdc0511
SV5_HUB_7f53c12e20096748c0c6,273,211,SOLID,68,52,SV5_HUB_7f53c12e20096748c0c6@68:52,UNKNOWN,SOLID,ced4c4300ffac6957c7c0ef85cbceeb6c89eb47ef91cd1565d4a0dc0bbdc0511
SV5_HUB_7f53c12e20096748c0c6,274,211,SOLID,68,52,SV5_HUB_7f53c12e20096748c0c6@68:52,UNKNOWN,SOLID,ced4c4300ffac6957c7c0ef85cbceeb6c89eb47ef91cd1565d4a0dc0bbdc0511
SV5_HUB_7f53c12e20096748c0c6,275,211,SOLID,68,52,SV5_HUB_7f53c12e20096748c0c6@68:52,UNKNOWN,SOLID,ced4c4300ffac6957c7c0ef85cbceeb6c89eb47ef91cd1565d4a0dc0bbdc0511
SV5_HUB_7f53c12e20096748c0c6,276,211,SOLID,69,52,SV5_HUB_7f53c12e20096748c0c6@69:52,UNKNOWN,SOLID,ced4c4300ffac6957c7c0ef85cbceeb6c89eb47ef91cd1565d4a0dc0bbdc0511
SV5_HUB_7f53c12e20096748c0c6,277,211,SOLID,69,52,SV5_HUB_7f53c12e20096748c0c6@69:52,UNKNOWN,SOLID,ced4c4300ffac6957c7c0ef85cbceeb6c89eb47ef91cd1565d4a0dc0bbdc0511
SV5_HUB_7f53c12e20096748c0c6,278,211,SOLID,69,52,SV5_HUB_7f53c12e20096748c0c6@69:52,UNKNOWN,SOLID,ced4c4300ffac6957c7c0ef85cbceeb6c89eb47ef91cd1565d4a0dc0bbdc0511
SV5_HUB_7f53c12e20096748c0c6,279,211,SOLID,69,52,SV5_HUB_7f53c12e20096748c0c6@69:52,UNKNOWN,SOLID,ced4c4300ffac6957c7c0ef85cbceeb6c89eb47ef91cd1565d4a0dc0bbdc0511
SV5_HUB_7f53c12e20096748c0c6,280,211,SOLID,70,52,SV5_HUB_7f53c12e20096748c0c6@70:52,UNKNOWN,SOLID,ced4c4300ffac6957c7c0ef85cbceeb6c89eb47ef91cd1565d4a0dc0bbdc0511
SV5_HUB_7f53c12e20096748c0c6,281,211,SOLID,70,52,SV5_HUB_7f53c12e20096748c0c6@70:52,UNKNOWN,SOLID,ced4c4300ffac6957c7c0ef85cbceeb6c89eb47ef91cd1565d4a0dc0bbdc0511
SV5_HUB_7f53c12e20096748c0c6,282,211,SOLID,70,52,SV5_HUB_7f53c12e20096748c0c6@70:52,UNKNOWN,SOLID,ced4c4300ffac6957c7c0ef85cbceeb6c89eb47ef91cd1565d4a0dc0bbdc0511
SV5_HUB_7f53c12e20096748c0c6,283,211,SOLID,70,52,SV5_HUB_7f53c12e20096748c0c6@70:52,UNKNOWN,SOLID,ced4c4300ffac6957c7c0ef85cbceeb6c89eb47ef91cd1565d4a0dc0bbdc0511
SV5_HUB_7f53c12e20096748c0c6,284,211,SOLID,71,52,SV5_HUB_7f53c12e20096748c0c6@71:52,UNKNOWN,SOLID,ced4c4300ffac6957c7c0ef85cbceeb6c89eb47ef91cd1565d4a0dc0bbdc0511
SV5_HUB_7f53c12e20096748c0c6,285,211,SOLID,71,52,SV5_HUB_7f53c12e20096748c0c6@71:52,UNKNOWN,SOLID,ced4c4300ffac6957c7c0ef85cbceeb6c89eb47ef91cd1565d4a0dc0bbdc0511
SV5_HUB_7f53c12e20096748c0c6,286,211,SOLID,71,52,SV5_HUB_7f53c12e20096748c0c6@71:52,UNKNOWN,SOLID,ced4c4300ffac6957c7c0ef85cbceeb6c89eb47ef91cd1565d4a0dc0bbdc0511
SV5_HUB_7f53c12e20096748c0c6,287,211,SOLID,71,52,SV5_HUB_7f53c12e20096748c0c6@71:52,UNKNOWN,SOLID,ced4c4300ffac6957c7c0ef85cbceeb6c89eb47ef91cd1565d4a0dc0bbdc0511
SV5_HUB_7f53c12e20096748c0c6,288,211,SOLID,72,52,SV5_HUB_7f53c12e20096748c0c6@72:52,UNKNOWN,SOLID,ced4c4300ffac6957c7c0ef85cbceeb6c89eb47ef91cd1565d4a0dc0bbdc0511
SV5_HUB_7f53c12e20096748c0c6,289,211,SOLID,72,52,SV5_HUB_7f53c12e20096748c0c6@72:52,UNKNOWN,SOLID,ced4c4300ffac6957c7c0ef85cbceeb6c89eb47ef91cd1565d4a0dc0bbdc0511
SV5_HUB_7f53c12e20096748c0c6,290,211,SOLID,72,52,SV5_HUB_7f53c12e20096748c0c6@72:52,UNKNOWN,SOLID,ced4c4300ffac6957c7c0ef85cbceeb6c89eb47ef91cd1565d4a0dc0bbdc0511
SV5_HUB_7f53c12e20096748c0c6,291,211,SOLID,72,52,SV5_HUB_7f53c12e20096748c0c6@72:52,UNKNOWN,SOLID,ced4c4300ffac6957c7c0ef85cbceeb6c89eb47ef91cd1565d4a0dc0bbdc0511
SV5_HUB_7f53c12e20096748c0c6,292,211,SOLID,73,52,SV5_HUB_7f53c12e20096748c0c6@73:52,UNKNOWN,SOLID,ced4c4300ffac6957c7c0ef85cbceeb6c89eb47ef91cd1565d4a0dc0bbdc0511
SV5_HUB_7f53c12e20096748c0c6,293,211,SOLID,73,52,SV5_HUB_7f53c12e20096748c0c6@73:52,UNKNOWN,SOLID,ced4c4300ffac6957c7c0ef85cbceeb6c89eb47ef91cd1565d4a0dc0bbdc0511
SV5_HUB_7f53c12e20096748c0c6,294,211,SOLID,73,52,SV5_HUB_7f53c12e20096748c0c6@73:52,UNKNOWN,SOLID,ced4c4300ffac6957c7c0ef85cbceeb6c89eb47ef91cd1565d4a0dc0bbdc0511
SV5_HUB_7f53c12e20096748c0c6,295,211,SOLID,73,52,SV5_HUB_7f53c12e20096748c0c6@73:52,UNKNOWN,SOLID,ced4c4300ffac6957c7c0ef85cbceeb6c89eb47ef91cd1565d4a0dc0bbdc0511
SV5_HUB_7f53c12e20096748c0c6,272,212,SOLID,68,53,SV5_HUB_7f53c12e20096748c0c6@68:53,UNKNOWN,SOLID,ced4c4300ffac6957c7c0ef85cbceeb6c89eb47ef91cd1565d4a0dc0bbdc0511
SV5_HUB_7f53c12e20096748c0c6,273,212,SOLID,68,53,SV5_HUB_7f53c12e20096748c0c6@68:53,UNKNOWN,SOLID,ced4c4300ffac6957c7c0ef85cbceeb6c89eb47ef91cd1565d4a0dc0bbdc0511
SV5_HUB_7f53c12e20096748c0c6,274,212,SOLID,68,53,SV5_HUB_7f53c12e20096748c0c6@68:53,UNKNOWN,SOLID,ced4c4300ffac6957c7c0ef85cbceeb6c89eb47ef91cd1565d4a0dc0bbdc0511
SV5_HUB_7f53c12e20096748c0c6,275,212,SOLID,68,53,SV5_HUB_7f53c12e20096748c0c6@68:53,UNKNOWN,SOLID,ced4c4300ffac6957c7c0ef85cbceeb6c89eb47ef91cd1565d4a0dc0bbdc0511
SV5_HUB_7f53c12e20096748c0c6,276,212,SOLID,69,53,SV5_HUB_7f53c12e20096748c0c6@69:53,UNKNOWN,SOLID,ced4c4300ffac6957c7c0ef85cbceeb6c89eb47ef91cd1565d4a0dc0bbdc0511
SV5_HUB_7f53c12e20096748c0c6,277,212,SOLID,69,53,SV5_HUB_7f53c12e20096748c0c6@69:53,UNKNOWN,SOLID,ced4c4300ffac6957c7c0ef85cbceeb6c89eb47ef91cd1565d4a0dc0bbdc0511
SV5_HUB_7f53c12e20096748c0c6,278,212,SOLID,69,53,SV5_HUB_7f53c12e20096748c0c6@69:53,UNKNOWN,SOLID,ced4c4300ffac6957c7c0ef85cbceeb6c89eb47ef91cd1565d4a0dc0bbdc0511
SV5_HUB_7f53c12e20096748c0c6,279,212,SOLID,69,53,SV5_HUB_7f53c12e20096748c0c6@69:53,UNKNOWN,SOLID,ced4c4300ffac6957c7c0ef85cbceeb6c89eb47ef91cd1565d4a0dc0bbdc0511
SV5_HUB_7f53c12e20096748c0c6,280,212,SOLID,70,53,SV5_HUB_7f53c12e20096748c0c6@70:53,UNKNOWN,SOLID,ced4c4300ffac6957c7c0ef85cbceeb6c89eb47ef91cd1565d4a0dc0bbdc0511
SV5_HUB_7f53c12e20096748c0c6,281,212,SOLID,70,53,SV5_HUB_7f53c12e20096748c0c6@70:53,UNKNOWN,SOLID,ced4c4300ffac6957c7c0ef85cbceeb6c89eb47ef91cd1565d4a0dc0bbdc0511
SV5_HUB_7f53c12e20096748c0c6,282,212,SOLID,70,53,SV5_HUB_7f53c12e20096748c0c6@70:53,UNKNOWN,SOLID,ced4c4300ffac6957c7c0ef85cbceeb6c89eb47ef91cd1565d4a0dc0bbdc0511
SV5_HUB_7f53c12e20096748c0c6,283,212,SOLID,70,53,SV5_HUB_7f53c12e20096748c0c6@70:53,UNKNOWN,SOLID,ced4c4300ffac6957c7c0ef85cbceeb6c89eb47ef91cd1565d4a0dc0bbdc0511
SV5_HUB_7f53c12e20096748c0c6,284,212,SOLID,71,53,SV5_HUB_7f53c12e20096748c0c6@71:53,UNKNOWN,SOLID,ced4c4300ffac6957c7c0ef85cbceeb6c89eb47ef91cd1565d4a0dc0bbdc0511
SV5_HUB_7f53c12e20096748c0c6,285,212,SOLID,71,53,SV5_HUB_7f53c12e20096748c0c6@71:53,UNKNOWN,SOLID,ced4c4300ffac6957c7c0ef85cbceeb6c89eb47ef91cd1565d4a0dc0bbdc0511
SV5_HUB_7f53c12e20096748c0c6,286,212,SOLID,71,53,SV5_HUB_7f53c12e20096748c0c6@71:53,UNKNOWN,SOLID,ced4c4300ffac6957c7c0ef85cbceeb6c89eb47ef91cd1565d4a0dc0bbdc0511
SV5_HUB_7f53c12e20096748c0c6,287,212,SOLID,71,53,SV5_HUB_7f53c12e20096748c0c6@71:53,UNKNOWN,SOLID,ced4c4300ffac6957c7c0ef85cbceeb6c89eb47ef91cd1565d4a0dc0bbdc0511
SV5_HUB_7f53c12e20096748c0c6,288,212,SOLID,72,53,SV5_HUB_7f53c12e20096748c0c6@72:53,UNKNOWN,SOLID,ced4c4300ffac6957c7c0ef85cbceeb6c89eb47ef91cd1565d4a0dc0bbdc0511
SV5_HUB_7f53c12e20096748c0c6,289,212,SOLID,72,53,SV5_HUB_7f53c12e20096748c0c6@72:53,UNKNOWN,SOLID,ced4c4300ffac6957c7c0ef85cbceeb6c89eb47ef91cd1565d4a0dc0bbdc0511
SV5_HUB_7f53c12e20096748c0c6,290,212,SOLID,72,53,SV5_HUB_7f53c12e20096748c0c6@72:53,UNKNOWN,SOLID,ced4c4300ffac6957c7c0ef85cbceeb6c89eb47ef91cd1565d4a0dc0bbdc0511
SV5_HUB_7f53c12e20096748c0c6,291,212,SOLID,72,53,SV5_HUB_7f53c12e20096748c0c6@72:53,UNKNOWN,SOLID,ced4c4300ffac6957c7c0ef85cbceeb6c89eb47ef91cd1565d4a0dc0bbdc0511
SV5_HUB_7f53c12e20096748c0c6,292,212,SOLID,73,53,SV5_HUB_7f53c12e20096748c0c6@73:53,UNKNOWN,SOLID,ced4c4300ffac6957c7c0ef85cbceeb6c89eb47ef91cd1565d4a0dc0bbdc0511
SV5_HUB_7f53c12e20096748c0c6,293,212,SOLID,73,53,SV5_HUB_7f53c12e20096748c0c6@73:53,UNKNOWN,SOLID,ced4c4300ffac6957c7c0ef85cbceeb6c89eb47ef91cd1565d4a0dc0bbdc0511
SV5_HUB_7f53c12e20096748c0c6,294,212,SOLID,73,53,SV5_HUB_7f53c12e20096748c0c6@73:53,UNKNOWN,SOLID,ced4c4300ffac6957c7c0ef85cbceeb6c89eb47ef91cd1565d4a0dc0bbdc0511
SV5_HUB_7f53c12e20096748c0c6,295,212,SOLID,73,53,SV5_HUB_7f53c12e20096748c0c6@73:53,UNKNOWN,SOLID,ced4c4300ffac6957c7c0ef85cbceeb6c89eb47ef91cd1565d4a0dc0bbdc0511
SV5_HUB_7f53c12e20096748c0c6,272,213,SOLID,68,53,SV5_HUB_7f53c12e20096748c0c6@68:53,UNKNOWN,SOLID,ced4c4300ffac6957c7c0ef85cbceeb6c89eb47ef91cd1565d4a0dc0bbdc0511
SV5_HUB_7f53c12e20096748c0c6,273,213,SOLID,68,53,SV5_HUB_7f53c12e20096748c0c6@68:53,UNKNOWN,SOLID,ced4c4300ffac6957c7c0ef85cbceeb6c89eb47ef91cd1565d4a0dc0bbdc0511
SV5_HUB_7f53c12e20096748c0c6,274,213,SOLID,68,53,SV5_HUB_7f53c12e20096748c0c6@68:53,UNKNOWN,SOLID,ced4c4300ffac6957c7c0ef85cbceeb6c89eb47ef91cd1565d4a0dc0bbdc0511
SV5_HUB_7f53c12e20096748c0c6,275,213,SOLID,68,53,SV5_HUB_7f53c12e20096748c0c6@68:53,UNKNOWN,SOLID,ced4c4300ffac6957c7c0ef85cbceeb6c89eb47ef91cd1565d4a0dc0bbdc0511
SV5_HUB_7f53c12e20096748c0c6,276,213,SOLID,69,53,SV5_HUB_7f53c12e20096748c0c6@69:53,UNKNOWN,SOLID,ced4c4300ffac6957c7c0ef85cbceeb6c89eb47ef91cd1565d4a0dc0bbdc0511
SV5_HUB_7f53c12e20096748c0c6,277,213,SOLID,69,53,SV5_HUB_7f53c12e20096748c0c6@69:53,UNKNOWN,SOLID,ced4c4300ffac6957c7c0ef85cbceeb6c89eb47ef91cd1565d4a0dc0bbdc0511
SV5_HUB_7f53c12e20096748c0c6,278,213,AIR,69,53,SV5_HUB_7f53c12e20096748c0c6@69:53,UNKNOWN,AIR,ced4c4300ffac6957c7c0ef85cbceeb6c89eb47ef91cd1565d4a0dc0bbdc0511
SV5_HUB_7f53c12e20096748c0c6,279,213,AIR,69,53,SV5_HUB_7f53c12e20096748c0c6@69:53,UNKNOWN,AIR,ced4c4300ffac6957c7c0ef85cbceeb6c89eb47ef91cd1565d4a0dc0bbdc0511
SV5_HUB_7f53c12e20096748c0c6,280,213,AIR,70,53,SV5_HUB_7f53c12e20096748c0c6@70:53,UNKNOWN,AIR,ced4c4300ffac6957c7c0ef85cbceeb6c89eb47ef91cd1565d4a0dc0bbdc0511
SV5_HUB_7f53c12e20096748c0c6,281,213,AIR,70,53,SV5_HUB_7f53c12e20096748c0c6@70:53,UNKNOWN,AIR,ced4c4300ffac6957c7c0ef85cbceeb6c89eb47ef91cd1565d4a0dc0bbdc0511
SV5_HUB_7f53c12e20096748c0c6,282,213,AIR,70,53,SV5_HUB_7f53c12e20096748c0c6@70:53,UNKNOWN,AIR,ced4c4300ffac6957c7c0ef85cbceeb6c89eb47ef91cd1565d4a0dc0bbdc0511
SV5_HUB_7f53c12e20096748c0c6,283,213,AIR,70,53,SV5_HUB_7f53c12e20096748c0c6@70:53,UNKNOWN,AIR,ced4c4300ffac6957c7c0ef85cbceeb6c89eb47ef91cd1565d4a0dc0bbdc0511
SV5_HUB_7f53c12e20096748c0c6,284,213,AIR,71,53,SV5_HUB_7f53c12e20096748c0c6@71:53,UNKNOWN,AIR,ced4c4300ffac6957c7c0ef85cbceeb6c89eb47ef91cd1565d4a0dc0bbdc0511
SV5_HUB_7f53c12e20096748c0c6,285,213,AIR,71,53,SV5_HUB_7f53c12e20096748c0c6@71:53,UNKNOWN,AIR,ced4c4300ffac6957c7c0ef85cbceeb6c89eb47ef91cd1565d4a0dc0bbdc0511
SV5_HUB_7f53c12e20096748c0c6,286,213,AIR,71,53,SV5_HUB_7f53c12e20096748c0c6@71:53,UNKNOWN,AIR,ced4c4300ffac6957c7c0ef85cbceeb6c89eb47ef91cd1565d4a0dc0bbdc0511
SV5_HUB_7f53c12e20096748c0c6,287,213,AIR,71,53,SV5_HUB_7f53c12e20096748c0c6@71:53,UNKNOWN,AIR,ced4c4300ffac6957c7c0ef85cbceeb6c89eb47ef91cd1565d4a0dc0bbdc0511
SV5_HUB_7f53c12e20096748c0c6,288,213,AIR,72,53,SV5_HUB_7f53c12e20096748c0c6@72:53,UNKNOWN,AIR,ced4c4300ffac6957c7c0ef85cbceeb6c89eb47ef91cd1565d4a0dc0bbdc0511
SV5_HUB_7f53c12e20096748c0c6,289,213,AIR,72,53,SV5_HUB_7f53c12e20096748c0c6@72:53,UNKNOWN,AIR,ced4c4300ffac6957c7c0ef85cbceeb6c89eb47ef91cd1565d4a0dc0bbdc0511
SV5_HUB_7f53c12e20096748c0c6,290,213,SOLID,72,53,SV5_HUB_7f53c12e20096748c0c6@72:53,UNKNOWN,SOLID,ced4c4300ffac6957c7c0ef85cbceeb6c89eb47ef91cd1565d4a0dc0bbdc0511
SV5_HUB_7f53c12e20096748c0c6,291,213,SOLID,72,53,SV5_HUB_7f53c12e20096748c0c6@72:53,UNKNOWN,SOLID,ced4c4300ffac6957c7c0ef85cbceeb6c89eb47ef91cd1565d4a0dc0bbdc0511
SV5_HUB_7f53c12e20096748c0c6,292,213,SOLID,73,53,SV5_HUB_7f53c12e20096748c0c6@73:53,UNKNOWN,SOLID,ced4c4300ffac6957c7c0ef85cbceeb6c89eb47ef91cd1565d4a0dc0bbdc0511
SV5_HUB_7f53c12e20096748c0c6,293,213,SOLID,73,53,SV5_HUB_7f53c12e20096748c0c6@73:53,UNKNOWN,SOLID,ced4c4300ffac6957c7c0ef85cbceeb6c89eb47ef91cd1565d4a0dc0bbdc0511
SV5_HUB_7f53c12e20096748c0c6,294,213,SOLID,73,53,SV5_HUB_7f53c12e20096748c0c6@73:53,UNKNOWN,SOLID,ced4c4300ffac6957c7c0ef85cbceeb6c89eb47ef91cd1565d4a0dc0bbdc0511
SV5_HUB_7f53c12e20096748c0c6,295,213,SOLID,73,53,SV5_HUB_7f53c12e20096748c0c6@73:53,UNKNOWN,SOLID,ced4c4300ffac6957c7c0ef85cbceeb6c89eb47ef91cd1565d4a0dc0bbdc0511
SV5_HUB_7f53c12e20096748c0c6,272,214,PORT_NECK,68,53,SV5_HUB_7f53c12e20096748c0c6@68:53,UNKNOWN,AIR,ced4c4300ffac6957c7c0ef85cbceeb6c89eb47ef91cd1565d4a0dc0bbdc0511
SV5_HUB_7f53c12e20096748c0c6,273,214,PORT_NECK,68,53,SV5_HUB_7f53c12e20096748c0c6@68:53,UNKNOWN,AIR,ced4c4300ffac6957c7c0ef85cbceeb6c89eb47ef91cd1565d4a0dc0bbdc0511
SV5_HUB_7f53c12e20096748c0c6,274,214,PORT_NECK,68,53,SV5_HUB_7f53c12e20096748c0c6@68:53,UNKNOWN,AIR,ced4c4300ffac6957c7c0ef85cbceeb6c89eb47ef91cd1565d4a0dc0bbdc0511
SV5_HUB_7f53c12e20096748c0c6,275,214,PORT_NECK,68,53,SV5_HUB_7f53c12e20096748c0c6@68:53,UNKNOWN,AIR,ced4c4300ffac6957c7c0ef85cbceeb6c89eb47ef91cd1565d4a0dc0bbdc0511
SV5_HUB_7f53c12e20096748c0c6,276,214,PORT_NECK,69,53,SV5_HUB_7f53c12e20096748c0c6@69:53,UNKNOWN,AIR,ced4c4300ffac6957c7c0ef85cbceeb6c89eb47ef91cd1565d4a0dc0bbdc0511
SV5_HUB_7f53c12e20096748c0c6,277,214,PORT_NECK,69,53,SV5_HUB_7f53c12e20096748c0c6@69:53,UNKNOWN,AIR,ced4c4300ffac6957c7c0ef85cbceeb6c89eb47ef91cd1565d4a0dc0bbdc0511
SV5_HUB_7f53c12e20096748c0c6,278,214,PORT_NECK,69,53,SV5_HUB_7f53c12e20096748c0c6@69:53,UNKNOWN,AIR,ced4c4300ffac6957c7c0ef85cbceeb6c89eb47ef91cd1565d4a0dc0bbdc0511
SV5_HUB_7f53c12e20096748c0c6,279,214,AIR,69,53,SV5_HUB_7f53c12e20096748c0c6@69:53,UNKNOWN,AIR,ced4c4300ffac6957c7c0ef85cbceeb6c89eb47ef91cd1565d4a0dc0bbdc0511
SV5_HUB_7f53c12e20096748c0c6,280,214,AIR,70,53,SV5_HUB_7f53c12e20096748c0c6@70:53,UNKNOWN,AIR,ced4c4300ffac6957c7c0ef85cbceeb6c89eb47ef91cd1565d4a0dc0bbdc0511
SV5_HUB_7f53c12e20096748c0c6,281,214,AIR,70,53,SV5_HUB_7f53c12e20096748c0c6@70:53,UNKNOWN,AIR,ced4c4300ffac6957c7c0ef85cbceeb6c89eb47ef91cd1565d4a0dc0bbdc0511
SV5_HUB_7f53c12e20096748c0c6,282,214,AIR,70,53,SV5_HUB_7f53c12e20096748c0c6@70:53,UNKNOWN,AIR,ced4c4300ffac6957c7c0ef85cbceeb6c89eb47ef91cd1565d4a0dc0bbdc0511
SV5_HUB_7f53c12e20096748c0c6,283,214,AIR,70,53,SV5_HUB_7f53c12e20096748c0c6@70:53,UNKNOWN,AIR,ced4c4300ffac6957c7c0ef85cbceeb6c89eb47ef91cd1565d4a0dc0bbdc0511
SV5_HUB_7f53c12e20096748c0c6,284,214,AIR,71,53,SV5_HUB_7f53c12e20096748c0c6@71:53,UNKNOWN,AIR,ced4c4300ffac6957c7c0ef85cbceeb6c89eb47ef91cd1565d4a0dc0bbdc0511
SV5_HUB_7f53c12e20096748c0c6,285,214,AIR,71,53,SV5_HUB_7f53c12e20096748c0c6@71:53,UNKNOWN,AIR,ced4c4300ffac6957c7c0ef85cbceeb6c89eb47ef91cd1565d4a0dc0bbdc0511
SV5_HUB_7f53c12e20096748c0c6,286,214,AIR,71,53,SV5_HUB_7f53c12e20096748c0c6@71:53,UNKNOWN,AIR,ced4c4300ffac6957c7c0ef85cbceeb6c89eb47ef91cd1565d4a0dc0bbdc0511
SV5_HUB_7f53c12e20096748c0c6,287,214,AIR,71,53,SV5_HUB_7f53c12e20096748c0c6@71:53,UNKNOWN,AIR,ced4c4300ffac6957c7c0ef85cbceeb6c89eb47ef91cd1565d4a0dc0bbdc0511
SV5_HUB_7f53c12e20096748c0c6,288,214,AIR,72,53,SV5_HUB_7f53c12e20096748c0c6@72:53,UNKNOWN,AIR,ced4c4300ffac6957c7c0ef85cbceeb6c89eb47ef91cd1565d4a0dc0bbdc0511
SV5_HUB_7f53c12e20096748c0c6,289,214,PORT_NECK,72,53,SV5_HUB_7f53c12e20096748c0c6@72:53,UNKNOWN,AIR,ced4c4300ffac6957c7c0ef85cbceeb6c89eb47ef91cd1565d4a0dc0bbdc0511
SV5_HUB_7f53c12e20096748c0c6,290,214,PORT_NECK,72,53,SV5_HUB_7f53c12e20096748c0c6@72:53,UNKNOWN,AIR,ced4c4300ffac6957c7c0ef85cbceeb6c89eb47ef91cd1565d4a0dc0bbdc0511
SV5_HUB_7f53c12e20096748c0c6,291,214,PORT_NECK,72,53,SV5_HUB_7f53c12e20096748c0c6@72:53,UNKNOWN,AIR,ced4c4300ffac6957c7c0ef85cbceeb6c89eb47ef91cd1565d4a0dc0bbdc0511
SV5_HUB_7f53c12e20096748c0c6,292,214,PORT_NECK,73,53,SV5_HUB_7f53c12e20096748c0c6@73:53,UNKNOWN,AIR,ced4c4300ffac6957c7c0ef85cbceeb6c89eb47ef91cd1565d4a0dc0bbdc0511
SV5_HUB_7f53c12e20096748c0c6,293,214,PORT_NECK,73,53,SV5_HUB_7f53c12e20096748c0c6@73:53,UNKNOWN,AIR,ced4c4300ffac6957c7c0ef85cbceeb6c89eb47ef91cd1565d4a0dc0bbdc0511
SV5_HUB_7f53c12e20096748c0c6,294,214,PORT_NECK,73,53,SV5_HUB_7f53c12e20096748c0c6@73:53,UNKNOWN,AIR,ced4c4300ffac6957c7c0ef85cbceeb6c89eb47ef91cd1565d4a0dc0bbdc0511
SV5_HUB_7f53c12e20096748c0c6,295,214,PORT_NECK,73,53,SV5_HUB_7f53c12e20096748c0c6@73:53,UNKNOWN,AIR,ced4c4300ffac6957c7c0ef85cbceeb6c89eb47ef91cd1565d4a0dc0bbdc0511
SV5_HUB_7f53c12e20096748c0c6,272,215,PORT_NECK,68,53,SV5_HUB_7f53c12e20096748c0c6@68:53,UNKNOWN,AIR,ced4c4300ffac6957c7c0ef85cbceeb6c89eb47ef91cd1565d4a0dc0bbdc0511
SV5_HUB_7f53c12e20096748c0c6,273,215,PORT_NECK,68,53,SV5_HUB_7f53c12e20096748c0c6@68:53,UNKNOWN,AIR,ced4c4300ffac6957c7c0ef85cbceeb6c89eb47ef91cd1565d4a0dc0bbdc0511
SV5_HUB_7f53c12e20096748c0c6,274,215,PORT_NECK,68,53,SV5_HUB_7f53c12e20096748c0c6@68:53,UNKNOWN,AIR,ced4c4300ffac6957c7c0ef85cbceeb6c89eb47ef91cd1565d4a0dc0bbdc0511
SV5_HUB_7f53c12e20096748c0c6,275,215,PORT_NECK,68,53,SV5_HUB_7f53c12e20096748c0c6@68:53,UNKNOWN,AIR,ced4c4300ffac6957c7c0ef85cbceeb6c89eb47ef91cd1565d4a0dc0bbdc0511
SV5_HUB_7f53c12e20096748c0c6,276,215,PORT_NECK,69,53,SV5_HUB_7f53c12e20096748c0c6@69:53,UNKNOWN,AIR,ced4c4300ffac6957c7c0ef85cbceeb6c89eb47ef91cd1565d4a0dc0bbdc0511
SV5_HUB_7f53c12e20096748c0c6,277,215,PORT_NECK,69,53,SV5_HUB_7f53c12e20096748c0c6@69:53,UNKNOWN,AIR,ced4c4300ffac6957c7c0ef85cbceeb6c89eb47ef91cd1565d4a0dc0bbdc0511
SV5_HUB_7f53c12e20096748c0c6,278,215,PORT_NECK,69,53,SV5_HUB_7f53c12e20096748c0c6@69:53,UNKNOWN,AIR,ced4c4300ffac6957c7c0ef85cbceeb6c89eb47ef91cd1565d4a0dc0bbdc0511
SV5_HUB_7f53c12e20096748c0c6,279,215,AIR,69,53,SV5_HUB_7f53c12e20096748c0c6@69:53,UNKNOWN,AIR,ced4c4300ffac6957c7c0ef85cbceeb6c89eb47ef91cd1565d4a0dc0bbdc0511
SV5_HUB_7f53c12e20096748c0c6,280,215,AIR,70,53,SV5_HUB_7f53c12e20096748c0c6@70:53,UNKNOWN,AIR,ced4c4300ffac6957c7c0ef85cbceeb6c89eb47ef91cd1565d4a0dc0bbdc0511
SV5_HUB_7f53c12e20096748c0c6,281,215,AIR,70,53,SV5_HUB_7f53c12e20096748c0c6@70:53,UNKNOWN,AIR,ced4c4300ffac6957c7c0ef85cbceeb6c89eb47ef91cd1565d4a0dc0bbdc0511
SV5_HUB_7f53c12e20096748c0c6,282,215,AIR,70,53,SV5_HUB_7f53c12e20096748c0c6@70:53,UNKNOWN,AIR,ced4c4300ffac6957c7c0ef85cbceeb6c89eb47ef91cd1565d4a0dc0bbdc0511
SV5_HUB_7f53c12e20096748c0c6,283,215,AIR,70,53,SV5_HUB_7f53c12e20096748c0c6@70:53,UNKNOWN,AIR,ced4c4300ffac6957c7c0ef85cbceeb6c89eb47ef91cd1565d4a0dc0bbdc0511
SV5_HUB_7f53c12e20096748c0c6,284,215,AIR,71,53,SV5_HUB_7f53c12e20096748c0c6@71:53,UNKNOWN,AIR,ced4c4300ffac6957c7c0ef85cbceeb6c89eb47ef91cd1565d4a0dc0bbdc0511
SV5_HUB_7f53c12e20096748c0c6,285,215,AIR,71,53,SV5_HUB_7f53c12e20096748c0c6@71:53,UNKNOWN,AIR,ced4c4300ffac6957c7c0ef85cbceeb6c89eb47ef91cd1565d4a0dc0bbdc0511
SV5_HUB_7f53c12e20096748c0c6,286,215,AIR,71,53,SV5_HUB_7f53c12e20096748c0c6@71:53,UNKNOWN,AIR,ced4c4300ffac6957c7c0ef85cbceeb6c89eb47ef91cd1565d4a0dc0bbdc0511
SV5_HUB_7f53c12e20096748c0c6,287,215,AIR,71,53,SV5_HUB_7f53c12e20096748c0c6@71:53,UNKNOWN,AIR,ced4c4300ffac6957c7c0ef85cbceeb6c89eb47ef91cd1565d4a0dc0bbdc0511
SV5_HUB_7f53c12e20096748c0c6,288,215,AIR,72,53,SV5_HUB_7f53c12e20096748c0c6@72:53,UNKNOWN,AIR,ced4c4300ffac6957c7c0ef85cbceeb6c89eb47ef91cd1565d4a0dc0bbdc0511
SV5_HUB_7f53c12e20096748c0c6,289,215,PORT_NECK,72,53,SV5_HUB_7f53c12e20096748c0c6@72:53,UNKNOWN,AIR,ced4c4300ffac6957c7c0ef85cbceeb6c89eb47ef91cd1565d4a0dc0bbdc0511
SV5_HUB_7f53c12e20096748c0c6,290,215,PORT_NECK,72,53,SV5_HUB_7f53c12e20096748c0c6@72:53,UNKNOWN,AIR,ced4c4300ffac6957c7c0ef85cbceeb6c89eb47ef91cd1565d4a0dc0bbdc0511
SV5_HUB_7f53c12e20096748c0c6,291,215,PORT_NECK,72,53,SV5_HUB_7f53c12e20096748c0c6@72:53,UNKNOWN,AIR,ced4c4300ffac6957c7c0ef85cbceeb6c89eb47ef91cd1565d4a0dc0bbdc0511
SV5_HUB_7f53c12e20096748c0c6,292,215,PORT_NECK,73,53,SV5_HUB_7f53c12e20096748c0c6@73:53,UNKNOWN,AIR,ced4c4300ffac6957c7c0ef85cbceeb6c89eb47ef91cd1565d4a0dc0bbdc0511
SV5_HUB_7f53c12e20096748c0c6,293,215,PORT_NECK,73,53,SV5_HUB_7f53c12e20096748c0c6@73:53,UNKNOWN,AIR,ced4c4300ffac6957c7c0ef85cbceeb6c89eb47ef91cd1565d4a0dc0bbdc0511
SV5_HUB_7f53c12e20096748c0c6,294,215,PORT_NECK,73,53,SV5_HUB_7f53c12e20096748c0c6@73:53,UNKNOWN,AIR,ced4c4300ffac6957c7c0ef85cbceeb6c89eb47ef91cd1565d4a0dc0bbdc0511
SV5_HUB_7f53c12e20096748c0c6,295,215,PORT_NECK,73,53,SV5_HUB_7f53c12e20096748c0c6@73:53,UNKNOWN,AIR,ced4c4300ffac6957c7c0ef85cbceeb6c89eb47ef91cd1565d4a0dc0bbdc0511
SV5_HUB_7f53c12e20096748c0c6,272,216,PORT_NECK,68,54,SV5_HUB_7f53c12e20096748c0c6@68:54,UNKNOWN,AIR,ced4c4300ffac6957c7c0ef85cbceeb6c89eb47ef91cd1565d4a0dc0bbdc0511
SV5_HUB_7f53c12e20096748c0c6,273,216,PORT_NECK,68,54,SV5_HUB_7f53c12e20096748c0c6@68:54,UNKNOWN,AIR,ced4c4300ffac6957c7c0ef85cbceeb6c89eb47ef91cd1565d4a0dc0bbdc0511
SV5_HUB_7f53c12e20096748c0c6,274,216,PORT_NECK,68,54,SV5_HUB_7f53c12e20096748c0c6@68:54,UNKNOWN,AIR,ced4c4300ffac6957c7c0ef85cbceeb6c89eb47ef91cd1565d4a0dc0bbdc0511
SV5_HUB_7f53c12e20096748c0c6,275,216,PORT_NECK,68,54,SV5_HUB_7f53c12e20096748c0c6@68:54,UNKNOWN,AIR,ced4c4300ffac6957c7c0ef85cbceeb6c89eb47ef91cd1565d4a0dc0bbdc0511
SV5_HUB_7f53c12e20096748c0c6,276,216,PORT_NECK,69,54,SV5_HUB_7f53c12e20096748c0c6@69:54,UNKNOWN,AIR,ced4c4300ffac6957c7c0ef85cbceeb6c89eb47ef91cd1565d4a0dc0bbdc0511
SV5_HUB_7f53c12e20096748c0c6,277,216,PORT_NECK,69,54,SV5_HUB_7f53c12e20096748c0c6@69:54,UNKNOWN,AIR,ced4c4300ffac6957c7c0ef85cbceeb6c89eb47ef91cd1565d4a0dc0bbdc0511
SV5_HUB_7f53c12e20096748c0c6,278,216,PORT_NECK,69,54,SV5_HUB_7f53c12e20096748c0c6@69:54,UNKNOWN,AIR,ced4c4300ffac6957c7c0ef85cbceeb6c89eb47ef91cd1565d4a0dc0bbdc0511
SV5_HUB_7f53c12e20096748c0c6,279,216,AIR,69,54,SV5_HUB_7f53c12e20096748c0c6@69:54,UNKNOWN,AIR,ced4c4300ffac6957c7c0ef85cbceeb6c89eb47ef91cd1565d4a0dc0bbdc0511
SV5_HUB_7f53c12e20096748c0c6,280,216,AIR,70,54,SV5_HUB_7f53c12e20096748c0c6@70:54,UNKNOWN,AIR,ced4c4300ffac6957c7c0ef85cbceeb6c89eb47ef91cd1565d4a0dc0bbdc0511
SV5_HUB_7f53c12e20096748c0c6,281,216,AIR,70,54,SV5_HUB_7f53c12e20096748c0c6@70:54,UNKNOWN,AIR,ced4c4300ffac6957c7c0ef85cbceeb6c89eb47ef91cd1565d4a0dc0bbdc0511
SV5_HUB_7f53c12e20096748c0c6,282,216,RESERVED_TREE,70,54,SV5_HUB_7f53c12e20096748c0c6@70:54,UNKNOWN,AIR,ced4c4300ffac6957c7c0ef85cbceeb6c89eb47ef91cd1565d4a0dc0bbdc0511
SV5_HUB_7f53c12e20096748c0c6,283,216,RESERVED_TREE,70,54,SV5_HUB_7f53c12e20096748c0c6@70:54,UNKNOWN,AIR,ced4c4300ffac6957c7c0ef85cbceeb6c89eb47ef91cd1565d4a0dc0bbdc0511
SV5_HUB_7f53c12e20096748c0c6,284,216,RESERVED_TREE,71,54,SV5_HUB_7f53c12e20096748c0c6@71:54,UNKNOWN,AIR,ced4c4300ffac6957c7c0ef85cbceeb6c89eb47ef91cd1565d4a0dc0bbdc0511
SV5_HUB_7f53c12e20096748c0c6,285,216,RESERVED_TREE,71,54,SV5_HUB_7f53c12e20096748c0c6@71:54,UNKNOWN,AIR,ced4c4300ffac6957c7c0ef85cbceeb6c89eb47ef91cd1565d4a0dc0bbdc0511
SV5_HUB_7f53c12e20096748c0c6,286,216,AIR,71,54,SV5_HUB_7f53c12e20096748c0c6@71:54,UNKNOWN,AIR,ced4c4300ffac6957c7c0ef85cbceeb6c89eb47ef91cd1565d4a0dc0bbdc0511
SV5_HUB_7f53c12e20096748c0c6,287,216,AIR,71,54,SV5_HUB_7f53c12e20096748c0c6@71:54,UNKNOWN,AIR,ced4c4300ffac6957c7c0ef85cbceeb6c89eb47ef91cd1565d4a0dc0bbdc0511
SV5_HUB_7f53c12e20096748c0c6,288,216,AIR,72,54,SV5_HUB_7f53c12e20096748c0c6@72:54,UNKNOWN,AIR,ced4c4300ffac6957c7c0ef85cbceeb6c89eb47ef91cd1565d4a0dc0bbdc0511
SV5_HUB_7f53c12e20096748c0c6,289,216,PORT_NECK,72,54,SV5_HUB_7f53c12e20096748c0c6@72:54,UNKNOWN,AIR,ced4c4300ffac6957c7c0ef85cbceeb6c89eb47ef91cd1565d4a0dc0bbdc0511
SV5_HUB_7f53c12e20096748c0c6,290,216,PORT_NECK,72,54,SV5_HUB_7f53c12e20096748c0c6@72:54,UNKNOWN,AIR,ced4c4300ffac6957c7c0ef85cbceeb6c89eb47ef91cd1565d4a0dc0bbdc0511
SV5_HUB_7f53c12e20096748c0c6,291,216,PORT_NECK,72,54,SV5_HUB_7f53c12e20096748c0c6@72:54,UNKNOWN,AIR,ced4c4300ffac6957c7c0ef85cbceeb6c89eb47ef91cd1565d4a0dc0bbdc0511
SV5_HUB_7f53c12e20096748c0c6,292,216,PORT_NECK,73,54,SV5_HUB_7f53c12e20096748c0c6@73:54,UNKNOWN,AIR,ced4c4300ffac6957c7c0ef85cbceeb6c89eb47ef91cd1565d4a0dc0bbdc0511
SV5_HUB_7f53c12e20096748c0c6,293,216,PORT_NECK,73,54,SV5_HUB_7f53c12e20096748c0c6@73:54,UNKNOWN,AIR,ced4c4300ffac6957c7c0ef85cbceeb6c89eb47ef91cd1565d4a0dc0bbdc0511
SV5_HUB_7f53c12e20096748c0c6,294,216,PORT_NECK,73,54,SV5_HUB_7f53c12e20096748c0c6@73:54,UNKNOWN,AIR,ced4c4300ffac6957c7c0ef85cbceeb6c89eb47ef91cd1565d4a0dc0bbdc0511
SV5_HUB_7f53c12e20096748c0c6,295,216,PORT_NECK,73,54,SV5_HUB_7f53c12e20096748c0c6@73:54,UNKNOWN,AIR,ced4c4300ffac6957c7c0ef85cbceeb6c89eb47ef91cd1565d4a0dc0bbdc0511
SV5_HUB_7f53c12e20096748c0c6,272,217,PORT_NECK,68,54,SV5_HUB_7f53c12e20096748c0c6@68:54,UNKNOWN,AIR,ced4c4300ffac6957c7c0ef85cbceeb6c89eb47ef91cd1565d4a0dc0bbdc0511
SV5_HUB_7f53c12e20096748c0c6,273,217,PORT_NECK,68,54,SV5_HUB_7f53c12e20096748c0c6@68:54,UNKNOWN,AIR,ced4c4300ffac6957c7c0ef85cbceeb6c89eb47ef91cd1565d4a0dc0bbdc0511
SV5_HUB_7f53c12e20096748c0c6,274,217,PORT_NECK,68,54,SV5_HUB_7f53c12e20096748c0c6@68:54,UNKNOWN,AIR,ced4c4300ffac6957c7c0ef85cbceeb6c89eb47ef91cd1565d4a0dc0bbdc0511
SV5_HUB_7f53c12e20096748c0c6,275,217,PORT_NECK,68,54,SV5_HUB_7f53c12e20096748c0c6@68:54,UNKNOWN,AIR,ced4c4300ffac6957c7c0ef85cbceeb6c89eb47ef91cd1565d4a0dc0bbdc0511
SV5_HUB_7f53c12e20096748c0c6,276,217,PORT_NECK,69,54,SV5_HUB_7f53c12e20096748c0c6@69:54,UNKNOWN,AIR,ced4c4300ffac6957c7c0ef85cbceeb6c89eb47ef91cd1565d4a0dc0bbdc0511
SV5_HUB_7f53c12e20096748c0c6,277,217,PORT_NECK,69,54,SV5_HUB_7f53c12e20096748c0c6@69:54,UNKNOWN,AIR,ced4c4300ffac6957c7c0ef85cbceeb6c89eb47ef91cd1565d4a0dc0bbdc0511
SV5_HUB_7f53c12e20096748c0c6,278,217,PORT_NECK,69,54,SV5_HUB_7f53c12e20096748c0c6@69:54,UNKNOWN,AIR,ced4c4300ffac6957c7c0ef85cbceeb6c89eb47ef91cd1565d4a0dc0bbdc0511
SV5_HUB_7f53c12e20096748c0c6,279,217,AIR,69,54,SV5_HUB_7f53c12e20096748c0c6@69:54,UNKNOWN,AIR,ced4c4300ffac6957c7c0ef85cbceeb6c89eb47ef91cd1565d4a0dc0bbdc0511
SV5_HUB_7f53c12e20096748c0c6,280,217,AIR,70,54,SV5_HUB_7f53c12e20096748c0c6@70:54,UNKNOWN,AIR,ced4c4300ffac6957c7c0ef85cbceeb6c89eb47ef91cd1565d4a0dc0bbdc0511
SV5_HUB_7f53c12e20096748c0c6,281,217,AIR,70,54,SV5_HUB_7f53c12e20096748c0c6@70:54,UNKNOWN,AIR,ced4c4300ffac6957c7c0ef85cbceeb6c89eb47ef91cd1565d4a0dc0bbdc0511
SV5_HUB_7f53c12e20096748c0c6,282,217,RESERVED_TREE,70,54,SV5_HUB_7f53c12e20096748c0c6@70:54,UNKNOWN,AIR,ced4c4300ffac6957c7c0ef85cbceeb6c89eb47ef91cd1565d4a0dc0bbdc0511
SV5_HUB_7f53c12e20096748c0c6,283,217,RESERVED_TREE,70,54,SV5_HUB_7f53c12e20096748c0c6@70:54,UNKNOWN,AIR,ced4c4300ffac6957c7c0ef85cbceeb6c89eb47ef91cd1565d4a0dc0bbdc0511
SV5_HUB_7f53c12e20096748c0c6,284,217,RESERVED_TREE,71,54,SV5_HUB_7f53c12e20096748c0c6@71:54,UNKNOWN,AIR,ced4c4300ffac6957c7c0ef85cbceeb6c89eb47ef91cd1565d4a0dc0bbdc0511
SV5_HUB_7f53c12e20096748c0c6,285,217,RESERVED_TREE,71,54,SV5_HUB_7f53c12e20096748c0c6@71:54,UNKNOWN,AIR,ced4c4300ffac6957c7c0ef85cbceeb6c89eb47ef91cd1565d4a0dc0bbdc0511
SV5_HUB_7f53c12e20096748c0c6,286,217,AIR,71,54,SV5_HUB_7f53c12e20096748c0c6@71:54,UNKNOWN,AIR,ced4c4300ffac6957c7c0ef85cbceeb6c89eb47ef91cd1565d4a0dc0bbdc0511
SV5_HUB_7f53c12e20096748c0c6,287,217,AIR,71,54,SV5_HUB_7f53c12e20096748c0c6@71:54,UNKNOWN,AIR,ced4c4300ffac6957c7c0ef85cbceeb6c89eb47ef91cd1565d4a0dc0bbdc0511
SV5_HUB_7f53c12e20096748c0c6,288,217,AIR,72,54,SV5_HUB_7f53c12e20096748c0c6@72:54,UNKNOWN,AIR,ced4c4300ffac6957c7c0ef85cbceeb6c89eb47ef91cd1565d4a0dc0bbdc0511
SV5_HUB_7f53c12e20096748c0c6,289,217,PORT_NECK,72,54,SV5_HUB_7f53c12e20096748c0c6@72:54,UNKNOWN,AIR,ced4c4300ffac6957c7c0ef85cbceeb6c89eb47ef91cd1565d4a0dc0bbdc0511
SV5_HUB_7f53c12e20096748c0c6,290,217,PORT_NECK,72,54,SV5_HUB_7f53c12e20096748c0c6@72:54,UNKNOWN,AIR,ced4c4300ffac6957c7c0ef85cbceeb6c89eb47ef91cd1565d4a0dc0bbdc0511
SV5_HUB_7f53c12e20096748c0c6,291,217,PORT_NECK,72,54,SV5_HUB_7f53c12e20096748c0c6@72:54,UNKNOWN,AIR,ced4c4300ffac6957c7c0ef85cbceeb6c89eb47ef91cd1565d4a0dc0bbdc0511
SV5_HUB_7f53c12e20096748c0c6,292,217,PORT_NECK,73,54,SV5_HUB_7f53c12e20096748c0c6@73:54,UNKNOWN,AIR,ced4c4300ffac6957c7c0ef85cbceeb6c89eb47ef91cd1565d4a0dc0bbdc0511
SV5_HUB_7f53c12e20096748c0c6,293,217,PORT_NECK,73,54,SV5_HUB_7f53c12e20096748c0c6@73:54,UNKNOWN,AIR,ced4c4300ffac6957c7c0ef85cbceeb6c89eb47ef91cd1565d4a0dc0bbdc0511
SV5_HUB_7f53c12e20096748c0c6,294,217,PORT_NECK,73,54,SV5_HUB_7f53c12e20096748c0c6@73:54,UNKNOWN,AIR,ced4c4300ffac6957c7c0ef85cbceeb6c89eb47ef91cd1565d4a0dc0bbdc0511
SV5_HUB_7f53c12e20096748c0c6,295,217,PORT_NECK,73,54,SV5_HUB_7f53c12e20096748c0c6@73:54,UNKNOWN,AIR,ced4c4300ffac6957c7c0ef85cbceeb6c89eb47ef91cd1565d4a0dc0bbdc0511
SV5_HUB_7f53c12e20096748c0c6,272,218,PORT_NECK,68,54,SV5_HUB_7f53c12e20096748c0c6@68:54,UNKNOWN,AIR,ced4c4300ffac6957c7c0ef85cbceeb6c89eb47ef91cd1565d4a0dc0bbdc0511
SV5_HUB_7f53c12e20096748c0c6,273,218,PORT_NECK,68,54,SV5_HUB_7f53c12e20096748c0c6@68:54,UNKNOWN,AIR,ced4c4300ffac6957c7c0ef85cbceeb6c89eb47ef91cd1565d4a0dc0bbdc0511
SV5_HUB_7f53c12e20096748c0c6,274,218,PORT_NECK,68,54,SV5_HUB_7f53c12e20096748c0c6@68:54,UNKNOWN,AIR,ced4c4300ffac6957c7c0ef85cbceeb6c89eb47ef91cd1565d4a0dc0bbdc0511
SV5_HUB_7f53c12e20096748c0c6,275,218,PORT_NECK,68,54,SV5_HUB_7f53c12e20096748c0c6@68:54,UNKNOWN,AIR,ced4c4300ffac6957c7c0ef85cbceeb6c89eb47ef91cd1565d4a0dc0bbdc0511
SV5_HUB_7f53c12e20096748c0c6,276,218,PORT_NECK,69,54,SV5_HUB_7f53c12e20096748c0c6@69:54,UNKNOWN,AIR,ced4c4300ffac6957c7c0ef85cbceeb6c89eb47ef91cd1565d4a0dc0bbdc0511
SV5_HUB_7f53c12e20096748c0c6,277,218,PORT_NECK,69,54,SV5_HUB_7f53c12e20096748c0c6@69:54,UNKNOWN,AIR,ced4c4300ffac6957c7c0ef85cbceeb6c89eb47ef91cd1565d4a0dc0bbdc0511
SV5_HUB_7f53c12e20096748c0c6,278,218,PORT_NECK,69,54,SV5_HUB_7f53c12e20096748c0c6@69:54,UNKNOWN,AIR,ced4c4300ffac6957c7c0ef85cbceeb6c89eb47ef91cd1565d4a0dc0bbdc0511
SV5_HUB_7f53c12e20096748c0c6,279,218,AIR,69,54,SV5_HUB_7f53c12e20096748c0c6@69:54,UNKNOWN,AIR,ced4c4300ffac6957c7c0ef85cbceeb6c89eb47ef91cd1565d4a0dc0bbdc0511
SV5_HUB_7f53c12e20096748c0c6,280,218,AIR,70,54,SV5_HUB_7f53c12e20096748c0c6@70:54,UNKNOWN,AIR,ced4c4300ffac6957c7c0ef85cbceeb6c89eb47ef91cd1565d4a0dc0bbdc0511
SV5_HUB_7f53c12e20096748c0c6,281,218,AIR,70,54,SV5_HUB_7f53c12e20096748c0c6@70:54,UNKNOWN,AIR,ced4c4300ffac6957c7c0ef85cbceeb6c89eb47ef91cd1565d4a0dc0bbdc0511
SV5_HUB_7f53c12e20096748c0c6,282,218,RESERVED_TREE,70,54,SV5_HUB_7f53c12e20096748c0c6@70:54,UNKNOWN,AIR,ced4c4300ffac6957c7c0ef85cbceeb6c89eb47ef91cd1565d4a0dc0bbdc0511
SV5_HUB_7f53c12e20096748c0c6,283,218,RESERVED_TREE,70,54,SV5_HUB_7f53c12e20096748c0c6@70:54,UNKNOWN,AIR,ced4c4300ffac6957c7c0ef85cbceeb6c89eb47ef91cd1565d4a0dc0bbdc0511
SV5_HUB_7f53c12e20096748c0c6,284,218,RESERVED_TREE,71,54,SV5_HUB_7f53c12e20096748c0c6@71:54,UNKNOWN,AIR,ced4c4300ffac6957c7c0ef85cbceeb6c89eb47ef91cd1565d4a0dc0bbdc0511
SV5_HUB_7f53c12e20096748c0c6,285,218,RESERVED_TREE,71,54,SV5_HUB_7f53c12e20096748c0c6@71:54,UNKNOWN,AIR,ced4c4300ffac6957c7c0ef85cbceeb6c89eb47ef91cd1565d4a0dc0bbdc0511
SV5_HUB_7f53c12e20096748c0c6,286,218,AIR,71,54,SV5_HUB_7f53c12e20096748c0c6@71:54,UNKNOWN,AIR,ced4c4300ffac6957c7c0ef85cbceeb6c89eb47ef91cd1565d4a0dc0bbdc0511
SV5_HUB_7f53c12e20096748c0c6,287,218,AIR,71,54,SV5_HUB_7f53c12e20096748c0c6@71:54,UNKNOWN,AIR,ced4c4300ffac6957c7c0ef85cbceeb6c89eb47ef91cd1565d4a0dc0bbdc0511
SV5_HUB_7f53c12e20096748c0c6,288,218,AIR,72,54,SV5_HUB_7f53c12e20096748c0c6@72:54,UNKNOWN,AIR,ced4c4300ffac6957c7c0ef85cbceeb6c89eb47ef91cd1565d4a0dc0bbdc0511
SV5_HUB_7f53c12e20096748c0c6,289,218,PORT_NECK,72,54,SV5_HUB_7f53c12e20096748c0c6@72:54,UNKNOWN,AIR,ced4c4300ffac6957c7c0ef85cbceeb6c89eb47ef91cd1565d4a0dc0bbdc0511
SV5_HUB_7f53c12e20096748c0c6,290,218,PORT_NECK,72,54,SV5_HUB_7f53c12e20096748c0c6@72:54,UNKNOWN,AIR,ced4c4300ffac6957c7c0ef85cbceeb6c89eb47ef91cd1565d4a0dc0bbdc0511
SV5_HUB_7f53c12e20096748c0c6,291,218,PORT_NECK,72,54,SV5_HUB_7f53c12e20096748c0c6@72:54,UNKNOWN,AIR,ced4c4300ffac6957c7c0ef85cbceeb6c89eb47ef91cd1565d4a0dc0bbdc0511
SV5_HUB_7f53c12e20096748c0c6,292,218,PORT_NECK,73,54,SV5_HUB_7f53c12e20096748c0c6@73:54,UNKNOWN,AIR,ced4c4300ffac6957c7c0ef85cbceeb6c89eb47ef91cd1565d4a0dc0bbdc0511
SV5_HUB_7f53c12e20096748c0c6,293,218,PORT_NECK,73,54,SV5_HUB_7f53c12e20096748c0c6@73:54,UNKNOWN,AIR,ced4c4300ffac6957c7c0ef85cbceeb6c89eb47ef91cd1565d4a0dc0bbdc0511
SV5_HUB_7f53c12e20096748c0c6,294,218,PORT_NECK,73,54,SV5_HUB_7f53c12e20096748c0c6@73:54,UNKNOWN,AIR,ced4c4300ffac6957c7c0ef85cbceeb6c89eb47ef91cd1565d4a0dc0bbdc0511
SV5_HUB_7f53c12e20096748c0c6,295,218,PORT_NECK,73,54,SV5_HUB_7f53c12e20096748c0c6@73:54,UNKNOWN,AIR,ced4c4300ffac6957c7c0ef85cbceeb6c89eb47ef91cd1565d4a0dc0bbdc0511
SV5_HUB_7f53c12e20096748c0c6,272,219,PORT_NECK,68,54,SV5_HUB_7f53c12e20096748c0c6@68:54,UNKNOWN,AIR,ced4c4300ffac6957c7c0ef85cbceeb6c89eb47ef91cd1565d4a0dc0bbdc0511
SV5_HUB_7f53c12e20096748c0c6,273,219,PORT_NECK,68,54,SV5_HUB_7f53c12e20096748c0c6@68:54,UNKNOWN,AIR,ced4c4300ffac6957c7c0ef85cbceeb6c89eb47ef91cd1565d4a0dc0bbdc0511
SV5_HUB_7f53c12e20096748c0c6,274,219,PORT_NECK,68,54,SV5_HUB_7f53c12e20096748c0c6@68:54,UNKNOWN,AIR,ced4c4300ffac6957c7c0ef85cbceeb6c89eb47ef91cd1565d4a0dc0bbdc0511
SV5_HUB_7f53c12e20096748c0c6,275,219,PORT_NECK,68,54,SV5_HUB_7f53c12e20096748c0c6@68:54,UNKNOWN,AIR,ced4c4300ffac6957c7c0ef85cbceeb6c89eb47ef91cd1565d4a0dc0bbdc0511
SV5_HUB_7f53c12e20096748c0c6,276,219,PORT_NECK,69,54,SV5_HUB_7f53c12e20096748c0c6@69:54,UNKNOWN,AIR,ced4c4300ffac6957c7c0ef85cbceeb6c89eb47ef91cd1565d4a0dc0bbdc0511
SV5_HUB_7f53c12e20096748c0c6,277,219,PORT_NECK,69,54,SV5_HUB_7f53c12e20096748c0c6@69:54,UNKNOWN,AIR,ced4c4300ffac6957c7c0ef85cbceeb6c89eb47ef91cd1565d4a0dc0bbdc0511
SV5_HUB_7f53c12e20096748c0c6,278,219,PORT_NECK,69,54,SV5_HUB_7f53c12e20096748c0c6@69:54,UNKNOWN,AIR,ced4c4300ffac6957c7c0ef85cbceeb6c89eb47ef91cd1565d4a0dc0bbdc0511
SV5_HUB_7f53c12e20096748c0c6,279,219,AIR,69,54,SV5_HUB_7f53c12e20096748c0c6@69:54,UNKNOWN,AIR,ced4c4300ffac6957c7c0ef85cbceeb6c89eb47ef91cd1565d4a0dc0bbdc0511
SV5_HUB_7f53c12e20096748c0c6,280,219,AIR,70,54,SV5_HUB_7f53c12e20096748c0c6@70:54,UNKNOWN,AIR,ced4c4300ffac6957c7c0ef85cbceeb6c89eb47ef91cd1565d4a0dc0bbdc0511
SV5_HUB_7f53c12e20096748c0c6,281,219,AIR,70,54,SV5_HUB_7f53c12e20096748c0c6@70:54,UNKNOWN,AIR,ced4c4300ffac6957c7c0ef85cbceeb6c89eb47ef91cd1565d4a0dc0bbdc0511
SV5_HUB_7f53c12e20096748c0c6,282,219,RESERVED_TREE,70,54,SV5_HUB_7f53c12e20096748c0c6@70:54,UNKNOWN,AIR,ced4c4300ffac6957c7c0ef85cbceeb6c89eb47ef91cd1565d4a0dc0bbdc0511
SV5_HUB_7f53c12e20096748c0c6,283,219,RESERVED_TREE,70,54,SV5_HUB_7f53c12e20096748c0c6@70:54,UNKNOWN,AIR,ced4c4300ffac6957c7c0ef85cbceeb6c89eb47ef91cd1565d4a0dc0bbdc0511
SV5_HUB_7f53c12e20096748c0c6,284,219,RESERVED_TREE,71,54,SV5_HUB_7f53c12e20096748c0c6@71:54,UNKNOWN,AIR,ced4c4300ffac6957c7c0ef85cbceeb6c89eb47ef91cd1565d4a0dc0bbdc0511
SV5_HUB_7f53c12e20096748c0c6,285,219,RESERVED_TREE,71,54,SV5_HUB_7f53c12e20096748c0c6@71:54,UNKNOWN,AIR,ced4c4300ffac6957c7c0ef85cbceeb6c89eb47ef91cd1565d4a0dc0bbdc0511
SV5_HUB_7f53c12e20096748c0c6,286,219,AIR,71,54,SV5_HUB_7f53c12e20096748c0c6@71:54,UNKNOWN,AIR,ced4c4300ffac6957c7c0ef85cbceeb6c89eb47ef91cd1565d4a0dc0bbdc0511
SV5_HUB_7f53c12e20096748c0c6,287,219,AIR,71,54,SV5_HUB_7f53c12e20096748c0c6@71:54,UNKNOWN,AIR,ced4c4300ffac6957c7c0ef85cbceeb6c89eb47ef91cd1565d4a0dc0bbdc0511
SV5_HUB_7f53c12e20096748c0c6,288,219,AIR,72,54,SV5_HUB_7f53c12e20096748c0c6@72:54,UNKNOWN,AIR,ced4c4300ffac6957c7c0ef85cbceeb6c89eb47ef91cd1565d4a0dc0bbdc0511
SV5_HUB_7f53c12e20096748c0c6,289,219,PORT_NECK,72,54,SV5_HUB_7f53c12e20096748c0c6@72:54,UNKNOWN,AIR,ced4c4300ffac6957c7c0ef85cbceeb6c89eb47ef91cd1565d4a0dc0bbdc0511
SV5_HUB_7f53c12e20096748c0c6,290,219,PORT_NECK,72,54,SV5_HUB_7f53c12e20096748c0c6@72:54,UNKNOWN,AIR,ced4c4300ffac6957c7c0ef85cbceeb6c89eb47ef91cd1565d4a0dc0bbdc0511
SV5_HUB_7f53c12e20096748c0c6,291,219,PORT_NECK,72,54,SV5_HUB_7f53c12e20096748c0c6@72:54,UNKNOWN,AIR,ced4c4300ffac6957c7c0ef85cbceeb6c89eb47ef91cd1565d4a0dc0bbdc0511
SV5_HUB_7f53c12e20096748c0c6,292,219,PORT_NECK,73,54,SV5_HUB_7f53c12e20096748c0c6@73:54,UNKNOWN,AIR,ced4c4300ffac6957c7c0ef85cbceeb6c89eb47ef91cd1565d4a0dc0bbdc0511
SV5_HUB_7f53c12e20096748c0c6,293,219,PORT_NECK,73,54,SV5_HUB_7f53c12e20096748c0c6@73:54,UNKNOWN,AIR,ced4c4300ffac6957c7c0ef85cbceeb6c89eb47ef91cd1565d4a0dc0bbdc0511
SV5_HUB_7f53c12e20096748c0c6,294,219,PORT_NECK,73,54,SV5_HUB_7f53c12e20096748c0c6@73:54,UNKNOWN,AIR,ced4c4300ffac6957c7c0ef85cbceeb6c89eb47ef91cd1565d4a0dc0bbdc0511
SV5_HUB_7f53c12e20096748c0c6,295,219,PORT_NECK,73,54,SV5_HUB_7f53c12e20096748c0c6@73:54,UNKNOWN,AIR,ced4c4300ffac6957c7c0ef85cbceeb6c89eb47ef91cd1565d4a0dc0bbdc0511
SV5_HUB_7f53c12e20096748c0c6,272,220,SOLID,68,55,SV5_HUB_7f53c12e20096748c0c6@68:55,UNKNOWN,SOLID,ced4c4300ffac6957c7c0ef85cbceeb6c89eb47ef91cd1565d4a0dc0bbdc0511
SV5_HUB_7f53c12e20096748c0c6,273,220,SOLID,68,55,SV5_HUB_7f53c12e20096748c0c6@68:55,UNKNOWN,SOLID,ced4c4300ffac6957c7c0ef85cbceeb6c89eb47ef91cd1565d4a0dc0bbdc0511
SV5_HUB_7f53c12e20096748c0c6,274,220,SOLID,68,55,SV5_HUB_7f53c12e20096748c0c6@68:55,UNKNOWN,SOLID,ced4c4300ffac6957c7c0ef85cbceeb6c89eb47ef91cd1565d4a0dc0bbdc0511
SV5_HUB_7f53c12e20096748c0c6,275,220,SOLID,68,55,SV5_HUB_7f53c12e20096748c0c6@68:55,UNKNOWN,SOLID,ced4c4300ffac6957c7c0ef85cbceeb6c89eb47ef91cd1565d4a0dc0bbdc0511
SV5_HUB_7f53c12e20096748c0c6,276,220,SOLID,69,55,SV5_HUB_7f53c12e20096748c0c6@69:55,UNKNOWN,SOLID,ced4c4300ffac6957c7c0ef85cbceeb6c89eb47ef91cd1565d4a0dc0bbdc0511
SV5_HUB_7f53c12e20096748c0c6,277,220,SOLID,69,55,SV5_HUB_7f53c12e20096748c0c6@69:55,UNKNOWN,SOLID,ced4c4300ffac6957c7c0ef85cbceeb6c89eb47ef91cd1565d4a0dc0bbdc0511
SV5_HUB_7f53c12e20096748c0c6,278,220,AIR,69,55,SV5_HUB_7f53c12e20096748c0c6@69:55,UNKNOWN,AIR,ced4c4300ffac6957c7c0ef85cbceeb6c89eb47ef91cd1565d4a0dc0bbdc0511
SV5_HUB_7f53c12e20096748c0c6,279,220,AIR,69,55,SV5_HUB_7f53c12e20096748c0c6@69:55,UNKNOWN,AIR,ced4c4300ffac6957c7c0ef85cbceeb6c89eb47ef91cd1565d4a0dc0bbdc0511
SV5_HUB_7f53c12e20096748c0c6,280,220,AIR,70,55,SV5_HUB_7f53c12e20096748c0c6@70:55,UNKNOWN,AIR,ced4c4300ffac6957c7c0ef85cbceeb6c89eb47ef91cd1565d4a0dc0bbdc0511
SV5_HUB_7f53c12e20096748c0c6,281,220,AIR,70,55,SV5_HUB_7f53c12e20096748c0c6@70:55,UNKNOWN,AIR,ced4c4300ffac6957c7c0ef85cbceeb6c89eb47ef91cd1565d4a0dc0bbdc0511
SV5_HUB_7f53c12e20096748c0c6,282,220,RESERVED_TREE,70,55,SV5_HUB_7f53c12e20096748c0c6@70:55,UNKNOWN,AIR,ced4c4300ffac6957c7c0ef85cbceeb6c89eb47ef91cd1565d4a0dc0bbdc0511
SV5_HUB_7f53c12e20096748c0c6,283,220,RESERVED_TREE,70,55,SV5_HUB_7f53c12e20096748c0c6@70:55,UNKNOWN,AIR,ced4c4300ffac6957c7c0ef85cbceeb6c89eb47ef91cd1565d4a0dc0bbdc0511
SV5_HUB_7f53c12e20096748c0c6,284,220,RESERVED_TREE,71,55,SV5_HUB_7f53c12e20096748c0c6@71:55,UNKNOWN,AIR,ced4c4300ffac6957c7c0ef85cbceeb6c89eb47ef91cd1565d4a0dc0bbdc0511
SV5_HUB_7f53c12e20096748c0c6,285,220,RESERVED_TREE,71,55,SV5_HUB_7f53c12e20096748c0c6@71:55,UNKNOWN,AIR,ced4c4300ffac6957c7c0ef85cbceeb6c89eb47ef91cd1565d4a0dc0bbdc0511
SV5_HUB_7f53c12e20096748c0c6,286,220,AIR,71,55,SV5_HUB_7f53c12e20096748c0c6@71:55,UNKNOWN,AIR,ced4c4300ffac6957c7c0ef85cbceeb6c89eb47ef91cd1565d4a0dc0bbdc0511
SV5_HUB_7f53c12e20096748c0c6,287,220,AIR,71,55,SV5_HUB_7f53c12e20096748c0c6@71:55,UNKNOWN,AIR,ced4c4300ffac6957c7c0ef85cbceeb6c89eb47ef91cd1565d4a0dc0bbdc0511
SV5_HUB_7f53c12e20096748c0c6,288,220,AIR,72,55,SV5_HUB_7f53c12e20096748c0c6@72:55,UNKNOWN,AIR,ced4c4300ffac6957c7c0ef85cbceeb6c89eb47ef91cd1565d4a0dc0bbdc0511
SV5_HUB_7f53c12e20096748c0c6,289,220,AIR,72,55,SV5_HUB_7f53c12e20096748c0c6@72:55,UNKNOWN,AIR,ced4c4300ffac6957c7c0ef85cbceeb6c89eb47ef91cd1565d4a0dc0bbdc0511
SV5_HUB_7f53c12e20096748c0c6,290,220,SOLID,72,55,SV5_HUB_7f53c12e20096748c0c6@72:55,UNKNOWN,SOLID,ced4c4300ffac6957c7c0ef85cbceeb6c89eb47ef91cd1565d4a0dc0bbdc0511
SV5_HUB_7f53c12e20096748c0c6,291,220,SOLID,72,55,SV5_HUB_7f53c12e20096748c0c6@72:55,UNKNOWN,SOLID,ced4c4300ffac6957c7c0ef85cbceeb6c89eb47ef91cd1565d4a0dc0bbdc0511
SV5_HUB_7f53c12e20096748c0c6,292,220,SOLID,73,55,SV5_HUB_7f53c12e20096748c0c6@73:55,UNKNOWN,SOLID,ced4c4300ffac6957c7c0ef85cbceeb6c89eb47ef91cd1565d4a0dc0bbdc0511
SV5_HUB_7f53c12e20096748c0c6,293,220,SOLID,73,55,SV5_HUB_7f53c12e20096748c0c6@73:55,UNKNOWN,SOLID,ced4c4300ffac6957c7c0ef85cbceeb6c89eb47ef91cd1565d4a0dc0bbdc0511
SV5_HUB_7f53c12e20096748c0c6,294,220,SOLID,73,55,SV5_HUB_7f53c12e20096748c0c6@73:55,UNKNOWN,SOLID,ced4c4300ffac6957c7c0ef85cbceeb6c89eb47ef91cd1565d4a0dc0bbdc0511
SV5_HUB_7f53c12e20096748c0c6,295,220,SOLID,73,55,SV5_HUB_7f53c12e20096748c0c6@73:55,UNKNOWN,SOLID,ced4c4300ffac6957c7c0ef85cbceeb6c89eb47ef91cd1565d4a0dc0bbdc0511
SV5_HUB_7f53c12e20096748c0c6,272,221,SOLID,68,55,SV5_HUB_7f53c12e20096748c0c6@68:55,UNKNOWN,SOLID,ced4c4300ffac6957c7c0ef85cbceeb6c89eb47ef91cd1565d4a0dc0bbdc0511
SV5_HUB_7f53c12e20096748c0c6,273,221,SOLID,68,55,SV5_HUB_7f53c12e20096748c0c6@68:55,UNKNOWN,SOLID,ced4c4300ffac6957c7c0ef85cbceeb6c89eb47ef91cd1565d4a0dc0bbdc0511
SV5_HUB_7f53c12e20096748c0c6,274,221,SOLID,68,55,SV5_HUB_7f53c12e20096748c0c6@68:55,UNKNOWN,SOLID,ced4c4300ffac6957c7c0ef85cbceeb6c89eb47ef91cd1565d4a0dc0bbdc0511
SV5_HUB_7f53c12e20096748c0c6,275,221,SOLID,68,55,SV5_HUB_7f53c12e20096748c0c6@68:55,UNKNOWN,SOLID,ced4c4300ffac6957c7c0ef85cbceeb6c89eb47ef91cd1565d4a0dc0bbdc0511
SV5_HUB_7f53c12e20096748c0c6,276,221,SOLID,69,55,SV5_HUB_7f53c12e20096748c0c6@69:55,UNKNOWN,SOLID,ced4c4300ffac6957c7c0ef85cbceeb6c89eb47ef91cd1565d4a0dc0bbdc0511
SV5_HUB_7f53c12e20096748c0c6,277,221,SOLID,69,55,SV5_HUB_7f53c12e20096748c0c6@69:55,UNKNOWN,SOLID,ced4c4300ffac6957c7c0ef85cbceeb6c89eb47ef91cd1565d4a0dc0bbdc0511
SV5_HUB_7f53c12e20096748c0c6,278,221,AIR,69,55,SV5_HUB_7f53c12e20096748c0c6@69:55,UNKNOWN,AIR,ced4c4300ffac6957c7c0ef85cbceeb6c89eb47ef91cd1565d4a0dc0bbdc0511
SV5_HUB_7f53c12e20096748c0c6,279,221,AIR,69,55,SV5_HUB_7f53c12e20096748c0c6@69:55,UNKNOWN,AIR,ced4c4300ffac6957c7c0ef85cbceeb6c89eb47ef91cd1565d4a0dc0bbdc0511
SV5_HUB_7f53c12e20096748c0c6,280,221,AIR,70,55,SV5_HUB_7f53c12e20096748c0c6@70:55,UNKNOWN,AIR,ced4c4300ffac6957c7c0ef85cbceeb6c89eb47ef91cd1565d4a0dc0bbdc0511
SV5_HUB_7f53c12e20096748c0c6,281,221,AIR,70,55,SV5_HUB_7f53c12e20096748c0c6@70:55,UNKNOWN,AIR,ced4c4300ffac6957c7c0ef85cbceeb6c89eb47ef91cd1565d4a0dc0bbdc0511
SV5_HUB_7f53c12e20096748c0c6,282,221,RESERVED_TREE,70,55,SV5_HUB_7f53c12e20096748c0c6@70:55,UNKNOWN,AIR,ced4c4300ffac6957c7c0ef85cbceeb6c89eb47ef91cd1565d4a0dc0bbdc0511
SV5_HUB_7f53c12e20096748c0c6,283,221,RESERVED_TREE,70,55,SV5_HUB_7f53c12e20096748c0c6@70:55,UNKNOWN,AIR,ced4c4300ffac6957c7c0ef85cbceeb6c89eb47ef91cd1565d4a0dc0bbdc0511
SV5_HUB_7f53c12e20096748c0c6,284,221,RESERVED_TREE,71,55,SV5_HUB_7f53c12e20096748c0c6@71:55,UNKNOWN,AIR,ced4c4300ffac6957c7c0ef85cbceeb6c89eb47ef91cd1565d4a0dc0bbdc0511
SV5_HUB_7f53c12e20096748c0c6,285,221,RESERVED_TREE,71,55,SV5_HUB_7f53c12e20096748c0c6@71:55,UNKNOWN,AIR,ced4c4300ffac6957c7c0ef85cbceeb6c89eb47ef91cd1565d4a0dc0bbdc0511
SV5_HUB_7f53c12e20096748c0c6,286,221,AIR,71,55,SV5_HUB_7f53c12e20096748c0c6@71:55,UNKNOWN,AIR,ced4c4300ffac6957c7c0ef85cbceeb6c89eb47ef91cd1565d4a0dc0bbdc0511
SV5_HUB_7f53c12e20096748c0c6,287,221,AIR,71,55,SV5_HUB_7f53c12e20096748c0c6@71:55,UNKNOWN,AIR,ced4c4300ffac6957c7c0ef85cbceeb6c89eb47ef91cd1565d4a0dc0bbdc0511
SV5_HUB_7f53c12e20096748c0c6,288,221,AIR,72,55,SV5_HUB_7f53c12e20096748c0c6@72:55,UNKNOWN,AIR,ced4c4300ffac6957c7c0ef85cbceeb6c89eb47ef91cd1565d4a0dc0bbdc0511
SV5_HUB_7f53c12e20096748c0c6,289,221,AIR,72,55,SV5_HUB_7f53c12e20096748c0c6@72:55,UNKNOWN,AIR,ced4c4300ffac6957c7c0ef85cbceeb6c89eb47ef91cd1565d4a0dc0bbdc0511
SV5_HUB_7f53c12e20096748c0c6,290,221,SOLID,72,55,SV5_HUB_7f53c12e20096748c0c6@72:55,UNKNOWN,SOLID,ced4c4300ffac6957c7c0ef85cbceeb6c89eb47ef91cd1565d4a0dc0bbdc0511
SV5_HUB_7f53c12e20096748c0c6,291,221,SOLID,72,55,SV5_HUB_7f53c12e20096748c0c6@72:55,UNKNOWN,SOLID,ced4c4300ffac6957c7c0ef85cbceeb6c89eb47ef91cd1565d4a0dc0bbdc0511
SV5_HUB_7f53c12e20096748c0c6,292,221,SOLID,73,55,SV5_HUB_7f53c12e20096748c0c6@73:55,UNKNOWN,SOLID,ced4c4300ffac6957c7c0ef85cbceeb6c89eb47ef91cd1565d4a0dc0bbdc0511
SV5_HUB_7f53c12e20096748c0c6,293,221,SOLID,73,55,SV5_HUB_7f53c12e20096748c0c6@73:55,UNKNOWN,SOLID,ced4c4300ffac6957c7c0ef85cbceeb6c89eb47ef91cd1565d4a0dc0bbdc0511
SV5_HUB_7f53c12e20096748c0c6,294,221,SOLID,73,55,SV5_HUB_7f53c12e20096748c0c6@73:55,UNKNOWN,SOLID,ced4c4300ffac6957c7c0ef85cbceeb6c89eb47ef91cd1565d4a0dc0bbdc0511
SV5_HUB_7f53c12e20096748c0c6,295,221,SOLID,73,55,SV5_HUB_7f53c12e20096748c0c6@73:55,UNKNOWN,SOLID,ced4c4300ffac6957c7c0ef85cbceeb6c89eb47ef91cd1565d4a0dc0bbdc0511
SV5_HUB_7f53c12e20096748c0c6,272,222,SOLID,68,55,SV5_HUB_7f53c12e20096748c0c6@68:55,UNKNOWN,SOLID,ced4c4300ffac6957c7c0ef85cbceeb6c89eb47ef91cd1565d4a0dc0bbdc0511
SV5_HUB_7f53c12e20096748c0c6,273,222,SOLID,68,55,SV5_HUB_7f53c12e20096748c0c6@68:55,UNKNOWN,SOLID,ced4c4300ffac6957c7c0ef85cbceeb6c89eb47ef91cd1565d4a0dc0bbdc0511
SV5_HUB_7f53c12e20096748c0c6,274,222,SOLID,68,55,SV5_HUB_7f53c12e20096748c0c6@68:55,UNKNOWN,SOLID,ced4c4300ffac6957c7c0ef85cbceeb6c89eb47ef91cd1565d4a0dc0bbdc0511
SV5_HUB_7f53c12e20096748c0c6,275,222,SOLID,68,55,SV5_HUB_7f53c12e20096748c0c6@68:55,UNKNOWN,SOLID,ced4c4300ffac6957c7c0ef85cbceeb6c89eb47ef91cd1565d4a0dc0bbdc0511
SV5_HUB_7f53c12e20096748c0c6,276,222,SOLID,69,55,SV5_HUB_7f53c12e20096748c0c6@69:55,UNKNOWN,SOLID,ced4c4300ffac6957c7c0ef85cbceeb6c89eb47ef91cd1565d4a0dc0bbdc0511
SV5_HUB_7f53c12e20096748c0c6,277,222,SOLID,69,55,SV5_HUB_7f53c12e20096748c0c6@69:55,UNKNOWN,SOLID,ced4c4300ffac6957c7c0ef85cbceeb6c89eb47ef91cd1565d4a0dc0bbdc0511
SV5_HUB_7f53c12e20096748c0c6,278,222,AIR,69,55,SV5_HUB_7f53c12e20096748c0c6@69:55,UNKNOWN,AIR,ced4c4300ffac6957c7c0ef85cbceeb6c89eb47ef91cd1565d4a0dc0bbdc0511
SV5_HUB_7f53c12e20096748c0c6,279,222,AIR,69,55,SV5_HUB_7f53c12e20096748c0c6@69:55,UNKNOWN,AIR,ced4c4300ffac6957c7c0ef85cbceeb6c89eb47ef91cd1565d4a0dc0bbdc0511
SV5_HUB_7f53c12e20096748c0c6,280,222,AIR,70,55,SV5_HUB_7f53c12e20096748c0c6@70:55,UNKNOWN,AIR,ced4c4300ffac6957c7c0ef85cbceeb6c89eb47ef91cd1565d4a0dc0bbdc0511
SV5_HUB_7f53c12e20096748c0c6,281,222,AIR,70,55,SV5_HUB_7f53c12e20096748c0c6@70:55,UNKNOWN,AIR,ced4c4300ffac6957c7c0ef85cbceeb6c89eb47ef91cd1565d4a0dc0bbdc0511
SV5_HUB_7f53c12e20096748c0c6,282,222,RESERVED_TREE,70,55,SV5_HUB_7f53c12e20096748c0c6@70:55,UNKNOWN,AIR,ced4c4300ffac6957c7c0ef85cbceeb6c89eb47ef91cd1565d4a0dc0bbdc0511
SV5_HUB_7f53c12e20096748c0c6,283,222,RESERVED_TREE,70,55,SV5_HUB_7f53c12e20096748c0c6@70:55,UNKNOWN,AIR,ced4c4300ffac6957c7c0ef85cbceeb6c89eb47ef91cd1565d4a0dc0bbdc0511
SV5_HUB_7f53c12e20096748c0c6,284,222,RESERVED_TREE,71,55,SV5_HUB_7f53c12e20096748c0c6@71:55,UNKNOWN,AIR,ced4c4300ffac6957c7c0ef85cbceeb6c89eb47ef91cd1565d4a0dc0bbdc0511
SV5_HUB_7f53c12e20096748c0c6,285,222,RESERVED_TREE,71,55,SV5_HUB_7f53c12e20096748c0c6@71:55,UNKNOWN,AIR,ced4c4300ffac6957c7c0ef85cbceeb6c89eb47ef91cd1565d4a0dc0bbdc0511
SV5_HUB_7f53c12e20096748c0c6,286,222,AIR,71,55,SV5_HUB_7f53c12e20096748c0c6@71:55,UNKNOWN,AIR,ced4c4300ffac6957c7c0ef85cbceeb6c89eb47ef91cd1565d4a0dc0bbdc0511
SV5_HUB_7f53c12e20096748c0c6,287,222,AIR,71,55,SV5_HUB_7f53c12e20096748c0c6@71:55,UNKNOWN,AIR,ced4c4300ffac6957c7c0ef85cbceeb6c89eb47ef91cd1565d4a0dc0bbdc0511
SV5_HUB_7f53c12e20096748c0c6,288,222,AIR,72,55,SV5_HUB_7f53c12e20096748c0c6@72:55,UNKNOWN,AIR,ced4c4300ffac6957c7c0ef85cbceeb6c89eb47ef91cd1565d4a0dc0bbdc0511
SV5_HUB_7f53c12e20096748c0c6,289,222,AIR,72,55,SV5_HUB_7f53c12e20096748c0c6@72:55,UNKNOWN,AIR,ced4c4300ffac6957c7c0ef85cbceeb6c89eb47ef91cd1565d4a0dc0bbdc0511
SV5_HUB_7f53c12e20096748c0c6,290,222,SOLID,72,55,SV5_HUB_7f53c12e20096748c0c6@72:55,UNKNOWN,SOLID,ced4c4300ffac6957c7c0ef85cbceeb6c89eb47ef91cd1565d4a0dc0bbdc0511
SV5_HUB_7f53c12e20096748c0c6,291,222,SOLID,72,55,SV5_HUB_7f53c12e20096748c0c6@72:55,UNKNOWN,SOLID,ced4c4300ffac6957c7c0ef85cbceeb6c89eb47ef91cd1565d4a0dc0bbdc0511
SV5_HUB_7f53c12e20096748c0c6,292,222,SOLID,73,55,SV5_HUB_7f53c12e20096748c0c6@73:55,UNKNOWN,SOLID,ced4c4300ffac6957c7c0ef85cbceeb6c89eb47ef91cd1565d4a0dc0bbdc0511
SV5_HUB_7f53c12e20096748c0c6,293,222,SOLID,73,55,SV5_HUB_7f53c12e20096748c0c6@73:55,UNKNOWN,SOLID,ced4c4300ffac6957c7c0ef85cbceeb6c89eb47ef91cd1565d4a0dc0bbdc0511
SV5_HUB_7f53c12e20096748c0c6,294,222,SOLID,73,55,SV5_HUB_7f53c12e20096748c0c6@73:55,UNKNOWN,SOLID,ced4c4300ffac6957c7c0ef85cbceeb6c89eb47ef91cd1565d4a0dc0bbdc0511
SV5_HUB_7f53c12e20096748c0c6,295,222,SOLID,73,55,SV5_HUB_7f53c12e20096748c0c6@73:55,UNKNOWN,SOLID,ced4c4300ffac6957c7c0ef85cbceeb6c89eb47ef91cd1565d4a0dc0bbdc0511
SV5_HUB_7f53c12e20096748c0c6,272,223,SOLID,68,55,SV5_HUB_7f53c12e20096748c0c6@68:55,UNKNOWN,SOLID,ced4c4300ffac6957c7c0ef85cbceeb6c89eb47ef91cd1565d4a0dc0bbdc0511
SV5_HUB_7f53c12e20096748c0c6,273,223,SOLID,68,55,SV5_HUB_7f53c12e20096748c0c6@68:55,UNKNOWN,SOLID,ced4c4300ffac6957c7c0ef85cbceeb6c89eb47ef91cd1565d4a0dc0bbdc0511
SV5_HUB_7f53c12e20096748c0c6,274,223,SOLID,68,55,SV5_HUB_7f53c12e20096748c0c6@68:55,UNKNOWN,SOLID,ced4c4300ffac6957c7c0ef85cbceeb6c89eb47ef91cd1565d4a0dc0bbdc0511
SV5_HUB_7f53c12e20096748c0c6,275,223,SOLID,68,55,SV5_HUB_7f53c12e20096748c0c6@68:55,UNKNOWN,SOLID,ced4c4300ffac6957c7c0ef85cbceeb6c89eb47ef91cd1565d4a0dc0bbdc0511
SV5_HUB_7f53c12e20096748c0c6,276,223,SOLID,69,55,SV5_HUB_7f53c12e20096748c0c6@69:55,UNKNOWN,SOLID,ced4c4300ffac6957c7c0ef85cbceeb6c89eb47ef91cd1565d4a0dc0bbdc0511
SV5_HUB_7f53c12e20096748c0c6,277,223,SOLID,69,55,SV5_HUB_7f53c12e20096748c0c6@69:55,UNKNOWN,SOLID,ced4c4300ffac6957c7c0ef85cbceeb6c89eb47ef91cd1565d4a0dc0bbdc0511
SV5_HUB_7f53c12e20096748c0c6,278,223,AIR,69,55,SV5_HUB_7f53c12e20096748c0c6@69:55,UNKNOWN,AIR,ced4c4300ffac6957c7c0ef85cbceeb6c89eb47ef91cd1565d4a0dc0bbdc0511
SV5_HUB_7f53c12e20096748c0c6,279,223,AIR,69,55,SV5_HUB_7f53c12e20096748c0c6@69:55,UNKNOWN,AIR,ced4c4300ffac6957c7c0ef85cbceeb6c89eb47ef91cd1565d4a0dc0bbdc0511
SV5_HUB_7f53c12e20096748c0c6,280,223,AIR,70,55,SV5_HUB_7f53c12e20096748c0c6@70:55,UNKNOWN,AIR,ced4c4300ffac6957c7c0ef85cbceeb6c89eb47ef91cd1565d4a0dc0bbdc0511
SV5_HUB_7f53c12e20096748c0c6,281,223,AIR,70,55,SV5_HUB_7f53c12e20096748c0c6@70:55,UNKNOWN,AIR,ced4c4300ffac6957c7c0ef85cbceeb6c89eb47ef91cd1565d4a0dc0bbdc0511
SV5_HUB_7f53c12e20096748c0c6,282,223,RESERVED_TREE,70,55,SV5_HUB_7f53c12e20096748c0c6@70:55,UNKNOWN,AIR,ced4c4300ffac6957c7c0ef85cbceeb6c89eb47ef91cd1565d4a0dc0bbdc0511
SV5_HUB_7f53c12e20096748c0c6,283,223,RESERVED_TREE,70,55,SV5_HUB_7f53c12e20096748c0c6@70:55,UNKNOWN,AIR,ced4c4300ffac6957c7c0ef85cbceeb6c89eb47ef91cd1565d4a0dc0bbdc0511
SV5_HUB_7f53c12e20096748c0c6,284,223,RESERVED_TREE,71,55,SV5_HUB_7f53c12e20096748c0c6@71:55,UNKNOWN,AIR,ced4c4300ffac6957c7c0ef85cbceeb6c89eb47ef91cd1565d4a0dc0bbdc0511
SV5_HUB_7f53c12e20096748c0c6,285,223,RESERVED_TREE,71,55,SV5_HUB_7f53c12e20096748c0c6@71:55,UNKNOWN,AIR,ced4c4300ffac6957c7c0ef85cbceeb6c89eb47ef91cd1565d4a0dc0bbdc0511
SV5_HUB_7f53c12e20096748c0c6,286,223,AIR,71,55,SV5_HUB_7f53c12e20096748c0c6@71:55,UNKNOWN,AIR,ced4c4300ffac6957c7c0ef85cbceeb6c89eb47ef91cd1565d4a0dc0bbdc0511
SV5_HUB_7f53c12e20096748c0c6,287,223,AIR,71,55,SV5_HUB_7f53c12e20096748c0c6@71:55,UNKNOWN,AIR,ced4c4300ffac6957c7c0ef85cbceeb6c89eb47ef91cd1565d4a0dc0bbdc0511
SV5_HUB_7f53c12e20096748c0c6,288,223,AIR,72,55,SV5_HUB_7f53c12e20096748c0c6@72:55,UNKNOWN,AIR,ced4c4300ffac6957c7c0ef85cbceeb6c89eb47ef91cd1565d4a0dc0bbdc0511
SV5_HUB_7f53c12e20096748c0c6,289,223,AIR,72,55,SV5_HUB_7f53c12e20096748c0c6@72:55,UNKNOWN,AIR,ced4c4300ffac6957c7c0ef85cbceeb6c89eb47ef91cd1565d4a0dc0bbdc0511
SV5_HUB_7f53c12e20096748c0c6,290,223,SOLID,72,55,SV5_HUB_7f53c12e20096748c0c6@72:55,UNKNOWN,SOLID,ced4c4300ffac6957c7c0ef85cbceeb6c89eb47ef91cd1565d4a0dc0bbdc0511
SV5_HUB_7f53c12e20096748c0c6,291,223,SOLID,72,55,SV5_HUB_7f53c12e20096748c0c6@72:55,UNKNOWN,SOLID,ced4c4300ffac6957c7c0ef85cbceeb6c89eb47ef91cd1565d4a0dc0bbdc0511
SV5_HUB_7f53c12e20096748c0c6,292,223,SOLID,73,55,SV5_HUB_7f53c12e20096748c0c6@73:55,UNKNOWN,SOLID,ced4c4300ffac6957c7c0ef85cbceeb6c89eb47ef91cd1565d4a0dc0bbdc0511
SV5_HUB_7f53c12e20096748c0c6,293,223,SOLID,73,55,SV5_HUB_7f53c12e20096748c0c6@73:55,UNKNOWN,SOLID,ced4c4300ffac6957c7c0ef85cbceeb6c89eb47ef91cd1565d4a0dc0bbdc0511
SV5_HUB_7f53c12e20096748c0c6,294,223,SOLID,73,55,SV5_HUB_7f53c12e20096748c0c6@73:55,UNKNOWN,SOLID,ced4c4300ffac6957c7c0ef85cbceeb6c89eb47ef91cd1565d4a0dc0bbdc0511
SV5_HUB_7f53c12e20096748c0c6,295,223,SOLID,73,55,SV5_HUB_7f53c12e20096748c0c6@73:55,UNKNOWN,SOLID,ced4c4300ffac6957c7c0ef85cbceeb6c89eb47ef91cd1565d4a0dc0bbdc0511
SV5_HUB_7f53c12e20096748c0c6,272,224,SOLID,68,56,SV5_HUB_7f53c12e20096748c0c6@68:56,UNKNOWN,SOLID,ced4c4300ffac6957c7c0ef85cbceeb6c89eb47ef91cd1565d4a0dc0bbdc0511
SV5_HUB_7f53c12e20096748c0c6,273,224,SOLID,68,56,SV5_HUB_7f53c12e20096748c0c6@68:56,UNKNOWN,SOLID,ced4c4300ffac6957c7c0ef85cbceeb6c89eb47ef91cd1565d4a0dc0bbdc0511
SV5_HUB_7f53c12e20096748c0c6,274,224,SOLID,68,56,SV5_HUB_7f53c12e20096748c0c6@68:56,UNKNOWN,SOLID,ced4c4300ffac6957c7c0ef85cbceeb6c89eb47ef91cd1565d4a0dc0bbdc0511
SV5_HUB_7f53c12e20096748c0c6,275,224,SOLID,68,56,SV5_HUB_7f53c12e20096748c0c6@68:56,UNKNOWN,SOLID,ced4c4300ffac6957c7c0ef85cbceeb6c89eb47ef91cd1565d4a0dc0bbdc0511
SV5_HUB_7f53c12e20096748c0c6,276,224,SOLID,69,56,SV5_HUB_7f53c12e20096748c0c6@69:56,UNKNOWN,SOLID,ced4c4300ffac6957c7c0ef85cbceeb6c89eb47ef91cd1565d4a0dc0bbdc0511
SV5_HUB_7f53c12e20096748c0c6,277,224,SOLID,69,56,SV5_HUB_7f53c12e20096748c0c6@69:56,UNKNOWN,SOLID,ced4c4300ffac6957c7c0ef85cbceeb6c89eb47ef91cd1565d4a0dc0bbdc0511
SV5_HUB_7f53c12e20096748c0c6,278,224,AIR,69,56,SV5_HUB_7f53c12e20096748c0c6@69:56,UNKNOWN,AIR,ced4c4300ffac6957c7c0ef85cbceeb6c89eb47ef91cd1565d4a0dc0bbdc0511
SV5_HUB_7f53c12e20096748c0c6,279,224,AIR,69,56,SV5_HUB_7f53c12e20096748c0c6@69:56,UNKNOWN,AIR,ced4c4300ffac6957c7c0ef85cbceeb6c89eb47ef91cd1565d4a0dc0bbdc0511
SV5_HUB_7f53c12e20096748c0c6,280,224,AIR,70,56,SV5_HUB_7f53c12e20096748c0c6@70:56,UNKNOWN,AIR,ced4c4300ffac6957c7c0ef85cbceeb6c89eb47ef91cd1565d4a0dc0bbdc0511
SV5_HUB_7f53c12e20096748c0c6,281,224,AIR,70,56,SV5_HUB_7f53c12e20096748c0c6@70:56,UNKNOWN,AIR,ced4c4300ffac6957c7c0ef85cbceeb6c89eb47ef91cd1565d4a0dc0bbdc0511
SV5_HUB_7f53c12e20096748c0c6,282,224,RESERVED_TREE,70,56,SV5_HUB_7f53c12e20096748c0c6@70:56,UNKNOWN,AIR,ced4c4300ffac6957c7c0ef85cbceeb6c89eb47ef91cd1565d4a0dc0bbdc0511
SV5_HUB_7f53c12e20096748c0c6,283,224,RESERVED_TREE,70,56,SV5_HUB_7f53c12e20096748c0c6@70:56,UNKNOWN,AIR,ced4c4300ffac6957c7c0ef85cbceeb6c89eb47ef91cd1565d4a0dc0bbdc0511
SV5_HUB_7f53c12e20096748c0c6,284,224,RESERVED_TREE,71,56,SV5_HUB_7f53c12e20096748c0c6@71:56,UNKNOWN,AIR,ced4c4300ffac6957c7c0ef85cbceeb6c89eb47ef91cd1565d4a0dc0bbdc0511
SV5_HUB_7f53c12e20096748c0c6,285,224,RESERVED_TREE,71,56,SV5_HUB_7f53c12e20096748c0c6@71:56,UNKNOWN,AIR,ced4c4300ffac6957c7c0ef85cbceeb6c89eb47ef91cd1565d4a0dc0bbdc0511
SV5_HUB_7f53c12e20096748c0c6,286,224,AIR,71,56,SV5_HUB_7f53c12e20096748c0c6@71:56,UNKNOWN,AIR,ced4c4300ffac6957c7c0ef85cbceeb6c89eb47ef91cd1565d4a0dc0bbdc0511
SV5_HUB_7f53c12e20096748c0c6,287,224,AIR,71,56,SV5_HUB_7f53c12e20096748c0c6@71:56,UNKNOWN,AIR,ced4c4300ffac6957c7c0ef85cbceeb6c89eb47ef91cd1565d4a0dc0bbdc0511
SV5_HUB_7f53c12e20096748c0c6,288,224,AIR,72,56,SV5_HUB_7f53c12e20096748c0c6@72:56,UNKNOWN,AIR,ced4c4300ffac6957c7c0ef85cbceeb6c89eb47ef91cd1565d4a0dc0bbdc0511
SV5_HUB_7f53c12e20096748c0c6,289,224,AIR,72,56,SV5_HUB_7f53c12e20096748c0c6@72:56,UNKNOWN,AIR,ced4c4300ffac6957c7c0ef85cbceeb6c89eb47ef91cd1565d4a0dc0bbdc0511
SV5_HUB_7f53c12e20096748c0c6,290,224,SOLID,72,56,SV5_HUB_7f53c12e20096748c0c6@72:56,UNKNOWN,SOLID,ced4c4300ffac6957c7c0ef85cbceeb6c89eb47ef91cd1565d4a0dc0bbdc0511
SV5_HUB_7f53c12e20096748c0c6,291,224,SOLID,72,56,SV5_HUB_7f53c12e20096748c0c6@72:56,UNKNOWN,SOLID,ced4c4300ffac6957c7c0ef85cbceeb6c89eb47ef91cd1565d4a0dc0bbdc0511
SV5_HUB_7f53c12e20096748c0c6,292,224,SOLID,73,56,SV5_HUB_7f53c12e20096748c0c6@73:56,UNKNOWN,SOLID,ced4c4300ffac6957c7c0ef85cbceeb6c89eb47ef91cd1565d4a0dc0bbdc0511
SV5_HUB_7f53c12e20096748c0c6,293,224,SOLID,73,56,SV5_HUB_7f53c12e20096748c0c6@73:56,UNKNOWN,SOLID,ced4c4300ffac6957c7c0ef85cbceeb6c89eb47ef91cd1565d4a0dc0bbdc0511
SV5_HUB_7f53c12e20096748c0c6,294,224,SOLID,73,56,SV5_HUB_7f53c12e20096748c0c6@73:56,UNKNOWN,SOLID,ced4c4300ffac6957c7c0ef85cbceeb6c89eb47ef91cd1565d4a0dc0bbdc0511
SV5_HUB_7f53c12e20096748c0c6,295,224,SOLID,73,56,SV5_HUB_7f53c12e20096748c0c6@73:56,UNKNOWN,SOLID,ced4c4300ffac6957c7c0ef85cbceeb6c89eb47ef91cd1565d4a0dc0bbdc0511
SV5_HUB_7f53c12e20096748c0c6,272,225,PORT_NECK,68,56,SV5_HUB_7f53c12e20096748c0c6@68:56,UNKNOWN,AIR,ced4c4300ffac6957c7c0ef85cbceeb6c89eb47ef91cd1565d4a0dc0bbdc0511
SV5_HUB_7f53c12e20096748c0c6,273,225,PORT_NECK,68,56,SV5_HUB_7f53c12e20096748c0c6@68:56,UNKNOWN,AIR,ced4c4300ffac6957c7c0ef85cbceeb6c89eb47ef91cd1565d4a0dc0bbdc0511
SV5_HUB_7f53c12e20096748c0c6,274,225,PORT_NECK,68,56,SV5_HUB_7f53c12e20096748c0c6@68:56,UNKNOWN,AIR,ced4c4300ffac6957c7c0ef85cbceeb6c89eb47ef91cd1565d4a0dc0bbdc0511
SV5_HUB_7f53c12e20096748c0c6,275,225,PORT_NECK,68,56,SV5_HUB_7f53c12e20096748c0c6@68:56,UNKNOWN,AIR,ced4c4300ffac6957c7c0ef85cbceeb6c89eb47ef91cd1565d4a0dc0bbdc0511
SV5_HUB_7f53c12e20096748c0c6,276,225,PORT_NECK,69,56,SV5_HUB_7f53c12e20096748c0c6@69:56,UNKNOWN,AIR,ced4c4300ffac6957c7c0ef85cbceeb6c89eb47ef91cd1565d4a0dc0bbdc0511
SV5_HUB_7f53c12e20096748c0c6,277,225,PORT_NECK,69,56,SV5_HUB_7f53c12e20096748c0c6@69:56,UNKNOWN,AIR,ced4c4300ffac6957c7c0ef85cbceeb6c89eb47ef91cd1565d4a0dc0bbdc0511
SV5_HUB_7f53c12e20096748c0c6,278,225,PORT_NECK,69,56,SV5_HUB_7f53c12e20096748c0c6@69:56,UNKNOWN,AIR,ced4c4300ffac6957c7c0ef85cbceeb6c89eb47ef91cd1565d4a0dc0bbdc0511
SV5_HUB_7f53c12e20096748c0c6,279,225,AIR,69,56,SV5_HUB_7f53c12e20096748c0c6@69:56,UNKNOWN,AIR,ced4c4300ffac6957c7c0ef85cbceeb6c89eb47ef91cd1565d4a0dc0bbdc0511
SV5_HUB_7f53c12e20096748c0c6,280,225,AIR,70,56,SV5_HUB_7f53c12e20096748c0c6@70:56,UNKNOWN,AIR,ced4c4300ffac6957c7c0ef85cbceeb6c89eb47ef91cd1565d4a0dc0bbdc0511
SV5_HUB_7f53c12e20096748c0c6,281,225,AIR,70,56,SV5_HUB_7f53c12e20096748c0c6@70:56,UNKNOWN,AIR,ced4c4300ffac6957c7c0ef85cbceeb6c89eb47ef91cd1565d4a0dc0bbdc0511
SV5_HUB_7f53c12e20096748c0c6,282,225,RESERVED_TREE,70,56,SV5_HUB_7f53c12e20096748c0c6@70:56,UNKNOWN,AIR,ced4c4300ffac6957c7c0ef85cbceeb6c89eb47ef91cd1565d4a0dc0bbdc0511
SV5_HUB_7f53c12e20096748c0c6,283,225,RESERVED_TREE,70,56,SV5_HUB_7f53c12e20096748c0c6@70:56,UNKNOWN,AIR,ced4c4300ffac6957c7c0ef85cbceeb6c89eb47ef91cd1565d4a0dc0bbdc0511
SV5_HUB_7f53c12e20096748c0c6,284,225,RESERVED_TREE,71,56,SV5_HUB_7f53c12e20096748c0c6@71:56,UNKNOWN,AIR,ced4c4300ffac6957c7c0ef85cbceeb6c89eb47ef91cd1565d4a0dc0bbdc0511
SV5_HUB_7f53c12e20096748c0c6,285,225,RESERVED_TREE,71,56,SV5_HUB_7f53c12e20096748c0c6@71:56,UNKNOWN,AIR,ced4c4300ffac6957c7c0ef85cbceeb6c89eb47ef91cd1565d4a0dc0bbdc0511
SV5_HUB_7f53c12e20096748c0c6,286,225,AIR,71,56,SV5_HUB_7f53c12e20096748c0c6@71:56,UNKNOWN,AIR,ced4c4300ffac6957c7c0ef85cbceeb6c89eb47ef91cd1565d4a0dc0bbdc0511
SV5_HUB_7f53c12e20096748c0c6,287,225,AIR,71,56,SV5_HUB_7f53c12e20096748c0c6@71:56,UNKNOWN,AIR,ced4c4300ffac6957c7c0ef85cbceeb6c89eb47ef91cd1565d4a0dc0bbdc0511
SV5_HUB_7f53c12e20096748c0c6,288,225,AIR,72,56,SV5_HUB_7f53c12e20096748c0c6@72:56,UNKNOWN,AIR,ced4c4300ffac6957c7c0ef85cbceeb6c89eb47ef91cd1565d4a0dc0bbdc0511
SV5_HUB_7f53c12e20096748c0c6,289,225,PORT_NECK,72,56,SV5_HUB_7f53c12e20096748c0c6@72:56,UNKNOWN,AIR,ced4c4300ffac6957c7c0ef85cbceeb6c89eb47ef91cd1565d4a0dc0bbdc0511
SV5_HUB_7f53c12e20096748c0c6,290,225,PORT_NECK,72,56,SV5_HUB_7f53c12e20096748c0c6@72:56,UNKNOWN,AIR,ced4c4300ffac6957c7c0ef85cbceeb6c89eb47ef91cd1565d4a0dc0bbdc0511
SV5_HUB_7f53c12e20096748c0c6,291,225,PORT_NECK,72,56,SV5_HUB_7f53c12e20096748c0c6@72:56,UNKNOWN,AIR,ced4c4300ffac6957c7c0ef85cbceeb6c89eb47ef91cd1565d4a0dc0bbdc0511
SV5_HUB_7f53c12e20096748c0c6,292,225,PORT_NECK,73,56,SV5_HUB_7f53c12e20096748c0c6@73:56,UNKNOWN,AIR,ced4c4300ffac6957c7c0ef85cbceeb6c89eb47ef91cd1565d4a0dc0bbdc0511
SV5_HUB_7f53c12e20096748c0c6,293,225,PORT_NECK,73,56,SV5_HUB_7f53c12e20096748c0c6@73:56,UNKNOWN,AIR,ced4c4300ffac6957c7c0ef85cbceeb6c89eb47ef91cd1565d4a0dc0bbdc0511
SV5_HUB_7f53c12e20096748c0c6,294,225,PORT_NECK,73,56,SV5_HUB_7f53c12e20096748c0c6@73:56,UNKNOWN,AIR,ced4c4300ffac6957c7c0ef85cbceeb6c89eb47ef91cd1565d4a0dc0bbdc0511
SV5_HUB_7f53c12e20096748c0c6,295,225,PORT_NECK,73,56,SV5_HUB_7f53c12e20096748c0c6@73:56,UNKNOWN,AIR,ced4c4300ffac6957c7c0ef85cbceeb6c89eb47ef91cd1565d4a0dc0bbdc0511
SV5_HUB_7f53c12e20096748c0c6,272,226,PORT_NECK,68,56,SV5_HUB_7f53c12e20096748c0c6@68:56,UNKNOWN,AIR,ced4c4300ffac6957c7c0ef85cbceeb6c89eb47ef91cd1565d4a0dc0bbdc0511
SV5_HUB_7f53c12e20096748c0c6,273,226,PORT_NECK,68,56,SV5_HUB_7f53c12e20096748c0c6@68:56,UNKNOWN,AIR,ced4c4300ffac6957c7c0ef85cbceeb6c89eb47ef91cd1565d4a0dc0bbdc0511
SV5_HUB_7f53c12e20096748c0c6,274,226,PORT_NECK,68,56,SV5_HUB_7f53c12e20096748c0c6@68:56,UNKNOWN,AIR,ced4c4300ffac6957c7c0ef85cbceeb6c89eb47ef91cd1565d4a0dc0bbdc0511
SV5_HUB_7f53c12e20096748c0c6,275,226,PORT_NECK,68,56,SV5_HUB_7f53c12e20096748c0c6@68:56,UNKNOWN,AIR,ced4c4300ffac6957c7c0ef85cbceeb6c89eb47ef91cd1565d4a0dc0bbdc0511
SV5_HUB_7f53c12e20096748c0c6,276,226,PORT_NECK,69,56,SV5_HUB_7f53c12e20096748c0c6@69:56,UNKNOWN,AIR,ced4c4300ffac6957c7c0ef85cbceeb6c89eb47ef91cd1565d4a0dc0bbdc0511
SV5_HUB_7f53c12e20096748c0c6,277,226,PORT_NECK,69,56,SV5_HUB_7f53c12e20096748c0c6@69:56,UNKNOWN,AIR,ced4c4300ffac6957c7c0ef85cbceeb6c89eb47ef91cd1565d4a0dc0bbdc0511
SV5_HUB_7f53c12e20096748c0c6,278,226,PORT_NECK,69,56,SV5_HUB_7f53c12e20096748c0c6@69:56,UNKNOWN,AIR,ced4c4300ffac6957c7c0ef85cbceeb6c89eb47ef91cd1565d4a0dc0bbdc0511
SV5_HUB_7f53c12e20096748c0c6,279,226,AIR,69,56,SV5_HUB_7f53c12e20096748c0c6@69:56,UNKNOWN,AIR,ced4c4300ffac6957c7c0ef85cbceeb6c89eb47ef91cd1565d4a0dc0bbdc0511
SV5_HUB_7f53c12e20096748c0c6,280,226,AIR,70,56,SV5_HUB_7f53c12e20096748c0c6@70:56,UNKNOWN,AIR,ced4c4300ffac6957c7c0ef85cbceeb6c89eb47ef91cd1565d4a0dc0bbdc0511
SV5_HUB_7f53c12e20096748c0c6,281,226,AIR,70,56,SV5_HUB_7f53c12e20096748c0c6@70:56,UNKNOWN,AIR,ced4c4300ffac6957c7c0ef85cbceeb6c89eb47ef91cd1565d4a0dc0bbdc0511
SV5_HUB_7f53c12e20096748c0c6,282,226,RESERVED_TREE,70,56,SV5_HUB_7f53c12e20096748c0c6@70:56,UNKNOWN,AIR,ced4c4300ffac6957c7c0ef85cbceeb6c89eb47ef91cd1565d4a0dc0bbdc0511
SV5_HUB_7f53c12e20096748c0c6,283,226,RESERVED_TREE,70,56,SV5_HUB_7f53c12e20096748c0c6@70:56,UNKNOWN,AIR,ced4c4300ffac6957c7c0ef85cbceeb6c89eb47ef91cd1565d4a0dc0bbdc0511
SV5_HUB_7f53c12e20096748c0c6,284,226,RESERVED_TREE,71,56,SV5_HUB_7f53c12e20096748c0c6@71:56,UNKNOWN,AIR,ced4c4300ffac6957c7c0ef85cbceeb6c89eb47ef91cd1565d4a0dc0bbdc0511
SV5_HUB_7f53c12e20096748c0c6,285,226,RESERVED_TREE,71,56,SV5_HUB_7f53c12e20096748c0c6@71:56,UNKNOWN,AIR,ced4c4300ffac6957c7c0ef85cbceeb6c89eb47ef91cd1565d4a0dc0bbdc0511
SV5_HUB_7f53c12e20096748c0c6,286,226,AIR,71,56,SV5_HUB_7f53c12e20096748c0c6@71:56,UNKNOWN,AIR,ced4c4300ffac6957c7c0ef85cbceeb6c89eb47ef91cd1565d4a0dc0bbdc0511
SV5_HUB_7f53c12e20096748c0c6,287,226,AIR,71,56,SV5_HUB_7f53c12e20096748c0c6@71:56,UNKNOWN,AIR,ced4c4300ffac6957c7c0ef85cbceeb6c89eb47ef91cd1565d4a0dc0bbdc0511
SV5_HUB_7f53c12e20096748c0c6,288,226,AIR,72,56,SV5_HUB_7f53c12e20096748c0c6@72:56,UNKNOWN,AIR,ced4c4300ffac6957c7c0ef85cbceeb6c89eb47ef91cd1565d4a0dc0bbdc0511
SV5_HUB_7f53c12e20096748c0c6,289,226,PORT_NECK,72,56,SV5_HUB_7f53c12e20096748c0c6@72:56,UNKNOWN,AIR,ced4c4300ffac6957c7c0ef85cbceeb6c89eb47ef91cd1565d4a0dc0bbdc0511
SV5_HUB_7f53c12e20096748c0c6,290,226,PORT_NECK,72,56,SV5_HUB_7f53c12e20096748c0c6@72:56,UNKNOWN,AIR,ced4c4300ffac6957c7c0ef85cbceeb6c89eb47ef91cd1565d4a0dc0bbdc0511
SV5_HUB_7f53c12e20096748c0c6,291,226,PORT_NECK,72,56,SV5_HUB_7f53c12e20096748c0c6@72:56,UNKNOWN,AIR,ced4c4300ffac6957c7c0ef85cbceeb6c89eb47ef91cd1565d4a0dc0bbdc0511
SV5_HUB_7f53c12e20096748c0c6,292,226,PORT_NECK,73,56,SV5_HUB_7f53c12e20096748c0c6@73:56,UNKNOWN,AIR,ced4c4300ffac6957c7c0ef85cbceeb6c89eb47ef91cd1565d4a0dc0bbdc0511
SV5_HUB_7f53c12e20096748c0c6,293,226,PORT_NECK,73,56,SV5_HUB_7f53c12e20096748c0c6@73:56,UNKNOWN,AIR,ced4c4300ffac6957c7c0ef85cbceeb6c89eb47ef91cd1565d4a0dc0bbdc0511
SV5_HUB_7f53c12e20096748c0c6,294,226,PORT_NECK,73,56,SV5_HUB_7f53c12e20096748c0c6@73:56,UNKNOWN,AIR,ced4c4300ffac6957c7c0ef85cbceeb6c89eb47ef91cd1565d4a0dc0bbdc0511
SV5_HUB_7f53c12e20096748c0c6,295,226,PORT_NECK,73,56,SV5_HUB_7f53c12e20096748c0c6@73:56,UNKNOWN,AIR,ced4c4300ffac6957c7c0ef85cbceeb6c89eb47ef91cd1565d4a0dc0bbdc0511
SV5_HUB_7f53c12e20096748c0c6,272,227,PORT_NECK,68,56,SV5_HUB_7f53c12e20096748c0c6@68:56,UNKNOWN,AIR,ced4c4300ffac6957c7c0ef85cbceeb6c89eb47ef91cd1565d4a0dc0bbdc0511
SV5_HUB_7f53c12e20096748c0c6,273,227,PORT_NECK,68,56,SV5_HUB_7f53c12e20096748c0c6@68:56,UNKNOWN,AIR,ced4c4300ffac6957c7c0ef85cbceeb6c89eb47ef91cd1565d4a0dc0bbdc0511
SV5_HUB_7f53c12e20096748c0c6,274,227,PORT_NECK,68,56,SV5_HUB_7f53c12e20096748c0c6@68:56,UNKNOWN,AIR,ced4c4300ffac6957c7c0ef85cbceeb6c89eb47ef91cd1565d4a0dc0bbdc0511
SV5_HUB_7f53c12e20096748c0c6,275,227,PORT_NECK,68,56,SV5_HUB_7f53c12e20096748c0c6@68:56,UNKNOWN,AIR,ced4c4300ffac6957c7c0ef85cbceeb6c89eb47ef91cd1565d4a0dc0bbdc0511
SV5_HUB_7f53c12e20096748c0c6,276,227,PORT_NECK,69,56,SV5_HUB_7f53c12e20096748c0c6@69:56,UNKNOWN,AIR,ced4c4300ffac6957c7c0ef85cbceeb6c89eb47ef91cd1565d4a0dc0bbdc0511
SV5_HUB_7f53c12e20096748c0c6,277,227,PORT_NECK,69,56,SV5_HUB_7f53c12e20096748c0c6@69:56,UNKNOWN,AIR,ced4c4300ffac6957c7c0ef85cbceeb6c89eb47ef91cd1565d4a0dc0bbdc0511
SV5_HUB_7f53c12e20096748c0c6,278,227,PORT_NECK,69,56,SV5_HUB_7f53c12e20096748c0c6@69:56,UNKNOWN,AIR,ced4c4300ffac6957c7c0ef85cbceeb6c89eb47ef91cd1565d4a0dc0bbdc0511
SV5_HUB_7f53c12e20096748c0c6,279,227,AIR,69,56,SV5_HUB_7f53c12e20096748c0c6@69:56,UNKNOWN,AIR,ced4c4300ffac6957c7c0ef85cbceeb6c89eb47ef91cd1565d4a0dc0bbdc0511
SV5_HUB_7f53c12e20096748c0c6,280,227,AIR,70,56,SV5_HUB_7f53c12e20096748c0c6@70:56,UNKNOWN,AIR,ced4c4300ffac6957c7c0ef85cbceeb6c89eb47ef91cd1565d4a0dc0bbdc0511
SV5_HUB_7f53c12e20096748c0c6,281,227,AIR,70,56,SV5_HUB_7f53c12e20096748c0c6@70:56,UNKNOWN,AIR,ced4c4300ffac6957c7c0ef85cbceeb6c89eb47ef91cd1565d4a0dc0bbdc0511
SV5_HUB_7f53c12e20096748c0c6,282,227,RESERVED_TREE,70,56,SV5_HUB_7f53c12e20096748c0c6@70:56,UNKNOWN,AIR,ced4c4300ffac6957c7c0ef85cbceeb6c89eb47ef91cd1565d4a0dc0bbdc0511
SV5_HUB_7f53c12e20096748c0c6,283,227,RESERVED_TREE,70,56,SV5_HUB_7f53c12e20096748c0c6@70:56,UNKNOWN,AIR,ced4c4300ffac6957c7c0ef85cbceeb6c89eb47ef91cd1565d4a0dc0bbdc0511
SV5_HUB_7f53c12e20096748c0c6,284,227,RESERVED_TREE,71,56,SV5_HUB_7f53c12e20096748c0c6@71:56,UNKNOWN,AIR,ced4c4300ffac6957c7c0ef85cbceeb6c89eb47ef91cd1565d4a0dc0bbdc0511
SV5_HUB_7f53c12e20096748c0c6,285,227,RESERVED_TREE,71,56,SV5_HUB_7f53c12e20096748c0c6@71:56,UNKNOWN,AIR,ced4c4300ffac6957c7c0ef85cbceeb6c89eb47ef91cd1565d4a0dc0bbdc0511
SV5_HUB_7f53c12e20096748c0c6,286,227,AIR,71,56,SV5_HUB_7f53c12e20096748c0c6@71:56,UNKNOWN,AIR,ced4c4300ffac6957c7c0ef85cbceeb6c89eb47ef91cd1565d4a0dc0bbdc0511
SV5_HUB_7f53c12e20096748c0c6,287,227,AIR,71,56,SV5_HUB_7f53c12e20096748c0c6@71:56,UNKNOWN,AIR,ced4c4300ffac6957c7c0ef85cbceeb6c89eb47ef91cd1565d4a0dc0bbdc0511
SV5_HUB_7f53c12e20096748c0c6,288,227,AIR,72,56,SV5_HUB_7f53c12e20096748c0c6@72:56,UNKNOWN,AIR,ced4c4300ffac6957c7c0ef85cbceeb6c89eb47ef91cd1565d4a0dc0bbdc0511
SV5_HUB_7f53c12e20096748c0c6,289,227,PORT_NECK,72,56,SV5_HUB_7f53c12e20096748c0c6@72:56,UNKNOWN,AIR,ced4c4300ffac6957c7c0ef85cbceeb6c89eb47ef91cd1565d4a0dc0bbdc0511
SV5_HUB_7f53c12e20096748c0c6,290,227,PORT_NECK,72,56,SV5_HUB_7f53c12e20096748c0c6@72:56,UNKNOWN,AIR,ced4c4300ffac6957c7c0ef85cbceeb6c89eb47ef91cd1565d4a0dc0bbdc0511
SV5_HUB_7f53c12e20096748c0c6,291,227,PORT_NECK,72,56,SV5_HUB_7f53c12e20096748c0c6@72:56,UNKNOWN,AIR,ced4c4300ffac6957c7c0ef85cbceeb6c89eb47ef91cd1565d4a0dc0bbdc0511
SV5_HUB_7f53c12e20096748c0c6,292,227,PORT_NECK,73,56,SV5_HUB_7f53c12e20096748c0c6@73:56,UNKNOWN,AIR,ced4c4300ffac6957c7c0ef85cbceeb6c89eb47ef91cd1565d4a0dc0bbdc0511
SV5_HUB_7f53c12e20096748c0c6,293,227,PORT_NECK,73,56,SV5_HUB_7f53c12e20096748c0c6@73:56,UNKNOWN,AIR,ced4c4300ffac6957c7c0ef85cbceeb6c89eb47ef91cd1565d4a0dc0bbdc0511
SV5_HUB_7f53c12e20096748c0c6,294,227,PORT_NECK,73,56,SV5_HUB_7f53c12e20096748c0c6@73:56,UNKNOWN,AIR,ced4c4300ffac6957c7c0ef85cbceeb6c89eb47ef91cd1565d4a0dc0bbdc0511
SV5_HUB_7f53c12e20096748c0c6,295,227,PORT_NECK,73,56,SV5_HUB_7f53c12e20096748c0c6@73:56,UNKNOWN,AIR,ced4c4300ffac6957c7c0ef85cbceeb6c89eb47ef91cd1565d4a0dc0bbdc0511
SV5_HUB_7f53c12e20096748c0c6,272,228,PORT_NECK,68,57,SV5_HUB_7f53c12e20096748c0c6@68:57,UNKNOWN,AIR,ced4c4300ffac6957c7c0ef85cbceeb6c89eb47ef91cd1565d4a0dc0bbdc0511
SV5_HUB_7f53c12e20096748c0c6,273,228,PORT_NECK,68,57,SV5_HUB_7f53c12e20096748c0c6@68:57,UNKNOWN,AIR,ced4c4300ffac6957c7c0ef85cbceeb6c89eb47ef91cd1565d4a0dc0bbdc0511
SV5_HUB_7f53c12e20096748c0c6,274,228,PORT_NECK,68,57,SV5_HUB_7f53c12e20096748c0c6@68:57,UNKNOWN,AIR,ced4c4300ffac6957c7c0ef85cbceeb6c89eb47ef91cd1565d4a0dc0bbdc0511
SV5_HUB_7f53c12e20096748c0c6,275,228,PORT_NECK,68,57,SV5_HUB_7f53c12e20096748c0c6@68:57,UNKNOWN,AIR,ced4c4300ffac6957c7c0ef85cbceeb6c89eb47ef91cd1565d4a0dc0bbdc0511
SV5_HUB_7f53c12e20096748c0c6,276,228,PORT_NECK,69,57,SV5_HUB_7f53c12e20096748c0c6@69:57,UNKNOWN,AIR,ced4c4300ffac6957c7c0ef85cbceeb6c89eb47ef91cd1565d4a0dc0bbdc0511
SV5_HUB_7f53c12e20096748c0c6,277,228,PORT_NECK,69,57,SV5_HUB_7f53c12e20096748c0c6@69:57,UNKNOWN,AIR,ced4c4300ffac6957c7c0ef85cbceeb6c89eb47ef91cd1565d4a0dc0bbdc0511
SV5_HUB_7f53c12e20096748c0c6,278,228,PORT_NECK,69,57,SV5_HUB_7f53c12e20096748c0c6@69:57,UNKNOWN,AIR,ced4c4300ffac6957c7c0ef85cbceeb6c89eb47ef91cd1565d4a0dc0bbdc0511
SV5_HUB_7f53c12e20096748c0c6,279,228,AIR,69,57,SV5_HUB_7f53c12e20096748c0c6@69:57,UNKNOWN,AIR,ced4c4300ffac6957c7c0ef85cbceeb6c89eb47ef91cd1565d4a0dc0bbdc0511
SV5_HUB_7f53c12e20096748c0c6,280,228,AIR,70,57,SV5_HUB_7f53c12e20096748c0c6@70:57,UNKNOWN,AIR,ced4c4300ffac6957c7c0ef85cbceeb6c89eb47ef91cd1565d4a0dc0bbdc0511
SV5_HUB_7f53c12e20096748c0c6,281,228,AIR,70,57,SV5_HUB_7f53c12e20096748c0c6@70:57,UNKNOWN,AIR,ced4c4300ffac6957c7c0ef85cbceeb6c89eb47ef91cd1565d4a0dc0bbdc0511
SV5_HUB_7f53c12e20096748c0c6,282,228,RESERVED_TREE,70,57,SV5_HUB_7f53c12e20096748c0c6@70:57,UNKNOWN,AIR,ced4c4300ffac6957c7c0ef85cbceeb6c89eb47ef91cd1565d4a0dc0bbdc0511
SV5_HUB_7f53c12e20096748c0c6,283,228,RESERVED_TREE,70,57,SV5_HUB_7f53c12e20096748c0c6@70:57,UNKNOWN,AIR,ced4c4300ffac6957c7c0ef85cbceeb6c89eb47ef91cd1565d4a0dc0bbdc0511
SV5_HUB_7f53c12e20096748c0c6,284,228,RESERVED_TREE,71,57,SV5_HUB_7f53c12e20096748c0c6@71:57,UNKNOWN,AIR,ced4c4300ffac6957c7c0ef85cbceeb6c89eb47ef91cd1565d4a0dc0bbdc0511
SV5_HUB_7f53c12e20096748c0c6,285,228,RESERVED_TREE,71,57,SV5_HUB_7f53c12e20096748c0c6@71:57,UNKNOWN,AIR,ced4c4300ffac6957c7c0ef85cbceeb6c89eb47ef91cd1565d4a0dc0bbdc0511
SV5_HUB_7f53c12e20096748c0c6,286,228,AIR,71,57,SV5_HUB_7f53c12e20096748c0c6@71:57,UNKNOWN,AIR,ced4c4300ffac6957c7c0ef85cbceeb6c89eb47ef91cd1565d4a0dc0bbdc0511
SV5_HUB_7f53c12e20096748c0c6,287,228,AIR,71,57,SV5_HUB_7f53c12e20096748c0c6@71:57,UNKNOWN,AIR,ced4c4300ffac6957c7c0ef85cbceeb6c89eb47ef91cd1565d4a0dc0bbdc0511
SV5_HUB_7f53c12e20096748c0c6,288,228,AIR,72,57,SV5_HUB_7f53c12e20096748c0c6@72:57,UNKNOWN,AIR,ced4c4300ffac6957c7c0ef85cbceeb6c89eb47ef91cd1565d4a0dc0bbdc0511
SV5_HUB_7f53c12e20096748c0c6,289,228,PORT_NECK,72,57,SV5_HUB_7f53c12e20096748c0c6@72:57,UNKNOWN,AIR,ced4c4300ffac6957c7c0ef85cbceeb6c89eb47ef91cd1565d4a0dc0bbdc0511
SV5_HUB_7f53c12e20096748c0c6,290,228,PORT_NECK,72,57,SV5_HUB_7f53c12e20096748c0c6@72:57,UNKNOWN,AIR,ced4c4300ffac6957c7c0ef85cbceeb6c89eb47ef91cd1565d4a0dc0bbdc0511
SV5_HUB_7f53c12e20096748c0c6,291,228,PORT_NECK,72,57,SV5_HUB_7f53c12e20096748c0c6@72:57,UNKNOWN,AIR,ced4c4300ffac6957c7c0ef85cbceeb6c89eb47ef91cd1565d4a0dc0bbdc0511
SV5_HUB_7f53c12e20096748c0c6,292,228,PORT_NECK,73,57,SV5_HUB_7f53c12e20096748c0c6@73:57,UNKNOWN,AIR,ced4c4300ffac6957c7c0ef85cbceeb6c89eb47ef91cd1565d4a0dc0bbdc0511
SV5_HUB_7f53c12e20096748c0c6,293,228,PORT_NECK,73,57,SV5_HUB_7f53c12e20096748c0c6@73:57,UNKNOWN,AIR,ced4c4300ffac6957c7c0ef85cbceeb6c89eb47ef91cd1565d4a0dc0bbdc0511
SV5_HUB_7f53c12e20096748c0c6,294,228,PORT_NECK,73,57,SV5_HUB_7f53c12e20096748c0c6@73:57,UNKNOWN,AIR,ced4c4300ffac6957c7c0ef85cbceeb6c89eb47ef91cd1565d4a0dc0bbdc0511
SV5_HUB_7f53c12e20096748c0c6,295,228,PORT_NECK,73,57,SV5_HUB_7f53c12e20096748c0c6@73:57,UNKNOWN,AIR,ced4c4300ffac6957c7c0ef85cbceeb6c89eb47ef91cd1565d4a0dc0bbdc0511
SV5_HUB_7f53c12e20096748c0c6,272,229,PORT_NECK,68,57,SV5_HUB_7f53c12e20096748c0c6@68:57,UNKNOWN,AIR,ced4c4300ffac6957c7c0ef85cbceeb6c89eb47ef91cd1565d4a0dc0bbdc0511
SV5_HUB_7f53c12e20096748c0c6,273,229,PORT_NECK,68,57,SV5_HUB_7f53c12e20096748c0c6@68:57,UNKNOWN,AIR,ced4c4300ffac6957c7c0ef85cbceeb6c89eb47ef91cd1565d4a0dc0bbdc0511
SV5_HUB_7f53c12e20096748c0c6,274,229,PORT_NECK,68,57,SV5_HUB_7f53c12e20096748c0c6@68:57,UNKNOWN,AIR,ced4c4300ffac6957c7c0ef85cbceeb6c89eb47ef91cd1565d4a0dc0bbdc0511
SV5_HUB_7f53c12e20096748c0c6,275,229,PORT_NECK,68,57,SV5_HUB_7f53c12e20096748c0c6@68:57,UNKNOWN,AIR,ced4c4300ffac6957c7c0ef85cbceeb6c89eb47ef91cd1565d4a0dc0bbdc0511
SV5_HUB_7f53c12e20096748c0c6,276,229,PORT_NECK,69,57,SV5_HUB_7f53c12e20096748c0c6@69:57,UNKNOWN,AIR,ced4c4300ffac6957c7c0ef85cbceeb6c89eb47ef91cd1565d4a0dc0bbdc0511
SV5_HUB_7f53c12e20096748c0c6,277,229,PORT_NECK,69,57,SV5_HUB_7f53c12e20096748c0c6@69:57,UNKNOWN,AIR,ced4c4300ffac6957c7c0ef85cbceeb6c89eb47ef91cd1565d4a0dc0bbdc0511
SV5_HUB_7f53c12e20096748c0c6,278,229,PORT_NECK,69,57,SV5_HUB_7f53c12e20096748c0c6@69:57,UNKNOWN,AIR,ced4c4300ffac6957c7c0ef85cbceeb6c89eb47ef91cd1565d4a0dc0bbdc0511
SV5_HUB_7f53c12e20096748c0c6,279,229,AIR,69,57,SV5_HUB_7f53c12e20096748c0c6@69:57,UNKNOWN,AIR,ced4c4300ffac6957c7c0ef85cbceeb6c89eb47ef91cd1565d4a0dc0bbdc0511
SV5_HUB_7f53c12e20096748c0c6,280,229,AIR,70,57,SV5_HUB_7f53c12e20096748c0c6@70:57,UNKNOWN,AIR,ced4c4300ffac6957c7c0ef85cbceeb6c89eb47ef91cd1565d4a0dc0bbdc0511
SV5_HUB_7f53c12e20096748c0c6,281,229,AIR,70,57,SV5_HUB_7f53c12e20096748c0c6@70:57,UNKNOWN,AIR,ced4c4300ffac6957c7c0ef85cbceeb6c89eb47ef91cd1565d4a0dc0bbdc0511
SV5_HUB_7f53c12e20096748c0c6,282,229,RESERVED_TREE,70,57,SV5_HUB_7f53c12e20096748c0c6@70:57,UNKNOWN,AIR,ced4c4300ffac6957c7c0ef85cbceeb6c89eb47ef91cd1565d4a0dc0bbdc0511
SV5_HUB_7f53c12e20096748c0c6,283,229,RESERVED_TREE,70,57,SV5_HUB_7f53c12e20096748c0c6@70:57,UNKNOWN,AIR,ced4c4300ffac6957c7c0ef85cbceeb6c89eb47ef91cd1565d4a0dc0bbdc0511
SV5_HUB_7f53c12e20096748c0c6,284,229,RESERVED_TREE,71,57,SV5_HUB_7f53c12e20096748c0c6@71:57,UNKNOWN,AIR,ced4c4300ffac6957c7c0ef85cbceeb6c89eb47ef91cd1565d4a0dc0bbdc0511
SV5_HUB_7f53c12e20096748c0c6,285,229,RESERVED_TREE,71,57,SV5_HUB_7f53c12e20096748c0c6@71:57,UNKNOWN,AIR,ced4c4300ffac6957c7c0ef85cbceeb6c89eb47ef91cd1565d4a0dc0bbdc0511
SV5_HUB_7f53c12e20096748c0c6,286,229,AIR,71,57,SV5_HUB_7f53c12e20096748c0c6@71:57,UNKNOWN,AIR,ced4c4300ffac6957c7c0ef85cbceeb6c89eb47ef91cd1565d4a0dc0bbdc0511
SV5_HUB_7f53c12e20096748c0c6,287,229,AIR,71,57,SV5_HUB_7f53c12e20096748c0c6@71:57,UNKNOWN,AIR,ced4c4300ffac6957c7c0ef85cbceeb6c89eb47ef91cd1565d4a0dc0bbdc0511
SV5_HUB_7f53c12e20096748c0c6,288,229,AIR,72,57,SV5_HUB_7f53c12e20096748c0c6@72:57,UNKNOWN,AIR,ced4c4300ffac6957c7c0ef85cbceeb6c89eb47ef91cd1565d4a0dc0bbdc0511
SV5_HUB_7f53c12e20096748c0c6,289,229,PORT_NECK,72,57,SV5_HUB_7f53c12e20096748c0c6@72:57,UNKNOWN,AIR,ced4c4300ffac6957c7c0ef85cbceeb6c89eb47ef91cd1565d4a0dc0bbdc0511
SV5_HUB_7f53c12e20096748c0c6,290,229,PORT_NECK,72,57,SV5_HUB_7f53c12e20096748c0c6@72:57,UNKNOWN,AIR,ced4c4300ffac6957c7c0ef85cbceeb6c89eb47ef91cd1565d4a0dc0bbdc0511
SV5_HUB_7f53c12e20096748c0c6,291,229,PORT_NECK,72,57,SV5_HUB_7f53c12e20096748c0c6@72:57,UNKNOWN,AIR,ced4c4300ffac6957c7c0ef85cbceeb6c89eb47ef91cd1565d4a0dc0bbdc0511
SV5_HUB_7f53c12e20096748c0c6,292,229,PORT_NECK,73,57,SV5_HUB_7f53c12e20096748c0c6@73:57,UNKNOWN,AIR,ced4c4300ffac6957c7c0ef85cbceeb6c89eb47ef91cd1565d4a0dc0bbdc0511
SV5_HUB_7f53c12e20096748c0c6,293,229,PORT_NECK,73,57,SV5_HUB_7f53c12e20096748c0c6@73:57,UNKNOWN,AIR,ced4c4300ffac6957c7c0ef85cbceeb6c89eb47ef91cd1565d4a0dc0bbdc0511
SV5_HUB_7f53c12e20096748c0c6,294,229,PORT_NECK,73,57,SV5_HUB_7f53c12e20096748c0c6@73:57,UNKNOWN,AIR,ced4c4300ffac6957c7c0ef85cbceeb6c89eb47ef91cd1565d4a0dc0bbdc0511
SV5_HUB_7f53c12e20096748c0c6,295,229,PORT_NECK,73,57,SV5_HUB_7f53c12e20096748c0c6@73:57,UNKNOWN,AIR,ced4c4300ffac6957c7c0ef85cbceeb6c89eb47ef91cd1565d4a0dc0bbdc0511
SV5_HUB_7f53c12e20096748c0c6,272,230,PORT_NECK,68,57,SV5_HUB_7f53c12e20096748c0c6@68:57,UNKNOWN,AIR,ced4c4300ffac6957c7c0ef85cbceeb6c89eb47ef91cd1565d4a0dc0bbdc0511
SV5_HUB_7f53c12e20096748c0c6,273,230,PORT_NECK,68,57,SV5_HUB_7f53c12e20096748c0c6@68:57,UNKNOWN,AIR,ced4c4300ffac6957c7c0ef85cbceeb6c89eb47ef91cd1565d4a0dc0bbdc0511
SV5_HUB_7f53c12e20096748c0c6,274,230,PORT_NECK,68,57,SV5_HUB_7f53c12e20096748c0c6@68:57,UNKNOWN,AIR,ced4c4300ffac6957c7c0ef85cbceeb6c89eb47ef91cd1565d4a0dc0bbdc0511
SV5_HUB_7f53c12e20096748c0c6,275,230,PORT_NECK,68,57,SV5_HUB_7f53c12e20096748c0c6@68:57,UNKNOWN,AIR,ced4c4300ffac6957c7c0ef85cbceeb6c89eb47ef91cd1565d4a0dc0bbdc0511
SV5_HUB_7f53c12e20096748c0c6,276,230,PORT_NECK,69,57,SV5_HUB_7f53c12e20096748c0c6@69:57,UNKNOWN,AIR,ced4c4300ffac6957c7c0ef85cbceeb6c89eb47ef91cd1565d4a0dc0bbdc0511
SV5_HUB_7f53c12e20096748c0c6,277,230,PORT_NECK,69,57,SV5_HUB_7f53c12e20096748c0c6@69:57,UNKNOWN,AIR,ced4c4300ffac6957c7c0ef85cbceeb6c89eb47ef91cd1565d4a0dc0bbdc0511
SV5_HUB_7f53c12e20096748c0c6,278,230,PORT_NECK,69,57,SV5_HUB_7f53c12e20096748c0c6@69:57,UNKNOWN,AIR,ced4c4300ffac6957c7c0ef85cbceeb6c89eb47ef91cd1565d4a0dc0bbdc0511
SV5_HUB_7f53c12e20096748c0c6,279,230,AIR,69,57,SV5_HUB_7f53c12e20096748c0c6@69:57,UNKNOWN,AIR,ced4c4300ffac6957c7c0ef85cbceeb6c89eb47ef91cd1565d4a0dc0bbdc0511
SV5_HUB_7f53c12e20096748c0c6,280,230,AIR,70,57,SV5_HUB_7f53c12e20096748c0c6@70:57,UNKNOWN,AIR,ced4c4300ffac6957c7c0ef85cbceeb6c89eb47ef91cd1565d4a0dc0bbdc0511
SV5_HUB_7f53c12e20096748c0c6,281,230,AIR,70,57,SV5_HUB_7f53c12e20096748c0c6@70:57,UNKNOWN,AIR,ced4c4300ffac6957c7c0ef85cbceeb6c89eb47ef91cd1565d4a0dc0bbdc0511
SV5_HUB_7f53c12e20096748c0c6,282,230,RESERVED_TREE,70,57,SV5_HUB_7f53c12e20096748c0c6@70:57,UNKNOWN,AIR,ced4c4300ffac6957c7c0ef85cbceeb6c89eb47ef91cd1565d4a0dc0bbdc0511
SV5_HUB_7f53c12e20096748c0c6,283,230,RESERVED_TREE,70,57,SV5_HUB_7f53c12e20096748c0c6@70:57,UNKNOWN,AIR,ced4c4300ffac6957c7c0ef85cbceeb6c89eb47ef91cd1565d4a0dc0bbdc0511
SV5_HUB_7f53c12e20096748c0c6,284,230,RESERVED_TREE,71,57,SV5_HUB_7f53c12e20096748c0c6@71:57,UNKNOWN,AIR,ced4c4300ffac6957c7c0ef85cbceeb6c89eb47ef91cd1565d4a0dc0bbdc0511
SV5_HUB_7f53c12e20096748c0c6,285,230,RESERVED_TREE,71,57,SV5_HUB_7f53c12e20096748c0c6@71:57,UNKNOWN,AIR,ced4c4300ffac6957c7c0ef85cbceeb6c89eb47ef91cd1565d4a0dc0bbdc0511
SV5_HUB_7f53c12e20096748c0c6,286,230,AIR,71,57,SV5_HUB_7f53c12e20096748c0c6@71:57,UNKNOWN,AIR,ced4c4300ffac6957c7c0ef85cbceeb6c89eb47ef91cd1565d4a0dc0bbdc0511
SV5_HUB_7f53c12e20096748c0c6,287,230,AIR,71,57,SV5_HUB_7f53c12e20096748c0c6@71:57,UNKNOWN,AIR,ced4c4300ffac6957c7c0ef85cbceeb6c89eb47ef91cd1565d4a0dc0bbdc0511
SV5_HUB_7f53c12e20096748c0c6,288,230,AIR,72,57,SV5_HUB_7f53c12e20096748c0c6@72:57,UNKNOWN,AIR,ced4c4300ffac6957c7c0ef85cbceeb6c89eb47ef91cd1565d4a0dc0bbdc0511
SV5_HUB_7f53c12e20096748c0c6,289,230,PORT_NECK,72,57,SV5_HUB_7f53c12e20096748c0c6@72:57,UNKNOWN,AIR,ced4c4300ffac6957c7c0ef85cbceeb6c89eb47ef91cd1565d4a0dc0bbdc0511
SV5_HUB_7f53c12e20096748c0c6,290,230,PORT_NECK,72,57,SV5_HUB_7f53c12e20096748c0c6@72:57,UNKNOWN,AIR,ced4c4300ffac6957c7c0ef85cbceeb6c89eb47ef91cd1565d4a0dc0bbdc0511
SV5_HUB_7f53c12e20096748c0c6,291,230,PORT_NECK,72,57,SV5_HUB_7f53c12e20096748c0c6@72:57,UNKNOWN,AIR,ced4c4300ffac6957c7c0ef85cbceeb6c89eb47ef91cd1565d4a0dc0bbdc0511
SV5_HUB_7f53c12e20096748c0c6,292,230,PORT_NECK,73,57,SV5_HUB_7f53c12e20096748c0c6@73:57,UNKNOWN,AIR,ced4c4300ffac6957c7c0ef85cbceeb6c89eb47ef91cd1565d4a0dc0bbdc0511
SV5_HUB_7f53c12e20096748c0c6,293,230,PORT_NECK,73,57,SV5_HUB_7f53c12e20096748c0c6@73:57,UNKNOWN,AIR,ced4c4300ffac6957c7c0ef85cbceeb6c89eb47ef91cd1565d4a0dc0bbdc0511
SV5_HUB_7f53c12e20096748c0c6,294,230,PORT_NECK,73,57,SV5_HUB_7f53c12e20096748c0c6@73:57,UNKNOWN,AIR,ced4c4300ffac6957c7c0ef85cbceeb6c89eb47ef91cd1565d4a0dc0bbdc0511
SV5_HUB_7f53c12e20096748c0c6,295,230,PORT_NECK,73,57,SV5_HUB_7f53c12e20096748c0c6@73:57,UNKNOWN,AIR,ced4c4300ffac6957c7c0ef85cbceeb6c89eb47ef91cd1565d4a0dc0bbdc0511
SV5_HUB_7f53c12e20096748c0c6,272,231,PORT_NECK,68,57,SV5_HUB_7f53c12e20096748c0c6@68:57,UNKNOWN,AIR,ced4c4300ffac6957c7c0ef85cbceeb6c89eb47ef91cd1565d4a0dc0bbdc0511
SV5_HUB_7f53c12e20096748c0c6,273,231,PORT_NECK,68,57,SV5_HUB_7f53c12e20096748c0c6@68:57,UNKNOWN,AIR,ced4c4300ffac6957c7c0ef85cbceeb6c89eb47ef91cd1565d4a0dc0bbdc0511
SV5_HUB_7f53c12e20096748c0c6,274,231,PORT_NECK,68,57,SV5_HUB_7f53c12e20096748c0c6@68:57,UNKNOWN,AIR,ced4c4300ffac6957c7c0ef85cbceeb6c89eb47ef91cd1565d4a0dc0bbdc0511
SV5_HUB_7f53c12e20096748c0c6,275,231,PORT_NECK,68,57,SV5_HUB_7f53c12e20096748c0c6@68:57,UNKNOWN,AIR,ced4c4300ffac6957c7c0ef85cbceeb6c89eb47ef91cd1565d4a0dc0bbdc0511
SV5_HUB_7f53c12e20096748c0c6,276,231,PORT_NECK,69,57,SV5_HUB_7f53c12e20096748c0c6@69:57,UNKNOWN,AIR,ced4c4300ffac6957c7c0ef85cbceeb6c89eb47ef91cd1565d4a0dc0bbdc0511
SV5_HUB_7f53c12e20096748c0c6,277,231,PORT_NECK,69,57,SV5_HUB_7f53c12e20096748c0c6@69:57,UNKNOWN,AIR,ced4c4300ffac6957c7c0ef85cbceeb6c89eb47ef91cd1565d4a0dc0bbdc0511
SV5_HUB_7f53c12e20096748c0c6,278,231,PORT_NECK,69,57,SV5_HUB_7f53c12e20096748c0c6@69:57,UNKNOWN,AIR,ced4c4300ffac6957c7c0ef85cbceeb6c89eb47ef91cd1565d4a0dc0bbdc0511
SV5_HUB_7f53c12e20096748c0c6,279,231,AIR,69,57,SV5_HUB_7f53c12e20096748c0c6@69:57,UNKNOWN,AIR,ced4c4300ffac6957c7c0ef85cbceeb6c89eb47ef91cd1565d4a0dc0bbdc0511
SV5_HUB_7f53c12e20096748c0c6,280,231,AIR,70,57,SV5_HUB_7f53c12e20096748c0c6@70:57,UNKNOWN,AIR,ced4c4300ffac6957c7c0ef85cbceeb6c89eb47ef91cd1565d4a0dc0bbdc0511
SV5_HUB_7f53c12e20096748c0c6,281,231,AIR,70,57,SV5_HUB_7f53c12e20096748c0c6@70:57,UNKNOWN,AIR,ced4c4300ffac6957c7c0ef85cbceeb6c89eb47ef91cd1565d4a0dc0bbdc0511
SV5_HUB_7f53c12e20096748c0c6,282,231,RESERVED_TREE,70,57,SV5_HUB_7f53c12e20096748c0c6@70:57,UNKNOWN,AIR,ced4c4300ffac6957c7c0ef85cbceeb6c89eb47ef91cd1565d4a0dc0bbdc0511
SV5_HUB_7f53c12e20096748c0c6,283,231,RESERVED_TREE,70,57,SV5_HUB_7f53c12e20096748c0c6@70:57,UNKNOWN,AIR,ced4c4300ffac6957c7c0ef85cbceeb6c89eb47ef91cd1565d4a0dc0bbdc0511
SV5_HUB_7f53c12e20096748c0c6,284,231,RESERVED_TREE,71,57,SV5_HUB_7f53c12e20096748c0c6@71:57,UNKNOWN,AIR,ced4c4300ffac6957c7c0ef85cbceeb6c89eb47ef91cd1565d4a0dc0bbdc0511
SV5_HUB_7f53c12e20096748c0c6,285,231,RESERVED_TREE,71,57,SV5_HUB_7f53c12e20096748c0c6@71:57,UNKNOWN,AIR,ced4c4300ffac6957c7c0ef85cbceeb6c89eb47ef91cd1565d4a0dc0bbdc0511
SV5_HUB_7f53c12e20096748c0c6,286,231,AIR,71,57,SV5_HUB_7f53c12e20096748c0c6@71:57,UNKNOWN,AIR,ced4c4300ffac6957c7c0ef85cbceeb6c89eb47ef91cd1565d4a0dc0bbdc0511
SV5_HUB_7f53c12e20096748c0c6,287,231,AIR,71,57,SV5_HUB_7f53c12e20096748c0c6@71:57,UNKNOWN,AIR,ced4c4300ffac6957c7c0ef85cbceeb6c89eb47ef91cd1565d4a0dc0bbdc0511
SV5_HUB_7f53c12e20096748c0c6,288,231,AIR,72,57,SV5_HUB_7f53c12e20096748c0c6@72:57,UNKNOWN,AIR,ced4c4300ffac6957c7c0ef85cbceeb6c89eb47ef91cd1565d4a0dc0bbdc0511
SV5_HUB_7f53c12e20096748c0c6,289,231,PORT_NECK,72,57,SV5_HUB_7f53c12e20096748c0c6@72:57,UNKNOWN,AIR,ced4c4300ffac6957c7c0ef85cbceeb6c89eb47ef91cd1565d4a0dc0bbdc0511
SV5_HUB_7f53c12e20096748c0c6,290,231,PORT_NECK,72,57,SV5_HUB_7f53c12e20096748c0c6@72:57,UNKNOWN,AIR,ced4c4300ffac6957c7c0ef85cbceeb6c89eb47ef91cd1565d4a0dc0bbdc0511
SV5_HUB_7f53c12e20096748c0c6,291,231,PORT_NECK,72,57,SV5_HUB_7f53c12e20096748c0c6@72:57,UNKNOWN,AIR,ced4c4300ffac6957c7c0ef85cbceeb6c89eb47ef91cd1565d4a0dc0bbdc0511
SV5_HUB_7f53c12e20096748c0c6,292,231,PORT_NECK,73,57,SV5_HUB_7f53c12e20096748c0c6@73:57,UNKNOWN,AIR,ced4c4300ffac6957c7c0ef85cbceeb6c89eb47ef91cd1565d4a0dc0bbdc0511
SV5_HUB_7f53c12e20096748c0c6,293,231,PORT_NECK,73,57,SV5_HUB_7f53c12e20096748c0c6@73:57,UNKNOWN,AIR,ced4c4300ffac6957c7c0ef85cbceeb6c89eb47ef91cd1565d4a0dc0bbdc0511
SV5_HUB_7f53c12e20096748c0c6,294,231,PORT_NECK,73,57,SV5_HUB_7f53c12e20096748c0c6@73:57,UNKNOWN,AIR,ced4c4300ffac6957c7c0ef85cbceeb6c89eb47ef91cd1565d4a0dc0bbdc0511
SV5_HUB_7f53c12e20096748c0c6,295,231,PORT_NECK,73,57,SV5_HUB_7f53c12e20096748c0c6@73:57,UNKNOWN,AIR,ced4c4300ffac6957c7c0ef85cbceeb6c89eb47ef91cd1565d4a0dc0bbdc0511
SV5_HUB_7f53c12e20096748c0c6,272,232,SOLID,68,58,SV5_HUB_7f53c12e20096748c0c6@68:58,UNKNOWN,SOLID,ced4c4300ffac6957c7c0ef85cbceeb6c89eb47ef91cd1565d4a0dc0bbdc0511
SV5_HUB_7f53c12e20096748c0c6,273,232,SOLID,68,58,SV5_HUB_7f53c12e20096748c0c6@68:58,UNKNOWN,SOLID,ced4c4300ffac6957c7c0ef85cbceeb6c89eb47ef91cd1565d4a0dc0bbdc0511
SV5_HUB_7f53c12e20096748c0c6,274,232,SOLID,68,58,SV5_HUB_7f53c12e20096748c0c6@68:58,UNKNOWN,SOLID,ced4c4300ffac6957c7c0ef85cbceeb6c89eb47ef91cd1565d4a0dc0bbdc0511
SV5_HUB_7f53c12e20096748c0c6,275,232,SOLID,68,58,SV5_HUB_7f53c12e20096748c0c6@68:58,UNKNOWN,SOLID,ced4c4300ffac6957c7c0ef85cbceeb6c89eb47ef91cd1565d4a0dc0bbdc0511
SV5_HUB_7f53c12e20096748c0c6,276,232,SOLID,69,58,SV5_HUB_7f53c12e20096748c0c6@69:58,UNKNOWN,SOLID,ced4c4300ffac6957c7c0ef85cbceeb6c89eb47ef91cd1565d4a0dc0bbdc0511
SV5_HUB_7f53c12e20096748c0c6,277,232,SOLID,69,58,SV5_HUB_7f53c12e20096748c0c6@69:58,UNKNOWN,SOLID,ced4c4300ffac6957c7c0ef85cbceeb6c89eb47ef91cd1565d4a0dc0bbdc0511
SV5_HUB_7f53c12e20096748c0c6,278,232,AIR,69,58,SV5_HUB_7f53c12e20096748c0c6@69:58,UNKNOWN,AIR,ced4c4300ffac6957c7c0ef85cbceeb6c89eb47ef91cd1565d4a0dc0bbdc0511
SV5_HUB_7f53c12e20096748c0c6,279,232,AIR,69,58,SV5_HUB_7f53c12e20096748c0c6@69:58,UNKNOWN,AIR,ced4c4300ffac6957c7c0ef85cbceeb6c89eb47ef91cd1565d4a0dc0bbdc0511
SV5_HUB_7f53c12e20096748c0c6,280,232,AIR,70,58,SV5_HUB_7f53c12e20096748c0c6@70:58,UNKNOWN,AIR,ced4c4300ffac6957c7c0ef85cbceeb6c89eb47ef91cd1565d4a0dc0bbdc0511
SV5_HUB_7f53c12e20096748c0c6,281,232,AIR,70,58,SV5_HUB_7f53c12e20096748c0c6@70:58,UNKNOWN,AIR,ced4c4300ffac6957c7c0ef85cbceeb6c89eb47ef91cd1565d4a0dc0bbdc0511
SV5_HUB_7f53c12e20096748c0c6,282,232,RESERVED_TREE,70,58,SV5_HUB_7f53c12e20096748c0c6@70:58,UNKNOWN,AIR,ced4c4300ffac6957c7c0ef85cbceeb6c89eb47ef91cd1565d4a0dc0bbdc0511
SV5_HUB_7f53c12e20096748c0c6,283,232,RESERVED_TREE,70,58,SV5_HUB_7f53c12e20096748c0c6@70:58,UNKNOWN,AIR,ced4c4300ffac6957c7c0ef85cbceeb6c89eb47ef91cd1565d4a0dc0bbdc0511
SV5_HUB_7f53c12e20096748c0c6,284,232,RESERVED_TREE,71,58,SV5_HUB_7f53c12e20096748c0c6@71:58,UNKNOWN,AIR,ced4c4300ffac6957c7c0ef85cbceeb6c89eb47ef91cd1565d4a0dc0bbdc0511
SV5_HUB_7f53c12e20096748c0c6,285,232,RESERVED_TREE,71,58,SV5_HUB_7f53c12e20096748c0c6@71:58,UNKNOWN,AIR,ced4c4300ffac6957c7c0ef85cbceeb6c89eb47ef91cd1565d4a0dc0bbdc0511
SV5_HUB_7f53c12e20096748c0c6,286,232,AIR,71,58,SV5_HUB_7f53c12e20096748c0c6@71:58,UNKNOWN,AIR,ced4c4300ffac6957c7c0ef85cbceeb6c89eb47ef91cd1565d4a0dc0bbdc0511
SV5_HUB_7f53c12e20096748c0c6,287,232,AIR,71,58,SV5_HUB_7f53c12e20096748c0c6@71:58,UNKNOWN,AIR,ced4c4300ffac6957c7c0ef85cbceeb6c89eb47ef91cd1565d4a0dc0bbdc0511
SV5_HUB_7f53c12e20096748c0c6,288,232,AIR,72,58,SV5_HUB_7f53c12e20096748c0c6@72:58,UNKNOWN,AIR,ced4c4300ffac6957c7c0ef85cbceeb6c89eb47ef91cd1565d4a0dc0bbdc0511
SV5_HUB_7f53c12e20096748c0c6,289,232,AIR,72,58,SV5_HUB_7f53c12e20096748c0c6@72:58,UNKNOWN,AIR,ced4c4300ffac6957c7c0ef85cbceeb6c89eb47ef91cd1565d4a0dc0bbdc0511
SV5_HUB_7f53c12e20096748c0c6,290,232,SOLID,72,58,SV5_HUB_7f53c12e20096748c0c6@72:58,UNKNOWN,SOLID,ced4c4300ffac6957c7c0ef85cbceeb6c89eb47ef91cd1565d4a0dc0bbdc0511
SV5_HUB_7f53c12e20096748c0c6,291,232,SOLID,72,58,SV5_HUB_7f53c12e20096748c0c6@72:58,UNKNOWN,SOLID,ced4c4300ffac6957c7c0ef85cbceeb6c89eb47ef91cd1565d4a0dc0bbdc0511
SV5_HUB_7f53c12e20096748c0c6,292,232,SOLID,73,58,SV5_HUB_7f53c12e20096748c0c6@73:58,UNKNOWN,SOLID,ced4c4300ffac6957c7c0ef85cbceeb6c89eb47ef91cd1565d4a0dc0bbdc0511
SV5_HUB_7f53c12e20096748c0c6,293,232,SOLID,73,58,SV5_HUB_7f53c12e20096748c0c6@73:58,UNKNOWN,SOLID,ced4c4300ffac6957c7c0ef85cbceeb6c89eb47ef91cd1565d4a0dc0bbdc0511
SV5_HUB_7f53c12e20096748c0c6,294,232,SOLID,73,58,SV5_HUB_7f53c12e20096748c0c6@73:58,UNKNOWN,SOLID,ced4c4300ffac6957c7c0ef85cbceeb6c89eb47ef91cd1565d4a0dc0bbdc0511
SV5_HUB_7f53c12e20096748c0c6,295,232,SOLID,73,58,SV5_HUB_7f53c12e20096748c0c6@73:58,UNKNOWN,SOLID,ced4c4300ffac6957c7c0ef85cbceeb6c89eb47ef91cd1565d4a0dc0bbdc0511
SV5_HUB_7f53c12e20096748c0c6,272,233,SOLID,68,58,SV5_HUB_7f53c12e20096748c0c6@68:58,UNKNOWN,SOLID,ced4c4300ffac6957c7c0ef85cbceeb6c89eb47ef91cd1565d4a0dc0bbdc0511
SV5_HUB_7f53c12e20096748c0c6,273,233,SOLID,68,58,SV5_HUB_7f53c12e20096748c0c6@68:58,UNKNOWN,SOLID,ced4c4300ffac6957c7c0ef85cbceeb6c89eb47ef91cd1565d4a0dc0bbdc0511
SV5_HUB_7f53c12e20096748c0c6,274,233,SOLID,68,58,SV5_HUB_7f53c12e20096748c0c6@68:58,UNKNOWN,SOLID,ced4c4300ffac6957c7c0ef85cbceeb6c89eb47ef91cd1565d4a0dc0bbdc0511
SV5_HUB_7f53c12e20096748c0c6,275,233,SOLID,68,58,SV5_HUB_7f53c12e20096748c0c6@68:58,UNKNOWN,SOLID,ced4c4300ffac6957c7c0ef85cbceeb6c89eb47ef91cd1565d4a0dc0bbdc0511
SV5_HUB_7f53c12e20096748c0c6,276,233,SOLID,69,58,SV5_HUB_7f53c12e20096748c0c6@69:58,UNKNOWN,SOLID,ced4c4300ffac6957c7c0ef85cbceeb6c89eb47ef91cd1565d4a0dc0bbdc0511
SV5_HUB_7f53c12e20096748c0c6,277,233,SOLID,69,58,SV5_HUB_7f53c12e20096748c0c6@69:58,UNKNOWN,SOLID,ced4c4300ffac6957c7c0ef85cbceeb6c89eb47ef91cd1565d4a0dc0bbdc0511
SV5_HUB_7f53c12e20096748c0c6,278,233,AIR,69,58,SV5_HUB_7f53c12e20096748c0c6@69:58,UNKNOWN,AIR,ced4c4300ffac6957c7c0ef85cbceeb6c89eb47ef91cd1565d4a0dc0bbdc0511
SV5_HUB_7f53c12e20096748c0c6,279,233,AIR,69,58,SV5_HUB_7f53c12e20096748c0c6@69:58,UNKNOWN,AIR,ced4c4300ffac6957c7c0ef85cbceeb6c89eb47ef91cd1565d4a0dc0bbdc0511
SV5_HUB_7f53c12e20096748c0c6,280,233,AIR,70,58,SV5_HUB_7f53c12e20096748c0c6@70:58,UNKNOWN,AIR,ced4c4300ffac6957c7c0ef85cbceeb6c89eb47ef91cd1565d4a0dc0bbdc0511
SV5_HUB_7f53c12e20096748c0c6,281,233,AIR,70,58,SV5_HUB_7f53c12e20096748c0c6@70:58,UNKNOWN,AIR,ced4c4300ffac6957c7c0ef85cbceeb6c89eb47ef91cd1565d4a0dc0bbdc0511
SV5_HUB_7f53c12e20096748c0c6,282,233,RESERVED_TREE,70,58,SV5_HUB_7f53c12e20096748c0c6@70:58,UNKNOWN,AIR,ced4c4300ffac6957c7c0ef85cbceeb6c89eb47ef91cd1565d4a0dc0bbdc0511
SV5_HUB_7f53c12e20096748c0c6,283,233,RESERVED_TREE,70,58,SV5_HUB_7f53c12e20096748c0c6@70:58,UNKNOWN,AIR,ced4c4300ffac6957c7c0ef85cbceeb6c89eb47ef91cd1565d4a0dc0bbdc0511
SV5_HUB_7f53c12e20096748c0c6,284,233,RESERVED_TREE,71,58,SV5_HUB_7f53c12e20096748c0c6@71:58,UNKNOWN,AIR,ced4c4300ffac6957c7c0ef85cbceeb6c89eb47ef91cd1565d4a0dc0bbdc0511
SV5_HUB_7f53c12e20096748c0c6,285,233,RESERVED_TREE,71,58,SV5_HUB_7f53c12e20096748c0c6@71:58,UNKNOWN,AIR,ced4c4300ffac6957c7c0ef85cbceeb6c89eb47ef91cd1565d4a0dc0bbdc0511
SV5_HUB_7f53c12e20096748c0c6,286,233,AIR,71,58,SV5_HUB_7f53c12e20096748c0c6@71:58,UNKNOWN,AIR,ced4c4300ffac6957c7c0ef85cbceeb6c89eb47ef91cd1565d4a0dc0bbdc0511
SV5_HUB_7f53c12e20096748c0c6,287,233,AIR,71,58,SV5_HUB_7f53c12e20096748c0c6@71:58,UNKNOWN,AIR,ced4c4300ffac6957c7c0ef85cbceeb6c89eb47ef91cd1565d4a0dc0bbdc0511
SV5_HUB_7f53c12e20096748c0c6,288,233,AIR,72,58,SV5_HUB_7f53c12e20096748c0c6@72:58,UNKNOWN,AIR,ced4c4300ffac6957c7c0ef85cbceeb6c89eb47ef91cd1565d4a0dc0bbdc0511
SV5_HUB_7f53c12e20096748c0c6,289,233,AIR,72,58,SV5_HUB_7f53c12e20096748c0c6@72:58,UNKNOWN,AIR,ced4c4300ffac6957c7c0ef85cbceeb6c89eb47ef91cd1565d4a0dc0bbdc0511
SV5_HUB_7f53c12e20096748c0c6,290,233,SOLID,72,58,SV5_HUB_7f53c12e20096748c0c6@72:58,UNKNOWN,SOLID,ced4c4300ffac6957c7c0ef85cbceeb6c89eb47ef91cd1565d4a0dc0bbdc0511
SV5_HUB_7f53c12e20096748c0c6,291,233,SOLID,72,58,SV5_HUB_7f53c12e20096748c0c6@72:58,UNKNOWN,SOLID,ced4c4300ffac6957c7c0ef85cbceeb6c89eb47ef91cd1565d4a0dc0bbdc0511
SV5_HUB_7f53c12e20096748c0c6,292,233,SOLID,73,58,SV5_HUB_7f53c12e20096748c0c6@73:58,UNKNOWN,SOLID,ced4c4300ffac6957c7c0ef85cbceeb6c89eb47ef91cd1565d4a0dc0bbdc0511
SV5_HUB_7f53c12e20096748c0c6,293,233,SOLID,73,58,SV5_HUB_7f53c12e20096748c0c6@73:58,UNKNOWN,SOLID,ced4c4300ffac6957c7c0ef85cbceeb6c89eb47ef91cd1565d4a0dc0bbdc0511
SV5_HUB_7f53c12e20096748c0c6,294,233,SOLID,73,58,SV5_HUB_7f53c12e20096748c0c6@73:58,UNKNOWN,SOLID,ced4c4300ffac6957c7c0ef85cbceeb6c89eb47ef91cd1565d4a0dc0bbdc0511
SV5_HUB_7f53c12e20096748c0c6,295,233,SOLID,73,58,SV5_HUB_7f53c12e20096748c0c6@73:58,UNKNOWN,SOLID,ced4c4300ffac6957c7c0ef85cbceeb6c89eb47ef91cd1565d4a0dc0bbdc0511
SV5_HUB_7f53c12e20096748c0c6,272,234,SOLID,68,58,SV5_HUB_7f53c12e20096748c0c6@68:58,UNKNOWN,SOLID,ced4c4300ffac6957c7c0ef85cbceeb6c89eb47ef91cd1565d4a0dc0bbdc0511
SV5_HUB_7f53c12e20096748c0c6,273,234,SOLID,68,58,SV5_HUB_7f53c12e20096748c0c6@68:58,UNKNOWN,SOLID,ced4c4300ffac6957c7c0ef85cbceeb6c89eb47ef91cd1565d4a0dc0bbdc0511
SV5_HUB_7f53c12e20096748c0c6,274,234,SOLID,68,58,SV5_HUB_7f53c12e20096748c0c6@68:58,UNKNOWN,SOLID,ced4c4300ffac6957c7c0ef85cbceeb6c89eb47ef91cd1565d4a0dc0bbdc0511
SV5_HUB_7f53c12e20096748c0c6,275,234,SOLID,68,58,SV5_HUB_7f53c12e20096748c0c6@68:58,UNKNOWN,SOLID,ced4c4300ffac6957c7c0ef85cbceeb6c89eb47ef91cd1565d4a0dc0bbdc0511
SV5_HUB_7f53c12e20096748c0c6,276,234,SOLID,69,58,SV5_HUB_7f53c12e20096748c0c6@69:58,UNKNOWN,SOLID,ced4c4300ffac6957c7c0ef85cbceeb6c89eb47ef91cd1565d4a0dc0bbdc0511
SV5_HUB_7f53c12e20096748c0c6,277,234,SOLID,69,58,SV5_HUB_7f53c12e20096748c0c6@69:58,UNKNOWN,SOLID,ced4c4300ffac6957c7c0ef85cbceeb6c89eb47ef91cd1565d4a0dc0bbdc0511
SV5_HUB_7f53c12e20096748c0c6,278,234,AIR,69,58,SV5_HUB_7f53c12e20096748c0c6@69:58,UNKNOWN,AIR,ced4c4300ffac6957c7c0ef85cbceeb6c89eb47ef91cd1565d4a0dc0bbdc0511
SV5_HUB_7f53c12e20096748c0c6,279,234,AIR,69,58,SV5_HUB_7f53c12e20096748c0c6@69:58,UNKNOWN,AIR,ced4c4300ffac6957c7c0ef85cbceeb6c89eb47ef91cd1565d4a0dc0bbdc0511
SV5_HUB_7f53c12e20096748c0c6,280,234,AIR,70,58,SV5_HUB_7f53c12e20096748c0c6@70:58,UNKNOWN,AIR,ced4c4300ffac6957c7c0ef85cbceeb6c89eb47ef91cd1565d4a0dc0bbdc0511
SV5_HUB_7f53c12e20096748c0c6,281,234,AIR,70,58,SV5_HUB_7f53c12e20096748c0c6@70:58,UNKNOWN,AIR,ced4c4300ffac6957c7c0ef85cbceeb6c89eb47ef91cd1565d4a0dc0bbdc0511
SV5_HUB_7f53c12e20096748c0c6,282,234,RESERVED_TREE,70,58,SV5_HUB_7f53c12e20096748c0c6@70:58,UNKNOWN,AIR,ced4c4300ffac6957c7c0ef85cbceeb6c89eb47ef91cd1565d4a0dc0bbdc0511
SV5_HUB_7f53c12e20096748c0c6,283,234,RESERVED_TREE,70,58,SV5_HUB_7f53c12e20096748c0c6@70:58,UNKNOWN,AIR,ced4c4300ffac6957c7c0ef85cbceeb6c89eb47ef91cd1565d4a0dc0bbdc0511
SV5_HUB_7f53c12e20096748c0c6,284,234,RESERVED_TREE,71,58,SV5_HUB_7f53c12e20096748c0c6@71:58,UNKNOWN,AIR,ced4c4300ffac6957c7c0ef85cbceeb6c89eb47ef91cd1565d4a0dc0bbdc0511
SV5_HUB_7f53c12e20096748c0c6,285,234,RESERVED_TREE,71,58,SV5_HUB_7f53c12e20096748c0c6@71:58,UNKNOWN,AIR,ced4c4300ffac6957c7c0ef85cbceeb6c89eb47ef91cd1565d4a0dc0bbdc0511
SV5_HUB_7f53c12e20096748c0c6,286,234,AIR,71,58,SV5_HUB_7f53c12e20096748c0c6@71:58,UNKNOWN,AIR,ced4c4300ffac6957c7c0ef85cbceeb6c89eb47ef91cd1565d4a0dc0bbdc0511
SV5_HUB_7f53c12e20096748c0c6,287,234,AIR,71,58,SV5_HUB_7f53c12e20096748c0c6@71:58,UNKNOWN,AIR,ced4c4300ffac6957c7c0ef85cbceeb6c89eb47ef91cd1565d4a0dc0bbdc0511
SV5_HUB_7f53c12e20096748c0c6,288,234,AIR,72,58,SV5_HUB_7f53c12e20096748c0c6@72:58,UNKNOWN,AIR,ced4c4300ffac6957c7c0ef85cbceeb6c89eb47ef91cd1565d4a0dc0bbdc0511
SV5_HUB_7f53c12e20096748c0c6,289,234,AIR,72,58,SV5_HUB_7f53c12e20096748c0c6@72:58,UNKNOWN,AIR,ced4c4300ffac6957c7c0ef85cbceeb6c89eb47ef91cd1565d4a0dc0bbdc0511
SV5_HUB_7f53c12e20096748c0c6,290,234,SOLID,72,58,SV5_HUB_7f53c12e20096748c0c6@72:58,UNKNOWN,SOLID,ced4c4300ffac6957c7c0ef85cbceeb6c89eb47ef91cd1565d4a0dc0bbdc0511
SV5_HUB_7f53c12e20096748c0c6,291,234,SOLID,72,58,SV5_HUB_7f53c12e20096748c0c6@72:58,UNKNOWN,SOLID,ced4c4300ffac6957c7c0ef85cbceeb6c89eb47ef91cd1565d4a0dc0bbdc0511
SV5_HUB_7f53c12e20096748c0c6,292,234,SOLID,73,58,SV5_HUB_7f53c12e20096748c0c6@73:58,UNKNOWN,SOLID,ced4c4300ffac6957c7c0ef85cbceeb6c89eb47ef91cd1565d4a0dc0bbdc0511
SV5_HUB_7f53c12e20096748c0c6,293,234,SOLID,73,58,SV5_HUB_7f53c12e20096748c0c6@73:58,UNKNOWN,SOLID,ced4c4300ffac6957c7c0ef85cbceeb6c89eb47ef91cd1565d4a0dc0bbdc0511
SV5_HUB_7f53c12e20096748c0c6,294,234,SOLID,73,58,SV5_HUB_7f53c12e20096748c0c6@73:58,UNKNOWN,SOLID,ced4c4300ffac6957c7c0ef85cbceeb6c89eb47ef91cd1565d4a0dc0bbdc0511
SV5_HUB_7f53c12e20096748c0c6,295,234,SOLID,73,58,SV5_HUB_7f53c12e20096748c0c6@73:58,UNKNOWN,SOLID,ced4c4300ffac6957c7c0ef85cbceeb6c89eb47ef91cd1565d4a0dc0bbdc0511
SV5_HUB_7f53c12e20096748c0c6,272,235,SOLID,68,58,SV5_HUB_7f53c12e20096748c0c6@68:58,UNKNOWN,SOLID,ced4c4300ffac6957c7c0ef85cbceeb6c89eb47ef91cd1565d4a0dc0bbdc0511
SV5_HUB_7f53c12e20096748c0c6,273,235,SOLID,68,58,SV5_HUB_7f53c12e20096748c0c6@68:58,UNKNOWN,SOLID,ced4c4300ffac6957c7c0ef85cbceeb6c89eb47ef91cd1565d4a0dc0bbdc0511
SV5_HUB_7f53c12e20096748c0c6,274,235,SOLID,68,58,SV5_HUB_7f53c12e20096748c0c6@68:58,UNKNOWN,SOLID,ced4c4300ffac6957c7c0ef85cbceeb6c89eb47ef91cd1565d4a0dc0bbdc0511
SV5_HUB_7f53c12e20096748c0c6,275,235,SOLID,68,58,SV5_HUB_7f53c12e20096748c0c6@68:58,UNKNOWN,SOLID,ced4c4300ffac6957c7c0ef85cbceeb6c89eb47ef91cd1565d4a0dc0bbdc0511
SV5_HUB_7f53c12e20096748c0c6,276,235,SOLID,69,58,SV5_HUB_7f53c12e20096748c0c6@69:58,UNKNOWN,SOLID,ced4c4300ffac6957c7c0ef85cbceeb6c89eb47ef91cd1565d4a0dc0bbdc0511
SV5_HUB_7f53c12e20096748c0c6,277,235,SOLID,69,58,SV5_HUB_7f53c12e20096748c0c6@69:58,UNKNOWN,SOLID,ced4c4300ffac6957c7c0ef85cbceeb6c89eb47ef91cd1565d4a0dc0bbdc0511
SV5_HUB_7f53c12e20096748c0c6,278,235,AIR,69,58,SV5_HUB_7f53c12e20096748c0c6@69:58,UNKNOWN,AIR,ced4c4300ffac6957c7c0ef85cbceeb6c89eb47ef91cd1565d4a0dc0bbdc0511
SV5_HUB_7f53c12e20096748c0c6,279,235,AIR,69,58,SV5_HUB_7f53c12e20096748c0c6@69:58,UNKNOWN,AIR,ced4c4300ffac6957c7c0ef85cbceeb6c89eb47ef91cd1565d4a0dc0bbdc0511
SV5_HUB_7f53c12e20096748c0c6,280,235,AIR,70,58,SV5_HUB_7f53c12e20096748c0c6@70:58,UNKNOWN,AIR,ced4c4300ffac6957c7c0ef85cbceeb6c89eb47ef91cd1565d4a0dc0bbdc0511
SV5_HUB_7f53c12e20096748c0c6,281,235,AIR,70,58,SV5_HUB_7f53c12e20096748c0c6@70:58,UNKNOWN,AIR,ced4c4300ffac6957c7c0ef85cbceeb6c89eb47ef91cd1565d4a0dc0bbdc0511
SV5_HUB_7f53c12e20096748c0c6,282,235,RESERVED_TREE,70,58,SV5_HUB_7f53c12e20096748c0c6@70:58,UNKNOWN,AIR,ced4c4300ffac6957c7c0ef85cbceeb6c89eb47ef91cd1565d4a0dc0bbdc0511
SV5_HUB_7f53c12e20096748c0c6,283,235,RESERVED_TREE,70,58,SV5_HUB_7f53c12e20096748c0c6@70:58,UNKNOWN,AIR,ced4c4300ffac6957c7c0ef85cbceeb6c89eb47ef91cd1565d4a0dc0bbdc0511
SV5_HUB_7f53c12e20096748c0c6,284,235,RESERVED_TREE,71,58,SV5_HUB_7f53c12e20096748c0c6@71:58,UNKNOWN,AIR,ced4c4300ffac6957c7c0ef85cbceeb6c89eb47ef91cd1565d4a0dc0bbdc0511
SV5_HUB_7f53c12e20096748c0c6,285,235,RESERVED_TREE,71,58,SV5_HUB_7f53c12e20096748c0c6@71:58,UNKNOWN,AIR,ced4c4300ffac6957c7c0ef85cbceeb6c89eb47ef91cd1565d4a0dc0bbdc0511
SV5_HUB_7f53c12e20096748c0c6,286,235,AIR,71,58,SV5_HUB_7f53c12e20096748c0c6@71:58,UNKNOWN,AIR,ced4c4300ffac6957c7c0ef85cbceeb6c89eb47ef91cd1565d4a0dc0bbdc0511
SV5_HUB_7f53c12e20096748c0c6,287,235,AIR,71,58,SV5_HUB_7f53c12e20096748c0c6@71:58,UNKNOWN,AIR,ced4c4300ffac6957c7c0ef85cbceeb6c89eb47ef91cd1565d4a0dc0bbdc0511
SV5_HUB_7f53c12e20096748c0c6,288,235,AIR,72,58,SV5_HUB_7f53c12e20096748c0c6@72:58,UNKNOWN,AIR,ced4c4300ffac6957c7c0ef85cbceeb6c89eb47ef91cd1565d4a0dc0bbdc0511
SV5_HUB_7f53c12e20096748c0c6,289,235,AIR,72,58,SV5_HUB_7f53c12e20096748c0c6@72:58,UNKNOWN,AIR,ced4c4300ffac6957c7c0ef85cbceeb6c89eb47ef91cd1565d4a0dc0bbdc0511
SV5_HUB_7f53c12e20096748c0c6,290,235,SOLID,72,58,SV5_HUB_7f53c12e20096748c0c6@72:58,UNKNOWN,SOLID,ced4c4300ffac6957c7c0ef85cbceeb6c89eb47ef91cd1565d4a0dc0bbdc0511
SV5_HUB_7f53c12e20096748c0c6,291,235,SOLID,72,58,SV5_HUB_7f53c12e20096748c0c6@72:58,UNKNOWN,SOLID,ced4c4300ffac6957c7c0ef85cbceeb6c89eb47ef91cd1565d4a0dc0bbdc0511
SV5_HUB_7f53c12e20096748c0c6,292,235,SOLID,73,58,SV5_HUB_7f53c12e20096748c0c6@73:58,UNKNOWN,SOLID,ced4c4300ffac6957c7c0ef85cbceeb6c89eb47ef91cd1565d4a0dc0bbdc0511
SV5_HUB_7f53c12e20096748c0c6,293,235,SOLID,73,58,SV5_HUB_7f53c12e20096748c0c6@73:58,UNKNOWN,SOLID,ced4c4300ffac6957c7c0ef85cbceeb6c89eb47ef91cd1565d4a0dc0bbdc0511
SV5_HUB_7f53c12e20096748c0c6,294,235,SOLID,73,58,SV5_HUB_7f53c12e20096748c0c6@73:58,UNKNOWN,SOLID,ced4c4300ffac6957c7c0ef85cbceeb6c89eb47ef91cd1565d4a0dc0bbdc0511
SV5_HUB_7f53c12e20096748c0c6,295,235,SOLID,73,58,SV5_HUB_7f53c12e20096748c0c6@73:58,UNKNOWN,SOLID,ced4c4300ffac6957c7c0ef85cbceeb6c89eb47ef91cd1565d4a0dc0bbdc0511
SV5_HUB_7f53c12e20096748c0c6,272,236,PORT_NECK,68,59,SV5_HUB_7f53c12e20096748c0c6@68:59,UNKNOWN,AIR,ced4c4300ffac6957c7c0ef85cbceeb6c89eb47ef91cd1565d4a0dc0bbdc0511
SV5_HUB_7f53c12e20096748c0c6,273,236,PORT_NECK,68,59,SV5_HUB_7f53c12e20096748c0c6@68:59,UNKNOWN,AIR,ced4c4300ffac6957c7c0ef85cbceeb6c89eb47ef91cd1565d4a0dc0bbdc0511
SV5_HUB_7f53c12e20096748c0c6,274,236,PORT_NECK,68,59,SV5_HUB_7f53c12e20096748c0c6@68:59,UNKNOWN,AIR,ced4c4300ffac6957c7c0ef85cbceeb6c89eb47ef91cd1565d4a0dc0bbdc0511
SV5_HUB_7f53c12e20096748c0c6,275,236,PORT_NECK,68,59,SV5_HUB_7f53c12e20096748c0c6@68:59,UNKNOWN,AIR,ced4c4300ffac6957c7c0ef85cbceeb6c89eb47ef91cd1565d4a0dc0bbdc0511
SV5_HUB_7f53c12e20096748c0c6,276,236,PORT_NECK,69,59,SV5_HUB_7f53c12e20096748c0c6@69:59,UNKNOWN,AIR,ced4c4300ffac6957c7c0ef85cbceeb6c89eb47ef91cd1565d4a0dc0bbdc0511
SV5_HUB_7f53c12e20096748c0c6,277,236,PORT_NECK,69,59,SV5_HUB_7f53c12e20096748c0c6@69:59,UNKNOWN,AIR,ced4c4300ffac6957c7c0ef85cbceeb6c89eb47ef91cd1565d4a0dc0bbdc0511
SV5_HUB_7f53c12e20096748c0c6,278,236,PORT_NECK,69,59,SV5_HUB_7f53c12e20096748c0c6@69:59,UNKNOWN,AIR,ced4c4300ffac6957c7c0ef85cbceeb6c89eb47ef91cd1565d4a0dc0bbdc0511
SV5_HUB_7f53c12e20096748c0c6,279,236,AIR,69,59,SV5_HUB_7f53c12e20096748c0c6@69:59,UNKNOWN,AIR,ced4c4300ffac6957c7c0ef85cbceeb6c89eb47ef91cd1565d4a0dc0bbdc0511
SV5_HUB_7f53c12e20096748c0c6,280,236,AIR,70,59,SV5_HUB_7f53c12e20096748c0c6@70:59,UNKNOWN,AIR,ced4c4300ffac6957c7c0ef85cbceeb6c89eb47ef91cd1565d4a0dc0bbdc0511
SV5_HUB_7f53c12e20096748c0c6,281,236,AIR,70,59,SV5_HUB_7f53c12e20096748c0c6@70:59,UNKNOWN,AIR,ced4c4300ffac6957c7c0ef85cbceeb6c89eb47ef91cd1565d4a0dc0bbdc0511
SV5_HUB_7f53c12e20096748c0c6,282,236,RESERVED_TREE,70,59,SV5_HUB_7f53c12e20096748c0c6@70:59,UNKNOWN,AIR,ced4c4300ffac6957c7c0ef85cbceeb6c89eb47ef91cd1565d4a0dc0bbdc0511
SV5_HUB_7f53c12e20096748c0c6,283,236,RESERVED_TREE,70,59,SV5_HUB_7f53c12e20096748c0c6@70:59,UNKNOWN,AIR,ced4c4300ffac6957c7c0ef85cbceeb6c89eb47ef91cd1565d4a0dc0bbdc0511
SV5_HUB_7f53c12e20096748c0c6,284,236,RESERVED_TREE,71,59,SV5_HUB_7f53c12e20096748c0c6@71:59,UNKNOWN,AIR,ced4c4300ffac6957c7c0ef85cbceeb6c89eb47ef91cd1565d4a0dc0bbdc0511
SV5_HUB_7f53c12e20096748c0c6,285,236,RESERVED_TREE,71,59,SV5_HUB_7f53c12e20096748c0c6@71:59,UNKNOWN,AIR,ced4c4300ffac6957c7c0ef85cbceeb6c89eb47ef91cd1565d4a0dc0bbdc0511
SV5_HUB_7f53c12e20096748c0c6,286,236,AIR,71,59,SV5_HUB_7f53c12e20096748c0c6@71:59,UNKNOWN,AIR,ced4c4300ffac6957c7c0ef85cbceeb6c89eb47ef91cd1565d4a0dc0bbdc0511
SV5_HUB_7f53c12e20096748c0c6,287,236,AIR,71,59,SV5_HUB_7f53c12e20096748c0c6@71:59,UNKNOWN,AIR,ced4c4300ffac6957c7c0ef85cbceeb6c89eb47ef91cd1565d4a0dc0bbdc0511
SV5_HUB_7f53c12e20096748c0c6,288,236,AIR,72,59,SV5_HUB_7f53c12e20096748c0c6@72:59,UNKNOWN,AIR,ced4c4300ffac6957c7c0ef85cbceeb6c89eb47ef91cd1565d4a0dc0bbdc0511
SV5_HUB_7f53c12e20096748c0c6,289,236,AIR,72,59,SV5_HUB_7f53c12e20096748c0c6@72:59,UNKNOWN,AIR,ced4c4300ffac6957c7c0ef85cbceeb6c89eb47ef91cd1565d4a0dc0bbdc0511
SV5_HUB_7f53c12e20096748c0c6,290,236,SOLID,72,59,SV5_HUB_7f53c12e20096748c0c6@72:59,UNKNOWN,SOLID,ced4c4300ffac6957c7c0ef85cbceeb6c89eb47ef91cd1565d4a0dc0bbdc0511
SV5_HUB_7f53c12e20096748c0c6,291,236,SOLID,72,59,SV5_HUB_7f53c12e20096748c0c6@72:59,UNKNOWN,SOLID,ced4c4300ffac6957c7c0ef85cbceeb6c89eb47ef91cd1565d4a0dc0bbdc0511
SV5_HUB_7f53c12e20096748c0c6,292,236,SOLID,73,59,SV5_HUB_7f53c12e20096748c0c6@73:59,UNKNOWN,SOLID,ced4c4300ffac6957c7c0ef85cbceeb6c89eb47ef91cd1565d4a0dc0bbdc0511
SV5_HUB_7f53c12e20096748c0c6,293,236,SOLID,73,59,SV5_HUB_7f53c12e20096748c0c6@73:59,UNKNOWN,SOLID,ced4c4300ffac6957c7c0ef85cbceeb6c89eb47ef91cd1565d4a0dc0bbdc0511
SV5_HUB_7f53c12e20096748c0c6,294,236,SOLID,73,59,SV5_HUB_7f53c12e20096748c0c6@73:59,UNKNOWN,SOLID,ced4c4300ffac6957c7c0ef85cbceeb6c89eb47ef91cd1565d4a0dc0bbdc0511
SV5_HUB_7f53c12e20096748c0c6,295,236,SOLID,73,59,SV5_HUB_7f53c12e20096748c0c6@73:59,UNKNOWN,SOLID,ced4c4300ffac6957c7c0ef85cbceeb6c89eb47ef91cd1565d4a0dc0bbdc0511
SV5_HUB_7f53c12e20096748c0c6,272,237,PORT_NECK,68,59,SV5_HUB_7f53c12e20096748c0c6@68:59,UNKNOWN,AIR,ced4c4300ffac6957c7c0ef85cbceeb6c89eb47ef91cd1565d4a0dc0bbdc0511
SV5_HUB_7f53c12e20096748c0c6,273,237,PORT_NECK,68,59,SV5_HUB_7f53c12e20096748c0c6@68:59,UNKNOWN,AIR,ced4c4300ffac6957c7c0ef85cbceeb6c89eb47ef91cd1565d4a0dc0bbdc0511
SV5_HUB_7f53c12e20096748c0c6,274,237,PORT_NECK,68,59,SV5_HUB_7f53c12e20096748c0c6@68:59,UNKNOWN,AIR,ced4c4300ffac6957c7c0ef85cbceeb6c89eb47ef91cd1565d4a0dc0bbdc0511
SV5_HUB_7f53c12e20096748c0c6,275,237,PORT_NECK,68,59,SV5_HUB_7f53c12e20096748c0c6@68:59,UNKNOWN,AIR,ced4c4300ffac6957c7c0ef85cbceeb6c89eb47ef91cd1565d4a0dc0bbdc0511
SV5_HUB_7f53c12e20096748c0c6,276,237,PORT_NECK,69,59,SV5_HUB_7f53c12e20096748c0c6@69:59,UNKNOWN,AIR,ced4c4300ffac6957c7c0ef85cbceeb6c89eb47ef91cd1565d4a0dc0bbdc0511
SV5_HUB_7f53c12e20096748c0c6,277,237,PORT_NECK,69,59,SV5_HUB_7f53c12e20096748c0c6@69:59,UNKNOWN,AIR,ced4c4300ffac6957c7c0ef85cbceeb6c89eb47ef91cd1565d4a0dc0bbdc0511
SV5_HUB_7f53c12e20096748c0c6,278,237,PORT_NECK,69,59,SV5_HUB_7f53c12e20096748c0c6@69:59,UNKNOWN,AIR,ced4c4300ffac6957c7c0ef85cbceeb6c89eb47ef91cd1565d4a0dc0bbdc0511
SV5_HUB_7f53c12e20096748c0c6,279,237,AIR,69,59,SV5_HUB_7f53c12e20096748c0c6@69:59,UNKNOWN,AIR,ced4c4300ffac6957c7c0ef85cbceeb6c89eb47ef91cd1565d4a0dc0bbdc0511
SV5_HUB_7f53c12e20096748c0c6,280,237,AIR,70,59,SV5_HUB_7f53c12e20096748c0c6@70:59,UNKNOWN,AIR,ced4c4300ffac6957c7c0ef85cbceeb6c89eb47ef91cd1565d4a0dc0bbdc0511
SV5_HUB_7f53c12e20096748c0c6,281,237,AIR,70,59,SV5_HUB_7f53c12e20096748c0c6@70:59,UNKNOWN,AIR,ced4c4300ffac6957c7c0ef85cbceeb6c89eb47ef91cd1565d4a0dc0bbdc0511
SV5_HUB_7f53c12e20096748c0c6,282,237,RESERVED_TREE,70,59,SV5_HUB_7f53c12e20096748c0c6@70:59,UNKNOWN,AIR,ced4c4300ffac6957c7c0ef85cbceeb6c89eb47ef91cd1565d4a0dc0bbdc0511
SV5_HUB_7f53c12e20096748c0c6,283,237,RESERVED_TREE,70,59,SV5_HUB_7f53c12e20096748c0c6@70:59,UNKNOWN,AIR,ced4c4300ffac6957c7c0ef85cbceeb6c89eb47ef91cd1565d4a0dc0bbdc0511
SV5_HUB_7f53c12e20096748c0c6,284,237,RESERVED_TREE,71,59,SV5_HUB_7f53c12e20096748c0c6@71:59,UNKNOWN,AIR,ced4c4300ffac6957c7c0ef85cbceeb6c89eb47ef91cd1565d4a0dc0bbdc0511
SV5_HUB_7f53c12e20096748c0c6,285,237,RESERVED_TREE,71,59,SV5_HUB_7f53c12e20096748c0c6@71:59,UNKNOWN,AIR,ced4c4300ffac6957c7c0ef85cbceeb6c89eb47ef91cd1565d4a0dc0bbdc0511
SV5_HUB_7f53c12e20096748c0c6,286,237,AIR,71,59,SV5_HUB_7f53c12e20096748c0c6@71:59,UNKNOWN,AIR,ced4c4300ffac6957c7c0ef85cbceeb6c89eb47ef91cd1565d4a0dc0bbdc0511
SV5_HUB_7f53c12e20096748c0c6,287,237,AIR,71,59,SV5_HUB_7f53c12e20096748c0c6@71:59,UNKNOWN,AIR,ced4c4300ffac6957c7c0ef85cbceeb6c89eb47ef91cd1565d4a0dc0bbdc0511
SV5_HUB_7f53c12e20096748c0c6,288,237,AIR,72,59,SV5_HUB_7f53c12e20096748c0c6@72:59,UNKNOWN,AIR,ced4c4300ffac6957c7c0ef85cbceeb6c89eb47ef91cd1565d4a0dc0bbdc0511
SV5_HUB_7f53c12e20096748c0c6,289,237,AIR,72,59,SV5_HUB_7f53c12e20096748c0c6@72:59,UNKNOWN,AIR,ced4c4300ffac6957c7c0ef85cbceeb6c89eb47ef91cd1565d4a0dc0bbdc0511
SV5_HUB_7f53c12e20096748c0c6,290,237,SOLID,72,59,SV5_HUB_7f53c12e20096748c0c6@72:59,UNKNOWN,SOLID,ced4c4300ffac6957c7c0ef85cbceeb6c89eb47ef91cd1565d4a0dc0bbdc0511
SV5_HUB_7f53c12e20096748c0c6,291,237,SOLID,72,59,SV5_HUB_7f53c12e20096748c0c6@72:59,UNKNOWN,SOLID,ced4c4300ffac6957c7c0ef85cbceeb6c89eb47ef91cd1565d4a0dc0bbdc0511
SV5_HUB_7f53c12e20096748c0c6,292,237,SOLID,73,59,SV5_HUB_7f53c12e20096748c0c6@73:59,UNKNOWN,SOLID,ced4c4300ffac6957c7c0ef85cbceeb6c89eb47ef91cd1565d4a0dc0bbdc0511
SV5_HUB_7f53c12e20096748c0c6,293,237,SOLID,73,59,SV5_HUB_7f53c12e20096748c0c6@73:59,UNKNOWN,SOLID,ced4c4300ffac6957c7c0ef85cbceeb6c89eb47ef91cd1565d4a0dc0bbdc0511
SV5_HUB_7f53c12e20096748c0c6,294,237,SOLID,73,59,SV5_HUB_7f53c12e20096748c0c6@73:59,UNKNOWN,SOLID,ced4c4300ffac6957c7c0ef85cbceeb6c89eb47ef91cd1565d4a0dc0bbdc0511
SV5_HUB_7f53c12e20096748c0c6,295,237,SOLID,73,59,SV5_HUB_7f53c12e20096748c0c6@73:59,UNKNOWN,SOLID,ced4c4300ffac6957c7c0ef85cbceeb6c89eb47ef91cd1565d4a0dc0bbdc0511
SV5_HUB_7f53c12e20096748c0c6,272,238,PORT_NECK,68,59,SV5_HUB_7f53c12e20096748c0c6@68:59,UNKNOWN,AIR,ced4c4300ffac6957c7c0ef85cbceeb6c89eb47ef91cd1565d4a0dc0bbdc0511
SV5_HUB_7f53c12e20096748c0c6,273,238,PORT_NECK,68,59,SV5_HUB_7f53c12e20096748c0c6@68:59,UNKNOWN,AIR,ced4c4300ffac6957c7c0ef85cbceeb6c89eb47ef91cd1565d4a0dc0bbdc0511
SV5_HUB_7f53c12e20096748c0c6,274,238,PORT_NECK,68,59,SV5_HUB_7f53c12e20096748c0c6@68:59,UNKNOWN,AIR,ced4c4300ffac6957c7c0ef85cbceeb6c89eb47ef91cd1565d4a0dc0bbdc0511
SV5_HUB_7f53c12e20096748c0c6,275,238,PORT_NECK,68,59,SV5_HUB_7f53c12e20096748c0c6@68:59,UNKNOWN,AIR,ced4c4300ffac6957c7c0ef85cbceeb6c89eb47ef91cd1565d4a0dc0bbdc0511
SV5_HUB_7f53c12e20096748c0c6,276,238,PORT_NECK,69,59,SV5_HUB_7f53c12e20096748c0c6@69:59,UNKNOWN,AIR,ced4c4300ffac6957c7c0ef85cbceeb6c89eb47ef91cd1565d4a0dc0bbdc0511
SV5_HUB_7f53c12e20096748c0c6,277,238,PORT_NECK,69,59,SV5_HUB_7f53c12e20096748c0c6@69:59,UNKNOWN,AIR,ced4c4300ffac6957c7c0ef85cbceeb6c89eb47ef91cd1565d4a0dc0bbdc0511
SV5_HUB_7f53c12e20096748c0c6,278,238,PORT_NECK,69,59,SV5_HUB_7f53c12e20096748c0c6@69:59,UNKNOWN,AIR,ced4c4300ffac6957c7c0ef85cbceeb6c89eb47ef91cd1565d4a0dc0bbdc0511
SV5_HUB_7f53c12e20096748c0c6,279,238,AIR,69,59,SV5_HUB_7f53c12e20096748c0c6@69:59,UNKNOWN,AIR,ced4c4300ffac6957c7c0ef85cbceeb6c89eb47ef91cd1565d4a0dc0bbdc0511
SV5_HUB_7f53c12e20096748c0c6,280,238,AIR,70,59,SV5_HUB_7f53c12e20096748c0c6@70:59,UNKNOWN,AIR,ced4c4300ffac6957c7c0ef85cbceeb6c89eb47ef91cd1565d4a0dc0bbdc0511
SV5_HUB_7f53c12e20096748c0c6,281,238,AIR,70,59,SV5_HUB_7f53c12e20096748c0c6@70:59,UNKNOWN,AIR,ced4c4300ffac6957c7c0ef85cbceeb6c89eb47ef91cd1565d4a0dc0bbdc0511
SV5_HUB_7f53c12e20096748c0c6,282,238,RESERVED_TREE,70,59,SV5_HUB_7f53c12e20096748c0c6@70:59,UNKNOWN,AIR,ced4c4300ffac6957c7c0ef85cbceeb6c89eb47ef91cd1565d4a0dc0bbdc0511
SV5_HUB_7f53c12e20096748c0c6,283,238,RESERVED_TREE,70,59,SV5_HUB_7f53c12e20096748c0c6@70:59,UNKNOWN,AIR,ced4c4300ffac6957c7c0ef85cbceeb6c89eb47ef91cd1565d4a0dc0bbdc0511
SV5_HUB_7f53c12e20096748c0c6,284,238,RESERVED_TREE,71,59,SV5_HUB_7f53c12e20096748c0c6@71:59,UNKNOWN,AIR,ced4c4300ffac6957c7c0ef85cbceeb6c89eb47ef91cd1565d4a0dc0bbdc0511
SV5_HUB_7f53c12e20096748c0c6,285,238,RESERVED_TREE,71,59,SV5_HUB_7f53c12e20096748c0c6@71:59,UNKNOWN,AIR,ced4c4300ffac6957c7c0ef85cbceeb6c89eb47ef91cd1565d4a0dc0bbdc0511
SV5_HUB_7f53c12e20096748c0c6,286,238,AIR,71,59,SV5_HUB_7f53c12e20096748c0c6@71:59,UNKNOWN,AIR,ced4c4300ffac6957c7c0ef85cbceeb6c89eb47ef91cd1565d4a0dc0bbdc0511
SV5_HUB_7f53c12e20096748c0c6,287,238,AIR,71,59,SV5_HUB_7f53c12e20096748c0c6@71:59,UNKNOWN,AIR,ced4c4300ffac6957c7c0ef85cbceeb6c89eb47ef91cd1565d4a0dc0bbdc0511
SV5_HUB_7f53c12e20096748c0c6,288,238,AIR,72,59,SV5_HUB_7f53c12e20096748c0c6@72:59,UNKNOWN,AIR,ced4c4300ffac6957c7c0ef85cbceeb6c89eb47ef91cd1565d4a0dc0bbdc0511
SV5_HUB_7f53c12e20096748c0c6,289,238,AIR,72,59,SV5_HUB_7f53c12e20096748c0c6@72:59,UNKNOWN,AIR,ced4c4300ffac6957c7c0ef85cbceeb6c89eb47ef91cd1565d4a0dc0bbdc0511
SV5_HUB_7f53c12e20096748c0c6,290,238,SOLID,72,59,SV5_HUB_7f53c12e20096748c0c6@72:59,UNKNOWN,SOLID,ced4c4300ffac6957c7c0ef85cbceeb6c89eb47ef91cd1565d4a0dc0bbdc0511
SV5_HUB_7f53c12e20096748c0c6,291,238,SOLID,72,59,SV5_HUB_7f53c12e20096748c0c6@72:59,UNKNOWN,SOLID,ced4c4300ffac6957c7c0ef85cbceeb6c89eb47ef91cd1565d4a0dc0bbdc0511
SV5_HUB_7f53c12e20096748c0c6,292,238,SOLID,73,59,SV5_HUB_7f53c12e20096748c0c6@73:59,UNKNOWN,SOLID,ced4c4300ffac6957c7c0ef85cbceeb6c89eb47ef91cd1565d4a0dc0bbdc0511
SV5_HUB_7f53c12e20096748c0c6,293,238,SOLID,73,59,SV5_HUB_7f53c12e20096748c0c6@73:59,UNKNOWN,SOLID,ced4c4300ffac6957c7c0ef85cbceeb6c89eb47ef91cd1565d4a0dc0bbdc0511
SV5_HUB_7f53c12e20096748c0c6,294,238,SOLID,73,59,SV5_HUB_7f53c12e20096748c0c6@73:59,UNKNOWN,SOLID,ced4c4300ffac6957c7c0ef85cbceeb6c89eb47ef91cd1565d4a0dc0bbdc0511
SV5_HUB_7f53c12e20096748c0c6,295,238,SOLID,73,59,SV5_HUB_7f53c12e20096748c0c6@73:59,UNKNOWN,SOLID,ced4c4300ffac6957c7c0ef85cbceeb6c89eb47ef91cd1565d4a0dc0bbdc0511
SV5_HUB_7f53c12e20096748c0c6,272,239,PORT_NECK,68,59,SV5_HUB_7f53c12e20096748c0c6@68:59,UNKNOWN,AIR,ced4c4300ffac6957c7c0ef85cbceeb6c89eb47ef91cd1565d4a0dc0bbdc0511
SV5_HUB_7f53c12e20096748c0c6,273,239,PORT_NECK,68,59,SV5_HUB_7f53c12e20096748c0c6@68:59,UNKNOWN,AIR,ced4c4300ffac6957c7c0ef85cbceeb6c89eb47ef91cd1565d4a0dc0bbdc0511
SV5_HUB_7f53c12e20096748c0c6,274,239,PORT_NECK,68,59,SV5_HUB_7f53c12e20096748c0c6@68:59,UNKNOWN,AIR,ced4c4300ffac6957c7c0ef85cbceeb6c89eb47ef91cd1565d4a0dc0bbdc0511
SV5_HUB_7f53c12e20096748c0c6,275,239,PORT_NECK,68,59,SV5_HUB_7f53c12e20096748c0c6@68:59,UNKNOWN,AIR,ced4c4300ffac6957c7c0ef85cbceeb6c89eb47ef91cd1565d4a0dc0bbdc0511
SV5_HUB_7f53c12e20096748c0c6,276,239,PORT_NECK,69,59,SV5_HUB_7f53c12e20096748c0c6@69:59,UNKNOWN,AIR,ced4c4300ffac6957c7c0ef85cbceeb6c89eb47ef91cd1565d4a0dc0bbdc0511
SV5_HUB_7f53c12e20096748c0c6,277,239,PORT_NECK,69,59,SV5_HUB_7f53c12e20096748c0c6@69:59,UNKNOWN,AIR,ced4c4300ffac6957c7c0ef85cbceeb6c89eb47ef91cd1565d4a0dc0bbdc0511
SV5_HUB_7f53c12e20096748c0c6,278,239,PORT_NECK,69,59,SV5_HUB_7f53c12e20096748c0c6@69:59,UNKNOWN,AIR,ced4c4300ffac6957c7c0ef85cbceeb6c89eb47ef91cd1565d4a0dc0bbdc0511
SV5_HUB_7f53c12e20096748c0c6,279,239,AIR,69,59,SV5_HUB_7f53c12e20096748c0c6@69:59,UNKNOWN,AIR,ced4c4300ffac6957c7c0ef85cbceeb6c89eb47ef91cd1565d4a0dc0bbdc0511
SV5_HUB_7f53c12e20096748c0c6,280,239,AIR,70,59,SV5_HUB_7f53c12e20096748c0c6@70:59,UNKNOWN,AIR,ced4c4300ffac6957c7c0ef85cbceeb6c89eb47ef91cd1565d4a0dc0bbdc0511
SV5_HUB_7f53c12e20096748c0c6,281,239,AIR,70,59,SV5_HUB_7f53c12e20096748c0c6@70:59,UNKNOWN,AIR,ced4c4300ffac6957c7c0ef85cbceeb6c89eb47ef91cd1565d4a0dc0bbdc0511
SV5_HUB_7f53c12e20096748c0c6,282,239,RESERVED_TREE,70,59,SV5_HUB_7f53c12e20096748c0c6@70:59,UNKNOWN,AIR,ced4c4300ffac6957c7c0ef85cbceeb6c89eb47ef91cd1565d4a0dc0bbdc0511
SV5_HUB_7f53c12e20096748c0c6,283,239,RESERVED_TREE,70,59,SV5_HUB_7f53c12e20096748c0c6@70:59,UNKNOWN,AIR,ced4c4300ffac6957c7c0ef85cbceeb6c89eb47ef91cd1565d4a0dc0bbdc0511
SV5_HUB_7f53c12e20096748c0c6,284,239,RESERVED_TREE,71,59,SV5_HUB_7f53c12e20096748c0c6@71:59,UNKNOWN,AIR,ced4c4300ffac6957c7c0ef85cbceeb6c89eb47ef91cd1565d4a0dc0bbdc0511
SV5_HUB_7f53c12e20096748c0c6,285,239,RESERVED_TREE,71,59,SV5_HUB_7f53c12e20096748c0c6@71:59,UNKNOWN,AIR,ced4c4300ffac6957c7c0ef85cbceeb6c89eb47ef91cd1565d4a0dc0bbdc0511
SV5_HUB_7f53c12e20096748c0c6,286,239,AIR,71,59,SV5_HUB_7f53c12e20096748c0c6@71:59,UNKNOWN,AIR,ced4c4300ffac6957c7c0ef85cbceeb6c89eb47ef91cd1565d4a0dc0bbdc0511
SV5_HUB_7f53c12e20096748c0c6,287,239,AIR,71,59,SV5_HUB_7f53c12e20096748c0c6@71:59,UNKNOWN,AIR,ced4c4300ffac6957c7c0ef85cbceeb6c89eb47ef91cd1565d4a0dc0bbdc0511
SV5_HUB_7f53c12e20096748c0c6,288,239,AIR,72,59,SV5_HUB_7f53c12e20096748c0c6@72:59,UNKNOWN,AIR,ced4c4300ffac6957c7c0ef85cbceeb6c89eb47ef91cd1565d4a0dc0bbdc0511
SV5_HUB_7f53c12e20096748c0c6,289,239,AIR,72,59,SV5_HUB_7f53c12e20096748c0c6@72:59,UNKNOWN,AIR,ced4c4300ffac6957c7c0ef85cbceeb6c89eb47ef91cd1565d4a0dc0bbdc0511
SV5_HUB_7f53c12e20096748c0c6,290,239,SOLID,72,59,SV5_HUB_7f53c12e20096748c0c6@72:59,UNKNOWN,SOLID,ced4c4300ffac6957c7c0ef85cbceeb6c89eb47ef91cd1565d4a0dc0bbdc0511
SV5_HUB_7f53c12e20096748c0c6,291,239,SOLID,72,59,SV5_HUB_7f53c12e20096748c0c6@72:59,UNKNOWN,SOLID,ced4c4300ffac6957c7c0ef85cbceeb6c89eb47ef91cd1565d4a0dc0bbdc0511
SV5_HUB_7f53c12e20096748c0c6,292,239,SOLID,73,59,SV5_HUB_7f53c12e20096748c0c6@73:59,UNKNOWN,SOLID,ced4c4300ffac6957c7c0ef85cbceeb6c89eb47ef91cd1565d4a0dc0bbdc0511
SV5_HUB_7f53c12e20096748c0c6,293,239,SOLID,73,59,SV5_HUB_7f53c12e20096748c0c6@73:59,UNKNOWN,SOLID,ced4c4300ffac6957c7c0ef85cbceeb6c89eb47ef91cd1565d4a0dc0bbdc0511
SV5_HUB_7f53c12e20096748c0c6,294,239,SOLID,73,59,SV5_HUB_7f53c12e20096748c0c6@73:59,UNKNOWN,SOLID,ced4c4300ffac6957c7c0ef85cbceeb6c89eb47ef91cd1565d4a0dc0bbdc0511
SV5_HUB_7f53c12e20096748c0c6,295,239,SOLID,73,59,SV5_HUB_7f53c12e20096748c0c6@73:59,UNKNOWN,SOLID,ced4c4300ffac6957c7c0ef85cbceeb6c89eb47ef91cd1565d4a0dc0bbdc0511
SV5_HUB_7f53c12e20096748c0c6,272,240,PORT_NECK,68,60,SV5_HUB_7f53c12e20096748c0c6@68:60,UNKNOWN,AIR,ced4c4300ffac6957c7c0ef85cbceeb6c89eb47ef91cd1565d4a0dc0bbdc0511
SV5_HUB_7f53c12e20096748c0c6,273,240,PORT_NECK,68,60,SV5_HUB_7f53c12e20096748c0c6@68:60,UNKNOWN,AIR,ced4c4300ffac6957c7c0ef85cbceeb6c89eb47ef91cd1565d4a0dc0bbdc0511
SV5_HUB_7f53c12e20096748c0c6,274,240,PORT_NECK,68,60,SV5_HUB_7f53c12e20096748c0c6@68:60,UNKNOWN,AIR,ced4c4300ffac6957c7c0ef85cbceeb6c89eb47ef91cd1565d4a0dc0bbdc0511
SV5_HUB_7f53c12e20096748c0c6,275,240,PORT_NECK,68,60,SV5_HUB_7f53c12e20096748c0c6@68:60,UNKNOWN,AIR,ced4c4300ffac6957c7c0ef85cbceeb6c89eb47ef91cd1565d4a0dc0bbdc0511
SV5_HUB_7f53c12e20096748c0c6,276,240,PORT_NECK,69,60,SV5_HUB_7f53c12e20096748c0c6@69:60,UNKNOWN,AIR,ced4c4300ffac6957c7c0ef85cbceeb6c89eb47ef91cd1565d4a0dc0bbdc0511
SV5_HUB_7f53c12e20096748c0c6,277,240,PORT_NECK,69,60,SV5_HUB_7f53c12e20096748c0c6@69:60,UNKNOWN,AIR,ced4c4300ffac6957c7c0ef85cbceeb6c89eb47ef91cd1565d4a0dc0bbdc0511
SV5_HUB_7f53c12e20096748c0c6,278,240,PORT_NECK,69,60,SV5_HUB_7f53c12e20096748c0c6@69:60,UNKNOWN,AIR,ced4c4300ffac6957c7c0ef85cbceeb6c89eb47ef91cd1565d4a0dc0bbdc0511
SV5_HUB_7f53c12e20096748c0c6,279,240,AIR,69,60,SV5_HUB_7f53c12e20096748c0c6@69:60,UNKNOWN,AIR,ced4c4300ffac6957c7c0ef85cbceeb6c89eb47ef91cd1565d4a0dc0bbdc0511
SV5_HUB_7f53c12e20096748c0c6,280,240,AIR,70,60,SV5_HUB_7f53c12e20096748c0c6@70:60,UNKNOWN,AIR,ced4c4300ffac6957c7c0ef85cbceeb6c89eb47ef91cd1565d4a0dc0bbdc0511
SV5_HUB_7f53c12e20096748c0c6,281,240,AIR,70,60,SV5_HUB_7f53c12e20096748c0c6@70:60,UNKNOWN,AIR,ced4c4300ffac6957c7c0ef85cbceeb6c89eb47ef91cd1565d4a0dc0bbdc0511
SV5_HUB_7f53c12e20096748c0c6,282,240,AIR,70,60,SV5_HUB_7f53c12e20096748c0c6@70:60,UNKNOWN,AIR,ced4c4300ffac6957c7c0ef85cbceeb6c89eb47ef91cd1565d4a0dc0bbdc0511
SV5_HUB_7f53c12e20096748c0c6,283,240,AIR,70,60,SV5_HUB_7f53c12e20096748c0c6@70:60,UNKNOWN,AIR,ced4c4300ffac6957c7c0ef85cbceeb6c89eb47ef91cd1565d4a0dc0bbdc0511
SV5_HUB_7f53c12e20096748c0c6,284,240,AIR,71,60,SV5_HUB_7f53c12e20096748c0c6@71:60,UNKNOWN,AIR,ced4c4300ffac6957c7c0ef85cbceeb6c89eb47ef91cd1565d4a0dc0bbdc0511
SV5_HUB_7f53c12e20096748c0c6,285,240,AIR,71,60,SV5_HUB_7f53c12e20096748c0c6@71:60,UNKNOWN,AIR,ced4c4300ffac6957c7c0ef85cbceeb6c89eb47ef91cd1565d4a0dc0bbdc0511
SV5_HUB_7f53c12e20096748c0c6,286,240,AIR,71,60,SV5_HUB_7f53c12e20096748c0c6@71:60,UNKNOWN,AIR,ced4c4300ffac6957c7c0ef85cbceeb6c89eb47ef91cd1565d4a0dc0bbdc0511
SV5_HUB_7f53c12e20096748c0c6,287,240,AIR,71,60,SV5_HUB_7f53c12e20096748c0c6@71:60,UNKNOWN,AIR,ced4c4300ffac6957c7c0ef85cbceeb6c89eb47ef91cd1565d4a0dc0bbdc0511
SV5_HUB_7f53c12e20096748c0c6,288,240,AIR,72,60,SV5_HUB_7f53c12e20096748c0c6@72:60,UNKNOWN,AIR,ced4c4300ffac6957c7c0ef85cbceeb6c89eb47ef91cd1565d4a0dc0bbdc0511
SV5_HUB_7f53c12e20096748c0c6,289,240,AIR,72,60,SV5_HUB_7f53c12e20096748c0c6@72:60,UNKNOWN,AIR,ced4c4300ffac6957c7c0ef85cbceeb6c89eb47ef91cd1565d4a0dc0bbdc0511
SV5_HUB_7f53c12e20096748c0c6,290,240,SOLID,72,60,SV5_HUB_7f53c12e20096748c0c6@72:60,UNKNOWN,SOLID,ced4c4300ffac6957c7c0ef85cbceeb6c89eb47ef91cd1565d4a0dc0bbdc0511
SV5_HUB_7f53c12e20096748c0c6,291,240,SOLID,72,60,SV5_HUB_7f53c12e20096748c0c6@72:60,UNKNOWN,SOLID,ced4c4300ffac6957c7c0ef85cbceeb6c89eb47ef91cd1565d4a0dc0bbdc0511
SV5_HUB_7f53c12e20096748c0c6,292,240,SOLID,73,60,SV5_HUB_7f53c12e20096748c0c6@73:60,UNKNOWN,SOLID,ced4c4300ffac6957c7c0ef85cbceeb6c89eb47ef91cd1565d4a0dc0bbdc0511
SV5_HUB_7f53c12e20096748c0c6,293,240,SOLID,73,60,SV5_HUB_7f53c12e20096748c0c6@73:60,UNKNOWN,SOLID,ced4c4300ffac6957c7c0ef85cbceeb6c89eb47ef91cd1565d4a0dc0bbdc0511
SV5_HUB_7f53c12e20096748c0c6,294,240,SOLID,73,60,SV5_HUB_7f53c12e20096748c0c6@73:60,UNKNOWN,SOLID,ced4c4300ffac6957c7c0ef85cbceeb6c89eb47ef91cd1565d4a0dc0bbdc0511
SV5_HUB_7f53c12e20096748c0c6,295,240,SOLID,73,60,SV5_HUB_7f53c12e20096748c0c6@73:60,UNKNOWN,SOLID,ced4c4300ffac6957c7c0ef85cbceeb6c89eb47ef91cd1565d4a0dc0bbdc0511
SV5_HUB_7f53c12e20096748c0c6,272,241,PORT_NECK,68,60,SV5_HUB_7f53c12e20096748c0c6@68:60,UNKNOWN,AIR,ced4c4300ffac6957c7c0ef85cbceeb6c89eb47ef91cd1565d4a0dc0bbdc0511
SV5_HUB_7f53c12e20096748c0c6,273,241,PORT_NECK,68,60,SV5_HUB_7f53c12e20096748c0c6@68:60,UNKNOWN,AIR,ced4c4300ffac6957c7c0ef85cbceeb6c89eb47ef91cd1565d4a0dc0bbdc0511
SV5_HUB_7f53c12e20096748c0c6,274,241,PORT_NECK,68,60,SV5_HUB_7f53c12e20096748c0c6@68:60,UNKNOWN,AIR,ced4c4300ffac6957c7c0ef85cbceeb6c89eb47ef91cd1565d4a0dc0bbdc0511
SV5_HUB_7f53c12e20096748c0c6,275,241,PORT_NECK,68,60,SV5_HUB_7f53c12e20096748c0c6@68:60,UNKNOWN,AIR,ced4c4300ffac6957c7c0ef85cbceeb6c89eb47ef91cd1565d4a0dc0bbdc0511
SV5_HUB_7f53c12e20096748c0c6,276,241,PORT_NECK,69,60,SV5_HUB_7f53c12e20096748c0c6@69:60,UNKNOWN,AIR,ced4c4300ffac6957c7c0ef85cbceeb6c89eb47ef91cd1565d4a0dc0bbdc0511
SV5_HUB_7f53c12e20096748c0c6,277,241,PORT_NECK,69,60,SV5_HUB_7f53c12e20096748c0c6@69:60,UNKNOWN,AIR,ced4c4300ffac6957c7c0ef85cbceeb6c89eb47ef91cd1565d4a0dc0bbdc0511
SV5_HUB_7f53c12e20096748c0c6,278,241,PORT_NECK,69,60,SV5_HUB_7f53c12e20096748c0c6@69:60,UNKNOWN,AIR,ced4c4300ffac6957c7c0ef85cbceeb6c89eb47ef91cd1565d4a0dc0bbdc0511
SV5_HUB_7f53c12e20096748c0c6,279,241,AIR,69,60,SV5_HUB_7f53c12e20096748c0c6@69:60,UNKNOWN,AIR,ced4c4300ffac6957c7c0ef85cbceeb6c89eb47ef91cd1565d4a0dc0bbdc0511
SV5_HUB_7f53c12e20096748c0c6,280,241,AIR,70,60,SV5_HUB_7f53c12e20096748c0c6@70:60,UNKNOWN,AIR,ced4c4300ffac6957c7c0ef85cbceeb6c89eb47ef91cd1565d4a0dc0bbdc0511
SV5_HUB_7f53c12e20096748c0c6,281,241,AIR,70,60,SV5_HUB_7f53c12e20096748c0c6@70:60,UNKNOWN,AIR,ced4c4300ffac6957c7c0ef85cbceeb6c89eb47ef91cd1565d4a0dc0bbdc0511
SV5_HUB_7f53c12e20096748c0c6,282,241,AIR,70,60,SV5_HUB_7f53c12e20096748c0c6@70:60,UNKNOWN,AIR,ced4c4300ffac6957c7c0ef85cbceeb6c89eb47ef91cd1565d4a0dc0bbdc0511
SV5_HUB_7f53c12e20096748c0c6,283,241,AIR,70,60,SV5_HUB_7f53c12e20096748c0c6@70:60,UNKNOWN,AIR,ced4c4300ffac6957c7c0ef85cbceeb6c89eb47ef91cd1565d4a0dc0bbdc0511
SV5_HUB_7f53c12e20096748c0c6,284,241,AIR,71,60,SV5_HUB_7f53c12e20096748c0c6@71:60,UNKNOWN,AIR,ced4c4300ffac6957c7c0ef85cbceeb6c89eb47ef91cd1565d4a0dc0bbdc0511
SV5_HUB_7f53c12e20096748c0c6,285,241,AIR,71,60,SV5_HUB_7f53c12e20096748c0c6@71:60,UNKNOWN,AIR,ced4c4300ffac6957c7c0ef85cbceeb6c89eb47ef91cd1565d4a0dc0bbdc0511
SV5_HUB_7f53c12e20096748c0c6,286,241,AIR,71,60,SV5_HUB_7f53c12e20096748c0c6@71:60,UNKNOWN,AIR,ced4c4300ffac6957c7c0ef85cbceeb6c89eb47ef91cd1565d4a0dc0bbdc0511
SV5_HUB_7f53c12e20096748c0c6,287,241,AIR,71,60,SV5_HUB_7f53c12e20096748c0c6@71:60,UNKNOWN,AIR,ced4c4300ffac6957c7c0ef85cbceeb6c89eb47ef91cd1565d4a0dc0bbdc0511
SV5_HUB_7f53c12e20096748c0c6,288,241,AIR,72,60,SV5_HUB_7f53c12e20096748c0c6@72:60,UNKNOWN,AIR,ced4c4300ffac6957c7c0ef85cbceeb6c89eb47ef91cd1565d4a0dc0bbdc0511
SV5_HUB_7f53c12e20096748c0c6,289,241,AIR,72,60,SV5_HUB_7f53c12e20096748c0c6@72:60,UNKNOWN,AIR,ced4c4300ffac6957c7c0ef85cbceeb6c89eb47ef91cd1565d4a0dc0bbdc0511
SV5_HUB_7f53c12e20096748c0c6,290,241,SOLID,72,60,SV5_HUB_7f53c12e20096748c0c6@72:60,UNKNOWN,SOLID,ced4c4300ffac6957c7c0ef85cbceeb6c89eb47ef91cd1565d4a0dc0bbdc0511
SV5_HUB_7f53c12e20096748c0c6,291,241,SOLID,72,60,SV5_HUB_7f53c12e20096748c0c6@72:60,UNKNOWN,SOLID,ced4c4300ffac6957c7c0ef85cbceeb6c89eb47ef91cd1565d4a0dc0bbdc0511
SV5_HUB_7f53c12e20096748c0c6,292,241,SOLID,73,60,SV5_HUB_7f53c12e20096748c0c6@73:60,UNKNOWN,SOLID,ced4c4300ffac6957c7c0ef85cbceeb6c89eb47ef91cd1565d4a0dc0bbdc0511
SV5_HUB_7f53c12e20096748c0c6,293,241,SOLID,73,60,SV5_HUB_7f53c12e20096748c0c6@73:60,UNKNOWN,SOLID,ced4c4300ffac6957c7c0ef85cbceeb6c89eb47ef91cd1565d4a0dc0bbdc0511
SV5_HUB_7f53c12e20096748c0c6,294,241,SOLID,73,60,SV5_HUB_7f53c12e20096748c0c6@73:60,UNKNOWN,SOLID,ced4c4300ffac6957c7c0ef85cbceeb6c89eb47ef91cd1565d4a0dc0bbdc0511
SV5_HUB_7f53c12e20096748c0c6,295,241,SOLID,73,60,SV5_HUB_7f53c12e20096748c0c6@73:60,UNKNOWN,SOLID,ced4c4300ffac6957c7c0ef85cbceeb6c89eb47ef91cd1565d4a0dc0bbdc0511
SV5_HUB_7f53c12e20096748c0c6,272,242,SOLID,68,60,SV5_HUB_7f53c12e20096748c0c6@68:60,UNKNOWN,SOLID,ced4c4300ffac6957c7c0ef85cbceeb6c89eb47ef91cd1565d4a0dc0bbdc0511
SV5_HUB_7f53c12e20096748c0c6,273,242,SOLID,68,60,SV5_HUB_7f53c12e20096748c0c6@68:60,UNKNOWN,SOLID,ced4c4300ffac6957c7c0ef85cbceeb6c89eb47ef91cd1565d4a0dc0bbdc0511
SV5_HUB_7f53c12e20096748c0c6,274,242,SOLID,68,60,SV5_HUB_7f53c12e20096748c0c6@68:60,UNKNOWN,SOLID,ced4c4300ffac6957c7c0ef85cbceeb6c89eb47ef91cd1565d4a0dc0bbdc0511
SV5_HUB_7f53c12e20096748c0c6,275,242,SOLID,68,60,SV5_HUB_7f53c12e20096748c0c6@68:60,UNKNOWN,SOLID,ced4c4300ffac6957c7c0ef85cbceeb6c89eb47ef91cd1565d4a0dc0bbdc0511
SV5_HUB_7f53c12e20096748c0c6,276,242,SOLID,69,60,SV5_HUB_7f53c12e20096748c0c6@69:60,UNKNOWN,SOLID,ced4c4300ffac6957c7c0ef85cbceeb6c89eb47ef91cd1565d4a0dc0bbdc0511
SV5_HUB_7f53c12e20096748c0c6,277,242,SOLID,69,60,SV5_HUB_7f53c12e20096748c0c6@69:60,UNKNOWN,SOLID,ced4c4300ffac6957c7c0ef85cbceeb6c89eb47ef91cd1565d4a0dc0bbdc0511
SV5_HUB_7f53c12e20096748c0c6,278,242,AIR,69,60,SV5_HUB_7f53c12e20096748c0c6@69:60,UNKNOWN,AIR,ced4c4300ffac6957c7c0ef85cbceeb6c89eb47ef91cd1565d4a0dc0bbdc0511
SV5_HUB_7f53c12e20096748c0c6,279,242,AIR,69,60,SV5_HUB_7f53c12e20096748c0c6@69:60,UNKNOWN,AIR,ced4c4300ffac6957c7c0ef85cbceeb6c89eb47ef91cd1565d4a0dc0bbdc0511
SV5_HUB_7f53c12e20096748c0c6,280,242,AIR,70,60,SV5_HUB_7f53c12e20096748c0c6@70:60,UNKNOWN,AIR,ced4c4300ffac6957c7c0ef85cbceeb6c89eb47ef91cd1565d4a0dc0bbdc0511
SV5_HUB_7f53c12e20096748c0c6,281,242,AIR,70,60,SV5_HUB_7f53c12e20096748c0c6@70:60,UNKNOWN,AIR,ced4c4300ffac6957c7c0ef85cbceeb6c89eb47ef91cd1565d4a0dc0bbdc0511
SV5_HUB_7f53c12e20096748c0c6,282,242,AIR,70,60,SV5_HUB_7f53c12e20096748c0c6@70:60,UNKNOWN,AIR,ced4c4300ffac6957c7c0ef85cbceeb6c89eb47ef91cd1565d4a0dc0bbdc0511
SV5_HUB_7f53c12e20096748c0c6,283,242,AIR,70,60,SV5_HUB_7f53c12e20096748c0c6@70:60,UNKNOWN,AIR,ced4c4300ffac6957c7c0ef85cbceeb6c89eb47ef91cd1565d4a0dc0bbdc0511
SV5_HUB_7f53c12e20096748c0c6,284,242,AIR,71,60,SV5_HUB_7f53c12e20096748c0c6@71:60,UNKNOWN,AIR,ced4c4300ffac6957c7c0ef85cbceeb6c89eb47ef91cd1565d4a0dc0bbdc0511
SV5_HUB_7f53c12e20096748c0c6,285,242,AIR,71,60,SV5_HUB_7f53c12e20096748c0c6@71:60,UNKNOWN,AIR,ced4c4300ffac6957c7c0ef85cbceeb6c89eb47ef91cd1565d4a0dc0bbdc0511
SV5_HUB_7f53c12e20096748c0c6,286,242,AIR,71,60,SV5_HUB_7f53c12e20096748c0c6@71:60,UNKNOWN,AIR,ced4c4300ffac6957c7c0ef85cbceeb6c89eb47ef91cd1565d4a0dc0bbdc0511
SV5_HUB_7f53c12e20096748c0c6,287,242,AIR,71,60,SV5_HUB_7f53c12e20096748c0c6@71:60,UNKNOWN,AIR,ced4c4300ffac6957c7c0ef85cbceeb6c89eb47ef91cd1565d4a0dc0bbdc0511
SV5_HUB_7f53c12e20096748c0c6,288,242,AIR,72,60,SV5_HUB_7f53c12e20096748c0c6@72:60,UNKNOWN,AIR,ced4c4300ffac6957c7c0ef85cbceeb6c89eb47ef91cd1565d4a0dc0bbdc0511
SV5_HUB_7f53c12e20096748c0c6,289,242,AIR,72,60,SV5_HUB_7f53c12e20096748c0c6@72:60,UNKNOWN,AIR,ced4c4300ffac6957c7c0ef85cbceeb6c89eb47ef91cd1565d4a0dc0bbdc0511
SV5_HUB_7f53c12e20096748c0c6,290,242,SOLID,72,60,SV5_HUB_7f53c12e20096748c0c6@72:60,UNKNOWN,SOLID,ced4c4300ffac6957c7c0ef85cbceeb6c89eb47ef91cd1565d4a0dc0bbdc0511
SV5_HUB_7f53c12e20096748c0c6,291,242,SOLID,72,60,SV5_HUB_7f53c12e20096748c0c6@72:60,UNKNOWN,SOLID,ced4c4300ffac6957c7c0ef85cbceeb6c89eb47ef91cd1565d4a0dc0bbdc0511
SV5_HUB_7f53c12e20096748c0c6,292,242,SOLID,73,60,SV5_HUB_7f53c12e20096748c0c6@73:60,UNKNOWN,SOLID,ced4c4300ffac6957c7c0ef85cbceeb6c89eb47ef91cd1565d4a0dc0bbdc0511
SV5_HUB_7f53c12e20096748c0c6,293,242,SOLID,73,60,SV5_HUB_7f53c12e20096748c0c6@73:60,UNKNOWN,SOLID,ced4c4300ffac6957c7c0ef85cbceeb6c89eb47ef91cd1565d4a0dc0bbdc0511
SV5_HUB_7f53c12e20096748c0c6,294,242,SOLID,73,60,SV5_HUB_7f53c12e20096748c0c6@73:60,UNKNOWN,SOLID,ced4c4300ffac6957c7c0ef85cbceeb6c89eb47ef91cd1565d4a0dc0bbdc0511
SV5_HUB_7f53c12e20096748c0c6,295,242,SOLID,73,60,SV5_HUB_7f53c12e20096748c0c6@73:60,UNKNOWN,SOLID,ced4c4300ffac6957c7c0ef85cbceeb6c89eb47ef91cd1565d4a0dc0bbdc0511
SV5_HUB_7f53c12e20096748c0c6,272,243,SOLID,68,60,SV5_HUB_7f53c12e20096748c0c6@68:60,UNKNOWN,SOLID,ced4c4300ffac6957c7c0ef85cbceeb6c89eb47ef91cd1565d4a0dc0bbdc0511
SV5_HUB_7f53c12e20096748c0c6,273,243,SOLID,68,60,SV5_HUB_7f53c12e20096748c0c6@68:60,UNKNOWN,SOLID,ced4c4300ffac6957c7c0ef85cbceeb6c89eb47ef91cd1565d4a0dc0bbdc0511
SV5_HUB_7f53c12e20096748c0c6,274,243,SOLID,68,60,SV5_HUB_7f53c12e20096748c0c6@68:60,UNKNOWN,SOLID,ced4c4300ffac6957c7c0ef85cbceeb6c89eb47ef91cd1565d4a0dc0bbdc0511
SV5_HUB_7f53c12e20096748c0c6,275,243,SOLID,68,60,SV5_HUB_7f53c12e20096748c0c6@68:60,UNKNOWN,SOLID,ced4c4300ffac6957c7c0ef85cbceeb6c89eb47ef91cd1565d4a0dc0bbdc0511
SV5_HUB_7f53c12e20096748c0c6,276,243,SOLID,69,60,SV5_HUB_7f53c12e20096748c0c6@69:60,UNKNOWN,SOLID,ced4c4300ffac6957c7c0ef85cbceeb6c89eb47ef91cd1565d4a0dc0bbdc0511
SV5_HUB_7f53c12e20096748c0c6,277,243,SOLID,69,60,SV5_HUB_7f53c12e20096748c0c6@69:60,UNKNOWN,SOLID,ced4c4300ffac6957c7c0ef85cbceeb6c89eb47ef91cd1565d4a0dc0bbdc0511
SV5_HUB_7f53c12e20096748c0c6,278,243,SOLID,69,60,SV5_HUB_7f53c12e20096748c0c6@69:60,UNKNOWN,SOLID,ced4c4300ffac6957c7c0ef85cbceeb6c89eb47ef91cd1565d4a0dc0bbdc0511
SV5_HUB_7f53c12e20096748c0c6,279,243,SOLID,69,60,SV5_HUB_7f53c12e20096748c0c6@69:60,UNKNOWN,SOLID,ced4c4300ffac6957c7c0ef85cbceeb6c89eb47ef91cd1565d4a0dc0bbdc0511
SV5_HUB_7f53c12e20096748c0c6,280,243,SOLID,70,60,SV5_HUB_7f53c12e20096748c0c6@70:60,UNKNOWN,SOLID,ced4c4300ffac6957c7c0ef85cbceeb6c89eb47ef91cd1565d4a0dc0bbdc0511
SV5_HUB_7f53c12e20096748c0c6,281,243,SOLID,70,60,SV5_HUB_7f53c12e20096748c0c6@70:60,UNKNOWN,SOLID,ced4c4300ffac6957c7c0ef85cbceeb6c89eb47ef91cd1565d4a0dc0bbdc0511
SV5_HUB_7f53c12e20096748c0c6,282,243,SOLID,70,60,SV5_HUB_7f53c12e20096748c0c6@70:60,UNKNOWN,SOLID,ced4c4300ffac6957c7c0ef85cbceeb6c89eb47ef91cd1565d4a0dc0bbdc0511
SV5_HUB_7f53c12e20096748c0c6,283,243,SOLID,70,60,SV5_HUB_7f53c12e20096748c0c6@70:60,UNKNOWN,SOLID,ced4c4300ffac6957c7c0ef85cbceeb6c89eb47ef91cd1565d4a0dc0bbdc0511
SV5_HUB_7f53c12e20096748c0c6,284,243,SOLID,71,60,SV5_HUB_7f53c12e20096748c0c6@71:60,UNKNOWN,SOLID,ced4c4300ffac6957c7c0ef85cbceeb6c89eb47ef91cd1565d4a0dc0bbdc0511
SV5_HUB_7f53c12e20096748c0c6,285,243,SOLID,71,60,SV5_HUB_7f53c12e20096748c0c6@71:60,UNKNOWN,SOLID,ced4c4300ffac6957c7c0ef85cbceeb6c89eb47ef91cd1565d4a0dc0bbdc0511
SV5_HUB_7f53c12e20096748c0c6,286,243,SOLID,71,60,SV5_HUB_7f53c12e20096748c0c6@71:60,UNKNOWN,SOLID,ced4c4300ffac6957c7c0ef85cbceeb6c89eb47ef91cd1565d4a0dc0bbdc0511
SV5_HUB_7f53c12e20096748c0c6,287,243,SOLID,71,60,SV5_HUB_7f53c12e20096748c0c6@71:60,UNKNOWN,SOLID,ced4c4300ffac6957c7c0ef85cbceeb6c89eb47ef91cd1565d4a0dc0bbdc0511
SV5_HUB_7f53c12e20096748c0c6,288,243,SOLID,72,60,SV5_HUB_7f53c12e20096748c0c6@72:60,UNKNOWN,SOLID,ced4c4300ffac6957c7c0ef85cbceeb6c89eb47ef91cd1565d4a0dc0bbdc0511
SV5_HUB_7f53c12e20096748c0c6,289,243,SOLID,72,60,SV5_HUB_7f53c12e20096748c0c6@72:60,UNKNOWN,SOLID,ced4c4300ffac6957c7c0ef85cbceeb6c89eb47ef91cd1565d4a0dc0bbdc0511
SV5_HUB_7f53c12e20096748c0c6,290,243,SOLID,72,60,SV5_HUB_7f53c12e20096748c0c6@72:60,UNKNOWN,SOLID,ced4c4300ffac6957c7c0ef85cbceeb6c89eb47ef91cd1565d4a0dc0bbdc0511
SV5_HUB_7f53c12e20096748c0c6,291,243,SOLID,72,60,SV5_HUB_7f53c12e20096748c0c6@72:60,UNKNOWN,SOLID,ced4c4300ffac6957c7c0ef85cbceeb6c89eb47ef91cd1565d4a0dc0bbdc0511
SV5_HUB_7f53c12e20096748c0c6,292,243,SOLID,73,60,SV5_HUB_7f53c12e20096748c0c6@73:60,UNKNOWN,SOLID,ced4c4300ffac6957c7c0ef85cbceeb6c89eb47ef91cd1565d4a0dc0bbdc0511
SV5_HUB_7f53c12e20096748c0c6,293,243,SOLID,73,60,SV5_HUB_7f53c12e20096748c0c6@73:60,UNKNOWN,SOLID,ced4c4300ffac6957c7c0ef85cbceeb6c89eb47ef91cd1565d4a0dc0bbdc0511
SV5_HUB_7f53c12e20096748c0c6,294,243,SOLID,73,60,SV5_HUB_7f53c12e20096748c0c6@73:60,UNKNOWN,SOLID,ced4c4300ffac6957c7c0ef85cbceeb6c89eb47ef91cd1565d4a0dc0bbdc0511
SV5_HUB_7f53c12e20096748c0c6,295,243,SOLID,73,60,SV5_HUB_7f53c12e20096748c0c6@73:60,UNKNOWN,SOLID,ced4c4300ffac6957c7c0ef85cbceeb6c89eb47ef91cd1565d4a0dc0bbdc0511
SV5_HUB_7f53c12e20096748c0c6,272,244,SOLID,68,61,SV5_HUB_7f53c12e20096748c0c6@68:61,UNKNOWN,SOLID,ced4c4300ffac6957c7c0ef85cbceeb6c89eb47ef91cd1565d4a0dc0bbdc0511
SV5_HUB_7f53c12e20096748c0c6,273,244,SOLID,68,61,SV5_HUB_7f53c12e20096748c0c6@68:61,UNKNOWN,SOLID,ced4c4300ffac6957c7c0ef85cbceeb6c89eb47ef91cd1565d4a0dc0bbdc0511
SV5_HUB_7f53c12e20096748c0c6,274,244,SOLID,68,61,SV5_HUB_7f53c12e20096748c0c6@68:61,UNKNOWN,SOLID,ced4c4300ffac6957c7c0ef85cbceeb6c89eb47ef91cd1565d4a0dc0bbdc0511
SV5_HUB_7f53c12e20096748c0c6,275,244,SOLID,68,61,SV5_HUB_7f53c12e20096748c0c6@68:61,UNKNOWN,SOLID,ced4c4300ffac6957c7c0ef85cbceeb6c89eb47ef91cd1565d4a0dc0bbdc0511
SV5_HUB_7f53c12e20096748c0c6,276,244,SOLID,69,61,SV5_HUB_7f53c12e20096748c0c6@69:61,UNKNOWN,SOLID,ced4c4300ffac6957c7c0ef85cbceeb6c89eb47ef91cd1565d4a0dc0bbdc0511
SV5_HUB_7f53c12e20096748c0c6,277,244,SOLID,69,61,SV5_HUB_7f53c12e20096748c0c6@69:61,UNKNOWN,SOLID,ced4c4300ffac6957c7c0ef85cbceeb6c89eb47ef91cd1565d4a0dc0bbdc0511
SV5_HUB_7f53c12e20096748c0c6,278,244,SOLID,69,61,SV5_HUB_7f53c12e20096748c0c6@69:61,UNKNOWN,SOLID,ced4c4300ffac6957c7c0ef85cbceeb6c89eb47ef91cd1565d4a0dc0bbdc0511
SV5_HUB_7f53c12e20096748c0c6,279,244,SOLID,69,61,SV5_HUB_7f53c12e20096748c0c6@69:61,UNKNOWN,SOLID,ced4c4300ffac6957c7c0ef85cbceeb6c89eb47ef91cd1565d4a0dc0bbdc0511
SV5_HUB_7f53c12e20096748c0c6,280,244,SOLID,70,61,SV5_HUB_7f53c12e20096748c0c6@70:61,UNKNOWN,SOLID,ced4c4300ffac6957c7c0ef85cbceeb6c89eb47ef91cd1565d4a0dc0bbdc0511
SV5_HUB_7f53c12e20096748c0c6,281,244,SOLID,70,61,SV5_HUB_7f53c12e20096748c0c6@70:61,UNKNOWN,SOLID,ced4c4300ffac6957c7c0ef85cbceeb6c89eb47ef91cd1565d4a0dc0bbdc0511
SV5_HUB_7f53c12e20096748c0c6,282,244,SOLID,70,61,SV5_HUB_7f53c12e20096748c0c6@70:61,UNKNOWN,SOLID,ced4c4300ffac6957c7c0ef85cbceeb6c89eb47ef91cd1565d4a0dc0bbdc0511
SV5_HUB_7f53c12e20096748c0c6,283,244,SOLID,70,61,SV5_HUB_7f53c12e20096748c0c6@70:61,UNKNOWN,SOLID,ced4c4300ffac6957c7c0ef85cbceeb6c89eb47ef91cd1565d4a0dc0bbdc0511
SV5_HUB_7f53c12e20096748c0c6,284,244,SOLID,71,61,SV5_HUB_7f53c12e20096748c0c6@71:61,UNKNOWN,SOLID,ced4c4300ffac6957c7c0ef85cbceeb6c89eb47ef91cd1565d4a0dc0bbdc0511
SV5_HUB_7f53c12e20096748c0c6,285,244,SOLID,71,61,SV5_HUB_7f53c12e20096748c0c6@71:61,UNKNOWN,SOLID,ced4c4300ffac6957c7c0ef85cbceeb6c89eb47ef91cd1565d4a0dc0bbdc0511
SV5_HUB_7f53c12e20096748c0c6,286,244,SOLID,71,61,SV5_HUB_7f53c12e20096748c0c6@71:61,UNKNOWN,SOLID,ced4c4300ffac6957c7c0ef85cbceeb6c89eb47ef91cd1565d4a0dc0bbdc0511
SV5_HUB_7f53c12e20096748c0c6,287,244,SOLID,71,61,SV5_HUB_7f53c12e20096748c0c6@71:61,UNKNOWN,SOLID,ced4c4300ffac6957c7c0ef85cbceeb6c89eb47ef91cd1565d4a0dc0bbdc0511
SV5_HUB_7f53c12e20096748c0c6,288,244,SOLID,72,61,SV5_HUB_7f53c12e20096748c0c6@72:61,UNKNOWN,SOLID,ced4c4300ffac6957c7c0ef85cbceeb6c89eb47ef91cd1565d4a0dc0bbdc0511
SV5_HUB_7f53c12e20096748c0c6,289,244,SOLID,72,61,SV5_HUB_7f53c12e20096748c0c6@72:61,UNKNOWN,SOLID,ced4c4300ffac6957c7c0ef85cbceeb6c89eb47ef91cd1565d4a0dc0bbdc0511
SV5_HUB_7f53c12e20096748c0c6,290,244,SOLID,72,61,SV5_HUB_7f53c12e20096748c0c6@72:61,UNKNOWN,SOLID,ced4c4300ffac6957c7c0ef85cbceeb6c89eb47ef91cd1565d4a0dc0bbdc0511
SV5_HUB_7f53c12e20096748c0c6,291,244,SOLID,72,61,SV5_HUB_7f53c12e20096748c0c6@72:61,UNKNOWN,SOLID,ced4c4300ffac6957c7c0ef85cbceeb6c89eb47ef91cd1565d4a0dc0bbdc0511
SV5_HUB_7f53c12e20096748c0c6,292,244,SOLID,73,61,SV5_HUB_7f53c12e20096748c0c6@73:61,UNKNOWN,SOLID,ced4c4300ffac6957c7c0ef85cbceeb6c89eb47ef91cd1565d4a0dc0bbdc0511
SV5_HUB_7f53c12e20096748c0c6,293,244,SOLID,73,61,SV5_HUB_7f53c12e20096748c0c6@73:61,UNKNOWN,SOLID,ced4c4300ffac6957c7c0ef85cbceeb6c89eb47ef91cd1565d4a0dc0bbdc0511
SV5_HUB_7f53c12e20096748c0c6,294,244,SOLID,73,61,SV5_HUB_7f53c12e20096748c0c6@73:61,UNKNOWN,SOLID,ced4c4300ffac6957c7c0ef85cbceeb6c89eb47ef91cd1565d4a0dc0bbdc0511
SV5_HUB_7f53c12e20096748c0c6,295,244,SOLID,73,61,SV5_HUB_7f53c12e20096748c0c6@73:61,UNKNOWN,SOLID,ced4c4300ffac6957c7c0ef85cbceeb6c89eb47ef91cd1565d4a0dc0bbdc0511
SV5_HUB_7f53c12e20096748c0c6,272,245,SOLID,68,61,SV5_HUB_7f53c12e20096748c0c6@68:61,UNKNOWN,SOLID,ced4c4300ffac6957c7c0ef85cbceeb6c89eb47ef91cd1565d4a0dc0bbdc0511
SV5_HUB_7f53c12e20096748c0c6,273,245,SOLID,68,61,SV5_HUB_7f53c12e20096748c0c6@68:61,UNKNOWN,SOLID,ced4c4300ffac6957c7c0ef85cbceeb6c89eb47ef91cd1565d4a0dc0bbdc0511
SV5_HUB_7f53c12e20096748c0c6,274,245,SOLID,68,61,SV5_HUB_7f53c12e20096748c0c6@68:61,UNKNOWN,SOLID,ced4c4300ffac6957c7c0ef85cbceeb6c89eb47ef91cd1565d4a0dc0bbdc0511
SV5_HUB_7f53c12e20096748c0c6,275,245,SOLID,68,61,SV5_HUB_7f53c12e20096748c0c6@68:61,UNKNOWN,SOLID,ced4c4300ffac6957c7c0ef85cbceeb6c89eb47ef91cd1565d4a0dc0bbdc0511
SV5_HUB_7f53c12e20096748c0c6,276,245,SOLID,69,61,SV5_HUB_7f53c12e20096748c0c6@69:61,UNKNOWN,SOLID,ced4c4300ffac6957c7c0ef85cbceeb6c89eb47ef91cd1565d4a0dc0bbdc0511
SV5_HUB_7f53c12e20096748c0c6,277,245,SOLID,69,61,SV5_HUB_7f53c12e20096748c0c6@69:61,UNKNOWN,SOLID,ced4c4300ffac6957c7c0ef85cbceeb6c89eb47ef91cd1565d4a0dc0bbdc0511
SV5_HUB_7f53c12e20096748c0c6,278,245,SOLID,69,61,SV5_HUB_7f53c12e20096748c0c6@69:61,UNKNOWN,SOLID,ced4c4300ffac6957c7c0ef85cbceeb6c89eb47ef91cd1565d4a0dc0bbdc0511
SV5_HUB_7f53c12e20096748c0c6,279,245,SOLID,69,61,SV5_HUB_7f53c12e20096748c0c6@69:61,UNKNOWN,SOLID,ced4c4300ffac6957c7c0ef85cbceeb6c89eb47ef91cd1565d4a0dc0bbdc0511
SV5_HUB_7f53c12e20096748c0c6,280,245,SOLID,70,61,SV5_HUB_7f53c12e20096748c0c6@70:61,UNKNOWN,SOLID,ced4c4300ffac6957c7c0ef85cbceeb6c89eb47ef91cd1565d4a0dc0bbdc0511
SV5_HUB_7f53c12e20096748c0c6,281,245,SOLID,70,61,SV5_HUB_7f53c12e20096748c0c6@70:61,UNKNOWN,SOLID,ced4c4300ffac6957c7c0ef85cbceeb6c89eb47ef91cd1565d4a0dc0bbdc0511
SV5_HUB_7f53c12e20096748c0c6,282,245,SOLID,70,61,SV5_HUB_7f53c12e20096748c0c6@70:61,UNKNOWN,SOLID,ced4c4300ffac6957c7c0ef85cbceeb6c89eb47ef91cd1565d4a0dc0bbdc0511
SV5_HUB_7f53c12e20096748c0c6,283,245,SOLID,70,61,SV5_HUB_7f53c12e20096748c0c6@70:61,UNKNOWN,SOLID,ced4c4300ffac6957c7c0ef85cbceeb6c89eb47ef91cd1565d4a0dc0bbdc0511
SV5_HUB_7f53c12e20096748c0c6,284,245,SOLID,71,61,SV5_HUB_7f53c12e20096748c0c6@71:61,UNKNOWN,SOLID,ced4c4300ffac6957c7c0ef85cbceeb6c89eb47ef91cd1565d4a0dc0bbdc0511
SV5_HUB_7f53c12e20096748c0c6,285,245,SOLID,71,61,SV5_HUB_7f53c12e20096748c0c6@71:61,UNKNOWN,SOLID,ced4c4300ffac6957c7c0ef85cbceeb6c89eb47ef91cd1565d4a0dc0bbdc0511
SV5_HUB_7f53c12e20096748c0c6,286,245,SOLID,71,61,SV5_HUB_7f53c12e20096748c0c6@71:61,UNKNOWN,SOLID,ced4c4300ffac6957c7c0ef85cbceeb6c89eb47ef91cd1565d4a0dc0bbdc0511
SV5_HUB_7f53c12e20096748c0c6,287,245,SOLID,71,61,SV5_HUB_7f53c12e20096748c0c6@71:61,UNKNOWN,SOLID,ced4c4300ffac6957c7c0ef85cbceeb6c89eb47ef91cd1565d4a0dc0bbdc0511
SV5_HUB_7f53c12e20096748c0c6,288,245,SOLID,72,61,SV5_HUB_7f53c12e20096748c0c6@72:61,UNKNOWN,SOLID,ced4c4300ffac6957c7c0ef85cbceeb6c89eb47ef91cd1565d4a0dc0bbdc0511
SV5_HUB_7f53c12e20096748c0c6,289,245,SOLID,72,61,SV5_HUB_7f53c12e20096748c0c6@72:61,UNKNOWN,SOLID,ced4c4300ffac6957c7c0ef85cbceeb6c89eb47ef91cd1565d4a0dc0bbdc0511
SV5_HUB_7f53c12e20096748c0c6,290,245,SOLID,72,61,SV5_HUB_7f53c12e20096748c0c6@72:61,UNKNOWN,SOLID,ced4c4300ffac6957c7c0ef85cbceeb6c89eb47ef91cd1565d4a0dc0bbdc0511
SV5_HUB_7f53c12e20096748c0c6,291,245,SOLID,72,61,SV5_HUB_7f53c12e20096748c0c6@72:61,UNKNOWN,SOLID,ced4c4300ffac6957c7c0ef85cbceeb6c89eb47ef91cd1565d4a0dc0bbdc0511
SV5_HUB_7f53c12e20096748c0c6,292,245,SOLID,73,61,SV5_HUB_7f53c12e20096748c0c6@73:61,UNKNOWN,SOLID,ced4c4300ffac6957c7c0ef85cbceeb6c89eb47ef91cd1565d4a0dc0bbdc0511
SV5_HUB_7f53c12e20096748c0c6,293,245,SOLID,73,61,SV5_HUB_7f53c12e20096748c0c6@73:61,UNKNOWN,SOLID,ced4c4300ffac6957c7c0ef85cbceeb6c89eb47ef91cd1565d4a0dc0bbdc0511
SV5_HUB_7f53c12e20096748c0c6,294,245,SOLID,73,61,SV5_HUB_7f53c12e20096748c0c6@73:61,UNKNOWN,SOLID,ced4c4300ffac6957c7c0ef85cbceeb6c89eb47ef91cd1565d4a0dc0bbdc0511
SV5_HUB_7f53c12e20096748c0c6,295,245,SOLID,73,61,SV5_HUB_7f53c12e20096748c0c6@73:61,UNKNOWN,SOLID,ced4c4300ffac6957c7c0ef85cbceeb6c89eb47ef91cd1565d4a0dc0bbdc0511
SV5_HUB_7f53c12e20096748c0c6,272,246,SOLID,68,61,SV5_HUB_7f53c12e20096748c0c6@68:61,UNKNOWN,SOLID,ced4c4300ffac6957c7c0ef85cbceeb6c89eb47ef91cd1565d4a0dc0bbdc0511
SV5_HUB_7f53c12e20096748c0c6,273,246,SOLID,68,61,SV5_HUB_7f53c12e20096748c0c6@68:61,UNKNOWN,SOLID,ced4c4300ffac6957c7c0ef85cbceeb6c89eb47ef91cd1565d4a0dc0bbdc0511
SV5_HUB_7f53c12e20096748c0c6,274,246,SOLID,68,61,SV5_HUB_7f53c12e20096748c0c6@68:61,UNKNOWN,SOLID,ced4c4300ffac6957c7c0ef85cbceeb6c89eb47ef91cd1565d4a0dc0bbdc0511
SV5_HUB_7f53c12e20096748c0c6,275,246,SOLID,68,61,SV5_HUB_7f53c12e20096748c0c6@68:61,UNKNOWN,SOLID,ced4c4300ffac6957c7c0ef85cbceeb6c89eb47ef91cd1565d4a0dc0bbdc0511
SV5_HUB_7f53c12e20096748c0c6,276,246,SOLID,69,61,SV5_HUB_7f53c12e20096748c0c6@69:61,UNKNOWN,SOLID,ced4c4300ffac6957c7c0ef85cbceeb6c89eb47ef91cd1565d4a0dc0bbdc0511
SV5_HUB_7f53c12e20096748c0c6,277,246,SOLID,69,61,SV5_HUB_7f53c12e20096748c0c6@69:61,UNKNOWN,SOLID,ced4c4300ffac6957c7c0ef85cbceeb6c89eb47ef91cd1565d4a0dc0bbdc0511
SV5_HUB_7f53c12e20096748c0c6,278,246,SOLID,69,61,SV5_HUB_7f53c12e20096748c0c6@69:61,UNKNOWN,SOLID,ced4c4300ffac6957c7c0ef85cbceeb6c89eb47ef91cd1565d4a0dc0bbdc0511
SV5_HUB_7f53c12e20096748c0c6,279,246,SOLID,69,61,SV5_HUB_7f53c12e20096748c0c6@69:61,UNKNOWN,SOLID,ced4c4300ffac6957c7c0ef85cbceeb6c89eb47ef91cd1565d4a0dc0bbdc0511
SV5_HUB_7f53c12e20096748c0c6,280,246,SOLID,70,61,SV5_HUB_7f53c12e20096748c0c6@70:61,UNKNOWN,SOLID,ced4c4300ffac6957c7c0ef85cbceeb6c89eb47ef91cd1565d4a0dc0bbdc0511
SV5_HUB_7f53c12e20096748c0c6,281,246,SOLID,70,61,SV5_HUB_7f53c12e20096748c0c6@70:61,UNKNOWN,SOLID,ced4c4300ffac6957c7c0ef85cbceeb6c89eb47ef91cd1565d4a0dc0bbdc0511
SV5_HUB_7f53c12e20096748c0c6,282,246,SOLID,70,61,SV5_HUB_7f53c12e20096748c0c6@70:61,UNKNOWN,SOLID,ced4c4300ffac6957c7c0ef85cbceeb6c89eb47ef91cd1565d4a0dc0bbdc0511
SV5_HUB_7f53c12e20096748c0c6,283,246,SOLID,70,61,SV5_HUB_7f53c12e20096748c0c6@70:61,UNKNOWN,SOLID,ced4c4300ffac6957c7c0ef85cbceeb6c89eb47ef91cd1565d4a0dc0bbdc0511
SV5_HUB_7f53c12e20096748c0c6,284,246,SOLID,71,61,SV5_HUB_7f53c12e20096748c0c6@71:61,UNKNOWN,SOLID,ced4c4300ffac6957c7c0ef85cbceeb6c89eb47ef91cd1565d4a0dc0bbdc0511
SV5_HUB_7f53c12e20096748c0c6,285,246,SOLID,71,61,SV5_HUB_7f53c12e20096748c0c6@71:61,UNKNOWN,SOLID,ced4c4300ffac6957c7c0ef85cbceeb6c89eb47ef91cd1565d4a0dc0bbdc0511
SV5_HUB_7f53c12e20096748c0c6,286,246,SOLID,71,61,SV5_HUB_7f53c12e20096748c0c6@71:61,UNKNOWN,SOLID,ced4c4300ffac6957c7c0ef85cbceeb6c89eb47ef91cd1565d4a0dc0bbdc0511
SV5_HUB_7f53c12e20096748c0c6,287,246,SOLID,71,61,SV5_HUB_7f53c12e20096748c0c6@71:61,UNKNOWN,SOLID,ced4c4300ffac6957c7c0ef85cbceeb6c89eb47ef91cd1565d4a0dc0bbdc0511
SV5_HUB_7f53c12e20096748c0c6,288,246,SOLID,72,61,SV5_HUB_7f53c12e20096748c0c6@72:61,UNKNOWN,SOLID,ced4c4300ffac6957c7c0ef85cbceeb6c89eb47ef91cd1565d4a0dc0bbdc0511
SV5_HUB_7f53c12e20096748c0c6,289,246,SOLID,72,61,SV5_HUB_7f53c12e20096748c0c6@72:61,UNKNOWN,SOLID,ced4c4300ffac6957c7c0ef85cbceeb6c89eb47ef91cd1565d4a0dc0bbdc0511
SV5_HUB_7f53c12e20096748c0c6,290,246,SOLID,72,61,SV5_HUB_7f53c12e20096748c0c6@72:61,UNKNOWN,SOLID,ced4c4300ffac6957c7c0ef85cbceeb6c89eb47ef91cd1565d4a0dc0bbdc0511
SV5_HUB_7f53c12e20096748c0c6,291,246,SOLID,72,61,SV5_HUB_7f53c12e20096748c0c6@72:61,UNKNOWN,SOLID,ced4c4300ffac6957c7c0ef85cbceeb6c89eb47ef91cd1565d4a0dc0bbdc0511
SV5_HUB_7f53c12e20096748c0c6,292,246,SOLID,73,61,SV5_HUB_7f53c12e20096748c0c6@73:61,UNKNOWN,SOLID,ced4c4300ffac6957c7c0ef85cbceeb6c89eb47ef91cd1565d4a0dc0bbdc0511
SV5_HUB_7f53c12e20096748c0c6,293,246,SOLID,73,61,SV5_HUB_7f53c12e20096748c0c6@73:61,UNKNOWN,SOLID,ced4c4300ffac6957c7c0ef85cbceeb6c89eb47ef91cd1565d4a0dc0bbdc0511
SV5_HUB_7f53c12e20096748c0c6,294,246,SOLID,73,61,SV5_HUB_7f53c12e20096748c0c6@73:61,UNKNOWN,SOLID,ced4c4300ffac6957c7c0ef85cbceeb6c89eb47ef91cd1565d4a0dc0bbdc0511
SV5_HUB_7f53c12e20096748c0c6,295,246,SOLID,73,61,SV5_HUB_7f53c12e20096748c0c6@73:61,UNKNOWN,SOLID,ced4c4300ffac6957c7c0ef85cbceeb6c89eb47ef91cd1565d4a0dc0bbdc0511
SV5_HUB_7f53c12e20096748c0c6,272,247,SOLID,68,61,SV5_HUB_7f53c12e20096748c0c6@68:61,UNKNOWN,SOLID,ced4c4300ffac6957c7c0ef85cbceeb6c89eb47ef91cd1565d4a0dc0bbdc0511
SV5_HUB_7f53c12e20096748c0c6,273,247,SOLID,68,61,SV5_HUB_7f53c12e20096748c0c6@68:61,UNKNOWN,SOLID,ced4c4300ffac6957c7c0ef85cbceeb6c89eb47ef91cd1565d4a0dc0bbdc0511
SV5_HUB_7f53c12e20096748c0c6,274,247,SOLID,68,61,SV5_HUB_7f53c12e20096748c0c6@68:61,UNKNOWN,SOLID,ced4c4300ffac6957c7c0ef85cbceeb6c89eb47ef91cd1565d4a0dc0bbdc0511
SV5_HUB_7f53c12e20096748c0c6,275,247,SOLID,68,61,SV5_HUB_7f53c12e20096748c0c6@68:61,UNKNOWN,SOLID,ced4c4300ffac6957c7c0ef85cbceeb6c89eb47ef91cd1565d4a0dc0bbdc0511
SV5_HUB_7f53c12e20096748c0c6,276,247,SOLID,69,61,SV5_HUB_7f53c12e20096748c0c6@69:61,UNKNOWN,SOLID,ced4c4300ffac6957c7c0ef85cbceeb6c89eb47ef91cd1565d4a0dc0bbdc0511
SV5_HUB_7f53c12e20096748c0c6,277,247,SOLID,69,61,SV5_HUB_7f53c12e20096748c0c6@69:61,UNKNOWN,SOLID,ced4c4300ffac6957c7c0ef85cbceeb6c89eb47ef91cd1565d4a0dc0bbdc0511
SV5_HUB_7f53c12e20096748c0c6,278,247,SOLID,69,61,SV5_HUB_7f53c12e20096748c0c6@69:61,UNKNOWN,SOLID,ced4c4300ffac6957c7c0ef85cbceeb6c89eb47ef91cd1565d4a0dc0bbdc0511
SV5_HUB_7f53c12e20096748c0c6,279,247,SOLID,69,61,SV5_HUB_7f53c12e20096748c0c6@69:61,UNKNOWN,SOLID,ced4c4300ffac6957c7c0ef85cbceeb6c89eb47ef91cd1565d4a0dc0bbdc0511
SV5_HUB_7f53c12e20096748c0c6,280,247,SOLID,70,61,SV5_HUB_7f53c12e20096748c0c6@70:61,UNKNOWN,SOLID,ced4c4300ffac6957c7c0ef85cbceeb6c89eb47ef91cd1565d4a0dc0bbdc0511
SV5_HUB_7f53c12e20096748c0c6,281,247,SOLID,70,61,SV5_HUB_7f53c12e20096748c0c6@70:61,UNKNOWN,SOLID,ced4c4300ffac6957c7c0ef85cbceeb6c89eb47ef91cd1565d4a0dc0bbdc0511
SV5_HUB_7f53c12e20096748c0c6,282,247,SOLID,70,61,SV5_HUB_7f53c12e20096748c0c6@70:61,UNKNOWN,SOLID,ced4c4300ffac6957c7c0ef85cbceeb6c89eb47ef91cd1565d4a0dc0bbdc0511
SV5_HUB_7f53c12e20096748c0c6,283,247,SOLID,70,61,SV5_HUB_7f53c12e20096748c0c6@70:61,UNKNOWN,SOLID,ced4c4300ffac6957c7c0ef85cbceeb6c89eb47ef91cd1565d4a0dc0bbdc0511
SV5_HUB_7f53c12e20096748c0c6,284,247,SOLID,71,61,SV5_HUB_7f53c12e20096748c0c6@71:61,UNKNOWN,SOLID,ced4c4300ffac6957c7c0ef85cbceeb6c89eb47ef91cd1565d4a0dc0bbdc0511
SV5_HUB_7f53c12e20096748c0c6,285,247,SOLID,71,61,SV5_HUB_7f53c12e20096748c0c6@71:61,UNKNOWN,SOLID,ced4c4300ffac6957c7c0ef85cbceeb6c89eb47ef91cd1565d4a0dc0bbdc0511
SV5_HUB_7f53c12e20096748c0c6,286,247,SOLID,71,61,SV5_HUB_7f53c12e20096748c0c6@71:61,UNKNOWN,SOLID,ced4c4300ffac6957c7c0ef85cbceeb6c89eb47ef91cd1565d4a0dc0bbdc0511
SV5_HUB_7f53c12e20096748c0c6,287,247,SOLID,71,61,SV5_HUB_7f53c12e20096748c0c6@71:61,UNKNOWN,SOLID,ced4c4300ffac6957c7c0ef85cbceeb6c89eb47ef91cd1565d4a0dc0bbdc0511
SV5_HUB_7f53c12e20096748c0c6,288,247,SOLID,72,61,SV5_HUB_7f53c12e20096748c0c6@72:61,UNKNOWN,SOLID,ced4c4300ffac6957c7c0ef85cbceeb6c89eb47ef91cd1565d4a0dc0bbdc0511
SV5_HUB_7f53c12e20096748c0c6,289,247,SOLID,72,61,SV5_HUB_7f53c12e20096748c0c6@72:61,UNKNOWN,SOLID,ced4c4300ffac6957c7c0ef85cbceeb6c89eb47ef91cd1565d4a0dc0bbdc0511
SV5_HUB_7f53c12e20096748c0c6,290,247,SOLID,72,61,SV5_HUB_7f53c12e20096748c0c6@72:61,UNKNOWN,SOLID,ced4c4300ffac6957c7c0ef85cbceeb6c89eb47ef91cd1565d4a0dc0bbdc0511
SV5_HUB_7f53c12e20096748c0c6,291,247,SOLID,72,61,SV5_HUB_7f53c12e20096748c0c6@72:61,UNKNOWN,SOLID,ced4c4300ffac6957c7c0ef85cbceeb6c89eb47ef91cd1565d4a0dc0bbdc0511
SV5_HUB_7f53c12e20096748c0c6,292,247,SOLID,73,61,SV5_HUB_7f53c12e20096748c0c6@73:61,UNKNOWN,SOLID,ced4c4300ffac6957c7c0ef85cbceeb6c89eb47ef91cd1565d4a0dc0bbdc0511
SV5_HUB_7f53c12e20096748c0c6,293,247,SOLID,73,61,SV5_HUB_7f53c12e20096748c0c6@73:61,UNKNOWN,SOLID,ced4c4300ffac6957c7c0ef85cbceeb6c89eb47ef91cd1565d4a0dc0bbdc0511
SV5_HUB_7f53c12e20096748c0c6,294,247,SOLID,73,61,SV5_HUB_7f53c12e20096748c0c6@73:61,UNKNOWN,SOLID,ced4c4300ffac6957c7c0ef85cbceeb6c89eb47ef91cd1565d4a0dc0bbdc0511
SV5_HUB_7f53c12e20096748c0c6,295,247,SOLID,73,61,SV5_HUB_7f53c12e20096748c0c6@73:61,UNKNOWN,SOLID,ced4c4300ffac6957c7c0ef85cbceeb6c89eb47ef91cd1565d4a0dc0bbdc0511
