microchunk_id,local_x,local_y,ground_code,one_way_code,breakable_code,hazard_code,liquid_code,decor_back_code,decor_front_code,marker_code
MC_GRAY_H_STRAIGHT_01,0,0,G_MOON_ROCK,NONE,NONE,NONE,NONE,DB_CRATER,NONE,NONE
MC_GRAY_H_STRAIGHT_01,1,0,G_MOON_ROCK,NONE,NONE,NONE,NONE,DB_CRATER,NONE,NONE
MC_GRAY_H_STRAIGHT_01,2,0,G_MOON_ROCK,NONE,NONE,NONE,NONE,DB_CRATER,NONE,NONE
MC_GRAY_H_STRAIGHT_01,3,0,G_MOON_ROCK,NONE,NONE,NONE,NONE,DB_CRATER,NONE,NONE
MC_GRAY_H_STRAIGHT_01,4,0,G_MOON_ROCK,NONE,NONE,NONE,NONE,DB_CRATER,NONE,NONE
MC_GRAY_H_STRAIGHT_01,5,0,G_MOON_ROCK,NONE,NONE,NONE,NONE,DB_CRATER,NONE,NONE
MC_GRAY_H_STRAIGHT_01,6,0,G_MOON_ROCK,NONE,NONE,NONE,NONE,DB_CRATER,NONE,NONE
MC_GRAY_H_STRAIGHT_01,7,0,G_MOON_ROCK,NONE,NONE,NONE,NONE,DB_CRATER,NONE,NONE
MC_GRAY_H_STRAIGHT_01,8,0,G_MOON_ROCK,NONE,NONE,NONE,NONE,DB_CRATER,NONE,NONE
MC_GRAY_H_STRAIGHT_01,9,0,G_MOON_ROCK,NONE,NONE,NONE,NONE,DB_CRATER,NONE,NONE
MC_GRAY_H_STRAIGHT_01,10,0,G_MOON_ROCK,NONE,NONE,NONE,NONE,DB_CRATER,NONE,NONE
MC_GRAY_H_STRAIGHT_01,11,0,G_MOON_ROCK,NONE,NONE,NONE,NONE,DB_CRATER,NONE,NONE
MC_GRAY_H_STRAIGHT_01,0,1,NONE,NONE,NONE,NONE,NONE,DB_CRATER,NONE,M_ROUTE_MAIN
MC_GRAY_H_STRAIGHT_01,1,1,NONE,NONE,NONE,NONE,NONE,DB_CRATER,NONE,M_ROUTE_MAIN
MC_GRAY_H_STRAIGHT_01,2,1,NONE,NONE,NONE,NONE,NONE,DB_CRATER,NONE,M_SAFE
MC_GRAY_H_STRAIGHT_01,3,1,NONE,NONE,NONE,NONE,NONE,DB_CRATER,NONE,M_ROUTE_MAIN
MC_GRAY_H_STRAIGHT_01,4,1,NONE,NONE,NONE,NONE,NONE,DB_CRATER,NONE,M_ROUTE_MAIN
MC_GRAY_H_STRAIGHT_01,5,1,NONE,NONE,NONE,NONE,NONE,DB_CRATER,NONE,M_ROUTE_MAIN
MC_GRAY_H_STRAIGHT_01,6,1,NONE,NONE,NONE,NONE,NONE,DB_CRATER,NONE,M_ROUTE_MAIN
MC_GRAY_H_STRAIGHT_01,7,1,NONE,NONE,NONE,NONE,NONE,DB_CRATER,NONE,M_ROUTE_MAIN
MC_GRAY_H_STRAIGHT_01,8,1,NONE,NONE,NONE,NONE,NONE,DB_CRATER,NONE,M_ROUTE_MAIN
MC_GRAY_H_STRAIGHT_01,9,1,NONE,NONE,NONE,NONE,NONE,DB_CRATER,NONE,M_SAFE
MC_GRAY_H_STRAIGHT_01,10,1,NONE,NONE,NONE,NONE,NONE,DB_CRATER,NONE,M_ROUTE_MAIN
MC_GRAY_H_STRAIGHT_01,11,1,NONE,NONE,NONE,NONE,NONE,DB_CRATER,NONE,M_ROUTE_MAIN
MC_GRAY_H_STRAIGHT_01,0,2,NONE,NONE,NONE,NONE,NONE,DB_CRATER,NONE,NONE
MC_GRAY_H_STRAIGHT_01,1,2,NONE,NONE,NONE,NONE,NONE,DB_CRATER,NONE,NONE
MC_GRAY_H_STRAIGHT_01,2,2,NONE,NONE,NONE,NONE,NONE,DB_CRATER,NONE,NONE
MC_GRAY_H_STRAIGHT_01,3,2,NONE,NONE,NONE,NONE,NONE,DB_CRATER,NONE,NONE
MC_GRAY_H_STRAIGHT_01,4,2,NONE,NONE,NONE,NONE,NONE,DB_CRATER,NONE,NONE
MC_GRAY_H_STRAIGHT_01,5,2,NONE,NONE,NONE,NONE,NONE,DB_CRATER,NONE,NONE
MC_GRAY_H_STRAIGHT_01,6,2,NONE,NONE,NONE,NONE,NONE,DB_CRATER,NONE,NONE
MC_GRAY_H_STRAIGHT_01,7,2,NONE,NONE,NONE,NONE,NONE,DB_CRATER,NONE,NONE
MC_GRAY_H_STRAIGHT_01,8,2,NONE,NONE,NONE,NONE,NONE,DB_CRATER,NONE,NONE
MC_GRAY_H_STRAIGHT_01,9,2,NONE,NONE,NONE,NONE,NONE,DB_CRATER,NONE,NONE
MC_GRAY_H_STRAIGHT_01,10,2,NONE,NONE,NONE,NONE,NONE,DB_CRATER,NONE,NONE
MC_GRAY_H_STRAIGHT_01,11,2,NONE,NONE,NONE,NONE,NONE,DB_CRATER,NONE,NONE
MC_GRAY_H_STRAIGHT_01,0,3,NONE,NONE,NONE,NONE,NONE,DB_CRATER,NONE,M_SOCKET
MC_GRAY_H_STRAIGHT_01,1,3,NONE,NONE,NONE,NONE,NONE,DB_CRATER,NONE,NONE
MC_GRAY_H_STRAIGHT_01,2,3,NONE,NONE,NONE,NONE,NONE,DB_CRATER,NONE,NONE
MC_GRAY_H_STRAIGHT_01,3,3,NONE,NONE,NONE,NONE,NONE,DB_CRATER,NONE,NONE
MC_GRAY_H_STRAIGHT_01,4,3,NONE,NONE,NONE,NONE,NONE,DB_CRATER,NONE,NONE
MC_GRAY_H_STRAIGHT_01,5,3,NONE,NONE,NONE,NONE,NONE,DB_CRATER,NONE,NONE
MC_GRAY_H_STRAIGHT_01,6,3,NONE,NONE,NONE,NONE,NONE,DB_CRATER,NONE,NONE
MC_GRAY_H_STRAIGHT_01,7,3,NONE,NONE,NONE,NONE,NONE,DB_CRATER,NONE,NONE
MC_GRAY_H_STRAIGHT_01,8,3,NONE,NONE,NONE,NONE,NONE,DB_CRATER,NONE,NONE
MC_GRAY_H_STRAIGHT_01,9,3,NONE,NONE,NONE,NONE,NONE,DB_CRATER,NONE,NONE
MC_GRAY_H_STRAIGHT_01,10,3,NONE,NONE,NONE,NONE,NONE,DB_CRATER,NONE,NONE
MC_GRAY_H_STRAIGHT_01,11,3,NONE,NONE,NONE,NONE,NONE,DB_CRATER,NONE,M_SOCKET
MC_GRAY_H_STRAIGHT_01,0,4,NONE,NONE,NONE,NONE,NONE,DB_CRATER,NONE,M_SOCKET
MC_GRAY_H_STRAIGHT_01,1,4,NONE,NONE,NONE,NONE,NONE,DB_CRATER,NONE,NONE
MC_GRAY_H_STRAIGHT_01,2,4,NONE,NONE,NONE,NONE,NONE,DB_CRATER,NONE,NONE
MC_GRAY_H_STRAIGHT_01,3,4,NONE,NONE,NONE,NONE,NONE,DB_CRATER,NONE,NONE
MC_GRAY_H_STRAIGHT_01,4,4,NONE,NONE,NONE,NONE,NONE,DB_CRATER,NONE,NONE
MC_GRAY_H_STRAIGHT_01,5,4,NONE,NONE,NONE,NONE,NONE,DB_CRATER,NONE,NONE
MC_GRAY_H_STRAIGHT_01,6,4,NONE,NONE,NONE,NONE,NONE,DB_CRATER,NONE,NONE
MC_GRAY_H_STRAIGHT_01,7,4,NONE,NONE,NONE,NONE,NONE,DB_CRATER,NONE,NONE
MC_GRAY_H_STRAIGHT_01,8,4,NONE,NONE,NONE,NONE,NONE,DB_CRATER,NONE,NONE
MC_GRAY_H_STRAIGHT_01,9,4,NONE,NONE,NONE,NONE,NONE,DB_CRATER,NONE,NONE
MC_GRAY_H_STRAIGHT_01,10,4,NONE,NONE,NONE,NONE,NONE,DB_CRATER,NONE,NONE
MC_GRAY_H_STRAIGHT_01,11,4,NONE,NONE,NONE,NONE,NONE,DB_CRATER,NONE,M_SOCKET
MC_GRAY_H_STRAIGHT_01,0,5,NONE,NONE,NONE,NONE,NONE,DB_CRATER,NONE,NONE
MC_GRAY_H_STRAIGHT_01,1,5,NONE,NONE,NONE,NONE,NONE,DB_CRATER,NONE,NONE
MC_GRAY_H_STRAIGHT_01,2,5,NONE,NONE,NONE,NONE,NONE,DB_CRATER,NONE,NONE
MC_GRAY_H_STRAIGHT_01,3,5,NONE,NONE,NONE,NONE,NONE,DB_CRATER,NONE,NONE
MC_GRAY_H_STRAIGHT_01,4,5,NONE,NONE,NONE,NONE,NONE,DB_CRATER,NONE,NONE
MC_GRAY_H_STRAIGHT_01,5,5,NONE,NONE,NONE,NONE,NONE,DB_CRATER,NONE,NONE
MC_GRAY_H_STRAIGHT_01,6,5,NONE,NONE,NONE,NONE,NONE,DB_CRATER,NONE,NONE
MC_GRAY_H_STRAIGHT_01,7,5,NONE,NONE,NONE,NONE,NONE,DB_CRATER,NONE,NONE
MC_GRAY_H_STRAIGHT_01,8,5,NONE,NONE,NONE,NONE,NONE,DB_CRATER,NONE,NONE
MC_GRAY_H_STRAIGHT_01,9,5,NONE,NONE,NONE,NONE,NONE,DB_CRATER,NONE,NONE
MC_GRAY_H_STRAIGHT_01,10,5,NONE,NONE,NONE,NONE,NONE,DB_CRATER,NONE,NONE
MC_GRAY_H_STRAIGHT_01,11,5,NONE,NONE,NONE,NONE,NONE,DB_CRATER,NONE,NONE
MC_GRAY_H_STRAIGHT_01,0,6,NONE,NONE,NONE,NONE,NONE,DB_CRATER,NONE,NONE
MC_GRAY_H_STRAIGHT_01,1,6,NONE,NONE,NONE,NONE,NONE,DB_CRATER,NONE,NONE
MC_GRAY_H_STRAIGHT_01,2,6,NONE,NONE,NONE,NONE,NONE,DB_CRATER,NONE,NONE
MC_GRAY_H_STRAIGHT_01,3,6,NONE,NONE,NONE,NONE,NONE,DB_CRATER,NONE,NONE
MC_GRAY_H_STRAIGHT_01,4,6,NONE,NONE,NONE,NONE,NONE,DB_CRATER,NONE,NONE
MC_GRAY_H_STRAIGHT_01,5,6,NONE,NONE,NONE,NONE,NONE,DB_CRATER,NONE,NONE
MC_GRAY_H_STRAIGHT_01,6,6,NONE,NONE,NONE,NONE,NONE,DB_CRATER,NONE,NONE
MC_GRAY_H_STRAIGHT_01,7,6,NONE,NONE,NONE,NONE,NONE,DB_CRATER,NONE,NONE
MC_GRAY_H_STRAIGHT_01,8,6,NONE,NONE,NONE,NONE,NONE,DB_CRATER,NONE,NONE
MC_GRAY_H_STRAIGHT_01,9,6,NONE,NONE,NONE,NONE,NONE,DB_CRATER,NONE,NONE
MC_GRAY_H_STRAIGHT_01,10,6,NONE,NONE,NONE,NONE,NONE,DB_CRATER,NONE,NONE
MC_GRAY_H_STRAIGHT_01,11,6,NONE,NONE,NONE,NONE,NONE,DB_CRATER,NONE,NONE
MC_GRAY_H_STRAIGHT_01,0,7,NONE,NONE,NONE,NONE,NONE,DB_CRATER,NONE,NONE
MC_GRAY_H_STRAIGHT_01,1,7,NONE,NONE,NONE,NONE,NONE,DB_CRATER,NONE,NONE
MC_GRAY_H_STRAIGHT_01,2,7,NONE,NONE,NONE,NONE,NONE,DB_CRATER,NONE,NONE
MC_GRAY_H_STRAIGHT_01,3,7,NONE,NONE,NONE,NONE,NONE,DB_CRATER,NONE,NONE
MC_GRAY_H_STRAIGHT_01,4,7,NONE,NONE,NONE,NONE,NONE,DB_CRATER,NONE,NONE
MC_GRAY_H_STRAIGHT_01,5,7,NONE,NONE,NONE,NONE,NONE,DB_CRATER,NONE,NONE
MC_GRAY_H_STRAIGHT_01,6,7,NONE,NONE,NONE,NONE,NONE,DB_CRATER,NONE,NONE
MC_GRAY_H_STRAIGHT_01,7,7,NONE,NONE,NONE,NONE,NONE,DB_CRATER,NONE,NONE
MC_GRAY_H_STRAIGHT_01,8,7,NONE,NONE,NONE,NONE,NONE,DB_CRATER,NONE,NONE
MC_GRAY_H_STRAIGHT_01,9,7,NONE,NONE,NONE,NONE,NONE,DB_CRATER,NONE,NONE
MC_GRAY_H_STRAIGHT_01,10,7,NONE,NONE,NONE,NONE,NONE,DB_CRATER,NONE,NONE
MC_GRAY_H_STRAIGHT_01,11,7,NONE,NONE,NONE,NONE,NONE,DB_CRATER,NONE,NONE
MC_GRAY_H_STEP_UP_01,0,0,G_MOON_ROCK,NONE,NONE,NONE,NONE,DB_CRATER,NONE,NONE
MC_GRAY_H_STEP_UP_01,1,0,G_MOON_ROCK,NONE,NONE,NONE,NONE,DB_CRATER,NONE,NONE
MC_GRAY_H_STEP_UP_01,2,0,G_MOON_ROCK,NONE,NONE,NONE,NONE,DB_CRATER,NONE,NONE
MC_GRAY_H_STEP_UP_01,3,0,G_MOON_ROCK,NONE,NONE,NONE,NONE,DB_CRATER,NONE,NONE
MC_GRAY_H_STEP_UP_01,4,0,G_MOON_ROCK,NONE,NONE,NONE,NONE,DB_CRATER,NONE,NONE
MC_GRAY_H_STEP_UP_01,5,0,G_MOON_ROCK,NONE,NONE,NONE,NONE,DB_CRATER,NONE,NONE
MC_GRAY_H_STEP_UP_01,6,0,NONE,NONE,NONE,NONE,NONE,DB_CRATER,NONE,NONE
MC_GRAY_H_STEP_UP_01,7,0,NONE,NONE,NONE,NONE,NONE,DB_CRATER,NONE,NONE
MC_GRAY_H_STEP_UP_01,8,0,NONE,NONE,NONE,NONE,NONE,DB_CRATER,NONE,NONE
MC_GRAY_H_STEP_UP_01,9,0,NONE,NONE,NONE,NONE,NONE,DB_CRATER,NONE,NONE
MC_GRAY_H_STEP_UP_01,10,0,NONE,NONE,NONE,NONE,NONE,DB_CRATER,NONE,NONE
MC_GRAY_H_STEP_UP_01,11,0,NONE,NONE,NONE,NONE,NONE,DB_CRATER,NONE,NONE
MC_GRAY_H_STEP_UP_01,0,1,NONE,NONE,NONE,NONE,NONE,DB_CRATER,NONE,M_SOCKET
MC_GRAY_H_STEP_UP_01,1,1,NONE,NONE,NONE,NONE,NONE,DB_CRATER,NONE,M_ROUTE_MAIN
MC_GRAY_H_STEP_UP_01,2,1,NONE,NONE,NONE,NONE,NONE,DB_CRATER,NONE,M_ROUTE_MAIN
MC_GRAY_H_STEP_UP_01,3,1,NONE,NONE,NONE,NONE,NONE,DB_CRATER,NONE,M_ROUTE_MAIN
MC_GRAY_H_STEP_UP_01,4,1,NONE,NONE,NONE,NONE,NONE,DB_CRATER,NONE,M_ROUTE_MAIN
MC_GRAY_H_STEP_UP_01,5,1,G_MOON_ROCK,NONE,NONE,NONE,NONE,DB_CRATER,NONE,M_ROUTE_MAIN
MC_GRAY_H_STEP_UP_01,6,1,G_MOON_ROCK,NONE,NONE,NONE,NONE,DB_CRATER,NONE,NONE
MC_GRAY_H_STEP_UP_01,7,1,G_MOON_ROCK,NONE,NONE,NONE,NONE,DB_CRATER,NONE,NONE
MC_GRAY_H_STEP_UP_01,8,1,G_MOON_ROCK,NONE,NONE,NONE,NONE,DB_CRATER,NONE,NONE
MC_GRAY_H_STEP_UP_01,9,1,G_MOON_ROCK,NONE,NONE,NONE,NONE,DB_CRATER,NONE,NONE
MC_GRAY_H_STEP_UP_01,10,1,G_MOON_ROCK,NONE,NONE,NONE,NONE,DB_CRATER,NONE,NONE
MC_GRAY_H_STEP_UP_01,11,1,G_MOON_ROCK,NONE,NONE,NONE,NONE,DB_CRATER,NONE,NONE
MC_GRAY_H_STEP_UP_01,0,2,NONE,NONE,NONE,NONE,NONE,DB_CRATER,NONE,M_SOCKET
MC_GRAY_H_STEP_UP_01,1,2,NONE,NONE,NONE,NONE,NONE,DB_CRATER,NONE,NONE
MC_GRAY_H_STEP_UP_01,2,2,NONE,NONE,NONE,NONE,NONE,DB_CRATER,NONE,NONE
MC_GRAY_H_STEP_UP_01,3,2,NONE,NONE,NONE,NONE,NONE,DB_CRATER,NONE,NONE
MC_GRAY_H_STEP_UP_01,4,2,NONE,NONE,NONE,NONE,NONE,DB_CRATER,NONE,NONE
MC_GRAY_H_STEP_UP_01,5,2,NONE,NONE,NONE,NONE,NONE,DB_CRATER,NONE,NONE
MC_GRAY_H_STEP_UP_01,6,2,NONE,NONE,NONE,NONE,NONE,DB_CRATER,NONE,M_ROUTE_MAIN
MC_GRAY_H_STEP_UP_01,7,2,NONE,NONE,NONE,NONE,NONE,DB_CRATER,NONE,M_ROUTE_MAIN
MC_GRAY_H_STEP_UP_01,8,2,NONE,NONE,NONE,NONE,NONE,DB_CRATER,NONE,M_ROUTE_MAIN
MC_GRAY_H_STEP_UP_01,9,2,NONE,NONE,NONE,NONE,NONE,DB_CRATER,NONE,M_ROUTE_MAIN
MC_GRAY_H_STEP_UP_01,10,2,NONE,NONE,NONE,NONE,NONE,DB_CRATER,NONE,M_ROUTE_MAIN
MC_GRAY_H_STEP_UP_01,11,2,NONE,NONE,NONE,NONE,NONE,DB_CRATER,NONE,M_ROUTE_MAIN
MC_GRAY_H_STEP_UP_01,0,3,NONE,NONE,NONE,NONE,NONE,DB_CRATER,NONE,NONE
MC_GRAY_H_STEP_UP_01,1,3,NONE,NONE,NONE,NONE,NONE,DB_CRATER,NONE,NONE
MC_GRAY_H_STEP_UP_01,2,3,NONE,NONE,NONE,NONE,NONE,DB_CRATER,NONE,NONE
MC_GRAY_H_STEP_UP_01,3,3,NONE,NONE,NONE,NONE,NONE,DB_CRATER,NONE,NONE
MC_GRAY_H_STEP_UP_01,4,3,NONE,NONE,NONE,NONE,NONE,DB_CRATER,NONE,NONE
MC_GRAY_H_STEP_UP_01,5,3,NONE,NONE,NONE,NONE,NONE,DB_CRATER,NONE,NONE
MC_GRAY_H_STEP_UP_01,6,3,NONE,NONE,NONE,NONE,NONE,DB_CRATER,NONE,NONE
MC_GRAY_H_STEP_UP_01,7,3,NONE,NONE,NONE,NONE,NONE,DB_CRATER,NONE,NONE
MC_GRAY_H_STEP_UP_01,8,3,NONE,NONE,NONE,NONE,NONE,DB_CRATER,NONE,NONE
MC_GRAY_H_STEP_UP_01,9,3,NONE,NONE,NONE,NONE,NONE,DB_CRATER,NONE,NONE
MC_GRAY_H_STEP_UP_01,10,3,NONE,NONE,NONE,NONE,NONE,DB_CRATER,NONE,NONE
MC_GRAY_H_STEP_UP_01,11,3,NONE,NONE,NONE,NONE,NONE,DB_CRATER,NONE,M_SOCKET
MC_GRAY_H_STEP_UP_01,0,4,NONE,NONE,NONE,NONE,NONE,DB_CRATER,NONE,NONE
MC_GRAY_H_STEP_UP_01,1,4,NONE,NONE,NONE,NONE,NONE,DB_CRATER,NONE,NONE
MC_GRAY_H_STEP_UP_01,2,4,NONE,NONE,NONE,NONE,NONE,DB_CRATER,NONE,NONE
MC_GRAY_H_STEP_UP_01,3,4,NONE,NONE,NONE,NONE,NONE,DB_CRATER,NONE,NONE
MC_GRAY_H_STEP_UP_01,4,4,NONE,NONE,NONE,NONE,NONE,DB_CRATER,NONE,NONE
MC_GRAY_H_STEP_UP_01,5,4,NONE,NONE,NONE,NONE,NONE,DB_CRATER,NONE,NONE
MC_GRAY_H_STEP_UP_01,6,4,NONE,NONE,NONE,NONE,NONE,DB_CRATER,NONE,NONE
MC_GRAY_H_STEP_UP_01,7,4,NONE,NONE,NONE,NONE,NONE,DB_CRATER,NONE,NONE
MC_GRAY_H_STEP_UP_01,8,4,NONE,NONE,NONE,NONE,NONE,DB_CRATER,NONE,NONE
MC_GRAY_H_STEP_UP_01,9,4,NONE,NONE,NONE,NONE,NONE,DB_CRATER,NONE,NONE
MC_GRAY_H_STEP_UP_01,10,4,NONE,NONE,NONE,NONE,NONE,DB_CRATER,NONE,NONE
MC_GRAY_H_STEP_UP_01,11,4,NONE,NONE,NONE,NONE,NONE,DB_CRATER,NONE,M_SOCKET
MC_GRAY_H_STEP_UP_01,0,5,NONE,NONE,NONE,NONE,NONE,DB_CRATER,NONE,NONE
MC_GRAY_H_STEP_UP_01,1,5,NONE,NONE,NONE,NONE,NONE,DB_CRATER,NONE,NONE
MC_GRAY_H_STEP_UP_01,2,5,NONE,NONE,NONE,NONE,NONE,DB_CRATER,NONE,NONE
MC_GRAY_H_STEP_UP_01,3,5,NONE,NONE,NONE,NONE,NONE,DB_CRATER,NONE,NONE
MC_GRAY_H_STEP_UP_01,4,5,NONE,NONE,NONE,NONE,NONE,DB_CRATER,NONE,NONE
MC_GRAY_H_STEP_UP_01,5,5,NONE,NONE,NONE,NONE,NONE,DB_CRATER,NONE,NONE
MC_GRAY_H_STEP_UP_01,6,5,NONE,NONE,NONE,NONE,NONE,DB_CRATER,NONE,NONE
MC_GRAY_H_STEP_UP_01,7,5,NONE,NONE,NONE,NONE,NONE,DB_CRATER,NONE,NONE
MC_GRAY_H_STEP_UP_01,8,5,NONE,NONE,NONE,NONE,NONE,DB_CRATER,NONE,NONE
MC_GRAY_H_STEP_UP_01,9,5,NONE,NONE,NONE,NONE,NONE,DB_CRATER,NONE,NONE
MC_GRAY_H_STEP_UP_01,10,5,NONE,NONE,NONE,NONE,NONE,DB_CRATER,NONE,NONE
MC_GRAY_H_STEP_UP_01,11,5,NONE,NONE,NONE,NONE,NONE,DB_CRATER,NONE,NONE
MC_GRAY_H_STEP_UP_01,0,6,NONE,NONE,NONE,NONE,NONE,DB_CRATER,NONE,NONE
MC_GRAY_H_STEP_UP_01,1,6,NONE,NONE,NONE,NONE,NONE,DB_CRATER,NONE,NONE
MC_GRAY_H_STEP_UP_01,2,6,NONE,NONE,NONE,NONE,NONE,DB_CRATER,NONE,NONE
MC_GRAY_H_STEP_UP_01,3,6,NONE,NONE,NONE,NONE,NONE,DB_CRATER,NONE,NONE
MC_GRAY_H_STEP_UP_01,4,6,NONE,NONE,NONE,NONE,NONE,DB_CRATER,NONE,NONE
MC_GRAY_H_STEP_UP_01,5,6,NONE,NONE,NONE,NONE,NONE,DB_CRATER,NONE,NONE
MC_GRAY_H_STEP_UP_01,6,6,NONE,NONE,NONE,NONE,NONE,DB_CRATER,NONE,NONE
MC_GRAY_H_STEP_UP_01,7,6,NONE,NONE,NONE,NONE,NONE,DB_CRATER,NONE,NONE
MC_GRAY_H_STEP_UP_01,8,6,NONE,NONE,NONE,NONE,NONE,DB_CRATER,NONE,NONE
MC_GRAY_H_STEP_UP_01,9,6,NONE,NONE,NONE,NONE,NONE,DB_CRATER,NONE,NONE
MC_GRAY_H_STEP_UP_01,10,6,NONE,NONE,NONE,NONE,NONE,DB_CRATER,NONE,NONE
MC_GRAY_H_STEP_UP_01,11,6,NONE,NONE,NONE,NONE,NONE,DB_CRATER,NONE,NONE
MC_GRAY_H_STEP_UP_01,0,7,NONE,NONE,NONE,NONE,NONE,DB_CRATER,NONE,NONE
MC_GRAY_H_STEP_UP_01,1,7,NONE,NONE,NONE,NONE,NONE,DB_CRATER,NONE,NONE
MC_GRAY_H_STEP_UP_01,2,7,NONE,NONE,NONE,NONE,NONE,DB_CRATER,NONE,NONE
MC_GRAY_H_STEP_UP_01,3,7,NONE,NONE,NONE,NONE,NONE,DB_CRATER,NONE,NONE
MC_GRAY_H_STEP_UP_01,4,7,NONE,NONE,NONE,NONE,NONE,DB_CRATER,NONE,NONE
MC_GRAY_H_STEP_UP_01,5,7,NONE,NONE,NONE,NONE,NONE,DB_CRATER,NONE,NONE
MC_GRAY_H_STEP_UP_01,6,7,NONE,NONE,NONE,NONE,NONE,DB_CRATER,NONE,NONE
MC_GRAY_H_STEP_UP_01,7,7,NONE,NONE,NONE,NONE,NONE,DB_CRATER,NONE,NONE
MC_GRAY_H_STEP_UP_01,8,7,NONE,NONE,NONE,NONE,NONE,DB_CRATER,NONE,NONE
MC_GRAY_H_STEP_UP_01,9,7,NONE,NONE,NONE,NONE,NONE,DB_CRATER,NONE,NONE
MC_GRAY_H_STEP_UP_01,10,7,NONE,NONE,NONE,NONE,NONE,DB_CRATER,NONE,NONE
MC_GRAY_H_STEP_UP_01,11,7,NONE,NONE,NONE,NONE,NONE,DB_CRATER,NONE,NONE
MC_GRAY_DROP_CENTER_01,0,0,G_MOON_ROCK,NONE,NONE,NONE,NONE,DB_CRATER,NONE,NONE
MC_GRAY_DROP_CENTER_01,1,0,G_MOON_ROCK,NONE,NONE,NONE,NONE,DB_CRATER,NONE,NONE
MC_GRAY_DROP_CENTER_01,2,0,G_MOON_ROCK,NONE,NONE,NONE,NONE,DB_CRATER,NONE,NONE
MC_GRAY_DROP_CENTER_01,3,0,G_MOON_ROCK,NONE,NONE,NONE,NONE,DB_CRATER,NONE,NONE
MC_GRAY_DROP_CENTER_01,4,0,G_MOON_ROCK,NONE,NONE,NONE,NONE,DB_CRATER,NONE,NONE
MC_GRAY_DROP_CENTER_01,5,0,NONE,NONE,NONE,NONE,NONE,DB_CRATER,NONE,M_ROUTE_MAIN
MC_GRAY_DROP_CENTER_01,6,0,NONE,NONE,NONE,NONE,NONE,DB_CRATER,NONE,M_ROUTE_MAIN
MC_GRAY_DROP_CENTER_01,7,0,NONE,NONE,NONE,NONE,NONE,DB_CRATER,NONE,M_ROUTE_MAIN
MC_GRAY_DROP_CENTER_01,8,0,G_MOON_ROCK,NONE,NONE,NONE,NONE,DB_CRATER,NONE,NONE
MC_GRAY_DROP_CENTER_01,9,0,G_MOON_ROCK,NONE,NONE,NONE,NONE,DB_CRATER,NONE,NONE
MC_GRAY_DROP_CENTER_01,10,0,G_MOON_ROCK,NONE,NONE,NONE,NONE,DB_CRATER,NONE,NONE
MC_GRAY_DROP_CENTER_01,11,0,G_MOON_ROCK,NONE,NONE,NONE,NONE,DB_CRATER,NONE,NONE
MC_GRAY_DROP_CENTER_01,0,1,NONE,NONE,NONE,NONE,NONE,DB_CRATER,NONE,M_ROUTE_MAIN
MC_GRAY_DROP_CENTER_01,1,1,NONE,NONE,NONE,NONE,NONE,DB_CRATER,NONE,M_ROUTE_MAIN
MC_GRAY_DROP_CENTER_01,2,1,NONE,NONE,NONE,NONE,NONE,DB_CRATER,NONE,M_ROUTE_MAIN
MC_GRAY_DROP_CENTER_01,3,1,NONE,NONE,NONE,NONE,NONE,DB_CRATER,NONE,M_SAFE
MC_GRAY_DROP_CENTER_01,4,1,NONE,NONE,NONE,NONE,NONE,DB_CRATER,NONE,M_ROUTE_MAIN
MC_GRAY_DROP_CENTER_01,5,1,NONE,NONE,NONE,NONE,NONE,DB_CRATER,NONE,M_ROUTE_MAIN
MC_GRAY_DROP_CENTER_01,6,1,NONE,NONE,NONE,NONE,NONE,DB_CRATER,NONE,M_ROUTE_MAIN
MC_GRAY_DROP_CENTER_01,7,1,NONE,NONE,NONE,NONE,NONE,DB_CRATER,NONE,M_ROUTE_MAIN
MC_GRAY_DROP_CENTER_01,8,1,NONE,NONE,NONE,NONE,NONE,DB_CRATER,NONE,M_ROUTE_MAIN
MC_GRAY_DROP_CENTER_01,9,1,NONE,NONE,NONE,NONE,NONE,DB_CRATER,NONE,M_SAFE
MC_GRAY_DROP_CENTER_01,10,1,NONE,NONE,NONE,NONE,NONE,DB_CRATER,NONE,M_ROUTE_MAIN
MC_GRAY_DROP_CENTER_01,11,1,NONE,NONE,NONE,NONE,NONE,DB_CRATER,NONE,M_ROUTE_MAIN
MC_GRAY_DROP_CENTER_01,0,2,NONE,NONE,NONE,NONE,NONE,DB_CRATER,NONE,NONE
MC_GRAY_DROP_CENTER_01,1,2,NONE,NONE,NONE,NONE,NONE,DB_CRATER,NONE,NONE
MC_GRAY_DROP_CENTER_01,2,2,NONE,NONE,NONE,NONE,NONE,DB_CRATER,NONE,NONE
MC_GRAY_DROP_CENTER_01,3,2,NONE,NONE,NONE,NONE,NONE,DB_CRATER,NONE,NONE
MC_GRAY_DROP_CENTER_01,4,2,NONE,NONE,NONE,NONE,NONE,DB_CRATER,NONE,NONE
MC_GRAY_DROP_CENTER_01,5,2,NONE,NONE,NONE,NONE,NONE,DB_CRATER,NONE,M_ROUTE_MAIN
MC_GRAY_DROP_CENTER_01,6,2,NONE,NONE,NONE,NONE,NONE,DB_CRATER,NONE,M_ROUTE_MAIN
MC_GRAY_DROP_CENTER_01,7,2,NONE,NONE,NONE,NONE,NONE,DB_CRATER,NONE,M_ROUTE_MAIN
MC_GRAY_DROP_CENTER_01,8,2,NONE,NONE,NONE,NONE,NONE,DB_CRATER,NONE,NONE
MC_GRAY_DROP_CENTER_01,9,2,NONE,NONE,NONE,NONE,NONE,DB_CRATER,NONE,NONE
MC_GRAY_DROP_CENTER_01,10,2,NONE,NONE,NONE,NONE,NONE,DB_CRATER,NONE,NONE
MC_GRAY_DROP_CENTER_01,11,2,NONE,NONE,NONE,NONE,NONE,DB_CRATER,NONE,NONE
MC_GRAY_DROP_CENTER_01,0,3,NONE,NONE,NONE,NONE,NONE,DB_CRATER,NONE,M_SOCKET
MC_GRAY_DROP_CENTER_01,1,3,NONE,NONE,NONE,NONE,NONE,DB_CRATER,NONE,NONE
MC_GRAY_DROP_CENTER_01,2,3,NONE,NONE,NONE,NONE,NONE,DB_CRATER,NONE,NONE
MC_GRAY_DROP_CENTER_01,3,3,NONE,NONE,NONE,NONE,NONE,DB_CRATER,NONE,NONE
MC_GRAY_DROP_CENTER_01,4,3,NONE,NONE,NONE,NONE,NONE,DB_CRATER,NONE,NONE
MC_GRAY_DROP_CENTER_01,5,3,NONE,NONE,NONE,NONE,NONE,DB_CRATER,NONE,M_ROUTE_MAIN
MC_GRAY_DROP_CENTER_01,6,3,NONE,NONE,NONE,NONE,NONE,DB_CRATER,NONE,M_ROUTE_MAIN
MC_GRAY_DROP_CENTER_01,7,3,NONE,NONE,NONE,NONE,NONE,DB_CRATER,NONE,M_ROUTE_MAIN
MC_GRAY_DROP_CENTER_01,8,3,NONE,NONE,NONE,NONE,NONE,DB_CRATER,NONE,NONE
MC_GRAY_DROP_CENTER_01,9,3,NONE,NONE,NONE,NONE,NONE,DB_CRATER,NONE,NONE
MC_GRAY_DROP_CENTER_01,10,3,NONE,NONE,NONE,NONE,NONE,DB_CRATER,NONE,NONE
MC_GRAY_DROP_CENTER_01,11,3,NONE,NONE,NONE,NONE,NONE,DB_CRATER,NONE,M_SOCKET
MC_GRAY_DROP_CENTER_01,0,4,NONE,NONE,NONE,NONE,NONE,DB_CRATER,NONE,M_SOCKET
MC_GRAY_DROP_CENTER_01,1,4,NONE,NONE,NONE,NONE,NONE,DB_CRATER,NONE,NONE
MC_GRAY_DROP_CENTER_01,2,4,NONE,NONE,NONE,NONE,NONE,DB_CRATER,NONE,NONE
MC_GRAY_DROP_CENTER_01,3,4,NONE,NONE,NONE,NONE,NONE,DB_CRATER,NONE,NONE
MC_GRAY_DROP_CENTER_01,4,4,NONE,NONE,NONE,NONE,NONE,DB_CRATER,NONE,NONE
MC_GRAY_DROP_CENTER_01,5,4,NONE,NONE,NONE,NONE,NONE,DB_CRATER,NONE,M_ROUTE_MAIN
MC_GRAY_DROP_CENTER_01,6,4,NONE,NONE,NONE,NONE,NONE,DB_CRATER,NONE,M_ROUTE_MAIN
MC_GRAY_DROP_CENTER_01,7,4,NONE,NONE,NONE,NONE,NONE,DB_CRATER,NONE,M_ROUTE_MAIN
MC_GRAY_DROP_CENTER_01,8,4,NONE,NONE,NONE,NONE,NONE,DB_CRATER,NONE,NONE
MC_GRAY_DROP_CENTER_01,9,4,NONE,NONE,NONE,NONE,NONE,DB_CRATER,NONE,NONE
MC_GRAY_DROP_CENTER_01,10,4,NONE,NONE,NONE,NONE,NONE,DB_CRATER,NONE,NONE
MC_GRAY_DROP_CENTER_01,11,4,NONE,NONE,NONE,NONE,NONE,DB_CRATER,NONE,M_SOCKET
MC_GRAY_DROP_CENTER_01,0,5,NONE,NONE,NONE,NONE,NONE,DB_CRATER,NONE,NONE
MC_GRAY_DROP_CENTER_01,1,5,NONE,NONE,NONE,NONE,NONE,DB_CRATER,NONE,NONE
MC_GRAY_DROP_CENTER_01,2,5,NONE,NONE,NONE,NONE,NONE,DB_CRATER,NONE,NONE
MC_GRAY_DROP_CENTER_01,3,5,NONE,NONE,NONE,NONE,NONE,DB_CRATER,NONE,NONE
MC_GRAY_DROP_CENTER_01,4,5,NONE,NONE,NONE,NONE,NONE,DB_CRATER,NONE,NONE
MC_GRAY_DROP_CENTER_01,5,5,NONE,NONE,NONE,NONE,NONE,DB_CRATER,NONE,M_ROUTE_MAIN
MC_GRAY_DROP_CENTER_01,6,5,NONE,NONE,NONE,NONE,NONE,DB_CRATER,NONE,M_ROUTE_MAIN
MC_GRAY_DROP_CENTER_01,7,5,NONE,NONE,NONE,NONE,NONE,DB_CRATER,NONE,M_ROUTE_MAIN
MC_GRAY_DROP_CENTER_01,8,5,NONE,NONE,NONE,NONE,NONE,DB_CRATER,NONE,NONE
MC_GRAY_DROP_CENTER_01,9,5,NONE,NONE,NONE,NONE,NONE,DB_CRATER,NONE,NONE
MC_GRAY_DROP_CENTER_01,10,5,NONE,NONE,NONE,NONE,NONE,DB_CRATER,NONE,NONE
MC_GRAY_DROP_CENTER_01,11,5,NONE,NONE,NONE,NONE,NONE,DB_CRATER,NONE,NONE
MC_GRAY_DROP_CENTER_01,0,6,NONE,NONE,NONE,NONE,NONE,DB_CRATER,NONE,NONE
MC_GRAY_DROP_CENTER_01,1,6,NONE,NONE,NONE,NONE,NONE,DB_CRATER,NONE,NONE
MC_GRAY_DROP_CENTER_01,2,6,NONE,NONE,NONE,NONE,NONE,DB_CRATER,NONE,NONE
MC_GRAY_DROP_CENTER_01,3,6,NONE,NONE,NONE,NONE,NONE,DB_CRATER,NONE,NONE
MC_GRAY_DROP_CENTER_01,4,6,NONE,NONE,NONE,NONE,NONE,DB_CRATER,NONE,NONE
MC_GRAY_DROP_CENTER_01,5,6,NONE,NONE,NONE,NONE,NONE,DB_CRATER,NONE,NONE
MC_GRAY_DROP_CENTER_01,6,6,NONE,NONE,NONE,NONE,NONE,DB_CRATER,NONE,NONE
MC_GRAY_DROP_CENTER_01,7,6,NONE,NONE,NONE,NONE,NONE,DB_CRATER,NONE,NONE
MC_GRAY_DROP_CENTER_01,8,6,NONE,NONE,NONE,NONE,NONE,DB_CRATER,NONE,NONE
MC_GRAY_DROP_CENTER_01,9,6,NONE,NONE,NONE,NONE,NONE,DB_CRATER,NONE,NONE
MC_GRAY_DROP_CENTER_01,10,6,NONE,NONE,NONE,NONE,NONE,DB_CRATER,NONE,NONE
MC_GRAY_DROP_CENTER_01,11,6,NONE,NONE,NONE,NONE,NONE,DB_CRATER,NONE,NONE
MC_GRAY_DROP_CENTER_01,0,7,NONE,NONE,NONE,NONE,NONE,DB_CRATER,NONE,NONE
MC_GRAY_DROP_CENTER_01,1,7,NONE,NONE,NONE,NONE,NONE,DB_CRATER,NONE,NONE
MC_GRAY_DROP_CENTER_01,2,7,NONE,NONE,NONE,NONE,NONE,DB_CRATER,NONE,NONE
MC_GRAY_DROP_CENTER_01,3,7,NONE,NONE,NONE,NONE,NONE,DB_CRATER,NONE,NONE
MC_GRAY_DROP_CENTER_01,4,7,NONE,NONE,NONE,NONE,NONE,DB_CRATER,NONE,NONE
MC_GRAY_DROP_CENTER_01,5,7,NONE,NONE,NONE,NONE,NONE,DB_CRATER,NONE,NONE
MC_GRAY_DROP_CENTER_01,6,7,NONE,NONE,NONE,NONE,NONE,DB_CRATER,NONE,NONE
MC_GRAY_DROP_CENTER_01,7,7,NONE,NONE,NONE,NONE,NONE,DB_CRATER,NONE,NONE
MC_GRAY_DROP_CENTER_01,8,7,NONE,NONE,NONE,NONE,NONE,DB_CRATER,NONE,NONE
MC_GRAY_DROP_CENTER_01,9,7,NONE,NONE,NONE,NONE,NONE,DB_CRATER,NONE,NONE
MC_GRAY_DROP_CENTER_01,10,7,NONE,NONE,NONE,NONE,NONE,DB_CRATER,NONE,NONE
MC_GRAY_DROP_CENTER_01,11,7,NONE,NONE,NONE,NONE,NONE,DB_CRATER,NONE,NONE
MC_GRAY_ASCEND_CENTER_01,0,0,G_MOON_ROCK,NONE,NONE,NONE,NONE,DB_ROOT,NONE,NONE
MC_GRAY_ASCEND_CENTER_01,1,0,G_MOON_ROCK,NONE,NONE,NONE,NONE,DB_ROOT,NONE,NONE
MC_GRAY_ASCEND_CENTER_01,2,0,G_MOON_ROCK,NONE,NONE,NONE,NONE,DB_ROOT,NONE,NONE
MC_GRAY_ASCEND_CENTER_01,3,0,G_MOON_ROCK,NONE,NONE,NONE,NONE,DB_ROOT,NONE,NONE
MC_GRAY_ASCEND_CENTER_01,4,0,G_MOON_ROCK,NONE,NONE,NONE,NONE,DB_ROOT,NONE,NONE
MC_GRAY_ASCEND_CENTER_01,5,0,G_MOON_ROCK,NONE,NONE,NONE,NONE,DB_ROOT,NONE,NONE
MC_GRAY_ASCEND_CENTER_01,6,0,G_MOON_ROCK,NONE,NONE,NONE,NONE,DB_ROOT,NONE,NONE
MC_GRAY_ASCEND_CENTER_01,7,0,G_MOON_ROCK,NONE,NONE,NONE,NONE,DB_ROOT,NONE,NONE
MC_GRAY_ASCEND_CENTER_01,8,0,G_MOON_ROCK,NONE,NONE,NONE,NONE,DB_ROOT,NONE,NONE
MC_GRAY_ASCEND_CENTER_01,9,0,G_MOON_ROCK,NONE,NONE,NONE,NONE,DB_ROOT,NONE,NONE
MC_GRAY_ASCEND_CENTER_01,10,0,G_MOON_ROCK,NONE,NONE,NONE,NONE,DB_ROOT,NONE,NONE
MC_GRAY_ASCEND_CENTER_01,11,0,G_MOON_ROCK,NONE,NONE,NONE,NONE,DB_ROOT,NONE,NONE
MC_GRAY_ASCEND_CENTER_01,0,1,NONE,NONE,NONE,NONE,NONE,DB_ROOT,NONE,M_ROUTE_MAIN
MC_GRAY_ASCEND_CENTER_01,1,1,NONE,NONE,NONE,NONE,NONE,DB_ROOT,NONE,M_ROUTE_MAIN
MC_GRAY_ASCEND_CENTER_01,2,1,NONE,NONE,NONE,NONE,NONE,DB_ROOT,NONE,M_ROUTE_MAIN
MC_GRAY_ASCEND_CENTER_01,3,1,NONE,NONE,NONE,NONE,NONE,DB_ROOT,NONE,M_ROUTE_MAIN
MC_GRAY_ASCEND_CENTER_01,4,1,NONE,P_ONEWAY,NONE,NONE,NONE,DB_ROOT,NONE,M_ROUTE_MAIN
MC_GRAY_ASCEND_CENTER_01,5,1,NONE,NONE,NONE,NONE,NONE,DB_ROOT,NONE,M_ROUTE_MAIN
MC_GRAY_ASCEND_CENTER_01,6,1,NONE,NONE,NONE,NONE,NONE,DB_ROOT,NONE,M_ROUTE_MAIN
MC_GRAY_ASCEND_CENTER_01,7,1,NONE,NONE,NONE,NONE,NONE,DB_ROOT,NONE,M_ROUTE_MAIN
MC_GRAY_ASCEND_CENTER_01,8,1,NONE,NONE,NONE,NONE,NONE,DB_ROOT,NONE,M_ROUTE_MAIN
MC_GRAY_ASCEND_CENTER_01,9,1,NONE,NONE,NONE,NONE,NONE,DB_ROOT,NONE,M_ROUTE_MAIN
MC_GRAY_ASCEND_CENTER_01,10,1,NONE,NONE,NONE,NONE,NONE,DB_ROOT,NONE,M_ROUTE_MAIN
MC_GRAY_ASCEND_CENTER_01,11,1,NONE,NONE,NONE,NONE,NONE,DB_ROOT,NONE,M_ROUTE_MAIN
MC_GRAY_ASCEND_CENTER_01,0,2,NONE,NONE,NONE,NONE,NONE,DB_ROOT,NONE,NONE
MC_GRAY_ASCEND_CENTER_01,1,2,NONE,NONE,NONE,NONE,NONE,DB_ROOT,NONE,NONE
MC_GRAY_ASCEND_CENTER_01,2,2,NONE,NONE,NONE,NONE,NONE,DB_ROOT,NONE,NONE
MC_GRAY_ASCEND_CENTER_01,3,2,NONE,NONE,NONE,NONE,NONE,DB_ROOT,NONE,NONE
MC_GRAY_ASCEND_CENTER_01,4,2,NONE,NONE,NONE,NONE,NONE,DB_ROOT,NONE,M_ROUTE_MAIN
MC_GRAY_ASCEND_CENTER_01,5,2,NONE,P_ONEWAY,NONE,NONE,NONE,DB_ROOT,NONE,NONE
MC_GRAY_ASCEND_CENTER_01,6,2,NONE,NONE,NONE,NONE,NONE,DB_ROOT,NONE,NONE
MC_GRAY_ASCEND_CENTER_01,7,2,NONE,NONE,NONE,NONE,NONE,DB_ROOT,NONE,NONE
MC_GRAY_ASCEND_CENTER_01,8,2,NONE,NONE,NONE,NONE,NONE,DB_ROOT,NONE,NONE
MC_GRAY_ASCEND_CENTER_01,9,2,NONE,NONE,NONE,NONE,NONE,DB_ROOT,NONE,NONE
MC_GRAY_ASCEND_CENTER_01,10,2,NONE,NONE,NONE,NONE,NONE,DB_ROOT,NONE,NONE
MC_GRAY_ASCEND_CENTER_01,11,2,NONE,NONE,NONE,NONE,NONE,DB_ROOT,NONE,NONE
MC_GRAY_ASCEND_CENTER_01,0,3,NONE,NONE,NONE,NONE,NONE,DB_ROOT,NONE,M_SOCKET
MC_GRAY_ASCEND_CENTER_01,1,3,NONE,NONE,NONE,NONE,NONE,DB_ROOT,NONE,NONE
MC_GRAY_ASCEND_CENTER_01,2,3,NONE,NONE,NONE,NONE,NONE,DB_ROOT,NONE,NONE
MC_GRAY_ASCEND_CENTER_01,3,3,NONE,NONE,NONE,NONE,NONE,DB_ROOT,NONE,NONE
MC_GRAY_ASCEND_CENTER_01,4,3,NONE,NONE,NONE,NONE,NONE,DB_ROOT,NONE,NONE
MC_GRAY_ASCEND_CENTER_01,5,3,NONE,NONE,NONE,NONE,NONE,DB_ROOT,NONE,M_ROUTE_MAIN
MC_GRAY_ASCEND_CENTER_01,6,3,NONE,P_ONEWAY,NONE,NONE,NONE,DB_ROOT,NONE,NONE
MC_GRAY_ASCEND_CENTER_01,7,3,NONE,NONE,NONE,NONE,NONE,DB_ROOT,NONE,NONE
MC_GRAY_ASCEND_CENTER_01,8,3,NONE,NONE,NONE,NONE,NONE,DB_ROOT,NONE,NONE
MC_GRAY_ASCEND_CENTER_01,9,3,NONE,NONE,NONE,NONE,NONE,DB_ROOT,NONE,NONE
MC_GRAY_ASCEND_CENTER_01,10,3,NONE,NONE,NONE,NONE,NONE,DB_ROOT,NONE,NONE
MC_GRAY_ASCEND_CENTER_01,11,3,NONE,NONE,NONE,NONE,NONE,DB_ROOT,NONE,M_SOCKET
MC_GRAY_ASCEND_CENTER_01,0,4,NONE,NONE,NONE,NONE,NONE,DB_ROOT,NONE,M_SOCKET
MC_GRAY_ASCEND_CENTER_01,1,4,NONE,NONE,NONE,NONE,NONE,DB_ROOT,NONE,NONE
MC_GRAY_ASCEND_CENTER_01,2,4,NONE,NONE,NONE,NONE,NONE,DB_ROOT,NONE,NONE
MC_GRAY_ASCEND_CENTER_01,3,4,NONE,NONE,NONE,NONE,NONE,DB_ROOT,NONE,NONE
MC_GRAY_ASCEND_CENTER_01,4,4,NONE,NONE,NONE,NONE,NONE,DB_ROOT,NONE,NONE
MC_GRAY_ASCEND_CENTER_01,5,4,NONE,NONE,NONE,NONE,NONE,DB_ROOT,NONE,NONE
MC_GRAY_ASCEND_CENTER_01,6,4,NONE,NONE,NONE,NONE,NONE,DB_ROOT,NONE,M_ROUTE_MAIN
MC_GRAY_ASCEND_CENTER_01,7,4,NONE,P_ONEWAY,NONE,NONE,NONE,DB_ROOT,NONE,NONE
MC_GRAY_ASCEND_CENTER_01,8,4,NONE,NONE,NONE,NONE,NONE,DB_ROOT,NONE,NONE
MC_GRAY_ASCEND_CENTER_01,9,4,NONE,NONE,NONE,NONE,NONE,DB_ROOT,NONE,NONE
MC_GRAY_ASCEND_CENTER_01,10,4,NONE,NONE,NONE,NONE,NONE,DB_ROOT,NONE,NONE
MC_GRAY_ASCEND_CENTER_01,11,4,NONE,NONE,NONE,NONE,NONE,DB_ROOT,NONE,M_SOCKET
MC_GRAY_ASCEND_CENTER_01,0,5,NONE,NONE,NONE,NONE,NONE,DB_ROOT,NONE,NONE
MC_GRAY_ASCEND_CENTER_01,1,5,NONE,NONE,NONE,NONE,NONE,DB_ROOT,NONE,NONE
MC_GRAY_ASCEND_CENTER_01,2,5,NONE,NONE,NONE,NONE,NONE,DB_ROOT,NONE,NONE
MC_GRAY_ASCEND_CENTER_01,3,5,NONE,NONE,NONE,NONE,NONE,DB_ROOT,NONE,NONE
MC_GRAY_ASCEND_CENTER_01,4,5,NONE,NONE,NONE,NONE,NONE,DB_ROOT,NONE,NONE
MC_GRAY_ASCEND_CENTER_01,5,5,NONE,NONE,NONE,NONE,NONE,DB_ROOT,NONE,NONE
MC_GRAY_ASCEND_CENTER_01,6,5,NONE,P_ONEWAY,NONE,NONE,NONE,DB_ROOT,NONE,NONE
MC_GRAY_ASCEND_CENTER_01,7,5,NONE,NONE,NONE,NONE,NONE,DB_ROOT,NONE,M_ROUTE_MAIN
MC_GRAY_ASCEND_CENTER_01,8,5,NONE,NONE,NONE,NONE,NONE,DB_ROOT,NONE,NONE
MC_GRAY_ASCEND_CENTER_01,9,5,NONE,NONE,NONE,NONE,NONE,DB_ROOT,NONE,NONE
MC_GRAY_ASCEND_CENTER_01,10,5,NONE,NONE,NONE,NONE,NONE,DB_ROOT,NONE,NONE
MC_GRAY_ASCEND_CENTER_01,11,5,NONE,NONE,NONE,NONE,NONE,DB_ROOT,NONE,NONE
MC_GRAY_ASCEND_CENTER_01,0,6,NONE,NONE,NONE,NONE,NONE,DB_ROOT,NONE,NONE
MC_GRAY_ASCEND_CENTER_01,1,6,NONE,NONE,NONE,NONE,NONE,DB_ROOT,NONE,NONE
MC_GRAY_ASCEND_CENTER_01,2,6,NONE,NONE,NONE,NONE,NONE,DB_ROOT,NONE,NONE
MC_GRAY_ASCEND_CENTER_01,3,6,NONE,NONE,NONE,NONE,NONE,DB_ROOT,NONE,NONE
MC_GRAY_ASCEND_CENTER_01,4,6,NONE,NONE,NONE,NONE,NONE,DB_ROOT,NONE,NONE
MC_GRAY_ASCEND_CENTER_01,5,6,NONE,NONE,NONE,NONE,NONE,DB_ROOT,NONE,NONE
MC_GRAY_ASCEND_CENTER_01,6,6,NONE,P_ONEWAY,NONE,NONE,NONE,DB_ROOT,NONE,M_ROUTE_MAIN
MC_GRAY_ASCEND_CENTER_01,7,6,NONE,NONE,NONE,NONE,NONE,DB_ROOT,NONE,NONE
MC_GRAY_ASCEND_CENTER_01,8,6,NONE,NONE,NONE,NONE,NONE,DB_ROOT,NONE,NONE
MC_GRAY_ASCEND_CENTER_01,9,6,NONE,NONE,NONE,NONE,NONE,DB_ROOT,NONE,NONE
MC_GRAY_ASCEND_CENTER_01,10,6,NONE,NONE,NONE,NONE,NONE,DB_ROOT,NONE,NONE
MC_GRAY_ASCEND_CENTER_01,11,6,NONE,NONE,NONE,NONE,NONE,DB_ROOT,NONE,NONE
MC_GRAY_ASCEND_CENTER_01,0,7,NONE,NONE,NONE,NONE,NONE,DB_ROOT,NONE,NONE
MC_GRAY_ASCEND_CENTER_01,1,7,NONE,NONE,NONE,NONE,NONE,DB_ROOT,NONE,NONE
MC_GRAY_ASCEND_CENTER_01,2,7,NONE,NONE,NONE,NONE,NONE,DB_ROOT,NONE,NONE
MC_GRAY_ASCEND_CENTER_01,3,7,NONE,NONE,NONE,NONE,NONE,DB_ROOT,NONE,NONE
MC_GRAY_ASCEND_CENTER_01,4,7,NONE,NONE,NONE,NONE,NONE,DB_ROOT,NONE,NONE
MC_GRAY_ASCEND_CENTER_01,5,7,NONE,NONE,NONE,NONE,NONE,DB_ROOT,NONE,M_SOCKET
MC_GRAY_ASCEND_CENTER_01,6,7,NONE,NONE,NONE,NONE,NONE,DB_ROOT,NONE,M_SOCKET
MC_GRAY_ASCEND_CENTER_01,7,7,NONE,NONE,NONE,NONE,NONE,DB_ROOT,NONE,M_SOCKET
MC_GRAY_ASCEND_CENTER_01,8,7,NONE,NONE,NONE,NONE,NONE,DB_ROOT,NONE,NONE
MC_GRAY_ASCEND_CENTER_01,9,7,NONE,NONE,NONE,NONE,NONE,DB_ROOT,NONE,NONE
MC_GRAY_ASCEND_CENTER_01,10,7,NONE,NONE,NONE,NONE,NONE,DB_ROOT,NONE,NONE
MC_GRAY_ASCEND_CENTER_01,11,7,NONE,NONE,NONE,NONE,NONE,DB_ROOT,NONE,NONE
MC_GRAY_VERTICAL_SHAFT_01,0,0,G_STARSTONE,NONE,NONE,NONE,NONE,DB_ROOT,NONE,NONE
MC_GRAY_VERTICAL_SHAFT_01,1,0,G_STARSTONE,NONE,NONE,NONE,NONE,DB_ROOT,NONE,NONE
MC_GRAY_VERTICAL_SHAFT_01,2,0,NONE,NONE,NONE,NONE,NONE,DB_ROOT,NONE,NONE
MC_GRAY_VERTICAL_SHAFT_01,3,0,NONE,NONE,NONE,NONE,NONE,DB_ROOT,NONE,NONE
MC_GRAY_VERTICAL_SHAFT_01,4,0,NONE,NONE,NONE,NONE,NONE,DB_ROOT,NONE,NONE
MC_GRAY_VERTICAL_SHAFT_01,5,0,NONE,NONE,NONE,NONE,NONE,DB_ROOT,NONE,M_SOCKET
MC_GRAY_VERTICAL_SHAFT_01,6,0,NONE,NONE,NONE,NONE,NONE,DB_ROOT,NONE,M_ROUTE_MAIN
MC_GRAY_VERTICAL_SHAFT_01,7,0,NONE,NONE,NONE,NONE,NONE,DB_ROOT,NONE,M_SOCKET
MC_GRAY_VERTICAL_SHAFT_01,8,0,NONE,NONE,NONE,NONE,NONE,DB_ROOT,NONE,NONE
MC_GRAY_VERTICAL_SHAFT_01,9,0,NONE,NONE,NONE,NONE,NONE,DB_ROOT,NONE,NONE
MC_GRAY_VERTICAL_SHAFT_01,10,0,G_STARSTONE,NONE,NONE,NONE,NONE,DB_ROOT,NONE,NONE
MC_GRAY_VERTICAL_SHAFT_01,11,0,G_STARSTONE,NONE,NONE,NONE,NONE,DB_ROOT,NONE,NONE
MC_GRAY_VERTICAL_SHAFT_01,0,1,G_STARSTONE,NONE,NONE,NONE,NONE,DB_ROOT,NONE,NONE
MC_GRAY_VERTICAL_SHAFT_01,1,1,G_STARSTONE,NONE,NONE,NONE,NONE,DB_ROOT,NONE,NONE
MC_GRAY_VERTICAL_SHAFT_01,2,1,NONE,NONE,NONE,NONE,NONE,DB_ROOT,NONE,NONE
MC_GRAY_VERTICAL_SHAFT_01,3,1,NONE,P_ONEWAY,NONE,NONE,NONE,DB_ROOT,NONE,NONE
MC_GRAY_VERTICAL_SHAFT_01,4,1,NONE,P_ONEWAY,NONE,NONE,NONE,DB_ROOT,NONE,NONE
MC_GRAY_VERTICAL_SHAFT_01,5,1,NONE,NONE,NONE,NONE,NONE,DB_ROOT,NONE,NONE
MC_GRAY_VERTICAL_SHAFT_01,6,1,NONE,NONE,NONE,NONE,NONE,DB_ROOT,NONE,M_ROUTE_MAIN
MC_GRAY_VERTICAL_SHAFT_01,7,1,NONE,NONE,NONE,NONE,NONE,DB_ROOT,NONE,NONE
MC_GRAY_VERTICAL_SHAFT_01,8,1,NONE,NONE,NONE,NONE,NONE,DB_ROOT,NONE,NONE
MC_GRAY_VERTICAL_SHAFT_01,9,1,NONE,NONE,NONE,NONE,NONE,DB_ROOT,NONE,NONE
MC_GRAY_VERTICAL_SHAFT_01,10,1,G_STARSTONE,NONE,NONE,NONE,NONE,DB_ROOT,NONE,NONE
MC_GRAY_VERTICAL_SHAFT_01,11,1,G_STARSTONE,NONE,NONE,NONE,NONE,DB_ROOT,NONE,NONE
MC_GRAY_VERTICAL_SHAFT_01,0,2,G_STARSTONE,NONE,NONE,NONE,NONE,DB_ROOT,NONE,NONE
MC_GRAY_VERTICAL_SHAFT_01,1,2,G_STARSTONE,NONE,NONE,NONE,NONE,DB_ROOT,NONE,NONE
MC_GRAY_VERTICAL_SHAFT_01,2,2,NONE,NONE,NONE,NONE,NONE,DB_ROOT,NONE,NONE
MC_GRAY_VERTICAL_SHAFT_01,3,2,NONE,NONE,NONE,NONE,NONE,DB_ROOT,NONE,NONE
MC_GRAY_VERTICAL_SHAFT_01,4,2,NONE,NONE,NONE,NONE,NONE,DB_ROOT,NONE,NONE
MC_GRAY_VERTICAL_SHAFT_01,5,2,NONE,NONE,NONE,NONE,NONE,DB_ROOT,NONE,NONE
MC_GRAY_VERTICAL_SHAFT_01,6,2,NONE,NONE,NONE,NONE,NONE,DB_ROOT,NONE,M_ROUTE_MAIN
MC_GRAY_VERTICAL_SHAFT_01,7,2,NONE,NONE,NONE,NONE,NONE,DB_ROOT,NONE,NONE
MC_GRAY_VERTICAL_SHAFT_01,8,2,NONE,NONE,NONE,NONE,NONE,DB_ROOT,NONE,NONE
MC_GRAY_VERTICAL_SHAFT_01,9,2,NONE,NONE,NONE,NONE,NONE,DB_ROOT,NONE,NONE
MC_GRAY_VERTICAL_SHAFT_01,10,2,G_STARSTONE,NONE,NONE,NONE,NONE,DB_ROOT,NONE,NONE
MC_GRAY_VERTICAL_SHAFT_01,11,2,G_STARSTONE,NONE,NONE,NONE,NONE,DB_ROOT,NONE,NONE
MC_GRAY_VERTICAL_SHAFT_01,0,3,G_STARSTONE,NONE,NONE,NONE,NONE,DB_ROOT,NONE,NONE
MC_GRAY_VERTICAL_SHAFT_01,1,3,G_STARSTONE,NONE,NONE,NONE,NONE,DB_ROOT,NONE,NONE
MC_GRAY_VERTICAL_SHAFT_01,2,3,NONE,NONE,NONE,NONE,NONE,DB_ROOT,NONE,NONE
MC_GRAY_VERTICAL_SHAFT_01,3,3,NONE,NONE,NONE,NONE,NONE,DB_ROOT,NONE,NONE
MC_GRAY_VERTICAL_SHAFT_01,4,3,NONE,NONE,NONE,NONE,NONE,DB_ROOT,NONE,NONE
MC_GRAY_VERTICAL_SHAFT_01,5,3,NONE,NONE,NONE,NONE,NONE,DB_ROOT,NONE,NONE
MC_GRAY_VERTICAL_SHAFT_01,6,3,NONE,NONE,NONE,NONE,NONE,DB_ROOT,NONE,M_ROUTE_MAIN
MC_GRAY_VERTICAL_SHAFT_01,7,3,NONE,P_ONEWAY,NONE,NONE,NONE,DB_ROOT,NONE,NONE
MC_GRAY_VERTICAL_SHAFT_01,8,3,NONE,P_ONEWAY,NONE,NONE,NONE,DB_ROOT,NONE,NONE
MC_GRAY_VERTICAL_SHAFT_01,9,3,NONE,NONE,NONE,NONE,NONE,DB_ROOT,NONE,NONE
MC_GRAY_VERTICAL_SHAFT_01,10,3,G_STARSTONE,NONE,NONE,NONE,NONE,DB_ROOT,NONE,NONE
MC_GRAY_VERTICAL_SHAFT_01,11,3,G_STARSTONE,NONE,NONE,NONE,NONE,DB_ROOT,NONE,NONE
MC_GRAY_VERTICAL_SHAFT_01,0,4,G_STARSTONE,NONE,NONE,NONE,NONE,DB_ROOT,NONE,NONE
MC_GRAY_VERTICAL_SHAFT_01,1,4,G_STARSTONE,NONE,NONE,NONE,NONE,DB_ROOT,NONE,NONE
MC_GRAY_VERTICAL_SHAFT_01,2,4,NONE,NONE,NONE,NONE,NONE,DB_ROOT,NONE,NONE
MC_GRAY_VERTICAL_SHAFT_01,3,4,NONE,NONE,NONE,NONE,NONE,DB_ROOT,NONE,NONE
MC_GRAY_VERTICAL_SHAFT_01,4,4,NONE,NONE,NONE,NONE,NONE,DB_ROOT,NONE,NONE
MC_GRAY_VERTICAL_SHAFT_01,5,4,NONE,NONE,NONE,NONE,NONE,DB_ROOT,NONE,NONE
MC_GRAY_VERTICAL_SHAFT_01,6,4,NONE,NONE,NONE,NONE,NONE,DB_ROOT,NONE,M_ROUTE_MAIN
MC_GRAY_VERTICAL_SHAFT_01,7,4,NONE,NONE,NONE,NONE,NONE,DB_ROOT,NONE,NONE
MC_GRAY_VERTICAL_SHAFT_01,8,4,NONE,NONE,NONE,NONE,NONE,DB_ROOT,NONE,NONE
MC_GRAY_VERTICAL_SHAFT_01,9,4,NONE,NONE,NONE,NONE,NONE,DB_ROOT,NONE,NONE
MC_GRAY_VERTICAL_SHAFT_01,10,4,G_STARSTONE,NONE,NONE,NONE,NONE,DB_ROOT,NONE,NONE
MC_GRAY_VERTICAL_SHAFT_01,11,4,G_STARSTONE,NONE,NONE,NONE,NONE,DB_ROOT,NONE,NONE
MC_GRAY_VERTICAL_SHAFT_01,0,5,G_STARSTONE,NONE,NONE,NONE,NONE,DB_ROOT,NONE,NONE
MC_GRAY_VERTICAL_SHAFT_01,1,5,G_STARSTONE,NONE,NONE,NONE,NONE,DB_ROOT,NONE,NONE
MC_GRAY_VERTICAL_SHAFT_01,2,5,NONE,NONE,NONE,NONE,NONE,DB_ROOT,NONE,NONE
MC_GRAY_VERTICAL_SHAFT_01,3,5,NONE,P_ONEWAY,NONE,NONE,NONE,DB_ROOT,NONE,NONE
MC_GRAY_VERTICAL_SHAFT_01,4,5,NONE,P_ONEWAY,NONE,NONE,NONE,DB_ROOT,NONE,NONE
MC_GRAY_VERTICAL_SHAFT_01,5,5,NONE,NONE,NONE,NONE,NONE,DB_ROOT,NONE,NONE
MC_GRAY_VERTICAL_SHAFT_01,6,5,NONE,NONE,NONE,NONE,NONE,DB_ROOT,NONE,M_ROUTE_MAIN
MC_GRAY_VERTICAL_SHAFT_01,7,5,NONE,NONE,NONE,NONE,NONE,DB_ROOT,NONE,NONE
MC_GRAY_VERTICAL_SHAFT_01,8,5,NONE,NONE,NONE,NONE,NONE,DB_ROOT,NONE,NONE
MC_GRAY_VERTICAL_SHAFT_01,9,5,NONE,NONE,NONE,NONE,NONE,DB_ROOT,NONE,NONE
MC_GRAY_VERTICAL_SHAFT_01,10,5,G_STARSTONE,NONE,NONE,NONE,NONE,DB_ROOT,NONE,NONE
MC_GRAY_VERTICAL_SHAFT_01,11,5,G_STARSTONE,NONE,NONE,NONE,NONE,DB_ROOT,NONE,NONE
MC_GRAY_VERTICAL_SHAFT_01,0,6,G_STARSTONE,NONE,NONE,NONE,NONE,DB_ROOT,NONE,NONE
MC_GRAY_VERTICAL_SHAFT_01,1,6,G_STARSTONE,NONE,NONE,NONE,NONE,DB_ROOT,NONE,NONE
MC_GRAY_VERTICAL_SHAFT_01,2,6,NONE,NONE,NONE,NONE,NONE,DB_ROOT,NONE,NONE
MC_GRAY_VERTICAL_SHAFT_01,3,6,NONE,NONE,NONE,NONE,NONE,DB_ROOT,NONE,NONE
MC_GRAY_VERTICAL_SHAFT_01,4,6,NONE,NONE,NONE,NONE,NONE,DB_ROOT,NONE,NONE
MC_GRAY_VERTICAL_SHAFT_01,5,6,NONE,NONE,NONE,NONE,NONE,DB_ROOT,NONE,NONE
MC_GRAY_VERTICAL_SHAFT_01,6,6,NONE,NONE,NONE,NONE,NONE,DB_ROOT,NONE,M_ROUTE_MAIN
MC_GRAY_VERTICAL_SHAFT_01,7,6,NONE,NONE,NONE,NONE,NONE,DB_ROOT,NONE,NONE
MC_GRAY_VERTICAL_SHAFT_01,8,6,NONE,NONE,NONE,NONE,NONE,DB_ROOT,NONE,NONE
MC_GRAY_VERTICAL_SHAFT_01,9,6,NONE,NONE,NONE,NONE,NONE,DB_ROOT,NONE,NONE
MC_GRAY_VERTICAL_SHAFT_01,10,6,G_STARSTONE,NONE,NONE,NONE,NONE,DB_ROOT,NONE,NONE
MC_GRAY_VERTICAL_SHAFT_01,11,6,G_STARSTONE,NONE,NONE,NONE,NONE,DB_ROOT,NONE,NONE
MC_GRAY_VERTICAL_SHAFT_01,0,7,G_STARSTONE,NONE,NONE,NONE,NONE,DB_ROOT,NONE,NONE
MC_GRAY_VERTICAL_SHAFT_01,1,7,G_STARSTONE,NONE,NONE,NONE,NONE,DB_ROOT,NONE,NONE
MC_GRAY_VERTICAL_SHAFT_01,2,7,NONE,NONE,NONE,NONE,NONE,DB_ROOT,NONE,NONE
MC_GRAY_VERTICAL_SHAFT_01,3,7,NONE,NONE,NONE,NONE,NONE,DB_ROOT,NONE,NONE
MC_GRAY_VERTICAL_SHAFT_01,4,7,NONE,NONE,NONE,NONE,NONE,DB_ROOT,NONE,NONE
MC_GRAY_VERTICAL_SHAFT_01,5,7,NONE,NONE,NONE,NONE,NONE,DB_ROOT,NONE,M_SOCKET
MC_GRAY_VERTICAL_SHAFT_01,6,7,NONE,NONE,NONE,NONE,NONE,DB_ROOT,NONE,M_ROUTE_MAIN
MC_GRAY_VERTICAL_SHAFT_01,7,7,NONE,NONE,NONE,NONE,NONE,DB_ROOT,NONE,M_SOCKET
MC_GRAY_VERTICAL_SHAFT_01,8,7,NONE,NONE,NONE,NONE,NONE,DB_ROOT,NONE,NONE
MC_GRAY_VERTICAL_SHAFT_01,9,7,NONE,NONE,NONE,NONE,NONE,DB_ROOT,NONE,NONE
MC_GRAY_VERTICAL_SHAFT_01,10,7,G_STARSTONE,NONE,NONE,NONE,NONE,DB_ROOT,NONE,NONE
MC_GRAY_VERTICAL_SHAFT_01,11,7,G_STARSTONE,NONE,NONE,NONE,NONE,DB_ROOT,NONE,NONE
MC_GRAY_DEADEND_LEFT_01,0,0,G_MOON_ROCK,NONE,NONE,NONE,NONE,DB_CRATER,NONE,NONE
MC_GRAY_DEADEND_LEFT_01,1,0,G_MOON_ROCK,NONE,NONE,NONE,NONE,DB_CRATER,NONE,NONE
MC_GRAY_DEADEND_LEFT_01,2,0,G_MOON_ROCK,NONE,NONE,NONE,NONE,DB_CRATER,NONE,NONE
MC_GRAY_DEADEND_LEFT_01,3,0,G_MOON_ROCK,NONE,NONE,NONE,NONE,DB_CRATER,NONE,NONE
MC_GRAY_DEADEND_LEFT_01,4,0,G_MOON_ROCK,NONE,NONE,NONE,NONE,DB_CRATER,NONE,NONE
MC_GRAY_DEADEND_LEFT_01,5,0,G_MOON_ROCK,NONE,NONE,NONE,NONE,DB_CRATER,NONE,NONE
MC_GRAY_DEADEND_LEFT_01,6,0,G_MOON_ROCK,NONE,NONE,NONE,NONE,DB_CRATER,NONE,NONE
MC_GRAY_DEADEND_LEFT_01,7,0,G_MOON_ROCK,NONE,NONE,NONE,NONE,DB_CRATER,NONE,NONE
MC_GRAY_DEADEND_LEFT_01,8,0,G_MOON_ROCK,NONE,NONE,NONE,NONE,DB_CRATER,NONE,NONE
MC_GRAY_DEADEND_LEFT_01,9,0,G_MOON_ROCK,NONE,NONE,NONE,NONE,DB_CRATER,NONE,NONE
MC_GRAY_DEADEND_LEFT_01,10,0,G_MOON_ROCK,NONE,NONE,NONE,NONE,DB_CRATER,NONE,NONE
MC_GRAY_DEADEND_LEFT_01,11,0,G_MOON_ROCK,NONE,NONE,NONE,NONE,DB_CRATER,NONE,NONE
MC_GRAY_DEADEND_LEFT_01,0,1,NONE,NONE,NONE,NONE,NONE,DB_CRATER,NONE,M_ROUTE_OPTIONAL
MC_GRAY_DEADEND_LEFT_01,1,1,NONE,NONE,NONE,NONE,NONE,DB_CRATER,NONE,M_ROUTE_OPTIONAL
MC_GRAY_DEADEND_LEFT_01,2,1,NONE,NONE,NONE,NONE,NONE,DB_CRATER,NONE,M_ROUTE_OPTIONAL
MC_GRAY_DEADEND_LEFT_01,3,1,NONE,NONE,NONE,NONE,NONE,DB_CRATER,NONE,M_ROUTE_OPTIONAL
MC_GRAY_DEADEND_LEFT_01,4,1,NONE,NONE,NONE,NONE,NONE,DB_CRATER,NONE,M_ROUTE_OPTIONAL
MC_GRAY_DEADEND_LEFT_01,5,1,NONE,NONE,NONE,NONE,NONE,DB_CRATER,NONE,M_ROUTE_OPTIONAL
MC_GRAY_DEADEND_LEFT_01,6,1,NONE,NONE,NONE,NONE,NONE,DB_CRATER,NONE,M_ROUTE_OPTIONAL
MC_GRAY_DEADEND_LEFT_01,7,1,NONE,NONE,NONE,NONE,NONE,DB_CRATER,NONE,M_ROUTE_OPTIONAL
MC_GRAY_DEADEND_LEFT_01,8,1,NONE,NONE,NONE,NONE,NONE,DB_CRATER,NONE,M_SLOT_RESOURCE
MC_GRAY_DEADEND_LEFT_01,9,1,NONE,NONE,NONE,NONE,NONE,DB_CRATER,NONE,M_ROUTE_OPTIONAL
MC_GRAY_DEADEND_LEFT_01,10,1,G_STARSTONE,NONE,NONE,NONE,NONE,DB_CRATER,NONE,NONE
MC_GRAY_DEADEND_LEFT_01,11,1,G_STARSTONE,NONE,NONE,NONE,NONE,DB_CRATER,NONE,NONE
MC_GRAY_DEADEND_LEFT_01,0,2,NONE,NONE,NONE,NONE,NONE,DB_CRATER,NONE,NONE
MC_GRAY_DEADEND_LEFT_01,1,2,NONE,NONE,NONE,NONE,NONE,DB_CRATER,NONE,NONE
MC_GRAY_DEADEND_LEFT_01,2,2,NONE,NONE,NONE,NONE,NONE,DB_CRATER,NONE,NONE
MC_GRAY_DEADEND_LEFT_01,3,2,NONE,NONE,NONE,NONE,NONE,DB_CRATER,NONE,NONE
MC_GRAY_DEADEND_LEFT_01,4,2,NONE,NONE,NONE,NONE,NONE,DB_CRATER,NONE,NONE
MC_GRAY_DEADEND_LEFT_01,5,2,NONE,NONE,NONE,NONE,NONE,DB_CRATER,NONE,NONE
MC_GRAY_DEADEND_LEFT_01,6,2,NONE,NONE,NONE,NONE,NONE,DB_CRATER,NONE,NONE
MC_GRAY_DEADEND_LEFT_01,7,2,NONE,NONE,NONE,NONE,NONE,DB_CRATER,NONE,NONE
MC_GRAY_DEADEND_LEFT_01,8,2,NONE,NONE,NONE,NONE,NONE,DB_CRATER,NONE,NONE
MC_GRAY_DEADEND_LEFT_01,9,2,NONE,NONE,NONE,NONE,NONE,DB_CRATER,NONE,NONE
MC_GRAY_DEADEND_LEFT_01,10,2,G_STARSTONE,NONE,NONE,NONE,NONE,DB_CRATER,NONE,NONE
MC_GRAY_DEADEND_LEFT_01,11,2,G_STARSTONE,NONE,NONE,NONE,NONE,DB_CRATER,NONE,NONE
MC_GRAY_DEADEND_LEFT_01,0,3,NONE,NONE,NONE,NONE,NONE,DB_CRATER,NONE,M_SOCKET
MC_GRAY_DEADEND_LEFT_01,1,3,NONE,NONE,NONE,NONE,NONE,DB_CRATER,NONE,NONE
MC_GRAY_DEADEND_LEFT_01,2,3,NONE,NONE,NONE,NONE,NONE,DB_CRATER,NONE,NONE
MC_GRAY_DEADEND_LEFT_01,3,3,NONE,NONE,NONE,NONE,NONE,DB_CRATER,NONE,NONE
MC_GRAY_DEADEND_LEFT_01,4,3,NONE,NONE,NONE,NONE,NONE,DB_CRATER,NONE,NONE
MC_GRAY_DEADEND_LEFT_01,5,3,NONE,NONE,NONE,NONE,NONE,DB_CRATER,NONE,NONE
MC_GRAY_DEADEND_LEFT_01,6,3,NONE,NONE,NONE,NONE,NONE,DB_CRATER,NONE,NONE
MC_GRAY_DEADEND_LEFT_01,7,3,NONE,NONE,NONE,NONE,NONE,DB_CRATER,NONE,NONE
MC_GRAY_DEADEND_LEFT_01,8,3,NONE,NONE,NONE,NONE,NONE,DB_CRATER,NONE,NONE
MC_GRAY_DEADEND_LEFT_01,9,3,NONE,NONE,NONE,NONE,NONE,DB_CRATER,NONE,NONE
MC_GRAY_DEADEND_LEFT_01,10,3,G_STARSTONE,NONE,NONE,NONE,NONE,DB_CRATER,NONE,NONE
MC_GRAY_DEADEND_LEFT_01,11,3,G_STARSTONE,NONE,NONE,NONE,NONE,DB_CRATER,NONE,NONE
MC_GRAY_DEADEND_LEFT_01,0,4,NONE,NONE,NONE,NONE,NONE,DB_CRATER,NONE,M_SOCKET
MC_GRAY_DEADEND_LEFT_01,1,4,NONE,NONE,NONE,NONE,NONE,DB_CRATER,NONE,NONE
MC_GRAY_DEADEND_LEFT_01,2,4,NONE,NONE,NONE,NONE,NONE,DB_CRATER,NONE,NONE
MC_GRAY_DEADEND_LEFT_01,3,4,NONE,NONE,NONE,NONE,NONE,DB_CRATER,NONE,NONE
MC_GRAY_DEADEND_LEFT_01,4,4,NONE,NONE,NONE,NONE,NONE,DB_CRATER,NONE,NONE
MC_GRAY_DEADEND_LEFT_01,5,4,NONE,NONE,NONE,NONE,NONE,DB_CRATER,NONE,NONE
MC_GRAY_DEADEND_LEFT_01,6,4,NONE,NONE,NONE,NONE,NONE,DB_CRATER,NONE,NONE
MC_GRAY_DEADEND_LEFT_01,7,4,NONE,NONE,NONE,NONE,NONE,DB_CRATER,NONE,NONE
MC_GRAY_DEADEND_LEFT_01,8,4,NONE,NONE,NONE,NONE,NONE,DB_CRATER,NONE,NONE
MC_GRAY_DEADEND_LEFT_01,9,4,NONE,NONE,NONE,NONE,NONE,DB_CRATER,NONE,NONE
MC_GRAY_DEADEND_LEFT_01,10,4,G_STARSTONE,NONE,NONE,NONE,NONE,DB_CRATER,NONE,NONE
MC_GRAY_DEADEND_LEFT_01,11,4,G_STARSTONE,NONE,NONE,NONE,NONE,DB_CRATER,NONE,NONE
MC_GRAY_DEADEND_LEFT_01,0,5,NONE,NONE,NONE,NONE,NONE,DB_CRATER,NONE,NONE
MC_GRAY_DEADEND_LEFT_01,1,5,NONE,NONE,NONE,NONE,NONE,DB_CRATER,NONE,NONE
MC_GRAY_DEADEND_LEFT_01,2,5,NONE,NONE,NONE,NONE,NONE,DB_CRATER,NONE,NONE
MC_GRAY_DEADEND_LEFT_01,3,5,NONE,NONE,NONE,NONE,NONE,DB_CRATER,NONE,NONE
MC_GRAY_DEADEND_LEFT_01,4,5,NONE,NONE,NONE,NONE,NONE,DB_CRATER,NONE,NONE
MC_GRAY_DEADEND_LEFT_01,5,5,NONE,NONE,NONE,NONE,NONE,DB_CRATER,NONE,NONE
MC_GRAY_DEADEND_LEFT_01,6,5,NONE,NONE,NONE,NONE,NONE,DB_CRATER,NONE,NONE
MC_GRAY_DEADEND_LEFT_01,7,5,NONE,NONE,NONE,NONE,NONE,DB_CRATER,NONE,NONE
MC_GRAY_DEADEND_LEFT_01,8,5,NONE,NONE,NONE,NONE,NONE,DB_CRATER,NONE,NONE
MC_GRAY_DEADEND_LEFT_01,9,5,NONE,NONE,NONE,NONE,NONE,DB_CRATER,NONE,NONE
MC_GRAY_DEADEND_LEFT_01,10,5,G_STARSTONE,NONE,NONE,NONE,NONE,DB_CRATER,NONE,NONE
MC_GRAY_DEADEND_LEFT_01,11,5,G_STARSTONE,NONE,NONE,NONE,NONE,DB_CRATER,NONE,NONE
MC_GRAY_DEADEND_LEFT_01,0,6,NONE,NONE,NONE,NONE,NONE,DB_CRATER,NONE,NONE
MC_GRAY_DEADEND_LEFT_01,1,6,NONE,NONE,NONE,NONE,NONE,DB_CRATER,NONE,NONE
MC_GRAY_DEADEND_LEFT_01,2,6,NONE,NONE,NONE,NONE,NONE,DB_CRATER,NONE,NONE
MC_GRAY_DEADEND_LEFT_01,3,6,NONE,NONE,NONE,NONE,NONE,DB_CRATER,NONE,NONE
MC_GRAY_DEADEND_LEFT_01,4,6,NONE,NONE,NONE,NONE,NONE,DB_CRATER,NONE,NONE
MC_GRAY_DEADEND_LEFT_01,5,6,NONE,NONE,NONE,NONE,NONE,DB_CRATER,NONE,NONE
MC_GRAY_DEADEND_LEFT_01,6,6,NONE,NONE,NONE,NONE,NONE,DB_CRATER,NONE,NONE
MC_GRAY_DEADEND_LEFT_01,7,6,NONE,NONE,NONE,NONE,NONE,DB_CRATER,NONE,NONE
MC_GRAY_DEADEND_LEFT_01,8,6,NONE,NONE,NONE,NONE,NONE,DB_CRATER,NONE,NONE
MC_GRAY_DEADEND_LEFT_01,9,6,NONE,NONE,NONE,NONE,NONE,DB_CRATER,NONE,NONE
MC_GRAY_DEADEND_LEFT_01,10,6,G_STARSTONE,NONE,NONE,NONE,NONE,DB_CRATER,NONE,NONE
MC_GRAY_DEADEND_LEFT_01,11,6,G_STARSTONE,NONE,NONE,NONE,NONE,DB_CRATER,NONE,NONE
MC_GRAY_DEADEND_LEFT_01,0,7,NONE,NONE,NONE,NONE,NONE,DB_CRATER,NONE,NONE
MC_GRAY_DEADEND_LEFT_01,1,7,NONE,NONE,NONE,NONE,NONE,DB_CRATER,NONE,NONE
MC_GRAY_DEADEND_LEFT_01,2,7,NONE,NONE,NONE,NONE,NONE,DB_CRATER,NONE,NONE
MC_GRAY_DEADEND_LEFT_01,3,7,NONE,NONE,NONE,NONE,NONE,DB_CRATER,NONE,NONE
MC_GRAY_DEADEND_LEFT_01,4,7,NONE,NONE,NONE,NONE,NONE,DB_CRATER,NONE,NONE
MC_GRAY_DEADEND_LEFT_01,5,7,NONE,NONE,NONE,NONE,NONE,DB_CRATER,NONE,NONE
MC_GRAY_DEADEND_LEFT_01,6,7,NONE,NONE,NONE,NONE,NONE,DB_CRATER,NONE,NONE
MC_GRAY_DEADEND_LEFT_01,7,7,NONE,NONE,NONE,NONE,NONE,DB_CRATER,NONE,NONE
MC_GRAY_DEADEND_LEFT_01,8,7,NONE,NONE,NONE,NONE,NONE,DB_CRATER,NONE,NONE
MC_GRAY_DEADEND_LEFT_01,9,7,NONE,NONE,NONE,NONE,NONE,DB_CRATER,NONE,NONE
MC_GRAY_DEADEND_LEFT_01,10,7,G_STARSTONE,NONE,NONE,NONE,NONE,DB_CRATER,NONE,NONE
MC_GRAY_DEADEND_LEFT_01,11,7,G_STARSTONE,NONE,NONE,NONE,NONE,DB_CRATER,NONE,NONE
MC_FILL_SOLID_01,0,0,G_STARSTONE,NONE,NONE,NONE,NONE,NONE,NONE,NONE
MC_FILL_SOLID_01,1,0,G_STARSTONE,NONE,NONE,NONE,NONE,NONE,NONE,NONE
MC_FILL_SOLID_01,2,0,G_STARSTONE,NONE,NONE,NONE,NONE,NONE,NONE,NONE
MC_FILL_SOLID_01,3,0,G_STARSTONE,NONE,NONE,NONE,NONE,NONE,NONE,NONE
MC_FILL_SOLID_01,4,0,G_STARSTONE,NONE,NONE,NONE,NONE,NONE,NONE,NONE
MC_FILL_SOLID_01,5,0,G_STARSTONE,NONE,NONE,NONE,NONE,NONE,NONE,NONE
MC_FILL_SOLID_01,6,0,G_STARSTONE,NONE,NONE,NONE,NONE,NONE,NONE,NONE
MC_FILL_SOLID_01,7,0,G_STARSTONE,NONE,NONE,NONE,NONE,NONE,NONE,NONE
MC_FILL_SOLID_01,8,0,G_STARSTONE,NONE,NONE,NONE,NONE,NONE,NONE,NONE
MC_FILL_SOLID_01,9,0,G_STARSTONE,NONE,NONE,NONE,NONE,NONE,NONE,NONE
MC_FILL_SOLID_01,10,0,G_STARSTONE,NONE,NONE,NONE,NONE,NONE,NONE,NONE
MC_FILL_SOLID_01,11,0,G_STARSTONE,NONE,NONE,NONE,NONE,NONE,NONE,NONE
MC_FILL_SOLID_01,0,1,G_STARSTONE,NONE,NONE,NONE,NONE,NONE,NONE,NONE
MC_FILL_SOLID_01,1,1,G_STARSTONE,NONE,NONE,NONE,NONE,NONE,NONE,NONE
MC_FILL_SOLID_01,2,1,G_STARSTONE,NONE,NONE,NONE,NONE,NONE,NONE,NONE
MC_FILL_SOLID_01,3,1,G_STARSTONE,NONE,NONE,NONE,NONE,NONE,NONE,NONE
MC_FILL_SOLID_01,4,1,G_STARSTONE,NONE,NONE,NONE,NONE,NONE,NONE,NONE
MC_FILL_SOLID_01,5,1,G_STARSTONE,NONE,NONE,NONE,NONE,NONE,NONE,NONE
MC_FILL_SOLID_01,6,1,G_STARSTONE,NONE,NONE,NONE,NONE,NONE,NONE,NONE
MC_FILL_SOLID_01,7,1,G_STARSTONE,NONE,NONE,NONE,NONE,NONE,NONE,NONE
MC_FILL_SOLID_01,8,1,G_STARSTONE,NONE,NONE,NONE,NONE,NONE,NONE,NONE
MC_FILL_SOLID_01,9,1,G_STARSTONE,NONE,NONE,NONE,NONE,NONE,NONE,NONE
MC_FILL_SOLID_01,10,1,G_STARSTONE,NONE,NONE,NONE,NONE,NONE,NONE,NONE
MC_FILL_SOLID_01,11,1,G_STARSTONE,NONE,NONE,NONE,NONE,NONE,NONE,NONE
MC_FILL_SOLID_01,0,2,G_STARSTONE,NONE,NONE,NONE,NONE,NONE,NONE,NONE
MC_FILL_SOLID_01,1,2,G_STARSTONE,NONE,NONE,NONE,NONE,NONE,NONE,NONE
MC_FILL_SOLID_01,2,2,G_STARSTONE,NONE,NONE,NONE,NONE,NONE,NONE,NONE
MC_FILL_SOLID_01,3,2,G_STARSTONE,NONE,NONE,NONE,NONE,NONE,NONE,NONE
MC_FILL_SOLID_01,4,2,G_STARSTONE,NONE,NONE,NONE,NONE,NONE,NONE,NONE
MC_FILL_SOLID_01,5,2,G_STARSTONE,NONE,NONE,NONE,NONE,NONE,NONE,NONE
MC_FILL_SOLID_01,6,2,G_STARSTONE,NONE,NONE,NONE,NONE,NONE,NONE,NONE
MC_FILL_SOLID_01,7,2,G_STARSTONE,NONE,NONE,NONE,NONE,NONE,NONE,NONE
MC_FILL_SOLID_01,8,2,G_STARSTONE,NONE,NONE,NONE,NONE,NONE,NONE,NONE
MC_FILL_SOLID_01,9,2,G_STARSTONE,NONE,NONE,NONE,NONE,NONE,NONE,NONE
MC_FILL_SOLID_01,10,2,G_STARSTONE,NONE,NONE,NONE,NONE,NONE,NONE,NONE
MC_FILL_SOLID_01,11,2,G_STARSTONE,NONE,NONE,NONE,NONE,NONE,NONE,NONE
MC_FILL_SOLID_01,0,3,G_STARSTONE,NONE,NONE,NONE,NONE,NONE,NONE,NONE
MC_FILL_SOLID_01,1,3,G_STARSTONE,NONE,NONE,NONE,NONE,NONE,NONE,NONE
MC_FILL_SOLID_01,2,3,G_STARSTONE,NONE,NONE,NONE,NONE,NONE,NONE,NONE
MC_FILL_SOLID_01,3,3,G_STARSTONE,NONE,NONE,NONE,NONE,NONE,NONE,NONE
MC_FILL_SOLID_01,4,3,G_STARSTONE,NONE,NONE,NONE,NONE,NONE,NONE,NONE
MC_FILL_SOLID_01,5,3,G_STARSTONE,NONE,NONE,NONE,NONE,NONE,NONE,NONE
MC_FILL_SOLID_01,6,3,G_STARSTONE,NONE,NONE,NONE,NONE,NONE,NONE,NONE
MC_FILL_SOLID_01,7,3,G_STARSTONE,NONE,NONE,NONE,NONE,NONE,NONE,NONE
MC_FILL_SOLID_01,8,3,G_STARSTONE,NONE,NONE,NONE,NONE,NONE,NONE,NONE
MC_FILL_SOLID_01,9,3,G_STARSTONE,NONE,NONE,NONE,NONE,NONE,NONE,NONE
MC_FILL_SOLID_01,10,3,G_STARSTONE,NONE,NONE,NONE,NONE,NONE,NONE,NONE
MC_FILL_SOLID_01,11,3,G_STARSTONE,NONE,NONE,NONE,NONE,NONE,NONE,NONE
MC_FILL_SOLID_01,0,4,G_STARSTONE,NONE,NONE,NONE,NONE,NONE,NONE,NONE
MC_FILL_SOLID_01,1,4,G_STARSTONE,NONE,NONE,NONE,NONE,NONE,NONE,NONE
MC_FILL_SOLID_01,2,4,G_STARSTONE,NONE,NONE,NONE,NONE,NONE,NONE,NONE
MC_FILL_SOLID_01,3,4,G_STARSTONE,NONE,NONE,NONE,NONE,NONE,NONE,NONE
MC_FILL_SOLID_01,4,4,G_STARSTONE,NONE,NONE,NONE,NONE,NONE,NONE,NONE
MC_FILL_SOLID_01,5,4,G_STARSTONE,NONE,NONE,NONE,NONE,NONE,NONE,NONE
MC_FILL_SOLID_01,6,4,G_STARSTONE,NONE,NONE,NONE,NONE,NONE,NONE,NONE
MC_FILL_SOLID_01,7,4,G_STARSTONE,NONE,NONE,NONE,NONE,NONE,NONE,NONE
MC_FILL_SOLID_01,8,4,G_STARSTONE,NONE,NONE,NONE,NONE,NONE,NONE,NONE
MC_FILL_SOLID_01,9,4,G_STARSTONE,NONE,NONE,NONE,NONE,NONE,NONE,NONE
MC_FILL_SOLID_01,10,4,G_STARSTONE,NONE,NONE,NONE,NONE,NONE,NONE,NONE
MC_FILL_SOLID_01,11,4,G_STARSTONE,NONE,NONE,NONE,NONE,NONE,NONE,NONE
MC_FILL_SOLID_01,0,5,G_STARSTONE,NONE,NONE,NONE,NONE,NONE,NONE,NONE
MC_FILL_SOLID_01,1,5,G_STARSTONE,NONE,NONE,NONE,NONE,NONE,NONE,NONE
MC_FILL_SOLID_01,2,5,G_STARSTONE,NONE,NONE,NONE,NONE,NONE,NONE,NONE
MC_FILL_SOLID_01,3,5,G_STARSTONE,NONE,NONE,NONE,NONE,NONE,NONE,NONE
MC_FILL_SOLID_01,4,5,G_STARSTONE,NONE,NONE,NONE,NONE,NONE,NONE,NONE
MC_FILL_SOLID_01,5,5,G_STARSTONE,NONE,NONE,NONE,NONE,NONE,NONE,NONE
MC_FILL_SOLID_01,6,5,G_STARSTONE,NONE,NONE,NONE,NONE,NONE,NONE,NONE
MC_FILL_SOLID_01,7,5,G_STARSTONE,NONE,NONE,NONE,NONE,NONE,NONE,NONE
MC_FILL_SOLID_01,8,5,G_STARSTONE,NONE,NONE,NONE,NONE,NONE,NONE,NONE
MC_FILL_SOLID_01,9,5,G_STARSTONE,NONE,NONE,NONE,NONE,NONE,NONE,NONE
MC_FILL_SOLID_01,10,5,G_STARSTONE,NONE,NONE,NONE,NONE,NONE,NONE,NONE
MC_FILL_SOLID_01,11,5,G_STARSTONE,NONE,NONE,NONE,NONE,NONE,NONE,NONE
MC_FILL_SOLID_01,0,6,G_STARSTONE,NONE,NONE,NONE,NONE,NONE,NONE,NONE
MC_FILL_SOLID_01,1,6,G_STARSTONE,NONE,NONE,NONE,NONE,NONE,NONE,NONE
MC_FILL_SOLID_01,2,6,G_STARSTONE,NONE,NONE,NONE,NONE,NONE,NONE,NONE
MC_FILL_SOLID_01,3,6,G_STARSTONE,NONE,NONE,NONE,NONE,NONE,NONE,NONE
MC_FILL_SOLID_01,4,6,G_STARSTONE,NONE,NONE,NONE,NONE,NONE,NONE,NONE
MC_FILL_SOLID_01,5,6,G_STARSTONE,NONE,NONE,NONE,NONE,NONE,NONE,NONE
MC_FILL_SOLID_01,6,6,G_STARSTONE,NONE,NONE,NONE,NONE,NONE,NONE,NONE
MC_FILL_SOLID_01,7,6,G_STARSTONE,NONE,NONE,NONE,NONE,NONE,NONE,NONE
MC_FILL_SOLID_01,8,6,G_STARSTONE,NONE,NONE,NONE,NONE,NONE,NONE,NONE
MC_FILL_SOLID_01,9,6,G_STARSTONE,NONE,NONE,NONE,NONE,NONE,NONE,NONE
MC_FILL_SOLID_01,10,6,G_STARSTONE,NONE,NONE,NONE,NONE,NONE,NONE,NONE
MC_FILL_SOLID_01,11,6,G_STARSTONE,NONE,NONE,NONE,NONE,NONE,NONE,NONE
MC_FILL_SOLID_01,0,7,G_STARSTONE,NONE,NONE,NONE,NONE,NONE,NONE,NONE
MC_FILL_SOLID_01,1,7,G_STARSTONE,NONE,NONE,NONE,NONE,NONE,NONE,NONE
MC_FILL_SOLID_01,2,7,G_STARSTONE,NONE,NONE,NONE,NONE,NONE,NONE,NONE
MC_FILL_SOLID_01,3,7,G_STARSTONE,NONE,NONE,NONE,NONE,NONE,NONE,NONE
MC_FILL_SOLID_01,4,7,G_STARSTONE,NONE,NONE,NONE,NONE,NONE,NONE,NONE
MC_FILL_SOLID_01,5,7,G_STARSTONE,NONE,NONE,NONE,NONE,NONE,NONE,NONE
MC_FILL_SOLID_01,6,7,G_STARSTONE,NONE,NONE,NONE,NONE,NONE,NONE,NONE
MC_FILL_SOLID_01,7,7,G_STARSTONE,NONE,NONE,NONE,NONE,NONE,NONE,NONE
MC_FILL_SOLID_01,8,7,G_STARSTONE,NONE,NONE,NONE,NONE,NONE,NONE,NONE
MC_FILL_SOLID_01,9,7,G_STARSTONE,NONE,NONE,NONE,NONE,NONE,NONE,NONE
MC_FILL_SOLID_01,10,7,G_STARSTONE,NONE,NONE,NONE,NONE,NONE,NONE,NONE
MC_FILL_SOLID_01,11,7,G_STARSTONE,NONE,NONE,NONE,NONE,NONE,NONE,NONE
MC_FILL_CAVITY_01,0,0,G_STARSTONE,NONE,NONE,NONE,NONE,DB_DOUGH,NONE,NONE
MC_FILL_CAVITY_01,1,0,G_STARSTONE,NONE,NONE,NONE,NONE,DB_DOUGH,NONE,NONE
MC_FILL_CAVITY_01,2,0,G_STARSTONE,NONE,NONE,NONE,NONE,DB_DOUGH,NONE,NONE
MC_FILL_CAVITY_01,3,0,G_STARSTONE,NONE,NONE,NONE,NONE,DB_DOUGH,NONE,NONE
MC_FILL_CAVITY_01,4,0,G_STARSTONE,NONE,NONE,NONE,NONE,DB_DOUGH,NONE,NONE
MC_FILL_CAVITY_01,5,0,G_STARSTONE,NONE,NONE,NONE,NONE,DB_DOUGH,NONE,NONE
MC_FILL_CAVITY_01,6,0,G_STARSTONE,NONE,NONE,NONE,NONE,DB_DOUGH,NONE,NONE
MC_FILL_CAVITY_01,7,0,G_STARSTONE,NONE,NONE,NONE,NONE,DB_DOUGH,NONE,NONE
MC_FILL_CAVITY_01,8,0,G_STARSTONE,NONE,NONE,NONE,NONE,DB_DOUGH,NONE,NONE
MC_FILL_CAVITY_01,9,0,G_STARSTONE,NONE,NONE,NONE,NONE,DB_DOUGH,NONE,NONE
MC_FILL_CAVITY_01,10,0,G_STARSTONE,NONE,NONE,NONE,NONE,DB_DOUGH,NONE,NONE
MC_FILL_CAVITY_01,11,0,G_STARSTONE,NONE,NONE,NONE,NONE,DB_DOUGH,NONE,NONE
MC_FILL_CAVITY_01,0,1,G_STARSTONE,NONE,NONE,NONE,NONE,DB_DOUGH,NONE,NONE
MC_FILL_CAVITY_01,1,1,NONE,NONE,NONE,NONE,NONE,DB_DOUGH,NONE,NONE
MC_FILL_CAVITY_01,2,1,NONE,NONE,NONE,NONE,NONE,DB_DOUGH,NONE,NONE
MC_FILL_CAVITY_01,3,1,NONE,NONE,NONE,NONE,NONE,DB_DOUGH,NONE,NONE
MC_FILL_CAVITY_01,4,1,NONE,NONE,NONE,NONE,NONE,DB_DOUGH,NONE,NONE
MC_FILL_CAVITY_01,5,1,NONE,NONE,NONE,NONE,NONE,DB_DOUGH,NONE,NONE
MC_FILL_CAVITY_01,6,1,NONE,NONE,NONE,NONE,NONE,DB_DOUGH,NONE,M_NO_SPAWN
MC_FILL_CAVITY_01,7,1,NONE,NONE,NONE,NONE,NONE,DB_DOUGH,NONE,NONE
MC_FILL_CAVITY_01,8,1,NONE,NONE,NONE,NONE,NONE,DB_DOUGH,NONE,NONE
MC_FILL_CAVITY_01,9,1,NONE,NONE,NONE,NONE,NONE,DB_DOUGH,NONE,NONE
MC_FILL_CAVITY_01,10,1,NONE,NONE,NONE,NONE,NONE,DB_DOUGH,NONE,NONE
MC_FILL_CAVITY_01,11,1,G_STARSTONE,NONE,NONE,NONE,NONE,DB_DOUGH,NONE,NONE
MC_FILL_CAVITY_01,0,2,G_STARSTONE,NONE,NONE,NONE,NONE,DB_DOUGH,NONE,NONE
MC_FILL_CAVITY_01,1,2,NONE,NONE,NONE,NONE,NONE,DB_DOUGH,NONE,NONE
MC_FILL_CAVITY_01,2,2,NONE,NONE,NONE,NONE,NONE,DB_DOUGH,NONE,NONE
MC_FILL_CAVITY_01,3,2,NONE,NONE,NONE,NONE,NONE,DB_DOUGH,NONE,NONE
MC_FILL_CAVITY_01,4,2,NONE,NONE,NONE,NONE,NONE,DB_DOUGH,NONE,NONE
MC_FILL_CAVITY_01,5,2,NONE,NONE,NONE,NONE,NONE,DB_DOUGH,NONE,NONE
MC_FILL_CAVITY_01,6,2,NONE,NONE,NONE,NONE,NONE,DB_DOUGH,NONE,NONE
MC_FILL_CAVITY_01,7,2,NONE,NONE,NONE,NONE,NONE,DB_DOUGH,NONE,NONE
MC_FILL_CAVITY_01,8,2,NONE,NONE,NONE,NONE,NONE,DB_DOUGH,NONE,NONE
MC_FILL_CAVITY_01,9,2,NONE,NONE,NONE,NONE,NONE,DB_DOUGH,NONE,NONE
MC_FILL_CAVITY_01,10,2,NONE,NONE,NONE,NONE,NONE,DB_DOUGH,NONE,NONE
MC_FILL_CAVITY_01,11,2,G_STARSTONE,NONE,NONE,NONE,NONE,DB_DOUGH,NONE,NONE
MC_FILL_CAVITY_01,0,3,G_STARSTONE,NONE,NONE,NONE,NONE,DB_DOUGH,NONE,NONE
MC_FILL_CAVITY_01,1,3,NONE,NONE,NONE,NONE,NONE,DB_DOUGH,NONE,NONE
MC_FILL_CAVITY_01,2,3,NONE,NONE,NONE,NONE,NONE,DB_DOUGH,NONE,NONE
MC_FILL_CAVITY_01,3,3,NONE,NONE,NONE,NONE,NONE,DB_DOUGH,NONE,NONE
MC_FILL_CAVITY_01,4,3,NONE,NONE,NONE,NONE,NONE,DB_DOUGH,NONE,NONE
MC_FILL_CAVITY_01,5,3,NONE,NONE,NONE,NONE,NONE,DB_DOUGH,NONE,NONE
MC_FILL_CAVITY_01,6,3,NONE,NONE,NONE,NONE,NONE,DB_DOUGH,NONE,NONE
MC_FILL_CAVITY_01,7,3,NONE,NONE,NONE,NONE,NONE,DB_DOUGH,NONE,NONE
MC_FILL_CAVITY_01,8,3,NONE,NONE,NONE,NONE,NONE,DB_DOUGH,NONE,NONE
MC_FILL_CAVITY_01,9,3,NONE,NONE,NONE,NONE,NONE,DB_DOUGH,NONE,NONE
MC_FILL_CAVITY_01,10,3,NONE,NONE,NONE,NONE,NONE,DB_DOUGH,NONE,NONE
MC_FILL_CAVITY_01,11,3,G_STARSTONE,NONE,NONE,NONE,NONE,DB_DOUGH,NONE,NONE
MC_FILL_CAVITY_01,0,4,G_STARSTONE,NONE,NONE,NONE,NONE,DB_DOUGH,NONE,NONE
MC_FILL_CAVITY_01,1,4,NONE,NONE,NONE,NONE,NONE,DB_DOUGH,NONE,NONE
MC_FILL_CAVITY_01,2,4,NONE,NONE,NONE,NONE,NONE,DB_DOUGH,NONE,NONE
MC_FILL_CAVITY_01,3,4,NONE,NONE,NONE,NONE,NONE,DB_DOUGH,NONE,NONE
MC_FILL_CAVITY_01,4,4,NONE,NONE,NONE,NONE,NONE,DB_DOUGH,NONE,NONE
MC_FILL_CAVITY_01,5,4,NONE,NONE,NONE,NONE,NONE,DB_DOUGH,NONE,NONE
MC_FILL_CAVITY_01,6,4,NONE,NONE,NONE,NONE,NONE,DB_DOUGH,NONE,NONE
MC_FILL_CAVITY_01,7,4,NONE,NONE,NONE,NONE,NONE,DB_DOUGH,NONE,NONE
MC_FILL_CAVITY_01,8,4,NONE,NONE,NONE,NONE,NONE,DB_DOUGH,NONE,NONE
MC_FILL_CAVITY_01,9,4,NONE,NONE,NONE,NONE,NONE,DB_DOUGH,NONE,NONE
MC_FILL_CAVITY_01,10,4,NONE,NONE,NONE,NONE,NONE,DB_DOUGH,NONE,NONE
MC_FILL_CAVITY_01,11,4,G_STARSTONE,NONE,NONE,NONE,NONE,DB_DOUGH,NONE,NONE
MC_FILL_CAVITY_01,0,5,G_STARSTONE,NONE,NONE,NONE,NONE,DB_DOUGH,NONE,NONE
MC_FILL_CAVITY_01,1,5,NONE,NONE,NONE,NONE,NONE,DB_DOUGH,NONE,NONE
MC_FILL_CAVITY_01,2,5,NONE,NONE,NONE,NONE,NONE,DB_DOUGH,NONE,NONE
MC_FILL_CAVITY_01,3,5,NONE,NONE,NONE,NONE,NONE,DB_DOUGH,NONE,NONE
MC_FILL_CAVITY_01,4,5,NONE,NONE,NONE,NONE,NONE,DB_DOUGH,NONE,NONE
MC_FILL_CAVITY_01,5,5,NONE,NONE,NONE,NONE,NONE,DB_DOUGH,NONE,NONE
MC_FILL_CAVITY_01,6,5,NONE,NONE,NONE,NONE,NONE,DB_DOUGH,NONE,NONE
MC_FILL_CAVITY_01,7,5,NONE,NONE,NONE,NONE,NONE,DB_DOUGH,NONE,NONE
MC_FILL_CAVITY_01,8,5,NONE,NONE,NONE,NONE,NONE,DB_DOUGH,NONE,NONE
MC_FILL_CAVITY_01,9,5,NONE,NONE,NONE,NONE,NONE,DB_DOUGH,NONE,NONE
MC_FILL_CAVITY_01,10,5,NONE,NONE,NONE,NONE,NONE,DB_DOUGH,NONE,NONE
MC_FILL_CAVITY_01,11,5,G_STARSTONE,NONE,NONE,NONE,NONE,DB_DOUGH,NONE,NONE
MC_FILL_CAVITY_01,0,6,G_STARSTONE,NONE,NONE,NONE,NONE,DB_DOUGH,NONE,NONE
MC_FILL_CAVITY_01,1,6,NONE,NONE,NONE,NONE,NONE,DB_DOUGH,NONE,NONE
MC_FILL_CAVITY_01,2,6,NONE,NONE,NONE,NONE,NONE,DB_DOUGH,NONE,NONE
MC_FILL_CAVITY_01,3,6,NONE,NONE,NONE,NONE,NONE,DB_DOUGH,NONE,NONE
MC_FILL_CAVITY_01,4,6,NONE,NONE,NONE,NONE,NONE,DB_DOUGH,NONE,NONE
MC_FILL_CAVITY_01,5,6,NONE,NONE,NONE,NONE,NONE,DB_DOUGH,NONE,NONE
MC_FILL_CAVITY_01,6,6,NONE,NONE,NONE,NONE,NONE,DB_DOUGH,NONE,NONE
MC_FILL_CAVITY_01,7,6,NONE,NONE,NONE,NONE,NONE,DB_DOUGH,NONE,NONE
MC_FILL_CAVITY_01,8,6,NONE,NONE,NONE,NONE,NONE,DB_DOUGH,NONE,NONE
MC_FILL_CAVITY_01,9,6,NONE,NONE,NONE,NONE,NONE,DB_DOUGH,NONE,NONE
MC_FILL_CAVITY_01,10,6,NONE,NONE,NONE,NONE,NONE,DB_DOUGH,NONE,NONE
MC_FILL_CAVITY_01,11,6,G_STARSTONE,NONE,NONE,NONE,NONE,DB_DOUGH,NONE,NONE
MC_FILL_CAVITY_01,0,7,G_STARSTONE,NONE,NONE,NONE,NONE,DB_DOUGH,NONE,NONE
MC_FILL_CAVITY_01,1,7,G_STARSTONE,NONE,NONE,NONE,NONE,DB_DOUGH,NONE,NONE
MC_FILL_CAVITY_01,2,7,G_STARSTONE,NONE,NONE,NONE,NONE,DB_DOUGH,NONE,NONE
MC_FILL_CAVITY_01,3,7,G_STARSTONE,NONE,NONE,NONE,NONE,DB_DOUGH,NONE,NONE
MC_FILL_CAVITY_01,4,7,G_STARSTONE,NONE,NONE,NONE,NONE,DB_DOUGH,NONE,NONE
MC_FILL_CAVITY_01,5,7,G_STARSTONE,NONE,NONE,NONE,NONE,DB_DOUGH,NONE,NONE
MC_FILL_CAVITY_01,6,7,G_STARSTONE,NONE,NONE,NONE,NONE,DB_DOUGH,NONE,NONE
MC_FILL_CAVITY_01,7,7,G_STARSTONE,NONE,NONE,NONE,NONE,DB_DOUGH,NONE,NONE
MC_FILL_CAVITY_01,8,7,G_STARSTONE,NONE,NONE,NONE,NONE,DB_DOUGH,NONE,NONE
MC_FILL_CAVITY_01,9,7,G_STARSTONE,NONE,NONE,NONE,NONE,DB_DOUGH,NONE,NONE
MC_FILL_CAVITY_01,10,7,G_STARSTONE,NONE,NONE,NONE,NONE,DB_DOUGH,NONE,NONE
MC_FILL_CAVITY_01,11,7,G_STARSTONE,NONE,NONE,NONE,NONE,DB_DOUGH,NONE,NONE
MC_BOUND_CRATER_ROOT_H_01,0,0,G_MOON_ROCK,NONE,NONE,NONE,NONE,DB_CRATER,NONE,NONE
MC_BOUND_CRATER_ROOT_H_01,1,0,G_MOON_ROCK,NONE,NONE,NONE,NONE,DB_CRATER,NONE,NONE
MC_BOUND_CRATER_ROOT_H_01,2,0,G_MOON_ROCK,NONE,NONE,NONE,NONE,DB_CRATER,NONE,NONE
MC_BOUND_CRATER_ROOT_H_01,3,0,G_MOON_ROCK,NONE,NONE,NONE,NONE,DB_CRATER,NONE,NONE
MC_BOUND_CRATER_ROOT_H_01,4,0,G_MOON_ROCK,NONE,NONE,NONE,NONE,DB_CRATER,NONE,NONE
MC_BOUND_CRATER_ROOT_H_01,5,0,G_MOON_ROCK,NONE,NONE,NONE,NONE,DB_CRATER,NONE,NONE
MC_BOUND_CRATER_ROOT_H_01,6,0,G_CASSIA_WOOD,NONE,NONE,NONE,NONE,DB_CRATER,NONE,NONE
MC_BOUND_CRATER_ROOT_H_01,7,0,G_CASSIA_WOOD,NONE,NONE,NONE,NONE,DB_CRATER,NONE,NONE
MC_BOUND_CRATER_ROOT_H_01,8,0,G_CASSIA_WOOD,NONE,NONE,NONE,NONE,DB_CRATER,NONE,NONE
MC_BOUND_CRATER_ROOT_H_01,9,0,G_CASSIA_WOOD,NONE,NONE,NONE,NONE,DB_CRATER,NONE,NONE
MC_BOUND_CRATER_ROOT_H_01,10,0,G_CASSIA_WOOD,NONE,NONE,NONE,NONE,DB_CRATER,NONE,NONE
MC_BOUND_CRATER_ROOT_H_01,11,0,G_CASSIA_WOOD,NONE,NONE,NONE,NONE,DB_CRATER,NONE,NONE
MC_BOUND_CRATER_ROOT_H_01,0,1,NONE,NONE,NONE,NONE,NONE,DB_CRATER,NONE,M_ROUTE_MAIN
MC_BOUND_CRATER_ROOT_H_01,1,1,NONE,NONE,NONE,NONE,NONE,DB_CRATER,NONE,M_ROUTE_MAIN
MC_BOUND_CRATER_ROOT_H_01,2,1,NONE,NONE,NONE,NONE,NONE,DB_CRATER,NONE,M_ROUTE_MAIN
MC_BOUND_CRATER_ROOT_H_01,3,1,NONE,NONE,NONE,NONE,NONE,DB_CRATER,NONE,M_ROUTE_MAIN
MC_BOUND_CRATER_ROOT_H_01,4,1,NONE,NONE,NONE,NONE,NONE,DB_CRATER,NONE,M_ROUTE_MAIN
MC_BOUND_CRATER_ROOT_H_01,5,1,NONE,NONE,NONE,NONE,NONE,DB_ROOT,NONE,M_ROUTE_MAIN
MC_BOUND_CRATER_ROOT_H_01,6,1,NONE,NONE,NONE,NONE,NONE,DB_ROOT,NONE,M_ROUTE_MAIN
MC_BOUND_CRATER_ROOT_H_01,7,1,NONE,NONE,NONE,NONE,NONE,DB_ROOT,NONE,M_ROUTE_MAIN
MC_BOUND_CRATER_ROOT_H_01,8,1,NONE,NONE,NONE,NONE,NONE,DB_ROOT,NONE,M_ROUTE_MAIN
MC_BOUND_CRATER_ROOT_H_01,9,1,NONE,NONE,NONE,NONE,NONE,DB_ROOT,NONE,M_ROUTE_MAIN
MC_BOUND_CRATER_ROOT_H_01,10,1,NONE,NONE,NONE,NONE,NONE,DB_ROOT,NONE,M_ROUTE_MAIN
MC_BOUND_CRATER_ROOT_H_01,11,1,NONE,NONE,NONE,NONE,NONE,DB_ROOT,NONE,M_ROUTE_MAIN
MC_BOUND_CRATER_ROOT_H_01,0,2,NONE,NONE,NONE,NONE,NONE,DB_CRATER,NONE,NONE
MC_BOUND_CRATER_ROOT_H_01,1,2,NONE,NONE,NONE,NONE,NONE,DB_CRATER,NONE,NONE
MC_BOUND_CRATER_ROOT_H_01,2,2,NONE,NONE,NONE,NONE,NONE,DB_CRATER,NONE,NONE
MC_BOUND_CRATER_ROOT_H_01,3,2,NONE,NONE,NONE,NONE,NONE,DB_CRATER,NONE,NONE
MC_BOUND_CRATER_ROOT_H_01,4,2,NONE,NONE,NONE,NONE,NONE,DB_CRATER,NONE,NONE
MC_BOUND_CRATER_ROOT_H_01,5,2,NONE,NONE,NONE,NONE,NONE,DB_CRATER,DF_ROOT_VINE,NONE
MC_BOUND_CRATER_ROOT_H_01,6,2,NONE,NONE,NONE,NONE,NONE,DB_CRATER,DF_ROOT_VINE,NONE
MC_BOUND_CRATER_ROOT_H_01,7,2,NONE,NONE,NONE,NONE,NONE,DB_CRATER,NONE,NONE
MC_BOUND_CRATER_ROOT_H_01,8,2,NONE,NONE,NONE,NONE,NONE,DB_CRATER,NONE,NONE
MC_BOUND_CRATER_ROOT_H_01,9,2,NONE,NONE,NONE,NONE,NONE,DB_CRATER,NONE,NONE
MC_BOUND_CRATER_ROOT_H_01,10,2,NONE,NONE,NONE,NONE,NONE,DB_CRATER,NONE,NONE
MC_BOUND_CRATER_ROOT_H_01,11,2,NONE,NONE,NONE,NONE,NONE,DB_CRATER,NONE,NONE
MC_BOUND_CRATER_ROOT_H_01,0,3,NONE,NONE,NONE,NONE,NONE,DB_CRATER,NONE,M_SOCKET
MC_BOUND_CRATER_ROOT_H_01,1,3,NONE,NONE,NONE,NONE,NONE,DB_CRATER,NONE,NONE
MC_BOUND_CRATER_ROOT_H_01,2,3,NONE,NONE,NONE,NONE,NONE,DB_CRATER,NONE,NONE
MC_BOUND_CRATER_ROOT_H_01,3,3,NONE,NONE,NONE,NONE,NONE,DB_CRATER,NONE,NONE
MC_BOUND_CRATER_ROOT_H_01,4,3,NONE,NONE,NONE,NONE,NONE,DB_CRATER,NONE,NONE
MC_BOUND_CRATER_ROOT_H_01,5,3,NONE,NONE,NONE,NONE,NONE,DB_CRATER,NONE,NONE
MC_BOUND_CRATER_ROOT_H_01,6,3,NONE,NONE,NONE,NONE,NONE,DB_CRATER,NONE,NONE
MC_BOUND_CRATER_ROOT_H_01,7,3,NONE,NONE,NONE,NONE,NONE,DB_CRATER,NONE,NONE
MC_BOUND_CRATER_ROOT_H_01,8,3,NONE,NONE,NONE,NONE,NONE,DB_CRATER,NONE,NONE
MC_BOUND_CRATER_ROOT_H_01,9,3,NONE,NONE,NONE,NONE,NONE,DB_CRATER,NONE,NONE
MC_BOUND_CRATER_ROOT_H_01,10,3,NONE,NONE,NONE,NONE,NONE,DB_CRATER,NONE,NONE
MC_BOUND_CRATER_ROOT_H_01,11,3,NONE,NONE,NONE,NONE,NONE,DB_CRATER,NONE,M_SOCKET
MC_BOUND_CRATER_ROOT_H_01,0,4,NONE,NONE,NONE,NONE,NONE,DB_CRATER,NONE,M_SOCKET
MC_BOUND_CRATER_ROOT_H_01,1,4,NONE,NONE,NONE,NONE,NONE,DB_CRATER,NONE,NONE
MC_BOUND_CRATER_ROOT_H_01,2,4,NONE,NONE,NONE,NONE,NONE,DB_CRATER,NONE,NONE
MC_BOUND_CRATER_ROOT_H_01,3,4,NONE,NONE,NONE,NONE,NONE,DB_CRATER,NONE,NONE
MC_BOUND_CRATER_ROOT_H_01,4,4,NONE,NONE,NONE,NONE,NONE,DB_CRATER,NONE,NONE
MC_BOUND_CRATER_ROOT_H_01,5,4,NONE,NONE,NONE,NONE,NONE,DB_CRATER,NONE,NONE
MC_BOUND_CRATER_ROOT_H_01,6,4,NONE,NONE,NONE,NONE,NONE,DB_CRATER,NONE,NONE
MC_BOUND_CRATER_ROOT_H_01,7,4,NONE,NONE,NONE,NONE,NONE,DB_CRATER,NONE,NONE
MC_BOUND_CRATER_ROOT_H_01,8,4,NONE,NONE,NONE,NONE,NONE,DB_CRATER,NONE,NONE
MC_BOUND_CRATER_ROOT_H_01,9,4,NONE,NONE,NONE,NONE,NONE,DB_CRATER,NONE,NONE
MC_BOUND_CRATER_ROOT_H_01,10,4,NONE,NONE,NONE,NONE,NONE,DB_CRATER,NONE,NONE
MC_BOUND_CRATER_ROOT_H_01,11,4,NONE,NONE,NONE,NONE,NONE,DB_CRATER,NONE,M_SOCKET
MC_BOUND_CRATER_ROOT_H_01,0,5,NONE,NONE,NONE,NONE,NONE,DB_CRATER,NONE,NONE
MC_BOUND_CRATER_ROOT_H_01,1,5,NONE,NONE,NONE,NONE,NONE,DB_CRATER,NONE,NONE
MC_BOUND_CRATER_ROOT_H_01,2,5,NONE,NONE,NONE,NONE,NONE,DB_CRATER,NONE,NONE
MC_BOUND_CRATER_ROOT_H_01,3,5,NONE,NONE,NONE,NONE,NONE,DB_CRATER,NONE,NONE
MC_BOUND_CRATER_ROOT_H_01,4,5,NONE,NONE,NONE,NONE,NONE,DB_CRATER,NONE,NONE
MC_BOUND_CRATER_ROOT_H_01,5,5,NONE,NONE,NONE,NONE,NONE,DB_CRATER,NONE,NONE
MC_BOUND_CRATER_ROOT_H_01,6,5,NONE,NONE,NONE,NONE,NONE,DB_CRATER,NONE,NONE
MC_BOUND_CRATER_ROOT_H_01,7,5,NONE,NONE,NONE,NONE,NONE,DB_CRATER,NONE,NONE
MC_BOUND_CRATER_ROOT_H_01,8,5,NONE,NONE,NONE,NONE,NONE,DB_CRATER,NONE,NONE
MC_BOUND_CRATER_ROOT_H_01,9,5,NONE,NONE,NONE,NONE,NONE,DB_CRATER,NONE,NONE
MC_BOUND_CRATER_ROOT_H_01,10,5,NONE,NONE,NONE,NONE,NONE,DB_CRATER,NONE,NONE
MC_BOUND_CRATER_ROOT_H_01,11,5,NONE,NONE,NONE,NONE,NONE,DB_CRATER,NONE,NONE
MC_BOUND_CRATER_ROOT_H_01,0,6,NONE,NONE,NONE,NONE,NONE,DB_CRATER,NONE,NONE
MC_BOUND_CRATER_ROOT_H_01,1,6,NONE,NONE,NONE,NONE,NONE,DB_CRATER,NONE,NONE
MC_BOUND_CRATER_ROOT_H_01,2,6,NONE,NONE,NONE,NONE,NONE,DB_CRATER,NONE,NONE
MC_BOUND_CRATER_ROOT_H_01,3,6,NONE,NONE,NONE,NONE,NONE,DB_CRATER,NONE,NONE
MC_BOUND_CRATER_ROOT_H_01,4,6,NONE,NONE,NONE,NONE,NONE,DB_CRATER,NONE,NONE
MC_BOUND_CRATER_ROOT_H_01,5,6,NONE,NONE,NONE,NONE,NONE,DB_CRATER,NONE,NONE
MC_BOUND_CRATER_ROOT_H_01,6,6,NONE,NONE,NONE,NONE,NONE,DB_CRATER,NONE,NONE
MC_BOUND_CRATER_ROOT_H_01,7,6,NONE,NONE,NONE,NONE,NONE,DB_CRATER,NONE,NONE
MC_BOUND_CRATER_ROOT_H_01,8,6,NONE,NONE,NONE,NONE,NONE,DB_CRATER,NONE,NONE
MC_BOUND_CRATER_ROOT_H_01,9,6,NONE,NONE,NONE,NONE,NONE,DB_CRATER,NONE,NONE
MC_BOUND_CRATER_ROOT_H_01,10,6,NONE,NONE,NONE,NONE,NONE,DB_CRATER,NONE,NONE
MC_BOUND_CRATER_ROOT_H_01,11,6,NONE,NONE,NONE,NONE,NONE,DB_CRATER,NONE,NONE
MC_BOUND_CRATER_ROOT_H_01,0,7,NONE,NONE,NONE,NONE,NONE,DB_CRATER,NONE,NONE
MC_BOUND_CRATER_ROOT_H_01,1,7,NONE,NONE,NONE,NONE,NONE,DB_CRATER,NONE,NONE
MC_BOUND_CRATER_ROOT_H_01,2,7,NONE,NONE,NONE,NONE,NONE,DB_CRATER,NONE,NONE
MC_BOUND_CRATER_ROOT_H_01,3,7,NONE,NONE,NONE,NONE,NONE,DB_CRATER,NONE,NONE
MC_BOUND_CRATER_ROOT_H_01,4,7,NONE,NONE,NONE,NONE,NONE,DB_CRATER,NONE,NONE
MC_BOUND_CRATER_ROOT_H_01,5,7,NONE,NONE,NONE,NONE,NONE,DB_CRATER,NONE,NONE
MC_BOUND_CRATER_ROOT_H_01,6,7,NONE,NONE,NONE,NONE,NONE,DB_CRATER,NONE,NONE
MC_BOUND_CRATER_ROOT_H_01,7,7,NONE,NONE,NONE,NONE,NONE,DB_CRATER,NONE,NONE
MC_BOUND_CRATER_ROOT_H_01,8,7,NONE,NONE,NONE,NONE,NONE,DB_CRATER,NONE,NONE
MC_BOUND_CRATER_ROOT_H_01,9,7,NONE,NONE,NONE,NONE,NONE,DB_CRATER,NONE,NONE
MC_BOUND_CRATER_ROOT_H_01,10,7,NONE,NONE,NONE,NONE,NONE,DB_CRATER,NONE,NONE
MC_BOUND_CRATER_ROOT_H_01,11,7,NONE,NONE,NONE,NONE,NONE,DB_CRATER,NONE,NONE
MC_BOUND_CRATER_MILL_H_01,0,0,G_MOON_ROCK,NONE,NONE,NONE,NONE,DB_CRATER,NONE,NONE
MC_BOUND_CRATER_MILL_H_01,1,0,G_MOON_ROCK,NONE,NONE,NONE,NONE,DB_CRATER,NONE,NONE
MC_BOUND_CRATER_MILL_H_01,2,0,G_MOON_ROCK,NONE,NONE,NONE,NONE,DB_CRATER,NONE,NONE
MC_BOUND_CRATER_MILL_H_01,3,0,G_MOON_ROCK,NONE,NONE,NONE,NONE,DB_CRATER,NONE,NONE
MC_BOUND_CRATER_MILL_H_01,4,0,G_MOON_ROCK,NONE,NONE,NONE,NONE,DB_CRATER,NONE,NONE
MC_BOUND_CRATER_MILL_H_01,5,0,G_MOON_ROCK,NONE,NONE,NONE,NONE,DB_CRATER,NONE,NONE
MC_BOUND_CRATER_MILL_H_01,6,0,G_MILL_METAL,NONE,NONE,NONE,NONE,DB_CRATER,NONE,NONE
MC_BOUND_CRATER_MILL_H_01,7,0,G_MILL_METAL,NONE,NONE,NONE,NONE,DB_CRATER,NONE,NONE
MC_BOUND_CRATER_MILL_H_01,8,0,G_MILL_METAL,NONE,NONE,NONE,NONE,DB_CRATER,NONE,NONE
MC_BOUND_CRATER_MILL_H_01,9,0,G_MILL_METAL,NONE,NONE,NONE,NONE,DB_CRATER,NONE,NONE
MC_BOUND_CRATER_MILL_H_01,10,0,G_MILL_METAL,NONE,NONE,NONE,NONE,DB_CRATER,NONE,NONE
MC_BOUND_CRATER_MILL_H_01,11,0,G_MILL_METAL,NONE,NONE,NONE,NONE,DB_CRATER,NONE,NONE
MC_BOUND_CRATER_MILL_H_01,0,1,NONE,NONE,NONE,NONE,NONE,DB_CRATER,NONE,M_ROUTE_MAIN
MC_BOUND_CRATER_MILL_H_01,1,1,NONE,NONE,NONE,NONE,NONE,DB_CRATER,NONE,M_ROUTE_MAIN
MC_BOUND_CRATER_MILL_H_01,2,1,NONE,NONE,NONE,NONE,NONE,DB_CRATER,NONE,M_ROUTE_MAIN
MC_BOUND_CRATER_MILL_H_01,3,1,NONE,NONE,NONE,NONE,NONE,DB_CRATER,NONE,M_ROUTE_MAIN
MC_BOUND_CRATER_MILL_H_01,4,1,NONE,NONE,NONE,NONE,NONE,DB_CRATER,NONE,M_ROUTE_MAIN
MC_BOUND_CRATER_MILL_H_01,5,1,NONE,NONE,NONE,NONE,NONE,DB_MILL,NONE,M_ROUTE_MAIN
MC_BOUND_CRATER_MILL_H_01,6,1,NONE,NONE,NONE,NONE,NONE,DB_MILL,NONE,M_ROUTE_MAIN
MC_BOUND_CRATER_MILL_H_01,7,1,NONE,NONE,NONE,NONE,NONE,DB_MILL,NONE,M_ROUTE_MAIN
MC_BOUND_CRATER_MILL_H_01,8,1,NONE,NONE,NONE,NONE,NONE,DB_MILL,NONE,M_ROUTE_MAIN
MC_BOUND_CRATER_MILL_H_01,9,1,NONE,NONE,NONE,NONE,NONE,DB_MILL,NONE,M_ROUTE_MAIN
MC_BOUND_CRATER_MILL_H_01,10,1,NONE,NONE,NONE,NONE,NONE,DB_MILL,NONE,M_ROUTE_MAIN
MC_BOUND_CRATER_MILL_H_01,11,1,NONE,NONE,NONE,NONE,NONE,DB_MILL,NONE,M_ROUTE_MAIN
MC_BOUND_CRATER_MILL_H_01,0,2,NONE,NONE,NONE,NONE,NONE,DB_CRATER,NONE,NONE
MC_BOUND_CRATER_MILL_H_01,1,2,NONE,NONE,NONE,NONE,NONE,DB_CRATER,NONE,NONE
MC_BOUND_CRATER_MILL_H_01,2,2,NONE,NONE,NONE,NONE,NONE,DB_CRATER,NONE,NONE
MC_BOUND_CRATER_MILL_H_01,3,2,NONE,NONE,NONE,NONE,NONE,DB_CRATER,NONE,NONE
MC_BOUND_CRATER_MILL_H_01,4,2,NONE,NONE,NONE,NONE,NONE,DB_CRATER,NONE,NONE
MC_BOUND_CRATER_MILL_H_01,5,2,NONE,NONE,NONE,NONE,NONE,DB_CRATER,NONE,NONE
MC_BOUND_CRATER_MILL_H_01,6,2,NONE,NONE,NONE,NONE,NONE,DB_CRATER,NONE,NONE
MC_BOUND_CRATER_MILL_H_01,7,2,NONE,NONE,NONE,NONE,NONE,DB_CRATER,NONE,NONE
MC_BOUND_CRATER_MILL_H_01,8,2,NONE,NONE,NONE,NONE,NONE,DB_CRATER,NONE,NONE
MC_BOUND_CRATER_MILL_H_01,9,2,NONE,NONE,NONE,NONE,NONE,DB_CRATER,NONE,NONE
MC_BOUND_CRATER_MILL_H_01,10,2,NONE,NONE,NONE,NONE,NONE,DB_CRATER,NONE,NONE
MC_BOUND_CRATER_MILL_H_01,11,2,NONE,NONE,NONE,NONE,NONE,DB_CRATER,NONE,NONE
MC_BOUND_CRATER_MILL_H_01,0,3,NONE,NONE,NONE,NONE,NONE,DB_CRATER,NONE,M_SOCKET
MC_BOUND_CRATER_MILL_H_01,1,3,NONE,NONE,NONE,NONE,NONE,DB_CRATER,NONE,NONE
MC_BOUND_CRATER_MILL_H_01,2,3,NONE,NONE,NONE,NONE,NONE,DB_CRATER,NONE,NONE
MC_BOUND_CRATER_MILL_H_01,3,3,NONE,NONE,NONE,NONE,NONE,DB_CRATER,NONE,NONE
MC_BOUND_CRATER_MILL_H_01,4,3,NONE,NONE,NONE,NONE,NONE,DB_CRATER,NONE,NONE
MC_BOUND_CRATER_MILL_H_01,5,3,NONE,NONE,NONE,NONE,NONE,DB_CRATER,NONE,NONE
MC_BOUND_CRATER_MILL_H_01,6,3,NONE,NONE,NONE,NONE,NONE,DB_CRATER,NONE,NONE
MC_BOUND_CRATER_MILL_H_01,7,3,NONE,NONE,NONE,NONE,NONE,DB_CRATER,NONE,NONE
MC_BOUND_CRATER_MILL_H_01,8,3,NONE,NONE,NONE,NONE,NONE,DB_CRATER,NONE,NONE
MC_BOUND_CRATER_MILL_H_01,9,3,NONE,NONE,NONE,NONE,NONE,DB_CRATER,NONE,NONE
MC_BOUND_CRATER_MILL_H_01,10,3,NONE,NONE,NONE,NONE,NONE,DB_CRATER,NONE,NONE
MC_BOUND_CRATER_MILL_H_01,11,3,NONE,NONE,NONE,NONE,NONE,DB_CRATER,NONE,M_SOCKET
MC_BOUND_CRATER_MILL_H_01,0,4,NONE,NONE,NONE,NONE,NONE,DB_CRATER,NONE,M_SOCKET
MC_BOUND_CRATER_MILL_H_01,1,4,NONE,NONE,NONE,NONE,NONE,DB_CRATER,NONE,NONE
MC_BOUND_CRATER_MILL_H_01,2,4,NONE,NONE,NONE,NONE,NONE,DB_CRATER,NONE,NONE
MC_BOUND_CRATER_MILL_H_01,3,4,NONE,NONE,NONE,NONE,NONE,DB_CRATER,NONE,NONE
MC_BOUND_CRATER_MILL_H_01,4,4,NONE,NONE,NONE,NONE,NONE,DB_CRATER,NONE,NONE
MC_BOUND_CRATER_MILL_H_01,5,4,NONE,NONE,NONE,NONE,NONE,DB_CRATER,NONE,NONE
MC_BOUND_CRATER_MILL_H_01,6,4,NONE,NONE,NONE,NONE,NONE,DB_CRATER,NONE,NONE
MC_BOUND_CRATER_MILL_H_01,7,4,NONE,NONE,NONE,NONE,NONE,DB_CRATER,NONE,NONE
MC_BOUND_CRATER_MILL_H_01,8,4,NONE,NONE,NONE,NONE,NONE,DB_CRATER,NONE,NONE
MC_BOUND_CRATER_MILL_H_01,9,4,NONE,NONE,NONE,NONE,NONE,DB_CRATER,NONE,NONE
MC_BOUND_CRATER_MILL_H_01,10,4,NONE,NONE,NONE,NONE,NONE,DB_CRATER,NONE,NONE
MC_BOUND_CRATER_MILL_H_01,11,4,NONE,NONE,NONE,NONE,NONE,DB_CRATER,NONE,M_SOCKET
MC_BOUND_CRATER_MILL_H_01,0,5,NONE,NONE,NONE,NONE,NONE,DB_CRATER,NONE,NONE
MC_BOUND_CRATER_MILL_H_01,1,5,NONE,NONE,NONE,NONE,NONE,DB_CRATER,NONE,NONE
MC_BOUND_CRATER_MILL_H_01,2,5,NONE,NONE,NONE,NONE,NONE,DB_CRATER,NONE,NONE
MC_BOUND_CRATER_MILL_H_01,3,5,NONE,NONE,NONE,NONE,NONE,DB_CRATER,NONE,NONE
MC_BOUND_CRATER_MILL_H_01,4,5,NONE,NONE,NONE,NONE,NONE,DB_CRATER,NONE,NONE
MC_BOUND_CRATER_MILL_H_01,5,5,NONE,NONE,NONE,NONE,NONE,DB_CRATER,NONE,NONE
MC_BOUND_CRATER_MILL_H_01,6,5,NONE,NONE,NONE,NONE,NONE,DB_CRATER,NONE,NONE
MC_BOUND_CRATER_MILL_H_01,7,5,NONE,NONE,NONE,NONE,NONE,DB_CRATER,NONE,NONE
MC_BOUND_CRATER_MILL_H_01,8,5,NONE,NONE,NONE,NONE,NONE,DB_CRATER,NONE,NONE
MC_BOUND_CRATER_MILL_H_01,9,5,NONE,NONE,NONE,NONE,NONE,DB_CRATER,NONE,NONE
MC_BOUND_CRATER_MILL_H_01,10,5,NONE,NONE,NONE,NONE,NONE,DB_CRATER,NONE,NONE
MC_BOUND_CRATER_MILL_H_01,11,5,NONE,NONE,NONE,NONE,NONE,DB_CRATER,NONE,NONE
MC_BOUND_CRATER_MILL_H_01,0,6,NONE,NONE,NONE,NONE,NONE,DB_CRATER,NONE,NONE
MC_BOUND_CRATER_MILL_H_01,1,6,NONE,NONE,NONE,NONE,NONE,DB_CRATER,NONE,NONE
MC_BOUND_CRATER_MILL_H_01,2,6,NONE,NONE,NONE,NONE,NONE,DB_CRATER,NONE,NONE
MC_BOUND_CRATER_MILL_H_01,3,6,NONE,NONE,NONE,NONE,NONE,DB_CRATER,NONE,NONE
MC_BOUND_CRATER_MILL_H_01,4,6,NONE,NONE,NONE,NONE,NONE,DB_CRATER,NONE,NONE
MC_BOUND_CRATER_MILL_H_01,5,6,NONE,NONE,NONE,NONE,NONE,DB_CRATER,NONE,NONE
MC_BOUND_CRATER_MILL_H_01,6,6,NONE,NONE,NONE,NONE,NONE,DB_CRATER,NONE,NONE
MC_BOUND_CRATER_MILL_H_01,7,6,NONE,NONE,NONE,NONE,NONE,DB_CRATER,NONE,NONE
MC_BOUND_CRATER_MILL_H_01,8,6,NONE,NONE,NONE,NONE,NONE,DB_CRATER,NONE,NONE
MC_BOUND_CRATER_MILL_H_01,9,6,NONE,NONE,NONE,NONE,NONE,DB_CRATER,NONE,NONE
MC_BOUND_CRATER_MILL_H_01,10,6,NONE,NONE,NONE,NONE,NONE,DB_CRATER,NONE,NONE
MC_BOUND_CRATER_MILL_H_01,11,6,NONE,NONE,NONE,NONE,NONE,DB_CRATER,NONE,NONE
MC_BOUND_CRATER_MILL_H_01,0,7,NONE,NONE,NONE,NONE,NONE,DB_CRATER,NONE,NONE
MC_BOUND_CRATER_MILL_H_01,1,7,NONE,NONE,NONE,NONE,NONE,DB_CRATER,NONE,NONE
MC_BOUND_CRATER_MILL_H_01,2,7,NONE,NONE,NONE,NONE,NONE,DB_CRATER,NONE,NONE
MC_BOUND_CRATER_MILL_H_01,3,7,NONE,NONE,NONE,NONE,NONE,DB_CRATER,NONE,NONE
MC_BOUND_CRATER_MILL_H_01,4,7,NONE,NONE,NONE,NONE,NONE,DB_CRATER,NONE,NONE
MC_BOUND_CRATER_MILL_H_01,5,7,NONE,NONE,NONE,NONE,NONE,DB_CRATER,NONE,NONE
MC_BOUND_CRATER_MILL_H_01,6,7,NONE,NONE,NONE,NONE,NONE,DB_CRATER,NONE,NONE
MC_BOUND_CRATER_MILL_H_01,7,7,NONE,NONE,NONE,NONE,NONE,DB_CRATER,NONE,NONE
MC_BOUND_CRATER_MILL_H_01,8,7,NONE,NONE,NONE,NONE,NONE,DB_CRATER,NONE,NONE
MC_BOUND_CRATER_MILL_H_01,9,7,NONE,NONE,NONE,NONE,NONE,DB_CRATER,NONE,NONE
MC_BOUND_CRATER_MILL_H_01,10,7,NONE,NONE,NONE,NONE,NONE,DB_CRATER,NONE,NONE
MC_BOUND_CRATER_MILL_H_01,11,7,NONE,NONE,NONE,NONE,NONE,DB_CRATER,NONE,NONE
MC_SPECIAL_EVENT_ROOM_01,0,0,G_STARSTONE,NONE,NONE,NONE,NONE,DB_CRATER,NONE,NONE
MC_SPECIAL_EVENT_ROOM_01,1,0,G_STARSTONE,NONE,NONE,NONE,NONE,DB_CRATER,NONE,NONE
MC_SPECIAL_EVENT_ROOM_01,2,0,G_STARSTONE,NONE,NONE,NONE,NONE,DB_CRATER,NONE,NONE
MC_SPECIAL_EVENT_ROOM_01,3,0,G_STARSTONE,NONE,NONE,NONE,NONE,DB_CRATER,NONE,NONE
MC_SPECIAL_EVENT_ROOM_01,4,0,G_STARSTONE,NONE,NONE,NONE,NONE,DB_CRATER,NONE,NONE
MC_SPECIAL_EVENT_ROOM_01,5,0,G_STARSTONE,NONE,NONE,NONE,NONE,DB_CRATER,NONE,NONE
MC_SPECIAL_EVENT_ROOM_01,6,0,G_STARSTONE,NONE,NONE,NONE,NONE,DB_CRATER,NONE,NONE
MC_SPECIAL_EVENT_ROOM_01,7,0,G_STARSTONE,NONE,NONE,NONE,NONE,DB_CRATER,NONE,NONE
MC_SPECIAL_EVENT_ROOM_01,8,0,G_STARSTONE,NONE,NONE,NONE,NONE,DB_CRATER,NONE,NONE
MC_SPECIAL_EVENT_ROOM_01,9,0,G_STARSTONE,NONE,NONE,NONE,NONE,DB_CRATER,NONE,NONE
MC_SPECIAL_EVENT_ROOM_01,10,0,G_STARSTONE,NONE,NONE,NONE,NONE,DB_CRATER,NONE,NONE
MC_SPECIAL_EVENT_ROOM_01,11,0,G_STARSTONE,NONE,NONE,NONE,NONE,DB_CRATER,NONE,NONE
MC_SPECIAL_EVENT_ROOM_01,0,1,NONE,NONE,NONE,NONE,NONE,DB_CRATER,NONE,M_ROUTE_MAIN
MC_SPECIAL_EVENT_ROOM_01,1,1,NONE,NONE,NONE,NONE,NONE,DB_CRATER,NONE,M_ROUTE_MAIN
MC_SPECIAL_EVENT_ROOM_01,2,1,NONE,NONE,NONE,NONE,NONE,DB_CRATER,NONE,M_ROUTE_MAIN
MC_SPECIAL_EVENT_ROOM_01,3,1,NONE,NONE,NONE,NONE,NONE,DB_CRATER,NONE,M_ROUTE_MAIN
MC_SPECIAL_EVENT_ROOM_01,4,1,NONE,NONE,NONE,NONE,NONE,DB_CRATER,NONE,M_ROUTE_MAIN
MC_SPECIAL_EVENT_ROOM_01,5,1,NONE,NONE,NONE,NONE,NONE,DB_CRATER,NONE,M_ROUTE_MAIN
MC_SPECIAL_EVENT_ROOM_01,6,1,NONE,NONE,NONE,NONE,NONE,DB_CRATER,NONE,M_SLOT_EVENT
MC_SPECIAL_EVENT_ROOM_01,7,1,NONE,NONE,NONE,NONE,NONE,DB_CRATER,NONE,M_ROUTE_MAIN
MC_SPECIAL_EVENT_ROOM_01,8,1,NONE,NONE,NONE,NONE,NONE,DB_CRATER,NONE,M_ROUTE_MAIN
MC_SPECIAL_EVENT_ROOM_01,9,1,NONE,NONE,NONE,NONE,NONE,DB_CRATER,NONE,M_ROUTE_MAIN
MC_SPECIAL_EVENT_ROOM_01,10,1,NONE,NONE,NONE,NONE,NONE,DB_CRATER,NONE,M_ROUTE_MAIN
MC_SPECIAL_EVENT_ROOM_01,11,1,NONE,NONE,NONE,NONE,NONE,DB_CRATER,NONE,M_ROUTE_MAIN
MC_SPECIAL_EVENT_ROOM_01,0,2,NONE,NONE,NONE,NONE,NONE,DB_CRATER,NONE,NONE
MC_SPECIAL_EVENT_ROOM_01,1,2,NONE,NONE,NONE,NONE,NONE,DB_CRATER,NONE,NONE
MC_SPECIAL_EVENT_ROOM_01,2,2,NONE,NONE,NONE,NONE,NONE,DB_CRATER,NONE,NONE
MC_SPECIAL_EVENT_ROOM_01,3,2,NONE,NONE,NONE,NONE,NONE,DB_CRATER,NONE,NONE
MC_SPECIAL_EVENT_ROOM_01,4,2,NONE,NONE,NONE,NONE,NONE,DB_CRATER,NONE,NONE
MC_SPECIAL_EVENT_ROOM_01,5,2,NONE,NONE,NONE,NONE,NONE,DB_CRATER,NONE,NONE
MC_SPECIAL_EVENT_ROOM_01,6,2,NONE,NONE,NONE,NONE,NONE,DB_CRATER,NONE,NONE
MC_SPECIAL_EVENT_ROOM_01,7,2,NONE,NONE,NONE,NONE,NONE,DB_CRATER,NONE,NONE
MC_SPECIAL_EVENT_ROOM_01,8,2,NONE,NONE,NONE,NONE,NONE,DB_CRATER,NONE,NONE
MC_SPECIAL_EVENT_ROOM_01,9,2,NONE,NONE,NONE,NONE,NONE,DB_CRATER,NONE,NONE
MC_SPECIAL_EVENT_ROOM_01,10,2,NONE,NONE,NONE,NONE,NONE,DB_CRATER,NONE,NONE
MC_SPECIAL_EVENT_ROOM_01,11,2,NONE,NONE,NONE,NONE,NONE,DB_CRATER,NONE,NONE
MC_SPECIAL_EVENT_ROOM_01,0,3,NONE,NONE,NONE,NONE,NONE,DB_CRATER,NONE,M_SOCKET
MC_SPECIAL_EVENT_ROOM_01,1,3,NONE,NONE,NONE,NONE,NONE,DB_CRATER,NONE,NONE
MC_SPECIAL_EVENT_ROOM_01,2,3,NONE,NONE,NONE,NONE,NONE,DB_CRATER,NONE,NONE
MC_SPECIAL_EVENT_ROOM_01,3,3,NONE,NONE,NONE,NONE,NONE,DB_CRATER,NONE,NONE
MC_SPECIAL_EVENT_ROOM_01,4,3,NONE,NONE,NONE,NONE,NONE,DB_CRATER,NONE,NONE
MC_SPECIAL_EVENT_ROOM_01,5,3,NONE,NONE,NONE,NONE,NONE,DB_CRATER,NONE,NONE
MC_SPECIAL_EVENT_ROOM_01,6,3,NONE,NONE,NONE,NONE,NONE,DB_CRATER,NONE,NONE
MC_SPECIAL_EVENT_ROOM_01,7,3,NONE,NONE,NONE,NONE,NONE,DB_CRATER,NONE,NONE
MC_SPECIAL_EVENT_ROOM_01,8,3,NONE,NONE,NONE,NONE,NONE,DB_CRATER,NONE,NONE
MC_SPECIAL_EVENT_ROOM_01,9,3,NONE,NONE,NONE,NONE,NONE,DB_CRATER,NONE,NONE
MC_SPECIAL_EVENT_ROOM_01,10,3,NONE,NONE,NONE,NONE,NONE,DB_CRATER,NONE,NONE
MC_SPECIAL_EVENT_ROOM_01,11,3,NONE,NONE,NONE,NONE,NONE,DB_CRATER,NONE,M_SOCKET
MC_SPECIAL_EVENT_ROOM_01,0,4,NONE,NONE,NONE,NONE,NONE,DB_CRATER,NONE,M_SOCKET
MC_SPECIAL_EVENT_ROOM_01,1,4,NONE,NONE,NONE,NONE,NONE,DB_CRATER,NONE,NONE
MC_SPECIAL_EVENT_ROOM_01,2,4,NONE,NONE,NONE,NONE,NONE,DB_CRATER,NONE,NONE
MC_SPECIAL_EVENT_ROOM_01,3,4,NONE,NONE,NONE,NONE,NONE,DB_CRATER,NONE,NONE
MC_SPECIAL_EVENT_ROOM_01,4,4,NONE,NONE,NONE,NONE,NONE,DB_CRATER,NONE,NONE
MC_SPECIAL_EVENT_ROOM_01,5,4,NONE,NONE,NONE,NONE,NONE,DB_CRATER,NONE,NONE
MC_SPECIAL_EVENT_ROOM_01,6,4,NONE,NONE,NONE,NONE,NONE,DB_CRATER,NONE,NONE
MC_SPECIAL_EVENT_ROOM_01,7,4,NONE,NONE,NONE,NONE,NONE,DB_CRATER,NONE,NONE
MC_SPECIAL_EVENT_ROOM_01,8,4,NONE,NONE,NONE,NONE,NONE,DB_CRATER,NONE,NONE
MC_SPECIAL_EVENT_ROOM_01,9,4,NONE,NONE,NONE,NONE,NONE,DB_CRATER,NONE,NONE
MC_SPECIAL_EVENT_ROOM_01,10,4,NONE,NONE,NONE,NONE,NONE,DB_CRATER,NONE,NONE
MC_SPECIAL_EVENT_ROOM_01,11,4,NONE,NONE,NONE,NONE,NONE,DB_CRATER,NONE,M_SOCKET
MC_SPECIAL_EVENT_ROOM_01,0,5,NONE,NONE,NONE,NONE,NONE,DB_CRATER,NONE,NONE
MC_SPECIAL_EVENT_ROOM_01,1,5,NONE,NONE,NONE,NONE,NONE,DB_CRATER,NONE,NONE
MC_SPECIAL_EVENT_ROOM_01,2,5,NONE,NONE,NONE,NONE,NONE,DB_CRATER,NONE,NONE
MC_SPECIAL_EVENT_ROOM_01,3,5,NONE,NONE,NONE,NONE,NONE,DB_CRATER,NONE,NONE
MC_SPECIAL_EVENT_ROOM_01,4,5,NONE,NONE,NONE,NONE,NONE,DB_CRATER,NONE,NONE
MC_SPECIAL_EVENT_ROOM_01,5,5,NONE,NONE,NONE,NONE,NONE,DB_CRATER,NONE,NONE
MC_SPECIAL_EVENT_ROOM_01,6,5,NONE,NONE,NONE,NONE,NONE,DB_CRATER,NONE,NONE
MC_SPECIAL_EVENT_ROOM_01,7,5,NONE,NONE,NONE,NONE,NONE,DB_CRATER,NONE,NONE
MC_SPECIAL_EVENT_ROOM_01,8,5,NONE,NONE,NONE,NONE,NONE,DB_CRATER,NONE,NONE
MC_SPECIAL_EVENT_ROOM_01,9,5,NONE,NONE,NONE,NONE,NONE,DB_CRATER,NONE,NONE
MC_SPECIAL_EVENT_ROOM_01,10,5,NONE,NONE,NONE,NONE,NONE,DB_CRATER,NONE,NONE
MC_SPECIAL_EVENT_ROOM_01,11,5,NONE,NONE,NONE,NONE,NONE,DB_CRATER,NONE,NONE
MC_SPECIAL_EVENT_ROOM_01,0,6,NONE,NONE,NONE,NONE,NONE,DB_CRATER,NONE,NONE
MC_SPECIAL_EVENT_ROOM_01,1,6,NONE,NONE,NONE,NONE,NONE,DB_CRATER,NONE,NONE
MC_SPECIAL_EVENT_ROOM_01,2,6,NONE,NONE,NONE,NONE,NONE,DB_CRATER,NONE,NONE
MC_SPECIAL_EVENT_ROOM_01,3,6,NONE,NONE,NONE,NONE,NONE,DB_CRATER,NONE,NONE
MC_SPECIAL_EVENT_ROOM_01,4,6,NONE,NONE,NONE,NONE,NONE,DB_CRATER,NONE,NONE
MC_SPECIAL_EVENT_ROOM_01,5,6,NONE,NONE,NONE,NONE,NONE,DB_CRATER,NONE,NONE
MC_SPECIAL_EVENT_ROOM_01,6,6,NONE,NONE,NONE,NONE,NONE,DB_CRATER,NONE,NONE
MC_SPECIAL_EVENT_ROOM_01,7,6,NONE,NONE,NONE,NONE,NONE,DB_CRATER,NONE,NONE
MC_SPECIAL_EVENT_ROOM_01,8,6,NONE,NONE,NONE,NONE,NONE,DB_CRATER,NONE,NONE
MC_SPECIAL_EVENT_ROOM_01,9,6,NONE,NONE,NONE,NONE,NONE,DB_CRATER,NONE,NONE
MC_SPECIAL_EVENT_ROOM_01,10,6,NONE,NONE,NONE,NONE,NONE,DB_CRATER,NONE,NONE
MC_SPECIAL_EVENT_ROOM_01,11,6,NONE,NONE,NONE,NONE,NONE,DB_CRATER,NONE,NONE
MC_SPECIAL_EVENT_ROOM_01,0,7,NONE,NONE,NONE,NONE,NONE,DB_CRATER,NONE,NONE
MC_SPECIAL_EVENT_ROOM_01,1,7,NONE,NONE,NONE,NONE,NONE,DB_CRATER,NONE,NONE
MC_SPECIAL_EVENT_ROOM_01,2,7,NONE,NONE,NONE,NONE,NONE,DB_CRATER,NONE,NONE
MC_SPECIAL_EVENT_ROOM_01,3,7,NONE,NONE,NONE,NONE,NONE,DB_CRATER,NONE,NONE
MC_SPECIAL_EVENT_ROOM_01,4,7,NONE,NONE,NONE,NONE,NONE,DB_CRATER,NONE,NONE
MC_SPECIAL_EVENT_ROOM_01,5,7,NONE,NONE,NONE,NONE,NONE,DB_CRATER,NONE,NONE
MC_SPECIAL_EVENT_ROOM_01,6,7,NONE,NONE,NONE,NONE,NONE,DB_CRATER,NONE,NONE
MC_SPECIAL_EVENT_ROOM_01,7,7,NONE,NONE,NONE,NONE,NONE,DB_CRATER,NONE,NONE
MC_SPECIAL_EVENT_ROOM_01,8,7,NONE,NONE,NONE,NONE,NONE,DB_CRATER,NONE,NONE
MC_SPECIAL_EVENT_ROOM_01,9,7,NONE,NONE,NONE,NONE,NONE,DB_CRATER,NONE,NONE
MC_SPECIAL_EVENT_ROOM_01,10,7,NONE,NONE,NONE,NONE,NONE,DB_CRATER,NONE,NONE
MC_SPECIAL_EVENT_ROOM_01,11,7,NONE,NONE,NONE,NONE,NONE,DB_CRATER,NONE,NONE
MC_SPECIAL_FORGE_CORE_01,0,0,G_MILL_METAL,NONE,NONE,NONE,NONE,DB_MILL,NONE,NONE
MC_SPECIAL_FORGE_CORE_01,1,0,G_MILL_METAL,NONE,NONE,NONE,NONE,DB_MILL,NONE,NONE
MC_SPECIAL_FORGE_CORE_01,2,0,G_MILL_METAL,NONE,NONE,NONE,NONE,DB_MILL,NONE,NONE
MC_SPECIAL_FORGE_CORE_01,3,0,G_MILL_METAL,NONE,NONE,NONE,NONE,DB_MILL,NONE,NONE
MC_SPECIAL_FORGE_CORE_01,4,0,G_MILL_METAL,NONE,NONE,NONE,NONE,DB_MILL,NONE,NONE
MC_SPECIAL_FORGE_CORE_01,5,0,G_MILL_METAL,NONE,NONE,NONE,NONE,DB_MILL,NONE,NONE
MC_SPECIAL_FORGE_CORE_01,6,0,G_MILL_METAL,NONE,NONE,NONE,NONE,DB_MILL,NONE,NONE
MC_SPECIAL_FORGE_CORE_01,7,0,G_MILL_METAL,NONE,NONE,NONE,NONE,DB_MILL,NONE,NONE
MC_SPECIAL_FORGE_CORE_01,8,0,G_MILL_METAL,NONE,NONE,NONE,NONE,DB_MILL,NONE,NONE
MC_SPECIAL_FORGE_CORE_01,9,0,G_MILL_METAL,NONE,NONE,NONE,NONE,DB_MILL,NONE,NONE
MC_SPECIAL_FORGE_CORE_01,10,0,G_MILL_METAL,NONE,NONE,NONE,NONE,DB_MILL,NONE,NONE
MC_SPECIAL_FORGE_CORE_01,11,0,G_MILL_METAL,NONE,NONE,NONE,NONE,DB_MILL,NONE,NONE
MC_SPECIAL_FORGE_CORE_01,0,1,NONE,NONE,NONE,NONE,NONE,DB_MILL,NONE,M_ROUTE_MAIN
MC_SPECIAL_FORGE_CORE_01,1,1,NONE,NONE,NONE,NONE,NONE,DB_MILL,NONE,M_ROUTE_MAIN
MC_SPECIAL_FORGE_CORE_01,2,1,NONE,NONE,NONE,NONE,NONE,DB_MILL,NONE,M_ROUTE_MAIN
MC_SPECIAL_FORGE_CORE_01,3,1,NONE,NONE,NONE,NONE,NONE,DB_MILL,NONE,M_ROUTE_MAIN
MC_SPECIAL_FORGE_CORE_01,4,1,NONE,NONE,NONE,NONE,NONE,DB_MILL,NONE,M_ROUTE_MAIN
MC_SPECIAL_FORGE_CORE_01,5,1,NONE,NONE,NONE,NONE,NONE,DB_MILL,NONE,M_SLOT_EVENT
MC_SPECIAL_FORGE_CORE_01,6,1,NONE,NONE,NONE,NONE,NONE,DB_MILL,NONE,M_ROUTE_MAIN
MC_SPECIAL_FORGE_CORE_01,7,1,NONE,NONE,NONE,NONE,NONE,DB_MILL,NONE,M_SLOT_RESOURCE
MC_SPECIAL_FORGE_CORE_01,8,1,NONE,NONE,NONE,NONE,NONE,DB_MILL,NONE,M_ROUTE_MAIN
MC_SPECIAL_FORGE_CORE_01,9,1,NONE,NONE,NONE,NONE,NONE,DB_MILL,NONE,M_ROUTE_MAIN
MC_SPECIAL_FORGE_CORE_01,10,1,NONE,NONE,NONE,NONE,NONE,DB_MILL,NONE,M_ROUTE_MAIN
MC_SPECIAL_FORGE_CORE_01,11,1,NONE,NONE,NONE,NONE,NONE,DB_MILL,NONE,M_ROUTE_MAIN
MC_SPECIAL_FORGE_CORE_01,0,2,NONE,NONE,NONE,NONE,NONE,DB_MILL,NONE,NONE
MC_SPECIAL_FORGE_CORE_01,1,2,NONE,NONE,NONE,NONE,NONE,DB_MILL,NONE,NONE
MC_SPECIAL_FORGE_CORE_01,2,2,NONE,NONE,NONE,NONE,NONE,DB_MILL,NONE,NONE
MC_SPECIAL_FORGE_CORE_01,3,2,NONE,NONE,NONE,NONE,NONE,DB_MILL,NONE,NONE
MC_SPECIAL_FORGE_CORE_01,4,2,NONE,NONE,NONE,NONE,NONE,DB_MILL,NONE,NONE
MC_SPECIAL_FORGE_CORE_01,5,2,NONE,NONE,NONE,NONE,NONE,DB_MILL,NONE,NONE
MC_SPECIAL_FORGE_CORE_01,6,2,NONE,NONE,NONE,NONE,NONE,DB_MILL,NONE,NONE
MC_SPECIAL_FORGE_CORE_01,7,2,NONE,NONE,NONE,NONE,NONE,DB_MILL,NONE,NONE
MC_SPECIAL_FORGE_CORE_01,8,2,NONE,NONE,NONE,NONE,NONE,DB_MILL,NONE,NONE
MC_SPECIAL_FORGE_CORE_01,9,2,NONE,NONE,NONE,NONE,NONE,DB_MILL,NONE,NONE
MC_SPECIAL_FORGE_CORE_01,10,2,NONE,NONE,NONE,NONE,NONE,DB_MILL,NONE,NONE
MC_SPECIAL_FORGE_CORE_01,11,2,NONE,NONE,NONE,NONE,NONE,DB_MILL,NONE,NONE
MC_SPECIAL_FORGE_CORE_01,0,3,NONE,NONE,NONE,NONE,NONE,DB_MILL,NONE,M_SOCKET
MC_SPECIAL_FORGE_CORE_01,1,3,NONE,NONE,NONE,NONE,NONE,DB_MILL,NONE,NONE
MC_SPECIAL_FORGE_CORE_01,2,3,NONE,NONE,NONE,NONE,NONE,DB_MILL,NONE,NONE
MC_SPECIAL_FORGE_CORE_01,3,3,NONE,NONE,NONE,NONE,NONE,DB_MILL,NONE,NONE
MC_SPECIAL_FORGE_CORE_01,4,3,NONE,NONE,NONE,NONE,NONE,DB_MILL,NONE,NONE
MC_SPECIAL_FORGE_CORE_01,5,3,NONE,NONE,NONE,NONE,NONE,DB_MILL,NONE,NONE
MC_SPECIAL_FORGE_CORE_01,6,3,NONE,NONE,NONE,NONE,NONE,DB_MILL,NONE,NONE
MC_SPECIAL_FORGE_CORE_01,7,3,NONE,NONE,NONE,NONE,NONE,DB_MILL,NONE,NONE
MC_SPECIAL_FORGE_CORE_01,8,3,NONE,NONE,NONE,NONE,NONE,DB_MILL,NONE,NONE
MC_SPECIAL_FORGE_CORE_01,9,3,NONE,NONE,NONE,NONE,NONE,DB_MILL,NONE,NONE
MC_SPECIAL_FORGE_CORE_01,10,3,NONE,NONE,NONE,NONE,NONE,DB_MILL,NONE,NONE
MC_SPECIAL_FORGE_CORE_01,11,3,NONE,NONE,NONE,NONE,NONE,DB_MILL,NONE,M_SOCKET
MC_SPECIAL_FORGE_CORE_01,0,4,NONE,NONE,NONE,NONE,NONE,DB_MILL,NONE,M_SOCKET
MC_SPECIAL_FORGE_CORE_01,1,4,NONE,NONE,NONE,NONE,NONE,DB_MILL,NONE,NONE
MC_SPECIAL_FORGE_CORE_01,2,4,NONE,NONE,NONE,NONE,NONE,DB_MILL,NONE,NONE
MC_SPECIAL_FORGE_CORE_01,3,4,NONE,NONE,NONE,NONE,NONE,DB_MILL,NONE,NONE
MC_SPECIAL_FORGE_CORE_01,4,4,NONE,NONE,NONE,NONE,NONE,DB_MILL,NONE,NONE
MC_SPECIAL_FORGE_CORE_01,5,4,NONE,NONE,NONE,NONE,NONE,DB_MILL,NONE,NONE
MC_SPECIAL_FORGE_CORE_01,6,4,NONE,NONE,NONE,NONE,NONE,DB_MILL,NONE,NONE
MC_SPECIAL_FORGE_CORE_01,7,4,NONE,NONE,NONE,NONE,NONE,DB_MILL,NONE,NONE
MC_SPECIAL_FORGE_CORE_01,8,4,NONE,NONE,NONE,NONE,NONE,DB_MILL,NONE,NONE
MC_SPECIAL_FORGE_CORE_01,9,4,NONE,NONE,NONE,NONE,NONE,DB_MILL,NONE,NONE
MC_SPECIAL_FORGE_CORE_01,10,4,NONE,NONE,NONE,NONE,NONE,DB_MILL,NONE,NONE
MC_SPECIAL_FORGE_CORE_01,11,4,NONE,NONE,NONE,NONE,NONE,DB_MILL,NONE,M_SOCKET
MC_SPECIAL_FORGE_CORE_01,0,5,NONE,NONE,NONE,NONE,NONE,DB_MILL,NONE,NONE
MC_SPECIAL_FORGE_CORE_01,1,5,NONE,NONE,NONE,NONE,NONE,DB_MILL,NONE,NONE
MC_SPECIAL_FORGE_CORE_01,2,5,NONE,NONE,NONE,NONE,NONE,DB_MILL,NONE,NONE
MC_SPECIAL_FORGE_CORE_01,3,5,NONE,NONE,NONE,NONE,NONE,DB_MILL,NONE,NONE
MC_SPECIAL_FORGE_CORE_01,4,5,NONE,NONE,NONE,NONE,NONE,DB_MILL,NONE,NONE
MC_SPECIAL_FORGE_CORE_01,5,5,NONE,NONE,NONE,NONE,NONE,DB_MILL,NONE,NONE
MC_SPECIAL_FORGE_CORE_01,6,5,NONE,NONE,NONE,NONE,NONE,DB_MILL,NONE,NONE
MC_SPECIAL_FORGE_CORE_01,7,5,NONE,NONE,NONE,NONE,NONE,DB_MILL,NONE,NONE
MC_SPECIAL_FORGE_CORE_01,8,5,NONE,NONE,NONE,NONE,NONE,DB_MILL,NONE,NONE
MC_SPECIAL_FORGE_CORE_01,9,5,NONE,NONE,NONE,NONE,NONE,DB_MILL,NONE,NONE
MC_SPECIAL_FORGE_CORE_01,10,5,NONE,NONE,NONE,NONE,NONE,DB_MILL,NONE,NONE
MC_SPECIAL_FORGE_CORE_01,11,5,NONE,NONE,NONE,NONE,NONE,DB_MILL,NONE,NONE
MC_SPECIAL_FORGE_CORE_01,0,6,NONE,NONE,NONE,NONE,NONE,DB_MILL,NONE,NONE
MC_SPECIAL_FORGE_CORE_01,1,6,NONE,NONE,NONE,NONE,NONE,DB_MILL,NONE,NONE
MC_SPECIAL_FORGE_CORE_01,2,6,NONE,NONE,NONE,NONE,NONE,DB_MILL,NONE,NONE
MC_SPECIAL_FORGE_CORE_01,3,6,NONE,NONE,NONE,NONE,NONE,DB_MILL,NONE,NONE
MC_SPECIAL_FORGE_CORE_01,4,6,NONE,NONE,NONE,NONE,NONE,DB_MILL,NONE,NONE
MC_SPECIAL_FORGE_CORE_01,5,6,NONE,NONE,NONE,NONE,NONE,DB_MILL,NONE,NONE
MC_SPECIAL_FORGE_CORE_01,6,6,NONE,NONE,NONE,NONE,NONE,DB_MILL,NONE,NONE
MC_SPECIAL_FORGE_CORE_01,7,6,NONE,NONE,NONE,NONE,NONE,DB_MILL,NONE,NONE
MC_SPECIAL_FORGE_CORE_01,8,6,NONE,NONE,NONE,NONE,NONE,DB_MILL,NONE,NONE
MC_SPECIAL_FORGE_CORE_01,9,6,NONE,NONE,NONE,NONE,NONE,DB_MILL,NONE,NONE
MC_SPECIAL_FORGE_CORE_01,10,6,NONE,NONE,NONE,NONE,NONE,DB_MILL,NONE,NONE
MC_SPECIAL_FORGE_CORE_01,11,6,NONE,NONE,NONE,NONE,NONE,DB_MILL,NONE,NONE
MC_SPECIAL_FORGE_CORE_01,0,7,NONE,NONE,NONE,NONE,NONE,DB_MILL,NONE,NONE
MC_SPECIAL_FORGE_CORE_01,1,7,NONE,NONE,NONE,NONE,NONE,DB_MILL,NONE,NONE
MC_SPECIAL_FORGE_CORE_01,2,7,NONE,NONE,NONE,NONE,NONE,DB_MILL,NONE,NONE
MC_SPECIAL_FORGE_CORE_01,3,7,NONE,NONE,NONE,NONE,NONE,DB_MILL,NONE,NONE
MC_SPECIAL_FORGE_CORE_01,4,7,NONE,NONE,NONE,NONE,NONE,DB_MILL,NONE,NONE
MC_SPECIAL_FORGE_CORE_01,5,7,NONE,NONE,NONE,NONE,NONE,DB_MILL,NONE,NONE
MC_SPECIAL_FORGE_CORE_01,6,7,NONE,NONE,NONE,NONE,NONE,DB_MILL,NONE,NONE
MC_SPECIAL_FORGE_CORE_01,7,7,NONE,NONE,NONE,NONE,NONE,DB_MILL,NONE,NONE
MC_SPECIAL_FORGE_CORE_01,8,7,NONE,NONE,NONE,NONE,NONE,DB_MILL,NONE,NONE
MC_SPECIAL_FORGE_CORE_01,9,7,NONE,NONE,NONE,NONE,NONE,DB_MILL,NONE,NONE
MC_SPECIAL_FORGE_CORE_01,10,7,NONE,NONE,NONE,NONE,NONE,DB_MILL,NONE,NONE
MC_SPECIAL_FORGE_CORE_01,11,7,NONE,NONE,NONE,NONE,NONE,DB_MILL,NONE,NONE
MC_VILLAGE_PLAZA_01,0,0,G_MOON_ROCK,NONE,NONE,NONE,NONE,DB_CRATER,NONE,NONE
MC_VILLAGE_PLAZA_01,1,0,G_MOON_ROCK,NONE,NONE,NONE,NONE,DB_CRATER,NONE,NONE
MC_VILLAGE_PLAZA_01,2,0,G_MOON_ROCK,NONE,NONE,NONE,NONE,DB_CRATER,NONE,NONE
MC_VILLAGE_PLAZA_01,3,0,G_MOON_ROCK,NONE,NONE,NONE,NONE,DB_CRATER,NONE,NONE
MC_VILLAGE_PLAZA_01,4,0,G_MOON_ROCK,NONE,NONE,NONE,NONE,DB_CRATER,NONE,NONE
MC_VILLAGE_PLAZA_01,5,0,G_MOON_ROCK,NONE,NONE,NONE,NONE,DB_CRATER,NONE,NONE
MC_VILLAGE_PLAZA_01,6,0,G_MOON_ROCK,NONE,NONE,NONE,NONE,DB_CRATER,NONE,NONE
MC_VILLAGE_PLAZA_01,7,0,G_MOON_ROCK,NONE,NONE,NONE,NONE,DB_CRATER,NONE,NONE
MC_VILLAGE_PLAZA_01,8,0,G_MOON_ROCK,NONE,NONE,NONE,NONE,DB_CRATER,NONE,NONE
MC_VILLAGE_PLAZA_01,9,0,G_MOON_ROCK,NONE,NONE,NONE,NONE,DB_CRATER,NONE,NONE
MC_VILLAGE_PLAZA_01,10,0,G_MOON_ROCK,NONE,NONE,NONE,NONE,DB_CRATER,NONE,NONE
MC_VILLAGE_PLAZA_01,11,0,G_MOON_ROCK,NONE,NONE,NONE,NONE,DB_CRATER,NONE,NONE
MC_VILLAGE_PLAZA_01,0,1,NONE,NONE,NONE,NONE,NONE,DB_CRATER,NONE,M_ROUTE_MAIN
MC_VILLAGE_PLAZA_01,1,1,NONE,NONE,NONE,NONE,NONE,DB_CRATER,NONE,M_ROUTE_MAIN
MC_VILLAGE_PLAZA_01,2,1,NONE,NONE,NONE,NONE,NONE,DB_CRATER,NONE,M_ROUTE_MAIN
MC_VILLAGE_PLAZA_01,3,1,NONE,NONE,NONE,NONE,NONE,DB_CRATER,NONE,M_ROUTE_MAIN
MC_VILLAGE_PLAZA_01,4,1,NONE,NONE,NONE,NONE,NONE,DB_CRATER,NONE,M_ROUTE_MAIN
MC_VILLAGE_PLAZA_01,5,1,NONE,NONE,NONE,NONE,NONE,DB_CRATER,NONE,M_ROUTE_MAIN
MC_VILLAGE_PLAZA_01,6,1,NONE,NONE,NONE,NONE,NONE,DB_CRATER,NONE,M_SAFE
MC_VILLAGE_PLAZA_01,7,1,NONE,NONE,NONE,NONE,NONE,DB_CRATER,NONE,M_ROUTE_MAIN
MC_VILLAGE_PLAZA_01,8,1,NONE,NONE,NONE,NONE,NONE,DB_CRATER,NONE,M_ROUTE_MAIN
MC_VILLAGE_PLAZA_01,9,1,NONE,NONE,NONE,NONE,NONE,DB_CRATER,NONE,M_ROUTE_MAIN
MC_VILLAGE_PLAZA_01,10,1,NONE,NONE,NONE,NONE,NONE,DB_CRATER,NONE,M_ROUTE_MAIN
MC_VILLAGE_PLAZA_01,11,1,NONE,NONE,NONE,NONE,NONE,DB_CRATER,NONE,M_ROUTE_MAIN
MC_VILLAGE_PLAZA_01,0,2,NONE,NONE,NONE,NONE,NONE,DB_CRATER,NONE,NONE
MC_VILLAGE_PLAZA_01,1,2,NONE,NONE,NONE,NONE,NONE,DB_CRATER,NONE,NONE
MC_VILLAGE_PLAZA_01,2,2,NONE,NONE,NONE,NONE,NONE,DB_CRATER,NONE,NONE
MC_VILLAGE_PLAZA_01,3,2,NONE,NONE,NONE,NONE,NONE,DB_CRATER,NONE,NONE
MC_VILLAGE_PLAZA_01,4,2,NONE,NONE,NONE,NONE,NONE,DB_CRATER,NONE,NONE
MC_VILLAGE_PLAZA_01,5,2,NONE,NONE,NONE,NONE,NONE,DB_CRATER,NONE,NONE
MC_VILLAGE_PLAZA_01,6,2,NONE,NONE,NONE,NONE,NONE,DB_CRATER,NONE,NONE
MC_VILLAGE_PLAZA_01,7,2,NONE,NONE,NONE,NONE,NONE,DB_CRATER,NONE,NONE
MC_VILLAGE_PLAZA_01,8,2,NONE,NONE,NONE,NONE,NONE,DB_CRATER,NONE,NONE
MC_VILLAGE_PLAZA_01,9,2,NONE,NONE,NONE,NONE,NONE,DB_CRATER,NONE,NONE
MC_VILLAGE_PLAZA_01,10,2,NONE,NONE,NONE,NONE,NONE,DB_CRATER,NONE,NONE
MC_VILLAGE_PLAZA_01,11,2,NONE,NONE,NONE,NONE,NONE,DB_CRATER,NONE,NONE
MC_VILLAGE_PLAZA_01,0,3,NONE,NONE,NONE,NONE,NONE,DB_CRATER,NONE,M_SOCKET
MC_VILLAGE_PLAZA_01,1,3,NONE,NONE,NONE,NONE,NONE,DB_CRATER,NONE,NONE
MC_VILLAGE_PLAZA_01,2,3,NONE,NONE,NONE,NONE,NONE,DB_CRATER,NONE,NONE
MC_VILLAGE_PLAZA_01,3,3,NONE,NONE,NONE,NONE,NONE,DB_CRATER,NONE,NONE
MC_VILLAGE_PLAZA_01,4,3,NONE,NONE,NONE,NONE,NONE,DB_CRATER,NONE,NONE
MC_VILLAGE_PLAZA_01,5,3,NONE,NONE,NONE,NONE,NONE,DB_CRATER,NONE,NONE
MC_VILLAGE_PLAZA_01,6,3,NONE,NONE,NONE,NONE,NONE,DB_CRATER,NONE,NONE
MC_VILLAGE_PLAZA_01,7,3,NONE,NONE,NONE,NONE,NONE,DB_CRATER,NONE,NONE
MC_VILLAGE_PLAZA_01,8,3,NONE,NONE,NONE,NONE,NONE,DB_CRATER,NONE,NONE
MC_VILLAGE_PLAZA_01,9,3,NONE,NONE,NONE,NONE,NONE,DB_CRATER,NONE,NONE
MC_VILLAGE_PLAZA_01,10,3,NONE,NONE,NONE,NONE,NONE,DB_CRATER,NONE,NONE
MC_VILLAGE_PLAZA_01,11,3,NONE,NONE,NONE,NONE,NONE,DB_CRATER,NONE,M_SOCKET
MC_VILLAGE_PLAZA_01,0,4,NONE,NONE,NONE,NONE,NONE,DB_CRATER,NONE,M_SOCKET
MC_VILLAGE_PLAZA_01,1,4,NONE,NONE,NONE,NONE,NONE,DB_CRATER,NONE,NONE
MC_VILLAGE_PLAZA_01,2,4,NONE,NONE,NONE,NONE,NONE,DB_CRATER,NONE,NONE
MC_VILLAGE_PLAZA_01,3,4,NONE,NONE,NONE,NONE,NONE,DB_CRATER,NONE,NONE
MC_VILLAGE_PLAZA_01,4,4,NONE,NONE,NONE,NONE,NONE,DB_CRATER,NONE,NONE
MC_VILLAGE_PLAZA_01,5,4,NONE,NONE,NONE,NONE,NONE,DB_CRATER,NONE,NONE
MC_VILLAGE_PLAZA_01,6,4,NONE,NONE,NONE,NONE,NONE,DB_CRATER,NONE,NONE
MC_VILLAGE_PLAZA_01,7,4,NONE,NONE,NONE,NONE,NONE,DB_CRATER,NONE,NONE
MC_VILLAGE_PLAZA_01,8,4,NONE,NONE,NONE,NONE,NONE,DB_CRATER,NONE,NONE
MC_VILLAGE_PLAZA_01,9,4,NONE,NONE,NONE,NONE,NONE,DB_CRATER,NONE,NONE
MC_VILLAGE_PLAZA_01,10,4,NONE,NONE,NONE,NONE,NONE,DB_CRATER,NONE,NONE
MC_VILLAGE_PLAZA_01,11,4,NONE,NONE,NONE,NONE,NONE,DB_CRATER,NONE,M_SOCKET
MC_VILLAGE_PLAZA_01,0,5,NONE,NONE,NONE,NONE,NONE,DB_CRATER,NONE,NONE
MC_VILLAGE_PLAZA_01,1,5,NONE,NONE,NONE,NONE,NONE,DB_CRATER,NONE,NONE
MC_VILLAGE_PLAZA_01,2,5,NONE,NONE,NONE,NONE,NONE,DB_CRATER,NONE,NONE
MC_VILLAGE_PLAZA_01,3,5,NONE,NONE,NONE,NONE,NONE,DB_CRATER,NONE,NONE
MC_VILLAGE_PLAZA_01,4,5,NONE,NONE,NONE,NONE,NONE,DB_CRATER,NONE,NONE
MC_VILLAGE_PLAZA_01,5,5,NONE,NONE,NONE,NONE,NONE,DB_CRATER,NONE,NONE
MC_VILLAGE_PLAZA_01,6,5,NONE,NONE,NONE,NONE,NONE,DB_CRATER,NONE,NONE
MC_VILLAGE_PLAZA_01,7,5,NONE,NONE,NONE,NONE,NONE,DB_CRATER,NONE,NONE
MC_VILLAGE_PLAZA_01,8,5,NONE,NONE,NONE,NONE,NONE,DB_CRATER,NONE,NONE
MC_VILLAGE_PLAZA_01,9,5,NONE,NONE,NONE,NONE,NONE,DB_CRATER,NONE,NONE
MC_VILLAGE_PLAZA_01,10,5,NONE,NONE,NONE,NONE,NONE,DB_CRATER,NONE,NONE
MC_VILLAGE_PLAZA_01,11,5,NONE,NONE,NONE,NONE,NONE,DB_CRATER,NONE,NONE
MC_VILLAGE_PLAZA_01,0,6,NONE,NONE,NONE,NONE,NONE,DB_CRATER,NONE,NONE
MC_VILLAGE_PLAZA_01,1,6,NONE,NONE,NONE,NONE,NONE,DB_CRATER,NONE,NONE
MC_VILLAGE_PLAZA_01,2,6,NONE,NONE,NONE,NONE,NONE,DB_CRATER,NONE,NONE
MC_VILLAGE_PLAZA_01,3,6,NONE,NONE,NONE,NONE,NONE,DB_CRATER,NONE,NONE
MC_VILLAGE_PLAZA_01,4,6,NONE,NONE,NONE,NONE,NONE,DB_CRATER,NONE,NONE
MC_VILLAGE_PLAZA_01,5,6,NONE,NONE,NONE,NONE,NONE,DB_CRATER,NONE,NONE
MC_VILLAGE_PLAZA_01,6,6,NONE,NONE,NONE,NONE,NONE,DB_CRATER,NONE,NONE
MC_VILLAGE_PLAZA_01,7,6,NONE,NONE,NONE,NONE,NONE,DB_CRATER,NONE,NONE
MC_VILLAGE_PLAZA_01,8,6,NONE,NONE,NONE,NONE,NONE,DB_CRATER,NONE,NONE
MC_VILLAGE_PLAZA_01,9,6,NONE,NONE,NONE,NONE,NONE,DB_CRATER,NONE,NONE
MC_VILLAGE_PLAZA_01,10,6,NONE,NONE,NONE,NONE,NONE,DB_CRATER,NONE,NONE
MC_VILLAGE_PLAZA_01,11,6,NONE,NONE,NONE,NONE,NONE,DB_CRATER,NONE,NONE
MC_VILLAGE_PLAZA_01,0,7,NONE,NONE,NONE,NONE,NONE,DB_CRATER,NONE,NONE
MC_VILLAGE_PLAZA_01,1,7,NONE,NONE,NONE,NONE,NONE,DB_CRATER,NONE,NONE
MC_VILLAGE_PLAZA_01,2,7,NONE,NONE,NONE,NONE,NONE,DB_CRATER,NONE,NONE
MC_VILLAGE_PLAZA_01,3,7,NONE,NONE,NONE,NONE,NONE,DB_CRATER,NONE,NONE
MC_VILLAGE_PLAZA_01,4,7,NONE,NONE,NONE,NONE,NONE,DB_CRATER,NONE,NONE
MC_VILLAGE_PLAZA_01,5,7,NONE,NONE,NONE,NONE,NONE,DB_CRATER,NONE,NONE
MC_VILLAGE_PLAZA_01,6,7,NONE,NONE,NONE,NONE,NONE,DB_CRATER,NONE,NONE
MC_VILLAGE_PLAZA_01,7,7,NONE,NONE,NONE,NONE,NONE,DB_CRATER,NONE,NONE
MC_VILLAGE_PLAZA_01,8,7,NONE,NONE,NONE,NONE,NONE,DB_CRATER,NONE,NONE
MC_VILLAGE_PLAZA_01,9,7,NONE,NONE,NONE,NONE,NONE,DB_CRATER,NONE,NONE
MC_VILLAGE_PLAZA_01,10,7,NONE,NONE,NONE,NONE,NONE,DB_CRATER,NONE,NONE
MC_VILLAGE_PLAZA_01,11,7,NONE,NONE,NONE,NONE,NONE,DB_CRATER,NONE,NONE
MC_VILLAGE_ROAD_01,0,0,G_MOON_ROCK,NONE,NONE,NONE,NONE,DB_CRATER,NONE,NONE
MC_VILLAGE_ROAD_01,1,0,G_MOON_ROCK,NONE,NONE,NONE,NONE,DB_CRATER,NONE,NONE
MC_VILLAGE_ROAD_01,2,0,G_MOON_ROCK,NONE,NONE,NONE,NONE,DB_CRATER,NONE,NONE
MC_VILLAGE_ROAD_01,3,0,G_MOON_ROCK,NONE,NONE,NONE,NONE,DB_CRATER,NONE,NONE
MC_VILLAGE_ROAD_01,4,0,G_MOON_ROCK,NONE,NONE,NONE,NONE,DB_CRATER,NONE,NONE
MC_VILLAGE_ROAD_01,5,0,G_MOON_ROCK,NONE,NONE,NONE,NONE,DB_CRATER,NONE,NONE
MC_VILLAGE_ROAD_01,6,0,G_MOON_ROCK,NONE,NONE,NONE,NONE,DB_CRATER,NONE,NONE
MC_VILLAGE_ROAD_01,7,0,G_MOON_ROCK,NONE,NONE,NONE,NONE,DB_CRATER,NONE,NONE
MC_VILLAGE_ROAD_01,8,0,G_MOON_ROCK,NONE,NONE,NONE,NONE,DB_CRATER,NONE,NONE
MC_VILLAGE_ROAD_01,9,0,G_MOON_ROCK,NONE,NONE,NONE,NONE,DB_CRATER,NONE,NONE
MC_VILLAGE_ROAD_01,10,0,G_MOON_ROCK,NONE,NONE,NONE,NONE,DB_CRATER,NONE,NONE
MC_VILLAGE_ROAD_01,11,0,G_MOON_ROCK,NONE,NONE,NONE,NONE,DB_CRATER,NONE,NONE
MC_VILLAGE_ROAD_01,0,1,NONE,NONE,NONE,NONE,NONE,DB_CRATER,NONE,M_ROUTE_MAIN
MC_VILLAGE_ROAD_01,1,1,NONE,NONE,NONE,NONE,NONE,DB_CRATER,NONE,M_ROUTE_MAIN
MC_VILLAGE_ROAD_01,2,1,NONE,NONE,NONE,NONE,NONE,DB_CRATER,NONE,M_ROUTE_MAIN
MC_VILLAGE_ROAD_01,3,1,NONE,NONE,NONE,NONE,NONE,DB_CRATER,NONE,M_ROUTE_MAIN
MC_VILLAGE_ROAD_01,4,1,NONE,NONE,NONE,NONE,NONE,DB_CRATER,NONE,M_ROUTE_MAIN
MC_VILLAGE_ROAD_01,5,1,NONE,NONE,NONE,NONE,NONE,DB_CRATER,NONE,M_ROUTE_MAIN
MC_VILLAGE_ROAD_01,6,1,NONE,NONE,NONE,NONE,NONE,DB_CRATER,NONE,M_ROUTE_MAIN
MC_VILLAGE_ROAD_01,7,1,NONE,NONE,NONE,NONE,NONE,DB_CRATER,NONE,M_ROUTE_MAIN
MC_VILLAGE_ROAD_01,8,1,NONE,NONE,NONE,NONE,NONE,DB_CRATER,NONE,M_ROUTE_MAIN
MC_VILLAGE_ROAD_01,9,1,NONE,NONE,NONE,NONE,NONE,DB_CRATER,NONE,M_ROUTE_MAIN
MC_VILLAGE_ROAD_01,10,1,NONE,NONE,NONE,NONE,NONE,DB_CRATER,NONE,M_ROUTE_MAIN
MC_VILLAGE_ROAD_01,11,1,NONE,NONE,NONE,NONE,NONE,DB_CRATER,NONE,M_ROUTE_MAIN
MC_VILLAGE_ROAD_01,0,2,NONE,NONE,NONE,NONE,NONE,DB_CRATER,NONE,NONE
MC_VILLAGE_ROAD_01,1,2,NONE,NONE,NONE,NONE,NONE,DB_CRATER,NONE,NONE
MC_VILLAGE_ROAD_01,2,2,NONE,NONE,NONE,NONE,NONE,DB_CRATER,NONE,NONE
MC_VILLAGE_ROAD_01,3,2,NONE,NONE,NONE,NONE,NONE,DB_CRATER,NONE,NONE
MC_VILLAGE_ROAD_01,4,2,NONE,NONE,NONE,NONE,NONE,DB_CRATER,NONE,NONE
MC_VILLAGE_ROAD_01,5,2,NONE,NONE,NONE,NONE,NONE,DB_CRATER,NONE,NONE
MC_VILLAGE_ROAD_01,6,2,NONE,NONE,NONE,NONE,NONE,DB_CRATER,NONE,NONE
MC_VILLAGE_ROAD_01,7,2,NONE,NONE,NONE,NONE,NONE,DB_CRATER,NONE,NONE
MC_VILLAGE_ROAD_01,8,2,NONE,NONE,NONE,NONE,NONE,DB_CRATER,NONE,NONE
MC_VILLAGE_ROAD_01,9,2,NONE,NONE,NONE,NONE,NONE,DB_CRATER,NONE,NONE
MC_VILLAGE_ROAD_01,10,2,NONE,NONE,NONE,NONE,NONE,DB_CRATER,NONE,NONE
MC_VILLAGE_ROAD_01,11,2,NONE,NONE,NONE,NONE,NONE,DB_CRATER,NONE,NONE
MC_VILLAGE_ROAD_01,0,3,NONE,NONE,NONE,NONE,NONE,DB_CRATER,NONE,M_SOCKET
MC_VILLAGE_ROAD_01,1,3,NONE,NONE,NONE,NONE,NONE,DB_CRATER,NONE,NONE
MC_VILLAGE_ROAD_01,2,3,NONE,NONE,NONE,NONE,NONE,DB_CRATER,NONE,NONE
MC_VILLAGE_ROAD_01,3,3,NONE,NONE,NONE,NONE,NONE,DB_CRATER,NONE,NONE
MC_VILLAGE_ROAD_01,4,3,NONE,NONE,NONE,NONE,NONE,DB_CRATER,NONE,NONE
MC_VILLAGE_ROAD_01,5,3,NONE,NONE,NONE,NONE,NONE,DB_CRATER,NONE,NONE
MC_VILLAGE_ROAD_01,6,3,NONE,NONE,NONE,NONE,NONE,DB_CRATER,NONE,NONE
MC_VILLAGE_ROAD_01,7,3,NONE,NONE,NONE,NONE,NONE,DB_CRATER,NONE,NONE
MC_VILLAGE_ROAD_01,8,3,NONE,NONE,NONE,NONE,NONE,DB_CRATER,NONE,NONE
MC_VILLAGE_ROAD_01,9,3,NONE,NONE,NONE,NONE,NONE,DB_CRATER,NONE,NONE
MC_VILLAGE_ROAD_01,10,3,NONE,NONE,NONE,NONE,NONE,DB_CRATER,NONE,NONE
MC_VILLAGE_ROAD_01,11,3,NONE,NONE,NONE,NONE,NONE,DB_CRATER,NONE,M_SOCKET
MC_VILLAGE_ROAD_01,0,4,NONE,NONE,NONE,NONE,NONE,DB_CRATER,NONE,M_SOCKET
MC_VILLAGE_ROAD_01,1,4,NONE,NONE,NONE,NONE,NONE,DB_CRATER,NONE,NONE
MC_VILLAGE_ROAD_01,2,4,NONE,NONE,NONE,NONE,NONE,DB_CRATER,NONE,NONE
MC_VILLAGE_ROAD_01,3,4,NONE,NONE,NONE,NONE,NONE,DB_CRATER,NONE,NONE
MC_VILLAGE_ROAD_01,4,4,NONE,NONE,NONE,NONE,NONE,DB_CRATER,NONE,NONE
MC_VILLAGE_ROAD_01,5,4,NONE,NONE,NONE,NONE,NONE,DB_CRATER,NONE,NONE
MC_VILLAGE_ROAD_01,6,4,NONE,NONE,NONE,NONE,NONE,DB_CRATER,NONE,NONE
MC_VILLAGE_ROAD_01,7,4,NONE,NONE,NONE,NONE,NONE,DB_CRATER,NONE,NONE
MC_VILLAGE_ROAD_01,8,4,NONE,NONE,NONE,NONE,NONE,DB_CRATER,NONE,NONE
MC_VILLAGE_ROAD_01,9,4,NONE,NONE,NONE,NONE,NONE,DB_CRATER,NONE,NONE
MC_VILLAGE_ROAD_01,10,4,NONE,NONE,NONE,NONE,NONE,DB_CRATER,NONE,NONE
MC_VILLAGE_ROAD_01,11,4,NONE,NONE,NONE,NONE,NONE,DB_CRATER,NONE,M_SOCKET
MC_VILLAGE_ROAD_01,0,5,NONE,NONE,NONE,NONE,NONE,DB_CRATER,NONE,NONE
MC_VILLAGE_ROAD_01,1,5,NONE,NONE,NONE,NONE,NONE,DB_CRATER,NONE,NONE
MC_VILLAGE_ROAD_01,2,5,NONE,NONE,NONE,NONE,NONE,DB_CRATER,NONE,NONE
MC_VILLAGE_ROAD_01,3,5,NONE,NONE,NONE,NONE,NONE,DB_CRATER,NONE,NONE
MC_VILLAGE_ROAD_01,4,5,NONE,NONE,NONE,NONE,NONE,DB_CRATER,NONE,NONE
MC_VILLAGE_ROAD_01,5,5,NONE,NONE,NONE,NONE,NONE,DB_CRATER,NONE,NONE
MC_VILLAGE_ROAD_01,6,5,NONE,NONE,NONE,NONE,NONE,DB_CRATER,NONE,NONE
MC_VILLAGE_ROAD_01,7,5,NONE,NONE,NONE,NONE,NONE,DB_CRATER,NONE,NONE
MC_VILLAGE_ROAD_01,8,5,NONE,NONE,NONE,NONE,NONE,DB_CRATER,NONE,NONE
MC_VILLAGE_ROAD_01,9,5,NONE,NONE,NONE,NONE,NONE,DB_CRATER,NONE,NONE
MC_VILLAGE_ROAD_01,10,5,NONE,NONE,NONE,NONE,NONE,DB_CRATER,NONE,NONE
MC_VILLAGE_ROAD_01,11,5,NONE,NONE,NONE,NONE,NONE,DB_CRATER,NONE,NONE
MC_VILLAGE_ROAD_01,0,6,NONE,NONE,NONE,NONE,NONE,DB_CRATER,NONE,NONE
MC_VILLAGE_ROAD_01,1,6,NONE,NONE,NONE,NONE,NONE,DB_CRATER,NONE,NONE
MC_VILLAGE_ROAD_01,2,6,NONE,NONE,NONE,NONE,NONE,DB_CRATER,NONE,NONE
MC_VILLAGE_ROAD_01,3,6,NONE,NONE,NONE,NONE,NONE,DB_CRATER,NONE,NONE
MC_VILLAGE_ROAD_01,4,6,NONE,NONE,NONE,NONE,NONE,DB_CRATER,NONE,NONE
MC_VILLAGE_ROAD_01,5,6,NONE,NONE,NONE,NONE,NONE,DB_CRATER,NONE,NONE
MC_VILLAGE_ROAD_01,6,6,NONE,NONE,NONE,NONE,NONE,DB_CRATER,NONE,NONE
MC_VILLAGE_ROAD_01,7,6,NONE,NONE,NONE,NONE,NONE,DB_CRATER,NONE,NONE
MC_VILLAGE_ROAD_01,8,6,NONE,NONE,NONE,NONE,NONE,DB_CRATER,NONE,NONE
MC_VILLAGE_ROAD_01,9,6,NONE,NONE,NONE,NONE,NONE,DB_CRATER,NONE,NONE
MC_VILLAGE_ROAD_01,10,6,NONE,NONE,NONE,NONE,NONE,DB_CRATER,NONE,NONE
MC_VILLAGE_ROAD_01,11,6,NONE,NONE,NONE,NONE,NONE,DB_CRATER,NONE,NONE
MC_VILLAGE_ROAD_01,0,7,NONE,NONE,NONE,NONE,NONE,DB_CRATER,NONE,NONE
MC_VILLAGE_ROAD_01,1,7,NONE,NONE,NONE,NONE,NONE,DB_CRATER,NONE,NONE
MC_VILLAGE_ROAD_01,2,7,NONE,NONE,NONE,NONE,NONE,DB_CRATER,NONE,NONE
MC_VILLAGE_ROAD_01,3,7,NONE,NONE,NONE,NONE,NONE,DB_CRATER,NONE,NONE
MC_VILLAGE_ROAD_01,4,7,NONE,NONE,NONE,NONE,NONE,DB_CRATER,NONE,NONE
MC_VILLAGE_ROAD_01,5,7,NONE,NONE,NONE,NONE,NONE,DB_CRATER,NONE,NONE
MC_VILLAGE_ROAD_01,6,7,NONE,NONE,NONE,NONE,NONE,DB_CRATER,NONE,NONE
MC_VILLAGE_ROAD_01,7,7,NONE,NONE,NONE,NONE,NONE,DB_CRATER,NONE,NONE
MC_VILLAGE_ROAD_01,8,7,NONE,NONE,NONE,NONE,NONE,DB_CRATER,NONE,NONE
MC_VILLAGE_ROAD_01,9,7,NONE,NONE,NONE,NONE,NONE,DB_CRATER,NONE,NONE
MC_VILLAGE_ROAD_01,10,7,NONE,NONE,NONE,NONE,NONE,DB_CRATER,NONE,NONE
MC_VILLAGE_ROAD_01,11,7,NONE,NONE,NONE,NONE,NONE,DB_CRATER,NONE,NONE
MC_BOUND_CRATER_ROOT_V_SOFT_01,0,0,G_MOON_ROCK,NONE,NONE,NONE,NONE,DB_CRATER,NONE,NONE
MC_BOUND_CRATER_ROOT_V_SOFT_01,1,0,NONE,NONE,NONE,NONE,NONE,DB_CRATER,NONE,NONE
MC_BOUND_CRATER_ROOT_V_SOFT_01,2,0,NONE,NONE,NONE,NONE,NONE,DB_CRATER,NONE,NONE
MC_BOUND_CRATER_ROOT_V_SOFT_01,3,0,NONE,NONE,NONE,NONE,NONE,DB_CRATER,NONE,NONE
MC_BOUND_CRATER_ROOT_V_SOFT_01,4,0,NONE,NONE,NONE,NONE,NONE,DB_CRATER,NONE,NONE
MC_BOUND_CRATER_ROOT_V_SOFT_01,5,0,NONE,NONE,NONE,NONE,NONE,DB_CRATER,NONE,M_SOCKET
MC_BOUND_CRATER_ROOT_V_SOFT_01,6,0,NONE,NONE,NONE,NONE,NONE,DB_CRATER,NONE,M_SOCKET
MC_BOUND_CRATER_ROOT_V_SOFT_01,7,0,NONE,NONE,NONE,NONE,NONE,DB_CRATER,NONE,NONE
MC_BOUND_CRATER_ROOT_V_SOFT_01,8,0,NONE,NONE,NONE,NONE,NONE,DB_CRATER,NONE,NONE
MC_BOUND_CRATER_ROOT_V_SOFT_01,9,0,NONE,NONE,NONE,NONE,NONE,DB_CRATER,NONE,NONE
MC_BOUND_CRATER_ROOT_V_SOFT_01,10,0,NONE,NONE,NONE,NONE,NONE,DB_CRATER,NONE,NONE
MC_BOUND_CRATER_ROOT_V_SOFT_01,11,0,G_MOON_ROCK,NONE,NONE,NONE,NONE,DB_CRATER,NONE,NONE
MC_BOUND_CRATER_ROOT_V_SOFT_01,0,1,G_MOON_ROCK,NONE,NONE,NONE,NONE,DB_CRATER,NONE,NONE
MC_BOUND_CRATER_ROOT_V_SOFT_01,1,1,NONE,NONE,NONE,NONE,NONE,DB_CRATER,NONE,NONE
MC_BOUND_CRATER_ROOT_V_SOFT_01,2,1,NONE,NONE,NONE,NONE,NONE,DB_CRATER,NONE,NONE
MC_BOUND_CRATER_ROOT_V_SOFT_01,3,1,NONE,NONE,NONE,NONE,NONE,DB_CRATER,NONE,NONE
MC_BOUND_CRATER_ROOT_V_SOFT_01,4,1,NONE,NONE,NONE,NONE,NONE,DB_CRATER,NONE,NONE
MC_BOUND_CRATER_ROOT_V_SOFT_01,5,1,NONE,NONE,NONE,NONE,NONE,DB_CRATER,NONE,M_ROUTE_MAIN
MC_BOUND_CRATER_ROOT_V_SOFT_01,6,1,NONE,NONE,NONE,NONE,NONE,DB_CRATER,NONE,M_ROUTE_MAIN
MC_BOUND_CRATER_ROOT_V_SOFT_01,7,1,NONE,NONE,NONE,NONE,NONE,DB_CRATER,NONE,NONE
MC_BOUND_CRATER_ROOT_V_SOFT_01,8,1,NONE,NONE,NONE,NONE,NONE,DB_CRATER,NONE,NONE
MC_BOUND_CRATER_ROOT_V_SOFT_01,9,1,NONE,NONE,NONE,NONE,NONE,DB_CRATER,NONE,NONE
MC_BOUND_CRATER_ROOT_V_SOFT_01,10,1,NONE,NONE,NONE,NONE,NONE,DB_CRATER,NONE,NONE
MC_BOUND_CRATER_ROOT_V_SOFT_01,11,1,G_MOON_ROCK,NONE,NONE,NONE,NONE,DB_CRATER,NONE,NONE
MC_BOUND_CRATER_ROOT_V_SOFT_01,0,2,G_MOON_ROCK,NONE,NONE,NONE,NONE,DB_CRATER,NONE,NONE
MC_BOUND_CRATER_ROOT_V_SOFT_01,1,2,NONE,NONE,NONE,NONE,NONE,DB_CRATER,NONE,NONE
MC_BOUND_CRATER_ROOT_V_SOFT_01,2,2,NONE,NONE,NONE,NONE,NONE,DB_CRATER,NONE,NONE
MC_BOUND_CRATER_ROOT_V_SOFT_01,3,2,NONE,NONE,NONE,NONE,NONE,DB_CRATER,NONE,NONE
MC_BOUND_CRATER_ROOT_V_SOFT_01,4,2,NONE,NONE,NONE,NONE,NONE,DB_CRATER,NONE,NONE
MC_BOUND_CRATER_ROOT_V_SOFT_01,5,2,NONE,NONE,NONE,NONE,NONE,DB_CRATER,NONE,M_ROUTE_MAIN
MC_BOUND_CRATER_ROOT_V_SOFT_01,6,2,NONE,NONE,NONE,NONE,NONE,DB_CRATER,NONE,M_ROUTE_MAIN
MC_BOUND_CRATER_ROOT_V_SOFT_01,7,2,NONE,NONE,NONE,NONE,NONE,DB_CRATER,NONE,NONE
MC_BOUND_CRATER_ROOT_V_SOFT_01,8,2,NONE,NONE,NONE,NONE,NONE,DB_CRATER,NONE,NONE
MC_BOUND_CRATER_ROOT_V_SOFT_01,9,2,NONE,NONE,NONE,NONE,NONE,DB_CRATER,NONE,NONE
MC_BOUND_CRATER_ROOT_V_SOFT_01,10,2,NONE,NONE,NONE,NONE,NONE,DB_CRATER,NONE,NONE
MC_BOUND_CRATER_ROOT_V_SOFT_01,11,2,G_MOON_ROCK,NONE,NONE,NONE,NONE,DB_CRATER,NONE,NONE
MC_BOUND_CRATER_ROOT_V_SOFT_01,0,3,G_MOON_ROCK,NONE,NONE,NONE,NONE,DB_CRATER,NONE,NONE
MC_BOUND_CRATER_ROOT_V_SOFT_01,1,3,NONE,NONE,NONE,NONE,NONE,DB_CRATER,NONE,NONE
MC_BOUND_CRATER_ROOT_V_SOFT_01,2,3,NONE,NONE,NONE,NONE,NONE,DB_CRATER,NONE,NONE
MC_BOUND_CRATER_ROOT_V_SOFT_01,3,3,NONE,NONE,NONE,NONE,NONE,DB_CRATER,NONE,NONE
MC_BOUND_CRATER_ROOT_V_SOFT_01,4,3,NONE,NONE,NONE,NONE,NONE,DB_CRATER,NONE,NONE
MC_BOUND_CRATER_ROOT_V_SOFT_01,5,3,NONE,NONE,NONE,NONE,NONE,DB_CRATER,NONE,M_ROUTE_MAIN
MC_BOUND_CRATER_ROOT_V_SOFT_01,6,3,NONE,NONE,NONE,NONE,NONE,DB_CRATER,NONE,M_ROUTE_MAIN
MC_BOUND_CRATER_ROOT_V_SOFT_01,7,3,NONE,NONE,NONE,NONE,NONE,DB_CRATER,NONE,NONE
MC_BOUND_CRATER_ROOT_V_SOFT_01,8,3,NONE,NONE,NONE,NONE,NONE,DB_CRATER,NONE,NONE
MC_BOUND_CRATER_ROOT_V_SOFT_01,9,3,NONE,NONE,NONE,NONE,NONE,DB_CRATER,NONE,NONE
MC_BOUND_CRATER_ROOT_V_SOFT_01,10,3,NONE,NONE,NONE,NONE,NONE,DB_CRATER,NONE,NONE
MC_BOUND_CRATER_ROOT_V_SOFT_01,11,3,G_MOON_ROCK,NONE,NONE,NONE,NONE,DB_CRATER,NONE,NONE
MC_BOUND_CRATER_ROOT_V_SOFT_01,0,4,G_CASSIA_WOOD,NONE,NONE,NONE,NONE,DB_ROOT,NONE,NONE
MC_BOUND_CRATER_ROOT_V_SOFT_01,1,4,NONE,NONE,NONE,NONE,NONE,DB_ROOT,NONE,NONE
MC_BOUND_CRATER_ROOT_V_SOFT_01,2,4,NONE,NONE,NONE,NONE,NONE,DB_ROOT,NONE,NONE
MC_BOUND_CRATER_ROOT_V_SOFT_01,3,4,NONE,NONE,NONE,NONE,NONE,DB_ROOT,NONE,NONE
MC_BOUND_CRATER_ROOT_V_SOFT_01,4,4,NONE,NONE,NONE,NONE,NONE,DB_ROOT,NONE,NONE
MC_BOUND_CRATER_ROOT_V_SOFT_01,5,4,NONE,NONE,NONE,NONE,NONE,DB_ROOT,NONE,M_ROUTE_MAIN
MC_BOUND_CRATER_ROOT_V_SOFT_01,6,4,NONE,NONE,NONE,NONE,NONE,DB_ROOT,NONE,M_ROUTE_MAIN
MC_BOUND_CRATER_ROOT_V_SOFT_01,7,4,NONE,NONE,NONE,NONE,NONE,DB_ROOT,NONE,NONE
MC_BOUND_CRATER_ROOT_V_SOFT_01,8,4,NONE,NONE,NONE,NONE,NONE,DB_ROOT,NONE,NONE
MC_BOUND_CRATER_ROOT_V_SOFT_01,9,4,NONE,NONE,NONE,NONE,NONE,DB_ROOT,NONE,NONE
MC_BOUND_CRATER_ROOT_V_SOFT_01,10,4,NONE,NONE,NONE,NONE,NONE,DB_ROOT,NONE,NONE
MC_BOUND_CRATER_ROOT_V_SOFT_01,11,4,G_CASSIA_WOOD,NONE,NONE,NONE,NONE,DB_ROOT,NONE,NONE
MC_BOUND_CRATER_ROOT_V_SOFT_01,0,5,G_CASSIA_WOOD,NONE,NONE,NONE,NONE,DB_ROOT,NONE,NONE
MC_BOUND_CRATER_ROOT_V_SOFT_01,1,5,NONE,NONE,NONE,NONE,NONE,DB_ROOT,NONE,NONE
MC_BOUND_CRATER_ROOT_V_SOFT_01,2,5,NONE,NONE,NONE,NONE,NONE,DB_ROOT,NONE,NONE
MC_BOUND_CRATER_ROOT_V_SOFT_01,3,5,NONE,NONE,NONE,NONE,NONE,DB_ROOT,NONE,NONE
MC_BOUND_CRATER_ROOT_V_SOFT_01,4,5,NONE,NONE,NONE,NONE,NONE,DB_ROOT,NONE,NONE
MC_BOUND_CRATER_ROOT_V_SOFT_01,5,5,NONE,NONE,NONE,NONE,NONE,DB_ROOT,NONE,M_ROUTE_MAIN
MC_BOUND_CRATER_ROOT_V_SOFT_01,6,5,NONE,NONE,NONE,NONE,NONE,DB_ROOT,NONE,M_ROUTE_MAIN
MC_BOUND_CRATER_ROOT_V_SOFT_01,7,5,NONE,NONE,NONE,NONE,NONE,DB_ROOT,NONE,NONE
MC_BOUND_CRATER_ROOT_V_SOFT_01,8,5,NONE,NONE,NONE,NONE,NONE,DB_ROOT,NONE,NONE
MC_BOUND_CRATER_ROOT_V_SOFT_01,9,5,NONE,NONE,NONE,NONE,NONE,DB_ROOT,NONE,NONE
MC_BOUND_CRATER_ROOT_V_SOFT_01,10,5,NONE,NONE,NONE,NONE,NONE,DB_ROOT,NONE,NONE
MC_BOUND_CRATER_ROOT_V_SOFT_01,11,5,G_CASSIA_WOOD,NONE,NONE,NONE,NONE,DB_ROOT,NONE,NONE
MC_BOUND_CRATER_ROOT_V_SOFT_01,0,6,G_CASSIA_WOOD,NONE,NONE,NONE,NONE,DB_ROOT,NONE,NONE
MC_BOUND_CRATER_ROOT_V_SOFT_01,1,6,NONE,NONE,NONE,NONE,NONE,DB_ROOT,NONE,NONE
MC_BOUND_CRATER_ROOT_V_SOFT_01,2,6,NONE,NONE,NONE,NONE,NONE,DB_ROOT,NONE,NONE
MC_BOUND_CRATER_ROOT_V_SOFT_01,3,6,NONE,NONE,NONE,NONE,NONE,DB_ROOT,NONE,NONE
MC_BOUND_CRATER_ROOT_V_SOFT_01,4,6,NONE,NONE,NONE,NONE,NONE,DB_ROOT,NONE,NONE
MC_BOUND_CRATER_ROOT_V_SOFT_01,5,6,NONE,NONE,NONE,NONE,NONE,DB_ROOT,NONE,M_ROUTE_MAIN
MC_BOUND_CRATER_ROOT_V_SOFT_01,6,6,NONE,NONE,NONE,NONE,NONE,DB_ROOT,NONE,M_ROUTE_MAIN
MC_BOUND_CRATER_ROOT_V_SOFT_01,7,6,NONE,NONE,NONE,NONE,NONE,DB_ROOT,NONE,NONE
MC_BOUND_CRATER_ROOT_V_SOFT_01,8,6,NONE,NONE,NONE,NONE,NONE,DB_ROOT,NONE,NONE
MC_BOUND_CRATER_ROOT_V_SOFT_01,9,6,NONE,NONE,NONE,NONE,NONE,DB_ROOT,NONE,NONE
MC_BOUND_CRATER_ROOT_V_SOFT_01,10,6,NONE,NONE,NONE,NONE,NONE,DB_ROOT,NONE,NONE
MC_BOUND_CRATER_ROOT_V_SOFT_01,11,6,G_CASSIA_WOOD,NONE,NONE,NONE,NONE,DB_ROOT,NONE,NONE
MC_BOUND_CRATER_ROOT_V_SOFT_01,0,7,G_CASSIA_WOOD,NONE,NONE,NONE,NONE,DB_ROOT,NONE,NONE
MC_BOUND_CRATER_ROOT_V_SOFT_01,1,7,NONE,NONE,NONE,NONE,NONE,DB_ROOT,NONE,NONE
MC_BOUND_CRATER_ROOT_V_SOFT_01,2,7,NONE,NONE,NONE,NONE,NONE,DB_ROOT,NONE,NONE
MC_BOUND_CRATER_ROOT_V_SOFT_01,3,7,NONE,NONE,NONE,NONE,NONE,DB_ROOT,NONE,NONE
MC_BOUND_CRATER_ROOT_V_SOFT_01,4,7,NONE,NONE,NONE,NONE,NONE,DB_ROOT,NONE,NONE
MC_BOUND_CRATER_ROOT_V_SOFT_01,5,7,NONE,NONE,NONE,NONE,NONE,DB_ROOT,NONE,M_SOCKET
MC_BOUND_CRATER_ROOT_V_SOFT_01,6,7,NONE,NONE,NONE,NONE,NONE,DB_ROOT,NONE,M_SOCKET
MC_BOUND_CRATER_ROOT_V_SOFT_01,7,7,NONE,NONE,NONE,NONE,NONE,DB_ROOT,NONE,NONE
MC_BOUND_CRATER_ROOT_V_SOFT_01,8,7,NONE,NONE,NONE,NONE,NONE,DB_ROOT,NONE,NONE
MC_BOUND_CRATER_ROOT_V_SOFT_01,9,7,NONE,NONE,NONE,NONE,NONE,DB_ROOT,NONE,NONE
MC_BOUND_CRATER_ROOT_V_SOFT_01,10,7,NONE,NONE,NONE,NONE,NONE,DB_ROOT,NONE,NONE
MC_BOUND_CRATER_ROOT_V_SOFT_01,11,7,G_CASSIA_WOOD,NONE,NONE,NONE,NONE,DB_ROOT,NONE,NONE
MC_BOUND_CRATER_ROOT_H_CLIFF_01,0,0,G_MOON_ROCK,NONE,NONE,NONE,NONE,DB_CRATER,NONE,NONE
MC_BOUND_CRATER_ROOT_H_CLIFF_01,1,0,G_MOON_ROCK,NONE,NONE,NONE,NONE,DB_CRATER,NONE,NONE
MC_BOUND_CRATER_ROOT_H_CLIFF_01,2,0,G_MOON_ROCK,NONE,NONE,NONE,NONE,DB_CRATER,NONE,NONE
MC_BOUND_CRATER_ROOT_H_CLIFF_01,3,0,G_MOON_ROCK,NONE,NONE,NONE,NONE,DB_CRATER,NONE,NONE
MC_BOUND_CRATER_ROOT_H_CLIFF_01,4,0,G_MOON_ROCK,NONE,NONE,NONE,NONE,DB_CRATER,NONE,NONE
MC_BOUND_CRATER_ROOT_H_CLIFF_01,5,0,G_MOON_ROCK,NONE,NONE,NONE,NONE,DB_CRATER,NONE,NONE
MC_BOUND_CRATER_ROOT_H_CLIFF_01,6,0,G_CASSIA_WOOD,NONE,NONE,NONE,NONE,DB_ROOT,NONE,NONE
MC_BOUND_CRATER_ROOT_H_CLIFF_01,7,0,G_CASSIA_WOOD,NONE,NONE,NONE,NONE,DB_ROOT,NONE,NONE
MC_BOUND_CRATER_ROOT_H_CLIFF_01,8,0,G_CASSIA_WOOD,NONE,NONE,NONE,NONE,DB_ROOT,NONE,NONE
MC_BOUND_CRATER_ROOT_H_CLIFF_01,9,0,G_CASSIA_WOOD,NONE,NONE,NONE,NONE,DB_ROOT,NONE,NONE
MC_BOUND_CRATER_ROOT_H_CLIFF_01,10,0,G_CASSIA_WOOD,NONE,NONE,NONE,NONE,DB_ROOT,NONE,NONE
MC_BOUND_CRATER_ROOT_H_CLIFF_01,11,0,G_CASSIA_WOOD,NONE,NONE,NONE,NONE,DB_ROOT,NONE,NONE
MC_BOUND_CRATER_ROOT_H_CLIFF_01,0,1,NONE,NONE,NONE,NONE,NONE,DB_CRATER,NONE,NONE
MC_BOUND_CRATER_ROOT_H_CLIFF_01,1,1,NONE,NONE,NONE,NONE,NONE,DB_CRATER,NONE,NONE
MC_BOUND_CRATER_ROOT_H_CLIFF_01,2,1,NONE,NONE,NONE,NONE,NONE,DB_CRATER,NONE,NONE
MC_BOUND_CRATER_ROOT_H_CLIFF_01,3,1,NONE,NONE,NONE,NONE,NONE,DB_CRATER,NONE,NONE
MC_BOUND_CRATER_ROOT_H_CLIFF_01,4,1,NONE,NONE,NONE,NONE,NONE,DB_CRATER,NONE,NONE
MC_BOUND_CRATER_ROOT_H_CLIFF_01,5,1,G_MOON_ROCK,NONE,NONE,NONE,NONE,DB_CRATER,NONE,NONE
MC_BOUND_CRATER_ROOT_H_CLIFF_01,6,1,G_CASSIA_WOOD,NONE,NONE,NONE,NONE,DB_ROOT,NONE,NONE
MC_BOUND_CRATER_ROOT_H_CLIFF_01,7,1,NONE,NONE,NONE,NONE,NONE,DB_ROOT,NONE,NONE
MC_BOUND_CRATER_ROOT_H_CLIFF_01,8,1,NONE,NONE,NONE,NONE,NONE,DB_ROOT,NONE,NONE
MC_BOUND_CRATER_ROOT_H_CLIFF_01,9,1,NONE,NONE,NONE,NONE,NONE,DB_ROOT,NONE,NONE
MC_BOUND_CRATER_ROOT_H_CLIFF_01,10,1,NONE,NONE,NONE,NONE,NONE,DB_ROOT,NONE,NONE
MC_BOUND_CRATER_ROOT_H_CLIFF_01,11,1,NONE,NONE,NONE,NONE,NONE,DB_ROOT,NONE,NONE
MC_BOUND_CRATER_ROOT_H_CLIFF_01,0,2,NONE,NONE,NONE,NONE,NONE,DB_CRATER,NONE,NONE
MC_BOUND_CRATER_ROOT_H_CLIFF_01,1,2,NONE,NONE,NONE,NONE,NONE,DB_CRATER,NONE,NONE
MC_BOUND_CRATER_ROOT_H_CLIFF_01,2,2,NONE,NONE,NONE,NONE,NONE,DB_CRATER,NONE,NONE
MC_BOUND_CRATER_ROOT_H_CLIFF_01,3,2,NONE,NONE,NONE,NONE,NONE,DB_CRATER,NONE,NONE
MC_BOUND_CRATER_ROOT_H_CLIFF_01,4,2,NONE,NONE,NONE,NONE,NONE,DB_CRATER,NONE,NONE
MC_BOUND_CRATER_ROOT_H_CLIFF_01,5,2,NONE,NONE,NONE,NONE,NONE,DB_CRATER,NONE,NONE
MC_BOUND_CRATER_ROOT_H_CLIFF_01,6,2,NONE,NONE,NONE,NONE,NONE,DB_ROOT,NONE,NONE
MC_BOUND_CRATER_ROOT_H_CLIFF_01,7,2,NONE,NONE,NONE,NONE,NONE,DB_ROOT,NONE,NONE
MC_BOUND_CRATER_ROOT_H_CLIFF_01,8,2,NONE,NONE,NONE,NONE,NONE,DB_ROOT,NONE,NONE
MC_BOUND_CRATER_ROOT_H_CLIFF_01,9,2,NONE,NONE,NONE,NONE,NONE,DB_ROOT,NONE,NONE
MC_BOUND_CRATER_ROOT_H_CLIFF_01,10,2,NONE,NONE,NONE,NONE,NONE,DB_ROOT,NONE,NONE
MC_BOUND_CRATER_ROOT_H_CLIFF_01,11,2,NONE,NONE,NONE,NONE,NONE,DB_ROOT,NONE,NONE
MC_BOUND_CRATER_ROOT_H_CLIFF_01,0,3,NONE,NONE,NONE,NONE,NONE,DB_CRATER,NONE,M_SOCKET
MC_BOUND_CRATER_ROOT_H_CLIFF_01,1,3,NONE,NONE,NONE,NONE,NONE,DB_CRATER,NONE,M_ROUTE_MAIN
MC_BOUND_CRATER_ROOT_H_CLIFF_01,2,3,NONE,NONE,NONE,NONE,NONE,DB_CRATER,NONE,M_ROUTE_MAIN
MC_BOUND_CRATER_ROOT_H_CLIFF_01,3,3,NONE,NONE,NONE,NONE,NONE,DB_CRATER,NONE,M_ROUTE_MAIN
MC_BOUND_CRATER_ROOT_H_CLIFF_01,4,3,NONE,NONE,NONE,NONE,NONE,DB_CRATER,NONE,M_ROUTE_MAIN
MC_BOUND_CRATER_ROOT_H_CLIFF_01,5,3,NONE,NONE,NONE,NONE,NONE,DB_CRATER,NONE,M_ROUTE_MAIN
MC_BOUND_CRATER_ROOT_H_CLIFF_01,6,3,NONE,NONE,NONE,NONE,NONE,DB_ROOT,NONE,M_ROUTE_MAIN
MC_BOUND_CRATER_ROOT_H_CLIFF_01,7,3,NONE,NONE,NONE,NONE,NONE,DB_ROOT,NONE,M_ROUTE_MAIN
MC_BOUND_CRATER_ROOT_H_CLIFF_01,8,3,NONE,NONE,NONE,NONE,NONE,DB_ROOT,NONE,M_ROUTE_MAIN
MC_BOUND_CRATER_ROOT_H_CLIFF_01,9,3,NONE,NONE,NONE,NONE,NONE,DB_ROOT,NONE,M_ROUTE_MAIN
MC_BOUND_CRATER_ROOT_H_CLIFF_01,10,3,NONE,NONE,NONE,NONE,NONE,DB_ROOT,NONE,M_ROUTE_MAIN
MC_BOUND_CRATER_ROOT_H_CLIFF_01,11,3,NONE,NONE,NONE,NONE,NONE,DB_ROOT,NONE,M_SOCKET
MC_BOUND_CRATER_ROOT_H_CLIFF_01,0,4,NONE,NONE,NONE,NONE,NONE,DB_CRATER,NONE,M_SOCKET
MC_BOUND_CRATER_ROOT_H_CLIFF_01,1,4,NONE,NONE,NONE,NONE,NONE,DB_CRATER,NONE,M_ROUTE_MAIN
MC_BOUND_CRATER_ROOT_H_CLIFF_01,2,4,NONE,NONE,NONE,NONE,NONE,DB_CRATER,NONE,M_ROUTE_MAIN
MC_BOUND_CRATER_ROOT_H_CLIFF_01,3,4,NONE,NONE,NONE,NONE,NONE,DB_CRATER,NONE,M_ROUTE_MAIN
MC_BOUND_CRATER_ROOT_H_CLIFF_01,4,4,NONE,NONE,NONE,NONE,NONE,DB_CRATER,NONE,M_ROUTE_MAIN
MC_BOUND_CRATER_ROOT_H_CLIFF_01,5,4,NONE,NONE,NONE,NONE,NONE,DB_CRATER,NONE,M_ROUTE_MAIN
MC_BOUND_CRATER_ROOT_H_CLIFF_01,6,4,NONE,NONE,NONE,NONE,NONE,DB_ROOT,NONE,M_ROUTE_MAIN
MC_BOUND_CRATER_ROOT_H_CLIFF_01,7,4,NONE,NONE,NONE,NONE,NONE,DB_ROOT,NONE,M_ROUTE_MAIN
MC_BOUND_CRATER_ROOT_H_CLIFF_01,8,4,NONE,NONE,NONE,NONE,NONE,DB_ROOT,NONE,M_ROUTE_MAIN
MC_BOUND_CRATER_ROOT_H_CLIFF_01,9,4,NONE,NONE,NONE,NONE,NONE,DB_ROOT,NONE,M_ROUTE_MAIN
MC_BOUND_CRATER_ROOT_H_CLIFF_01,10,4,NONE,NONE,NONE,NONE,NONE,DB_ROOT,NONE,M_ROUTE_MAIN
MC_BOUND_CRATER_ROOT_H_CLIFF_01,11,4,NONE,NONE,NONE,NONE,NONE,DB_ROOT,NONE,M_SOCKET
MC_BOUND_CRATER_ROOT_H_CLIFF_01,0,5,NONE,NONE,NONE,NONE,NONE,DB_CRATER,NONE,NONE
MC_BOUND_CRATER_ROOT_H_CLIFF_01,1,5,NONE,NONE,NONE,NONE,NONE,DB_CRATER,NONE,NONE
MC_BOUND_CRATER_ROOT_H_CLIFF_01,2,5,NONE,NONE,NONE,NONE,NONE,DB_CRATER,NONE,NONE
MC_BOUND_CRATER_ROOT_H_CLIFF_01,3,5,NONE,NONE,NONE,NONE,NONE,DB_CRATER,NONE,NONE
MC_BOUND_CRATER_ROOT_H_CLIFF_01,4,5,NONE,NONE,NONE,NONE,NONE,DB_CRATER,NONE,NONE
MC_BOUND_CRATER_ROOT_H_CLIFF_01,5,5,NONE,NONE,NONE,NONE,NONE,DB_CRATER,NONE,NONE
MC_BOUND_CRATER_ROOT_H_CLIFF_01,6,5,NONE,NONE,NONE,NONE,NONE,DB_ROOT,NONE,NONE
MC_BOUND_CRATER_ROOT_H_CLIFF_01,7,5,NONE,NONE,NONE,NONE,NONE,DB_ROOT,NONE,NONE
MC_BOUND_CRATER_ROOT_H_CLIFF_01,8,5,NONE,NONE,NONE,NONE,NONE,DB_ROOT,NONE,NONE
MC_BOUND_CRATER_ROOT_H_CLIFF_01,9,5,NONE,NONE,NONE,NONE,NONE,DB_ROOT,NONE,NONE
MC_BOUND_CRATER_ROOT_H_CLIFF_01,10,5,NONE,NONE,NONE,NONE,NONE,DB_ROOT,NONE,NONE
MC_BOUND_CRATER_ROOT_H_CLIFF_01,11,5,NONE,NONE,NONE,NONE,NONE,DB_ROOT,NONE,NONE
MC_BOUND_CRATER_ROOT_H_CLIFF_01,0,6,NONE,NONE,NONE,NONE,NONE,DB_CRATER,NONE,NONE
MC_BOUND_CRATER_ROOT_H_CLIFF_01,1,6,NONE,NONE,NONE,NONE,NONE,DB_CRATER,NONE,NONE
MC_BOUND_CRATER_ROOT_H_CLIFF_01,2,6,NONE,NONE,NONE,NONE,NONE,DB_CRATER,NONE,NONE
MC_BOUND_CRATER_ROOT_H_CLIFF_01,3,6,NONE,NONE,NONE,NONE,NONE,DB_CRATER,NONE,NONE
MC_BOUND_CRATER_ROOT_H_CLIFF_01,4,6,NONE,NONE,NONE,NONE,NONE,DB_CRATER,NONE,NONE
MC_BOUND_CRATER_ROOT_H_CLIFF_01,5,6,NONE,NONE,NONE,NONE,NONE,DB_CRATER,NONE,NONE
MC_BOUND_CRATER_ROOT_H_CLIFF_01,6,6,NONE,NONE,NONE,NONE,NONE,DB_ROOT,NONE,NONE
MC_BOUND_CRATER_ROOT_H_CLIFF_01,7,6,NONE,NONE,NONE,NONE,NONE,DB_ROOT,NONE,NONE
MC_BOUND_CRATER_ROOT_H_CLIFF_01,8,6,NONE,NONE,NONE,NONE,NONE,DB_ROOT,NONE,NONE
MC_BOUND_CRATER_ROOT_H_CLIFF_01,9,6,NONE,NONE,NONE,NONE,NONE,DB_ROOT,NONE,NONE
MC_BOUND_CRATER_ROOT_H_CLIFF_01,10,6,NONE,NONE,NONE,NONE,NONE,DB_ROOT,NONE,NONE
MC_BOUND_CRATER_ROOT_H_CLIFF_01,11,6,NONE,NONE,NONE,NONE,NONE,DB_ROOT,NONE,NONE
MC_BOUND_CRATER_ROOT_H_CLIFF_01,0,7,NONE,NONE,NONE,NONE,NONE,DB_CRATER,NONE,NONE
MC_BOUND_CRATER_ROOT_H_CLIFF_01,1,7,NONE,NONE,NONE,NONE,NONE,DB_CRATER,NONE,NONE
MC_BOUND_CRATER_ROOT_H_CLIFF_01,2,7,NONE,NONE,NONE,NONE,NONE,DB_CRATER,NONE,NONE
MC_BOUND_CRATER_ROOT_H_CLIFF_01,3,7,NONE,NONE,NONE,NONE,NONE,DB_CRATER,NONE,NONE
MC_BOUND_CRATER_ROOT_H_CLIFF_01,4,7,NONE,NONE,NONE,NONE,NONE,DB_CRATER,NONE,NONE
MC_BOUND_CRATER_ROOT_H_CLIFF_01,5,7,NONE,NONE,NONE,NONE,NONE,DB_CRATER,NONE,NONE
MC_BOUND_CRATER_ROOT_H_CLIFF_01,6,7,NONE,NONE,NONE,NONE,NONE,DB_ROOT,NONE,NONE
MC_BOUND_CRATER_ROOT_H_CLIFF_01,7,7,NONE,NONE,NONE,NONE,NONE,DB_ROOT,NONE,NONE
MC_BOUND_CRATER_ROOT_H_CLIFF_01,8,7,NONE,NONE,NONE,NONE,NONE,DB_ROOT,NONE,NONE
MC_BOUND_CRATER_ROOT_H_CLIFF_01,9,7,NONE,NONE,NONE,NONE,NONE,DB_ROOT,NONE,NONE
MC_BOUND_CRATER_ROOT_H_CLIFF_01,10,7,NONE,NONE,NONE,NONE,NONE,DB_ROOT,NONE,NONE
MC_BOUND_CRATER_ROOT_H_CLIFF_01,11,7,NONE,NONE,NONE,NONE,NONE,DB_ROOT,NONE,NONE
MC_BOUND_CRATER_ROOT_V_CLIFF_01,0,0,G_MOON_ROCK,NONE,NONE,NONE,NONE,DB_CRATER,NONE,NONE
MC_BOUND_CRATER_ROOT_V_CLIFF_01,1,0,NONE,NONE,NONE,NONE,NONE,DB_CRATER,NONE,NONE
MC_BOUND_CRATER_ROOT_V_CLIFF_01,2,0,NONE,NONE,NONE,NONE,NONE,DB_CRATER,NONE,NONE
MC_BOUND_CRATER_ROOT_V_CLIFF_01,3,0,NONE,NONE,NONE,NONE,NONE,DB_CRATER,NONE,NONE
MC_BOUND_CRATER_ROOT_V_CLIFF_01,4,0,NONE,NONE,NONE,NONE,NONE,DB_CRATER,NONE,NONE
MC_BOUND_CRATER_ROOT_V_CLIFF_01,5,0,NONE,NONE,NONE,NONE,NONE,DB_CRATER,NONE,M_SOCKET
MC_BOUND_CRATER_ROOT_V_CLIFF_01,6,0,NONE,NONE,NONE,NONE,NONE,DB_CRATER,NONE,M_SOCKET
MC_BOUND_CRATER_ROOT_V_CLIFF_01,7,0,NONE,NONE,NONE,NONE,NONE,DB_CRATER,NONE,NONE
MC_BOUND_CRATER_ROOT_V_CLIFF_01,8,0,NONE,NONE,NONE,NONE,NONE,DB_CRATER,NONE,NONE
MC_BOUND_CRATER_ROOT_V_CLIFF_01,9,0,NONE,NONE,NONE,NONE,NONE,DB_CRATER,NONE,NONE
MC_BOUND_CRATER_ROOT_V_CLIFF_01,10,0,NONE,NONE,NONE,NONE,NONE,DB_CRATER,NONE,NONE
MC_BOUND_CRATER_ROOT_V_CLIFF_01,11,0,G_MOON_ROCK,NONE,NONE,NONE,NONE,DB_CRATER,NONE,NONE
MC_BOUND_CRATER_ROOT_V_CLIFF_01,0,1,G_MOON_ROCK,NONE,NONE,NONE,NONE,DB_CRATER,NONE,NONE
MC_BOUND_CRATER_ROOT_V_CLIFF_01,1,1,NONE,NONE,NONE,NONE,NONE,DB_CRATER,NONE,NONE
MC_BOUND_CRATER_ROOT_V_CLIFF_01,2,1,NONE,NONE,NONE,NONE,NONE,DB_CRATER,NONE,NONE
MC_BOUND_CRATER_ROOT_V_CLIFF_01,3,1,NONE,NONE,NONE,NONE,NONE,DB_CRATER,NONE,NONE
MC_BOUND_CRATER_ROOT_V_CLIFF_01,4,1,NONE,NONE,NONE,NONE,NONE,DB_CRATER,NONE,NONE
MC_BOUND_CRATER_ROOT_V_CLIFF_01,5,1,NONE,NONE,NONE,NONE,NONE,DB_CRATER,NONE,M_ROUTE_MAIN
MC_BOUND_CRATER_ROOT_V_CLIFF_01,6,1,NONE,NONE,NONE,NONE,NONE,DB_CRATER,NONE,M_ROUTE_MAIN
MC_BOUND_CRATER_ROOT_V_CLIFF_01,7,1,NONE,NONE,NONE,NONE,NONE,DB_CRATER,NONE,NONE
MC_BOUND_CRATER_ROOT_V_CLIFF_01,8,1,NONE,NONE,NONE,NONE,NONE,DB_CRATER,NONE,NONE
MC_BOUND_CRATER_ROOT_V_CLIFF_01,9,1,NONE,NONE,NONE,NONE,NONE,DB_CRATER,NONE,NONE
MC_BOUND_CRATER_ROOT_V_CLIFF_01,10,1,NONE,NONE,NONE,NONE,NONE,DB_CRATER,NONE,NONE
MC_BOUND_CRATER_ROOT_V_CLIFF_01,11,1,G_MOON_ROCK,NONE,NONE,NONE,NONE,DB_CRATER,NONE,NONE
MC_BOUND_CRATER_ROOT_V_CLIFF_01,0,2,G_MOON_ROCK,NONE,NONE,NONE,NONE,DB_CRATER,NONE,NONE
MC_BOUND_CRATER_ROOT_V_CLIFF_01,1,2,NONE,NONE,NONE,NONE,NONE,DB_CRATER,NONE,NONE
MC_BOUND_CRATER_ROOT_V_CLIFF_01,2,2,NONE,NONE,NONE,NONE,NONE,DB_CRATER,NONE,NONE
MC_BOUND_CRATER_ROOT_V_CLIFF_01,3,2,NONE,NONE,NONE,NONE,NONE,DB_CRATER,NONE,NONE
MC_BOUND_CRATER_ROOT_V_CLIFF_01,4,2,NONE,NONE,NONE,NONE,NONE,DB_CRATER,NONE,NONE
MC_BOUND_CRATER_ROOT_V_CLIFF_01,5,2,NONE,NONE,NONE,NONE,NONE,DB_CRATER,NONE,M_ROUTE_MAIN
MC_BOUND_CRATER_ROOT_V_CLIFF_01,6,2,NONE,NONE,NONE,NONE,NONE,DB_CRATER,NONE,M_ROUTE_MAIN
MC_BOUND_CRATER_ROOT_V_CLIFF_01,7,2,NONE,NONE,NONE,NONE,NONE,DB_CRATER,NONE,NONE
MC_BOUND_CRATER_ROOT_V_CLIFF_01,8,2,NONE,NONE,NONE,NONE,NONE,DB_CRATER,NONE,NONE
MC_BOUND_CRATER_ROOT_V_CLIFF_01,9,2,NONE,NONE,NONE,NONE,NONE,DB_CRATER,NONE,NONE
MC_BOUND_CRATER_ROOT_V_CLIFF_01,10,2,NONE,NONE,NONE,NONE,NONE,DB_CRATER,NONE,NONE
MC_BOUND_CRATER_ROOT_V_CLIFF_01,11,2,G_MOON_ROCK,NONE,NONE,NONE,NONE,DB_CRATER,NONE,NONE
MC_BOUND_CRATER_ROOT_V_CLIFF_01,0,3,G_MOON_ROCK,NONE,NONE,NONE,NONE,DB_CRATER,NONE,NONE
MC_BOUND_CRATER_ROOT_V_CLIFF_01,1,3,G_MOON_ROCK,NONE,NONE,NONE,NONE,DB_CRATER,NONE,NONE
MC_BOUND_CRATER_ROOT_V_CLIFF_01,2,3,G_MOON_ROCK,NONE,NONE,NONE,NONE,DB_CRATER,NONE,NONE
MC_BOUND_CRATER_ROOT_V_CLIFF_01,3,3,G_MOON_ROCK,NONE,NONE,NONE,NONE,DB_CRATER,NONE,NONE
MC_BOUND_CRATER_ROOT_V_CLIFF_01,4,3,NONE,NONE,NONE,NONE,NONE,DB_CRATER,NONE,NONE
MC_BOUND_CRATER_ROOT_V_CLIFF_01,5,3,NONE,NONE,NONE,NONE,NONE,DB_CRATER,NONE,M_ROUTE_MAIN
MC_BOUND_CRATER_ROOT_V_CLIFF_01,6,3,NONE,NONE,NONE,NONE,NONE,DB_CRATER,NONE,M_ROUTE_MAIN
MC_BOUND_CRATER_ROOT_V_CLIFF_01,7,3,NONE,NONE,NONE,NONE,NONE,DB_CRATER,NONE,NONE
MC_BOUND_CRATER_ROOT_V_CLIFF_01,8,3,G_MOON_ROCK,NONE,NONE,NONE,NONE,DB_CRATER,NONE,NONE
MC_BOUND_CRATER_ROOT_V_CLIFF_01,9,3,G_MOON_ROCK,NONE,NONE,NONE,NONE,DB_CRATER,NONE,NONE
MC_BOUND_CRATER_ROOT_V_CLIFF_01,10,3,G_MOON_ROCK,NONE,NONE,NONE,NONE,DB_CRATER,NONE,NONE
MC_BOUND_CRATER_ROOT_V_CLIFF_01,11,3,G_MOON_ROCK,NONE,NONE,NONE,NONE,DB_CRATER,NONE,NONE
MC_BOUND_CRATER_ROOT_V_CLIFF_01,0,4,G_CASSIA_WOOD,NONE,NONE,NONE,NONE,DB_ROOT,NONE,NONE
MC_BOUND_CRATER_ROOT_V_CLIFF_01,1,4,NONE,NONE,NONE,NONE,NONE,DB_ROOT,NONE,NONE
MC_BOUND_CRATER_ROOT_V_CLIFF_01,2,4,NONE,NONE,NONE,NONE,NONE,DB_ROOT,NONE,NONE
MC_BOUND_CRATER_ROOT_V_CLIFF_01,3,4,NONE,NONE,NONE,NONE,NONE,DB_ROOT,NONE,NONE
MC_BOUND_CRATER_ROOT_V_CLIFF_01,4,4,NONE,NONE,NONE,NONE,NONE,DB_ROOT,NONE,NONE
MC_BOUND_CRATER_ROOT_V_CLIFF_01,5,4,NONE,NONE,NONE,NONE,NONE,DB_ROOT,NONE,M_ROUTE_MAIN
MC_BOUND_CRATER_ROOT_V_CLIFF_01,6,4,NONE,NONE,NONE,NONE,NONE,DB_ROOT,NONE,M_ROUTE_MAIN
MC_BOUND_CRATER_ROOT_V_CLIFF_01,7,4,NONE,NONE,NONE,NONE,NONE,DB_ROOT,NONE,NONE
MC_BOUND_CRATER_ROOT_V_CLIFF_01,8,4,NONE,NONE,NONE,NONE,NONE,DB_ROOT,NONE,NONE
MC_BOUND_CRATER_ROOT_V_CLIFF_01,9,4,NONE,NONE,NONE,NONE,NONE,DB_ROOT,NONE,NONE
MC_BOUND_CRATER_ROOT_V_CLIFF_01,10,4,NONE,NONE,NONE,NONE,NONE,DB_ROOT,NONE,NONE
MC_BOUND_CRATER_ROOT_V_CLIFF_01,11,4,G_CASSIA_WOOD,NONE,NONE,NONE,NONE,DB_ROOT,NONE,NONE
MC_BOUND_CRATER_ROOT_V_CLIFF_01,0,5,G_CASSIA_WOOD,NONE,NONE,NONE,NONE,DB_ROOT,NONE,NONE
MC_BOUND_CRATER_ROOT_V_CLIFF_01,1,5,NONE,NONE,NONE,NONE,NONE,DB_ROOT,NONE,NONE
MC_BOUND_CRATER_ROOT_V_CLIFF_01,2,5,NONE,NONE,NONE,NONE,NONE,DB_ROOT,NONE,NONE
MC_BOUND_CRATER_ROOT_V_CLIFF_01,3,5,NONE,NONE,NONE,NONE,NONE,DB_ROOT,NONE,NONE
MC_BOUND_CRATER_ROOT_V_CLIFF_01,4,5,NONE,NONE,NONE,NONE,NONE,DB_ROOT,NONE,NONE
MC_BOUND_CRATER_ROOT_V_CLIFF_01,5,5,NONE,NONE,NONE,NONE,NONE,DB_ROOT,NONE,M_ROUTE_MAIN
MC_BOUND_CRATER_ROOT_V_CLIFF_01,6,5,NONE,NONE,NONE,NONE,NONE,DB_ROOT,NONE,M_ROUTE_MAIN
MC_BOUND_CRATER_ROOT_V_CLIFF_01,7,5,NONE,NONE,NONE,NONE,NONE,DB_ROOT,NONE,NONE
MC_BOUND_CRATER_ROOT_V_CLIFF_01,8,5,NONE,NONE,NONE,NONE,NONE,DB_ROOT,NONE,NONE
MC_BOUND_CRATER_ROOT_V_CLIFF_01,9,5,NONE,NONE,NONE,NONE,NONE,DB_ROOT,NONE,NONE
MC_BOUND_CRATER_ROOT_V_CLIFF_01,10,5,NONE,NONE,NONE,NONE,NONE,DB_ROOT,NONE,NONE
MC_BOUND_CRATER_ROOT_V_CLIFF_01,11,5,G_CASSIA_WOOD,NONE,NONE,NONE,NONE,DB_ROOT,NONE,NONE
MC_BOUND_CRATER_ROOT_V_CLIFF_01,0,6,G_CASSIA_WOOD,NONE,NONE,NONE,NONE,DB_ROOT,NONE,NONE
MC_BOUND_CRATER_ROOT_V_CLIFF_01,1,6,NONE,NONE,NONE,NONE,NONE,DB_ROOT,NONE,NONE
MC_BOUND_CRATER_ROOT_V_CLIFF_01,2,6,NONE,NONE,NONE,NONE,NONE,DB_ROOT,NONE,NONE
MC_BOUND_CRATER_ROOT_V_CLIFF_01,3,6,NONE,NONE,NONE,NONE,NONE,DB_ROOT,NONE,NONE
MC_BOUND_CRATER_ROOT_V_CLIFF_01,4,6,NONE,NONE,NONE,NONE,NONE,DB_ROOT,NONE,NONE
MC_BOUND_CRATER_ROOT_V_CLIFF_01,5,6,NONE,NONE,NONE,NONE,NONE,DB_ROOT,NONE,M_ROUTE_MAIN
MC_BOUND_CRATER_ROOT_V_CLIFF_01,6,6,NONE,NONE,NONE,NONE,NONE,DB_ROOT,NONE,M_ROUTE_MAIN
MC_BOUND_CRATER_ROOT_V_CLIFF_01,7,6,NONE,NONE,NONE,NONE,NONE,DB_ROOT,NONE,NONE
MC_BOUND_CRATER_ROOT_V_CLIFF_01,8,6,NONE,NONE,NONE,NONE,NONE,DB_ROOT,NONE,NONE
MC_BOUND_CRATER_ROOT_V_CLIFF_01,9,6,NONE,NONE,NONE,NONE,NONE,DB_ROOT,NONE,NONE
MC_BOUND_CRATER_ROOT_V_CLIFF_01,10,6,NONE,NONE,NONE,NONE,NONE,DB_ROOT,NONE,NONE
MC_BOUND_CRATER_ROOT_V_CLIFF_01,11,6,G_CASSIA_WOOD,NONE,NONE,NONE,NONE,DB_ROOT,NONE,NONE
MC_BOUND_CRATER_ROOT_V_CLIFF_01,0,7,G_CASSIA_WOOD,NONE,NONE,NONE,NONE,DB_ROOT,NONE,NONE
MC_BOUND_CRATER_ROOT_V_CLIFF_01,1,7,NONE,NONE,NONE,NONE,NONE,DB_ROOT,NONE,NONE
MC_BOUND_CRATER_ROOT_V_CLIFF_01,2,7,NONE,NONE,NONE,NONE,NONE,DB_ROOT,NONE,NONE
MC_BOUND_CRATER_ROOT_V_CLIFF_01,3,7,NONE,NONE,NONE,NONE,NONE,DB_ROOT,NONE,NONE
MC_BOUND_CRATER_ROOT_V_CLIFF_01,4,7,NONE,NONE,NONE,NONE,NONE,DB_ROOT,NONE,NONE
MC_BOUND_CRATER_ROOT_V_CLIFF_01,5,7,NONE,NONE,NONE,NONE,NONE,DB_ROOT,NONE,M_SOCKET
MC_BOUND_CRATER_ROOT_V_CLIFF_01,6,7,NONE,NONE,NONE,NONE,NONE,DB_ROOT,NONE,M_SOCKET
MC_BOUND_CRATER_ROOT_V_CLIFF_01,7,7,NONE,NONE,NONE,NONE,NONE,DB_ROOT,NONE,NONE
MC_BOUND_CRATER_ROOT_V_CLIFF_01,8,7,NONE,NONE,NONE,NONE,NONE,DB_ROOT,NONE,NONE
MC_BOUND_CRATER_ROOT_V_CLIFF_01,9,7,NONE,NONE,NONE,NONE,NONE,DB_ROOT,NONE,NONE
MC_BOUND_CRATER_ROOT_V_CLIFF_01,10,7,NONE,NONE,NONE,NONE,NONE,DB_ROOT,NONE,NONE
MC_BOUND_CRATER_ROOT_V_CLIFF_01,11,7,G_CASSIA_WOOD,NONE,NONE,NONE,NONE,DB_ROOT,NONE,NONE
MC_BOUND_CRATER_ROOT_H_TUNNEL_01,0,0,G_MOON_ROCK,NONE,NONE,NONE,NONE,DB_CRATER,NONE,NONE
MC_BOUND_CRATER_ROOT_H_TUNNEL_01,1,0,G_MOON_ROCK,NONE,NONE,NONE,NONE,DB_CRATER,NONE,NONE
MC_BOUND_CRATER_ROOT_H_TUNNEL_01,2,0,G_MOON_ROCK,NONE,NONE,NONE,NONE,DB_CRATER,NONE,NONE
MC_BOUND_CRATER_ROOT_H_TUNNEL_01,3,0,G_MOON_ROCK,NONE,NONE,NONE,NONE,DB_CRATER,NONE,NONE
MC_BOUND_CRATER_ROOT_H_TUNNEL_01,4,0,G_MOON_ROCK,NONE,NONE,NONE,NONE,DB_CRATER,NONE,NONE
MC_BOUND_CRATER_ROOT_H_TUNNEL_01,5,0,G_MOON_ROCK,NONE,NONE,NONE,NONE,DB_CRATER,NONE,NONE
MC_BOUND_CRATER_ROOT_H_TUNNEL_01,6,0,G_CASSIA_WOOD,NONE,NONE,NONE,NONE,DB_ROOT,NONE,NONE
MC_BOUND_CRATER_ROOT_H_TUNNEL_01,7,0,G_CASSIA_WOOD,NONE,NONE,NONE,NONE,DB_ROOT,NONE,NONE
MC_BOUND_CRATER_ROOT_H_TUNNEL_01,8,0,G_CASSIA_WOOD,NONE,NONE,NONE,NONE,DB_ROOT,NONE,NONE
MC_BOUND_CRATER_ROOT_H_TUNNEL_01,9,0,G_CASSIA_WOOD,NONE,NONE,NONE,NONE,DB_ROOT,NONE,NONE
MC_BOUND_CRATER_ROOT_H_TUNNEL_01,10,0,G_CASSIA_WOOD,NONE,NONE,NONE,NONE,DB_ROOT,NONE,NONE
MC_BOUND_CRATER_ROOT_H_TUNNEL_01,11,0,G_CASSIA_WOOD,NONE,NONE,NONE,NONE,DB_ROOT,NONE,NONE
MC_BOUND_CRATER_ROOT_H_TUNNEL_01,0,1,NONE,NONE,NONE,NONE,NONE,DB_CRATER,NONE,NONE
MC_BOUND_CRATER_ROOT_H_TUNNEL_01,1,1,NONE,NONE,NONE,NONE,NONE,DB_CRATER,NONE,NONE
MC_BOUND_CRATER_ROOT_H_TUNNEL_01,2,1,NONE,NONE,NONE,NONE,NONE,DB_CRATER,NONE,NONE
MC_BOUND_CRATER_ROOT_H_TUNNEL_01,3,1,NONE,NONE,NONE,NONE,NONE,DB_CRATER,NONE,NONE
MC_BOUND_CRATER_ROOT_H_TUNNEL_01,4,1,NONE,NONE,NONE,NONE,NONE,DB_CRATER,NONE,NONE
MC_BOUND_CRATER_ROOT_H_TUNNEL_01,5,1,NONE,NONE,NONE,NONE,NONE,DB_CRATER,NONE,NONE
MC_BOUND_CRATER_ROOT_H_TUNNEL_01,6,1,NONE,NONE,NONE,NONE,NONE,DB_ROOT,NONE,NONE
MC_BOUND_CRATER_ROOT_H_TUNNEL_01,7,1,NONE,NONE,NONE,NONE,NONE,DB_ROOT,NONE,NONE
MC_BOUND_CRATER_ROOT_H_TUNNEL_01,8,1,NONE,NONE,NONE,NONE,NONE,DB_ROOT,NONE,NONE
MC_BOUND_CRATER_ROOT_H_TUNNEL_01,9,1,NONE,NONE,NONE,NONE,NONE,DB_ROOT,NONE,NONE
MC_BOUND_CRATER_ROOT_H_TUNNEL_01,10,1,NONE,NONE,NONE,NONE,NONE,DB_ROOT,NONE,NONE
MC_BOUND_CRATER_ROOT_H_TUNNEL_01,11,1,NONE,NONE,NONE,NONE,NONE,DB_ROOT,NONE,NONE
MC_BOUND_CRATER_ROOT_H_TUNNEL_01,0,2,NONE,NONE,NONE,NONE,NONE,DB_CRATER,NONE,NONE
MC_BOUND_CRATER_ROOT_H_TUNNEL_01,1,2,NONE,NONE,NONE,NONE,NONE,DB_CRATER,NONE,NONE
MC_BOUND_CRATER_ROOT_H_TUNNEL_01,2,2,NONE,NONE,NONE,NONE,NONE,DB_CRATER,NONE,NONE
MC_BOUND_CRATER_ROOT_H_TUNNEL_01,3,2,NONE,NONE,NONE,NONE,NONE,DB_CRATER,NONE,NONE
MC_BOUND_CRATER_ROOT_H_TUNNEL_01,4,2,NONE,NONE,NONE,NONE,NONE,DB_CRATER,NONE,NONE
MC_BOUND_CRATER_ROOT_H_TUNNEL_01,5,2,NONE,NONE,NONE,NONE,NONE,DB_CRATER,NONE,NONE
MC_BOUND_CRATER_ROOT_H_TUNNEL_01,6,2,NONE,NONE,NONE,NONE,NONE,DB_ROOT,NONE,NONE
MC_BOUND_CRATER_ROOT_H_TUNNEL_01,7,2,NONE,NONE,NONE,NONE,NONE,DB_ROOT,NONE,NONE
MC_BOUND_CRATER_ROOT_H_TUNNEL_01,8,2,NONE,NONE,NONE,NONE,NONE,DB_ROOT,NONE,NONE
MC_BOUND_CRATER_ROOT_H_TUNNEL_01,9,2,NONE,NONE,NONE,NONE,NONE,DB_ROOT,NONE,NONE
MC_BOUND_CRATER_ROOT_H_TUNNEL_01,10,2,NONE,NONE,NONE,NONE,NONE,DB_ROOT,NONE,NONE
MC_BOUND_CRATER_ROOT_H_TUNNEL_01,11,2,NONE,NONE,NONE,NONE,NONE,DB_ROOT,NONE,NONE
MC_BOUND_CRATER_ROOT_H_TUNNEL_01,0,3,NONE,NONE,NONE,NONE,NONE,DB_CRATER,NONE,M_SOCKET
MC_BOUND_CRATER_ROOT_H_TUNNEL_01,1,3,NONE,NONE,NONE,NONE,NONE,DB_CRATER,NONE,M_ROUTE_MAIN
MC_BOUND_CRATER_ROOT_H_TUNNEL_01,2,3,NONE,NONE,NONE,NONE,NONE,DB_CRATER,NONE,M_ROUTE_MAIN
MC_BOUND_CRATER_ROOT_H_TUNNEL_01,3,3,NONE,NONE,NONE,NONE,NONE,DB_CRATER,NONE,M_ROUTE_MAIN
MC_BOUND_CRATER_ROOT_H_TUNNEL_01,4,3,NONE,NONE,NONE,NONE,NONE,DB_CRATER,NONE,M_ROUTE_MAIN
MC_BOUND_CRATER_ROOT_H_TUNNEL_01,5,3,NONE,NONE,NONE,NONE,NONE,DB_CRATER,NONE,M_ROUTE_MAIN
MC_BOUND_CRATER_ROOT_H_TUNNEL_01,6,3,NONE,NONE,NONE,NONE,NONE,DB_ROOT,NONE,M_ROUTE_MAIN
MC_BOUND_CRATER_ROOT_H_TUNNEL_01,7,3,NONE,NONE,NONE,NONE,NONE,DB_ROOT,NONE,M_ROUTE_MAIN
MC_BOUND_CRATER_ROOT_H_TUNNEL_01,8,3,NONE,NONE,NONE,NONE,NONE,DB_ROOT,NONE,M_ROUTE_MAIN
MC_BOUND_CRATER_ROOT_H_TUNNEL_01,9,3,NONE,NONE,NONE,NONE,NONE,DB_ROOT,NONE,M_ROUTE_MAIN
MC_BOUND_CRATER_ROOT_H_TUNNEL_01,10,3,NONE,NONE,NONE,NONE,NONE,DB_ROOT,NONE,M_ROUTE_MAIN
MC_BOUND_CRATER_ROOT_H_TUNNEL_01,11,3,NONE,NONE,NONE,NONE,NONE,DB_ROOT,NONE,M_SOCKET
MC_BOUND_CRATER_ROOT_H_TUNNEL_01,0,4,NONE,NONE,NONE,NONE,NONE,DB_CRATER,NONE,M_SOCKET
MC_BOUND_CRATER_ROOT_H_TUNNEL_01,1,4,NONE,NONE,NONE,NONE,NONE,DB_CRATER,NONE,M_ROUTE_MAIN
MC_BOUND_CRATER_ROOT_H_TUNNEL_01,2,4,NONE,NONE,NONE,NONE,NONE,DB_CRATER,NONE,M_ROUTE_MAIN
MC_BOUND_CRATER_ROOT_H_TUNNEL_01,3,4,NONE,NONE,NONE,NONE,NONE,DB_CRATER,NONE,M_ROUTE_MAIN
MC_BOUND_CRATER_ROOT_H_TUNNEL_01,4,4,NONE,NONE,NONE,NONE,NONE,DB_CRATER,NONE,M_ROUTE_MAIN
MC_BOUND_CRATER_ROOT_H_TUNNEL_01,5,4,NONE,NONE,NONE,NONE,NONE,DB_CRATER,NONE,M_ROUTE_MAIN
MC_BOUND_CRATER_ROOT_H_TUNNEL_01,6,4,NONE,NONE,NONE,NONE,NONE,DB_ROOT,NONE,M_ROUTE_MAIN
MC_BOUND_CRATER_ROOT_H_TUNNEL_01,7,4,NONE,NONE,NONE,NONE,NONE,DB_ROOT,NONE,M_ROUTE_MAIN
MC_BOUND_CRATER_ROOT_H_TUNNEL_01,8,4,NONE,NONE,NONE,NONE,NONE,DB_ROOT,NONE,M_ROUTE_MAIN
MC_BOUND_CRATER_ROOT_H_TUNNEL_01,9,4,NONE,NONE,NONE,NONE,NONE,DB_ROOT,NONE,M_ROUTE_MAIN
MC_BOUND_CRATER_ROOT_H_TUNNEL_01,10,4,NONE,NONE,NONE,NONE,NONE,DB_ROOT,NONE,M_ROUTE_MAIN
MC_BOUND_CRATER_ROOT_H_TUNNEL_01,11,4,NONE,NONE,NONE,NONE,NONE,DB_ROOT,NONE,M_SOCKET
MC_BOUND_CRATER_ROOT_H_TUNNEL_01,0,5,NONE,NONE,NONE,NONE,NONE,DB_CRATER,NONE,NONE
MC_BOUND_CRATER_ROOT_H_TUNNEL_01,1,5,NONE,NONE,NONE,NONE,NONE,DB_CRATER,NONE,NONE
MC_BOUND_CRATER_ROOT_H_TUNNEL_01,2,5,NONE,NONE,NONE,NONE,NONE,DB_CRATER,NONE,NONE
MC_BOUND_CRATER_ROOT_H_TUNNEL_01,3,5,NONE,NONE,NONE,NONE,NONE,DB_CRATER,NONE,NONE
MC_BOUND_CRATER_ROOT_H_TUNNEL_01,4,5,NONE,NONE,NONE,NONE,NONE,DB_CRATER,NONE,NONE
MC_BOUND_CRATER_ROOT_H_TUNNEL_01,5,5,NONE,NONE,NONE,NONE,NONE,DB_CRATER,NONE,NONE
MC_BOUND_CRATER_ROOT_H_TUNNEL_01,6,5,NONE,NONE,NONE,NONE,NONE,DB_ROOT,NONE,NONE
MC_BOUND_CRATER_ROOT_H_TUNNEL_01,7,5,NONE,NONE,NONE,NONE,NONE,DB_ROOT,NONE,NONE
MC_BOUND_CRATER_ROOT_H_TUNNEL_01,8,5,NONE,NONE,NONE,NONE,NONE,DB_ROOT,NONE,NONE
MC_BOUND_CRATER_ROOT_H_TUNNEL_01,9,5,NONE,NONE,NONE,NONE,NONE,DB_ROOT,NONE,NONE
MC_BOUND_CRATER_ROOT_H_TUNNEL_01,10,5,NONE,NONE,NONE,NONE,NONE,DB_ROOT,NONE,NONE
MC_BOUND_CRATER_ROOT_H_TUNNEL_01,11,5,NONE,NONE,NONE,NONE,NONE,DB_ROOT,NONE,NONE
MC_BOUND_CRATER_ROOT_H_TUNNEL_01,0,6,NONE,NONE,NONE,NONE,NONE,DB_CRATER,NONE,NONE
MC_BOUND_CRATER_ROOT_H_TUNNEL_01,1,6,NONE,NONE,NONE,NONE,NONE,DB_CRATER,NONE,NONE
MC_BOUND_CRATER_ROOT_H_TUNNEL_01,2,6,NONE,NONE,NONE,NONE,NONE,DB_CRATER,NONE,NONE
MC_BOUND_CRATER_ROOT_H_TUNNEL_01,3,6,NONE,NONE,NONE,NONE,NONE,DB_CRATER,NONE,NONE
MC_BOUND_CRATER_ROOT_H_TUNNEL_01,4,6,NONE,NONE,NONE,NONE,NONE,DB_CRATER,NONE,NONE
MC_BOUND_CRATER_ROOT_H_TUNNEL_01,5,6,NONE,NONE,NONE,NONE,NONE,DB_CRATER,NONE,NONE
MC_BOUND_CRATER_ROOT_H_TUNNEL_01,6,6,NONE,NONE,NONE,NONE,NONE,DB_ROOT,NONE,NONE
MC_BOUND_CRATER_ROOT_H_TUNNEL_01,7,6,NONE,NONE,NONE,NONE,NONE,DB_ROOT,NONE,NONE
MC_BOUND_CRATER_ROOT_H_TUNNEL_01,8,6,NONE,NONE,NONE,NONE,NONE,DB_ROOT,NONE,NONE
MC_BOUND_CRATER_ROOT_H_TUNNEL_01,9,6,NONE,NONE,NONE,NONE,NONE,DB_ROOT,NONE,NONE
MC_BOUND_CRATER_ROOT_H_TUNNEL_01,10,6,NONE,NONE,NONE,NONE,NONE,DB_ROOT,NONE,NONE
MC_BOUND_CRATER_ROOT_H_TUNNEL_01,11,6,NONE,NONE,NONE,NONE,NONE,DB_ROOT,NONE,NONE
MC_BOUND_CRATER_ROOT_H_TUNNEL_01,0,7,G_MOON_ROCK,NONE,NONE,NONE,NONE,DB_CRATER,NONE,NONE
MC_BOUND_CRATER_ROOT_H_TUNNEL_01,1,7,G_MOON_ROCK,NONE,NONE,NONE,NONE,DB_CRATER,NONE,NONE
MC_BOUND_CRATER_ROOT_H_TUNNEL_01,2,7,G_MOON_ROCK,NONE,NONE,NONE,NONE,DB_CRATER,NONE,NONE
MC_BOUND_CRATER_ROOT_H_TUNNEL_01,3,7,G_MOON_ROCK,NONE,NONE,NONE,NONE,DB_CRATER,NONE,NONE
MC_BOUND_CRATER_ROOT_H_TUNNEL_01,4,7,G_MOON_ROCK,NONE,NONE,NONE,NONE,DB_CRATER,NONE,NONE
MC_BOUND_CRATER_ROOT_H_TUNNEL_01,5,7,G_MOON_ROCK,NONE,NONE,NONE,NONE,DB_CRATER,NONE,NONE
MC_BOUND_CRATER_ROOT_H_TUNNEL_01,6,7,G_CASSIA_WOOD,NONE,NONE,NONE,NONE,DB_ROOT,NONE,NONE
MC_BOUND_CRATER_ROOT_H_TUNNEL_01,7,7,G_CASSIA_WOOD,NONE,NONE,NONE,NONE,DB_ROOT,NONE,NONE
MC_BOUND_CRATER_ROOT_H_TUNNEL_01,8,7,G_CASSIA_WOOD,NONE,NONE,NONE,NONE,DB_ROOT,NONE,NONE
MC_BOUND_CRATER_ROOT_H_TUNNEL_01,9,7,G_CASSIA_WOOD,NONE,NONE,NONE,NONE,DB_ROOT,NONE,NONE
MC_BOUND_CRATER_ROOT_H_TUNNEL_01,10,7,G_CASSIA_WOOD,NONE,NONE,NONE,NONE,DB_ROOT,NONE,NONE
MC_BOUND_CRATER_ROOT_H_TUNNEL_01,11,7,G_CASSIA_WOOD,NONE,NONE,NONE,NONE,DB_ROOT,NONE,NONE
MC_BOUND_CRATER_ROOT_V_TUNNEL_01,0,0,G_MOON_ROCK,NONE,NONE,NONE,NONE,DB_CRATER,NONE,NONE
MC_BOUND_CRATER_ROOT_V_TUNNEL_01,1,0,G_MOON_ROCK,NONE,NONE,NONE,NONE,DB_CRATER,NONE,NONE
MC_BOUND_CRATER_ROOT_V_TUNNEL_01,2,0,NONE,NONE,NONE,NONE,NONE,DB_CRATER,NONE,NONE
MC_BOUND_CRATER_ROOT_V_TUNNEL_01,3,0,NONE,NONE,NONE,NONE,NONE,DB_CRATER,NONE,NONE
MC_BOUND_CRATER_ROOT_V_TUNNEL_01,4,0,NONE,NONE,NONE,NONE,NONE,DB_CRATER,NONE,NONE
MC_BOUND_CRATER_ROOT_V_TUNNEL_01,5,0,NONE,NONE,NONE,NONE,NONE,DB_CRATER,NONE,M_SOCKET
MC_BOUND_CRATER_ROOT_V_TUNNEL_01,6,0,NONE,NONE,NONE,NONE,NONE,DB_CRATER,NONE,M_SOCKET
MC_BOUND_CRATER_ROOT_V_TUNNEL_01,7,0,NONE,NONE,NONE,NONE,NONE,DB_CRATER,NONE,NONE
MC_BOUND_CRATER_ROOT_V_TUNNEL_01,8,0,NONE,NONE,NONE,NONE,NONE,DB_CRATER,NONE,NONE
MC_BOUND_CRATER_ROOT_V_TUNNEL_01,9,0,NONE,NONE,NONE,NONE,NONE,DB_CRATER,NONE,NONE
MC_BOUND_CRATER_ROOT_V_TUNNEL_01,10,0,G_MOON_ROCK,NONE,NONE,NONE,NONE,DB_CRATER,NONE,NONE
MC_BOUND_CRATER_ROOT_V_TUNNEL_01,11,0,G_MOON_ROCK,NONE,NONE,NONE,NONE,DB_CRATER,NONE,NONE
MC_BOUND_CRATER_ROOT_V_TUNNEL_01,0,1,G_MOON_ROCK,NONE,NONE,NONE,NONE,DB_CRATER,NONE,NONE
MC_BOUND_CRATER_ROOT_V_TUNNEL_01,1,1,G_MOON_ROCK,NONE,NONE,NONE,NONE,DB_CRATER,NONE,NONE
MC_BOUND_CRATER_ROOT_V_TUNNEL_01,2,1,NONE,NONE,NONE,NONE,NONE,DB_CRATER,NONE,NONE
MC_BOUND_CRATER_ROOT_V_TUNNEL_01,3,1,NONE,NONE,NONE,NONE,NONE,DB_CRATER,NONE,NONE
MC_BOUND_CRATER_ROOT_V_TUNNEL_01,4,1,NONE,NONE,NONE,NONE,NONE,DB_CRATER,NONE,NONE
MC_BOUND_CRATER_ROOT_V_TUNNEL_01,5,1,NONE,NONE,NONE,NONE,NONE,DB_CRATER,NONE,M_ROUTE_MAIN
MC_BOUND_CRATER_ROOT_V_TUNNEL_01,6,1,NONE,NONE,NONE,NONE,NONE,DB_CRATER,NONE,M_ROUTE_MAIN
MC_BOUND_CRATER_ROOT_V_TUNNEL_01,7,1,NONE,NONE,NONE,NONE,NONE,DB_CRATER,NONE,NONE
MC_BOUND_CRATER_ROOT_V_TUNNEL_01,8,1,NONE,NONE,NONE,NONE,NONE,DB_CRATER,NONE,NONE
MC_BOUND_CRATER_ROOT_V_TUNNEL_01,9,1,NONE,NONE,NONE,NONE,NONE,DB_CRATER,NONE,NONE
MC_BOUND_CRATER_ROOT_V_TUNNEL_01,10,1,G_MOON_ROCK,NONE,NONE,NONE,NONE,DB_CRATER,NONE,NONE
MC_BOUND_CRATER_ROOT_V_TUNNEL_01,11,1,G_MOON_ROCK,NONE,NONE,NONE,NONE,DB_CRATER,NONE,NONE
MC_BOUND_CRATER_ROOT_V_TUNNEL_01,0,2,G_MOON_ROCK,NONE,NONE,NONE,NONE,DB_CRATER,NONE,NONE
MC_BOUND_CRATER_ROOT_V_TUNNEL_01,1,2,G_MOON_ROCK,NONE,NONE,NONE,NONE,DB_CRATER,NONE,NONE
MC_BOUND_CRATER_ROOT_V_TUNNEL_01,2,2,NONE,NONE,NONE,NONE,NONE,DB_CRATER,NONE,NONE
MC_BOUND_CRATER_ROOT_V_TUNNEL_01,3,2,NONE,NONE,NONE,NONE,NONE,DB_CRATER,NONE,NONE
MC_BOUND_CRATER_ROOT_V_TUNNEL_01,4,2,NONE,NONE,NONE,NONE,NONE,DB_CRATER,NONE,NONE
MC_BOUND_CRATER_ROOT_V_TUNNEL_01,5,2,NONE,NONE,NONE,NONE,NONE,DB_CRATER,NONE,M_ROUTE_MAIN
MC_BOUND_CRATER_ROOT_V_TUNNEL_01,6,2,NONE,NONE,NONE,NONE,NONE,DB_CRATER,NONE,M_ROUTE_MAIN
MC_BOUND_CRATER_ROOT_V_TUNNEL_01,7,2,NONE,NONE,NONE,NONE,NONE,DB_CRATER,NONE,NONE
MC_BOUND_CRATER_ROOT_V_TUNNEL_01,8,2,NONE,NONE,NONE,NONE,NONE,DB_CRATER,NONE,NONE
MC_BOUND_CRATER_ROOT_V_TUNNEL_01,9,2,NONE,NONE,NONE,NONE,NONE,DB_CRATER,NONE,NONE
MC_BOUND_CRATER_ROOT_V_TUNNEL_01,10,2,G_MOON_ROCK,NONE,NONE,NONE,NONE,DB_CRATER,NONE,NONE
MC_BOUND_CRATER_ROOT_V_TUNNEL_01,11,2,G_MOON_ROCK,NONE,NONE,NONE,NONE,DB_CRATER,NONE,NONE
MC_BOUND_CRATER_ROOT_V_TUNNEL_01,0,3,G_MOON_ROCK,NONE,NONE,NONE,NONE,DB_CRATER,NONE,NONE
MC_BOUND_CRATER_ROOT_V_TUNNEL_01,1,3,G_MOON_ROCK,NONE,NONE,NONE,NONE,DB_CRATER,NONE,NONE
MC_BOUND_CRATER_ROOT_V_TUNNEL_01,2,3,NONE,NONE,NONE,NONE,NONE,DB_CRATER,NONE,NONE
MC_BOUND_CRATER_ROOT_V_TUNNEL_01,3,3,NONE,NONE,NONE,NONE,NONE,DB_CRATER,NONE,NONE
MC_BOUND_CRATER_ROOT_V_TUNNEL_01,4,3,NONE,NONE,NONE,NONE,NONE,DB_CRATER,NONE,NONE
MC_BOUND_CRATER_ROOT_V_TUNNEL_01,5,3,NONE,NONE,NONE,NONE,NONE,DB_CRATER,NONE,M_ROUTE_MAIN
MC_BOUND_CRATER_ROOT_V_TUNNEL_01,6,3,NONE,NONE,NONE,NONE,NONE,DB_CRATER,NONE,M_ROUTE_MAIN
MC_BOUND_CRATER_ROOT_V_TUNNEL_01,7,3,NONE,NONE,NONE,NONE,NONE,DB_CRATER,NONE,NONE
MC_BOUND_CRATER_ROOT_V_TUNNEL_01,8,3,NONE,NONE,NONE,NONE,NONE,DB_CRATER,NONE,NONE
MC_BOUND_CRATER_ROOT_V_TUNNEL_01,9,3,NONE,NONE,NONE,NONE,NONE,DB_CRATER,NONE,NONE
MC_BOUND_CRATER_ROOT_V_TUNNEL_01,10,3,G_MOON_ROCK,NONE,NONE,NONE,NONE,DB_CRATER,NONE,NONE
MC_BOUND_CRATER_ROOT_V_TUNNEL_01,11,3,G_MOON_ROCK,NONE,NONE,NONE,NONE,DB_CRATER,NONE,NONE
MC_BOUND_CRATER_ROOT_V_TUNNEL_01,0,4,G_CASSIA_WOOD,NONE,NONE,NONE,NONE,DB_ROOT,NONE,NONE
MC_BOUND_CRATER_ROOT_V_TUNNEL_01,1,4,G_CASSIA_WOOD,NONE,NONE,NONE,NONE,DB_ROOT,NONE,NONE
MC_BOUND_CRATER_ROOT_V_TUNNEL_01,2,4,NONE,NONE,NONE,NONE,NONE,DB_ROOT,NONE,NONE
MC_BOUND_CRATER_ROOT_V_TUNNEL_01,3,4,NONE,NONE,NONE,NONE,NONE,DB_ROOT,NONE,NONE
MC_BOUND_CRATER_ROOT_V_TUNNEL_01,4,4,NONE,NONE,NONE,NONE,NONE,DB_ROOT,NONE,NONE
MC_BOUND_CRATER_ROOT_V_TUNNEL_01,5,4,NONE,NONE,NONE,NONE,NONE,DB_ROOT,NONE,M_ROUTE_MAIN
MC_BOUND_CRATER_ROOT_V_TUNNEL_01,6,4,NONE,NONE,NONE,NONE,NONE,DB_ROOT,NONE,M_ROUTE_MAIN
MC_BOUND_CRATER_ROOT_V_TUNNEL_01,7,4,NONE,NONE,NONE,NONE,NONE,DB_ROOT,NONE,NONE
MC_BOUND_CRATER_ROOT_V_TUNNEL_01,8,4,NONE,NONE,NONE,NONE,NONE,DB_ROOT,NONE,NONE
MC_BOUND_CRATER_ROOT_V_TUNNEL_01,9,4,NONE,NONE,NONE,NONE,NONE,DB_ROOT,NONE,NONE
MC_BOUND_CRATER_ROOT_V_TUNNEL_01,10,4,G_CASSIA_WOOD,NONE,NONE,NONE,NONE,DB_ROOT,NONE,NONE
MC_BOUND_CRATER_ROOT_V_TUNNEL_01,11,4,G_CASSIA_WOOD,NONE,NONE,NONE,NONE,DB_ROOT,NONE,NONE
MC_BOUND_CRATER_ROOT_V_TUNNEL_01,0,5,G_CASSIA_WOOD,NONE,NONE,NONE,NONE,DB_ROOT,NONE,NONE
MC_BOUND_CRATER_ROOT_V_TUNNEL_01,1,5,G_CASSIA_WOOD,NONE,NONE,NONE,NONE,DB_ROOT,NONE,NONE
MC_BOUND_CRATER_ROOT_V_TUNNEL_01,2,5,NONE,NONE,NONE,NONE,NONE,DB_ROOT,NONE,NONE
MC_BOUND_CRATER_ROOT_V_TUNNEL_01,3,5,NONE,NONE,NONE,NONE,NONE,DB_ROOT,NONE,NONE
MC_BOUND_CRATER_ROOT_V_TUNNEL_01,4,5,NONE,NONE,NONE,NONE,NONE,DB_ROOT,NONE,NONE
MC_BOUND_CRATER_ROOT_V_TUNNEL_01,5,5,NONE,NONE,NONE,NONE,NONE,DB_ROOT,NONE,M_ROUTE_MAIN
MC_BOUND_CRATER_ROOT_V_TUNNEL_01,6,5,NONE,NONE,NONE,NONE,NONE,DB_ROOT,NONE,M_ROUTE_MAIN
MC_BOUND_CRATER_ROOT_V_TUNNEL_01,7,5,NONE,NONE,NONE,NONE,NONE,DB_ROOT,NONE,NONE
MC_BOUND_CRATER_ROOT_V_TUNNEL_01,8,5,NONE,NONE,NONE,NONE,NONE,DB_ROOT,NONE,NONE
MC_BOUND_CRATER_ROOT_V_TUNNEL_01,9,5,NONE,NONE,NONE,NONE,NONE,DB_ROOT,NONE,NONE
MC_BOUND_CRATER_ROOT_V_TUNNEL_01,10,5,G_CASSIA_WOOD,NONE,NONE,NONE,NONE,DB_ROOT,NONE,NONE
MC_BOUND_CRATER_ROOT_V_TUNNEL_01,11,5,G_CASSIA_WOOD,NONE,NONE,NONE,NONE,DB_ROOT,NONE,NONE
MC_BOUND_CRATER_ROOT_V_TUNNEL_01,0,6,G_CASSIA_WOOD,NONE,NONE,NONE,NONE,DB_ROOT,NONE,NONE
MC_BOUND_CRATER_ROOT_V_TUNNEL_01,1,6,G_CASSIA_WOOD,NONE,NONE,NONE,NONE,DB_ROOT,NONE,NONE
MC_BOUND_CRATER_ROOT_V_TUNNEL_01,2,6,NONE,NONE,NONE,NONE,NONE,DB_ROOT,NONE,NONE
MC_BOUND_CRATER_ROOT_V_TUNNEL_01,3,6,NONE,NONE,NONE,NONE,NONE,DB_ROOT,NONE,NONE
MC_BOUND_CRATER_ROOT_V_TUNNEL_01,4,6,NONE,NONE,NONE,NONE,NONE,DB_ROOT,NONE,NONE
MC_BOUND_CRATER_ROOT_V_TUNNEL_01,5,6,NONE,NONE,NONE,NONE,NONE,DB_ROOT,NONE,M_ROUTE_MAIN
MC_BOUND_CRATER_ROOT_V_TUNNEL_01,6,6,NONE,NONE,NONE,NONE,NONE,DB_ROOT,NONE,M_ROUTE_MAIN
MC_BOUND_CRATER_ROOT_V_TUNNEL_01,7,6,NONE,NONE,NONE,NONE,NONE,DB_ROOT,NONE,NONE
MC_BOUND_CRATER_ROOT_V_TUNNEL_01,8,6,NONE,NONE,NONE,NONE,NONE,DB_ROOT,NONE,NONE
MC_BOUND_CRATER_ROOT_V_TUNNEL_01,9,6,NONE,NONE,NONE,NONE,NONE,DB_ROOT,NONE,NONE
MC_BOUND_CRATER_ROOT_V_TUNNEL_01,10,6,G_CASSIA_WOOD,NONE,NONE,NONE,NONE,DB_ROOT,NONE,NONE
MC_BOUND_CRATER_ROOT_V_TUNNEL_01,11,6,G_CASSIA_WOOD,NONE,NONE,NONE,NONE,DB_ROOT,NONE,NONE
MC_BOUND_CRATER_ROOT_V_TUNNEL_01,0,7,G_CASSIA_WOOD,NONE,NONE,NONE,NONE,DB_ROOT,NONE,NONE
MC_BOUND_CRATER_ROOT_V_TUNNEL_01,1,7,G_CASSIA_WOOD,NONE,NONE,NONE,NONE,DB_ROOT,NONE,NONE
MC_BOUND_CRATER_ROOT_V_TUNNEL_01,2,7,NONE,NONE,NONE,NONE,NONE,DB_ROOT,NONE,NONE
MC_BOUND_CRATER_ROOT_V_TUNNEL_01,3,7,NONE,NONE,NONE,NONE,NONE,DB_ROOT,NONE,NONE
MC_BOUND_CRATER_ROOT_V_TUNNEL_01,4,7,NONE,NONE,NONE,NONE,NONE,DB_ROOT,NONE,NONE
MC_BOUND_CRATER_ROOT_V_TUNNEL_01,5,7,NONE,NONE,NONE,NONE,NONE,DB_ROOT,NONE,M_SOCKET
MC_BOUND_CRATER_ROOT_V_TUNNEL_01,6,7,NONE,NONE,NONE,NONE,NONE,DB_ROOT,NONE,M_SOCKET
MC_BOUND_CRATER_ROOT_V_TUNNEL_01,7,7,NONE,NONE,NONE,NONE,NONE,DB_ROOT,NONE,NONE
MC_BOUND_CRATER_ROOT_V_TUNNEL_01,8,7,NONE,NONE,NONE,NONE,NONE,DB_ROOT,NONE,NONE
MC_BOUND_CRATER_ROOT_V_TUNNEL_01,9,7,NONE,NONE,NONE,NONE,NONE,DB_ROOT,NONE,NONE
MC_BOUND_CRATER_ROOT_V_TUNNEL_01,10,7,G_CASSIA_WOOD,NONE,NONE,NONE,NONE,DB_ROOT,NONE,NONE
MC_BOUND_CRATER_ROOT_V_TUNNEL_01,11,7,G_CASSIA_WOOD,NONE,NONE,NONE,NONE,DB_ROOT,NONE,NONE
MC_BOUND_CRATER_MILL_V_RUIN_01,0,0,G_MOON_ROCK,NONE,NONE,NONE,NONE,DB_CRATER,NONE,NONE
MC_BOUND_CRATER_MILL_V_RUIN_01,1,0,NONE,NONE,NONE,NONE,NONE,DB_CRATER,NONE,NONE
MC_BOUND_CRATER_MILL_V_RUIN_01,2,0,NONE,NONE,NONE,NONE,NONE,DB_CRATER,NONE,NONE
MC_BOUND_CRATER_MILL_V_RUIN_01,3,0,NONE,NONE,NONE,NONE,NONE,DB_CRATER,NONE,NONE
MC_BOUND_CRATER_MILL_V_RUIN_01,4,0,NONE,NONE,NONE,NONE,NONE,DB_CRATER,NONE,NONE
MC_BOUND_CRATER_MILL_V_RUIN_01,5,0,NONE,NONE,NONE,NONE,NONE,DB_CRATER,NONE,M_SOCKET
MC_BOUND_CRATER_MILL_V_RUIN_01,6,0,NONE,NONE,NONE,NONE,NONE,DB_CRATER,NONE,M_SOCKET
MC_BOUND_CRATER_MILL_V_RUIN_01,7,0,NONE,NONE,NONE,NONE,NONE,DB_CRATER,NONE,NONE
MC_BOUND_CRATER_MILL_V_RUIN_01,8,0,NONE,NONE,NONE,NONE,NONE,DB_CRATER,NONE,NONE
MC_BOUND_CRATER_MILL_V_RUIN_01,9,0,NONE,NONE,NONE,NONE,NONE,DB_CRATER,NONE,NONE
MC_BOUND_CRATER_MILL_V_RUIN_01,10,0,NONE,NONE,NONE,NONE,NONE,DB_CRATER,NONE,NONE
MC_BOUND_CRATER_MILL_V_RUIN_01,11,0,G_MOON_ROCK,NONE,NONE,NONE,NONE,DB_CRATER,NONE,NONE
MC_BOUND_CRATER_MILL_V_RUIN_01,0,1,G_MOON_ROCK,NONE,NONE,NONE,NONE,DB_CRATER,NONE,NONE
MC_BOUND_CRATER_MILL_V_RUIN_01,1,1,NONE,NONE,NONE,NONE,NONE,DB_CRATER,NONE,NONE
MC_BOUND_CRATER_MILL_V_RUIN_01,2,1,NONE,NONE,NONE,NONE,NONE,DB_CRATER,NONE,NONE
MC_BOUND_CRATER_MILL_V_RUIN_01,3,1,NONE,NONE,NONE,NONE,NONE,DB_CRATER,NONE,NONE
MC_BOUND_CRATER_MILL_V_RUIN_01,4,1,NONE,NONE,NONE,NONE,NONE,DB_CRATER,NONE,NONE
MC_BOUND_CRATER_MILL_V_RUIN_01,5,1,NONE,NONE,NONE,NONE,NONE,DB_CRATER,NONE,M_ROUTE_MAIN
MC_BOUND_CRATER_MILL_V_RUIN_01,6,1,NONE,NONE,NONE,NONE,NONE,DB_CRATER,NONE,M_ROUTE_MAIN
MC_BOUND_CRATER_MILL_V_RUIN_01,7,1,NONE,NONE,NONE,NONE,NONE,DB_CRATER,NONE,NONE
MC_BOUND_CRATER_MILL_V_RUIN_01,8,1,NONE,NONE,NONE,NONE,NONE,DB_CRATER,NONE,NONE
MC_BOUND_CRATER_MILL_V_RUIN_01,9,1,NONE,NONE,NONE,NONE,NONE,DB_CRATER,NONE,NONE
MC_BOUND_CRATER_MILL_V_RUIN_01,10,1,NONE,NONE,NONE,NONE,NONE,DB_CRATER,NONE,NONE
MC_BOUND_CRATER_MILL_V_RUIN_01,11,1,G_MOON_ROCK,NONE,NONE,NONE,NONE,DB_CRATER,NONE,NONE
MC_BOUND_CRATER_MILL_V_RUIN_01,0,2,G_MOON_ROCK,NONE,NONE,NONE,NONE,DB_CRATER,NONE,NONE
MC_BOUND_CRATER_MILL_V_RUIN_01,1,2,NONE,NONE,NONE,NONE,NONE,DB_CRATER,NONE,NONE
MC_BOUND_CRATER_MILL_V_RUIN_01,2,2,NONE,NONE,NONE,NONE,NONE,DB_CRATER,NONE,NONE
MC_BOUND_CRATER_MILL_V_RUIN_01,3,2,NONE,NONE,NONE,NONE,NONE,DB_CRATER,NONE,NONE
MC_BOUND_CRATER_MILL_V_RUIN_01,4,2,NONE,NONE,NONE,NONE,NONE,DB_CRATER,NONE,NONE
MC_BOUND_CRATER_MILL_V_RUIN_01,5,2,NONE,NONE,NONE,NONE,NONE,DB_CRATER,NONE,M_ROUTE_MAIN
MC_BOUND_CRATER_MILL_V_RUIN_01,6,2,NONE,NONE,NONE,NONE,NONE,DB_CRATER,NONE,M_ROUTE_MAIN
MC_BOUND_CRATER_MILL_V_RUIN_01,7,2,NONE,NONE,NONE,NONE,NONE,DB_CRATER,NONE,NONE
MC_BOUND_CRATER_MILL_V_RUIN_01,8,2,NONE,NONE,NONE,NONE,NONE,DB_CRATER,NONE,NONE
MC_BOUND_CRATER_MILL_V_RUIN_01,9,2,NONE,NONE,NONE,NONE,NONE,DB_CRATER,NONE,NONE
MC_BOUND_CRATER_MILL_V_RUIN_01,10,2,NONE,NONE,NONE,NONE,NONE,DB_CRATER,NONE,NONE
MC_BOUND_CRATER_MILL_V_RUIN_01,11,2,G_MOON_ROCK,NONE,NONE,NONE,NONE,DB_CRATER,NONE,NONE
MC_BOUND_CRATER_MILL_V_RUIN_01,0,3,G_MOON_ROCK,NONE,NONE,NONE,NONE,DB_CRATER,NONE,NONE
MC_BOUND_CRATER_MILL_V_RUIN_01,1,3,NONE,NONE,NONE,NONE,NONE,DB_CRATER,NONE,NONE
MC_BOUND_CRATER_MILL_V_RUIN_01,2,3,NONE,NONE,NONE,NONE,NONE,DB_CRATER,NONE,NONE
MC_BOUND_CRATER_MILL_V_RUIN_01,3,3,NONE,NONE,NONE,NONE,NONE,DB_CRATER,NONE,NONE
MC_BOUND_CRATER_MILL_V_RUIN_01,4,3,NONE,NONE,NONE,NONE,NONE,DB_CRATER,NONE,NONE
MC_BOUND_CRATER_MILL_V_RUIN_01,5,3,NONE,NONE,NONE,NONE,NONE,DB_CRATER,NONE,M_ROUTE_MAIN
MC_BOUND_CRATER_MILL_V_RUIN_01,6,3,NONE,NONE,NONE,NONE,NONE,DB_CRATER,NONE,M_ROUTE_MAIN
MC_BOUND_CRATER_MILL_V_RUIN_01,7,3,NONE,NONE,NONE,NONE,NONE,DB_CRATER,NONE,NONE
MC_BOUND_CRATER_MILL_V_RUIN_01,8,3,NONE,NONE,NONE,NONE,NONE,DB_CRATER,NONE,NONE
MC_BOUND_CRATER_MILL_V_RUIN_01,9,3,NONE,NONE,NONE,NONE,NONE,DB_CRATER,NONE,NONE
MC_BOUND_CRATER_MILL_V_RUIN_01,10,3,NONE,NONE,NONE,NONE,NONE,DB_CRATER,NONE,NONE
MC_BOUND_CRATER_MILL_V_RUIN_01,11,3,G_MOON_ROCK,NONE,NONE,NONE,NONE,DB_CRATER,NONE,NONE
MC_BOUND_CRATER_MILL_V_RUIN_01,0,4,G_MILL_METAL,NONE,NONE,NONE,NONE,DB_MILL,NONE,NONE
MC_BOUND_CRATER_MILL_V_RUIN_01,1,4,NONE,NONE,NONE,NONE,NONE,DB_MILL,NONE,NONE
MC_BOUND_CRATER_MILL_V_RUIN_01,2,4,NONE,NONE,NONE,NONE,NONE,DB_MILL,NONE,NONE
MC_BOUND_CRATER_MILL_V_RUIN_01,3,4,NONE,NONE,NONE,NONE,NONE,DB_MILL,NONE,NONE
MC_BOUND_CRATER_MILL_V_RUIN_01,4,4,NONE,NONE,NONE,NONE,NONE,DB_MILL,NONE,NONE
MC_BOUND_CRATER_MILL_V_RUIN_01,5,4,NONE,NONE,NONE,NONE,NONE,DB_MILL,NONE,M_ROUTE_MAIN
MC_BOUND_CRATER_MILL_V_RUIN_01,6,4,NONE,NONE,NONE,NONE,NONE,DB_MILL,NONE,M_ROUTE_MAIN
MC_BOUND_CRATER_MILL_V_RUIN_01,7,4,NONE,NONE,NONE,NONE,NONE,DB_MILL,NONE,NONE
MC_BOUND_CRATER_MILL_V_RUIN_01,8,4,NONE,NONE,NONE,NONE,NONE,DB_MILL,NONE,NONE
MC_BOUND_CRATER_MILL_V_RUIN_01,9,4,NONE,NONE,NONE,NONE,NONE,DB_MILL,NONE,NONE
MC_BOUND_CRATER_MILL_V_RUIN_01,10,4,NONE,NONE,NONE,NONE,NONE,DB_MILL,NONE,NONE
MC_BOUND_CRATER_MILL_V_RUIN_01,11,4,G_MILL_METAL,NONE,NONE,NONE,NONE,DB_MILL,NONE,NONE
MC_BOUND_CRATER_MILL_V_RUIN_01,0,5,G_MILL_METAL,NONE,NONE,NONE,NONE,DB_MILL,NONE,NONE
MC_BOUND_CRATER_MILL_V_RUIN_01,1,5,NONE,NONE,NONE,NONE,NONE,DB_MILL,NONE,NONE
MC_BOUND_CRATER_MILL_V_RUIN_01,2,5,NONE,NONE,NONE,NONE,NONE,DB_MILL,NONE,NONE
MC_BOUND_CRATER_MILL_V_RUIN_01,3,5,NONE,NONE,NONE,NONE,NONE,DB_MILL,NONE,NONE
MC_BOUND_CRATER_MILL_V_RUIN_01,4,5,NONE,NONE,NONE,NONE,NONE,DB_MILL,NONE,NONE
MC_BOUND_CRATER_MILL_V_RUIN_01,5,5,NONE,NONE,NONE,NONE,NONE,DB_MILL,NONE,M_ROUTE_MAIN
MC_BOUND_CRATER_MILL_V_RUIN_01,6,5,NONE,NONE,NONE,NONE,NONE,DB_MILL,NONE,M_ROUTE_MAIN
MC_BOUND_CRATER_MILL_V_RUIN_01,7,5,NONE,NONE,NONE,NONE,NONE,DB_MILL,NONE,NONE
MC_BOUND_CRATER_MILL_V_RUIN_01,8,5,NONE,NONE,NONE,NONE,NONE,DB_MILL,NONE,NONE
MC_BOUND_CRATER_MILL_V_RUIN_01,9,5,NONE,NONE,NONE,NONE,NONE,DB_MILL,NONE,NONE
MC_BOUND_CRATER_MILL_V_RUIN_01,10,5,NONE,NONE,NONE,NONE,NONE,DB_MILL,NONE,NONE
MC_BOUND_CRATER_MILL_V_RUIN_01,11,5,G_MILL_METAL,NONE,NONE,NONE,NONE,DB_MILL,NONE,NONE
MC_BOUND_CRATER_MILL_V_RUIN_01,0,6,G_MILL_METAL,NONE,NONE,NONE,NONE,DB_MILL,NONE,NONE
MC_BOUND_CRATER_MILL_V_RUIN_01,1,6,NONE,NONE,NONE,NONE,NONE,DB_MILL,NONE,NONE
MC_BOUND_CRATER_MILL_V_RUIN_01,2,6,NONE,NONE,NONE,NONE,NONE,DB_MILL,NONE,NONE
MC_BOUND_CRATER_MILL_V_RUIN_01,3,6,NONE,NONE,NONE,NONE,NONE,DB_MILL,NONE,NONE
MC_BOUND_CRATER_MILL_V_RUIN_01,4,6,NONE,NONE,NONE,NONE,NONE,DB_MILL,NONE,NONE
MC_BOUND_CRATER_MILL_V_RUIN_01,5,6,NONE,NONE,NONE,NONE,NONE,DB_MILL,NONE,M_ROUTE_MAIN
MC_BOUND_CRATER_MILL_V_RUIN_01,6,6,NONE,NONE,NONE,NONE,NONE,DB_MILL,NONE,M_ROUTE_MAIN
MC_BOUND_CRATER_MILL_V_RUIN_01,7,6,NONE,NONE,NONE,NONE,NONE,DB_MILL,NONE,NONE
MC_BOUND_CRATER_MILL_V_RUIN_01,8,6,NONE,NONE,NONE,NONE,NONE,DB_MILL,NONE,NONE
MC_BOUND_CRATER_MILL_V_RUIN_01,9,6,NONE,NONE,NONE,NONE,NONE,DB_MILL,NONE,NONE
MC_BOUND_CRATER_MILL_V_RUIN_01,10,6,NONE,NONE,NONE,NONE,NONE,DB_MILL,NONE,NONE
MC_BOUND_CRATER_MILL_V_RUIN_01,11,6,G_MILL_METAL,NONE,NONE,NONE,NONE,DB_MILL,NONE,NONE
MC_BOUND_CRATER_MILL_V_RUIN_01,0,7,G_MILL_METAL,NONE,NONE,NONE,NONE,DB_MILL,NONE,NONE
MC_BOUND_CRATER_MILL_V_RUIN_01,1,7,NONE,NONE,NONE,NONE,NONE,DB_MILL,NONE,NONE
MC_BOUND_CRATER_MILL_V_RUIN_01,2,7,NONE,NONE,NONE,NONE,NONE,DB_MILL,NONE,NONE
MC_BOUND_CRATER_MILL_V_RUIN_01,3,7,NONE,NONE,NONE,NONE,NONE,DB_MILL,NONE,NONE
MC_BOUND_CRATER_MILL_V_RUIN_01,4,7,NONE,NONE,NONE,NONE,NONE,DB_MILL,NONE,NONE
MC_BOUND_CRATER_MILL_V_RUIN_01,5,7,NONE,NONE,NONE,NONE,NONE,DB_MILL,NONE,M_SOCKET
MC_BOUND_CRATER_MILL_V_RUIN_01,6,7,NONE,NONE,NONE,NONE,NONE,DB_MILL,NONE,M_SOCKET
MC_BOUND_CRATER_MILL_V_RUIN_01,7,7,NONE,NONE,NONE,NONE,NONE,DB_MILL,NONE,NONE
MC_BOUND_CRATER_MILL_V_RUIN_01,8,7,NONE,NONE,NONE,NONE,NONE,DB_MILL,NONE,NONE
MC_BOUND_CRATER_MILL_V_RUIN_01,9,7,NONE,NONE,NONE,NONE,NONE,DB_MILL,NONE,NONE
MC_BOUND_CRATER_MILL_V_RUIN_01,10,7,NONE,NONE,NONE,NONE,NONE,DB_MILL,NONE,NONE
MC_BOUND_CRATER_MILL_V_RUIN_01,11,7,G_MILL_METAL,NONE,NONE,NONE,NONE,DB_MILL,NONE,NONE
MC_BOUND_CRATER_MILL_H_SOFT_01,0,0,G_MOON_ROCK,NONE,NONE,NONE,NONE,DB_CRATER,NONE,NONE
MC_BOUND_CRATER_MILL_H_SOFT_01,1,0,G_MOON_ROCK,NONE,NONE,NONE,NONE,DB_CRATER,NONE,NONE
MC_BOUND_CRATER_MILL_H_SOFT_01,2,0,G_MOON_ROCK,NONE,NONE,NONE,NONE,DB_CRATER,NONE,NONE
MC_BOUND_CRATER_MILL_H_SOFT_01,3,0,G_MOON_ROCK,NONE,NONE,NONE,NONE,DB_CRATER,NONE,NONE
MC_BOUND_CRATER_MILL_H_SOFT_01,4,0,G_MOON_ROCK,NONE,NONE,NONE,NONE,DB_CRATER,NONE,NONE
MC_BOUND_CRATER_MILL_H_SOFT_01,5,0,G_MOON_ROCK,NONE,NONE,NONE,NONE,DB_CRATER,NONE,NONE
MC_BOUND_CRATER_MILL_H_SOFT_01,6,0,G_MILL_METAL,NONE,NONE,NONE,NONE,DB_MILL,NONE,NONE
MC_BOUND_CRATER_MILL_H_SOFT_01,7,0,G_MILL_METAL,NONE,NONE,NONE,NONE,DB_MILL,NONE,NONE
MC_BOUND_CRATER_MILL_H_SOFT_01,8,0,G_MILL_METAL,NONE,NONE,NONE,NONE,DB_MILL,NONE,NONE
MC_BOUND_CRATER_MILL_H_SOFT_01,9,0,G_MILL_METAL,NONE,NONE,NONE,NONE,DB_MILL,NONE,NONE
MC_BOUND_CRATER_MILL_H_SOFT_01,10,0,G_MILL_METAL,NONE,NONE,NONE,NONE,DB_MILL,NONE,NONE
MC_BOUND_CRATER_MILL_H_SOFT_01,11,0,G_MILL_METAL,NONE,NONE,NONE,NONE,DB_MILL,NONE,NONE
MC_BOUND_CRATER_MILL_H_SOFT_01,0,1,NONE,NONE,NONE,NONE,NONE,DB_CRATER,NONE,M_ROUTE_MAIN
MC_BOUND_CRATER_MILL_H_SOFT_01,1,1,NONE,NONE,NONE,NONE,NONE,DB_CRATER,NONE,M_ROUTE_MAIN
MC_BOUND_CRATER_MILL_H_SOFT_01,2,1,NONE,NONE,NONE,NONE,NONE,DB_CRATER,NONE,M_ROUTE_MAIN
MC_BOUND_CRATER_MILL_H_SOFT_01,3,1,NONE,NONE,NONE,NONE,NONE,DB_CRATER,NONE,M_ROUTE_MAIN
MC_BOUND_CRATER_MILL_H_SOFT_01,4,1,NONE,NONE,NONE,NONE,NONE,DB_CRATER,NONE,M_ROUTE_MAIN
MC_BOUND_CRATER_MILL_H_SOFT_01,5,1,NONE,NONE,NONE,NONE,NONE,DB_CRATER,NONE,M_ROUTE_MAIN
MC_BOUND_CRATER_MILL_H_SOFT_01,6,1,NONE,NONE,NONE,NONE,NONE,DB_MILL,NONE,M_ROUTE_MAIN
MC_BOUND_CRATER_MILL_H_SOFT_01,7,1,NONE,NONE,NONE,NONE,NONE,DB_MILL,NONE,M_ROUTE_MAIN
MC_BOUND_CRATER_MILL_H_SOFT_01,8,1,NONE,NONE,NONE,NONE,NONE,DB_MILL,NONE,M_ROUTE_MAIN
MC_BOUND_CRATER_MILL_H_SOFT_01,9,1,NONE,NONE,NONE,NONE,NONE,DB_MILL,NONE,M_ROUTE_MAIN
MC_BOUND_CRATER_MILL_H_SOFT_01,10,1,NONE,NONE,NONE,NONE,NONE,DB_MILL,NONE,M_ROUTE_MAIN
MC_BOUND_CRATER_MILL_H_SOFT_01,11,1,NONE,NONE,NONE,NONE,NONE,DB_MILL,NONE,M_ROUTE_MAIN
MC_BOUND_CRATER_MILL_H_SOFT_01,0,2,NONE,NONE,NONE,NONE,NONE,DB_CRATER,NONE,NONE
MC_BOUND_CRATER_MILL_H_SOFT_01,1,2,NONE,NONE,NONE,NONE,NONE,DB_CRATER,NONE,NONE
MC_BOUND_CRATER_MILL_H_SOFT_01,2,2,NONE,NONE,NONE,NONE,NONE,DB_CRATER,NONE,NONE
MC_BOUND_CRATER_MILL_H_SOFT_01,3,2,NONE,NONE,NONE,NONE,NONE,DB_CRATER,NONE,NONE
MC_BOUND_CRATER_MILL_H_SOFT_01,4,2,NONE,NONE,NONE,NONE,NONE,DB_CRATER,NONE,NONE
MC_BOUND_CRATER_MILL_H_SOFT_01,5,2,NONE,NONE,NONE,NONE,NONE,DB_CRATER,NONE,NONE
MC_BOUND_CRATER_MILL_H_SOFT_01,6,2,NONE,NONE,NONE,NONE,NONE,DB_MILL,NONE,NONE
MC_BOUND_CRATER_MILL_H_SOFT_01,7,2,NONE,NONE,NONE,NONE,NONE,DB_MILL,NONE,NONE
MC_BOUND_CRATER_MILL_H_SOFT_01,8,2,NONE,NONE,NONE,NONE,NONE,DB_MILL,NONE,NONE
MC_BOUND_CRATER_MILL_H_SOFT_01,9,2,NONE,NONE,NONE,NONE,NONE,DB_MILL,NONE,NONE
MC_BOUND_CRATER_MILL_H_SOFT_01,10,2,NONE,NONE,NONE,NONE,NONE,DB_MILL,NONE,NONE
MC_BOUND_CRATER_MILL_H_SOFT_01,11,2,NONE,NONE,NONE,NONE,NONE,DB_MILL,NONE,NONE
MC_BOUND_CRATER_MILL_H_SOFT_01,0,3,NONE,NONE,NONE,NONE,NONE,DB_CRATER,NONE,M_SOCKET
MC_BOUND_CRATER_MILL_H_SOFT_01,1,3,NONE,NONE,NONE,NONE,NONE,DB_CRATER,NONE,NONE
MC_BOUND_CRATER_MILL_H_SOFT_01,2,3,NONE,NONE,NONE,NONE,NONE,DB_CRATER,NONE,NONE
MC_BOUND_CRATER_MILL_H_SOFT_01,3,3,NONE,NONE,NONE,NONE,NONE,DB_CRATER,NONE,NONE
MC_BOUND_CRATER_MILL_H_SOFT_01,4,3,NONE,NONE,NONE,NONE,NONE,DB_CRATER,NONE,NONE
MC_BOUND_CRATER_MILL_H_SOFT_01,5,3,NONE,NONE,NONE,NONE,NONE,DB_CRATER,NONE,NONE
MC_BOUND_CRATER_MILL_H_SOFT_01,6,3,NONE,NONE,NONE,NONE,NONE,DB_MILL,NONE,NONE
MC_BOUND_CRATER_MILL_H_SOFT_01,7,3,NONE,NONE,NONE,NONE,NONE,DB_MILL,NONE,NONE
MC_BOUND_CRATER_MILL_H_SOFT_01,8,3,NONE,NONE,NONE,NONE,NONE,DB_MILL,NONE,NONE
MC_BOUND_CRATER_MILL_H_SOFT_01,9,3,NONE,NONE,NONE,NONE,NONE,DB_MILL,NONE,NONE
MC_BOUND_CRATER_MILL_H_SOFT_01,10,3,NONE,NONE,NONE,NONE,NONE,DB_MILL,NONE,NONE
MC_BOUND_CRATER_MILL_H_SOFT_01,11,3,NONE,NONE,NONE,NONE,NONE,DB_MILL,NONE,M_SOCKET
MC_BOUND_CRATER_MILL_H_SOFT_01,0,4,NONE,NONE,NONE,NONE,NONE,DB_CRATER,NONE,M_SOCKET
MC_BOUND_CRATER_MILL_H_SOFT_01,1,4,NONE,NONE,NONE,NONE,NONE,DB_CRATER,NONE,NONE
MC_BOUND_CRATER_MILL_H_SOFT_01,2,4,NONE,NONE,NONE,NONE,NONE,DB_CRATER,NONE,NONE
MC_BOUND_CRATER_MILL_H_SOFT_01,3,4,NONE,NONE,NONE,NONE,NONE,DB_CRATER,NONE,NONE
MC_BOUND_CRATER_MILL_H_SOFT_01,4,4,NONE,NONE,NONE,NONE,NONE,DB_CRATER,NONE,NONE
MC_BOUND_CRATER_MILL_H_SOFT_01,5,4,NONE,NONE,NONE,NONE,NONE,DB_CRATER,NONE,NONE
MC_BOUND_CRATER_MILL_H_SOFT_01,6,4,NONE,NONE,NONE,NONE,NONE,DB_MILL,NONE,NONE
MC_BOUND_CRATER_MILL_H_SOFT_01,7,4,NONE,NONE,NONE,NONE,NONE,DB_MILL,NONE,NONE
MC_BOUND_CRATER_MILL_H_SOFT_01,8,4,NONE,NONE,NONE,NONE,NONE,DB_MILL,NONE,NONE
MC_BOUND_CRATER_MILL_H_SOFT_01,9,4,NONE,NONE,NONE,NONE,NONE,DB_MILL,NONE,NONE
MC_BOUND_CRATER_MILL_H_SOFT_01,10,4,NONE,NONE,NONE,NONE,NONE,DB_MILL,NONE,NONE
MC_BOUND_CRATER_MILL_H_SOFT_01,11,4,NONE,NONE,NONE,NONE,NONE,DB_MILL,NONE,M_SOCKET
MC_BOUND_CRATER_MILL_H_SOFT_01,0,5,NONE,NONE,NONE,NONE,NONE,DB_CRATER,NONE,NONE
MC_BOUND_CRATER_MILL_H_SOFT_01,1,5,NONE,NONE,NONE,NONE,NONE,DB_CRATER,NONE,NONE
MC_BOUND_CRATER_MILL_H_SOFT_01,2,5,NONE,NONE,NONE,NONE,NONE,DB_CRATER,NONE,NONE
MC_BOUND_CRATER_MILL_H_SOFT_01,3,5,NONE,NONE,NONE,NONE,NONE,DB_CRATER,NONE,NONE
MC_BOUND_CRATER_MILL_H_SOFT_01,4,5,NONE,NONE,NONE,NONE,NONE,DB_CRATER,NONE,NONE
MC_BOUND_CRATER_MILL_H_SOFT_01,5,5,NONE,NONE,NONE,NONE,NONE,DB_CRATER,NONE,NONE
MC_BOUND_CRATER_MILL_H_SOFT_01,6,5,NONE,NONE,NONE,NONE,NONE,DB_MILL,NONE,NONE
MC_BOUND_CRATER_MILL_H_SOFT_01,7,5,NONE,NONE,NONE,NONE,NONE,DB_MILL,NONE,NONE
MC_BOUND_CRATER_MILL_H_SOFT_01,8,5,NONE,NONE,NONE,NONE,NONE,DB_MILL,NONE,NONE
MC_BOUND_CRATER_MILL_H_SOFT_01,9,5,NONE,NONE,NONE,NONE,NONE,DB_MILL,NONE,NONE
MC_BOUND_CRATER_MILL_H_SOFT_01,10,5,NONE,NONE,NONE,NONE,NONE,DB_MILL,NONE,NONE
MC_BOUND_CRATER_MILL_H_SOFT_01,11,5,NONE,NONE,NONE,NONE,NONE,DB_MILL,NONE,NONE
MC_BOUND_CRATER_MILL_H_SOFT_01,0,6,NONE,NONE,NONE,NONE,NONE,DB_CRATER,NONE,NONE
MC_BOUND_CRATER_MILL_H_SOFT_01,1,6,NONE,NONE,NONE,NONE,NONE,DB_CRATER,NONE,NONE
MC_BOUND_CRATER_MILL_H_SOFT_01,2,6,NONE,NONE,NONE,NONE,NONE,DB_CRATER,NONE,NONE
MC_BOUND_CRATER_MILL_H_SOFT_01,3,6,NONE,NONE,NONE,NONE,NONE,DB_CRATER,NONE,NONE
MC_BOUND_CRATER_MILL_H_SOFT_01,4,6,NONE,NONE,NONE,NONE,NONE,DB_CRATER,NONE,NONE
MC_BOUND_CRATER_MILL_H_SOFT_01,5,6,NONE,NONE,NONE,NONE,NONE,DB_CRATER,NONE,NONE
MC_BOUND_CRATER_MILL_H_SOFT_01,6,6,NONE,NONE,NONE,NONE,NONE,DB_MILL,NONE,NONE
MC_BOUND_CRATER_MILL_H_SOFT_01,7,6,NONE,NONE,NONE,NONE,NONE,DB_MILL,NONE,NONE
MC_BOUND_CRATER_MILL_H_SOFT_01,8,6,NONE,NONE,NONE,NONE,NONE,DB_MILL,NONE,NONE
MC_BOUND_CRATER_MILL_H_SOFT_01,9,6,NONE,NONE,NONE,NONE,NONE,DB_MILL,NONE,NONE
MC_BOUND_CRATER_MILL_H_SOFT_01,10,6,NONE,NONE,NONE,NONE,NONE,DB_MILL,NONE,NONE
MC_BOUND_CRATER_MILL_H_SOFT_01,11,6,NONE,NONE,NONE,NONE,NONE,DB_MILL,NONE,NONE
MC_BOUND_CRATER_MILL_H_SOFT_01,0,7,NONE,NONE,NONE,NONE,NONE,DB_CRATER,NONE,NONE
MC_BOUND_CRATER_MILL_H_SOFT_01,1,7,NONE,NONE,NONE,NONE,NONE,DB_CRATER,NONE,NONE
MC_BOUND_CRATER_MILL_H_SOFT_01,2,7,NONE,NONE,NONE,NONE,NONE,DB_CRATER,NONE,NONE
MC_BOUND_CRATER_MILL_H_SOFT_01,3,7,NONE,NONE,NONE,NONE,NONE,DB_CRATER,NONE,NONE
MC_BOUND_CRATER_MILL_H_SOFT_01,4,7,NONE,NONE,NONE,NONE,NONE,DB_CRATER,NONE,NONE
MC_BOUND_CRATER_MILL_H_SOFT_01,5,7,NONE,NONE,NONE,NONE,NONE,DB_CRATER,NONE,NONE
MC_BOUND_CRATER_MILL_H_SOFT_01,6,7,NONE,NONE,NONE,NONE,NONE,DB_MILL,NONE,NONE
MC_BOUND_CRATER_MILL_H_SOFT_01,7,7,NONE,NONE,NONE,NONE,NONE,DB_MILL,NONE,NONE
MC_BOUND_CRATER_MILL_H_SOFT_01,8,7,NONE,NONE,NONE,NONE,NONE,DB_MILL,NONE,NONE
MC_BOUND_CRATER_MILL_H_SOFT_01,9,7,NONE,NONE,NONE,NONE,NONE,DB_MILL,NONE,NONE
MC_BOUND_CRATER_MILL_H_SOFT_01,10,7,NONE,NONE,NONE,NONE,NONE,DB_MILL,NONE,NONE
MC_BOUND_CRATER_MILL_H_SOFT_01,11,7,NONE,NONE,NONE,NONE,NONE,DB_MILL,NONE,NONE
MC_BOUND_CRATER_MILL_V_SOFT_01,0,0,G_MOON_ROCK,NONE,NONE,NONE,NONE,DB_CRATER,NONE,NONE
MC_BOUND_CRATER_MILL_V_SOFT_01,1,0,NONE,NONE,NONE,NONE,NONE,DB_CRATER,NONE,NONE
MC_BOUND_CRATER_MILL_V_SOFT_01,2,0,NONE,NONE,NONE,NONE,NONE,DB_CRATER,NONE,NONE
MC_BOUND_CRATER_MILL_V_SOFT_01,3,0,NONE,NONE,NONE,NONE,NONE,DB_CRATER,NONE,NONE
MC_BOUND_CRATER_MILL_V_SOFT_01,4,0,NONE,NONE,NONE,NONE,NONE,DB_CRATER,NONE,NONE
MC_BOUND_CRATER_MILL_V_SOFT_01,5,0,NONE,NONE,NONE,NONE,NONE,DB_CRATER,NONE,M_SOCKET
MC_BOUND_CRATER_MILL_V_SOFT_01,6,0,NONE,NONE,NONE,NONE,NONE,DB_CRATER,NONE,M_SOCKET
MC_BOUND_CRATER_MILL_V_SOFT_01,7,0,NONE,NONE,NONE,NONE,NONE,DB_CRATER,NONE,NONE
MC_BOUND_CRATER_MILL_V_SOFT_01,8,0,NONE,NONE,NONE,NONE,NONE,DB_CRATER,NONE,NONE
MC_BOUND_CRATER_MILL_V_SOFT_01,9,0,NONE,NONE,NONE,NONE,NONE,DB_CRATER,NONE,NONE
MC_BOUND_CRATER_MILL_V_SOFT_01,10,0,NONE,NONE,NONE,NONE,NONE,DB_CRATER,NONE,NONE
MC_BOUND_CRATER_MILL_V_SOFT_01,11,0,G_MOON_ROCK,NONE,NONE,NONE,NONE,DB_CRATER,NONE,NONE
MC_BOUND_CRATER_MILL_V_SOFT_01,0,1,G_MOON_ROCK,NONE,NONE,NONE,NONE,DB_CRATER,NONE,NONE
MC_BOUND_CRATER_MILL_V_SOFT_01,1,1,NONE,NONE,NONE,NONE,NONE,DB_CRATER,NONE,NONE
MC_BOUND_CRATER_MILL_V_SOFT_01,2,1,NONE,NONE,NONE,NONE,NONE,DB_CRATER,NONE,NONE
MC_BOUND_CRATER_MILL_V_SOFT_01,3,1,NONE,NONE,NONE,NONE,NONE,DB_CRATER,NONE,NONE
MC_BOUND_CRATER_MILL_V_SOFT_01,4,1,NONE,NONE,NONE,NONE,NONE,DB_CRATER,NONE,NONE
MC_BOUND_CRATER_MILL_V_SOFT_01,5,1,NONE,NONE,NONE,NONE,NONE,DB_CRATER,NONE,M_ROUTE_MAIN
MC_BOUND_CRATER_MILL_V_SOFT_01,6,1,NONE,NONE,NONE,NONE,NONE,DB_CRATER,NONE,M_ROUTE_MAIN
MC_BOUND_CRATER_MILL_V_SOFT_01,7,1,NONE,NONE,NONE,NONE,NONE,DB_CRATER,NONE,NONE
MC_BOUND_CRATER_MILL_V_SOFT_01,8,1,NONE,NONE,NONE,NONE,NONE,DB_CRATER,NONE,NONE
MC_BOUND_CRATER_MILL_V_SOFT_01,9,1,NONE,NONE,NONE,NONE,NONE,DB_CRATER,NONE,NONE
MC_BOUND_CRATER_MILL_V_SOFT_01,10,1,NONE,NONE,NONE,NONE,NONE,DB_CRATER,NONE,NONE
MC_BOUND_CRATER_MILL_V_SOFT_01,11,1,G_MOON_ROCK,NONE,NONE,NONE,NONE,DB_CRATER,NONE,NONE
MC_BOUND_CRATER_MILL_V_SOFT_01,0,2,G_MOON_ROCK,NONE,NONE,NONE,NONE,DB_CRATER,NONE,NONE
MC_BOUND_CRATER_MILL_V_SOFT_01,1,2,NONE,NONE,NONE,NONE,NONE,DB_CRATER,NONE,NONE
MC_BOUND_CRATER_MILL_V_SOFT_01,2,2,NONE,NONE,NONE,NONE,NONE,DB_CRATER,NONE,NONE
MC_BOUND_CRATER_MILL_V_SOFT_01,3,2,NONE,NONE,NONE,NONE,NONE,DB_CRATER,NONE,NONE
MC_BOUND_CRATER_MILL_V_SOFT_01,4,2,NONE,NONE,NONE,NONE,NONE,DB_CRATER,NONE,NONE
MC_BOUND_CRATER_MILL_V_SOFT_01,5,2,NONE,NONE,NONE,NONE,NONE,DB_CRATER,NONE,M_ROUTE_MAIN
MC_BOUND_CRATER_MILL_V_SOFT_01,6,2,NONE,NONE,NONE,NONE,NONE,DB_CRATER,NONE,M_ROUTE_MAIN
MC_BOUND_CRATER_MILL_V_SOFT_01,7,2,NONE,NONE,NONE,NONE,NONE,DB_CRATER,NONE,NONE
MC_BOUND_CRATER_MILL_V_SOFT_01,8,2,NONE,NONE,NONE,NONE,NONE,DB_CRATER,NONE,NONE
MC_BOUND_CRATER_MILL_V_SOFT_01,9,2,NONE,NONE,NONE,NONE,NONE,DB_CRATER,NONE,NONE
MC_BOUND_CRATER_MILL_V_SOFT_01,10,2,NONE,NONE,NONE,NONE,NONE,DB_CRATER,NONE,NONE
MC_BOUND_CRATER_MILL_V_SOFT_01,11,2,G_MOON_ROCK,NONE,NONE,NONE,NONE,DB_CRATER,NONE,NONE
MC_BOUND_CRATER_MILL_V_SOFT_01,0,3,G_MOON_ROCK,NONE,NONE,NONE,NONE,DB_CRATER,NONE,NONE
MC_BOUND_CRATER_MILL_V_SOFT_01,1,3,NONE,NONE,NONE,NONE,NONE,DB_CRATER,NONE,NONE
MC_BOUND_CRATER_MILL_V_SOFT_01,2,3,NONE,NONE,NONE,NONE,NONE,DB_CRATER,NONE,NONE
MC_BOUND_CRATER_MILL_V_SOFT_01,3,3,NONE,NONE,NONE,NONE,NONE,DB_CRATER,NONE,NONE
MC_BOUND_CRATER_MILL_V_SOFT_01,4,3,NONE,NONE,NONE,NONE,NONE,DB_CRATER,NONE,NONE
MC_BOUND_CRATER_MILL_V_SOFT_01,5,3,NONE,NONE,NONE,NONE,NONE,DB_CRATER,NONE,M_ROUTE_MAIN
MC_BOUND_CRATER_MILL_V_SOFT_01,6,3,NONE,NONE,NONE,NONE,NONE,DB_CRATER,NONE,M_ROUTE_MAIN
MC_BOUND_CRATER_MILL_V_SOFT_01,7,3,NONE,NONE,NONE,NONE,NONE,DB_CRATER,NONE,NONE
MC_BOUND_CRATER_MILL_V_SOFT_01,8,3,NONE,NONE,NONE,NONE,NONE,DB_CRATER,NONE,NONE
MC_BOUND_CRATER_MILL_V_SOFT_01,9,3,NONE,NONE,NONE,NONE,NONE,DB_CRATER,NONE,NONE
MC_BOUND_CRATER_MILL_V_SOFT_01,10,3,NONE,NONE,NONE,NONE,NONE,DB_CRATER,NONE,NONE
MC_BOUND_CRATER_MILL_V_SOFT_01,11,3,G_MOON_ROCK,NONE,NONE,NONE,NONE,DB_CRATER,NONE,NONE
MC_BOUND_CRATER_MILL_V_SOFT_01,0,4,G_MILL_METAL,NONE,NONE,NONE,NONE,DB_MILL,NONE,NONE
MC_BOUND_CRATER_MILL_V_SOFT_01,1,4,NONE,NONE,NONE,NONE,NONE,DB_MILL,NONE,NONE
MC_BOUND_CRATER_MILL_V_SOFT_01,2,4,NONE,NONE,NONE,NONE,NONE,DB_MILL,NONE,NONE
MC_BOUND_CRATER_MILL_V_SOFT_01,3,4,NONE,NONE,NONE,NONE,NONE,DB_MILL,NONE,NONE
MC_BOUND_CRATER_MILL_V_SOFT_01,4,4,NONE,NONE,NONE,NONE,NONE,DB_MILL,NONE,NONE
MC_BOUND_CRATER_MILL_V_SOFT_01,5,4,NONE,NONE,NONE,NONE,NONE,DB_MILL,NONE,M_ROUTE_MAIN
MC_BOUND_CRATER_MILL_V_SOFT_01,6,4,NONE,NONE,NONE,NONE,NONE,DB_MILL,NONE,M_ROUTE_MAIN
MC_BOUND_CRATER_MILL_V_SOFT_01,7,4,NONE,NONE,NONE,NONE,NONE,DB_MILL,NONE,NONE
MC_BOUND_CRATER_MILL_V_SOFT_01,8,4,NONE,NONE,NONE,NONE,NONE,DB_MILL,NONE,NONE
MC_BOUND_CRATER_MILL_V_SOFT_01,9,4,NONE,NONE,NONE,NONE,NONE,DB_MILL,NONE,NONE
MC_BOUND_CRATER_MILL_V_SOFT_01,10,4,NONE,NONE,NONE,NONE,NONE,DB_MILL,NONE,NONE
MC_BOUND_CRATER_MILL_V_SOFT_01,11,4,G_MILL_METAL,NONE,NONE,NONE,NONE,DB_MILL,NONE,NONE
MC_BOUND_CRATER_MILL_V_SOFT_01,0,5,G_MILL_METAL,NONE,NONE,NONE,NONE,DB_MILL,NONE,NONE
MC_BOUND_CRATER_MILL_V_SOFT_01,1,5,NONE,NONE,NONE,NONE,NONE,DB_MILL,NONE,NONE
MC_BOUND_CRATER_MILL_V_SOFT_01,2,5,NONE,NONE,NONE,NONE,NONE,DB_MILL,NONE,NONE
MC_BOUND_CRATER_MILL_V_SOFT_01,3,5,NONE,NONE,NONE,NONE,NONE,DB_MILL,NONE,NONE
MC_BOUND_CRATER_MILL_V_SOFT_01,4,5,NONE,NONE,NONE,NONE,NONE,DB_MILL,NONE,NONE
MC_BOUND_CRATER_MILL_V_SOFT_01,5,5,NONE,NONE,NONE,NONE,NONE,DB_MILL,NONE,M_ROUTE_MAIN
MC_BOUND_CRATER_MILL_V_SOFT_01,6,5,NONE,NONE,NONE,NONE,NONE,DB_MILL,NONE,M_ROUTE_MAIN
MC_BOUND_CRATER_MILL_V_SOFT_01,7,5,NONE,NONE,NONE,NONE,NONE,DB_MILL,NONE,NONE
MC_BOUND_CRATER_MILL_V_SOFT_01,8,5,NONE,NONE,NONE,NONE,NONE,DB_MILL,NONE,NONE
MC_BOUND_CRATER_MILL_V_SOFT_01,9,5,NONE,NONE,NONE,NONE,NONE,DB_MILL,NONE,NONE
MC_BOUND_CRATER_MILL_V_SOFT_01,10,5,NONE,NONE,NONE,NONE,NONE,DB_MILL,NONE,NONE
MC_BOUND_CRATER_MILL_V_SOFT_01,11,5,G_MILL_METAL,NONE,NONE,NONE,NONE,DB_MILL,NONE,NONE
MC_BOUND_CRATER_MILL_V_SOFT_01,0,6,G_MILL_METAL,NONE,NONE,NONE,NONE,DB_MILL,NONE,NONE
MC_BOUND_CRATER_MILL_V_SOFT_01,1,6,NONE,NONE,NONE,NONE,NONE,DB_MILL,NONE,NONE
MC_BOUND_CRATER_MILL_V_SOFT_01,2,6,NONE,NONE,NONE,NONE,NONE,DB_MILL,NONE,NONE
MC_BOUND_CRATER_MILL_V_SOFT_01,3,6,NONE,NONE,NONE,NONE,NONE,DB_MILL,NONE,NONE
MC_BOUND_CRATER_MILL_V_SOFT_01,4,6,NONE,NONE,NONE,NONE,NONE,DB_MILL,NONE,NONE
MC_BOUND_CRATER_MILL_V_SOFT_01,5,6,NONE,NONE,NONE,NONE,NONE,DB_MILL,NONE,M_ROUTE_MAIN
MC_BOUND_CRATER_MILL_V_SOFT_01,6,6,NONE,NONE,NONE,NONE,NONE,DB_MILL,NONE,M_ROUTE_MAIN
MC_BOUND_CRATER_MILL_V_SOFT_01,7,6,NONE,NONE,NONE,NONE,NONE,DB_MILL,NONE,NONE
MC_BOUND_CRATER_MILL_V_SOFT_01,8,6,NONE,NONE,NONE,NONE,NONE,DB_MILL,NONE,NONE
MC_BOUND_CRATER_MILL_V_SOFT_01,9,6,NONE,NONE,NONE,NONE,NONE,DB_MILL,NONE,NONE
MC_BOUND_CRATER_MILL_V_SOFT_01,10,6,NONE,NONE,NONE,NONE,NONE,DB_MILL,NONE,NONE
MC_BOUND_CRATER_MILL_V_SOFT_01,11,6,G_MILL_METAL,NONE,NONE,NONE,NONE,DB_MILL,NONE,NONE
MC_BOUND_CRATER_MILL_V_SOFT_01,0,7,G_MILL_METAL,NONE,NONE,NONE,NONE,DB_MILL,NONE,NONE
MC_BOUND_CRATER_MILL_V_SOFT_01,1,7,NONE,NONE,NONE,NONE,NONE,DB_MILL,NONE,NONE
MC_BOUND_CRATER_MILL_V_SOFT_01,2,7,NONE,NONE,NONE,NONE,NONE,DB_MILL,NONE,NONE
MC_BOUND_CRATER_MILL_V_SOFT_01,3,7,NONE,NONE,NONE,NONE,NONE,DB_MILL,NONE,NONE
MC_BOUND_CRATER_MILL_V_SOFT_01,4,7,NONE,NONE,NONE,NONE,NONE,DB_MILL,NONE,NONE
MC_BOUND_CRATER_MILL_V_SOFT_01,5,7,NONE,NONE,NONE,NONE,NONE,DB_MILL,NONE,M_SOCKET
MC_BOUND_CRATER_MILL_V_SOFT_01,6,7,NONE,NONE,NONE,NONE,NONE,DB_MILL,NONE,M_SOCKET
MC_BOUND_CRATER_MILL_V_SOFT_01,7,7,NONE,NONE,NONE,NONE,NONE,DB_MILL,NONE,NONE
MC_BOUND_CRATER_MILL_V_SOFT_01,8,7,NONE,NONE,NONE,NONE,NONE,DB_MILL,NONE,NONE
MC_BOUND_CRATER_MILL_V_SOFT_01,9,7,NONE,NONE,NONE,NONE,NONE,DB_MILL,NONE,NONE
MC_BOUND_CRATER_MILL_V_SOFT_01,10,7,NONE,NONE,NONE,NONE,NONE,DB_MILL,NONE,NONE
MC_BOUND_CRATER_MILL_V_SOFT_01,11,7,G_MILL_METAL,NONE,NONE,NONE,NONE,DB_MILL,NONE,NONE
MC_BOUND_CRATER_DOUGH_H_CLIFF_01,0,0,G_MOON_ROCK,NONE,NONE,NONE,NONE,DB_CRATER,NONE,NONE
MC_BOUND_CRATER_DOUGH_H_CLIFF_01,1,0,G_MOON_ROCK,NONE,NONE,NONE,NONE,DB_CRATER,NONE,NONE
MC_BOUND_CRATER_DOUGH_H_CLIFF_01,2,0,G_MOON_ROCK,NONE,NONE,NONE,NONE,DB_CRATER,NONE,NONE
MC_BOUND_CRATER_DOUGH_H_CLIFF_01,3,0,G_MOON_ROCK,NONE,NONE,NONE,NONE,DB_CRATER,NONE,NONE
MC_BOUND_CRATER_DOUGH_H_CLIFF_01,4,0,G_MOON_ROCK,NONE,NONE,NONE,NONE,DB_CRATER,NONE,NONE
MC_BOUND_CRATER_DOUGH_H_CLIFF_01,5,0,G_MOON_ROCK,NONE,NONE,NONE,NONE,DB_CRATER,NONE,NONE
MC_BOUND_CRATER_DOUGH_H_CLIFF_01,6,0,G_DOUGH_SOLID,NONE,NONE,NONE,NONE,DB_DOUGH,NONE,NONE
MC_BOUND_CRATER_DOUGH_H_CLIFF_01,7,0,G_DOUGH_SOLID,NONE,NONE,NONE,NONE,DB_DOUGH,NONE,NONE
MC_BOUND_CRATER_DOUGH_H_CLIFF_01,8,0,G_DOUGH_SOLID,NONE,NONE,NONE,NONE,DB_DOUGH,NONE,NONE
MC_BOUND_CRATER_DOUGH_H_CLIFF_01,9,0,G_DOUGH_SOLID,NONE,NONE,NONE,NONE,DB_DOUGH,NONE,NONE
MC_BOUND_CRATER_DOUGH_H_CLIFF_01,10,0,G_DOUGH_SOLID,NONE,NONE,NONE,NONE,DB_DOUGH,NONE,NONE
MC_BOUND_CRATER_DOUGH_H_CLIFF_01,11,0,G_DOUGH_SOLID,NONE,NONE,NONE,NONE,DB_DOUGH,NONE,NONE
MC_BOUND_CRATER_DOUGH_H_CLIFF_01,0,1,NONE,NONE,NONE,NONE,NONE,DB_CRATER,NONE,NONE
MC_BOUND_CRATER_DOUGH_H_CLIFF_01,1,1,NONE,NONE,NONE,NONE,NONE,DB_CRATER,NONE,NONE
MC_BOUND_CRATER_DOUGH_H_CLIFF_01,2,1,NONE,NONE,NONE,NONE,NONE,DB_CRATER,NONE,NONE
MC_BOUND_CRATER_DOUGH_H_CLIFF_01,3,1,NONE,NONE,NONE,NONE,NONE,DB_CRATER,NONE,NONE
MC_BOUND_CRATER_DOUGH_H_CLIFF_01,4,1,NONE,NONE,NONE,NONE,NONE,DB_CRATER,NONE,NONE
MC_BOUND_CRATER_DOUGH_H_CLIFF_01,5,1,G_MOON_ROCK,NONE,NONE,NONE,NONE,DB_CRATER,NONE,NONE
MC_BOUND_CRATER_DOUGH_H_CLIFF_01,6,1,G_DOUGH_SOLID,NONE,NONE,NONE,NONE,DB_DOUGH,NONE,NONE
MC_BOUND_CRATER_DOUGH_H_CLIFF_01,7,1,NONE,NONE,NONE,NONE,NONE,DB_DOUGH,NONE,NONE
MC_BOUND_CRATER_DOUGH_H_CLIFF_01,8,1,NONE,NONE,NONE,NONE,NONE,DB_DOUGH,NONE,NONE
MC_BOUND_CRATER_DOUGH_H_CLIFF_01,9,1,NONE,NONE,NONE,NONE,NONE,DB_DOUGH,NONE,NONE
MC_BOUND_CRATER_DOUGH_H_CLIFF_01,10,1,NONE,NONE,NONE,NONE,NONE,DB_DOUGH,NONE,NONE
MC_BOUND_CRATER_DOUGH_H_CLIFF_01,11,1,NONE,NONE,NONE,NONE,NONE,DB_DOUGH,NONE,NONE
MC_BOUND_CRATER_DOUGH_H_CLIFF_01,0,2,NONE,NONE,NONE,NONE,NONE,DB_CRATER,NONE,NONE
MC_BOUND_CRATER_DOUGH_H_CLIFF_01,1,2,NONE,NONE,NONE,NONE,NONE,DB_CRATER,NONE,NONE
MC_BOUND_CRATER_DOUGH_H_CLIFF_01,2,2,NONE,NONE,NONE,NONE,NONE,DB_CRATER,NONE,NONE
MC_BOUND_CRATER_DOUGH_H_CLIFF_01,3,2,NONE,NONE,NONE,NONE,NONE,DB_CRATER,NONE,NONE
MC_BOUND_CRATER_DOUGH_H_CLIFF_01,4,2,NONE,NONE,NONE,NONE,NONE,DB_CRATER,NONE,NONE
MC_BOUND_CRATER_DOUGH_H_CLIFF_01,5,2,NONE,NONE,NONE,NONE,NONE,DB_CRATER,NONE,NONE
MC_BOUND_CRATER_DOUGH_H_CLIFF_01,6,2,NONE,NONE,NONE,NONE,NONE,DB_DOUGH,NONE,NONE
MC_BOUND_CRATER_DOUGH_H_CLIFF_01,7,2,NONE,NONE,NONE,NONE,NONE,DB_DOUGH,NONE,NONE
MC_BOUND_CRATER_DOUGH_H_CLIFF_01,8,2,NONE,NONE,NONE,NONE,NONE,DB_DOUGH,NONE,NONE
MC_BOUND_CRATER_DOUGH_H_CLIFF_01,9,2,NONE,NONE,NONE,NONE,NONE,DB_DOUGH,NONE,NONE
MC_BOUND_CRATER_DOUGH_H_CLIFF_01,10,2,NONE,NONE,NONE,NONE,NONE,DB_DOUGH,NONE,NONE
MC_BOUND_CRATER_DOUGH_H_CLIFF_01,11,2,NONE,NONE,NONE,NONE,NONE,DB_DOUGH,NONE,NONE
MC_BOUND_CRATER_DOUGH_H_CLIFF_01,0,3,NONE,NONE,NONE,NONE,NONE,DB_CRATER,NONE,M_SOCKET
MC_BOUND_CRATER_DOUGH_H_CLIFF_01,1,3,NONE,NONE,NONE,NONE,NONE,DB_CRATER,NONE,M_ROUTE_MAIN
MC_BOUND_CRATER_DOUGH_H_CLIFF_01,2,3,NONE,NONE,NONE,NONE,NONE,DB_CRATER,NONE,M_ROUTE_MAIN
MC_BOUND_CRATER_DOUGH_H_CLIFF_01,3,3,NONE,NONE,NONE,NONE,NONE,DB_CRATER,NONE,M_ROUTE_MAIN
MC_BOUND_CRATER_DOUGH_H_CLIFF_01,4,3,NONE,NONE,NONE,NONE,NONE,DB_CRATER,NONE,M_ROUTE_MAIN
MC_BOUND_CRATER_DOUGH_H_CLIFF_01,5,3,NONE,NONE,NONE,NONE,NONE,DB_CRATER,NONE,M_ROUTE_MAIN
MC_BOUND_CRATER_DOUGH_H_CLIFF_01,6,3,NONE,NONE,NONE,NONE,NONE,DB_DOUGH,NONE,M_ROUTE_MAIN
MC_BOUND_CRATER_DOUGH_H_CLIFF_01,7,3,NONE,NONE,NONE,NONE,NONE,DB_DOUGH,NONE,M_ROUTE_MAIN
MC_BOUND_CRATER_DOUGH_H_CLIFF_01,8,3,NONE,NONE,NONE,NONE,NONE,DB_DOUGH,NONE,M_ROUTE_MAIN
MC_BOUND_CRATER_DOUGH_H_CLIFF_01,9,3,NONE,NONE,NONE,NONE,NONE,DB_DOUGH,NONE,M_ROUTE_MAIN
MC_BOUND_CRATER_DOUGH_H_CLIFF_01,10,3,NONE,NONE,NONE,NONE,NONE,DB_DOUGH,NONE,M_ROUTE_MAIN
MC_BOUND_CRATER_DOUGH_H_CLIFF_01,11,3,NONE,NONE,NONE,NONE,NONE,DB_DOUGH,NONE,M_SOCKET
MC_BOUND_CRATER_DOUGH_H_CLIFF_01,0,4,NONE,NONE,NONE,NONE,NONE,DB_CRATER,NONE,M_SOCKET
MC_BOUND_CRATER_DOUGH_H_CLIFF_01,1,4,NONE,NONE,NONE,NONE,NONE,DB_CRATER,NONE,M_ROUTE_MAIN
MC_BOUND_CRATER_DOUGH_H_CLIFF_01,2,4,NONE,NONE,NONE,NONE,NONE,DB_CRATER,NONE,M_ROUTE_MAIN
MC_BOUND_CRATER_DOUGH_H_CLIFF_01,3,4,NONE,NONE,NONE,NONE,NONE,DB_CRATER,NONE,M_ROUTE_MAIN
MC_BOUND_CRATER_DOUGH_H_CLIFF_01,4,4,NONE,NONE,NONE,NONE,NONE,DB_CRATER,NONE,M_ROUTE_MAIN
MC_BOUND_CRATER_DOUGH_H_CLIFF_01,5,4,NONE,NONE,NONE,NONE,NONE,DB_CRATER,NONE,M_ROUTE_MAIN
MC_BOUND_CRATER_DOUGH_H_CLIFF_01,6,4,NONE,NONE,NONE,NONE,NONE,DB_DOUGH,NONE,M_ROUTE_MAIN
MC_BOUND_CRATER_DOUGH_H_CLIFF_01,7,4,NONE,NONE,NONE,NONE,NONE,DB_DOUGH,NONE,M_ROUTE_MAIN
MC_BOUND_CRATER_DOUGH_H_CLIFF_01,8,4,NONE,NONE,NONE,NONE,NONE,DB_DOUGH,NONE,M_ROUTE_MAIN
MC_BOUND_CRATER_DOUGH_H_CLIFF_01,9,4,NONE,NONE,NONE,NONE,NONE,DB_DOUGH,NONE,M_ROUTE_MAIN
MC_BOUND_CRATER_DOUGH_H_CLIFF_01,10,4,NONE,NONE,NONE,NONE,NONE,DB_DOUGH,NONE,M_ROUTE_MAIN
MC_BOUND_CRATER_DOUGH_H_CLIFF_01,11,4,NONE,NONE,NONE,NONE,NONE,DB_DOUGH,NONE,M_SOCKET
MC_BOUND_CRATER_DOUGH_H_CLIFF_01,0,5,NONE,NONE,NONE,NONE,NONE,DB_CRATER,NONE,NONE
MC_BOUND_CRATER_DOUGH_H_CLIFF_01,1,5,NONE,NONE,NONE,NONE,NONE,DB_CRATER,NONE,NONE
MC_BOUND_CRATER_DOUGH_H_CLIFF_01,2,5,NONE,NONE,NONE,NONE,NONE,DB_CRATER,NONE,NONE
MC_BOUND_CRATER_DOUGH_H_CLIFF_01,3,5,NONE,NONE,NONE,NONE,NONE,DB_CRATER,NONE,NONE
MC_BOUND_CRATER_DOUGH_H_CLIFF_01,4,5,NONE,NONE,NONE,NONE,NONE,DB_CRATER,NONE,NONE
MC_BOUND_CRATER_DOUGH_H_CLIFF_01,5,5,NONE,NONE,NONE,NONE,NONE,DB_CRATER,NONE,NONE
MC_BOUND_CRATER_DOUGH_H_CLIFF_01,6,5,NONE,NONE,NONE,NONE,NONE,DB_DOUGH,NONE,NONE
MC_BOUND_CRATER_DOUGH_H_CLIFF_01,7,5,NONE,NONE,NONE,NONE,NONE,DB_DOUGH,NONE,NONE
MC_BOUND_CRATER_DOUGH_H_CLIFF_01,8,5,NONE,NONE,NONE,NONE,NONE,DB_DOUGH,NONE,NONE
MC_BOUND_CRATER_DOUGH_H_CLIFF_01,9,5,NONE,NONE,NONE,NONE,NONE,DB_DOUGH,NONE,NONE
MC_BOUND_CRATER_DOUGH_H_CLIFF_01,10,5,NONE,NONE,NONE,NONE,NONE,DB_DOUGH,NONE,NONE
MC_BOUND_CRATER_DOUGH_H_CLIFF_01,11,5,NONE,NONE,NONE,NONE,NONE,DB_DOUGH,NONE,NONE
MC_BOUND_CRATER_DOUGH_H_CLIFF_01,0,6,NONE,NONE,NONE,NONE,NONE,DB_CRATER,NONE,NONE
MC_BOUND_CRATER_DOUGH_H_CLIFF_01,1,6,NONE,NONE,NONE,NONE,NONE,DB_CRATER,NONE,NONE
MC_BOUND_CRATER_DOUGH_H_CLIFF_01,2,6,NONE,NONE,NONE,NONE,NONE,DB_CRATER,NONE,NONE
MC_BOUND_CRATER_DOUGH_H_CLIFF_01,3,6,NONE,NONE,NONE,NONE,NONE,DB_CRATER,NONE,NONE
MC_BOUND_CRATER_DOUGH_H_CLIFF_01,4,6,NONE,NONE,NONE,NONE,NONE,DB_CRATER,NONE,NONE
MC_BOUND_CRATER_DOUGH_H_CLIFF_01,5,6,NONE,NONE,NONE,NONE,NONE,DB_CRATER,NONE,NONE
MC_BOUND_CRATER_DOUGH_H_CLIFF_01,6,6,NONE,NONE,NONE,NONE,NONE,DB_DOUGH,NONE,NONE
MC_BOUND_CRATER_DOUGH_H_CLIFF_01,7,6,NONE,NONE,NONE,NONE,NONE,DB_DOUGH,NONE,NONE
MC_BOUND_CRATER_DOUGH_H_CLIFF_01,8,6,NONE,NONE,NONE,NONE,NONE,DB_DOUGH,NONE,NONE
MC_BOUND_CRATER_DOUGH_H_CLIFF_01,9,6,NONE,NONE,NONE,NONE,NONE,DB_DOUGH,NONE,NONE
MC_BOUND_CRATER_DOUGH_H_CLIFF_01,10,6,NONE,NONE,NONE,NONE,NONE,DB_DOUGH,NONE,NONE
MC_BOUND_CRATER_DOUGH_H_CLIFF_01,11,6,NONE,NONE,NONE,NONE,NONE,DB_DOUGH,NONE,NONE
MC_BOUND_CRATER_DOUGH_H_CLIFF_01,0,7,NONE,NONE,NONE,NONE,NONE,DB_CRATER,NONE,NONE
MC_BOUND_CRATER_DOUGH_H_CLIFF_01,1,7,NONE,NONE,NONE,NONE,NONE,DB_CRATER,NONE,NONE
MC_BOUND_CRATER_DOUGH_H_CLIFF_01,2,7,NONE,NONE,NONE,NONE,NONE,DB_CRATER,NONE,NONE
MC_BOUND_CRATER_DOUGH_H_CLIFF_01,3,7,NONE,NONE,NONE,NONE,NONE,DB_CRATER,NONE,NONE
MC_BOUND_CRATER_DOUGH_H_CLIFF_01,4,7,NONE,NONE,NONE,NONE,NONE,DB_CRATER,NONE,NONE
MC_BOUND_CRATER_DOUGH_H_CLIFF_01,5,7,NONE,NONE,NONE,NONE,NONE,DB_CRATER,NONE,NONE
MC_BOUND_CRATER_DOUGH_H_CLIFF_01,6,7,NONE,NONE,NONE,NONE,NONE,DB_DOUGH,NONE,NONE
MC_BOUND_CRATER_DOUGH_H_CLIFF_01,7,7,NONE,NONE,NONE,NONE,NONE,DB_DOUGH,NONE,NONE
MC_BOUND_CRATER_DOUGH_H_CLIFF_01,8,7,NONE,NONE,NONE,NONE,NONE,DB_DOUGH,NONE,NONE
MC_BOUND_CRATER_DOUGH_H_CLIFF_01,9,7,NONE,NONE,NONE,NONE,NONE,DB_DOUGH,NONE,NONE
MC_BOUND_CRATER_DOUGH_H_CLIFF_01,10,7,NONE,NONE,NONE,NONE,NONE,DB_DOUGH,NONE,NONE
MC_BOUND_CRATER_DOUGH_H_CLIFF_01,11,7,NONE,NONE,NONE,NONE,NONE,DB_DOUGH,NONE,NONE
MC_BOUND_CRATER_DOUGH_V_CLIFF_01,0,0,G_MOON_ROCK,NONE,NONE,NONE,NONE,DB_CRATER,NONE,NONE
MC_BOUND_CRATER_DOUGH_V_CLIFF_01,1,0,NONE,NONE,NONE,NONE,NONE,DB_CRATER,NONE,NONE
MC_BOUND_CRATER_DOUGH_V_CLIFF_01,2,0,NONE,NONE,NONE,NONE,NONE,DB_CRATER,NONE,NONE
MC_BOUND_CRATER_DOUGH_V_CLIFF_01,3,0,NONE,NONE,NONE,NONE,NONE,DB_CRATER,NONE,NONE
MC_BOUND_CRATER_DOUGH_V_CLIFF_01,4,0,NONE,NONE,NONE,NONE,NONE,DB_CRATER,NONE,NONE
MC_BOUND_CRATER_DOUGH_V_CLIFF_01,5,0,NONE,NONE,NONE,NONE,NONE,DB_CRATER,NONE,M_SOCKET
MC_BOUND_CRATER_DOUGH_V_CLIFF_01,6,0,NONE,NONE,NONE,NONE,NONE,DB_CRATER,NONE,M_SOCKET
MC_BOUND_CRATER_DOUGH_V_CLIFF_01,7,0,NONE,NONE,NONE,NONE,NONE,DB_CRATER,NONE,NONE
MC_BOUND_CRATER_DOUGH_V_CLIFF_01,8,0,NONE,NONE,NONE,NONE,NONE,DB_CRATER,NONE,NONE
MC_BOUND_CRATER_DOUGH_V_CLIFF_01,9,0,NONE,NONE,NONE,NONE,NONE,DB_CRATER,NONE,NONE
MC_BOUND_CRATER_DOUGH_V_CLIFF_01,10,0,NONE,NONE,NONE,NONE,NONE,DB_CRATER,NONE,NONE
MC_BOUND_CRATER_DOUGH_V_CLIFF_01,11,0,G_MOON_ROCK,NONE,NONE,NONE,NONE,DB_CRATER,NONE,NONE
MC_BOUND_CRATER_DOUGH_V_CLIFF_01,0,1,G_MOON_ROCK,NONE,NONE,NONE,NONE,DB_CRATER,NONE,NONE
MC_BOUND_CRATER_DOUGH_V_CLIFF_01,1,1,NONE,NONE,NONE,NONE,NONE,DB_CRATER,NONE,NONE
MC_BOUND_CRATER_DOUGH_V_CLIFF_01,2,1,NONE,NONE,NONE,NONE,NONE,DB_CRATER,NONE,NONE
MC_BOUND_CRATER_DOUGH_V_CLIFF_01,3,1,NONE,NONE,NONE,NONE,NONE,DB_CRATER,NONE,NONE
MC_BOUND_CRATER_DOUGH_V_CLIFF_01,4,1,NONE,NONE,NONE,NONE,NONE,DB_CRATER,NONE,NONE
MC_BOUND_CRATER_DOUGH_V_CLIFF_01,5,1,NONE,NONE,NONE,NONE,NONE,DB_CRATER,NONE,M_ROUTE_MAIN
MC_BOUND_CRATER_DOUGH_V_CLIFF_01,6,1,NONE,NONE,NONE,NONE,NONE,DB_CRATER,NONE,M_ROUTE_MAIN
MC_BOUND_CRATER_DOUGH_V_CLIFF_01,7,1,NONE,NONE,NONE,NONE,NONE,DB_CRATER,NONE,NONE
MC_BOUND_CRATER_DOUGH_V_CLIFF_01,8,1,NONE,NONE,NONE,NONE,NONE,DB_CRATER,NONE,NONE
MC_BOUND_CRATER_DOUGH_V_CLIFF_01,9,1,NONE,NONE,NONE,NONE,NONE,DB_CRATER,NONE,NONE
MC_BOUND_CRATER_DOUGH_V_CLIFF_01,10,1,NONE,NONE,NONE,NONE,NONE,DB_CRATER,NONE,NONE
MC_BOUND_CRATER_DOUGH_V_CLIFF_01,11,1,G_MOON_ROCK,NONE,NONE,NONE,NONE,DB_CRATER,NONE,NONE
MC_BOUND_CRATER_DOUGH_V_CLIFF_01,0,2,G_MOON_ROCK,NONE,NONE,NONE,NONE,DB_CRATER,NONE,NONE
MC_BOUND_CRATER_DOUGH_V_CLIFF_01,1,2,NONE,NONE,NONE,NONE,NONE,DB_CRATER,NONE,NONE
MC_BOUND_CRATER_DOUGH_V_CLIFF_01,2,2,NONE,NONE,NONE,NONE,NONE,DB_CRATER,NONE,NONE
MC_BOUND_CRATER_DOUGH_V_CLIFF_01,3,2,NONE,NONE,NONE,NONE,NONE,DB_CRATER,NONE,NONE
MC_BOUND_CRATER_DOUGH_V_CLIFF_01,4,2,NONE,NONE,NONE,NONE,NONE,DB_CRATER,NONE,NONE
MC_BOUND_CRATER_DOUGH_V_CLIFF_01,5,2,NONE,NONE,NONE,NONE,NONE,DB_CRATER,NONE,M_ROUTE_MAIN
MC_BOUND_CRATER_DOUGH_V_CLIFF_01,6,2,NONE,NONE,NONE,NONE,NONE,DB_CRATER,NONE,M_ROUTE_MAIN
MC_BOUND_CRATER_DOUGH_V_CLIFF_01,7,2,NONE,NONE,NONE,NONE,NONE,DB_CRATER,NONE,NONE
MC_BOUND_CRATER_DOUGH_V_CLIFF_01,8,2,NONE,NONE,NONE,NONE,NONE,DB_CRATER,NONE,NONE
MC_BOUND_CRATER_DOUGH_V_CLIFF_01,9,2,NONE,NONE,NONE,NONE,NONE,DB_CRATER,NONE,NONE
MC_BOUND_CRATER_DOUGH_V_CLIFF_01,10,2,NONE,NONE,NONE,NONE,NONE,DB_CRATER,NONE,NONE
MC_BOUND_CRATER_DOUGH_V_CLIFF_01,11,2,G_MOON_ROCK,NONE,NONE,NONE,NONE,DB_CRATER,NONE,NONE
MC_BOUND_CRATER_DOUGH_V_CLIFF_01,0,3,G_MOON_ROCK,NONE,NONE,NONE,NONE,DB_CRATER,NONE,NONE
MC_BOUND_CRATER_DOUGH_V_CLIFF_01,1,3,G_MOON_ROCK,NONE,NONE,NONE,NONE,DB_CRATER,NONE,NONE
MC_BOUND_CRATER_DOUGH_V_CLIFF_01,2,3,G_MOON_ROCK,NONE,NONE,NONE,NONE,DB_CRATER,NONE,NONE
MC_BOUND_CRATER_DOUGH_V_CLIFF_01,3,3,G_MOON_ROCK,NONE,NONE,NONE,NONE,DB_CRATER,NONE,NONE
MC_BOUND_CRATER_DOUGH_V_CLIFF_01,4,3,NONE,NONE,NONE,NONE,NONE,DB_CRATER,NONE,NONE
MC_BOUND_CRATER_DOUGH_V_CLIFF_01,5,3,NONE,NONE,NONE,NONE,NONE,DB_CRATER,NONE,M_ROUTE_MAIN
MC_BOUND_CRATER_DOUGH_V_CLIFF_01,6,3,NONE,NONE,NONE,NONE,NONE,DB_CRATER,NONE,M_ROUTE_MAIN
MC_BOUND_CRATER_DOUGH_V_CLIFF_01,7,3,NONE,NONE,NONE,NONE,NONE,DB_CRATER,NONE,NONE
MC_BOUND_CRATER_DOUGH_V_CLIFF_01,8,3,G_MOON_ROCK,NONE,NONE,NONE,NONE,DB_CRATER,NONE,NONE
MC_BOUND_CRATER_DOUGH_V_CLIFF_01,9,3,G_MOON_ROCK,NONE,NONE,NONE,NONE,DB_CRATER,NONE,NONE
MC_BOUND_CRATER_DOUGH_V_CLIFF_01,10,3,G_MOON_ROCK,NONE,NONE,NONE,NONE,DB_CRATER,NONE,NONE
MC_BOUND_CRATER_DOUGH_V_CLIFF_01,11,3,G_MOON_ROCK,NONE,NONE,NONE,NONE,DB_CRATER,NONE,NONE
MC_BOUND_CRATER_DOUGH_V_CLIFF_01,0,4,G_DOUGH_SOLID,NONE,NONE,NONE,NONE,DB_DOUGH,NONE,NONE
MC_BOUND_CRATER_DOUGH_V_CLIFF_01,1,4,NONE,NONE,NONE,NONE,NONE,DB_DOUGH,NONE,NONE
MC_BOUND_CRATER_DOUGH_V_CLIFF_01,2,4,NONE,NONE,NONE,NONE,NONE,DB_DOUGH,NONE,NONE
MC_BOUND_CRATER_DOUGH_V_CLIFF_01,3,4,NONE,NONE,NONE,NONE,NONE,DB_DOUGH,NONE,NONE
MC_BOUND_CRATER_DOUGH_V_CLIFF_01,4,4,NONE,NONE,NONE,NONE,NONE,DB_DOUGH,NONE,NONE
MC_BOUND_CRATER_DOUGH_V_CLIFF_01,5,4,NONE,NONE,NONE,NONE,NONE,DB_DOUGH,NONE,M_ROUTE_MAIN
MC_BOUND_CRATER_DOUGH_V_CLIFF_01,6,4,NONE,NONE,NONE,NONE,NONE,DB_DOUGH,NONE,M_ROUTE_MAIN
MC_BOUND_CRATER_DOUGH_V_CLIFF_01,7,4,NONE,NONE,NONE,NONE,NONE,DB_DOUGH,NONE,NONE
MC_BOUND_CRATER_DOUGH_V_CLIFF_01,8,4,NONE,NONE,NONE,NONE,NONE,DB_DOUGH,NONE,NONE
MC_BOUND_CRATER_DOUGH_V_CLIFF_01,9,4,NONE,NONE,NONE,NONE,NONE,DB_DOUGH,NONE,NONE
MC_BOUND_CRATER_DOUGH_V_CLIFF_01,10,4,NONE,NONE,NONE,NONE,NONE,DB_DOUGH,NONE,NONE
MC_BOUND_CRATER_DOUGH_V_CLIFF_01,11,4,G_DOUGH_SOLID,NONE,NONE,NONE,NONE,DB_DOUGH,NONE,NONE
MC_BOUND_CRATER_DOUGH_V_CLIFF_01,0,5,G_DOUGH_SOLID,NONE,NONE,NONE,NONE,DB_DOUGH,NONE,NONE
MC_BOUND_CRATER_DOUGH_V_CLIFF_01,1,5,NONE,NONE,NONE,NONE,NONE,DB_DOUGH,NONE,NONE
MC_BOUND_CRATER_DOUGH_V_CLIFF_01,2,5,NONE,NONE,NONE,NONE,NONE,DB_DOUGH,NONE,NONE
MC_BOUND_CRATER_DOUGH_V_CLIFF_01,3,5,NONE,NONE,NONE,NONE,NONE,DB_DOUGH,NONE,NONE
MC_BOUND_CRATER_DOUGH_V_CLIFF_01,4,5,NONE,NONE,NONE,NONE,NONE,DB_DOUGH,NONE,NONE
MC_BOUND_CRATER_DOUGH_V_CLIFF_01,5,5,NONE,NONE,NONE,NONE,NONE,DB_DOUGH,NONE,M_ROUTE_MAIN
MC_BOUND_CRATER_DOUGH_V_CLIFF_01,6,5,NONE,NONE,NONE,NONE,NONE,DB_DOUGH,NONE,M_ROUTE_MAIN
MC_BOUND_CRATER_DOUGH_V_CLIFF_01,7,5,NONE,NONE,NONE,NONE,NONE,DB_DOUGH,NONE,NONE
MC_BOUND_CRATER_DOUGH_V_CLIFF_01,8,5,NONE,NONE,NONE,NONE,NONE,DB_DOUGH,NONE,NONE
MC_BOUND_CRATER_DOUGH_V_CLIFF_01,9,5,NONE,NONE,NONE,NONE,NONE,DB_DOUGH,NONE,NONE
MC_BOUND_CRATER_DOUGH_V_CLIFF_01,10,5,NONE,NONE,NONE,NONE,NONE,DB_DOUGH,NONE,NONE
MC_BOUND_CRATER_DOUGH_V_CLIFF_01,11,5,G_DOUGH_SOLID,NONE,NONE,NONE,NONE,DB_DOUGH,NONE,NONE
MC_BOUND_CRATER_DOUGH_V_CLIFF_01,0,6,G_DOUGH_SOLID,NONE,NONE,NONE,NONE,DB_DOUGH,NONE,NONE
MC_BOUND_CRATER_DOUGH_V_CLIFF_01,1,6,NONE,NONE,NONE,NONE,NONE,DB_DOUGH,NONE,NONE
MC_BOUND_CRATER_DOUGH_V_CLIFF_01,2,6,NONE,NONE,NONE,NONE,NONE,DB_DOUGH,NONE,NONE
MC_BOUND_CRATER_DOUGH_V_CLIFF_01,3,6,NONE,NONE,NONE,NONE,NONE,DB_DOUGH,NONE,NONE
MC_BOUND_CRATER_DOUGH_V_CLIFF_01,4,6,NONE,NONE,NONE,NONE,NONE,DB_DOUGH,NONE,NONE
MC_BOUND_CRATER_DOUGH_V_CLIFF_01,5,6,NONE,NONE,NONE,NONE,NONE,DB_DOUGH,NONE,M_ROUTE_MAIN
MC_BOUND_CRATER_DOUGH_V_CLIFF_01,6,6,NONE,NONE,NONE,NONE,NONE,DB_DOUGH,NONE,M_ROUTE_MAIN
MC_BOUND_CRATER_DOUGH_V_CLIFF_01,7,6,NONE,NONE,NONE,NONE,NONE,DB_DOUGH,NONE,NONE
MC_BOUND_CRATER_DOUGH_V_CLIFF_01,8,6,NONE,NONE,NONE,NONE,NONE,DB_DOUGH,NONE,NONE
MC_BOUND_CRATER_DOUGH_V_CLIFF_01,9,6,NONE,NONE,NONE,NONE,NONE,DB_DOUGH,NONE,NONE
MC_BOUND_CRATER_DOUGH_V_CLIFF_01,10,6,NONE,NONE,NONE,NONE,NONE,DB_DOUGH,NONE,NONE
MC_BOUND_CRATER_DOUGH_V_CLIFF_01,11,6,G_DOUGH_SOLID,NONE,NONE,NONE,NONE,DB_DOUGH,NONE,NONE
MC_BOUND_CRATER_DOUGH_V_CLIFF_01,0,7,G_DOUGH_SOLID,NONE,NONE,NONE,NONE,DB_DOUGH,NONE,NONE
MC_BOUND_CRATER_DOUGH_V_CLIFF_01,1,7,NONE,NONE,NONE,NONE,NONE,DB_DOUGH,NONE,NONE
MC_BOUND_CRATER_DOUGH_V_CLIFF_01,2,7,NONE,NONE,NONE,NONE,NONE,DB_DOUGH,NONE,NONE
MC_BOUND_CRATER_DOUGH_V_CLIFF_01,3,7,NONE,NONE,NONE,NONE,NONE,DB_DOUGH,NONE,NONE
MC_BOUND_CRATER_DOUGH_V_CLIFF_01,4,7,NONE,NONE,NONE,NONE,NONE,DB_DOUGH,NONE,NONE
MC_BOUND_CRATER_DOUGH_V_CLIFF_01,5,7,NONE,NONE,NONE,NONE,NONE,DB_DOUGH,NONE,M_SOCKET
MC_BOUND_CRATER_DOUGH_V_CLIFF_01,6,7,NONE,NONE,NONE,NONE,NONE,DB_DOUGH,NONE,M_SOCKET
MC_BOUND_CRATER_DOUGH_V_CLIFF_01,7,7,NONE,NONE,NONE,NONE,NONE,DB_DOUGH,NONE,NONE
MC_BOUND_CRATER_DOUGH_V_CLIFF_01,8,7,NONE,NONE,NONE,NONE,NONE,DB_DOUGH,NONE,NONE
MC_BOUND_CRATER_DOUGH_V_CLIFF_01,9,7,NONE,NONE,NONE,NONE,NONE,DB_DOUGH,NONE,NONE
MC_BOUND_CRATER_DOUGH_V_CLIFF_01,10,7,NONE,NONE,NONE,NONE,NONE,DB_DOUGH,NONE,NONE
MC_BOUND_CRATER_DOUGH_V_CLIFF_01,11,7,G_DOUGH_SOLID,NONE,NONE,NONE,NONE,DB_DOUGH,NONE,NONE
MC_BOUND_CRATER_DOUGH_V_LAYER_01,0,0,G_MOON_ROCK,NONE,NONE,NONE,NONE,DB_CRATER,NONE,NONE
MC_BOUND_CRATER_DOUGH_V_LAYER_01,1,0,NONE,NONE,NONE,NONE,NONE,DB_CRATER,NONE,NONE
MC_BOUND_CRATER_DOUGH_V_LAYER_01,2,0,NONE,NONE,NONE,NONE,NONE,DB_CRATER,NONE,NONE
MC_BOUND_CRATER_DOUGH_V_LAYER_01,3,0,NONE,NONE,NONE,NONE,NONE,DB_CRATER,NONE,NONE
MC_BOUND_CRATER_DOUGH_V_LAYER_01,4,0,NONE,NONE,NONE,NONE,NONE,DB_CRATER,NONE,NONE
MC_BOUND_CRATER_DOUGH_V_LAYER_01,5,0,NONE,NONE,NONE,NONE,NONE,DB_CRATER,NONE,M_SOCKET
MC_BOUND_CRATER_DOUGH_V_LAYER_01,6,0,NONE,NONE,NONE,NONE,NONE,DB_CRATER,NONE,M_SOCKET
MC_BOUND_CRATER_DOUGH_V_LAYER_01,7,0,NONE,NONE,NONE,NONE,NONE,DB_CRATER,NONE,NONE
MC_BOUND_CRATER_DOUGH_V_LAYER_01,8,0,NONE,NONE,NONE,NONE,NONE,DB_CRATER,NONE,NONE
MC_BOUND_CRATER_DOUGH_V_LAYER_01,9,0,NONE,NONE,NONE,NONE,NONE,DB_CRATER,NONE,NONE
MC_BOUND_CRATER_DOUGH_V_LAYER_01,10,0,NONE,NONE,NONE,NONE,NONE,DB_CRATER,NONE,NONE
MC_BOUND_CRATER_DOUGH_V_LAYER_01,11,0,G_MOON_ROCK,NONE,NONE,NONE,NONE,DB_CRATER,NONE,NONE
MC_BOUND_CRATER_DOUGH_V_LAYER_01,0,1,G_MOON_ROCK,NONE,NONE,NONE,NONE,DB_CRATER,NONE,NONE
MC_BOUND_CRATER_DOUGH_V_LAYER_01,1,1,NONE,NONE,NONE,NONE,NONE,DB_CRATER,NONE,NONE
MC_BOUND_CRATER_DOUGH_V_LAYER_01,2,1,NONE,NONE,NONE,NONE,NONE,DB_CRATER,NONE,NONE
MC_BOUND_CRATER_DOUGH_V_LAYER_01,3,1,NONE,NONE,NONE,NONE,NONE,DB_CRATER,NONE,NONE
MC_BOUND_CRATER_DOUGH_V_LAYER_01,4,1,NONE,NONE,NONE,NONE,NONE,DB_CRATER,NONE,NONE
MC_BOUND_CRATER_DOUGH_V_LAYER_01,5,1,NONE,NONE,NONE,NONE,NONE,DB_CRATER,NONE,M_ROUTE_MAIN
MC_BOUND_CRATER_DOUGH_V_LAYER_01,6,1,NONE,NONE,NONE,NONE,NONE,DB_CRATER,NONE,M_ROUTE_MAIN
MC_BOUND_CRATER_DOUGH_V_LAYER_01,7,1,NONE,NONE,NONE,NONE,NONE,DB_CRATER,NONE,NONE
MC_BOUND_CRATER_DOUGH_V_LAYER_01,8,1,NONE,NONE,NONE,NONE,NONE,DB_CRATER,NONE,NONE
MC_BOUND_CRATER_DOUGH_V_LAYER_01,9,1,NONE,NONE,NONE,NONE,NONE,DB_CRATER,NONE,NONE
MC_BOUND_CRATER_DOUGH_V_LAYER_01,10,1,NONE,NONE,NONE,NONE,NONE,DB_CRATER,NONE,NONE
MC_BOUND_CRATER_DOUGH_V_LAYER_01,11,1,G_MOON_ROCK,NONE,NONE,NONE,NONE,DB_CRATER,NONE,NONE
MC_BOUND_CRATER_DOUGH_V_LAYER_01,0,2,G_MOON_ROCK,NONE,NONE,NONE,NONE,DB_CRATER,NONE,NONE
MC_BOUND_CRATER_DOUGH_V_LAYER_01,1,2,NONE,NONE,NONE,NONE,NONE,DB_CRATER,NONE,NONE
MC_BOUND_CRATER_DOUGH_V_LAYER_01,2,2,NONE,NONE,NONE,NONE,NONE,DB_CRATER,NONE,NONE
MC_BOUND_CRATER_DOUGH_V_LAYER_01,3,2,NONE,NONE,NONE,NONE,NONE,DB_CRATER,NONE,NONE
MC_BOUND_CRATER_DOUGH_V_LAYER_01,4,2,NONE,NONE,NONE,NONE,NONE,DB_CRATER,NONE,NONE
MC_BOUND_CRATER_DOUGH_V_LAYER_01,5,2,NONE,NONE,NONE,NONE,NONE,DB_CRATER,NONE,M_ROUTE_MAIN
MC_BOUND_CRATER_DOUGH_V_LAYER_01,6,2,NONE,NONE,NONE,NONE,NONE,DB_CRATER,NONE,M_ROUTE_MAIN
MC_BOUND_CRATER_DOUGH_V_LAYER_01,7,2,NONE,NONE,NONE,NONE,NONE,DB_CRATER,NONE,NONE
MC_BOUND_CRATER_DOUGH_V_LAYER_01,8,2,NONE,NONE,NONE,NONE,NONE,DB_CRATER,NONE,NONE
MC_BOUND_CRATER_DOUGH_V_LAYER_01,9,2,NONE,NONE,NONE,NONE,NONE,DB_CRATER,NONE,NONE
MC_BOUND_CRATER_DOUGH_V_LAYER_01,10,2,NONE,NONE,NONE,NONE,NONE,DB_CRATER,NONE,NONE
MC_BOUND_CRATER_DOUGH_V_LAYER_01,11,2,G_MOON_ROCK,NONE,NONE,NONE,NONE,DB_CRATER,NONE,NONE
MC_BOUND_CRATER_DOUGH_V_LAYER_01,0,3,G_MOON_ROCK,NONE,NONE,NONE,NONE,DB_CRATER,NONE,NONE
MC_BOUND_CRATER_DOUGH_V_LAYER_01,1,3,NONE,NONE,NONE,NONE,NONE,DB_CRATER,NONE,NONE
MC_BOUND_CRATER_DOUGH_V_LAYER_01,2,3,NONE,NONE,NONE,NONE,NONE,DB_CRATER,NONE,NONE
MC_BOUND_CRATER_DOUGH_V_LAYER_01,3,3,NONE,NONE,NONE,NONE,NONE,DB_CRATER,NONE,NONE
MC_BOUND_CRATER_DOUGH_V_LAYER_01,4,3,NONE,NONE,NONE,NONE,NONE,DB_CRATER,NONE,NONE
MC_BOUND_CRATER_DOUGH_V_LAYER_01,5,3,NONE,NONE,NONE,NONE,NONE,DB_CRATER,NONE,M_ROUTE_MAIN
MC_BOUND_CRATER_DOUGH_V_LAYER_01,6,3,NONE,NONE,NONE,NONE,NONE,DB_CRATER,NONE,M_ROUTE_MAIN
MC_BOUND_CRATER_DOUGH_V_LAYER_01,7,3,NONE,NONE,NONE,NONE,NONE,DB_CRATER,NONE,NONE
MC_BOUND_CRATER_DOUGH_V_LAYER_01,8,3,NONE,NONE,NONE,NONE,NONE,DB_CRATER,NONE,NONE
MC_BOUND_CRATER_DOUGH_V_LAYER_01,9,3,NONE,NONE,NONE,NONE,NONE,DB_CRATER,NONE,NONE
MC_BOUND_CRATER_DOUGH_V_LAYER_01,10,3,NONE,NONE,NONE,NONE,NONE,DB_CRATER,NONE,NONE
MC_BOUND_CRATER_DOUGH_V_LAYER_01,11,3,G_MOON_ROCK,NONE,NONE,NONE,NONE,DB_CRATER,NONE,NONE
MC_BOUND_CRATER_DOUGH_V_LAYER_01,0,4,G_DOUGH_SOLID,NONE,NONE,NONE,NONE,DB_DOUGH,NONE,NONE
MC_BOUND_CRATER_DOUGH_V_LAYER_01,1,4,NONE,NONE,NONE,NONE,NONE,DB_DOUGH,NONE,NONE
MC_BOUND_CRATER_DOUGH_V_LAYER_01,2,4,NONE,NONE,NONE,NONE,NONE,DB_DOUGH,NONE,NONE
MC_BOUND_CRATER_DOUGH_V_LAYER_01,3,4,NONE,NONE,NONE,NONE,NONE,DB_DOUGH,NONE,NONE
MC_BOUND_CRATER_DOUGH_V_LAYER_01,4,4,NONE,NONE,NONE,NONE,NONE,DB_DOUGH,NONE,NONE
MC_BOUND_CRATER_DOUGH_V_LAYER_01,5,4,NONE,NONE,NONE,NONE,NONE,DB_DOUGH,NONE,M_ROUTE_MAIN
MC_BOUND_CRATER_DOUGH_V_LAYER_01,6,4,NONE,NONE,NONE,NONE,NONE,DB_DOUGH,NONE,M_ROUTE_MAIN
MC_BOUND_CRATER_DOUGH_V_LAYER_01,7,4,NONE,NONE,NONE,NONE,NONE,DB_DOUGH,NONE,NONE
MC_BOUND_CRATER_DOUGH_V_LAYER_01,8,4,NONE,NONE,NONE,NONE,NONE,DB_DOUGH,NONE,NONE
MC_BOUND_CRATER_DOUGH_V_LAYER_01,9,4,NONE,NONE,NONE,NONE,NONE,DB_DOUGH,NONE,NONE
MC_BOUND_CRATER_DOUGH_V_LAYER_01,10,4,NONE,NONE,NONE,NONE,NONE,DB_DOUGH,NONE,NONE
MC_BOUND_CRATER_DOUGH_V_LAYER_01,11,4,G_DOUGH_SOLID,NONE,NONE,NONE,NONE,DB_DOUGH,NONE,NONE
MC_BOUND_CRATER_DOUGH_V_LAYER_01,0,5,G_DOUGH_SOLID,NONE,NONE,NONE,NONE,DB_DOUGH,NONE,NONE
MC_BOUND_CRATER_DOUGH_V_LAYER_01,1,5,NONE,NONE,NONE,NONE,NONE,DB_DOUGH,NONE,NONE
MC_BOUND_CRATER_DOUGH_V_LAYER_01,2,5,NONE,NONE,NONE,NONE,NONE,DB_DOUGH,NONE,NONE
MC_BOUND_CRATER_DOUGH_V_LAYER_01,3,5,NONE,NONE,NONE,NONE,NONE,DB_DOUGH,NONE,NONE
MC_BOUND_CRATER_DOUGH_V_LAYER_01,4,5,NONE,NONE,NONE,NONE,NONE,DB_DOUGH,NONE,NONE
MC_BOUND_CRATER_DOUGH_V_LAYER_01,5,5,NONE,NONE,NONE,NONE,NONE,DB_DOUGH,NONE,M_ROUTE_MAIN
MC_BOUND_CRATER_DOUGH_V_LAYER_01,6,5,NONE,NONE,NONE,NONE,NONE,DB_DOUGH,NONE,M_ROUTE_MAIN
MC_BOUND_CRATER_DOUGH_V_LAYER_01,7,5,NONE,NONE,NONE,NONE,NONE,DB_DOUGH,NONE,NONE
MC_BOUND_CRATER_DOUGH_V_LAYER_01,8,5,NONE,NONE,NONE,NONE,NONE,DB_DOUGH,NONE,NONE
MC_BOUND_CRATER_DOUGH_V_LAYER_01,9,5,NONE,NONE,NONE,NONE,NONE,DB_DOUGH,NONE,NONE
MC_BOUND_CRATER_DOUGH_V_LAYER_01,10,5,NONE,NONE,NONE,NONE,NONE,DB_DOUGH,NONE,NONE
MC_BOUND_CRATER_DOUGH_V_LAYER_01,11,5,G_DOUGH_SOLID,NONE,NONE,NONE,NONE,DB_DOUGH,NONE,NONE
MC_BOUND_CRATER_DOUGH_V_LAYER_01,0,6,G_DOUGH_SOLID,NONE,NONE,NONE,NONE,DB_DOUGH,NONE,NONE
MC_BOUND_CRATER_DOUGH_V_LAYER_01,1,6,NONE,NONE,NONE,NONE,NONE,DB_DOUGH,NONE,NONE
MC_BOUND_CRATER_DOUGH_V_LAYER_01,2,6,NONE,NONE,NONE,NONE,NONE,DB_DOUGH,NONE,NONE
MC_BOUND_CRATER_DOUGH_V_LAYER_01,3,6,NONE,NONE,NONE,NONE,NONE,DB_DOUGH,NONE,NONE
MC_BOUND_CRATER_DOUGH_V_LAYER_01,4,6,NONE,NONE,NONE,NONE,NONE,DB_DOUGH,NONE,NONE
MC_BOUND_CRATER_DOUGH_V_LAYER_01,5,6,NONE,NONE,NONE,NONE,NONE,DB_DOUGH,NONE,M_ROUTE_MAIN
MC_BOUND_CRATER_DOUGH_V_LAYER_01,6,6,NONE,NONE,NONE,NONE,NONE,DB_DOUGH,NONE,M_ROUTE_MAIN
MC_BOUND_CRATER_DOUGH_V_LAYER_01,7,6,NONE,NONE,NONE,NONE,NONE,DB_DOUGH,NONE,NONE
MC_BOUND_CRATER_DOUGH_V_LAYER_01,8,6,NONE,NONE,NONE,NONE,NONE,DB_DOUGH,NONE,NONE
MC_BOUND_CRATER_DOUGH_V_LAYER_01,9,6,NONE,NONE,NONE,NONE,NONE,DB_DOUGH,NONE,NONE
MC_BOUND_CRATER_DOUGH_V_LAYER_01,10,6,NONE,NONE,NONE,NONE,NONE,DB_DOUGH,NONE,NONE
MC_BOUND_CRATER_DOUGH_V_LAYER_01,11,6,G_DOUGH_SOLID,NONE,NONE,NONE,NONE,DB_DOUGH,NONE,NONE
MC_BOUND_CRATER_DOUGH_V_LAYER_01,0,7,G_DOUGH_SOLID,NONE,NONE,NONE,NONE,DB_DOUGH,NONE,NONE
MC_BOUND_CRATER_DOUGH_V_LAYER_01,1,7,NONE,NONE,NONE,NONE,NONE,DB_DOUGH,NONE,NONE
MC_BOUND_CRATER_DOUGH_V_LAYER_01,2,7,NONE,NONE,NONE,NONE,NONE,DB_DOUGH,NONE,NONE
MC_BOUND_CRATER_DOUGH_V_LAYER_01,3,7,NONE,NONE,NONE,NONE,NONE,DB_DOUGH,NONE,NONE
MC_BOUND_CRATER_DOUGH_V_LAYER_01,4,7,NONE,NONE,NONE,NONE,NONE,DB_DOUGH,NONE,NONE
MC_BOUND_CRATER_DOUGH_V_LAYER_01,5,7,NONE,NONE,NONE,NONE,NONE,DB_DOUGH,NONE,M_SOCKET
MC_BOUND_CRATER_DOUGH_V_LAYER_01,6,7,NONE,NONE,NONE,NONE,NONE,DB_DOUGH,NONE,M_SOCKET
MC_BOUND_CRATER_DOUGH_V_LAYER_01,7,7,NONE,NONE,NONE,NONE,NONE,DB_DOUGH,NONE,NONE
MC_BOUND_CRATER_DOUGH_V_LAYER_01,8,7,NONE,NONE,NONE,NONE,NONE,DB_DOUGH,NONE,NONE
MC_BOUND_CRATER_DOUGH_V_LAYER_01,9,7,NONE,NONE,NONE,NONE,NONE,DB_DOUGH,NONE,NONE
MC_BOUND_CRATER_DOUGH_V_LAYER_01,10,7,NONE,NONE,NONE,NONE,NONE,DB_DOUGH,NONE,NONE
MC_BOUND_CRATER_DOUGH_V_LAYER_01,11,7,G_DOUGH_SOLID,NONE,NONE,NONE,NONE,DB_DOUGH,NONE,NONE
MC_BOUND_CRATER_DOUGH_H_SOFT_01,0,0,G_MOON_ROCK,NONE,NONE,NONE,NONE,DB_CRATER,NONE,NONE
MC_BOUND_CRATER_DOUGH_H_SOFT_01,1,0,G_MOON_ROCK,NONE,NONE,NONE,NONE,DB_CRATER,NONE,NONE
MC_BOUND_CRATER_DOUGH_H_SOFT_01,2,0,G_MOON_ROCK,NONE,NONE,NONE,NONE,DB_CRATER,NONE,NONE
MC_BOUND_CRATER_DOUGH_H_SOFT_01,3,0,G_MOON_ROCK,NONE,NONE,NONE,NONE,DB_CRATER,NONE,NONE
MC_BOUND_CRATER_DOUGH_H_SOFT_01,4,0,G_MOON_ROCK,NONE,NONE,NONE,NONE,DB_CRATER,NONE,NONE
MC_BOUND_CRATER_DOUGH_H_SOFT_01,5,0,G_MOON_ROCK,NONE,NONE,NONE,NONE,DB_CRATER,NONE,NONE
MC_BOUND_CRATER_DOUGH_H_SOFT_01,6,0,G_DOUGH_SOLID,NONE,NONE,NONE,NONE,DB_DOUGH,NONE,NONE
MC_BOUND_CRATER_DOUGH_H_SOFT_01,7,0,G_DOUGH_SOLID,NONE,NONE,NONE,NONE,DB_DOUGH,NONE,NONE
MC_BOUND_CRATER_DOUGH_H_SOFT_01,8,0,G_DOUGH_SOLID,NONE,NONE,NONE,NONE,DB_DOUGH,NONE,NONE
MC_BOUND_CRATER_DOUGH_H_SOFT_01,9,0,G_DOUGH_SOLID,NONE,NONE,NONE,NONE,DB_DOUGH,NONE,NONE
MC_BOUND_CRATER_DOUGH_H_SOFT_01,10,0,G_DOUGH_SOLID,NONE,NONE,NONE,NONE,DB_DOUGH,NONE,NONE
MC_BOUND_CRATER_DOUGH_H_SOFT_01,11,0,G_DOUGH_SOLID,NONE,NONE,NONE,NONE,DB_DOUGH,NONE,NONE
MC_BOUND_CRATER_DOUGH_H_SOFT_01,0,1,NONE,NONE,NONE,NONE,NONE,DB_CRATER,NONE,M_ROUTE_MAIN
MC_BOUND_CRATER_DOUGH_H_SOFT_01,1,1,NONE,NONE,NONE,NONE,NONE,DB_CRATER,NONE,M_ROUTE_MAIN
MC_BOUND_CRATER_DOUGH_H_SOFT_01,2,1,NONE,NONE,NONE,NONE,NONE,DB_CRATER,NONE,M_ROUTE_MAIN
MC_BOUND_CRATER_DOUGH_H_SOFT_01,3,1,NONE,NONE,NONE,NONE,NONE,DB_CRATER,NONE,M_ROUTE_MAIN
MC_BOUND_CRATER_DOUGH_H_SOFT_01,4,1,NONE,NONE,NONE,NONE,NONE,DB_CRATER,NONE,M_ROUTE_MAIN
MC_BOUND_CRATER_DOUGH_H_SOFT_01,5,1,NONE,NONE,NONE,NONE,NONE,DB_CRATER,NONE,M_ROUTE_MAIN
MC_BOUND_CRATER_DOUGH_H_SOFT_01,6,1,NONE,NONE,NONE,NONE,NONE,DB_DOUGH,NONE,M_ROUTE_MAIN
MC_BOUND_CRATER_DOUGH_H_SOFT_01,7,1,NONE,NONE,NONE,NONE,NONE,DB_DOUGH,NONE,M_ROUTE_MAIN
MC_BOUND_CRATER_DOUGH_H_SOFT_01,8,1,NONE,NONE,NONE,NONE,NONE,DB_DOUGH,NONE,M_ROUTE_MAIN
MC_BOUND_CRATER_DOUGH_H_SOFT_01,9,1,NONE,NONE,NONE,NONE,NONE,DB_DOUGH,NONE,M_ROUTE_MAIN
MC_BOUND_CRATER_DOUGH_H_SOFT_01,10,1,NONE,NONE,NONE,NONE,NONE,DB_DOUGH,NONE,M_ROUTE_MAIN
MC_BOUND_CRATER_DOUGH_H_SOFT_01,11,1,NONE,NONE,NONE,NONE,NONE,DB_DOUGH,NONE,M_ROUTE_MAIN
MC_BOUND_CRATER_DOUGH_H_SOFT_01,0,2,NONE,NONE,NONE,NONE,NONE,DB_CRATER,NONE,NONE
MC_BOUND_CRATER_DOUGH_H_SOFT_01,1,2,NONE,NONE,NONE,NONE,NONE,DB_CRATER,NONE,NONE
MC_BOUND_CRATER_DOUGH_H_SOFT_01,2,2,NONE,NONE,NONE,NONE,NONE,DB_CRATER,NONE,NONE
MC_BOUND_CRATER_DOUGH_H_SOFT_01,3,2,NONE,NONE,NONE,NONE,NONE,DB_CRATER,NONE,NONE
MC_BOUND_CRATER_DOUGH_H_SOFT_01,4,2,NONE,NONE,NONE,NONE,NONE,DB_CRATER,NONE,NONE
MC_BOUND_CRATER_DOUGH_H_SOFT_01,5,2,NONE,NONE,NONE,NONE,NONE,DB_CRATER,NONE,NONE
MC_BOUND_CRATER_DOUGH_H_SOFT_01,6,2,NONE,NONE,NONE,NONE,NONE,DB_DOUGH,NONE,NONE
MC_BOUND_CRATER_DOUGH_H_SOFT_01,7,2,NONE,NONE,NONE,NONE,NONE,DB_DOUGH,NONE,NONE
MC_BOUND_CRATER_DOUGH_H_SOFT_01,8,2,NONE,NONE,NONE,NONE,NONE,DB_DOUGH,NONE,NONE
MC_BOUND_CRATER_DOUGH_H_SOFT_01,9,2,NONE,NONE,NONE,NONE,NONE,DB_DOUGH,NONE,NONE
MC_BOUND_CRATER_DOUGH_H_SOFT_01,10,2,NONE,NONE,NONE,NONE,NONE,DB_DOUGH,NONE,NONE
MC_BOUND_CRATER_DOUGH_H_SOFT_01,11,2,NONE,NONE,NONE,NONE,NONE,DB_DOUGH,NONE,NONE
MC_BOUND_CRATER_DOUGH_H_SOFT_01,0,3,NONE,NONE,NONE,NONE,NONE,DB_CRATER,NONE,M_SOCKET
MC_BOUND_CRATER_DOUGH_H_SOFT_01,1,3,NONE,NONE,NONE,NONE,NONE,DB_CRATER,NONE,NONE
MC_BOUND_CRATER_DOUGH_H_SOFT_01,2,3,NONE,NONE,NONE,NONE,NONE,DB_CRATER,NONE,NONE
MC_BOUND_CRATER_DOUGH_H_SOFT_01,3,3,NONE,NONE,NONE,NONE,NONE,DB_CRATER,NONE,NONE
MC_BOUND_CRATER_DOUGH_H_SOFT_01,4,3,NONE,NONE,NONE,NONE,NONE,DB_CRATER,NONE,NONE
MC_BOUND_CRATER_DOUGH_H_SOFT_01,5,3,NONE,NONE,NONE,NONE,NONE,DB_CRATER,NONE,NONE
MC_BOUND_CRATER_DOUGH_H_SOFT_01,6,3,NONE,NONE,NONE,NONE,NONE,DB_DOUGH,NONE,NONE
MC_BOUND_CRATER_DOUGH_H_SOFT_01,7,3,NONE,NONE,NONE,NONE,NONE,DB_DOUGH,NONE,NONE
MC_BOUND_CRATER_DOUGH_H_SOFT_01,8,3,NONE,NONE,NONE,NONE,NONE,DB_DOUGH,NONE,NONE
MC_BOUND_CRATER_DOUGH_H_SOFT_01,9,3,NONE,NONE,NONE,NONE,NONE,DB_DOUGH,NONE,NONE
MC_BOUND_CRATER_DOUGH_H_SOFT_01,10,3,NONE,NONE,NONE,NONE,NONE,DB_DOUGH,NONE,NONE
MC_BOUND_CRATER_DOUGH_H_SOFT_01,11,3,NONE,NONE,NONE,NONE,NONE,DB_DOUGH,NONE,M_SOCKET
MC_BOUND_CRATER_DOUGH_H_SOFT_01,0,4,NONE,NONE,NONE,NONE,NONE,DB_CRATER,NONE,M_SOCKET
MC_BOUND_CRATER_DOUGH_H_SOFT_01,1,4,NONE,NONE,NONE,NONE,NONE,DB_CRATER,NONE,NONE
MC_BOUND_CRATER_DOUGH_H_SOFT_01,2,4,NONE,NONE,NONE,NONE,NONE,DB_CRATER,NONE,NONE
MC_BOUND_CRATER_DOUGH_H_SOFT_01,3,4,NONE,NONE,NONE,NONE,NONE,DB_CRATER,NONE,NONE
MC_BOUND_CRATER_DOUGH_H_SOFT_01,4,4,NONE,NONE,NONE,NONE,NONE,DB_CRATER,NONE,NONE
MC_BOUND_CRATER_DOUGH_H_SOFT_01,5,4,NONE,NONE,NONE,NONE,NONE,DB_CRATER,NONE,NONE
MC_BOUND_CRATER_DOUGH_H_SOFT_01,6,4,NONE,NONE,NONE,NONE,NONE,DB_DOUGH,NONE,NONE
MC_BOUND_CRATER_DOUGH_H_SOFT_01,7,4,NONE,NONE,NONE,NONE,NONE,DB_DOUGH,NONE,NONE
MC_BOUND_CRATER_DOUGH_H_SOFT_01,8,4,NONE,NONE,NONE,NONE,NONE,DB_DOUGH,NONE,NONE
MC_BOUND_CRATER_DOUGH_H_SOFT_01,9,4,NONE,NONE,NONE,NONE,NONE,DB_DOUGH,NONE,NONE
MC_BOUND_CRATER_DOUGH_H_SOFT_01,10,4,NONE,NONE,NONE,NONE,NONE,DB_DOUGH,NONE,NONE
MC_BOUND_CRATER_DOUGH_H_SOFT_01,11,4,NONE,NONE,NONE,NONE,NONE,DB_DOUGH,NONE,M_SOCKET
MC_BOUND_CRATER_DOUGH_H_SOFT_01,0,5,NONE,NONE,NONE,NONE,NONE,DB_CRATER,NONE,NONE
MC_BOUND_CRATER_DOUGH_H_SOFT_01,1,5,NONE,NONE,NONE,NONE,NONE,DB_CRATER,NONE,NONE
MC_BOUND_CRATER_DOUGH_H_SOFT_01,2,5,NONE,NONE,NONE,NONE,NONE,DB_CRATER,NONE,NONE
MC_BOUND_CRATER_DOUGH_H_SOFT_01,3,5,NONE,NONE,NONE,NONE,NONE,DB_CRATER,NONE,NONE
MC_BOUND_CRATER_DOUGH_H_SOFT_01,4,5,NONE,NONE,NONE,NONE,NONE,DB_CRATER,NONE,NONE
MC_BOUND_CRATER_DOUGH_H_SOFT_01,5,5,NONE,NONE,NONE,NONE,NONE,DB_CRATER,NONE,NONE
MC_BOUND_CRATER_DOUGH_H_SOFT_01,6,5,NONE,NONE,NONE,NONE,NONE,DB_DOUGH,NONE,NONE
MC_BOUND_CRATER_DOUGH_H_SOFT_01,7,5,NONE,NONE,NONE,NONE,NONE,DB_DOUGH,NONE,NONE
MC_BOUND_CRATER_DOUGH_H_SOFT_01,8,5,NONE,NONE,NONE,NONE,NONE,DB_DOUGH,NONE,NONE
MC_BOUND_CRATER_DOUGH_H_SOFT_01,9,5,NONE,NONE,NONE,NONE,NONE,DB_DOUGH,NONE,NONE
MC_BOUND_CRATER_DOUGH_H_SOFT_01,10,5,NONE,NONE,NONE,NONE,NONE,DB_DOUGH,NONE,NONE
MC_BOUND_CRATER_DOUGH_H_SOFT_01,11,5,NONE,NONE,NONE,NONE,NONE,DB_DOUGH,NONE,NONE
MC_BOUND_CRATER_DOUGH_H_SOFT_01,0,6,NONE,NONE,NONE,NONE,NONE,DB_CRATER,NONE,NONE
MC_BOUND_CRATER_DOUGH_H_SOFT_01,1,6,NONE,NONE,NONE,NONE,NONE,DB_CRATER,NONE,NONE
MC_BOUND_CRATER_DOUGH_H_SOFT_01,2,6,NONE,NONE,NONE,NONE,NONE,DB_CRATER,NONE,NONE
MC_BOUND_CRATER_DOUGH_H_SOFT_01,3,6,NONE,NONE,NONE,NONE,NONE,DB_CRATER,NONE,NONE
MC_BOUND_CRATER_DOUGH_H_SOFT_01,4,6,NONE,NONE,NONE,NONE,NONE,DB_CRATER,NONE,NONE
MC_BOUND_CRATER_DOUGH_H_SOFT_01,5,6,NONE,NONE,NONE,NONE,NONE,DB_CRATER,NONE,NONE
MC_BOUND_CRATER_DOUGH_H_SOFT_01,6,6,NONE,NONE,NONE,NONE,NONE,DB_DOUGH,NONE,NONE
MC_BOUND_CRATER_DOUGH_H_SOFT_01,7,6,NONE,NONE,NONE,NONE,NONE,DB_DOUGH,NONE,NONE
MC_BOUND_CRATER_DOUGH_H_SOFT_01,8,6,NONE,NONE,NONE,NONE,NONE,DB_DOUGH,NONE,NONE
MC_BOUND_CRATER_DOUGH_H_SOFT_01,9,6,NONE,NONE,NONE,NONE,NONE,DB_DOUGH,NONE,NONE
MC_BOUND_CRATER_DOUGH_H_SOFT_01,10,6,NONE,NONE,NONE,NONE,NONE,DB_DOUGH,NONE,NONE
MC_BOUND_CRATER_DOUGH_H_SOFT_01,11,6,NONE,NONE,NONE,NONE,NONE,DB_DOUGH,NONE,NONE
MC_BOUND_CRATER_DOUGH_H_SOFT_01,0,7,NONE,NONE,NONE,NONE,NONE,DB_CRATER,NONE,NONE
MC_BOUND_CRATER_DOUGH_H_SOFT_01,1,7,NONE,NONE,NONE,NONE,NONE,DB_CRATER,NONE,NONE
MC_BOUND_CRATER_DOUGH_H_SOFT_01,2,7,NONE,NONE,NONE,NONE,NONE,DB_CRATER,NONE,NONE
MC_BOUND_CRATER_DOUGH_H_SOFT_01,3,7,NONE,NONE,NONE,NONE,NONE,DB_CRATER,NONE,NONE
MC_BOUND_CRATER_DOUGH_H_SOFT_01,4,7,NONE,NONE,NONE,NONE,NONE,DB_CRATER,NONE,NONE
MC_BOUND_CRATER_DOUGH_H_SOFT_01,5,7,NONE,NONE,NONE,NONE,NONE,DB_CRATER,NONE,NONE
MC_BOUND_CRATER_DOUGH_H_SOFT_01,6,7,NONE,NONE,NONE,NONE,NONE,DB_DOUGH,NONE,NONE
MC_BOUND_CRATER_DOUGH_H_SOFT_01,7,7,NONE,NONE,NONE,NONE,NONE,DB_DOUGH,NONE,NONE
MC_BOUND_CRATER_DOUGH_H_SOFT_01,8,7,NONE,NONE,NONE,NONE,NONE,DB_DOUGH,NONE,NONE
MC_BOUND_CRATER_DOUGH_H_SOFT_01,9,7,NONE,NONE,NONE,NONE,NONE,DB_DOUGH,NONE,NONE
MC_BOUND_CRATER_DOUGH_H_SOFT_01,10,7,NONE,NONE,NONE,NONE,NONE,DB_DOUGH,NONE,NONE
MC_BOUND_CRATER_DOUGH_H_SOFT_01,11,7,NONE,NONE,NONE,NONE,NONE,DB_DOUGH,NONE,NONE
MC_BOUND_CRATER_DOUGH_V_SOFT_01,0,0,G_MOON_ROCK,NONE,NONE,NONE,NONE,DB_CRATER,NONE,NONE
MC_BOUND_CRATER_DOUGH_V_SOFT_01,1,0,NONE,NONE,NONE,NONE,NONE,DB_CRATER,NONE,NONE
MC_BOUND_CRATER_DOUGH_V_SOFT_01,2,0,NONE,NONE,NONE,NONE,NONE,DB_CRATER,NONE,NONE
MC_BOUND_CRATER_DOUGH_V_SOFT_01,3,0,NONE,NONE,NONE,NONE,NONE,DB_CRATER,NONE,NONE
MC_BOUND_CRATER_DOUGH_V_SOFT_01,4,0,NONE,NONE,NONE,NONE,NONE,DB_CRATER,NONE,NONE
MC_BOUND_CRATER_DOUGH_V_SOFT_01,5,0,NONE,NONE,NONE,NONE,NONE,DB_CRATER,NONE,M_SOCKET
MC_BOUND_CRATER_DOUGH_V_SOFT_01,6,0,NONE,NONE,NONE,NONE,NONE,DB_CRATER,NONE,M_SOCKET
MC_BOUND_CRATER_DOUGH_V_SOFT_01,7,0,NONE,NONE,NONE,NONE,NONE,DB_CRATER,NONE,NONE
MC_BOUND_CRATER_DOUGH_V_SOFT_01,8,0,NONE,NONE,NONE,NONE,NONE,DB_CRATER,NONE,NONE
MC_BOUND_CRATER_DOUGH_V_SOFT_01,9,0,NONE,NONE,NONE,NONE,NONE,DB_CRATER,NONE,NONE
MC_BOUND_CRATER_DOUGH_V_SOFT_01,10,0,NONE,NONE,NONE,NONE,NONE,DB_CRATER,NONE,NONE
MC_BOUND_CRATER_DOUGH_V_SOFT_01,11,0,G_MOON_ROCK,NONE,NONE,NONE,NONE,DB_CRATER,NONE,NONE
MC_BOUND_CRATER_DOUGH_V_SOFT_01,0,1,G_MOON_ROCK,NONE,NONE,NONE,NONE,DB_CRATER,NONE,NONE
MC_BOUND_CRATER_DOUGH_V_SOFT_01,1,1,NONE,NONE,NONE,NONE,NONE,DB_CRATER,NONE,NONE
MC_BOUND_CRATER_DOUGH_V_SOFT_01,2,1,NONE,NONE,NONE,NONE,NONE,DB_CRATER,NONE,NONE
MC_BOUND_CRATER_DOUGH_V_SOFT_01,3,1,NONE,NONE,NONE,NONE,NONE,DB_CRATER,NONE,NONE
MC_BOUND_CRATER_DOUGH_V_SOFT_01,4,1,NONE,NONE,NONE,NONE,NONE,DB_CRATER,NONE,NONE
MC_BOUND_CRATER_DOUGH_V_SOFT_01,5,1,NONE,NONE,NONE,NONE,NONE,DB_CRATER,NONE,M_ROUTE_MAIN
MC_BOUND_CRATER_DOUGH_V_SOFT_01,6,1,NONE,NONE,NONE,NONE,NONE,DB_CRATER,NONE,M_ROUTE_MAIN
MC_BOUND_CRATER_DOUGH_V_SOFT_01,7,1,NONE,NONE,NONE,NONE,NONE,DB_CRATER,NONE,NONE
MC_BOUND_CRATER_DOUGH_V_SOFT_01,8,1,NONE,NONE,NONE,NONE,NONE,DB_CRATER,NONE,NONE
MC_BOUND_CRATER_DOUGH_V_SOFT_01,9,1,NONE,NONE,NONE,NONE,NONE,DB_CRATER,NONE,NONE
MC_BOUND_CRATER_DOUGH_V_SOFT_01,10,1,NONE,NONE,NONE,NONE,NONE,DB_CRATER,NONE,NONE
MC_BOUND_CRATER_DOUGH_V_SOFT_01,11,1,G_MOON_ROCK,NONE,NONE,NONE,NONE,DB_CRATER,NONE,NONE
MC_BOUND_CRATER_DOUGH_V_SOFT_01,0,2,G_MOON_ROCK,NONE,NONE,NONE,NONE,DB_CRATER,NONE,NONE
MC_BOUND_CRATER_DOUGH_V_SOFT_01,1,2,NONE,NONE,NONE,NONE,NONE,DB_CRATER,NONE,NONE
MC_BOUND_CRATER_DOUGH_V_SOFT_01,2,2,NONE,NONE,NONE,NONE,NONE,DB_CRATER,NONE,NONE
MC_BOUND_CRATER_DOUGH_V_SOFT_01,3,2,NONE,NONE,NONE,NONE,NONE,DB_CRATER,NONE,NONE
MC_BOUND_CRATER_DOUGH_V_SOFT_01,4,2,NONE,NONE,NONE,NONE,NONE,DB_CRATER,NONE,NONE
MC_BOUND_CRATER_DOUGH_V_SOFT_01,5,2,NONE,NONE,NONE,NONE,NONE,DB_CRATER,NONE,M_ROUTE_MAIN
MC_BOUND_CRATER_DOUGH_V_SOFT_01,6,2,NONE,NONE,NONE,NONE,NONE,DB_CRATER,NONE,M_ROUTE_MAIN
MC_BOUND_CRATER_DOUGH_V_SOFT_01,7,2,NONE,NONE,NONE,NONE,NONE,DB_CRATER,NONE,NONE
MC_BOUND_CRATER_DOUGH_V_SOFT_01,8,2,NONE,NONE,NONE,NONE,NONE,DB_CRATER,NONE,NONE
MC_BOUND_CRATER_DOUGH_V_SOFT_01,9,2,NONE,NONE,NONE,NONE,NONE,DB_CRATER,NONE,NONE
MC_BOUND_CRATER_DOUGH_V_SOFT_01,10,2,NONE,NONE,NONE,NONE,NONE,DB_CRATER,NONE,NONE
MC_BOUND_CRATER_DOUGH_V_SOFT_01,11,2,G_MOON_ROCK,NONE,NONE,NONE,NONE,DB_CRATER,NONE,NONE
MC_BOUND_CRATER_DOUGH_V_SOFT_01,0,3,G_MOON_ROCK,NONE,NONE,NONE,NONE,DB_CRATER,NONE,NONE
MC_BOUND_CRATER_DOUGH_V_SOFT_01,1,3,NONE,NONE,NONE,NONE,NONE,DB_CRATER,NONE,NONE
MC_BOUND_CRATER_DOUGH_V_SOFT_01,2,3,NONE,NONE,NONE,NONE,NONE,DB_CRATER,NONE,NONE
MC_BOUND_CRATER_DOUGH_V_SOFT_01,3,3,NONE,NONE,NONE,NONE,NONE,DB_CRATER,NONE,NONE
MC_BOUND_CRATER_DOUGH_V_SOFT_01,4,3,NONE,NONE,NONE,NONE,NONE,DB_CRATER,NONE,NONE
MC_BOUND_CRATER_DOUGH_V_SOFT_01,5,3,NONE,NONE,NONE,NONE,NONE,DB_CRATER,NONE,M_ROUTE_MAIN
MC_BOUND_CRATER_DOUGH_V_SOFT_01,6,3,NONE,NONE,NONE,NONE,NONE,DB_CRATER,NONE,M_ROUTE_MAIN
MC_BOUND_CRATER_DOUGH_V_SOFT_01,7,3,NONE,NONE,NONE,NONE,NONE,DB_CRATER,NONE,NONE
MC_BOUND_CRATER_DOUGH_V_SOFT_01,8,3,NONE,NONE,NONE,NONE,NONE,DB_CRATER,NONE,NONE
MC_BOUND_CRATER_DOUGH_V_SOFT_01,9,3,NONE,NONE,NONE,NONE,NONE,DB_CRATER,NONE,NONE
MC_BOUND_CRATER_DOUGH_V_SOFT_01,10,3,NONE,NONE,NONE,NONE,NONE,DB_CRATER,NONE,NONE
MC_BOUND_CRATER_DOUGH_V_SOFT_01,11,3,G_MOON_ROCK,NONE,NONE,NONE,NONE,DB_CRATER,NONE,NONE
MC_BOUND_CRATER_DOUGH_V_SOFT_01,0,4,G_DOUGH_SOLID,NONE,NONE,NONE,NONE,DB_DOUGH,NONE,NONE
MC_BOUND_CRATER_DOUGH_V_SOFT_01,1,4,NONE,NONE,NONE,NONE,NONE,DB_DOUGH,NONE,NONE
MC_BOUND_CRATER_DOUGH_V_SOFT_01,2,4,NONE,NONE,NONE,NONE,NONE,DB_DOUGH,NONE,NONE
MC_BOUND_CRATER_DOUGH_V_SOFT_01,3,4,NONE,NONE,NONE,NONE,NONE,DB_DOUGH,NONE,NONE
MC_BOUND_CRATER_DOUGH_V_SOFT_01,4,4,NONE,NONE,NONE,NONE,NONE,DB_DOUGH,NONE,NONE
MC_BOUND_CRATER_DOUGH_V_SOFT_01,5,4,NONE,NONE,NONE,NONE,NONE,DB_DOUGH,NONE,M_ROUTE_MAIN
MC_BOUND_CRATER_DOUGH_V_SOFT_01,6,4,NONE,NONE,NONE,NONE,NONE,DB_DOUGH,NONE,M_ROUTE_MAIN
MC_BOUND_CRATER_DOUGH_V_SOFT_01,7,4,NONE,NONE,NONE,NONE,NONE,DB_DOUGH,NONE,NONE
MC_BOUND_CRATER_DOUGH_V_SOFT_01,8,4,NONE,NONE,NONE,NONE,NONE,DB_DOUGH,NONE,NONE
MC_BOUND_CRATER_DOUGH_V_SOFT_01,9,4,NONE,NONE,NONE,NONE,NONE,DB_DOUGH,NONE,NONE
MC_BOUND_CRATER_DOUGH_V_SOFT_01,10,4,NONE,NONE,NONE,NONE,NONE,DB_DOUGH,NONE,NONE
MC_BOUND_CRATER_DOUGH_V_SOFT_01,11,4,G_DOUGH_SOLID,NONE,NONE,NONE,NONE,DB_DOUGH,NONE,NONE
MC_BOUND_CRATER_DOUGH_V_SOFT_01,0,5,G_DOUGH_SOLID,NONE,NONE,NONE,NONE,DB_DOUGH,NONE,NONE
MC_BOUND_CRATER_DOUGH_V_SOFT_01,1,5,NONE,NONE,NONE,NONE,NONE,DB_DOUGH,NONE,NONE
MC_BOUND_CRATER_DOUGH_V_SOFT_01,2,5,NONE,NONE,NONE,NONE,NONE,DB_DOUGH,NONE,NONE
MC_BOUND_CRATER_DOUGH_V_SOFT_01,3,5,NONE,NONE,NONE,NONE,NONE,DB_DOUGH,NONE,NONE
MC_BOUND_CRATER_DOUGH_V_SOFT_01,4,5,NONE,NONE,NONE,NONE,NONE,DB_DOUGH,NONE,NONE
MC_BOUND_CRATER_DOUGH_V_SOFT_01,5,5,NONE,NONE,NONE,NONE,NONE,DB_DOUGH,NONE,M_ROUTE_MAIN
MC_BOUND_CRATER_DOUGH_V_SOFT_01,6,5,NONE,NONE,NONE,NONE,NONE,DB_DOUGH,NONE,M_ROUTE_MAIN
MC_BOUND_CRATER_DOUGH_V_SOFT_01,7,5,NONE,NONE,NONE,NONE,NONE,DB_DOUGH,NONE,NONE
MC_BOUND_CRATER_DOUGH_V_SOFT_01,8,5,NONE,NONE,NONE,NONE,NONE,DB_DOUGH,NONE,NONE
MC_BOUND_CRATER_DOUGH_V_SOFT_01,9,5,NONE,NONE,NONE,NONE,NONE,DB_DOUGH,NONE,NONE
MC_BOUND_CRATER_DOUGH_V_SOFT_01,10,5,NONE,NONE,NONE,NONE,NONE,DB_DOUGH,NONE,NONE
MC_BOUND_CRATER_DOUGH_V_SOFT_01,11,5,G_DOUGH_SOLID,NONE,NONE,NONE,NONE,DB_DOUGH,NONE,NONE
MC_BOUND_CRATER_DOUGH_V_SOFT_01,0,6,G_DOUGH_SOLID,NONE,NONE,NONE,NONE,DB_DOUGH,NONE,NONE
MC_BOUND_CRATER_DOUGH_V_SOFT_01,1,6,NONE,NONE,NONE,NONE,NONE,DB_DOUGH,NONE,NONE
MC_BOUND_CRATER_DOUGH_V_SOFT_01,2,6,NONE,NONE,NONE,NONE,NONE,DB_DOUGH,NONE,NONE
MC_BOUND_CRATER_DOUGH_V_SOFT_01,3,6,NONE,NONE,NONE,NONE,NONE,DB_DOUGH,NONE,NONE
MC_BOUND_CRATER_DOUGH_V_SOFT_01,4,6,NONE,NONE,NONE,NONE,NONE,DB_DOUGH,NONE,NONE
MC_BOUND_CRATER_DOUGH_V_SOFT_01,5,6,NONE,NONE,NONE,NONE,NONE,DB_DOUGH,NONE,M_ROUTE_MAIN
MC_BOUND_CRATER_DOUGH_V_SOFT_01,6,6,NONE,NONE,NONE,NONE,NONE,DB_DOUGH,NONE,M_ROUTE_MAIN
MC_BOUND_CRATER_DOUGH_V_SOFT_01,7,6,NONE,NONE,NONE,NONE,NONE,DB_DOUGH,NONE,NONE
MC_BOUND_CRATER_DOUGH_V_SOFT_01,8,6,NONE,NONE,NONE,NONE,NONE,DB_DOUGH,NONE,NONE
MC_BOUND_CRATER_DOUGH_V_SOFT_01,9,6,NONE,NONE,NONE,NONE,NONE,DB_DOUGH,NONE,NONE
MC_BOUND_CRATER_DOUGH_V_SOFT_01,10,6,NONE,NONE,NONE,NONE,NONE,DB_DOUGH,NONE,NONE
MC_BOUND_CRATER_DOUGH_V_SOFT_01,11,6,G_DOUGH_SOLID,NONE,NONE,NONE,NONE,DB_DOUGH,NONE,NONE
MC_BOUND_CRATER_DOUGH_V_SOFT_01,0,7,G_DOUGH_SOLID,NONE,NONE,NONE,NONE,DB_DOUGH,NONE,NONE
MC_BOUND_CRATER_DOUGH_V_SOFT_01,1,7,NONE,NONE,NONE,NONE,NONE,DB_DOUGH,NONE,NONE
MC_BOUND_CRATER_DOUGH_V_SOFT_01,2,7,NONE,NONE,NONE,NONE,NONE,DB_DOUGH,NONE,NONE
MC_BOUND_CRATER_DOUGH_V_SOFT_01,3,7,NONE,NONE,NONE,NONE,NONE,DB_DOUGH,NONE,NONE
MC_BOUND_CRATER_DOUGH_V_SOFT_01,4,7,NONE,NONE,NONE,NONE,NONE,DB_DOUGH,NONE,NONE
MC_BOUND_CRATER_DOUGH_V_SOFT_01,5,7,NONE,NONE,NONE,NONE,NONE,DB_DOUGH,NONE,M_SOCKET
MC_BOUND_CRATER_DOUGH_V_SOFT_01,6,7,NONE,NONE,NONE,NONE,NONE,DB_DOUGH,NONE,M_SOCKET
MC_BOUND_CRATER_DOUGH_V_SOFT_01,7,7,NONE,NONE,NONE,NONE,NONE,DB_DOUGH,NONE,NONE
MC_BOUND_CRATER_DOUGH_V_SOFT_01,8,7,NONE,NONE,NONE,NONE,NONE,DB_DOUGH,NONE,NONE
MC_BOUND_CRATER_DOUGH_V_SOFT_01,9,7,NONE,NONE,NONE,NONE,NONE,DB_DOUGH,NONE,NONE
MC_BOUND_CRATER_DOUGH_V_SOFT_01,10,7,NONE,NONE,NONE,NONE,NONE,DB_DOUGH,NONE,NONE
MC_BOUND_CRATER_DOUGH_V_SOFT_01,11,7,G_DOUGH_SOLID,NONE,NONE,NONE,NONE,DB_DOUGH,NONE,NONE
